id,console-name,product-name,loose-price,cib-price,new-price,graded-price,box-only-price,manual-only-price,bgs-10-price,condition-17-price,condition-18-price,gamestop-price,gamestop-trade-price,retail-loose-buy,retail-loose-sell,retail-cib-buy,retail-cib-sell,retail-new-buy,retail-new-sell,upc,sales-volume,genre,tcg-id,asin,epid,release-date
6168664,Baseball Cards 2023 Topps Chrome Black Autographs,Adrian Beltre #CBA-ABE,$35.00,,$33.48,$45.00,$84.00,$85.34,$111.00,$51.00,$51.00,,,$15.60,$38.99,,,$14.80,$36.99,,17,,,,,2023-06-01
6169066,Baseball Cards 2023 Topps Chrome Black Autographs,Adrian Beltre [Gold Mini Diamond] #CBA-ABE,$42.00,,,$51.00,$56.00,,,,,,,$18.40,$45.99,,,,,,5,,,,,2023-06-01
6168966,Baseball Cards 2023 Topps Chrome Black Autographs,Adrian Beltre [Gold] #CBA-ABE,$45.00,,$41.66,$55.00,$108.00,$110.50,$144.00,$66.00,$66.00,,,$20.00,$49.99,,,$18.40,$45.99,,12,,,,,2023-06-01
6168866,Baseball Cards 2023 Topps Chrome Black Autographs,Adrian Beltre [Green] #CBA-ABE,$37.13,,$35.34,$39.00,$102.67,$154.37,$201.00,$93.00,$93.00,,,$16.40,$40.99,,,$15.60,$38.99,,14,,,,,2023-06-01
6169167,Baseball Cards 2023 Topps Chrome Black Autographs,Adrian Beltre [Orange] #CBA-ABE,$67.50,,,,,,,,,,,$29.60,$73.99,,,,,,5,,,,,2023-06-01
6169268,Baseball Cards 2023 Topps Chrome Black Autographs,Adrian Beltre [Red] #CBA-ABE,,,,,,,,,,,,,,,,,,,0,,,,,2023-06-01
6168766,Baseball Cards 2023 Topps Chrome Black Autographs,Adrian Beltre [Refractor] #CBA-ABE,,,,,,,,,,,,,,,,,,,0,,,,,2023-06-01
6169368,Baseball Cards 2023 Topps Chrome Black Autographs,Adrian Beltre [Superfractor] #CBA-ABE,$425.00,,,,,,,,,,,$234.00,$468.00,,,,,,1,,,,,2023-06-01
6168665,Baseball Cards 2023 Topps Chrome Black Autographs,Alec Burleson #CBA-ABU,$16.55,,$21.29,$25.00,$27.00,$27.95,$36.00,$17.00,$17.00,,,$4.50,$17.99,,,$6.90,$22.99,,20,,,,,2023-06-01
6169067,Baseball Cards 2023 Topps Chrome Black Autographs,Alec Burleson [Gold Mini Diamond] #CBA-ABU,$40.00,,,,,,,,,,,$17.60,$43.99,,,,,,3,,,,,2023-06-01
6168967,Baseball Cards 2023 Topps Chrome Black Autographs,Alec Burleson [Gold] #CBA-ABU,$10.21,,,$18.50,$20.00,$56.00,$73.00,$34.00,$34.00,,,$2.80,$10.99,,,,,,3,,,,,2023-06-01
6168867,Baseball Cards 2023 Topps Chrome Black Autographs,Alec Burleson [Green] #CBA-ABU,$17.24,,,,,,,,,,,$4.80,$18.99,,,,,,3,,,,,2023-06-01
6169168,Baseball Cards 2023 Topps Chrome Black Autographs,Alec Burleson [Orange] #CBA-ABU,$55.00,,,,,,,,,,,$24.40,$60.99,,,,,,2,,,,,2023-06-01
6169269,Baseball Cards 2023 Topps Chrome Black Autographs,Alec Burleson [Red] #CBA-ABU,$100.00,,,,,,,,,,,$55.00,$110.00,,,,,,1,,,,,2023-06-01
6168767,Baseball Cards 2023 Topps Chrome Black Autographs,Alec Burleson [Refractor] #CBA-ABU,$19.39,,$20.80,$34.34,$35.00,$35.27,$46.00,$21.00,$21.00,,,$6.30,$20.99,,,$6.90,$22.99,,8,,,,,2023-06-01
6169369,Baseball Cards 2023 Topps Chrome Black Autographs,Alec Burleson [Superfractor] #CBA-ABU,$185.00,,,,,,,,,,,$102.00,$204.00,,,,,,1,,,,,2023-06-01
6168667,Baseball Cards 2023 Topps Chrome Black Autographs,Alek Manoah #CBA-AM,$4.25,,$8.46,$15.34,$29.44,$40.95,$53.00,$25.00,$25.00,,,$0.90,$4.69,,,$1.90,$9.29,,14,,,,,2023-06-01
6169069,Baseball Cards 2023 Topps Chrome Black Autographs,Alek Manoah [Gold Mini Diamond] #CBA-AM,$8.99,,,,,,,,,,,$2.00,$9.89,,,,,,1,,,,,2023-06-01
6168969,Baseball Cards 2023 Topps Chrome Black Autographs,Alek Manoah [Gold] #CBA-AM,$5.99,,$9.88,$17.53,$33.32,$45.45,$59.00,$27.00,$27.00,,,$1.30,$6.59,,,$2.80,$10.99,,6,,,,,2023-06-01
6168869,Baseball Cards 2023 Topps Chrome Black Autographs,Alek Manoah [Green] #CBA-AM,$2.61,,$7.13,$13.27,$25.79,$36.69,$48.00,$22.00,$22.00,,,,$2.89,,,$1.60,$7.79,,6,,,,,2023-06-01
6169170,Baseball Cards 2023 Topps Chrome Black Autographs,Alek Manoah [Orange] #CBA-AM,$8.56,,,$13.50,$15.00,,,,,,,$1.90,$9.39,,,,,,2,,,,,2023-06-01
6169271,Baseball Cards 2023 Topps Chrome Black Autographs,Alek Manoah [Red] #CBA-AM,$46.00,,,,,,,,,,,$20.40,$50.99,,,,,,1,,,,,2023-06-01
6168769,Baseball Cards 2023 Topps Chrome Black Autographs,Alek Manoah [Refractor] #CBA-AM,$5.83,,$9.72,$12.00,$32.84,$44.85,$58.00,$27.00,$27.00,,,$1.30,$6.39,,,$2.80,$10.99,,11,,,,,2023-06-01
6169371,Baseball Cards 2023 Topps Chrome Black Autographs,Alek Manoah [Superfractor] #CBA-AM,,,,,,,,,,,,,,,,,,,0,,,,,2023-06-01
6168666,Baseball Cards 2023 Topps Chrome Black Autographs,Andruw Jones #CBA-AJO,$28.49,,$29.34,$62.50,$69.00,$72.06,$94.00,$43.00,$43.00,,,$9.30,$30.99,,,$9.60,$31.99,,31,,,,,2023-06-01
6169068,Baseball Cards 2023 Topps Chrome Black Autographs,Andruw Jones [Gold Mini Diamond] #CBA-AJO,$46.67,,,,,,,,,,,$20.40,$50.99,,,,,,2,,,,,2023-06-01
6168968,Baseball Cards 2023 Topps Chrome Black Autographs,Andruw Jones [Gold] #CBA-AJO,$38.25,,$35.97,$45.00,$104.31,$127.57,$166.00,$77.00,$77.00,,,$16.80,$41.99,,,$16.00,$39.99,,7,,,,,2023-06-01
6168868,Baseball Cards 2023 Topps Chrome Black Autographs,Andruw Jones [Green] #CBA-AJO,$44.33,,$41.67,$46.00,$113.00,$115.00,$150.00,$69.00,$60.50,,,$19.60,$48.99,,,$18.40,$45.99,,11,,,,,2023-06-01
6169169,Baseball Cards 2023 Topps Chrome Black Autographs,Andruw Jones [Orange] #CBA-AJO,$47.92,,,$125.00,$138.00,,,,,,,$21.20,$52.99,,,,,,3,,,,,2023-06-01
6169270,Baseball Cards 2023 Topps Chrome Black Autographs,Andruw Jones [Red] #CBA-AJO,$110.00,,,$160.00,$176.00,,,,,,,$60.50,$121.00,,,,,,2,,,,,2023-06-01
6168768,Baseball Cards 2023 Topps Chrome Black Autographs,Andruw Jones [Refractor] #CBA-AJO,$29.99,,$29.44,$47.64,$86.55,$107.05,$139.00,$64.00,$64.00,,,$9.90,$32.99,,,$9.60,$31.99,,13,,,,,2023-06-01
6169370,Baseball Cards 2023 Topps Chrome Black Autographs,Andruw Jones [Superfractor] #CBA-AJO,,,,,,,,,,,,,,,,,,,0,,,,,2023-06-01
6168668,Baseball Cards 2023 Topps Chrome Black Autographs,Anthony Volpe #CBA-AV,$35.00,,$33.53,$75.00,$103.50,$270.00,$351.00,$162.00,$162.00,,,$15.60,$38.99,,,$14.80,$36.99,,13,,,,,2023-06-01
6169070,Baseball Cards 2023 Topps Chrome Black Autographs,Anthony Volpe [Gold Mini Diamond] #CBA-AV,$169.91,,,$379.02,$417.00,$455.00,$592.00,$273.00,$273.00,,,$93.50,$187.00,,,,,,5,,,,,2023-06-01
6168970,Baseball Cards 2023 Topps Chrome Black Autographs,Anthony Volpe [Gold] #CBA-AV,$125.76,,$107.53,$168.05,$196.00,$200.00,$260.00,$120.00,$217.00,,,$69.00,$138.00,,,$59.00,$118.00,,8,,,,,2023-06-01
6168870,Baseball Cards 2023 Topps Chrome Black Autographs,Anthony Volpe [Green] #CBA-AV,$130.00,,$110.97,$173.29,$204.00,$208.00,$270.00,$125.00,$125.00,,,$71.50,$143.00,,,$61.00,$122.00,,9,,,,,2023-06-01
6169171,Baseball Cards 2023 Topps Chrome Black Autographs,Anthony Volpe [Orange] #CBA-AV,$131.50,,,$224.95,$247.00,$341.00,$443.00,$205.00,$205.00,,,$72.50,$145.00,,,,,,5,,,,,2023-06-01
6177291,Baseball Cards 2023 Topps Chrome Black Autographs,Anthony Volpe [Red] #CBA-AV,$200.00,,$200.00,,,,,,,,,$110.00,$220.00,,,$110.00,$220.00,,2,,,,,2023-06-01
6168770,Baseball Cards 2023 Topps Chrome Black Autographs,Anthony Volpe [Refractor] #CBA-AV,$108.57,$50.00,$93.58,$146.42,$161.00,$164.39,$214.00,$99.00,$175.00,,,$59.50,$119.00,$22.00,$54.99,$51.50,$103.00,,14,,,,,2023-06-01
6169372,Baseball Cards 2023 Topps Chrome Black Autographs,Anthony Volpe [Superfractor] #CBA-AV,,,,,,,,,,,,,,,,,,,0,,,,,2023-06-01
6168671,Baseball Cards 2023 Topps Chrome Black Autographs,Bailey Falter #CBA-BF,$2.00,,$6.63,$12.51,$15.00,$15.50,$20.00,$9.00,$9.00,,,,$2.19,,,$1.50,$7.29,,14,,,,,2023-06-01
6169073,Baseball Cards 2023 Topps Chrome Black Autographs,Bailey Falter [Gold Mini Diamond] #CBA-BF,$5.01,,,,,,,,,,,$1.10,$5.49,,,,,,1,,,,,2023-06-01
6168973,Baseball Cards 2023 Topps Chrome Black Autographs,Bailey Falter [Gold] #CBA-BF,$6.93,,,,,,,,,,,$1.50,$7.59,,,,,,2,,,,,2023-06-01
6168873,Baseball Cards 2023 Topps Chrome Black Autographs,Bailey Falter [Green] #CBA-BF,$7.84,,,,,,,,,,,$1.70,$8.59,,,,,,4,,,,,2023-06-01
6169174,Baseball Cards 2023 Topps Chrome Black Autographs,Bailey Falter [Orange] #CBA-BF,$20.00,,,,,,,,,,,$6.60,$21.99,,,,,,3,,,,,2023-06-01
6169274,Baseball Cards 2023 Topps Chrome Black Autographs,Bailey Falter [Red] #CBA-BF,,,,,,$50.00,$65.00,$30.00,$30.00,,,,,,,,,,1,,,,,2023-06-01
6168773,Baseball Cards 2023 Topps Chrome Black Autographs,Bailey Falter [Refractor] #CBA-BF,$6.00,,,,,,,,,,,$1.30,$6.59,,,,,,4,,,,,2023-06-01
6169375,Baseball Cards 2023 Topps Chrome Black Autographs,Bailey Falter [Superfractor] #CBA-BF,,,,,,,,,,,,,,,,,,,0,,,,,2023-06-01
6168675,Baseball Cards 2023 Topps Chrome Black Autographs,Bernie Williams #CBA-BW,$39.99,,$37.60,$40.00,$108.85,$132.98,$173.00,$80.00,$80.00,,,$17.60,$43.99,,,$16.40,$40.99,,15,,,,,2023-06-01
6169077,Baseball Cards 2023 Topps Chrome Black Autographs,Bernie Williams [Gold Mini Diamond] #CBA-BW,$60.00,,,,,$81.00,$105.00,$49.00,$36.00,,,$26.40,$65.99,,,,,,3,,,,,2023-06-01
6168977,Baseball Cards 2023 Topps Chrome Black Autographs,Bernie Williams [Gold] #CBA-BW,$50.00,,$45.74,$72.75,$130.93,$158.42,$206.00,$95.00,$95.00,,,$22.00,$54.99,,,$20.00,$49.99,,7,,,,,2023-06-01
6168877,Baseball Cards 2023 Topps Chrome Black Autographs,Bernie Williams [Green] #CBA-BW,$51.99,,$47.37,$57.02,$98.00,$100.00,$130.00,$60.00,$60.00,,,$22.80,$56.99,,,$20.80,$51.99,,11,,,,,2023-06-01
6169178,Baseball Cards 2023 Topps Chrome Black Autographs,Bernie Williams [Orange] #CBA-BW,$58.25,,,$42.00,$46.00,$55.00,$72.00,$33.00,$33.00,,,$25.60,$63.99,,,,,,4,,,,,2023-06-01
6169278,Baseball Cards 2023 Topps Chrome Black Autographs,Bernie Williams [Red] #CBA-BW,$25.00,,,,,,,,,,,$8.40,$27.99,,,,,,1,,,,,2023-06-01
6168777,Baseball Cards 2023 Topps Chrome Black Autographs,Bernie Williams [Refractor] #CBA-BW,$43.55,,,,,,,,,,,$19.20,$47.99,,,,,,1,,,,,2023-06-01
6169379,Baseball Cards 2023 Topps Chrome Black Autographs,Bernie Williams [Superfractor] #CBA-BW,,,,,,,,,,,,,,,,,,,0,,,,,2023-06-01
6168673,Baseball Cards 2023 Topps Chrome Black Autographs,Bo Naylor #CBA-BN,$7.90,,$11.55,$20.09,$37.84,$69.30,$90.00,$42.00,$42.00,,,$1.70,$8.69,,,$3.30,$12.99,,16,,,,,2023-06-01
6169075,Baseball Cards 2023 Topps Chrome Black Autographs,Bo Naylor [Gold Mini Diamond] #CBA-BN,$60.00,,,,,,,,,,,$26.40,$65.99,,,,,,1,,,,,2023-06-01
6168975,Baseball Cards 2023 Topps Chrome Black Autographs,Bo Naylor [Gold] #CBA-BN,$19.54,,$20.92,$27.99,$63.36,$80.00,$104.00,$48.00,$48.00,,,$6.30,$20.99,,,$6.90,$22.99,,8,,,,,2023-06-01
6168875,Baseball Cards 2023 Topps Chrome Black Autographs,Bo Naylor [Green] #CBA-BN,$18.77,,,,,,,,,,,$6.30,$20.99,,,,,,3,,,,,2023-06-01
6169176,Baseball Cards 2023 Topps Chrome Black Autographs,Bo Naylor [Orange] #CBA-BN,$90.31,,,,,,,,,,,$39.60,$98.99,,,,,,2,,,,,2023-06-01
6169276,Baseball Cards 2023 Topps Chrome Black Autographs,Bo Naylor [Red] #CBA-BN,$100.00,,,,,,,,,,,$55.00,$110.00,,,,,,1,,,,,2023-06-01
6168775,Baseball Cards 2023 Topps Chrome Black Autographs,Bo Naylor [Refractor] #CBA-BN,$7.99,,$11.51,$20.03,$37.73,$50.53,$66.00,$30.00,$30.00,,,$1.80,$8.79,,,$3.30,$12.99,,8,,,,,2023-06-01
6169377,Baseball Cards 2023 Topps Chrome Black Autographs,Bo Naylor [Superfractor] #CBA-BN,,,,,,,,,,,,,,,,,,,0,,,,,2023-06-01
6168674,Baseball Cards 2023 Topps Chrome Black Autographs,Brandon Pfaadt #CBA-BPF,$4.04,,$8.46,$15.33,$29.43,$37.89,$49.00,$23.00,$23.00,,,$0.90,$4.39,,,$1.90,$9.29,,21,,,,,2023-06-01
6169076,Baseball Cards 2023 Topps Chrome Black Autographs,Brandon Pfaadt [Gold Mini Diamond] #CBA-BPF,$29.00,,,,,,,,,,,$9.60,$31.99,,,,,,2,,,,,2023-06-01
6168976,Baseball Cards 2023 Topps Chrome Black Autographs,Brandon Pfaadt [Gold] #CBA-BPF,$47.01,,$43.31,$68.98,$124.24,$150.57,$196.00,$90.00,$90.00,,,$20.80,$51.99,,,$19.20,$47.99,,6,,,,,2023-06-01
6168876,Baseball Cards 2023 Topps Chrome Black Autographs,Brandon Pfaadt [Green] #CBA-BPF,$20.61,,$21.79,$35.86,$65.71,$82.90,$108.00,$50.00,$50.00,,,$6.90,$22.99,,,$7.20,$23.99,,6,,,,,2023-06-01
6169177,Baseball Cards 2023 Topps Chrome Black Autographs,Brandon Pfaadt [Orange] #CBA-BPF,,,,$26.00,$29.00,,,,,,,,,,,,,,1,,,,,2023-06-01
6169277,Baseball Cards 2023 Topps Chrome Black Autographs,Brandon Pfaadt [Red] #CBA-BPF,$240.00,,,,,,,,,,,$132.00,$264.00,,,,,,1,,,,,2023-06-01
6168776,Baseball Cards 2023 Topps Chrome Black Autographs,Brandon Pfaadt [Refractor] #CBA-BPF,$28.85,,$28.52,$46.26,$84.14,$104.43,$136.00,$63.00,$63.00,,,$9.60,$31.99,,,$9.30,$30.99,,9,,,,,2023-06-01
6169378,Baseball Cards 2023 Topps Chrome Black Autographs,Brandon Pfaadt [Superfractor] #CBA-BPF,$499.00,,,,,,,,,,,$329.40,$549.00,,,,,,1,,,,,2023-06-01
6168670,Baseball Cards 2023 Topps Chrome Black Autographs,Brett Baty #CBA-BBA,$19.95,,$21.26,$35.06,$40.00,$41.00,$53.00,$25.00,$25.00,,,$6.60,$21.99,,,$6.90,$22.99,,23,,,,,2023-06-01
6169072,Baseball Cards 2023 Topps Chrome Black Autographs,Brett Baty [Gold Mini Diamond] #CBA-BBA,$50.91,,,,,$180.00,$234.00,$108.00,$108.00,,,$22.40,$55.99,,,,,,3,,,,,2023-06-01
6168971,Baseball Cards 2023 Topps Chrome Black Autographs,Brett Baty [Gold] #CBA-BBA,$31.00,,,,,$90.00,$117.00,$54.00,$54.00,,,$10.20,$33.99,,,,,,6,,,,,2023-06-01
6168872,Baseball Cards 2023 Topps Chrome Black Autographs,Brett Baty [Green] #CBA-BBA,$41.59,,,$39.55,$44.00,,,,,,,$18.40,$45.99,,,,,,6,,,,,2023-06-01
6169173,Baseball Cards 2023 Topps Chrome Black Autographs,Brett Baty [Orange] #CBA-BBA,$30.00,,,,,,,,,,,$9.90,$32.99,,,,,,1,,,,,2023-06-01
6169273,Baseball Cards 2023 Topps Chrome Black Autographs,Brett Baty [Red] #CBA-BBA,,,,$73.00,$99.99,,,,,,,,,,,,,,2,,,,,2023-06-01
6168772,Baseball Cards 2023 Topps Chrome Black Autographs,Brett Baty [Refractor] #CBA-BBA,$24.40,,$24.88,$27.00,$74.09,$92.57,$120.00,$56.00,$56.00,,,$8.10,$26.99,,,$8.10,$26.99,,8,,,,,2023-06-01
6169374,Baseball Cards 2023 Topps Chrome Black Autographs,Brett Baty [Superfractor] #CBA-BBA,,,,,,,,,,,,,,,,,,,0,,,,,2023-06-01
6168672,Baseball Cards 2023 Topps Chrome Black Autographs,Bryce Harper #CBA-BH,$274.95,,,,,,,,,,,$151.00,$302.00,,,,,,2,,,,,2023-06-01
6169074,Baseball Cards 2023 Topps Chrome Black Autographs,Bryce Harper [Gold Mini Diamond] #CBA-BH,,,,,,,,,,,,,,,,,,,0,,,,,2023-06-01
6168974,Baseball Cards 2023 Topps Chrome Black Autographs,Bryce Harper [Gold] #CBA-BH,$350.00,,$290.24,$415.00,$576.00,$587.24,$649.00,$352.00,$352.00,,,$192.50,$385.00,,,$159.50,$319.00,,11,,,,,2023-06-01
6168874,Baseball Cards 2023 Topps Chrome Black Autographs,Bryce Harper [Green] #CBA-BH,,,,,,,,,,,,,,,,,,,0,,,,,2023-06-01
6169175,Baseball Cards 2023 Topps Chrome Black Autographs,Bryce Harper [Orange] #CBA-BH,$299.00,,,,,,,,,,,$164.50,$329.00,,,,,,3,,,,,2023-06-01
6169275,Baseball Cards 2023 Topps Chrome Black Autographs,Bryce Harper [Red] #CBA-BH,$654.50,,,,,,,,,,,$432.00,$720.00,,,,,,2,,,,,2023-06-01
6168774,Baseball Cards 2023 Topps Chrome Black Autographs,Bryce Harper [Refractor] #CBA-BH,,,,,,,,,,,,,,,,,,,0,,,,,2023-06-01
6169376,Baseball Cards 2023 Topps Chrome Black Autographs,Bryce Harper [Superfractor] #CBA-BH,,,,,,,,,$2499.99,,,,,,,,,,0,,,,,2023-06-01
6168669,Baseball Cards 2023 Topps Chrome Black Autographs,Byron Buxton #CBA-BB,$16.09,,$18.38,$20.00,$56.48,$72.28,$94.00,$43.00,$43.00,,,$4.50,$17.99,,,$5.00,$19.99,,21,,,,,2023-06-01
6169071,Baseball Cards 2023 Topps Chrome Black Autographs,Byron Buxton [Gold Mini Diamond] #CBA-BB,$32.19,,,,,,,,,,,$10.50,$34.99,,,,,,4,,,,,2023-06-01
6168972,Baseball Cards 2023 Topps Chrome Black Autographs,Byron Buxton [Gold] #CBA-BB,$26.00,,$19.61,$32.51,$59.81,$76.16,$99.00,$46.00,$46.00,,,$8.70,$28.99,,,$6.60,$21.99,,7,,,,,2023-06-01
6168871,Baseball Cards 2023 Topps Chrome Black Autographs,Byron Buxton [Green] #CBA-BB,$17.00,,,,,,,,,,,$4.80,$18.99,,,,,,5,,,,,2023-06-01
6169172,Baseball Cards 2023 Topps Chrome Black Autographs,Byron Buxton [Orange] #CBA-BB,$28.00,,,,,,,,,,,$9.30,$30.99,,,,,,3,,,,,2023-06-01
6169272,Baseball Cards 2023 Topps Chrome Black Autographs,Byron Buxton [Red] #CBA-BB,$56.00,,,,,,,,,,,$24.80,$61.99,,,,,,1,,,,,2023-06-01
6168771,Baseball Cards 2023 Topps Chrome Black Autographs,Byron Buxton [Refractor] #CBA-BB,$20.25,,$20.48,$33.85,$44.00,$45.00,$59.00,$27.00,$27.00,,,$6.60,$21.99,,,$6.90,$22.99,,13,,,,,2023-06-01
6169373,Baseball Cards 2023 Topps Chrome Black Autographs,Byron Buxton [Superfractor] #CBA-BB,,,,,,,,,,,,,,,,,,,0,,,,,2023-06-01
6168679,Baseball Cards 2023 Topps Chrome Black Autographs,Cal Mitchell #CBA-CMI,$3.22,,$7.61,$14.02,$15.00,$15.50,$20.00,$9.00,$9.00,,,,$3.49,,,$1.70,$8.39,,13,,,,,2023-06-01
6169081,Baseball Cards 2023 Topps Chrome Black Autographs,Cal Mitchell [Gold Mini Diamond] #CBA-CMI,$6.00,,,,,,,,,,,$1.30,$6.59,,,,,,3,,,,,2023-06-01
6168980,Baseball Cards 2023 Topps Chrome Black Autographs,Cal Mitchell [Gold] #CBA-CMI,$4.50,,,,,,,,,,,$1.00,$4.99,,,,,,2,,,,,2023-06-01
6168881,Baseball Cards 2023 Topps Chrome Black Autographs,Cal Mitchell [Green] #CBA-CMI,$1.77,,,,,,,,,,,,$1.99,,,,,,1,,,,,2023-06-01
6169182,Baseball Cards 2023 Topps Chrome Black Autographs,Cal Mitchell [Orange] #CBA-CMI,$25.00,,,,,,,,,,,$8.40,$27.99,,,,,,1,,,,,2023-06-01
6169282,Baseball Cards 2023 Topps Chrome Black Autographs,Cal Mitchell [Red] #CBA-CMI,,,,,,,,,,,,,,,,,,,0,,,,,2023-06-01
6168781,Baseball Cards 2023 Topps Chrome Black Autographs,Cal Mitchell [Refractor] #CBA-CMI,$2.80,,,,,,,,,,,,$3.09,,,,,,1,,,,,2023-06-01
6169383,Baseball Cards 2023 Topps Chrome Black Autographs,Cal Mitchell [Superfractor] #CBA-CMI,,,,,,,,,,,,,,,,,,,0,,,,,2023-06-01
6168677,Baseball Cards 2023 Topps Chrome Black Autographs,Caleb Kilian #CBA-CK,$4.02,,$8.26,$15.02,$28.87,$40.27,$52.00,$24.00,$24.00,,,$0.90,$4.39,,,$1.80,$9.09,,12,,,,,2023-06-01
6169079,Baseball Cards 2023 Topps Chrome Black Autographs,Caleb Kilian [Gold Mini Diamond] #CBA-CK,$9.00,,,,,,,,,,,$2.00,$9.89,,,,,,2,,,,,2023-06-01
6168978,Baseball Cards 2023 Topps Chrome Black Autographs,Caleb Kilian [Gold] #CBA-CK,$10.51,,,,,,,,,,,$3.00,$11.99,,,,,,2,,,,,2023-06-01
6168879,Baseball Cards 2023 Topps Chrome Black Autographs,Caleb Kilian [Green] #CBA-CK,$1.50,,,,,,,,,,,,$1.69,,,,,,2,,,,,2023-06-01
6169180,Baseball Cards 2023 Topps Chrome Black Autographs,Caleb Kilian [Orange] #CBA-CK,$9.39,,,,,,,,,,,$2.00,$9.99,,,,,,3,,,,,2023-06-01
6169280,Baseball Cards 2023 Topps Chrome Black Autographs,Caleb Kilian [Red] #CBA-CK,$45.00,,,,,,,,,,,$20.00,$49.99,,,,,,0,,,,,2023-06-01
6168779,Baseball Cards 2023 Topps Chrome Black Autographs,Caleb Kilian [Refractor] #CBA-CK,$3.93,,,,,,,,,,,$0.90,$4.29,,,,,,3,,,,,2023-06-01
6169381,Baseball Cards 2023 Topps Chrome Black Autographs,Caleb Kilian [Superfractor] #CBA-CK,,,,,,,,,,,,,,,,,,,0,,,,,2023-06-01
6168681,Baseball Cards 2023 Topps Chrome Black Autographs,Canaan Smith Njigba #CBA-CSN,$2.69,,$7.20,$13.39,$25.99,$36.94,$48.00,$22.00,$22.00,,,,$2.99,,,$1.60,$7.89,,13,,,,,2023-06-01
6169083,Baseball Cards 2023 Topps Chrome Black Autographs,Canaan Smith Njigba [Gold Mini Diamond] #CBA-CSN,$6.24,,,,,,,,$15.50,,,$1.40,$6.89,,,,,,1,,,,,2023-06-01
6168982,Baseball Cards 2023 Topps Chrome Black Autographs,Canaan Smith Njigba [Gold] #CBA-CSN,$9.50,,,,,,,,,,,$2.00,$9.99,,,,,,1,,,,,2023-06-01
6168883,Baseball Cards 2023 Topps Chrome Black Autographs,Canaan Smith Njigba [Green] #CBA-CSN,$4.67,,,,,,,,,,,$1.00,$5.09,,,,,,2,,,,,2023-06-01
6169184,Baseball Cards 2023 Topps Chrome Black Autographs,Canaan Smith Njigba [Orange] #CBA-CSN,$11.50,,,,,,,,$34.99,,,$3.30,$12.99,,,,,,1,,,,,2023-06-01
6169284,Baseball Cards 2023 Topps Chrome Black Autographs,Canaan Smith Njigba [Red] #CBA-CSN,$25.00,,,,,,,,,,,$8.40,$27.99,,,,,,1,,,,,2023-06-01
6168783,Baseball Cards 2023 Topps Chrome Black Autographs,Canaan Smith Njigba [Refractor] #CBA-CSN,$9.48,,,,,,,,,,,$2.00,$9.99,,,,,,2,,,,,2023-06-01
6169385,Baseball Cards 2023 Topps Chrome Black Autographs,Canaan Smith Njigba [Superfractor] #CBA-CSN,,,,,,,,,,,,,,,,,,,0,,,,,2023-06-01
6168678,Baseball Cards 2023 Topps Chrome Black Autographs,Cedric Mullins #CBA-CM,$5.51,,$9.49,$16.92,$27.00,$27.74,$36.00,$17.00,$17.00,,,$1.20,$6.09,,,$2.00,$9.99,,24,,,,,2023-06-01
6169080,Baseball Cards 2023 Topps Chrome Black Autographs,Cedric Mullins [Gold Mini Diamond] #CBA-CM,$20.04,,,,,,,,,,,$6.60,$21.99,,,,,,4,,,,,2023-06-01
6177290,Baseball Cards 2023 Topps Chrome Black Autographs,Cedric Mullins [Gold] #CBA-CM,$13.50,,$16.00,$26.94,$49.96,$64.68,$84.00,$39.00,$39.00,,,$3.80,$14.99,,,$4.50,$17.99,,7,,,,,2023-06-01
6168880,Baseball Cards 2023 Topps Chrome Black Autographs,Cedric Mullins [Green] #CBA-CM,$7.99,,$11.51,$22.50,$37.71,$50.48,$66.00,$30.00,$24.99,,,$1.80,$8.79,,,$3.30,$12.99,,10,,,,,2023-06-01
6169181,Baseball Cards 2023 Topps Chrome Black Autographs,Cedric Mullins [Orange] #CBA-CM,$39.99,,,,,,,,,,,$17.60,$43.99,,,,,,2,,,,,2023-06-01
6169281,Baseball Cards 2023 Topps Chrome Black Autographs,Cedric Mullins [Red] #CBA-CM,,,,,,$71.00,$92.00,$43.00,$43.00,,,,,,,,,,1,,,,,2023-06-01
6168780,Baseball Cards 2023 Topps Chrome Black Autographs,Cedric Mullins [Refractor] #CBA-CM,$8.99,,$12.33,$12.54,$39.98,$53.18,$69.00,$32.00,$32.00,,,$2.00,$9.89,,,$3.50,$13.99,,12,,,,,2023-06-01
6169382,Baseball Cards 2023 Topps Chrome Black Autographs,Cedric Mullins [Superfractor] #CBA-CM,$187.50,,,,,,,,,,,$103.00,$206.00,,,,,,1,,,,,2023-06-01
6168676,Baseball Cards 2023 Topps Chrome Black Autographs,Chipper Jones #CBA-CJ,$71.58,,$77.68,$149.99,$176.00,$180.00,$234.00,$108.00,$108.00,,,$31.60,$78.99,,,$34.00,$84.99,,16,,,,,2023-06-01
6169078,Baseball Cards 2023 Topps Chrome Black Autographs,Chipper Jones [Gold Mini Diamond] #CBA-CJ,$139.00,,,,,$203.17,$264.00,$122.00,$167.50,,,$76.50,$153.00,,,,,,5,,,,,2023-06-01
6168979,Baseball Cards 2023 Topps Chrome Black Autographs,Chipper Jones [Gold] #CBA-CJ,$115.00,,$87.50,$164.99,$284.00,$289.75,$377.00,$174.00,$174.00,,,$63.50,$127.00,,,$38.40,$95.99,,29,,,,,2023-06-01
6168878,Baseball Cards 2023 Topps Chrome Black Autographs,Chipper Jones [Green] #CBA-CJ,,,,,,,,,,,,,,,,,,,0,,,,,2023-06-01
6169179,Baseball Cards 2023 Topps Chrome Black Autographs,Chipper Jones [Orange] #CBA-CJ,$123.00,,$67.00,,,,,,,,,$67.50,$135.00,,,$29.60,$73.99,,3,,,,,2023-06-01
6169279,Baseball Cards 2023 Topps Chrome Black Autographs,Chipper Jones [Red] #CBA-CJ,$179.00,,,,,$350.00,$455.00,$210.00,$210.00,,,$98.50,$197.00,,,,,,2,,,,,2023-06-01
6168778,Baseball Cards 2023 Topps Chrome Black Autographs,Chipper Jones [Refractor] #CBA-CJ,,,,,,,,,,,,,,,,,,,0,,,,,2023-06-01
6169380,Baseball Cards 2023 Topps Chrome Black Autographs,Chipper Jones [Superfractor] #CBA-CJ,,,,,,,,,,,,,,,,,,,0,,,,,2023-06-01
6168680,Baseball Cards 2023 Topps Chrome Black Autographs,Christopher Morel #CBA-CMO,$23.19,,,$233.50,$257.00,,,,,,,$7.80,$25.99,,,,,,2,,,,,2023-06-01
6169082,Baseball Cards 2023 Topps Chrome Black Autographs,Christopher Morel [Gold Mini Diamond] #CBA-CMO,$67.06,,,$228.50,$251.00,$274.00,$356.00,$164.00,$164.00,,,$29.60,$73.99,,,,,,6,,,,,2023-06-01
6168981,Baseball Cards 2023 Topps Chrome Black Autographs,Christopher Morel [Gold] #CBA-CMO,$99.99,,,$47.00,$52.00,,,,,,,$55.00,$110.00,,,,,,4,,,,,2023-06-01
6168882,Baseball Cards 2023 Topps Chrome Black Autographs,Christopher Morel [Green] #CBA-CMO,$15.94,,$17.99,$26.01,$55.37,$70.95,$92.00,$43.00,$43.00,,,$4.50,$17.99,,,$5.00,$19.99,,8,,,,,2023-06-01
6169183,Baseball Cards 2023 Topps Chrome Black Autographs,Christopher Morel [Orange] #CBA-CMO,$192.00,,,,,,,,,,,$105.50,$211.00,,,,,,2,,,,,2023-06-01
6169283,Baseball Cards 2023 Topps Chrome Black Autographs,Christopher Morel [Red] #CBA-CMO,,,,,,,,,,,,,,,,,,,0,,,,,2023-06-01
6168782,Baseball Cards 2023 Topps Chrome Black Autographs,Christopher Morel [Refractor] #CBA-CMO,$10.18,,,,,,,,,,,$2.80,$10.99,,,,,,2,,,,,2023-06-01
6169384,Baseball Cards 2023 Topps Chrome Black Autographs,Christopher Morel [Superfractor] #CBA-CMO,$400.00,,,,,,,,,,,$220.00,$440.00,,,,,,1,,,,,2023-06-01
6168683,Baseball Cards 2023 Topps Chrome Black Autographs,David Ortiz #CBA-DO,$86.31,,$51.64,$118.97,$147.00,$150.00,$195.00,$90.00,$150.00,,,$38.00,$94.99,,,$22.80,$56.99,,14,,,,,2023-06-01
6169085,Baseball Cards 2023 Topps Chrome Black Autographs,David Ortiz [Gold Mini Diamond] #CBA-DO,$65.75,,,$214.99,$236.00,,,,,,,$28.80,$71.99,,,,,,5,,,,,2023-06-01
6168984,Baseball Cards 2023 Topps Chrome Black Autographs,David Ortiz [Gold] #CBA-DO,$110.00,,$94.62,$148.02,$243.00,$247.50,$322.00,$149.00,$149.00,,,$60.50,$121.00,,,$52.00,$104.00,,9,,,,,2023-06-01
6168885,Baseball Cards 2023 Topps Chrome Black Autographs,David Ortiz [Green] #CBA-DO,,,,,,,,,,,,,,,,,,,0,,,,,2023-06-01
6169186,Baseball Cards 2023 Topps Chrome Black Autographs,David Ortiz [Orange] #CBA-DO,$131.19,,,,,$206.21,$268.00,$124.00,$124.00,,,$72.00,$144.00,,,,,,3,,,,,2023-06-01
6169286,Baseball Cards 2023 Topps Chrome Black Autographs,David Ortiz [Red] #CBA-DO,$300.00,,,,,,,,,,,$165.00,$330.00,,,,,,1,,,,,2023-06-01
6168785,Baseball Cards 2023 Topps Chrome Black Autographs,David Ortiz [Refractor] #CBA-DO,$71.78,,,,,,,,,,,$31.60,$78.99,,,,,,1,,,,,2023-06-01
6169387,Baseball Cards 2023 Topps Chrome Black Autographs,David Ortiz [Superfractor] #CBA-DO,$749.00,,,,,,,,,,,$494.40,$824.00,,,,,,0,,,,,2023-06-01
6168682,Baseball Cards 2023 Topps Chrome Black Autographs,Derek Jeter #CBA-DJ,$323.52,,,$549.99,$605.00,$660.00,$858.00,$396.00,$305.00,,,$178.00,$356.00,,,,,,7,,,,,2023-06-01
6169084,Baseball Cards 2023 Topps Chrome Black Autographs,Derek Jeter [Gold Mini Diamond] #CBA-DJ,,,,,,,,,,,,,,,,,,,0,,,,,2023-06-01
6168983,Baseball Cards 2023 Topps Chrome Black Autographs,Derek Jeter [Gold] #CBA-DJ,,,,,,,,,,,,,,,,,,,0,,,,,2023-06-01
6168884,Baseball Cards 2023 Topps Chrome Black Autographs,Derek Jeter [Green] #CBA-DJ,,,,,,,,,,,,,,,,,,,0,,,,,2023-06-01
6169185,Baseball Cards 2023 Topps Chrome Black Autographs,Derek Jeter [Orange] #CBA-DJ,$472.74,,,$504.00,$554.00,,,,,,,$312.00,$520.00,,,,,,2,,,,,2023-06-01
6169285,Baseball Cards 2023 Topps Chrome Black Autographs,Derek Jeter [Red] #CBA-DJ,,,,,,,,,,,,,,,,,,,0,,,,,2023-06-01
6168784,Baseball Cards 2023 Topps Chrome Black Autographs,Derek Jeter [Refractor] #CBA-DJ,,,,,,,,,,,,,,,,,,,0,,,,,2023-06-01
6169386,Baseball Cards 2023 Topps Chrome Black Autographs,Derek Jeter [Superfractor] #CBA-DJ,,,,,,,,,,,,,,,,,,,0,,,,,2023-06-01
6168685,Baseball Cards 2023 Topps Chrome Black Autographs,Dontrelle Willis #CBA-DWIL,$10.00,,$12.90,$22.16,$27.00,$28.00,$36.00,$17.00,$17.00,,,$2.80,$10.99,,,$3.50,$13.99,,42,,,,,2023-06-01
6169087,Baseball Cards 2023 Topps Chrome Black Autographs,Dontrelle Willis [Gold Mini Diamond] #CBA-DWIL,$25.01,,,,,,,,,,,$8.40,$27.99,,,,,,2,,,,,2023-06-01
6168986,Baseball Cards 2023 Topps Chrome Black Autographs,Dontrelle Willis [Gold] #CBA-DWIL,$9.06,,$12.39,$60.00,$66.00,$82.50,$107.00,$50.00,$50.00,,,$2.00,$9.99,,,$3.50,$13.99,,9,,,,,2023-06-01
6168887,Baseball Cards 2023 Topps Chrome Black Autographs,Dontrelle Willis [Green] #CBA-DWIL,$12.80,,$15.43,$26.07,$48.41,$62.90,$82.00,$38.00,$38.00,,,$3.50,$13.99,,,$4.30,$16.99,,11,,,,,2023-06-01
6169188,Baseball Cards 2023 Topps Chrome Black Autographs,Dontrelle Willis [Orange] #CBA-DWIL,$25.58,,,,,,,,,,,$8.40,$27.99,,,,,,3,,,,,2023-06-01
6169288,Baseball Cards 2023 Topps Chrome Black Autographs,Dontrelle Willis [Red] #CBA-DWIL,$51.47,,,,,,,,,,,$22.80,$56.99,,,,,,1,,,,,2023-06-01
6168787,Baseball Cards 2023 Topps Chrome Black Autographs,Dontrelle Willis [Refractor] #CBA-DWIL,$13.57,,$16.06,$27.05,$50.16,$64.98,$84.00,$39.00,$39.00,,,$3.80,$14.99,,,$4.50,$17.99,,10,,,,,2023-06-01
6169389,Baseball Cards 2023 Topps Chrome Black Autographs,Dontrelle Willis [Superfractor] #CBA-DWIL,,,,,,,,,,,,,,,,,,,0,,,,,2023-06-01
6168684,Baseball Cards 2023 Topps Chrome Black Autographs,Drew Waters #CBA-DW,$3.04,,$7.48,$8.00,$26.77,$37.87,$49.00,$23.00,$23.00,,,,$3.29,,,$1.60,$8.19,,17,,,,,2023-06-01
6169086,Baseball Cards 2023 Topps Chrome Black Autographs,Drew Waters [Gold Mini Diamond] #CBA-DW,$12.88,,,$13.50,$15.00,,,,,,,$3.50,$13.99,,,,,,2,,,,,2023-06-01
6168985,Baseball Cards 2023 Topps Chrome Black Autographs,Drew Waters [Gold] #CBA-DW,$10.91,,,,,,,,,,,$3.00,$11.99,,,,,,3,,,,,2023-06-01
6168886,Baseball Cards 2023 Topps Chrome Black Autographs,Drew Waters [Green] #CBA-DW,$6.17,,,$15.58,$17.00,,,,,,,$1.40,$6.79,,,,,,5,,,,,2023-06-01
6169187,Baseball Cards 2023 Topps Chrome Black Autographs,Drew Waters [Orange] #CBA-DW,$22.50,,,,,,,,,,,$7.50,$24.99,,,,,,1,,,,,2023-06-01
6169287,Baseball Cards 2023 Topps Chrome Black Autographs,Drew Waters [Red] #CBA-DW,,,,,,,,,,,,,,,,,,,0,,,,,2023-06-01
6168786,Baseball Cards 2023 Topps Chrome Black Autographs,Drew Waters [Refractor] #CBA-DW,$3.89,,,$16.25,$18.00,$20.00,$26.00,$12.00,$12.00,,,$0.90,$4.29,,,,,,8,,,,,2023-06-01
6169388,Baseball Cards 2023 Topps Chrome Black Autographs,Drew Waters [Superfractor] #CBA-DW,,,,,,,,,,,,,,,,,,,0,,,,,2023-06-01
6168687,Baseball Cards 2023 Topps Chrome Black Autographs,Eguy Rosario #CBA-ERO,$2.41,,$6.97,$13.04,$25.36,$36.21,$47.00,$22.00,$22.00,,,,$2.69,,,$1.50,$7.69,,13,,,,,2023-06-01
6169089,Baseball Cards 2023 Topps Chrome Black Autographs,Eguy Rosario [Gold Mini Diamond] #CBA-ERO,$12.49,,,,,,,,,,,$3.50,$13.99,,,,,,1,,,,,2023-06-01
6168988,Baseball Cards 2023 Topps Chrome Black Autographs,Eguy Rosario [Gold] #CBA-ERO,$4.67,,,,,,,,,,,$1.00,$5.09,,,,,,5,,,,,2023-06-01
6168889,Baseball Cards 2023 Topps Chrome Black Autographs,Eguy Rosario [Green] #CBA-ERO,$8.00,,,,,,,,,,,$1.80,$8.79,,,,,,3,,,,,2023-06-01
6169190,Baseball Cards 2023 Topps Chrome Black Autographs,Eguy Rosario [Orange] #CBA-ERO,$20.00,,,,,,,,,,,$6.60,$21.99,,,,,,1,,,,,2023-06-01
6169290,Baseball Cards 2023 Topps Chrome Black Autographs,Eguy Rosario [Red] #CBA-ERO,$435.00,,,,,,,,,,,$239.50,$479.00,,,,,,0,,,,,2023-06-01
6168789,Baseball Cards 2023 Topps Chrome Black Autographs,Eguy Rosario [Refractor] #CBA-ERO,$3.87,,,,,,,,,,,$0.90,$4.29,,,,,,2,,,,,2023-06-01
6169390,Baseball Cards 2023 Topps Chrome Black Autographs,Eguy Rosario [Superfractor] #CBA-ERO,$251.97,,,,,,,,,,,$138.50,$277.00,,,,,,0,,,,,2023-06-01
6168686,Baseball Cards 2023 Topps Chrome Black Autographs,Ezequiel Duran #CBA-ED,$5.48,,$9.06,$16.26,$20.00,$20.66,$27.00,$12.00,$12.00,,,$1.20,$5.99,,,$2.00,$9.99,,21,,,,,2023-06-01
6169088,Baseball Cards 2023 Topps Chrome Black Autographs,Ezequiel Duran [Gold Mini Diamond] #CBA-ED,$8.61,,,$9.99,$11.00,,,,,,,$1.90,$9.49,,,,,,3,,,,,2023-06-01
6168987,Baseball Cards 2023 Topps Chrome Black Autographs,Ezequiel Duran [Gold] #CBA-ED,$13.21,,,,,,,,,,,$3.80,$14.99,,,,,,4,,,,,2023-06-01
6168888,Baseball Cards 2023 Topps Chrome Black Autographs,Ezequiel Duran [Green] #CBA-ED,$2.99,,,,,$39.99,$52.00,$24.00,$24.00,,,,$3.29,,,,,,5,,,,,2023-06-01
6169189,Baseball Cards 2023 Topps Chrome Black Autographs,Ezequiel Duran [Orange] #CBA-ED,$18.52,,,$14.99,$16.00,,,,,,,$5.00,$19.99,,,,,,3,,,,,2023-06-01
6169289,Baseball Cards 2023 Topps Chrome Black Autographs,Ezequiel Duran [Red] #CBA-ED,,,,,,,,,,,,,,,,,,,0,,,,,2023-06-01
6168788,Baseball Cards 2023 Topps Chrome Black Autographs,Ezequiel Duran [Refractor] #CBA-ED,$6.90,,,$9.99,$11.00,,,,,,,$1.50,$7.59,,,,,,5,,,,,2023-06-01
6169394,Baseball Cards 2023 Topps Chrome Black Autographs,Ezequiel Duran [Superfractor] #CBA-ED,$225.00,,,,,,,,,,,$124.00,$248.00,,,,,,1,,,,,2023-06-01
6168688,Baseball Cards 2023 Topps Chrome Black Autographs,Ezequiel Tovar #CBA-ET,$10.28,,$13.37,$22.89,$42.79,$59.00,$77.00,$35.00,$31.00,,,$2.80,$10.99,,,$3.80,$14.99,,17,,,,,2023-06-01
6169090,Baseball Cards 2023 Topps Chrome Black Autographs,Ezequiel Tovar [Gold Mini Diamond] #CBA-ET,$31.19,,,$44.00,$48.00,,,,,,,$10.20,$33.99,,,,,,2,,,,,2023-06-01
6168989,Baseball Cards 2023 Topps Chrome Black Autographs,Ezequiel Tovar [Gold] #CBA-ET,$43.25,,,$50.00,$55.00,,,,,,,$19.20,$47.99,,,,,,5,,,,,2023-06-01
6168890,Baseball Cards 2023 Topps Chrome Black Autographs,Ezequiel Tovar [Green] #CBA-ET,$17.52,,$19.13,$31.78,$58.51,$74.63,$97.00,$45.00,$45.00,,,$4.80,$18.99,,,$6.30,$20.99,,7,,,,,2023-06-01
6169191,Baseball Cards 2023 Topps Chrome Black Autographs,Ezequiel Tovar [Orange] #CBA-ET,$88.50,,,$41.04,$45.00,,,,,,,$38.80,$96.99,,,,,,3,,,,,2023-06-01
6169291,Baseball Cards 2023 Topps Chrome Black Autographs,Ezequiel Tovar [Red] #CBA-ET,$202.50,,,,,,,,,,,$111.50,$223.00,,,,,,1,,,,,2023-06-01
6168790,Baseball Cards 2023 Topps Chrome Black Autographs,Ezequiel Tovar [Refractor] #CBA-ET,$14.29,,$16.22,$27.29,$50.59,$65.48,$85.00,$39.00,$39.00,,,$4.00,$15.99,,,$4.50,$17.99,,11,,,,,2023-06-01
6169391,Baseball Cards 2023 Topps Chrome Black Autographs,Ezequiel Tovar [Superfractor] #CBA-ET,,,,,,,,,,,,,,,,,,,0,,,,,2023-06-01
6168689,Baseball Cards 2023 Topps Chrome Black Autographs,Felix Hernandez #CBA-FH,$42.99,,$40.02,$70.00,$98.00,$99.99,$130.00,$60.00,$59.55,,,$18.80,$46.99,,,$17.60,$43.99,,15,,,,,2023-06-01
6169091,Baseball Cards 2023 Topps Chrome Black Autographs,Felix Hernandez [Gold Mini Diamond] #CBA-FH,$58.11,,$52.07,$82.55,$148.32,$178.86,$233.00,$107.00,$107.00,,,$25.60,$63.99,,,$22.80,$56.99,,6,,,,,2023-06-01
6168990,Baseball Cards 2023 Topps Chrome Black Autographs,Felix Hernandez [Gold] #CBA-FH,$59.25,,$52.66,$99.00,$109.00,$118.19,$154.00,$71.00,$71.00,,,$26.00,$64.99,,,$23.20,$57.99,,15,,,,,2023-06-01
6168891,Baseball Cards 2023 Topps Chrome Black Autographs,Felix Hernandez [Green] #CBA-FH,$63.61,,$56.83,$63.00,$161.08,$193.26,$251.00,$116.00,$116.00,,,$28.00,$69.99,,,$25.20,$62.99,,11,,,,,2023-06-01
6169192,Baseball Cards 2023 Topps Chrome Black Autographs,Felix Hernandez [Orange] #CBA-FH,$79.99,,,,,$192.50,$250.00,$116.00,$51.00,,,$35.20,$87.99,,,,,,4,,,,,2023-06-01
6169292,Baseball Cards 2023 Topps Chrome Black Autographs,Felix Hernandez [Red] #CBA-FH,$200.00,,,$86.00,$95.00,,,,,,,$110.00,$220.00,,,,,,2,,,,,2023-06-01
6168791,Baseball Cards 2023 Topps Chrome Black Autographs,Felix Hernandez [Refractor] #CBA-FH,,,,,,,,,,,,,,,,,,,0,,,,,2023-06-01
6169392,Baseball Cards 2023 Topps Chrome Black Autographs,Felix Hernandez [Superfractor] #CBA-FH,,,,$498.00,$548.00,,,,,,,,,,,,,,1,,,,,2023-06-01
6168692,Baseball Cards 2023 Topps Chrome Black Autographs,Fernando Tatis Jr. #CBA-FTJ,$76.00,,$66.95,$105.47,$147.00,$150.00,$195.00,$90.00,$90.00,,,$33.60,$83.99,,,$29.60,$73.99,,10,,,,,2023-06-01
6169094,Baseball Cards 2023 Topps Chrome Black Autographs,Fernando Tatis Jr. [Gold Mini Diamond] #CBA-FTJ,,,,$129.01,$142.00,,,,,,,,,,,,,,1,,,,,2023-06-01
6168993,Baseball Cards 2023 Topps Chrome Black Autographs,Fernando Tatis Jr. [Gold] #CBA-FTJ,$129.99,,$110.92,$175.00,$193.00,$250.10,$325.00,$150.00,$150.00,,,$71.50,$143.00,,,$61.00,$122.00,,13,,,,,2023-06-01
6168894,Baseball Cards 2023 Topps Chrome Black Autographs,Fernando Tatis Jr. [Green] #CBA-FTJ,,,,,,,,,,,,,,,,,,,0,,,,,2023-06-01
6169195,Baseball Cards 2023 Topps Chrome Black Autographs,Fernando Tatis Jr. [Orange] #CBA-FTJ,$117.75,,,$152.50,$168.00,,,,,,,$65.00,$130.00,,,,,,6,,,,,2023-06-01
6169295,Baseball Cards 2023 Topps Chrome Black Autographs,Fernando Tatis Jr. [Red] #CBA-FTJ,$202.19,,,,,,,,,,,$111.00,$222.00,,,,,,1,,,,,2023-06-01
6168794,Baseball Cards 2023 Topps Chrome Black Autographs,Fernando Tatis Jr. [Refractor] #CBA-FTJ,$190.00,,,,,,,,,,,$104.50,$209.00,,,,,,1,,,,,2023-06-01
6169396,Baseball Cards 2023 Topps Chrome Black Autographs,Fernando Tatis Jr. [Superfractor] #CBA-FTJ,,,,,,,,,,,,,,,,,,,0,,,,,2023-06-01
6168691,Baseball Cards 2023 Topps Chrome Black Autographs,Frank Thomas #CBA-FT,$55.50,,$50.21,$79.59,$138.00,$140.54,$183.00,$84.00,$69.00,,,$24.40,$60.99,,,$22.00,$54.99,,15,,,,,2023-06-01
6169093,Baseball Cards 2023 Topps Chrome Black Autographs,Frank Thomas [Gold Mini Diamond] #CBA-FT,$63.60,,,,,,,,$120.00,,,$28.00,$69.99,,,,,,3,,,,,2023-06-01
6168992,Baseball Cards 2023 Topps Chrome Black Autographs,Frank Thomas [Gold] #CBA-FT,$75.55,,$67.78,$75.00,$191.10,$199.83,$260.00,$120.00,$120.00,,,$33.20,$82.99,,,$30.00,$74.99,,13,,,,,2023-06-01
6168893,Baseball Cards 2023 Topps Chrome Black Autographs,Frank Thomas [Green] #CBA-FT,$61.65,,,$48.00,$53.00,$133.50,$174.00,$80.00,$109.99,,,$27.20,$67.99,,,,,,8,,,,,2023-06-01
6169194,Baseball Cards 2023 Topps Chrome Black Autographs,Frank Thomas [Orange] #CBA-FT,$91.09,,,$75.00,$83.00,,,,,,,$40.00,$100.00,,,,,,3,,,,,2023-06-01
6169294,Baseball Cards 2023 Topps Chrome Black Autographs,Frank Thomas [Red] #CBA-FT,$177.33,$149.99,,,,,,,,,,$97.50,$195.00,$82.50,$165.00,,,,2,,,,,2023-06-01
6168793,Baseball Cards 2023 Topps Chrome Black Autographs,Frank Thomas [Refractor] #CBA-FT,,,,,,,,,,,,,,,,,,,0,,,,,2023-06-01
6169395,Baseball Cards 2023 Topps Chrome Black Autographs,Frank Thomas [Superfractor] #CBA-FT,,,,,,,,,,,,,,,,,,,0,,,,,2023-06-01
6168690,Baseball Cards 2023 Topps Chrome Black Autographs,Fred Lynn #CBA-FL,$14.99,,$17.22,$19.00,$45.00,$46.00,$60.00,$28.00,$28.00,,,$4.00,$15.99,,,$4.80,$18.99,,24,,,,,2023-06-01
6169092,Baseball Cards 2023 Topps Chrome Black Autographs,Fred Lynn [Gold Mini Diamond] #CBA-FL,$17.50,,,,,,,,,,,$4.80,$18.99,,,,,,3,,,,,2023-06-01
6168991,Baseball Cards 2023 Topps Chrome Black Autographs,Fred Lynn [Gold] #CBA-FL,$16.75,,$18.65,$31.02,$57.17,$73.03,$95.00,$44.00,$39.99,,,$4.50,$17.99,,,$6.30,$20.99,,6,,,,,2023-06-01
6168892,Baseball Cards 2023 Topps Chrome Black Autographs,Fred Lynn [Green] #CBA-FL,$15.99,,$18.03,$21.00,$55.49,$71.09,$92.00,$43.00,$43.00,,,$4.50,$17.99,,,$5.00,$19.99,,11,,,,,2023-06-01
6169193,Baseball Cards 2023 Topps Chrome Black Autographs,Fred Lynn [Orange] #CBA-FL,$25.98,,,,,,,,,,,$8.70,$28.99,,,,,,2,,,,,2023-06-01
6169293,Baseball Cards 2023 Topps Chrome Black Autographs,Fred Lynn [Red] #CBA-FL,$25.44,,,,,,,,,,,$8.40,$27.99,,,,,,2,,,,,2023-06-01
6168792,Baseball Cards 2023 Topps Chrome Black Autographs,Fred Lynn [Refractor] #CBA-FL,$12.99,,$14.72,$24.98,$46.49,$50.16,$65.00,$30.00,$30.00,,,$3.50,$13.99,,,$4.00,$15.99,,15,,,,,2023-06-01
6169393,Baseball Cards 2023 Topps Chrome Black Autographs,Fred Lynn [Superfractor] #CBA-FL,,,,,,,,,,,,,,,,,,,0,,,,,2023-06-01
6168693,Baseball Cards 2023 Topps Chrome Black Autographs,Gunnar Henderson #CBA-GH,$265.85,,,,,$498.08,$648.00,$299.00,$299.00,,,$146.00,$292.00,,,,,,5,,,,,2023-06-01
6169095,Baseball Cards 2023 Topps Chrome Black Autographs,Gunnar Henderson [Gold Mini Diamond] #CBA-GH,$331.95,,,$570.00,$627.00,$1136.00,$1477.00,$682.00,$682.00,,,$182.50,$365.00,,,,,,3,,,,,2023-06-01
6168994,Baseball Cards 2023 Topps Chrome Black Autographs,Gunnar Henderson [Gold] #CBA-GH,$280.00,,$133.50,$375.00,$413.00,$599.00,$779.00,$359.00,$617.77,,,$154.00,$308.00,,,$73.50,$147.00,,7,,,,,2023-06-01
6168895,Baseball Cards 2023 Topps Chrome Black Autographs,Gunnar Henderson [Green] #CBA-GH,,,,,,,,,,,,,,,,,,,0,,,,,2023-06-01
6169196,Baseball Cards 2023 Topps Chrome Black Autographs,Gunnar Henderson [Orange] #CBA-GH,$900.00,,,,,$999.99,$1300.00,$600.00,$600.00,,,$594.00,$990.00,,,,,,3,,,,,2023-06-01
6169296,Baseball Cards 2023 Topps Chrome Black Autographs,Gunnar Henderson [Red] #CBA-GH,,,,,,,,,,,,,,,,,,,0,,,,,2023-06-01
6168795,Baseball Cards 2023 Topps Chrome Black Autographs,Gunnar Henderson [Refractor] #CBA-GH,,,,,,,,,,,,,,,,,,,0,,,,,2023-06-01
6169397,Baseball Cards 2023 Topps Chrome Black Autographs,Gunnar Henderson [Superfractor] #CBA-GH,$2802.00,,,,,,,,,,,$1849.20,$3082.00,,,,,,1,,,,,2023-06-01
6168694,Baseball Cards 2023 Topps Chrome Black Autographs,Ichiro #CBA-I,$202.12,,$249.99,$299.99,$468.72,$470.00,$611.00,$282.00,$282.00,,,$111.00,$222.00,,,$137.50,$275.00,,22,,,,,2023-06-01
6169096,Baseball Cards 2023 Topps Chrome Black Autographs,Ichiro [Gold Mini Diamond] #CBA-I,$11.00,,,,,,,,,,,$3.00,$11.99,,,,,,2,,,,,2023-06-01
6168995,Baseball Cards 2023 Topps Chrome Black Autographs,Ichiro [Gold] #CBA-I,$187.85,,$180.00,$246.03,$437.41,$513.94,$668.00,$308.00,$308.00,,,$103.50,$207.00,,,$99.00,$198.00,,10,,,,,2023-06-01
6168896,Baseball Cards 2023 Topps Chrome Black Autographs,Ichiro [Green] #CBA-I,,,,,,$26.00,$34.00,$16.00,$16.00,,,,,,,,,,1,,,,,2023-06-01
6169197,Baseball Cards 2023 Topps Chrome Black Autographs,Ichiro [Orange] #CBA-I,$289.99,,,$240.00,$264.00,,,,,,,$159.50,$319.00,,,,,,5,,,,,2023-06-01
6169297,Baseball Cards 2023 Topps Chrome Black Autographs,Ichiro [Red] #CBA-I,,,,,,,,,,,,,,,,,,,0,,,,,2023-06-01
6168796,Baseball Cards 2023 Topps Chrome Black Autographs,Ichiro [Refractor] #CBA-I,,,,,,,,,,,,,,,,,,,0,,,,,2023-06-01
6169398,Baseball Cards 2023 Topps Chrome Black Autographs,Ichiro [Superfractor] #CBA-I,$1395.19,,,,,,,,,,,$921.00,$1535.00,,,,,,1,,,,,2023-06-01
6168702,Baseball Cards 2023 Topps Chrome Black Autographs,James Outman #CBA-JO,$9.25,,$12.58,$22.25,$24.00,$26.01,$34.00,$16.00,$16.00,,,$2.00,$9.99,,,$3.50,$13.99,,24,,,,,2023-06-01
6169104,Baseball Cards 2023 Topps Chrome Black Autographs,James Outman [Gold Mini Diamond] #CBA-JO,$80.00,,,,,,,,,,,$35.20,$87.99,,,,,,2,,,,,2023-06-01
6169003,Baseball Cards 2023 Topps Chrome Black Autographs,James Outman [Gold] #CBA-JO,$16.45,,,,,,,,,,,$4.50,$17.99,,,,,,4,,,,,2023-06-01
6168904,Baseball Cards 2023 Topps Chrome Black Autographs,James Outman [Green] #CBA-JO,$25.03,,,$10.50,$12.00,,,,,,,$8.40,$27.99,,,,,,6,,,,,2023-06-01
6169205,Baseball Cards 2023 Topps Chrome Black Autographs,James Outman [Orange] #CBA-JO,$150.00,,,,,,,,,,,$82.50,$165.00,,,,,,1,,,,,2023-06-01
6169305,Baseball Cards 2023 Topps Chrome Black Autographs,James Outman [Red] #CBA-JO,,,,,,,,,,,,,,,,,,,0,,,,,2023-06-01
6168804,Baseball Cards 2023 Topps Chrome Black Autographs,James Outman [Refractor] #CBA-JO,$11.70,,$14.54,$32.99,$46.00,$55.00,$72.00,$33.00,$33.00,,,$3.30,$12.99,,,$4.00,$15.99,,8,,,,,2023-06-01
6169406,Baseball Cards 2023 Topps Chrome Black Autographs,James Outman [Superfractor] #CBA-JO,,,,,,,,,,,,,,,,,,,0,,,,,2023-06-01
6168695,Baseball Cards 2023 Topps Chrome Black Autographs,Javier Assad #CBA-JA,$6.00,,$9.90,$17.54,$33.33,$45.42,$59.00,$27.00,$27.00,,,$1.30,$6.59,,,$2.80,$10.99,,15,,,,,2023-06-01
6169097,Baseball Cards 2023 Topps Chrome Black Autographs,Javier Assad [Gold Mini Diamond] #CBA-JA,$22.12,,,,,,,,,,,$7.20,$23.99,,,,,,1,,,,,2023-06-01
6168996,Baseball Cards 2023 Topps Chrome Black Autographs,Javier Assad [Gold] #CBA-JA,$17.05,,,,,$38.25,$50.00,$23.00,$23.00,,,$4.80,$18.99,,,,,,5,,,,,2023-06-01
6168897,Baseball Cards 2023 Topps Chrome Black Autographs,Javier Assad [Green] #CBA-JA,$21.50,,,,,,,,,,,$7.20,$23.99,,,,,,5,,,,,2023-06-01
6169198,Baseball Cards 2023 Topps Chrome Black Autographs,Javier Assad [Orange] #CBA-JA,$30.00,,,,,,,,,,,$9.90,$32.99,,,,,,2,,,,,2023-06-01
6169298,Baseball Cards 2023 Topps Chrome Black Autographs,Javier Assad [Red] #CBA-JA,$45.00,,,,,,,,,,,$20.00,$49.99,,,,,,1,,,,,2023-06-01
6168797,Baseball Cards 2023 Topps Chrome Black Autographs,Javier Assad [Refractor] #CBA-JA,$10.00,,$13.15,$22.54,$39.99,$55.62,$72.00,$33.00,$33.00,,,$2.80,$10.99,,,$3.50,$13.99,,8,,,,,2023-06-01
6169399,Baseball Cards 2023 Topps Chrome Black Autographs,Javier Assad [Superfractor] #CBA-JA,,,,,,,,,,,,,,,,,,,0,,,,,2023-06-01
6168696,Baseball Cards 2023 Topps Chrome Black Autographs,Jazz Chisholm Jr. #CBA-JC,$19.24,,,,,,,,,,,$6.30,$20.99,,,,,,4,,,,,2023-06-01
6169098,Baseball Cards 2023 Topps Chrome Black Autographs,Jazz Chisholm Jr. [Gold Mini Diamond] #CBA-JC,$30.87,,,,,,,,,,,$10.20,$33.99,,,,,,4,,,,,2023-06-01
6168997,Baseball Cards 2023 Topps Chrome Black Autographs,Jazz Chisholm Jr. [Gold] #CBA-JC,$26.01,,$26.19,$45.00,$77.65,$97.50,$127.00,$59.00,$59.00,,,$8.70,$28.99,,,$8.70,$28.99,,12,,,,,2023-06-01
6168898,Baseball Cards 2023 Topps Chrome Black Autographs,Jazz Chisholm Jr. [Green] #CBA-JC,$29.99,,$29.46,$60.00,$86.72,$110.00,$143.00,$66.00,$66.00,,,$9.90,$32.99,,,$9.60,$31.99,,13,,,,,2023-06-01
6169199,Baseball Cards 2023 Topps Chrome Black Autographs,Jazz Chisholm Jr. [Orange] #CBA-JC,$45.00,,,,,$84.03,$109.00,$50.00,$50.00,,,$20.00,$49.99,,,,,,6,,,,,2023-06-01
6169299,Baseball Cards 2023 Topps Chrome Black Autographs,Jazz Chisholm Jr. [Red] #CBA-JC,$95.00,,,$224.99,$247.00,,,,,,,$52.50,$105.00,,,,,,2,,,,,2023-06-01
6168798,Baseball Cards 2023 Topps Chrome Black Autographs,Jazz Chisholm Jr. [Refractor] #CBA-JC,$15.50,,$17.63,$22.00,$54.35,$122.45,$159.00,$73.00,$73.00,,,$4.30,$16.99,,,$4.80,$18.99,,17,,,,,2023-06-01
6169400,Baseball Cards 2023 Topps Chrome Black Autographs,Jazz Chisholm Jr. [Superfractor] #CBA-JC,,,,,,,,,,,,,,,,,,,0,,,,,2023-06-01
6168698,Baseball Cards 2023 Topps Chrome Black Autographs,Jeter Downs #CBA-JD,$3.47,,$13.92,$15.01,$27.72,$38.95,$51.00,$23.00,$23.00,,,$0.80,$3.79,,,$3.80,$14.99,,13,,,,,2023-06-01
6169100,Baseball Cards 2023 Topps Chrome Black Autographs,Jeter Downs [Gold Mini Diamond] #CBA-JD,$9.00,,,,,,,,,,,$2.00,$9.89,,,,,,2,,,,,2023-06-01
6168999,Baseball Cards 2023 Topps Chrome Black Autographs,Jeter Downs [Gold] #CBA-JD,$4.50,,,,,,,,,,,$1.00,$4.99,,,,,,2,,,,,2023-06-01
6168900,Baseball Cards 2023 Topps Chrome Black Autographs,Jeter Downs [Green] #CBA-JD,$2.01,,,,,,,,,,,,$2.19,,,,,,5,,,,,2023-06-01
6169201,Baseball Cards 2023 Topps Chrome Black Autographs,Jeter Downs [Orange] #CBA-JD,$13.56,,,,,,,,,,,$3.80,$14.99,,,,,,1,,,,,2023-06-01
6169301,Baseball Cards 2023 Topps Chrome Black Autographs,Jeter Downs [Red] #CBA-JD,$19.30,,,,,,,,,,,$6.30,$20.99,,,,,,1,,,,,2023-06-01
6168800,Baseball Cards 2023 Topps Chrome Black Autographs,Jeter Downs [Refractor] #CBA-JD,$3.35,,,,,,,,,,,,$3.69,,,,,,5,,,,,2023-06-01
6169402,Baseball Cards 2023 Topps Chrome Black Autographs,Jeter Downs [Superfractor] #CBA-JD,,,,,,,,,,,,,,,,,,,0,,,,,2023-06-01
6168704,Baseball Cards 2023 Topps Chrome Black Autographs,Jimmy Rollins #CBA-JRO,$23.75,,$24.36,$46.97,$72.73,$77.38,$101.00,$46.00,$47.00,,,$7.80,$25.99,,,$8.10,$26.99,,17,,,,,2023-06-01
6169106,Baseball Cards 2023 Topps Chrome Black Autographs,Jimmy Rollins [Gold Mini Diamond] #CBA-JRO,$30.01,,,,,$99.99,$130.00,$60.00,$60.00,,,$9.90,$32.99,,,,,,6,,,,,2023-06-01
6169005,Baseball Cards 2023 Topps Chrome Black Autographs,Jimmy Rollins [Gold] #CBA-JRO,$32.40,,$31.42,$64.99,$76.00,$78.00,$101.00,$47.00,$45.00,,,$14.40,$35.99,,,$10.50,$34.99,,11,,,,,2023-06-01
6168906,Baseball Cards 2023 Topps Chrome Black Autographs,Jimmy Rollins [Green] #CBA-JRO,$23.30,,$23.71,$38.00,$71.06,$150.00,$195.00,$90.00,$90.00,,,$7.80,$25.99,,,$7.80,$25.99,,11,,,,,2023-06-01
6169207,Baseball Cards 2023 Topps Chrome Black Autographs,Jimmy Rollins [Orange] #CBA-JRO,$27.76,,,,,$80.00,$104.00,$48.00,$48.00,,,$9.30,$30.99,,,,,,4,,,,,2023-06-01
6169307,Baseball Cards 2023 Topps Chrome Black Autographs,Jimmy Rollins [Red] #CBA-JRO,$132.93,,$99.99,,,,,,,,,$73.00,$146.00,,,$55.00,$110.00,,2,,,,,2023-06-01
6168806,Baseball Cards 2023 Topps Chrome Black Autographs,Jimmy Rollins [Refractor] #CBA-JRO,$20.51,,$21.30,$35.86,$64.43,$125.00,$163.00,$75.00,$75.00,,,$6.90,$22.99,,,$6.90,$22.99,,14,,,,,2023-06-01
6169408,Baseball Cards 2023 Topps Chrome Black Autographs,Jimmy Rollins [Superfractor] #CBA-JRO,,,,,,,,,,,,,,,,,,,0,,,,,2023-06-01
6168697,Baseball Cards 2023 Topps Chrome Black Autographs,Joe Carter #CBA-JCA,$16.50,,$19.86,$32.88,$34.99,$49.99,$65.00,$30.00,$30.00,,,$4.50,$17.99,,,$6.60,$21.99,,25,,,,,2023-06-01
6169099,Baseball Cards 2023 Topps Chrome Black Autographs,Joe Carter [Gold Mini Diamond] #CBA-JCA,$24.85,,,,,,,,,,,$8.10,$26.99,,,,,,1,,,,,2023-06-01
6168998,Baseball Cards 2023 Topps Chrome Black Autographs,Joe Carter [Gold] #CBA-JCA,$27.24,,$27.21,$44.22,$80.53,$100.19,$130.00,$60.00,$60.00,,,$9.00,$29.99,,,$9.00,$29.99,,12,,,,,2023-06-01
6168899,Baseball Cards 2023 Topps Chrome Black Autographs,Joe Carter [Green] #CBA-JCA,$20.00,,$21.29,$35.08,$64.32,$131.01,$170.00,$79.00,$59.99,,,$6.60,$21.99,,,$6.90,$22.99,,10,,,,,2023-06-01
6169200,Baseball Cards 2023 Topps Chrome Black Autographs,Joe Carter [Orange] #CBA-JCA,$36.61,,,,,$157.50,$205.00,$95.00,$95.00,,,$16.00,$39.99,,,,,,4,,,,,2023-06-01
6169300,Baseball Cards 2023 Topps Chrome Black Autographs,Joe Carter [Red] #CBA-JCA,$80.00,,,,,,,,,,,$35.20,$87.99,,,,,,1,,,,,2023-06-01
6168799,Baseball Cards 2023 Topps Chrome Black Autographs,Joe Carter [Refractor] #CBA-JCA,$16.99,,$18.84,$31.31,$57.66,$63.16,$82.00,$38.00,$38.00,,,$4.80,$18.99,,,$6.30,$20.99,,18,,,,,2023-06-01
6169401,Baseball Cards 2023 Topps Chrome Black Autographs,Joe Carter [Superfractor] #CBA-JCA,,,,,,,,,,,,,,,,,,,0,,,,,2023-06-01
6168701,Baseball Cards 2023 Topps Chrome Black Autographs,Joey Meneses #CBA-JME,$2.13,,$6.74,$12.67,$24.73,$35.48,$46.00,$21.00,$16.00,,,,$2.29,,,$1.50,$7.39,,13,,,,,2023-06-01
6169103,Baseball Cards 2023 Topps Chrome Black Autographs,Joey Meneses [Gold Mini Diamond] #CBA-JME,$8.78,,,$70.00,$77.00,,,,,,,$1.90,$9.69,,,,,,2,,,,,2023-06-01
6169002,Baseball Cards 2023 Topps Chrome Black Autographs,Joey Meneses [Gold] #CBA-JME,$15.00,,,$19.99,$22.00,,,,$18.63,,,$4.30,$16.99,,,,,,4,,,,,2023-06-01
6168903,Baseball Cards 2023 Topps Chrome Black Autographs,Joey Meneses [Green] #CBA-JME,$8.88,,,,,,,,$15.50,,,$2.00,$9.79,,,,,,5,,,,,2023-06-01
6169204,Baseball Cards 2023 Topps Chrome Black Autographs,Joey Meneses [Orange] #CBA-JME,$21.77,,,,,,,,,,,$7.20,$23.99,,,,,,2,,,,,2023-06-01
6169304,Baseball Cards 2023 Topps Chrome Black Autographs,Joey Meneses [Red] #CBA-JME,,,,,,,,,,,,,,,,,,,0,,,,,2023-06-01
6168803,Baseball Cards 2023 Topps Chrome Black Autographs,Joey Meneses [Refractor] #CBA-JME,$3.50,,,,,,,,,,,$0.80,$3.89,,,,,,4,,,,,2023-06-01
6169405,Baseball Cards 2023 Topps Chrome Black Autographs,Joey Meneses [Superfractor] #CBA-JME,,,,,,,,,,,,,,,,,,,0,,,,,2023-06-01
6168705,Baseball Cards 2023 Topps Chrome Black Autographs,John Smoltz #CBA-JSM,$34.36,,$32.99,$53.00,$55.00,$116.98,$152.00,$70.00,$70.00,,,$15.20,$37.99,,,$14.40,$35.99,,21,,,,,2023-06-01
6169107,Baseball Cards 2023 Topps Chrome Black Autographs,John Smoltz [Gold Mini Diamond] #CBA-JSM,$42.03,,,,,,,,,,,$18.40,$45.99,,,,,,3,,,,,2023-06-01
6169006,Baseball Cards 2023 Topps Chrome Black Autographs,John Smoltz [Gold] #CBA-JSM,$55.00,,$49.84,$79.10,$142.22,$171.73,$223.00,$103.00,$45.00,,,$24.40,$60.99,,,$22.00,$54.99,,8,,,,,2023-06-01
6168907,Baseball Cards 2023 Topps Chrome Black Autographs,John Smoltz [Green] #CBA-JSM,$50.60,,$46.45,$79.50,$93.00,$95.00,$124.00,$57.00,$57.00,,,$22.40,$55.99,,,$20.40,$50.99,,16,,,,,2023-06-01
6169208,Baseball Cards 2023 Topps Chrome Black Autographs,John Smoltz [Orange] #CBA-JSM,$45.47,,,,,,,,,,,$20.00,$49.99,,,,,,2,,,,,2023-06-01
6169308,Baseball Cards 2023 Topps Chrome Black Autographs,John Smoltz [Red] #CBA-JSM,$125.00,,,$156.45,$172.00,,,,,,,$69.00,$138.00,,,,,,3,,,,,2023-06-01
6168807,Baseball Cards 2023 Topps Chrome Black Autographs,John Smoltz [Refractor] #CBA-JSM,$45.99,,$59.99,$66.00,$115.00,$117.55,$153.00,$71.00,$66.23,,,$20.40,$50.99,,,$26.40,$65.99,,16,,,,,2023-06-01
6169409,Baseball Cards 2023 Topps Chrome Black Autographs,John Smoltz [Superfractor] #CBA-JSM,$295.51,,,,,$369.00,$480.00,$221.00,$221.00,,,$162.50,$325.00,,,,,,2,,,,,2023-06-01
6168700,Baseball Cards 2023 Topps Chrome Black Autographs,Jordan Groshans #CBA-JG,$2.38,,$6.94,$12.99,$25.30,$36.15,$47.00,$22.00,$22.00,,,,$2.59,,,$1.50,$7.59,,9,,,,,2023-06-01
6169102,Baseball Cards 2023 Topps Chrome Black Autographs,Jordan Groshans [Gold Mini Diamond] #CBA-JG,$7.83,,,,,$20.00,$26.00,$12.00,$12.00,,,$1.70,$8.59,,,,,,3,,,,,2023-06-01
6169001,Baseball Cards 2023 Topps Chrome Black Autographs,Jordan Groshans [Gold] #CBA-JG,$5.00,,,,,,,,,,,$1.10,$5.49,,,,,,3,,,,,2023-06-01
6168902,Baseball Cards 2023 Topps Chrome Black Autographs,Jordan Groshans [Green] #CBA-JG,$2.16,,,,,,,,,,,,$2.39,,,,,,4,,,,,2023-06-01
6169203,Baseball Cards 2023 Topps Chrome Black Autographs,Jordan Groshans [Orange] #CBA-JG,$10.98,,,,,,,,,,,$3.00,$11.99,,,,,,1,,,,,2023-06-01
6169303,Baseball Cards 2023 Topps Chrome Black Autographs,Jordan Groshans [Red] #CBA-JG,$9.99,,,,,,,,,,,$2.80,$10.99,,,,,,1,,,,,2023-06-01
6168802,Baseball Cards 2023 Topps Chrome Black Autographs,Jordan Groshans [Refractor] #CBA-JG,$0.99,,,,,,,,,,,,$1.09,,,,,,2,,,,,2023-06-01
6169404,Baseball Cards 2023 Topps Chrome Black Autographs,Jordan Groshans [Superfractor] #CBA-JG,,,,,,,,,,,,,,,,,,,0,,,,,2023-06-01
6168707,Baseball Cards 2023 Topps Chrome Black Autographs,Jordan Walker #CBA-JWA,$180.00,,,,,$71.11,$92.00,$43.00,$43.00,,,$99.00,$198.00,,,,,,2,,,,,2023-06-01
6169109,Baseball Cards 2023 Topps Chrome Black Autographs,Jordan Walker [Gold Mini Diamond] #CBA-JWA,$150.00,,,$162.99,$179.00,,,,,,,$82.50,$165.00,,,,,,3,,,,,2023-06-01
6169008,Baseball Cards 2023 Topps Chrome Black Autographs,Jordan Walker [Gold] #CBA-JWA,$200.00,,,$225.00,$248.00,,,,,,,$110.00,$220.00,,,,,,6,,,,,2023-06-01
6168909,Baseball Cards 2023 Topps Chrome Black Autographs,Jordan Walker [Green] #CBA-JWA,$135.35,,$116.10,$128.00,$181.00,$184.26,$240.00,$111.00,$111.00,,,$74.50,$149.00,,,$64.00,$128.00,,9,,,,,2023-06-01
6169210,Baseball Cards 2023 Topps Chrome Black Autographs,Jordan Walker [Orange] #CBA-JWA,$55.00,,,,,$225.94,$294.00,$136.00,$136.00,,,$24.40,$60.99,,,,,,2,,,,,2023-06-01
6169310,Baseball Cards 2023 Topps Chrome Black Autographs,Jordan Walker [Red] #CBA-JWA,$200.00,,,,,,,,,,,$110.00,$220.00,,,,,,1,,,,,2023-06-01
6168809,Baseball Cards 2023 Topps Chrome Black Autographs,Jordan Walker [Refractor] #CBA-JWA,,,,,,,,,,,,,,,,,,,0,,,,,2023-06-01
6169411,Baseball Cards 2023 Topps Chrome Black Autographs,Jordan Walker [Superfractor] #CBA-JWA,,,,,,,,,,,,,,,,,,,0,,,,,2023-06-01
6168703,Baseball Cards 2023 Topps Chrome Black Autographs,Julio Rodriguez #CBA-JR,$117.50,,$100.24,$108.00,$162.00,$165.39,$215.00,$99.00,$240.00,,,$64.50,$129.00,,,$55.00,$110.00,,14,,,,,2023-06-01
6169105,Baseball Cards 2023 Topps Chrome Black Autographs,Julio Rodriguez [Gold Mini Diamond] #CBA-JR,$133.42,,,$145.87,$160.00,,,,,,,$73.50,$147.00,,,,,,8,,,,,2023-06-01
6169004,Baseball Cards 2023 Topps Chrome Black Autographs,Julio Rodriguez [Gold] #CBA-JR,$170.00,,$143.49,$190.00,$209.00,$269.81,$351.00,$162.00,$162.00,,,$93.50,$187.00,,,$79.00,$158.00,,12,,,,,2023-06-01
6168905,Baseball Cards 2023 Topps Chrome Black Autographs,Julio Rodriguez [Green] #CBA-JR,$117.50,,$100.76,$120.54,$152.50,$225.00,$293.00,$135.00,$135.00,,,$64.50,$129.00,,,$55.50,$111.00,,16,,,,,2023-06-01
6169206,Baseball Cards 2023 Topps Chrome Black Autographs,Julio Rodriguez [Orange] #CBA-JR,$175.00,,$110.00,$121.00,$133.00,$325.00,$423.00,$195.00,$202.50,,,$96.50,$193.00,,,$60.50,$121.00,,6,,,,,2023-06-01
6169306,Baseball Cards 2023 Topps Chrome Black Autographs,Julio Rodriguez [Red] #CBA-JR,$530.62,,,$152.50,$375.00,,,,,,,$350.40,$584.00,,,,,,3,,,,,2023-06-01
6168805,Baseball Cards 2023 Topps Chrome Black Autographs,Julio Rodriguez [Refractor] #CBA-JR,,,,,,,,,,,,,,,,,,,0,,,,,2023-06-01
6169407,Baseball Cards 2023 Topps Chrome Black Autographs,Julio Rodriguez [Superfractor] #CBA-JR,,,,,,,,,,,,,,,,,,,0,,,,,2023-06-01
6168706,Baseball Cards 2023 Topps Chrome Black Autographs,Justin Steele #CBA-JST,,,,,,,,,,,,,,,,,,,0,,,,,2023-06-01
6169108,Baseball Cards 2023 Topps Chrome Black Autographs,Justin Steele [Gold Mini Diamond] #CBA-JST,$25.00,,,$22.50,$25.00,$100.00,$130.00,$60.00,$60.00,,,$8.40,$27.99,,,,,,4,,,,,2023-06-01
6169007,Baseball Cards 2023 Topps Chrome Black Autographs,Justin Steele [Gold] #CBA-JST,$24.97,,$25.33,$41.32,$75.38,$94.16,$122.00,$57.00,$57.00,,,$8.10,$26.99,,,$8.40,$27.99,,9,,,,,2023-06-01
6168908,Baseball Cards 2023 Topps Chrome Black Autographs,Justin Steele [Green] #CBA-JST,$25.64,,,,,,,,,,,$8.40,$27.99,,,,,,4,,,,,2023-06-01
6169209,Baseball Cards 2023 Topps Chrome Black Autographs,Justin Steele [Orange] #CBA-JST,$50.67,,,,,,,,,,,$22.40,$55.99,,,,,,2,,,,,2023-06-01
6169309,Baseball Cards 2023 Topps Chrome Black Autographs,Justin Steele [Red] #CBA-JST,$125.00,,,,,,,,,,,$69.00,$138.00,,,,,,1,,,,,2023-06-01
6168808,Baseball Cards 2023 Topps Chrome Black Autographs,Justin Steele [Refractor] #CBA-JST,$29.57,,,,,,,,,,,$9.90,$32.99,,,,,,4,,,,,2023-06-01
6169410,Baseball Cards 2023 Topps Chrome Black Autographs,Justin Steele [Superfractor] #CBA-JST,,,,,,,,,,,,,,,,,,,0,,,,,2023-06-01
6168709,Baseball Cards 2023 Topps Chrome Black Autographs,Ke'Bryan Hayes #CBA-KH,$3.00,,$7.44,$10.50,$26.65,$37.70,$49.00,$23.00,$23.00,,,,$3.29,,,$1.60,$8.19,,26,,,,,2023-06-01
6169111,Baseball Cards 2023 Topps Chrome Black Autographs,Ke'Bryan Hayes [Gold Mini Diamond] #CBA-KH,$14.21,,,$23.50,$26.00,,,,,,,$4.00,$15.99,,,,,,5,,,,,2023-06-01
6169010,Baseball Cards 2023 Topps Chrome Black Autographs,Ke'Bryan Hayes [Gold] #CBA-KH,$10.00,,,,,,,,,,,$2.80,$10.99,,,,,,5,,,,,2023-06-01
6168911,Baseball Cards 2023 Topps Chrome Black Autographs,Ke'Bryan Hayes [Green] #CBA-KH,$11.70,,$14.54,$24.69,$45.99,$60.12,$78.00,$36.00,$36.00,,,$3.30,$12.99,,,$4.00,$15.99,,7,,,,,2023-06-01
6169212,Baseball Cards 2023 Topps Chrome Black Autographs,Ke'Bryan Hayes [Orange] #CBA-KH,$9.99,,,,,,,,,,,$2.80,$10.99,,,,,,2,,,,,2023-06-01
6169312,Baseball Cards 2023 Topps Chrome Black Autographs,Ke'Bryan Hayes [Red] #CBA-KH,$65.90,,,,,,,,,,,$28.80,$71.99,,,,,,1,,,,,2023-06-01
6168811,Baseball Cards 2023 Topps Chrome Black Autographs,Ke'Bryan Hayes [Refractor] #CBA-KH,$6.41,,$10.22,$18.05,$34.23,$46.48,$60.00,$28.00,$28.00,,,$1.40,$7.09,,,$2.80,$10.99,,11,,,,,2023-06-01
6169413,Baseball Cards 2023 Topps Chrome Black Autographs,Ke'Bryan Hayes [Superfractor] #CBA-KH,,,,,,,,,,,,,,,,,,,0,,,,,2023-06-01
6168713,Baseball Cards 2023 Topps Chrome Black Autographs,Ken Waldichuk #CBA-KW,$1.80,,$6.47,$12.26,$23.99,$34.62,$45.00,$21.00,$21.00,,,,$1.99,,,$1.40,$7.09,,13,,,,,2023-06-01
6169115,Baseball Cards 2023 Topps Chrome Black Autographs,Ken Waldichuk [Gold Mini Diamond] #CBA-KW,$3.99,,,,,,,,,,,$0.90,$4.39,,,,,,1,,,,,2023-06-01
6169014,Baseball Cards 2023 Topps Chrome Black Autographs,Ken Waldichuk [Gold] #CBA-KW,$2.99,,,,,,,,,,,,$3.29,,,,,,2,,,,,2023-06-01
6168915,Baseball Cards 2023 Topps Chrome Black Autographs,Ken Waldichuk [Green] #CBA-KW,$3.56,,,,,,,,,,,$0.80,$3.89,,,,,,3,,,,,2023-06-01
6169216,Baseball Cards 2023 Topps Chrome Black Autographs,Ken Waldichuk [Orange] #CBA-KW,$8.29,,,,,,,,,,,$1.80,$9.09,,,,,,1,,,,,2023-06-01
6169316,Baseball Cards 2023 Topps Chrome Black Autographs,Ken Waldichuk [Red] #CBA-KW,$1.25,,,,,,,,,,,,$1.39,,,,,,1,,,,,2023-06-01
6168815,Baseball Cards 2023 Topps Chrome Black Autographs,Ken Waldichuk [Refractor] #CBA-KW,$4.36,,,,,,,,,,,$1.00,$4.79,,,,,,3,,,,,2023-06-01
6169417,Baseball Cards 2023 Topps Chrome Black Autographs,Ken Waldichuk [Superfractor] #CBA-KW,$175.00,,,,,,,,,,,$96.50,$193.00,,,,,,1,,,,,2023-06-01
6168711,Baseball Cards 2023 Topps Chrome Black Autographs,Kenny Lofton #CBA-KLO,$18.02,,$20.99,$34.64,$41.00,$42.00,$55.00,$25.00,$25.00,,,$5.00,$19.99,,,$6.90,$22.99,,24,,,,,2023-06-01
6169113,Baseball Cards 2023 Topps Chrome Black Autographs,Kenny Lofton [Gold Mini Diamond] #CBA-KLO,$41.96,,,,,,,,,,,$18.40,$45.99,,,,,,2,,,,,2023-06-01
6169012,Baseball Cards 2023 Topps Chrome Black Autographs,Kenny Lofton [Gold] #CBA-KLO,$21.75,,$22.74,$37.36,$68.42,$86.25,$112.00,$52.00,$52.00,,,$7.20,$23.99,,,$7.50,$24.99,,9,,,,,2023-06-01
6168913,Baseball Cards 2023 Topps Chrome Black Autographs,Kenny Lofton [Green] #CBA-KLO,$17.46,,$19.25,$31.97,$58.86,$75.08,$98.00,$45.00,$45.00,,,$4.80,$18.99,,,$6.30,$20.99,,12,,,,,2023-06-01
6169214,Baseball Cards 2023 Topps Chrome Black Autographs,Kenny Lofton [Orange] #CBA-KLO,$56.26,,,,,,,,,,,$24.80,$61.99,,,,,,2,,,,,2023-06-01
6169314,Baseball Cards 2023 Topps Chrome Black Autographs,Kenny Lofton [Red] #CBA-KLO,$475.00,,,,,$100.00,$130.00,$60.00,$60.00,,,$313.80,$523.00,,,,,,1,,,,,2023-06-01
6168813,Baseball Cards 2023 Topps Chrome Black Autographs,Kenny Lofton [Refractor] #CBA-KLO,$20.00,,$21.30,$35.11,$64.39,$81.41,$106.00,$49.00,$51.00,,,$6.60,$21.99,,,$6.90,$22.99,,11,,,,,2023-06-01
6169415,Baseball Cards 2023 Topps Chrome Black Autographs,Kenny Lofton [Superfractor] #CBA-KLO,$499.95,,,,,,,,,,,$330.00,$550.00,,,,,,1,,,,,2023-06-01
6168708,Baseball Cards 2023 Topps Chrome Black Autographs,Kody Clemens #CBA-KC,$8.98,,$11.72,$20.35,$38.30,$51.19,$67.00,$31.00,$31.00,,,$2.00,$9.89,,,$3.30,$12.99,,15,,,,,2023-06-01
6169110,Baseball Cards 2023 Topps Chrome Black Autographs,Kody Clemens [Gold Mini Diamond] #CBA-KC,$19.99,,,$24.99,$27.00,,,,,,,$6.60,$21.99,,,,,,3,,,,,2023-06-01
6169009,Baseball Cards 2023 Topps Chrome Black Autographs,Kody Clemens [Gold] #CBA-KC,$18.75,,,,,,,,,,,$6.30,$20.99,,,,,,5,,,,,2023-06-01
6168910,Baseball Cards 2023 Topps Chrome Black Autographs,Kody Clemens [Green] #CBA-KC,$10.40,,,$10.00,$11.00,,,,,,,$2.80,$10.99,,,,,,4,,,,,2023-06-01
6169211,Baseball Cards 2023 Topps Chrome Black Autographs,Kody Clemens [Orange] #CBA-KC,$30.00,,,,,,,,,,,$9.90,$32.99,,,,,,2,,,,,2023-06-01
6169311,Baseball Cards 2023 Topps Chrome Black Autographs,Kody Clemens [Red] #CBA-KC,,,,,,,,,,,,,,,,,,,0,,,,,2023-06-01
6168810,Baseball Cards 2023 Topps Chrome Black Autographs,Kody Clemens [Refractor] #CBA-KC,$7.27,,,,,,,,,,,$1.60,$7.99,,,,,,4,,,,,2023-06-01
6169412,Baseball Cards 2023 Topps Chrome Black Autographs,Kody Clemens [Superfractor] #CBA-KC,$286.10,,,,,,,,,,,$157.50,$315.00,,,,,,0,,,,,2023-06-01
6168710,Baseball Cards 2023 Topps Chrome Black Autographs,Korey Lee #CBA-KL,$3.92,,$8.26,$15.03,$16.00,$16.34,$21.00,$10.00,$10.00,,,$0.90,$4.29,,,$1.80,$9.09,,14,,,,,2023-06-01
6169112,Baseball Cards 2023 Topps Chrome Black Autographs,Korey Lee [Gold Mini Diamond] #CBA-KL,$14.99,,,,,,,,,,,$4.00,$15.99,,,,,,1,,,,,2023-06-01
6169011,Baseball Cards 2023 Topps Chrome Black Autographs,Korey Lee [Gold] #CBA-KL,$5.19,,,,,,,,,,,$1.10,$5.69,,,,,,2,,,,,2023-06-01
6168912,Baseball Cards 2023 Topps Chrome Black Autographs,Korey Lee [Green] #CBA-KL,$4.13,,,,,,,,,,,$0.90,$4.49,,,,,,1,,,,,2023-06-01
6169213,Baseball Cards 2023 Topps Chrome Black Autographs,Korey Lee [Orange] #CBA-KL,$5.59,,,,,,,,,,,$1.20,$6.19,,,,,,1,,,,,2023-06-01
6169313,Baseball Cards 2023 Topps Chrome Black Autographs,Korey Lee [Red] #CBA-KL,,,,,,,,,,,,,,,,,,,0,,,,,2023-06-01
6168812,Baseball Cards 2023 Topps Chrome Black Autographs,Korey Lee [Refractor] #CBA-KL,$5.26,,,,,,,,,,,$1.20,$5.79,,,,,,3,,,,,2023-06-01
6169414,Baseball Cards 2023 Topps Chrome Black Autographs,Korey Lee [Superfractor] #CBA-KL,,,,,,,,,,,,,,,,,,,0,,,,,2023-06-01
6168712,Baseball Cards 2023 Topps Chrome Black Autographs,Kyle Stowers #CBA-KST,$12.00,,$16.39,$27.55,$30.00,$33.00,$43.00,$20.00,$20.00,,,$3.30,$12.99,,,$4.50,$17.99,,35,,,,,2023-06-01
6169114,Baseball Cards 2023 Topps Chrome Black Autographs,Kyle Stowers [Gold Mini Diamond] #CBA-KST,$31.63,,,$54.99,$57.00,$58.00,$75.00,$35.00,$35.00,,,$10.50,$34.99,,,,,,4,,,,,2023-06-01
6169013,Baseball Cards 2023 Topps Chrome Black Autographs,Kyle Stowers [Gold] #CBA-KST,$55.00,,$49.83,$79.11,$142.25,$171.84,$223.00,$103.00,$103.00,,,$24.40,$60.99,,,$22.00,$54.99,,7,,,,,2023-06-01
6168914,Baseball Cards 2023 Topps Chrome Black Autographs,Kyle Stowers [Green] #CBA-KST,$30.88,,$30.16,$48.73,$88.44,$109.15,$142.00,$65.00,$65.00,,,$10.20,$33.99,,,$9.90,$32.99,,8,,,,,2023-06-01
6169215,Baseball Cards 2023 Topps Chrome Black Autographs,Kyle Stowers [Orange] #CBA-KST,$30.03,,,,,,,,,,,$9.90,$32.99,,,,,,1,,,,,2023-06-01
6169315,Baseball Cards 2023 Topps Chrome Black Autographs,Kyle Stowers [Red] #CBA-KST,$200.00,,,,,,,,,,,$110.00,$220.00,,,,,,1,,,,,2023-06-01
6168814,Baseball Cards 2023 Topps Chrome Black Autographs,Kyle Stowers [Refractor] #CBA-KST,$18.14,,$19.79,$42.51,$59.00,$59.82,$78.00,$36.00,$36.00,,,$5.00,$19.99,,,$6.60,$21.99,,13,,,,,2023-06-01
6169416,Baseball Cards 2023 Topps Chrome Black Autographs,Kyle Stowers [Superfractor] #CBA-KST,,,,,,,,,,,,,,,,,,,0,,,,,2023-06-01
6168719,Baseball Cards 2023 Topps Chrome Black Autographs,Larry Walker #CBA-LWA,$19.77,,$21.18,$34.94,$64.10,$81.13,$105.00,$49.00,$49.00,,,$6.60,$21.99,,,$6.90,$22.99,,16,,,,,2023-06-01
6169121,Baseball Cards 2023 Topps Chrome Black Autographs,Larry Walker [Gold Mini Diamond] #CBA-LWA,$35.00,,,,,,,,,,,$15.60,$38.99,,,,,,4,,,,,2023-06-01
6169020,Baseball Cards 2023 Topps Chrome Black Autographs,Larry Walker [Gold] #CBA-LWA,$39.95,,$37.59,$60.29,$109.02,$133.54,$174.00,$80.00,$80.00,,,$17.60,$43.99,,,$16.40,$40.99,,6,,,,,2023-06-01
6168921,Baseball Cards 2023 Topps Chrome Black Autographs,Larry Walker [Green] #CBA-LWA,$23.70,,$24.35,$29.00,$59.00,$60.00,$78.00,$36.00,$36.00,,,$7.80,$25.99,,,$8.10,$26.99,,11,,,,,2023-06-01
6169222,Baseball Cards 2023 Topps Chrome Black Autographs,Larry Walker [Orange] #CBA-LWA,$37.00,,,$31.00,$34.00,$120.00,$156.00,$72.00,$72.00,,,$16.40,$40.99,,,,,,5,,,,,2023-06-01
6169322,Baseball Cards 2023 Topps Chrome Black Autographs,Larry Walker [Red] #CBA-LWA,,,,,,,,,,,,,,,,,,,0,,,,,2023-06-01
6168821,Baseball Cards 2023 Topps Chrome Black Autographs,Larry Walker [Refractor] #CBA-LWA,$17.50,,$19.27,$32.00,$58.92,$61.16,$80.00,$37.00,$65.73,,,$4.80,$18.99,,,$6.30,$20.99,,13,,,,,2023-06-01
6169423,Baseball Cards 2023 Topps Chrome Black Autographs,Larry Walker [Superfractor] #CBA-LWA,,,,,,,,,,,,,,,,,,,0,,,,,2023-06-01
6168717,Baseball Cards 2023 Topps Chrome Black Autographs,Liover Peguero #CBA-LP,$2.13,,$6.78,$12.75,$24.86,$35.62,$46.00,$21.00,$21.00,,,,$2.29,,,$1.50,$7.49,,14,,,,,2023-06-01
6169119,Baseball Cards 2023 Topps Chrome Black Autographs,Liover Peguero [Gold Mini Diamond] #CBA-LP,$13.03,,$9.50,$10.00,$11.00,,,,,,,$3.50,$13.99,,,$2.00,$9.99,,3,,,,,2023-06-01
6169018,Baseball Cards 2023 Topps Chrome Black Autographs,Liover Peguero [Gold] #CBA-LP,$5.50,,,$6.50,$7.00,,,,,,,$1.20,$6.09,,,,,,3,,,,,2023-06-01
6168919,Baseball Cards 2023 Topps Chrome Black Autographs,Liover Peguero [Green] #CBA-LP,$5.72,,,$8.77,$10.00,$15.50,$20.00,$9.00,$9.00,,,$1.30,$6.29,,,,,,6,,,,,2023-06-01
6169220,Baseball Cards 2023 Topps Chrome Black Autographs,Liover Peguero [Orange] #CBA-LP,$3.12,,,$10.00,$11.00,,,,,,,,$3.39,,,,,,3,,,,,2023-06-01
6169320,Baseball Cards 2023 Topps Chrome Black Autographs,Liover Peguero [Red] #CBA-LP,,,,,,,,,,,,,,,,,,,0,,,,,2023-06-01
6168819,Baseball Cards 2023 Topps Chrome Black Autographs,Liover Peguero [Refractor] #CBA-LP,$5.49,,,,$10.01,,,,,,,$1.20,$5.99,,,,,,6,,,,,2023-06-01
6169421,Baseball Cards 2023 Topps Chrome Black Autographs,Liover Peguero [Superfractor] #CBA-LP,,,,,,,,,,,,,,,,,,,0,,,,,2023-06-01
6168715,Baseball Cards 2023 Topps Chrome Black Autographs,Logan O'Hoppe #CBA-LO,$19.99,,$48.87,$54.00,$59.00,$67.50,$88.00,$41.00,$41.00,,,$6.60,$21.99,,,$21.60,$53.99,,26,,,,,2023-06-01
6169117,Baseball Cards 2023 Topps Chrome Black Autographs,Logan O'Hoppe [Gold Mini Diamond] #CBA-LO,$21.78,,,,,$134.39,$175.00,$81.00,$81.00,,,$7.20,$23.99,,,,,,5,,,,,2023-06-01
6169016,Baseball Cards 2023 Topps Chrome Black Autographs,Logan O'Hoppe [Gold] #CBA-LO,$50.00,,,,,,,,,,,$22.00,$54.99,,,,,,4,,,,,2023-06-01
6168917,Baseball Cards 2023 Topps Chrome Black Autographs,Logan O'Hoppe [Green] #CBA-LO,$19.25,,$20.69,$65.00,$65.00,$66.00,$86.00,$40.00,$40.00,,,$6.30,$20.99,,,$6.90,$22.99,,11,,,,,2023-06-01
6169218,Baseball Cards 2023 Topps Chrome Black Autographs,Logan O'Hoppe [Orange] #CBA-LO,$105.91,,,,,,,,,,,$58.50,$117.00,,,,,,2,,,,,2023-06-01
6169318,Baseball Cards 2023 Topps Chrome Black Autographs,Logan O'Hoppe [Red] #CBA-LO,$272.38,,,,,,,,,,,$150.00,$300.00,,,,,,1,,,,,2023-06-01
6168817,Baseball Cards 2023 Topps Chrome Black Autographs,Logan O'Hoppe [Refractor] #CBA-LO,$22.26,,$23.14,$37.94,$69.39,$75.00,$98.00,$45.00,$45.00,,,$7.20,$23.99,,,$7.50,$24.99,,13,,,,,2023-06-01
6169419,Baseball Cards 2023 Topps Chrome Black Autographs,Logan O'Hoppe [Superfractor] #CBA-LO,,,,,,,,,,,,,,,,,,,0,,,,,2023-06-01
6168714,Baseball Cards 2023 Topps Chrome Black Autographs,Luis Castillo #CBA-LC,$12.00,,$14.78,$28.82,$31.00,$32.00,$42.00,$19.00,$19.00,,,$3.30,$12.99,,,$4.00,$15.99,,26,,,,,2023-06-01
6169116,Baseball Cards 2023 Topps Chrome Black Autographs,Luis Castillo [Gold Mini Diamond] #CBA-LC,$22.70,,,,,$97.66,$127.00,$59.00,$59.00,,,$7.50,$24.99,,,,,,5,,,,,2023-06-01
6169015,Baseball Cards 2023 Topps Chrome Black Autographs,Luis Castillo [Gold] #CBA-LC,$27.29,,$27.21,$44.22,$80.49,$100.03,$130.00,$60.00,$60.00,,,$9.00,$29.99,,,$9.00,$29.99,,9,,,,,2023-06-01
6168916,Baseball Cards 2023 Topps Chrome Black Autographs,Luis Castillo [Green] #CBA-LC,$10.87,,,,,,,,,,,$3.00,$11.99,,,,,,5,,,,,2023-06-01
6169217,Baseball Cards 2023 Topps Chrome Black Autographs,Luis Castillo [Orange] #CBA-LC,$26.00,,,$29.00,$32.00,,,,,,,$8.70,$28.99,,,,,,3,,,,,2023-06-01
6169317,Baseball Cards 2023 Topps Chrome Black Autographs,Luis Castillo [Red] #CBA-LC,$70.69,,,,,,,,$149.99,,,$31.20,$77.99,,,,,,1,,,,,2023-06-01
6168816,Baseball Cards 2023 Topps Chrome Black Autographs,Luis Castillo [Refractor] #CBA-LC,$17.00,,$18.85,$31.34,$57.74,$73.71,$96.00,$44.00,$44.00,,,$4.80,$18.99,,,$6.30,$20.99,,12,,,,,2023-06-01
6169418,Baseball Cards 2023 Topps Chrome Black Autographs,Luis Castillo [Superfractor] #CBA-LC,$346.96,,,,,,,,,,,$191.00,$382.00,,,,,,1,,,,,2023-06-01
6168716,Baseball Cards 2023 Topps Chrome Black Autographs,Luis Ortiz #CBA-LO,$40.00,,,,,,,,,,,$17.60,$43.99,,,,,,1,,,,,2023-06-01
6169118,Baseball Cards 2023 Topps Chrome Black Autographs,Luis Ortiz [Gold Mini Diamond] #CBA-LO,$5.80,,,,,,,,,,,$1.30,$6.39,,,,,,1,,,,,2023-06-01
6169017,Baseball Cards 2023 Topps Chrome Black Autographs,Luis Ortiz [Gold] #CBA-LO,$25.12,,,,,,,,,,,$8.40,$27.99,,,,,,4,,,,,2023-06-01
6168918,Baseball Cards 2023 Topps Chrome Black Autographs,Luis Ortiz [Green] #CBA-LO,$46.47,,,,$50.00,,,,,,,$20.40,$50.99,,,,,,3,,,,,2023-06-01
6169219,Baseball Cards 2023 Topps Chrome Black Autographs,Luis Ortiz [Orange] #CBA-LO,$25.30,,,,,,,,,,,$8.40,$27.99,,,,,,3,,,,,2023-06-01
6169319,Baseball Cards 2023 Topps Chrome Black Autographs,Luis Ortiz [Red] #CBA-LO,$99.00,,,,,,,,,,,$54.50,$109.00,,,,,,1,,,,,2023-06-01
6168818,Baseball Cards 2023 Topps Chrome Black Autographs,Luis Ortiz [Refractor] #CBA-LO,$5.99,,,,,$29.00,$38.00,$17.00,$17.00,,,$1.30,$6.59,,,,,,4,,,,,2023-06-01
6169420,Baseball Cards 2023 Topps Chrome Black Autographs,Luis Ortiz [Superfractor] #CBA-LO,$132.58,,,,,,,,,,,$73.00,$146.00,,,,,,1,,,,,2023-06-01
6168718,Baseball Cards 2023 Topps Chrome Black Autographs,Luis Robert #CBA-LR,$18.66,,$20.18,$33.41,$61.43,$78.15,$102.00,$47.00,$30.00,,,$6.30,$20.99,,,$6.60,$21.99,,14,,,,,2023-06-01
6169120,Baseball Cards 2023 Topps Chrome Black Autographs,Luis Robert [Gold Mini Diamond] #CBA-LR,$25.00,,,,,$50.00,$65.00,$30.00,$30.00,,,$8.40,$27.99,,,,,,3,,,,,2023-06-01
6169019,Baseball Cards 2023 Topps Chrome Black Autographs,Luis Robert [Gold] #CBA-LR,$19.82,,$21.15,$37.32,$43.00,$80.82,$105.00,$48.00,$48.00,,,$6.60,$21.99,,,$6.90,$22.99,,9,,,,,2023-06-01
6168920,Baseball Cards 2023 Topps Chrome Black Autographs,Luis Robert [Green] #CBA-LR,$25.00,,$25.39,$51.92,$75.60,$94.53,$123.00,$57.00,$57.00,,,$8.40,$27.99,,,$8.40,$27.99,,13,,,,,2023-06-01
6169221,Baseball Cards 2023 Topps Chrome Black Autographs,Luis Robert [Orange] #CBA-LR,$43.00,,,$99.00,$109.00,,,,,,,$18.80,$46.99,,,,,,4,,,,,2023-06-01
6169321,Baseball Cards 2023 Topps Chrome Black Autographs,Luis Robert [Red] #CBA-LR,$100.00,,,,,,,,$40.00,,,$55.00,$110.00,,,,,,1,,,,,2023-06-01
6168820,Baseball Cards 2023 Topps Chrome Black Autographs,Luis Robert [Refractor] #CBA-LR,$14.86,,$17.13,$28.71,$53.09,$68.40,$89.00,$41.00,$37.00,,,$4.00,$15.99,,,$4.80,$18.99,,12,,,,,2023-06-01
6169422,Baseball Cards 2023 Topps Chrome Black Autographs,Luis Robert [Superfractor] #CBA-LR,,,,,,,,,,,,,,,,,,,0,,,,,2023-06-01
6168728,Baseball Cards 2023 Topps Chrome Black Autographs,Marcus Semien #CBA-MS,$11.18,,$16.22,$27.28,$32.00,$33.00,$43.00,$20.00,$20.00,,,$3.00,$11.99,,,$4.50,$17.99,,17,,,,,2023-06-01
6169130,Baseball Cards 2023 Topps Chrome Black Autographs,Marcus Semien [Gold Mini Diamond] #CBA-MS,$29.00,,,,,$120.00,$156.00,$72.00,$72.00,,,$9.60,$31.99,,,,,,3,,,,,2023-06-01
6169029,Baseball Cards 2023 Topps Chrome Black Autographs,Marcus Semien [Gold] #CBA-MS,$22.50,,$23.33,$38.24,$69.92,$87.80,$114.00,$53.00,$53.00,,,$7.50,$24.99,,,$7.80,$25.99,,8,,,,,2023-06-01
6168929,Baseball Cards 2023 Topps Chrome Black Autographs,Marcus Semien [Green] #CBA-MS,$20.75,,$21.97,$36.15,$66.26,$83.65,$109.00,$50.00,$50.00,,,$6.90,$22.99,,,$7.20,$23.99,,8,,,,,2023-06-01
6169231,Baseball Cards 2023 Topps Chrome Black Autographs,Marcus Semien [Orange] #CBA-MS,$37.50,,,,,,,,,,,$16.40,$40.99,,,,,,2,,,,,2023-06-01
6169331,Baseball Cards 2023 Topps Chrome Black Autographs,Marcus Semien [Red] #CBA-MS,,,,,,,,,,,,,,,,,,,0,,,,,2023-06-01
6168829,Baseball Cards 2023 Topps Chrome Black Autographs,Marcus Semien [Refractor] #CBA-MS,$14.50,,$16.68,$17.51,$51.86,$66.99,$87.00,$40.00,$40.00,,,$4.00,$15.99,,,$4.50,$17.99,,11,,,,,2023-06-01
6169432,Baseball Cards 2023 Topps Chrome Black Autographs,Marcus Semien [Superfractor] #CBA-MS,,,,,,,,,,,,,,,,,,,0,,,,,2023-06-01
6168727,Baseball Cards 2023 Topps Chrome Black Autographs,Mariano Rivera #CBA-MR,$148.50,,$165.12,$197.50,$270.00,$275.00,$358.00,$165.00,$300.00,,,$81.50,$163.00,,,$91.00,$182.00,,22,,,,,2023-06-01
6169129,Baseball Cards 2023 Topps Chrome Black Autographs,Mariano Rivera [Gold Mini Diamond] #CBA-MR,,,,,,,,,,,,,,,,,,,0,,,,,2023-06-01
6169028,Baseball Cards 2023 Topps Chrome Black Autographs,Mariano Rivera [Gold] #CBA-MR,$220.25,,$100.00,$286.19,$490.00,$499.99,$650.00,$300.00,$300.00,,,$121.00,$242.00,,,$55.00,$110.00,,9,,,,,2023-06-01
6177289,Baseball Cards 2023 Topps Chrome Black Autographs,Mariano Rivera [Green] #CBA-MR,,,,,,,,,,,,,,,,,,,0,,,,,2023-06-01
6169230,Baseball Cards 2023 Topps Chrome Black Autographs,Mariano Rivera [Orange] #CBA-MR,$158.17,,,,,,,,,,,$87.00,$174.00,,,,,,2,,,,,2023-06-01
6169330,Baseball Cards 2023 Topps Chrome Black Autographs,Mariano Rivera [Red] #CBA-MR,$210.26,,,,,$340.00,$442.00,$204.00,$204.00,,,$115.50,$231.00,,,,,,2,,,,,2023-06-01
6168828,Baseball Cards 2023 Topps Chrome Black Autographs,Mariano Rivera [Refractor] #CBA-MR,,,,,,,,,,,,,,,,,,,0,,,,,2023-06-01
6169431,Baseball Cards 2023 Topps Chrome Black Autographs,Mariano Rivera [Superfractor] #CBA-MR,,,,,,,,,,,,,,,,,,,0,,,,,2023-06-01
6168720,Baseball Cards 2023 Topps Chrome Black Autographs,Mark Appel #CBA-MA,$3.19,,$7.67,$14.11,$27.28,$38.46,$50.00,$23.00,$23.00,,,,$3.49,,,$1.70,$8.39,,13,,,,,2023-06-01
6169122,Baseball Cards 2023 Topps Chrome Black Autographs,Mark Appel [Gold Mini Diamond] #CBA-MA,$6.00,,,,,,,,,,,$1.30,$6.59,,,,,,1,,,,,2023-06-01
6169021,Baseball Cards 2023 Topps Chrome Black Autographs,Mark Appel [Gold] #CBA-MA,$7.99,,,,,,,,,,,$1.80,$8.79,,,,,,2,,,,,2023-06-01
6168922,Baseball Cards 2023 Topps Chrome Black Autographs,Mark Appel [Green] #CBA-MA,$4.76,,,,,,,,,,,$1.00,$5.19,,,,,,2,,,,,2023-06-01
6169223,Baseball Cards 2023 Topps Chrome Black Autographs,Mark Appel [Orange] #CBA-MA,$6.28,,,,,,,,,,,$1.40,$6.89,,,,,,1,,,,,2023-06-01
6169323,Baseball Cards 2023 Topps Chrome Black Autographs,Mark Appel [Red] #CBA-MA,,,,,,,,,,,,,,,,,,,0,,,,,2023-06-01
6168822,Baseball Cards 2023 Topps Chrome Black Autographs,Mark Appel [Refractor] #CBA-MA,$7.43,,$11.05,$19.33,$36.49,$49.09,$64.00,$29.00,$29.00,,,$1.60,$8.19,,,$3.00,$11.99,,6,,,,,2023-06-01
6169424,Baseball Cards 2023 Topps Chrome Black Autographs,Mark Appel [Superfractor] #CBA-MA,,,,,,,,,,,,,,,,,,,0,,,,,2023-06-01
6168730,Baseball Cards 2023 Topps Chrome Black Autographs,Mark Teixeira #CBA-MTE,$20.86,,$22.00,$36.19,$42.00,$83.65,$109.00,$50.00,$50.00,,,$6.90,$22.99,,,$7.20,$23.99,,17,,,,,2023-06-01
6169132,Baseball Cards 2023 Topps Chrome Black Autographs,Mark Teixeira [Gold Mini Diamond] #CBA-MTE,$12.16,,,,,,,,,,,$3.30,$12.99,,,,,,3,,,,,2023-06-01
6169031,Baseball Cards 2023 Topps Chrome Black Autographs,Mark Teixeira [Gold] #CBA-MTE,$28.05,,$27.85,$45.21,$82.26,$102.13,$133.00,$61.00,$61.00,,,$9.30,$30.99,,,$9.30,$30.99,,7,,,,,2023-06-01
6168931,Baseball Cards 2023 Topps Chrome Black Autographs,Mark Teixeira [Green] #CBA-MTE,$36.25,,$25.38,$41.41,$75.55,$94.41,$123.00,$57.00,$57.00,,,$16.00,$39.99,,,$8.40,$27.99,,12,,,,,2023-06-01
6169233,Baseball Cards 2023 Topps Chrome Black Autographs,Mark Teixeira [Orange] #CBA-MTE,$51.51,,,,,,,,,,,$22.80,$56.99,,,,,,4,,,,,2023-06-01
6169333,Baseball Cards 2023 Topps Chrome Black Autographs,Mark Teixeira [Red] #CBA-MTE,,,,,,,,,,,,,,,,,,,0,,,,,2023-06-01
6168831,Baseball Cards 2023 Topps Chrome Black Autographs,Mark Teixeira [Refractor] #CBA-MTE,$23.22,,$23.93,$31.50,$70.00,$71.00,$92.00,$43.00,$43.00,,,$7.80,$25.99,,,$7.80,$25.99,,15,,,,,2023-06-01
6169434,Baseball Cards 2023 Topps Chrome Black Autographs,Mark Teixeira [Superfractor] #CBA-MTE,,,,,,,,,,,,,,,,,,,0,,,,,2023-06-01
6168732,Baseball Cards 2023 Topps Chrome Black Autographs,Mark Vientos #CBA-MV,$20.47,,$21.69,$35.70,$65.42,$78.75,$102.00,$47.00,$47.00,,,$6.90,$22.99,,,$7.20,$23.99,,18,,,,,2023-06-01
6169134,Baseball Cards 2023 Topps Chrome Black Autographs,Mark Vientos [Gold Mini Diamond] #CBA-MV,$68.00,,,,$75.00,$399.00,$519.00,$239.00,$239.00,,,$30.00,$74.99,,,,,,4,,,,,2023-06-01
6169033,Baseball Cards 2023 Topps Chrome Black Autographs,Mark Vientos [Gold] #CBA-MV,$75.00,,,$89.99,$99.00,,,,,,,$33.20,$82.99,,,,,,5,,,,,2023-06-01
6168933,Baseball Cards 2023 Topps Chrome Black Autographs,Mark Vientos [Green] #CBA-MV,$19.99,,$21.29,$35.08,$64.33,$80.00,$104.00,$48.00,$48.00,,,$6.60,$21.99,,,$6.90,$22.99,,8,,,,,2023-06-01
6169235,Baseball Cards 2023 Topps Chrome Black Autographs,Mark Vientos [Orange] #CBA-MV,$98.22,,,,,$320.11,$416.00,$192.00,$192.00,,,$54.00,$108.00,,,,,,3,,,,,2023-06-01
6169335,Baseball Cards 2023 Topps Chrome Black Autographs,Mark Vientos [Red] #CBA-MV,$198.51,,,,,,,,,,,$109.00,$218.00,,,,,,1,,,,,2023-06-01
6168833,Baseball Cards 2023 Topps Chrome Black Autographs,Mark Vientos [Refractor] #CBA-MV,$40.00,,$37.60,$40.50,$108.83,$133.75,$174.00,$80.00,$80.00,,,$17.60,$43.99,,,$16.40,$40.99,,11,,,,,2023-06-01
6169436,Baseball Cards 2023 Topps Chrome Black Autographs,Mark Vientos [Superfractor] #CBA-MV,,,,,,,,,,,,,,,,,,,0,,,,,2023-06-01
6168734,Baseball Cards 2023 Topps Chrome Black Autographs,Masataka Yoshida #CBA-MY,$27.57,,,,,$55.75,$72.00,$33.00,$33.00,,,$9.00,$29.99,,,,,,3,,,,,2023-06-01
6169136,Baseball Cards 2023 Topps Chrome Black Autographs,Masataka Yoshida [Gold Mini Diamond] #CBA-MY,$36.55,,$34.78,$51.00,$97.00,$99.00,$129.00,$59.00,$59.00,,,$16.00,$39.99,,,$15.20,$37.99,,8,,,,,2023-06-01
6169035,Baseball Cards 2023 Topps Chrome Black Autographs,Masataka Yoshida [Gold] #CBA-MY,$32.00,,$31.07,$50.14,$90.94,$184.73,$240.00,$111.00,$111.00,,,$10.50,$34.99,,,$10.20,$33.99,,8,,,,,2023-06-01
6168935,Baseball Cards 2023 Topps Chrome Black Autographs,Masataka Yoshida [Green] #CBA-MY,$24.04,,$20.61,$34.40,$66.00,$66.99,$87.00,$40.00,$40.00,,,$7.80,$25.99,,,$6.90,$22.99,,17,,,,,2023-06-01
6169237,Baseball Cards 2023 Topps Chrome Black Autographs,Masataka Yoshida [Orange] #CBA-MY,$127.82,,,,,$94.99,$123.00,$57.00,$57.00,,,$70.50,$141.00,,,,,,3,,,,,2023-06-01
6169337,Baseball Cards 2023 Topps Chrome Black Autographs,Masataka Yoshida [Red] #CBA-MY,$247.50,,,,,,,,,,,$136.00,$272.00,,,,,,1,,,,,2023-06-01
6168835,Baseball Cards 2023 Topps Chrome Black Autographs,Masataka Yoshida [Refractor] #CBA-MY,$27.44,,$27.35,$38.38,$81.00,$99.99,$130.00,$60.00,$60.00,,,$9.00,$29.99,,,$9.00,$29.99,,9,,,,,2023-06-01
6169438,Baseball Cards 2023 Topps Chrome Black Autographs,Masataka Yoshida [Superfractor] #CBA-MY,,,,,,,,,,,,,,,,,,,0,,,,,2023-06-01
6168725,Baseball Cards 2023 Topps Chrome Black Autographs,Matt McLain #CBA-MMC,$59.00,,,,,,,,,,,$26.00,$64.99,,,,,,2,,,,,2023-06-01
6169127,Baseball Cards 2023 Topps Chrome Black Autographs,Matt McLain [Gold Mini Diamond] #CBA-MMC,$100.10,,$66.00,$152.50,$168.00,$225.00,$293.00,$135.00,$135.00,,,$55.00,$110.00,,,$29.20,$72.99,,9,,,,,2023-06-01
6169026,Baseball Cards 2023 Topps Chrome Black Autographs,Matt McLain [Gold] #CBA-MMC,$129.42,,,$63.00,$69.00,$70.00,$91.00,$42.00,$42.00,,,$71.00,$142.00,,,,,,6,,,,,2023-06-01
6168927,Baseball Cards 2023 Topps Chrome Black Autographs,Matt McLain [Green] #CBA-MMC,$40.00,,$37.59,$60.17,$108.68,$132.57,$172.00,$80.00,$80.00,,,$17.60,$43.99,,,$16.40,$40.99,,6,,,,,2023-06-01
6169228,Baseball Cards 2023 Topps Chrome Black Autographs,Matt McLain [Orange] #CBA-MMC,$224.79,,,,,$161.00,$209.00,$97.00,$97.00,,,$123.50,$247.00,,,,,,2,,,,,2023-06-01
6169328,Baseball Cards 2023 Topps Chrome Black Autographs,Matt McLain [Red] #CBA-MMC,$300.00,,,,,,,,,,,$165.00,$330.00,,,,,,1,,,,,2023-06-01
6168826,Baseball Cards 2023 Topps Chrome Black Autographs,Matt McLain [Refractor] #CBA-MMC,$68.00,,,,,$104.27,$136.00,$63.00,$63.00,,,$30.00,$74.99,,,,,,3,,,,,2023-06-01
6169429,Baseball Cards 2023 Topps Chrome Black Autographs,Matt McLain [Superfractor] #CBA-MMC,$415.00,,,,,,,,,,,$228.50,$457.00,,,,,,1,,,,,2023-06-01
6168724,Baseball Cards 2023 Topps Chrome Black Autographs,Matthew Liberatore #CBA-ML,$7.16,,$10.84,$18.99,$35.90,$48.42,$63.00,$29.00,$29.00,,,$1.60,$7.89,,,$3.00,$11.99,,8,,,,,2023-06-01
6169126,Baseball Cards 2023 Topps Chrome Black Autographs,Matthew Liberatore [Gold Mini Diamond] #CBA-ML,$14.69,,,,,,,,,,,$4.00,$15.99,,,,,,4,,,,,2023-06-01
6169025,Baseball Cards 2023 Topps Chrome Black Autographs,Matthew Liberatore [Gold] #CBA-ML,$12.71,,,,,,,,,,,$3.50,$13.99,,,,,,4,,,,,2023-06-01
6168926,Baseball Cards 2023 Topps Chrome Black Autographs,Matthew Liberatore [Green] #CBA-ML,$20.00,,,,,$55.00,$72.00,$33.00,$33.00,,,$6.60,$21.99,,,,,,5,,,,,2023-06-01
6169227,Baseball Cards 2023 Topps Chrome Black Autographs,Matthew Liberatore [Orange] #CBA-ML,$43.76,,,,,,,,,,,$19.20,$47.99,,,,,,1,,,,,2023-06-01
6169327,Baseball Cards 2023 Topps Chrome Black Autographs,Matthew Liberatore [Red] #CBA-ML,$86.00,,,,,,,,,,,$38.00,$94.99,,,,,,1,,,,,2023-06-01
6177288,Baseball Cards 2023 Topps Chrome Black Autographs,Matthew Liberatore [Refractor] #CBA-ML,$10.50,,$13.56,$23.17,$43.29,$56.94,$74.00,$34.00,$34.00,,,$3.00,$11.99,,,$3.80,$14.99,,6,,,,,2023-06-01
6169428,Baseball Cards 2023 Topps Chrome Black Autographs,Matthew Liberatore [Superfractor] #CBA-ML,,,,,,,,,,,,,,,,,,,0,,,,,2023-06-01
6168722,Baseball Cards 2023 Topps Chrome Black Autographs,Max Fried #CBA-MF,$25.67,,$24.56,$40.14,$73.30,$135.00,$176.00,$81.00,$81.00,,,$8.40,$27.99,,,$8.10,$26.99,,21,,,,,2023-06-01
6169124,Baseball Cards 2023 Topps Chrome Black Autographs,Max Fried [Gold Mini Diamond] #CBA-MF,$42.50,,,,,,,,,,,$18.80,$46.99,,,,,,2,,,,,2023-06-01
6169023,Baseball Cards 2023 Topps Chrome Black Autographs,Max Fried [Gold] #CBA-MF,$54.66,,$49.83,$79.08,$142.15,$150.00,$195.00,$90.00,$90.00,,,$24.00,$59.99,,,$22.00,$54.99,,10,,,,,2023-06-01
6168924,Baseball Cards 2023 Topps Chrome Black Autographs,Max Fried [Green] #CBA-MF,$31.55,,$30.81,$49.76,$90.28,$111.34,$145.00,$67.00,$67.00,,,$10.50,$34.99,,,$10.20,$33.99,,9,,,,,2023-06-01
6169225,Baseball Cards 2023 Topps Chrome Black Autographs,Max Fried [Orange] #CBA-MF,$45.00,,,$32.50,$36.00,,,,,,,$20.00,$49.99,,,,,,3,,,,,2023-06-01
6169325,Baseball Cards 2023 Topps Chrome Black Autographs,Max Fried [Red] #CBA-MF,$119.45,,,,,,,,,,,$65.50,$131.00,,,,,,1,,,,,2023-06-01
6168824,Baseball Cards 2023 Topps Chrome Black Autographs,Max Fried [Refractor] #CBA-MF,$29.99,,$29.45,$47.69,$86.66,$110.05,$143.00,$66.00,$66.00,,,$9.90,$32.99,,,$9.60,$31.99,,16,,,,,2023-06-01
6169426,Baseball Cards 2023 Topps Chrome Black Autographs,Max Fried [Superfractor] #CBA-MF,,,,,,,,,,,,,,,,,,,0,,,,,2023-06-01
6168721,Baseball Cards 2023 Topps Chrome Black Autographs,Michael Busch #CBA-MB,$20.00,,$21.30,$23.00,$39.00,$39.99,$52.00,$24.00,$19.99,,,$6.60,$21.99,,,$6.90,$22.99,,33,,,,,2023-06-01
6169123,Baseball Cards 2023 Topps Chrome Black Autographs,Michael Busch [Gold Mini Diamond] #CBA-MB,$46.00,,,,,,,,,,,$20.40,$50.99,,,,,,2,,,,,2023-06-01
6169022,Baseball Cards 2023 Topps Chrome Black Autographs,Michael Busch [Gold] #CBA-MB,$35.63,,$34.04,$100.00,$98.00,$100.00,$130.00,$60.00,$60.00,,,$15.60,$38.99,,,$14.80,$36.99,,9,,,,,2023-06-01
6168923,Baseball Cards 2023 Topps Chrome Black Autographs,Michael Busch [Green] #CBA-MB,$37.75,,$36.38,$49.99,$63.00,$64.50,$84.00,$39.00,$39.00,,,$16.80,$41.99,,,$16.00,$39.99,,9,,,,,2023-06-01
6169224,Baseball Cards 2023 Topps Chrome Black Autographs,Michael Busch [Orange] #CBA-MB,$98.77,,,,,$159.99,$208.00,$96.00,$96.00,,,$54.50,$109.00,,,,,,6,,,,,2023-06-01
6169324,Baseball Cards 2023 Topps Chrome Black Autographs,Michael Busch [Red] #CBA-MB,$190.00,,,,,,,,,,,$104.50,$209.00,,,,,,1,,,,,2023-06-01
6168823,Baseball Cards 2023 Topps Chrome Black Autographs,Michael Busch [Refractor] #CBA-MB,$21.00,,$22.69,$37.25,$68.18,$85.79,$112.00,$51.00,$51.00,,,$6.90,$22.99,,,$7.50,$24.99,,6,,,,,2023-06-01
6169425,Baseball Cards 2023 Topps Chrome Black Autographs,Michael Busch [Superfractor] #CBA-MB,,,,,,,,,,,,,,,,,,,0,,,,,2023-06-01
6168723,Baseball Cards 2023 Topps Chrome Black Autographs,Michael Harris II #CBA-MH,$30.00,,$29.45,$63.61,$84.00,$85.50,$111.00,$51.00,$51.00,,,$9.90,$32.99,,,$9.60,$31.99,,20,,,,,2023-06-01
6169125,Baseball Cards 2023 Topps Chrome Black Autographs,Michael Harris II [Gold Mini Diamond] #CBA-MH,$89.00,,,,,$675.00,$878.00,$405.00,$405.00,,,$39.20,$97.99,,,,,,5,,,,,2023-06-01
6169024,Baseball Cards 2023 Topps Chrome Black Autographs,Michael Harris II [Gold] #CBA-MH,$84.99,,$74.28,$108.22,$147.00,$150.00,$195.00,$90.00,$180.24,,,$37.20,$92.99,,,$32.80,$81.99,,9,,,,,2023-06-01
6168925,Baseball Cards 2023 Topps Chrome Black Autographs,Michael Harris II [Green] #CBA-MH,$76.99,,$70.06,$74.00,$81.00,$118.00,$153.00,$71.00,$71.00,,,$34.00,$84.99,,,$30.80,$76.99,,11,,,,,2023-06-01
6169226,Baseball Cards 2023 Topps Chrome Black Autographs,Michael Harris II [Orange] #CBA-MH,$180.00,,,$117.50,$129.00,$375.00,$488.00,$225.00,$225.00,,,$99.00,$198.00,,,,,,4,,,,,2023-06-01
6169326,Baseball Cards 2023 Topps Chrome Black Autographs,Michael Harris II [Red] #CBA-MH,$666.13,,,,,,,,,,,$439.80,$733.00,,,,,,1,,,,,2023-06-01
6168825,Baseball Cards 2023 Topps Chrome Black Autographs,Michael Harris II [Refractor] #CBA-MH,$65.00,,$57.97,$91.60,$109.00,$111.00,$144.00,$67.00,$131.51,,,$28.80,$71.99,,,$25.60,$63.99,,10,,,,,2023-06-01
6169427,Baseball Cards 2023 Topps Chrome Black Autographs,Michael Harris II [Superfractor] #CBA-MH,,,,,,,,,,,,,,,,,,,0,,,,,2023-06-01
6168731,Baseball Cards 2023 Topps Chrome Black Autographs,Michael Toglia #CBA-MTOG,$4.62,,$8.77,$15.80,$30.25,$41.87,$54.00,$25.00,$25.00,,,$1.00,$5.09,,,$1.90,$9.69,,14,,,,,2023-06-01
6169133,Baseball Cards 2023 Topps Chrome Black Autographs,Michael Toglia [Gold Mini Diamond] #CBA-MTOG,$9.50,,,,,,,,$94.95,,,$2.00,$9.99,,,,,,2,,,,,2023-06-01
6169032,Baseball Cards 2023 Topps Chrome Black Autographs,Michael Toglia [Gold] #CBA-MTOG,$18.49,,,,,,,,,,,$5.00,$19.99,,,,,,4,,,,,2023-06-01
6168932,Baseball Cards 2023 Topps Chrome Black Autographs,Michael Toglia [Green] #CBA-MTOG,$3.96,,,,,,,,,,,$0.90,$4.39,,,,,,2,,,,,2023-06-01
6169234,Baseball Cards 2023 Topps Chrome Black Autographs,Michael Toglia [Orange] #CBA-MTOG,$25.00,,,$11.50,$13.00,,,,,,,$8.40,$27.99,,,,,,2,,,,,2023-06-01
6169334,Baseball Cards 2023 Topps Chrome Black Autographs,Michael Toglia [Red] #CBA-MTOG,$34.00,,,,,,,,,,,$14.80,$36.99,,,,,,1,,,,,2023-06-01
6168832,Baseball Cards 2023 Topps Chrome Black Autographs,Michael Toglia [Refractor] #CBA-MTOG,$10.31,,,,,$49.99,$65.00,$30.00,$30.00,,,$2.80,$10.99,,,,,,5,,,,,2023-06-01
6169435,Baseball Cards 2023 Topps Chrome Black Autographs,Michael Toglia [Superfractor] #CBA-MTOG,,,,,,,,,,,,,,,,,,,0,,,,,2023-06-01
6168733,Baseball Cards 2023 Topps Chrome Black Autographs,Miguel Vargas #CBA-MV,$19.99,,$18.84,$31.31,$57.65,$265.00,$345.00,$159.00,$159.00,,,$6.60,$21.99,,,$6.30,$20.99,,14,,,,,2023-06-01
6169135,Baseball Cards 2023 Topps Chrome Black Autographs,Miguel Vargas [Gold Mini Diamond] #CBA-MV,$26.50,,,,,$73.75,$96.00,$44.00,$44.00,,,$8.70,$28.99,,,,,,5,,,,,2023-06-01
6169034,Baseball Cards 2023 Topps Chrome Black Autographs,Miguel Vargas [Gold] #CBA-MV,$21.02,,,$30.00,$33.00,,,,,,,$6.90,$22.99,,,,,,5,,,,,2023-06-01
6168934,Baseball Cards 2023 Topps Chrome Black Autographs,Miguel Vargas [Green] #CBA-MV,$35.00,,$21.99,$36.18,$66.29,$83.63,$109.00,$50.00,$50.00,,,$15.60,$38.99,,,$7.20,$23.99,,7,,,,,2023-06-01
6169236,Baseball Cards 2023 Topps Chrome Black Autographs,Miguel Vargas [Orange] #CBA-MV,$26.14,,,$37.00,$41.00,,,,,,,$8.70,$28.99,,,,,,2,,,,,2023-06-01
6169336,Baseball Cards 2023 Topps Chrome Black Autographs,Miguel Vargas [Red] #CBA-MV,,,,,,,,,,,,,,,,,,,0,,,,,2023-06-01
6168834,Baseball Cards 2023 Topps Chrome Black Autographs,Miguel Vargas [Refractor] #CBA-MV,$23.82,,,$26.00,$29.00,,,,,,,$7.80,$25.99,,,,,,6,,,,,2023-06-01
6169437,Baseball Cards 2023 Topps Chrome Black Autographs,Miguel Vargas [Superfractor] #CBA-MV,,,,,,,,,,,,,,,,,,,0,,,,,2023-06-01
6168726,Baseball Cards 2023 Topps Chrome Black Autographs,Mike Piazza #CBA-MP,$70.99,,$62.84,$138.82,$177.47,$222.50,$289.00,$134.00,$134.00,,,$31.20,$77.99,,,$27.60,$68.99,,13,,,,,2023-06-01
6169128,Baseball Cards 2023 Topps Chrome Black Autographs,Mike Piazza [Gold Mini Diamond] #CBA-MP,,,,,,,,,,,,,,,,,,,0,,,,,2023-06-01
6169027,Baseball Cards 2023 Topps Chrome Black Autographs,Mike Piazza [Gold] #CBA-MP,,,,,,,,,,,,,,,,,,,0,,,,,2023-06-01
6168928,Baseball Cards 2023 Topps Chrome Black Autographs,Mike Piazza [Green] #CBA-MP,,,,,,,,,,,,,,,,,,,0,,,,,2023-06-01
6169229,Baseball Cards 2023 Topps Chrome Black Autographs,Mike Piazza [Orange] #CBA-MP,$79.00,,,$195.38,$215.00,,,,,,,$34.80,$86.99,,,,,,5,,,,,2023-06-01
6169329,Baseball Cards 2023 Topps Chrome Black Autographs,Mike Piazza [Red] #CBA-MP,$163.50,,,,,,,,,,,$90.00,$180.00,,,,,,1,,,,,2023-06-01
6168827,Baseball Cards 2023 Topps Chrome Black Autographs,Mike Piazza [Refractor] #CBA-MP,,,,,,,,,,,,,,,,,,,0,,,,,2023-06-01
6169430,Baseball Cards 2023 Topps Chrome Black Autographs,Mike Piazza [Superfractor] #CBA-MP,,,,,,,,,,,,,,,,,,,0,,,,,2023-06-01
6168729,Baseball Cards 2023 Topps Chrome Black Autographs,Mike Trout #CBA-MT,$250.00,,$186.78,$270.68,$299.00,$305.01,$397.00,$183.00,$183.00,,,$137.50,$275.00,,,$102.50,$205.00,,14,,,,,2023-06-01
6169131,Baseball Cards 2023 Topps Chrome Black Autographs,Mike Trout [Gold Mini Diamond] #CBA-MT,$41.00,,,,,,,,,,,$18.00,$44.99,,,,,,1,,,,,2023-06-01
6169030,Baseball Cards 2023 Topps Chrome Black Autographs,Mike Trout [Gold] #CBA-MT,$301.00,,,,,,,,,,,$165.50,$331.00,,,,,,1,,,,,2023-06-01
6168930,Baseball Cards 2023 Topps Chrome Black Autographs,Mike Trout [Green] #CBA-MT,,,,,,,,,,,,,,,,,,,0,,,,,2023-06-01
6169232,Baseball Cards 2023 Topps Chrome Black Autographs,Mike Trout [Orange] #CBA-MT,$343.97,,,$405.00,$446.00,$505.49,$657.00,$303.00,$303.00,,,$189.00,$378.00,,,,,,3,,,,,2023-06-01
6169332,Baseball Cards 2023 Topps Chrome Black Autographs,Mike Trout [Red] #CBA-MT,$500.00,,,,,,,,,,,$330.00,$550.00,,,,,,1,,,,,2023-06-01
6168830,Baseball Cards 2023 Topps Chrome Black Autographs,Mike Trout [Refractor] #CBA-MT,,,,,,,,,,,,,,,,,,,0,,,,,2023-06-01
6169433,Baseball Cards 2023 Topps Chrome Black Autographs,Mike Trout [Superfractor] #CBA-MT,,,,,,,,,,,,,,,,,,,0,,,,,2023-06-01
6168736,Baseball Cards 2023 Topps Chrome Black Autographs,Nelson Velazquez #CBA-NV,$3.01,,$7.44,$13.75,$26.64,$37.68,$49.00,$23.00,$23.00,,,,$3.29,,,$1.60,$8.19,,6,,,,,2023-06-01
6169138,Baseball Cards 2023 Topps Chrome Black Autographs,Nelson Velazquez [Gold Mini Diamond] #CBA-NV,$17.47,,,,,,,,$109.99,,,$4.80,$18.99,,,,,,2,,,,,2023-06-01
6169037,Baseball Cards 2023 Topps Chrome Black Autographs,Nelson Velazquez [Gold] #CBA-NV,$17.03,,,,,,,,,,,$4.80,$18.99,,,,,,2,,,,,2023-06-01
6168937,Baseball Cards 2023 Topps Chrome Black Autographs,Nelson Velazquez [Green] #CBA-NV,$7.71,,,,,,,,,,,$1.70,$8.49,,,,,,2,,,,,2023-06-01
6169239,Baseball Cards 2023 Topps Chrome Black Autographs,Nelson Velazquez [Orange] #CBA-NV,$12.50,,,,,,,,,,,$3.50,$13.99,,,,,,1,,,,,2023-06-01
6169339,Baseball Cards 2023 Topps Chrome Black Autographs,Nelson Velazquez [Red] #CBA-NV,,,,,,,,,,,,,,,,,,,0,,,,,2023-06-01
6168837,Baseball Cards 2023 Topps Chrome Black Autographs,Nelson Velazquez [Refractor] #CBA-NV,$5.00,,,,,,,,,,,$1.10,$5.49,,,,,,4,,,,,2023-06-01
6169440,Baseball Cards 2023 Topps Chrome Black Autographs,Nelson Velazquez [Superfractor] #CBA-NV,,,,,,,,,,,,,,,,,,,0,,,,,2023-06-01
6168735,Baseball Cards 2023 Topps Chrome Black Autographs,Nestor Cortes #CBA-NC,$4.99,,$9.07,$9.68,$31.07,$45.00,$59.00,$27.00,$27.00,,,$1.10,$5.49,,,$2.00,$9.99,,21,,,,,2023-06-01
6169137,Baseball Cards 2023 Topps Chrome Black Autographs,Nestor Cortes [Gold Mini Diamond] #CBA-NC,$25.00,,$25.37,$41.37,$75.44,$94.14,$122.00,$56.00,$56.00,,,$8.40,$27.99,,,$8.40,$27.99,,6,,,,,2023-06-01
6169036,Baseball Cards 2023 Topps Chrome Black Autographs,Nestor Cortes [Gold] #CBA-NC,$9.75,,,,,,,,,,,$2.80,$10.99,,,,,,5,,,,,2023-06-01
6168936,Baseball Cards 2023 Topps Chrome Black Autographs,Nestor Cortes [Green] #CBA-NC,$8.51,,$11.94,$20.71,$34.99,$52.02,$68.00,$31.00,$31.00,,,$1.90,$9.39,,,$3.30,$12.99,,8,,,,,2023-06-01
6169238,Baseball Cards 2023 Topps Chrome Black Autographs,Nestor Cortes [Orange] #CBA-NC,$17.97,,,,,,,,,,,$5.00,$19.99,,,,,,3,,,,,2023-06-01
6169338,Baseball Cards 2023 Topps Chrome Black Autographs,Nestor Cortes [Red] #CBA-NC,$19.96,,,,,,,,,,,$6.60,$21.99,,,,,,1,,,,,2023-06-01
6168836,Baseball Cards 2023 Topps Chrome Black Autographs,Nestor Cortes [Refractor] #CBA-NC,$6.01,,$9.90,$17.54,$33.32,$47.00,$61.00,$28.00,$28.00,,,$1.30,$6.59,,,$2.80,$10.99,,11,,,,,2023-06-01
6169439,Baseball Cards 2023 Topps Chrome Black Autographs,Nestor Cortes [Superfractor] #CBA-NC,,,,,,,,,,,,,,,,,,,0,,,,,2023-06-01
6168738,Baseball Cards 2023 Topps Chrome Black Autographs,Oscar Gonzalez #CBA-OG,$3.17,,$7.60,$14.01,$27.10,$38.24,$50.00,$23.00,$23.00,,,,$3.49,,,$1.70,$8.39,,14,,,,,2023-06-01
6169140,Baseball Cards 2023 Topps Chrome Black Autographs,Oscar Gonzalez [Gold Mini Diamond] #CBA-OG,$26.28,,,,,$21.50,$28.00,$13.00,$13.00,,,$8.70,$28.99,,,,,,2,,,,,2023-06-01
6169039,Baseball Cards 2023 Topps Chrome Black Autographs,Oscar Gonzalez [Gold] #CBA-OG,$3.49,,,,,,,,,,,$0.80,$3.79,,,,,,4,,,,,2023-06-01
6168939,Baseball Cards 2023 Topps Chrome Black Autographs,Oscar Gonzalez [Green] #CBA-OG,$2.50,,,,,,,,,,,,$2.79,,,,,,3,,,,,2023-06-01
6169241,Baseball Cards 2023 Topps Chrome Black Autographs,Oscar Gonzalez [Orange] #CBA-OG,$20.50,,,,,,,,,,,$6.90,$22.99,,,,,,2,,,,,2023-06-01
6169341,Baseball Cards 2023 Topps Chrome Black Autographs,Oscar Gonzalez [Red] #CBA-OG,$49.99,,,,,,,,,,,$22.00,$54.99,,,,,,1,,,,,2023-06-01
6168839,Baseball Cards 2023 Topps Chrome Black Autographs,Oscar Gonzalez [Refractor] #CBA-OG,$1.61,,,$13.00,$14.00,,,,,,,,$1.79,,,,,,5,,,,,2023-06-01
6169442,Baseball Cards 2023 Topps Chrome Black Autographs,Oscar Gonzalez [Superfractor] #CBA-OG,,,,,,,,,,,,,,,,,,,0,,,,,2023-06-01
6168739,Baseball Cards 2023 Topps Chrome Black Autographs,Ozzie Smith #CBA-OS,$45.00,,$41.67,$95.37,$119.82,$130.00,$169.00,$78.00,$92.00,,,$20.00,$49.99,,,$18.40,$45.99,,16,,,,,2023-06-01
6169141,Baseball Cards 2023 Topps Chrome Black Autographs,Ozzie Smith [Gold Mini Diamond] #CBA-OS,$74.94,,,$54.00,$59.00,,,,,,,$32.80,$81.99,,,,,,5,,,,,2023-06-01
6169040,Baseball Cards 2023 Topps Chrome Black Autographs,Ozzie Smith [Gold] #CBA-OS,$59.32,,$60.00,$93.61,$147.00,$150.00,$195.00,$90.00,$90.00,,,$26.00,$64.99,,,$26.40,$65.99,,14,,,,,2023-06-01
6168940,Baseball Cards 2023 Topps Chrome Black Autographs,Ozzie Smith [Green] #CBA-OS,$62.25,,$55.38,$74.99,$158.45,$190.70,$248.00,$114.00,$114.00,,,$27.20,$67.99,,,$24.40,$60.99,,13,,,,,2023-06-01
6169242,Baseball Cards 2023 Topps Chrome Black Autographs,Ozzie Smith [Orange] #CBA-OS,$68.97,,,,,$240.00,$312.00,$144.00,$144.00,,,$30.40,$75.99,,,,,,4,,,,,2023-06-01
6169342,Baseball Cards 2023 Topps Chrome Black Autographs,Ozzie Smith [Red] #CBA-OS,$26.99,,,,,,,,,,,$9.00,$29.99,,,,,,1,,,,,2023-06-01
6168840,Baseball Cards 2023 Topps Chrome Black Autographs,Ozzie Smith [Refractor] #CBA-OS,$57.91,,,,,,,,,,,$25.60,$63.99,,,,,,1,,,,,2023-06-01
6169443,Baseball Cards 2023 Topps Chrome Black Autographs,Ozzie Smith [Superfractor] #CBA-OS,,,$599.99,,,,,,,,,,,,,$396.00,$660.00,,1,,,,,2023-06-01
7598937,Baseball Cards 2023 Topps Chrome Black Autographs,Pablo Lopez #CBA-PL,$6.30,,$10.67,$18.92,$36.01,$49.58,$64.00,$30.00,$30.00,,,$1.40,$6.89,,,$3.00,$11.99,,23,,,,,2023-12-01
7598941,Baseball Cards 2023 Topps Chrome Black Autographs,Pablo Lopez [Gold Mini-Diamond Refractor] #CBA-PL,$18.62,,,,,,,,,,,$5.00,$19.99,,,,,,3,,,,,2023-12-01
7598940,Baseball Cards 2023 Topps Chrome Black Autographs,Pablo Lopez [Gold Refractor] #CBA-PL,$10.00,,,,,$41.00,$53.00,$25.00,$25.00,,,$2.80,$10.99,,,,,,5,,,,,2023-12-01
7598939,Baseball Cards 2023 Topps Chrome Black Autographs,Pablo Lopez [Green Refractor] #CBA-PL,$4.75,,,,,,,,,,,$1.00,$5.19,,,,,,2,,,,,2023-12-01
7598942,Baseball Cards 2023 Topps Chrome Black Autographs,Pablo Lopez [Orange Refractor] #CBA-PL,$16.67,,,,,,,,,,,$4.50,$17.99,,,,,,3,,,,,2023-12-01
7598943,Baseball Cards 2023 Topps Chrome Black Autographs,Pablo Lopez [Red Refractor] #CBA-PL,,,,,,,,,,,,,,,,,,,0,,,,,2023-12-01
7598938,Baseball Cards 2023 Topps Chrome Black Autographs,Pablo Lopez [Refractor] #CBA-PL,$8.75,,$12.24,$21.41,$40.48,$55.09,$72.00,$33.00,$33.00,,,$1.90,$9.59,,,$3.30,$12.99,,6,,,,,2023-12-01
7598944,Baseball Cards 2023 Topps Chrome Black Autographs,Pablo Lopez [Superfractor] #CBA-PL,,,,,,,,,,,,,,,,,,,0,,,,,2023-12-01
6168742,Baseball Cards 2023 Topps Chrome Black Autographs,Paul Goldschmidt #CBA-PG,$26.00,,$25.41,$41.44,$64.00,$64.99,$84.00,$39.00,$30.03,,,$8.70,$28.99,,,$8.40,$27.99,,14,,,,,2023-06-01
6169144,Baseball Cards 2023 Topps Chrome Black Autographs,Paul Goldschmidt [Gold Mini Diamond] #CBA-PG,$34.00,,,$58.26,$64.00,$70.00,$91.00,$42.00,$42.00,,,$14.80,$36.99,,,,,,5,,,,,2023-06-01
6169043,Baseball Cards 2023 Topps Chrome Black Autographs,Paul Goldschmidt [Gold] #CBA-PG,$35.00,,$33.50,$53.88,$97.55,$119.68,$156.00,$72.00,$72.00,,,$15.60,$38.99,,,$14.80,$36.99,,6,,,,,2023-06-01
6168943,Baseball Cards 2023 Topps Chrome Black Autographs,Paul Goldschmidt [Green] #CBA-PG,$27.00,,$27.00,$43.87,$79.86,$99.23,$129.00,$60.00,$60.00,,,$9.00,$29.99,,,$9.00,$29.99,,7,,,,,2023-06-01
6169245,Baseball Cards 2023 Topps Chrome Black Autographs,Paul Goldschmidt [Orange] #CBA-PG,$45.00,,,,,,,,,,,$20.00,$49.99,,,,,,4,,,,,2023-06-01
6169345,Baseball Cards 2023 Topps Chrome Black Autographs,Paul Goldschmidt [Red] #CBA-PG,,,,,,,,,,,,,,,,,,,0,,,,,2023-06-01
6168843,Baseball Cards 2023 Topps Chrome Black Autographs,Paul Goldschmidt [Refractor] #CBA-PG,,,,,,,,,,,,,,,,,,,0,,,,,2023-06-01
6169446,Baseball Cards 2023 Topps Chrome Black Autographs,Paul Goldschmidt [Superfractor] #CBA-PG,,,,,,,,,,,,,,,,,,,0,,,,,2023-06-01
6168744,Baseball Cards 2023 Topps Chrome Black Autographs,Paul O'Neill #CBA-PO,$20.53,,$21.31,$35.12,$74.99,$81.44,$106.00,$49.00,$114.99,,,$6.90,$22.99,,,$6.90,$22.99,,27,,,,,2023-06-01
6169146,Baseball Cards 2023 Topps Chrome Black Autographs,Paul O'Neill [Gold Mini Diamond] #CBA-PO,$76.21,,,,,$120.00,$156.00,$72.00,$72.00,,,$33.60,$83.99,,,,,,4,,,,,2023-06-01
6169045,Baseball Cards 2023 Topps Chrome Black Autographs,Paul O'Neill [Gold] #CBA-PO,$32.00,,$31.09,$54.57,$91.12,$109.99,$143.00,$66.00,$66.00,,,$10.50,$34.99,,,$10.20,$33.99,,12,,,,,2023-06-01
6168945,Baseball Cards 2023 Topps Chrome Black Autographs,Paul O'Neill [Green] #CBA-PO,$24.14,,$24.69,$40.37,$73.74,$81.24,$106.00,$49.00,$49.00,,,$8.10,$26.99,,,$8.10,$26.99,,13,,,,,2023-06-01
6169247,Baseball Cards 2023 Topps Chrome Black Autographs,Paul O'Neill [Orange] #CBA-PO,$57.65,,,$109.99,$121.00,,,,,,,$25.20,$62.99,,,,,,3,,,,,2023-06-01
6169347,Baseball Cards 2023 Topps Chrome Black Autographs,Paul O'Neill [Red] #CBA-PO,$64.00,,,,,,,,,,,$28.00,$69.99,,,,,,3,,,,,2023-06-01
6168845,Baseball Cards 2023 Topps Chrome Black Autographs,Paul O'Neill [Refractor] #CBA-PO,$24.00,,$24.57,$40.17,$73.36,$91.91,$119.00,$55.00,$59.99,,,$7.80,$25.99,,,$8.10,$26.99,,7,,,,,2023-06-01
6169448,Baseball Cards 2023 Topps Chrome Black Autographs,Paul O'Neill [Superfractor] #CBA-PO,$450.00,,,,,,,,,,,$247.50,$495.00,,,,,,1,,,,,2023-06-01
6168740,Baseball Cards 2023 Topps Chrome Black Autographs,Pete Alonso #CBA-PA,$49.00,,$45.76,$72.81,$131.07,$158.75,$206.00,$95.00,$95.00,,,$21.60,$53.99,,,$20.00,$49.99,,12,,,,,2023-06-01
6169142,Baseball Cards 2023 Topps Chrome Black Autographs,Pete Alonso [Gold Mini Diamond] #CBA-PA,$63.82,,$35.00,$45.00,$161.76,$193.99,$252.00,$116.00,$56.00,,,$28.00,$69.99,,,$15.60,$38.99,,9,,,,,2023-06-01
6169041,Baseball Cards 2023 Topps Chrome Black Autographs,Pete Alonso [Gold] #CBA-PA,$52.94,,$48.15,$76.50,$90.00,$92.00,$120.00,$55.00,$55.00,,,$23.20,$57.99,,,$21.20,$52.99,,10,,,,,2023-06-01
6168941,Baseball Cards 2023 Topps Chrome Black Autographs,Pete Alonso [Green] #CBA-PA,$43.89,,$40.78,$52.00,$117.57,$143.20,$186.00,$86.00,$86.00,,,$19.20,$47.99,,,$18.00,$44.99,,13,,,,,2023-06-01
6169243,Baseball Cards 2023 Topps Chrome Black Autographs,Pete Alonso [Orange] #CBA-PA,$116.42,,,$61.00,$67.00,,,,$129.99,,,$64.00,$128.00,,,,,,4,,,,,2023-06-01
6169343,Baseball Cards 2023 Topps Chrome Black Autographs,Pete Alonso [Red] #CBA-PA,$152.50,,,,,$278.09,$362.00,$167.00,$167.00,,,$84.00,$168.00,,,,,,2,,,,,2023-06-01
6168841,Baseball Cards 2023 Topps Chrome Black Autographs,Pete Alonso [Refractor] #CBA-PA,$51.88,,,,,,,,,,,$22.80,$56.99,,,,,,1,,,,,2023-06-01
6169444,Baseball Cards 2023 Topps Chrome Black Autographs,Pete Alonso [Superfractor] #CBA-PA,,,,,,,,,,,,,,,,,,,0,,,,,2023-06-01
6168741,Baseball Cards 2023 Topps Chrome Black Autographs,Prince Fielder #CBA-PF,$19.99,,$20.04,$30.00,$49.00,$49.99,$65.00,$30.00,$30.00,,,$6.60,$21.99,,,$6.60,$21.99,,26,,,,,2023-06-01
6169143,Baseball Cards 2023 Topps Chrome Black Autographs,Prince Fielder [Gold Mini Diamond] #CBA-PF,$36.99,,,,,,,,,,,$16.40,$40.99,,,,,,3,,,,,2023-06-01
6169042,Baseball Cards 2023 Topps Chrome Black Autographs,Prince Fielder [Gold] #CBA-PF,$29.99,,$29.45,$47.67,$86.62,$107.23,$139.00,$64.00,$64.00,,,$9.90,$32.99,,,$9.60,$31.99,,7,,,,,2023-06-01
6168942,Baseball Cards 2023 Topps Chrome Black Autographs,Prince Fielder [Green] #CBA-PF,$23.39,,$26.52,$43.13,$59.00,$59.99,$78.00,$36.00,$36.00,,,$7.80,$25.99,,,$8.70,$28.99,,11,,,,,2023-06-01
6169244,Baseball Cards 2023 Topps Chrome Black Autographs,Prince Fielder [Orange] #CBA-PF,$29.07,,,,,$124.99,$162.00,$75.00,$75.00,,,$9.60,$31.99,,,,,,4,,,,,2023-06-01
6169344,Baseball Cards 2023 Topps Chrome Black Autographs,Prince Fielder [Red] #CBA-PF,$269.99,,,,,,,,,,,$148.50,$297.00,,,,,,1,,,,,2023-06-01
6168842,Baseball Cards 2023 Topps Chrome Black Autographs,Prince Fielder [Refractor] #CBA-PF,$20.00,,$20.00,$39.99,$48.00,$48.50,$63.00,$29.00,$29.00,,,$6.60,$21.99,,,$6.60,$21.99,,17,,,,,2023-06-01
6169445,Baseball Cards 2023 Topps Chrome Black Autographs,Prince Fielder [Superfractor] #CBA-PF,,,,,,,,,,,,,,,,,,,0,,,,,2023-06-01
6168748,Baseball Cards 2023 Topps Chrome Black Autographs,Rafael Palmeiro #CBA-RP,$16.27,,$17.11,$28.65,$52.96,$68.14,$89.00,$41.00,$19.99,,,$4.50,$17.99,,,$4.80,$18.99,,16,,,,,2023-06-01
6169150,Baseball Cards 2023 Topps Chrome Black Autographs,Rafael Palmeiro [Gold Mini Diamond] #CBA-RP,$52.00,,,,,,,,,,,$22.80,$56.99,,,,,,1,,,,,2023-06-01
6169049,Baseball Cards 2023 Topps Chrome Black Autographs,Rafael Palmeiro [Gold] #CBA-RP,$18.25,,,,,,,,,,,$5.00,$19.99,,,,,,4,,,,,2023-06-01
6168949,Baseball Cards 2023 Topps Chrome Black Autographs,Rafael Palmeiro [Green] #CBA-RP,$14.95,,,,,$49.99,$65.00,$30.00,$30.00,,,$4.00,$15.99,,,,,,6,,,,,2023-06-01
6169251,Baseball Cards 2023 Topps Chrome Black Autographs,Rafael Palmeiro [Orange] #CBA-RP,$25.15,,,,,,,,,,,$8.40,$27.99,,,,,,1,,,,,2023-06-01
6169351,Baseball Cards 2023 Topps Chrome Black Autographs,Rafael Palmeiro [Red] #CBA-RP,$42.22,,,,,,,,,,,$18.40,$45.99,,,,,,1,,,,,2023-06-01
6168849,Baseball Cards 2023 Topps Chrome Black Autographs,Rafael Palmeiro [Refractor] #CBA-RP,$1.36,,$6.11,$11.71,$23.02,$33.49,$44.00,$20.00,$20.00,,,,$1.49,,,$1.30,$6.69,,6,,,,,2023-06-01
6169452,Baseball Cards 2023 Topps Chrome Black Autographs,Rafael Palmeiro [Superfractor] #CBA-RP,,,,,,,,,,,,,,,,,,,0,,,,,2023-06-01
6168746,Baseball Cards 2023 Topps Chrome Black Autographs,Roger Clemens #CBA-RC,$60.72,,$54.33,$85.97,$90.00,$92.00,$120.00,$55.00,$55.00,,,$26.80,$66.99,,,$24.00,$59.99,,15,,,,,2023-06-01
6169148,Baseball Cards 2023 Topps Chrome Black Autographs,Roger Clemens [Gold Mini Diamond] #CBA-RC,$73.50,,,$56.00,$62.00,,,,,,,$32.40,$80.99,,,,,,4,,,,,2023-06-01
6169047,Baseball Cards 2023 Topps Chrome Black Autographs,Roger Clemens [Gold] #CBA-RC,$95.00,,$82.39,$105.00,$196.00,$200.00,$260.00,$120.00,$120.00,,,$52.50,$105.00,,,$36.40,$90.99,,14,,,,,2023-06-01
6168947,Baseball Cards 2023 Topps Chrome Black Autographs,Roger Clemens [Green] #CBA-RC,$1.00,,,,,,,,,,,,$1.09,,,,,,1,,,,,2023-06-01
6169249,Baseball Cards 2023 Topps Chrome Black Autographs,Roger Clemens [Orange] #CBA-RC,$97.55,,,,,,,,,,,$53.50,$107.00,,,,,,3,,,,,2023-06-01
6169349,Baseball Cards 2023 Topps Chrome Black Autographs,Roger Clemens [Red] #CBA-RC,$143.50,,,$102.50,$169.99,,,,,,,$79.00,$158.00,,,,,,3,,,,,2023-06-01
6168847,Baseball Cards 2023 Topps Chrome Black Autographs,Roger Clemens [Refractor] #CBA-RC,$61.68,,,,,,,,,,,$27.20,$67.99,,,,,,1,,,,,2023-06-01
6169450,Baseball Cards 2023 Topps Chrome Black Autographs,Roger Clemens [Superfractor] #CBA-RC,,,,,,,,,,,,,,,,,,,0,,,,,2023-06-01
6168747,Baseball Cards 2023 Topps Chrome Black Autographs,Rollie Fingers #CBA-RF,$20.99,,$22.24,$36.56,$66.96,$75.00,$98.00,$45.00,$45.00,,,$6.90,$22.99,,,$7.20,$23.99,,22,,,,,2023-06-01
6169149,Baseball Cards 2023 Topps Chrome Black Autographs,Rollie Fingers [Gold Mini Diamond] #CBA-RF,$32.99,,,,,,,,,,,$14.40,$35.99,,,,,,3,,,,,2023-06-01
6169048,Baseball Cards 2023 Topps Chrome Black Autographs,Rollie Fingers [Gold] #CBA-RF,$32.62,,$32.38,$52.15,$86.00,$88.00,$114.00,$53.00,$53.00,,,$14.40,$35.99,,,$14.40,$35.99,,14,,,,,2023-06-01
6168948,Baseball Cards 2023 Topps Chrome Black Autographs,Rollie Fingers [Green] #CBA-RF,$17.05,,$18.98,$31.54,$58.08,$70.00,$91.00,$42.00,$42.00,,,$4.80,$18.99,,,$6.30,$20.99,,9,,,,,2023-06-01
6169250,Baseball Cards 2023 Topps Chrome Black Autographs,Rollie Fingers [Orange] #CBA-RF,$30.55,,,,,,,,,,,$10.20,$33.99,,,,,,3,,,,,2023-06-01
6169350,Baseball Cards 2023 Topps Chrome Black Autographs,Rollie Fingers [Red] #CBA-RF,$85.00,,,$107.72,$118.00,,,,,,,$37.60,$93.99,,,,,,2,,,,,2023-06-01
6168848,Baseball Cards 2023 Topps Chrome Black Autographs,Rollie Fingers [Refractor] #CBA-RF,$18.81,,$19.96,$33.06,$60.80,$77.34,$101.00,$46.00,$46.00,,,$6.30,$20.99,,,$6.60,$21.99,,13,,,,,2023-06-01
6169451,Baseball Cards 2023 Topps Chrome Black Autographs,Rollie Fingers [Superfractor] #CBA-RF,,,,,,,,,,,,,,,,,,,0,,,,,2023-06-01
6168745,Baseball Cards 2023 Topps Chrome Black Autographs,Ronald Acuna Jr. #CBA-RAJ,$96.76,,$96.00,$106.00,$192.00,$196.25,$255.00,$118.00,$118.00,,,$53.00,$106.00,,,$53.00,$106.00,,14,,,,,2023-06-01
6169147,Baseball Cards 2023 Topps Chrome Black Autographs,Ronald Acuna Jr. [Gold Mini Diamond] #CBA-RAJ,$129.49,,,$123.25,$136.00,$249.68,$325.00,$150.00,$150.00,,,$71.00,$142.00,,,,,,9,,,,,2023-06-01
6169046,Baseball Cards 2023 Topps Chrome Black Autographs,Ronald Acuna Jr. [Gold] #CBA-RAJ,$181.97,,$139.99,$154.00,$224.00,$228.83,$297.00,$137.00,$137.00,,,$100.00,$200.00,,,$77.00,$154.00,,13,,,,,2023-06-01
6168946,Baseball Cards 2023 Topps Chrome Black Autographs,Ronald Acuna Jr. [Green] #CBA-RAJ,,,,,,,,,,,,,,,,,,,0,,,,,2023-06-01
6169248,Baseball Cards 2023 Topps Chrome Black Autographs,Ronald Acuna Jr. [Orange] #CBA-RAJ,$197.75,,,$175.00,$193.00,,,,,,,$109.00,$218.00,,,,,,3,,,,,2023-06-01
6169348,Baseball Cards 2023 Topps Chrome Black Autographs,Ronald Acuna Jr. [Red] #CBA-RAJ,$440.50,,,$229.97,$253.00,,,,,,,$242.50,$485.00,,,,,,2,,,,,2023-06-01
6168846,Baseball Cards 2023 Topps Chrome Black Autographs,Ronald Acuna Jr. [Refractor] #CBA-RAJ,$82.38,,,,,$1425.00,$1853.00,$855.00,$855.00,,,$36.40,$90.99,,,,,,3,,,,,2023-06-01
6169449,Baseball Cards 2023 Topps Chrome Black Autographs,Ronald Acuna Jr. [Superfractor] #CBA-RAJ,,,,,,,,,,,,,,,,,,,0,,,,,2023-06-01
6168753,Baseball Cards 2023 Topps Chrome Black Autographs,Sammy Sosa #CBA-SS,$55.47,,$50.25,$129.89,$130.00,$195.00,$254.00,$117.00,$117.00,,,$24.40,$60.99,,,$22.00,$54.99,,15,,,,,2023-06-01
6169155,Baseball Cards 2023 Topps Chrome Black Autographs,Sammy Sosa [Gold Mini Diamond] #CBA-SS,$91.25,,,$149.99,$165.00,,,,$309.99,,,$40.00,$100.00,,,,,,4,,,,,2023-06-01
6169054,Baseball Cards 2023 Topps Chrome Black Autographs,Sammy Sosa [Gold] #CBA-SS,$98.37,,$84.87,$132.96,$237.30,$334.00,$434.00,$200.00,$200.00,,,$54.00,$108.00,,,$37.20,$92.99,,12,,,,,2023-06-01
6168954,Baseball Cards 2023 Topps Chrome Black Autographs,Sammy Sosa [Green] #CBA-SS,,,,,,,,,,,,,,,,,,,0,,,,,2023-06-01
6169256,Baseball Cards 2023 Topps Chrome Black Autographs,Sammy Sosa [Orange] #CBA-SS,$153.66,,,$195.00,$196.00,$199.99,$260.00,$120.00,$120.00,,,$84.50,$169.00,,,,,,5,,,,,2023-06-01
6169356,Baseball Cards 2023 Topps Chrome Black Autographs,Sammy Sosa [Red] #CBA-SS,$173.50,,,,,,,,,,,$95.50,$191.00,,,,,,1,,,,,2023-06-01
6168854,Baseball Cards 2023 Topps Chrome Black Autographs,Sammy Sosa [Refractor] #CBA-SS,,,,,,,,,,,,,,,,,,,0,,,,,2023-06-01
6169457,Baseball Cards 2023 Topps Chrome Black Autographs,Sammy Sosa [Superfractor] #CBA-SS,,,,,,,,,,,,,,,,,,,0,,,,,2023-06-01
6168750,Baseball Cards 2023 Topps Chrome Black Autographs,Shea Langeliers #CBA-SL,$24.51,,$24.65,$27.00,$48.00,$49.00,$64.00,$29.00,$29.00,,,$8.10,$26.99,,,$8.10,$26.99,,16,,,,,2023-06-01
6169152,Baseball Cards 2023 Topps Chrome Black Autographs,Shea Langeliers [Gold Mini Diamond] #CBA-SL,$55.00,,$49.90,$89.00,$113.00,$115.00,$150.00,$69.00,$69.00,,,$24.40,$60.99,,,$22.00,$54.99,,8,,,,,2023-06-01
6169051,Baseball Cards 2023 Topps Chrome Black Autographs,Shea Langeliers [Gold] #CBA-SL,$85.68,,$66.97,$105.52,$188.97,$226.05,$294.00,$136.00,$136.00,,,$37.60,$93.99,,,$29.60,$73.99,,7,,,,,2023-06-01
6168951,Baseball Cards 2023 Topps Chrome Black Autographs,Shea Langeliers [Green] #CBA-SL,$53.00,,$29.45,$47.68,$86.62,$107.20,$139.00,$64.00,$64.00,,,$23.20,$57.99,,,$9.60,$31.99,,7,,,,,2023-06-01
6169253,Baseball Cards 2023 Topps Chrome Black Autographs,Shea Langeliers [Orange] #CBA-SL,$9.50,,,,,,,,,,,$2.00,$9.99,,,,,,1,,,,,2023-06-01
6169353,Baseball Cards 2023 Topps Chrome Black Autographs,Shea Langeliers [Red] #CBA-SL,,,,,,$100.00,$130.00,$60.00,$60.00,,,,,,,,,,1,,,,,2023-06-01
6168851,Baseball Cards 2023 Topps Chrome Black Autographs,Shea Langeliers [Refractor] #CBA-SL,$37.16,,$33.71,$54.22,$98.17,$120.49,$157.00,$72.00,$72.00,,,$16.40,$40.99,,,$14.80,$36.99,,10,,,,,2023-06-01
6169454,Baseball Cards 2023 Topps Chrome Black Autographs,Shea Langeliers [Superfractor] #CBA-SL,,,,,,,,,,,,,,,,,,,0,,,,,2023-06-01
6168752,Baseball Cards 2023 Topps Chrome Black Autographs,Shohei Ohtani #CBA-SO,$1153.98,,,,,,,,,,,$761.40,$1269.00,,,,,,3,,,,,2023-06-01
6169154,Baseball Cards 2023 Topps Chrome Black Autographs,Shohei Ohtani [Gold Mini Diamond] #CBA-SO,,,,,,,,,,,,,,,,,,,0,,,,,2023-06-01
6169053,Baseball Cards 2023 Topps Chrome Black Autographs,Shohei Ohtani [Gold] #CBA-SO,$1849.99,,$1015.77,$2475.00,$2723.00,$9446.85,$12281.00,$5668.00,$5668.00,,,$1221.00,$2035.00,,,$670.20,$1117.00,,6,,,,,2023-06-01
6168953,Baseball Cards 2023 Topps Chrome Black Autographs,Shohei Ohtani [Green] #CBA-SO,,,,,,,,,,,,,,,,,,,0,,,,,2023-06-01
6169255,Baseball Cards 2023 Topps Chrome Black Autographs,Shohei Ohtani [Orange] #CBA-SO,$2049.73,,,$1762.50,$1899.00,$1937.73,$2519.00,$1163.00,$1163.00,,,$1353.00,$2255.00,,,,,,8,,,,,2023-06-01
6169355,Baseball Cards 2023 Topps Chrome Black Autographs,Shohei Ohtani [Red] #CBA-SO,,,,,,,,,,,,,,,,,,,0,,,,,2023-06-01
6168853,Baseball Cards 2023 Topps Chrome Black Autographs,Shohei Ohtani [Refractor] #CBA-SO,,,,,,,,,,,,,,,,,,,0,,,,,2023-06-01
6169456,Baseball Cards 2023 Topps Chrome Black Autographs,Shohei Ohtani [Superfractor] #CBA-SO,,,,,,,,,,,,,,,,,,,0,,,,,2023-06-01
6168754,Baseball Cards 2023 Topps Chrome Black Autographs,Spencer Steer #CBA-SST,$13.94,,$16.35,$41.00,$50.95,$60.00,$78.00,$36.00,$36.00,,,$3.80,$14.99,,,$4.50,$17.99,,23,,,,,2023-06-01
6169156,Baseball Cards 2023 Topps Chrome Black Autographs,Spencer Steer [Gold Mini Diamond] #CBA-SST,$41.50,,,$35.00,$39.00,$62.99,$82.00,$38.00,$38.00,,,$18.40,$45.99,,,,,,5,,,,,2023-06-01
6169055,Baseball Cards 2023 Topps Chrome Black Autographs,Spencer Steer [Gold] #CBA-SST,$74.70,,,$70.00,$77.00,$84.00,$109.00,$50.00,$35.00,,,$32.80,$81.99,,,,,,6,,,,,2023-06-01
6168958,Baseball Cards 2023 Topps Chrome Black Autographs,Spencer Steer [Green] #CBA-SST,$26.77,,$26.82,$43.62,$51.00,$52.00,$68.00,$31.00,$31.00,,,$8.70,$28.99,,,$9.00,$29.99,,9,,,,,2023-06-01
6169257,Baseball Cards 2023 Topps Chrome Black Autographs,Spencer Steer [Orange] #CBA-SST,$95.00,,,,,,,,,,,$52.50,$105.00,,,,,,1,,,,,2023-06-01
6169357,Baseball Cards 2023 Topps Chrome Black Autographs,Spencer Steer [Red] #CBA-SST,,,,,,$60.50,$79.00,$36.00,$36.00,,,,,,,,,,1,,,,,2023-06-01
6168855,Baseball Cards 2023 Topps Chrome Black Autographs,Spencer Steer [Refractor] #CBA-SST,$14.54,,$17.12,$27.50,$53.03,$58.19,$76.00,$35.00,$35.00,,,$4.00,$15.99,,,$4.80,$18.99,,11,,,,,2023-06-01
6169458,Baseball Cards 2023 Topps Chrome Black Autographs,Spencer Steer [Superfractor] #CBA-SST,,,,,,,,,,,,,,,,,,,0,,,,,2023-06-01
6168751,Baseball Cards 2023 Topps Chrome Black Autographs,Starling Marte #CBA-SM,$6.00,,$9.89,$17.54,$33.33,$43.50,$57.00,$26.00,$26.00,,,$1.30,$6.59,,,$2.80,$10.99,,18,,,,,2023-06-01
6169153,Baseball Cards 2023 Topps Chrome Black Autographs,Starling Marte [Gold Mini Diamond] #CBA-SM,$7.50,,,,,,,,,,,$1.70,$8.29,,,,,,3,,,,,2023-06-01
6169052,Baseball Cards 2023 Topps Chrome Black Autographs,Starling Marte [Gold] #CBA-SM,$12.75,,$15.39,$25.99,$48.26,$62.68,$81.00,$38.00,$38.00,,,$3.50,$13.99,,,$4.30,$16.99,,6,,,,,2023-06-01
6168952,Baseball Cards 2023 Topps Chrome Black Autographs,Starling Marte [Green] #CBA-SM,$10.65,,$13.66,$23.34,$43.57,$57.27,$74.00,$34.00,$34.00,,,$3.00,$11.99,,,$3.80,$14.99,,7,,,,,2023-06-01
6169254,Baseball Cards 2023 Topps Chrome Black Autographs,Starling Marte [Orange] #CBA-SM,$14.75,,,,,,,,,,,$4.00,$15.99,,,,,,3,,,,,2023-06-01
6169354,Baseball Cards 2023 Topps Chrome Black Autographs,Starling Marte [Red] #CBA-SM,$38.00,,,,,,,,,,,$16.80,$41.99,,,,,,1,,,,,2023-06-01
6168852,Baseball Cards 2023 Topps Chrome Black Autographs,Starling Marte [Refractor] #CBA-SM,$5.60,,$9.57,$17.04,$32.47,$44.48,$58.00,$27.00,$27.00,,,$1.20,$6.19,,,$2.80,$10.99,,12,,,,,2023-06-01
6169455,Baseball Cards 2023 Topps Chrome Black Autographs,Starling Marte [Superfractor] #CBA-SM,$79.00,,,,,,,,,,,$34.80,$86.99,,,,,,1,,,,,2023-06-01
6168749,Baseball Cards 2023 Topps Chrome Black Autographs,Steve Garvey #CBA-SG,$14.99,,$17.22,$28.82,$32.00,$79.99,$104.00,$48.00,$48.00,,,$4.00,$15.99,,,$4.80,$18.99,,24,,,,,2023-06-01
6169151,Baseball Cards 2023 Topps Chrome Black Autographs,Steve Garvey [Gold Mini Diamond] #CBA-SG,$23.72,,,,,,,,,,,$7.80,$25.99,,,,,,3,,,,,2023-06-01
6169050,Baseball Cards 2023 Topps Chrome Black Autographs,Steve Garvey [Gold] #CBA-SG,$25.00,,$25.37,$39.22,$75.46,$94.18,$122.00,$57.00,$57.00,,,$8.40,$27.99,,,$8.40,$27.99,,10,,,,,2023-06-01
6168950,Baseball Cards 2023 Topps Chrome Black Autographs,Steve Garvey [Green] #CBA-SG,$13.95,,$16.37,$29.29,$50.99,$65.93,$86.00,$40.00,$40.00,,,$3.80,$14.99,,,$4.50,$17.99,,10,,,,,2023-06-01
6169252,Baseball Cards 2023 Topps Chrome Black Autographs,Steve Garvey [Orange] #CBA-SG,$45.53,,,,,,,,,,,$20.00,$49.99,,,,,,3,,,,,2023-06-01
6169352,Baseball Cards 2023 Topps Chrome Black Autographs,Steve Garvey [Red] #CBA-SG,$78.72,,,,,,,,,,,$34.80,$86.99,,,,,,2,,,,,2023-06-01
6168850,Baseball Cards 2023 Topps Chrome Black Autographs,Steve Garvey [Refractor] #CBA-SG,$24.96,,$25.35,$64.99,$75.46,$94.31,$123.00,$57.00,$57.00,,,$8.10,$26.99,,,$8.40,$27.99,,13,,,,,2023-06-01
6169453,Baseball Cards 2023 Topps Chrome Black Autographs,Steve Garvey [Superfractor] #CBA-SG,,,,,,,,,,,,,,,,,,,0,,,,,2023-06-01
6168756,Baseball Cards 2023 Topps Chrome Black Autographs,Tom Glavine #CBA-TG,$41.30,,$38.79,$78.00,$92.00,$94.00,$122.00,$56.00,$56.00,,,$18.00,$44.99,,,$17.20,$42.99,,19,,,,,2023-06-01
6169158,Baseball Cards 2023 Topps Chrome Black Autographs,Tom Glavine [Gold Mini Diamond] #CBA-TG,$37.36,,,$26.00,$29.00,$149.99,$195.00,$90.00,$90.00,,,$16.40,$40.99,,,,,,5,,,,,2023-06-01
6169057,Baseball Cards 2023 Topps Chrome Black Autographs,Tom Glavine [Gold] #CBA-TG,$52.34,,$47.65,$92.50,$136.13,$140.00,$182.00,$84.00,$84.00,,,$23.20,$57.99,,,$20.80,$51.99,,12,,,,,2023-06-01
6168956,Baseball Cards 2023 Topps Chrome Black Autographs,Tom Glavine [Green] #CBA-TG,$39.98,,$61.29,$67.00,$85.00,$86.65,$113.00,$52.00,$52.00,,,$17.60,$43.99,,,$26.80,$66.99,,11,,,,,2023-06-01
6169259,Baseball Cards 2023 Topps Chrome Black Autographs,Tom Glavine [Orange] #CBA-TG,$62.50,,,$143.79,$149.99,$275.00,$358.00,$165.00,$105.99,,,$27.60,$68.99,,,,,,4,,,,,2023-06-01
6169359,Baseball Cards 2023 Topps Chrome Black Autographs,Tom Glavine [Red] #CBA-TG,$100.00,,,,,,,,$125.00,,,$55.00,$110.00,,,,,,1,,,,,2023-06-01
6168857,Baseball Cards 2023 Topps Chrome Black Autographs,Tom Glavine [Refractor] #CBA-TG,$38.00,,,,,,,,,,,$16.80,$41.99,,,,,,2,,,,,2023-06-01
6169460,Baseball Cards 2023 Topps Chrome Black Autographs,Tom Glavine [Superfractor] #CBA-TG,$525.00,,,,,,,,,,,$346.80,$578.00,,,,,,1,,,,,2023-06-01
6168757,Baseball Cards 2023 Topps Chrome Black Autographs,Torii Hunter #CBA-TH,$10.00,,$13.15,$22.57,$42.22,$55.77,$73.00,$33.00,$40.00,,,$2.80,$10.99,,,$3.50,$13.99,,16,,,,,2023-06-01
6169159,Baseball Cards 2023 Topps Chrome Black Autographs,Torii Hunter [Gold Mini Diamond] #CBA-TH,$26.00,,,,,,,,,,,$8.70,$28.99,,,,,,5,,,,,2023-06-01
6169058,Baseball Cards 2023 Topps Chrome Black Autographs,Torii Hunter [Gold] #CBA-TH,$30.10,,$29.53,$47.78,$69.00,$70.00,$91.00,$42.00,$42.00,,,$9.90,$32.99,,,$9.60,$31.99,,8,,,,,2023-06-01
6168957,Baseball Cards 2023 Topps Chrome Black Autographs,Torii Hunter [Green] #CBA-TH,$11.50,,$14.38,$24.47,$45.60,$59.99,$78.00,$36.00,$36.00,,,$3.30,$12.99,,,$4.00,$15.99,,9,,,,,2023-06-01
6169260,Baseball Cards 2023 Topps Chrome Black Autographs,Torii Hunter [Orange] #CBA-TH,$43.65,,,,,,,,,,,$19.20,$47.99,,,,,,2,,,,,2023-06-01
6169360,Baseball Cards 2023 Topps Chrome Black Autographs,Torii Hunter [Red] #CBA-TH,$300.69,,,,,,,,,,,$165.50,$331.00,,,,,,1,,,,,2023-06-01
6168858,Baseball Cards 2023 Topps Chrome Black Autographs,Torii Hunter [Refractor] #CBA-TH,$14.13,,$16.51,$27.73,$51.34,$66.26,$86.00,$40.00,$40.00,,,$4.00,$15.99,,,$4.50,$17.99,,11,,,,,2023-06-01
6169461,Baseball Cards 2023 Topps Chrome Black Autographs,Torii Hunter [Superfractor] #CBA-TH,,,,,,,,,$399.99,,,,,,,,,,0,,,,,2023-06-01
6168759,Baseball Cards 2023 Topps Chrome Black Autographs,Trea Turner #CBA-TT,$30.00,,$29.45,$60.00,$86.64,$107.25,$139.00,$64.00,$79.99,,,$9.90,$32.99,,,$9.60,$31.99,,15,,,,,2023-06-01
6169161,Baseball Cards 2023 Topps Chrome Black Autographs,Trea Turner [Gold Mini Diamond] #CBA-TT,$44.76,,,,,,,,$132.50,,,$19.60,$48.99,,,,,,4,,,,,2023-06-01
6169060,Baseball Cards 2023 Topps Chrome Black Autographs,Trea Turner [Gold] #CBA-TT,$35.00,,$33.53,$53.97,$97.77,$120.18,$156.00,$72.00,$118.85,,,$15.60,$38.99,,,$14.80,$36.99,,10,,,,,2023-06-01
6168960,Baseball Cards 2023 Topps Chrome Black Autographs,Trea Turner [Green] #CBA-TT,$65.00,,$57.98,$91.62,$123.00,$125.00,$163.00,$75.00,$100.00,,,$28.80,$71.99,,,$25.60,$63.99,,13,,,,,2023-06-01
6169262,Baseball Cards 2023 Topps Chrome Black Autographs,Trea Turner [Orange] #CBA-TT,$79.50,,,$110.96,$122.00,,,,,,,$34.80,$86.99,,,,,,2,,,,,2023-06-01
6169362,Baseball Cards 2023 Topps Chrome Black Autographs,Trea Turner [Red] #CBA-TT,$170.00,,,$220.00,$242.00,,,,,,,$93.50,$187.00,,,,,,2,,,,,2023-06-01
6168860,Baseball Cards 2023 Topps Chrome Black Autographs,Trea Turner [Refractor] #CBA-TT,,,,,,,,,,,,,,,,,,,0,,,,,2023-06-01
6169463,Baseball Cards 2023 Topps Chrome Black Autographs,Trea Turner [Superfractor] #CBA-TT,$345.00,,,,,,,,,,,$190.00,$380.00,,,,,,1,,,,,2023-06-01
6168758,Baseball Cards 2023 Topps Chrome Black Autographs,Trevor Hoffman #CBA-TH,$18.51,,$14.24,$34.28,$71.00,$105.25,$137.00,$63.00,$63.00,,,$5.00,$19.99,,,$4.00,$15.99,,23,,,,,2023-06-01
6169160,Baseball Cards 2023 Topps Chrome Black Autographs,Trevor Hoffman [Gold Mini Diamond] #CBA-TH,$13.94,,,,,,,,,,,$3.80,$14.99,,,,,,2,,,,,2023-06-01
6169059,Baseball Cards 2023 Topps Chrome Black Autographs,Trevor Hoffman [Gold] #CBA-TH,$29.98,,$29.42,$47.62,$86.51,$125.00,$163.00,$75.00,$75.00,,,$9.90,$32.99,,,$9.60,$31.99,,10,,,,,2023-06-01
6168959,Baseball Cards 2023 Topps Chrome Black Autographs,Trevor Hoffman [Green] #CBA-TH,$25.09,,$25.44,$27.85,$75.64,$80.92,$105.00,$49.00,$49.00,,,$8.40,$27.99,,,$8.40,$27.99,,14,,,,,2023-06-01
6169261,Baseball Cards 2023 Topps Chrome Black Autographs,Trevor Hoffman [Orange] #CBA-TH,$38.00,,,$51.00,$56.00,,,,,,,$16.80,$41.99,,,,,,3,,,,,2023-06-01
6169361,Baseball Cards 2023 Topps Chrome Black Autographs,Trevor Hoffman [Red] #CBA-TH,$87.00,,,,,,,,,,,$38.40,$95.99,,,,,,1,,,,,2023-06-01
6168859,Baseball Cards 2023 Topps Chrome Black Autographs,Trevor Hoffman [Refractor] #CBA-TH,$17.51,,$19.28,$32.02,$50.00,$51.00,$66.00,$31.00,$31.00,,,$4.80,$18.99,,,$6.30,$20.99,,14,,,,,2023-06-01
6169462,Baseball Cards 2023 Topps Chrome Black Autographs,Trevor Hoffman [Superfractor] #CBA-TH,,,,,,,,,,,,,,,,,,,0,,,,,2023-06-01
6168755,Baseball Cards 2023 Topps Chrome Black Autographs,Tyler Freeman #CBA-TF,$2.52,,$7.06,$8.52,$25.61,$36.53,$47.00,$22.00,$22.00,,,,$2.79,,,$1.60,$7.79,,7,,,,,2023-06-01
6169157,Baseball Cards 2023 Topps Chrome Black Autographs,Tyler Freeman [Gold Mini Diamond] #CBA-TF,$19.98,,,,,,,,,,,$6.60,$21.99,,,,,,2,,,,,2023-06-01
6169056,Baseball Cards 2023 Topps Chrome Black Autographs,Tyler Freeman [Gold] #CBA-TF,$16.74,,,,,,,,,,,$4.50,$17.99,,,,,,4,,,,,2023-06-01
6168955,Baseball Cards 2023 Topps Chrome Black Autographs,Tyler Freeman [Green] #CBA-TF,$6.25,,,,,,,,,,,$1.40,$6.89,,,,,,4,,,,,2023-06-01
6169258,Baseball Cards 2023 Topps Chrome Black Autographs,Tyler Freeman [Orange] #CBA-TF,$65.00,,,,,,,,,,,$28.80,$71.99,,,,,,1,,,,,2023-06-01
6169358,Baseball Cards 2023 Topps Chrome Black Autographs,Tyler Freeman [Red] #CBA-TF,$51.00,,,,,,,,,,,$22.40,$55.99,,,,,,1,,,,,2023-06-01
6168856,Baseball Cards 2023 Topps Chrome Black Autographs,Tyler Freeman [Refractor] #CBA-TF,$7.50,,$17.79,,,,,,,,,$1.70,$8.29,,,$5.00,$19.99,,5,,,,,2023-06-01
6169459,Baseball Cards 2023 Topps Chrome Black Autographs,Tyler Freeman [Superfractor] #CBA-TF,$550.00,,,,,,,,,,,$363.00,$605.00,,,,,,1,,,,,2023-06-01
6168761,Baseball Cards 2023 Topps Chrome Black Autographs,Vaughn Grissom #CBA-VG,$7.38,,$11.10,$45.00,$46.00,$47.09,$61.00,$28.00,$28.00,,,$1.60,$8.09,,,$3.00,$11.99,,14,,,,,2023-06-01
6169162,Baseball Cards 2023 Topps Chrome Black Autographs,Vaughn Grissom [Gold Mini Diamond] #CBA-VG,$26.44,,,,,,,,,,,$8.70,$28.99,,,,,,2,,,,,2023-06-01
6169061,Baseball Cards 2023 Topps Chrome Black Autographs,Vaughn Grissom [Gold] #CBA-VG,$22.50,,$23.34,$38.25,$69.95,$87.87,$114.00,$53.00,$53.00,,,$7.50,$24.99,,,$7.80,$25.99,,7,,,,,2023-06-01
6168961,Baseball Cards 2023 Topps Chrome Black Autographs,Vaughn Grissom [Green] #CBA-VG,$6.24,,$10.08,$39.95,$44.00,$46.03,$60.00,$28.00,$28.00,,,$1.40,$6.89,,,$2.80,$10.99,,7,,,,,2023-06-01
6169263,Baseball Cards 2023 Topps Chrome Black Autographs,Vaughn Grissom [Orange] #CBA-VG,$102.51,,,$78.00,$86.00,,,,,,,$56.50,$113.00,,,,,,3,,,,,2023-06-01
6169363,Baseball Cards 2023 Topps Chrome Black Autographs,Vaughn Grissom [Red] #CBA-VG,,,,,,,,,,,,,,,,,,,0,,,,,2023-06-01
6168861,Baseball Cards 2023 Topps Chrome Black Autographs,Vaughn Grissom [Refractor] #CBA-VG,$6.12,,,$13.49,$15.00,$116.50,$151.00,$70.00,$70.00,,,$1.30,$6.69,,,,,,5,,,,,2023-06-01
6169464,Baseball Cards 2023 Topps Chrome Black Autographs,Vaughn Grissom [Superfractor] #CBA-VG,,,,,,,,,,,,,,,,,,,0,,,,,2023-06-01
6168762,Baseball Cards 2023 Topps Chrome Black Autographs,Vinnie Pasquantino #CBA-VP,$29.11,,$28.73,$32.00,$35.00,$35.88,$47.00,$22.00,$22.00,,,$9.60,$31.99,,,$9.60,$31.99,,29,,,,,2023-06-01
6169163,Baseball Cards 2023 Topps Chrome Black Autographs,Vinnie Pasquantino [Gold Mini Diamond] #CBA-VP,$40.00,,,$31.00,$34.00,,,,,,,$17.60,$43.99,,,,,,4,,,,,2023-06-01
6169062,Baseball Cards 2023 Topps Chrome Black Autographs,Vinnie Pasquantino [Gold] #CBA-VP,$33.26,,$32.11,$50.00,$69.00,$70.00,$91.00,$42.00,$42.00,,,$14.80,$36.99,,,$10.50,$34.99,,12,,,,,2023-06-01
6168962,Baseball Cards 2023 Topps Chrome Black Autographs,Vinnie Pasquantino [Green] #CBA-VP,$25.07,,$25.44,$28.00,$37.68,$94.67,$123.00,$57.00,$57.00,,,$8.40,$27.99,,,$8.40,$27.99,,13,,,,,2023-06-01
6169264,Baseball Cards 2023 Topps Chrome Black Autographs,Vinnie Pasquantino [Orange] #CBA-VP,,,,,,,,,,,,,,,,,,,0,,,,,2023-06-01
6169364,Baseball Cards 2023 Topps Chrome Black Autographs,Vinnie Pasquantino [Red] #CBA-VP,,,,,,,,,,,,,,,,,,,0,,,,,2023-06-01
6168862,Baseball Cards 2023 Topps Chrome Black Autographs,Vinnie Pasquantino [Refractor] #CBA-VP,$29.00,,$32.25,$35.00,$65.00,$66.69,$87.00,$40.00,$40.00,,,$9.60,$31.99,,,$10.50,$34.99,,11,,,,,2023-06-01
6169465,Baseball Cards 2023 Topps Chrome Black Autographs,Vinnie Pasquantino [Superfractor] #CBA-VP,,,,,,,,,,,,,,,,,,,0,,,,,2023-06-01
6168763,Baseball Cards 2023 Topps Chrome Black Autographs,Will Brennan #CBA-WB,$4.00,,$8.25,$15.01,$28.85,$40.24,$52.00,$24.00,$24.00,,,$0.90,$4.39,,,$1.80,$9.09,,14,,,,,2023-06-01
6169164,Baseball Cards 2023 Topps Chrome Black Autographs,Will Brennan [Gold Mini Diamond] #CBA-WB,$5.00,,,,,,,,$5.50,,,$1.10,$5.49,,,,,,2,,,,,2023-06-01
6169063,Baseball Cards 2023 Topps Chrome Black Autographs,Will Brennan [Gold] #CBA-WB,$8.11,,,,,$35.00,$46.00,$21.00,$21.00,,,$1.80,$8.89,,,,,,5,,,,,2023-06-01
6168963,Baseball Cards 2023 Topps Chrome Black Autographs,Will Brennan [Green] #CBA-WB,$2.84,,,,,,,,,,,,$3.09,,,,,,5,,,,,2023-06-01
6169265,Baseball Cards 2023 Topps Chrome Black Autographs,Will Brennan [Orange] #CBA-WB,$30.00,,,,,,,,,,,$9.90,$32.99,,,,,,1,,,,,2023-06-01
6169365,Baseball Cards 2023 Topps Chrome Black Autographs,Will Brennan [Red] #CBA-WB,$39.59,,,,,,,,,,,$17.60,$43.99,,,,,,1,,,,,2023-06-01
6168863,Baseball Cards 2023 Topps Chrome Black Autographs,Will Brennan [Refractor] #CBA-WB,$5.85,,$9.77,$30.00,$32.99,$45.05,$59.00,$27.00,$27.00,,,$1.30,$6.39,,,$2.80,$10.99,,7,,,,,2023-06-01
6169466,Baseball Cards 2023 Topps Chrome Black Autographs,Will Brennan [Superfractor] #CBA-WB,,,,,,,,,,,,,,,,,,,0,,,,,2023-06-01
6168764,Baseball Cards 2023 Topps Chrome Black Autographs,Xavier Edwards #CBA-XE,$10.09,,$13.22,$33.06,$42.41,$49.08,$64.00,$29.00,$29.00,,,$2.80,$10.99,,,$3.80,$14.99,,34,,,,,2023-06-01
6169165,Baseball Cards 2023 Topps Chrome Black Autographs,Xavier Edwards [Gold Mini Diamond] #CBA-XE,$5.50,,,,,,,,,,,$1.20,$6.09,,,,,,1,,,,,2023-06-01
6169064,Baseball Cards 2023 Topps Chrome Black Autographs,Xavier Edwards [Gold] #CBA-XE,$40.09,,$37.68,$60.38,$75.00,$77.00,$100.00,$46.00,$46.00,,,$17.60,$43.99,,,$16.40,$40.99,,7,,,,,2023-06-01
6168964,Baseball Cards 2023 Topps Chrome Black Autographs,Xavier Edwards [Green] #CBA-XE,$20.50,,$21.71,$35.75,$65.55,$100.00,$130.00,$60.00,$60.00,,,$6.90,$22.99,,,$7.20,$23.99,,12,,,,,2023-06-01
6169266,Baseball Cards 2023 Topps Chrome Black Autographs,Xavier Edwards [Orange] #CBA-XE,$62.00,,,,,$499.95,$650.00,$300.00,$300.00,,,$27.20,$67.99,,,,,,4,,,,,2023-06-01
6169366,Baseball Cards 2023 Topps Chrome Black Autographs,Xavier Edwards [Red] #CBA-XE,$60.00,,,,,,,,,,,$26.40,$65.99,,,,,,1,,,,,2023-06-01
6168864,Baseball Cards 2023 Topps Chrome Black Autographs,Xavier Edwards [Refractor] #CBA-XE,$10.00,,$13.15,$22.57,$42.23,$55.78,$73.00,$33.00,$33.00,,,$2.80,$10.99,,,$3.50,$13.99,,8,,,,,2023-06-01
6169467,Baseball Cards 2023 Topps Chrome Black Autographs,Xavier Edwards [Superfractor] #CBA-XE,$700.00,,,,,,,,,,,$462.00,$770.00,,,,,,1,,,,,2023-06-01
6168765,Baseball Cards 2023 Topps Chrome Black Autographs,Zack Thompson #CBA-ZT,$3.38,,$1.00,$6.50,$22.00,$22.40,$29.00,$13.00,$13.00,,,,$3.69,,,,$1.09,,16,,,,,2023-06-01
6169166,Baseball Cards 2023 Topps Chrome Black Autographs,Zack Thompson [Gold Mini Diamond] #CBA-ZT,$13.87,,,,,,,,,,,$3.80,$14.99,,,,,,3,,,,,2023-06-01
6169065,Baseball Cards 2023 Topps Chrome Black Autographs,Zack Thompson [Gold] #CBA-ZT,$5.00,,,,,,,,,,,$1.10,$5.49,,,,,,2,,,,,2023-06-01
6168965,Baseball Cards 2023 Topps Chrome Black Autographs,Zack Thompson [Green] #CBA-ZT,$2.99,,,,,,,,,,,,$3.29,,,,,,2,,,,,2023-06-01
6169267,Baseball Cards 2023 Topps Chrome Black Autographs,Zack Thompson [Orange] #CBA-ZT,$9.00,,,,,$63.00,$82.00,$38.00,$38.00,,,$2.00,$9.89,,,,,,2,,,,,2023-06-01
6169367,Baseball Cards 2023 Topps Chrome Black Autographs,Zack Thompson [Red] #CBA-ZT,$18.50,,,,,,,,,,,$5.00,$19.99,,,,,,1,,,,,2023-06-01
6168865,Baseball Cards 2023 Topps Chrome Black Autographs,Zack Thompson [Refractor] #CBA-ZT,$2.01,,,,,,,,,,,,$2.19,,,,,,2,,,,,2023-06-01
6169468,Baseball Cards 2023 Topps Chrome Black Autographs,Zack Thompson [Superfractor] #CBA-ZT,,,,,,,,,,,,,,,,,,,0,,,,,2023-06-01
