id,console-name,product-name,loose-price,cib-price,new-price,graded-price,box-only-price,manual-only-price,bgs-10-price,condition-17-price,condition-18-price,gamestop-price,gamestop-trade-price,retail-loose-buy,retail-loose-sell,retail-cib-buy,retail-cib-sell,retail-new-buy,retail-new-sell,upc,sales-volume,genre,tcg-id,asin,epid,release-date
9125621,Baseball Cards 2025 Topps Chrome Black Autograph,Adael Amador #CBA-AA,$2.38,,$7.08,$13.48,$16.00,$16.00,$21.00,$10.00,$10.00,,,,$2.59,,,$1.60,$7.79,,39,,,,,2025-04-30
9125625,Baseball Cards 2025 Topps Chrome Black Autograph,Adael Amador [Blue Refractor] #CBA-AA,$6.50,,$4.99,$19.51,$37.69,$55.02,$72.00,$33.00,$33.00,,,$1.40,$7.19,,,$1.10,$5.49,,17,,,,,2025-04-30
9125626,Baseball Cards 2025 Topps Chrome Black Autograph,Adael Amador [Gold Mini Diamond Refractor] #CBA-AA,$8.00,,,,,,,,,,,$1.80,$8.79,,,,,,2,,,,,2025-04-30
9125624,Baseball Cards 2025 Topps Chrome Black Autograph,Adael Amador [Gold Refractor] #CBA-AA,$26.87,,$28.64,$49.69,$93.89,$134.59,$175.00,$81.00,$81.00,,,$9.00,$29.99,,,$9.60,$31.99,,15,,,,,2025-04-30
9125623,Baseball Cards 2025 Topps Chrome Black Autograph,Adael Amador [Green Refractor] #CBA-AA,$5.99,,$10.22,$18.76,$36.31,$53.08,$69.00,$32.00,$32.00,,,$1.30,$6.59,,,$2.80,$10.99,,7,,,,,2025-04-30
9125628,Baseball Cards 2025 Topps Chrome Black Autograph,Adael Amador [Orange Refractor] #CBA-AA,$23.25,,,,,,,,,,,$7.80,$25.99,,,,,,1,,,,,2025-04-30
9125635,Baseball Cards 2025 Topps Chrome Black Autograph,Adael Amador [Red Refractor] #CBA-AA,,,,,,,,,,,,,,,,,,,0,,,,,2025-04-30
9125622,Baseball Cards 2025 Topps Chrome Black Autograph,Adael Amador [Refractor] #CBA-AA,$6.11,,$10.38,$19.03,$36.81,$53.80,$70.00,$32.00,$32.00,,,$1.30,$6.69,,,$2.80,$10.99,,13,,,,,2025-04-30
9125630,Baseball Cards 2025 Topps Chrome Black Autograph,Adael Amador [Rose Gold Wave Refractor] #CBA-AA,,,,,,,,,,,,,,,,,,,0,,,,,2025-04-30
9125637,Baseball Cards 2025 Topps Chrome Black Autograph,Adael Amador [Superfractor] #CBA-AA,,,,,,,,,,,,,,,,,,,0,,,,,2025-04-30
9125632,Baseball Cards 2025 Topps Chrome Black Autograph,Adael Amador [White Refractor] #CBA-AA,,,,,,,,,,,,,,,,,,,0,,,,,2025-04-30
9125670,Baseball Cards 2025 Topps Chrome Black Autograph,Adam Mazur #CBA-AM,$3.25,,,,,,,,,,,,$3.59,,,,,,2,,,,,2025-04-30
9125676,Baseball Cards 2025 Topps Chrome Black Autograph,Adam Mazur [Blue Refractor] #CBA-AM,$6.03,,$10.25,$18.81,$36.40,$53.17,$69.00,$32.00,$32.00,,,$1.30,$6.59,,,$2.80,$10.99,,6,,,,,2025-04-30
9125686,Baseball Cards 2025 Topps Chrome Black Autograph,Adam Mazur [Gold Mini Diamond Refractor] #CBA-AM,$13.00,,$16.33,$29.00,$55.36,$79.98,$104.00,$48.00,$48.00,,,$3.50,$13.99,,,$4.50,$17.99,,6,,,,,2025-04-30
9125684,Baseball Cards 2025 Topps Chrome Black Autograph,Adam Mazur [Gold Refractor] #CBA-AM,$9.00,,,,,,,,,,,$2.00,$9.89,,,,,,4,,,,,2025-04-30
9125681,Baseball Cards 2025 Topps Chrome Black Autograph,Adam Mazur [Green Refractor] #CBA-AM,$5.35,,,,,,,,,,,$1.20,$5.89,,,,,,3,,,,,2025-04-30
9125688,Baseball Cards 2025 Topps Chrome Black Autograph,Adam Mazur [Orange Refractor] #CBA-AM,$11.25,,,,,,,,,,,$3.00,$11.99,,,,,,4,,,,,2025-04-30
9125697,Baseball Cards 2025 Topps Chrome Black Autograph,Adam Mazur [Red Refractor] #CBA-AM,$40.00,,,,,,,,,,,$17.60,$43.99,,,,,,1,,,,,2025-04-30
9125672,Baseball Cards 2025 Topps Chrome Black Autograph,Adam Mazur [Refractor] #CBA-AM,,,,,,,,,,,,,,,,,,,0,,,,,2025-04-30
9125691,Baseball Cards 2025 Topps Chrome Black Autograph,Adam Mazur [Rose Gold Wave Refractor] #CBA-AM,,,,,,,,,,,,,,,,,,,0,,,,,2025-04-30
9125702,Baseball Cards 2025 Topps Chrome Black Autograph,Adam Mazur [Superfractor] #CBA-AM,,,,,,,,,,,,,,,,,,,0,,,,,2025-04-30
9125695,Baseball Cards 2025 Topps Chrome Black Autograph,Adam Mazur [White Refractor] #CBA-AM,$25.34,,,,,,,,,,,$8.40,$27.99,,,,,,2,,,,,2025-04-30
9126022,Baseball Cards 2025 Topps Chrome Black Autograph,Adley Rutschman #CBA-AR,$42.33,,$41.90,$71.92,$135.27,$193.06,$251.00,$116.00,$116.00,,,$18.80,$46.99,,,$18.40,$45.99,,17,,,,,2025-04-30
9126032,Baseball Cards 2025 Topps Chrome Black Autograph,Adley Rutschman [Blue Refractor] #CBA-AR,,,,,,,,,,,,,,,,,,,0,,,,,2025-04-30
9126075,Baseball Cards 2025 Topps Chrome Black Autograph,Adley Rutschman [Gold Mini Diamond Refractor] #CBA-AR,$77.74,,,,,,,,,,,$34.40,$85.99,,,,,,2,,,,,2025-04-30
9126063,Baseball Cards 2025 Topps Chrome Black Autograph,Adley Rutschman [Gold Refractor] #CBA-AR,$91.73,,,,,$77.00,$100.00,$46.00,$46.00,,,$50.50,$101.00,,,,,,5,,,,,2025-04-30
9126056,Baseball Cards 2025 Topps Chrome Black Autograph,Adley Rutschman [Green Refractor] #CBA-AR,$40.75,,$44.20,$46.00,$142.31,$202.74,$264.00,$122.00,$122.00,,,$18.00,$44.99,,,$19.60,$48.99,,10,,,,,2025-04-30
9126076,Baseball Cards 2025 Topps Chrome Black Autograph,Adley Rutschman [Orange Refractor] #CBA-AR,$120.00,,,$129.99,$143.00,,,,,,,$66.00,$132.00,,,,,,2,,,,,2025-04-30
9126102,Baseball Cards 2025 Topps Chrome Black Autograph,Adley Rutschman [Red Refractor] #CBA-AR,,,,,,,,,,,,,,,,,,,0,,,,,2025-04-30
9126028,Baseball Cards 2025 Topps Chrome Black Autograph,Adley Rutschman [Refractor] #CBA-AR,,,,,,,,,,,,,,,,,,,0,,,,,2025-04-30
9126082,Baseball Cards 2025 Topps Chrome Black Autograph,Adley Rutschman [Rose Gold Wave Refractor] #CBA-AR,$151.66,,,,,,,,,,,$83.50,$167.00,,,,,,3,,,,,2025-04-30
9126106,Baseball Cards 2025 Topps Chrome Black Autograph,Adley Rutschman [Superfractor] #CBA-AR,,,,,,,,,,,,,,,,,,,0,,,,,2025-04-30
9126099,Baseball Cards 2025 Topps Chrome Black Autograph,Adley Rutschman [White Refractor] #CBA-AR,$113.00,,,,,,,,,,,$62.00,$124.00,,,,,,2,,,,,2025-04-30
9125753,Baseball Cards 2025 Topps Chrome Black Autograph,Albert Pujols #CBA-AP,$186.25,,$188.94,$208.00,$593.84,$850.00,$1105.00,$510.00,$510.00,,,$102.50,$205.00,,,$104.00,$208.00,,14,,,,,2025-04-30
9125760,Baseball Cards 2025 Topps Chrome Black Autograph,Albert Pujols [Blue Refractor] #CBA-AP,,,,,,,,,,,,,,,,,,,0,,,,,2025-04-30
9125787,Baseball Cards 2025 Topps Chrome Black Autograph,Albert Pujols [Gold Mini Diamond Refractor] #CBA-AP,,,,,,,,,,,,,,,,,,,0,,,,,2025-04-30
9125781,Baseball Cards 2025 Topps Chrome Black Autograph,Albert Pujols [Gold Refractor] #CBA-AP,$240.00,,$214.09,$360.71,$672.67,$952.25,$1238.00,$571.00,$355.00,,,$132.00,$264.00,,,$118.00,$236.00,,8,,,,,2025-04-30
9125773,Baseball Cards 2025 Topps Chrome Black Autograph,Albert Pujols [Green Refractor] #CBA-AP,,,,,,,,,,,,,,,,,,,0,,,,,2025-04-30
9125797,Baseball Cards 2025 Topps Chrome Black Autograph,Albert Pujols [Orange Refractor] #CBA-AP,$309.56,,$274.73,$360.00,$613.00,$625.00,$813.00,$375.00,$375.00,,,$170.50,$341.00,,,$151.00,$302.00,,8,,,,,2025-04-30
9125812,Baseball Cards 2025 Topps Chrome Black Autograph,Albert Pujols [Red Refractor] #CBA-AP,,,,,,,,,,,,,,,,,,,0,,,,,2025-04-30
9125758,Baseball Cards 2025 Topps Chrome Black Autograph,Albert Pujols [Refractor] #CBA-AP,,,,,,,,,,,,,,,,,,,0,,,,,2025-04-30
9125801,Baseball Cards 2025 Topps Chrome Black Autograph,Albert Pujols [Rose Gold Wave Refractor] #CBA-AP,$316.28,,,,,,,,,,,$174.00,$348.00,,,,,,2,,,,,2025-04-30
9125817,Baseball Cards 2025 Topps Chrome Black Autograph,Albert Pujols [Superfractor] #CBA-AP,$2000.00,,,,,,,,,,,$1320.00,$2200.00,,,,,,1,,,,,2025-04-30
9125806,Baseball Cards 2025 Topps Chrome Black Autograph,Albert Pujols [White Refractor] #CBA-AP,$400.00,,,$294.00,$323.00,,,,,,,$220.00,$440.00,,,,,,4,,,,,2025-04-30
9125821,Baseball Cards 2025 Topps Chrome Black Autograph,Andy Pages #CBA-APA,$50.00,,$55.01,$93.95,$176.30,$251.20,$327.00,$151.00,$151.00,,,$22.00,$54.99,,,$24.40,$60.99,,45,,,,,2025-04-30
9125829,Baseball Cards 2025 Topps Chrome Black Autograph,Andy Pages [Blue Refractor] #CBA-APA,$94.22,,$84.68,$165.00,$279.22,$398.13,$518.00,$239.00,$239.00,,,$52.00,$104.00,,,$37.20,$92.99,,43,,,,,2025-04-30
9125852,Baseball Cards 2025 Topps Chrome Black Autograph,Andy Pages [Gold Mini Diamond Refractor] #CBA-APA,$57.88,,,,,$127.50,$166.00,$77.00,$77.00,,,$25.60,$63.99,,,,,,5,,,,,2025-04-30
9125845,Baseball Cards 2025 Topps Chrome Black Autograph,Andy Pages [Gold Refractor] #CBA-APA,$105.00,,$96.50,$163.50,$305.70,$433.90,$564.00,$260.00,$260.00,,,$58.00,$116.00,,,$53.00,$106.00,,16,,,,,2025-04-30
9125836,Baseball Cards 2025 Topps Chrome Black Autograph,Andy Pages [Green Refractor] #CBA-APA,$86.89,,$81.31,$138.04,$258.32,$367.00,$477.00,$220.00,$220.00,,,$38.40,$95.99,,,$35.60,$88.99,,18,,,,,2025-04-30
9125898,Baseball Cards 2025 Topps Chrome Black Autograph,Andy Pages [Orange Refractor] #CBA-APA,$139.13,,,,,,,,,,,$76.50,$153.00,,,,,,4,,,,,2025-04-30
9125976,Baseball Cards 2025 Topps Chrome Black Autograph,Andy Pages [Red Refractor] #CBA-APA,$270.00,,,,,,,,,,,$148.50,$297.00,,,,,,1,,,,,2025-04-30
9125827,Baseball Cards 2025 Topps Chrome Black Autograph,Andy Pages [Refractor] #CBA-APA,$60.49,,$57.73,$64.00,$184.80,$263.23,$342.00,$100.00,$158.00,,,$26.80,$66.99,,,$25.60,$63.99,,27,,,,,2025-04-30
9125931,Baseball Cards 2025 Topps Chrome Black Autograph,Andy Pages [Rose Gold Wave Refractor] #CBA-APA,$158.04,,,,,,,,,,,$87.00,$174.00,,,,,,4,,,,,2025-04-30
9126017,Baseball Cards 2025 Topps Chrome Black Autograph,Andy Pages [Superfractor] #CBA-APA,,,,,,,,,,,,,,,,,,,0,,,,,2025-04-30
9125972,Baseball Cards 2025 Topps Chrome Black Autograph,Andy Pages [White Refractor] #CBA-APA,$133.75,,,,,,,,,,,$73.50,$147.00,,,,,,2,,,,,2025-04-30
9125705,Baseball Cards 2025 Topps Chrome Black Autograph,Angel Martinez #CBA-AMA,$21.69,,$14.43,$16.00,$67.10,$75.00,$98.00,$45.00,$45.00,,,$7.20,$23.99,,,$4.00,$15.99,,57,,,,,2025-04-30
9125717,Baseball Cards 2025 Topps Chrome Black Autograph,Angel Martinez [Blue Refractor] #CBA-AMA,$13.00,,$16.33,$29.01,$55.39,$80.06,$104.00,$48.00,$48.00,,,$3.50,$13.99,,,$4.50,$17.99,,14,,,,,2025-04-30
9125728,Baseball Cards 2025 Topps Chrome Black Autograph,Angel Martinez [Gold Mini Diamond Refractor] #CBA-AMA,$55.00,,,,,,,,,,,$24.40,$60.99,,,,,,5,,,,,2025-04-30
9125723,Baseball Cards 2025 Topps Chrome Black Autograph,Angel Martinez [Gold Refractor] #CBA-AMA,$32.00,,$32.88,$56.75,$107.01,$152.92,$199.00,$92.00,$92.00,,,$10.50,$34.99,,,$14.40,$35.99,,9,,,,,2025-04-30
9125719,Baseball Cards 2025 Topps Chrome Black Autograph,Angel Martinez [Green Refractor] #CBA-AMA,$16.44,,$19.50,$34.35,$65.35,$94.22,$122.00,$57.00,$57.00,,,$4.50,$17.99,,,$6.30,$20.99,,12,,,,,2025-04-30
9125732,Baseball Cards 2025 Topps Chrome Black Autograph,Angel Martinez [Orange Refractor] #CBA-AMA,$55.00,,,,,,,,,,,$24.40,$60.99,,,,,,1,,,,,2025-04-30
9125743,Baseball Cards 2025 Topps Chrome Black Autograph,Angel Martinez [Red Refractor] #CBA-AMA,,,,,,,,,,,,,,,,,,,0,,,,,2025-04-30
9125712,Baseball Cards 2025 Topps Chrome Black Autograph,Angel Martinez [Refractor] #CBA-AMA,$19.68,,$21.88,$38.34,$72.75,$104.64,$136.00,$63.00,$63.00,,,$6.60,$21.99,,,$7.20,$23.99,,15,,,,,2025-04-30
9125734,Baseball Cards 2025 Topps Chrome Black Autograph,Angel Martinez [Rose Gold Wave Refractor] #CBA-AMA,$298.00,,,,,,,,,,,$164.00,$328.00,,,,,,1,,,,,2025-04-30
9125748,Baseball Cards 2025 Topps Chrome Black Autograph,Angel Martinez [Superfractor] #CBA-AMA,,,,,,,,,,,,,,,,,,,0,,,,,2025-04-30
9125739,Baseball Cards 2025 Topps Chrome Black Autograph,Angel Martinez [White Refractor] #CBA-AMA,,,,,,,,,,,,,,,,,,,0,,,,,2025-04-30
9126180,Baseball Cards 2025 Topps Chrome Black Autograph,Anthony Volpe #CBA-AV,$28.32,,$29.97,$51.86,$97.89,$139.98,$182.00,$84.00,$84.00,,,$9.30,$30.99,,,$9.90,$32.99,,26,,,,,2025-04-30
9126185,Baseball Cards 2025 Topps Chrome Black Autograph,Anthony Volpe [Blue Refractor] #CBA-AV,$30.00,,$31.13,$49.85,$101.57,$145.24,$189.00,$87.00,$87.00,,,$9.90,$32.99,,,$10.20,$33.99,,27,,,,,2025-04-30
9126200,Baseball Cards 2025 Topps Chrome Black Autograph,Anthony Volpe [Gold Mini Diamond Refractor] #CBA-AV,$56.25,,$52.90,$90.33,$169.48,$241.10,$313.00,$145.00,$145.00,,,$24.80,$61.99,,,$23.20,$57.99,,7,,,,,2025-04-30
9126195,Baseball Cards 2025 Topps Chrome Black Autograph,Anthony Volpe [Gold Refractor] #CBA-AV,$58.46,,,,,,,,,,,$25.60,$63.99,,,,,,5,,,,,2025-04-30
9126190,Baseball Cards 2025 Topps Chrome Black Autograph,Anthony Volpe [Green Refractor] #CBA-AV,$40.00,,$39.87,$44.00,$128.97,$184.21,$239.00,$111.00,$111.00,,,$17.60,$43.99,,,$17.60,$43.99,,17,,,,,2025-04-30
9126206,Baseball Cards 2025 Topps Chrome Black Autograph,Anthony Volpe [Orange Refractor] #CBA-AV,$147.50,,,$135.00,$149.00,,,,,,,$81.00,$162.00,,,,,,2,,,,,2025-04-30
9126229,Baseball Cards 2025 Topps Chrome Black Autograph,Anthony Volpe [Red Refractor] #CBA-AV,$258.26,,,,,,,,,,,$142.00,$284.00,,,,,,3,,,,,2025-04-30
9126184,Baseball Cards 2025 Topps Chrome Black Autograph,Anthony Volpe [Refractor] #CBA-AV,,,,,,,,,,,,,,,,,,,0,,,,,2025-04-30
9126214,Baseball Cards 2025 Topps Chrome Black Autograph,Anthony Volpe [Rose Gold Wave Refractor] #CBA-AV,$220.00,,,,,,,,,,,$121.00,$242.00,,,,,,1,,,,,2025-04-30
9126232,Baseball Cards 2025 Topps Chrome Black Autograph,Anthony Volpe [Superfractor] #CBA-AV,,,,,,,,,,,,,,,,,,,0,,,,,2025-04-30
9126222,Baseball Cards 2025 Topps Chrome Black Autograph,Anthony Volpe [White Refractor] #CBA-AV,$299.00,,,,,,,,,,,$164.50,$329.00,,,,,,1,,,,,2025-04-30
9125639,Baseball Cards 2025 Topps Chrome Black Autograph,Armando Alvarez #CBA-AAL,$3.35,,$7.92,$9.00,$29.13,$42.93,$56.00,$26.00,$26.00,,,,$3.69,,,$1.70,$8.69,,31,,,,,2025-04-30
9125641,Baseball Cards 2025 Topps Chrome Black Autograph,Armando Alvarez [Blue Refractor] #CBA-AAL,$6.00,,$10.23,$18.77,$36.31,$53.04,$69.00,$32.00,$32.00,,,$1.30,$6.59,,,$2.80,$10.99,,11,,,,,2025-04-30
9125653,Baseball Cards 2025 Topps Chrome Black Autograph,Armando Alvarez [Gold Mini Diamond Refractor] #CBA-AAL,$9.75,,,,,,,,,,,$2.80,$10.99,,,,,,20,,,,,2025-04-30
9125649,Baseball Cards 2025 Topps Chrome Black Autograph,Armando Alvarez [Gold Refractor] #CBA-AAL,$10.66,,,,,,,,,,,$3.00,$11.99,,,,,,5,,,,,2025-04-30
9125642,Baseball Cards 2025 Topps Chrome Black Autograph,Armando Alvarez [Green Refractor] #CBA-AAL,$3.56,,,,,,,,,,,$0.80,$3.89,,,,,,5,,,,,2025-04-30
9125656,Baseball Cards 2025 Topps Chrome Black Autograph,Armando Alvarez [Orange Refractor] #CBA-AAL,$29.00,,,,,,,,,,,$9.60,$31.99,,,,,,1,,,,,2025-04-30
9125664,Baseball Cards 2025 Topps Chrome Black Autograph,Armando Alvarez [Red Refractor] #CBA-AAL,$13.07,,,,,,,,,,,$3.50,$13.99,,,,,,3,,,,,2025-04-30
9125640,Baseball Cards 2025 Topps Chrome Black Autograph,Armando Alvarez [Refractor] #CBA-AAL,$5.13,,$9.47,$17.51,$33.98,$49.78,$65.00,$30.00,$30.00,,,$1.10,$5.59,,,$2.00,$9.99,,9,,,,,2025-04-30
9125658,Baseball Cards 2025 Topps Chrome Black Autograph,Armando Alvarez [Rose Gold Wave Refractor] #CBA-AAL,$31.58,,,,,,,,,,,$10.50,$34.99,,,,,,4,,,,,2025-04-30
9125668,Baseball Cards 2025 Topps Chrome Black Autograph,Armando Alvarez [Superfractor] #CBA-AAL,,,,,,,,,,,,,,,,,,,0,,,,,2025-04-30
9125661,Baseball Cards 2025 Topps Chrome Black Autograph,Armando Alvarez [White Refractor] #CBA-AAL,,,,,,,,,,,,,,,,,,,0,,,,,2025-04-30
9126115,Baseball Cards 2025 Topps Chrome Black Autograph,Austin Riley #CBA-ARI,$57.52,,$55.11,$61.00,$176.50,$251.30,$327.00,$151.00,$151.00,,,$25.20,$62.99,,,$24.40,$60.99,,21,,,,,2025-04-30
9126132,Baseball Cards 2025 Topps Chrome Black Autograph,Austin Riley [Blue Refractor] #CBA-ARI,,,,,,,,,,,,,,,,,,,0,,,,,2025-04-30
9126145,Baseball Cards 2025 Topps Chrome Black Autograph,Austin Riley [Gold Mini Diamond Refractor] #CBA-ARI,$51.54,,,,,,,,,,,$22.80,$56.99,,,,,,4,,,,,2025-04-30
9126142,Baseball Cards 2025 Topps Chrome Black Autograph,Austin Riley [Gold Refractor] #CBA-ARI,$60.37,,$57.58,$98.18,$184.08,$261.72,$340.00,$157.00,$157.00,,,$26.40,$65.99,,,$25.20,$62.99,,9,,,,,2025-04-30
9126139,Baseball Cards 2025 Topps Chrome Black Autograph,Austin Riley [Green Refractor] #CBA-ARI,,,,,,,,,,,,,,,,,,,0,,,,,2025-04-30
9126150,Baseball Cards 2025 Topps Chrome Black Autograph,Austin Riley [Orange Refractor] #CBA-ARI,$104.53,,,,,,,,,,,$57.50,$115.00,,,,,,2,,,,,2025-04-30
9126169,Baseball Cards 2025 Topps Chrome Black Autograph,Austin Riley [Red Refractor] #CBA-ARI,$101.75,,$93.62,$158.61,$296.52,$420.50,$547.00,$252.00,$252.00,,,$56.00,$112.00,,,$51.50,$103.00,,16,,,,,2025-04-30
9126123,Baseball Cards 2025 Topps Chrome Black Autograph,Austin Riley [Refractor] #CBA-ARI,,,,,,,,,,,,,,,,,,,0,,,,,2025-04-30
9126155,Baseball Cards 2025 Topps Chrome Black Autograph,Austin Riley [Rose Gold Wave Refractor] #CBA-ARI,$305.00,,,,,,,,,,,$168.00,$336.00,,,,,,1,,,,,2025-04-30
9126175,Baseball Cards 2025 Topps Chrome Black Autograph,Austin Riley [Superfractor] #CBA-ARI,,,,,,,,,,,,,,,,,,,0,,,,,2025-04-30
9126162,Baseball Cards 2025 Topps Chrome Black Autograph,Austin Riley [White Refractor] #CBA-ARI,,,,,,,,,,,,,,,,,,,0,,,,,2025-04-30
9125780,Baseball Cards 2025 Topps Chrome Black Autograph,Ben Rice #CBA-BR,$200.88,,$49.95,$185.00,$400.00,$467.50,$608.00,$281.00,$281.00,,,$110.50,$221.00,,,$22.00,$54.99,,160,,,,,2025-04-30
9125790,Baseball Cards 2025 Topps Chrome Black Autograph,Ben Rice [Blue Refractor] #CBA-BR,$239.00,,$210.21,$354.27,$417.00,$425.00,$553.00,$255.00,$255.00,,,$131.50,$263.00,,,$115.50,$231.00,,31,,,,,2025-04-30
9125808,Baseball Cards 2025 Topps Chrome Black Autograph,Ben Rice [Gold Mini Diamond Refractor] #CBA-BR,$299.65,,$90.00,$260.00,$286.00,$432.00,$562.00,$259.00,$259.00,,,$165.00,$330.00,,,$39.60,$98.99,,7,,,,,2025-04-30
9125803,Baseball Cards 2025 Topps Chrome Black Autograph,Ben Rice [Gold Refractor] #CBA-BR,$438.55,,$175.50,$208.29,$763.15,$1093.27,$1421.00,$656.00,$656.00,,,$241.00,$482.00,,,$96.50,$193.00,,35,,,,,2025-04-30
9125796,Baseball Cards 2025 Topps Chrome Black Autograph,Ben Rice [Green Refractor] #CBA-BR,$222.57,,$198.96,$312.60,$368.00,$375.00,$488.00,$225.00,$225.00,,,$122.50,$245.00,,,$109.50,$219.00,,22,,,,,2025-04-30
9125814,Baseball Cards 2025 Topps Chrome Black Autograph,Ben Rice [Orange Refractor] #CBA-BR,$261.73,,,$499.99,$550.00,,,,,,,$144.00,$288.00,,,,,,9,,,,,2025-04-30
9125831,Baseball Cards 2025 Topps Chrome Black Autograph,Ben Rice [Red Refractor] #CBA-BR,,,,$790.00,$869.00,$1700.00,$2210.00,$1020.00,$1020.00,,,,,,,,,,2,,,,,2025-04-30
9125783,Baseball Cards 2025 Topps Chrome Black Autograph,Ben Rice [Refractor] #CBA-BR,$250.00,,$133.29,$147.00,$269.00,$274.50,$357.00,$165.00,$165.00,,,$137.50,$275.00,,,$73.50,$147.00,,31,,,,,2025-04-30
9125823,Baseball Cards 2025 Topps Chrome Black Autograph,Ben Rice [Rose Gold Wave Refractor] #CBA-BR,$625.00,,,$433.00,$476.00,,,,,,,$412.80,$688.00,,,,,,4,,,,,2025-04-30
9125837,Baseball Cards 2025 Topps Chrome Black Autograph,Ben Rice [Superfractor] #CBA-BR,,,,,,,,,,,,,,,,,,,0,,,,,2025-04-30
9125826,Baseball Cards 2025 Topps Chrome Black Autograph,Ben Rice [White Refractor] #CBA-BR,$300.00,,,$450.00,$495.00,,,,,,,$165.00,$330.00,,,,,,2,,,,,2025-04-30
9125651,Baseball Cards 2025 Topps Chrome Black Autograph,Bo Jackson #CBA-BJ,$156.63,,$141.41,$330.00,$431.00,$440.00,$572.00,$264.00,$264.00,,,$86.00,$172.00,,,$78.00,$156.00,,17,,,,,2025-04-30
9125662,Baseball Cards 2025 Topps Chrome Black Autograph,Bo Jackson [Blue Refractor] #CBA-BJ,,,,,,,,,,,,,,,,,,,0,,,,,2025-04-30
9125699,Baseball Cards 2025 Topps Chrome Black Autograph,Bo Jackson [Gold Mini Diamond Refractor] #CBA-BJ,$183.79,,,,,,,,,,,$101.00,$202.00,,,,,,1,,,,,2025-04-30
9125683,Baseball Cards 2025 Topps Chrome Black Autograph,Bo Jackson [Gold Refractor] #CBA-BJ,$235.15,,$154.79,$450.00,$519.08,$550.00,$715.00,$330.00,$330.00,,,$129.50,$259.00,,,$85.00,$170.00,,19,,,,,2025-04-30
9125680,Baseball Cards 2025 Topps Chrome Black Autograph,Bo Jackson [Green Refractor] #CBA-BJ,$165.00,,$169.99,$232.19,$353.00,$360.00,$468.00,$216.00,$216.00,,,$91.00,$182.00,,,$93.50,$187.00,,19,,,,,2025-04-30
9125707,Baseball Cards 2025 Topps Chrome Black Autograph,Bo Jackson [Orange Refractor] #CBA-BJ,,,,,,,,,,,,,,,,,,,0,,,,,2025-04-30
9125721,Baseball Cards 2025 Topps Chrome Black Autograph,Bo Jackson [Red Refractor] #CBA-BJ,,,,$449.99,$495.00,,,,,,,,,,,,,,1,,,,,2025-04-30
9125655,Baseball Cards 2025 Topps Chrome Black Autograph,Bo Jackson [Refractor] #CBA-BJ,,,,,,,,,,,,,,,,,,,0,,,,,2025-04-30
9125709,Baseball Cards 2025 Topps Chrome Black Autograph,Bo Jackson [Rose Gold Wave Refractor] #CBA-BJ,$260.62,,,,,,,,,,,$143.50,$287.00,,,,,,4,,,,,2025-04-30
9125725,Baseball Cards 2025 Topps Chrome Black Autograph,Bo Jackson [Superfractor] #CBA-BJ,,,,,,,,,,,,,,,,,,,0,,,,,2025-04-30
9125716,Baseball Cards 2025 Topps Chrome Black Autograph,Bo Jackson [White Refractor] #CBA-BJ,,,,,,,,,,,,,,,,,,,0,,,,,2025-04-30
9125957,Baseball Cards 2025 Topps Chrome Black Autograph,Bobby Witt Jr. #CBA-BW,$189.37,,$169.24,$285.61,$353.00,$360.00,$468.00,$216.00,$216.00,,,$104.00,$208.00,,,$93.00,$186.00,,15,,,,,2025-04-30
9125967,Baseball Cards 2025 Topps Chrome Black Autograph,Bobby Witt Jr. [Blue Refractor] #CBA-BW,,,,,,,,,,,,,,,,,,,0,,,,,2025-04-30
9125991,Baseball Cards 2025 Topps Chrome Black Autograph,Bobby Witt Jr. [Gold Mini Diamond Refractor] #CBA-BW,$300.00,,,$294.00,$323.00,,,,,,,$165.00,$330.00,,,,,,9,,,,,2025-04-30
9125986,Baseball Cards 2025 Topps Chrome Black Autograph,Bobby Witt Jr. [Gold Refractor] #CBA-BW,$287.00,,$255.04,$429.41,$587.00,$598.71,$778.00,$359.00,$359.00,,,$158.00,$316.00,,,$140.50,$281.00,,19,,,,,2025-04-30
9125973,Baseball Cards 2025 Topps Chrome Black Autograph,Bobby Witt Jr. [Green Refractor] #CBA-BW,$207.50,,$185.79,$349.00,$584.45,$827.79,$1076.00,$497.00,$497.00,,,$114.00,$228.00,,,$102.00,$204.00,,24,,,,,2025-04-30
9125997,Baseball Cards 2025 Topps Chrome Black Autograph,Bobby Witt Jr. [Orange Refractor] #CBA-BW,$394.90,,,$499.00,$1199.99,,,,,,,$217.00,$434.00,,,,,,5,,,,,2025-04-30
9126052,Baseball Cards 2025 Topps Chrome Black Autograph,Bobby Witt Jr. [Red Refractor] #CBA-BW,$942.50,,,,,$2287.50,$2974.00,$1373.00,$1373.00,,,$622.20,$1037.00,,,,,,5,,,,,2025-04-30
9125962,Baseball Cards 2025 Topps Chrome Black Autograph,Bobby Witt Jr. [Refractor] #CBA-BW,$217.50,,,,,,,,,,,$119.50,$239.00,,,,,,2,,,,,2025-04-30
9126007,Baseball Cards 2025 Topps Chrome Black Autograph,Bobby Witt Jr. [Rose Gold Wave Refractor] #CBA-BW,$537.50,,,,,,,,,,,$354.60,$591.00,,,,,,3,,,,,2025-04-30
9126069,Baseball Cards 2025 Topps Chrome Black Autograph,Bobby Witt Jr. [Superfractor] #CBA-BW,,,,,,,,,,,,,,,,,,,0,,,,,2025-04-30
9126033,Baseball Cards 2025 Topps Chrome Black Autograph,Bobby Witt Jr. [White Refractor] #CBA-BW,,,,,,,,,,,,,,,,,,,0,,,,,2025-04-30
9125899,Baseball Cards 2025 Topps Chrome Black Autograph,Brian Roberts #CBA-BRO,$10.00,,$13.71,$24.62,$47.22,$68.48,$89.00,$41.00,$41.00,,,$2.80,$10.99,,,$3.80,$14.99,,28,,,,,2025-04-30
9125906,Baseball Cards 2025 Topps Chrome Black Autograph,Brian Roberts [Blue Refractor] #CBA-BRO,$11.75,,$15.24,$25.00,$52.02,$75.33,$98.00,$45.00,$45.00,,,$3.30,$12.99,,,$4.30,$16.99,,25,,,,,2025-04-30
9125924,Baseball Cards 2025 Topps Chrome Black Autograph,Brian Roberts [Gold Mini Diamond Refractor] #CBA-BRO,$18.00,,$20.69,$36.33,$69.01,$99.34,$129.00,$60.00,$60.00,,,$5.00,$19.99,,,$6.90,$22.99,,9,,,,,2025-04-30
9125918,Baseball Cards 2025 Topps Chrome Black Autograph,Brian Roberts [Gold Refractor] #CBA-BRO,$17.29,,$20.06,$35.25,$66.99,$96.36,$125.00,$58.00,$58.00,,,$4.80,$18.99,,,$6.60,$21.99,,11,,,,,2025-04-30
9125910,Baseball Cards 2025 Topps Chrome Black Autograph,Brian Roberts [Green Refractor] #CBA-BRO,$12.23,,$16.08,$28.59,$54.61,$78.96,$103.00,$47.00,$47.00,,,$3.30,$12.99,,,$4.50,$17.99,,12,,,,,2025-04-30
9125928,Baseball Cards 2025 Topps Chrome Black Autograph,Brian Roberts [Orange Refractor] #CBA-BRO,$39.25,,,,,,,,,,,$17.20,$42.99,,,,,,2,,,,,2025-04-30
9125945,Baseball Cards 2025 Topps Chrome Black Autograph,Brian Roberts [Red Refractor] #CBA-BRO,$70.50,,,,,,,,,,,$31.20,$77.99,,,,,,2,,,,,2025-04-30
9125904,Baseball Cards 2025 Topps Chrome Black Autograph,Brian Roberts [Refractor] #CBA-BRO,$13.50,,$16.86,$29.91,$57.07,$82.46,$107.00,$49.00,$49.00,,,$3.80,$14.99,,,$4.80,$18.99,,15,,,,,2025-04-30
9125933,Baseball Cards 2025 Topps Chrome Black Autograph,Brian Roberts [Rose Gold Wave Refractor] #CBA-BRO,,,,,,,,,,,,,,,,,,,0,,,,,2025-04-30
9125951,Baseball Cards 2025 Topps Chrome Black Autograph,Brian Roberts [Superfractor] #CBA-BRO,$650.00,,,,,,,,,,,$429.00,$715.00,,,,,,2,,,,,2025-04-30
9125938,Baseball Cards 2025 Topps Chrome Black Autograph,Brian Roberts [White Refractor] #CBA-BRO,,,,,,,,,,,,,,,,,,,0,,,,,2025-04-30
9126239,Baseball Cards 2025 Topps Chrome Black Autograph,Brooks Baldwin #CBA-BBA,$5.57,,$9.90,$18.21,$35.28,$60.00,$78.00,$36.00,$36.00,,,$1.20,$6.09,,,$2.80,$10.99,,49,,,,,2025-04-30
9125629,Baseball Cards 2025 Topps Chrome Black Autograph,Brooks Baldwin [Blue Refractor] #CBA-BBA,$9.52,,$13.25,$23.83,$45.74,$66.34,$86.00,$40.00,$40.00,,,$2.00,$9.99,,,$3.80,$14.99,,13,,,,,2025-04-30
9125634,Baseball Cards 2025 Topps Chrome Black Autograph,Brooks Baldwin [Gold Mini Diamond Refractor] #CBA-BBA,$11.50,,,,,,,,,,,$3.30,$12.99,,,,,,1,,,,,2025-04-30
9125633,Baseball Cards 2025 Topps Chrome Black Autograph,Brooks Baldwin [Gold Refractor] #CBA-BBA,$20.99,,$23.30,$40.00,$77.20,$110.96,$144.00,$67.00,$67.00,,,$6.90,$22.99,,,$7.80,$25.99,,8,,,,,2025-04-30
9125631,Baseball Cards 2025 Topps Chrome Black Autograph,Brooks Baldwin [Green Refractor] #CBA-BBA,$20.96,,$23.28,$40.65,$77.04,$110.54,$144.00,$66.00,$66.00,,,$6.90,$22.99,,,$7.80,$25.99,,14,,,,,2025-04-30
9125636,Baseball Cards 2025 Topps Chrome Black Autograph,Brooks Baldwin [Orange Refractor] #CBA-BBA,$76.75,,,,,,,,,,,$33.60,$83.99,,,,,,5,,,,,2025-04-30
9125644,Baseball Cards 2025 Topps Chrome Black Autograph,Brooks Baldwin [Red Refractor] #CBA-BBA,,,,,,,,,,,,,,,,,,,0,,,,,2025-04-30
9125627,Baseball Cards 2025 Topps Chrome Black Autograph,Brooks Baldwin [Refractor] #CBA-BBA,$14.86,,$17.96,$31.75,$60.49,$87.31,$114.00,$52.00,$52.00,,,$4.00,$15.99,,,$5.00,$19.99,,9,,,,,2025-04-30
9125638,Baseball Cards 2025 Topps Chrome Black Autograph,Brooks Baldwin [Rose Gold Wave Refractor] #CBA-BBA,$135.85,,,,,,,,,,,$74.50,$149.00,,,,,,3,,,,,2025-04-30
9125650,Baseball Cards 2025 Topps Chrome Black Autograph,Brooks Baldwin [Superfractor] #CBA-BBA,,,,,,,,,,,,,,,,,,,0,,,,,2025-04-30
9125643,Baseball Cards 2025 Topps Chrome Black Autograph,Brooks Baldwin [White Refractor] #CBA-BBA,$174.99,,,,,,,,,,,$96.00,$192.00,,,,,,1,,,,,2025-04-30
9125730,Baseball Cards 2025 Topps Chrome Black Autograph,Brooks Lee #CBA-BL,$14.62,,$19.01,$21.00,$60.80,$80.96,$105.00,$49.00,$49.00,,,$4.00,$15.99,,,$6.30,$20.99,,38,,,,,2025-04-30
9125740,Baseball Cards 2025 Topps Chrome Black Autograph,Brooks Lee [Blue Refractor] #CBA-BL,$19.75,,$22.21,$38.88,$73.75,$105.99,$138.00,$64.00,$64.00,,,$6.60,$21.99,,,$7.20,$23.99,,19,,,,,2025-04-30
9125757,Baseball Cards 2025 Topps Chrome Black Autograph,Brooks Lee [Gold Mini Diamond Refractor] #CBA-BL,$1.29,,,,,,,,,,,,$1.39,,,,,,1,,,,,2025-04-30
9125752,Baseball Cards 2025 Topps Chrome Black Autograph,Brooks Lee [Gold Refractor] #CBA-BL,$50.00,,$48.57,$83.11,$156.09,$222.44,$289.00,$133.00,$133.00,,,$22.00,$54.99,,,$21.20,$52.99,,9,,,,,2025-04-30
9125747,Baseball Cards 2025 Topps Chrome Black Autograph,Brooks Lee [Green Refractor] #CBA-BL,$22.00,,$24.18,$42.19,$79.93,$114.82,$149.00,$69.00,$69.00,,,$7.20,$23.99,,,$8.10,$26.99,,14,,,,,2025-04-30
9125762,Baseball Cards 2025 Topps Chrome Black Autograph,Brooks Lee [Orange Refractor] #CBA-BL,$71.39,,,,,,,,,,,$31.60,$78.99,,,,,,2,,,,,2025-04-30
9125768,Baseball Cards 2025 Topps Chrome Black Autograph,Brooks Lee [Red Refractor] #CBA-BL,$20.00,,,,,,,,,,,$6.60,$21.99,,,,,,1,,,,,2025-04-30
9125735,Baseball Cards 2025 Topps Chrome Black Autograph,Brooks Lee [Refractor] #CBA-BL,$19.99,,$22.41,$39.21,$69.00,$70.00,$91.00,$42.00,$42.00,,,$6.60,$21.99,,,$7.50,$24.99,,14,,,,,2025-04-30
9125764,Baseball Cards 2025 Topps Chrome Black Autograph,Brooks Lee [Rose Gold Wave Refractor] #CBA-BL,$100.00,,,,,,,,,,,$55.00,$110.00,,,,,,2,,,,,2025-04-30
9125772,Baseball Cards 2025 Topps Chrome Black Autograph,Brooks Lee [Superfractor] #CBA-BL,,,,,,,,,,,,,,,,,,,0,,,,,2025-04-30
9127138,Baseball Cards 2025 Topps Chrome Black Autograph,Brooks Lee [White Refractor] #CBA-BL,,,,,,,,,,,,,,,,,,,0,,,,,2025-04-30
9125839,Baseball Cards 2025 Topps Chrome Black Autograph,Bryan Reynolds #CBA-BRE,$8.84,,$12.73,$22.97,$44.15,$64.16,$83.00,$39.00,$39.00,,,$1.90,$9.69,,,$3.50,$13.99,,29,,,,,2025-04-30
9125849,Baseball Cards 2025 Topps Chrome Black Autograph,Bryan Reynolds [Blue Refractor] #CBA-BRE,$13.59,,$15.90,$17.00,$54.04,$78.16,$102.00,$47.00,$47.00,,,$3.80,$14.99,,,$4.30,$16.99,,17,,,,,2025-04-30
9125868,Baseball Cards 2025 Topps Chrome Black Autograph,Bryan Reynolds [Gold Mini Diamond Refractor] #CBA-BRE,$20.00,,,,,,,,,,,$6.60,$21.99,,,,,,4,,,,,2025-04-30
9125864,Baseball Cards 2025 Topps Chrome Black Autograph,Bryan Reynolds [Gold Refractor] #CBA-BRE,$23.85,,$26.79,$40.00,$88.05,$126.24,$164.00,$76.00,$76.00,,,$7.80,$25.99,,,$8.70,$28.99,,18,,,,,2025-04-30
9125857,Baseball Cards 2025 Topps Chrome Black Autograph,Bryan Reynolds [Green Refractor] #CBA-BRE,$14.00,,$17.20,$19.00,$58.10,$83.86,$109.00,$50.00,$50.00,,,$3.80,$14.99,,,$4.80,$18.99,,13,,,,,2025-04-30
9125873,Baseball Cards 2025 Topps Chrome Black Autograph,Bryan Reynolds [Orange Refractor] #CBA-BRE,$25.00,,,,,$67.89,$88.00,$41.00,$41.00,,,$8.40,$27.99,,,,,,5,,,,,2025-04-30
9125887,Baseball Cards 2025 Topps Chrome Black Autograph,Bryan Reynolds [Red Refractor] #CBA-BRE,$85.00,,,,,,,,,,,$37.60,$93.99,,,,,,1,,,,,2025-04-30
9125846,Baseball Cards 2025 Topps Chrome Black Autograph,Bryan Reynolds [Refractor] #CBA-BRE,$9.11,,$13.12,$23.64,$45.38,$65.91,$86.00,$40.00,$40.00,,,$2.00,$9.99,,,$3.50,$13.99,,14,,,,,2025-04-30
9125875,Baseball Cards 2025 Topps Chrome Black Autograph,Bryan Reynolds [Rose Gold Wave Refractor] #CBA-BRE,$25.00,,,,,,,,,,,$8.40,$27.99,,,,,,1,,,,,2025-04-30
9125892,Baseball Cards 2025 Topps Chrome Black Autograph,Bryan Reynolds [Superfractor] #CBA-BRE,,,,,,,,,,,,,,,,,,,0,,,,,2025-04-30
9125881,Baseball Cards 2025 Topps Chrome Black Autograph,Bryan Reynolds [White Refractor] #CBA-BRE,,,,,,,,,,,,,,,,,,,0,,,,,2025-04-30
9126110,Baseball Cards 2025 Topps Chrome Black Autograph,CJ Alexander #CBA-CA,$3.99,,$8.48,$15.83,$30.85,$45.33,$59.00,$27.00,$27.00,,,$0.90,$4.39,,,$1.90,$9.29,,30,,,,,2025-04-30
9126129,Baseball Cards 2025 Topps Chrome Black Autograph,CJ Alexander [Blue Refractor] #CBA-CA,$2.25,,$6.96,$13.29,$26.13,$32.00,$42.00,$19.00,$19.00,,,,$2.49,,,$1.50,$7.69,,12,,,,,2025-04-30
9126154,Baseball Cards 2025 Topps Chrome Black Autograph,CJ Alexander [Gold Mini Diamond Refractor] #CBA-CA,$12.00,,,,,,,,,,,$3.30,$12.99,,,,,,4,,,,,2025-04-30
9126148,Baseball Cards 2025 Topps Chrome Black Autograph,CJ Alexander [Gold Refractor] #CBA-CA,$13.50,,$16.77,$29.75,$56.76,$82.01,$107.00,$49.00,$49.00,,,$3.80,$14.99,,,$4.50,$17.99,,6,,,,,2025-04-30
9126136,Baseball Cards 2025 Topps Chrome Black Autograph,CJ Alexander [Green Refractor] #CBA-CA,$10.00,,$13.72,$24.63,$47.24,$68.55,$89.00,$41.00,$41.00,,,$2.80,$10.99,,,$3.80,$14.99,,7,,,,,2025-04-30
9126161,Baseball Cards 2025 Topps Chrome Black Autograph,CJ Alexander [Orange Refractor] #CBA-CA,$16.62,,,,,,,,,,,$4.50,$17.99,,,,,,4,,,,,2025-04-30
9126207,Baseball Cards 2025 Topps Chrome Black Autograph,CJ Alexander [Red Refractor] #CBA-CA,,,,,,,,,,,,,,,,,,,0,,,,,2025-04-30
9126114,Baseball Cards 2025 Topps Chrome Black Autograph,CJ Alexander [Refractor] #CBA-CA,$3.55,,$8.27,$15.48,$30.19,$44.39,$58.00,$27.00,$27.00,,,$0.80,$3.89,,,$1.80,$9.09,,9,,,,,2025-04-30
9126189,Baseball Cards 2025 Topps Chrome Black Autograph,CJ Alexander [Rose Gold Wave Refractor] #CBA-CA,$24.25,,,,,,,,,,,$8.10,$26.99,,,,,,4,,,,,2025-04-30
9126216,Baseball Cards 2025 Topps Chrome Black Autograph,CJ Alexander [Superfractor] #CBA-CA,,,,,,,,,,,,,,,,,,,0,,,,,2025-04-30
9126196,Baseball Cards 2025 Topps Chrome Black Autograph,CJ Alexander [White Refractor] #CBA-CA,$10.00,,,,,,,,,,,$2.80,$10.99,,,,,,1,,,,,2025-04-30
9125923,Baseball Cards 2025 Topps Chrome Black Autograph,Cade Povich #CBA-CP,$5.82,,$9.35,$17.29,$33.57,$49.17,$64.00,$30.00,$30.00,,,$1.30,$6.39,,,$2.00,$9.99,,29,,,,,2025-04-30
9125936,Baseball Cards 2025 Topps Chrome Black Autograph,Cade Povich [Blue Refractor] #CBA-CP,$7.50,,$11.54,$20.97,$40.42,$58.86,$77.00,$35.00,$35.00,,,$1.70,$8.29,,,$3.30,$12.99,,25,,,,,2025-04-30
9125953,Baseball Cards 2025 Topps Chrome Black Autograph,Cade Povich [Gold Mini Diamond Refractor] #CBA-CP,$16.54,,,,,,,,,,,$4.50,$17.99,,,,,,3,,,,,2025-04-30
9125946,Baseball Cards 2025 Topps Chrome Black Autograph,Cade Povich [Gold Refractor] #CBA-CP,$16.27,,$19.15,$33.74,$64.20,$92.53,$120.00,$56.00,$56.00,,,$4.50,$17.99,,,$6.30,$20.99,,11,,,,,2025-04-30
9125942,Baseball Cards 2025 Topps Chrome Black Autograph,Cade Povich [Green Refractor] #CBA-CP,$12.95,,$16.30,$28.98,$55.36,$80.14,$104.00,$48.00,$48.00,,,$3.50,$13.99,,,$4.50,$17.99,,13,,,,,2025-04-30
9125958,Baseball Cards 2025 Topps Chrome Black Autograph,Cade Povich [Orange Refractor] #CBA-CP,$52.50,,,,,,,,,,,$23.20,$57.99,,,,,,3,,,,,2025-04-30
9125977,Baseball Cards 2025 Topps Chrome Black Autograph,Cade Povich [Red Refractor] #CBA-CP,$34.53,,,,,,,,,,,$15.20,$37.99,,,,,,1,,,,,2025-04-30
9125930,Baseball Cards 2025 Topps Chrome Black Autograph,Cade Povich [Refractor] #CBA-CP,$5.25,,$9.54,$17.62,$34.17,$50.03,$65.00,$30.00,$30.00,,,$1.20,$5.79,,,$2.00,$9.99,,10,,,,,2025-04-30
9125965,Baseball Cards 2025 Topps Chrome Black Autograph,Cade Povich [Rose Gold Wave Refractor] #CBA-CP,$74.95,,,,,,,,,,,$32.80,$81.99,,,,,,1,,,,,2025-04-30
9125979,Baseball Cards 2025 Topps Chrome Black Autograph,Cade Povich [Superfractor] #CBA-CP,,,,,,,,,,,,,,,,,,,0,,,,,2025-04-30
9125968,Baseball Cards 2025 Topps Chrome Black Autograph,Cade Povich [White Refractor] #CBA-CP,,,,,,,,,,,,,,,,,,,0,,,,,2025-04-30
9125985,Baseball Cards 2025 Topps Chrome Black Autograph,Cal Ripken Jr. #CBA-CR,$93.28,,$86.31,$175.00,$265.00,$270.00,$351.00,$162.00,$162.00,,,$51.50,$103.00,,,$38.00,$94.99,,15,,,,,2025-04-30
9125995,Baseball Cards 2025 Topps Chrome Black Autograph,Cal Ripken Jr. [Blue Refractor] #CBA-CR,,,,,,,,,,,,,,,,,,,0,,,,,2025-04-30
9126014,Baseball Cards 2025 Topps Chrome Black Autograph,Cal Ripken Jr. [Gold Mini Diamond Refractor] #CBA-CR,$140.00,,$149.99,,,,,,,,,$77.00,$154.00,,,$82.50,$165.00,,5,,,,,2025-04-30
9126009,Baseball Cards 2025 Topps Chrome Black Autograph,Cal Ripken Jr. [Gold Refractor] #CBA-CR,$232.20,,$153.68,$176.25,$494.57,$702.37,$913.00,$421.00,$421.00,,,$127.50,$255.00,,,$84.50,$169.00,,18,,,,,2025-04-30
9126002,Baseball Cards 2025 Topps Chrome Black Autograph,Cal Ripken Jr. [Green Refractor] #CBA-CR,$96.00,,$88.70,$122.50,$281.58,$400.24,$520.00,$240.00,$240.00,,,$53.00,$106.00,,,$39.20,$97.99,,14,,,,,2025-04-30
9126023,Baseball Cards 2025 Topps Chrome Black Autograph,Cal Ripken Jr. [Orange Refractor] #CBA-CR,$168.93,,,,,,,,$275.00,,,$93.00,$186.00,,,,,,4,,,,,2025-04-30
9126034,Baseball Cards 2025 Topps Chrome Black Autograph,Cal Ripken Jr. [Red Refractor] #CBA-CR,$260.08,,,,,,,,,,,$143.00,$286.00,,,,,,2,,,,,2025-04-30
9125990,Baseball Cards 2025 Topps Chrome Black Autograph,Cal Ripken Jr. [Refractor] #CBA-CR,,,,,,,,,,,,,,,,,,,0,,,,,2025-04-30
9126026,Baseball Cards 2025 Topps Chrome Black Autograph,Cal Ripken Jr. [Rose Gold Wave Refractor] #CBA-CR,,,,,,,,,,,,,,,,,,,0,,,,,2025-04-30
9126038,Baseball Cards 2025 Topps Chrome Black Autograph,Cal Ripken Jr. [Superfractor] #CBA-CR,,,,,,,,,,,,,,,,,,,0,,,,,2025-04-30
9126030,Baseball Cards 2025 Topps Chrome Black Autograph,Cal Ripken Jr. [White Refractor] #CBA-CR,$170.53,,,,,,,,,,,$94.00,$188.00,,,,,,1,,,,,2025-04-30
9126223,Baseball Cards 2025 Topps Chrome Black Autograph,Carlos Narvaez #CBA-CAN,$6.05,,$10.26,$11.00,$36.41,$53.18,$69.00,$32.00,$32.00,,,$1.30,$6.69,,,$2.80,$10.99,,32,,,,,2025-04-30
9126235,Baseball Cards 2025 Topps Chrome Black Autograph,Carlos Narvaez [Blue Refractor] #CBA-CAN,$9.84,,$13.57,$24.37,$46.73,$67.74,$88.00,$41.00,$41.00,,,$2.80,$10.99,,,$3.80,$14.99,,19,,,,,2025-04-30
9126262,Baseball Cards 2025 Topps Chrome Black Autograph,Carlos Narvaez [Gold Mini Diamond Refractor] #CBA-CAN,$25.19,,,,,,,,,,,$8.40,$27.99,,,,,,4,,,,,2025-04-30
9126249,Baseball Cards 2025 Topps Chrome Black Autograph,Carlos Narvaez [Gold Refractor] #CBA-CAN,$21.88,,$23.95,$41.79,$79.17,$113.62,$148.00,$68.00,$68.00,,,$7.20,$23.99,,,$7.80,$25.99,,16,,,,,2025-04-30
9126241,Baseball Cards 2025 Topps Chrome Black Autograph,Carlos Narvaez [Green Refractor] #CBA-CAN,$17.25,,$20.22,$35.57,$67.62,$97.49,$127.00,$58.00,$58.00,,,$4.80,$18.99,,,$6.60,$21.99,,14,,,,,2025-04-30
9126267,Baseball Cards 2025 Topps Chrome Black Autograph,Carlos Narvaez [Orange Refractor] #CBA-CAN,$43.25,,,,,,,,,,,$19.20,$47.99,,,,,,3,,,,,2025-04-30
9126283,Baseball Cards 2025 Topps Chrome Black Autograph,Carlos Narvaez [Red Refractor] #CBA-CAN,,,,,,,,,,,,,,,,,,,0,,,,,2025-04-30
9126226,Baseball Cards 2025 Topps Chrome Black Autograph,Carlos Narvaez [Refractor] #CBA-CAN,$8.75,,$12.63,$14.51,$43.84,$63.75,$83.00,$38.00,$38.00,,,$1.90,$9.59,,,$3.50,$13.99,,26,,,,,2025-04-30
9126274,Baseball Cards 2025 Topps Chrome Black Autograph,Carlos Narvaez [Rose Gold Wave Refractor] #CBA-CAN,$61.62,,,,,,,,,,,$27.20,$67.99,,,,,,2,,,,,2025-04-30
9126288,Baseball Cards 2025 Topps Chrome Black Autograph,Carlos Narvaez [Superfractor] #CBA-CAN,,,,,,,,,,,,,,,,,,,0,,,,,2025-04-30
9126279,Baseball Cards 2025 Topps Chrome Black Autograph,Carlos Narvaez [White Refractor] #CBA-CAN,$51.00,,,,,,,,,,,$22.40,$55.99,,,,,,2,,,,,2025-04-30
9126043,Baseball Cards 2025 Topps Chrome Black Autograph,Christian Yelich #CBA-CY,$31.73,,,,,,,,,,,$10.50,$34.99,,,,,,2,,,,,2025-04-30
9126058,Baseball Cards 2025 Topps Chrome Black Autograph,Christian Yelich [Blue Refractor] #CBA-CY,,,,,,,,,,,,,,,,,,,0,,,,,2025-04-30
9126074,Baseball Cards 2025 Topps Chrome Black Autograph,Christian Yelich [Gold Mini Diamond Refractor] #CBA-CY,$45.00,,$44.21,$75.76,$142.39,$202.96,$264.00,$122.00,$122.00,,,$20.00,$49.99,,,$19.60,$48.99,,5,,,,,2025-04-30
9126071,Baseball Cards 2025 Topps Chrome Black Autograph,Christian Yelich [Gold Refractor] #CBA-CY,$48.71,,$48.99,,,,,,,,,$21.60,$53.99,,,$21.60,$53.99,,5,,,,,2025-04-30
9126065,Baseball Cards 2025 Topps Chrome Black Autograph,Christian Yelich [Green Refractor] #CBA-CY,$31.00,,$32.01,$55.30,$104.31,$149.14,$194.00,$89.00,$89.00,,,$10.20,$33.99,,,$10.50,$34.99,,10,,,,,2025-04-30
9126079,Baseball Cards 2025 Topps Chrome Black Autograph,Christian Yelich [Orange Refractor] #CBA-CY,$56.00,,,,,,,,,,,$24.80,$61.99,,,,,,1,,,,,2025-04-30
9126100,Baseball Cards 2025 Topps Chrome Black Autograph,Christian Yelich [Red Refractor] #CBA-CY,,,,$79.00,$87.00,,,,,,,,,,,,,,1,,,,,2025-04-30
9126051,Baseball Cards 2025 Topps Chrome Black Autograph,Christian Yelich [Refractor] #CBA-CY,,,,,,,,,,,,,,,,,,,0,,,,,2025-04-30
9126088,Baseball Cards 2025 Topps Chrome Black Autograph,Christian Yelich [Rose Gold Wave Refractor] #CBA-CY,$48.23,,,,,,,,,,,$21.20,$52.99,,,,,,3,,,,,2025-04-30
9126104,Baseball Cards 2025 Topps Chrome Black Autograph,Christian Yelich [Superfractor] #CBA-CY,,,,,,,,,,,,,,,,,,,0,,,,,2025-04-30
9126095,Baseball Cards 2025 Topps Chrome Black Autograph,Christian Yelich [White Refractor] #CBA-CY,$135.50,,,,,,,,,,,$74.50,$149.00,,,,,,1,,,,,2025-04-30
9125704,Baseball Cards 2025 Topps Chrome Black Autograph,Cliff Lee #CBA-CL,$14.99,,$36.46,$46.92,$60.63,$109.99,$143.00,$66.00,$66.00,,,$4.00,$15.99,,,$16.00,$39.99,,36,,,,,2025-04-30
9125713,Baseball Cards 2025 Topps Chrome Black Autograph,Cliff Lee [Blue Refractor] #CBA-CL,$24.31,,$25.68,$44.67,$84.52,$121.11,$157.00,$73.00,$73.00,,,$8.10,$26.99,,,$8.40,$27.99,,17,,,,,2025-04-30
9125731,Baseball Cards 2025 Topps Chrome Black Autograph,Cliff Lee [Gold Mini Diamond Refractor] #CBA-CL,$40.00,,$39.85,$68.46,$128.80,$183.77,$239.00,$110.00,$110.00,,,$17.60,$43.99,,,$17.60,$43.99,,10,,,,,2025-04-30
9125727,Baseball Cards 2025 Topps Chrome Black Autograph,Cliff Lee [Gold Refractor] #CBA-CL,$48.00,,$46.84,$80.22,$150.72,$214.94,$279.00,$129.00,$129.00,,,$21.20,$52.99,,,$20.80,$51.99,,6,,,,,2025-04-30
9125722,Baseball Cards 2025 Topps Chrome Black Autograph,Cliff Lee [Green Refractor] #CBA-CL,$25.00,,$25.47,$44.32,$83.86,$91.25,$119.00,$55.00,$55.00,,,$8.40,$27.99,,,$8.40,$27.99,,8,,,,,2025-04-30
9125738,Baseball Cards 2025 Topps Chrome Black Autograph,Cliff Lee [Orange Refractor] #CBA-CL,$22.75,,,,,,,,,,,$7.50,$24.99,,,,,,2,,,,,2025-04-30
9125756,Baseball Cards 2025 Topps Chrome Black Autograph,Cliff Lee [Red Refractor] #CBA-CL,,,,,,,,,,,,,,,,,,,0,,,,,2025-04-30
9125710,Baseball Cards 2025 Topps Chrome Black Autograph,Cliff Lee [Refractor] #CBA-CL,$25.53,,$27.25,$47.32,$74.00,$75.00,$98.00,$45.00,$45.00,,,$8.40,$27.99,,,$9.00,$29.99,,27,,,,,2025-04-30
9125744,Baseball Cards 2025 Topps Chrome Black Autograph,Cliff Lee [Rose Gold Wave Refractor] #CBA-CL,$31.32,,,,,,,,,,,$10.20,$33.99,,,,,,3,,,,,2025-04-30
9125761,Baseball Cards 2025 Topps Chrome Black Autograph,Cliff Lee [Superfractor] #CBA-CL,,,,,,,,,,,,,,,,,,,0,,,,,2025-04-30
9125750,Baseball Cards 2025 Topps Chrome Black Autograph,Cliff Lee [White Refractor] #CBA-CL,$55.00,,,,,,,,,,,$24.40,$60.99,,,,,,4,,,,,2025-04-30
9125767,Baseball Cards 2025 Topps Chrome Black Autograph,Coby Mayo #CBA-CMA,$20.03,,$22.46,$39.31,$74.57,$107.22,$139.00,$64.00,$64.00,,,$6.60,$21.99,,,$7.50,$24.99,,28,,,,,2025-04-30
9125774,Baseball Cards 2025 Topps Chrome Black Autograph,Coby Mayo [Blue Refractor] #CBA-CMA,$20.85,,$23.16,$40.47,$76.69,$110.10,$143.00,$66.00,$66.00,,,$6.90,$22.99,,,$7.50,$24.99,,18,,,,,2025-04-30
9125793,Baseball Cards 2025 Topps Chrome Black Autograph,Coby Mayo [Gold Mini Diamond Refractor] #CBA-CMA,$67.00,,$63.42,$108.09,$202.64,$288.61,$375.00,$173.00,$173.00,,,$29.60,$73.99,,,$28.00,$69.99,,7,,,,,2025-04-30
9125786,Baseball Cards 2025 Topps Chrome Black Autograph,Coby Mayo [Gold Refractor] #CBA-CMA,$36.67,,$36.97,$72.00,$119.91,$171.39,$223.00,$103.00,$103.00,,,$16.00,$39.99,,,$16.40,$40.99,,15,,,,,2025-04-30
9125779,Baseball Cards 2025 Topps Chrome Black Autograph,Coby Mayo [Green Refractor] #CBA-CMA,$106.50,,,$20.49,$23.00,,,,,,,$58.50,$117.00,,,,,,3,,,,,2025-04-30
9125802,Baseball Cards 2025 Topps Chrome Black Autograph,Coby Mayo [Orange Refractor] #CBA-CMA,$182.94,,,,,,,,,,,$100.50,$201.00,,,,,,2,,,,,2025-04-30
9125824,Baseball Cards 2025 Topps Chrome Black Autograph,Coby Mayo [Red Refractor] #CBA-CMA,$250.00,,,,,,,,,,,$137.50,$275.00,,,,,,1,,,,,2025-04-30
9127135,Baseball Cards 2025 Topps Chrome Black Autograph,Coby Mayo [Refractor] #CBA-CMA,$29.46,,$30.67,$37.50,$100.14,$143.27,$186.00,$86.00,$86.00,,,$9.60,$31.99,,,$10.20,$33.99,,13,,,,,2025-04-30
9125810,Baseball Cards 2025 Topps Chrome Black Autograph,Coby Mayo [Rose Gold Wave Refractor] #CBA-CMA,$107.50,,,,,,,,,,,$59.00,$118.00,,,,,,4,,,,,2025-04-30
9125830,Baseball Cards 2025 Topps Chrome Black Autograph,Coby Mayo [Superfractor] #CBA-CMA,,,,,,,,,,,,,,,,,,,0,,,,,2025-04-30
9125816,Baseball Cards 2025 Topps Chrome Black Autograph,Coby Mayo [White Refractor] #CBA-CMA,,,,,,,,,,,,,,,,,,,0,,,,,2025-04-30
9125663,Baseball Cards 2025 Topps Chrome Black Autograph,Colt Keith #CBA-CK,$17.66,,$19.81,$34.85,$42.00,$42.50,$55.00,$26.00,$26.00,,,$4.80,$18.99,,,$6.60,$21.99,,29,,,,,2025-04-30
9125671,Baseball Cards 2025 Topps Chrome Black Autograph,Colt Keith [Blue Refractor] #CBA-CK,$25.75,,$27.42,$35.00,$69.00,$70.00,$91.00,$42.00,$42.00,,,$8.40,$27.99,,,$9.00,$29.99,,25,,,,,2025-04-30
9125679,Baseball Cards 2025 Topps Chrome Black Autograph,Colt Keith [Gold Mini Diamond Refractor] #CBA-CK,$26.00,,,,,,,,,,,$8.70,$28.99,,,,,,5,,,,,2025-04-30
9125677,Baseball Cards 2025 Topps Chrome Black Autograph,Colt Keith [Gold Refractor] #CBA-CK,$50.00,,$48.57,$83.11,$156.08,$222.42,$289.00,$133.00,$133.00,,,$22.00,$54.99,,,$21.20,$52.99,,6,,,,,2025-04-30
9125673,Baseball Cards 2025 Topps Chrome Black Autograph,Colt Keith [Green Refractor] #CBA-CK,$25.00,,$26.79,$46.58,$88.11,$126.38,$164.00,$76.00,$76.00,,,$8.40,$27.99,,,$8.70,$28.99,,11,,,,,2025-04-30
9125685,Baseball Cards 2025 Topps Chrome Black Autograph,Colt Keith [Orange Refractor] #CBA-CK,$95.36,,,,,,,,,,,$52.50,$105.00,,,,,,3,,,,,2025-04-30
9125693,Baseball Cards 2025 Topps Chrome Black Autograph,Colt Keith [Red Refractor] #CBA-CK,$55.00,,,,,,,,,,,$24.40,$60.99,,,,,,1,,,,,2025-04-30
9125667,Baseball Cards 2025 Topps Chrome Black Autograph,Colt Keith [Refractor] #CBA-CK,$16.59,,$19.41,$34.18,$65.01,$93.64,$122.00,$56.00,$56.00,,,$4.50,$17.99,,,$6.30,$20.99,,26,,,,,2025-04-30
9125689,Baseball Cards 2025 Topps Chrome Black Autograph,Colt Keith [Rose Gold Wave Refractor] #CBA-CK,$44.00,,,,,,,,,,,$19.20,$47.99,,,,,,2,,,,,2025-04-30
9125698,Baseball Cards 2025 Topps Chrome Black Autograph,Colt Keith [Superfractor] #CBA-CK,,,,,,,,,,,,,,,,,,,0,,,,,2025-04-30
9125692,Baseball Cards 2025 Topps Chrome Black Autograph,Colt Keith [White Refractor] #CBA-CK,$61.84,,,,,,,,,,,$27.20,$67.99,,,,,,3,,,,,2025-04-30
9125855,Baseball Cards 2025 Topps Chrome Black Autograph,Connor Norby #CBA-CN,$6.66,,$10.31,$22.22,$36.58,$53.45,$69.00,$32.00,$32.00,,,$1.50,$7.29,,,$2.80,$10.99,,34,,,,,2025-04-30
9125867,Baseball Cards 2025 Topps Chrome Black Autograph,Connor Norby [Blue Refractor] #CBA-CN,$18.08,,$20.76,$23.00,$59.00,$60.00,$78.00,$36.00,$36.00,,,$5.00,$19.99,,,$6.90,$22.99,,13,,,,,2025-04-30
9125883,Baseball Cards 2025 Topps Chrome Black Autograph,Connor Norby [Gold Mini Diamond Refractor] #CBA-CN,$24.99,,,,,,,,,,,$8.10,$26.99,,,,,,5,,,,,2025-04-30
9125879,Baseball Cards 2025 Topps Chrome Black Autograph,Connor Norby [Gold Refractor] #CBA-CN,$18.56,,$21.14,$37.10,$70.44,$101.37,$132.00,$61.00,$61.00,,,$5.00,$19.99,,,$6.90,$22.99,,7,,,,,2025-04-30
9125872,Baseball Cards 2025 Topps Chrome Black Autograph,Connor Norby [Green Refractor] #CBA-CN,$15.99,,$18.93,$33.38,$63.52,$91.54,$119.00,$55.00,$55.00,,,$4.50,$17.99,,,$6.30,$20.99,,12,,,,,2025-04-30
9125891,Baseball Cards 2025 Topps Chrome Black Autograph,Connor Norby [Orange Refractor] #CBA-CN,$38.77,,,,,,,,,,,$17.20,$42.99,,,,,,4,,,,,2025-04-30
9125909,Baseball Cards 2025 Topps Chrome Black Autograph,Connor Norby [Red Refractor] #CBA-CN,,,,,,,,,,,,,,,,,,,0,,,,,2025-04-30
9125860,Baseball Cards 2025 Topps Chrome Black Autograph,Connor Norby [Refractor] #CBA-CN,$9.99,,$13.71,$24.62,$47.21,$68.50,$89.00,$41.00,$41.00,,,$2.80,$10.99,,,$3.80,$14.99,,21,,,,,2025-04-30
9125896,Baseball Cards 2025 Topps Chrome Black Autograph,Connor Norby [Rose Gold Wave Refractor] #CBA-CN,$65.00,,,,,,,,,,,$28.80,$71.99,,,,,,1,,,,,2025-04-30
9125915,Baseball Cards 2025 Topps Chrome Black Autograph,Connor Norby [Superfractor] #CBA-CN,,,,,,,,,,,,,,,,,,,0,,,,,2025-04-30
9125902,Baseball Cards 2025 Topps Chrome Black Autograph,Connor Norby [White Refractor] #CBA-CN,$100.00,,,,,,,,,,,$55.00,$110.00,,,,,,1,,,,,2025-04-30
9126292,Baseball Cards 2025 Topps Chrome Black Autograph,Corbin Carroll #CBA-CC,$50.48,,$53.99,$59.00,$78.00,$80.00,$104.00,$48.00,$48.00,,,$22.40,$55.99,,,$23.60,$58.99,,30,,,,,2025-04-30
9125645,Baseball Cards 2025 Topps Chrome Black Autograph,Corbin Carroll [Blue Refractor] #CBA-CC,$60.00,,$57.29,$63.00,$183.35,$261.03,$339.00,$157.00,$157.00,,,$26.40,$65.99,,,$25.20,$62.99,,15,,,,,2025-04-30
9125648,Baseball Cards 2025 Topps Chrome Black Autograph,Corbin Carroll [Gold Mini Diamond Refractor] #CBA-CC,$70.00,,,,,,,,,,,$30.80,$76.99,,,,,,1,,,,,2025-04-30
9125647,Baseball Cards 2025 Topps Chrome Black Autograph,Corbin Carroll [Gold Refractor] #CBA-CC,$79.00,,$73.87,$106.69,$156.00,$158.75,$206.00,$95.00,$95.00,,,$34.80,$86.99,,,$32.40,$80.99,,24,,,,,2025-04-30
9125646,Baseball Cards 2025 Topps Chrome Black Autograph,Corbin Carroll [Green Refractor] #CBA-CC,$49.02,,$41.98,$59.00,$146.05,$210.19,$273.00,$126.00,$126.00,,,$21.60,$53.99,,,$18.40,$45.99,,12,,,,,2025-04-30
9125652,Baseball Cards 2025 Topps Chrome Black Autograph,Corbin Carroll [Orange Refractor] #CBA-CC,$81.71,,,$116.00,$128.00,,,,,,,$36.00,$89.99,,,,,,7,,,,,2025-04-30
9125659,Baseball Cards 2025 Topps Chrome Black Autograph,Corbin Carroll [Red Refractor] #CBA-CC,$263.82,,,,,,,,,,,$145.00,$290.00,,,,,,2,,,,,2025-04-30
9126295,Baseball Cards 2025 Topps Chrome Black Autograph,Corbin Carroll [Refractor] #CBA-CC,$45.15,,,,,,,,,,,$20.00,$49.99,,,,,,4,,,,,2025-04-30
9125654,Baseball Cards 2025 Topps Chrome Black Autograph,Corbin Carroll [Rose Gold Wave Refractor] #CBA-CC,$105.49,,,,,,,,,,,$58.00,$116.00,,,,,,4,,,,,2025-04-30
9125660,Baseball Cards 2025 Topps Chrome Black Autograph,Corbin Carroll [Superfractor] #CBA-CC,,,,,,,,,,,,,,,,,,,0,,,,,2025-04-30
9125657,Baseball Cards 2025 Topps Chrome Black Autograph,Corbin Carroll [White Refractor] #CBA-CC,$174.98,,,,,,,,,,,$96.00,$192.00,,,,,,3,,,,,2025-04-30
9125791,Baseball Cards 2025 Topps Chrome Black Autograph,DJ Herz #CBA-DH,$2.50,,$7.18,$13.65,$26.79,$39.60,$51.00,$24.00,$24.00,,,,$2.79,,,$1.60,$7.89,,28,,,,,2025-04-30
9125800,Baseball Cards 2025 Topps Chrome Black Autograph,DJ Herz [Blue Refractor] #CBA-DH,$5.99,,$1.99,,,,,,,,,$1.30,$6.59,,,,$2.19,,5,,,,,2025-04-30
9125818,Baseball Cards 2025 Topps Chrome Black Autograph,DJ Herz [Gold Mini Diamond Refractor] #CBA-DH,$14.95,,$18.02,$31.83,$60.63,$87.37,$114.00,$52.00,$52.00,,,$4.00,$15.99,,,$5.00,$19.99,,6,,,,,2025-04-30
9125811,Baseball Cards 2025 Topps Chrome Black Autograph,DJ Herz [Gold Refractor] #CBA-DH,$19.99,,$22.43,$39.26,$74.48,$107.09,$139.00,$64.00,$64.00,,,$6.60,$21.99,,,$7.50,$24.99,,11,,,,,2025-04-30
9125805,Baseball Cards 2025 Topps Chrome Black Autograph,DJ Herz [Green Refractor] #CBA-DH,$5.10,,$9.53,$17.59,$34.13,$49.96,$65.00,$30.00,$30.00,,,$1.10,$5.59,,,$2.00,$9.99,,8,,,,,2025-04-30
9125822,Baseball Cards 2025 Topps Chrome Black Autograph,DJ Herz [Orange Refractor] #CBA-DH,$26.27,,,,,,,,,,,$8.70,$28.99,,,,,,2,,,,,2025-04-30
9125842,Baseball Cards 2025 Topps Chrome Black Autograph,DJ Herz [Red Refractor] #CBA-DH,,,,,,,,,,,,,,,,,,,0,,,,,2025-04-30
9125795,Baseball Cards 2025 Topps Chrome Black Autograph,DJ Herz [Refractor] #CBA-DH,$3.35,,,,,,,,,,,,$3.69,,,,,,6,,,,,2025-04-30
9125828,Baseball Cards 2025 Topps Chrome Black Autograph,DJ Herz [Rose Gold Wave Refractor] #CBA-DH,$11.34,,,,,,,,,,,$3.00,$11.99,,,,,,3,,,,,2025-04-30
9125848,Baseball Cards 2025 Topps Chrome Black Autograph,DJ Herz [Superfractor] #CBA-DH,,,,,,,,,,,,,,,,,,,0,,,,,2025-04-30
9125832,Baseball Cards 2025 Topps Chrome Black Autograph,DJ Herz [White Refractor] #CBA-DH,$70.00,,,,,,,,,,,$30.80,$76.99,,,,,,1,,,,,2025-04-30
9126029,Baseball Cards 2025 Topps Chrome Black Autograph,Daniel Schneemann #CBA-DSC,$10.48,,$26.04,$29.00,$50.25,$72.72,$95.00,$44.00,$44.00,,,$3.00,$11.99,,,$8.70,$28.99,,35,,,,,2025-04-30
9126039,Baseball Cards 2025 Topps Chrome Black Autograph,Daniel Schneemann [Blue Refractor] #CBA-DSC,$13.13,,$16.45,$29.23,$55.81,$80.72,$105.00,$48.00,$48.00,,,$3.50,$13.99,,,$4.50,$17.99,,19,,,,,2025-04-30
9126060,Baseball Cards 2025 Topps Chrome Black Autograph,Daniel Schneemann [Gold Mini Diamond Refractor] #CBA-DSC,$38.00,,,,,,,,,,,$16.80,$41.99,,,,,,2,,,,,2025-04-30
9126055,Baseball Cards 2025 Topps Chrome Black Autograph,Daniel Schneemann [Gold Refractor] #CBA-DSC,$21.75,,,,,,,,,,,$7.20,$23.99,,,,,,3,,,,,2025-04-30
9126044,Baseball Cards 2025 Topps Chrome Black Autograph,Daniel Schneemann [Green Refractor] #CBA-DSC,$15.46,,$30.00,$32.30,$61.51,$88.70,$115.00,$53.00,$53.00,,,$4.30,$16.99,,,$9.90,$32.99,,16,,,,,2025-04-30
9126066,Baseball Cards 2025 Topps Chrome Black Autograph,Daniel Schneemann [Orange Refractor] #CBA-DSC,$70.00,,,,,,,,,,,$30.80,$76.99,,,,,,3,,,,,2025-04-30
9126092,Baseball Cards 2025 Topps Chrome Black Autograph,Daniel Schneemann [Red Refractor] #CBA-DSC,$88.00,,,,,,,,,,,$38.80,$96.99,,,,,,1,,,,,2025-04-30
9126035,Baseball Cards 2025 Topps Chrome Black Autograph,Daniel Schneemann [Refractor] #CBA-DSC,$14.03,,$17.62,$31.20,$59.48,$85.94,$112.00,$52.00,$52.00,,,$3.80,$14.99,,,$4.80,$18.99,,9,,,,,2025-04-30
9126070,Baseball Cards 2025 Topps Chrome Black Autograph,Daniel Schneemann [Rose Gold Wave Refractor] #CBA-DSC,$61.00,,,,,,,,,,,$26.80,$66.99,,,,,,2,,,,,2025-04-30
9126098,Baseball Cards 2025 Topps Chrome Black Autograph,Daniel Schneemann [Superfractor] #CBA-DSC,,,,,,,,,,,,,,,,,,,0,,,,,2025-04-30
9126085,Baseball Cards 2025 Topps Chrome Black Autograph,Daniel Schneemann [White Refractor] #CBA-DSC,$64.74,,,,,,,,,,,$28.40,$70.99,,,,,,2,,,,,2025-04-30
9126107,Baseball Cards 2025 Topps Chrome Black Autograph,Darren Baker #CBA-DB,$2.55,,$7.22,$13.73,$15.00,$15.50,$20.00,$9.00,$9.00,,,,$2.79,,,$1.60,$7.89,,29,,,,,2025-04-30
9126131,Baseball Cards 2025 Topps Chrome Black Autograph,Darren Baker [Blue Refractor] #CBA-DB,$5.04,,$9.31,$17.23,$33.45,$49.00,$64.00,$29.00,$29.00,,,$1.10,$5.49,,,$2.00,$9.99,,9,,,,,2025-04-30
9126171,Baseball Cards 2025 Topps Chrome Black Autograph,Darren Baker [Gold Mini Diamond Refractor] #CBA-DB,$3.14,,,,,,,,,,,,$3.49,,,,,,1,,,,,2025-04-30
9126168,Baseball Cards 2025 Topps Chrome Black Autograph,Darren Baker [Gold Refractor] #CBA-DB,$8.99,,,,,,,,,,,$2.00,$9.89,,,,,,4,,,,,2025-04-30
9126138,Baseball Cards 2025 Topps Chrome Black Autograph,Darren Baker [Green Refractor] #CBA-DB,$8.22,,$12.15,$21.99,$42.32,$61.53,$80.00,$37.00,$37.00,,,$1.80,$8.99,,,$3.30,$12.99,,8,,,,,2025-04-30
9126208,Baseball Cards 2025 Topps Chrome Black Autograph,Darren Baker [Orange Refractor] #CBA-DB,$20.50,,,,,,,,,,,$6.90,$22.99,,,,,,5,,,,,2025-04-30
9126227,Baseball Cards 2025 Topps Chrome Black Autograph,Darren Baker [Red Refractor] #CBA-DB,$125.00,,,,,,,,,,,$69.00,$138.00,,,,,,2,,,,,2025-04-30
9126125,Baseball Cards 2025 Topps Chrome Black Autograph,Darren Baker [Refractor] #CBA-DB,$7.00,,$11.10,$20.23,$39.03,$56.88,$74.00,$34.00,$34.00,,,$1.50,$7.69,,,$3.00,$11.99,,21,,,,,2025-04-30
9126217,Baseball Cards 2025 Topps Chrome Black Autograph,Darren Baker [Rose Gold Wave Refractor] #CBA-DB,$42.57,,,,,,,,,,,$18.80,$46.99,,,,,,3,,,,,2025-04-30
9126234,Baseball Cards 2025 Topps Chrome Black Autograph,Darren Baker [Superfractor] #CBA-DB,,,,,,,,,,,,,,,,,,,0,,,,,2025-04-30
9126225,Baseball Cards 2025 Topps Chrome Black Autograph,Darren Baker [White Refractor] #CBA-DB,$59.00,,,,,,,,,,,$26.00,$64.99,,,,,,2,,,,,2025-04-30
9125742,Baseball Cards 2025 Topps Chrome Black Autograph,David Festa #CBA-DF,$3.63,,$8.16,$49.99,$55.00,$60.00,$78.00,$36.00,$36.00,,,$0.80,$3.99,,,$1.80,$8.99,,31,,,,,2025-04-30
9125749,Baseball Cards 2025 Topps Chrome Black Autograph,David Festa [Blue Refractor] #CBA-DF,$8.99,,$12.84,$23.17,$44.53,$64.75,$84.00,$39.00,$39.00,,,$2.00,$9.89,,,$3.50,$13.99,,7,,,,,2025-04-30
9127133,Baseball Cards 2025 Topps Chrome Black Autograph,David Festa [Gold Mini Diamond Refractor] #CBA-DF,$23.25,,,,,,,,,,,$7.80,$25.99,,,,,,2,,,,,2025-04-30
9125763,Baseball Cards 2025 Topps Chrome Black Autograph,David Festa [Gold Refractor] #CBA-DF,$14.98,,$18.05,$31.89,$60.73,$87.55,$114.00,$53.00,$53.00,,,$4.00,$15.99,,,$5.00,$19.99,,12,,,,,2025-04-30
9125754,Baseball Cards 2025 Topps Chrome Black Autograph,David Festa [Green Refractor] #CBA-DF,$5.00,,$9.36,$17.32,$33.62,$49.28,$64.00,$30.00,$30.00,,,$1.10,$5.49,,,$2.00,$9.99,,11,,,,,2025-04-30
9127136,Baseball Cards 2025 Topps Chrome Black Autograph,David Festa [Orange Refractor] #CBA-DF,$23.58,,,,,,,,,,,$7.80,$25.99,,,,,,5,,,,,2025-04-30
9125778,Baseball Cards 2025 Topps Chrome Black Autograph,David Festa [Red Refractor] #CBA-DF,$102.29,,,,,,,,,,,$56.50,$113.00,,,,,,2,,,,,2025-04-30
9125746,Baseball Cards 2025 Topps Chrome Black Autograph,David Festa [Refractor] #CBA-DF,$7.55,,$12.45,$22.50,$43.26,$62.87,$82.00,$38.00,$38.00,,,$1.70,$8.29,,,$3.50,$13.99,,6,,,,,2025-04-30
9125769,Baseball Cards 2025 Topps Chrome Black Autograph,David Festa [Rose Gold Wave Refractor] #CBA-DF,$25.16,,,,,,,,,,,$8.40,$27.99,,,,,,1,,,,,2025-04-30
9125784,Baseball Cards 2025 Topps Chrome Black Autograph,David Festa [Superfractor] #CBA-DF,,,,,,,,,,,,,,,,,,,0,,,,,2025-04-30
9125775,Baseball Cards 2025 Topps Chrome Black Autograph,David Festa [White Refractor] #CBA-DF,,,,,,,,,,,,,,,,,,,0,,,,,2025-04-30
9125911,Baseball Cards 2025 Topps Chrome Black Autograph,David Ortiz #CBA-DO,$100.00,,,$169.99,$187.00,$200.00,$260.00,$120.00,$120.00,,,$55.00,$110.00,,,,,,7,,,,,2025-04-30
9125920,Baseball Cards 2025 Topps Chrome Black Autograph,David Ortiz [Blue Refractor] #CBA-DO,,,,,,,,,,,,,,,,,,,0,,,,,2025-04-30
9125937,Baseball Cards 2025 Topps Chrome Black Autograph,David Ortiz [Gold Mini Diamond Refractor] #CBA-DO,,,,,,,,,,,,,,,,,,,0,,,,,2025-04-30
9125932,Baseball Cards 2025 Topps Chrome Black Autograph,David Ortiz [Gold Refractor] #CBA-DO,,,,,,,,,,,,,,,,,,,0,,,,,2025-04-30
9125927,Baseball Cards 2025 Topps Chrome Black Autograph,David Ortiz [Green Refractor] #CBA-DO,,,,,,,,,,,,,,,,,,,0,,,,,2025-04-30
9125941,Baseball Cards 2025 Topps Chrome Black Autograph,David Ortiz [Orange Refractor] #CBA-DO,$151.70,,,,,,,,,,,$83.50,$167.00,,,,,,4,,,,,2025-04-30
9125956,Baseball Cards 2025 Topps Chrome Black Autograph,David Ortiz [Red Refractor] #CBA-DO,,,,,,,,,,,,,,,,,,,0,,,,,2025-04-30
9125916,Baseball Cards 2025 Topps Chrome Black Autograph,David Ortiz [Refractor] #CBA-DO,,,,,,,,,,,,,,,,,,,0,,,,,2025-04-30
9125944,Baseball Cards 2025 Topps Chrome Black Autograph,David Ortiz [Rose Gold Wave Refractor] #CBA-DO,,,,$121.50,$134.00,,,,,,,,,,,,,,1,,,,,2025-04-30
9125963,Baseball Cards 2025 Topps Chrome Black Autograph,David Ortiz [Superfractor] #CBA-DO,,,,,,,,,,,,,,,,,,,0,,,,,2025-04-30
9125950,Baseball Cards 2025 Topps Chrome Black Autograph,David Ortiz [White Refractor] #CBA-DO,,,,,,,,,,,,,,,,,,,0,,,,,2025-04-30
9126158,Baseball Cards 2025 Topps Chrome Black Autograph,David Wright #CBA-DW,$33.74,,$34.41,$59.35,$111.86,$159.92,$208.00,$96.00,$96.00,,,$14.80,$36.99,,,$15.20,$37.99,,16,,,,,2025-04-30
9126172,Baseball Cards 2025 Topps Chrome Black Autograph,David Wright [Blue Refractor] #CBA-DW,,,,,,,,,,,,,,,,,,,0,,,,,2025-04-30
9125706,Baseball Cards 2025 Topps Chrome Black Autograph,David Wright [Gold Mini Diamond Refractor] #CBA-DW,$46.35,,,,,,,,,,,$20.40,$50.99,,,,,,2,,,,,2025-04-30
9125701,Baseball Cards 2025 Topps Chrome Black Autograph,David Wright [Gold Refractor] #CBA-DW,$56.00,,$53.78,$91.82,$172.26,$245.11,$319.00,$147.00,$147.00,,,$24.80,$61.99,,,$23.60,$58.99,,8,,,,,2025-04-30
9126177,Baseball Cards 2025 Topps Chrome Black Autograph,David Wright [Green Refractor] #CBA-DW,$35.66,,$36.06,$62.08,$75.00,$77.01,$100.00,$46.00,$46.00,,,$15.60,$38.99,,,$16.00,$39.99,,11,,,,,2025-04-30
9125708,Baseball Cards 2025 Topps Chrome Black Autograph,David Wright [Orange Refractor] #CBA-DW,$64.13,,$58.60,$99.92,$187.35,$266.57,$347.00,$160.00,$160.00,,,$28.40,$70.99,,,$25.60,$63.99,,6,,,,,2025-04-30
9125726,Baseball Cards 2025 Topps Chrome Black Autograph,David Wright [Red Refractor] #CBA-DW,$125.00,,,,,,,,,,,$69.00,$138.00,,,,,,1,,,,,2025-04-30
9126166,Baseball Cards 2025 Topps Chrome Black Autograph,David Wright [Refractor] #CBA-DW,,,,,,,,,,,,,,,,,,,0,,,,,2025-04-30
9125714,Baseball Cards 2025 Topps Chrome Black Autograph,David Wright [Rose Gold Wave Refractor] #CBA-DW,$175.00,,,,,,,,,,,$96.50,$193.00,,,,,,1,,,,,2025-04-30
9125729,Baseball Cards 2025 Topps Chrome Black Autograph,David Wright [Superfractor] #CBA-DW,,,,,,,,,,,,,,,,,,,0,,,,,2025-04-30
9125718,Baseball Cards 2025 Topps Chrome Black Autograph,David Wright [White Refractor] #CBA-DW,,,,,,,,,,,,,,,,,,,0,,,,,2025-04-30
9125853,Baseball Cards 2025 Topps Chrome Black Autograph,Derek Jeter #CBA-DJ,$400.98,,$362.31,$609.54,$695.00,$709.00,$922.00,$425.00,$425.00,,,$220.50,$441.00,,,$199.50,$399.00,,6,,,,,2025-04-30
9125865,Baseball Cards 2025 Topps Chrome Black Autograph,Derek Jeter [Blue Refractor] #CBA-DJ,$365.00,,,,,,,,,,,$201.00,$402.00,,,,,,3,,,,,2025-04-30
9125882,Baseball Cards 2025 Topps Chrome Black Autograph,Derek Jeter [Gold Mini Diamond Refractor] #CBA-DJ,,,,,,,,,,,,,,,,,,,0,,,,,2025-04-30
9125877,Baseball Cards 2025 Topps Chrome Black Autograph,Derek Jeter [Gold Refractor] #CBA-DJ,$519.38,,,,,,,,,,,$342.60,$571.00,,,,,,4,,,,,2025-04-30
9125870,Baseball Cards 2025 Topps Chrome Black Autograph,Derek Jeter [Green Refractor] #CBA-DJ,,,,,,,,,,,,,,,,,,,0,,,,,2025-04-30
9125888,Baseball Cards 2025 Topps Chrome Black Autograph,Derek Jeter [Orange Refractor] #CBA-DJ,$532.50,,,$496.00,$546.00,,,,,,,$351.60,$586.00,,,,,,4,,,,,2025-04-30
9125903,Baseball Cards 2025 Topps Chrome Black Autograph,Derek Jeter [Red Refractor] #CBA-DJ,,,,,,,,,,,,,,,,,,,0,,,,,2025-04-30
9125858,Baseball Cards 2025 Topps Chrome Black Autograph,Derek Jeter [Refractor] #CBA-DJ,,,,,,,,,,,,,,,,,,,0,,,,,2025-04-30
9125893,Baseball Cards 2025 Topps Chrome Black Autograph,Derek Jeter [Rose Gold Wave Refractor] #CBA-DJ,$425.00,,,$410.00,$451.00,,,,,,,$234.00,$468.00,,,,,,2,,,,,2025-04-30
9127139,Baseball Cards 2025 Topps Chrome Black Autograph,Derek Jeter [Superfractor] #CBA-DJ,,,,,,,,,,,,,,,,,,,0,,,,,2025-04-30
9125897,Baseball Cards 2025 Topps Chrome Black Autograph,Derek Jeter [White Refractor] #CBA-DJ,,,,$999.99,$1100.00,,,,,,,,,,,,,,1,,,,,2025-04-30
9125690,Baseball Cards 2025 Topps Chrome Black Autograph,Dillon Dingler #CBA-DD,$32.00,,$30.00,$51.44,$97.11,$138.94,$181.00,$83.00,$83.00,,,$10.50,$34.99,,,$9.90,$32.99,,69,,,,,2025-04-30
9125696,Baseball Cards 2025 Topps Chrome Black Autograph,Dillon Dingler [Blue Refractor] #CBA-DD,$57.50,,$46.59,$79.80,$149.94,$213.81,$278.00,$128.00,$128.00,,,$25.20,$62.99,,,$20.40,$50.99,,25,,,,,2025-04-30
9125711,Baseball Cards 2025 Topps Chrome Black Autograph,Dillon Dingler [Gold Mini Diamond Refractor] #CBA-DD,$70.00,,$63.40,$108.00,$202.42,$288.04,$374.00,$173.00,$173.00,,,$30.80,$76.99,,,$28.00,$69.99,,9,,,,,2025-04-30
9125703,Baseball Cards 2025 Topps Chrome Black Autograph,Dillon Dingler [Gold Refractor] #CBA-DD,$90.63,,$83.94,$142.36,$266.28,$377.78,$491.00,$227.00,$227.00,,,$40.00,$99.99,,,$36.80,$91.99,,10,,,,,2025-04-30
9125700,Baseball Cards 2025 Topps Chrome Black Autograph,Dillon Dingler [Green Refractor] #CBA-DD,$69.34,,$48.24,$82.52,$154.96,$220.70,$287.00,$132.00,$132.00,,,$30.40,$75.99,,,$21.20,$52.99,,15,,,,,2025-04-30
9125715,Baseball Cards 2025 Topps Chrome Black Autograph,Dillon Dingler [Orange Refractor] #CBA-DD,$110.74,,,,,,,,,,,$61.00,$122.00,,,,,,4,,,,,2025-04-30
9125733,Baseball Cards 2025 Topps Chrome Black Autograph,Dillon Dingler [Red Refractor] #CBA-DD,$197.50,,,,,,,,,,,$108.50,$217.00,,,,,,2,,,,,2025-04-30
9125694,Baseball Cards 2025 Topps Chrome Black Autograph,Dillon Dingler [Refractor] #CBA-DD,$48.68,,$47.22,$80.87,$151.95,$216.75,$282.00,$130.00,$130.00,,,$21.60,$53.99,,,$20.80,$51.99,,19,,,,,2025-04-30
9125720,Baseball Cards 2025 Topps Chrome Black Autograph,Dillon Dingler [Rose Gold Wave Refractor] #CBA-DD,$111.19,,,,,,,,,,,$61.00,$122.00,,,,,,2,,,,,2025-04-30
9125737,Baseball Cards 2025 Topps Chrome Black Autograph,Dillon Dingler [Superfractor] #CBA-DD,,,,,,,,,,,,,,,,,,,0,,,,,2025-04-30
9125724,Baseball Cards 2025 Topps Chrome Black Autograph,Dillon Dingler [White Refractor] #CBA-DD,$150.00,,,,,,,,,,,$82.50,$165.00,,,,,,1,,,,,2025-04-30
9125969,Baseball Cards 2025 Topps Chrome Black Autograph,Drew Romo #CBA-DR,$6.85,,$10.97,$20.01,$38.62,$56.30,$73.00,$34.00,$34.00,,,$1.50,$7.49,,,$3.00,$11.99,,28,,,,,2025-04-30
9125980,Baseball Cards 2025 Topps Chrome Black Autograph,Drew Romo [Blue Refractor] #CBA-DR,$9.59,,$21.68,$24.01,$46.08,$66.85,$87.00,$40.00,$40.00,,,$2.80,$10.99,,,$7.20,$23.99,,14,,,,,2025-04-30
9125993,Baseball Cards 2025 Topps Chrome Black Autograph,Drew Romo [Gold Mini Diamond Refractor] #CBA-DR,$15.00,,$18.08,$31.97,$60.90,$87.93,$114.00,$53.00,$53.00,,,$4.30,$16.99,,,$5.00,$19.99,,8,,,,,2025-04-30
9125987,Baseball Cards 2025 Topps Chrome Black Autograph,Drew Romo [Gold Refractor] #CBA-DR,$9.38,,$13.26,$23.86,$45.81,$66.50,$86.00,$40.00,$40.00,,,$2.00,$9.99,,,$3.80,$14.99,,8,,,,,2025-04-30
9125983,Baseball Cards 2025 Topps Chrome Black Autograph,Drew Romo [Green Refractor] #CBA-DR,$4.25,,,,,,,,,,,$0.90,$4.69,,,,,,3,,,,,2025-04-30
9126001,Baseball Cards 2025 Topps Chrome Black Autograph,Drew Romo [Orange Refractor] #CBA-DR,$10.50,,,,,,,,,,,$3.00,$11.99,,,,,,1,,,,,2025-04-30
9126020,Baseball Cards 2025 Topps Chrome Black Autograph,Drew Romo [Red Refractor] #CBA-DR,,,,,,,,,,,,,,,,,,,0,,,,,2025-04-30
9125974,Baseball Cards 2025 Topps Chrome Black Autograph,Drew Romo [Refractor] #CBA-DR,$5.02,,$9.38,$17.34,$33.67,$49.34,$64.00,$30.00,$30.00,,,$1.10,$5.49,,,$2.00,$9.99,,17,,,,,2025-04-30
9126006,Baseball Cards 2025 Topps Chrome Black Autograph,Drew Romo [Rose Gold Wave Refractor] #CBA-DR,$31.73,,,,,,,,,,,$10.50,$34.99,,,,,,2,,,,,2025-04-30
9126025,Baseball Cards 2025 Topps Chrome Black Autograph,Drew Romo [Superfractor] #CBA-DR,,,,,,,,,,,,,,,,,,,0,,,,,2025-04-30
9126012,Baseball Cards 2025 Topps Chrome Black Autograph,Drew Romo [White Refractor] #CBA-DR,$5.50,,,,,,,,,,,$1.20,$6.09,,,,,,1,,,,,2025-04-30
9126101,Baseball Cards 2025 Topps Chrome Black Autograph,Drew Thorpe #CBA-DT,$6.25,,$10.45,$19.14,$37.00,$54.03,$70.00,$32.00,$32.00,,,$1.40,$6.89,,,$3.00,$11.99,,29,,,,,2025-04-30
9126109,Baseball Cards 2025 Topps Chrome Black Autograph,Drew Thorpe [Blue Refractor] #CBA-DT,$10.00,,$13.72,$24.64,$47.25,$68.59,$89.00,$41.00,$41.00,,,$2.80,$10.99,,,$3.80,$14.99,,13,,,,,2025-04-30
9126133,Baseball Cards 2025 Topps Chrome Black Autograph,Drew Thorpe [Gold Mini Diamond Refractor] #CBA-DT,$20.26,,,,,,,,,,,$6.60,$21.99,,,,,,2,,,,,2025-04-30
9126124,Baseball Cards 2025 Topps Chrome Black Autograph,Drew Thorpe [Gold Refractor] #CBA-DT,$14.27,,,,,,,,,,,$4.00,$15.99,,,,,,4,,,,,2025-04-30
9126116,Baseball Cards 2025 Topps Chrome Black Autograph,Drew Thorpe [Green Refractor] #CBA-DT,$15.00,,$18.08,$31.96,$60.88,$87.88,$114.00,$53.00,$53.00,,,$4.30,$16.99,,,$5.00,$19.99,,7,,,,,2025-04-30
9126137,Baseball Cards 2025 Topps Chrome Black Autograph,Drew Thorpe [Orange Refractor] #CBA-DT,$26.69,,,$16.05,$18.00,,,,,,,$8.70,$28.99,,,,,,4,,,,,2025-04-30
9126147,Baseball Cards 2025 Topps Chrome Black Autograph,Drew Thorpe [Red Refractor] #CBA-DT,,,,,,,,,,,,,,,,,,,0,,,,,2025-04-30
9126105,Baseball Cards 2025 Topps Chrome Black Autograph,Drew Thorpe [Refractor] #CBA-DT,$5.75,,$10.23,$18.77,$36.31,$53.05,$69.00,$32.00,$32.00,,,$1.30,$6.29,,,$2.80,$10.99,,22,,,,,2025-04-30
9126140,Baseball Cards 2025 Topps Chrome Black Autograph,Drew Thorpe [Rose Gold Wave Refractor] #CBA-DT,,,,,,,,,,,,,,,,,,,0,,,,,2025-04-30
9126151,Baseball Cards 2025 Topps Chrome Black Autograph,Drew Thorpe [Superfractor] #CBA-DT,,,,,,,,,,,,,,,,,,,0,,,,,2025-04-30
9126144,Baseball Cards 2025 Topps Chrome Black Autograph,Drew Thorpe [White Refractor] #CBA-DT,$4.99,,,,,,,,,,,$1.10,$5.49,,,,,,1,,,,,2025-04-30
9126238,Baseball Cards 2025 Topps Chrome Black Autograph,Dylan Crews #CBA-DC,$32.82,,$38.10,$110.00,$123.26,$123.98,$161.00,$74.00,$74.00,,,$14.40,$35.99,,,$16.80,$41.99,,32,,,,,2025-04-30
9126253,Baseball Cards 2025 Topps Chrome Black Autograph,Dylan Crews [Blue Refractor] #CBA-DC,$76.30,,$71.68,$84.00,$228.05,$323.83,$421.00,$194.00,$194.00,,,$33.60,$83.99,,,$31.60,$78.99,,22,,,,,2025-04-30
9125669,Baseball Cards 2025 Topps Chrome Black Autograph,Dylan Crews [Gold Mini Diamond Refractor] #CBA-DC,$153.75,,,$93.00,$102.00,,,,,,,$84.50,$169.00,,,,,,3,,,,,2025-04-30
9125666,Baseball Cards 2025 Topps Chrome Black Autograph,Dylan Crews [Gold Refractor] #CBA-DC,$332.50,,,$200.00,$220.00,,,,,,,$183.00,$366.00,,,,,,4,,,,,2025-04-30
9125665,Baseball Cards 2025 Topps Chrome Black Autograph,Dylan Crews [Green Refractor] #CBA-DC,$87.00,,,$150.00,$165.00,,,,,,,$38.40,$95.99,,,,,,6,,,,,2025-04-30
9125674,Baseball Cards 2025 Topps Chrome Black Autograph,Dylan Crews [Orange Refractor] #CBA-DC,$180.00,,,,,,,,,,,$99.00,$198.00,,,,,,3,,,,,2025-04-30
9125682,Baseball Cards 2025 Topps Chrome Black Autograph,Dylan Crews [Red Refractor] #CBA-DC,,,,,,,,,,,,,,,,,,,0,,,,,2025-04-30
9126246,Baseball Cards 2025 Topps Chrome Black Autograph,Dylan Crews [Refractor] #CBA-DC,$51.65,,$28.95,$69.00,$126.55,$151.38,$197.00,$91.00,$91.00,,,$22.80,$56.99,,,$9.60,$31.99,,31,,,,,2025-04-30
9125675,Baseball Cards 2025 Topps Chrome Black Autograph,Dylan Crews [Rose Gold Wave Refractor] #CBA-DC,,,,$267.50,$294.00,,,,,,,,,,,,,,1,,,,,2025-04-30
9125687,Baseball Cards 2025 Topps Chrome Black Autograph,Dylan Crews [Superfractor] #CBA-DC,,,,,,,,,,,,,,,,,,,0,,,,,2025-04-30
9125678,Baseball Cards 2025 Topps Chrome Black Autograph,Dylan Crews [White Refractor] #CBA-DC,$500.00,,,,,,,,,,,$330.00,$550.00,,,,,,1,,,,,2025-04-30
9125736,Baseball Cards 2025 Topps Chrome Black Autograph,Felix Hernandez #CBA-FH,$37.00,,$37.22,$64.03,$120.53,$171.95,$224.00,$103.00,$103.00,,,$16.40,$40.99,,,$16.40,$40.99,,15,,,,,2025-04-30
9125745,Baseball Cards 2025 Topps Chrome Black Autograph,Felix Hernandez [Blue Refractor] #CBA-FH,,,,,,,,,,,,,,,,,,,0,,,,,2025-04-30
9125759,Baseball Cards 2025 Topps Chrome Black Autograph,Felix Hernandez [Gold Mini Diamond Refractor] #CBA-FH,$49.48,,$48.15,$82.47,$154.95,$221.18,$288.00,$133.00,$133.00,,,$21.60,$53.99,,,$21.20,$52.99,,7,,,,,2025-04-30
9125755,Baseball Cards 2025 Topps Chrome Black Autograph,Felix Hernandez [Gold Refractor] #CBA-FH,$47.66,,$39.36,$67.68,$127.39,$182.00,$237.00,$109.00,$109.00,,,$20.80,$51.99,,,$17.20,$42.99,,11,,,,,2025-04-30
9125751,Baseball Cards 2025 Topps Chrome Black Autograph,Felix Hernandez [Green Refractor] #CBA-FH,$40.87,,$40.60,$75.00,$131.07,$186.85,$243.00,$112.00,$112.00,,,$18.00,$44.99,,,$18.00,$44.99,,11,,,,,2025-04-30
9125766,Baseball Cards 2025 Topps Chrome Black Autograph,Felix Hernandez [Orange Refractor] #CBA-FH,$85.22,,,$127.82,$141.00,,,,,,,$37.60,$93.99,,,,,,6,,,,,2025-04-30
9125776,Baseball Cards 2025 Topps Chrome Black Autograph,Felix Hernandez [Red Refractor] #CBA-FH,,,,,,,,,,,,,,,,,,,0,,,,,2025-04-30
9125741,Baseball Cards 2025 Topps Chrome Black Autograph,Felix Hernandez [Refractor] #CBA-FH,,,,,,,,,,,,,,,,,,,0,,,,,2025-04-30
9125765,Baseball Cards 2025 Topps Chrome Black Autograph,Felix Hernandez [Rose Gold Wave Refractor] #CBA-FH,$70.00,,,,,,,,,,,$30.80,$76.99,,,,,,3,,,,,2025-04-30
9125785,Baseball Cards 2025 Topps Chrome Black Autograph,Felix Hernandez [Superfractor] #CBA-FH,,,,,,,,,,,,,,,,,,,0,,,,,2025-04-30
9125770,Baseball Cards 2025 Topps Chrome Black Autograph,Felix Hernandez [White Refractor] #CBA-FH,,,,,,,,,,,,,,,,,,,0,,,,,2025-04-30
9125788,Baseball Cards 2025 Topps Chrome Black Autograph,Frank Thomas #CBA-FTH,$35.00,,$35.50,$144.99,$159.00,$224.99,$292.00,$135.00,$135.00,,,$15.60,$38.99,,,$15.60,$38.99,,22,,,,,2025-04-30
9125798,Baseball Cards 2025 Topps Chrome Black Autograph,Frank Thomas [Blue Refractor] #CBA-FTH,,,,,,,,,,,,,,,,,,,0,,,,,2025-04-30
9125815,Baseball Cards 2025 Topps Chrome Black Autograph,Frank Thomas [Gold Mini Diamond Refractor] #CBA-FTH,$118.64,,$108.40,$183.52,$342.99,$486.83,$633.00,$292.00,$292.00,,,$65.50,$131.00,,,$59.50,$119.00,,7,,,,,2025-04-30
9125809,Baseball Cards 2025 Topps Chrome Black Autograph,Frank Thomas [Gold Refractor] #CBA-FTH,$140.00,,$127.05,$214.86,$401.37,$569.69,$741.00,$342.00,$342.00,,,$77.00,$154.00,,,$70.00,$140.00,,10,,,,,2025-04-30
9125804,Baseball Cards 2025 Topps Chrome Black Autograph,Frank Thomas [Green Refractor] #CBA-FTH,$69.66,,$65.66,$111.72,$130.00,$132.50,$172.00,$80.00,$80.00,,,$30.80,$76.99,,,$28.80,$71.99,,14,,,,,2025-04-30
9125820,Baseball Cards 2025 Topps Chrome Black Autograph,Frank Thomas [Orange Refractor] #CBA-FTH,$180.02,,,$130.00,$143.00,,,,,,,$99.00,$198.00,,,,,,2,,,,,2025-04-30
9125844,Baseball Cards 2025 Topps Chrome Black Autograph,Frank Thomas [Red Refractor] #CBA-FTH,$326.21,,,,,,,,,,,$179.50,$359.00,,,,,,2,,,,,2025-04-30
9125792,Baseball Cards 2025 Topps Chrome Black Autograph,Frank Thomas [Refractor] #CBA-FTH,,,,,,,,,,,,,,,,,,,0,,,,,2025-04-30
9125834,Baseball Cards 2025 Topps Chrome Black Autograph,Frank Thomas [Rose Gold Wave Refractor] #CBA-FTH,,,,,,,,,,,,,,,,,,,0,,,,,2025-04-30
9125850,Baseball Cards 2025 Topps Chrome Black Autograph,Frank Thomas [Superfractor] #CBA-FTH,,,,,,$1225.00,$1593.00,$735.00,$735.00,,,,,,,,,,1,,,,,2025-04-30
9125838,Baseball Cards 2025 Topps Chrome Black Autograph,Frank Thomas [White Refractor] #CBA-FTH,,,,,,,,,,,,,,,,,,,0,,,,,2025-04-30
9125856,Baseball Cards 2025 Topps Chrome Black Autograph,George Brett #CBA-GB,$103.57,,$95.27,$161.39,$301.70,$305.71,$397.00,$183.00,$183.00,,,$57.00,$114.00,,,$52.50,$105.00,,9,,,,,2025-04-30
9125863,Baseball Cards 2025 Topps Chrome Black Autograph,George Brett [Blue Refractor] #CBA-GB,,,,,,,,,,,,,,,,,,,0,,,,,2025-04-30
9125884,Baseball Cards 2025 Topps Chrome Black Autograph,George Brett [Gold Mini Diamond Refractor] #CBA-GB,,,,,,,,,,,,,,,,,,,0,,,,,2025-04-30
9125876,Baseball Cards 2025 Topps Chrome Black Autograph,George Brett [Gold Refractor] #CBA-GB,$178.42,,,,,,,,,,,$98.00,$196.00,,,,,,4,,,,,2025-04-30
9125869,Baseball Cards 2025 Topps Chrome Black Autograph,George Brett [Green Refractor] #CBA-GB,,,,,,,,,,,,,,,,,,,0,,,,,2025-04-30
9125890,Baseball Cards 2025 Topps Chrome Black Autograph,George Brett [Orange Refractor] #CBA-GB,$189.00,,,,,,,,,,,$104.00,$208.00,,,,,,4,,,,,2025-04-30
9125907,Baseball Cards 2025 Topps Chrome Black Autograph,George Brett [Red Refractor] #CBA-GB,,,,,,,,,,,,,,,,,,,0,,,,,2025-04-30
9125859,Baseball Cards 2025 Topps Chrome Black Autograph,George Brett [Refractor] #CBA-GB,$65.26,,,,,,,,,,,$28.80,$71.99,,,,,,1,,,,,2025-04-30
9125894,Baseball Cards 2025 Topps Chrome Black Autograph,George Brett [Rose Gold Wave Refractor] #CBA-GB,$191.38,,,,,,,,,,,$105.50,$211.00,,,,,,1,,,,,2025-04-30
9125913,Baseball Cards 2025 Topps Chrome Black Autograph,George Brett [Superfractor] #CBA-GB,,,,,,,,,,,,,,,,,,,0,,,,,2025-04-30
9125901,Baseball Cards 2025 Topps Chrome Black Autograph,George Brett [White Refractor] #CBA-GB,,,,,,,,,,,,,,,,,,,0,,,,,2025-04-30
9126090,Baseball Cards 2025 Topps Chrome Black Autograph,Gordon Graceffo #CBA-GG,$2.99,,$7.60,$14.37,$28.13,$41.48,$54.00,$25.00,$25.00,,,,$3.29,,,$1.70,$8.39,,27,,,,,2025-04-30
9126103,Baseball Cards 2025 Topps Chrome Black Autograph,Gordon Graceffo [Blue Refractor] #CBA-GG,$12.03,,$15.46,$27.54,$52.65,$76.15,$99.00,$46.00,$46.00,,,$3.30,$12.99,,,$4.30,$16.99,,6,,,,,2025-04-30
9126122,Baseball Cards 2025 Topps Chrome Black Autograph,Gordon Graceffo [Gold Mini Diamond Refractor] #CBA-GG,$19.99,,$22.42,$39.24,$74.44,$107.01,$139.00,$64.00,$64.00,,,$6.60,$21.99,,,$7.50,$24.99,,8,,,,,2025-04-30
9126118,Baseball Cards 2025 Topps Chrome Black Autograph,Gordon Graceffo [Gold Refractor] #CBA-GG,$20.00,,$22.43,$39.26,$74.47,$107.06,$139.00,$64.00,$64.00,,,$6.60,$21.99,,,$7.50,$24.99,,8,,,,,2025-04-30
9126111,Baseball Cards 2025 Topps Chrome Black Autograph,Gordon Graceffo [Green Refractor] #CBA-GG,$6.85,,$10.97,$20.00,$38.62,$56.29,$73.00,$34.00,$34.00,,,$1.50,$7.49,,,$3.00,$11.99,,9,,,,,2025-04-30
9126130,Baseball Cards 2025 Topps Chrome Black Autograph,Gordon Graceffo [Orange Refractor] #CBA-GG,$37.00,,,,,,,,,,,$16.40,$40.99,,,,,,5,,,,,2025-04-30
9126143,Baseball Cards 2025 Topps Chrome Black Autograph,Gordon Graceffo [Red Refractor] #CBA-GG,$75.65,,,,,,,,,,,$33.20,$82.99,,,,,,1,,,,,2025-04-30
9126096,Baseball Cards 2025 Topps Chrome Black Autograph,Gordon Graceffo [Refractor] #CBA-GG,$18.00,,$20.69,$36.33,$69.02,$99.36,$129.00,$60.00,$60.00,,,$5.00,$19.99,,,$6.90,$22.99,,5,,,,,2025-04-30
9126135,Baseball Cards 2025 Topps Chrome Black Autograph,Gordon Graceffo [Rose Gold Wave Refractor] #CBA-GG,$52.00,,,,,,,,,,,$22.80,$56.99,,,,,,3,,,,,2025-04-30
9126146,Baseball Cards 2025 Topps Chrome Black Autograph,Gordon Graceffo [Superfractor] #CBA-GG,,,,,,,,,,,,,,,,,,,0,,,,,2025-04-30
9126141,Baseball Cards 2025 Topps Chrome Black Autograph,Gordon Graceffo [White Refractor] #CBA-GG,$45.00,,,,,,,,,,,$20.00,$49.99,,,,,,2,,,,,2025-04-30
9126201,Baseball Cards 2025 Topps Chrome Black Autograph,Greg Jones #CBA-GJ,$1.09,,$6.01,$11.70,$23.16,$34.47,$45.00,$21.00,$21.00,,,,$1.19,,,$1.30,$6.59,,23,,,,,2025-04-30
9126212,Baseball Cards 2025 Topps Chrome Black Autograph,Greg Jones [Blue Refractor] #CBA-GJ,$4.18,,$8.65,$16.13,$31.42,$46.17,$60.00,$28.00,$28.00,,,$0.90,$4.59,,,$1.90,$9.49,,8,,,,,2025-04-30
9126254,Baseball Cards 2025 Topps Chrome Black Autograph,Greg Jones [Gold Mini Diamond Refractor] #CBA-GJ,$9.95,,,,,,,,,,,$2.80,$10.99,,,,,,3,,,,,2025-04-30
9126247,Baseball Cards 2025 Topps Chrome Black Autograph,Greg Jones [Gold Refractor] #CBA-GJ,$9.99,,$13.72,$24.64,$47.27,$68.66,$89.00,$41.00,$41.00,,,$2.80,$10.99,,,$3.80,$14.99,,7,,,,,2025-04-30
9126219,Baseball Cards 2025 Topps Chrome Black Autograph,Greg Jones [Green Refractor] #CBA-GJ,$2.06,,$6.79,$13.01,$25.60,$37.92,$49.00,$23.00,$23.00,,,,$2.29,,,$1.50,$7.49,,8,,,,,2025-04-30
9126261,Baseball Cards 2025 Topps Chrome Black Autograph,Greg Jones [Orange Refractor] #CBA-GJ,,,,,,,,,,,,,,,,,,,0,,,,,2025-04-30
9126316,Baseball Cards 2025 Topps Chrome Black Autograph,Greg Jones [Red Refractor] #CBA-GJ,$63.00,,,,,,,,,,,$27.60,$68.99,,,,,,1,,,,,2025-04-30
9126205,Baseball Cards 2025 Topps Chrome Black Autograph,Greg Jones [Refractor] #CBA-GJ,$2.13,,,,,,,,,,,,$2.29,,,,,,3,,,,,2025-04-30
9126300,Baseball Cards 2025 Topps Chrome Black Autograph,Greg Jones [Rose Gold Wave Refractor] #CBA-GJ,$3.25,,,,,,,,,,,,$3.59,,,,,,1,,,,,2025-04-30
9126323,Baseball Cards 2025 Topps Chrome Black Autograph,Greg Jones [Superfractor] #CBA-GJ,,,,,,,,,,,,,,,,,,,0,,,,,2025-04-30
9126311,Baseball Cards 2025 Topps Chrome Black Autograph,Greg Jones [White Refractor] #CBA-GJ,$44.99,,,,,,,,,,,$19.60,$48.99,,,,,,1,,,,,2025-04-30
9125919,Baseball Cards 2025 Topps Chrome Black Autograph,Griffin Conine #CBA-GCO,$5.25,,$10.75,$19.64,$37.94,$55.00,$72.00,$33.00,$33.00,,,$1.20,$5.79,,,$3.00,$11.99,,34,,,,,2025-04-30
9125952,Baseball Cards 2025 Topps Chrome Black Autograph,Griffin Conine [Blue Refractor] #CBA-GCO,$13.25,,$16.53,$29.33,$55.97,$80.79,$105.00,$48.00,$48.00,,,$3.80,$14.99,,,$4.50,$17.99,,13,,,,,2025-04-30
9125970,Baseball Cards 2025 Topps Chrome Black Autograph,Griffin Conine [Gold Mini Diamond Refractor] #CBA-GCO,$14.00,,,,,,,,,,,$3.80,$14.99,,,,,,1,,,,,2025-04-30
9125964,Baseball Cards 2025 Topps Chrome Black Autograph,Griffin Conine [Gold Refractor] #CBA-GCO,$31.00,,,,,,,,,,,$10.20,$33.99,,,,,,4,,,,,2025-04-30
9125959,Baseball Cards 2025 Topps Chrome Black Autograph,Griffin Conine [Green Refractor] #CBA-GCO,$15.88,,$18.70,$33.00,$62.84,$90.72,$118.00,$54.00,$54.00,,,$4.30,$16.99,,,$6.30,$20.99,,8,,,,,2025-04-30
9127140,Baseball Cards 2025 Topps Chrome Black Autograph,Griffin Conine [Orange Refractor] #CBA-GCO,$36.53,,,,,,,,,,,$16.00,$39.99,,,,,,3,,,,,2025-04-30
9126015,Baseball Cards 2025 Topps Chrome Black Autograph,Griffin Conine [Red Refractor] #CBA-GCO,$129.99,,,,,,,,,,,$71.50,$143.00,,,,,,1,,,,,2025-04-30
9125925,Baseball Cards 2025 Topps Chrome Black Autograph,Griffin Conine [Refractor] #CBA-GCO,$13.00,,$16.33,$29.01,$55.39,$80.06,$104.00,$48.00,$48.00,,,$3.50,$13.99,,,$4.50,$17.99,,16,,,,,2025-04-30
9125981,Baseball Cards 2025 Topps Chrome Black Autograph,Griffin Conine [Rose Gold Wave Refractor] #CBA-GCO,$16.83,,,,,,,,,,,$4.80,$18.99,,,,,,3,,,,,2025-04-30
9126080,Baseball Cards 2025 Topps Chrome Black Autograph,Griffin Conine [Superfractor] #CBA-GCO,,,,,,,,,,,,,,,,,,,0,,,,,2025-04-30
9125984,Baseball Cards 2025 Topps Chrome Black Autograph,Griffin Conine [White Refractor] #CBA-GCO,,,,,,,,,,,,,,,,,,,0,,,,,2025-04-30
9126149,Baseball Cards 2025 Topps Chrome Black Autograph,Gunnar Henderson #CBA-GH,$134.84,,$122.53,$314.96,$387.13,$549.31,$714.00,$330.00,$330.00,,,$74.00,$148.00,,,$67.50,$135.00,,7,,,,,2025-04-30
9126160,Baseball Cards 2025 Topps Chrome Black Autograph,Gunnar Henderson [Blue Refractor] #CBA-GH,$110.50,,$140.53,$155.00,$222.00,$226.13,$294.00,$136.00,$136.00,,,$61.00,$122.00,,,$77.50,$155.00,,34,,,,,2025-04-30
9126178,Baseball Cards 2025 Topps Chrome Black Autograph,Gunnar Henderson [Gold Mini Diamond Refractor] #CBA-GH,$122.33,,,,,,,,,,,$67.50,$135.00,,,,,,4,,,,,2025-04-30
9126174,Baseball Cards 2025 Topps Chrome Black Autograph,Gunnar Henderson [Gold Refractor] #CBA-GH,$172.47,,$157.73,$266.07,$496.44,$702.65,$913.00,$422.00,$422.00,,,$95.00,$190.00,,,$87.00,$174.00,,14,,,,,2025-04-30
9126170,Baseball Cards 2025 Topps Chrome Black Autograph,Gunnar Henderson [Green Refractor] #CBA-GH,$122.50,,$111.75,$189.11,$353.37,$501.35,$652.00,$301.00,$301.00,,,$67.50,$135.00,,,$61.50,$123.00,,23,,,,,2025-04-30
9126181,Baseball Cards 2025 Topps Chrome Black Autograph,Gunnar Henderson [Orange Refractor] #CBA-GH,$177.50,,,,,,,,,,,$97.50,$195.00,,,,,,4,,,,,2025-04-30
9126191,Baseball Cards 2025 Topps Chrome Black Autograph,Gunnar Henderson [Red Refractor] #CBA-GH,,,,,,,,,,,,,,,,,,,0,,,,,2025-04-30
9126157,Baseball Cards 2025 Topps Chrome Black Autograph,Gunnar Henderson [Refractor] #CBA-GH,$109.75,,,,,,,,,,,$60.50,$121.00,,,,,,2,,,,,2025-04-30
9126183,Baseball Cards 2025 Topps Chrome Black Autograph,Gunnar Henderson [Rose Gold Wave Refractor] #CBA-GH,$154.50,,,,,,,,,,,$85.00,$170.00,,,,,,1,,,,,2025-04-30
9126197,Baseball Cards 2025 Topps Chrome Black Autograph,Gunnar Henderson [Superfractor] #CBA-GH,,,,,,,,,,,,,,,,,,,0,,,,,2025-04-30
9126188,Baseball Cards 2025 Topps Chrome Black Autograph,Gunnar Henderson [White Refractor] #CBA-GH,,,,,,,,,,,,,,,,,,,0,,,,,2025-04-30
9126332,Baseball Cards 2025 Topps Chrome Black Autograph,Hurston Waldrep #CBA-HW,$16.72,,$19.84,$38.59,$49.00,$50.00,$65.00,$30.00,$30.00,,,$4.50,$17.99,,,$6.60,$21.99,,37,,,,,2025-04-30
10110140,Baseball Cards 2025 Topps Chrome Black Autograph,Hurston Waldrep [Aqua Wave] #CBA-HW,$42.36,,,,,,,,,,,$18.80,$46.99,,,,,,6,,,,,
9126350,Baseball Cards 2025 Topps Chrome Black Autograph,Hurston Waldrep [Blue Refractor] #CBA-HW,$45.00,,$44.19,$75.73,$142.30,$202.71,$264.00,$122.00,$122.00,,,$20.00,$49.99,,,$19.60,$48.99,,8,,,,,2025-04-30
9126363,Baseball Cards 2025 Topps Chrome Black Autograph,Hurston Waldrep [Gold Mini Diamond Refractor] #CBA-HW,$49.29,,,,,$255.00,$332.00,$153.00,$153.00,,,$21.60,$53.99,,,,,,3,,,,,2025-04-30
9126358,Baseball Cards 2025 Topps Chrome Black Autograph,Hurston Waldrep [Gold Refractor] #CBA-HW,$56.29,,$54.03,$92.23,$173.02,$246.16,$320.00,$148.00,$148.00,,,$24.80,$61.99,,,$23.60,$58.99,,6,,,,,2025-04-30
9126355,Baseball Cards 2025 Topps Chrome Black Autograph,Hurston Waldrep [Green Refractor] #CBA-HW,$24.99,,$26.78,$61.50,$88.02,$126.19,$164.00,$76.00,$76.00,,,$8.10,$26.99,,,$8.70,$28.99,,8,,,,,2025-04-30
9126369,Baseball Cards 2025 Topps Chrome Black Autograph,Hurston Waldrep [Orange Refractor] #CBA-HW,$127.57,,,,,,,,,,,$70.00,$140.00,,,,,,4,,,,,2025-04-30
9126385,Baseball Cards 2025 Topps Chrome Black Autograph,Hurston Waldrep [Red Refractor] #CBA-HW,$325.00,,,,,,,,,,,$179.00,$358.00,,,,,,1,,,,,2025-04-30
9126339,Baseball Cards 2025 Topps Chrome Black Autograph,Hurston Waldrep [Refractor] #CBA-HW,$35.00,,$35.53,$61.27,$115.48,$165.29,$215.00,$99.00,$99.00,,,$15.60,$38.99,,,$15.60,$38.99,,10,,,,,2025-04-30
9126375,Baseball Cards 2025 Topps Chrome Black Autograph,Hurston Waldrep [Rose Gold Wave Refractor] #CBA-HW,,,,,,,,,,,,,,,,,,,0,,,,,2025-04-30
9126391,Baseball Cards 2025 Topps Chrome Black Autograph,Hurston Waldrep [Superfractor] #CBA-HW,,,,,,,,,,,,,,,,,,,0,,,,,2025-04-30
9126379,Baseball Cards 2025 Topps Chrome Black Autograph,Hurston Waldrep [White Refractor] #CBA-HW,,,,,,,,,,,,,,,,,,,0,,,,,2025-04-30
9126393,Baseball Cards 2025 Topps Chrome Black Autograph,Ichiro #CBA-I,$217.00,,$194.11,$327.29,$610.58,$865.06,$1125.00,$519.00,$519.00,,,$119.50,$239.00,,,$107.00,$214.00,,6,,,,,2025-04-30
9126402,Baseball Cards 2025 Topps Chrome Black Autograph,Ichiro [Blue Refractor] #CBA-I,,,,,,,,,,,,,,,,,,,0,,,,,2025-04-30
9127134,Baseball Cards 2025 Topps Chrome Black Autograph,Ichiro [Gold Mini Diamond Refractor] #CBA-I,,,,,,,,,,,,,,,,,,,0,,,,,2025-04-30
9126413,Baseball Cards 2025 Topps Chrome Black Autograph,Ichiro [Gold Refractor] #CBA-I,$265.00,,,,,,,,,,,$146.00,$292.00,,,,,,5,,,,,2025-04-30
9126409,Baseball Cards 2025 Topps Chrome Black Autograph,Ichiro [Green Refractor] #CBA-I,,,,,,,,,,,,,,,,,,,0,,,,,2025-04-30
9127137,Baseball Cards 2025 Topps Chrome Black Autograph,Ichiro [Orange Refractor] #CBA-I,$300.00,,$266.30,$275.00,$835.36,$1181.53,$1536.00,$709.00,$709.00,,,$165.00,$330.00,,,$146.50,$293.00,,7,,,,,2025-04-30
9125782,Baseball Cards 2025 Topps Chrome Black Autograph,Ichiro [Red Refractor] #CBA-I,$495.00,,,,,,,,,,,$327.00,$545.00,,,,,,1,,,,,2025-04-30
9126398,Baseball Cards 2025 Topps Chrome Black Autograph,Ichiro [Refractor] #CBA-I,,,,,,,,,,,,,,,,,,,0,,,,,2025-04-30
9125771,Baseball Cards 2025 Topps Chrome Black Autograph,Ichiro [Rose Gold Wave Refractor] #CBA-I,$350.00,,,,,,,,,,,$192.50,$385.00,,,,,,1,,,,,2025-04-30
9125789,Baseball Cards 2025 Topps Chrome Black Autograph,Ichiro [Superfractor] #CBA-I,,,,,,,,,,,,,,,,,,,0,,,,,2025-04-30
9125777,Baseball Cards 2025 Topps Chrome Black Autograph,Ichiro [White Refractor] #CBA-I,$250.50,,,,,,,,,,,$138.00,$276.00,,,,,,1,,,,,2025-04-30
9125794,Baseball Cards 2025 Topps Chrome Black Autograph,Ivan Rodriguez #CBA-IR,$36.78,,$37.05,$63.78,$120.10,$132.52,$172.00,$80.00,$80.00,,,$16.00,$39.99,,,$16.40,$40.99,,24,,,,,2025-04-30
9125807,Baseball Cards 2025 Topps Chrome Black Autograph,Ivan Rodriguez [Blue Refractor] #CBA-IR,,,,,,,,,,,,,,,,,,,0,,,,,2025-04-30
9125825,Baseball Cards 2025 Topps Chrome Black Autograph,Ivan Rodriguez [Gold Mini Diamond Refractor] #CBA-IR,$42.40,,,,,,,,,,,$18.80,$46.99,,,,,,2,,,,,2025-04-30
9125819,Baseball Cards 2025 Topps Chrome Black Autograph,Ivan Rodriguez [Gold Refractor] #CBA-IR,$50.00,,$33.00,$33.00,$156.14,$222.57,$289.00,$134.00,$134.00,,,$22.00,$54.99,,,$14.40,$35.99,,13,,,,,2025-04-30
9125813,Baseball Cards 2025 Topps Chrome Black Autograph,Ivan Rodriguez [Green Refractor] #CBA-IR,$38.00,,$46.00,$119.99,$123.72,$177.03,$230.00,$106.00,$106.00,,,$16.80,$41.99,,,$20.40,$50.99,,9,,,,,2025-04-30
9125833,Baseball Cards 2025 Topps Chrome Black Autograph,Ivan Rodriguez [Orange Refractor] #CBA-IR,$74.94,,,,,,,,,,,$32.80,$81.99,,,,,,4,,,,,2025-04-30
9125854,Baseball Cards 2025 Topps Chrome Black Autograph,Ivan Rodriguez [Red Refractor] #CBA-IR,$100.00,,,,,,,,,,,$55.00,$110.00,,,,,,1,,,,,2025-04-30
9125799,Baseball Cards 2025 Topps Chrome Black Autograph,Ivan Rodriguez [Refractor] #CBA-IR,,,,,,,,,,,,,,,,,,,0,,,,,2025-04-30
9125840,Baseball Cards 2025 Topps Chrome Black Autograph,Ivan Rodriguez [Rose Gold Wave Refractor] #CBA-IR,$51.00,,,,,,,,,,,$22.40,$55.99,,,,,,5,,,,,2025-04-30
9125861,Baseball Cards 2025 Topps Chrome Black Autograph,Ivan Rodriguez [Superfractor] #CBA-IR,,,,,,,,,,,,,,,,,,,0,,,,,2025-04-30
9125843,Baseball Cards 2025 Topps Chrome Black Autograph,Ivan Rodriguez [White Refractor] #CBA-IR,$110.00,,,,,$280.00,$364.00,$168.00,$168.00,,,$60.50,$121.00,,,,,,3,,,,,2025-04-30
9125998,Baseball Cards 2025 Topps Chrome Black Autograph,J.T. Realmuto #CBA-JRE,$25.25,,$22.42,$39.21,$74.36,$95.00,$124.00,$57.00,$57.00,,,$8.40,$27.99,,,$7.50,$24.99,,17,,,,,2025-04-30
9126011,Baseball Cards 2025 Topps Chrome Black Autograph,J.T. Realmuto [Blue Refractor] #CBA-JRE,,,,,,,,,,,,,,,,,,,0,,,,,2025-04-30
9126031,Baseball Cards 2025 Topps Chrome Black Autograph,J.T. Realmuto [Gold Mini Diamond Refractor] #CBA-JRE,$30.00,,$31.15,$53.90,$101.74,$145.69,$189.00,$87.00,$87.00,,,$9.90,$32.99,,,$10.20,$33.99,,8,,,,,2025-04-30
9126024,Baseball Cards 2025 Topps Chrome Black Autograph,J.T. Realmuto [Gold Refractor] #CBA-JRE,$31.50,,,,,,,,,,,$10.50,$34.99,,,,,,6,,,,,2025-04-30
9126019,Baseball Cards 2025 Topps Chrome Black Autograph,J.T. Realmuto [Green Refractor] #CBA-JRE,$28.63,,$29.94,$51.82,$97.82,$139.91,$182.00,$84.00,$84.00,,,$9.30,$30.99,,,$9.90,$32.99,,9,,,,,2025-04-30
9126040,Baseball Cards 2025 Topps Chrome Black Autograph,J.T. Realmuto [Orange Refractor] #CBA-JRE,$67.50,,,,,,,,,,,$29.60,$73.99,,,,,,2,,,,,2025-04-30
9126067,Baseball Cards 2025 Topps Chrome Black Autograph,J.T. Realmuto [Red Refractor] #CBA-JRE,$60.00,,,,,,,,,,,$26.40,$65.99,,,,,,1,,,,,2025-04-30
9126005,Baseball Cards 2025 Topps Chrome Black Autograph,J.T. Realmuto [Refractor] #CBA-JRE,$29.00,,,,,,,,,,,$9.60,$31.99,,,,,,3,,,,,2025-04-30
9126049,Baseball Cards 2025 Topps Chrome Black Autograph,J.T. Realmuto [Rose Gold Wave Refractor] #CBA-JRE,,,,,,,,,,,,,,,,,,,0,,,,,2025-04-30
9126072,Baseball Cards 2025 Topps Chrome Black Autograph,J.T. Realmuto [Superfractor] #CBA-JRE,$360.00,,,,,,,,,,,$198.00,$396.00,,,,,,1,,,,,2025-04-30
9126057,Baseball Cards 2025 Topps Chrome Black Autograph,J.T. Realmuto [White Refractor] #CBA-JRE,$58.75,,,,,,,,,,,$26.00,$64.99,,,,,,2,,,,,2025-04-30
9126192,Baseball Cards 2025 Topps Chrome Black Autograph,Jackson Chourio #CBA-JC,$64.77,,$44.45,$76.00,$137.00,$139.70,$182.00,$84.00,$84.00,,,$28.40,$70.99,,,$19.60,$48.99,,36,,,,,2025-04-30
9126215,Baseball Cards 2025 Topps Chrome Black Autograph,Jackson Chourio [Blue Refractor] #CBA-JC,$68.85,,$64.87,$110.45,$152.00,$155.00,$202.00,$93.00,$93.00,,,$30.40,$75.99,,,$28.40,$70.99,,27,,,,,2025-04-30
9126233,Baseball Cards 2025 Topps Chrome Black Autograph,Jackson Chourio [Gold Mini Diamond Refractor] #CBA-JC,$150.00,,,,$162.00,$300.00,$390.00,$180.00,$180.00,,,$82.50,$165.00,,,,,,16,,,,,2025-04-30
9126228,Baseball Cards 2025 Topps Chrome Black Autograph,Jackson Chourio [Gold Refractor] #CBA-JC,$102.50,,$94.23,$200.00,$298.62,$423.87,$551.00,$254.00,$254.00,,,$56.50,$113.00,,,$52.00,$104.00,,16,,,,,2025-04-30
9126221,Baseball Cards 2025 Topps Chrome Black Autograph,Jackson Chourio [Green Refractor] #CBA-JC,$67.00,,$63.35,$107.85,$196.00,$199.95,$260.00,$120.00,$120.00,,,$29.60,$73.99,,,$28.00,$69.99,,11,,,,,2025-04-30
9126240,Baseball Cards 2025 Topps Chrome Black Autograph,Jackson Chourio [Orange Refractor] #CBA-JC,$156.25,,,,,,,,,,,$86.00,$172.00,,,,,,4,,,,,2025-04-30
9126265,Baseball Cards 2025 Topps Chrome Black Autograph,Jackson Chourio [Red Refractor] #CBA-JC,,,,,,,,,,,,,,,,,,,0,,,,,2025-04-30
9126204,Baseball Cards 2025 Topps Chrome Black Autograph,Jackson Chourio [Refractor] #CBA-JC,,,,,,,,,,,,,,,,,,,0,,,,,2025-04-30
9126243,Baseball Cards 2025 Topps Chrome Black Autograph,Jackson Chourio [Rose Gold Wave Refractor] #CBA-JC,$305.11,,,$197.48,$217.00,,,,,,,$168.00,$336.00,,,,,,6,,,,,2025-04-30
9126272,Baseball Cards 2025 Topps Chrome Black Autograph,Jackson Chourio [Superfractor] #CBA-JC,,,,,,,,,,,,,,,,,,,0,,,,,2025-04-30
9126257,Baseball Cards 2025 Topps Chrome Black Autograph,Jackson Chourio [White Refractor] #CBA-JC,$215.00,,,,,,,,,,,$118.50,$237.00,,,,,,1,,,,,2025-04-30
9126423,Baseball Cards 2025 Topps Chrome Black Autograph,Jackson Holliday #CBA-JH,$75.00,,$70.68,$101.26,$172.00,$175.00,$228.00,$105.00,$105.00,,,$33.20,$82.99,,,$31.20,$77.99,,28,,,,,2025-04-30
9126432,Baseball Cards 2025 Topps Chrome Black Autograph,Jackson Holliday [Blue Refractor] #CBA-JH,$93.54,,$45.75,$88.57,$130.00,$132.75,$173.00,$80.00,$80.00,,,$51.50,$103.00,,,$20.00,$49.99,,28,,,,,2025-04-30
9126449,Baseball Cards 2025 Topps Chrome Black Autograph,Jackson Holliday [Gold Mini Diamond Refractor] #CBA-JH,$135.50,,,,,,,,,,,$74.50,$149.00,,,,,,3,,,,,2025-04-30
9126443,Baseball Cards 2025 Topps Chrome Black Autograph,Jackson Holliday [Gold Refractor] #CBA-JH,$135.00,,$122.72,$207.66,$388.04,$551.16,$717.00,$331.00,$331.00,,,$74.50,$149.00,,,$67.50,$135.00,,7,,,,,2025-04-30
9126437,Baseball Cards 2025 Topps Chrome Black Autograph,Jackson Holliday [Green Refractor] #CBA-JH,$83.38,,$83.60,$100.00,$265.40,$376.89,$490.00,$226.00,$226.00,,,$36.80,$91.99,,,$36.80,$91.99,,18,,,,,2025-04-30
9125835,Baseball Cards 2025 Topps Chrome Black Autograph,Jackson Holliday [Orange Refractor] #CBA-JH,$191.50,,,,,,,,,,,$105.50,$211.00,,,,,,2,,,,,2025-04-30
9125851,Baseball Cards 2025 Topps Chrome Black Autograph,Jackson Holliday [Red Refractor] #CBA-JH,,,,,,,,,,,,,,,,,,,0,,,,,2025-04-30
9126429,Baseball Cards 2025 Topps Chrome Black Autograph,Jackson Holliday [Refractor] #CBA-JH,,,,,,,,,,,,,,,,,,,0,,,,,2025-04-30
9125841,Baseball Cards 2025 Topps Chrome Black Autograph,Jackson Holliday [Rose Gold Wave Refractor] #CBA-JH,$193.00,,,,,,,,,,,$106.00,$212.00,,,,,,2,,,,,2025-04-30
9125862,Baseball Cards 2025 Topps Chrome Black Autograph,Jackson Holliday [Superfractor] #CBA-JH,$5000.00,,,,,,,,,,,$3300.00,$5500.00,,,,,,1,,,,,2025-04-30
9125847,Baseball Cards 2025 Topps Chrome Black Autograph,Jackson Holliday [White Refractor] #CBA-JH,,,,,,,,,,,,,,,,,,,0,,,,,2025-04-30
9125874,Baseball Cards 2025 Topps Chrome Black Autograph,Jackson Jobe #CBA-JJB,$34.00,,$34.63,$59.72,$112.55,$160.87,$209.00,$97.00,$97.00,,,$14.80,$36.99,,,$15.20,$37.99,,21,,,,,2025-04-30
9125886,Baseball Cards 2025 Topps Chrome Black Autograph,Jackson Jobe [Blue Refractor] #CBA-JJB,$31.00,,$39.87,$68.54,$129.00,$184.28,$240.00,$111.00,$111.00,,,$10.20,$33.99,,,$17.60,$43.99,,11,,,,,2025-04-30
9125922,Baseball Cards 2025 Topps Chrome Black Autograph,Jackson Jobe [Gold Mini Diamond Refractor] #CBA-JJB,$80.00,,$74.72,$126.98,$237.74,$337.91,$439.00,$203.00,$203.00,,,$35.20,$87.99,,,$32.80,$81.99,,10,,,,,2025-04-30
9125917,Baseball Cards 2025 Topps Chrome Black Autograph,Jackson Jobe [Gold Refractor] #CBA-JJB,$72.13,,$68.44,$75.00,$218.21,$310.42,$404.00,$186.00,$186.00,,,$31.60,$78.99,,,$30.00,$74.99,,18,,,,,2025-04-30
9125912,Baseball Cards 2025 Topps Chrome Black Autograph,Jackson Jobe [Green Refractor] #CBA-JJB,$45.86,,$45.08,$77.23,$145.12,$206.83,$269.00,$124.00,$124.00,,,$20.00,$49.99,,,$20.00,$49.99,,19,,,,,2025-04-30
9125929,Baseball Cards 2025 Topps Chrome Black Autograph,Jackson Jobe [Orange Refractor] #CBA-JJB,$184.50,,,,,,,,,,,$101.50,$203.00,,,,,,1,,,,,2025-04-30
9125943,Baseball Cards 2025 Topps Chrome Black Autograph,Jackson Jobe [Red Refractor] #CBA-JJB,$300.00,,,,,,,,,,,$165.00,$330.00,,,,,,1,,,,,2025-04-30
9125880,Baseball Cards 2025 Topps Chrome Black Autograph,Jackson Jobe [Refractor] #CBA-JJB,$30.75,,$31.56,$38.00,$102.86,$146.98,$191.00,$88.00,$88.00,,,$10.20,$33.99,,,$10.50,$34.99,,13,,,,,2025-04-30
9125934,Baseball Cards 2025 Topps Chrome Black Autograph,Jackson Jobe [Rose Gold Wave Refractor] #CBA-JJB,,,,,,$399.00,$519.00,$239.00,$239.00,,,,,,,,,,1,,,,,2025-04-30
9125948,Baseball Cards 2025 Topps Chrome Black Autograph,Jackson Jobe [Superfractor] #CBA-JJB,,,,,,,,,,,,,,,,,,,0,,,,,2025-04-30
9125939,Baseball Cards 2025 Topps Chrome Black Autograph,Jackson Jobe [White Refractor] #CBA-JJB,$76.75,,,,,,,,,,,$33.60,$83.99,,,,,,2,,,,,2025-04-30
9126303,Baseball Cards 2025 Topps Chrome Black Autograph,Jackson Merrill #CBA-JM,$59.13,,$56.22,$77.00,$92.00,$93.89,$122.00,$56.00,$56.00,,,$26.00,$64.99,,,$24.80,$61.99,,28,,,,,2025-04-30
9126312,Baseball Cards 2025 Topps Chrome Black Autograph,Jackson Merrill [Blue Refractor] #CBA-JM,$72.50,,$68.14,$115.87,$216.99,$308.14,$401.00,$185.00,$185.00,,,$32.00,$79.99,,,$30.00,$74.99,,25,,,,,2025-04-30
9126331,Baseball Cards 2025 Topps Chrome Black Autograph,Jackson Merrill [Gold Mini Diamond Refractor] #CBA-JM,$141.00,,$127.95,$216.42,$404.34,$574.18,$746.00,$345.00,$345.00,,,$77.50,$155.00,,,$70.50,$141.00,,5,,,,,2025-04-30
9126324,Baseball Cards 2025 Topps Chrome Black Autograph,Jackson Merrill [Gold Refractor] #CBA-JM,$113.50,,$103.88,$175.85,$328.63,$466.07,$606.00,$280.00,$280.00,,,$62.50,$125.00,,,$57.00,$114.00,,10,,,,,2025-04-30
9126318,Baseball Cards 2025 Topps Chrome Black Autograph,Jackson Merrill [Green Refractor] #CBA-JM,$110.28,,$101.37,$171.74,$321.10,$455.99,$593.00,$274.00,$274.00,,,$60.50,$121.00,,,$56.00,$112.00,,8,,,,,2025-04-30
9126338,Baseball Cards 2025 Topps Chrome Black Autograph,Jackson Merrill [Orange Refractor] #CBA-JM,$240.00,,,,,,,,,,,$132.00,$264.00,,,,,,1,,,,,2025-04-30
9126354,Baseball Cards 2025 Topps Chrome Black Autograph,Jackson Merrill [Red Refractor] #CBA-JM,$1000.00,,,,,,,,,,,$660.00,$1100.00,,,,,,1,,,,,2025-04-30
9126306,Baseball Cards 2025 Topps Chrome Black Autograph,Jackson Merrill [Refractor] #CBA-JM,$112.50,,,,,$225.00,$293.00,$135.00,$135.00,,,$62.00,$124.00,,,,,,2,,,,,2025-04-30
9126344,Baseball Cards 2025 Topps Chrome Black Autograph,Jackson Merrill [Rose Gold Wave Refractor] #CBA-JM,$225.00,,,,,,,,,,,$124.00,$248.00,,,,,,3,,,,,2025-04-30
9126359,Baseball Cards 2025 Topps Chrome Black Autograph,Jackson Merrill [Superfractor] #CBA-JM,,,,,,,,,,,,,,,,,,,0,,,,,2025-04-30
9126348,Baseball Cards 2025 Topps Chrome Black Autograph,Jackson Merrill [White Refractor] #CBA-JM,,,,,,,,,,,,,,,,,,,0,,,,,2025-04-30
9126068,Baseball Cards 2025 Topps Chrome Black Autograph,Jake Bloss #CBA-JBL,$4.37,,$8.81,$10.00,$31.91,$46.87,$61.00,$28.00,$28.00,,,$1.00,$4.79,,,$1.90,$9.69,,33,,,,,2025-04-30
9126087,Baseball Cards 2025 Topps Chrome Black Autograph,Jake Bloss [Blue Refractor] #CBA-JBL,$6.11,,,,,,,,,,,$1.30,$6.69,,,,,,5,,,,,2025-04-30
9126128,Baseball Cards 2025 Topps Chrome Black Autograph,Jake Bloss [Gold Mini Diamond Refractor] #CBA-JBL,$22.50,,,,,,,,,,,$7.50,$24.99,,,,,,2,,,,,2025-04-30
9126121,Baseball Cards 2025 Topps Chrome Black Autograph,Jake Bloss [Gold Refractor] #CBA-JBL,$10.25,,,,,,,,,,,$2.80,$10.99,,,,,,5,,,,,2025-04-30
9126093,Baseball Cards 2025 Topps Chrome Black Autograph,Jake Bloss [Green Refractor] #CBA-JBL,$7.50,,$11.49,$20.90,$40.29,$58.70,$76.00,$35.00,$35.00,,,$1.70,$8.29,,,$3.30,$12.99,,9,,,,,2025-04-30
9126164,Baseball Cards 2025 Topps Chrome Black Autograph,Jake Bloss [Orange Refractor] #CBA-JBL,$10.00,,,,,,,,,,,$2.80,$10.99,,,,,,1,,,,,2025-04-30
9126182,Baseball Cards 2025 Topps Chrome Black Autograph,Jake Bloss [Red Refractor] #CBA-JBL,$90.00,,,,,,,,,,,$39.60,$98.99,,,,,,3,,,,,2025-04-30
9126073,Baseball Cards 2025 Topps Chrome Black Autograph,Jake Bloss [Refractor] #CBA-JBL,$5.66,,,,,,,,,,,$1.20,$6.19,,,,,,4,,,,,2025-04-30
9126173,Baseball Cards 2025 Topps Chrome Black Autograph,Jake Bloss [Rose Gold Wave Refractor] #CBA-JBL,,,,,,,,,,,,,,,,,,,0,,,,,2025-04-30
9126186,Baseball Cards 2025 Topps Chrome Black Autograph,Jake Bloss [Superfractor] #CBA-JBL,,,,,,,,,,,,,,,,,,,0,,,,,2025-04-30
9126179,Baseball Cards 2025 Topps Chrome Black Autograph,Jake Bloss [White Refractor] #CBA-JBL,$7.98,,,,,,,,,,,$1.80,$8.79,,,,,,2,,,,,2025-04-30
9126541,Baseball Cards 2025 Topps Chrome Black Autograph,James Outman #CBA-JO,$5.50,,$9.36,$17.31,$33.60,$49.23,$64.00,$30.00,$30.00,,,$1.20,$6.09,,,$2.00,$9.99,,27,,,,,2025-04-30
9126554,Baseball Cards 2025 Topps Chrome Black Autograph,James Outman [Blue Refractor] #CBA-JO,$11.24,,$15.29,$27.24,$52.09,$75.30,$98.00,$45.00,$45.00,,,$3.00,$11.99,,,$4.30,$16.99,,8,,,,,2025-04-30
9126588,Baseball Cards 2025 Topps Chrome Black Autograph,James Outman [Gold Mini Diamond Refractor] #CBA-JO,$11.51,,,,,,,,,,,$3.30,$12.99,,,,,,4,,,,,2025-04-30
9126581,Baseball Cards 2025 Topps Chrome Black Autograph,James Outman [Gold Refractor] #CBA-JO,$18.95,,$21.91,$38.37,$72.79,$104.61,$136.00,$63.00,$63.00,,,$6.30,$20.99,,,$7.20,$23.99,,7,,,,,2025-04-30
9126558,Baseball Cards 2025 Topps Chrome Black Autograph,James Outman [Green Refractor] #CBA-JO,$15.00,,,,,,,,,,,$4.30,$16.99,,,,,,5,,,,,2025-04-30
9127143,Baseball Cards 2025 Topps Chrome Black Autograph,James Outman [Orange Refractor] #CBA-JO,$13.00,,,,$180.00,,,,,,,$3.50,$13.99,,,,,,5,,,,,2025-04-30
9126608,Baseball Cards 2025 Topps Chrome Black Autograph,James Outman [Red Refractor] #CBA-JO,$140.00,,,,,,,,,,,$77.00,$154.00,,,,,,1,,,,,2025-04-30
9126546,Baseball Cards 2025 Topps Chrome Black Autograph,James Outman [Refractor] #CBA-JO,$5.06,,$9.74,$11.00,$34.79,$50.89,$66.00,$31.00,$31.00,,,$1.10,$5.59,,,$2.80,$10.99,,16,,,,,2025-04-30
9126599,Baseball Cards 2025 Topps Chrome Black Autograph,James Outman [Rose Gold Wave Refractor] #CBA-JO,,,,,,,,,,,,,,,,,,,0,,,,,2025-04-30
9126615,Baseball Cards 2025 Topps Chrome Black Autograph,James Outman [Superfractor] #CBA-JO,,,,,,,,,,,,,,,,,,,0,,,,,2025-04-30
9126603,Baseball Cards 2025 Topps Chrome Black Autograph,James Outman [White Refractor] #CBA-JO,,,,,,,,,,,,,,,,,,,0,,,,,2025-04-30
9126353,Baseball Cards 2025 Topps Chrome Black Autograph,James Wood #CBA-JW,$104.55,,$96.06,$180.00,$225.00,$230.00,$299.00,$138.00,$138.00,,,$57.50,$115.00,,,$53.00,$106.00,,28,,,,,2025-04-30
9126366,Baseball Cards 2025 Topps Chrome Black Autograph,James Wood [Blue Refractor] #CBA-JW,$220.00,,$102.00,$162.50,$465.18,$660.83,$859.00,$397.00,$397.00,,,$121.00,$242.00,,,$56.00,$112.00,,26,,,,,2025-04-30
9126392,Baseball Cards 2025 Topps Chrome Black Autograph,James Wood [Gold Mini Diamond Refractor] #CBA-JW,$330.00,,$292.43,$491.98,$916.83,$1296.51,$1685.00,$778.00,$778.00,,,$181.50,$363.00,,,$161.00,$322.00,,12,,,,,2025-04-30
9126380,Baseball Cards 2025 Topps Chrome Black Autograph,James Wood [Gold Refractor] #CBA-JW,$280.00,,$249.12,$337.00,$782.94,$1109.88,$1443.00,$666.00,$666.00,,,$154.00,$308.00,,,$137.00,$274.00,,16,,,,,2025-04-30
9126374,Baseball Cards 2025 Topps Chrome Black Autograph,James Wood [Green Refractor] #CBA-JW,$206.82,,$85.00,$319.11,$595.48,$844.42,$1098.00,$507.00,$507.00,,,$114.00,$228.00,,,$37.60,$93.99,,13,,,,,2025-04-30
9127141,Baseball Cards 2025 Topps Chrome Black Autograph,James Wood [Orange Refractor] #CBA-JW,$339.23,,,,,,,,,,,$186.50,$373.00,,,,,,5,,,,,2025-04-30
9126448,Baseball Cards 2025 Topps Chrome Black Autograph,James Wood [Red Refractor] #CBA-JW,,,,,,,,,,,,,,,,,,,0,,,,,2025-04-30
9126360,Baseball Cards 2025 Topps Chrome Black Autograph,James Wood [Refractor] #CBA-JW,$140.89,,$109.84,$201.00,$357.93,$565.00,$735.00,$339.00,$339.00,,,$77.50,$155.00,,,$60.50,$121.00,,42,,,,,2025-04-30
9126414,Baseball Cards 2025 Topps Chrome Black Autograph,James Wood [Rose Gold Wave Refractor] #CBA-JW,$900.00,,,$144.00,$158.00,,,,,,,$594.00,$990.00,,,,,,2,,,,,2025-04-30
9126457,Baseball Cards 2025 Topps Chrome Black Autograph,James Wood [Superfractor] #CBA-JW,,,,,,,,,,,,,,,,,,,0,,,,,2025-04-30
9126441,Baseball Cards 2025 Topps Chrome Black Autograph,James Wood [White Refractor] #CBA-JW,,,,,,,,,,,,,,,,,,,0,,,,,2025-04-30
9126469,Baseball Cards 2025 Topps Chrome Black Autograph,Jamie Westbrook #CBA-JWE,$2.75,,$6.98,$13.32,$26.18,$38.73,$50.00,$23.00,$23.00,,,,$2.99,,,$1.50,$7.69,,28,,,,,2025-04-30
9126478,Baseball Cards 2025 Topps Chrome Black Autograph,Jamie Westbrook [Blue Refractor] #CBA-JWE,$7.68,,$15.00,$17.00,$19.00,,,,,,,$1.70,$8.49,,,$4.30,$16.99,,3,,,,,2025-04-30
9126500,Baseball Cards 2025 Topps Chrome Black Autograph,Jamie Westbrook [Gold Mini Diamond Refractor] #CBA-JWE,$3.81,,$8.32,$15.57,$30.38,$44.68,$58.00,$27.00,$27.00,,,$0.80,$4.19,,,$1.80,$9.19,,7,,,,,2025-04-30
9126493,Baseball Cards 2025 Topps Chrome Black Autograph,Jamie Westbrook [Gold Refractor] #CBA-JWE,$11.54,,,,,,,,,,,$3.30,$12.99,,,,,,4,,,,,2025-04-30
9126483,Baseball Cards 2025 Topps Chrome Black Autograph,Jamie Westbrook [Green Refractor] #CBA-JWE,$6.99,,$11.09,$20.22,$39.01,$56.87,$74.00,$34.00,$34.00,,,$1.50,$7.69,,,$3.00,$11.99,,6,,,,,2025-04-30
9126511,Baseball Cards 2025 Topps Chrome Black Autograph,Jamie Westbrook [Orange Refractor] #CBA-JWE,$12.38,,,,,,,,,,,$3.50,$13.99,,,,,,4,,,,,2025-04-30
9126531,Baseball Cards 2025 Topps Chrome Black Autograph,Jamie Westbrook [Red Refractor] #CBA-JWE,,,,,,,,,,,,,,,,,,,0,,,,,2025-04-30
9126473,Baseball Cards 2025 Topps Chrome Black Autograph,Jamie Westbrook [Refractor] #CBA-JWE,$8.54,,,,,,,,,,,$1.90,$9.39,,,,,,4,,,,,2025-04-30
9126515,Baseball Cards 2025 Topps Chrome Black Autograph,Jamie Westbrook [Rose Gold Wave Refractor] #CBA-JWE,$5.75,,,,,,,,,,,$1.30,$6.29,,,,,,1,,,,,2025-04-30
9126535,Baseball Cards 2025 Topps Chrome Black Autograph,Jamie Westbrook [Superfractor] #CBA-JWE,,,,,,,,,,,,,,,,,,,0,,,,,2025-04-30
9126525,Baseball Cards 2025 Topps Chrome Black Autograph,Jamie Westbrook [White Refractor] #CBA-JWE,$9.00,,,,,,,,,,,$2.00,$9.89,,,,,,2,,,,,2025-04-30
9125955,Baseball Cards 2025 Topps Chrome Black Autograph,Jared Jones #CBA-JJO,$19.97,,$22.41,$39.23,$74.42,$107.03,$139.00,$64.00,$64.00,,,$6.60,$21.99,,,$7.50,$24.99,,33,,,,,2025-04-30
9125999,Baseball Cards 2025 Topps Chrome Black Autograph,Jared Jones [Blue Refractor] #CBA-JJO,$25.00,,$24.84,$43.28,$49.00,$50.00,$65.00,$30.00,$30.00,,,$8.40,$27.99,,,$8.10,$26.99,,23,,,,,2025-04-30
9126037,Baseball Cards 2025 Topps Chrome Black Autograph,Jared Jones [Gold Mini Diamond Refractor] #CBA-JJO,$29.47,,,,,,,,,,,$9.60,$31.99,,,,,,3,,,,,2025-04-30
9126013,Baseball Cards 2025 Topps Chrome Black Autograph,Jared Jones [Gold Refractor] #CBA-JJO,$29.36,,$30.06,$52.05,$98.28,$140.69,$183.00,$84.00,$84.00,,,$9.60,$31.99,,,$9.90,$32.99,,10,,,,,2025-04-30
9126003,Baseball Cards 2025 Topps Chrome Black Autograph,Jared Jones [Green Refractor] #CBA-JJO,$25.00,,$26.78,$29.00,$87.99,$126.07,$164.00,$76.00,$76.00,,,$8.40,$27.99,,,$8.70,$28.99,,13,,,,,2025-04-30
9126045,Baseball Cards 2025 Topps Chrome Black Autograph,Jared Jones [Orange Refractor] #CBA-JJO,$42.69,,,,,,,,,,,$18.80,$46.99,,,,,,4,,,,,2025-04-30
9126078,Baseball Cards 2025 Topps Chrome Black Autograph,Jared Jones [Red Refractor] #CBA-JJO,$60.00,,,,,,,,,,,$26.40,$65.99,,,,,,1,,,,,2025-04-30
9125992,Baseball Cards 2025 Topps Chrome Black Autograph,Jared Jones [Refractor] #CBA-JJO,$18.42,,$18.53,$20.00,$62.22,$89.63,$117.00,$54.00,$54.00,,,$5.00,$19.99,,,$5.00,$19.99,,29,,,,,2025-04-30
9126048,Baseball Cards 2025 Topps Chrome Black Autograph,Jared Jones [Rose Gold Wave Refractor] #CBA-JJO,$61.03,,,,,,,,,,,$26.80,$66.99,,,,,,2,,,,,2025-04-30
9126083,Baseball Cards 2025 Topps Chrome Black Autograph,Jared Jones [Superfractor] #CBA-JJO,,,,,,,,,,,,,,,,,,,0,,,,,2025-04-30
9126053,Baseball Cards 2025 Topps Chrome Black Autograph,Jared Jones [White Refractor] #CBA-JJO,,,,,,,,,,,,,,,,,,,0,,,,,2025-04-30
9126276,Baseball Cards 2025 Topps Chrome Black Autograph,Jasson Dominguez #CBA-JD,$57.50,,$55.08,$94.02,$176.38,$251.05,$326.00,$151.00,$151.00,,,$25.20,$62.99,,,$24.40,$60.99,,16,,,,,2025-04-30
9126287,Baseball Cards 2025 Topps Chrome Black Autograph,Jasson Dominguez [Blue Refractor] #CBA-JD,,,,,,,,,,,,,,,,,,,0,,,,,2025-04-30
9126307,Baseball Cards 2025 Topps Chrome Black Autograph,Jasson Dominguez [Gold Mini Diamond Refractor] #CBA-JD,$53.00,,,,,,,,,,,$23.20,$57.99,,,,,,4,,,,,2025-04-30
9126299,Baseball Cards 2025 Topps Chrome Black Autograph,Jasson Dominguez [Gold Refractor] #CBA-JD,$84.03,,$78.24,$132.92,$248.83,$353.72,$460.00,$212.00,$212.00,,,$36.80,$91.99,,,$34.40,$85.99,,17,,,,,2025-04-30
9126291,Baseball Cards 2025 Topps Chrome Black Autograph,Jasson Dominguez [Green Refractor] #CBA-JD,$50.00,,$48.57,$83.11,$156.08,$222.41,$289.00,$133.00,$133.00,,,$22.00,$54.99,,,$21.20,$52.99,,18,,,,,2025-04-30
9126315,Baseball Cards 2025 Topps Chrome Black Autograph,Jasson Dominguez [Orange Refractor] #CBA-JD,$49.47,,$48.51,$82.98,$155.82,$221.94,$289.00,$133.00,$133.00,,,$21.60,$53.99,,,$21.20,$52.99,,26,,,,,2025-04-30
9126335,Baseball Cards 2025 Topps Chrome Black Autograph,Jasson Dominguez [Red Refractor] #CBA-JD,$399.50,,,,,,,,,,,$219.50,$439.00,,,,,,2,,,,,2025-04-30
9126282,Baseball Cards 2025 Topps Chrome Black Autograph,Jasson Dominguez [Refractor] #CBA-JD,,,,,,,,,,,,,,,,,,,0,,,,,2025-04-30
9126322,Baseball Cards 2025 Topps Chrome Black Autograph,Jasson Dominguez [Rose Gold Wave Refractor] #CBA-JD,,,,,,$209.50,$272.00,$126.00,$126.00,,,,,,,,,,1,,,,,2025-04-30
9126343,Baseball Cards 2025 Topps Chrome Black Autograph,Jasson Dominguez [Superfractor] #CBA-JD,,,,,,,,,,,,,,,,,,,0,,,,,2025-04-30
9126329,Baseball Cards 2025 Topps Chrome Black Autograph,Jasson Dominguez [White Refractor] #CBA-JD,$102.03,,,,,,,,,,,$56.00,$112.00,,,,,,8,,,,,2025-04-30
9125926,Baseball Cards 2025 Topps Chrome Black Autograph,Jeff Bagwell #CBA-JBA,$32.79,,$33.59,$35.00,$109.30,$159.99,$208.00,$96.00,$96.00,,,$14.40,$35.99,,,$14.80,$36.99,,21,,,,,2025-04-30
9125940,Baseball Cards 2025 Topps Chrome Black Autograph,Jeff Bagwell [Blue Refractor] #CBA-JBA,,,,,,,,,,,,,,,,,,,0,,,,,2025-04-30
9125961,Baseball Cards 2025 Topps Chrome Black Autograph,Jeff Bagwell [Gold Mini Diamond Refractor] #CBA-JBA,$59.89,,$57.19,$97.58,$183.02,$260.54,$339.00,$156.00,$156.00,,,$26.40,$65.99,,,$25.20,$62.99,,16,,,,,2025-04-30
9125954,Baseball Cards 2025 Topps Chrome Black Autograph,Jeff Bagwell [Gold Refractor] #CBA-JBA,$59.51,,,,,,,,,,,$26.00,$64.99,,,,,,5,,,,,2025-04-30
9125947,Baseball Cards 2025 Topps Chrome Black Autograph,Jeff Bagwell [Green Refractor] #CBA-JBA,$37.50,,$35.49,$61.15,$115.19,$164.53,$214.00,$99.00,$99.00,,,$16.40,$40.99,,,$15.60,$38.99,,27,,,,,2025-04-30
9125971,Baseball Cards 2025 Topps Chrome Black Autograph,Jeff Bagwell [Orange Refractor] #CBA-JBA,$101.00,,$130.00,,,,,,,,,$55.50,$111.00,,,$71.50,$143.00,,5,,,,,2025-04-30
9125982,Baseball Cards 2025 Topps Chrome Black Autograph,Jeff Bagwell [Red Refractor] #CBA-JBA,$232.50,,,,,,,,,,,$128.00,$256.00,,,,,,2,,,,,2025-04-30
9125935,Baseball Cards 2025 Topps Chrome Black Autograph,Jeff Bagwell [Refractor] #CBA-JBA,,,,,,,,,,,,,,,,,,,0,,,,,2025-04-30
9125975,Baseball Cards 2025 Topps Chrome Black Autograph,Jeff Bagwell [Rose Gold Wave Refractor] #CBA-JBA,,,,,,,,,,,,,,,,,,,0,,,,,2025-04-30
9125988,Baseball Cards 2025 Topps Chrome Black Autograph,Jeff Bagwell [Superfractor] #CBA-JBA,,,,,,,,,,,,,,,,,,,0,,,,,2025-04-30
9125978,Baseball Cards 2025 Topps Chrome Black Autograph,Jeff Bagwell [White Refractor] #CBA-JBA,$94.00,,,,,,,,,,,$51.50,$103.00,,,,,,1,,,,,2025-04-30
9126460,Baseball Cards 2025 Topps Chrome Black Autograph,Jhonkensy Noel #CBA-JN,$4.14,,$2.99,$15.84,$30.87,$45.38,$59.00,$27.00,$27.00,,,$0.90,$4.59,,,,$3.29,,38,,,,,2025-04-30
9126474,Baseball Cards 2025 Topps Chrome Black Autograph,Jhonkensy Noel [Blue Refractor] #CBA-JN,$7.99,,$11.97,$21.69,$41.77,$60.80,$79.00,$36.00,$36.00,,,$1.80,$8.79,,,$3.30,$12.99,,8,,,,,2025-04-30
9126499,Baseball Cards 2025 Topps Chrome Black Autograph,Jhonkensy Noel [Gold Mini Diamond Refractor] #CBA-JN,$28.00,,,,,,,,,,,$9.30,$30.99,,,,,,2,,,,,2025-04-30
9126494,Baseball Cards 2025 Topps Chrome Black Autograph,Jhonkensy Noel [Gold Refractor] #CBA-JN,$15.46,,$17.48,$30.95,$59.01,$85.25,$111.00,$51.00,$51.00,,,$4.30,$16.99,,,$4.80,$18.99,,11,,,,,2025-04-30
9126479,Baseball Cards 2025 Topps Chrome Black Autograph,Jhonkensy Noel [Green Refractor] #CBA-JN,$18.99,,$21.70,$38.04,$72.21,$103.94,$135.00,$62.00,$62.00,,,$6.30,$20.99,,,$7.20,$23.99,,6,,,,,2025-04-30
9126505,Baseball Cards 2025 Topps Chrome Black Autograph,Jhonkensy Noel [Orange Refractor] #CBA-JN,$150.00,,,,,,,,,,,$82.50,$165.00,,,,,,1,,,,,2025-04-30
9126522,Baseball Cards 2025 Topps Chrome Black Autograph,Jhonkensy Noel [Red Refractor] #CBA-JN,$365.95,,,,,,,,,,,$201.50,$403.00,,,,,,1,,,,,2025-04-30
9126470,Baseball Cards 2025 Topps Chrome Black Autograph,Jhonkensy Noel [Refractor] #CBA-JN,$7.24,,$12.00,$21.77,$41.91,$61.05,$79.00,$37.00,$37.00,,,$1.60,$7.99,,,$3.30,$12.99,,14,,,,,2025-04-30
9126510,Baseball Cards 2025 Topps Chrome Black Autograph,Jhonkensy Noel [Rose Gold Wave Refractor] #CBA-JN,,,,,,,,,,,,,,,,,,,0,,,,,2025-04-30
9126529,Baseball Cards 2025 Topps Chrome Black Autograph,Jhonkensy Noel [Superfractor] #CBA-JN,,,,,,,,,,,,,,,,,,,0,,,,,2025-04-30
9126517,Baseball Cards 2025 Topps Chrome Black Autograph,Jhonkensy Noel [White Refractor] #CBA-JN,,,,,,,,,,,,,,,,,,,0,,,,,2025-04-30
9126077,Baseball Cards 2025 Topps Chrome Black Autograph,Jimmy Rollins #CBA-JRO,$25.00,,$44.99,$100.00,$110.00,$126.26,$164.00,$76.00,$76.00,,,$8.40,$27.99,,,$19.60,$48.99,,22,,,,,2025-04-30
9126089,Baseball Cards 2025 Topps Chrome Black Autograph,Jimmy Rollins [Blue Refractor] #CBA-JRO,,,,,,,,,,,,,,,,,,,0,,,,,2025-04-30
9126117,Baseball Cards 2025 Topps Chrome Black Autograph,Jimmy Rollins [Gold Mini Diamond Refractor] #CBA-JRO,$53.75,,,,,,,,,,,$23.60,$58.99,,,,,,4,,,,,2025-04-30
9126108,Baseball Cards 2025 Topps Chrome Black Autograph,Jimmy Rollins [Gold Refractor] #CBA-JRO,$40.00,,$39.86,$68.50,$86.00,$88.00,$114.00,$53.00,$53.00,,,$17.60,$43.99,,,$17.60,$43.99,,7,,,,,2025-04-30
9126097,Baseball Cards 2025 Topps Chrome Black Autograph,Jimmy Rollins [Green Refractor] #CBA-JRO,$25.00,,$26.78,$46.53,$87.98,$121.53,$158.00,$73.00,$73.00,,,$8.40,$27.99,,,$8.70,$28.99,,9,,,,,2025-04-30
9126152,Baseball Cards 2025 Topps Chrome Black Autograph,Jimmy Rollins [Orange Refractor] #CBA-JRO,$61.52,,,,,,,,,,,$27.20,$67.99,,,,,,3,,,,,2025-04-30
9126194,Baseball Cards 2025 Topps Chrome Black Autograph,Jimmy Rollins [Red Refractor] #CBA-JRO,$51.00,,,,,,,,,,,$22.40,$55.99,,,,,,1,,,,,2025-04-30
9126081,Baseball Cards 2025 Topps Chrome Black Autograph,Jimmy Rollins [Refractor] #CBA-JRO,$100.00,,,,,,,,,,,$55.00,$110.00,,,,,,1,,,,,2025-04-30
9126159,Baseball Cards 2025 Topps Chrome Black Autograph,Jimmy Rollins [Rose Gold Wave Refractor] #CBA-JRO,$64.90,,,,,,,,,,,$28.40,$70.99,,,,,,3,,,,,2025-04-30
9126244,Baseball Cards 2025 Topps Chrome Black Autograph,Jimmy Rollins [Superfractor] #CBA-JRO,$600.00,,,,,,,,,,,$396.00,$660.00,,,,,,1,,,,,2025-04-30
9126176,Baseball Cards 2025 Topps Chrome Black Autograph,Jimmy Rollins [White Refractor] #CBA-JRO,$63.50,,$60.35,$102.89,$192.92,$274.63,$357.00,$165.00,$165.00,,,$28.00,$69.99,,,$26.40,$65.99,,15,,,,,2025-04-30
9125866,Baseball Cards 2025 Topps Chrome Black Autograph,Johnny Bench #CBA-JB,$80.00,,$68.62,$116.77,$218.74,$311.09,$404.00,$187.00,$187.00,,,$35.20,$87.99,,,$30.00,$74.99,,23,,,,,2025-04-30
9125878,Baseball Cards 2025 Topps Chrome Black Autograph,Johnny Bench [Blue Refractor] #CBA-JB,,,,,,,,,,,,,,,,,,,0,,,,,2025-04-30
9125895,Baseball Cards 2025 Topps Chrome Black Autograph,Johnny Bench [Gold Mini Diamond Refractor] #CBA-JB,$109.99,,,$91.00,$100.00,,,,,,,$60.50,$121.00,,,,,,5,,,,,2025-04-30
9125889,Baseball Cards 2025 Topps Chrome Black Autograph,Johnny Bench [Gold Refractor] #CBA-JB,$90.00,,$83.41,$141.52,$264.76,$375.87,$489.00,$226.00,$226.00,,,$39.60,$98.99,,,$36.80,$91.99,,9,,,,,2025-04-30
9125885,Baseball Cards 2025 Topps Chrome Black Autograph,Johnny Bench [Green Refractor] #CBA-JB,$120.78,,$109.53,$185.30,$346.21,$490.79,$638.00,$294.00,$294.00,,,$66.50,$133.00,,,$60.00,$120.00,,7,,,,,2025-04-30
9125900,Baseball Cards 2025 Topps Chrome Black Autograph,Johnny Bench [Orange Refractor] #CBA-JB,$161.50,,,,,,,,,,,$89.00,$178.00,,,,,,2,,,,,2025-04-30
9125914,Baseball Cards 2025 Topps Chrome Black Autograph,Johnny Bench [Red Refractor] #CBA-JB,$74.50,,$69.96,$119.06,$223.06,$317.50,$413.00,$191.00,$191.00,,,$32.80,$81.99,,,$30.80,$76.99,,6,,,,,2025-04-30
9125871,Baseball Cards 2025 Topps Chrome Black Autograph,Johnny Bench [Refractor] #CBA-JB,,,,,,,,,,,,,,,,,,,0,,,,,2025-04-30
9125905,Baseball Cards 2025 Topps Chrome Black Autograph,Johnny Bench [Rose Gold Wave Refractor] #CBA-JB,$179.99,,,$130.00,$143.00,,,,,,,$99.00,$198.00,,,,,,1,,,,,2025-04-30
9125921,Baseball Cards 2025 Topps Chrome Black Autograph,Johnny Bench [Superfractor] #CBA-JB,,,,,,,,,,,,,,,,,,,0,,,,,2025-04-30
9125908,Baseball Cards 2025 Topps Chrome Black Autograph,Johnny Bench [White Refractor] #CBA-JB,$177.50,,,,,,,,,,,$97.50,$195.00,,,,,,2,,,,,2025-04-30
9126349,Baseball Cards 2025 Topps Chrome Black Autograph,Johnny Damon #CBA-JDA,$15.00,,$18.07,$24.99,$60.84,$87.76,$114.00,$53.00,$53.00,,,$4.30,$16.99,,,$5.00,$19.99,,26,,,,,2025-04-30
9126368,Baseball Cards 2025 Topps Chrome Black Autograph,Johnny Damon [Blue Refractor] #CBA-JDA,$25.00,,$27.56,$51.10,$90.43,$129.51,$168.00,$78.00,$78.00,,,$8.40,$27.99,,,$9.00,$29.99,,20,,,,,2025-04-30
9126387,Baseball Cards 2025 Topps Chrome Black Autograph,Johnny Damon [Gold Mini Diamond Refractor] #CBA-JDA,$40.15,,,,,,,,,,,$17.60,$43.99,,,,,,2,,,,,2025-04-30
9126382,Baseball Cards 2025 Topps Chrome Black Autograph,Johnny Damon [Gold Refractor] #CBA-JDA,$35.00,,$35.55,$61.34,$115.64,$165.71,$215.00,$99.00,$99.00,,,$15.60,$38.99,,,$15.60,$38.99,,10,,,,,2025-04-30
9126376,Baseball Cards 2025 Topps Chrome Black Autograph,Johnny Damon [Green Refractor] #CBA-JDA,$30.91,,$32.23,$55.68,$105.02,$150.18,$195.00,$90.00,$90.00,,,$10.20,$33.99,,,$10.50,$34.99,,6,,,,,2025-04-30
9126395,Baseball Cards 2025 Topps Chrome Black Autograph,Johnny Damon [Orange Refractor] #CBA-JDA,$20.50,,,,,,,,,,,$6.90,$22.99,,,,,,4,,,,,2025-04-30
9126415,Baseball Cards 2025 Topps Chrome Black Autograph,Johnny Damon [Red Refractor] #CBA-JDA,$250.00,,,,,,,,,,,$137.50,$275.00,,,,,,1,,,,,2025-04-30
9126356,Baseball Cards 2025 Topps Chrome Black Autograph,Johnny Damon [Refractor] #CBA-JDA,$20.44,,$22.75,$39.76,$75.37,$108.17,$141.00,$65.00,$65.00,,,$6.60,$21.99,,,$7.50,$24.99,,13,,,,,2025-04-30
9126400,Baseball Cards 2025 Topps Chrome Black Autograph,Johnny Damon [Rose Gold Wave Refractor] #CBA-JDA,$30.00,,,,,,,,,,,$9.90,$32.99,,,,,,1,,,,,2025-04-30
9126420,Baseball Cards 2025 Topps Chrome Black Autograph,Johnny Damon [Superfractor] #CBA-JDA,,,,,,,,,,,,,,,,,,,0,,,,,2025-04-30
9126408,Baseball Cards 2025 Topps Chrome Black Autograph,Johnny Damon [White Refractor] #CBA-JDA,,,,,,,,,,,,,,,,,,,0,,,,,2025-04-30
9125994,Baseball Cards 2025 Topps Chrome Black Autograph,Jordan Beck #CBA-JBE,$6.60,,$10.76,$19.66,$37.99,$55.47,$72.00,$33.00,$33.00,,,$1.50,$7.29,,,$3.00,$11.99,,30,,,,,2025-04-30
9126010,Baseball Cards 2025 Topps Chrome Black Autograph,Jordan Beck [Blue Refractor] #CBA-JBE,$19.80,,$22.26,$38.97,$73.94,$106.33,$138.00,$64.00,$64.00,,,$6.60,$21.99,,,$7.20,$23.99,,19,,,,,2025-04-30
9126036,Baseball Cards 2025 Topps Chrome Black Autograph,Jordan Beck [Gold Mini Diamond Refractor] #CBA-JBE,$33.67,,,,,,,,,,,$14.80,$36.99,,,,,,2,,,,,2025-04-30
9126027,Baseball Cards 2025 Topps Chrome Black Autograph,Jordan Beck [Gold Refractor] #CBA-JBE,$37.49,,$37.67,$64.81,$122.01,$174.21,$226.00,$105.00,$105.00,,,$16.40,$40.99,,,$16.40,$40.99,,9,,,,,2025-04-30
9126018,Baseball Cards 2025 Topps Chrome Black Autograph,Jordan Beck [Green Refractor] #CBA-JBE,$13.04,,$19.80,$34.83,$66.21,$95.31,$124.00,$57.00,$57.00,,,$3.50,$13.99,,,$6.60,$21.99,,13,,,,,2025-04-30
9126041,Baseball Cards 2025 Topps Chrome Black Autograph,Jordan Beck [Orange Refractor] #CBA-JBE,$33.00,,,,,,,,,,,$14.40,$35.99,,,,,,4,,,,,2025-04-30
9126059,Baseball Cards 2025 Topps Chrome Black Autograph,Jordan Beck [Red Refractor] #CBA-JBE,$250.00,,,,,,,,,,,$137.50,$275.00,,,,,,1,,,,,2025-04-30
9126004,Baseball Cards 2025 Topps Chrome Black Autograph,Jordan Beck [Refractor] #CBA-JBE,$8.25,,$15.57,$27.76,$53.08,$76.88,$100.00,$46.00,$46.00,,,$1.80,$9.09,,,$4.30,$16.99,,27,,,,,2025-04-30
9126046,Baseball Cards 2025 Topps Chrome Black Autograph,Jordan Beck [Rose Gold Wave Refractor] #CBA-JBE,$10.50,,,,,,,,,,,$3.00,$11.99,,,,,,2,,,,,2025-04-30
9126062,Baseball Cards 2025 Topps Chrome Black Autograph,Jordan Beck [Superfractor] #CBA-JBE,,,,,,,,,,,,,,,,,,,0,,,,,2025-04-30
9126050,Baseball Cards 2025 Topps Chrome Black Autograph,Jordan Beck [White Refractor] #CBA-JBE,$75.00,,,,,,,,,,,$33.20,$82.99,,,,,,1,,,,,2025-04-30
9126224,Baseball Cards 2025 Topps Chrome Black Autograph,Jordan Lawlar #CBA-JLA,$12.50,,$15.90,$28.29,$54.06,$78.20,$102.00,$47.00,$47.00,,,$3.50,$13.99,,,$4.30,$16.99,,31,,,,,2025-04-30
9126236,Baseball Cards 2025 Topps Chrome Black Autograph,Jordan Lawlar [Blue Refractor] #CBA-JLA,$17.99,,$20.67,$42.88,$68.92,$99.13,$129.00,$59.00,$59.00,,,$5.00,$19.99,,,$6.90,$22.99,,18,,,,,2025-04-30
9126263,Baseball Cards 2025 Topps Chrome Black Autograph,Jordan Lawlar [Gold Mini Diamond Refractor] #CBA-JLA,$11.50,,,,,,,,,,,$3.30,$12.99,,,,,,3,,,,,2025-04-30
9126256,Baseball Cards 2025 Topps Chrome Black Autograph,Jordan Lawlar [Gold Refractor] #CBA-JLA,$18.50,,$21.44,$37.57,$71.30,$102.43,$133.00,$61.00,$61.00,,,$5.00,$19.99,,,$7.20,$23.99,,12,,,,,2025-04-30
9126248,Baseball Cards 2025 Topps Chrome Black Autograph,Jordan Lawlar [Green Refractor] #CBA-JLA,$12.75,,$16.11,$28.64,$54.70,$79.07,$103.00,$47.00,$47.00,,,$3.50,$13.99,,,$4.50,$17.99,,10,,,,,2025-04-30
9126269,Baseball Cards 2025 Topps Chrome Black Autograph,Jordan Lawlar [Orange Refractor] #CBA-JLA,,,,,,,,,,,,,,,,,,,0,,,,,2025-04-30
9126286,Baseball Cards 2025 Topps Chrome Black Autograph,Jordan Lawlar [Red Refractor] #CBA-JLA,,,,,,,,,,,,,,,,,,,0,,,,,2025-04-30
9126231,Baseball Cards 2025 Topps Chrome Black Autograph,Jordan Lawlar [Refractor] #CBA-JLA,$15.07,,$18.13,$32.03,$60.99,$87.93,$114.00,$53.00,$53.00,,,$4.30,$16.99,,,$5.00,$19.99,,7,,,,,2025-04-30
9126273,Baseball Cards 2025 Topps Chrome Black Autograph,Jordan Lawlar [Rose Gold Wave Refractor] #CBA-JLA,,,,,,,,,,,,,,,,,,,0,,,,,2025-04-30
9126297,Baseball Cards 2025 Topps Chrome Black Autograph,Jordan Lawlar [Superfractor] #CBA-JLA,$350.00,,,,,,,,,,,$192.50,$385.00,,,,,,1,,,,,2025-04-30
9126281,Baseball Cards 2025 Topps Chrome Black Autograph,Jordan Lawlar [White Refractor] #CBA-JLA,,,,,,,,,,,,,,,,,,,0,,,,,2025-04-30
9126621,Baseball Cards 2025 Topps Chrome Black Autograph,Jose Ramirez #CBA-JRA,$66.79,,$62.18,$105.95,$198.60,$282.63,$367.00,$170.00,$170.00,,,$29.20,$72.99,,,$27.20,$67.99,,18,,,,,2025-04-30
9126630,Baseball Cards 2025 Topps Chrome Black Autograph,Jose Ramirez [Blue Refractor] #CBA-JRA,,,,,,,,,,,,,,,,,,,0,,,,,2025-04-30
9126645,Baseball Cards 2025 Topps Chrome Black Autograph,Jose Ramirez [Gold Mini Diamond Refractor] #CBA-JRA,$79.83,,,,,,,,,,,$35.20,$87.99,,,,,,3,,,,,2025-04-30
9126638,Baseball Cards 2025 Topps Chrome Black Autograph,Jose Ramirez [Gold Refractor] #CBA-JRA,$100.00,,$92.13,$156.17,$292.04,$414.51,$539.00,$249.00,$249.00,,,$55.00,$110.00,,,$50.50,$101.00,,10,,,,,2025-04-30
9126635,Baseball Cards 2025 Topps Chrome Black Autograph,Jose Ramirez [Green Refractor] #CBA-JRA,$80.00,,$70.00,$127.01,$237.80,$338.05,$439.00,$203.00,$203.00,,,$35.20,$87.99,,,$30.80,$76.99,,15,,,,,2025-04-30
9126650,Baseball Cards 2025 Topps Chrome Black Autograph,Jose Ramirez [Orange Refractor] #CBA-JRA,$183.56,,,,,,,,,,,$101.00,$202.00,,,,,,3,,,,,2025-04-30
9125966,Baseball Cards 2025 Topps Chrome Black Autograph,Jose Ramirez [Red Refractor] #CBA-JRA,$328.29,,,,,,,,,,,$180.50,$361.00,,,,,,2,,,,,2025-04-30
9126626,Baseball Cards 2025 Topps Chrome Black Autograph,Jose Ramirez [Refractor] #CBA-JRA,,,,,,,,,,,,,,,,,,,0,,,,,2025-04-30
9125949,Baseball Cards 2025 Topps Chrome Black Autograph,Jose Ramirez [Rose Gold Wave Refractor] #CBA-JRA,$162.50,,,$125.00,$138.00,,,,,,,$89.50,$179.00,,,,,,3,,,,,2025-04-30
9125989,Baseball Cards 2025 Topps Chrome Black Autograph,Jose Ramirez [Superfractor] #CBA-JRA,,,,,,,,,,,,,,,,,,,0,,,,,2025-04-30
9125960,Baseball Cards 2025 Topps Chrome Black Autograph,Jose Ramirez [White Refractor] #CBA-JRA,$282.68,,,,,,,,,,,$155.50,$311.00,,,,,,2,,,,,2025-04-30
9126252,Baseball Cards 2025 Topps Chrome Black Autograph,Juan Soto #CBA-JS,$306.00,,,,,,,,,,,$168.50,$337.00,,,,,,3,,,,,2025-04-30
9126270,Baseball Cards 2025 Topps Chrome Black Autograph,Juan Soto [Blue Refractor] #CBA-JS,,,,,,,,,,,,,,,,,,,0,,,,,2025-04-30
9126304,Baseball Cards 2025 Topps Chrome Black Autograph,Juan Soto [Gold Mini Diamond Refractor] #CBA-JS,,,,,,,,,,,,,,,,,,,0,,,,,2025-04-30
9126296,Baseball Cards 2025 Topps Chrome Black Autograph,Juan Soto [Gold Refractor] #CBA-JS,$341.70,,$301.90,$508.40,$947.90,$1343.33,$1746.00,$806.00,$806.00,,,$188.00,$376.00,,,$166.00,$332.00,,7,,,,,2025-04-30
9126277,Baseball Cards 2025 Topps Chrome Black Autograph,Juan Soto [Green Refractor] #CBA-JS,,,,,,,,,,,,,,,,,,,0,,,,,2025-04-30
9126314,Baseball Cards 2025 Topps Chrome Black Autograph,Juan Soto [Orange Refractor] #CBA-JS,$174.25,,,,,,,,,,,$96.00,$192.00,,,,,,4,,,,,2025-04-30
9126337,Baseball Cards 2025 Topps Chrome Black Autograph,Juan Soto [Red Refractor] #CBA-JS,$752.50,,,,,,,,,,,$496.80,$828.00,,,,,,1,,,,,2025-04-30
9126259,Baseball Cards 2025 Topps Chrome Black Autograph,Juan Soto [Refractor] #CBA-JS,,,,,,,,,,,,,,,,,,,0,,,,,2025-04-30
9126320,Baseball Cards 2025 Topps Chrome Black Autograph,Juan Soto [Rose Gold Wave Refractor] #CBA-JS,,,,,,,,,,,,,,,,,,,0,,,,,2025-04-30
9126345,Baseball Cards 2025 Topps Chrome Black Autograph,Juan Soto [Superfractor] #CBA-JS,,,,,,$3000.00,$3900.00,$1800.00,$1800.00,,,,,,,,,,1,,,,,2025-04-30
9126330,Baseball Cards 2025 Topps Chrome Black Autograph,Juan Soto [White Refractor] #CBA-JS,$475.00,,,,,,,,,,,$313.80,$523.00,,,,,,3,,,,,2025-04-30
9126091,Baseball Cards 2025 Topps Chrome Black Autograph,Jung Hoo Lee #CBA-JL,,,,,,,,,,,,,,,,,,,0,,,,,2025-04-30
9126120,Baseball Cards 2025 Topps Chrome Black Autograph,Jung Hoo Lee [Blue Refractor] #CBA-JL,,,,,,,,,,,,,,,,,,,0,,,,,2025-04-30
9126156,Baseball Cards 2025 Topps Chrome Black Autograph,Jung Hoo Lee [Gold Mini Diamond Refractor] #CBA-JL,$76.52,,,,,,,,,,,$33.60,$83.99,,,,,,6,,,,,2025-04-30
9126134,Baseball Cards 2025 Topps Chrome Black Autograph,Jung Hoo Lee [Gold Refractor] #CBA-JL,$64.99,,$61.65,$105.08,$197.00,$280.43,$365.00,$168.00,$168.00,,,$28.40,$70.99,,,$27.20,$67.99,,15,,,,,2025-04-30
9126126,Baseball Cards 2025 Topps Chrome Black Autograph,Jung Hoo Lee [Green Refractor] #CBA-JL,,,,,,,,,,,,,,,,,,,0,,,,,2025-04-30
9126163,Baseball Cards 2025 Topps Chrome Black Autograph,Jung Hoo Lee [Orange Refractor] #CBA-JL,$200.00,,,,,,,,,,,$110.00,$220.00,,,,,,1,,,,,2025-04-30
9126211,Baseball Cards 2025 Topps Chrome Black Autograph,Jung Hoo Lee [Red Refractor] #CBA-JL,$309.00,,,,,,,,,,,$170.00,$340.00,,,,,,1,,,,,2025-04-30
9126112,Baseball Cards 2025 Topps Chrome Black Autograph,Jung Hoo Lee [Refractor] #CBA-JL,,,,,,,,,,,,,,,,,,,0,,,,,2025-04-30
9126198,Baseball Cards 2025 Topps Chrome Black Autograph,Jung Hoo Lee [Rose Gold Wave Refractor] #CBA-JL,$425.00,,,,,,,,,,,$234.00,$468.00,,,,,,1,,,,,2025-04-30
9126218,Baseball Cards 2025 Topps Chrome Black Autograph,Jung Hoo Lee [Superfractor] #CBA-JL,,,,,,,,,,,,,,,,,,,0,,,,,2025-04-30
9126203,Baseball Cards 2025 Topps Chrome Black Autograph,Jung Hoo Lee [White Refractor] #CBA-JL,,,,,,,,,,,,,,,,,,,0,,,,,2025-04-30
9126365,Baseball Cards 2025 Topps Chrome Black Autograph,Justyn-Henry Malloy #CBA-JMA,$4.50,,$9.06,$10.00,$32.69,$47.95,$62.00,$29.00,$29.00,,,$1.00,$4.99,,,$2.00,$9.99,,33,,,,,2025-04-30
9126377,Baseball Cards 2025 Topps Chrome Black Autograph,Justyn-Henry Malloy [Blue Refractor] #CBA-JMA,$5.00,,$9.36,$12.22,$33.61,$49.24,$64.00,$30.00,$30.00,,,$1.10,$5.49,,,$2.00,$9.99,,10,,,,,2025-04-30
9126403,Baseball Cards 2025 Topps Chrome Black Autograph,Justyn-Henry Malloy [Gold Mini Diamond Refractor] #CBA-JMA,$30.79,,,,,,,,,,,$10.20,$33.99,,,,,,5,,,,,2025-04-30
9126389,Baseball Cards 2025 Topps Chrome Black Autograph,Justyn-Henry Malloy [Gold Refractor] #CBA-JMA,$28.57,,,,,,,,,,,$9.30,$30.99,,,,,,5,,,,,2025-04-30
9126381,Baseball Cards 2025 Topps Chrome Black Autograph,Justyn-Henry Malloy [Green Refractor] #CBA-JMA,$14.99,,,,,,,,,,,$4.00,$15.99,,,,,,4,,,,,2025-04-30
9126442,Baseball Cards 2025 Topps Chrome Black Autograph,Justyn-Henry Malloy [Orange Refractor] #CBA-JMA,$32.12,,,,,,,,,,,$10.50,$34.99,,,,,,4,,,,,2025-04-30
9126456,Baseball Cards 2025 Topps Chrome Black Autograph,Justyn-Henry Malloy [Red Refractor] #CBA-JMA,$75.00,,,,,,,,,,,$33.20,$82.99,,,,,,3,,,,,2025-04-30
9126371,Baseball Cards 2025 Topps Chrome Black Autograph,Justyn-Henry Malloy [Refractor] #CBA-JMA,$11.00,,$5.50,$25.38,$48.63,$70.56,$92.00,$42.00,$42.00,,,$3.00,$11.99,,,$1.20,$6.09,,18,,,,,2025-04-30
9126446,Baseball Cards 2025 Topps Chrome Black Autograph,Justyn-Henry Malloy [Rose Gold Wave Refractor] #CBA-JMA,$45.00,,,,,,,,,,,$20.00,$49.99,,,,,,1,,,,,2025-04-30
9126459,Baseball Cards 2025 Topps Chrome Black Autograph,Justyn-Henry Malloy [Superfractor] #CBA-JMA,,,,,,,,,,,,,,,,,,,0,,,,,2025-04-30
9126450,Baseball Cards 2025 Topps Chrome Black Autograph,Justyn-Henry Malloy [White Refractor] #CBA-JMA,$65.00,,,,,,,,,,,$28.80,$71.99,,,,,,2,,,,,2025-04-30
9126609,Baseball Cards 2025 Topps Chrome Black Autograph,Kumar Rocker #CBA-KR,$11.50,,$15.03,$26.82,$51.30,$74.19,$96.00,$45.00,$45.00,,,$3.30,$12.99,,,$4.30,$16.99,,26,,,,,2025-04-30
9126620,Baseball Cards 2025 Topps Chrome Black Autograph,Kumar Rocker [Blue Refractor] #CBA-KR,$20.00,,$22.44,$39.27,$74.50,$107.13,$139.00,$64.00,$64.00,,,$6.60,$21.99,,,$7.50,$24.99,,14,,,,,2025-04-30
9126642,Baseball Cards 2025 Topps Chrome Black Autograph,Kumar Rocker [Gold Mini Diamond Refractor] #CBA-KR,$44.09,,,,,,,,,,,$19.60,$48.99,,,,,,3,,,,,2025-04-30
9126634,Baseball Cards 2025 Topps Chrome Black Autograph,Kumar Rocker [Gold Refractor] #CBA-KR,$36.00,,$36.36,$62.60,$117.89,$168.30,$219.00,$101.00,$101.00,,,$16.00,$39.99,,,$16.00,$39.99,,11,,,,,2025-04-30
9126627,Baseball Cards 2025 Topps Chrome Black Autograph,Kumar Rocker [Green Refractor] #CBA-KR,$19.70,,$22.16,$38.78,$73.56,$105.66,$137.00,$63.00,$63.00,,,$6.60,$21.99,,,$7.20,$23.99,,8,,,,,2025-04-30
9126646,Baseball Cards 2025 Topps Chrome Black Autograph,Kumar Rocker [Orange Refractor] #CBA-KR,$65.00,,,,,,,,,,,$28.80,$71.99,,,,,,4,,,,,2025-04-30
9126662,Baseball Cards 2025 Topps Chrome Black Autograph,Kumar Rocker [Red Refractor] #CBA-KR,,,,,,,,,,,,,,,,,,,0,,,,,2025-04-30
9126613,Baseball Cards 2025 Topps Chrome Black Autograph,Kumar Rocker [Refractor] #CBA-KR,$14.99,,$18.08,$31.94,$60.85,$87.80,$114.00,$53.00,$53.00,,,$4.00,$15.99,,,$5.00,$19.99,,16,,,,,2025-04-30
9126651,Baseball Cards 2025 Topps Chrome Black Autograph,Kumar Rocker [Rose Gold Wave Refractor] #CBA-KR,$55.00,,,,,,,,,,,$24.40,$60.99,,,,,,1,,,,,2025-04-30
9126665,Baseball Cards 2025 Topps Chrome Black Autograph,Kumar Rocker [Superfractor] #CBA-KR,,,,$400.00,$440.00,,,,,,,,,,,,,,1,,,,,2025-04-30
9126657,Baseball Cards 2025 Topps Chrome Black Autograph,Kumar Rocker [White Refractor] #CBA-KR,$12.50,,,,,,,,,,,$3.50,$13.99,,,,,,1,,,,,2025-04-30
9126540,Baseball Cards 2025 Topps Chrome Black Autograph,Kyle Manzardo #CBA-KM,$11.37,,$14.91,$26.64,$50.99,$73.86,$96.00,$44.00,$44.00,,,$3.30,$12.99,,,$4.00,$15.99,,27,,,,,2025-04-30
9126556,Baseball Cards 2025 Topps Chrome Black Autograph,Kyle Manzardo [Blue Refractor] #CBA-KM,$15.99,,$18.93,$33.36,$63.47,$91.42,$119.00,$55.00,$55.00,,,$4.50,$17.99,,,$6.30,$20.99,,10,,,,,2025-04-30
9126574,Baseball Cards 2025 Topps Chrome Black Autograph,Kyle Manzardo [Gold Mini Diamond Refractor] #CBA-KM,$21.71,,$23.73,$41.41,$78.44,$112.52,$146.00,$68.00,$68.00,,,$7.20,$23.99,,,$7.80,$25.99,,13,,,,,2025-04-30
9126568,Baseball Cards 2025 Topps Chrome Black Autograph,Kyle Manzardo [Gold Refractor] #CBA-KM,$30.12,,$30.85,$53.35,$100.67,$143.97,$187.00,$86.00,$86.00,,,$9.90,$32.99,,,$10.20,$33.99,,7,,,,,2025-04-30
9126562,Baseball Cards 2025 Topps Chrome Black Autograph,Kyle Manzardo [Green Refractor] #CBA-KM,$16.57,,$19.43,$34.21,$65.04,$93.62,$122.00,$56.00,$56.00,,,$4.50,$17.99,,,$6.30,$20.99,,5,,,,,2025-04-30
9126580,Baseball Cards 2025 Topps Chrome Black Autograph,Kyle Manzardo [Orange Refractor] #CBA-KM,$44.99,,$44.22,$49.00,$142.51,$203.32,$264.00,$122.00,$122.00,,,$19.60,$48.99,,,$19.60,$48.99,,10,,,,,2025-04-30
9126600,Baseball Cards 2025 Topps Chrome Black Autograph,Kyle Manzardo [Red Refractor] #CBA-KM,$100.00,,,,,,,,,,,$55.00,$110.00,,,,,,1,,,,,2025-04-30
9126545,Baseball Cards 2025 Topps Chrome Black Autograph,Kyle Manzardo [Refractor] #CBA-KM,$14.03,,$17.31,$30.66,$58.45,$84.40,$110.00,$51.00,$51.00,,,$3.80,$14.99,,,$4.80,$18.99,,16,,,,,2025-04-30
9126585,Baseball Cards 2025 Topps Chrome Black Autograph,Kyle Manzardo [Rose Gold Wave Refractor] #CBA-KM,$62.50,,,,,,,,,,,$27.60,$68.99,,,,,,5,,,,,2025-04-30
9126605,Baseball Cards 2025 Topps Chrome Black Autograph,Kyle Manzardo [Superfractor] #CBA-KM,,,,,,,,,,,,,,,,,,,0,,,,,2025-04-30
9126594,Baseball Cards 2025 Topps Chrome Black Autograph,Kyle Manzardo [White Refractor] #CBA-KM,$200.00,,,,,,,,,,,$110.00,$220.00,,,,,,1,,,,,2025-04-30
9126671,Baseball Cards 2025 Topps Chrome Black Autograph,Kyle Tucker #CBA-KT,$29.87,,,,,,,,,,,$9.90,$32.99,,,,,,4,,,,,2025-04-30
9126679,Baseball Cards 2025 Topps Chrome Black Autograph,Kyle Tucker [Blue Refractor] #CBA-KT,,,,,,,,,,,,,,,,,,,0,,,,,2025-04-30
9126697,Baseball Cards 2025 Topps Chrome Black Autograph,Kyle Tucker [Gold Mini Diamond Refractor] #CBA-KT,$50.00,,$48.57,$83.10,$156.06,$222.36,$289.00,$133.00,$133.00,,,$22.00,$54.99,,,$21.20,$52.99,,7,,,,,2025-04-30
9126688,Baseball Cards 2025 Topps Chrome Black Autograph,Kyle Tucker [Gold Refractor] #CBA-KT,$43.00,,$26.00,$72.82,$123.00,$125.00,$163.00,$75.00,$75.00,,,$18.80,$46.99,,,$8.70,$28.99,,8,,,,,2025-04-30
9126683,Baseball Cards 2025 Topps Chrome Black Autograph,Kyle Tucker [Green Refractor] #CBA-KT,$31.00,,$32.03,$55.37,$104.46,$149.54,$194.00,$90.00,$90.00,,,$10.20,$33.99,,,$10.50,$34.99,,15,,,,,2025-04-30
9126703,Baseball Cards 2025 Topps Chrome Black Autograph,Kyle Tucker [Orange Refractor] #CBA-KT,$50.00,,$48.55,$83.04,$155.91,$180.00,$234.00,$108.00,$108.00,,,$22.00,$54.99,,,$21.20,$52.99,,8,,,,,2025-04-30
9126717,Baseball Cards 2025 Topps Chrome Black Autograph,Kyle Tucker [Red Refractor] #CBA-KT,$215.00,,,,,,,,,,,$118.50,$237.00,,,,,,1,,,,,2025-04-30
9126674,Baseball Cards 2025 Topps Chrome Black Autograph,Kyle Tucker [Refractor] #CBA-KT,,,,,,,,,,,,,,,,,,,0,,,,,2025-04-30
9126710,Baseball Cards 2025 Topps Chrome Black Autograph,Kyle Tucker [Rose Gold Wave Refractor] #CBA-KT,$66.00,,,,,,,,,,,$29.20,$72.99,,,,,,1,,,,,2025-04-30
9126722,Baseball Cards 2025 Topps Chrome Black Autograph,Kyle Tucker [Superfractor] #CBA-KT,,,,,,,,,,,,,,,,,,,0,,,,,2025-04-30
9126713,Baseball Cards 2025 Topps Chrome Black Autograph,Kyle Tucker [White Refractor] #CBA-KT,,,,,,,,,,,,,,,,,,,0,,,,,2025-04-30
9126016,Baseball Cards 2025 Topps Chrome Black Autograph,Leo Jimenez #CBA-LJI,$4.25,,$7.72,$14.56,$28.49,$42.01,$55.00,$25.00,$25.00,,,$0.90,$4.69,,,$1.70,$8.49,,30,,,,,2025-04-30
9126042,Baseball Cards 2025 Topps Chrome Black Autograph,Leo Jimenez [Blue Refractor] #CBA-LJI,$5.24,,$1.99,$17.66,$34.25,$50.14,$65.00,$30.00,$30.00,,,$1.20,$5.79,,,,$2.19,,9,,,,,2025-04-30
9126061,Baseball Cards 2025 Topps Chrome Black Autograph,Leo Jimenez [Gold Mini Diamond Refractor] #CBA-LJI,$75.95,,,,,,,,,,,$33.60,$83.99,,,,,,1,,,,,2025-04-30
9126054,Baseball Cards 2025 Topps Chrome Black Autograph,Leo Jimenez [Gold Refractor] #CBA-LJI,$10.00,,$13.71,$24.61,$47.18,$68.38,$89.00,$41.00,$41.00,,,$2.80,$10.99,,,$3.80,$14.99,,6,,,,,2025-04-30
9126047,Baseball Cards 2025 Topps Chrome Black Autograph,Leo Jimenez [Green Refractor] #CBA-LJI,$16.24,,,,,,,,,,,$4.50,$17.99,,,,,,3,,,,,2025-04-30
9126064,Baseball Cards 2025 Topps Chrome Black Autograph,Leo Jimenez [Orange Refractor] #CBA-LJI,$15.75,,,,,,,,,,,$4.30,$16.99,,,,,,2,,,,,2025-04-30
9126165,Baseball Cards 2025 Topps Chrome Black Autograph,Leo Jimenez [Red Refractor] #CBA-LJI,,,,,,,,,,,,,,,,,,,0,,,,,2025-04-30
9126021,Baseball Cards 2025 Topps Chrome Black Autograph,Leo Jimenez [Refractor] #CBA-LJI,$2.26,,$6.97,$13.31,$26.16,$38.72,$50.00,$23.00,$23.00,,,,$2.49,,,$1.50,$7.69,,10,,,,,2025-04-30
9126086,Baseball Cards 2025 Topps Chrome Black Autograph,Leo Jimenez [Rose Gold Wave Refractor] #CBA-LJI,,,,,,,,,,,,,,,,,,,0,,,,,2025-04-30
9126209,Baseball Cards 2025 Topps Chrome Black Autograph,Leo Jimenez [Superfractor] #CBA-LJI,,,,,,,,,,,,,,,,,,,0,,,,,2025-04-30
9126127,Baseball Cards 2025 Topps Chrome Black Autograph,Leo Jimenez [White Refractor] #CBA-LJI,,,,,,,,,,,,,,,,,,,0,,,,,2025-04-30
9126729,Baseball Cards 2025 Topps Chrome Black Autograph,Luisangel Acuna #CBA-LAC,$49.99,,$48.54,$83.02,$155.87,$221.89,$288.00,$133.00,$133.00,,,$22.00,$54.99,,,$21.20,$52.99,,15,,,,,2025-04-30
9126737,Baseball Cards 2025 Topps Chrome Black Autograph,Luisangel Acuna [Blue Refractor] #CBA-LAC,$24.05,,$24.95,$43.46,$82.28,$118.04,$153.00,$71.00,$71.00,,,$7.80,$25.99,,,$8.10,$26.99,,13,,,,,2025-04-30
9126748,Baseball Cards 2025 Topps Chrome Black Autograph,Luisangel Acuna [Gold Mini Diamond Refractor] #CBA-LAC,$69.00,,,,,,,,,,,$30.40,$75.99,,,,,,3,,,,,2025-04-30
9126745,Baseball Cards 2025 Topps Chrome Black Autograph,Luisangel Acuna [Gold Refractor] #CBA-LAC,$68.74,,$64.91,$110.54,$207.16,$294.74,$383.00,$177.00,$177.00,,,$30.40,$75.99,,,$28.40,$70.99,,12,,,,,2025-04-30
9126741,Baseball Cards 2025 Topps Chrome Black Autograph,Luisangel Acuna [Green Refractor] #CBA-LAC,$34.75,,$35.27,$60.76,$114.45,$163.39,$212.00,$98.00,$98.00,,,$15.20,$37.99,,,$15.60,$38.99,,12,,,,,2025-04-30
9126750,Baseball Cards 2025 Topps Chrome Black Autograph,Luisangel Acuna [Orange Refractor] #CBA-LAC,$104.25,,,,,,,,,,,$57.50,$115.00,,,,,,4,,,,,2025-04-30
9126000,Baseball Cards 2025 Topps Chrome Black Autograph,Luisangel Acuna [Red Refractor] #CBA-LAC,$108.58,,,,,,,,,,,$59.50,$119.00,,,,,,1,,,,,2025-04-30
9126732,Baseball Cards 2025 Topps Chrome Black Autograph,Luisangel Acuna [Refractor] #CBA-LAC,$23.99,,$25.91,$29.00,$85.32,$122.39,$159.00,$73.00,$73.00,,,$7.80,$25.99,,,$8.70,$28.99,,21,,,,,2025-04-30
9126753,Baseball Cards 2025 Topps Chrome Black Autograph,Luisangel Acuna [Rose Gold Wave Refractor] #CBA-LAC,$147.50,,,,,,,,,,,$81.00,$162.00,,,,,,5,,,,,2025-04-30
9126008,Baseball Cards 2025 Topps Chrome Black Autograph,Luisangel Acuna [Superfractor] #CBA-LAC,,,,,,,,,,,,,,,,,,,0,,,,,2025-04-30
9125996,Baseball Cards 2025 Topps Chrome Black Autograph,Luisangel Acuna [White Refractor] #CBA-LAC,,,,,,,,,,,,,,,,,,,0,,,,,2025-04-30
9126476,Baseball Cards 2025 Topps Chrome Black Autograph,Michael Young #CBA-MY,$17.50,,$20.25,$35.59,$67.63,$97.36,$127.00,$58.00,$58.00,,,$4.80,$18.99,,,$6.60,$21.99,,11,,,,,2025-04-30
9126501,Baseball Cards 2025 Topps Chrome Black Autograph,Michael Young [Blue Refractor] #CBA-MY,,,,,,,,,,,,,,,,,,,0,,,,,2025-04-30
9126521,Baseball Cards 2025 Topps Chrome Black Autograph,Michael Young [Gold Mini Diamond Refractor] #CBA-MY,,,,,,,,,,,,,,,,,,,0,,,,,2025-04-30
9126514,Baseball Cards 2025 Topps Chrome Black Autograph,Michael Young [Gold Refractor] #CBA-MY,$41.47,,$42.48,$72.85,$136.94,$195.12,$254.00,$117.00,$117.00,,,$18.40,$45.99,,,$18.80,$46.99,,16,,,,,2025-04-30
9126509,Baseball Cards 2025 Topps Chrome Black Autograph,Michael Young [Green Refractor] #CBA-MY,$24.49,,$26.33,$45.76,$86.54,$123.96,$161.00,$74.00,$74.00,,,$8.10,$26.99,,,$8.70,$28.99,,17,,,,,2025-04-30
9126549,Baseball Cards 2025 Topps Chrome Black Autograph,Michael Young [Orange Refractor] #CBA-MY,$27.08,,,,,,,,,,,$9.00,$29.99,,,,,,5,,,,,2025-04-30
9126625,Baseball Cards 2025 Topps Chrome Black Autograph,Michael Young [Red Refractor] #CBA-MY,$82.18,,,,,,,,,,,$36.00,$89.99,,,,,,3,,,,,2025-04-30
9126480,Baseball Cards 2025 Topps Chrome Black Autograph,Michael Young [Refractor] #CBA-MY,,,,,,,,,,,,,,,,,,,0,,,,,2025-04-30
9126553,Baseball Cards 2025 Topps Chrome Black Autograph,Michael Young [Rose Gold Wave Refractor] #CBA-MY,,,,,,,,,,,,,,,,,,,0,,,,,2025-04-30
9126660,Baseball Cards 2025 Topps Chrome Black Autograph,Michael Young [Superfractor] #CBA-MY,,,,,,,,,,,,,,,,,,,0,,,,,2025-04-30
9126589,Baseball Cards 2025 Topps Chrome Black Autograph,Michael Young [White Refractor] #CBA-MY,,,,,,,,,,,,,,,,,,,0,,,,,2025-04-30
9126255,Baseball Cards 2025 Topps Chrome Black Autograph,Mike Schmidt #CBA-MS,$67.45,,$63.26,$107.75,$201.96,$287.30,$373.00,$172.00,$172.00,,,$29.60,$73.99,,,$28.00,$69.99,,9,,,,,2025-04-30
9126305,Baseball Cards 2025 Topps Chrome Black Autograph,Mike Schmidt [Blue Refractor] #CBA-MS,,,,,,,,,,,,,,,,,,,0,,,,,2025-04-30
9126328,Baseball Cards 2025 Topps Chrome Black Autograph,Mike Schmidt [Gold Mini Diamond Refractor] #CBA-MS,$125.00,,,,,,,,,,,$69.00,$138.00,,,,,,1,,,,,2025-04-30
9126319,Baseball Cards 2025 Topps Chrome Black Autograph,Mike Schmidt [Gold Refractor] #CBA-MS,$102.17,,$94.17,$159.59,$298.39,$423.44,$550.00,$254.00,$254.00,,,$56.00,$112.00,,,$52.00,$104.00,,15,,,,,2025-04-30
9126313,Baseball Cards 2025 Topps Chrome Black Autograph,Mike Schmidt [Green Refractor] #CBA-MS,$74.75,,$70.06,$199.99,$223.23,$317.44,$413.00,$190.00,$190.00,,,$32.80,$81.99,,,$30.80,$76.99,,13,,,,,2025-04-30
9126336,Baseball Cards 2025 Topps Chrome Black Autograph,Mike Schmidt [Orange Refractor] #CBA-MS,$139.99,,$150.00,$314.99,$346.00,$399.99,$520.00,$240.00,$240.00,,,$77.00,$154.00,,,$82.50,$165.00,,10,,,,,2025-04-30
9126378,Baseball Cards 2025 Topps Chrome Black Autograph,Mike Schmidt [Red Refractor] #CBA-MS,,,,,,,,,,,,,,,,,,,0,,,,,2025-04-30
9126264,Baseball Cards 2025 Topps Chrome Black Autograph,Mike Schmidt [Refractor] #CBA-MS,$277.01,,,,,,,,,,,$152.50,$305.00,,,,,,2,,,,,2025-04-30
9126362,Baseball Cards 2025 Topps Chrome Black Autograph,Mike Schmidt [Rose Gold Wave Refractor] #CBA-MS,,,,,,,,,,,,,,,,,,,0,,,,,2025-04-30
9126386,Baseball Cards 2025 Topps Chrome Black Autograph,Mike Schmidt [Superfractor] #CBA-MS,,,,,,,,,,,,,,,,,,,0,,,,,2025-04-30
9126370,Baseball Cards 2025 Topps Chrome Black Autograph,Mike Schmidt [White Refractor] #CBA-MS,$185.00,,,,,,,,,,,$102.00,$204.00,,,,,,1,,,,,2025-04-30
9126396,Baseball Cards 2025 Topps Chrome Black Autograph,Mike Trout #CBA-MT,$260.00,,$218.45,$368.02,$686.27,$971.46,$1263.00,$583.00,$583.00,,,$143.00,$286.00,,,$120.00,$240.00,,13,,,,,2025-04-30
9126407,Baseball Cards 2025 Topps Chrome Black Autograph,Mike Trout [Blue Refractor] #CBA-MT,,,,,,,,,,,,,,,,,,,0,,,,,2025-04-30
9126422,Baseball Cards 2025 Topps Chrome Black Autograph,Mike Trout [Gold Mini Diamond Refractor] #CBA-MT,,,,,,,,,,,,,,,,,,,0,,,,,2025-04-30
9126418,Baseball Cards 2025 Topps Chrome Black Autograph,Mike Trout [Gold Refractor] #CBA-MT,$330.00,,,,,,,,,,,$181.50,$363.00,,,,,,5,,,,,2025-04-30
9126411,Baseball Cards 2025 Topps Chrome Black Autograph,Mike Trout [Green Refractor] #CBA-MT,,,,,,,,,,,,,,,,,,,0,,,,,2025-04-30
9126426,Baseball Cards 2025 Topps Chrome Black Autograph,Mike Trout [Orange Refractor] #CBA-MT,$325.00,,$294.62,$355.50,$923.72,$1306.36,$1698.00,$784.00,$784.00,,,$179.00,$358.00,,,$162.00,$324.00,,12,,,,,2025-04-30
9126438,Baseball Cards 2025 Topps Chrome Black Autograph,Mike Trout [Red Refractor] #CBA-MT,,,,,,,,,,,,,,,,,,,0,,,,,2025-04-30
9126401,Baseball Cards 2025 Topps Chrome Black Autograph,Mike Trout [Refractor] #CBA-MT,,,,,,,,,,,,,,,,,,,0,,,,,2025-04-30
9126428,Baseball Cards 2025 Topps Chrome Black Autograph,Mike Trout [Rose Gold Wave Refractor] #CBA-MT,$600.00,,,,,,,,,,,$396.00,$660.00,,,,,,4,,,,,2025-04-30
9126447,Baseball Cards 2025 Topps Chrome Black Autograph,Mike Trout [Superfractor] #CBA-MT,,,,,,,,,,,,,,,,,,,0,,,,,2025-04-30
9126434,Baseball Cards 2025 Topps Chrome Black Autograph,Mike Trout [White Refractor] #CBA-MT,,,,$799.99,$880.00,,,,,,,,,,,,,,1,,,,,2025-04-30
9126666,Baseball Cards 2025 Topps Chrome Black Autograph,Orelvis Martinez #CBA-OM,$4.64,,$8.16,$15.31,$29.88,$43.98,$57.00,$26.00,$26.00,,,$1.00,$5.09,,,$1.80,$8.99,,33,,,,,2025-04-30
9126689,Baseball Cards 2025 Topps Chrome Black Autograph,Orelvis Martinez [Blue Refractor] #CBA-OM,$4.29,,,,,,,,,,,$0.90,$4.69,,,,,,5,,,,,2025-04-30
9126706,Baseball Cards 2025 Topps Chrome Black Autograph,Orelvis Martinez [Gold Mini Diamond Refractor] #CBA-OM,$12.99,,,,,,,,,,,$3.50,$13.99,,,,,,1,,,,,2025-04-30
9126699,Baseball Cards 2025 Topps Chrome Black Autograph,Orelvis Martinez [Gold Refractor] #CBA-OM,$6.40,,,,,,,,,,,$1.40,$6.99,,,,,,5,,,,,2025-04-30
9126694,Baseball Cards 2025 Topps Chrome Black Autograph,Orelvis Martinez [Green Refractor] #CBA-OM,$6.25,,,,,,,,,,,$1.40,$6.89,,,,,,3,,,,,2025-04-30
9126721,Baseball Cards 2025 Topps Chrome Black Autograph,Orelvis Martinez [Orange Refractor] #CBA-OM,$14.50,,,,,,,,,,,$4.00,$15.99,,,,,,1,,,,,2025-04-30
9126734,Baseball Cards 2025 Topps Chrome Black Autograph,Orelvis Martinez [Red Refractor] #CBA-OM,,,,,,,,,,,,,,,,,,,0,,,,,2025-04-30
9126686,Baseball Cards 2025 Topps Chrome Black Autograph,Orelvis Martinez [Refractor] #CBA-OM,$9.99,,,,,,,,,,,$2.80,$10.99,,,,,,2,,,,,2025-04-30
9126725,Baseball Cards 2025 Topps Chrome Black Autograph,Orelvis Martinez [Rose Gold Wave Refractor] #CBA-OM,,,,,,,,,,,,,,,,,,,0,,,,,2025-04-30
9126738,Baseball Cards 2025 Topps Chrome Black Autograph,Orelvis Martinez [Superfractor] #CBA-OM,,,,,,,,,,,,,,,,,,,0,,,,,2025-04-30
9126730,Baseball Cards 2025 Topps Chrome Black Autograph,Orelvis Martinez [White Refractor] #CBA-OM,$4.01,,,,,,,,,,,$0.90,$4.39,,,,,,1,,,,,2025-04-30
9126742,Baseball Cards 2025 Topps Chrome Black Autograph,Paul Skenes #CBA-PS,$300.00,,$266.48,$448.80,$836.82,$1185.40,$1541.00,$711.00,$711.00,,,$165.00,$330.00,,,$146.50,$293.00,,7,,,,,2025-04-30
9126752,Baseball Cards 2025 Topps Chrome Black Autograph,Paul Skenes [Blue Refractor] #CBA-PS,$350.00,,$221.16,$347.50,$560.00,$671.11,$872.00,$403.00,$403.00,,,$192.50,$385.00,,,$121.50,$243.00,,32,,,,,2025-04-30
9126762,Baseball Cards 2025 Topps Chrome Black Autograph,Paul Skenes [Gold Mini Diamond Refractor] #CBA-PS,$499.90,,,$550.00,$605.00,,,,,,,$330.00,$550.00,,,,,,6,,,,,2025-04-30
9126758,Baseball Cards 2025 Topps Chrome Black Autograph,Paul Skenes [Gold Refractor] #CBA-PS,$475.00,,$418.73,$703.78,$1310.96,$1853.20,$2409.00,$1112.00,$1112.00,,,$313.80,$523.00,,,$230.50,$461.00,,9,,,,,2025-04-30
9126756,Baseball Cards 2025 Topps Chrome Black Autograph,Paul Skenes [Green Refractor] #CBA-PS,$500.00,,$440.70,$485.00,$1380.51,$1953.40,$2539.00,$1172.00,$1172.00,,,$330.00,$550.00,,,$242.50,$485.00,,13,,,,,2025-04-30
9126764,Baseball Cards 2025 Topps Chrome Black Autograph,Paul Skenes [Orange Refractor] #CBA-PS,$490.00,,$431.94,$733.00,$1142.00,$1165.00,$1515.00,$699.00,$699.00,,,$323.40,$539.00,,,$237.50,$475.00,,11,,,,,2025-04-30
9126779,Baseball Cards 2025 Topps Chrome Black Autograph,Paul Skenes [Red Refractor] #CBA-PS,,,,,,,,,,,,,,,,,,,0,,,,,2025-04-30
9126746,Baseball Cards 2025 Topps Chrome Black Autograph,Paul Skenes [Refractor] #CBA-PS,$319.00,,,,,,,,,,,$175.50,$351.00,,,,,,1,,,,,2025-04-30
9126774,Baseball Cards 2025 Topps Chrome Black Autograph,Paul Skenes [Rose Gold Wave Refractor] #CBA-PS,$1125.00,,,,,,,,,,,$742.80,$1238.00,,,,,,2,,,,,2025-04-30
9126782,Baseball Cards 2025 Topps Chrome Black Autograph,Paul Skenes [Superfractor] #CBA-PS,,,,,,,,,,,,,,,,,,,0,,,,,2025-04-30
9126776,Baseball Cards 2025 Topps Chrome Black Autograph,Paul Skenes [White Refractor] #CBA-PS,$1500.00,,,$586.99,$646.00,,,,,,,$990.00,$1650.00,,,,,,2,,,,,2025-04-30
9126301,Baseball Cards 2025 Topps Chrome Black Autograph,Rafael Devers #CBA-RD,$51.50,,,,,,,,,,,$22.80,$56.99,,,,,,3,,,,,2025-04-30
9126317,Baseball Cards 2025 Topps Chrome Black Autograph,Rafael Devers [Blue Refractor] #CBA-RD,,,,,,,,,,,,,,,,,,,0,,,,,2025-04-30
9126342,Baseball Cards 2025 Topps Chrome Black Autograph,Rafael Devers [Gold Mini Diamond Refractor] #CBA-RD,$48.00,,,,,,,,,,,$21.20,$52.99,,,,,,4,,,,,2025-04-30
9126334,Baseball Cards 2025 Topps Chrome Black Autograph,Rafael Devers [Gold Refractor] #CBA-RD,$43.68,,$43.01,$73.78,$138.72,$197.87,$257.00,$119.00,$119.00,,,$19.20,$47.99,,,$18.80,$46.99,,13,,,,,2025-04-30
9126325,Baseball Cards 2025 Topps Chrome Black Autograph,Rafael Devers [Green Refractor] #CBA-RD,$24.99,,$26.78,$46.55,$88.04,$126.25,$164.00,$76.00,$76.00,,,$8.10,$26.99,,,$8.70,$28.99,,17,,,,,2025-04-30
9126347,Baseball Cards 2025 Topps Chrome Black Autograph,Rafael Devers [Orange Refractor] #CBA-RD,$84.73,,,,,,,,,,,$37.20,$92.99,,,,,,5,,,,,2025-04-30
9126367,Baseball Cards 2025 Topps Chrome Black Autograph,Rafael Devers [Red Refractor] #CBA-RD,,,,,,,,,,,,,,,,,,,0,,,,,2025-04-30
9126309,Baseball Cards 2025 Topps Chrome Black Autograph,Rafael Devers [Refractor] #CBA-RD,$60.00,,,,,,,,,,,$26.40,$65.99,,,,,,1,,,,,2025-04-30
9126351,Baseball Cards 2025 Topps Chrome Black Autograph,Rafael Devers [Rose Gold Wave Refractor] #CBA-RD,$39.02,,,,,,,,,,,$17.20,$42.99,,,,,,2,,,,,2025-04-30
9126373,Baseball Cards 2025 Topps Chrome Black Autograph,Rafael Devers [Superfractor] #CBA-RD,$700.00,,,,,,,,,,,$462.00,$770.00,,,,,,1,,,,,2025-04-30
9126361,Baseball Cards 2025 Topps Chrome Black Autograph,Rafael Devers [White Refractor] #CBA-RD,$73.00,,,,,,,,,,,$32.00,$79.99,,,,,,3,,,,,2025-04-30
9126439,Baseball Cards 2025 Topps Chrome Black Autograph,Randy Johnson #CBA-RJ,$95.88,,$74.72,$110.00,$121.00,$299.99,$390.00,$180.00,$180.00,,,$52.50,$105.00,,,$32.80,$81.99,,33,,,,,2025-04-30
9126452,Baseball Cards 2025 Topps Chrome Black Autograph,Randy Johnson [Blue Refractor] #CBA-RJ,,,,,,,,,,,,,,,,,,,0,,,,,2025-04-30
9126464,Baseball Cards 2025 Topps Chrome Black Autograph,Randy Johnson [Gold Mini Diamond Refractor] #CBA-RJ,$131.25,,$121.06,$204.62,$382.14,$541.44,$704.00,$325.00,$325.00,,,$72.00,$144.00,,,$66.50,$133.00,,6,,,,,2025-04-30
9126461,Baseball Cards 2025 Topps Chrome Black Autograph,Randy Johnson [Gold Refractor] #CBA-RJ,$137.93,,$124.82,$211.02,$299.00,$304.98,$396.00,$183.00,$183.00,,,$76.00,$152.00,,,$68.50,$137.00,,10,,,,,2025-04-30
9126455,Baseball Cards 2025 Topps Chrome Black Autograph,Randy Johnson [Green Refractor] #CBA-RJ,$90.23,,$110.00,$189.00,$281.51,$300.00,$390.00,$180.00,$180.00,,,$39.60,$98.99,,,$60.50,$121.00,,16,,,,,2025-04-30
9126467,Baseball Cards 2025 Topps Chrome Black Autograph,Randy Johnson [Orange Refractor] #CBA-RJ,$99.54,,,,,,,,,,,$54.50,$109.00,,,,,,2,,,,,2025-04-30
9126491,Baseball Cards 2025 Topps Chrome Black Autograph,Randy Johnson [Red Refractor] #CBA-RJ,$150.00,,,,,,,,,,,$82.50,$165.00,,,,,,2,,,,,2025-04-30
9126445,Baseball Cards 2025 Topps Chrome Black Autograph,Randy Johnson [Refractor] #CBA-RJ,,,,,,,,,,,,,,,,,,,0,,,,,2025-04-30
9126475,Baseball Cards 2025 Topps Chrome Black Autograph,Randy Johnson [Rose Gold Wave Refractor] #CBA-RJ,$132.50,,,,,,,,,,,$73.00,$146.00,,,,,,1,,,,,2025-04-30
9126495,Baseball Cards 2025 Topps Chrome Black Autograph,Randy Johnson [Superfractor] #CBA-RJ,,,,,,,,,,,,,,,,,,,0,,,,,2025-04-30
9126482,Baseball Cards 2025 Topps Chrome Black Autograph,Randy Johnson [White Refractor] #CBA-RJ,$215.13,,,,,,,,,,,$118.50,$237.00,,,,,,3,,,,,2025-04-30
9126384,Baseball Cards 2025 Topps Chrome Black Autograph,Rece Hinds #CBA-RHI,$10.25,,$13.71,$24.62,$47.21,$68.47,$89.00,$41.00,$41.00,,,$2.80,$10.99,,,$3.80,$14.99,,29,,,,,2025-04-30
9126397,Baseball Cards 2025 Topps Chrome Black Autograph,Rece Hinds [Blue Refractor] #CBA-RHI,$15.51,,$18.43,$32.52,$61.91,$89.18,$116.00,$54.00,$54.00,,,$4.30,$16.99,,,$5.00,$19.99,,14,,,,,2025-04-30
9126416,Baseball Cards 2025 Topps Chrome Black Autograph,Rece Hinds [Gold Mini Diamond Refractor] #CBA-RHI,$7.15,,,,,,,,,,,$1.60,$7.89,,,,,,2,,,,,2025-04-30
9126410,Baseball Cards 2025 Topps Chrome Black Autograph,Rece Hinds [Gold Refractor] #CBA-RHI,$21.71,,,$13.05,$14.00,,,,,,,$7.20,$23.99,,,,,,7,,,,,2025-04-30
9126404,Baseball Cards 2025 Topps Chrome Black Autograph,Rece Hinds [Green Refractor] #CBA-RHI,$26.00,,,,,,,,,,,$8.70,$28.99,,,,,,3,,,,,2025-04-30
9126419,Baseball Cards 2025 Topps Chrome Black Autograph,Rece Hinds [Orange Refractor] #CBA-RHI,$20.50,,,,,,,,,,,$6.90,$22.99,,,,,,1,,,,,2025-04-30
9126431,Baseball Cards 2025 Topps Chrome Black Autograph,Rece Hinds [Red Refractor] #CBA-RHI,$12.15,,,,,,,,,,,$3.30,$12.99,,,,,,1,,,,,2025-04-30
9126390,Baseball Cards 2025 Topps Chrome Black Autograph,Rece Hinds [Refractor] #CBA-RHI,$7.50,,$11.53,$20.96,$40.39,$58.81,$76.00,$35.00,$35.00,,,$1.70,$8.29,,,$3.30,$12.99,,9,,,,,2025-04-30
9126424,Baseball Cards 2025 Topps Chrome Black Autograph,Rece Hinds [Rose Gold Wave Refractor] #CBA-RHI,$27.50,,,,,,,,,,,$9.00,$29.99,,,,,,4,,,,,2025-04-30
9126436,Baseball Cards 2025 Topps Chrome Black Autograph,Rece Hinds [Superfractor] #CBA-RHI,,,,,,,,,,,,,,,,,,,0,,,,,2025-04-30
9126427,Baseball Cards 2025 Topps Chrome Black Autograph,Rece Hinds [White Refractor] #CBA-RHI,$60.50,,,,,,,,,,,$26.80,$66.99,,,,,,2,,,,,2025-04-30
9126502,Baseball Cards 2025 Topps Chrome Black Autograph,Reggie Jackson #CBA-RJA,$76.71,,$71.75,$122.08,$228.70,$259.99,$338.00,$156.00,$156.00,,,$33.60,$83.99,,,$31.60,$78.99,,14,,,,,2025-04-30
9126513,Baseball Cards 2025 Topps Chrome Black Autograph,Reggie Jackson [Blue Refractor] #CBA-RJA,,,,,,,,,,,,,,,,,,,0,,,,,2025-04-30
9126530,Baseball Cards 2025 Topps Chrome Black Autograph,Reggie Jackson [Gold Mini Diamond Refractor] #CBA-RJA,$239.96,,,,,,,,,,,$132.00,$264.00,,,,,,1,,,,,2025-04-30
9126523,Baseball Cards 2025 Topps Chrome Black Autograph,Reggie Jackson [Gold Refractor] #CBA-RJA,$100.00,,,,,$300.00,$390.00,$180.00,$180.00,,,$55.00,$110.00,,,,,,6,,,,,2025-04-30
9126518,Baseball Cards 2025 Topps Chrome Black Autograph,Reggie Jackson [Green Refractor] #CBA-RJA,$93.00,,$86.09,$95.00,$245.00,$250.00,$325.00,$150.00,$150.00,,,$51.00,$102.00,,,$38.00,$94.99,,15,,,,,2025-04-30
9126534,Baseball Cards 2025 Topps Chrome Black Autograph,Reggie Jackson [Orange Refractor] #CBA-RJA,$112.25,,$110.00,,,,,,,,,$61.50,$123.00,,,$60.50,$121.00,,4,,,,,2025-04-30
9126550,Baseball Cards 2025 Topps Chrome Black Autograph,Reggie Jackson [Red Refractor] #CBA-RJA,$275.00,,,,,,,,,,,$151.50,$303.00,,,,,,1,,,,,2025-04-30
9126507,Baseball Cards 2025 Topps Chrome Black Autograph,Reggie Jackson [Refractor] #CBA-RJA,$59.00,,,,,,,,,,,$26.00,$64.99,,,,,,1,,,,,2025-04-30
9126539,Baseball Cards 2025 Topps Chrome Black Autograph,Reggie Jackson [Rose Gold Wave Refractor] #CBA-RJA,,,,,,,,,,,,,,,,,,,0,,,,,2025-04-30
9126555,Baseball Cards 2025 Topps Chrome Black Autograph,Reggie Jackson [Superfractor] #CBA-RJA,,,,,,,,,,,,,,,,,,,0,,,,,2025-04-30
9126543,Baseball Cards 2025 Topps Chrome Black Autograph,Reggie Jackson [White Refractor] #CBA-RJA,$140.00,,,$169.43,$186.00,,,,,,,$77.00,$154.00,,,,,,3,,,,,2025-04-30
9126559,Baseball Cards 2025 Topps Chrome Black Autograph,Rhett Lowder #CBA-RL,$19.10,,$24.12,$42.06,$49.00,$50.00,$65.00,$30.00,$30.00,,,$6.30,$20.99,,,$8.10,$26.99,,67,,,,,2025-04-30
9126567,Baseball Cards 2025 Topps Chrome Black Autograph,Rhett Lowder [Blue Refractor] #CBA-RL,$28.44,,$35.40,$53.31,$100.63,$144.11,$187.00,$86.00,$86.00,,,$9.30,$30.99,,,$15.60,$38.99,,16,,,,,2025-04-30
9126578,Baseball Cards 2025 Topps Chrome Black Autograph,Rhett Lowder [Gold Mini Diamond Refractor] #CBA-RL,$31.75,,$41.58,$71.34,$134.14,$191.18,$249.00,$115.00,$115.00,,,$10.50,$34.99,,,$18.40,$45.99,,7,,,,,2025-04-30
9126572,Baseball Cards 2025 Topps Chrome Black Autograph,Rhett Lowder [Gold Refractor] #CBA-RL,$58.00,,$55.54,$94.78,$177.79,$253.03,$329.00,$152.00,$152.00,,,$25.60,$63.99,,,$24.40,$60.99,,19,,,,,2025-04-30
9126571,Baseball Cards 2025 Topps Chrome Black Autograph,Rhett Lowder [Green Refractor] #CBA-RL,$32.25,,$28.85,$32.00,$94.49,$135.34,$176.00,$81.00,$81.00,,,$10.50,$34.99,,,$9.60,$31.99,,13,,,,,2025-04-30
9126583,Baseball Cards 2025 Topps Chrome Black Autograph,Rhett Lowder [Orange Refractor] #CBA-RL,$74.50,,,,,,,,,,,$32.80,$81.99,,,,,,2,,,,,2025-04-30
9126597,Baseball Cards 2025 Topps Chrome Black Autograph,Rhett Lowder [Red Refractor] #CBA-RL,,,,,$269.69,,,,,,,,,,,,,,1,,,,,2025-04-30
9126564,Baseball Cards 2025 Topps Chrome Black Autograph,Rhett Lowder [Refractor] #CBA-RL,$21.74,,$23.85,$41.61,$78.82,$113.09,$147.00,$68.00,$68.00,,,$7.20,$23.99,,,$7.80,$25.99,,20,,,,,2025-04-30
9126587,Baseball Cards 2025 Topps Chrome Black Autograph,Rhett Lowder [Rose Gold Wave Refractor] #CBA-RL,$148.00,,,,,,,,,,,$81.50,$163.00,,,,,,1,,,,,2025-04-30
9126602,Baseball Cards 2025 Topps Chrome Black Autograph,Rhett Lowder [Superfractor] #CBA-RL,,,,,,,,,,,,,,,,,,,0,,,,,2025-04-30
9126592,Baseball Cards 2025 Topps Chrome Black Autograph,Rhett Lowder [White Refractor] #CBA-RL,$100.00,,,,,,,,,,,$55.00,$110.00,,,,,,1,,,,,2025-04-30
9126607,Baseball Cards 2025 Topps Chrome Black Autograph,River Ryan #CBA-RR,$21.69,$22.75,$23.73,$41.42,$78.46,$112.61,$146.00,$68.00,$68.00,,,$7.20,$23.99,$7.50,$24.99,$7.80,$25.99,,57,,,,,2025-04-30
9126614,Baseball Cards 2025 Topps Chrome Black Autograph,River Ryan [Blue Refractor] #CBA-RR,$25.66,,$27.30,$47.39,$89.57,$128.26,$167.00,$77.00,$77.00,,,$8.40,$27.99,,,$9.00,$29.99,,20,,,,,2025-04-30
9126629,Baseball Cards 2025 Topps Chrome Black Autograph,River Ryan [Gold Mini Diamond Refractor] #CBA-RR,$70.38,,,,,,,,,,,$30.80,$76.99,,,,,,4,,,,,2025-04-30
9126624,Baseball Cards 2025 Topps Chrome Black Autograph,River Ryan [Gold Refractor] #CBA-RR,$69.99,,$66.01,$112.39,$210.61,$299.67,$390.00,$180.00,$180.00,,,$30.80,$76.99,,,$29.20,$72.99,,8,,,,,2025-04-30
9126619,Baseball Cards 2025 Topps Chrome Black Autograph,River Ryan [Green Refractor] #CBA-RR,$30.04,,$31.17,$55.00,$101.70,$145.46,$189.00,$87.00,$87.00,,,$9.90,$32.99,,,$10.20,$33.99,,12,,,,,2025-04-30
9126633,Baseball Cards 2025 Topps Chrome Black Autograph,River Ryan [Orange Refractor] #CBA-RR,$108.39,,,,,,,,,,,$59.50,$119.00,,,,,,1,,,,,2025-04-30
9126649,Baseball Cards 2025 Topps Chrome Black Autograph,River Ryan [Red Refractor] #CBA-RR,$499.99,,,,,,,,,,,$330.00,$550.00,,,,,,1,,,,,2025-04-30
9126611,Baseball Cards 2025 Topps Chrome Black Autograph,River Ryan [Refractor] #CBA-RR,$28.30,,$28.99,$56.00,$105.54,$153.01,$199.00,$92.00,$92.00,,,$9.30,$30.99,,,$9.60,$31.99,,32,,,,,2025-04-30
9126640,Baseball Cards 2025 Topps Chrome Black Autograph,River Ryan [Rose Gold Wave Refractor] #CBA-RR,,,,,,,,,,,,,,,,,,,0,,,,,2025-04-30
9126654,Baseball Cards 2025 Topps Chrome Black Autograph,River Ryan [Superfractor] #CBA-RR,,,,,,,,,,,,,,,,,,,0,,,,,2025-04-30
9126643,Baseball Cards 2025 Topps Chrome Black Autograph,River Ryan [White Refractor] #CBA-RR,$51.01,,$15.56,,,,,,,,,$22.40,$55.99,,,$4.30,$16.99,,2,,,,,2025-04-30
9126113,Baseball Cards 2025 Topps Chrome Black Autograph,Rod Carew #CBA-RCA,$25.50,,$27.22,$47.26,$89.35,$127.99,$166.00,$77.00,$77.00,,,$8.40,$27.99,,,$9.00,$29.99,,17,,,,,2025-04-30
9126153,Baseball Cards 2025 Topps Chrome Black Autograph,Rod Carew [Blue Refractor] #CBA-RCA,,,,,,,,,,,,,,,,,,,0,,,,,2025-04-30
9126210,Baseball Cards 2025 Topps Chrome Black Autograph,Rod Carew [Gold Mini Diamond Refractor] #CBA-RCA,$55.00,,$52.94,$90.44,$169.74,$241.79,$314.00,$145.00,$145.00,,,$24.40,$60.99,,,$23.20,$57.99,,6,,,,,2025-04-30
9126202,Baseball Cards 2025 Topps Chrome Black Autograph,Rod Carew [Gold Refractor] #CBA-RCA,$38.63,,$38.40,$66.06,$124.35,$140.00,$182.00,$84.00,$84.00,,,$16.80,$41.99,,,$16.80,$41.99,,19,,,,,2025-04-30
9126193,Baseball Cards 2025 Topps Chrome Black Autograph,Rod Carew [Green Refractor] #CBA-RCA,$35.61,,$36.06,$62.11,$116.98,$167.07,$217.00,$100.00,$100.00,,,$15.60,$38.99,,,$16.00,$39.99,,19,,,,,2025-04-30
9126242,Baseball Cards 2025 Topps Chrome Black Autograph,Rod Carew [Orange Refractor] #CBA-RCA,$54.00,,,$57.00,$63.00,$108.00,$140.00,$65.00,$65.00,,,$23.60,$58.99,,,,,,6,,,,,2025-04-30
9126266,Baseball Cards 2025 Topps Chrome Black Autograph,Rod Carew [Red Refractor] #CBA-RCA,,,,,,,,,,,,,,,,,,,0,,,,,2025-04-30
9126119,Baseball Cards 2025 Topps Chrome Black Autograph,Rod Carew [Refractor] #CBA-RCA,,,,,,,,,,,,,,,,,,,0,,,,,2025-04-30
9126250,Baseball Cards 2025 Topps Chrome Black Autograph,Rod Carew [Rose Gold Wave Refractor] #CBA-RCA,$92.94,,,,,,,,,,,$51.00,$102.00,,,,,,2,,,,,2025-04-30
9126293,Baseball Cards 2025 Topps Chrome Black Autograph,Rod Carew [Superfractor] #CBA-RCA,$360.00,,,,,,,,,,,$198.00,$396.00,,,,,,1,,,,,2025-04-30
9126258,Baseball Cards 2025 Topps Chrome Black Autograph,Rod Carew [White Refractor] #CBA-RCA,$69.73,,,,,,,,,,,$30.80,$76.99,,,,,,2,,,,,2025-04-30
9126852,Baseball Cards 2025 Topps Chrome Black Autograph,Roger Clemens #CBA-RC,$81.62,,$75.60,$89.98,$230.00,$235.00,$306.00,$141.00,$141.00,,,$36.00,$89.99,,,$33.20,$82.99,,25,,,,,2025-04-30
9126858,Baseball Cards 2025 Topps Chrome Black Autograph,Roger Clemens [Blue Refractor] #CBA-RC,,,,,,,,,,,,,,,,,,,0,,,,,2025-04-30
9126866,Baseball Cards 2025 Topps Chrome Black Autograph,Roger Clemens [Gold Mini Diamond Refractor] #CBA-RC,$120.00,,,,,$239.99,$312.00,$144.00,$144.00,,,$66.00,$132.00,,,,,,5,,,,,2025-04-30
9126863,Baseball Cards 2025 Topps Chrome Black Autograph,Roger Clemens [Gold Refractor] #CBA-RC,$86.84,,$80.59,$149.99,$256.36,$264.00,$343.00,$158.00,$158.00,,,$38.40,$95.99,,,$35.60,$88.99,,16,,,,,2025-04-30
9126860,Baseball Cards 2025 Topps Chrome Black Autograph,Roger Clemens [Green Refractor] #CBA-RC,$70.00,,$100.00,$114.82,$126.00,$305.87,$398.00,$184.00,$184.00,,,$30.80,$76.99,,,$55.00,$110.00,,24,,,,,2025-04-30
9126867,Baseball Cards 2025 Topps Chrome Black Autograph,Roger Clemens [Orange Refractor] #CBA-RC,$103.99,,$140.00,$182.49,$265.00,$270.00,$351.00,$162.00,$162.00,,,$57.00,$114.00,,,$77.00,$154.00,,16,,,,,2025-04-30
9126084,Baseball Cards 2025 Topps Chrome Black Autograph,Roger Clemens [Red Refractor] #CBA-RC,$382.50,,$140.50,,,,,,,,,$210.50,$421.00,,,$77.50,$155.00,,3,,,,,2025-04-30
9126854,Baseball Cards 2025 Topps Chrome Black Autograph,Roger Clemens [Refractor] #CBA-RC,$123.69,,,,,,,,,,,$68.00,$136.00,,,,,,1,,,,,2025-04-30
9126869,Baseball Cards 2025 Topps Chrome Black Autograph,Roger Clemens [Rose Gold Wave Refractor] #CBA-RC,$128.00,,,,,,,,,,,$70.50,$141.00,,,,,,1,,,,,2025-04-30
9126094,Baseball Cards 2025 Topps Chrome Black Autograph,Roger Clemens [Superfractor] #CBA-RC,,,,,,,,,,,,,,,,,,,0,,,,,2025-04-30
9126871,Baseball Cards 2025 Topps Chrome Black Autograph,Roger Clemens [White Refractor] #CBA-RC,$207.50,,,,,,,,,,,$114.00,$228.00,,,,,,2,,,,,2025-04-30
9126655,Baseball Cards 2025 Topps Chrome Black Autograph,Roki Sasaki #CBA-RS,$385.20,,$340.57,$572.83,$1067.41,$1509.85,$1963.00,$906.00,$906.00,,,$212.00,$424.00,,,$187.50,$375.00,,15,,,,,2025-04-30
9126663,Baseball Cards 2025 Topps Chrome Black Autograph,Roki Sasaki [Blue Refractor] #CBA-RS,,,,,,,,,,,,,,,,,,,0,,,,,2025-04-30
9126672,Baseball Cards 2025 Topps Chrome Black Autograph,Roki Sasaki [Gold Mini Diamond Refractor] #CBA-RS,$880.00,,,,,,,,,,,$580.80,$968.00,,,,,,4,,,,,2025-04-30
9126670,Baseball Cards 2025 Topps Chrome Black Autograph,Roki Sasaki [Gold Refractor] #CBA-RS,$932.50,,,,,,,,,,,$615.60,$1026.00,,,,,,3,,,,,2025-04-30
9126667,Baseball Cards 2025 Topps Chrome Black Autograph,Roki Sasaki [Green Refractor] #CBA-RS,$375.90,,$347.68,$650.00,$1089.01,$1539.22,$2001.00,$924.00,$924.00,,,$206.50,$413.00,,,$191.00,$382.00,,10,,,,,2025-04-30
9126675,Baseball Cards 2025 Topps Chrome Black Autograph,Roki Sasaki [Orange Refractor] #CBA-RS,$1473.31,,$1290.30,$2167.39,$4036.35,$5713.59,$7428.00,$3428.00,$3428.00,,,$972.60,$1621.00,,,$851.40,$1419.00,,6,,,,,2025-04-30
9126687,Baseball Cards 2025 Topps Chrome Black Autograph,Roki Sasaki [Red Refractor] #CBA-RS,,,,,,,,,,,,,,,,,,,0,,,,,2025-04-30
9126661,Baseball Cards 2025 Topps Chrome Black Autograph,Roki Sasaki [Refractor] #CBA-RS,,,,,,,,,,,,,,,,,,,0,,,,,2025-04-30
9126678,Baseball Cards 2025 Topps Chrome Black Autograph,Roki Sasaki [Rose Gold Wave Refractor] #CBA-RS,$745.00,,,,,,,,,,,$492.00,$820.00,,,,,,4,,,,,2025-04-30
9126691,Baseball Cards 2025 Topps Chrome Black Autograph,Roki Sasaki [Superfractor] #CBA-RS,,,,,,,,,,,,,,,,,,,0,,,,,2025-04-30
9126682,Baseball Cards 2025 Topps Chrome Black Autograph,Roki Sasaki [White Refractor] #CBA-RS,,,,,,,,,,,,,,,,,,,0,,,,,2025-04-30
9126784,Baseball Cards 2025 Topps Chrome Black Autograph,Ronald Acuna Jr. #CBA-RA,$110.00,,$100.86,$170.85,$319.40,$453.37,$589.00,$272.00,$272.00,,,$60.50,$121.00,,,$55.50,$111.00,,8,,,,,2025-04-30
9126793,Baseball Cards 2025 Topps Chrome Black Autograph,Ronald Acuna Jr. [Blue Refractor] #CBA-RA,,,,,,,,,,,,,,,,,,,0,,,,,2025-04-30
9126802,Baseball Cards 2025 Topps Chrome Black Autograph,Ronald Acuna Jr. [Gold Mini Diamond Refractor] #CBA-RA,,,,,,,,,,,,,,,,,,,0,,,,,2025-04-30
9126800,Baseball Cards 2025 Topps Chrome Black Autograph,Ronald Acuna Jr. [Gold Refractor] #CBA-RA,$180.45,,$162.32,$180.00,$511.62,$725.77,$944.00,$435.00,$435.00,,,$99.50,$199.00,,,$89.50,$179.00,,13,,,,,2025-04-30
9126796,Baseball Cards 2025 Topps Chrome Black Autograph,Ronald Acuna Jr. [Green Refractor] #CBA-RA,,,,,,,,,,,,,,,,,,,0,,,,,2025-04-30
9126805,Baseball Cards 2025 Topps Chrome Black Autograph,Ronald Acuna Jr. [Orange Refractor] #CBA-RA,$164.80,,,,,,,,,,,$90.50,$181.00,,,,,,5,,,,,2025-04-30
9126817,Baseball Cards 2025 Topps Chrome Black Autograph,Ronald Acuna Jr. [Red Refractor] #CBA-RA,,,,,,,,,,,,,,,,,,,0,,,,,2025-04-30
9126787,Baseball Cards 2025 Topps Chrome Black Autograph,Ronald Acuna Jr. [Refractor] #CBA-RA,,,,,,,,,,,,,,,,,,,0,,,,,2025-04-30
9126808,Baseball Cards 2025 Topps Chrome Black Autograph,Ronald Acuna Jr. [Rose Gold Wave Refractor] #CBA-RA,$275.00,,,,,,,,,,,$151.50,$303.00,,,,,,1,,,,,2025-04-30
9126820,Baseball Cards 2025 Topps Chrome Black Autograph,Ronald Acuna Jr. [Superfractor] #CBA-RA,,,,,,,,,,,,,,,,,,,0,,,,,2025-04-30
9126814,Baseball Cards 2025 Topps Chrome Black Autograph,Ronald Acuna Jr. [White Refractor] #CBA-RA,,,,,,,,,,,,,,,,,,,0,,,,,2025-04-30
9126822,Baseball Cards 2025 Topps Chrome Black Autograph,Ryan Bliss #CBA-RB,$4.25,,$8.26,$16.21,$30.00,$31.00,$40.00,$19.00,$19.00,,,$0.90,$4.69,,,$1.80,$9.09,,30,,,,,2025-04-30
9126826,Baseball Cards 2025 Topps Chrome Black Autograph,Ryan Bliss [Blue Refractor] #CBA-RB,$9.38,,$13.18,$23.72,$45.55,$66.14,$86.00,$40.00,$40.00,,,$2.00,$9.99,,,$3.80,$14.99,,10,,,,,2025-04-30
9126836,Baseball Cards 2025 Topps Chrome Black Autograph,Ryan Bliss [Gold Mini Diamond Refractor] #CBA-RB,$22.98,,,,,,,,,,,$7.50,$24.99,,,,,,4,,,,,2025-04-30
9126834,Baseball Cards 2025 Topps Chrome Black Autograph,Ryan Bliss [Gold Refractor] #CBA-RB,$20.75,,$23.09,$40.36,$76.51,$109.96,$143.00,$66.00,$66.00,,,$6.90,$22.99,,,$7.50,$24.99,,8,,,,,2025-04-30
9126830,Baseball Cards 2025 Topps Chrome Black Autograph,Ryan Bliss [Green Refractor] #CBA-RB,$9.99,,$13.71,$24.60,$47.18,$68.43,$89.00,$41.00,$41.00,,,$2.80,$10.99,,,$3.80,$14.99,,13,,,,,2025-04-30
9126839,Baseball Cards 2025 Topps Chrome Black Autograph,Ryan Bliss [Orange Refractor] #CBA-RB,$15.00,,,,,,,,,,,$4.30,$16.99,,,,,,2,,,,,2025-04-30
9126847,Baseball Cards 2025 Topps Chrome Black Autograph,Ryan Bliss [Red Refractor] #CBA-RB,$450.00,,,,,,,,,,,$247.50,$495.00,,,,,,1,,,,,2025-04-30
9126825,Baseball Cards 2025 Topps Chrome Black Autograph,Ryan Bliss [Refractor] #CBA-RB,$5.42,,$9.72,$17.92,$34.73,$50.81,$66.00,$30.00,$30.00,,,$1.20,$5.99,,,$2.80,$10.99,,10,,,,,2025-04-30
9126842,Baseball Cards 2025 Topps Chrome Black Autograph,Ryan Bliss [Rose Gold Wave Refractor] #CBA-RB,$70.00,,,,,,,,,,,$30.80,$76.99,,,,,,1,,,,,2025-04-30
9126849,Baseball Cards 2025 Topps Chrome Black Autograph,Ryan Bliss [Superfractor] #CBA-RB,,,,,,,,,,,,,,,,,,,0,,,,,2025-04-30
9126845,Baseball Cards 2025 Topps Chrome Black Autograph,Ryan Bliss [White Refractor] #CBA-RB,,,,,,,,,,,,,,,,,,,0,,,,,2025-04-30
9126187,Baseball Cards 2025 Topps Chrome Black Autograph,Sal Frelick #CBA-SF,$10.99,,$15.89,$28.27,$54.01,$78.08,$102.00,$47.00,$47.00,,,$3.00,$11.99,,,$4.30,$16.99,,30,,,,,2025-04-30
9126213,Baseball Cards 2025 Topps Chrome Black Autograph,Sal Frelick [Blue Refractor] #CBA-SF,$18.73,,$21.19,$37.15,$70.52,$101.33,$132.00,$61.00,$61.00,,,$6.30,$20.99,,,$6.90,$22.99,,15,,,,,2025-04-30
9126237,Baseball Cards 2025 Topps Chrome Black Autograph,Sal Frelick [Gold Mini Diamond Refractor] #CBA-SF,$30.00,,$31.16,$53.93,$64.00,$65.00,$85.00,$39.00,$39.00,,,$9.90,$32.99,,,$10.20,$33.99,,6,,,,,2025-04-30
9126230,Baseball Cards 2025 Topps Chrome Black Autograph,Sal Frelick [Gold Refractor] #CBA-SF,$39.00,,$39.19,$67.43,$126.95,$181.54,$236.00,$109.00,$109.00,,,$17.20,$42.99,,,$17.20,$42.99,,17,,,,,2025-04-30
9126220,Baseball Cards 2025 Topps Chrome Black Autograph,Sal Frelick [Green Refractor] #CBA-SF,$15.79,,$18.70,$21.00,$62.81,$90.00,$117.00,$54.00,$54.00,,,$4.30,$16.99,,,$6.30,$20.99,,15,,,,,2025-04-30
9126245,Baseball Cards 2025 Topps Chrome Black Autograph,Sal Frelick [Orange Refractor] #CBA-SF,,,,,,,,,,,,,,,,,,,0,,,,,2025-04-30
9126278,Baseball Cards 2025 Topps Chrome Black Autograph,Sal Frelick [Red Refractor] #CBA-SF,$150.00,,,,,,,,,,,$82.50,$165.00,,,,,,1,,,,,2025-04-30
9126199,Baseball Cards 2025 Topps Chrome Black Autograph,Sal Frelick [Refractor] #CBA-SF,$10.00,,$13.72,$24.64,$47.26,$68.61,$89.00,$41.00,$41.00,,,$2.80,$10.99,,,$3.80,$14.99,,16,,,,,2025-04-30
9126260,Baseball Cards 2025 Topps Chrome Black Autograph,Sal Frelick [Rose Gold Wave Refractor] #CBA-SF,$90.00,,,,,,,,,,,$39.60,$98.99,,,,,,1,,,,,2025-04-30
9126284,Baseball Cards 2025 Topps Chrome Black Autograph,Sal Frelick [Superfractor] #CBA-SF,,,,,,,,,,,,,,,,,,,0,,,,,2025-04-30
9126268,Baseball Cards 2025 Topps Chrome Black Autograph,Sal Frelick [White Refractor] #CBA-SF,$46.00,,,,,,,,,,,$20.40,$50.99,,,,,,1,,,,,2025-04-30
9126290,Baseball Cards 2025 Topps Chrome Black Autograph,Spencer Schwellenbach #CBA-SSH,$21.75,,$23.73,$41.41,$78.46,$112.60,$146.00,$68.00,$68.00,,,$7.20,$23.99,,,$7.80,$25.99,,36,,,,,2025-04-30
9126310,Baseball Cards 2025 Topps Chrome Black Autograph,Spencer Schwellenbach [Blue Refractor] #CBA-SSH,$53.02,,$49.53,$215.00,$222.00,$226.50,$294.00,$136.00,$136.00,,,$23.20,$57.99,,,$21.60,$53.99,,24,,,,,2025-04-30
9126364,Baseball Cards 2025 Topps Chrome Black Autograph,Spencer Schwellenbach [Gold Mini Diamond Refractor] #CBA-SSH,$97.47,,,$40.00,$44.00,,,,,,,$53.50,$107.00,,,,,,5,,,,,2025-04-30
9126341,Baseball Cards 2025 Topps Chrome Black Autograph,Spencer Schwellenbach [Gold Refractor] #CBA-SSH,$95.24,,$87.49,$148.34,$277.44,$393.65,$512.00,$236.00,$236.00,,,$52.50,$105.00,,,$38.40,$95.99,,16,,,,,2025-04-30
9126326,Baseball Cards 2025 Topps Chrome Black Autograph,Spencer Schwellenbach [Green Refractor] #CBA-SSH,$64.00,,$60.79,$103.65,$194.35,$276.74,$360.00,$166.00,$166.00,,,$28.00,$69.99,,,$26.80,$66.99,,7,,,,,2025-04-30
9126405,Baseball Cards 2025 Topps Chrome Black Autograph,Spencer Schwellenbach [Orange Refractor] #CBA-SSH,$251.25,,,,,,,,,,,$138.00,$276.00,,,,,,3,,,,,2025-04-30
9126471,Baseball Cards 2025 Topps Chrome Black Autograph,Spencer Schwellenbach [Red Refractor] #CBA-SSH,$281.51,,,,,,,,,,,$155.00,$310.00,,,,,,2,,,,,2025-04-30
9126298,Baseball Cards 2025 Topps Chrome Black Autograph,Spencer Schwellenbach [Refractor] #CBA-SSH,$49.50,,$48.15,$82.43,$154.85,$220.84,$287.00,$133.00,$133.00,,,$21.60,$53.99,,,$21.20,$52.99,,21,,,,,2025-04-30
9126463,Baseball Cards 2025 Topps Chrome Black Autograph,Spencer Schwellenbach [Rose Gold Wave Refractor] #CBA-SSH,$211.35,,,,,,,,,,,$116.00,$232.00,,,,,,3,,,,,2025-04-30
9126488,Baseball Cards 2025 Topps Chrome Black Autograph,Spencer Schwellenbach [Superfractor] #CBA-SSH,,,,,,,,,,,,,,,,,,,0,,,,,2025-04-30
9126466,Baseball Cards 2025 Topps Chrome Black Autograph,Spencer Schwellenbach [White Refractor] #CBA-SSH,$359.50,,,,,,,,,,,$197.50,$395.00,,,,,,2,,,,,2025-04-30
9126693,Baseball Cards 2025 Topps Chrome Black Autograph,Steward Berroa #CBA-SB,$4.34,,$1.99,$16.34,$31.79,$46.65,$61.00,$28.00,$28.00,,,$1.00,$4.79,,,,$2.19,,30,,,,,2025-04-30
9126702,Baseball Cards 2025 Topps Chrome Black Autograph,Steward Berroa [Blue Refractor] #CBA-SB,$7.09,,,,,,,,,,,$1.60,$7.79,,,,,,5,,,,,2025-04-30
9126712,Baseball Cards 2025 Topps Chrome Black Autograph,Steward Berroa [Gold Mini Diamond Refractor] #CBA-SB,$11.63,,$15.15,$27.04,$51.74,$74.98,$97.00,$45.00,$45.00,,,$3.30,$12.99,,,$4.30,$16.99,,7,,,,,2025-04-30
9126708,Baseball Cards 2025 Topps Chrome Black Autograph,Steward Berroa [Gold Refractor] #CBA-SB,$11.80,,$14.93,$26.66,$51.01,$73.86,$96.00,$44.00,$44.00,,,$3.30,$12.99,,,$4.00,$15.99,,10,,,,,2025-04-30
9126705,Baseball Cards 2025 Topps Chrome Black Autograph,Steward Berroa [Green Refractor] #CBA-SB,$2.72,,$7.41,$14.05,$27.53,$40.68,$53.00,$24.00,$24.00,,,,$2.99,,,$1.60,$8.19,,7,,,,,2025-04-30
9126716,Baseball Cards 2025 Topps Chrome Black Autograph,Steward Berroa [Orange Refractor] #CBA-SB,$34.88,,,,,,,,,,,$15.20,$37.99,,,,,,2,,,,,2025-04-30
9126735,Baseball Cards 2025 Topps Chrome Black Autograph,Steward Berroa [Red Refractor] #CBA-SB,$48.77,,,,,,,,,,,$21.60,$53.99,,,,,,1,,,,,2025-04-30
9126698,Baseball Cards 2025 Topps Chrome Black Autograph,Steward Berroa [Refractor] #CBA-SB,$8.27,,$15.00,$22.13,$42.59,$61.97,$81.00,$37.00,$37.00,,,$1.80,$9.09,,,$4.30,$16.99,,11,,,,,2025-04-30
9126720,Baseball Cards 2025 Topps Chrome Black Autograph,Steward Berroa [Rose Gold Wave Refractor] #CBA-SB,$42.00,,,,,,,,,,,$18.40,$45.99,,,,,,1,,,,,2025-04-30
9126167,Baseball Cards 2025 Topps Chrome Black Autograph,Steward Berroa [Superfractor] #CBA-SB,$499.00,,,,,,,,,,,$329.40,$549.00,,,,,,1,,,,,2025-04-30
9126728,Baseball Cards 2025 Topps Chrome Black Autograph,Steward Berroa [White Refractor] #CBA-SB,$87.45,,,,,,,,,,,$38.40,$95.99,,,,,,2,,,,,2025-04-30
9126767,Baseball Cards 2025 Topps Chrome Black Autograph,Thomas Saggese #CBA-TSA,$10.87,,$7.50,$25.90,$49.61,$71.89,$93.00,$43.00,$43.00,,,$3.00,$11.99,,,$1.70,$8.29,,35,,,,,2025-04-30
9126771,Baseball Cards 2025 Topps Chrome Black Autograph,Thomas Saggese [Blue Refractor] #CBA-TSA,$18.50,,$21.13,$37.08,$70.42,$101.37,$132.00,$61.00,$61.00,,,$5.00,$19.99,,,$6.90,$22.99,,8,,,,,2025-04-30
9126780,Baseball Cards 2025 Topps Chrome Black Autograph,Thomas Saggese [Gold Mini Diamond Refractor] #CBA-TSA,$53.23,,,,,,,,,,,$23.60,$58.99,,,,,,4,,,,,2025-04-30
9126778,Baseball Cards 2025 Topps Chrome Black Autograph,Thomas Saggese [Gold Refractor] #CBA-TSA,$19.58,,,$11.25,$12.00,,,,,,,$6.60,$21.99,,,,,,6,,,,,2025-04-30
9126773,Baseball Cards 2025 Topps Chrome Black Autograph,Thomas Saggese [Green Refractor] #CBA-TSA,$22.87,,$24.96,$43.53,$82.46,$118.59,$154.00,$71.00,$71.00,,,$7.50,$24.99,,,$8.10,$26.99,,7,,,,,2025-04-30
9126783,Baseball Cards 2025 Topps Chrome Black Autograph,Thomas Saggese [Orange Refractor] #CBA-TSA,$85.00,,,,,,,,,,,$37.60,$93.99,,,,,,1,,,,,2025-04-30
9126791,Baseball Cards 2025 Topps Chrome Black Autograph,Thomas Saggese [Red Refractor] #CBA-TSA,,,,,,,,,,,,,,,,,,,0,,,,,2025-04-30
9126769,Baseball Cards 2025 Topps Chrome Black Autograph,Thomas Saggese [Refractor] #CBA-TSA,$8.64,,$12.64,$22.81,$43.84,$63.67,$83.00,$38.00,$38.00,,,$1.90,$9.49,,,$3.50,$13.99,,8,,,,,2025-04-30
9126786,Baseball Cards 2025 Topps Chrome Black Autograph,Thomas Saggese [Rose Gold Wave Refractor] #CBA-TSA,$42.38,,,,,,,,,,,$18.80,$46.99,,,,,,5,,,,,2025-04-30
9126794,Baseball Cards 2025 Topps Chrome Black Autograph,Thomas Saggese [Superfractor] #CBA-TSA,,,,,,,,,,,,,,,,,,,0,,,,,2025-04-30
9126789,Baseball Cards 2025 Topps Chrome Black Autograph,Thomas Saggese [White Refractor] #CBA-TSA,$12.50,,,,,,,,,,,$3.50,$13.99,,,,,,1,,,,,2025-04-30
9126490,Baseball Cards 2025 Topps Chrome Black Autograph,Torii Hunter #CBA-TH,$11.25,,$12.84,$23.16,$44.49,$95.00,$124.00,$57.00,$57.00,,,$3.00,$11.99,,,$3.50,$13.99,,26,,,,,2025-04-30
9126528,Baseball Cards 2025 Topps Chrome Black Autograph,Torii Hunter [Blue Refractor] #CBA-TH,$15.58,,$18.37,$32.45,$61.79,$89.13,$116.00,$53.00,$53.00,,,$4.30,$16.99,,,$5.00,$19.99,,21,,,,,2025-04-30
9126561,Baseball Cards 2025 Topps Chrome Black Autograph,Torii Hunter [Gold Mini Diamond Refractor] #CBA-TH,$11.50,,$15.03,$26.83,$51.33,$74.35,$97.00,$45.00,$45.00,,,$3.30,$12.99,,,$4.30,$16.99,,9,,,,,2025-04-30
9126547,Baseball Cards 2025 Topps Chrome Black Autograph,Torii Hunter [Gold Refractor] #CBA-TH,$23.89,,$25.73,$44.78,$84.72,$121.44,$158.00,$73.00,$73.00,,,$7.80,$25.99,,,$8.40,$27.99,,14,,,,,2025-04-30
9126537,Baseball Cards 2025 Topps Chrome Black Autograph,Torii Hunter [Green Refractor] #CBA-TH,$16.50,,$7.50,$34.10,$64.85,$93.42,$121.00,$56.00,$56.00,,,$4.50,$17.99,,,$1.70,$8.29,,15,,,,,2025-04-30
9126573,Baseball Cards 2025 Topps Chrome Black Autograph,Torii Hunter [Orange Refractor] #CBA-TH,$46.39,,,,,,,,,,,$20.40,$50.99,,,,,,2,,,,,2025-04-30
9126590,Baseball Cards 2025 Topps Chrome Black Autograph,Torii Hunter [Red Refractor] #CBA-TH,$200.00,,,,,,,,,,,$110.00,$220.00,,,,,,1,,,,,2025-04-30
9126498,Baseball Cards 2025 Topps Chrome Black Autograph,Torii Hunter [Refractor] #CBA-TH,$8.50,,$14.69,$26.25,$50.25,$72.75,$95.00,$44.00,$44.00,,,$1.90,$9.39,,,$4.00,$15.99,,24,,,,,2025-04-30
9126576,Baseball Cards 2025 Topps Chrome Black Autograph,Torii Hunter [Rose Gold Wave Refractor] #CBA-TH,$28.50,,,,,,,,,,,$9.30,$30.99,,,,,,1,,,,,2025-04-30
9126596,Baseball Cards 2025 Topps Chrome Black Autograph,Torii Hunter [Superfractor] #CBA-TH,,,,,,,,,,,,,,,,,,,0,,,,,2025-04-30
9126582,Baseball Cards 2025 Topps Chrome Black Autograph,Torii Hunter [White Refractor] #CBA-TH,$90.00,,,,,,,,,,,$39.60,$98.99,,,,,,1,,,,,2025-04-30
9126723,Baseball Cards 2025 Topps Chrome Black Autograph,Trey Sweeney #CBA-TS,$3.93,,$8.42,$15.74,$30.68,$45.08,$59.00,$27.00,$27.00,,,$0.90,$4.29,,,$1.90,$9.29,,31,,,,,2025-04-30
9126731,Baseball Cards 2025 Topps Chrome Black Autograph,Trey Sweeney [Blue Refractor] #CBA-TS,$5.38,,$9.69,$20.00,$22.00,$50.73,$66.00,$30.00,$30.00,,,$1.20,$5.89,,,$2.80,$10.99,,11,,,,,2025-04-30
9126744,Baseball Cards 2025 Topps Chrome Black Autograph,Trey Sweeney [Gold Mini Diamond Refractor] #CBA-TS,,,,,,,,,,,,,,,,,,,0,,,,,2025-04-30
9126740,Baseball Cards 2025 Topps Chrome Black Autograph,Trey Sweeney [Gold Refractor] #CBA-TS,$20.00,,$22.42,$39.23,$74.39,$106.86,$139.00,$64.00,$64.00,,,$6.60,$21.99,,,$7.50,$24.99,,9,,,,,2025-04-30
9126736,Baseball Cards 2025 Topps Chrome Black Autograph,Trey Sweeney [Green Refractor] #CBA-TS,$20.93,,$23.19,$40.53,$76.84,$110.47,$144.00,$66.00,$66.00,,,$6.90,$22.99,,,$7.80,$25.99,,11,,,,,2025-04-30
9126749,Baseball Cards 2025 Topps Chrome Black Autograph,Trey Sweeney [Orange Refractor] #CBA-TS,$10.64,,,,,,,,,,,$3.00,$11.99,,,,,,2,,,,,2025-04-30
9126761,Baseball Cards 2025 Topps Chrome Black Autograph,Trey Sweeney [Red Refractor] #CBA-TS,,,,,,,,,,,,,,,,,,,0,,,,,2025-04-30
9126727,Baseball Cards 2025 Topps Chrome Black Autograph,Trey Sweeney [Refractor] #CBA-TS,$7.00,,$11.10,$20.23,$39.05,$56.93,$74.00,$34.00,$34.00,,,$1.50,$7.69,,,$3.00,$11.99,,12,,,,,2025-04-30
9126754,Baseball Cards 2025 Topps Chrome Black Autograph,Trey Sweeney [Rose Gold Wave Refractor] #CBA-TS,$61.26,,,,,,,,,,,$26.80,$66.99,,,,,,2,,,,,2025-04-30
9126765,Baseball Cards 2025 Topps Chrome Black Autograph,Trey Sweeney [Superfractor] #CBA-TS,,,,,,,,,,,,,,,,,,,0,,,,,2025-04-30
9126759,Baseball Cards 2025 Topps Chrome Black Autograph,Trey Sweeney [White Refractor] #CBA-TS,$16.24,,,,,,,,,,,$4.50,$17.99,,,,,,2,,,,,2025-04-30
9126673,Baseball Cards 2025 Topps Chrome Black Autograph,Ty Madden #CBA-TM,$6.50,,$10.76,$12.00,$38.01,$55.49,$72.00,$33.00,$33.00,,,$1.40,$7.19,,,$3.00,$11.99,,32,,,,,2025-04-30
9126680,Baseball Cards 2025 Topps Chrome Black Autograph,Ty Madden [Blue Refractor] #CBA-TM,$9.99,,$13.71,$24.61,$47.20,$68.47,$89.00,$41.00,$41.00,,,$2.80,$10.99,,,$3.80,$14.99,,17,,,,,2025-04-30
9126695,Baseball Cards 2025 Topps Chrome Black Autograph,Ty Madden [Gold Mini Diamond Refractor] #CBA-TM,$19.95,,,,,,,,,,,$6.60,$21.99,,,,,,4,,,,,2025-04-30
9126692,Baseball Cards 2025 Topps Chrome Black Autograph,Ty Madden [Gold Refractor] #CBA-TM,$12.88,,$16.12,$28.68,$50.00,$51.10,$66.00,$31.00,$31.00,,,$3.50,$13.99,,,$4.50,$17.99,,13,,,,,2025-04-30
9126685,Baseball Cards 2025 Topps Chrome Black Autograph,Ty Madden [Green Refractor] #CBA-TM,$10.00,,$13.72,$24.63,$47.22,$68.50,$89.00,$41.00,$41.00,,,$2.80,$10.99,,,$3.80,$14.99,,12,,,,,2025-04-30
9126700,Baseball Cards 2025 Topps Chrome Black Autograph,Ty Madden [Orange Refractor] #CBA-TM,$25.00,,,,,,,,,,,$8.40,$27.99,,,,,,1,,,,,2025-04-30
9126715,Baseball Cards 2025 Topps Chrome Black Autograph,Ty Madden [Red Refractor] #CBA-TM,,,,,,,,,,,,,,,,,,,0,,,,,2025-04-30
9126676,Baseball Cards 2025 Topps Chrome Black Autograph,Ty Madden [Refractor] #CBA-TM,$9.50,,$13.28,$15.00,$45.86,$66.57,$87.00,$40.00,$40.00,,,$2.00,$9.99,,,$3.80,$14.99,,20,,,,,2025-04-30
9126704,Baseball Cards 2025 Topps Chrome Black Autograph,Ty Madden [Rose Gold Wave Refractor] #CBA-TM,$25.00,,,,,,,,,,,$8.40,$27.99,,,,,,2,,,,,2025-04-30
9126718,Baseball Cards 2025 Topps Chrome Black Autograph,Ty Madden [Superfractor] #CBA-TM,$255.00,,,,,,,,,,,$140.50,$281.00,,,,,,1,,,,,2025-04-30
9126709,Baseball Cards 2025 Topps Chrome Black Autograph,Ty Madden [White Refractor] #CBA-TM,$15.01,,,,,,,,,,,$4.30,$16.99,,,,,,2,,,,,2025-04-30
9126604,Baseball Cards 2025 Topps Chrome Black Autograph,Tyler Locklear #CBA-TL,$4.57,,$8.96,$9.50,$32.36,$47.49,$62.00,$28.00,$28.00,,,$1.00,$4.99,,,$2.00,$9.89,,33,,,,,2025-04-30
9126618,Baseball Cards 2025 Topps Chrome Black Autograph,Tyler Locklear [Blue Refractor] #CBA-TL,$6.08,,$10.63,$19.45,$37.59,$54.92,$71.00,$33.00,$33.00,,,$1.30,$6.69,,,$3.00,$11.99,,12,,,,,2025-04-30
9126641,Baseball Cards 2025 Topps Chrome Black Autograph,Tyler Locklear [Gold Mini Diamond Refractor] #CBA-TL,$28.89,,,,,,,,,,,$9.60,$31.99,,,,,,4,,,,,2025-04-30
9126636,Baseball Cards 2025 Topps Chrome Black Autograph,Tyler Locklear [Gold Refractor] #CBA-TL,$19.59,,$22.08,$23.00,$59.00,$59.99,$78.00,$36.00,$36.00,,,$6.60,$21.99,,,$7.20,$23.99,,13,,,,,2025-04-30
9126631,Baseball Cards 2025 Topps Chrome Black Autograph,Tyler Locklear [Green Refractor] #CBA-TL,$13.23,,$16.53,$29.36,$56.04,$81.01,$105.00,$49.00,$49.00,,,$3.80,$14.99,,,$4.50,$17.99,,7,,,,,2025-04-30
9126647,Baseball Cards 2025 Topps Chrome Black Autograph,Tyler Locklear [Orange Refractor] #CBA-TL,$40.00,,,,,,,,,,,$17.60,$43.99,,,,,,3,,,,,2025-04-30
9126659,Baseball Cards 2025 Topps Chrome Black Autograph,Tyler Locklear [Red Refractor] #CBA-TL,$60.00,,,,,,,,,,,$26.40,$65.99,,,,,,1,,,,,2025-04-30
9126612,Baseball Cards 2025 Topps Chrome Black Autograph,Tyler Locklear [Refractor] #CBA-TL,$10.48,,$14.13,$25.31,$48.49,$70.25,$91.00,$42.00,$42.00,,,$3.00,$11.99,,,$4.00,$15.99,,13,,,,,2025-04-30
9126652,Baseball Cards 2025 Topps Chrome Black Autograph,Tyler Locklear [Rose Gold Wave Refractor] #CBA-TL,$45.00,,,,,,,,,,,$20.00,$49.99,,,,,,1,,,,,2025-04-30
9126668,Baseball Cards 2025 Topps Chrome Black Autograph,Tyler Locklear [Superfractor] #CBA-TL,$745.00,,,,,,,,,,,$492.00,$820.00,,,,,,1,,,,,2025-04-30
9126656,Baseball Cards 2025 Topps Chrome Black Autograph,Tyler Locklear [White Refractor] #CBA-TL,,,,,,,,,,,,,,,,,,,0,,,,,2025-04-30
9126251,Baseball Cards 2025 Topps Chrome Black Autograph,Victor Martinez #CBA-VM,$15.39,,$18.07,$31.93,$60.83,$87.73,$114.00,$53.00,$53.00,,,$4.30,$16.99,,,$5.00,$19.99,,27,,,,,2025-04-30
9126275,Baseball Cards 2025 Topps Chrome Black Autograph,Victor Martinez [Blue Refractor] #CBA-VM,$18.49,,$22.15,$38.78,$73.57,$105.75,$137.00,$63.00,$63.00,,,$5.00,$19.99,,,$7.20,$23.99,,19,,,,,2025-04-30
9126289,Baseball Cards 2025 Topps Chrome Black Autograph,Victor Martinez [Gold Mini Diamond Refractor] #CBA-VM,$35.05,,,,,,,,,,,$15.60,$38.99,,,,,,3,,,,,2025-04-30
9126285,Baseball Cards 2025 Topps Chrome Black Autograph,Victor Martinez [Gold Refractor] #CBA-VM,$26.75,,$28.18,$48.90,$92.40,$132.39,$172.00,$79.00,$79.00,,,$8.70,$28.99,,,$9.30,$30.99,,6,,,,,2025-04-30
9126280,Baseball Cards 2025 Topps Chrome Black Autograph,Victor Martinez [Green Refractor] #CBA-VM,$14.99,,,,,,,,,,,$4.00,$15.99,,,,,,5,,,,,2025-04-30
9126294,Baseball Cards 2025 Topps Chrome Black Autograph,Victor Martinez [Orange Refractor] #CBA-VM,$35.00,,,,,,,,,,,$15.60,$38.99,,,,,,4,,,,,2025-04-30
9126321,Baseball Cards 2025 Topps Chrome Black Autograph,Victor Martinez [Red Refractor] #CBA-VM,$53.15,,,,,,,,,,,$23.20,$57.99,,,,,,1,,,,,2025-04-30
9126271,Baseball Cards 2025 Topps Chrome Black Autograph,Victor Martinez [Refractor] #CBA-VM,$10.00,,$15.89,$28.27,$54.00,$78.06,$101.00,$47.00,$47.00,,,$2.80,$10.99,,,$4.30,$16.99,,25,,,,,2025-04-30
9126302,Baseball Cards 2025 Topps Chrome Black Autograph,Victor Martinez [Rose Gold Wave Refractor] #CBA-VM,$60.00,,,,,,,,,,,$26.40,$65.99,,,,,,1,,,,,2025-04-30
9126327,Baseball Cards 2025 Topps Chrome Black Autograph,Victor Martinez [Superfractor] #CBA-VM,,,,,,,,,,,,,,,,,,,0,,,,,2025-04-30
9126308,Baseball Cards 2025 Topps Chrome Black Autograph,Victor Martinez [White Refractor] #CBA-VM,$24.53,,,,,,,,,,,$8.10,$26.99,,,,,,4,,,,,2025-04-30
9126333,Baseball Cards 2025 Topps Chrome Black Autograph,Victor Scott II #CBA-VS,$6.00,,$10.29,$18.86,$36.49,$41.00,$53.00,$25.00,$25.00,,,$1.30,$6.59,,,$2.80,$10.99,,26,,,,,2025-04-30
9126346,Baseball Cards 2025 Topps Chrome Black Autograph,Victor Scott II [Blue Refractor] #CBA-VS,$19.95,,$22.38,$39.16,$74.27,$106.70,$139.00,$64.00,$64.00,,,$6.60,$21.99,,,$7.50,$24.99,,14,,,,,2025-04-30
9126372,Baseball Cards 2025 Topps Chrome Black Autograph,Victor Scott II [Gold Mini Diamond Refractor] #CBA-VS,$63.00,,,,,,,,,,,$27.60,$68.99,,,,,,1,,,,,2025-04-30
9126357,Baseball Cards 2025 Topps Chrome Black Autograph,Victor Scott II [Gold Refractor] #CBA-VS,$75.00,,,,,,,,,,,$33.20,$82.99,,,,,,1,,,,,2025-04-30
9126352,Baseball Cards 2025 Topps Chrome Black Autograph,Victor Scott II [Green Refractor] #CBA-VS,$17.86,,$20.57,$36.13,$68.63,$98.77,$128.00,$59.00,$59.00,,,$5.00,$19.99,,,$6.90,$22.99,,11,,,,,2025-04-30
9126383,Baseball Cards 2025 Topps Chrome Black Autograph,Victor Scott II [Orange Refractor] #CBA-VS,$99.99,,,,,,,,,,,$55.00,$110.00,,,,,,4,,,,,2025-04-30
9126399,Baseball Cards 2025 Topps Chrome Black Autograph,Victor Scott II [Red Refractor] #CBA-VS,$87.35,,,,,,,,,,,$38.40,$95.99,,,,,,2,,,,,2025-04-30
9126340,Baseball Cards 2025 Topps Chrome Black Autograph,Victor Scott II [Refractor] #CBA-VS,$22.80,,$24.89,$43.42,$82.26,$118.28,$154.00,$71.00,$71.00,,,$7.50,$24.99,,,$8.10,$26.99,,19,,,,,2025-04-30
9126388,Baseball Cards 2025 Topps Chrome Black Autograph,Victor Scott II [Rose Gold Wave Refractor] #CBA-VS,$51.03,,,,,,,,,,,$22.40,$55.99,,,,,,2,,,,,2025-04-30
9126406,Baseball Cards 2025 Topps Chrome Black Autograph,Victor Scott II [Superfractor] #CBA-VS,,,,,,,,,,,,,,,,,,,0,,,,,2025-04-30
9126394,Baseball Cards 2025 Topps Chrome Black Autograph,Victor Scott II [White Refractor] #CBA-VS,$45.77,,,,,,,,,,,$20.00,$49.99,,,,,,2,,,,,2025-04-30
9126798,Baseball Cards 2025 Topps Chrome Black Autograph,Vince Coleman #CBA-VC,$8.50,,$36.20,$40.00,$43.14,$62.73,$82.00,$38.00,$38.00,,,$1.90,$9.39,,,$16.00,$39.99,,26,,,,,2025-04-30
9126804,Baseball Cards 2025 Topps Chrome Black Autograph,Vince Coleman [Blue Refractor] #CBA-VC,$17.50,,$20.24,$35.56,$67.56,$97.17,$126.00,$58.00,$58.00,,,$4.80,$18.99,,,$6.60,$21.99,,20,,,,,2025-04-30
9126811,Baseball Cards 2025 Topps Chrome Black Autograph,Vince Coleman [Gold Mini Diamond Refractor] #CBA-VC,$20.00,,$22.43,$39.25,$74.45,$107.00,$139.00,$64.00,$64.00,,,$6.60,$21.99,,,$7.50,$24.99,,9,,,,,2025-04-30
9126809,Baseball Cards 2025 Topps Chrome Black Autograph,Vince Coleman [Gold Refractor] #CBA-VC,$29.99,,,,,,,,,,,$9.90,$32.99,,,,,,5,,,,,2025-04-30
9126807,Baseball Cards 2025 Topps Chrome Black Autograph,Vince Coleman [Green Refractor] #CBA-VC,$21.44,,$23.70,$41.39,$78.46,$112.79,$147.00,$68.00,$68.00,,,$7.20,$23.99,,,$7.80,$25.99,,12,,,,,2025-04-30
9126813,Baseball Cards 2025 Topps Chrome Black Autograph,Vince Coleman [Orange Refractor] #CBA-VC,$40.00,,$39.84,$68.42,$128.71,$183.52,$239.00,$110.00,$110.00,,,$17.60,$43.99,,,$17.60,$43.99,,6,,,,,2025-04-30
9126823,Baseball Cards 2025 Topps Chrome Black Autograph,Vince Coleman [Red Refractor] #CBA-VC,,,,,,,,,,,,,,,,,,,0,,,,,2025-04-30
9126801,Baseball Cards 2025 Topps Chrome Black Autograph,Vince Coleman [Refractor] #CBA-VC,$17.50,,$20.25,$35.59,$67.63,$97.35,$127.00,$58.00,$58.00,,,$4.80,$18.99,,,$6.60,$21.99,,15,,,,,2025-04-30
9126816,Baseball Cards 2025 Topps Chrome Black Autograph,Vince Coleman [Rose Gold Wave Refractor] #CBA-VC,$57.00,,,,,,,,,,,$25.20,$62.99,,,,,,2,,,,,2025-04-30
9126827,Baseball Cards 2025 Topps Chrome Black Autograph,Vince Coleman [Superfractor] #CBA-VC,,,,,,,,,,,,,,,,,,,0,,,,,2025-04-30
9126819,Baseball Cards 2025 Topps Chrome Black Autograph,Vince Coleman [White Refractor] #CBA-VC,$65.00,,,,,,,,,,,$28.80,$71.99,,,,,,1,,,,,2025-04-30
9126828,Baseball Cards 2025 Topps Chrome Black Autograph,Vladimir Guerrero Jr. #CBA-VG,$63.93,,$60.81,$103.63,$194.25,$276.27,$359.00,$166.00,$166.00,,,$28.00,$69.99,,,$26.80,$66.99,,9,,,,,2025-04-30
9126833,Baseball Cards 2025 Topps Chrome Black Autograph,Vladimir Guerrero Jr. [Blue Refractor] #CBA-VG,$200.00,,,,,,,,,,,$110.00,$220.00,,,,,,1,,,,,2025-04-30
9126844,Baseball Cards 2025 Topps Chrome Black Autograph,Vladimir Guerrero Jr. [Gold Mini Diamond Refractor] #CBA-VG,,,,,,,,,,,,,,,,,,,0,,,,,2025-04-30
9126841,Baseball Cards 2025 Topps Chrome Black Autograph,Vladimir Guerrero Jr. [Gold Refractor] #CBA-VG,$136.49,,$123.95,$209.58,$391.48,$555.27,$722.00,$333.00,$333.00,,,$75.00,$150.00,,,$68.00,$136.00,,10,,,,,2025-04-30
9126837,Baseball Cards 2025 Topps Chrome Black Autograph,Vladimir Guerrero Jr. [Green Refractor] #CBA-VG,,,,,,,,,,,,,,,,,,,0,,,,,2025-04-30
9126848,Baseball Cards 2025 Topps Chrome Black Autograph,Vladimir Guerrero Jr. [Orange Refractor] #CBA-VG,$102.50,,$94.27,$135.00,$298.53,$423.32,$550.00,$254.00,$254.00,,,$56.50,$113.00,,,$52.00,$104.00,,9,,,,,2025-04-30
9126857,Baseball Cards 2025 Topps Chrome Black Autograph,Vladimir Guerrero Jr. [Red Refractor] #CBA-VG,,,,,,,,,,,,,,,,,,,0,,,,,2025-04-30
9126831,Baseball Cards 2025 Topps Chrome Black Autograph,Vladimir Guerrero Jr. [Refractor] #CBA-VG,,,,,,,,,,,,,,,,,,,0,,,,,2025-04-30
9126851,Baseball Cards 2025 Topps Chrome Black Autograph,Vladimir Guerrero Jr. [Rose Gold Wave Refractor] #CBA-VG,,,,,,,,,,,,,,,,,,,0,,,,,2025-04-30
9126861,Baseball Cards 2025 Topps Chrome Black Autograph,Vladimir Guerrero Jr. [Superfractor] #CBA-VG,,,,,,,,,,,,,,,,,,,0,,,,,2025-04-30
9126855,Baseball Cards 2025 Topps Chrome Black Autograph,Vladimir Guerrero Jr. [White Refractor] #CBA-VG,,,,,,,,,,,,,,,,,,,0,,,,,2025-04-30
9126454,Baseball Cards 2025 Topps Chrome Black Autograph,Will Wagner #CBA-WW,$5.00,,$9.45,$17.47,$33.91,$49.67,$65.00,$30.00,$30.00,,,$1.10,$5.49,,,$2.00,$9.99,,32,,,,,2025-04-30
9126462,Baseball Cards 2025 Topps Chrome Black Autograph,Will Wagner [Blue Refractor] #CBA-WW,$3.99,,$8.48,$15.83,$30.84,$45.31,$59.00,$27.00,$27.00,,,$0.90,$4.39,,,$1.90,$9.29,,11,,,,,2025-04-30
9126472,Baseball Cards 2025 Topps Chrome Black Autograph,Will Wagner [Gold Mini Diamond Refractor] #CBA-WW,$29.50,,,,,,,,,,,$9.60,$31.99,,,,,,2,,,,,2025-04-30
9126468,Baseball Cards 2025 Topps Chrome Black Autograph,Will Wagner [Gold Refractor] #CBA-WW,$20.50,,$22.86,$39.97,$75.77,$108.84,$141.00,$65.00,$65.00,,,$6.90,$22.99,,,$7.50,$24.99,,8,,,,,2025-04-30
9126465,Baseball Cards 2025 Topps Chrome Black Autograph,Will Wagner [Green Refractor] #CBA-WW,$6.75,,,,,,,,,,,$1.50,$7.39,,,,,,5,,,,,2025-04-30
9126477,Baseball Cards 2025 Topps Chrome Black Autograph,Will Wagner [Orange Refractor] #CBA-WW,$25.91,,,,,,,,,,,$8.70,$28.99,,,,,,5,,,,,2025-04-30
9126485,Baseball Cards 2025 Topps Chrome Black Autograph,Will Wagner [Red Refractor] #CBA-WW,$51.50,,,$42.65,$47.00,,,,,,,$22.80,$56.99,,,,,,3,,,,,2025-04-30
9126458,Baseball Cards 2025 Topps Chrome Black Autograph,Will Wagner [Refractor] #CBA-WW,$3.35,,$7.92,$14.90,$29.12,$42.90,$56.00,$26.00,$26.00,,,,$3.69,,,$1.70,$8.69,,7,,,,,2025-04-30
9126481,Baseball Cards 2025 Topps Chrome Black Autograph,Will Wagner [Rose Gold Wave Refractor] #CBA-WW,$9.00,,,,,,,,,,,$2.00,$9.89,,,,,,2,,,,,2025-04-30
9126487,Baseball Cards 2025 Topps Chrome Black Autograph,Will Wagner [Superfractor] #CBA-WW,,,,,,,,,,,,,,,,,,,0,,,,,2025-04-30
9126484,Baseball Cards 2025 Topps Chrome Black Autograph,Will Wagner [White Refractor] #CBA-WW,$75.00,,,,,,,,,,,$33.20,$82.99,,,,,,1,,,,,2025-04-30
9126486,Baseball Cards 2025 Topps Chrome Black Autograph,Will Warren #CBA-WWA,$15.43,,$18.40,$32.47,$38.00,$39.00,$51.00,$23.00,$23.00,,,$4.30,$16.99,,,$5.00,$19.99,,70,,,,,2025-04-30
9126492,Baseball Cards 2025 Topps Chrome Black Autograph,Will Warren [Blue Refractor] #CBA-WWA,$40.71,,$39.85,$44.00,$128.84,$183.90,$239.00,$110.00,$110.00,,,$18.00,$44.99,,,$17.60,$43.99,,25,,,,,2025-04-30
9126506,Baseball Cards 2025 Topps Chrome Black Autograph,Will Warren [Gold Mini Diamond Refractor] #CBA-WWA,$74.50,,,$75.00,$83.00,,,,,,,$32.80,$81.99,,,,,,5,,,,,2025-04-30
9126503,Baseball Cards 2025 Topps Chrome Black Autograph,Will Warren [Gold Refractor] #CBA-WWA,$69.69,,$66.04,$112.38,$210.53,$299.19,$389.00,$180.00,$180.00,,,$30.80,$76.99,,,$29.20,$72.99,,9,,,,,2025-04-30
9126496,Baseball Cards 2025 Topps Chrome Black Autograph,Will Warren [Green Refractor] #CBA-WWA,$40.00,,$39.14,$67.33,$126.76,$181.24,$236.00,$109.00,$109.00,,,$17.60,$43.99,,,$17.20,$42.99,,19,,,,,2025-04-30
9126512,Baseball Cards 2025 Topps Chrome Black Autograph,Will Warren [Orange Refractor] #CBA-WWA,$95.00,,,,,,,,,,,$52.50,$105.00,,,,,,3,,,,,2025-04-30
9126527,Baseball Cards 2025 Topps Chrome Black Autograph,Will Warren [Red Refractor] #CBA-WWA,,,,,,,,,,,,,,,,,,,0,,,,,2025-04-30
9126489,Baseball Cards 2025 Topps Chrome Black Autograph,Will Warren [Refractor] #CBA-WWA,$26.00,,$29.94,$51.82,$97.81,$139.89,$182.00,$84.00,$84.00,,,$8.70,$28.99,,,$9.90,$32.99,,16,,,,,2025-04-30
9126519,Baseball Cards 2025 Topps Chrome Black Autograph,Will Warren [Rose Gold Wave Refractor] #CBA-WWA,$100.00,,,,,,,,,,,$55.00,$110.00,,,,,,4,,,,,2025-04-30
9126532,Baseball Cards 2025 Topps Chrome Black Autograph,Will Warren [Superfractor] #CBA-WWA,,,,,,,,,,,,,,,,,,,0,,,,,2025-04-30
9126524,Baseball Cards 2025 Topps Chrome Black Autograph,Will Warren [White Refractor] #CBA-WWA,$95.00,,,,,,,,,,,$52.50,$105.00,,,,,,2,,,,,2025-04-30
9126412,Baseball Cards 2025 Topps Chrome Black Autograph,Wyatt Langford #CBA-WL,$55.00,,$52.41,$55.02,$104.00,$106.00,$138.00,$64.00,$64.00,,,$24.40,$60.99,,,$23.20,$57.99,,23,,,,,2025-04-30
9126421,Baseball Cards 2025 Topps Chrome Black Autograph,Wyatt Langford [Blue Refractor] #CBA-WL,$73.26,,$69.37,$70.00,$147.00,$150.00,$195.00,$90.00,$90.00,,,$32.40,$80.99,,,$30.40,$75.99,,26,,,,,2025-04-30
9126433,Baseball Cards 2025 Topps Chrome Black Autograph,Wyatt Langford [Gold Mini Diamond Refractor] #CBA-WL,$134.69,,,,,,,,,,,$74.00,$148.00,,,,,,3,,,,,2025-04-30
9126430,Baseball Cards 2025 Topps Chrome Black Autograph,Wyatt Langford [Gold Refractor] #CBA-WL,$64.20,,,,,,,,,,,$28.40,$70.99,,,,,,5,,,,,2025-04-30
9126425,Baseball Cards 2025 Topps Chrome Black Autograph,Wyatt Langford [Green Refractor] #CBA-WL,$80.50,,$75.17,$80.00,$239.21,$340.10,$442.00,$204.00,$204.00,,,$35.60,$88.99,,,$33.20,$82.99,,15,,,,,2025-04-30
9126435,Baseball Cards 2025 Topps Chrome Black Autograph,Wyatt Langford [Orange Refractor] #CBA-WL,$118.67,,$108.42,$183.54,$343.03,$486.83,$633.00,$292.00,$292.00,,,$65.50,$131.00,,,$59.50,$119.00,,7,,,,,2025-04-30
9126451,Baseball Cards 2025 Topps Chrome Black Autograph,Wyatt Langford [Red Refractor] #CBA-WL,$359.95,,,,,,,,,,,$198.00,$396.00,,,,,,1,,,,,2025-04-30
9126417,Baseball Cards 2025 Topps Chrome Black Autograph,Wyatt Langford [Refractor] #CBA-WL,,,,,,,,,,,,,,,,,,,0,,,,,2025-04-30
9126440,Baseball Cards 2025 Topps Chrome Black Autograph,Wyatt Langford [Rose Gold Wave Refractor] #CBA-WL,,,,,,,,,,,,,,,,,,,0,,,,,2025-04-30
9126453,Baseball Cards 2025 Topps Chrome Black Autograph,Wyatt Langford [Superfractor] #CBA-WL,,,,,,,,,,,,,,,,,,,0,,,,,2025-04-30
9126444,Baseball Cards 2025 Topps Chrome Black Autograph,Wyatt Langford [White Refractor] #CBA-WL,$263.75,,,,,,,,,,,$145.00,$290.00,,,,,,3,,,,,2025-04-30
9126536,Baseball Cards 2025 Topps Chrome Black Autograph,Yoshinobu Yamamoto #CBA-YY,$500.00,,$327.34,$561.16,$1058.93,$1147.20,$1491.00,$688.00,$688.00,,,$330.00,$550.00,,,$180.00,$360.00,,17,,,,,2025-04-30
9126548,Baseball Cards 2025 Topps Chrome Black Autograph,Yoshinobu Yamamoto [Blue Refractor] #CBA-YY,,,,,,,,,,,,,,,,,,,0,,,,,2025-04-30
9126563,Baseball Cards 2025 Topps Chrome Black Autograph,Yoshinobu Yamamoto [Gold Mini Diamond Refractor] #CBA-YY,,,,,,,,,,,,,,,,,,,0,,,,,2025-04-30
9126557,Baseball Cards 2025 Topps Chrome Black Autograph,Yoshinobu Yamamoto [Gold Refractor] #CBA-YY,$558.98,,$493.76,$829.88,$1545.86,$2186.48,$2842.00,$1312.00,$1312.00,,,$369.00,$615.00,,,$325.80,$543.00,,7,,,,,2025-04-30
9126552,Baseball Cards 2025 Topps Chrome Black Autograph,Yoshinobu Yamamoto [Green Refractor] #CBA-YY,,,,,,,,,,,,,,,,,,,0,,,,,2025-04-30
9126566,Baseball Cards 2025 Topps Chrome Black Autograph,Yoshinobu Yamamoto [Orange Refractor] #CBA-YY,$925.00,,,$1250.00,$1375.00,,,,,,,$610.80,$1018.00,,,,,,5,,,,,2025-04-30
9126577,Baseball Cards 2025 Topps Chrome Black Autograph,Yoshinobu Yamamoto [Red Refractor] #CBA-YY,,,,,,,,,,,,,,,,,,,0,,,,,2025-04-30
9126542,Baseball Cards 2025 Topps Chrome Black Autograph,Yoshinobu Yamamoto [Refractor] #CBA-YY,$1399.00,,,,,,,,,,,$923.40,$1539.00,,,,,,1,,,,,2025-04-30
9126569,Baseball Cards 2025 Topps Chrome Black Autograph,Yoshinobu Yamamoto [Rose Gold Wave Refractor] #CBA-YY,$1250.00,,,,,,,,,,,$825.00,$1375.00,,,,,,1,,,,,2025-04-30
9126584,Baseball Cards 2025 Topps Chrome Black Autograph,Yoshinobu Yamamoto [Superfractor] #CBA-YY,,,,,,,,,,,,,,,,,,,0,,,,,2025-04-30
9127142,Baseball Cards 2025 Topps Chrome Black Autograph,Yoshinobu Yamamoto [White Refractor] #CBA-YY,$1221.96,,,,,,,,,,,$806.40,$1344.00,,,,,,2,,,,,2025-04-30
9126591,Baseball Cards 2025 Topps Chrome Black Autograph,Zebby Matthews #CBA-ZM,$4.50,,$9.36,$17.31,$33.60,$49.22,$64.00,$30.00,$30.00,,,$1.00,$4.99,,,$2.00,$9.99,,30,,,,,2025-04-30
9126601,Baseball Cards 2025 Topps Chrome Black Autograph,Zebby Matthews [Blue Refractor] #CBA-ZM,$7.50,,$11.54,$20.97,$40.42,$58.88,$77.00,$35.00,$35.00,,,$1.70,$8.29,,,$3.30,$12.99,,17,,,,,2025-04-30
9126628,Baseball Cards 2025 Topps Chrome Black Autograph,Zebby Matthews [Gold Mini Diamond Refractor] #CBA-ZM,$26.70,,,,,,,,,,,$8.70,$28.99,,,,,,2,,,,,2025-04-30
9126623,Baseball Cards 2025 Topps Chrome Black Autograph,Zebby Matthews [Gold Refractor] #CBA-ZM,$17.98,,$25.48,$44.35,$83.93,$120.35,$156.00,$72.00,$72.00,,,$5.00,$19.99,,,$8.40,$27.99,,10,,,,,2025-04-30
9126617,Baseball Cards 2025 Topps Chrome Black Autograph,Zebby Matthews [Green Refractor] #CBA-ZM,$17.25,,$20.03,$35.21,$66.92,$96.31,$125.00,$58.00,$58.00,,,$4.80,$18.99,,,$6.60,$21.99,,11,,,,,2025-04-30
9126632,Baseball Cards 2025 Topps Chrome Black Autograph,Zebby Matthews [Orange Refractor] #CBA-ZM,$55.50,,,,,,,,,,,$24.40,$60.99,,,,,,3,,,,,2025-04-30
9126644,Baseball Cards 2025 Topps Chrome Black Autograph,Zebby Matthews [Red Refractor] #CBA-ZM,$201.25,,,,,,,,,,,$110.50,$221.00,,,,,,2,,,,,2025-04-30
9126595,Baseball Cards 2025 Topps Chrome Black Autograph,Zebby Matthews [Refractor] #CBA-ZM,$35.70,,$36.11,$62.20,$117.15,$167.36,$218.00,$100.00,$100.00,,,$15.60,$38.99,,,$16.00,$39.99,,12,,,,,2025-04-30
9126637,Baseball Cards 2025 Topps Chrome Black Autograph,Zebby Matthews [Rose Gold Wave Refractor] #CBA-ZM,$13.29,,,,,,,,,,,$3.80,$14.99,,,,,,3,,,,,2025-04-30
9126648,Baseball Cards 2025 Topps Chrome Black Autograph,Zebby Matthews [Superfractor] #CBA-ZM,$551.00,,,,,,,,,,,$363.60,$606.00,,,,,,1,,,,,2025-04-30
9126639,Baseball Cards 2025 Topps Chrome Black Autograph,Zebby Matthews [White Refractor] #CBA-ZM,$100.00,,,,,,,,,,,$55.00,$110.00,,,,,,1,,,,,2025-04-30
