id,console-name,product-name,loose-price,cib-price,new-price,graded-price,box-only-price,manual-only-price,bgs-10-price,condition-17-price,condition-18-price,gamestop-price,gamestop-trade-price,retail-loose-buy,retail-loose-sell,retail-cib-buy,retail-cib-sell,retail-new-buy,retail-new-sell,upc,sales-volume,genre,tcg-id,asin,epid,release-date
1354261,Baseball Cards 2016 Bowman Chrome Prospects,A.J. Reed #BCP-92,$0.34,,,,,,,,,,,,$0.99,,,,,,1,,,,,2016-07-09
1354411,Baseball Cards 2016 Bowman Chrome Prospects,A.J. Reed [Blue Refractor] #BCP-92,$1.99,,,,,,,,,,,,$2.19,,,,,,1,,,,,2016-07-09
1354561,Baseball Cards 2016 Bowman Chrome Prospects,A.J. Reed [Gold Refractor] #BCP-92,$2.00,,,,,,,,,,,,$2.19,,,,,,1,,,,,2016-07-09
1354711,Baseball Cards 2016 Bowman Chrome Prospects,A.J. Reed [Green Refractor] #BCP-92,$2.78,,,,,,,,,,,,$3.09,,,,,,0,,,,,2016-07-09
1354861,Baseball Cards 2016 Bowman Chrome Prospects,A.J. Reed [Green Shimmer Refractor] #BCP-92,$1.99,,,,,,,,,,,,$2.19,,,,,,1,,,,,2016-07-09
1355011,Baseball Cards 2016 Bowman Chrome Prospects,A.J. Reed [Light Blue Refractor] #BCP-92,$19.99,,,,,,,,,,,$6.60,$21.99,,,,,,1,,,,,2016-07-09
1355161,Baseball Cards 2016 Bowman Chrome Prospects,A.J. Reed [Orange Refractor] #BCP-92,$3.99,,,,,,,,,,,$0.90,$4.39,,,,,,0,,,,,2016-07-09
1355310,Baseball Cards 2016 Bowman Chrome Prospects,A.J. Reed [Orange Shimmer Refractor] #BCP-92,$17.79,,,,,,,,,,,$5.00,$19.99,,,,,,0,,,,,2016-07-09
10455730,Baseball Cards 2016 Bowman Chrome Prospects,A.J. Reed [Printing Plate] #BCP-92,,,,,,,,,,,,,,,,,,,0,,,,,2016-09-07
1355457,Baseball Cards 2016 Bowman Chrome Prospects,A.J. Reed [Purple Refractor] #BCP-92,$2.18,,$7.99,,,,,,,,,,$2.39,,,$1.80,$8.79,,2,,,,,2016-07-09
1355605,Baseball Cards 2016 Bowman Chrome Prospects,A.J. Reed [Red Refractor] #BCP-92,$29.00,,,,,,,,,,,$9.60,$31.99,,,,,,0,,,,,2016-07-09
1355754,Baseball Cards 2016 Bowman Chrome Prospects,A.J. Reed [Refractor] #BCP-92,$0.99,,,,,,,,,,,,$1.09,,,,,,1,,,,,2016-07-09
10455731,Baseball Cards 2016 Bowman Chrome Prospects,A.J. Reed [Superfractor] #BCP-92,,,,,,,,,,,,,,,,,,,0,,,,,2016-09-07
1354304,Baseball Cards 2016 Bowman Chrome Prospects,Adam Brett Walker II #BCP-135,$0.25,,,,,,,,,,,,$0.99,,,,,,0,,,,,2016-07-09
1354454,Baseball Cards 2016 Bowman Chrome Prospects,Adam Brett Walker II [Blue Refractor] #BCP-135,$0.25,,,,,,,,,,,,$0.99,,,,,,0,,,,,2016-07-09
1354604,Baseball Cards 2016 Bowman Chrome Prospects,Adam Brett Walker II [Gold Refractor] #BCP-135,$1.99,,,,,,,,,,,,$2.19,,,,,,1,,,,,2016-07-09
1354754,Baseball Cards 2016 Bowman Chrome Prospects,Adam Brett Walker II [Green Refractor] #BCP-135,$0.25,,,,,,,,,,,,$0.99,,,,,,0,,,,,2016-07-09
1354904,Baseball Cards 2016 Bowman Chrome Prospects,Adam Brett Walker II [Green Shimmer Refractor] #BCP-135,$0.25,,,,,,,,,,,,$0.99,,,,,,0,,,,,2016-07-09
1355054,Baseball Cards 2016 Bowman Chrome Prospects,Adam Brett Walker II [Light Blue Refractor] #BCP-135,,,,,,,,,,,,,,,,,,,0,,,,,2016-07-09
1355204,Baseball Cards 2016 Bowman Chrome Prospects,Adam Brett Walker II [Orange Refractor] #BCP-135,$7.43,,,,,,,,,,,$1.60,$8.19,,,,,,0,,,,,2016-07-09
1355353,Baseball Cards 2016 Bowman Chrome Prospects,Adam Brett Walker II [Orange Shimmer Refractor] #BCP-135,$12.04,,,,,,,,,,,$3.30,$12.99,,,,,,0,,,,,2016-07-09
10455814,Baseball Cards 2016 Bowman Chrome Prospects,Adam Brett Walker II [Printing Plate] #BCP-135,,,,,,,,,,,,,,,,,,,0,,,,,2016-09-07
1355498,Baseball Cards 2016 Bowman Chrome Prospects,Adam Brett Walker II [Purple Refractor] #BCP-135,$0.25,,,,,,,,,,,,$0.99,,,,,,0,,,,,2016-07-09
1355648,Baseball Cards 2016 Bowman Chrome Prospects,Adam Brett Walker II [Red Refractor] #BCP-135,$19.99,,,,,,,,,,,$6.60,$21.99,,,,,,0,,,,,2016-07-09
1355797,Baseball Cards 2016 Bowman Chrome Prospects,Adam Brett Walker II [Refractor] #BCP-135,$0.25,,,,,,,,,,,,$0.99,,,,,,0,,,,,2016-07-09
10455816,Baseball Cards 2016 Bowman Chrome Prospects,Adam Brett Walker II [Superfractor] #BCP-135,,,,,,,,,,,,,,,,,,,0,,,,,2016-09-07
1354271,Baseball Cards 2016 Bowman Chrome Prospects,Alen Hanson #BCP-102,$1.16,,,,,,,,,,,,$1.29,,,,,,1,,,,,2016-07-09
1354421,Baseball Cards 2016 Bowman Chrome Prospects,Alen Hanson [Blue Refractor] #BCP-102,$0.25,,,,,,,,,,,,$0.99,,,,,,0,,,,,2016-07-09
1354571,Baseball Cards 2016 Bowman Chrome Prospects,Alen Hanson [Gold Refractor] #BCP-102,$2.26,,,,,,,,,,,,$2.49,,,,,,0,,,,,2016-07-09
1354721,Baseball Cards 2016 Bowman Chrome Prospects,Alen Hanson [Green Refractor] #BCP-102,$0.25,,,,,,,,,,,,$0.99,,,,,,0,,,,,2016-07-09
1354871,Baseball Cards 2016 Bowman Chrome Prospects,Alen Hanson [Green Shimmer Refractor] #BCP-102,$2.54,,,,,,,,,,,,$2.79,,,,,,0,,,,,2016-07-09
1355021,Baseball Cards 2016 Bowman Chrome Prospects,Alen Hanson [Light Blue Refractor] #BCP-102,,,,,,,,,,,,,,,,,,,0,,,,,2016-07-09
1355171,Baseball Cards 2016 Bowman Chrome Prospects,Alen Hanson [Orange Refractor] #BCP-102,$4.99,,,,,,,,,,,$1.10,$5.49,,,,,,0,,,,,2016-07-09
1355320,Baseball Cards 2016 Bowman Chrome Prospects,Alen Hanson [Orange Shimmer Refractor] #BCP-102,$3.98,,,,,,,,,,,$0.90,$4.39,,,,,,0,,,,,2016-07-09
10455751,Baseball Cards 2016 Bowman Chrome Prospects,Alen Hanson [Printing Plate] #BCP-102,,,,,,,,,,,,,,,,,,,0,,,,,2016-09-07
1355465,Baseball Cards 2016 Bowman Chrome Prospects,Alen Hanson [Purple Refractor] #BCP-102,$0.25,,,,,,,,,,,,$0.99,,,,,,0,,,,,2016-07-09
1355615,Baseball Cards 2016 Bowman Chrome Prospects,Alen Hanson [Red Refractor] #BCP-102,,,,,,,,,,,,,,,,,,,0,,,,,2016-07-09
1355764,Baseball Cards 2016 Bowman Chrome Prospects,Alen Hanson [Refractor] #BCP-102,$0.25,,,,,,,,,,,,$0.99,,,,,,0,,,,,2016-07-09
10455750,Baseball Cards 2016 Bowman Chrome Prospects,Alen Hanson [Superfractor] #BCP-102,,,,,,,,,,,,,,,,,,,0,,,,,2016-09-07
1354288,Baseball Cards 2016 Bowman Chrome Prospects,Alex Blandino #BCP-119,$1.13,,,$51.00,$56.00,$61.00,$79.00,$37.00,$37.00,,,,$1.19,,,,,,3,,,,,2016-07-09
1354438,Baseball Cards 2016 Bowman Chrome Prospects,Alex Blandino [Blue Refractor] #BCP-119,$0.99,,,,,,,,,,,,$1.09,,,,,,1,,,,,2016-07-09
1354588,Baseball Cards 2016 Bowman Chrome Prospects,Alex Blandino [Gold Refractor] #BCP-119,$1.63,,,,,,,,,,,,$1.79,,,,,,1,,,,,2016-07-09
1354738,Baseball Cards 2016 Bowman Chrome Prospects,Alex Blandino [Green Refractor] #BCP-119,$0.99,,,,,,,,,,,,$1.09,,,,,,1,,,,,2016-07-09
1354888,Baseball Cards 2016 Bowman Chrome Prospects,Alex Blandino [Green Shimmer Refractor] #BCP-119,$0.25,,,,,,,,,,,,$0.99,,,,,,0,,,,,2016-07-09
1355038,Baseball Cards 2016 Bowman Chrome Prospects,Alex Blandino [Light Blue Refractor] #BCP-119,,,,,,,,,,,,,,,,,,,0,,,,,2016-07-09
1355188,Baseball Cards 2016 Bowman Chrome Prospects,Alex Blandino [Orange Refractor] #BCP-119,$1.62,,,,,,,,,,,,$1.79,,,,,,1,,,,,2016-07-09
1355337,Baseball Cards 2016 Bowman Chrome Prospects,Alex Blandino [Orange Shimmer Refractor] #BCP-119,$3.22,,,,,,,,,,,,$3.49,,,,,,1,,,,,2016-07-09
10455783,Baseball Cards 2016 Bowman Chrome Prospects,Alex Blandino [Printing Plate] #BCP-119,,,,,,,,,,,,,,,,,,,0,,,,,2016-09-07
1355482,Baseball Cards 2016 Bowman Chrome Prospects,Alex Blandino [Purple Refractor] #BCP-119,$3.06,,,,,,,,,,,,$3.39,,,,,,1,,,,,2016-07-09
1355632,Baseball Cards 2016 Bowman Chrome Prospects,Alex Blandino [Red Refractor] #BCP-119,$7.12,,,,,,,,,,,$1.60,$7.79,,,,,,1,,,,,2016-07-09
1355781,Baseball Cards 2016 Bowman Chrome Prospects,Alex Blandino [Refractor] #BCP-119,$1.99,,,,,,,,,,,,$2.19,,,,,,1,,,,,2016-07-09
10455784,Baseball Cards 2016 Bowman Chrome Prospects,Alex Blandino [Superfractor] #BCP-119,,,,,,,,,,,,,,,,,,,0,,,,,2016-09-07
1354173,Baseball Cards 2016 Bowman Chrome Prospects,Alex Bregman #BCP-4,$1.91,$5.00,$6.28,$11.33,$18.68,$29.17,$38.00,$18.00,$18.00,,,,$2.09,$1.10,$5.49,$1.40,$6.89,,141,,,,,2016-07-09
1354323,Baseball Cards 2016 Bowman Chrome Prospects,Alex Bregman [Blue Refractor] #BCP-4,$24.94,,,$79.99,$88.00,,,,,,,$8.10,$26.99,,,,,,2,,,,,2016-07-09
1354473,Baseball Cards 2016 Bowman Chrome Prospects,Alex Bregman [Gold Refractor] #BCP-4,$53.03,,,$86.00,$174.95,,,,,,,$23.20,$57.99,,,,,,5,,,,,2016-07-09
1354623,Baseball Cards 2016 Bowman Chrome Prospects,Alex Bregman [Green Refractor] #BCP-4,$16.06,,,$50.13,$55.00,$199.99,$260.00,$120.00,$120.00,,,$4.50,$17.99,,,,,,5,,,,,2016-07-09
1354773,Baseball Cards 2016 Bowman Chrome Prospects,Alex Bregman [Green Shimmer Refractor] #BCP-4,$76.15,,,$79.99,$88.00,,,,,,,$33.60,$83.99,,,,,,1,,,,,2016-07-09
1354923,Baseball Cards 2016 Bowman Chrome Prospects,Alex Bregman [Light Blue Refractor] #BCP-4,,,,,,,,,,,,,,,,,,,0,,,,,2016-07-09
1355073,Baseball Cards 2016 Bowman Chrome Prospects,Alex Bregman [Orange Refractor] #BCP-4,$249.99,,,$152.50,$155.00,,,,,,,$137.50,$275.00,,,,,,3,,,,,2016-07-09
1355223,Baseball Cards 2016 Bowman Chrome Prospects,Alex Bregman [Orange Shimmer Refractor] #BCP-4,,,,$190.00,$209.00,$227.50,$296.00,$137.00,$137.00,,,,,,,,,,2,,,,,2016-07-09
10455560,Baseball Cards 2016 Bowman Chrome Prospects,Alex Bregman [Printing Plate] #BCP-4,,,,,,,,,,,,,,,,,,,0,,,,,2016-09-07
1355371,Baseball Cards 2016 Bowman Chrome Prospects,Alex Bregman [Purple Refractor] #BCP-4,$12.00,,$120.00,$132.00,$145.00,,$199.99,,,,,$3.30,$12.99,,,$66.00,$132.00,,4,,,,,2016-07-09
1355517,Baseball Cards 2016 Bowman Chrome Prospects,Alex Bregman [Red Refractor] #BCP-4,,,,,,,,,,,,,,,,,,,0,,,,,2016-07-09
1355666,Baseball Cards 2016 Bowman Chrome Prospects,Alex Bregman [Refractor] #BCP-4,$18.66,,$5.50,$26.96,$32.00,$32.50,$42.00,$20.00,$20.00,,,$6.30,$20.99,,,$1.20,$6.09,,6,,,,,2016-07-09
10455561,Baseball Cards 2016 Bowman Chrome Prospects,Alex Bregman [Superfractor] #BCP-4,,,,,,,,,,,,,,,,,,,0,,,,,2016-09-07
1354277,Baseball Cards 2016 Bowman Chrome Prospects,Alex Reyes #BCP-108,$0.99,,,,,,,,,,,,$1.09,,,,,,1,,,,,2016-07-09
1354427,Baseball Cards 2016 Bowman Chrome Prospects,Alex Reyes [Blue Refractor] #BCP-108,$3.33,,,,,$1.04,$1.00,$1.00,$1.00,,,,$3.69,,,,,,1,,,,,2016-07-09
1354577,Baseball Cards 2016 Bowman Chrome Prospects,Alex Reyes [Gold Refractor] #BCP-108,$21.04,,,$6.50,$7.00,,,,,,,$6.90,$22.99,,,,,,1,,,,,2016-07-09
1354727,Baseball Cards 2016 Bowman Chrome Prospects,Alex Reyes [Green Refractor] #BCP-108,$2.49,,,,,,,,,,,,$2.69,,,,,,0,,,,,2016-07-09
1354877,Baseball Cards 2016 Bowman Chrome Prospects,Alex Reyes [Green Shimmer Refractor] #BCP-108,$3.24,,,,,,,,,,,,$3.59,,,,,,0,,,,,2016-07-09
1355027,Baseball Cards 2016 Bowman Chrome Prospects,Alex Reyes [Light Blue Refractor] #BCP-108,,,,,,,,,,,,,,,,,,,0,,,,,2016-07-09
1355177,Baseball Cards 2016 Bowman Chrome Prospects,Alex Reyes [Orange Refractor] #BCP-108,,,,,,,,,,,,,,,,,,,0,,,,,2016-07-09
1355326,Baseball Cards 2016 Bowman Chrome Prospects,Alex Reyes [Orange Shimmer Refractor] #BCP-108,$3.00,,,,,,,,,,,,$3.29,,,,,,1,,,,,2016-07-09
10455761,Baseball Cards 2016 Bowman Chrome Prospects,Alex Reyes [Printing Plate] #BCP-108,,,,,,,,,,,,,,,,,,,0,,,,,2016-09-07
1355471,Baseball Cards 2016 Bowman Chrome Prospects,Alex Reyes [Purple Refractor] #BCP-108,$0.25,,,,,,,,,,,,$0.99,,,,,,0,,,,,2016-07-09
1355621,Baseball Cards 2016 Bowman Chrome Prospects,Alex Reyes [Red Refractor] #BCP-108,,,,,,,,,,,,,,,,,,,0,,,,,2016-07-09
1355770,Baseball Cards 2016 Bowman Chrome Prospects,Alex Reyes [Refractor] #BCP-108,$1.00,,,,,,,,,,,,$1.09,,,,,,1,,,,,2016-07-09
10455762,Baseball Cards 2016 Bowman Chrome Prospects,Alex Reyes [Superfractor] #BCP-108,,,,,,,,,,,,,,,,,,,0,,,,,2016-09-07
1343019,Baseball Cards 2016 Bowman Chrome Prospects,Alex Verdugo #BCP-188,$1.55,,,,,$4.25,$6.00,$3.00,$3.00,,,,$1.69,,,,,,3,,,,,2016-07-09
1343113,Baseball Cards 2016 Bowman Chrome Prospects,Alex Verdugo [Black Gold Refractor] #BCP-188,,,,$5.41,$6.00,$19.60,$25.00,$12.00,$12.00,,,,,,,,,,2,,,,,2016-07-09
1343213,Baseball Cards 2016 Bowman Chrome Prospects,Alex Verdugo [Blue Refractor] #BCP-188,$2.41,,,,,,,,,,,,$2.69,,,,,,1,,,,,2016-07-09
1343313,Baseball Cards 2016 Bowman Chrome Prospects,Alex Verdugo [Blue Shimmer] #BCP-188,$1.50,,,,,,,,,,,,$1.69,,,,,,2,,,,,2016-07-09
1343413,Baseball Cards 2016 Bowman Chrome Prospects,Alex Verdugo [Gold Refractor] #BCP-188,$9.99,,,,$80.00,,,,,,,$2.80,$10.99,,,,,,1,,,,,2016-07-09
1343509,Baseball Cards 2016 Bowman Chrome Prospects,Alex Verdugo [Green Refractor] #BCP-188,$13.00,,,,$8.25,,,,,,,$3.50,$13.99,,,,,,2,,,,,2016-07-09
1343607,Baseball Cards 2016 Bowman Chrome Prospects,Alex Verdugo [Orange Refractor] #BCP-188,$5.12,,,,,,,,,,,$1.10,$5.59,,,,,,1,,,,,2016-07-09
1343706,Baseball Cards 2016 Bowman Chrome Prospects,Alex Verdugo [Orange Shimmer] #BCP-188,$2.57,,,,,$6.99,$9.00,$4.00,$4.00,,,,$2.79,,,,,,2,,,,,2016-07-09
10455970,Baseball Cards 2016 Bowman Chrome Prospects,Alex Verdugo [Printing Plate] #BCP-188,,,,,,,,,,,,,,,,,,,0,,,,,2016-09-07
1343806,Baseball Cards 2016 Bowman Chrome Prospects,Alex Verdugo [Purple Refractor] #BCP-188,$12.50,,,,,,,,,,,$3.50,$13.99,,,,,,1,,,,,2016-07-09
1343905,Baseball Cards 2016 Bowman Chrome Prospects,Alex Verdugo [Red Refractor] #BCP-188,$89.99,,,,,,,,,,,$39.60,$98.99,,,,,,0,,,,,2016-07-09
1344004,Baseball Cards 2016 Bowman Chrome Prospects,Alex Verdugo [Refractor] #BCP-188,$0.25,,,,,,,,,,,,$0.99,,,,,,0,,,,,2016-07-09
10455971,Baseball Cards 2016 Bowman Chrome Prospects,Alex Verdugo [Superfractor] #BCP-188,,,,,,,,,,,,,,,,,,,0,,,,,2016-09-07
1354280,Baseball Cards 2016 Bowman Chrome Prospects,Alex Young #BCP-111,$0.99,,,,,,,,,,,,$1.09,,,,,,1,,,,,2016-07-09
1354430,Baseball Cards 2016 Bowman Chrome Prospects,Alex Young [Blue Refractor] #BCP-111,$2.20,,,,,,,,,,,,$2.39,,,,,,1,,,,,2016-07-09
1354580,Baseball Cards 2016 Bowman Chrome Prospects,Alex Young [Gold Refractor] #BCP-111,$4.62,,,,,,,,,,,$1.00,$5.09,,,,,,0,,,,,2016-07-09
1354730,Baseball Cards 2016 Bowman Chrome Prospects,Alex Young [Green Refractor] #BCP-111,$2.84,,,,,,,,,,,,$3.09,,,,,,0,,,,,2016-07-09
1354880,Baseball Cards 2016 Bowman Chrome Prospects,Alex Young [Green Shimmer Refractor] #BCP-111,$4.99,,,,,,,,,,,$1.10,$5.49,,,,,,0,,,,,2016-07-09
1355030,Baseball Cards 2016 Bowman Chrome Prospects,Alex Young [Light Blue Refractor] #BCP-111,$20.00,,,,,,,,,,,$6.60,$21.99,,,,,,1,,,,,2016-07-09
1355180,Baseball Cards 2016 Bowman Chrome Prospects,Alex Young [Orange Refractor] #BCP-111,$0.99,,,,,,,,,,,,$1.09,,,,,,1,,,,,2016-07-09
1355329,Baseball Cards 2016 Bowman Chrome Prospects,Alex Young [Orange Shimmer Refractor] #BCP-111,,,,,,,,,,,,,,,,,,,0,,,,,2016-07-09
10455767,Baseball Cards 2016 Bowman Chrome Prospects,Alex Young [Printing Plate] #BCP-111,,,,,,,,,,,,,,,,,,,0,,,,,2016-09-07
1355474,Baseball Cards 2016 Bowman Chrome Prospects,Alex Young [Purple Refractor] #BCP-111,$1.32,,,,,,,,,,,,$1.49,,,,,,1,,,,,2016-07-09
1355624,Baseball Cards 2016 Bowman Chrome Prospects,Alex Young [Red Refractor] #BCP-111,,,,,,,,,,,,,,,,,,,0,,,,,2016-07-09
1355773,Baseball Cards 2016 Bowman Chrome Prospects,Alex Young [Refractor] #BCP-111,$0.25,,,,,,,,,,,,$0.99,,,,,,0,,,,,2016-07-09
10455768,Baseball Cards 2016 Bowman Chrome Prospects,Alex Young [Superfractor] #BCP-111,,,,,,,,,,,,,,,,,,,0,,,,,2016-09-07
1343049,Baseball Cards 2016 Bowman Chrome Prospects,Ali Sanchez #BCP-218,$1.37,,,,,,,,,,,,$1.49,,,,,,2,,,,,2016-07-09
1343143,Baseball Cards 2016 Bowman Chrome Prospects,Ali Sanchez [Black Gold Refractor] #BCP-218,,,,,,,,,,,,,,,,,,,0,,,,,2016-07-09
1343243,Baseball Cards 2016 Bowman Chrome Prospects,Ali Sanchez [Blue Refractor] #BCP-218,$4.99,,,,,,,,,,,$1.10,$5.49,,,,,,2,,,,,2016-07-09
1343343,Baseball Cards 2016 Bowman Chrome Prospects,Ali Sanchez [Blue Shimmer] #BCP-218,$5.99,,,,,,,,,,,$1.30,$6.59,,,,,,0,,,,,2016-07-09
1343442,Baseball Cards 2016 Bowman Chrome Prospects,Ali Sanchez [Gold Refractor] #BCP-218,$15.75,,,,,,,,,,,$4.30,$16.99,,,,,,1,,,,,2016-07-09
1343539,Baseball Cards 2016 Bowman Chrome Prospects,Ali Sanchez [Green Refractor] #BCP-218,$1.99,,,,,,,,,,,,$2.19,,,,,,1,,,,,2016-07-09
1343637,Baseball Cards 2016 Bowman Chrome Prospects,Ali Sanchez [Orange Refractor] #BCP-218,$1.99,,,,,,,,,,,,$2.19,,,,,,1,,,,,2016-07-09
1343736,Baseball Cards 2016 Bowman Chrome Prospects,Ali Sanchez [Orange Shimmer] #BCP-218,$1.97,,,,,,,,,,,,$2.19,,,,,,3,,,,,2016-07-09
10455952,Baseball Cards 2016 Bowman Chrome Prospects,Ali Sanchez [Printing Plate] #BCP-218,,,,,,,,,,,,,,,,,,,0,,,,,2016-09-07
1343836,Baseball Cards 2016 Bowman Chrome Prospects,Ali Sanchez [Purple Refractor] #BCP-218,$1.15,,,,,,,,,,,,$1.29,,,,,,1,,,,,2016-07-09
1343934,Baseball Cards 2016 Bowman Chrome Prospects,Ali Sanchez [Red Refractor] #BCP-218,$9.50,,,,,,,,,,,$2.00,$9.99,,,,,,1,,,,,2016-07-09
1344034,Baseball Cards 2016 Bowman Chrome Prospects,Ali Sanchez [Refractor] #BCP-218,$2.12,,,,,,,,,,,,$2.29,,,,,,1,,,,,2016-07-09
10455954,Baseball Cards 2016 Bowman Chrome Prospects,Ali Sanchez [Superfractor] #BCP-218,,,,,,,,,,,,,,,,,,,0,,,,,2016-09-07
1354264,Baseball Cards 2016 Bowman Chrome Prospects,Amed Rosario #BCP-95,$1.25,,,,,,,,,,,,$1.39,,,,,,1,,,,,2016-07-09
1354414,Baseball Cards 2016 Bowman Chrome Prospects,Amed Rosario [Blue Refractor] #BCP-95,$2.39,,,,,,,,,,,,$2.59,,,,,,0,,,,,2016-07-09
1354564,Baseball Cards 2016 Bowman Chrome Prospects,Amed Rosario [Gold Refractor] #BCP-95,$2.31,,,,$3.25,,,,,,,,$2.49,,,,,,2,,,,,2016-07-09
1354714,Baseball Cards 2016 Bowman Chrome Prospects,Amed Rosario [Green Refractor] #BCP-95,$2.99,,,,,,,,,,,,$3.29,,,,,,1,,,,,2016-07-09
1354864,Baseball Cards 2016 Bowman Chrome Prospects,Amed Rosario [Green Shimmer Refractor] #BCP-95,$3.99,,,,,,,,,,,$0.90,$4.39,,,,,,1,,,,,2016-07-09
1355014,Baseball Cards 2016 Bowman Chrome Prospects,Amed Rosario [Light Blue Refractor] #BCP-95,,,,,,,,,,,,,,,,,,,0,,,,,2016-07-09
1355164,Baseball Cards 2016 Bowman Chrome Prospects,Amed Rosario [Orange Refractor] #BCP-95,$6.29,,,,,,,,,,,$1.40,$6.89,,,,,,0,,,,,2016-07-09
1355313,Baseball Cards 2016 Bowman Chrome Prospects,Amed Rosario [Orange Shimmer Refractor] #BCP-95,$16.86,,,,,,,,,,,$4.80,$18.99,,,,,,0,,,,,2016-07-09
10455736,Baseball Cards 2016 Bowman Chrome Prospects,Amed Rosario [Printing Plate] #BCP-95,,,,,,,,,,,,,,,,,,,0,,,,,2016-09-07
1357297,Baseball Cards 2016 Bowman Chrome Prospects,Amed Rosario [Purple Refractor] #BCP-95,$0.25,,,,,,,,,,,,$0.99,,,,,,0,,,,,2016-07-09
1355608,Baseball Cards 2016 Bowman Chrome Prospects,Amed Rosario [Red Refractor] #BCP-95,,,,,,,,,,,,,,,,,,,0,,,,,2016-07-09
1355757,Baseball Cards 2016 Bowman Chrome Prospects,Amed Rosario [Refractor] #BCP-95,$0.01,,,,,,,,,,,,$0.99,,,,,,1,,,,,2016-07-09
10455737,Baseball Cards 2016 Bowman Chrome Prospects,Amed Rosario [Superfractor] #BCP-95,,,,,,,,,,,,,,,,,,,0,,,,,2016-09-07
1354268,Baseball Cards 2016 Bowman Chrome Prospects,Amir Garrett #BCP-99,$1.14,,,,,,,,,,,,$1.29,,,,,,1,,,,,2016-07-09
1354418,Baseball Cards 2016 Bowman Chrome Prospects,Amir Garrett [Blue Refractor] #BCP-99,$0.15,,,,,,,,,,,,$0.99,,,,,,1,,,,,2016-07-09
1354568,Baseball Cards 2016 Bowman Chrome Prospects,Amir Garrett [Gold Refractor] #BCP-99,,,,,,,,,,,,,,,,,,,0,,,,,2016-07-09
1354718,Baseball Cards 2016 Bowman Chrome Prospects,Amir Garrett [Green Refractor] #BCP-99,$1.99,,,,,,,,,,,,$2.19,,,,,,1,,,,,2016-07-09
1354868,Baseball Cards 2016 Bowman Chrome Prospects,Amir Garrett [Green Shimmer Refractor] #BCP-99,,,,,,,,,,,,,,,,,,,0,,,,,2016-07-09
1355018,Baseball Cards 2016 Bowman Chrome Prospects,Amir Garrett [Light Blue Refractor] #BCP-99,$3.99,,,,,,,,,,,$0.90,$4.39,,,,,,1,,,,,2016-07-09
1355168,Baseball Cards 2016 Bowman Chrome Prospects,Amir Garrett [Orange Refractor] #BCP-99,$4.99,,,,,,,,,,,$1.10,$5.49,,,,,,0,,,,,2016-07-09
1355317,Baseball Cards 2016 Bowman Chrome Prospects,Amir Garrett [Orange Shimmer Refractor] #BCP-99,$4.84,,,,,,,,,,,$1.10,$5.29,,,,,,0,,,,,2016-07-09
10455744,Baseball Cards 2016 Bowman Chrome Prospects,Amir Garrett [Printing Plate] #BCP-99,,,,,,,,,,,,,,,,,,,0,,,,,2016-09-07
1355462,Baseball Cards 2016 Bowman Chrome Prospects,Amir Garrett [Purple Refractor] #BCP-99,$1.38,,,,,,,,,,,,$1.49,,,,,,1,,,,,2016-07-09
1355612,Baseball Cards 2016 Bowman Chrome Prospects,Amir Garrett [Red Refractor] #BCP-99,,,,,,,,,,,,,,,,,,,0,,,,,2016-07-09
1355761,Baseball Cards 2016 Bowman Chrome Prospects,Amir Garrett [Refractor] #BCP-99,$0.25,,,,,,,,,,,,$0.99,,,,,,0,,,,,2016-07-09
10455745,Baseball Cards 2016 Bowman Chrome Prospects,Amir Garrett [Superfractor] #BCP-99,,,,,,,,,,,,,,,,,,,0,,,,,2016-09-07
1354209,Baseball Cards 2016 Bowman Chrome Prospects,Anderson Espinoza #BCP-40,$1.12,,,,,,,,,,,,$1.19,,,,,,1,,,,,2016-07-09
1354359,Baseball Cards 2016 Bowman Chrome Prospects,Anderson Espinoza [Blue Refractor] #BCP-40,$2.00,,,,,,,,,,,,$2.19,,,,,,1,,,,,2016-07-09
1354509,Baseball Cards 2016 Bowman Chrome Prospects,Anderson Espinoza [Gold Refractor] #BCP-40,$3.15,,,,,,,,,,,,$3.49,,,,,,1,,,,,2016-07-09
1354659,Baseball Cards 2016 Bowman Chrome Prospects,Anderson Espinoza [Green Refractor] #BCP-40,$0.25,,,,,,,,,,,,$0.99,,,,,,0,,,,,2016-07-09
1354809,Baseball Cards 2016 Bowman Chrome Prospects,Anderson Espinoza [Green Shimmer Refractor] #BCP-40,,,,,,,,,,,,,,,,,,,0,,,,,2016-07-09
1354959,Baseball Cards 2016 Bowman Chrome Prospects,Anderson Espinoza [Light Blue Refractor] #BCP-40,,,,,,,,,,,,,,,,,,,0,,,,,2016-07-09
1355109,Baseball Cards 2016 Bowman Chrome Prospects,Anderson Espinoza [Orange Refractor] #BCP-40,$5.14,,,,,,,,,,,$1.10,$5.69,,,,,,1,,,,,2016-07-09
1355258,Baseball Cards 2016 Bowman Chrome Prospects,Anderson Espinoza [Orange Shimmer Refractor] #BCP-40,$1.85,,,,,,,,,,,,$1.99,,,,,,1,,,,,2016-07-09
10455644,Baseball Cards 2016 Bowman Chrome Prospects,Anderson Espinoza [Printing Plate] #BCP-40,,,,,,,,,,,,,,,,,,,0,,,,,2016-09-07
1355406,Baseball Cards 2016 Bowman Chrome Prospects,Anderson Espinoza [Purple Refractor] #BCP-40,$1.85,,,,,,,,,,,,$1.99,,,,,,1,,,,,2016-07-09
1355553,Baseball Cards 2016 Bowman Chrome Prospects,Anderson Espinoza [Red Refractor] #BCP-40,,,,,,,,,,,,,,,,,,,0,,,,,2016-07-09
1355702,Baseball Cards 2016 Bowman Chrome Prospects,Anderson Espinoza [Refractor] #BCP-40,$3.41,,,,,,,,,,,$0.80,$3.79,,,,,,1,,,,,2016-07-09
10455646,Baseball Cards 2016 Bowman Chrome Prospects,Anderson Espinoza [Superfractor] #BCP-40,,,,,,,,,,,,,,,,,,,0,,,,,2016-09-07
1343016,Baseball Cards 2016 Bowman Chrome Prospects,Anderson Miller #BCP-184,$1.23,,,,,,,,,,,,$1.39,,,,,,1,,,,,2016-07-09
1343109,Baseball Cards 2016 Bowman Chrome Prospects,Anderson Miller [Black Gold Refractor] #BCP-184,,,,,,,,,,,,,,,,,,,0,,,,,2016-07-09
1343209,Baseball Cards 2016 Bowman Chrome Prospects,Anderson Miller [Blue Refractor] #BCP-184,$2.30,,,,,,,,,,,,$2.49,,,,,,1,,,,,2016-07-09
1343309,Baseball Cards 2016 Bowman Chrome Prospects,Anderson Miller [Blue Shimmer] #BCP-184,$2.54,,,,,,,,,,,,$2.79,,,,,,0,,,,,2016-07-09
1343409,Baseball Cards 2016 Bowman Chrome Prospects,Anderson Miller [Gold Refractor] #BCP-184,$3.00,,,,,,,,,,,,$3.29,,,,,,1,,,,,2016-07-09
1343506,Baseball Cards 2016 Bowman Chrome Prospects,Anderson Miller [Green Refractor] #BCP-184,$4.50,,,,,,,,,,,$1.00,$4.99,,,,,,1,,,,,2016-07-09
1343603,Baseball Cards 2016 Bowman Chrome Prospects,Anderson Miller [Orange Refractor] #BCP-184,,,,,,,,,,,,,,,,,,,0,,,,,2016-07-09
1343702,Baseball Cards 2016 Bowman Chrome Prospects,Anderson Miller [Orange Shimmer] #BCP-184,$2.95,,,,,,,,,,,,$3.29,,,,,,0,,,,,2016-07-09
10455955,Baseball Cards 2016 Bowman Chrome Prospects,Anderson Miller [Printing Plate] #BCP-184,,,,,,,,,,,,,,,,,,,0,,,,,2016-09-07
1343802,Baseball Cards 2016 Bowman Chrome Prospects,Anderson Miller [Purple Refractor] #BCP-184,$2.35,,,,,,,,,,,,$2.59,,,,,,1,,,,,2016-07-09
1343901,Baseball Cards 2016 Bowman Chrome Prospects,Anderson Miller [Red Refractor] #BCP-184,,,,,,,,,,,,,,,,,,,0,,,,,2016-07-09
1344000,Baseball Cards 2016 Bowman Chrome Prospects,Anderson Miller [Refractor] #BCP-184,$0.25,,,,,,,,,,,,$0.99,,,,,,0,,,,,2016-07-09
10455956,Baseball Cards 2016 Bowman Chrome Prospects,Anderson Miller [Superfractor] #BCP-184,,,,,,,,,,,,,,,,,,,0,,,,,2016-09-07
1354231,Baseball Cards 2016 Bowman Chrome Prospects,Andrew Benintendi #BCP-62,$1.25,,,,$6.70,$7.50,$10.00,$5.00,$5.00,,,,$1.39,,,,,,6,,,,,2016-07-09
1354381,Baseball Cards 2016 Bowman Chrome Prospects,Andrew Benintendi [Blue Refractor] #BCP-62,$6.19,,,,,,,,,,,$1.40,$6.79,,,,,,1,,,,,2016-07-09
1354531,Baseball Cards 2016 Bowman Chrome Prospects,Andrew Benintendi [Gold Refractor] #BCP-62,$11.00,,,$5.50,$6.00,$26.55,$35.00,$16.00,$16.00,,,$3.00,$11.99,,,,,,3,,,,,2016-07-09
1354681,Baseball Cards 2016 Bowman Chrome Prospects,Andrew Benintendi [Green Refractor] #BCP-62,$8.90,$8.99,,,,,,,,,,$2.00,$9.79,$2.00,$9.89,,,,2,,,,,2016-07-09
1354831,Baseball Cards 2016 Bowman Chrome Prospects,Andrew Benintendi [Green Shimmer Refractor] #BCP-62,$16.63,,,,,,,,,,,$4.50,$17.99,,,,,,0,,,,,2016-07-09
1354981,Baseball Cards 2016 Bowman Chrome Prospects,Andrew Benintendi [Light Blue Refractor] #BCP-62,,,,,,,,,,,,,,,,,,,0,,,,,2016-07-09
1355131,Baseball Cards 2016 Bowman Chrome Prospects,Andrew Benintendi [Orange Refractor] #BCP-62,$2.04,,,,,,,,,,,,$2.19,,,,,,1,,,,,2016-07-09
1355280,Baseball Cards 2016 Bowman Chrome Prospects,Andrew Benintendi [Orange Shimmer Refractor] #BCP-62,$13.18,,,,,,,,,,,$3.80,$14.99,,,,,,0,,,,,2016-07-09
10455663,Baseball Cards 2016 Bowman Chrome Prospects,Andrew Benintendi [Printing Plate] #BCP-62,,,,,,,,,,,,,,,,,,,0,,,,,2016-09-07
1355427,Baseball Cards 2016 Bowman Chrome Prospects,Andrew Benintendi [Purple Refractor] #BCP-62,$3.50,,$16.01,,$9.04,,,,,,,$0.80,$3.89,,,$4.50,$17.99,,4,,,,,2016-07-09
1355575,Baseball Cards 2016 Bowman Chrome Prospects,Andrew Benintendi [Red Refractor] #BCP-62,$150.00,,,,,,,,,,,$82.50,$165.00,,,,,,0,,,,,2016-07-09
1355724,Baseball Cards 2016 Bowman Chrome Prospects,Andrew Benintendi [Refractor] #BCP-62,$2.05,,,,,,,,,,,,$2.29,,,,,,1,,,,,2016-07-09
10455664,Baseball Cards 2016 Bowman Chrome Prospects,Andrew Benintendi [Superfractor] #BCP-62,,,,,,,,,,,,,,,,,,,0,,,,,2016-09-07
1354298,Baseball Cards 2016 Bowman Chrome Prospects,Andrew Knapp #BCP-129,$0.99,,,,,,,,,,,,$1.09,,,,,,1,,,,,2016-07-09
1354448,Baseball Cards 2016 Bowman Chrome Prospects,Andrew Knapp [Blue Refractor] #BCP-129,$1.63,,,,,,,,,,,,$1.79,,,,,,1,,,,,2016-07-09
1354598,Baseball Cards 2016 Bowman Chrome Prospects,Andrew Knapp [Gold Refractor] #BCP-129,$1.13,,,,,,,,,,,,$1.19,,,,,,1,,,,,2016-07-09
1354748,Baseball Cards 2016 Bowman Chrome Prospects,Andrew Knapp [Green Refractor] #BCP-129,$1.10,,,,,,,,,,,,$1.19,,,,,,2,,,,,2016-07-09
1354898,Baseball Cards 2016 Bowman Chrome Prospects,Andrew Knapp [Green Shimmer Refractor] #BCP-129,$3.99,,,,,,,,,,,$0.90,$4.39,,,,,,0,,,,,2016-07-09
1355048,Baseball Cards 2016 Bowman Chrome Prospects,Andrew Knapp [Light Blue Refractor] #BCP-129,,,,,,,,,,,,,,,,,,,0,,,,,2016-07-09
1355198,Baseball Cards 2016 Bowman Chrome Prospects,Andrew Knapp [Orange Refractor] #BCP-129,$1.99,,,,,,,,,,,,$2.19,,,,,,1,,,,,2016-07-09
1355347,Baseball Cards 2016 Bowman Chrome Prospects,Andrew Knapp [Orange Shimmer Refractor] #BCP-129,$12.03,,,,,,,,,,,$3.30,$12.99,,,,,,0,,,,,2016-07-09
10455803,Baseball Cards 2016 Bowman Chrome Prospects,Andrew Knapp [Printing Plate] #BCP-129,,,,,,,,,,,,,,,,,,,0,,,,,2016-09-07
1355492,Baseball Cards 2016 Bowman Chrome Prospects,Andrew Knapp [Purple Refractor] #BCP-129,$0.25,,,,,,,,,,,,$0.99,,,,,,0,,,,,2016-07-09
1355642,Baseball Cards 2016 Bowman Chrome Prospects,Andrew Knapp [Red Refractor] #BCP-129,$19.99,,,,,,,,,,,$6.60,$21.99,,,,,,1,,,,,2016-07-09
1355791,Baseball Cards 2016 Bowman Chrome Prospects,Andrew Knapp [Refractor] #BCP-129,$0.99,,,,,,,,,,,,$1.09,,,,,,1,,,,,2016-07-09
10455804,Baseball Cards 2016 Bowman Chrome Prospects,Andrew Knapp [Superfractor] #BCP-129,,,,,,,,,,,,,,,,,,,0,,,,,2016-09-07
1343065,Baseball Cards 2016 Bowman Chrome Prospects,Andrew Moore #BCP-234,$0.99,,,,,,,,,,,,$1.09,,,,,,1,,,,,2016-07-09
1343159,Baseball Cards 2016 Bowman Chrome Prospects,Andrew Moore [Black Gold Refractor] #BCP-234,,,,,,,,,,,,,,,,,,,0,,,,,2016-07-09
1343259,Baseball Cards 2016 Bowman Chrome Prospects,Andrew Moore [Blue Refractor] #BCP-234,$0.25,,,,,,,,,,,,$0.99,,,,,,0,,,,,2016-07-09
1343359,Baseball Cards 2016 Bowman Chrome Prospects,Andrew Moore [Blue Shimmer] #BCP-234,$1.74,,,,,,,,,,,,$1.89,,,,,,2,,,,,2016-07-09
1343457,Baseball Cards 2016 Bowman Chrome Prospects,Andrew Moore [Gold Refractor] #BCP-234,$3.70,,,,,,,,,,,$0.80,$4.09,,,,,,0,,,,,2016-07-09
1343555,Baseball Cards 2016 Bowman Chrome Prospects,Andrew Moore [Green Refractor] #BCP-234,$0.25,,,,,,,,,,,,$0.99,,,,,,0,,,,,2016-07-09
1344780,Baseball Cards 2016 Bowman Chrome Prospects,Andrew Moore [Orange Refractor] #BCP-234,,,,,,,,,,,,,,,,,,,0,,,,,2016-07-09
1343752,Baseball Cards 2016 Bowman Chrome Prospects,Andrew Moore [Orange Shimmer] #BCP-234,$1.99,,,,,,,,,,,,$2.19,,,,,,1,,,,,2016-07-09
10456004,Baseball Cards 2016 Bowman Chrome Prospects,Andrew Moore [Printing Plate] #BCP-234,,,,,,,,,,,,,,,,,,,0,,,,,2016-09-07
1343854,Baseball Cards 2016 Bowman Chrome Prospects,Andrew Moore [Purple Refractor] #BCP-234,$1.45,,,,,,,,,,,,$1.59,,,,,,1,,,,,2016-07-09
1343950,Baseball Cards 2016 Bowman Chrome Prospects,Andrew Moore [Red Refractor] #BCP-234,,,,,,,,,,,,,,,,,,,0,,,,,2016-07-09
1344049,Baseball Cards 2016 Bowman Chrome Prospects,Andrew Moore [Refractor] #BCP-234,$0.99,,,,,,,,,,,,$1.09,,,,,,1,,,,,2016-07-09
10456009,Baseball Cards 2016 Bowman Chrome Prospects,Andrew Moore [Superfractor] #BCP-234,,,,,,,,,,,,,,,,,,,0,,,,,2016-09-07
1343012,Baseball Cards 2016 Bowman Chrome Prospects,Andrew Stevenson #BCP-180,$1.35,,,,,,,,,,,,$1.49,,,,,,2,,,,,2016-07-09
1343105,Baseball Cards 2016 Bowman Chrome Prospects,Andrew Stevenson [Black Gold Refractor] #BCP-180,,,,,,,,,,,,,,,,,,,0,,,,,2016-07-09
1343205,Baseball Cards 2016 Bowman Chrome Prospects,Andrew Stevenson [Blue Refractor] #BCP-180,$0.99,,,,,,,,,,,,$1.09,,,,,,1,,,,,2016-07-09
1343305,Baseball Cards 2016 Bowman Chrome Prospects,Andrew Stevenson [Blue Shimmer] #BCP-180,$3.55,,,,,,,,,,,$0.80,$3.89,,,,,,0,,,,,2016-07-09
1343405,Baseball Cards 2016 Bowman Chrome Prospects,Andrew Stevenson [Gold Refractor] #BCP-180,$56.89,,,,,,,,,,,$25.20,$62.99,,,,,,0,,,,,2016-07-09
1343503,Baseball Cards 2016 Bowman Chrome Prospects,Andrew Stevenson [Green Refractor] #BCP-180,,,,,,,,,,,,,,,,,,,0,,,,,2016-07-09
1343599,Baseball Cards 2016 Bowman Chrome Prospects,Andrew Stevenson [Orange Refractor] #BCP-180,$0.99,,,,,,,,,,,,$1.09,,,,,,1,,,,,2016-07-09
1343698,Baseball Cards 2016 Bowman Chrome Prospects,Andrew Stevenson [Orange Shimmer] #BCP-180,$4.00,,,,,,,,,,,$0.90,$4.39,,,,,,0,,,,,2016-07-09
10455935,Baseball Cards 2016 Bowman Chrome Prospects,Andrew Stevenson [Printing Plate] #BCP-180,,,,,,,,,,,,,,,,,,,0,,,,,2016-09-07
1343798,Baseball Cards 2016 Bowman Chrome Prospects,Andrew Stevenson [Purple Refractor] #BCP-180,$0.25,,,$0.99,$1.00,,,,,,,,$0.99,,,,,,1,,,,,2016-07-09
1343897,Baseball Cards 2016 Bowman Chrome Prospects,Andrew Stevenson [Red Refractor] #BCP-180,,,,,,,,,,,,,,,,,,,0,,,,,2016-07-09
1343996,Baseball Cards 2016 Bowman Chrome Prospects,Andrew Stevenson [Refractor] #BCP-180,$8.59,,,,,,,,,,,$1.90,$9.49,,,,,,0,,,,,2016-07-09
10455938,Baseball Cards 2016 Bowman Chrome Prospects,Andrew Stevenson [Superfractor] #BCP-180,,,,,,,,,,,,,,,,,,,0,,,,,2016-09-07
1354214,Baseball Cards 2016 Bowman Chrome Prospects,Andrew Suarez #BCP-45,$0.25,,,,,,,,,,,,$0.99,,,,,,1,,,,,2016-07-09
1354364,Baseball Cards 2016 Bowman Chrome Prospects,Andrew Suarez [Blue Refractor] #BCP-45,$0.25,,,,,,,,,,,,$0.99,,,,,,0,,,,,2016-07-09
1354514,Baseball Cards 2016 Bowman Chrome Prospects,Andrew Suarez [Gold Refractor] #BCP-45,$0.25,,,,,,,,,,,,$0.99,,,,,,0,,,,,2016-07-09
1354664,Baseball Cards 2016 Bowman Chrome Prospects,Andrew Suarez [Green Refractor] #BCP-45,$0.25,,,,,,,,,,,,$0.99,,,,,,0,,,,,2016-07-09
1354814,Baseball Cards 2016 Bowman Chrome Prospects,Andrew Suarez [Green Shimmer Refractor] #BCP-45,$0.25,,,,,,,,,,,,$0.99,,,,,,0,,,,,2016-07-09
1354964,Baseball Cards 2016 Bowman Chrome Prospects,Andrew Suarez [Light Blue Refractor] #BCP-45,,,,,,,,,,,,,,,,,,,0,,,,,2016-07-09
1355114,Baseball Cards 2016 Bowman Chrome Prospects,Andrew Suarez [Orange Refractor] #BCP-45,$3.41,,,,,,,,,,,$0.80,$3.79,,,,,,0,,,,,2016-07-09
1355263,Baseball Cards 2016 Bowman Chrome Prospects,Andrew Suarez [Orange Shimmer Refractor] #BCP-45,$6.29,,,,,,,,,,,$1.40,$6.89,,,,,,0,,,,,2016-07-09
10455662,Baseball Cards 2016 Bowman Chrome Prospects,Andrew Suarez [Printing Plate] #BCP-45,,,,,,,,,,,,,,,,,,,0,,,,,2016-09-07
1355411,Baseball Cards 2016 Bowman Chrome Prospects,Andrew Suarez [Purple Refractor] #BCP-45,$0.25,,,,,,,,,,,,$0.99,,,,,,0,,,,,2016-07-09
1355558,Baseball Cards 2016 Bowman Chrome Prospects,Andrew Suarez [Red Refractor] #BCP-45,$23.54,,,,,,,,,,,$7.80,$25.99,,,,,,0,,,,,2016-07-09
1355707,Baseball Cards 2016 Bowman Chrome Prospects,Andrew Suarez [Refractor] #BCP-45,$0.25,,,,,,,,,,,,$0.99,,,,,,0,,,,,2016-07-09
10455666,Baseball Cards 2016 Bowman Chrome Prospects,Andrew Suarez [Superfractor] #BCP-45,,,,,,,,,,,,,,,,,,,0,,,,,2016-09-07
1354190,Baseball Cards 2016 Bowman Chrome Prospects,Anfernee Seymour #BCP-21,$0.99,,,,,,,,,,,,$1.09,,,,,,1,,,,,2016-07-09
1354340,Baseball Cards 2016 Bowman Chrome Prospects,Anfernee Seymour [Blue Refractor] #BCP-21,$0.25,,,,,,,,,,,,$0.99,,,,,,0,,,,,2016-07-09
1354490,Baseball Cards 2016 Bowman Chrome Prospects,Anfernee Seymour [Gold Refractor] #BCP-21,$2.95,,,,,,,,,,,,$3.29,,,,,,0,,,,,2016-07-09
1354640,Baseball Cards 2016 Bowman Chrome Prospects,Anfernee Seymour [Green Refractor] #BCP-21,$3.60,,,,,,,,,,,$0.80,$3.99,,,,,,0,,,,,2016-07-09
1354790,Baseball Cards 2016 Bowman Chrome Prospects,Anfernee Seymour [Green Shimmer Refractor] #BCP-21,$0.25,,,,,,,,,,,,$0.99,,,,,,0,,,,,2016-07-09
1354940,Baseball Cards 2016 Bowman Chrome Prospects,Anfernee Seymour [Light Blue Refractor] #BCP-21,,,,,,,,,,,,,,,,,,,0,,,,,2016-07-09
1355090,Baseball Cards 2016 Bowman Chrome Prospects,Anfernee Seymour [Orange Refractor] #BCP-21,$5.37,,,,,,,,,,,$1.20,$5.89,,,,,,0,,,,,2016-07-09
1355239,Baseball Cards 2016 Bowman Chrome Prospects,Anfernee Seymour [Orange Shimmer Refractor] #BCP-21,$3.99,,,,,,,,,,,$0.90,$4.39,,,,,,0,,,,,2016-07-09
10455594,Baseball Cards 2016 Bowman Chrome Prospects,Anfernee Seymour [Printing Plate] #BCP-21,,,,,,,,,,,,,,,,,,,0,,,,,2016-09-07
1355388,Baseball Cards 2016 Bowman Chrome Prospects,Anfernee Seymour [Purple Refractor] #BCP-21,$0.25,,,,,,,,,,,,$0.99,,,,,,0,,,,,2016-07-09
1355534,Baseball Cards 2016 Bowman Chrome Prospects,Anfernee Seymour [Red Refractor] #BCP-21,,,,,,,,,,,,,,,,,,,0,,,,,2016-07-09
1355683,Baseball Cards 2016 Bowman Chrome Prospects,Anfernee Seymour [Refractor] #BCP-21,$0.99,,,,,,,,,,,,$1.09,,,,,,1,,,,,2016-07-09
10455595,Baseball Cards 2016 Bowman Chrome Prospects,Anfernee Seymour [Superfractor] #BCP-21,,,,,,,,,,,,,,,,,,,0,,,,,2016-09-07
1354228,Baseball Cards 2016 Bowman Chrome Prospects,Anthony Alford #BCP-59,$0.76,,,,,$9.99,$13.00,$6.00,$6.00,,,,$0.99,,,,,,2,,,,,2016-07-09
1354378,Baseball Cards 2016 Bowman Chrome Prospects,Anthony Alford [Blue Refractor] #BCP-59,$2.99,,,,,,,,,,,,$3.29,,,,,,0,,,,,2016-07-09
1354528,Baseball Cards 2016 Bowman Chrome Prospects,Anthony Alford [Gold Refractor] #BCP-59,$3.35,,,,,,,,,,,,$3.69,,,,,,1,,,,,2016-07-09
1354678,Baseball Cards 2016 Bowman Chrome Prospects,Anthony Alford [Green Refractor] #BCP-59,,,,,,,,,,,,,,,,,,,0,,,,,2016-07-09
1354828,Baseball Cards 2016 Bowman Chrome Prospects,Anthony Alford [Green Shimmer Refractor] #BCP-59,$6.03,,,,,,,,,,,$1.30,$6.59,,,,,,1,,,,,2016-07-09
1354978,Baseball Cards 2016 Bowman Chrome Prospects,Anthony Alford [Light Blue Refractor] #BCP-59,,,,,,,,,,,,,,,,,,,0,,,,,2016-07-09
1355128,Baseball Cards 2016 Bowman Chrome Prospects,Anthony Alford [Orange Refractor] #BCP-59,$23.54,,,,,,,,,,,$7.80,$25.99,,,,,,0,,,,,2016-07-09
1355277,Baseball Cards 2016 Bowman Chrome Prospects,Anthony Alford [Orange Shimmer Refractor] #BCP-59,,,,,,,,,,,,,,,,,,,0,,,,,2016-07-09
10455650,Baseball Cards 2016 Bowman Chrome Prospects,Anthony Alford [Printing Plate] #BCP-59,,,,,,,,,,,,,,,,,,,0,,,,,2016-09-07
1355424,Baseball Cards 2016 Bowman Chrome Prospects,Anthony Alford [Purple Refractor] #BCP-59,$0.99,,,,,,,,,,,,$1.09,,,,,,1,,,,,2016-07-09
1355572,Baseball Cards 2016 Bowman Chrome Prospects,Anthony Alford [Red Refractor] #BCP-59,,,,,,,,,,,,,,,,,,,0,,,,,2016-07-09
1355721,Baseball Cards 2016 Bowman Chrome Prospects,Anthony Alford [Refractor] #BCP-59,$1.52,,,,,,,,,,,,$1.69,,,,,,1,,,,,2016-07-09
10455651,Baseball Cards 2016 Bowman Chrome Prospects,Anthony Alford [Superfractor] #BCP-59,,,,,,,,,,,,,,,,,,,0,,,,,2016-09-07
1354220,Baseball Cards 2016 Bowman Chrome Prospects,Anthony Banda #BCP-51,$1.67,,,,,,,,,,,,$1.79,,,,,,4,,,,,2016-07-09
1354370,Baseball Cards 2016 Bowman Chrome Prospects,Anthony Banda [Blue Refractor] #BCP-51,$3.28,,,,,,,,,,,,$3.59,,,,,,1,,,,,2016-07-09
1354520,Baseball Cards 2016 Bowman Chrome Prospects,Anthony Banda [Gold Refractor] #BCP-51,$7.44,,,,,,,,,,,$1.60,$8.19,,,,,,1,,,,,2016-07-09
1354670,Baseball Cards 2016 Bowman Chrome Prospects,Anthony Banda [Green Refractor] #BCP-51,$0.99,,,,,,,,,,,,$1.09,,,,,,1,,,,,2016-07-09
1354820,Baseball Cards 2016 Bowman Chrome Prospects,Anthony Banda [Green Shimmer Refractor] #BCP-51,$3.43,,,,,,,,,,,$0.80,$3.79,,,,,,1,,,,,2016-07-09
1354970,Baseball Cards 2016 Bowman Chrome Prospects,Anthony Banda [Light Blue Refractor] #BCP-51,,,,,,,,,,,,,,,,,,,0,,,,,2016-07-09
1355120,Baseball Cards 2016 Bowman Chrome Prospects,Anthony Banda [Orange Refractor] #BCP-51,$11.00,,,,,,,,,,,$3.00,$11.99,,,,,,1,,,,,2016-07-09
1355269,Baseball Cards 2016 Bowman Chrome Prospects,Anthony Banda [Orange Shimmer Refractor] #BCP-51,,,,,,,,,,,,,,,,,,,0,,,,,2016-07-09
10455618,Baseball Cards 2016 Bowman Chrome Prospects,Anthony Banda [Printing Plate] #BCP-51,,,,,,,,,,,,,,,,,,,0,,,,,2016-09-07
1355417,Baseball Cards 2016 Bowman Chrome Prospects,Anthony Banda [Purple Refractor] #BCP-51,$1.85,,,,,,,,,,,,$1.99,,,,,,2,,,,,2016-07-09
1355564,Baseball Cards 2016 Bowman Chrome Prospects,Anthony Banda [Red Refractor] #BCP-51,$8.50,,,,,,,,,,,$1.90,$9.39,,,,,,1,,,,,2016-07-09
1355713,Baseball Cards 2016 Bowman Chrome Prospects,Anthony Banda [Refractor] #BCP-51,$1.86,,,,,,,,,,,,$2.09,,,,,,1,,,,,2016-07-09
10455620,Baseball Cards 2016 Bowman Chrome Prospects,Anthony Banda [Superfractor] #BCP-51,,,,,,,,,,,,,,,,,,,0,,,,,2016-09-07
1343009,Baseball Cards 2016 Bowman Chrome Prospects,Antonio Santillan #BCP-177,$0.79,,,,,,,,,,,,$0.99,,,,,,2,,,,,2016-07-09
1343102,Baseball Cards 2016 Bowman Chrome Prospects,Antonio Santillan [Black Gold Refractor] #BCP-177,,,,,,,,,,,,,,,,,,,0,,,,,2016-07-09
1343202,Baseball Cards 2016 Bowman Chrome Prospects,Antonio Santillan [Blue Refractor] #BCP-177,$2.54,,,,,,,,,,,,$2.79,,,,,,0,,,,,2016-07-09
1343302,Baseball Cards 2016 Bowman Chrome Prospects,Antonio Santillan [Blue Shimmer] #BCP-177,$0.25,,,,,,,,,,,,$0.99,,,,,,0,,,,,2016-07-09
1343402,Baseball Cards 2016 Bowman Chrome Prospects,Antonio Santillan [Gold Refractor] #BCP-177,$7.37,,,,,,,,,,,$1.60,$8.09,,,,,,0,,,,,2016-07-09
1343500,Baseball Cards 2016 Bowman Chrome Prospects,Antonio Santillan [Green Refractor] #BCP-177,$3.39,,,,,,,,,,,,$3.69,,,,,,0,,,,,2016-07-09
1343596,Baseball Cards 2016 Bowman Chrome Prospects,Antonio Santillan [Orange Refractor] #BCP-177,$3.99,,,,,,,,,,,$0.90,$4.39,,,,,,0,,,,,2016-07-09
1343695,Baseball Cards 2016 Bowman Chrome Prospects,Antonio Santillan [Orange Shimmer] #BCP-177,$0.25,,,,,,,,,,,,$0.99,,,,,,0,,,,,2016-07-09
10455926,Baseball Cards 2016 Bowman Chrome Prospects,Antonio Santillan [Printing Plate] #BCP-177,,,,,,,,,,,,,,,,,,,0,,,,,2016-09-07
1343795,Baseball Cards 2016 Bowman Chrome Prospects,Antonio Santillan [Purple Refractor] #BCP-177,$0.25,,,,,,,,,,,,$0.99,,,,,,0,,,,,2016-07-09
1343894,Baseball Cards 2016 Bowman Chrome Prospects,Antonio Santillan [Red Refractor] #BCP-177,,,,,,,,,,,,,,,,,,,0,,,,,2016-07-09
1343993,Baseball Cards 2016 Bowman Chrome Prospects,Antonio Santillan [Refractor] #BCP-177,$0.25,,,,,,,,,,,,$0.99,,,,,,0,,,,,2016-07-09
10455927,Baseball Cards 2016 Bowman Chrome Prospects,Antonio Santillan [Superfractor] #BCP-177,,,,,,,,,,,,,,,,,,,0,,,,,2016-09-07
1354217,Baseball Cards 2016 Bowman Chrome Prospects,Ariel Jurado #BCP-48,$0.27,,,,,,,,,,,,$0.99,,,,,,1,,,,,2016-07-09
1354367,Baseball Cards 2016 Bowman Chrome Prospects,Ariel Jurado [Blue Refractor] #BCP-48,$2.70,,,,,,,,,,,,$2.99,,,,,,1,,,,,2016-07-09
1354517,Baseball Cards 2016 Bowman Chrome Prospects,Ariel Jurado [Gold Refractor] #BCP-48,$4.49,,,,,,,,,,,$1.00,$4.89,,,,,,0,,,,,2016-07-09
1354667,Baseball Cards 2016 Bowman Chrome Prospects,Ariel Jurado [Green Refractor] #BCP-48,$2.79,,,,,,,,,,,,$3.09,,,,,,0,,,,,2016-07-09
1354817,Baseball Cards 2016 Bowman Chrome Prospects,Ariel Jurado [Green Shimmer Refractor] #BCP-48,$1.68,,,,,,,,,,,,$1.89,,,,,,1,,,,,2016-07-09
1354967,Baseball Cards 2016 Bowman Chrome Prospects,Ariel Jurado [Light Blue Refractor] #BCP-48,,,,,,,,,,,,,,,,,,,0,,,,,2016-07-09
1355117,Baseball Cards 2016 Bowman Chrome Prospects,Ariel Jurado [Orange Refractor] #BCP-48,$2.84,,,,,,,,,,,,$3.09,,,,,,1,,,,,2016-07-09
1355266,Baseball Cards 2016 Bowman Chrome Prospects,Ariel Jurado [Orange Shimmer Refractor] #BCP-48,$5.99,,,,,,,,,,,$1.30,$6.59,,,,,,1,,,,,2016-07-09
10455673,Baseball Cards 2016 Bowman Chrome Prospects,Ariel Jurado [Printing Plate] #BCP-48,,,,,,,,,,,,,,,,,,,0,,,,,2016-09-07
1355414,Baseball Cards 2016 Bowman Chrome Prospects,Ariel Jurado [Purple Refractor] #BCP-48,$0.25,,,,,,,,,,,,$0.99,,,,,,0,,,,,2016-07-09
1355561,Baseball Cards 2016 Bowman Chrome Prospects,Ariel Jurado [Red Refractor] #BCP-48,,,,,,,,,,,,,,,,,,,0,,,,,2016-07-09
1355710,Baseball Cards 2016 Bowman Chrome Prospects,Ariel Jurado [Refractor] #BCP-48,$1.50,,,,,,,,,,,,$1.69,,,,,,1,,,,,2016-07-09
10455674,Baseball Cards 2016 Bowman Chrome Prospects,Ariel Jurado [Superfractor] #BCP-48,,,,,,,,,,,,,,,,,,,0,,,,,2016-09-07
1354244,Baseball Cards 2016 Bowman Chrome Prospects,Ashe Russell #BCP-75,$0.25,,,,,,,,,,,,$0.99,,,,,,0,,,,,2016-07-09
1354394,Baseball Cards 2016 Bowman Chrome Prospects,Ashe Russell [Blue Refractor] #BCP-75,$1.98,,,,,,,,,,,,$2.19,,,,,,1,,,,,2016-07-09
1354544,Baseball Cards 2016 Bowman Chrome Prospects,Ashe Russell [Gold Refractor] #BCP-75,$0.55,,,,,,,,,,,,$0.99,,,,,,1,,,,,2016-07-09
1354694,Baseball Cards 2016 Bowman Chrome Prospects,Ashe Russell [Green Refractor] #BCP-75,$3.60,,,,,,,,,,,$0.80,$3.99,,,,,,0,,,,,2016-07-09
1354844,Baseball Cards 2016 Bowman Chrome Prospects,Ashe Russell [Green Shimmer Refractor] #BCP-75,$0.25,,,,,,,,,,,,$0.99,,,,,,0,,,,,2016-07-09
1354994,Baseball Cards 2016 Bowman Chrome Prospects,Ashe Russell [Light Blue Refractor] #BCP-75,,,,,,,,,,,,,,,,,,,0,,,,,2016-07-09
1355144,Baseball Cards 2016 Bowman Chrome Prospects,Ashe Russell [Orange Refractor] #BCP-75,$3.13,,,,,,,,,,,,$3.39,,,,,,1,,,,,2016-07-09
1355293,Baseball Cards 2016 Bowman Chrome Prospects,Ashe Russell [Orange Shimmer Refractor] #BCP-75,,,,,,,,,,,,,,,,,,,0,,,,,2016-07-09
10455698,Baseball Cards 2016 Bowman Chrome Prospects,Ashe Russell [Printing Plate] #BCP-75,,,,,,,,,,,,,,,,,,,0,,,,,2016-09-07
1355440,Baseball Cards 2016 Bowman Chrome Prospects,Ashe Russell [Purple Refractor] #BCP-75,$2.34,,,,,,,,,,,,$2.59,,,,,,16,,,,,2016-07-09
1355588,Baseball Cards 2016 Bowman Chrome Prospects,Ashe Russell [Red Refractor] #BCP-75,$23.31,,,,,,,,,,,$7.80,$25.99,,,,,,0,,,,,2016-07-09
1355737,Baseball Cards 2016 Bowman Chrome Prospects,Ashe Russell [Refractor] #BCP-75,$2.59,,,,,,,,,,,,$2.89,,,,,,0,,,,,2016-07-09
10455699,Baseball Cards 2016 Bowman Chrome Prospects,Ashe Russell [Superfractor] #BCP-75,,,,,,,,,,,,,,,,,,,0,,,,,2016-09-07
1354315,Baseball Cards 2016 Bowman Chrome Prospects,Austin Dean #BCP-146,$1.26,,,,,,,,,,,,$1.39,,,,,,1,,,,,2016-07-09
1354465,Baseball Cards 2016 Bowman Chrome Prospects,Austin Dean [Blue Refractor] #BCP-146,$3.42,,,,,,,,,,,$0.80,$3.79,,,,,,2,,,,,2016-07-09
1354615,Baseball Cards 2016 Bowman Chrome Prospects,Austin Dean [Gold Refractor] #BCP-146,$12.17,,,,,,,,,,,$3.30,$12.99,,,,,,1,,,,,2016-07-09
1354765,Baseball Cards 2016 Bowman Chrome Prospects,Austin Dean [Green Refractor] #BCP-146,$2.83,,,,,,,,,,,,$3.09,,,,,,1,,,,,2016-07-09
1354915,Baseball Cards 2016 Bowman Chrome Prospects,Austin Dean [Green Shimmer Refractor] #BCP-146,$0.25,,,,,,,,,,,,$0.99,,,,,,0,,,,,2016-07-09
1355065,Baseball Cards 2016 Bowman Chrome Prospects,Austin Dean [Light Blue Refractor] #BCP-146,,,,,,,,,,,,,,,,,,,0,,,,,2016-07-09
1355215,Baseball Cards 2016 Bowman Chrome Prospects,Austin Dean [Orange Refractor] #BCP-146,$7.44,,,,$8.50,,,,,,,$1.60,$8.19,,,,,,1,,,,,2016-07-09
1355364,Baseball Cards 2016 Bowman Chrome Prospects,Austin Dean [Orange Shimmer Refractor] #BCP-146,$3.48,,,,,,,,,,,$0.80,$3.79,,,,,,1,,,,,2016-07-09
10455837,Baseball Cards 2016 Bowman Chrome Prospects,Austin Dean [Printing Plate] #BCP-146,,,,,,,,,,,,,,,,,,,0,,,,,2016-09-07
1355509,Baseball Cards 2016 Bowman Chrome Prospects,Austin Dean [Purple Refractor] #BCP-146,$2.35,,,,,,,,,,,,$2.59,,,,,,2,,,,,2016-07-09
1355658,Baseball Cards 2016 Bowman Chrome Prospects,Austin Dean [Red Refractor] #BCP-146,$25.83,,,$10.16,$11.00,,,,,,,$8.40,$27.99,,,,,,2,,,,,2016-07-09
1355808,Baseball Cards 2016 Bowman Chrome Prospects,Austin Dean [Refractor] #BCP-146,$5.49,,,,,,,,,,,$1.20,$5.99,,,,,,1,,,,,2016-07-09
10455839,Baseball Cards 2016 Bowman Chrome Prospects,Austin Dean [Superfractor] #BCP-146,$59.00,,,,,,,,,,,$26.00,$64.99,,,,,,1,,,,,2016-09-07
1342994,Baseball Cards 2016 Bowman Chrome Prospects,Austin Gomber #BCP-162,$1.65,,,,,,,,,,,,$1.79,,,,,,1,,,,,2016-07-09
1343088,Baseball Cards 2016 Bowman Chrome Prospects,Austin Gomber [Black Gold Refractor] #BCP-162,,,,,,,,,,,,,,,,,,,0,,,,,2016-07-09
1343187,Baseball Cards 2016 Bowman Chrome Prospects,Austin Gomber [Blue Refractor] #BCP-162,$3.42,,,,,,,,,,,$0.80,$3.79,,,,,,0,,,,,2016-07-09
1343287,Baseball Cards 2016 Bowman Chrome Prospects,Austin Gomber [Blue Shimmer] #BCP-162,$1.00,,,,,,,,,,,,$1.09,,,,,,1,,,,,2016-07-09
1343387,Baseball Cards 2016 Bowman Chrome Prospects,Austin Gomber [Gold Refractor] #BCP-162,$23.07,,,,,$3.05,$4.00,$2.00,$2.00,,,$7.50,$24.99,,,,,,1,,,,,2016-07-09
1343485,Baseball Cards 2016 Bowman Chrome Prospects,Austin Gomber [Green Refractor] #BCP-162,$4.79,,,,,,,,,,,$1.10,$5.29,,,,,,1,,,,,2016-07-09
1343581,Baseball Cards 2016 Bowman Chrome Prospects,Austin Gomber [Orange Refractor] #BCP-162,$23.24,,,,,,,,,,,$7.80,$25.99,,,,,,0,,,,,2016-07-09
1343680,Baseball Cards 2016 Bowman Chrome Prospects,Austin Gomber [Orange Shimmer] #BCP-162,$1.35,,,,,,,,,,,,$1.49,,,,,,1,,,,,2016-07-09
10455877,Baseball Cards 2016 Bowman Chrome Prospects,Austin Gomber [Printing Plate] #BCP-162,,,,,,,,,,,,,,,,,,,0,,,,,2016-09-07
1343780,Baseball Cards 2016 Bowman Chrome Prospects,Austin Gomber [Purple Refractor] #BCP-162,$1.45,,,,,,,,,,,,$1.59,,,,,,1,,,,,2016-07-09
1343880,Baseball Cards 2016 Bowman Chrome Prospects,Austin Gomber [Red Refractor] #BCP-162,$80.74,,,,,,,,,,,$35.60,$88.99,,,,,,0,,,,,2016-07-09
1343978,Baseball Cards 2016 Bowman Chrome Prospects,Austin Gomber [Refractor] #BCP-162,$0.25,,,,,,,,,,,,$0.99,,,,,,0,,,,,2016-07-09
10455878,Baseball Cards 2016 Bowman Chrome Prospects,Austin Gomber [Superfractor] #BCP-162,,,,,,,,,,,,,,,,,,,0,,,,,2016-09-07
1344772,Baseball Cards 2016 Bowman Chrome Prospects,Austin Meadows #BCP-250,$1.00,,,,,,,,,,,,$1.09,,,,,,1,,,,,2016-07-09
1343175,Baseball Cards 2016 Bowman Chrome Prospects,Austin Meadows [Black Gold Refractor] #BCP-250,,,,,,,,,,,,,,,,,,,0,,,,,2016-07-09
1343275,Baseball Cards 2016 Bowman Chrome Prospects,Austin Meadows [Blue Refractor] #BCP-250,$0.99,,,,,,,,,,,,$1.09,,,,,,1,,,,,2016-07-09
1343375,Baseball Cards 2016 Bowman Chrome Prospects,Austin Meadows [Blue Shimmer] #BCP-250,$0.25,,,,,,,,,,,,$0.99,,,,,,0,,,,,2016-07-09
1343473,Baseball Cards 2016 Bowman Chrome Prospects,Austin Meadows [Gold Refractor] #BCP-250,$4.39,,,,,,,,,,,$1.00,$4.79,,,,,,1,,,,,2016-07-09
1344779,Baseball Cards 2016 Bowman Chrome Prospects,Austin Meadows [Green Refractor] #BCP-250,$50.00,,,,,,,,,,,$22.00,$54.99,,,,,,1,,,,,2016-07-09
1343668,Baseball Cards 2016 Bowman Chrome Prospects,Austin Meadows [Orange Refractor] #BCP-250,$9.00,,,,,,,,,,,$2.00,$9.89,,,,,,0,,,,,2016-07-09
1343768,Baseball Cards 2016 Bowman Chrome Prospects,Austin Meadows [Orange Shimmer] #BCP-250,$0.25,,,,,,,,,,,,$0.99,,,,,,0,,,,,2016-07-09
10456046,Baseball Cards 2016 Bowman Chrome Prospects,Austin Meadows [Printing Plate] #BCP-250,,,,,,,,,,,,,,,,,,,0,,,,,2016-09-07
1343868,Baseball Cards 2016 Bowman Chrome Prospects,Austin Meadows [Purple Refractor] #BCP-250,$0.25,,,,,,,,,,,,$0.99,,,,,,0,,,,,2016-07-09
1343966,Baseball Cards 2016 Bowman Chrome Prospects,Austin Meadows [Red Refractor] #BCP-250,$57.98,,,,,,,,,,,$25.60,$63.99,,,,,,0,,,,,2016-07-09
1344066,Baseball Cards 2016 Bowman Chrome Prospects,Austin Meadows [Refractor] #BCP-250,$0.25,,,,,,,,,,,,$0.99,,,,,,0,,,,,2016-07-09
10456047,Baseball Cards 2016 Bowman Chrome Prospects,Austin Meadows [Superfractor] #BCP-250,,,,,,,,,,,,,,,,,,,0,,,,,2016-09-07
1342997,Baseball Cards 2016 Bowman Chrome Prospects,Austin Rei #BCP-165,$0.99,,,,,,,,,,,,$1.09,,,,,,1,,,,,2016-07-09
1344773,Baseball Cards 2016 Bowman Chrome Prospects,Austin Rei [Black Gold Refractor] #BCP-165,,,,,,,,,,,,,,,,,,,0,,,,,2016-07-09
1343190,Baseball Cards 2016 Bowman Chrome Prospects,Austin Rei [Blue Refractor] #BCP-165,$1.59,,,,,,,,,,,,$1.79,,,,,,1,,,,,2016-07-09
1343290,Baseball Cards 2016 Bowman Chrome Prospects,Austin Rei [Blue Shimmer] #BCP-165,$0.25,,,,,,,,,,,,$0.99,,,,,,0,,,,,2016-07-09
1343390,Baseball Cards 2016 Bowman Chrome Prospects,Austin Rei [Gold Refractor] #BCP-165,$2.78,,,,,,,,,,,,$3.09,,,,,,0,,,,,2016-07-09
1343488,Baseball Cards 2016 Bowman Chrome Prospects,Austin Rei [Green Refractor] #BCP-165,$0.25,,,,,,,,,,,,$0.99,,,,,,0,,,,,2016-07-09
1343584,Baseball Cards 2016 Bowman Chrome Prospects,Austin Rei [Orange Refractor] #BCP-165,,,,,,,,,,,,,,,,,,,0,,,,,2016-07-09
1343683,Baseball Cards 2016 Bowman Chrome Prospects,Austin Rei [Orange Shimmer] #BCP-165,$0.25,,,,,,,,,,,,$0.99,,,,,,0,,,,,2016-07-09
10455883,Baseball Cards 2016 Bowman Chrome Prospects,Austin Rei [Printing Plate] #BCP-165,,,,,,,,,,,,,,,,,,,0,,,,,2016-09-07
1343783,Baseball Cards 2016 Bowman Chrome Prospects,Austin Rei [Purple Refractor] #BCP-165,$0.25,,,,,,,,,,,,$0.99,,,,,,0,,,,,2016-07-09
1343882,Baseball Cards 2016 Bowman Chrome Prospects,Austin Rei [Red Refractor] #BCP-165,,,,,,,,,,,,,,,,,,,0,,,,,2016-07-09
1343981,Baseball Cards 2016 Bowman Chrome Prospects,Austin Rei [Refractor] #BCP-165,$3.29,,,,,,,,,,,,$3.59,,,,,,0,,,,,2016-07-09
10455885,Baseball Cards 2016 Bowman Chrome Prospects,Austin Rei [Superfractor] #BCP-165,,,,,,,,,,,,,,,,,,,0,,,,,2016-09-07
1343033,Baseball Cards 2016 Bowman Chrome Prospects,Austin Riley #BCP-202,$1.82,,$6.44,$9.99,$22.53,$24.10,$31.00,$14.00,$14.00,,,,$1.99,,,$1.40,$7.09,,10,,,,,2016-07-09
1343127,Baseball Cards 2016 Bowman Chrome Prospects,Austin Riley [Black Gold Refractor] #BCP-202,$2.51,,,,,,,,,,,,$2.79,,,,,,1,,,,,2016-07-09
1343227,Baseball Cards 2016 Bowman Chrome Prospects,Austin Riley [Blue Refractor] #BCP-202,$1.25,,,$26.00,$29.00,,,,,,,,$1.39,,,,,,3,,,,,2016-07-09
1343327,Baseball Cards 2016 Bowman Chrome Prospects,Austin Riley [Blue Shimmer] #BCP-202,$10.77,,,,,,,,,,,$3.00,$11.99,,,,,,2,,,,,2016-07-09
1343427,Baseball Cards 2016 Bowman Chrome Prospects,Austin Riley [Gold Refractor] #BCP-202,$103.98,,,,,$100.00,$130.00,$60.00,$60.00,,,$57.00,$114.00,,,,,,1,,,,,2016-07-09
1343523,Baseball Cards 2016 Bowman Chrome Prospects,Austin Riley [Green Refractor] #BCP-202,$34.99,,,$15.99,$18.00,,,,,,,$15.20,$37.99,,,,,,2,,,,,2016-07-09
1343621,Baseball Cards 2016 Bowman Chrome Prospects,Austin Riley [Orange Refractor] #BCP-202,$305.00,,,,,$102.50,$133.00,$62.00,$62.00,,,$168.00,$336.00,,,,,,2,,,,,2016-07-09
1343720,Baseball Cards 2016 Bowman Chrome Prospects,Austin Riley [Orange Shimmer] #BCP-202,$13.62,,,$26.82,$30.00,$32.00,$42.00,$19.00,$19.00,,,$3.80,$14.99,,,,,,4,,,,,2016-07-09
10455896,Baseball Cards 2016 Bowman Chrome Prospects,Austin Riley [Printing Plate] #BCP-202,,,,,,,,,,,,,,,,,,,0,,,,,2016-09-07
1343820,Baseball Cards 2016 Bowman Chrome Prospects,Austin Riley [Purple Refractor] #BCP-202,$15.04,,,,,,,,,,,$4.30,$16.99,,,,,,1,,,,,2016-07-09
1343919,Baseball Cards 2016 Bowman Chrome Prospects,Austin Riley [Red Refractor] #BCP-202,,,,,,$268.00,$348.00,$161.00,$161.00,,,,,,,,,,1,,,,,2016-07-09
1344018,Baseball Cards 2016 Bowman Chrome Prospects,Austin Riley [Refractor] #BCP-202,$3.99,,,$14.99,$16.00,$73.69,$96.00,$44.00,$44.00,,,$0.90,$4.39,,,,,,3,,,,,2016-07-09
10455897,Baseball Cards 2016 Bowman Chrome Prospects,Austin Riley [Superfractor] #BCP-202,,,,,,,,,,,,,,,,,,,0,,,,,2016-09-07
1354245,Baseball Cards 2016 Bowman Chrome Prospects,Beau Burrows #BCP-76,$0.99,,,,,,,,,,,,$1.09,,,,,,2,,,,,2016-07-09
1354395,Baseball Cards 2016 Bowman Chrome Prospects,Beau Burrows [Blue Refractor] #BCP-76,$0.25,,,,,,,,,,,,$0.99,,,,,,0,,,,,2016-07-09
1354545,Baseball Cards 2016 Bowman Chrome Prospects,Beau Burrows [Gold Refractor] #BCP-76,$1.49,,,,,,,,,,,,$1.59,,,,,,1,,,,,2016-07-09
1354695,Baseball Cards 2016 Bowman Chrome Prospects,Beau Burrows [Green Refractor] #BCP-76,$2.80,,,,,,,,,,,,$3.09,,,,,,0,,,,,2016-07-09
1354845,Baseball Cards 2016 Bowman Chrome Prospects,Beau Burrows [Green Shimmer Refractor] #BCP-76,$1.99,,,,,,,,,,,,$2.19,,,,,,1,,,,,2016-07-09
1354995,Baseball Cards 2016 Bowman Chrome Prospects,Beau Burrows [Light Blue Refractor] #BCP-76,,,,,,,,,,,,,,,,,,,0,,,,,2016-07-09
1355145,Baseball Cards 2016 Bowman Chrome Prospects,Beau Burrows [Orange Refractor] #BCP-76,,,,,,,,,,,,,,,,,,,0,,,,,2016-07-09
1355294,Baseball Cards 2016 Bowman Chrome Prospects,Beau Burrows [Orange Shimmer Refractor] #BCP-76,,,,,,,,,,,,,,,,,,,0,,,,,2016-07-09
10455700,Baseball Cards 2016 Bowman Chrome Prospects,Beau Burrows [Printing Plate] #BCP-76,,,,,,,,,,,,,,,,,,,0,,,,,2016-09-07
1355441,Baseball Cards 2016 Bowman Chrome Prospects,Beau Burrows [Purple Refractor] #BCP-76,$2.25,,,,,,,,,,,,$2.49,,,,,,1,,,,,2016-07-09
1355589,Baseball Cards 2016 Bowman Chrome Prospects,Beau Burrows [Red Refractor] #BCP-76,,,,,,,,,,,,,,,,,,,0,,,,,2016-07-09
1355738,Baseball Cards 2016 Bowman Chrome Prospects,Beau Burrows [Refractor] #BCP-76,$0.25,,,,,,,,,,,,$0.99,,,,,,0,,,,,2016-07-09
10455701,Baseball Cards 2016 Bowman Chrome Prospects,Beau Burrows [Superfractor] #BCP-76,,,,,,,,,,,,,,,,,,,0,,,,,2016-09-07
1342999,Baseball Cards 2016 Bowman Chrome Prospects,Ben Lively #BCP-167,$1.69,,,,,,,,,,,,$1.89,,,,,,1,,,,,2016-07-09
1343092,Baseball Cards 2016 Bowman Chrome Prospects,Ben Lively [Black Gold Refractor] #BCP-167,,,,,,,,,,,,,,,,,,,0,,,,,2016-07-09
1343192,Baseball Cards 2016 Bowman Chrome Prospects,Ben Lively [Blue Refractor] #BCP-167,$0.25,,,,,,,,,,,,$0.99,,,,,,0,,,,,2016-07-09
1343292,Baseball Cards 2016 Bowman Chrome Prospects,Ben Lively [Blue Shimmer] #BCP-167,$1.00,,,,,,,,,,,,$1.09,,,,,,1,,,,,2016-07-09
1343392,Baseball Cards 2016 Bowman Chrome Prospects,Ben Lively [Gold Refractor] #BCP-167,$6.99,,,,,,,,,,,$1.50,$7.69,,,,,,0,,,,,2016-07-09
1343490,Baseball Cards 2016 Bowman Chrome Prospects,Ben Lively [Green Refractor] #BCP-167,$0.25,,,,,,,,,,,,$0.99,,,,,,0,,,,,2016-07-09
1343586,Baseball Cards 2016 Bowman Chrome Prospects,Ben Lively [Orange Refractor] #BCP-167,,,,,,,,,,,,,,,,,,,0,,,,,2016-07-09
1343685,Baseball Cards 2016 Bowman Chrome Prospects,Ben Lively [Orange Shimmer] #BCP-167,$1.35,,,,,,,,,,,,$1.49,,,,,,1,,,,,2016-07-09
10455886,Baseball Cards 2016 Bowman Chrome Prospects,Ben Lively [Printing Plate] #BCP-167,,,,,,,,,,,,,,,,,,,0,,,,,2016-09-07
1343785,Baseball Cards 2016 Bowman Chrome Prospects,Ben Lively [Purple Refractor] #BCP-167,$1.45,,,,,,,,,,,,$1.59,,,,,,1,,,,,2016-07-09
1343884,Baseball Cards 2016 Bowman Chrome Prospects,Ben Lively [Red Refractor] #BCP-167,,,,,,,,,,,,,,,,,,,0,,,,,2016-07-09
1343983,Baseball Cards 2016 Bowman Chrome Prospects,Ben Lively [Refractor] #BCP-167,$2.00,,,,,,,,,,,,$2.19,,,,,,1,,,,,2016-07-09
10455887,Baseball Cards 2016 Bowman Chrome Prospects,Ben Lively [Superfractor] #BCP-167,,,,,,,,,,,,,,,,,,,0,,,,,2016-09-07
1354177,Baseball Cards 2016 Bowman Chrome Prospects,Billy McKinney #BCP-8,$1.33,,,,,,,,,,,,$1.49,,,,,,2,,,,,2016-07-09
1354327,Baseball Cards 2016 Bowman Chrome Prospects,Billy McKinney [Blue Refractor] #BCP-8,$2.50,,,,,,,,,,,,$2.79,,,,,,1,,,,,2016-07-09
1354477,Baseball Cards 2016 Bowman Chrome Prospects,Billy McKinney [Gold Refractor] #BCP-8,$6.00,,,,,,,,,,,$1.30,$6.59,,,,,,1,,,,,2016-07-09
1354627,Baseball Cards 2016 Bowman Chrome Prospects,Billy McKinney [Green Refractor] #BCP-8,$1.50,,,,,,,,,,,,$1.69,,,,,,1,,,,,2016-07-09
1354777,Baseball Cards 2016 Bowman Chrome Prospects,Billy McKinney [Green Shimmer Refractor] #BCP-8,$1.49,,,,,,,,,,,,$1.59,,,,,,1,,,,,2016-07-09
1354927,Baseball Cards 2016 Bowman Chrome Prospects,Billy McKinney [Light Blue Refractor] #BCP-8,,,,,,,,,,,,,,,,,,,0,,,,,2016-07-09
1355077,Baseball Cards 2016 Bowman Chrome Prospects,Billy McKinney [Orange Refractor] #BCP-8,$21.24,,,,,,,,,,,$6.90,$22.99,,,,,,0,,,,,2016-07-09
1355227,Baseball Cards 2016 Bowman Chrome Prospects,Billy McKinney [Orange Shimmer Refractor] #BCP-8,$23.24,,,,,,,,,,,$7.80,$25.99,,,,,,0,,,,,2016-07-09
10455568,Baseball Cards 2016 Bowman Chrome Prospects,Billy McKinney [Printing Plate] #BCP-8,,,,,,,,,,,,,,,,,,,0,,,,,2016-09-07
1355375,Baseball Cards 2016 Bowman Chrome Prospects,Billy McKinney [Purple Refractor] #BCP-8,$3.00,,,,,,,,,,,,$3.29,,,,,,1,,,,,2016-07-09
1355521,Baseball Cards 2016 Bowman Chrome Prospects,Billy McKinney [Red Refractor] #BCP-8,,,,,,,,,,,,,,,,,,,0,,,,,2016-07-09
1355670,Baseball Cards 2016 Bowman Chrome Prospects,Billy McKinney [Refractor] #BCP-8,$0.99,,,,,,,,,,,,$1.09,,,,,,1,,,,,2016-07-09
10455569,Baseball Cards 2016 Bowman Chrome Prospects,Billy McKinney [Superfractor] #BCP-8,,,,,,,,,,,,,,,,,,,0,,,,,2016-09-07
1343059,Baseball Cards 2016 Bowman Chrome Prospects,Blake Perkins #BCP-228,$0.99,,,,,,,,,,,,$1.09,,,,,,1,,,,,2016-07-09
1343153,Baseball Cards 2016 Bowman Chrome Prospects,Blake Perkins [Black Gold Refractor] #BCP-228,,,,,,,,,,,,,,,,,,,0,,,,,2016-07-09
1343253,Baseball Cards 2016 Bowman Chrome Prospects,Blake Perkins [Blue Refractor] #BCP-228,$1.65,,,,,,,,,,,,$1.79,,,,,,2,,,,,2016-07-09
1343353,Baseball Cards 2016 Bowman Chrome Prospects,Blake Perkins [Blue Shimmer] #BCP-228,$0.99,,,,,,,,,,,,$1.09,,,,,,1,,,,,2016-07-09
1343452,Baseball Cards 2016 Bowman Chrome Prospects,Blake Perkins [Gold Refractor] #BCP-228,$29.29,,,,,,,,,,,$9.60,$31.99,,,,,,1,,,,,2016-07-09
1343549,Baseball Cards 2016 Bowman Chrome Prospects,Blake Perkins [Green Refractor] #BCP-228,$7.99,,,,,,,,,,,$1.80,$8.79,,,,,,1,,,,,2016-07-09
1343647,Baseball Cards 2016 Bowman Chrome Prospects,Blake Perkins [Orange Refractor] #BCP-228,$3.57,,,,,,,,,,,$0.80,$3.89,,,,,,1,,,,,2016-07-09
1343746,Baseball Cards 2016 Bowman Chrome Prospects,Blake Perkins [Orange Shimmer] #BCP-228,$0.25,,,,,,,,,,,,$0.99,,,,,,0,,,,,2016-07-09
10455987,Baseball Cards 2016 Bowman Chrome Prospects,Blake Perkins [Printing Plate] #BCP-228,,,,,,,,,,,,,,,,,,,0,,,,,2016-09-07
1343846,Baseball Cards 2016 Bowman Chrome Prospects,Blake Perkins [Purple Refractor] #BCP-228,$1.32,,,,,,,,,,,,$1.49,,,,,,1,,,,,2016-07-09
1343944,Baseball Cards 2016 Bowman Chrome Prospects,Blake Perkins [Red Refractor] #BCP-228,$3.40,,,,,,,,,,,,$3.69,,,,,,1,,,,,2016-07-09
1344044,Baseball Cards 2016 Bowman Chrome Prospects,Blake Perkins [Refractor] #BCP-228,$1.99,,,,,,,,,,,,$2.19,,,,,,1,,,,,2016-07-09
10455988,Baseball Cards 2016 Bowman Chrome Prospects,Blake Perkins [Superfractor] #BCP-228,,,,,,,,,,,,,,,,,,,0,,,,,2016-09-07
1342995,Baseball Cards 2016 Bowman Chrome Prospects,Blake Trahan #BCP-163,$0.25,,,,,,,,,,,,$0.99,,,,,,0,,,,,2016-07-09
1343089,Baseball Cards 2016 Bowman Chrome Prospects,Blake Trahan [Black Gold Refractor] #BCP-163,,,,,,,,,,,,,,,,,,,0,,,,,2016-07-09
1343188,Baseball Cards 2016 Bowman Chrome Prospects,Blake Trahan [Blue Refractor] #BCP-163,$0.25,,,,,,,,,,,,$0.99,,,,,,0,,,,,2016-07-09
1343288,Baseball Cards 2016 Bowman Chrome Prospects,Blake Trahan [Blue Shimmer] #BCP-163,$0.25,,,,,,,,,,,,$0.99,,,,,,0,,,,,2016-07-09
1343388,Baseball Cards 2016 Bowman Chrome Prospects,Blake Trahan [Gold Refractor] #BCP-163,$2.99,,,,,,,,,,,,$3.29,,,,,,0,,,,,2016-07-09
1343486,Baseball Cards 2016 Bowman Chrome Prospects,Blake Trahan [Green Refractor] #BCP-163,$3.00,,,,,,,,,,,,$3.29,,,,,,0,,,,,2016-07-09
1343582,Baseball Cards 2016 Bowman Chrome Prospects,Blake Trahan [Orange Refractor] #BCP-163,$5.99,,,,,,,,,,,$1.30,$6.59,,,,,,1,,,,,2016-07-09
1343681,Baseball Cards 2016 Bowman Chrome Prospects,Blake Trahan [Orange Shimmer] #BCP-163,$3.51,,,,,,,,,,,$0.80,$3.89,,,,,,1,,,,,2016-07-09
10455879,Baseball Cards 2016 Bowman Chrome Prospects,Blake Trahan [Printing Plate] #BCP-163,,,,,,,,,,,,,,,,,,,0,,,,,2016-09-07
1343781,Baseball Cards 2016 Bowman Chrome Prospects,Blake Trahan [Purple Refractor] #BCP-163,$0.25,,,,,,,,,,,,$0.99,,,,,,0,,,,,2016-07-09
1343881,Baseball Cards 2016 Bowman Chrome Prospects,Blake Trahan [Red Refractor] #BCP-163,,,,,,,,,,,,,,,,,,,0,,,,,2016-07-09
1343979,Baseball Cards 2016 Bowman Chrome Prospects,Blake Trahan [Refractor] #BCP-163,$0.25,,,,,,,,,,,,$0.99,,,,,,0,,,,,2016-07-09
10455880,Baseball Cards 2016 Bowman Chrome Prospects,Blake Trahan [Superfractor] #BCP-163,,,,,,,,,,,,,,,,,,,0,,,,,2016-09-07
1343074,Baseball Cards 2016 Bowman Chrome Prospects,Braden Bishop #BCP-243,$0.99,,,,,,,,,,,,$1.09,,,,,,1,,,,,2016-07-09
1343168,Baseball Cards 2016 Bowman Chrome Prospects,Braden Bishop [Black Gold Refractor] #BCP-243,,,,,,,,,,,,,,,,,,,0,,,,,2016-07-09
1343268,Baseball Cards 2016 Bowman Chrome Prospects,Braden Bishop [Blue Refractor] #BCP-243,$4.57,,,,,,,,,,,$1.00,$4.99,,,,,,0,,,,,2016-07-09
1343368,Baseball Cards 2016 Bowman Chrome Prospects,Braden Bishop [Blue Shimmer] #BCP-243,$0.25,,,,,,,,,,,,$0.99,,,,,,0,,,,,2016-07-09
1343466,Baseball Cards 2016 Bowman Chrome Prospects,Braden Bishop [Gold Refractor] #BCP-243,$4.99,,,,,,,,,,,$1.10,$5.49,,,,,,0,,,,,2016-07-09
1343563,Baseball Cards 2016 Bowman Chrome Prospects,Braden Bishop [Green Refractor] #BCP-243,$0.25,,,,,,,,,,,,$0.99,,,,,,0,,,,,2016-07-09
1343661,Baseball Cards 2016 Bowman Chrome Prospects,Braden Bishop [Orange Refractor] #BCP-243,,,,,,,,,,,,,,,,,,,0,,,,,2016-07-09
1343761,Baseball Cards 2016 Bowman Chrome Prospects,Braden Bishop [Orange Shimmer] #BCP-243,$0.25,,,,,,,,,,,,$0.99,,,,,,0,,,,,2016-07-09
10456033,Baseball Cards 2016 Bowman Chrome Prospects,Braden Bishop [Printing Plate] #BCP-243,,,,,,,,,,,,,,,,,,,0,,,,,2016-09-07
1343861,Baseball Cards 2016 Bowman Chrome Prospects,Braden Bishop [Purple Refractor] #BCP-243,$0.25,,,,,,,,,,,,$0.99,,,,,,0,,,,,2016-07-09
1343959,Baseball Cards 2016 Bowman Chrome Prospects,Braden Bishop [Red Refractor] #BCP-243,,,,,,,,,,,,,,,,,,,0,,,,,2016-07-09
1344059,Baseball Cards 2016 Bowman Chrome Prospects,Braden Bishop [Refractor] #BCP-243,$1.75,,,,,,,,,,,,$1.89,,,,,,1,,,,,2016-07-09
10456034,Baseball Cards 2016 Bowman Chrome Prospects,Braden Bishop [Superfractor] #BCP-243,,,,,,,,,,,,,,,,,,,0,,,,,2016-09-07
1343045,Baseball Cards 2016 Bowman Chrome Prospects,Bradley Zimmer #BCP-214,$0.99,,,,,,,,,,,,$1.09,,,,,,1,,,,,2016-07-09
1343139,Baseball Cards 2016 Bowman Chrome Prospects,Bradley Zimmer [Black Gold Refractor] #BCP-214,,,,,,,,,,,,,,,,,,,0,,,,,2016-07-09
1343239,Baseball Cards 2016 Bowman Chrome Prospects,Bradley Zimmer [Blue Refractor] #BCP-214,$0.25,,,,,,,,,,,,$0.99,,,,,,0,,,,,2016-07-09
1343339,Baseball Cards 2016 Bowman Chrome Prospects,Bradley Zimmer [Blue Shimmer] #BCP-214,$0.25,,,,,,,,,,,,$0.99,,,,,,0,,,,,2016-07-09
1343438,Baseball Cards 2016 Bowman Chrome Prospects,Bradley Zimmer [Gold Refractor] #BCP-214,$2.06,,,,,,,,,,,,$2.29,,,,,,0,,,,,2016-07-09
1343535,Baseball Cards 2016 Bowman Chrome Prospects,Bradley Zimmer [Green Refractor] #BCP-214,$0.99,,,,,,,,,,,,$1.09,,,,,,1,,,,,2016-07-09
1343633,Baseball Cards 2016 Bowman Chrome Prospects,Bradley Zimmer [Orange Refractor] #BCP-214,,,,,,,,,,,,,,,,,,,0,,,,,2016-07-09
1343732,Baseball Cards 2016 Bowman Chrome Prospects,Bradley Zimmer [Orange Shimmer] #BCP-214,$0.25,,,,,,,,,,,,$0.99,,,,,,0,,,,,2016-07-09
10455939,Baseball Cards 2016 Bowman Chrome Prospects,Bradley Zimmer [Printing Plate] #BCP-214,,,,,,,,,,,,,,,,,,,0,,,,,2016-09-07
1343832,Baseball Cards 2016 Bowman Chrome Prospects,Bradley Zimmer [Purple Refractor] #BCP-214,$0.25,,,,,,,,,,,,$0.99,,,,,,0,,,,,2016-07-09
1343930,Baseball Cards 2016 Bowman Chrome Prospects,Bradley Zimmer [Red Refractor] #BCP-214,,,,,,,,,,,,,,,,,,,0,,,,,2016-07-09
1344030,Baseball Cards 2016 Bowman Chrome Prospects,Bradley Zimmer [Refractor] #BCP-214,$0.25,,,,,,,,,,,,$0.99,,,,,,0,,,,,2016-07-09
10455940,Baseball Cards 2016 Bowman Chrome Prospects,Bradley Zimmer [Superfractor] #BCP-214,,,,,,,,,,,,,,,,,,,0,,,,,2016-09-07
1354176,Baseball Cards 2016 Bowman Chrome Prospects,Brady Aiken #BCP-7,$1.23,,,,,,,,,,,,$1.39,,,,,,1,,,,,2016-07-09
1354326,Baseball Cards 2016 Bowman Chrome Prospects,Brady Aiken [Blue Refractor] #BCP-7,$0.25,,,,,,,,,,,,$0.99,,,,,,0,,,,,2016-07-09
1354476,Baseball Cards 2016 Bowman Chrome Prospects,Brady Aiken [Gold Refractor] #BCP-7,$6.29,,,,,,,,,,,$1.40,$6.89,,,,,,1,,,,,2016-07-09
1354626,Baseball Cards 2016 Bowman Chrome Prospects,Brady Aiken [Green Refractor] #BCP-7,$1.99,,,,,,,,,,,,$2.19,,,,,,1,,,,,2016-07-09
1354776,Baseball Cards 2016 Bowman Chrome Prospects,Brady Aiken [Green Shimmer Refractor] #BCP-7,$6.29,,,,$0.99,,,,,,,$1.40,$6.89,,,,,,1,,,,,2016-07-09
1354926,Baseball Cards 2016 Bowman Chrome Prospects,Brady Aiken [Light Blue Refractor] #BCP-7,,,,,,,,,,,,,,,,,,,0,,,,,2016-07-09
1355076,Baseball Cards 2016 Bowman Chrome Prospects,Brady Aiken [Orange Refractor] #BCP-7,,,,,,,,,,,,,,,,,,,0,,,,,2016-07-09
1355226,Baseball Cards 2016 Bowman Chrome Prospects,Brady Aiken [Orange Shimmer Refractor] #BCP-7,$5.06,,,,,,,,,,,$1.10,$5.59,,,,,,1,,,,,2016-07-09
10455566,Baseball Cards 2016 Bowman Chrome Prospects,Brady Aiken [Printing Plate] #BCP-7,,,,,,,,,,,,,,,,,,,0,,,,,2016-09-07
1355374,Baseball Cards 2016 Bowman Chrome Prospects,Brady Aiken [Purple Refractor] #BCP-7,$2.99,,,,,,,,,,,,$3.29,,,,,,1,,,,,2016-07-09
1355520,Baseball Cards 2016 Bowman Chrome Prospects,Brady Aiken [Red Refractor] #BCP-7,$18.00,,,,,,,,,,,$5.00,$19.99,,,,,,1,,,,,2016-07-09
1355669,Baseball Cards 2016 Bowman Chrome Prospects,Brady Aiken [Refractor] #BCP-7,$1.83,,,,,,,,,,,,$1.99,,,,,,1,,,,,2016-07-09
10455567,Baseball Cards 2016 Bowman Chrome Prospects,Brady Aiken [Superfractor] #BCP-7,,,,,,,,,,,,,,,,,,,0,,,,,2016-09-07
1354193,Baseball Cards 2016 Bowman Chrome Prospects,Brady Lail #BCP-24,$0.99,,,,,,,,,,,,$1.09,,,,,,1,,,,,2016-07-09
1354343,Baseball Cards 2016 Bowman Chrome Prospects,Brady Lail [Blue Refractor] #BCP-24,$3.42,,,,,,,,,,,$0.80,$3.79,,,,,,1,,,,,2016-07-09
1354493,Baseball Cards 2016 Bowman Chrome Prospects,Brady Lail [Gold Refractor] #BCP-24,$7.20,,,,,,,,,,,$1.60,$7.89,,,,,,0,,,,,2016-07-09
1354643,Baseball Cards 2016 Bowman Chrome Prospects,Brady Lail [Green Refractor] #BCP-24,$5.20,,,,,,,,,,,$1.10,$5.69,,,,,,0,,,,,2016-07-09
1354793,Baseball Cards 2016 Bowman Chrome Prospects,Brady Lail [Green Shimmer Refractor] #BCP-24,$2.06,,,,,,,,,,,,$2.29,,,,,,1,,,,,2016-07-09
1354943,Baseball Cards 2016 Bowman Chrome Prospects,Brady Lail [Light Blue Refractor] #BCP-24,,,,,,,,,,,,,,,,,,,0,,,,,2016-07-09
1355093,Baseball Cards 2016 Bowman Chrome Prospects,Brady Lail [Orange Refractor] #BCP-24,,,,,,,,,,,,,,,,,,,0,,,,,2016-07-09
1355242,Baseball Cards 2016 Bowman Chrome Prospects,Brady Lail [Orange Shimmer Refractor] #BCP-24,$3.42,,,,,,,,,,,$0.80,$3.79,,,,,,0,,,,,2016-07-09
10455600,Baseball Cards 2016 Bowman Chrome Prospects,Brady Lail [Printing Plate] #BCP-24,,,,,,,,,,,,,,,,,,,0,,,,,2016-09-07
1355391,Baseball Cards 2016 Bowman Chrome Prospects,Brady Lail [Purple Refractor] #BCP-24,$1.39,,,,,,,,,,,,$1.49,,,,,,1,,,,,2016-07-09
1355537,Baseball Cards 2016 Bowman Chrome Prospects,Brady Lail [Red Refractor] #BCP-24,,,,,,,,,,,,,,,,,,,0,,,,,2016-07-09
1355686,Baseball Cards 2016 Bowman Chrome Prospects,Brady Lail [Refractor] #BCP-24,$0.99,,,,,,,,,,,,$1.09,,,,,,1,,,,,2016-07-09
10455601,Baseball Cards 2016 Bowman Chrome Prospects,Brady Lail [Superfractor] #BCP-24,,,,,,,,,,,,,,,,,,,0,,,,,2016-09-07
1354269,Baseball Cards 2016 Bowman Chrome Prospects,Brendan Rodgers #BCP-100,$0.49,,,,,,,,,,,,$0.99,,,,,,1,,,,,2016-07-09
1354419,Baseball Cards 2016 Bowman Chrome Prospects,Brendan Rodgers [Blue Refractor] #BCP-100,$2.49,,,,,,,,,,,,$2.69,,,,,,1,,,,,2016-07-09
1354569,Baseball Cards 2016 Bowman Chrome Prospects,Brendan Rodgers [Gold Refractor] #BCP-100,$18.87,,,,,,,,,,,$6.30,$20.99,,,,,,1,,,,,2016-07-09
1354719,Baseball Cards 2016 Bowman Chrome Prospects,Brendan Rodgers [Green Refractor] #BCP-100,$8.88,,,,,,,,,,,$2.00,$9.79,,,,,,1,,,,,2016-07-09
1354869,Baseball Cards 2016 Bowman Chrome Prospects,Brendan Rodgers [Green Shimmer Refractor] #BCP-100,$10.32,,,,,,,,,,,$2.80,$10.99,,,,,,1,,,,,2016-07-09
1355019,Baseball Cards 2016 Bowman Chrome Prospects,Brendan Rodgers [Light Blue Refractor] #BCP-100,,,,,,,,,,,,,,,,,,,0,,,,,2016-07-09
1355169,Baseball Cards 2016 Bowman Chrome Prospects,Brendan Rodgers [Orange Refractor] #BCP-100,,,,$27.85,$31.00,,,,,,,,,,,,,,1,,,,,2016-07-09
1355318,Baseball Cards 2016 Bowman Chrome Prospects,Brendan Rodgers [Orange Shimmer Refractor] #BCP-100,$9.99,,,$9.99,$11.00,,,,,,,$2.80,$10.99,,,,,,2,,,,,2016-07-09
10455746,Baseball Cards 2016 Bowman Chrome Prospects,Brendan Rodgers [Printing Plate] #BCP-100,,,,,,,,,,,,,,,,,,,0,,,,,2016-09-07
1355463,Baseball Cards 2016 Bowman Chrome Prospects,Brendan Rodgers [Purple Refractor] #BCP-100,$6.23,,,,,,,,,,,$1.40,$6.89,,,,,,1,,,,,2016-07-09
1355613,Baseball Cards 2016 Bowman Chrome Prospects,Brendan Rodgers [Red Refractor] #BCP-100,,,,,,,,,,,,,,,,,,,0,,,,,2016-07-09
1355762,Baseball Cards 2016 Bowman Chrome Prospects,Brendan Rodgers [Refractor] #BCP-100,$2.08,,,$5.06,$6.00,,,,,,,,$2.29,,,,,,2,,,,,2016-07-09
10455747,Baseball Cards 2016 Bowman Chrome Prospects,Brendan Rodgers [Superfractor] #BCP-100,,,,,,,,,,,,,,,,,,,0,,,,,2016-09-07
1343020,Baseball Cards 2016 Bowman Chrome Prospects,Brent Honeywell #BCP-189,$0.99,,,,,,,,,,,,$1.09,,,,,,1,,,,,2016-07-09
1343114,Baseball Cards 2016 Bowman Chrome Prospects,Brent Honeywell [Black Gold Refractor] #BCP-189,,,,,,,,,,,,,,,,,,,0,,,,,2016-07-09
1343214,Baseball Cards 2016 Bowman Chrome Prospects,Brent Honeywell [Blue Refractor] #BCP-189,$2.27,,,,,,,,,,,,$2.49,,,,,,0,,,,,2016-07-09
1343314,Baseball Cards 2016 Bowman Chrome Prospects,Brent Honeywell [Blue Shimmer] #BCP-189,$0.25,,,,,,,,,,,,$0.99,,,,,,0,,,,,2016-07-09
1343414,Baseball Cards 2016 Bowman Chrome Prospects,Brent Honeywell [Gold Refractor] #BCP-189,$2.61,,,,,,,,,,,,$2.89,,,,,,1,,,,,2016-07-09
1343510,Baseball Cards 2016 Bowman Chrome Prospects,Brent Honeywell [Green Refractor] #BCP-189,$0.25,,,,,,,,,,,,$0.99,,,,,,0,,,,,2016-07-09
1343608,Baseball Cards 2016 Bowman Chrome Prospects,Brent Honeywell [Orange Refractor] #BCP-189,$9.95,,,,,,,,,,,$2.80,$10.99,,,,,,0,,,,,2016-07-09
1343707,Baseball Cards 2016 Bowman Chrome Prospects,Brent Honeywell [Orange Shimmer] #BCP-189,$0.99,,,,,,,,,,,,$1.09,,,,,,1,,,,,2016-07-09
10455973,Baseball Cards 2016 Bowman Chrome Prospects,Brent Honeywell [Printing Plate] #BCP-189,,,,,,,,,,,,,,,,,,,0,,,,,2016-09-07
1343807,Baseball Cards 2016 Bowman Chrome Prospects,Brent Honeywell [Purple Refractor] #BCP-189,$0.25,,,,,,,,,,,,$0.99,,,,,,0,,,,,2016-07-09
1343906,Baseball Cards 2016 Bowman Chrome Prospects,Brent Honeywell [Red Refractor] #BCP-189,,,,,,,,,,,,,,,,,,,0,,,,,2016-07-09
1344005,Baseball Cards 2016 Bowman Chrome Prospects,Brent Honeywell [Refractor] #BCP-189,$0.25,,,,,,,,,,,,$0.99,,,,,,0,,,,,2016-07-09
10455976,Baseball Cards 2016 Bowman Chrome Prospects,Brent Honeywell [Superfractor] #BCP-189,,,,,,,,,,,,,,,,,,,0,,,,,2016-09-07
1354305,Baseball Cards 2016 Bowman Chrome Prospects,Brett Phillips #BCP-136,$0.70,,,,,,,,,,,,$0.99,,,,,,1,,,,,2016-07-09
1354455,Baseball Cards 2016 Bowman Chrome Prospects,Brett Phillips [Blue Refractor] #BCP-136,$2.75,,,,,,,,,,,,$2.99,,,,,,1,,,,,2016-07-09
1354605,Baseball Cards 2016 Bowman Chrome Prospects,Brett Phillips [Gold Refractor] #BCP-136,$2.98,,,,,,,,,,,,$3.29,,,,,,1,,,,,2016-07-09
1354755,Baseball Cards 2016 Bowman Chrome Prospects,Brett Phillips [Green Refractor] #BCP-136,$3.36,,,,,,,,,,,,$3.69,,,,,,0,,,,,2016-07-09
1354905,Baseball Cards 2016 Bowman Chrome Prospects,Brett Phillips [Green Shimmer Refractor] #BCP-136,$4.00,,,,,,,,,,,$0.90,$4.39,,,,,,1,,,,,2016-07-09
1355055,Baseball Cards 2016 Bowman Chrome Prospects,Brett Phillips [Light Blue Refractor] #BCP-136,,,,,,,,,,,,,,,,,,,0,,,,,2016-07-09
1355205,Baseball Cards 2016 Bowman Chrome Prospects,Brett Phillips [Orange Refractor] #BCP-136,,,,,,,,,,,,,,,,,,,0,,,,,2016-07-09
1355354,Baseball Cards 2016 Bowman Chrome Prospects,Brett Phillips [Orange Shimmer Refractor] #BCP-136,$11.47,,,,,,,,,,,$3.30,$12.99,,,,,,1,,,,,2016-07-09
10455817,Baseball Cards 2016 Bowman Chrome Prospects,Brett Phillips [Printing Plate] #BCP-136,,,,,,,,,,,,,,,,,,,0,,,,,2016-09-07
1355499,Baseball Cards 2016 Bowman Chrome Prospects,Brett Phillips [Purple Refractor] #BCP-136,$1.99,,,,,,,,,,,,$2.19,,,,,,1,,,,,2016-07-09
1355649,Baseball Cards 2016 Bowman Chrome Prospects,Brett Phillips [Red Refractor] #BCP-136,$13.45,,,,,,,,,,,$3.80,$14.99,,,,,,1,,,,,2016-07-09
1355798,Baseball Cards 2016 Bowman Chrome Prospects,Brett Phillips [Refractor] #BCP-136,$0.25,,,,,,,,,,,,$0.99,,,,,,0,,,,,2016-07-09
10455818,Baseball Cards 2016 Bowman Chrome Prospects,Brett Phillips [Superfractor] #BCP-136,,,,,,,,,,,,,,,,,,,0,,,,,2016-09-07
1343076,Baseball Cards 2016 Bowman Chrome Prospects,Bryce Denton #BCP-245,$0.20,,,,,,,,,,,,$0.99,,,,,,1,,,,,2016-07-09
1343170,Baseball Cards 2016 Bowman Chrome Prospects,Bryce Denton [Black Gold Refractor] #BCP-245,,,,,,,,,,,,,,,,,,,0,,,,,2016-07-09
1343270,Baseball Cards 2016 Bowman Chrome Prospects,Bryce Denton [Blue Refractor] #BCP-245,$0.25,,,,,,,,,,,,$0.99,,,,,,0,,,,,2016-07-09
1343370,Baseball Cards 2016 Bowman Chrome Prospects,Bryce Denton [Blue Shimmer] #BCP-245,$0.25,,,,,,,,,,,,$0.99,,,,,,0,,,,,2016-07-09
1343468,Baseball Cards 2016 Bowman Chrome Prospects,Bryce Denton [Gold Refractor] #BCP-245,$2.00,,,,,,,,,,,,$2.19,,,,,,0,,,,,2016-07-09
1343565,Baseball Cards 2016 Bowman Chrome Prospects,Bryce Denton [Green Refractor] #BCP-245,$2.69,,,,,,,,,,,,$2.99,,,,,,0,,,,,2016-07-09
1343663,Baseball Cards 2016 Bowman Chrome Prospects,Bryce Denton [Orange Refractor] #BCP-245,$17.49,,,,,,,,,,,$4.80,$18.99,,,,,,0,,,,,2016-07-09
1343763,Baseball Cards 2016 Bowman Chrome Prospects,Bryce Denton [Orange Shimmer] #BCP-245,$0.25,,,,,,,,,,,,$0.99,,,,,,0,,,,,2016-07-09
10456036,Baseball Cards 2016 Bowman Chrome Prospects,Bryce Denton [Printing Plate] #BCP-245,,,,,,,,,,,,,,,,,,,0,,,,,2016-09-07
1343863,Baseball Cards 2016 Bowman Chrome Prospects,Bryce Denton [Purple Refractor] #BCP-245,$0.25,,,,,,,,,,,,$0.99,,,,,,0,,,,,2016-07-09
1343961,Baseball Cards 2016 Bowman Chrome Prospects,Bryce Denton [Red Refractor] #BCP-245,,,,,,,,,,,,,,,,,,,0,,,,,2016-07-09
1344061,Baseball Cards 2016 Bowman Chrome Prospects,Bryce Denton [Refractor] #BCP-245,$3.49,,,,,,,,,,,$0.80,$3.79,,,,,,0,,,,,2016-07-09
10456037,Baseball Cards 2016 Bowman Chrome Prospects,Bryce Denton [Superfractor] #BCP-245,,,,,,,,,,,,,,,,,,,0,,,,,2016-09-07
1354307,Baseball Cards 2016 Bowman Chrome Prospects,Bubba Starling #BCP-138,$0.71,,,,,,,,,,,,$0.99,,,,,,1,,,,,2016-07-09
1354457,Baseball Cards 2016 Bowman Chrome Prospects,Bubba Starling [Blue Refractor] #BCP-138,$2.14,,,,,,,,,,,,$2.39,,,,,,1,,,,,2016-07-09
1354607,Baseball Cards 2016 Bowman Chrome Prospects,Bubba Starling [Gold Refractor] #BCP-138,$2.28,,,,,,,,,,,,$2.49,,,,,,1,,,,,2016-07-09
1354757,Baseball Cards 2016 Bowman Chrome Prospects,Bubba Starling [Green Refractor] #BCP-138,$1.00,,,,,,,,,,,,$1.09,,,,,,1,,,,,2016-07-09
1354907,Baseball Cards 2016 Bowman Chrome Prospects,Bubba Starling [Green Shimmer Refractor] #BCP-138,$2.00,,,,,,,,,,,,$2.19,,,,,,0,,,,,2016-07-09
1355057,Baseball Cards 2016 Bowman Chrome Prospects,Bubba Starling [Light Blue Refractor] #BCP-138,,,,,,,,,,,,,,,,,,,0,,,,,2016-07-09
1355207,Baseball Cards 2016 Bowman Chrome Prospects,Bubba Starling [Orange Refractor] #BCP-138,$5.00,,,,,,,,,,,$1.10,$5.49,,,,,,1,,,,,2016-07-09
1355356,Baseball Cards 2016 Bowman Chrome Prospects,Bubba Starling [Orange Shimmer Refractor] #BCP-138,,,,,,,,,,,,,,,,,,,0,,,,,2016-07-09
10455821,Baseball Cards 2016 Bowman Chrome Prospects,Bubba Starling [Printing Plate] #BCP-138,,,,,,,,,,,,,,,,,,,0,,,,,2016-09-07
1355501,Baseball Cards 2016 Bowman Chrome Prospects,Bubba Starling [Purple Refractor] #BCP-138,$0.99,,,,,,,,,,,,$1.09,,,,,,1,,,,,2016-07-09
1357298,Baseball Cards 2016 Bowman Chrome Prospects,Bubba Starling [Red Refractor] #BCP-138,,,,,,,,,,,,,,,,,,,0,,,,,2016-07-09
1355800,Baseball Cards 2016 Bowman Chrome Prospects,Bubba Starling [Refractor] #BCP-138,$2.27,,,,,,,,,,,,$2.49,,,,,,1,,,,,2016-07-09
10455822,Baseball Cards 2016 Bowman Chrome Prospects,Bubba Starling [Superfractor] #BCP-138,,,,,,,,,,,,,,,,,,,0,,,,,2016-09-07
1354232,Baseball Cards 2016 Bowman Chrome Prospects,Carson Fulmer #BCP-63,$1.90,,,,,,,,,,,,$2.09,,,,,,1,,,,,2016-07-09
1354382,Baseball Cards 2016 Bowman Chrome Prospects,Carson Fulmer [Blue Refractor] #BCP-63,$0.25,,,,,,,,,,,,$0.99,,,,,,0,,,,,2016-07-09
1354532,Baseball Cards 2016 Bowman Chrome Prospects,Carson Fulmer [Gold Refractor] #BCP-63,$0.25,,,,,,,,,,,,$0.99,,,,,,0,,,,,2016-07-09
1354682,Baseball Cards 2016 Bowman Chrome Prospects,Carson Fulmer [Green Refractor] #BCP-63,$16.59,,,,,,,,,,,$4.50,$17.99,,,,,,1,,,,,2016-07-09
1354832,Baseball Cards 2016 Bowman Chrome Prospects,Carson Fulmer [Green Shimmer Refractor] #BCP-63,$0.99,,,,,,,,,,,,$1.09,,,,,,1,,,,,2016-07-09
1354982,Baseball Cards 2016 Bowman Chrome Prospects,Carson Fulmer [Light Blue Refractor] #BCP-63,,,,,,,,,,,,,,,,,,,0,,,,,2016-07-09
1355132,Baseball Cards 2016 Bowman Chrome Prospects,Carson Fulmer [Orange Refractor] #BCP-63,$2.99,,,,,,,,,,,,$3.29,,,,,,1,,,,,2016-07-09
1355281,Baseball Cards 2016 Bowman Chrome Prospects,Carson Fulmer [Orange Shimmer Refractor] #BCP-63,$3.42,,,,,,,,,,,$0.80,$3.79,,,,,,0,,,,,2016-07-09
10455667,Baseball Cards 2016 Bowman Chrome Prospects,Carson Fulmer [Printing Plate] #BCP-63,,,,,,,,,,,,,,,,,,,0,,,,,2016-09-07
1355428,Baseball Cards 2016 Bowman Chrome Prospects,Carson Fulmer [Purple Refractor] #BCP-63,$0.25,,,,$2.99,,,,,,,,$0.99,,,,,,1,,,,,2016-07-09
1355576,Baseball Cards 2016 Bowman Chrome Prospects,Carson Fulmer [Red Refractor] #BCP-63,,,,,,,,,,,,,,,,,,,0,,,,,2016-07-09
1355725,Baseball Cards 2016 Bowman Chrome Prospects,Carson Fulmer [Refractor] #BCP-63,$0.25,,,,,,,,,,,,$0.99,,,,,,0,,,,,2016-07-09
10455669,Baseball Cards 2016 Bowman Chrome Prospects,Carson Fulmer [Superfractor] #BCP-63,,,,,,,,,,,,,,,,,,,0,,,,,2016-09-07
1342986,Baseball Cards 2016 Bowman Chrome Prospects,Chad Kuhl #BCP-154,$1.31,,,,,,,,,,,,$1.39,,,,,,1,,,,,2016-07-09
1344771,Baseball Cards 2016 Bowman Chrome Prospects,Chad Kuhl [Black Gold Refractor] #BCP-154,,,,,,,,,,,,,,,,,,,0,,,,,2016-07-09
1343179,Baseball Cards 2016 Bowman Chrome Prospects,Chad Kuhl [Blue Refractor] #BCP-154,$3.99,,,,,,,,,,,$0.90,$4.39,,,,,,0,,,,,2016-07-09
1343279,Baseball Cards 2016 Bowman Chrome Prospects,Chad Kuhl [Blue Shimmer] #BCP-154,$3.56,,,,,,,,,,,$0.80,$3.89,,,,,,1,,,,,2016-07-09
1343379,Baseball Cards 2016 Bowman Chrome Prospects,Chad Kuhl [Gold Refractor] #BCP-154,$0.99,,,,,,,,,,,,$1.09,,,,,,1,,,,,2016-07-09
1343477,Baseball Cards 2016 Bowman Chrome Prospects,Chad Kuhl [Green Refractor] #BCP-154,$4.00,,,,,,,,,,,$0.90,$4.39,,,,,,0,,,,,2016-07-09
1343573,Baseball Cards 2016 Bowman Chrome Prospects,Chad Kuhl [Orange Refractor] #BCP-154,,,,,,,,,,,,,,,,,,,0,,,,,2016-07-09
1343672,Baseball Cards 2016 Bowman Chrome Prospects,Chad Kuhl [Orange Shimmer] #BCP-154,$3.42,,,,,,,,,,,$0.80,$3.79,,,,,,0,,,,,2016-07-09
10455861,Baseball Cards 2016 Bowman Chrome Prospects,Chad Kuhl [Printing Plate] #BCP-154,,,,,,,,,,,,,,,,,,,0,,,,,2016-09-07
1343772,Baseball Cards 2016 Bowman Chrome Prospects,Chad Kuhl [Purple Refractor] #BCP-154,$2.43,,,,,,,,,,,,$2.69,,,,,,0,,,,,2016-07-09
1343872,Baseball Cards 2016 Bowman Chrome Prospects,Chad Kuhl [Red Refractor] #BCP-154,,,,,,,,,,,,,,,,,,,0,,,,,2016-07-09
1343970,Baseball Cards 2016 Bowman Chrome Prospects,Chad Kuhl [Refractor] #BCP-154,$2.00,,,,,,,,,,,,$2.19,,,,,,1,,,,,2016-07-09
10455862,Baseball Cards 2016 Bowman Chrome Prospects,Chad Kuhl [Superfractor] #BCP-154,,,,,,,,,,,,,,,,,,,0,,,,,2016-09-07
1354308,Baseball Cards 2016 Bowman Chrome Prospects,Chad Pinder #BCP-139,$0.40,,,,,,,,,,,,$0.99,,,,,,2,,,,,2016-07-09
1354458,Baseball Cards 2016 Bowman Chrome Prospects,Chad Pinder [Blue Refractor] #BCP-139,$2.10,,,,,,,,,,,,$2.29,,,,,,1,,,,,2016-07-09
1354608,Baseball Cards 2016 Bowman Chrome Prospects,Chad Pinder [Gold Refractor] #BCP-139,,,,,,,,,,,,,,,,,,,0,,,,,2016-07-09
1354758,Baseball Cards 2016 Bowman Chrome Prospects,Chad Pinder [Green Refractor] #BCP-139,$0.25,,,,,,,,,,,,$0.99,,,,,,0,,,,,2016-07-09
1354908,Baseball Cards 2016 Bowman Chrome Prospects,Chad Pinder [Green Shimmer Refractor] #BCP-139,$1.75,,,,,,,,,,,,$1.89,,,,,,1,,,,,2016-07-09
1355058,Baseball Cards 2016 Bowman Chrome Prospects,Chad Pinder [Light Blue Refractor] #BCP-139,,,,,,,,,,,,,,,,,,,0,,,,,2016-07-09
1355208,Baseball Cards 2016 Bowman Chrome Prospects,Chad Pinder [Orange Refractor] #BCP-139,$9.73,,,,,,,,,,,$2.80,$10.99,,,,,,0,,,,,2016-07-09
1355357,Baseball Cards 2016 Bowman Chrome Prospects,Chad Pinder [Orange Shimmer Refractor] #BCP-139,$1.99,,,,,,,,,,,,$2.19,,,,,,1,,,,,2016-07-09
10455823,Baseball Cards 2016 Bowman Chrome Prospects,Chad Pinder [Printing Plate] #BCP-139,,,,,,,,,,,,,,,,,,,0,,,,,2016-09-07
1355502,Baseball Cards 2016 Bowman Chrome Prospects,Chad Pinder [Purple Refractor] #BCP-139,$0.99,,,,,,,,,,,,$1.09,,,,,,1,,,,,2016-07-09
1355651,Baseball Cards 2016 Bowman Chrome Prospects,Chad Pinder [Red Refractor] #BCP-139,,,,,,,,,,,,,,,,,,,0,,,,,2016-07-09
1355801,Baseball Cards 2016 Bowman Chrome Prospects,Chad Pinder [Refractor] #BCP-139,$0.94,,,,,,,,,,,,$0.99,,,,,,1,,,,,2016-07-09
10455826,Baseball Cards 2016 Bowman Chrome Prospects,Chad Pinder [Superfractor] #BCP-139,,,,,,,,,,,,,,,,,,,0,,,,,2016-09-07
1343023,Baseball Cards 2016 Bowman Chrome Prospects,Chance Adams #BCP-192,$0.25,,,,$0.99,$25.50,$33.00,$15.00,$15.00,,,,$0.99,,,,,,2,,,,,2016-07-09
1343117,Baseball Cards 2016 Bowman Chrome Prospects,Chance Adams [Black Gold Refractor] #BCP-192,,,,,,,,,,,,,,,,,,,0,,,,,2016-07-09
1343217,Baseball Cards 2016 Bowman Chrome Prospects,Chance Adams [Blue Refractor] #BCP-192,$1.25,,,,,,,,,,,,$1.39,,,,,,1,,,,,2016-07-09
1343317,Baseball Cards 2016 Bowman Chrome Prospects,Chance Adams [Blue Shimmer] #BCP-192,$0.25,,,,,,,,,,,,$0.99,,,,,,0,,,,,2016-07-09
1343417,Baseball Cards 2016 Bowman Chrome Prospects,Chance Adams [Gold Refractor] #BCP-192,$3.42,,,,,,,,,,,$0.80,$3.79,,,,,,0,,,,,2016-07-09
1343513,Baseball Cards 2016 Bowman Chrome Prospects,Chance Adams [Green Refractor] #BCP-192,$2.50,,,,,,,,,,,,$2.79,,,,,,1,,,,,2016-07-09
1343611,Baseball Cards 2016 Bowman Chrome Prospects,Chance Adams [Orange Refractor] #BCP-192,,,,,,,,,,,,,,,,,,,0,,,,,2016-07-09
1343710,Baseball Cards 2016 Bowman Chrome Prospects,Chance Adams [Orange Shimmer] #BCP-192,,,,,,,,,,,,,,,,,,,0,,,,,2016-07-09
10455989,Baseball Cards 2016 Bowman Chrome Prospects,Chance Adams [Printing Plate] #BCP-192,,,,,,,,,,,,,,,,,,,0,,,,,2016-09-07
1343810,Baseball Cards 2016 Bowman Chrome Prospects,Chance Adams [Purple Refractor] #BCP-192,$0.25,,,,,,,,,,,,$0.99,,,,,,0,,,,,2016-07-09
1343909,Baseball Cards 2016 Bowman Chrome Prospects,Chance Adams [Red Refractor] #BCP-192,,,,,,,,,,,,,,,,,,,0,,,,,2016-07-09
1344008,Baseball Cards 2016 Bowman Chrome Prospects,Chance Adams [Refractor] #BCP-192,$2.55,,,,,$5.52,$7.00,$3.00,$3.00,,,,$2.79,,,,,,1,,,,,2016-07-09
10455992,Baseball Cards 2016 Bowman Chrome Prospects,Chance Adams [Superfractor] #BCP-192,,,,,,,,,,,,,,,,,,,0,,,,,2016-09-07
1354283,Baseball Cards 2016 Bowman Chrome Prospects,Chance Sisco #BCP-114,$1.29,,,,,,,,,,,,$1.39,,,,,,3,,,,,2016-07-09
1354433,Baseball Cards 2016 Bowman Chrome Prospects,Chance Sisco [Blue Refractor] #BCP-114,$1.47,,,,,,,,,,,,$1.59,,,,,,1,,,,,2016-07-09
1354583,Baseball Cards 2016 Bowman Chrome Prospects,Chance Sisco [Gold Refractor] #BCP-114,$6.65,,,,,,,,,,,$1.50,$7.29,,,,,,0,,,,,2016-07-09
1354733,Baseball Cards 2016 Bowman Chrome Prospects,Chance Sisco [Green Refractor] #BCP-114,$0.99,,,,,,,,,,,,$1.09,,,,,,1,,,,,2016-07-09
1354883,Baseball Cards 2016 Bowman Chrome Prospects,Chance Sisco [Green Shimmer Refractor] #BCP-114,$2.84,,,,,,,,,,,,$3.09,,,,,,0,,,,,2016-07-09
1355033,Baseball Cards 2016 Bowman Chrome Prospects,Chance Sisco [Light Blue Refractor] #BCP-114,,,,,,,,,,,,,,,,,,,0,,,,,2016-07-09
1355183,Baseball Cards 2016 Bowman Chrome Prospects,Chance Sisco [Orange Refractor] #BCP-114,,,,,,,,,,,,,,,,,,,0,,,,,2016-07-09
1355332,Baseball Cards 2016 Bowman Chrome Prospects,Chance Sisco [Orange Shimmer Refractor] #BCP-114,$1.69,,,,,,,,,,,,$1.89,,,,,,1,,,,,2016-07-09
10455772,Baseball Cards 2016 Bowman Chrome Prospects,Chance Sisco [Printing Plate] #BCP-114,,,,,,,,,,,,,,,,,,,0,,,,,2016-09-07
1355477,Baseball Cards 2016 Bowman Chrome Prospects,Chance Sisco [Purple Refractor] #BCP-114,$1.98,,,,,,,,,,,,$2.19,,,,,,1,,,,,2016-07-09
1355627,Baseball Cards 2016 Bowman Chrome Prospects,Chance Sisco [Red Refractor] #BCP-114,,,,,,,,,,,,,,,,,,,0,,,,,2016-07-09
1355776,Baseball Cards 2016 Bowman Chrome Prospects,Chance Sisco [Refractor] #BCP-114,$1.58,,,,,,,,,,,,$1.69,,,,,,1,,,,,2016-07-09
10455773,Baseball Cards 2016 Bowman Chrome Prospects,Chance Sisco [Superfractor] #BCP-114,,,,,,,,,,,,,,,,,,,0,,,,,2016-09-07
1354309,Baseball Cards 2016 Bowman Chrome Prospects,Chris Bostick #BCP-140,$0.25,,,,,,,,,,,,$0.99,,,,,,0,,,,,2016-07-09
1354459,Baseball Cards 2016 Bowman Chrome Prospects,Chris Bostick [Blue Refractor] #BCP-140,$0.25,,,,,,,,,,,,$0.99,,,,,,0,,,,,2016-07-09
1354609,Baseball Cards 2016 Bowman Chrome Prospects,Chris Bostick [Gold Refractor] #BCP-140,$1.99,,,,,,,,,,,,$2.19,,,,,,1,,,,,2016-07-09
1354759,Baseball Cards 2016 Bowman Chrome Prospects,Chris Bostick [Green Refractor] #BCP-140,$7.44,,,,,,,,,,,$1.60,$8.19,,,,,,0,,,,,2016-07-09
1354909,Baseball Cards 2016 Bowman Chrome Prospects,Chris Bostick [Green Shimmer Refractor] #BCP-140,$0.25,,,,,,,,,,,,$0.99,,,,,,0,,,,,2016-07-09
1355059,Baseball Cards 2016 Bowman Chrome Prospects,Chris Bostick [Light Blue Refractor] #BCP-140,,,,,,,,,,,,,,,,,,,0,,,,,2016-07-09
1355209,Baseball Cards 2016 Bowman Chrome Prospects,Chris Bostick [Orange Refractor] #BCP-140,$3.36,,,,,,,,,,,,$3.69,,,,,,0,,,,,2016-07-09
1355358,Baseball Cards 2016 Bowman Chrome Prospects,Chris Bostick [Orange Shimmer Refractor] #BCP-140,$3.99,,,,,,,,,,,$0.90,$4.39,,,,,,0,,,,,2016-07-09
10455824,Baseball Cards 2016 Bowman Chrome Prospects,Chris Bostick [Printing Plate] #BCP-140,,,,,,,,,,,,,,,,,,,0,,,,,2016-09-07
1355503,Baseball Cards 2016 Bowman Chrome Prospects,Chris Bostick [Purple Refractor] #BCP-140,$0.25,,,,,,,,,,,,$0.99,,,,,,0,,,,,2016-07-09
1355652,Baseball Cards 2016 Bowman Chrome Prospects,Chris Bostick [Red Refractor] #BCP-140,,,,,,,,,,,,,,,,,,,0,,,,,2016-07-09
1355802,Baseball Cards 2016 Bowman Chrome Prospects,Chris Bostick [Refractor] #BCP-140,$0.25,,,,,,,,,,,,$0.99,,,,,,0,,,,,2016-07-09
10455825,Baseball Cards 2016 Bowman Chrome Prospects,Chris Bostick [Superfractor] #BCP-140,,,,,,,,,,,,,,,,,,,0,,,,,2016-09-07
1354253,Baseball Cards 2016 Bowman Chrome Prospects,Chris Shaw #BCP-84,$0.99,,,,,,,,,,,,$1.09,,,,,,1,,,,,2016-07-09
1354403,Baseball Cards 2016 Bowman Chrome Prospects,Chris Shaw [Blue Refractor] #BCP-84,$2.53,,,,,,,,,,,,$2.79,,,,,,1,,,,,2016-07-09
1354553,Baseball Cards 2016 Bowman Chrome Prospects,Chris Shaw [Gold Refractor] #BCP-84,$4.85,,,,,,,,,,,$1.10,$5.29,,,,,,0,,,,,2016-07-09
1354703,Baseball Cards 2016 Bowman Chrome Prospects,Chris Shaw [Green Refractor] #BCP-84,$2.73,,,,,,,,,,,,$2.99,,,,,,0,,,,,2016-07-09
1354853,Baseball Cards 2016 Bowman Chrome Prospects,Chris Shaw [Green Shimmer Refractor] #BCP-84,$0.25,,,,,,,,,,,,$0.99,,,,,,0,,,,,2016-07-09
1355003,Baseball Cards 2016 Bowman Chrome Prospects,Chris Shaw [Light Blue Refractor] #BCP-84,,,,,,,,,,,,,,,,,,,0,,,,,2016-07-09
1355153,Baseball Cards 2016 Bowman Chrome Prospects,Chris Shaw [Orange Refractor] #BCP-84,$6.29,,,,,,,,,,,$1.40,$6.89,,,,,,0,,,,,2016-07-09
1355302,Baseball Cards 2016 Bowman Chrome Prospects,Chris Shaw [Orange Shimmer Refractor] #BCP-84,$7.44,,,,,,,,,,,$1.60,$8.19,,,,,,0,,,,,2016-07-09
10455717,Baseball Cards 2016 Bowman Chrome Prospects,Chris Shaw [Printing Plate] #BCP-84,,,,,,,,,,,,,,,,,,,0,,,,,2016-09-07
1355449,Baseball Cards 2016 Bowman Chrome Prospects,Chris Shaw [Purple Refractor] #BCP-84,$0.25,,,,,,,,,,,,$0.99,,,,,,0,,,,,2016-07-09
1355597,Baseball Cards 2016 Bowman Chrome Prospects,Chris Shaw [Red Refractor] #BCP-84,,,,,,,,,,,,,,,,,,,0,,,,,2016-07-09
1355746,Baseball Cards 2016 Bowman Chrome Prospects,Chris Shaw [Refractor] #BCP-84,$1.85,,,,,,,,,,,,$1.99,,,,,,1,,,,,2016-07-09
10455713,Baseball Cards 2016 Bowman Chrome Prospects,Chris Shaw [Superfractor] #BCP-84,,,,,,,,,,,,,,,,,,,0,,,,,2016-09-07
1354303,Baseball Cards 2016 Bowman Chrome Prospects,Christian Arroyo #BCP-134,$0.99,,,,,,,,,,,,$1.09,,,,,,1,,,,,2016-07-09
1354453,Baseball Cards 2016 Bowman Chrome Prospects,Christian Arroyo [Blue Refractor] #BCP-134,$2.27,,,,,,,,,,,,$2.49,,,,,,1,,,,,2016-07-09
1354603,Baseball Cards 2016 Bowman Chrome Prospects,Christian Arroyo [Gold Refractor] #BCP-134,$2.99,,,,,,,,,,,,$3.29,,,,,,0,,,,,2016-07-09
1354753,Baseball Cards 2016 Bowman Chrome Prospects,Christian Arroyo [Green Refractor] #BCP-134,$2.45,,,,,,,,,,,,$2.69,,,,,,1,,,,,2016-07-09
1354903,Baseball Cards 2016 Bowman Chrome Prospects,Christian Arroyo [Green Shimmer Refractor] #BCP-134,$2.73,,,,,,,,,,,,$2.99,,,,,,0,,,,,2016-07-09
1355053,Baseball Cards 2016 Bowman Chrome Prospects,Christian Arroyo [Light Blue Refractor] #BCP-134,,,,,,,,,,,,,,,,,,,0,,,,,2016-07-09
1355203,Baseball Cards 2016 Bowman Chrome Prospects,Christian Arroyo [Orange Refractor] #BCP-134,$4.35,,,,,,,,,,,$1.00,$4.79,,,,,,1,,,,,2016-07-09
1355352,Baseball Cards 2016 Bowman Chrome Prospects,Christian Arroyo [Orange Shimmer Refractor] #BCP-134,$12.04,,,,,,,,,,,$3.30,$12.99,,,,,,0,,,,,2016-07-09
10455813,Baseball Cards 2016 Bowman Chrome Prospects,Christian Arroyo [Printing Plate] #BCP-134,,,,,,,,,,,,,,,,,,,0,,,,,2016-09-07
1355497,Baseball Cards 2016 Bowman Chrome Prospects,Christian Arroyo [Purple Refractor] #BCP-134,$1.63,,$6.28,$11.65,$22.25,$32.16,$42.00,$19.00,$19.00,,,,$1.79,,,$1.40,$6.89,,21,,,,,2016-07-09
1355647,Baseball Cards 2016 Bowman Chrome Prospects,Christian Arroyo [Red Refractor] #BCP-134,,,,,,,,,,,,,,,,,,,0,,,,,2016-07-09
1355796,Baseball Cards 2016 Bowman Chrome Prospects,Christian Arroyo [Refractor] #BCP-134,$5.99,,,,,,,,,,,$1.30,$6.59,,,,,,1,,,,,2016-07-09
10455815,Baseball Cards 2016 Bowman Chrome Prospects,Christian Arroyo [Superfractor] #BCP-134,,,,,,,,,,,,,,,,,,,0,,,,,2016-09-07
1354256,Baseball Cards 2016 Bowman Chrome Prospects,Christin Stewart #BCP-87,$1.15,,,,,,,,,,,,$1.29,,,,,,2,,,,,2016-07-09
1354406,Baseball Cards 2016 Bowman Chrome Prospects,Christin Stewart [Blue Refractor] #BCP-87,$1.38,,,,,,,,,,,,$1.49,,,,,,1,,,,,2016-07-09
1354556,Baseball Cards 2016 Bowman Chrome Prospects,Christin Stewart [Gold Refractor] #BCP-87,,,,,,,,,,,,,,,,,,,0,,,,,2016-07-09
1354706,Baseball Cards 2016 Bowman Chrome Prospects,Christin Stewart [Green Refractor] #BCP-87,$4.27,,,,,,,,,,,$0.90,$4.69,,,,,,1,,,,,2016-07-09
1354856,Baseball Cards 2016 Bowman Chrome Prospects,Christin Stewart [Green Shimmer Refractor] #BCP-87,$2.84,,,,,,,,,,,,$3.09,,,,,,0,,,,,2016-07-09
1355006,Baseball Cards 2016 Bowman Chrome Prospects,Christin Stewart [Light Blue Refractor] #BCP-87,,,,,,,,,,,,,,,,,,,0,,,,,2016-07-09
1355156,Baseball Cards 2016 Bowman Chrome Prospects,Christin Stewart [Orange Refractor] #BCP-87,$1.99,,,,,,,,,,,,$2.19,,,,,,1,,,,,2016-07-09
1355305,Baseball Cards 2016 Bowman Chrome Prospects,Christin Stewart [Orange Shimmer Refractor] #BCP-87,$5.99,,,,,,,,,,,$1.30,$6.59,,,,,,0,,,,,2016-07-09
10455722,Baseball Cards 2016 Bowman Chrome Prospects,Christin Stewart [Printing Plate] #BCP-87,,,,,,,,,,,,,,,,,,,0,,,,,2016-09-07
1355452,Baseball Cards 2016 Bowman Chrome Prospects,Christin Stewart [Purple Refractor] #BCP-87,$2.44,,,,,,,,,,,,$2.69,,,,,,0,,,,,2016-07-09
1355600,Baseball Cards 2016 Bowman Chrome Prospects,Christin Stewart [Red Refractor] #BCP-87,,,,,,,,,,,,,,,,,,,0,,,,,2016-07-09
1355749,Baseball Cards 2016 Bowman Chrome Prospects,Christin Stewart [Refractor] #BCP-87,$1.51,,,,,,,,,,,,$1.69,,,,,,1,,,,,2016-07-09
10455720,Baseball Cards 2016 Bowman Chrome Prospects,Christin Stewart [Superfractor] #BCP-87,,,,,,,,,,,,,,,,,,,0,,,,,2016-09-07
1343013,Baseball Cards 2016 Bowman Chrome Prospects,Clayton Blackburn #BCP-181,$0.25,,,,,,,,,,,,$0.99,,,,,,0,,,,,2016-07-09
1343106,Baseball Cards 2016 Bowman Chrome Prospects,Clayton Blackburn [Black Gold Refractor] #BCP-181,,,,,,,,,,,,,,,,,,,0,,,,,2016-07-09
1343206,Baseball Cards 2016 Bowman Chrome Prospects,Clayton Blackburn [Blue Refractor] #BCP-181,$0.25,,,,,,,,,,,,$0.99,,,,,,0,,,,,2016-07-09
1343306,Baseball Cards 2016 Bowman Chrome Prospects,Clayton Blackburn [Blue Shimmer] #BCP-181,$2.12,,,,,,,,,,,,$2.29,,,,,,1,,,,,2016-07-09
1343406,Baseball Cards 2016 Bowman Chrome Prospects,Clayton Blackburn [Gold Refractor] #BCP-181,$3.42,,,,,,,,,,,$0.80,$3.79,,,,,,0,,,,,2016-07-09
1344776,Baseball Cards 2016 Bowman Chrome Prospects,Clayton Blackburn [Green Refractor] #BCP-181,$0.25,,,,,,,,,,,,$0.99,,,,,,0,,,,,2016-07-09
1343600,Baseball Cards 2016 Bowman Chrome Prospects,Clayton Blackburn [Orange Refractor] #BCP-181,$9.99,,,,,,,,,,,$2.80,$10.99,,,,,,1,,,,,2016-07-09
1343699,Baseball Cards 2016 Bowman Chrome Prospects,Clayton Blackburn [Orange Shimmer] #BCP-181,$0.25,,,,,,,,,,,,$0.99,,,,,,0,,,,,2016-07-09
10455942,Baseball Cards 2016 Bowman Chrome Prospects,Clayton Blackburn [Printing Plate] #BCP-181,,,,,,,,,,,,,,,,,,,0,,,,,2016-09-07
1343799,Baseball Cards 2016 Bowman Chrome Prospects,Clayton Blackburn [Purple Refractor] #BCP-181,$0.25,,,,,,,,,,,,$0.99,,,,,,0,,,,,2016-07-09
1343898,Baseball Cards 2016 Bowman Chrome Prospects,Clayton Blackburn [Red Refractor] #BCP-181,,,,,,,,,,,,,,,,,,,0,,,,,2016-07-09
1343997,Baseball Cards 2016 Bowman Chrome Prospects,Clayton Blackburn [Refractor] #BCP-181,$0.25,,,,,,,,,,,,$0.99,,,,,,0,,,,,2016-07-09
10455945,Baseball Cards 2016 Bowman Chrome Prospects,Clayton Blackburn [Superfractor] #BCP-181,,,,,,,,,,,,,,,,,,,0,,,,,2016-09-07
1343014,Baseball Cards 2016 Bowman Chrome Prospects,Cody Bellinger #BCP-182,$1.49,$0.99,$6.17,$9.48,$18.00,$20.00,$26.00,$12.00,$12.00,,,,$1.59,,$1.09,$1.40,$6.79,,65,,,,,2016-07-09
5289034,Baseball Cards 2016 Bowman Chrome Prospects,Cody Bellinger [Black & Gold Refractors] #BCP-182,,,,,,,,,,,,,,,,,,,0,,,,,2016-07-09
1343107,Baseball Cards 2016 Bowman Chrome Prospects,"Cody Bellinger [Black, Gold Refractor] #BCP-182",,,,,,,,,,,,,,,,,,,0,,,,,2016-07-09
1343207,Baseball Cards 2016 Bowman Chrome Prospects,Cody Bellinger [Blue Refractor] #BCP-182,$6.97,,,,,$13.50,$18.00,$8.00,$8.00,,,$1.50,$7.69,,,,,,2,,,,,2016-07-09
1343307,Baseball Cards 2016 Bowman Chrome Prospects,Cody Bellinger [Blue Shimmer] #BCP-182,$17.01,,,$6.50,$7.00,$32.57,$42.00,$20.00,$20.00,,,$4.80,$18.99,,,,,,4,,,,,2016-07-09
1343407,Baseball Cards 2016 Bowman Chrome Prospects,Cody Bellinger [Gold Refractor] #BCP-182,,,,,,$16.50,$21.00,$10.00,$10.00,,,,,,,,,,1,,,,,2016-07-09
1343504,Baseball Cards 2016 Bowman Chrome Prospects,Cody Bellinger [Green Refractor] #BCP-182,$98.47,,,,,,,,,,,$54.00,$108.00,,,,,,3,,,,,2016-07-09
1343601,Baseball Cards 2016 Bowman Chrome Prospects,Cody Bellinger [Orange Refractor] #BCP-182,,,,,,,,,,,,,,,,,,,0,,,,,2016-07-09
1343700,Baseball Cards 2016 Bowman Chrome Prospects,Cody Bellinger [Orange Shimmer] #BCP-182,$5.50,,,$9.59,$11.00,,,,,,,$1.20,$6.09,,,,,,2,,,,,2016-07-09
10455946,Baseball Cards 2016 Bowman Chrome Prospects,Cody Bellinger [Printing Plate] #BCP-182,,,,,,,,,,,,,,,,,,,0,,,,,2016-09-07
1343800,Baseball Cards 2016 Bowman Chrome Prospects,Cody Bellinger [Purple Refractor] #BCP-182,$0.99,,,$7.13,$8.00,$35.00,$46.00,$21.00,$21.00,,,,$1.09,,,,,,5,,,,,2016-07-09
1343899,Baseball Cards 2016 Bowman Chrome Prospects,Cody Bellinger [Red Refractor] #BCP-182,$150.00,,,,$9.50,,,,,,,$82.50,$165.00,,,,,,2,,,,,2016-07-09
1343998,Baseball Cards 2016 Bowman Chrome Prospects,Cody Bellinger [Refractor] #BCP-182,$2.25,,$9.30,$12.47,$14.00,$26.69,$35.00,$16.00,$16.00,,,,$2.49,,,$2.00,$9.99,,6,,,,,2016-07-09
10455947,Baseball Cards 2016 Bowman Chrome Prospects,Cody Bellinger [Superfractor] #BCP-182,,,,,,,,,,,,,,,,,,,0,,,,,2016-09-07
1342989,Baseball Cards 2016 Bowman Chrome Prospects,Cody Reed #BCP-157,$1.60,,,,,,,,,,,,$1.79,,,,,,1,,,,,2016-07-09
1343083,Baseball Cards 2016 Bowman Chrome Prospects,Cody Reed [Black Gold Refractor] #BCP-157,,,,,,,,,,,,,,,,,,,0,,,,,2016-07-09
1343182,Baseball Cards 2016 Bowman Chrome Prospects,Cody Reed [Blue Refractor] #BCP-157,$0.25,,,,,,,,,,,,$0.99,,,,,,0,,,,,2016-07-09
1343282,Baseball Cards 2016 Bowman Chrome Prospects,Cody Reed [Blue Shimmer] #BCP-157,$0.25,,,,,,,,,,,,$0.99,,,,,,0,,,,,2016-07-09
1343382,Baseball Cards 2016 Bowman Chrome Prospects,Cody Reed [Gold Refractor] #BCP-157,$3.30,,,,,,,,,,,,$3.59,,,,,,0,,,,,2016-07-09
1343480,Baseball Cards 2016 Bowman Chrome Prospects,Cody Reed [Green Refractor] #BCP-157,$1.99,,,,,,,,,,,,$2.19,,,,,,1,,,,,2016-07-09
1343576,Baseball Cards 2016 Bowman Chrome Prospects,Cody Reed [Orange Refractor] #BCP-157,$2.00,,,,,,,,,,,,$2.19,,,,,,1,,,,,2016-07-09
1343675,Baseball Cards 2016 Bowman Chrome Prospects,Cody Reed [Orange Shimmer] #BCP-157,$0.25,,,,,,,,,,,,$0.99,,,,,,0,,,,,2016-07-09
10455867,Baseball Cards 2016 Bowman Chrome Prospects,Cody Reed [Printing Plate] #BCP-157,,,,,,,,,,,,,,,,,,,0,,,,,2016-09-07
1343775,Baseball Cards 2016 Bowman Chrome Prospects,Cody Reed [Purple Refractor] #BCP-157,$0.25,,,,,,,,,,,,$0.99,,,,,,0,,,,,2016-07-09
1343875,Baseball Cards 2016 Bowman Chrome Prospects,Cody Reed [Red Refractor] #BCP-157,,,,,,,,,,,,,,,,,,,0,,,,,2016-07-09
1343973,Baseball Cards 2016 Bowman Chrome Prospects,Cody Reed [Refractor] #BCP-157,$1.44,,,,,,,,,,,,$1.59,,,,,,2,,,,,2016-07-09
10455868,Baseball Cards 2016 Bowman Chrome Prospects,Cody Reed [Superfractor] #BCP-157,,,,,,,,,,,,,,,,,,,0,,,,,2016-09-07
1354293,Baseball Cards 2016 Bowman Chrome Prospects,Colin Moran #BCP-124,$0.51,,,,,,,,,,,,$0.99,,,,,,1,,,,,2016-07-09
1354443,Baseball Cards 2016 Bowman Chrome Prospects,Colin Moran [Blue Refractor] #BCP-124,$3.88,,,,,,,,,,,$0.90,$4.29,,,,,,0,,,,,2016-07-09
1354593,Baseball Cards 2016 Bowman Chrome Prospects,Colin Moran [Gold Refractor] #BCP-124,$0.99,,,,,,,,,,,,$1.09,,,,,,1,,,,,2016-07-09
1354743,Baseball Cards 2016 Bowman Chrome Prospects,Colin Moran [Green Refractor] #BCP-124,$3.42,,,,,,,,,,,$0.80,$3.79,,,,,,1,,,,,2016-07-09
1354893,Baseball Cards 2016 Bowman Chrome Prospects,Colin Moran [Green Shimmer Refractor] #BCP-124,$0.99,,,,,,,,,,,,$1.09,,,,,,1,,,,,2016-07-09
1355043,Baseball Cards 2016 Bowman Chrome Prospects,Colin Moran [Light Blue Refractor] #BCP-124,,,,,,,,,,,,,,,,,,,0,,,,,2016-07-09
1355193,Baseball Cards 2016 Bowman Chrome Prospects,Colin Moran [Orange Refractor] #BCP-124,$9.88,,,,,,,,,,,$2.80,$10.99,,,,,,0,,,,,2016-07-09
1355342,Baseball Cards 2016 Bowman Chrome Prospects,Colin Moran [Orange Shimmer Refractor] #BCP-124,$3.39,,,,,,,,,,,,$3.69,,,,,,1,,,,,2016-07-09
10455793,Baseball Cards 2016 Bowman Chrome Prospects,Colin Moran [Printing Plate] #BCP-124,,,,,,,,,,,,,,,,,,,0,,,,,2016-09-07
1355487,Baseball Cards 2016 Bowman Chrome Prospects,Colin Moran [Purple Refractor] #BCP-124,$0.25,,,,,,,,,,,,$0.99,,,,,,0,,,,,2016-07-09
1355637,Baseball Cards 2016 Bowman Chrome Prospects,Colin Moran [Red Refractor] #BCP-124,,,,,,,,,,,,,,,,,,,0,,,,,2016-07-09
1355786,Baseball Cards 2016 Bowman Chrome Prospects,Colin Moran [Refractor] #BCP-124,$0.25,,,,,,,,,,,,$0.99,,,,,,0,,,,,2016-07-09
10455794,Baseball Cards 2016 Bowman Chrome Prospects,Colin Moran [Superfractor] #BCP-124,,,,,,,,,,,,,,,,,,,0,,,,,2016-09-07
1343053,Baseball Cards 2016 Bowman Chrome Prospects,Conner Greene #BCP-222,$1.65,,,,,,,,,,,,$1.79,,,,,,2,,,,,2016-07-09
1343147,Baseball Cards 2016 Bowman Chrome Prospects,Conner Greene [Black Gold Refractor] #BCP-222,,,,,,,,,,,,,,,,,,,0,,,,,2016-07-09
1343247,Baseball Cards 2016 Bowman Chrome Prospects,Conner Greene [Blue Refractor] #BCP-222,$0.25,,,,,,,,,,,,$0.99,,,,,,0,,,,,2016-07-09
1343347,Baseball Cards 2016 Bowman Chrome Prospects,Conner Greene [Blue Shimmer] #BCP-222,$0.25,,,,,,,,,,,,$0.99,,,,,,0,,,,,2016-07-09
1343446,Baseball Cards 2016 Bowman Chrome Prospects,Conner Greene [Gold Refractor] #BCP-222,$0.25,,,,,,,,,,,,$0.99,,,,,,0,,,,,2016-07-09
1343543,Baseball Cards 2016 Bowman Chrome Prospects,Conner Greene [Green Refractor] #BCP-222,$3.42,,,,,,,,,,,$0.80,$3.79,,,,,,0,,,,,2016-07-09
1343641,Baseball Cards 2016 Bowman Chrome Prospects,Conner Greene [Orange Refractor] #BCP-222,,,,,,,,,,,,,,,,,,,0,,,,,2016-07-09
1343740,Baseball Cards 2016 Bowman Chrome Prospects,Conner Greene [Orange Shimmer] #BCP-222,$0.25,,,,,,,,,,,,$0.99,,,,,,0,,,,,2016-07-09
10455967,Baseball Cards 2016 Bowman Chrome Prospects,Conner Greene [Printing Plate] #BCP-222,,,,,,,,,,,,,,,,,,,0,,,,,2016-09-07
1343840,Baseball Cards 2016 Bowman Chrome Prospects,Conner Greene [Purple Refractor] #BCP-222,$1.88,,,,,,,,,,,,$2.09,,,,,,1,,,,,2016-07-09
1343938,Baseball Cards 2016 Bowman Chrome Prospects,Conner Greene [Red Refractor] #BCP-222,,,,,,,,,,,,,,,,,,,0,,,,,2016-07-09
1344038,Baseball Cards 2016 Bowman Chrome Prospects,Conner Greene [Refractor] #BCP-222,$0.25,,,,,,,,,,,,$0.99,,,,,,0,,,,,2016-07-09
10455969,Baseball Cards 2016 Bowman Chrome Prospects,Conner Greene [Superfractor] #BCP-222,,,,,,,,,,,,,,,,,,,0,,,,,2016-09-07
1343004,Baseball Cards 2016 Bowman Chrome Prospects,Connor Sadzeck #BCP-172,$1.51,,,,,,,,,,,,$1.69,,,,,,2,,,,,2016-07-09
1343097,Baseball Cards 2016 Bowman Chrome Prospects,Connor Sadzeck [Black Gold Refractor] #BCP-172,,,,,,,,,,,,,,,,,,,0,,,,,2016-07-09
1343197,Baseball Cards 2016 Bowman Chrome Prospects,Connor Sadzeck [Blue Refractor] #BCP-172,$0.25,,,,,,,,,,,,$0.99,,,,,,0,,,,,2016-07-09
1343297,Baseball Cards 2016 Bowman Chrome Prospects,Connor Sadzeck [Blue Shimmer] #BCP-172,$6.11,,,,,,,,,,,$1.30,$6.69,,,,,,0,,,,,2016-07-09
1343397,Baseball Cards 2016 Bowman Chrome Prospects,Connor Sadzeck [Gold Refractor] #BCP-172,$4.99,,,,,,,,,,,$1.10,$5.49,,,,,,1,,,,,2016-07-09
1343495,Baseball Cards 2016 Bowman Chrome Prospects,Connor Sadzeck [Green Refractor] #BCP-172,$1.50,,,,,,,,,,,,$1.69,,,,,,1,,,,,2016-07-09
1343591,Baseball Cards 2016 Bowman Chrome Prospects,Connor Sadzeck [Orange Refractor] #BCP-172,,,,,,,,,,,,,,,,,,,0,,,,,2016-07-09
1343690,Baseball Cards 2016 Bowman Chrome Prospects,Connor Sadzeck [Orange Shimmer] #BCP-172,$4.85,,,,,,,,,,,$1.10,$5.29,,,,,,0,,,,,2016-07-09
10455900,Baseball Cards 2016 Bowman Chrome Prospects,Connor Sadzeck [Printing Plate] #BCP-172,,,,,,,,,,,,,,,,,,,0,,,,,2016-09-07
1343790,Baseball Cards 2016 Bowman Chrome Prospects,Connor Sadzeck [Purple Refractor] #BCP-172,$1.20,,,,,,,,,,,,$1.29,,,,,,1,,,,,2016-07-09
1343889,Baseball Cards 2016 Bowman Chrome Prospects,Connor Sadzeck [Red Refractor] #BCP-172,,,,,,,,,,,,,,,,,,,0,,,,,2016-07-09
1343988,Baseball Cards 2016 Bowman Chrome Prospects,Connor Sadzeck [Refractor] #BCP-172,$1.69,,,,,,,,,,,,$1.89,,,,,,1,,,,,2016-07-09
10455903,Baseball Cards 2016 Bowman Chrome Prospects,Connor Sadzeck [Superfractor] #BCP-172,,,,,,,,,,,,,,,,,,,0,,,,,2016-09-07
1354208,Baseball Cards 2016 Bowman Chrome Prospects,Corey Black #BCP-39,$1.23,,,,,,,,,,,,$1.39,,,,,,2,,,,,2016-07-09
1354358,Baseball Cards 2016 Bowman Chrome Prospects,Corey Black [Blue Refractor] #BCP-39,$3.00,,,,,,,,,,,,$3.29,,,,,,1,,,,,2016-07-09
1354508,Baseball Cards 2016 Bowman Chrome Prospects,Corey Black [Gold Refractor] #BCP-39,$17.79,,$33.00,$56.00,$62.00,,,,,,,$5.00,$19.99,,,$14.40,$35.99,,3,,,,,2016-07-09
1354658,Baseball Cards 2016 Bowman Chrome Prospects,Corey Black [Green Refractor] #BCP-39,$3.25,,,,,,,,,,,,$3.59,,,,,,1,,,,,2016-07-09
1354808,Baseball Cards 2016 Bowman Chrome Prospects,Corey Black [Green Shimmer Refractor] #BCP-39,$3.00,,,,,,,,,,,,$3.29,,,,,,0,,,,,2016-07-09
1354958,Baseball Cards 2016 Bowman Chrome Prospects,Corey Black [Light Blue Refractor] #BCP-39,,,,,,,,,,,,,,,,,,,0,,,,,2016-07-09
1355108,Baseball Cards 2016 Bowman Chrome Prospects,Corey Black [Orange Refractor] #BCP-39,$16.64,,,,,,,,,,,$4.50,$17.99,,,,,,1,,,,,2016-07-09
1355257,Baseball Cards 2016 Bowman Chrome Prospects,Corey Black [Orange Shimmer Refractor] #BCP-39,$12.04,,,,,,,,,,,$3.30,$12.99,,,,,,1,,,,,2016-07-09
10455639,Baseball Cards 2016 Bowman Chrome Prospects,Corey Black [Printing Plate] #BCP-39,,,,,,,,,,,,,,,,,,,0,,,,,2016-09-07
1355405,Baseball Cards 2016 Bowman Chrome Prospects,Corey Black [Purple Refractor] #BCP-39,$3.48,,,,,,,,,,,$0.80,$3.79,,,,,,1,,,,,2016-07-09
1355552,Baseball Cards 2016 Bowman Chrome Prospects,Corey Black [Red Refractor] #BCP-39,,,,,,,,,,,,,,,,,,,0,,,,,2016-07-09
1355701,Baseball Cards 2016 Bowman Chrome Prospects,Corey Black [Refractor] #BCP-39,$0.25,,,,,,,,,,,,$0.99,,,,,,0,,,,,2016-07-09
10455643,Baseball Cards 2016 Bowman Chrome Prospects,Corey Black [Superfractor] #BCP-39,,,,,,,,,,,,,,,,,,,0,,,,,2016-09-07
1354314,Baseball Cards 2016 Bowman Chrome Prospects,Courtney Hawkins #BCP-145,$0.99,,,,,,,,,,,,$1.09,,,,,,1,,,,,2016-07-09
1354464,Baseball Cards 2016 Bowman Chrome Prospects,Courtney Hawkins [Blue Refractor] #BCP-145,$0.99,,,,,,,,,,,,$1.09,,,,,,1,,,,,2016-07-09
1354614,Baseball Cards 2016 Bowman Chrome Prospects,Courtney Hawkins [Gold Refractor] #BCP-145,$9.16,,,,,,,,,,,$2.00,$9.99,,,,,,0,,,,,2016-07-09
1354764,Baseball Cards 2016 Bowman Chrome Prospects,Courtney Hawkins [Green Refractor] #BCP-145,$2.49,,,,,,,,,,,,$2.69,,,,,,0,,,,,2016-07-09
1354914,Baseball Cards 2016 Bowman Chrome Prospects,Courtney Hawkins [Green Shimmer Refractor] #BCP-145,$0.25,,,,,,,,,,,,$0.99,,,,,,0,,,,,2016-07-09
1355064,Baseball Cards 2016 Bowman Chrome Prospects,Courtney Hawkins [Light Blue Refractor] #BCP-145,,,,,,,,,,,,,,,,,,,0,,,,,2016-07-09
1355214,Baseball Cards 2016 Bowman Chrome Prospects,Courtney Hawkins [Orange Refractor] #BCP-145,$11.74,,,,,,,,,,,$3.30,$12.99,,,,,,0,,,,,2016-07-09
1355363,Baseball Cards 2016 Bowman Chrome Prospects,Courtney Hawkins [Orange Shimmer Refractor] #BCP-145,$4.49,,,,,,,,,,,$1.00,$4.89,,,,,,0,,,,,2016-07-09
10455834,Baseball Cards 2016 Bowman Chrome Prospects,Courtney Hawkins [Printing Plate] #BCP-145,,,,,,,,,,,,,,,,,,,0,,,,,2016-09-07
1355508,Baseball Cards 2016 Bowman Chrome Prospects,Courtney Hawkins [Purple Refractor] #BCP-145,$1.50,,,,,,,,,,,,$1.69,,,,,,1,,,,,2016-07-09
1355657,Baseball Cards 2016 Bowman Chrome Prospects,Courtney Hawkins [Red Refractor] #BCP-145,,,,,,,,,,,,,,,,,,,0,,,,,2016-07-09
1355807,Baseball Cards 2016 Bowman Chrome Prospects,Courtney Hawkins [Refractor] #BCP-145,$0.25,,,,,,,,,,,,$0.99,,,,,,0,,,,,2016-07-09
10455836,Baseball Cards 2016 Bowman Chrome Prospects,Courtney Hawkins [Superfractor] #BCP-145,,,,,,,,,,,,,,,,,,,0,,,,,2016-09-07
1354248,Baseball Cards 2016 Bowman Chrome Prospects,D.J. Stewart #BCP-79,$1.14,,,,,,,,,,,,$1.29,,,,,,1,,,,,2016-07-09
1354398,Baseball Cards 2016 Bowman Chrome Prospects,D.J. Stewart [Blue Refractor] #BCP-79,$0.25,,,,,,,,,,,,$0.99,,,,,,0,,,,,2016-07-09
1354548,Baseball Cards 2016 Bowman Chrome Prospects,D.J. Stewart [Gold Refractor] #BCP-79,$2.07,,,,,,,,,,,,$2.29,,,,,,1,,,,,2016-07-09
1354698,Baseball Cards 2016 Bowman Chrome Prospects,D.J. Stewart [Green Refractor] #BCP-79,$1.69,,,,,,,,,,,,$1.89,,,,,,1,,,,,2016-07-09
1354848,Baseball Cards 2016 Bowman Chrome Prospects,D.J. Stewart [Green Shimmer Refractor] #BCP-79,$1.23,,,,,,,,,,,,$1.39,,,,,,1,,,,,2016-07-09
1354998,Baseball Cards 2016 Bowman Chrome Prospects,D.J. Stewart [Light Blue Refractor] #BCP-79,,,,,,,,,,,,,,,,,,,0,,,,,2016-07-09
1355148,Baseball Cards 2016 Bowman Chrome Prospects,D.J. Stewart [Orange Refractor] #BCP-79,$4.42,,,,,,,,,,,$1.00,$4.89,,,,,,0,,,,,2016-07-09
1355297,Baseball Cards 2016 Bowman Chrome Prospects,D.J. Stewart [Orange Shimmer Refractor] #BCP-79,$4.99,,,,,,,,,,,$1.10,$5.49,,,,,,1,,,,,2016-07-09
10455706,Baseball Cards 2016 Bowman Chrome Prospects,D.J. Stewart [Printing Plate] #BCP-79,,,,,,,,,,,,,,,,,,,0,,,,,2016-09-07
1355444,Baseball Cards 2016 Bowman Chrome Prospects,D.J. Stewart [Purple Refractor] #BCP-79,$1.99,,,,,,,,,,,,$2.19,,,,,,1,,,,,2016-07-09
1355592,Baseball Cards 2016 Bowman Chrome Prospects,D.J. Stewart [Red Refractor] #BCP-79,,,,,,,,,,,,,,,,,,,0,,,,,2016-07-09
1355741,Baseball Cards 2016 Bowman Chrome Prospects,D.J. Stewart [Refractor] #BCP-79,$0.25,,,,,,,,,,,,$0.99,,,,,,0,,,,,2016-07-09
10455707,Baseball Cards 2016 Bowman Chrome Prospects,D.J. Stewart [Superfractor] #BCP-79,,,,,,,,,,,,,,,,,,,0,,,,,2016-09-07
1343002,Baseball Cards 2016 Bowman Chrome Prospects,D.J. Wilson #BCP-170,$1.24,,,,,,,,,,,,$1.39,,,,,,1,,,,,2016-07-09
1343095,Baseball Cards 2016 Bowman Chrome Prospects,D.J. Wilson [Black Gold Refractor] #BCP-170,,,,,,,,,,,,,,,,,,,0,,,,,2016-07-09
1343195,Baseball Cards 2016 Bowman Chrome Prospects,D.J. Wilson [Blue Refractor] #BCP-170,$5.49,,,,,,,,,,,$1.20,$5.99,,,,,,1,,,,,2016-07-09
1343295,Baseball Cards 2016 Bowman Chrome Prospects,D.J. Wilson [Blue Shimmer] #BCP-170,$2.35,,,,,,,,,,,,$2.59,,,,,,1,,,,,2016-07-09
1343395,Baseball Cards 2016 Bowman Chrome Prospects,D.J. Wilson [Gold Refractor] #BCP-170,$3.00,,,,,,,,,,,,$3.29,,,,,,1,,,,,2016-07-09
1343493,Baseball Cards 2016 Bowman Chrome Prospects,D.J. Wilson [Green Refractor] #BCP-170,$3.13,,,,,,,,,,,,$3.39,,,,,,0,,,,,2016-07-09
1343589,Baseball Cards 2016 Bowman Chrome Prospects,D.J. Wilson [Orange Refractor] #BCP-170,$0.99,,,,,,,,,,,,$1.09,,,,,,1,,,,,2016-07-09
1343688,Baseball Cards 2016 Bowman Chrome Prospects,D.J. Wilson [Orange Shimmer] #BCP-170,$0.25,,,,,,,,,,,,$0.99,,,,,,0,,,,,2016-07-09
10455892,Baseball Cards 2016 Bowman Chrome Prospects,D.J. Wilson [Printing Plate] #BCP-170,$19.99,,,,,,,,,,,$6.60,$21.99,,,,,,1,,,,,2016-09-07
1343788,Baseball Cards 2016 Bowman Chrome Prospects,D.J. Wilson [Purple Refractor] #BCP-170,$0.99,,,,,,,,,,,,$1.09,,,,,,1,,,,,2016-07-09
1343887,Baseball Cards 2016 Bowman Chrome Prospects,D.J. Wilson [Red Refractor] #BCP-170,,,,,,,,,,,,,,,,,,,0,,,,,2016-07-09
1343986,Baseball Cards 2016 Bowman Chrome Prospects,D.J. Wilson [Refractor] #BCP-170,$0.99,,,,,,,,,,,,$1.09,,,,,,1,,,,,2016-07-09
10455911,Baseball Cards 2016 Bowman Chrome Prospects,D.J. Wilson [Superfractor] #BCP-170,,,,,,,,,,,,,,,,,,,0,,,,,2016-09-07
1343062,Baseball Cards 2016 Bowman Chrome Prospects,Dakota Chalmers #BCP-231,$1.55,,,,,,,,,,,,$1.69,,,,,,3,,,,,2016-07-09
1343156,Baseball Cards 2016 Bowman Chrome Prospects,Dakota Chalmers [Black Gold Refractor] #BCP-231,,,,,,,,,,,,,,,,,,,0,,,,,2016-07-09
1343256,Baseball Cards 2016 Bowman Chrome Prospects,Dakota Chalmers [Blue Refractor] #BCP-231,$2.25,,,,,,,,,,,,$2.49,,,,,,1,,,,,2016-07-09
1343356,Baseball Cards 2016 Bowman Chrome Prospects,Dakota Chalmers [Blue Shimmer] #BCP-231,$1.80,,,,,,,,,,,,$1.99,,,,,,1,,,,,2016-07-09
1343455,Baseball Cards 2016 Bowman Chrome Prospects,Dakota Chalmers [Gold Refractor] #BCP-231,$13.00,,,,,,,,,,,$3.50,$13.99,,,,,,0,,,,,2016-07-09
1343552,Baseball Cards 2016 Bowman Chrome Prospects,Dakota Chalmers [Green Refractor] #BCP-231,$1.14,,,,,,,,,,,,$1.29,,,,,,1,,,,,2016-07-09
1343650,Baseball Cards 2016 Bowman Chrome Prospects,Dakota Chalmers [Orange Refractor] #BCP-231,$1.25,,,,,,,,,,,,$1.39,,,,,,1,,,,,2016-07-09
1343749,Baseball Cards 2016 Bowman Chrome Prospects,Dakota Chalmers [Orange Shimmer] #BCP-231,$2.84,,,,,,,,,,,,$3.09,,,,,,0,,,,,2016-07-09
10455999,Baseball Cards 2016 Bowman Chrome Prospects,Dakota Chalmers [Printing Plate] #BCP-231,,,,,,,,,,,,,,,,,,,0,,,,,2016-09-07
1343849,Baseball Cards 2016 Bowman Chrome Prospects,Dakota Chalmers [Purple Refractor] #BCP-231,$2.61,,,,,,,,,,,,$2.89,,,,,,1,,,,,2016-07-09
1343947,Baseball Cards 2016 Bowman Chrome Prospects,Dakota Chalmers [Red Refractor] #BCP-231,,,,,,,,,,,,,,,,,,,0,,,,,2016-07-09
1344047,Baseball Cards 2016 Bowman Chrome Prospects,Dakota Chalmers [Refractor] #BCP-231,$1.60,,,,,,,,,,,,$1.79,,,,,,1,,,,,2016-07-09
10456001,Baseball Cards 2016 Bowman Chrome Prospects,Dakota Chalmers [Superfractor] #BCP-231,,,,,,,,,,,,,,,,,,,0,,,,,2016-09-07
1354222,Baseball Cards 2016 Bowman Chrome Prospects,Daniel Poncedeleon #BCP-53,$0.88,,,,,,,,,,,,$0.99,,,,,,1,,,,,2016-07-09
1354372,Baseball Cards 2016 Bowman Chrome Prospects,Daniel Poncedeleon [Blue Refractor] #BCP-53,$1.50,,,,,,,,,,,,$1.69,,,,,,1,,,,,2016-07-09
1354522,Baseball Cards 2016 Bowman Chrome Prospects,Daniel Poncedeleon [Gold Refractor] #BCP-53,$5.50,,,,,,,,,,,$1.20,$6.09,,,,,,1,,,,,2016-07-09
1354672,Baseball Cards 2016 Bowman Chrome Prospects,Daniel Poncedeleon [Green Refractor] #BCP-53,$1.00,,,,,,,,,,,,$1.09,,,,,,1,,,,,2016-07-09
1354822,Baseball Cards 2016 Bowman Chrome Prospects,Daniel Poncedeleon [Green Shimmer Refractor] #BCP-53,$4.50,,,,,,,,,,,$1.00,$4.99,,,,,,0,,,,,2016-07-09
1354972,Baseball Cards 2016 Bowman Chrome Prospects,Daniel Poncedeleon [Light Blue Refractor] #BCP-53,,,,,,,,,,,,,,,,,,,0,,,,,2016-07-09
1355122,Baseball Cards 2016 Bowman Chrome Prospects,Daniel Poncedeleon [Orange Refractor] #BCP-53,$4.99,,,,,,,,,,,$1.10,$5.49,,,,,,1,,,,,2016-07-09
1355271,Baseball Cards 2016 Bowman Chrome Prospects,Daniel Poncedeleon [Orange Shimmer Refractor] #BCP-53,$8.58,,,,,,,,,,,$1.90,$9.39,,,,,,0,,,,,2016-07-09
10455626,Baseball Cards 2016 Bowman Chrome Prospects,Daniel Poncedeleon [Printing Plate] #BCP-53,,,,,,,,,,,,,,,,,,,0,,,,,2016-09-07
1355419,Baseball Cards 2016 Bowman Chrome Prospects,Daniel Poncedeleon [Purple Refractor] #BCP-53,$0.25,,,,,,,,,,,,$0.99,,,,,,0,,,,,2016-07-09
1355566,Baseball Cards 2016 Bowman Chrome Prospects,Daniel Poncedeleon [Red Refractor] #BCP-53,,,,,,,,,,,,,,,,,,,0,,,,,2016-07-09
1355715,Baseball Cards 2016 Bowman Chrome Prospects,Daniel Poncedeleon [Refractor] #BCP-53,$0.25,,,,,,,,,,,,$0.99,,,,,,0,,,,,2016-07-09
10455627,Baseball Cards 2016 Bowman Chrome Prospects,Daniel Poncedeleon [Superfractor] #BCP-53,,,,,,,,,,,,,,,,,,,0,,,,,2016-09-07
1354265,Baseball Cards 2016 Bowman Chrome Prospects,Daniel Robertson #BCP-96,$0.99,,,,,,,,,,,,$1.09,,,,,,1,,,,,2016-07-09
1354415,Baseball Cards 2016 Bowman Chrome Prospects,Daniel Robertson [Blue Refractor] #BCP-96,$0.25,,,,,,,,,,,,$0.99,,,,,,0,,,,,2016-07-09
1354565,Baseball Cards 2016 Bowman Chrome Prospects,Daniel Robertson [Gold Refractor] #BCP-96,$3.60,,,,,,,,,,,$0.80,$3.99,,,,,,0,,,,,2016-07-09
1354715,Baseball Cards 2016 Bowman Chrome Prospects,Daniel Robertson [Green Refractor] #BCP-96,$0.99,,,,,,,,,,,,$1.09,,,,,,1,,,,,2016-07-09
1354865,Baseball Cards 2016 Bowman Chrome Prospects,Daniel Robertson [Green Shimmer Refractor] #BCP-96,$0.25,,,,,,,,,,,,$0.99,,,,,,0,,,,,2016-07-09
1355015,Baseball Cards 2016 Bowman Chrome Prospects,Daniel Robertson [Light Blue Refractor] #BCP-96,,,,,,,,,,,,,,,,,,,0,,,,,2016-07-09
1355165,Baseball Cards 2016 Bowman Chrome Prospects,Daniel Robertson [Orange Refractor] #BCP-96,$4.99,,,,,,,,,,,$1.10,$5.49,,,,,,0,,,,,2016-07-09
1355314,Baseball Cards 2016 Bowman Chrome Prospects,Daniel Robertson [Orange Shimmer Refractor] #BCP-96,$4.84,,,,,,,,,,,$1.10,$5.29,,,,,,0,,,,,2016-07-09
10455738,Baseball Cards 2016 Bowman Chrome Prospects,Daniel Robertson [Printing Plate] #BCP-96,$9.99,,,,,,,,,,,$2.80,$10.99,,,,,,1,,,,,2016-09-07
1355459,Baseball Cards 2016 Bowman Chrome Prospects,Daniel Robertson [Purple Refractor] #BCP-96,$1.50,,,,,,,,,,,,$1.69,,,,,,1,,,,,2016-07-09
1355609,Baseball Cards 2016 Bowman Chrome Prospects,Daniel Robertson [Red Refractor] #BCP-96,,,,,,,,,,,,,,,,,,,0,,,,,2016-07-09
1355758,Baseball Cards 2016 Bowman Chrome Prospects,Daniel Robertson [Refractor] #BCP-96,$0.25,,,,,,,,,,,,$0.99,,,,,,0,,,,,2016-07-09
10455739,Baseball Cards 2016 Bowman Chrome Prospects,Daniel Robertson [Superfractor] #BCP-96,,,,,,,,,,,,,,,,,,,0,,,,,2016-09-07
1354219,Baseball Cards 2016 Bowman Chrome Prospects,Dansby Swanson #BCP-50,$1.22,,$3.99,$15.00,$18.00,$18.00,$23.00,$11.00,$11.00,,,,$1.29,,,$0.90,$4.39,,11,,,,,2016-07-09
1354369,Baseball Cards 2016 Bowman Chrome Prospects,Dansby Swanson [Blue Refractor] #BCP-50,$4.35,,,,,,,,,,,$1.00,$4.79,,,,,,1,,,,,2016-07-09
1354519,Baseball Cards 2016 Bowman Chrome Prospects,Dansby Swanson [Gold Refractor] #BCP-50,$4.14,,,,,,,,,,,$0.90,$4.59,,,,,,2,,,,,2016-07-09
1354669,Baseball Cards 2016 Bowman Chrome Prospects,Dansby Swanson [Green Refractor] #BCP-50,$6.17,,$8.50,,,,,,,,,$1.40,$6.79,,,$1.90,$9.39,,2,,,,,2016-07-09
1354819,Baseball Cards 2016 Bowman Chrome Prospects,Dansby Swanson [Green Shimmer Refractor] #BCP-50,$9.74,,,,,,,,,,,$2.80,$10.99,,,,,,1,,,,,2016-07-09
1354969,Baseball Cards 2016 Bowman Chrome Prospects,Dansby Swanson [Light Blue Refractor] #BCP-50,,,,,,,,,,,,,,,,,,,0,,,,,2016-07-09
1355119,Baseball Cards 2016 Bowman Chrome Prospects,Dansby Swanson [Orange Refractor] #BCP-50,$29.99,,,$7.50,$8.00,,,,,,,$9.90,$32.99,,,,,,1,,,,,2016-07-09
1355268,Baseball Cards 2016 Bowman Chrome Prospects,Dansby Swanson [Orange Shimmer Refractor] #BCP-50,,,,,,,,,,,,,,,,,,,0,,,,,2016-07-09
10455850,Baseball Cards 2016 Bowman Chrome Prospects,Dansby Swanson [Printing Plate] #BCP-50,,,,,,,,,,,,,,,,,,,0,,,,,2016-09-07
1355416,Baseball Cards 2016 Bowman Chrome Prospects,Dansby Swanson [Purple Refractor] #BCP-50,$4.14,,,,$1.00,,,,,,,$0.90,$4.59,,,,,,4,,,,,2016-07-09
1355563,Baseball Cards 2016 Bowman Chrome Prospects,Dansby Swanson [Red Refractor] #BCP-50,$75.00,,,$89.99,$99.00,,,,,,,$33.20,$82.99,,,,,,2,,,,,2016-07-09
1355712,Baseball Cards 2016 Bowman Chrome Prospects,Dansby Swanson [Refractor] #BCP-50,$2.76,,$7.35,$13.01,$24.11,$33.97,$44.00,$20.00,$20.00,,,,$2.99,,,$1.60,$8.09,,6,,,,,2016-07-09
10455681,Baseball Cards 2016 Bowman Chrome Prospects,Dansby Swanson [Superfractor] #BCP-50,,,,,,,,,,,,,,,,,,,0,,,,,2016-09-07
1343007,Baseball Cards 2016 Bowman Chrome Prospects,David Dahl #BCP-175,$0.63,,,,,,,,,,,,$0.99,,,,,,2,,,,,2016-07-09
1343100,Baseball Cards 2016 Bowman Chrome Prospects,David Dahl [Black Gold Refractor] #BCP-175,$0.99,,,,,,,,,,,,$1.09,,,,,,1,,,,,2016-07-09
1343200,Baseball Cards 2016 Bowman Chrome Prospects,David Dahl [Blue Refractor] #BCP-175,$0.25,,,,,,,,,,,,$0.99,,,,,,0,,,,,2016-07-09
1343300,Baseball Cards 2016 Bowman Chrome Prospects,David Dahl [Blue Shimmer] #BCP-175,$0.25,,,,,,,,,,,,$0.99,,,,,,0,,,,,2016-07-09
1343400,Baseball Cards 2016 Bowman Chrome Prospects,David Dahl [Gold Refractor] #BCP-175,$3.42,,,,,,,,,,,$0.80,$3.79,,,,,,0,,,,,2016-07-09
1343498,Baseball Cards 2016 Bowman Chrome Prospects,David Dahl [Green Refractor] #BCP-175,$2.54,,,,,,,,,,,,$2.79,,,,,,0,,,,,2016-07-09
1343594,Baseball Cards 2016 Bowman Chrome Prospects,David Dahl [Orange Refractor] #BCP-175,$14.34,,,,,,,,,,,$4.00,$15.99,,,,,,0,,,,,2016-07-09
1343693,Baseball Cards 2016 Bowman Chrome Prospects,David Dahl [Orange Shimmer] #BCP-175,$0.25,,,,,,,,,,,,$0.99,,,,,,0,,,,,2016-07-09
10455917,Baseball Cards 2016 Bowman Chrome Prospects,David Dahl [Printing Plate] #BCP-175,,,,,,,,,,,,,,,,,,,0,,,,,2016-09-07
1343793,Baseball Cards 2016 Bowman Chrome Prospects,David Dahl [Purple Refractor] #BCP-175,$2.49,,,,,,,,,,,,$2.69,,,,,,0,,,,,2016-07-09
1343892,Baseball Cards 2016 Bowman Chrome Prospects,David Dahl [Red Refractor] #BCP-175,$2.25,,,,,,,,,,,,$2.49,,,,,,1,,,,,2016-07-09
1343991,Baseball Cards 2016 Bowman Chrome Prospects,David Dahl [Refractor] #BCP-175,$0.25,,,,,,,,,,,,$0.99,,,,,,0,,,,,2016-07-09
10455919,Baseball Cards 2016 Bowman Chrome Prospects,David Dahl [Superfractor] #BCP-175,,,,,,,,,,,,,,,,,,,0,,,,,2016-09-07
1354199,Baseball Cards 2016 Bowman Chrome Prospects,David Denson #BCP-30,$1.48,,,,,,,,,,,,$1.59,,,,,,1,,,,,2016-07-09
1354349,Baseball Cards 2016 Bowman Chrome Prospects,David Denson [Blue Refractor] #BCP-30,$1.82,,,,,,,,,,,,$1.99,,,,,,1,,,,,2016-07-09
1354499,Baseball Cards 2016 Bowman Chrome Prospects,David Denson [Gold Refractor] #BCP-30,$3.11,,,,,,,,,,,,$3.39,,,,,,0,,,,,2016-07-09
1354649,Baseball Cards 2016 Bowman Chrome Prospects,David Denson [Green Refractor] #BCP-30,$1.79,,,,,,,,,,,,$1.99,,,,,,1,,,,,2016-07-09
1354799,Baseball Cards 2016 Bowman Chrome Prospects,David Denson [Green Shimmer Refractor] #BCP-30,$0.25,,,,,,,,,,,,$0.99,,,,,,0,,,,,2016-07-09
1354949,Baseball Cards 2016 Bowman Chrome Prospects,David Denson [Light Blue Refractor] #BCP-30,,,,,,,,,,,,,,,,,,,0,,,,,2016-07-09
1355099,Baseball Cards 2016 Bowman Chrome Prospects,David Denson [Orange Refractor] #BCP-30,,,,$1.99,$2.00,,,,,,,,,,,,,,1,,,,,2016-07-09
1355247,Baseball Cards 2016 Bowman Chrome Prospects,David Denson [Orange Shimmer Refractor] #BCP-30,$1.35,,,,,,,,,,,,$1.49,,,,,,1,,,,,2016-07-09
10455612,Baseball Cards 2016 Bowman Chrome Prospects,David Denson [Printing Plate] #BCP-30,,,,,,,,,,,,,,,,,,,0,,,,,2016-09-07
1355397,Baseball Cards 2016 Bowman Chrome Prospects,David Denson [Purple Refractor] #BCP-30,$1.00,,,,,,,,,,,,$1.09,,,,,,1,,,,,2016-07-09
1355543,Baseball Cards 2016 Bowman Chrome Prospects,David Denson [Red Refractor] #BCP-30,$17.50,,,,,,,,,,,$4.80,$18.99,,,,,,0,,,,,2016-07-09
1355692,Baseball Cards 2016 Bowman Chrome Prospects,David Denson [Refractor] #BCP-30,$0.25,,,,,,,,,,,,$0.99,,,,,,0,,,,,2016-07-09
10455613,Baseball Cards 2016 Bowman Chrome Prospects,David Denson [Superfractor] #BCP-30,,,,,,,,,,,,,,,,,,,0,,,,,2016-09-07
1343044,Baseball Cards 2016 Bowman Chrome Prospects,David Paulino #BCP-213,$0.25,,,,,,,,,,,,$0.99,,,,,,0,,,,,2016-07-09
1343138,Baseball Cards 2016 Bowman Chrome Prospects,David Paulino [Black Gold Refractor] #BCP-213,,,,,,,,,,,,,,,,,,,0,,,,,2016-07-09
1343238,Baseball Cards 2016 Bowman Chrome Prospects,David Paulino [Blue Refractor] #BCP-213,$0.25,,,,,,,,,,,,$0.99,,,,,,0,,,,,2016-07-09
1343338,Baseball Cards 2016 Bowman Chrome Prospects,David Paulino [Blue Shimmer] #BCP-213,$0.25,,,,,,,,,,,,$0.99,,,,,,0,,,,,2016-07-09
1343437,Baseball Cards 2016 Bowman Chrome Prospects,David Paulino [Gold Refractor] #BCP-213,,,,,,,,,,,,,,,,,,,0,,,,,2016-07-09
1343534,Baseball Cards 2016 Bowman Chrome Prospects,David Paulino [Green Refractor] #BCP-213,$0.25,,,,,,,,,,,,$0.99,,,,,,0,,,,,2016-07-09
1343632,Baseball Cards 2016 Bowman Chrome Prospects,David Paulino [Orange Refractor] #BCP-213,,,,,,,,,,,,,,,,,,,0,,,,,2016-07-09
1343731,Baseball Cards 2016 Bowman Chrome Prospects,David Paulino [Orange Shimmer] #BCP-213,$4.49,,,,,,,,,,,$1.00,$4.89,,,,,,0,,,,,2016-07-09
10455936,Baseball Cards 2016 Bowman Chrome Prospects,David Paulino [Printing Plate] #BCP-213,,,,,,,,,,,,,,,,,,,0,,,,,2016-09-07
1343831,Baseball Cards 2016 Bowman Chrome Prospects,David Paulino [Purple Refractor] #BCP-213,$0.25,,,,,,,,,,,,$0.99,,,,,,0,,,,,2016-07-09
1343929,Baseball Cards 2016 Bowman Chrome Prospects,David Paulino [Red Refractor] #BCP-213,,,,,,,,,,,,,,,,,,,0,,,,,2016-07-09
1344029,Baseball Cards 2016 Bowman Chrome Prospects,David Paulino [Refractor] #BCP-213,$0.25,,,,,,,,,,,,$0.99,,,,,,0,,,,,2016-07-09
10455937,Baseball Cards 2016 Bowman Chrome Prospects,David Paulino [Superfractor] #BCP-213,,,,,,,,,,,,,,,,,,,0,,,,,2016-09-07
1354170,Baseball Cards 2016 Bowman Chrome Prospects,Daz Cameron #BCP-1,$1.37,,,,,,,,,,,,$1.49,,,,,,4,,,,,2016-07-09
1354320,Baseball Cards 2016 Bowman Chrome Prospects,Daz Cameron [Blue Refractor] #BCP-1,$0.99,,,,,,,,,,,,$1.09,,,,,,1,,,,,2016-07-09
1354470,Baseball Cards 2016 Bowman Chrome Prospects,Daz Cameron [Gold Refractor] #BCP-1,$1.00,,,,,,,,,,,,$1.09,,,,,,1,,,,,2016-07-09
1354620,Baseball Cards 2016 Bowman Chrome Prospects,Daz Cameron [Green Refractor] #BCP-1,$61.00,,,,,,,,,,,$26.80,$66.99,,,,,,1,,,,,2016-07-09
1354770,Baseball Cards 2016 Bowman Chrome Prospects,Daz Cameron [Green Shimmer Refractor] #BCP-1,$1.79,,,,,,,,,,,,$1.99,,,,,,1,,,,,2016-07-09
1354920,Baseball Cards 2016 Bowman Chrome Prospects,Daz Cameron [Light Blue Refractor] #BCP-1,,,,,,,,,,,,,,,,,,,0,,,,,2016-07-09
1355070,Baseball Cards 2016 Bowman Chrome Prospects,Daz Cameron [Orange Refractor] #BCP-1,,,,,,,,,,,,,,,,,,,0,,,,,2016-07-09
1355220,Baseball Cards 2016 Bowman Chrome Prospects,Daz Cameron [Orange Shimmer Refractor] #BCP-1,,,,,,,,,,,,,,,,,,,0,,,,,2016-07-09
10455554,Baseball Cards 2016 Bowman Chrome Prospects,Daz Cameron [Printing Plate] #BCP-1,,,,,,,,,,,,,,,,,,,0,,,,,2016-09-07
1355368,Baseball Cards 2016 Bowman Chrome Prospects,Daz Cameron [Purple Refractor] #BCP-1,$2.12,,,$4.04,$4.00,,,,,,,,$2.29,,,,,,2,,,,,2016-07-09
1355514,Baseball Cards 2016 Bowman Chrome Prospects,Daz Cameron [Red Refractor] #BCP-1,,,,,,,,,,,,,,,,,,,0,,,,,2016-07-09
1355663,Baseball Cards 2016 Bowman Chrome Prospects,Daz Cameron [Refractor] #BCP-1,$6.29,,,,,,,,,,,$1.40,$6.89,,,,,,1,,,,,2016-07-09
10455555,Baseball Cards 2016 Bowman Chrome Prospects,Daz Cameron [Superfractor] #BCP-1,,,,,,,,,,,,,,,,,,,0,,,,,2016-09-07
1343069,Baseball Cards 2016 Bowman Chrome Prospects,Demi Orimoloye #BCP-238,$1.79,,,,,,,,,,,,$1.99,,,,,,1,,,,,2016-07-09
1343163,Baseball Cards 2016 Bowman Chrome Prospects,Demi Orimoloye [Black Gold Refractor] #BCP-238,,,,,,,,,,,,,,,,,,,0,,,,,2016-07-09
1343263,Baseball Cards 2016 Bowman Chrome Prospects,Demi Orimoloye [Blue Refractor] #BCP-238,$0.25,,,,,,,,,,,,$0.99,,,,,,0,,,,,2016-07-09
1343363,Baseball Cards 2016 Bowman Chrome Prospects,Demi Orimoloye [Blue Shimmer] #BCP-238,$2.49,,,,,,,,,,,,$2.69,,,,,,0,,,,,2016-07-09
1343461,Baseball Cards 2016 Bowman Chrome Prospects,Demi Orimoloye [Gold Refractor] #BCP-238,$3.70,,,,,,,,,,,$0.80,$4.09,,,,,,0,,,,,2016-07-09
1343559,Baseball Cards 2016 Bowman Chrome Prospects,Demi Orimoloye [Green Refractor] #BCP-238,$0.25,,,,,,,,,,,,$0.99,,,,,,0,,,,,2016-07-09
1343656,Baseball Cards 2016 Bowman Chrome Prospects,Demi Orimoloye [Orange Refractor] #BCP-238,$7.44,,,,,,,,,,,$1.60,$8.19,,,,,,0,,,,,2016-07-09
1343756,Baseball Cards 2016 Bowman Chrome Prospects,Demi Orimoloye [Orange Shimmer] #BCP-238,$0.25,,,,,,,,,,,,$0.99,,,,,,0,,,,,2016-07-09
10456021,Baseball Cards 2016 Bowman Chrome Prospects,Demi Orimoloye [Printing Plate] #BCP-238,,,,,,,,,,,,,,,,,,,0,,,,,2016-09-07
1343856,Baseball Cards 2016 Bowman Chrome Prospects,Demi Orimoloye [Purple Refractor] #BCP-238,$0.25,,,,,,,,,,,,$0.99,,,,,,0,,,,,2016-07-09
1343954,Baseball Cards 2016 Bowman Chrome Prospects,Demi Orimoloye [Red Refractor] #BCP-238,,,,,,,,,,,,,,,,,,,0,,,,,2016-07-09
1344054,Baseball Cards 2016 Bowman Chrome Prospects,Demi Orimoloye [Refractor] #BCP-238,$0.25,,,,,,,,,,,,$0.99,,,,,,0,,,,,2016-07-09
10456024,Baseball Cards 2016 Bowman Chrome Prospects,Demi Orimoloye [Superfractor] #BCP-238,,,,,,,,,,,,,,,,,,,0,,,,,2016-09-07
1354294,Baseball Cards 2016 Bowman Chrome Prospects,Derek Fisher #BCP-125,$0.25,,,,,,,,,,,,$0.99,,,,,,2,,,,,2016-07-09
1354444,Baseball Cards 2016 Bowman Chrome Prospects,Derek Fisher [Blue Refractor] #BCP-125,$2.25,,,,,,,,,,,,$2.49,,,,,,1,,,,,2016-07-09
1354594,Baseball Cards 2016 Bowman Chrome Prospects,Derek Fisher [Gold Refractor] #BCP-125,$3.41,,,,,,,,,,,$0.80,$3.79,,,,,,0,,,,,2016-07-09
1354744,Baseball Cards 2016 Bowman Chrome Prospects,Derek Fisher [Green Refractor] #BCP-125,$9.95,,,,,,,,,,,$2.80,$10.99,,,,,,0,,,,,2016-07-09
1354894,Baseball Cards 2016 Bowman Chrome Prospects,Derek Fisher [Green Shimmer Refractor] #BCP-125,$5.00,,,,,,,,,,,$1.10,$5.49,,,,,,0,,,,,2016-07-09
1355044,Baseball Cards 2016 Bowman Chrome Prospects,Derek Fisher [Light Blue Refractor] #BCP-125,,,,,,,,,,,,,,,,,,,0,,,,,2016-07-09
1355194,Baseball Cards 2016 Bowman Chrome Prospects,Derek Fisher [Orange Refractor] #BCP-125,$7.73,,,,,,,,,,,$1.70,$8.49,,,,,,0,,,,,2016-07-09
1355343,Baseball Cards 2016 Bowman Chrome Prospects,Derek Fisher [Orange Shimmer Refractor] #BCP-125,$1.25,,,,,,,,,,,,$1.39,,,,,,1,,,,,2016-07-09
10455796,Baseball Cards 2016 Bowman Chrome Prospects,Derek Fisher [Printing Plate] #BCP-125,,,,,,,,,,,,,,,,,,,0,,,,,2016-09-07
1355488,Baseball Cards 2016 Bowman Chrome Prospects,Derek Fisher [Purple Refractor] #BCP-125,$0.25,,,,,,,,,,,,$0.99,,,,,,1,,,,,2016-07-09
1355638,Baseball Cards 2016 Bowman Chrome Prospects,Derek Fisher [Red Refractor] #BCP-125,,,,,,,,,,,,,,,,,,,0,,,,,2016-07-09
1355787,Baseball Cards 2016 Bowman Chrome Prospects,Derek Fisher [Refractor] #BCP-125,$0.25,,,,,,,,,,,,$0.99,,,,,,0,,,,,2016-07-09
10455795,Baseball Cards 2016 Bowman Chrome Prospects,Derek Fisher [Superfractor] #BCP-125,,,,,,,,,,,,,,,,,,,0,,,,,2016-09-07
1354194,Baseball Cards 2016 Bowman Chrome Prospects,Dillon Tate #BCP-25,$0.41,,,,,,,,,,,,$0.99,,,,,,2,,,,,2016-07-09
1354344,Baseball Cards 2016 Bowman Chrome Prospects,Dillon Tate [Blue Refractor] #BCP-25,$2.50,,,,,,,,,,,,$2.79,,,,,,1,,,,,2016-07-09
1354494,Baseball Cards 2016 Bowman Chrome Prospects,Dillon Tate [Gold Refractor] #BCP-25,$3.30,,,,,,,,,,,,$3.59,,,,,,0,,,,,2016-07-09
1354644,Baseball Cards 2016 Bowman Chrome Prospects,Dillon Tate [Green Refractor] #BCP-25,$2.99,,,,,,,,,,,,$3.29,,,,,,0,,,,,2016-07-09
1354794,Baseball Cards 2016 Bowman Chrome Prospects,Dillon Tate [Green Shimmer Refractor] #BCP-25,$0.25,,,,,,,,,,,,$0.99,,,,,,0,,,,,2016-07-09
1354944,Baseball Cards 2016 Bowman Chrome Prospects,Dillon Tate [Light Blue Refractor] #BCP-25,,,,,,,,,,,,,,,,,,,0,,,,,2016-07-09
1355094,Baseball Cards 2016 Bowman Chrome Prospects,Dillon Tate [Orange Refractor] #BCP-25,$6.23,,,,,,,,,,,$1.40,$6.89,,,,,,0,,,,,2016-07-09
1355243,Baseball Cards 2016 Bowman Chrome Prospects,Dillon Tate [Orange Shimmer Refractor] #BCP-25,$51.14,,,,,,,,,,,$22.40,$55.99,,,,,,0,,,,,2016-07-09
10455602,Baseball Cards 2016 Bowman Chrome Prospects,Dillon Tate [Printing Plate] #BCP-25,,,,,,,,,,,,,,,,,,,0,,,,,2016-09-07
1355392,Baseball Cards 2016 Bowman Chrome Prospects,Dillon Tate [Purple Refractor] #BCP-25,$0.25,,,,,,,,,,,,$0.99,,,,,,0,,,,,2016-07-09
1355538,Baseball Cards 2016 Bowman Chrome Prospects,Dillon Tate [Red Refractor] #BCP-25,,,,,,,,,,,,,,,,,,,0,,,,,2016-07-09
1355687,Baseball Cards 2016 Bowman Chrome Prospects,Dillon Tate [Refractor] #BCP-25,$0.25,,,,,,,,,,,,$0.99,,,,,,0,,,,,2016-07-09
10455603,Baseball Cards 2016 Bowman Chrome Prospects,Dillon Tate [Superfractor] #BCP-25,,,,,,,,,,,,,,,,,,,0,,,,,2016-09-07
1354204,Baseball Cards 2016 Bowman Chrome Prospects,Domingo Acevedo #BCP-35,$1.46,,,,,,,,,,,,$1.59,,,,,,3,,,,,2016-07-09
1354354,Baseball Cards 2016 Bowman Chrome Prospects,Domingo Acevedo [Blue Refractor] #BCP-35,$0.99,,,,,,,,,,,,$1.09,,,,,,1,,,,,2016-07-09
1354504,Baseball Cards 2016 Bowman Chrome Prospects,Domingo Acevedo [Gold Refractor] #BCP-35,$3.99,,,,,,,,,,,$0.90,$4.39,,,,,,0,,,,,2016-07-09
1354654,Baseball Cards 2016 Bowman Chrome Prospects,Domingo Acevedo [Green Refractor] #BCP-35,$0.25,,,,,,,,,,,,$0.99,,,,,,0,,,,,2016-07-09
1354804,Baseball Cards 2016 Bowman Chrome Prospects,Domingo Acevedo [Green Shimmer Refractor] #BCP-35,$13.74,,,,,,,,,,,$3.80,$14.99,,,,,,1,,,,,2016-07-09
1354954,Baseball Cards 2016 Bowman Chrome Prospects,Domingo Acevedo [Light Blue Refractor] #BCP-35,,,,,,,,,,,,,,,,,,,0,,,,,2016-07-09
1355104,Baseball Cards 2016 Bowman Chrome Prospects,Domingo Acevedo [Orange Refractor] #BCP-35,,,,,,,,,,,,,,,,,,,0,,,,,2016-07-09
1355253,Baseball Cards 2016 Bowman Chrome Prospects,Domingo Acevedo [Orange Shimmer Refractor] #BCP-35,,,,,,,,,,,,,,,,,,,0,,,,,2016-07-09
10455847,Baseball Cards 2016 Bowman Chrome Prospects,Domingo Acevedo [Printing Plate] #BCP-35,,,,,,,,,,,,,,,,,,,0,,,,,2016-09-07
1355401,Baseball Cards 2016 Bowman Chrome Prospects,Domingo Acevedo [Purple Refractor] #BCP-35,$0.25,,,,,,,,,,,,$0.99,,,,,,0,,,,,2016-07-09
1355548,Baseball Cards 2016 Bowman Chrome Prospects,Domingo Acevedo [Red Refractor] #BCP-35,,,,,,,,,,,,,,,,,,,0,,,,,2016-07-09
1355697,Baseball Cards 2016 Bowman Chrome Prospects,Domingo Acevedo [Refractor] #BCP-35,$1.50,,,,,,,,,,,,$1.69,,,,,,1,,,,,2016-07-09
10455628,Baseball Cards 2016 Bowman Chrome Prospects,Domingo Acevedo [Superfractor] #BCP-35,,,,,,,,,,,,,,,,,,,0,,,,,2016-09-07
1354172,Baseball Cards 2016 Bowman Chrome Prospects,Domingo Leyba #BCP-3,$0.99,,,,,,,,,,,,$1.09,,,,,,1,,,,,2016-07-09
1354322,Baseball Cards 2016 Bowman Chrome Prospects,Domingo Leyba [Blue Refractor] #BCP-3,$0.25,,,,,,,,,,,,$0.99,,,,,,0,,,,,2016-07-09
1354472,Baseball Cards 2016 Bowman Chrome Prospects,Domingo Leyba [Gold Refractor] #BCP-3,$7.61,,,,,,,,,,,$1.70,$8.39,,,,,,0,,,,,2016-07-09
1354622,Baseball Cards 2016 Bowman Chrome Prospects,Domingo Leyba [Green Refractor] #BCP-3,$3.99,,,,,,,,,,,$0.90,$4.39,,,,,,0,,,,,2016-07-09
1354772,Baseball Cards 2016 Bowman Chrome Prospects,Domingo Leyba [Green Shimmer Refractor] #BCP-3,$0.25,,,,,,,,,,,,$0.99,,,,,,0,,,,,2016-07-09
1354922,Baseball Cards 2016 Bowman Chrome Prospects,Domingo Leyba [Light Blue Refractor] #BCP-3,,,,,,,,,,,,,,,,,,,0,,,,,2016-07-09
1355072,Baseball Cards 2016 Bowman Chrome Prospects,Domingo Leyba [Orange Refractor] #BCP-3,$60.00,,,,,,,,,,,$26.40,$65.99,,,,,,0,,,,,2016-07-09
1355222,Baseball Cards 2016 Bowman Chrome Prospects,Domingo Leyba [Orange Shimmer Refractor] #BCP-3,,,,,,,,,,,,,,,,,,,0,,,,,2016-07-09
10455558,Baseball Cards 2016 Bowman Chrome Prospects,Domingo Leyba [Printing Plate] #BCP-3,,,,,,,,,,,,,,,,,,,0,,,,,2016-09-07
1355370,Baseball Cards 2016 Bowman Chrome Prospects,Domingo Leyba [Purple Refractor] #BCP-3,$1.51,,,,,,,,,,,,$1.69,,,,,,1,,,,,2016-07-09
1355516,Baseball Cards 2016 Bowman Chrome Prospects,Domingo Leyba [Red Refractor] #BCP-3,,,,,,,,,,,,,,,,,,,0,,,,,2016-07-09
1355665,Baseball Cards 2016 Bowman Chrome Prospects,Domingo Leyba [Refractor] #BCP-3,$0.25,,,,,,,,,,,,$0.99,,,,,,0,,,,,2016-07-09
10455559,Baseball Cards 2016 Bowman Chrome Prospects,Domingo Leyba [Superfractor] #BCP-3,,,,,,,,,,,,,,,,,,,0,,,,,2016-09-07
1343005,Baseball Cards 2016 Bowman Chrome Prospects,Donny Sands #BCP-173,$1.88,,,,,,,,,,,,$2.09,,,,,,1,,,,,2016-07-09
1343098,Baseball Cards 2016 Bowman Chrome Prospects,Donny Sands [Black Gold Refractor] #BCP-173,,,,,,,,,,,,,,,,,,,0,,,,,2016-07-09
1343198,Baseball Cards 2016 Bowman Chrome Prospects,Donny Sands [Blue Refractor] #BCP-173,,,,,,,,,,,,,,,,,,,0,,,,,2016-07-09
1343298,Baseball Cards 2016 Bowman Chrome Prospects,Donny Sands [Blue Shimmer] #BCP-173,$0.99,,,,,,,,,,,,$1.09,,,,,,1,,,,,2016-07-09
1343398,Baseball Cards 2016 Bowman Chrome Prospects,Donny Sands [Gold Refractor] #BCP-173,,,,,,,,,,,,,,,,,,,0,,,,,2016-07-09
1343496,Baseball Cards 2016 Bowman Chrome Prospects,Donny Sands [Green Refractor] #BCP-173,$4.00,,,,,,,,,,,$0.90,$4.39,,,,,,1,,,,,2016-07-09
1343592,Baseball Cards 2016 Bowman Chrome Prospects,Donny Sands [Orange Refractor] #BCP-173,$10.50,,,,,,,,,,,$3.00,$11.99,,,,,,1,,,,,2016-07-09
1343691,Baseball Cards 2016 Bowman Chrome Prospects,Donny Sands [Orange Shimmer] #BCP-173,$4.00,,,,,,,,,,,$0.90,$4.39,,,,,,0,,,,,2016-07-09
10455907,Baseball Cards 2016 Bowman Chrome Prospects,Donny Sands [Printing Plate] #BCP-173,,,,,,,,,,,,,,,,,,,0,,,,,2016-09-07
1343791,Baseball Cards 2016 Bowman Chrome Prospects,Donny Sands [Purple Refractor] #BCP-173,$0.25,,,,,,,,,,,,$0.99,,,,,,0,,,,,2016-07-09
1343890,Baseball Cards 2016 Bowman Chrome Prospects,Donny Sands [Red Refractor] #BCP-173,,,,,,,,,,,,,,,,,,,0,,,,,2016-07-09
1343989,Baseball Cards 2016 Bowman Chrome Prospects,Donny Sands [Refractor] #BCP-173,$1.93,,,,,,,,,,,,$2.09,,,,,,1,,,,,2016-07-09
10455909,Baseball Cards 2016 Bowman Chrome Prospects,Donny Sands [Superfractor] #BCP-173,,,,,,,,,,,,,,,,,,,0,,,,,2016-09-07
1354188,Baseball Cards 2016 Bowman Chrome Prospects,Drew Jackson #BCP-19,$0.10,,,,,,,,,,,,$0.99,,,,,,2,,,,,2016-07-09
1354338,Baseball Cards 2016 Bowman Chrome Prospects,Drew Jackson [Blue Refractor] #BCP-19,$19.50,,,,,,,,,,,$6.30,$20.99,,,,,,1,,,,,2016-07-09
1354488,Baseball Cards 2016 Bowman Chrome Prospects,Drew Jackson [Gold Refractor] #BCP-19,$2.84,,,,,,,,,,,,$3.09,,,,,,0,,,,,2016-07-09
1354638,Baseball Cards 2016 Bowman Chrome Prospects,Drew Jackson [Green Refractor] #BCP-19,$0.25,,,,,,,,,,,,$0.99,,,,,,0,,,,,2016-07-09
1354788,Baseball Cards 2016 Bowman Chrome Prospects,Drew Jackson [Green Shimmer Refractor] #BCP-19,$0.25,,,,,,,,,,,,$0.99,,,,,,0,,,,,2016-07-09
1354938,Baseball Cards 2016 Bowman Chrome Prospects,Drew Jackson [Light Blue Refractor] #BCP-19,,,,,,,,,,,,,,,,,,,0,,,,,2016-07-09
1355088,Baseball Cards 2016 Bowman Chrome Prospects,Drew Jackson [Orange Refractor] #BCP-19,,,,,,,,,,,,,,,,,,,0,,,,,2016-07-09
1355238,Baseball Cards 2016 Bowman Chrome Prospects,Drew Jackson [Orange Shimmer Refractor] #BCP-19,$0.99,,,,,,,,,,,,$1.09,,,,,,1,,,,,2016-07-09
10455590,Baseball Cards 2016 Bowman Chrome Prospects,Drew Jackson [Printing Plate] #BCP-19,,,,,,,,,,,,,,,,,,,0,,,,,2016-09-07
1355386,Baseball Cards 2016 Bowman Chrome Prospects,Drew Jackson [Purple Refractor] #BCP-19,$1.25,,,,,,,,,,,,$1.39,,,,,,1,,,,,2016-07-09
1355532,Baseball Cards 2016 Bowman Chrome Prospects,Drew Jackson [Red Refractor] #BCP-19,,,,,,,,,,,,,,,,,,,0,,,,,2016-07-09
1355681,Baseball Cards 2016 Bowman Chrome Prospects,Drew Jackson [Refractor] #BCP-19,$0.25,,,,,,,,,,,,$0.99,,,,,,0,,,,,2016-07-09
10455591,Baseball Cards 2016 Bowman Chrome Prospects,Drew Jackson [Superfractor] #BCP-19,,,,,,,,,,,,,,,,,,,0,,,,,2016-09-07
1354270,Baseball Cards 2016 Bowman Chrome Prospects,Duane Underwood #BCP-101,$1.08,,,,,,,,,,,,$1.19,,,,,,2,,,,,2016-07-09
1354420,Baseball Cards 2016 Bowman Chrome Prospects,Duane Underwood [Blue Refractor] #BCP-101,$1.89,,,,,,,,,,,,$2.09,,,,,,1,,,,,2016-07-09
1354570,Baseball Cards 2016 Bowman Chrome Prospects,Duane Underwood [Gold Refractor] #BCP-101,,,,,,,,,,,,,,,,,,,0,,,,,2016-07-09
1354720,Baseball Cards 2016 Bowman Chrome Prospects,Duane Underwood [Green Refractor] #BCP-101,$2.00,,,,,,,,,,,,$2.19,,,,,,0,,,,,2016-07-09
1354870,Baseball Cards 2016 Bowman Chrome Prospects,Duane Underwood [Green Shimmer Refractor] #BCP-101,$2.49,,,,,,,,,,,,$2.69,,,,,,1,,,,,2016-07-09
1355020,Baseball Cards 2016 Bowman Chrome Prospects,Duane Underwood [Light Blue Refractor] #BCP-101,,,,,,,,,,,,,,,,,,,0,,,,,2016-07-09
1355170,Baseball Cards 2016 Bowman Chrome Prospects,Duane Underwood [Orange Refractor] #BCP-101,,,,,,,,,,,,,,,,,,,0,,,,,2016-07-09
1355319,Baseball Cards 2016 Bowman Chrome Prospects,Duane Underwood [Orange Shimmer Refractor] #BCP-101,,,,,,,,,,,,,,,,,,,0,,,,,2016-07-09
10455748,Baseball Cards 2016 Bowman Chrome Prospects,Duane Underwood [Printing Plate] #BCP-101,,,,,,,,,,,,,,,,,,,0,,,,,2016-09-07
1355464,Baseball Cards 2016 Bowman Chrome Prospects,Duane Underwood [Purple Refractor] #BCP-101,$3.75,,,,,,,,,,,$0.80,$4.09,,,,,,2,,,,,2016-07-09
1355614,Baseball Cards 2016 Bowman Chrome Prospects,Duane Underwood [Red Refractor] #BCP-101,$3.18,,,,,,,,,,,,$3.49,,,,,,1,,,,,2016-07-09
1355763,Baseball Cards 2016 Bowman Chrome Prospects,Duane Underwood [Refractor] #BCP-101,$1.75,,,,,,,,,,,,$1.89,,,,,,1,,,,,2016-07-09
10455749,Baseball Cards 2016 Bowman Chrome Prospects,Duane Underwood [Superfractor] #BCP-101,,,,,,,,,,,,,,,,,,,0,,,,,2016-09-07
1342985,Baseball Cards 2016 Bowman Chrome Prospects,Dustin Fowler #BCP-153,$1.57,,,,,,,,,,,,$1.69,,,,,,2,,,,,2016-07-09
1343081,Baseball Cards 2016 Bowman Chrome Prospects,Dustin Fowler [Black Gold Refractor] #BCP-153,,,,,,,,,,,,,,,,,,,0,,,,,2016-07-09
1343178,Baseball Cards 2016 Bowman Chrome Prospects,Dustin Fowler [Blue Refractor] #BCP-153,$2.00,,,,,,,,,,,,$2.19,,,,,,1,,,,,2016-07-09
1343278,Baseball Cards 2016 Bowman Chrome Prospects,Dustin Fowler [Blue Shimmer] #BCP-153,$0.25,,,,,,,,,,,,$0.99,,,,,,0,,,,,2016-07-09
1343378,Baseball Cards 2016 Bowman Chrome Prospects,Dustin Fowler [Gold Refractor] #BCP-153,$9.74,,,,,,,,,,,$2.80,$10.99,,,,,,0,,,,,2016-07-09
1343476,Baseball Cards 2016 Bowman Chrome Prospects,Dustin Fowler [Green Refractor] #BCP-153,$4.50,,,,,,,,,,,$1.00,$4.99,,,,,,0,,,,,2016-07-09
1343572,Baseball Cards 2016 Bowman Chrome Prospects,Dustin Fowler [Orange Refractor] #BCP-153,$9.74,,,,,,,,,,,$2.80,$10.99,,,,,,0,,,,,2016-07-09
1343671,Baseball Cards 2016 Bowman Chrome Prospects,Dustin Fowler [Orange Shimmer] #BCP-153,$2.49,,,,,,,,,,,,$2.69,,,,,,0,,,,,2016-07-09
10455859,Baseball Cards 2016 Bowman Chrome Prospects,Dustin Fowler [Printing Plate] #BCP-153,,,,,,,,,,,,,,,,,,,0,,,,,2016-09-07
1343771,Baseball Cards 2016 Bowman Chrome Prospects,Dustin Fowler [Purple Refractor] #BCP-153,$2.15,,,,,,,,,,,,$2.39,,,,,,0,,,,,2016-07-09
1343871,Baseball Cards 2016 Bowman Chrome Prospects,Dustin Fowler [Red Refractor] #BCP-153,,,,,,,,,,,,,,,,,,,0,,,,,2016-07-09
1343969,Baseball Cards 2016 Bowman Chrome Prospects,Dustin Fowler [Refractor] #BCP-153,$0.99,,,,,,,,,,,,$1.09,,,,,,1,,,,,2016-07-09
10455860,Baseball Cards 2016 Bowman Chrome Prospects,Dustin Fowler [Superfractor] #BCP-153,,,,,,,,,,,,,,,,,,,0,,,,,2016-09-07
1343003,Baseball Cards 2016 Bowman Chrome Prospects,Dylan Cease #BCP-171,$1.48,,,,,,,,,,,,$1.59,,,,,,3,,,,,2016-07-09
1343096,Baseball Cards 2016 Bowman Chrome Prospects,Dylan Cease [Black Gold Refractor] #BCP-171,$2.50,,,,,,,,,,,,$2.79,,,,,,0,,,,,2016-07-09
1343196,Baseball Cards 2016 Bowman Chrome Prospects,Dylan Cease [Blue Refractor] #BCP-171,$1.78,,,,,,,,,,,,$1.99,,,,,,1,,,,,2016-07-09
1343296,Baseball Cards 2016 Bowman Chrome Prospects,Dylan Cease [Blue Shimmer] #BCP-171,$2.35,,,,,,,,,,,,$2.59,,,,,,2,,,,,2016-07-09
1343396,Baseball Cards 2016 Bowman Chrome Prospects,Dylan Cease [Gold Refractor] #BCP-171,$10.88,,,,,,,,,,,$3.00,$11.99,,,,,,1,,,,,2016-07-09
1343494,Baseball Cards 2016 Bowman Chrome Prospects,Dylan Cease [Green Refractor] #BCP-171,$2.83,,,$14.50,$16.00,,,,,,,,$3.09,,,,,,1,,,,,2016-07-09
1343590,Baseball Cards 2016 Bowman Chrome Prospects,Dylan Cease [Orange Refractor] #BCP-171,$19.66,,,,,,,,,,,$6.60,$21.99,,,,,,1,,,,,2016-07-09
1343689,Baseball Cards 2016 Bowman Chrome Prospects,Dylan Cease [Orange Shimmer] #BCP-171,$4.50,,,,,$25.00,$33.00,$15.00,$15.00,,,$1.00,$4.99,,,,,,3,,,,,2016-07-09
10455894,Baseball Cards 2016 Bowman Chrome Prospects,Dylan Cease [Printing Plate] #BCP-171,,,,,,,,,,,,,,,,,,,0,,,,,2016-09-07
1343789,Baseball Cards 2016 Bowman Chrome Prospects,Dylan Cease [Purple Refractor] #BCP-171,$2.65,,,,,$21.15,$28.00,$13.00,$13.00,,,,$2.89,,,,,,2,,,,,2016-07-09
1343888,Baseball Cards 2016 Bowman Chrome Prospects,Dylan Cease [Red Refractor] #BCP-171,,,,,$30.00,,,,,,,,,,,,,,1,,,,,2016-07-09
1343987,Baseball Cards 2016 Bowman Chrome Prospects,Dylan Cease [Refractor] #BCP-171,$3.54,,,,,,,,,,,$0.80,$3.89,,,,,,5,,,,,2016-07-09
10455898,Baseball Cards 2016 Bowman Chrome Prospects,Dylan Cease [Superfractor] #BCP-171,,,,,,,,,,,,,,,,,,,0,,,,,2016-09-07
1343031,Baseball Cards 2016 Bowman Chrome Prospects,Eloy Jimenez #BCP-200,$1.99,,,$8.54,$9.00,$10.00,$13.00,$6.00,$6.00,,,,$2.19,,,,,,5,,,,,2016-07-09
1343125,Baseball Cards 2016 Bowman Chrome Prospects,Eloy Jimenez [Black Gold Refractor] #BCP-200,$3.00,,$2.99,,,,,,,,,,$3.29,,,,$3.29,,1,,,,,2016-07-09
1343225,Baseball Cards 2016 Bowman Chrome Prospects,Eloy Jimenez [Blue Refractor] #BCP-200,$12.00,,,,,$6.02,$8.00,$4.00,$4.00,,,$3.30,$12.99,,,,,,1,,,,,2016-07-09
1343325,Baseball Cards 2016 Bowman Chrome Prospects,Eloy Jimenez [Blue Shimmer] #BCP-200,$2.20,,$14.99,,,$6.00,$8.00,$4.00,$4.00,,,,$2.39,,,$4.00,$15.99,,2,,,,,2016-07-09
1343425,Baseball Cards 2016 Bowman Chrome Prospects,Eloy Jimenez [Gold Refractor] #BCP-200,,,,,,,,,$9.27,,,,,,,,,,0,,,,,2016-07-09
1343521,Baseball Cards 2016 Bowman Chrome Prospects,Eloy Jimenez [Green Refractor] #BCP-200,$1.31,,,,,,,,,,,,$1.39,,,,,,1,,,,,2016-07-09
1343619,Baseball Cards 2016 Bowman Chrome Prospects,Eloy Jimenez [Orange Refractor] #BCP-200,$24.40,,,,$15.50,,,,,,,$8.10,$26.99,,,,,,2,,,,,2016-07-09
1343718,Baseball Cards 2016 Bowman Chrome Prospects,Eloy Jimenez [Orange Shimmer] #BCP-200,$1.92,,,$18.50,$18.00,$18.69,$24.00,$11.00,$11.00,,,,$2.09,,,,,,3,,,,,2016-07-09
10456022,Baseball Cards 2016 Bowman Chrome Prospects,Eloy Jimenez [Printing Plate] #BCP-200,,,,,,,,,,,,,,,,,,,0,,,,,2016-09-07
1343818,Baseball Cards 2016 Bowman Chrome Prospects,Eloy Jimenez [Purple Refractor] #BCP-200,$3.99,,,,,$5.50,$7.00,$3.00,$3.00,,,$0.90,$4.39,,,,,,1,,,,,2016-07-09
1343917,Baseball Cards 2016 Bowman Chrome Prospects,Eloy Jimenez [Red Refractor] #BCP-200,,,,,$52.58,,,,,,,,,,,,,,1,,,,,2016-07-09
1344016,Baseball Cards 2016 Bowman Chrome Prospects,Eloy Jimenez [Refractor] #BCP-200,$1.99,,,$5.55,$6.00,$11.50,$15.00,$7.00,$7.00,,,,$2.19,,,,,,3,,,,,2016-07-09
10456025,Baseball Cards 2016 Bowman Chrome Prospects,Eloy Jimenez [Superfractor] #BCP-200,,,,,,,,,,,,,,,,,,,0,,,,,2016-09-07
1354297,Baseball Cards 2016 Bowman Chrome Prospects,Fernando Perez #BCP-128,$0.56,,,,,,,,,,,,$0.99,,,,,,1,,,,,2016-07-09
1354447,Baseball Cards 2016 Bowman Chrome Prospects,Fernando Perez [Blue Refractor] #BCP-128,$1.57,,,,,,,,,,,,$1.69,,,,,,1,,,,,2016-07-09
1354597,Baseball Cards 2016 Bowman Chrome Prospects,Fernando Perez [Gold Refractor] #BCP-128,$5.99,,,,,,,,,,,$1.30,$6.59,,,,,,0,,,,,2016-07-09
1354747,Baseball Cards 2016 Bowman Chrome Prospects,Fernando Perez [Green Refractor] #BCP-128,$6.28,,,,,,,,,,,$1.40,$6.89,,,,,,0,,,,,2016-07-09
1354897,Baseball Cards 2016 Bowman Chrome Prospects,Fernando Perez [Green Shimmer Refractor] #BCP-128,$1.17,,,,,,,,,,,,$1.29,,,,,,1,,,,,2016-07-09
1355047,Baseball Cards 2016 Bowman Chrome Prospects,Fernando Perez [Light Blue Refractor] #BCP-128,,,,,,,,,,,,,,,,,,,0,,,,,2016-07-09
1355197,Baseball Cards 2016 Bowman Chrome Prospects,Fernando Perez [Orange Refractor] #BCP-128,$2.50,,,,,,,,,,,,$2.79,,,,,,1,,,,,2016-07-09
1355346,Baseball Cards 2016 Bowman Chrome Prospects,Fernando Perez [Orange Shimmer Refractor] #BCP-128,$2.84,,,,,,,,,,,,$3.09,,,,,,1,,,,,2016-07-09
10455801,Baseball Cards 2016 Bowman Chrome Prospects,Fernando Perez [Printing Plate] #BCP-128,,,,,,,,,,,,,,,,,,,0,,,,,2016-09-07
1355491,Baseball Cards 2016 Bowman Chrome Prospects,Fernando Perez [Purple Refractor] #BCP-128,$0.25,,,,,,,,,,,,$0.99,,,,,,0,,,,,2016-07-09
1355641,Baseball Cards 2016 Bowman Chrome Prospects,Fernando Perez [Red Refractor] #BCP-128,,,,,,,,,,,,,,,,,,,0,,,,,2016-07-09
1355790,Baseball Cards 2016 Bowman Chrome Prospects,Fernando Perez [Refractor] #BCP-128,$0.25,,,,,,,,,,,,$0.99,,,,,,0,,,,,2016-07-09
10455802,Baseball Cards 2016 Bowman Chrome Prospects,Fernando Perez [Superfractor] #BCP-128,,,,,,,,,,,,,,,,,,,0,,,,,2016-09-07
1354336,Baseball Cards 2016 Bowman Chrome Prospects,Fernando Tatis Jr. [Blue Refractor] #BCP-17,$111.25,,$92.69,$112.19,$173.51,$178.23,$232.00,$107.00,$107.00,,,$61.00,$122.00,,,$51.00,$102.00,,10,,,,,2016-07-09
1354186,Baseball Cards 2016 Bowman Chrome Prospects,Fernando Tatis Jr. [Chrome] #BCP17,$11.14,$11.13,$11.25,$21.24,$26.22,$90.01,$117.00,$54.00,$102.87,,,$3.00,$11.99,$3.00,$11.99,$3.00,$11.99,,93,,,,,2016-07-09
1354486,Baseball Cards 2016 Bowman Chrome Prospects,Fernando Tatis Jr. [Gold Refractor] #BCP-17,$2000.00,,,$510.00,$561.00,$7600.00,$9880.00,$4560.00,$4560.00,,,$1320.00,$2200.00,,,,,,3,,,,,2016-07-09
1354636,Baseball Cards 2016 Bowman Chrome Prospects,Fernando Tatis Jr. [Green Refractor] #BCP-17,$231.51,,$198.00,$251.07,$276.00,$649.00,$844.00,$389.00,$389.00,,,$127.50,$255.00,,,$109.00,$218.00,,6,,,,,2016-07-09
1354786,Baseball Cards 2016 Bowman Chrome Prospects,Fernando Tatis Jr. [Green Shimmer Refractor] #BCP-17,$333.92,$155.50,,$450.00,$495.00,,,,,,,$183.50,$367.00,$85.50,$171.00,,,,3,,,,,2016-07-09
1354936,Baseball Cards 2016 Bowman Chrome Prospects,Fernando Tatis Jr. [Light Blue Refractor] #BCP-17,,,,,,,,,,,,,,,,,,,0,,,,,2016-07-09
1355086,Baseball Cards 2016 Bowman Chrome Prospects,Fernando Tatis Jr. [Orange Refractor] #BCP-17,$798.00,,,,,,,,,,,$526.80,$878.00,,,,,,1,,,,,2016-07-09
1355236,Baseball Cards 2016 Bowman Chrome Prospects,Fernando Tatis Jr. [Orange Shimmer Refractor] #BCP-17,,,,,$449.44,,,,,,,,,,,,,,1,,,,,2016-07-09
10455586,Baseball Cards 2016 Bowman Chrome Prospects,Fernando Tatis Jr. [Printing Plate] #BCP-17,,,,,,,,,,,,,,,,,,,0,,,,,2016-09-07
1355384,Baseball Cards 2016 Bowman Chrome Prospects,Fernando Tatis Jr. [Purple Refractor] #BCP-17,$151.51,,$50.23,$626.38,$689.00,$752.00,$978.00,$451.00,$451.00,,,$83.50,$167.00,,,$22.00,$54.99,,5,,,,,2016-07-09
1355530,Baseball Cards 2016 Bowman Chrome Prospects,Fernando Tatis Jr. [Red Refractor] #BCP-17,,,,$4050.00,$4455.00,,,,,,,,,,,,,,1,,,,,2016-07-09
1355679,Baseball Cards 2016 Bowman Chrome Prospects,Fernando Tatis Jr. [Refractor] #BCP-17,$115.50,,$122.03,$127.04,$350.00,$377.00,$490.00,$226.00,$226.00,,,$63.50,$127.00,,,$67.00,$134.00,,14,,,,,2016-07-09
10455587,Baseball Cards 2016 Bowman Chrome Prospects,Fernando Tatis Jr. [Superfractor] #BCP-17,$5.87,$6.27,$10.00,$17.69,$32.48,$65.00,$85.00,$39.00,$29.30,,,$1.30,$6.49,$1.40,$6.89,$2.80,$10.99,,368,,,,,2016-09-07
1343011,Baseball Cards 2016 Bowman Chrome Prospects,Forrest Wall #BCP-179,$0.99,,,,,,,,,,,,$1.09,,,,,,1,,,,,2016-07-09
1343104,Baseball Cards 2016 Bowman Chrome Prospects,Forrest Wall [Black Gold Refractor] #BCP-179,,,,,,,,,,,,,,,,,,,0,,,,,2016-07-09
1343204,Baseball Cards 2016 Bowman Chrome Prospects,Forrest Wall [Blue Refractor] #BCP-179,$0.25,,,,,,,,,,,,$0.99,,,,,,0,,,,,2016-07-09
1343304,Baseball Cards 2016 Bowman Chrome Prospects,Forrest Wall [Blue Shimmer] #BCP-179,$1.99,,,,,,,,,,,,$2.19,,,,,,1,,,,,2016-07-09
1343404,Baseball Cards 2016 Bowman Chrome Prospects,Forrest Wall [Gold Refractor] #BCP-179,$3.42,,,,,,,,,,,$0.80,$3.79,,,,,,0,,,,,2016-07-09
1343502,Baseball Cards 2016 Bowman Chrome Prospects,Forrest Wall [Green Refractor] #BCP-179,$0.25,,,,,,,,,,,,$0.99,,,,,,0,,,,,2016-07-09
1343598,Baseball Cards 2016 Bowman Chrome Prospects,Forrest Wall [Orange Refractor] #BCP-179,$5.99,,,,,,,,,,,$1.30,$6.59,,,,,,1,,,,,2016-07-09
1343697,Baseball Cards 2016 Bowman Chrome Prospects,Forrest Wall [Orange Shimmer] #BCP-179,$2.08,,,,,,,,,,,,$2.29,,,,,,1,,,,,2016-07-09
10455932,Baseball Cards 2016 Bowman Chrome Prospects,Forrest Wall [Printing Plate] #BCP-179,,,,,,,,,,,,,,,,,,,0,,,,,2016-09-07
1343797,Baseball Cards 2016 Bowman Chrome Prospects,Forrest Wall [Purple Refractor] #BCP-179,$1.99,,,,,,,,,,,,$2.19,,,,,,1,,,,,2016-07-09
1343896,Baseball Cards 2016 Bowman Chrome Prospects,Forrest Wall [Red Refractor] #BCP-179,$8.50,,,,,,,,,,,$1.90,$9.39,,,,,,2,,,,,2016-07-09
1343995,Baseball Cards 2016 Bowman Chrome Prospects,Forrest Wall [Refractor] #BCP-179,$1.99,,,,,,,,,,,,$2.19,,,,,,1,,,,,2016-07-09
10455933,Baseball Cards 2016 Bowman Chrome Prospects,Forrest Wall [Superfractor] #BCP-179,,,,,,,,,,,,,,,,,,,0,,,,,2016-09-07
1354203,Baseball Cards 2016 Bowman Chrome Prospects,Francis Martes #BCP-34,$0.25,,,,,,,,,,,,$0.99,,,,,,1,,,,,2016-07-09
1354353,Baseball Cards 2016 Bowman Chrome Prospects,Francis Martes [Blue Refractor] #BCP-34,$2.49,,,,,,,,,,,,$2.69,,,,,,0,,,,,2016-07-09
1354503,Baseball Cards 2016 Bowman Chrome Prospects,Francis Martes [Gold Refractor] #BCP-34,$5.60,,,,,,,,,,,$1.20,$6.19,,,,,,0,,,,,2016-07-09
1354653,Baseball Cards 2016 Bowman Chrome Prospects,Francis Martes [Green Refractor] #BCP-34,$3.98,,,,,,,,,,,$0.90,$4.39,,,,,,0,,,,,2016-07-09
1354803,Baseball Cards 2016 Bowman Chrome Prospects,Francis Martes [Green Shimmer Refractor] #BCP-34,$0.25,,,,,,,,,,,,$0.99,,,,,,0,,,,,2016-07-09
1354953,Baseball Cards 2016 Bowman Chrome Prospects,Francis Martes [Light Blue Refractor] #BCP-34,,,,,,,,,,,,,,,,,,,0,,,,,2016-07-09
1355103,Baseball Cards 2016 Bowman Chrome Prospects,Francis Martes [Orange Refractor] #BCP-34,$11.35,,,,,,,,,,,$3.00,$11.99,,,,,,0,,,,,2016-07-09
1355252,Baseball Cards 2016 Bowman Chrome Prospects,Francis Martes [Orange Shimmer Refractor] #BCP-34,$19.80,,,,,,,,,,,$6.60,$21.99,,,,,,0,,,,,2016-07-09
10455624,Baseball Cards 2016 Bowman Chrome Prospects,Francis Martes [Printing Plate] #BCP-34,,,,,,,,,,,,,,,,,,,0,,,,,2016-09-07
1355400,Baseball Cards 2016 Bowman Chrome Prospects,Francis Martes [Purple Refractor] #BCP-34,$1.95,,,,,,,,,,,,$2.19,,,,,,1,,,,,2016-07-09
1355547,Baseball Cards 2016 Bowman Chrome Prospects,Francis Martes [Red Refractor] #BCP-34,$5.00,,,,,,,,,,,$1.10,$5.49,,,,,,1,,,,,2016-07-09
1355696,Baseball Cards 2016 Bowman Chrome Prospects,Francis Martes [Refractor] #BCP-34,$0.25,,,,,,,,,,,,$0.99,,,,,,0,,,,,2016-07-09
10455625,Baseball Cards 2016 Bowman Chrome Prospects,Francis Martes [Superfractor] #BCP-34,,,,,,,,,,,,,,,,,,,0,,,,,2016-09-07
1342992,Baseball Cards 2016 Bowman Chrome Prospects,Franklin Barreto #BCP-160,$0.99,,,,,,,,,,,,$1.09,,,,,,1,,,,,2016-07-09
1343086,Baseball Cards 2016 Bowman Chrome Prospects,Franklin Barreto [Black Gold Refractor] #BCP-160,,,,,,,,,,,,,,,,,,,0,,,,,2016-07-09
1343185,Baseball Cards 2016 Bowman Chrome Prospects,Franklin Barreto [Blue Refractor] #BCP-160,$0.25,,,,,,,,,,,,$0.99,,,,,,0,,,,,2016-07-09
1343285,Baseball Cards 2016 Bowman Chrome Prospects,Franklin Barreto [Blue Shimmer] #BCP-160,$0.25,,,,,,,,,,,,$0.99,,,,,,0,,,,,2016-07-09
1343385,Baseball Cards 2016 Bowman Chrome Prospects,Franklin Barreto [Gold Refractor] #BCP-160,$0.25,,,,,,,,,,,,$0.99,,,,,,0,,,,,2016-07-09
1343483,Baseball Cards 2016 Bowman Chrome Prospects,Franklin Barreto [Green Refractor] #BCP-160,$2.84,,,,,,,,,,,,$3.09,,,,,,0,,,,,2016-07-09
1343579,Baseball Cards 2016 Bowman Chrome Prospects,Franklin Barreto [Orange Refractor] #BCP-160,$7.09,,,,,,,,,,,$1.60,$7.79,,,,,,0,,,,,2016-07-09
1343678,Baseball Cards 2016 Bowman Chrome Prospects,Franklin Barreto [Orange Shimmer] #BCP-160,$0.25,,,,,,,,,,,,$0.99,,,,,,0,,,,,2016-07-09
10455873,Baseball Cards 2016 Bowman Chrome Prospects,Franklin Barreto [Printing Plate] #BCP-160,,,,,,,,,,,,,,,,,,,0,,,,,2016-09-07
1343778,Baseball Cards 2016 Bowman Chrome Prospects,Franklin Barreto [Purple Refractor] #BCP-160,$0.25,,,,,,,,,,,,$0.99,,,,,,0,,,,,2016-07-09
1343878,Baseball Cards 2016 Bowman Chrome Prospects,Franklin Barreto [Red Refractor] #BCP-160,$0.99,,,,,,,,,,,,$1.09,,,,,,1,,,,,2016-07-09
1343976,Baseball Cards 2016 Bowman Chrome Prospects,Franklin Barreto [Refractor] #BCP-160,$1.59,,,,,,,,,,,,$1.79,,,,,,1,,,,,2016-07-09
10455874,Baseball Cards 2016 Bowman Chrome Prospects,Franklin Barreto [Superfractor] #BCP-160,,,,,,,,,,,,,,,,,,,0,,,,,2016-09-07
1343039,Baseball Cards 2016 Bowman Chrome Prospects,Franklin Reyes #BCP-208,$0.93,,,,,,,,,,,,$0.99,,,,,,1,,,,,2016-07-09
1343133,Baseball Cards 2016 Bowman Chrome Prospects,Franklin Reyes [Black Gold Refractor] #BCP-208,,,,,,,,,,,,,,,,,,,0,,,,,2016-07-09
1343233,Baseball Cards 2016 Bowman Chrome Prospects,Franklin Reyes [Blue Refractor] #BCP-208,$0.25,,,,,,,,,,,,$0.99,,,,,,0,,,,,2016-07-09
1343333,Baseball Cards 2016 Bowman Chrome Prospects,Franklin Reyes [Blue Shimmer] #BCP-208,$2.99,,,,,,,,,,,,$3.29,,,,,,1,,,,,2016-07-09
1343434,Baseball Cards 2016 Bowman Chrome Prospects,Franklin Reyes [Gold Refractor] #BCP-208,$8.00,,,,,,,,,,,$1.80,$8.79,,,,,,0,,,,,2016-07-09
1343529,Baseball Cards 2016 Bowman Chrome Prospects,Franklin Reyes [Green Refractor] #BCP-208,$0.25,,,,,,,,,,,,$0.99,,,,,,0,,,,,2016-07-09
1343627,Baseball Cards 2016 Bowman Chrome Prospects,Franklin Reyes [Orange Refractor] #BCP-208,,,,,,,,,,,,,,,,,,,0,,,,,2016-07-09
1343726,Baseball Cards 2016 Bowman Chrome Prospects,Franklin Reyes [Orange Shimmer] #BCP-208,$4.00,,,,,,,,,,,$0.90,$4.39,,,,,,0,,,,,2016-07-09
10455914,Baseball Cards 2016 Bowman Chrome Prospects,Franklin Reyes [Printing Plate] #BCP-208,,,,,,,,,,,,,,,,,,,0,,,,,2016-09-07
1343826,Baseball Cards 2016 Bowman Chrome Prospects,Franklin Reyes [Purple Refractor] #BCP-208,$0.25,,,,,,,,,,,,$0.99,,,,,,0,,,,,2016-07-09
1343925,Baseball Cards 2016 Bowman Chrome Prospects,Franklin Reyes [Red Refractor] #BCP-208,,,,,,,,,,,,,,,,,,,0,,,,,2016-07-09
1344024,Baseball Cards 2016 Bowman Chrome Prospects,Franklin Reyes [Refractor] #BCP-208,$0.25,,,,,,,,,,,,$0.99,,,,,,0,,,,,2016-07-09
10455916,Baseball Cards 2016 Bowman Chrome Prospects,Franklin Reyes [Superfractor] #BCP-208,,,,,,,,,,,,,,,,,,,0,,,,,2016-09-07
1354206,Baseball Cards 2016 Bowman Chrome Prospects,Franklyn Kilome #BCP-37,$0.76,,,,,,,,,,,,$0.99,,,,,,1,,,,,2016-07-09
1354356,Baseball Cards 2016 Bowman Chrome Prospects,Franklyn Kilome [Blue Refractor] #BCP-37,$2.84,,,,,,,,,,,,$3.09,,,,,,0,,,,,2016-07-09
1354506,Baseball Cards 2016 Bowman Chrome Prospects,Franklyn Kilome [Gold Refractor] #BCP-37,,,,,,,,,,,,,,,,,,,0,,,,,2016-07-09
1354656,Baseball Cards 2016 Bowman Chrome Prospects,Franklyn Kilome [Green Refractor] #BCP-37,,,,,,,,,,,,,,,,,,,0,,,,,2016-07-09
1354806,Baseball Cards 2016 Bowman Chrome Prospects,Franklyn Kilome [Green Shimmer Refractor] #BCP-37,$4.50,,,,,,,,,,,$1.00,$4.99,,,,,,0,,,,,2016-07-09
1354956,Baseball Cards 2016 Bowman Chrome Prospects,Franklyn Kilome [Light Blue Refractor] #BCP-37,,,,,,,,,,,,,,,,,,,0,,,,,2016-07-09
1355106,Baseball Cards 2016 Bowman Chrome Prospects,Franklyn Kilome [Orange Refractor] #BCP-37,,,,,,,,,,,,,,,,,,,0,,,,,2016-07-09
1355255,Baseball Cards 2016 Bowman Chrome Prospects,Franklyn Kilome [Orange Shimmer Refractor] #BCP-37,$23.54,,,,,,,,,,,$7.80,$25.99,,,,,,0,,,,,2016-07-09
10455634,Baseball Cards 2016 Bowman Chrome Prospects,Franklyn Kilome [Printing Plate] #BCP-37,,,,,,,,,,,,,,,,,,,0,,,,,2016-09-07
1355403,Baseball Cards 2016 Bowman Chrome Prospects,Franklyn Kilome [Purple Refractor] #BCP-37,$0.25,,,,,,,,,,,,$0.99,,,,,,0,,,,,2016-07-09
1355550,Baseball Cards 2016 Bowman Chrome Prospects,Franklyn Kilome [Red Refractor] #BCP-37,,,,,,,,,,,,,,,,,,,0,,,,,2016-07-09
1355699,Baseball Cards 2016 Bowman Chrome Prospects,Franklyn Kilome [Refractor] #BCP-37,$1.56,,,,,,,,,,,,$1.69,,,,,,1,,,,,2016-07-09
10455636,Baseball Cards 2016 Bowman Chrome Prospects,Franklyn Kilome [Superfractor] #BCP-37,,,,,,,,,,,,,,,,,,,0,,,,,2016-09-07
1354302,Baseball Cards 2016 Bowman Chrome Prospects,Gabby Guerrero #BCP-133,$0.99,,,,,,,,,,,,$1.09,,,,,,1,,,,,2016-07-09
1354452,Baseball Cards 2016 Bowman Chrome Prospects,Gabby Guerrero [Blue Refractor] #BCP-133,$0.25,,,,,,,,,,,,$0.99,,,,,,0,,,,,2016-07-09
1354602,Baseball Cards 2016 Bowman Chrome Prospects,Gabby Guerrero [Gold Refractor] #BCP-133,$7.20,,,,,,,,,,,$1.60,$7.89,,,,,,0,,,,,2016-07-09
1354752,Baseball Cards 2016 Bowman Chrome Prospects,Gabby Guerrero [Green Refractor] #BCP-133,$3.60,,,,,,,,,,,$0.80,$3.99,,,,,,0,,,,,2016-07-09
1354902,Baseball Cards 2016 Bowman Chrome Prospects,Gabby Guerrero [Green Shimmer Refractor] #BCP-133,$1.69,,,,,,,,,,,,$1.89,,,,,,1,,,,,2016-07-09
1355052,Baseball Cards 2016 Bowman Chrome Prospects,Gabby Guerrero [Light Blue Refractor] #BCP-133,,,,,,,,,,,,,,,,,,,0,,,,,2016-07-09
1355202,Baseball Cards 2016 Bowman Chrome Prospects,Gabby Guerrero [Orange Refractor] #BCP-133,$2.76,,,,,,,,,,,,$2.99,,,,,,1,,,,,2016-07-09
1355351,Baseball Cards 2016 Bowman Chrome Prospects,Gabby Guerrero [Orange Shimmer Refractor] #BCP-133,$3.99,,,,,,,,,,,$0.90,$4.39,,,,,,1,,,,,2016-07-09
10455811,Baseball Cards 2016 Bowman Chrome Prospects,Gabby Guerrero [Printing Plate] #BCP-133,,,,,,,,,,,,,,,,,,,0,,,,,2016-09-07
1355496,Baseball Cards 2016 Bowman Chrome Prospects,Gabby Guerrero [Purple Refractor] #BCP-133,$0.99,,,,,,,,,,,,$1.09,,,,,,1,,,,,2016-07-09
1355646,Baseball Cards 2016 Bowman Chrome Prospects,Gabby Guerrero [Red Refractor] #BCP-133,,,,,,,,,,,,,,,,,,,0,,,,,2016-07-09
1355795,Baseball Cards 2016 Bowman Chrome Prospects,Gabby Guerrero [Refractor] #BCP-133,$0.25,,,,,,,,,,,,$0.99,,,,,,0,,,,,2016-07-09
10455812,Baseball Cards 2016 Bowman Chrome Prospects,Gabby Guerrero [Superfractor] #BCP-133,,,,,,,,,,,,,,,,,,,0,,,,,2016-09-07
1354237,Baseball Cards 2016 Bowman Chrome Prospects,Garrett Whitley #BCP-68,$0.99,,,,,,,,,,,,$1.09,,,,,,1,,,,,2016-07-09
1354387,Baseball Cards 2016 Bowman Chrome Prospects,Garrett Whitley [Blue Refractor] #BCP-68,$0.25,,,,,,,,,,,,$0.99,,,,,,0,,,,,2016-07-09
1354537,Baseball Cards 2016 Bowman Chrome Prospects,Garrett Whitley [Gold Refractor] #BCP-68,$2.99,,,,,,,,,,,,$3.29,,,,,,1,,,,,2016-07-09
1354687,Baseball Cards 2016 Bowman Chrome Prospects,Garrett Whitley [Green Refractor] #BCP-68,$2.49,,,,,,,,,,,,$2.69,,,,,,1,,,,,2016-07-09
1354837,Baseball Cards 2016 Bowman Chrome Prospects,Garrett Whitley [Green Shimmer Refractor] #BCP-68,$0.25,,,,,,,,,,,,$0.99,,,,,,0,,,,,2016-07-09
1354987,Baseball Cards 2016 Bowman Chrome Prospects,Garrett Whitley [Light Blue Refractor] #BCP-68,,,,,,,,,,,,,,,,,,,0,,,,,2016-07-09
1355137,Baseball Cards 2016 Bowman Chrome Prospects,Garrett Whitley [Orange Refractor] #BCP-68,$8.59,,,,,,,,,,,$1.90,$9.49,,,,,,0,,,,,2016-07-09
1355286,Baseball Cards 2016 Bowman Chrome Prospects,Garrett Whitley [Orange Shimmer Refractor] #BCP-68,,,,,,,,,,,,,,,,,,,0,,,,,2016-07-09
10455684,Baseball Cards 2016 Bowman Chrome Prospects,Garrett Whitley [Printing Plate] #BCP-68,,,,,,,,,,,,,,,,,,,0,,,,,2016-09-07
1355433,Baseball Cards 2016 Bowman Chrome Prospects,Garrett Whitley [Purple Refractor] #BCP-68,$1.88,,,,,,,,,,,,$2.09,,,,,,1,,,,,2016-07-09
1355581,Baseball Cards 2016 Bowman Chrome Prospects,Garrett Whitley [Red Refractor] #BCP-68,,,,,,,,,,,,,,,,,,,0,,,,,2016-07-09
1355730,Baseball Cards 2016 Bowman Chrome Prospects,Garrett Whitley [Refractor] #BCP-68,$0.25,,,,,,,,,,,,$0.99,,,,,,0,,,,,2016-07-09
10455685,Baseball Cards 2016 Bowman Chrome Prospects,Garrett Whitley [Superfractor] #BCP-68,,,,,,,,,,,,,,,,,,,0,,,,,2016-09-07
1354262,Baseball Cards 2016 Bowman Chrome Prospects,Gavin Cecchini #BCP-93,$1.34,,,,,,,,,,,,$1.49,,,,,,1,,,,,2016-07-09
1354412,Baseball Cards 2016 Bowman Chrome Prospects,Gavin Cecchini [Blue Refractor] #BCP-93,$8.25,,,,,,,,,,,$1.80,$9.09,,,,,,1,,,,,2016-07-09
1354562,Baseball Cards 2016 Bowman Chrome Prospects,Gavin Cecchini [Gold Refractor] #BCP-93,$1.65,,,,,,,,,,,,$1.79,,,,,,1,,,,,2016-07-09
1354712,Baseball Cards 2016 Bowman Chrome Prospects,Gavin Cecchini [Green Refractor] #BCP-93,$3.60,,,,,,,,,,,$0.80,$3.99,,,,,,0,,,,,2016-07-09
1354862,Baseball Cards 2016 Bowman Chrome Prospects,Gavin Cecchini [Green Shimmer Refractor] #BCP-93,$0.25,,,,,,,,,,,,$0.99,,,,,,0,,,,,2016-07-09
1355012,Baseball Cards 2016 Bowman Chrome Prospects,Gavin Cecchini [Light Blue Refractor] #BCP-93,$29.99,,,,,,,,,,,$9.90,$32.99,,,,,,0,,,,,2016-07-09
1355162,Baseball Cards 2016 Bowman Chrome Prospects,Gavin Cecchini [Orange Refractor] #BCP-93,$5.00,,,,,,,,,,,$1.10,$5.49,,,,,,0,,,,,2016-07-09
1355311,Baseball Cards 2016 Bowman Chrome Prospects,Gavin Cecchini [Orange Shimmer Refractor] #BCP-93,$1.99,,,,,,,,,,,,$2.19,,,,,,1,,,,,2016-07-09
10455732,Baseball Cards 2016 Bowman Chrome Prospects,Gavin Cecchini [Printing Plate] #BCP-93,,,,,,,,,,,,,,,,,,,0,,,,,2016-09-07
1355458,Baseball Cards 2016 Bowman Chrome Prospects,Gavin Cecchini [Purple Refractor] #BCP-93,$2.00,,,,,,,,,,,,$2.19,,,,,,1,,,,,2016-07-09
1355606,Baseball Cards 2016 Bowman Chrome Prospects,Gavin Cecchini [Red Refractor] #BCP-93,,,,,,,,,,,,,,,,,,,0,,,,,2016-07-09
1355755,Baseball Cards 2016 Bowman Chrome Prospects,Gavin Cecchini [Refractor] #BCP-93,$0.25,,,,,,,,,,,,$0.99,,,,,,0,,,,,2016-07-09
10455733,Baseball Cards 2016 Bowman Chrome Prospects,Gavin Cecchini [Superfractor] #BCP-93,,,,,,,,,,,,,,,,,,,0,,,,,2016-09-07
1343018,Baseball Cards 2016 Bowman Chrome Prospects,George Iskenderian #BCP-187,$1.04,,,,,,,,,,,,$1.09,,,,,,2,,,,,2016-07-09
1343112,Baseball Cards 2016 Bowman Chrome Prospects,George Iskenderian [Black Gold Refractor] #BCP-187,,,,,,,,,,,,,,,,,,,0,,,,,2016-07-09
1343212,Baseball Cards 2016 Bowman Chrome Prospects,George Iskenderian [Blue Refractor] #BCP-187,$0.99,,,,,,,,,,,,$1.09,,,,,,1,,,,,2016-07-09
1343312,Baseball Cards 2016 Bowman Chrome Prospects,George Iskenderian [Blue Shimmer] #BCP-187,$2.60,,,,,,,,,,,,$2.89,,,,,,0,,,,,2016-07-09
1343412,Baseball Cards 2016 Bowman Chrome Prospects,George Iskenderian [Gold Refractor] #BCP-187,$1.99,,,,,,,,,,,,$2.19,,,,,,1,,,,,2016-07-09
1344777,Baseball Cards 2016 Bowman Chrome Prospects,George Iskenderian [Green Refractor] #BCP-187,$0.25,,,,,,,,,,,,$0.99,,,,,,0,,,,,2016-07-09
1343606,Baseball Cards 2016 Bowman Chrome Prospects,George Iskenderian [Orange Refractor] #BCP-187,$1.95,,,,,,,,,,,,$2.19,,,,,,1,,,,,2016-07-09
1343705,Baseball Cards 2016 Bowman Chrome Prospects,George Iskenderian [Orange Shimmer] #BCP-187,$0.25,,,,,,,,,,,,$0.99,,,,,,0,,,,,2016-07-09
10455963,Baseball Cards 2016 Bowman Chrome Prospects,George Iskenderian [Printing Plate] #BCP-187,,,,,,,,,,,,,,,,,,,0,,,,,2016-09-07
1343805,Baseball Cards 2016 Bowman Chrome Prospects,George Iskenderian [Purple Refractor] #BCP-187,$1.79,,,,,,,,,,,,$1.99,,,,,,1,,,,,2016-07-09
1343904,Baseball Cards 2016 Bowman Chrome Prospects,George Iskenderian [Red Refractor] #BCP-187,,,,,,,,,,,,,,,,,,,0,,,,,2016-07-09
1344003,Baseball Cards 2016 Bowman Chrome Prospects,George Iskenderian [Refractor] #BCP-187,$0.25,,,,,,,,,,,,$0.99,,,,,,0,,,,,2016-07-09
10455968,Baseball Cards 2016 Bowman Chrome Prospects,George Iskenderian [Superfractor] #BCP-187,,,,,,,,,,,,,,,,,,,0,,,,,2016-09-07
1343067,Baseball Cards 2016 Bowman Chrome Prospects,Gleyber Torres #BCP-236,$1.00,,$16.95,$19.00,$21.00,$23.00,$30.00,$14.00,$14.00,,,,$1.09,,,$4.80,$18.99,,15,,,,,2016-07-09
1343161,Baseball Cards 2016 Bowman Chrome Prospects,Gleyber Torres [Black Gold Refractor] #BCP-236,$15.00,,,$9.99,$11.00,$12.00,$16.00,$7.00,$7.00,,,$4.30,$16.99,,,,,,3,,,,,2016-07-09
1343261,Baseball Cards 2016 Bowman Chrome Prospects,Gleyber Torres [Blue Refractor] #BCP-236,$2.25,,,$9.00,$10.00,,,,,,,,$2.49,,,,,,2,,,,,2016-07-09
1343361,Baseball Cards 2016 Bowman Chrome Prospects,Gleyber Torres [Blue Shimmer] #BCP-236,$5.99,,,,,,,,,,,$1.30,$6.59,,,,,,1,,,,,2016-07-09
1343459,Baseball Cards 2016 Bowman Chrome Prospects,Gleyber Torres [Gold Refractor] #BCP-236,,,,,$31.99,$150.00,$195.00,$90.00,$90.00,,,,,,,,,,2,,,,,2016-07-09
1343557,Baseball Cards 2016 Bowman Chrome Prospects,Gleyber Torres [Green Refractor] #BCP-236,$5.04,,,,,$40.00,$52.00,$24.00,$24.00,,,$1.10,$5.49,,,,,,2,,,,,2016-07-09
1343654,Baseball Cards 2016 Bowman Chrome Prospects,Gleyber Torres [Orange Refractor] #BCP-236,,,,,,,,,,,,,,,,,,,0,,,,,2016-07-09
1343754,Baseball Cards 2016 Bowman Chrome Prospects,Gleyber Torres [Orange Shimmer] #BCP-236,$2.00,,$38.50,,$8.33,$99.00,$129.00,$59.00,$59.00,,,,$2.19,,,$16.80,$41.99,,3,,,,,2016-07-09
10456012,Baseball Cards 2016 Bowman Chrome Prospects,Gleyber Torres [Printing Plate] #BCP-236,,,,,,,,,,,,,,,,,,,0,,,,,2016-09-07
1343853,Baseball Cards 2016 Bowman Chrome Prospects,Gleyber Torres [Purple Refractor] #BCP-236,$10.50,,,$11.38,$13.00,$15.50,$20.00,$9.00,$9.00,,,$3.00,$11.99,,,,,,3,,,,,2016-07-09
1343952,Baseball Cards 2016 Bowman Chrome Prospects,Gleyber Torres [Red Refractor] #BCP-236,,,,,,,,,,,,,,,,,,,0,,,,,2016-07-09
1344052,Baseball Cards 2016 Bowman Chrome Prospects,Gleyber Torres [Refractor] #BCP-236,$2.80,,,$4.47,$5.00,$13.50,$18.00,$8.00,$8.00,,,,$3.09,,,,,,5,,,,,2016-07-09
10456014,Baseball Cards 2016 Bowman Chrome Prospects,Gleyber Torres [Superfractor] #BCP-236,,,,,,,,,,,,,,,,,,,0,,,,,2016-09-07
1354273,Baseball Cards 2016 Bowman Chrome Prospects,Grant Holmes #BCP-104,$0.99,,,,,,,,,,,,$1.09,,,,,,1,,,,,2016-07-09
1354423,Baseball Cards 2016 Bowman Chrome Prospects,Grant Holmes [Blue Refractor] #BCP-104,$2.99,,,,,,,,,,,,$3.29,,,,,,1,,,,,2016-07-09
1354573,Baseball Cards 2016 Bowman Chrome Prospects,Grant Holmes [Gold Refractor] #BCP-104,$2.58,,,,,,,,,,,,$2.79,,,,,,1,,,,,2016-07-09
1354723,Baseball Cards 2016 Bowman Chrome Prospects,Grant Holmes [Green Refractor] #BCP-104,$7.15,,,,,,,,,,,$1.60,$7.89,,,,,,1,,,,,2016-07-09
1354873,Baseball Cards 2016 Bowman Chrome Prospects,Grant Holmes [Green Shimmer Refractor] #BCP-104,$2.49,,,,,,,,,,,,$2.69,,,,,,1,,,,,2016-07-09
1355023,Baseball Cards 2016 Bowman Chrome Prospects,Grant Holmes [Light Blue Refractor] #BCP-104,,,,,,,,,,,,,,,,,,,0,,,,,2016-07-09
1355173,Baseball Cards 2016 Bowman Chrome Prospects,Grant Holmes [Orange Refractor] #BCP-104,$6.00,,,,,,,,,,,$1.30,$6.59,,,,,,0,,,,,2016-07-09
1355322,Baseball Cards 2016 Bowman Chrome Prospects,Grant Holmes [Orange Shimmer Refractor] #BCP-104,$3.42,,,,,,,,,,,$0.80,$3.79,,,,,,0,,,,,2016-07-09
10455754,Baseball Cards 2016 Bowman Chrome Prospects,Grant Holmes [Printing Plate] #BCP-104,,,,,,,,,,,,,,,,,,,0,,,,,2016-09-07
1355467,Baseball Cards 2016 Bowman Chrome Prospects,Grant Holmes [Purple Refractor] #BCP-104,$1.90,,,,,,,,,,,,$2.09,,,,,,1,,,,,2016-07-09
1355617,Baseball Cards 2016 Bowman Chrome Prospects,Grant Holmes [Red Refractor] #BCP-104,,,,,,,,,,,,,,,,,,,0,,,,,2016-07-09
1355766,Baseball Cards 2016 Bowman Chrome Prospects,Grant Holmes [Refractor] #BCP-104,$0.99,,,,,,,,,,,,$1.09,,,,,,1,,,,,2016-07-09
10455755,Baseball Cards 2016 Bowman Chrome Prospects,Grant Holmes [Superfractor] #BCP-104,,,,,,,,,,,,,,,,,,,0,,,,,2016-09-07
1343077,Baseball Cards 2016 Bowman Chrome Prospects,Harold Ramirez #BCP-246,$1.49,,,,,,,,,,,,$1.59,,,,,,1,,,,,2016-07-09
1343171,Baseball Cards 2016 Bowman Chrome Prospects,Harold Ramirez [Black Gold Refractor] #BCP-246,,,,,,,,,,,,,,,,,,,0,,,,,2016-07-09
1343271,Baseball Cards 2016 Bowman Chrome Prospects,Harold Ramirez [Blue Refractor] #BCP-246,$2.99,,,,,,,,,,,,$3.29,,,,,,0,,,,,2016-07-09
1343371,Baseball Cards 2016 Bowman Chrome Prospects,Harold Ramirez [Blue Shimmer] #BCP-246,$0.25,,,,,,,,,,,,$0.99,,,,,,0,,,,,2016-07-09
1343469,Baseball Cards 2016 Bowman Chrome Prospects,Harold Ramirez [Gold Refractor] #BCP-246,$7.36,,,,,,,,,,,$1.60,$8.09,,,,,,0,,,,,2016-07-09
1343566,Baseball Cards 2016 Bowman Chrome Prospects,Harold Ramirez [Green Refractor] #BCP-246,$2.84,,,,,,,,,,,,$3.09,,,,,,0,,,,,2016-07-09
1343664,Baseball Cards 2016 Bowman Chrome Prospects,Harold Ramirez [Orange Refractor] #BCP-246,$5.03,,,,,,,,,,,$1.10,$5.49,,,,,,0,,,,,2016-07-09
1343764,Baseball Cards 2016 Bowman Chrome Prospects,Harold Ramirez [Orange Shimmer] #BCP-246,$1.25,,,,,,,,,,,,$1.39,,,,,,1,,,,,2016-07-09
10456038,Baseball Cards 2016 Bowman Chrome Prospects,Harold Ramirez [Printing Plate] #BCP-246,,,,,,,,,,,,,,,,,,,0,,,,,2016-09-07
1343864,Baseball Cards 2016 Bowman Chrome Prospects,Harold Ramirez [Purple Refractor] #BCP-246,$1.85,,,,,,,,,,,,$1.99,,,,,,1,,,,,2016-07-09
1343962,Baseball Cards 2016 Bowman Chrome Prospects,Harold Ramirez [Red Refractor] #BCP-246,,,,,,,,,,,,,,,,,,,0,,,,,2016-07-09
1344062,Baseball Cards 2016 Bowman Chrome Prospects,Harold Ramirez [Refractor] #BCP-246,$2.99,,,,,,,,,,,,$3.29,,,,,,0,,,,,2016-07-09
10456039,Baseball Cards 2016 Bowman Chrome Prospects,Harold Ramirez [Superfractor] #BCP-246,,,,,,,,,,,,,,,,,,,0,,,,,2016-09-07
1343026,Baseball Cards 2016 Bowman Chrome Prospects,Helmis Rodriguez #BCP-195,$1.19,,,,,,,,,,,,$1.29,,,,,,1,,,,,2016-07-09
1343120,Baseball Cards 2016 Bowman Chrome Prospects,Helmis Rodriguez [Black Gold Refractor] #BCP-195,,,,,,,,,,,,,,,,,,,0,,,,,2016-07-09
1343220,Baseball Cards 2016 Bowman Chrome Prospects,Helmis Rodriguez [Blue Refractor] #BCP-195,$0.25,,,,,,,,,,,,$0.99,,,,,,0,,,,,2016-07-09
1343320,Baseball Cards 2016 Bowman Chrome Prospects,Helmis Rodriguez [Blue Shimmer] #BCP-195,$0.25,,,,,,,,,,,,$0.99,,,,,,0,,,,,2016-07-09
1343420,Baseball Cards 2016 Bowman Chrome Prospects,Helmis Rodriguez [Gold Refractor] #BCP-195,$3.99,,,,,,,,,,,$0.90,$4.39,,,,,,0,,,,,2016-07-09
1343516,Baseball Cards 2016 Bowman Chrome Prospects,Helmis Rodriguez [Green Refractor] #BCP-195,$0.25,,,,,,,,,,,,$0.99,,,,,,0,,,,,2016-07-09
1343614,Baseball Cards 2016 Bowman Chrome Prospects,Helmis Rodriguez [Orange Refractor] #BCP-195,$4.84,,,,,,,,,,,$1.10,$5.29,,,,,,0,,,,,2016-07-09
1343713,Baseball Cards 2016 Bowman Chrome Prospects,Helmis Rodriguez [Orange Shimmer] #BCP-195,$3.01,,,,,,,,,,,,$3.29,,,,,,1,,,,,2016-07-09
10455998,Baseball Cards 2016 Bowman Chrome Prospects,Helmis Rodriguez [Printing Plate] #BCP-195,,,,,,,,,,,,,,,,,,,0,,,,,2016-09-07
1343813,Baseball Cards 2016 Bowman Chrome Prospects,Helmis Rodriguez [Purple Refractor] #BCP-195,$1.95,,,,,,,,,,,,$2.19,,,,,,1,,,,,2016-07-09
1343912,Baseball Cards 2016 Bowman Chrome Prospects,Helmis Rodriguez [Red Refractor] #BCP-195,,,,,,,,,,,,,,,,,,,0,,,,,2016-07-09
1344011,Baseball Cards 2016 Bowman Chrome Prospects,Helmis Rodriguez [Refractor] #BCP-195,$1.75,,,,,,,,,,,,$1.89,,,,,,1,,,,,2016-07-09
10456000,Baseball Cards 2016 Bowman Chrome Prospects,Helmis Rodriguez [Superfractor] #BCP-195,,,,,,,,,,,,,,,,,,,0,,,,,2016-09-07
1343032,Baseball Cards 2016 Bowman Chrome Prospects,Hoy Jun Park #BCP-201,$1.71,,,,,,,,,,,,$1.89,,,,,,2,,,,,2016-07-09
1343126,Baseball Cards 2016 Bowman Chrome Prospects,Hoy Jun Park [Black Gold Refractor] #BCP-201,$0.25,,,,,,,,,,,,$0.99,,,,,,0,,,,,2016-07-09
1343226,Baseball Cards 2016 Bowman Chrome Prospects,Hoy Jun Park [Blue Refractor] #BCP-201,$1.99,,,,,,,,,,,,$2.19,,,,,,1,,,,,2016-07-09
1343326,Baseball Cards 2016 Bowman Chrome Prospects,Hoy Jun Park [Blue Shimmer] #BCP-201,$29.27,,,,,,,,,,,$9.60,$31.99,,,,,,0,,,,,2016-07-09
1343426,Baseball Cards 2016 Bowman Chrome Prospects,Hoy Jun Park [Gold Refractor] #BCP-201,$7.50,,,,,,,,,,,$1.70,$8.29,,,,,,1,,,,,2016-07-09
1343522,Baseball Cards 2016 Bowman Chrome Prospects,Hoy Jun Park [Green Refractor] #BCP-201,$6.95,,,,,,,,,,,$1.50,$7.69,,,,,,1,,,,,2016-07-09
1343620,Baseball Cards 2016 Bowman Chrome Prospects,Hoy Jun Park [Orange Refractor] #BCP-201,,,,,,,,,,,,,,,,,,,0,,,,,2016-07-09
1343719,Baseball Cards 2016 Bowman Chrome Prospects,Hoy Jun Park [Orange Shimmer] #BCP-201,$6.27,,,,,,,,,,,$1.40,$6.89,,,,,,0,,,,,2016-07-09
1343819,Baseball Cards 2016 Bowman Chrome Prospects,Hoy Jun Park [Purple Refractor] #BCP-201,$1.75,,,,,,,,,,,,$1.89,,,,,,1,,,,,2016-07-09
1343918,Baseball Cards 2016 Bowman Chrome Prospects,Hoy Jun Park [Red Refractor] #BCP-201,,,,,,,,,,,,,,,,,,,0,,,,,2016-07-09
1344017,Baseball Cards 2016 Bowman Chrome Prospects,Hoy Jun Park [Refractor] #BCP-201,$1.92,,,,,,,,,,,,$2.09,,,,,,2,,,,,2016-07-09
10455893,Baseball Cards 2016 Bowman Chrome Prospects,Hoy-Jun Park [Printing Plate] #BCP-201,,,,,,,,,,,,,,,,,,,0,,,,,2016-09-07
10455895,Baseball Cards 2016 Bowman Chrome Prospects,Hoy-Jun Park [Superfractor] #BCP-201,,,,,,,,,,,,,,,,,,,0,,,,,2016-09-07
1343070,Baseball Cards 2016 Bowman Chrome Prospects,Hunter Renfroe #BCP-239,$1.36,,,,,,,,,,,,$1.49,,,,,,1,,,,,2016-07-09
1343164,Baseball Cards 2016 Bowman Chrome Prospects,Hunter Renfroe [Black Gold Refractor] #BCP-239,,,,,,,,,,,,,,,,,,,0,,,,,2016-07-09
1343264,Baseball Cards 2016 Bowman Chrome Prospects,Hunter Renfroe [Blue Refractor] #BCP-239,$4.99,,,,,,,,,,,$1.10,$5.49,,,,,,1,,,,,2016-07-09
1343364,Baseball Cards 2016 Bowman Chrome Prospects,Hunter Renfroe [Blue Shimmer] #BCP-239,$0.25,,,,,,,,,,,,$0.99,,,,,,0,,,,,2016-07-09
1343462,Baseball Cards 2016 Bowman Chrome Prospects,Hunter Renfroe [Gold Refractor] #BCP-239,$3.42,,,,,,,,,,,$0.80,$3.79,,,,,,0,,,,,2016-07-09
1343560,Baseball Cards 2016 Bowman Chrome Prospects,Hunter Renfroe [Green Refractor] #BCP-239,$1.99,,,,,,,,,,,,$2.19,,,,,,1,,,,,2016-07-09
1343657,Baseball Cards 2016 Bowman Chrome Prospects,Hunter Renfroe [Orange Refractor] #BCP-239,$11.61,,,,,,,,,,,$3.30,$12.99,,,,,,1,,,,,2016-07-09
1343757,Baseball Cards 2016 Bowman Chrome Prospects,Hunter Renfroe [Orange Shimmer] #BCP-239,$2.30,,,,,,,,,,,,$2.49,,,,,,0,,,,,2016-07-09
10456023,Baseball Cards 2016 Bowman Chrome Prospects,Hunter Renfroe [Printing Plate] #BCP-239,,,,,,,,,,,,,,,,,,,0,,,,,2016-09-07
1343857,Baseball Cards 2016 Bowman Chrome Prospects,Hunter Renfroe [Purple Refractor] #BCP-239,$0.25,,,,,,,,,,,,$0.99,,,,,,0,,,,,2016-07-09
1343955,Baseball Cards 2016 Bowman Chrome Prospects,Hunter Renfroe [Red Refractor] #BCP-239,,,,,,,,,,,,,,,,,,,0,,,,,2016-07-09
1344055,Baseball Cards 2016 Bowman Chrome Prospects,Hunter Renfroe [Refractor] #BCP-239,$0.25,,,,,$13.59,$18.00,$8.00,$8.00,,,,$0.99,,,,,,1,,,,,2016-07-09
10456026,Baseball Cards 2016 Bowman Chrome Prospects,Hunter Renfroe [Superfractor] #BCP-239,,,,,,,,,,,,,,,,,,,0,,,,,2016-09-07
1354233,Baseball Cards 2016 Bowman Chrome Prospects,Ian Happ #BCP-64,$1.26,,,$4.14,$5.00,,,,,,,,$1.39,,,,,,4,,,,,2016-07-09
1354383,Baseball Cards 2016 Bowman Chrome Prospects,Ian Happ [Blue Refractor] #BCP-64,$3.00,,,$5.50,$6.00,,,,,,,,$3.29,,,,,,2,,,,,2016-07-09
1354533,Baseball Cards 2016 Bowman Chrome Prospects,Ian Happ [Gold Refractor] #BCP-64,$9.99,,,,,,,,,,,$2.80,$10.99,,,,,,1,,,,,2016-07-09
1354683,Baseball Cards 2016 Bowman Chrome Prospects,Ian Happ [Green Refractor] #BCP-64,$8.87,,,,,,,,,,,$2.00,$9.79,,,,,,1,,,,,2016-07-09
1354833,Baseball Cards 2016 Bowman Chrome Prospects,Ian Happ [Green Shimmer Refractor] #BCP-64,$0.99,,,,,,,,,,,,$1.09,,,,,,1,,,,,2016-07-09
1354983,Baseball Cards 2016 Bowman Chrome Prospects,Ian Happ [Light Blue Refractor] #BCP-64,,,,,,,,,,,,,,,,,,,0,,,,,2016-07-09
1355133,Baseball Cards 2016 Bowman Chrome Prospects,Ian Happ [Orange Refractor] #BCP-64,$14.99,,,,,,,,,,,$4.00,$15.99,,,,,,1,,,,,2016-07-09
1355282,Baseball Cards 2016 Bowman Chrome Prospects,Ian Happ [Orange Shimmer Refractor] #BCP-64,,,,,,,,,,,,,,,,,,,0,,,,,2016-07-09
10455672,Baseball Cards 2016 Bowman Chrome Prospects,Ian Happ [Printing Plate] #BCP-64,,,,,,,,,,,,,,,,,,,0,,,,,2016-09-07
1355429,Baseball Cards 2016 Bowman Chrome Prospects,Ian Happ [Purple Refractor] #BCP-64,$2.69,,,,,,,,,,,,$2.99,,,,,,1,,,,,2016-07-09
1355577,Baseball Cards 2016 Bowman Chrome Prospects,Ian Happ [Red Refractor] #BCP-64,,,,,,,,,,,,,,,,,,,0,,,,,2016-07-09
1355726,Baseball Cards 2016 Bowman Chrome Prospects,Ian Happ [Refractor] #BCP-64,$1.00,,,,,,,,,,,,$1.09,,,,,,1,,,,,2016-07-09
10455849,Baseball Cards 2016 Bowman Chrome Prospects,Ian Happ [Superfractor] #BCP-64,,,,,,,,,,,,,,,,,,,0,,,,,2016-09-07
1354223,Baseball Cards 2016 Bowman Chrome Prospects,Ian Kahaloa #BCP-54,$1.34,,,,,,,,,,,,$1.49,,,,,,2,,,,,2016-07-09
1354373,Baseball Cards 2016 Bowman Chrome Prospects,Ian Kahaloa [Blue Refractor] #BCP-54,$2.25,,,,,,,,,,,,$2.49,,,,,,1,,,,,2016-07-09
1354523,Baseball Cards 2016 Bowman Chrome Prospects,Ian Kahaloa [Gold Refractor] #BCP-54,$2.00,,,,,,,,,,,,$2.19,,,,,,1,,,,,2016-07-09
1354673,Baseball Cards 2016 Bowman Chrome Prospects,Ian Kahaloa [Green Refractor] #BCP-54,,,,,,,,,,,,,,,,,,,0,,,,,2016-07-09
1354823,Baseball Cards 2016 Bowman Chrome Prospects,Ian Kahaloa [Green Shimmer Refractor] #BCP-54,$3.00,,,,,,,,,,,,$3.29,,,,,,1,,,,,2016-07-09
1354973,Baseball Cards 2016 Bowman Chrome Prospects,Ian Kahaloa [Light Blue Refractor] #BCP-54,,,,,,,,,,,,,,,,,,,0,,,,,2016-07-09
1355123,Baseball Cards 2016 Bowman Chrome Prospects,Ian Kahaloa [Orange Refractor] #BCP-54,$4.12,,,,,,,,,,,$0.90,$4.49,,,,,,1,,,,,2016-07-09
1355272,Baseball Cards 2016 Bowman Chrome Prospects,Ian Kahaloa [Orange Shimmer Refractor] #BCP-54,,,,,,,,,,,,,,,,,,,0,,,,,2016-07-09
10455629,Baseball Cards 2016 Bowman Chrome Prospects,Ian Kahaloa [Printing Plate] #BCP-54,,,,,,,,,,,,,,,,,,,0,,,,,2016-09-07
1355420,Baseball Cards 2016 Bowman Chrome Prospects,Ian Kahaloa [Purple Refractor] #BCP-54,$1.94,,,,,,,,,,,,$2.09,,,,,,1,,,,,2016-07-09
1355567,Baseball Cards 2016 Bowman Chrome Prospects,Ian Kahaloa [Red Refractor] #BCP-54,,,,,,,,,,,,,,,,,,,0,,,,,2016-07-09
1355716,Baseball Cards 2016 Bowman Chrome Prospects,Ian Kahaloa [Refractor] #BCP-54,$1.75,,,,,,,,,,,,$1.89,,,,,,1,,,,,2016-07-09
10455632,Baseball Cards 2016 Bowman Chrome Prospects,Ian Kahaloa [Superfractor] #BCP-54,,,,,,,,,,,,,,,,,,,0,,,,,2016-09-07
1354191,Baseball Cards 2016 Bowman Chrome Prospects,Iolana Akau #BCP-22,$0.25,,,,,,,,,,,,$0.99,,,,,,0,,,,,2016-07-09
1354341,Baseball Cards 2016 Bowman Chrome Prospects,Iolana Akau [Blue Refractor] #BCP-22,$2.00,,,,,,,,,,,,$2.19,,,,,,0,,,,,2016-07-09
1354491,Baseball Cards 2016 Bowman Chrome Prospects,Iolana Akau [Gold Refractor] #BCP-22,$9.99,,,,,,,,,,,$2.80,$10.99,,,,,,0,,,,,2016-07-09
1354641,Baseball Cards 2016 Bowman Chrome Prospects,Iolana Akau [Green Refractor] #BCP-22,$2.43,,,,,,,,,,,,$2.69,,,,,,0,,,,,2016-07-09
1354791,Baseball Cards 2016 Bowman Chrome Prospects,Iolana Akau [Green Shimmer Refractor] #BCP-22,$0.25,,,,,,,,,,,,$0.99,,,,,,0,,,,,2016-07-09
1354941,Baseball Cards 2016 Bowman Chrome Prospects,Iolana Akau [Light Blue Refractor] #BCP-22,,,,,,,,,,,,,,,,,,,0,,,,,2016-07-09
1355091,Baseball Cards 2016 Bowman Chrome Prospects,Iolana Akau [Orange Refractor] #BCP-22,$19.99,,,,,,,,,,,$6.60,$21.99,,,,,,0,,,,,2016-07-09
1355240,Baseball Cards 2016 Bowman Chrome Prospects,Iolana Akau [Orange Shimmer Refractor] #BCP-22,$0.99,,,,,,,,,,,,$1.09,,,,,,1,,,,,2016-07-09
10455596,Baseball Cards 2016 Bowman Chrome Prospects,Iolana Akau [Printing Plate] #BCP-22,,,,,,,,,,,,,,,,,,,0,,,,,2016-09-07
1355389,Baseball Cards 2016 Bowman Chrome Prospects,Iolana Akau [Purple Refractor] #BCP-22,$0.99,,,,,,,,,,,,$1.09,,,,,,1,,,,,2016-07-09
1355535,Baseball Cards 2016 Bowman Chrome Prospects,Iolana Akau [Red Refractor] #BCP-22,,,,,,,,,,,,,,,,,,,0,,,,,2016-07-09
1355684,Baseball Cards 2016 Bowman Chrome Prospects,Iolana Akau [Refractor] #BCP-22,$1.74,,,,,,,,,,,,$1.89,,,,,,1,,,,,2016-07-09
10455597,Baseball Cards 2016 Bowman Chrome Prospects,Iolana Akau [Superfractor] #BCP-22,,,,,,,,,,,,,,,,,,,0,,,,,2016-09-07
1343034,Baseball Cards 2016 Bowman Chrome Prospects,Isaiah White #BCP-203,$0.25,,,,,,,,,,,,$0.99,,,,,,0,,,,,2016-07-09
1343128,Baseball Cards 2016 Bowman Chrome Prospects,Isaiah White [Black Gold Refractor] #BCP-203,,,,,,,,,,,,,,,,,,,0,,,,,2016-07-09
1343228,Baseball Cards 2016 Bowman Chrome Prospects,Isaiah White [Blue Refractor] #BCP-203,$0.25,,,,,,,,,,,,$0.99,,,,,,0,,,,,2016-07-09
1343328,Baseball Cards 2016 Bowman Chrome Prospects,Isaiah White [Blue Shimmer] #BCP-203,$0.25,,,,,,,,,,,,$0.99,,,,,,0,,,,,2016-07-09
1343428,Baseball Cards 2016 Bowman Chrome Prospects,Isaiah White [Gold Refractor] #BCP-203,$7.14,,,,,,,,,,,$1.60,$7.89,,,,,,0,,,,,2016-07-09
1343524,Baseball Cards 2016 Bowman Chrome Prospects,Isaiah White [Green Refractor] #BCP-203,$0.25,,,,,,,,,,,,$0.99,,,,,,0,,,,,2016-07-09
1343622,Baseball Cards 2016 Bowman Chrome Prospects,Isaiah White [Orange Refractor] #BCP-203,,,,,,,,,,,,,,,,,,,0,,,,,2016-07-09
1343721,Baseball Cards 2016 Bowman Chrome Prospects,Isaiah White [Orange Shimmer] #BCP-203,$0.25,,,,,,,,,,,,$0.99,,,,,,0,,,,,2016-07-09
10456049,Baseball Cards 2016 Bowman Chrome Prospects,Isaiah White [Printing Plate] #BCP-203,$24.95,,,,,,,,,,,$8.10,$26.99,,,,,,1,,,,,2016-09-07
1343821,Baseball Cards 2016 Bowman Chrome Prospects,Isaiah White [Purple Refractor] #BCP-203,$0.25,,,,,,,,,,,,$0.99,,,,,,0,,,,,2016-07-09
1343920,Baseball Cards 2016 Bowman Chrome Prospects,Isaiah White [Red Refractor] #BCP-203,,,,,,,,,,,,,,,,,,,0,,,,,2016-07-09
1344019,Baseball Cards 2016 Bowman Chrome Prospects,Isaiah White [Refractor] #BCP-203,$0.25,,,,,,,,,,,,$0.99,,,,,,0,,,,,2016-07-09
10455899,Baseball Cards 2016 Bowman Chrome Prospects,Isaiah White [Superfractor] #BCP-203,,,,,,,,,,,,,,,,,,,0,,,,,2016-09-07
1343063,Baseball Cards 2016 Bowman Chrome Prospects,Isan Diaz #BCP-232,$0.25,,,,,,,,,,,,$0.99,,,,,,0,,,,,2016-07-09
1343157,Baseball Cards 2016 Bowman Chrome Prospects,Isan Diaz [Black Gold Refractor] #BCP-232,,,,,,,,,,,,,,,,,,,0,,,,,2016-07-09
1343257,Baseball Cards 2016 Bowman Chrome Prospects,Isan Diaz [Blue Refractor] #BCP-232,$2.50,,,,,,,,,,,,$2.79,,,,,,0,,,,,2016-07-09
1343357,Baseball Cards 2016 Bowman Chrome Prospects,Isan Diaz [Blue Shimmer] #BCP-232,$0.25,,,,,,,,,,,,$0.99,,,,,,0,,,,,2016-07-09
1343456,Baseball Cards 2016 Bowman Chrome Prospects,Isan Diaz [Gold Refractor] #BCP-232,$4.30,,,,,,,,,,,$0.90,$4.69,,,,,,1,,,,,2016-07-09
1343553,Baseball Cards 2016 Bowman Chrome Prospects,Isan Diaz [Green Refractor] #BCP-232,$0.25,,,,,,,,,,,,$0.99,,,,,,0,,,,,2016-07-09
1343651,Baseball Cards 2016 Bowman Chrome Prospects,Isan Diaz [Orange Refractor] #BCP-232,$9.45,,,,,,,,,,,$2.00,$9.99,,,,,,0,,,,,2016-07-09
1343750,Baseball Cards 2016 Bowman Chrome Prospects,Isan Diaz [Orange Shimmer] #BCP-232,$2.15,,,,,,,,,,,,$2.39,,,,,,0,,,,,2016-07-09
10456002,Baseball Cards 2016 Bowman Chrome Prospects,Isan Diaz [Printing Plate] #BCP-232,,,,,,,,,,,,,,,,,,,0,,,,,2016-09-07
1343850,Baseball Cards 2016 Bowman Chrome Prospects,Isan Diaz [Purple Refractor] #BCP-232,$0.25,,,,,,,,,,,,$0.99,,,,,,0,,,,,2016-07-09
1343948,Baseball Cards 2016 Bowman Chrome Prospects,Isan Diaz [Red Refractor] #BCP-232,,,,,,,,,,,,,,,,,,,0,,,,,2016-07-09
1344048,Baseball Cards 2016 Bowman Chrome Prospects,Isan Diaz [Refractor] #BCP-232,$0.25,,,,,,,,,,,,$0.99,,,,,,0,,,,,2016-07-09
10456005,Baseball Cards 2016 Bowman Chrome Prospects,Isan Diaz [Superfractor] #BCP-232,,,,,,,,,,,,,,,,,,,0,,,,,2016-09-07
1354292,Baseball Cards 2016 Bowman Chrome Prospects,JaCoby Jones #BCP-123,$0.74,,,,,,,,,,,,$0.99,,,,,,1,,,,,2016-07-09
1354442,Baseball Cards 2016 Bowman Chrome Prospects,JaCoby Jones [Blue Refractor] #BCP-123,$1.00,,,,,,,,,,,,$1.09,,,,,,1,,,,,2016-07-09
1354592,Baseball Cards 2016 Bowman Chrome Prospects,JaCoby Jones [Gold Refractor] #BCP-123,$20.50,,,,,,,,,,,$6.90,$22.99,,,,,,1,,,,,2016-07-09
1354742,Baseball Cards 2016 Bowman Chrome Prospects,JaCoby Jones [Green Refractor] #BCP-123,$11.74,,,,,,,,,,,$3.30,$12.99,,,,,,1,,,,,2016-07-09
1354892,Baseball Cards 2016 Bowman Chrome Prospects,JaCoby Jones [Green Shimmer Refractor] #BCP-123,$4.50,,,,,,,,,,,$1.00,$4.99,,,,,,0,,,,,2016-07-09
1355042,Baseball Cards 2016 Bowman Chrome Prospects,JaCoby Jones [Light Blue Refractor] #BCP-123,,,,,,,,,,,,,,,,,,,0,,,,,2016-07-09
1355192,Baseball Cards 2016 Bowman Chrome Prospects,JaCoby Jones [Orange Refractor] #BCP-123,$0.99,,,,,,,,,,,,$1.09,,,,,,1,,,,,2016-07-09
1355341,Baseball Cards 2016 Bowman Chrome Prospects,JaCoby Jones [Orange Shimmer Refractor] #BCP-123,$8.51,,,,,,,,,,,$1.90,$9.39,,,,,,0,,,,,2016-07-09
10455791,Baseball Cards 2016 Bowman Chrome Prospects,JaCoby Jones [Printing Plate] #BCP-123,,,,,,,,,,,,,,,,,,,0,,,,,2016-09-07
1355486,Baseball Cards 2016 Bowman Chrome Prospects,JaCoby Jones [Purple Refractor] #BCP-123,$0.25,,,,,,,,,,,,$0.99,,,,,,0,,,,,2016-07-09
1355636,Baseball Cards 2016 Bowman Chrome Prospects,JaCoby Jones [Red Refractor] #BCP-123,,,,,,,,,,,,,,,,,,,0,,,,,2016-07-09
1355785,Baseball Cards 2016 Bowman Chrome Prospects,JaCoby Jones [Refractor] #BCP-123,$2.00,,,,,,,,,,,,$2.19,,,,,,1,,,,,2016-07-09
10455792,Baseball Cards 2016 Bowman Chrome Prospects,JaCoby Jones [Superfractor] #BCP-123,,,,,,,,,,,,,,,,,,,0,,,,,2016-09-07
1354258,Baseball Cards 2016 Bowman Chrome Prospects,Jack Flaherty #BCP-89,$1.27,,,,,,,,,,,,$1.39,,,,,,2,,,,,2016-07-09
1354408,Baseball Cards 2016 Bowman Chrome Prospects,Jack Flaherty [Blue Refractor] #BCP-89,$0.99,,,,,,,,,,,,$1.09,,,,,,1,,,,,2016-07-09
1354558,Baseball Cards 2016 Bowman Chrome Prospects,Jack Flaherty [Gold Refractor] #BCP-89,$3.22,,,,,,,,,,,,$3.49,,,,,,1,,,,,2016-07-09
1354708,Baseball Cards 2016 Bowman Chrome Prospects,Jack Flaherty [Green Refractor] #BCP-89,$1.49,,,,,,,,,,,,$1.59,,,,,,1,,,,,2016-07-09
1354858,Baseball Cards 2016 Bowman Chrome Prospects,Jack Flaherty [Green Shimmer Refractor] #BCP-89,$4.90,,,,,,,,,,,$1.10,$5.39,,,,,,0,,,,,2016-07-09
1355008,Baseball Cards 2016 Bowman Chrome Prospects,Jack Flaherty [Light Blue Refractor] #BCP-89,,,,,,,,,,,,,,,,,,,0,,,,,2016-07-09
1355158,Baseball Cards 2016 Bowman Chrome Prospects,Jack Flaherty [Orange Refractor] #BCP-89,,,,,,,,,,,,,,,,,,,0,,,,,2016-07-09
1355307,Baseball Cards 2016 Bowman Chrome Prospects,Jack Flaherty [Orange Shimmer Refractor] #BCP-89,$31.59,,,,,,,,,,,$10.50,$34.99,,,,,,0,,,,,2016-07-09
10455723,Baseball Cards 2016 Bowman Chrome Prospects,Jack Flaherty [Printing Plate] #BCP-89,,,,,,,,,,,,,,,,,,,0,,,,,2016-09-07
1355454,Baseball Cards 2016 Bowman Chrome Prospects,Jack Flaherty [Purple Refractor] #BCP-89,$1.98,,,,,,,,,,,,$2.19,,,,,,1,,,,,2016-07-09
1355602,Baseball Cards 2016 Bowman Chrome Prospects,Jack Flaherty [Red Refractor] #BCP-89,,,,,,,,,,,,,,,,,,,0,,,,,2016-07-09
1355751,Baseball Cards 2016 Bowman Chrome Prospects,Jack Flaherty [Refractor] #BCP-89,$1.90,,,,,,,,,,,,$2.09,,,,,,1,,,,,2016-07-09
10455725,Baseball Cards 2016 Bowman Chrome Prospects,Jack Flaherty [Superfractor] #BCP-89,,,,,,,,,,,,,,,,,,,0,,,,,2016-09-07
1344767,Baseball Cards 2016 Bowman Chrome Prospects,Jacob Faria #BCP-186,$0.66,,,,,,,,,,,,$0.99,,,,,,3,,,,,2016-07-09
1343111,Baseball Cards 2016 Bowman Chrome Prospects,Jacob Faria [Black Gold Refractor] #BCP-186,,,,,,,,,,,,,,,,,,,0,,,,,2016-07-09
1343211,Baseball Cards 2016 Bowman Chrome Prospects,Jacob Faria [Blue Refractor] #BCP-186,$0.25,,,,,,,,,,,,$0.99,,,,,,0,,,,,2016-07-09
1343311,Baseball Cards 2016 Bowman Chrome Prospects,Jacob Faria [Blue Shimmer] #BCP-186,$5.55,,,,,,,,,,,$1.20,$6.09,,,,,,1,,,,,2016-07-09
1343411,Baseball Cards 2016 Bowman Chrome Prospects,Jacob Faria [Gold Refractor] #BCP-186,$8.86,,,,,,,,,,,$2.00,$9.79,,,,,,0,,,,,2016-07-09
1343508,Baseball Cards 2016 Bowman Chrome Prospects,Jacob Faria [Green Refractor] #BCP-186,$0.25,,,,,,,,,,,,$0.99,,,,,,0,,,,,2016-07-09
1343605,Baseball Cards 2016 Bowman Chrome Prospects,Jacob Faria [Orange Refractor] #BCP-186,,,,,,,,,,,,,,,,,,,0,,,,,2016-07-09
1343704,Baseball Cards 2016 Bowman Chrome Prospects,Jacob Faria [Orange Shimmer] #BCP-186,$0.25,,,,,,,,,,,,$0.99,,,,,,0,,,,,2016-07-09
10456050,Baseball Cards 2016 Bowman Chrome Prospects,Jacob Faria [Printing Plate] #BCP-186,,,,,,,,,,,,,,,,,,,0,,,,,2016-09-07
1343804,Baseball Cards 2016 Bowman Chrome Prospects,Jacob Faria [Purple Refractor] #BCP-186,$0.25,,,,,,,,,,,,$0.99,,,,,,0,,,,,2016-07-09
1343903,Baseball Cards 2016 Bowman Chrome Prospects,Jacob Faria [Red Refractor] #BCP-186,,,,,,,,,,,,,,,,,,,0,,,,,2016-07-09
1344002,Baseball Cards 2016 Bowman Chrome Prospects,Jacob Faria [Refractor] #BCP-186,$0.25,,,,,,,,,,,,$0.99,,,,,,0,,,,,2016-07-09
10455961,Baseball Cards 2016 Bowman Chrome Prospects,Jacob Faria [Superfractor] #BCP-186,,,,,,,,,,,,,,,,,,,0,,,,,2016-09-07
1343075,Baseball Cards 2016 Bowman Chrome Prospects,Jacob Nottingham #BCP-244,$0.99,,,,,,,,,,,,$1.09,,,,,,1,,,,,2016-07-09
1343169,Baseball Cards 2016 Bowman Chrome Prospects,Jacob Nottingham [Black Gold Refractor] #BCP-244,,,,,,,,,,,,,,,,,,,0,,,,,2016-07-09
1343269,Baseball Cards 2016 Bowman Chrome Prospects,Jacob Nottingham [Blue Refractor] #BCP-244,$0.25,,,,,,,,,,,,$0.99,,,,,,0,,,,,2016-07-09
1343369,Baseball Cards 2016 Bowman Chrome Prospects,Jacob Nottingham [Blue Shimmer] #BCP-244,$0.25,,,,,,,,,,,,$0.99,,,,,,0,,,,,2016-07-09
1343467,Baseball Cards 2016 Bowman Chrome Prospects,Jacob Nottingham [Gold Refractor] #BCP-244,$7.99,,,,,,,,,,,$1.80,$8.79,,,,,,1,,,,,2016-07-09
1343564,Baseball Cards 2016 Bowman Chrome Prospects,Jacob Nottingham [Green Refractor] #BCP-244,$1.89,,,,,,,,,,,,$2.09,,,,,,1,,,,,2016-07-09
1343662,Baseball Cards 2016 Bowman Chrome Prospects,Jacob Nottingham [Orange Refractor] #BCP-244,$4.99,,,,,,,,,,,$1.10,$5.49,,,,,,1,,,,,2016-07-09
1343762,Baseball Cards 2016 Bowman Chrome Prospects,Jacob Nottingham [Orange Shimmer] #BCP-244,$2.65,,,,,,,,,,,,$2.89,,,,,,2,,,,,2016-07-09
10456054,Baseball Cards 2016 Bowman Chrome Prospects,Jacob Nottingham [Printing Plate] #BCP-244,,,,,,,,,,,,,,,,,,,0,,,,,2016-09-07
1343862,Baseball Cards 2016 Bowman Chrome Prospects,Jacob Nottingham [Purple Refractor] #BCP-244,$0.25,,,,,,,,,,,,$0.99,,,,,,0,,,,,2016-07-09
1343960,Baseball Cards 2016 Bowman Chrome Prospects,Jacob Nottingham [Red Refractor] #BCP-244,,,,,,,,,,,,,,,,,,,0,,,,,2016-07-09
1344060,Baseball Cards 2016 Bowman Chrome Prospects,Jacob Nottingham [Refractor] #BCP-244,$2.00,,,,,,,,,,,,$2.19,,,,,,1,,,,,2016-07-09
10456035,Baseball Cards 2016 Bowman Chrome Prospects,Jacob Nottingham [Superfractor] #BCP-244,,,,,,,,,,,,,,,,,,,0,,,,,2016-09-07
1343010,Baseball Cards 2016 Bowman Chrome Prospects,Jahmai Jones #BCP-178,$1.30,,,,$15.00,$14.99,$19.00,$9.00,$9.00,,,,$1.39,,,,,,7,,,,,2016-07-09
1343103,Baseball Cards 2016 Bowman Chrome Prospects,Jahmai Jones [Black Gold Refractor] #BCP-178,,,,,,,,,,,,,,,,,,,0,,,,,2016-07-09
1343203,Baseball Cards 2016 Bowman Chrome Prospects,Jahmai Jones [Blue Refractor] #BCP-178,$3.41,,,,,,,,,,,$0.80,$3.79,,,,,,0,,,,,2016-07-09
1343303,Baseball Cards 2016 Bowman Chrome Prospects,Jahmai Jones [Blue Shimmer] #BCP-178,$2.25,,,,,,,,,,,,$2.49,,,,,,2,,,,,2016-07-09
1343403,Baseball Cards 2016 Bowman Chrome Prospects,Jahmai Jones [Gold Refractor] #BCP-178,$35.04,,,,,,,,,,,$15.60,$38.99,,,,,,0,,,,,2016-07-09
1343501,Baseball Cards 2016 Bowman Chrome Prospects,Jahmai Jones [Green Refractor] #BCP-178,$5.95,,,,,,,,,,,$1.30,$6.59,,,,,,0,,,,,2016-07-09
1343597,Baseball Cards 2016 Bowman Chrome Prospects,Jahmai Jones [Orange Refractor] #BCP-178,$29.00,,,$4.80,$5.00,,$35.00,,,,,$9.60,$31.99,,,,,,1,,,,,2016-07-09
1343696,Baseball Cards 2016 Bowman Chrome Prospects,Jahmai Jones [Orange Shimmer] #BCP-178,$3.28,,,,,,,,,,,,$3.59,,,,,,1,,,,,2016-07-09
10455928,Baseball Cards 2016 Bowman Chrome Prospects,Jahmai Jones [Printing Plate] #BCP-178,,,,,,,,,,,,,,,,,,,0,,,,,2016-09-07
1343796,Baseball Cards 2016 Bowman Chrome Prospects,Jahmai Jones [Purple Refractor] #BCP-178,$2.99,,,,,,,,,,,,$3.29,,,,,,0,,,,,2016-07-09
1343895,Baseball Cards 2016 Bowman Chrome Prospects,Jahmai Jones [Red Refractor] #BCP-178,,,,,,,,,,,,,,,,,,,0,,,,,2016-07-09
1343994,Baseball Cards 2016 Bowman Chrome Prospects,Jahmai Jones [Refractor] #BCP-178,$2.24,,,,,,,,,,,,$2.49,,,,,,2,,,,,2016-07-09
10455929,Baseball Cards 2016 Bowman Chrome Prospects,Jahmai Jones [Superfractor] #BCP-178,,,,,,,,,,,,,,,,,,,0,,,,,2016-09-07
1343024,Baseball Cards 2016 Bowman Chrome Prospects,Jaime Schultz #BCP-193,$1.67,,,,,,,,,,,,$1.79,,,,,,2,,,,,2016-07-09
1343118,Baseball Cards 2016 Bowman Chrome Prospects,Jaime Schultz [Black Gold Refractor] #BCP-193,$2.75,,,,,,,,,,,,$2.99,,,,,,1,,,,,2016-07-09
1343218,Baseball Cards 2016 Bowman Chrome Prospects,Jaime Schultz [Blue Refractor] #BCP-193,$2.49,,,,,,,,,,,,$2.69,,,,,,1,,,,,2016-07-09
1343318,Baseball Cards 2016 Bowman Chrome Prospects,Jaime Schultz [Blue Shimmer] #BCP-193,$0.25,,,,,,,,,,,,$0.99,,,,,,0,,,,,2016-07-09
1343418,Baseball Cards 2016 Bowman Chrome Prospects,Jaime Schultz [Gold Refractor] #BCP-193,$2.55,,,,,,,,,,,,$2.79,,,,,,0,,,,,2016-07-09
1343514,Baseball Cards 2016 Bowman Chrome Prospects,Jaime Schultz [Green Refractor] #BCP-193,$0.25,,,,,,,,,,,,$0.99,,,,,,0,,,,,2016-07-09
1343612,Baseball Cards 2016 Bowman Chrome Prospects,Jaime Schultz [Orange Refractor] #BCP-193,,,,,,,,,,,,,,,,,,,0,,,,,2016-07-09
1343711,Baseball Cards 2016 Bowman Chrome Prospects,Jaime Schultz [Orange Shimmer] #BCP-193,$4.08,,,,,,,,,,,$0.90,$4.49,,,,,,1,,,,,2016-07-09
10455993,Baseball Cards 2016 Bowman Chrome Prospects,Jaime Schultz [Printing Plate] #BCP-193,,,,,,,,,,,,,,,,,,,0,,,,,2016-09-07
1343811,Baseball Cards 2016 Bowman Chrome Prospects,Jaime Schultz [Purple Refractor] #BCP-193,$0.25,,,,,,,,,,,,$0.99,,,,,,0,,,,,2016-07-09
1343910,Baseball Cards 2016 Bowman Chrome Prospects,Jaime Schultz [Red Refractor] #BCP-193,,,,,,,,,,,,,,,,,,,0,,,,,2016-07-09
1344009,Baseball Cards 2016 Bowman Chrome Prospects,Jaime Schultz [Refractor] #BCP-193,$1.75,,,,,,,,,,,,$1.89,,,,,,1,,,,,2016-07-09
10455995,Baseball Cards 2016 Bowman Chrome Prospects,Jaime Schultz [Superfractor] #BCP-193,,,,,,,,,,,,,,,,,,,0,,,,,2016-09-07
1343058,Baseball Cards 2016 Bowman Chrome Prospects,Jairo Beras #BCP-227,$0.25,,,,,,,,,,,,$0.99,,,,,,0,,,,,2016-07-09
1343152,Baseball Cards 2016 Bowman Chrome Prospects,Jairo Beras [Black Gold Refractor] #BCP-227,,,,,,,,,,,,,,,,,,,0,,,,,2016-07-09
1343252,Baseball Cards 2016 Bowman Chrome Prospects,Jairo Beras [Blue Refractor] #BCP-227,$0.25,,,,,,,,,,,,$0.99,,,,,,0,,,,,2016-07-09
1343352,Baseball Cards 2016 Bowman Chrome Prospects,Jairo Beras [Blue Shimmer] #BCP-227,$2.25,,,,,,,,,,,,$2.49,,,,,,0,,,,,2016-07-09
1343451,Baseball Cards 2016 Bowman Chrome Prospects,Jairo Beras [Gold Refractor] #BCP-227,$3.00,,,,,,,,,,,,$3.29,,,,,,0,,,,,2016-07-09
1343548,Baseball Cards 2016 Bowman Chrome Prospects,Jairo Beras [Green Refractor] #BCP-227,$0.25,,,,,,,,,,,,$0.99,,,,,,0,,,,,2016-07-09
1343645,Baseball Cards 2016 Bowman Chrome Prospects,Jairo Beras [Orange Refractor] #BCP-227,$2.49,,,,,,,,,,,,$2.69,,,,,,0,,,,,2016-07-09
1343745,Baseball Cards 2016 Bowman Chrome Prospects,Jairo Beras [Orange Shimmer] #BCP-227,$0.25,,,,,,,,,,,,$0.99,,,,,,0,,,,,2016-07-09
10455983,Baseball Cards 2016 Bowman Chrome Prospects,Jairo Beras [Printing Plate] #BCP-227,,,,,,,,,,,,,,,,,,,0,,,,,2016-09-07
1343845,Baseball Cards 2016 Bowman Chrome Prospects,Jairo Beras [Purple Refractor] #BCP-227,$0.25,,,,,,,,,,,,$0.99,,,,,,0,,,,,2016-07-09
1343943,Baseball Cards 2016 Bowman Chrome Prospects,Jairo Beras [Red Refractor] #BCP-227,$23.25,,,,,,,,,,,$7.80,$25.99,,,,,,0,,,,,2016-07-09
1344043,Baseball Cards 2016 Bowman Chrome Prospects,Jairo Beras [Refractor] #BCP-227,$0.25,,,,,,,,,,,,$0.99,,,,,,0,,,,,2016-07-09
10455985,Baseball Cards 2016 Bowman Chrome Prospects,Jairo Beras [Superfractor] #BCP-227,,,,,,,,,,,,,,,,,,,0,,,,,2016-09-07
1354300,Baseball Cards 2016 Bowman Chrome Prospects,Jake Bauers #BCP-131,$0.90,,,,,,,,,,,,$0.99,,,,,,1,,,,,2016-07-09
1354450,Baseball Cards 2016 Bowman Chrome Prospects,Jake Bauers [Blue Refractor] #BCP-131,$2.38,,,,,,,,,,,,$2.59,,,,,,0,,,,,2016-07-09
1354600,Baseball Cards 2016 Bowman Chrome Prospects,Jake Bauers [Gold Refractor] #BCP-131,$3.42,,,,,,,,,,,$0.80,$3.79,,,,,,0,,,,,2016-07-09
1354750,Baseball Cards 2016 Bowman Chrome Prospects,Jake Bauers [Green Refractor] #BCP-131,$0.90,,,,,,,,,,,,$0.99,,,,,,1,,,,,2016-07-09
1354900,Baseball Cards 2016 Bowman Chrome Prospects,Jake Bauers [Green Shimmer Refractor] #BCP-131,$4.54,,,,,,,,,,,$1.00,$4.99,,,,,,1,,,,,2016-07-09
1355050,Baseball Cards 2016 Bowman Chrome Prospects,Jake Bauers [Light Blue Refractor] #BCP-131,,,,,,,,,,,,,,,,,,,0,,,,,2016-07-09
1355200,Baseball Cards 2016 Bowman Chrome Prospects,Jake Bauers [Orange Refractor] #BCP-131,$4.99,,,,,,,,,,,$1.10,$5.49,,,,,,1,,,,,2016-07-09
1355349,Baseball Cards 2016 Bowman Chrome Prospects,Jake Bauers [Orange Shimmer Refractor] #BCP-131,,,,,,,,,,,,,,,,,,,0,,,,,2016-07-09
10455807,Baseball Cards 2016 Bowman Chrome Prospects,Jake Bauers [Printing Plate] #BCP-131,,,,,,,,,,,,,,,,,,,0,,,,,2016-09-07
1355494,Baseball Cards 2016 Bowman Chrome Prospects,Jake Bauers [Purple Refractor] #BCP-131,$1.74,,,,,,,,,,,,$1.89,,,,,,1,,,,,2016-07-09
1355644,Baseball Cards 2016 Bowman Chrome Prospects,Jake Bauers [Red Refractor] #BCP-131,,,,,,,,,,,,,,,,,,,0,,,,,2016-07-09
1355793,Baseball Cards 2016 Bowman Chrome Prospects,Jake Bauers [Refractor] #BCP-131,$0.99,,,,,,,,,,,,$1.09,,,,,,1,,,,,2016-07-09
10455808,Baseball Cards 2016 Bowman Chrome Prospects,Jake Bauers [Superfractor] #BCP-131,,,,,,,,,,,,,,,,,,,0,,,,,2016-09-07
1354276,Baseball Cards 2016 Bowman Chrome Prospects,Jake Thompson #BCP-107,$1.74,,,,,,,,,,,,$1.89,,,,,,1,,,,,2016-07-09
1354426,Baseball Cards 2016 Bowman Chrome Prospects,Jake Thompson [Blue Refractor] #BCP-107,$0.35,,,,,,,,,,,,$0.99,,,,,,1,,,,,2016-07-09
1354576,Baseball Cards 2016 Bowman Chrome Prospects,Jake Thompson [Gold Refractor] #BCP-107,$4.83,,,,,,,,,,,$1.10,$5.29,,,,,,0,,,,,2016-07-09
1354726,Baseball Cards 2016 Bowman Chrome Prospects,Jake Thompson [Green Refractor] #BCP-107,$2.99,,,,,,,,,,,,$3.29,,,,,,0,,,,,2016-07-09
1354876,Baseball Cards 2016 Bowman Chrome Prospects,Jake Thompson [Green Shimmer Refractor] #BCP-107,$0.25,,,,,,,,,,,,$0.99,,,,,,0,,,,,2016-07-09
1355026,Baseball Cards 2016 Bowman Chrome Prospects,Jake Thompson [Light Blue Refractor] #BCP-107,,,,,,,,,,,,,,,,,,,0,,,,,2016-07-09
1355176,Baseball Cards 2016 Bowman Chrome Prospects,Jake Thompson [Orange Refractor] #BCP-107,,,,,,,,,,,,,,,,,,,0,,,,,2016-07-09
1355325,Baseball Cards 2016 Bowman Chrome Prospects,Jake Thompson [Orange Shimmer Refractor] #BCP-107,$12.00,,,,,,,,,,,$3.30,$12.99,,,,,,0,,,,,2016-07-09
10455759,Baseball Cards 2016 Bowman Chrome Prospects,Jake Thompson [Printing Plate] #BCP-107,,,,,,,,,,,,,,,,,,,0,,,,,2016-09-07
1355470,Baseball Cards 2016 Bowman Chrome Prospects,Jake Thompson [Purple Refractor] #BCP-107,$0.25,,,,,,,,,,,,$0.99,,,,,,0,,,,,2016-07-09
1355620,Baseball Cards 2016 Bowman Chrome Prospects,Jake Thompson [Red Refractor] #BCP-107,,,,,,,,,,,,,,,,,,,0,,,,,2016-07-09
1355769,Baseball Cards 2016 Bowman Chrome Prospects,Jake Thompson [Refractor] #BCP-107,$1.79,,,,,,,,,,,,$1.99,,,,,,1,,,,,2016-07-09
10455760,Baseball Cards 2016 Bowman Chrome Prospects,Jake Thompson [Superfractor] #BCP-107,,,,,,,,,,,,,,,,,,,0,,,,,2016-09-07
1343037,Baseball Cards 2016 Bowman Chrome Prospects,Jalen Miller #BCP-206,$1.00,,,,,,,,,,,,$1.09,,,,,,4,,,,,2016-07-09
1343131,Baseball Cards 2016 Bowman Chrome Prospects,Jalen Miller [Black Gold Refractor] #BCP-206,,,,,,,,,,,,,,,,,,,0,,,,,2016-07-09
1343231,Baseball Cards 2016 Bowman Chrome Prospects,Jalen Miller [Blue Refractor] #BCP-206,$2.75,,,,,,,,,,,,$2.99,,,,,,3,,,,,2016-07-09
1343331,Baseball Cards 2016 Bowman Chrome Prospects,Jalen Miller [Blue Shimmer] #BCP-206,$3.98,,,,,,,,,,,$0.90,$4.39,,,,,,1,,,,,2016-07-09
1343431,Baseball Cards 2016 Bowman Chrome Prospects,Jalen Miller [Gold Refractor] #BCP-206,$2.84,,,,,,,,,,,,$3.09,,,,,,0,,,,,2016-07-09
1343527,Baseball Cards 2016 Bowman Chrome Prospects,Jalen Miller [Green Refractor] #BCP-206,$2.99,,,,,,,,,,,,$3.29,,,,,,1,,,,,2016-07-09
1343625,Baseball Cards 2016 Bowman Chrome Prospects,Jalen Miller [Orange Refractor] #BCP-206,$9.99,,,,,,,,,,,$2.80,$10.99,,,,,,1,,,,,2016-07-09
1343724,Baseball Cards 2016 Bowman Chrome Prospects,Jalen Miller [Orange Shimmer] #BCP-206,$3.99,,,,,,,,,,,$0.90,$4.39,,,,,,2,,,,,2016-07-09
10455906,Baseball Cards 2016 Bowman Chrome Prospects,Jalen Miller [Printing Plate] #BCP-206,,,,,,,,,,,,,,,,,,,0,,,,,2016-09-07
1343824,Baseball Cards 2016 Bowman Chrome Prospects,Jalen Miller [Purple Refractor] #BCP-206,$1.92,,,,,,,,,,,,$2.09,,,,,,2,,,,,2016-07-09
1343923,Baseball Cards 2016 Bowman Chrome Prospects,Jalen Miller [Red Refractor] #BCP-206,,,,,,,,,,,,,,,,,,,0,,,,,2016-07-09
1344022,Baseball Cards 2016 Bowman Chrome Prospects,Jalen Miller [Refractor] #BCP-206,$2.63,,,,,,,,,,,,$2.89,,,,,,2,,,,,2016-07-09
10455908,Baseball Cards 2016 Bowman Chrome Prospects,Jalen Miller [Superfractor] #BCP-206,,,,,,,,,,,,,,,,,,,0,,,,,2016-09-07
1354240,Baseball Cards 2016 Bowman Chrome Prospects,James Kaprielian #BCP-71,$0.99,,,,,,,,,,,,$1.09,,,,,,1,,,,,2016-07-09
1354390,Baseball Cards 2016 Bowman Chrome Prospects,James Kaprielian [Blue Refractor] #BCP-71,$0.25,,,,,,,,,,,,$0.99,,,,,,0,,,,,2016-07-09
1354540,Baseball Cards 2016 Bowman Chrome Prospects,James Kaprielian [Gold Refractor] #BCP-71,$3.82,,,,,,,,,,,$0.80,$4.19,,,,,,0,,,,,2016-07-09
1354690,Baseball Cards 2016 Bowman Chrome Prospects,James Kaprielian [Green Refractor] #BCP-71,$13.19,,,,,,,,,,,$3.80,$14.99,,,,,,0,,,,,2016-07-09
1354840,Baseball Cards 2016 Bowman Chrome Prospects,James Kaprielian [Green Shimmer Refractor] #BCP-71,$0.25,,,,,,,,,,,,$0.99,,,,,,0,,,,,2016-07-09
1354990,Baseball Cards 2016 Bowman Chrome Prospects,James Kaprielian [Light Blue Refractor] #BCP-71,,,,,,,,,,,,,,,,,,,0,,,,,2016-07-09
1355140,Baseball Cards 2016 Bowman Chrome Prospects,James Kaprielian [Orange Refractor] #BCP-71,,,,,,,,,,,,,,,,,,,0,,,,,2016-07-09
1355289,Baseball Cards 2016 Bowman Chrome Prospects,James Kaprielian [Orange Shimmer Refractor] #BCP-71,$2.84,,,,,,,,,,,,$3.09,,,,,,0,,,,,2016-07-09
10455690,Baseball Cards 2016 Bowman Chrome Prospects,James Kaprielian [Printing Plate] #BCP-71,,,,,,,,,,,,,,,,,,,0,,,,,2016-09-07
1355436,Baseball Cards 2016 Bowman Chrome Prospects,James Kaprielian [Purple Refractor] #BCP-71,$0.25,,,,,,,,,,,,$0.99,,,,,,0,,,,,2016-07-09
1355584,Baseball Cards 2016 Bowman Chrome Prospects,James Kaprielian [Red Refractor] #BCP-71,,,,,,,,,,,,,,,,,,,0,,,,,2016-07-09
1355733,Baseball Cards 2016 Bowman Chrome Prospects,James Kaprielian [Refractor] #BCP-71,$0.55,,,,,,,,,,,,$0.99,,,,,,1,,,,,2016-07-09
10455691,Baseball Cards 2016 Bowman Chrome Prospects,James Kaprielian [Superfractor] #BCP-71,,,,,,,,,,,,,,,,,,,0,,,,,2016-09-07
1354290,Baseball Cards 2016 Bowman Chrome Prospects,Jeff Hoffman #BCP-121,$0.55,,,,,,,,,,,,$0.99,,,,,,1,,,,,2016-07-09
1354440,Baseball Cards 2016 Bowman Chrome Prospects,Jeff Hoffman [Blue Refractor] #BCP-121,$2.21,,,,,,,,,,,,$2.39,,,,,,2,,,,,2016-07-09
1354590,Baseball Cards 2016 Bowman Chrome Prospects,Jeff Hoffman [Gold Refractor] #BCP-121,$2.25,,,,,,,,,,,,$2.49,,,,,,1,,,,,2016-07-09
1354740,Baseball Cards 2016 Bowman Chrome Prospects,Jeff Hoffman [Green Refractor] #BCP-121,,,,,,,,,,,,,,,,,,,0,,,,,2016-07-09
1354890,Baseball Cards 2016 Bowman Chrome Prospects,Jeff Hoffman [Green Shimmer Refractor] #BCP-121,$0.25,,,,,,,,,,,,$0.99,,,,,,0,,,,,2016-07-09
1355040,Baseball Cards 2016 Bowman Chrome Prospects,Jeff Hoffman [Light Blue Refractor] #BCP-121,,,,,,,,,,,,,,,,,,,0,,,,,2016-07-09
1355190,Baseball Cards 2016 Bowman Chrome Prospects,Jeff Hoffman [Orange Refractor] #BCP-121,$4.99,,,,,,,,,,,$1.10,$5.49,,,,,,1,,,,,2016-07-09
1355339,Baseball Cards 2016 Bowman Chrome Prospects,Jeff Hoffman [Orange Shimmer Refractor] #BCP-121,,,,,,,,,,,,,,,,,,,0,,,,,2016-07-09
10455787,Baseball Cards 2016 Bowman Chrome Prospects,Jeff Hoffman [Printing Plate] #BCP-121,,,,,,,,,,,,,,,,,,,0,,,,,2016-09-07
1355484,Baseball Cards 2016 Bowman Chrome Prospects,Jeff Hoffman [Purple Refractor] #BCP-121,$1.99,,,,,,,,,,,,$2.19,,,,,,3,,,,,2016-07-09
1355634,Baseball Cards 2016 Bowman Chrome Prospects,Jeff Hoffman [Red Refractor] #BCP-121,,,,,,,,,,,,,,,,,,,0,,,,,2016-07-09
1355783,Baseball Cards 2016 Bowman Chrome Prospects,Jeff Hoffman [Refractor] #BCP-121,$2.75,,,,,,,,,,,,$2.99,,,,,,1,,,,,2016-07-09
10455788,Baseball Cards 2016 Bowman Chrome Prospects,Jeff Hoffman [Superfractor] #BCP-121,,,,,,,,,,,,,,,,,,,0,,,,,2016-09-07
1354296,Baseball Cards 2016 Bowman Chrome Prospects,Jeimer Candelario #BCP-127,$1.25,,,,,,,,,,,,$1.39,,,,,,3,,,,,2016-07-09
1354446,Baseball Cards 2016 Bowman Chrome Prospects,Jeimer Candelario [Blue Refractor] #BCP-127,$2.50,,,,,,,,,,,,$2.79,,,,,,1,,,,,2016-07-09
1354596,Baseball Cards 2016 Bowman Chrome Prospects,Jeimer Candelario [Gold Refractor] #BCP-127,$0.99,,,,,,,,,,,,$1.09,,,,,,1,,,,,2016-07-09
1354746,Baseball Cards 2016 Bowman Chrome Prospects,Jeimer Candelario [Green Refractor] #BCP-127,$3.00,,,,,,,,,,,,$3.29,,,,,,1,,,,,2016-07-09
1354896,Baseball Cards 2016 Bowman Chrome Prospects,Jeimer Candelario [Green Shimmer Refractor] #BCP-127,$4.99,,,,,,,,,,,$1.10,$5.49,,,,,,0,,,,,2016-07-09
1355046,Baseball Cards 2016 Bowman Chrome Prospects,Jeimer Candelario [Light Blue Refractor] #BCP-127,,,,,,,,,,,,,,,,,,,0,,,,,2016-07-09
1355196,Baseball Cards 2016 Bowman Chrome Prospects,Jeimer Candelario [Orange Refractor] #BCP-127,,,,,,,,,,,,,,,,,,,0,,,,,2016-07-09
1355345,Baseball Cards 2016 Bowman Chrome Prospects,Jeimer Candelario [Orange Shimmer Refractor] #BCP-127,,,,,,,,,,,,,,,,,,,0,,,,,2016-07-09
10455799,Baseball Cards 2016 Bowman Chrome Prospects,Jeimer Candelario [Printing Plate] #BCP-127,,,,,,,,,,,,,,,,,,,0,,,,,2016-09-07
1355490,Baseball Cards 2016 Bowman Chrome Prospects,Jeimer Candelario [Purple Refractor] #BCP-127,$1.99,,,,,,,,,,,,$2.19,,,,,,1,,,,,2016-07-09
1355640,Baseball Cards 2016 Bowman Chrome Prospects,Jeimer Candelario [Red Refractor] #BCP-127,,,,,,,,,,,,,,,,,,,0,,,,,2016-07-09
1355789,Baseball Cards 2016 Bowman Chrome Prospects,Jeimer Candelario [Refractor] #BCP-127,$2.48,,,,,,,,,,,,$2.69,,,,,,1,,,,,2016-07-09
10455800,Baseball Cards 2016 Bowman Chrome Prospects,Jeimer Candelario [Superfractor] #BCP-127,,,,,,,,,,,,,,,,,,,0,,,,,2016-09-07
1343028,Baseball Cards 2016 Bowman Chrome Prospects,Jermaine Palacios #BCP-197,$2.98,,,,,,,,,,,,$3.29,,,,,,1,,,,,2016-07-09
1343122,Baseball Cards 2016 Bowman Chrome Prospects,Jermaine Palacios [Black Gold Refractor] #BCP-197,,,,,,,,,,,,,,,,,,,0,,,,,2016-07-09
1343222,Baseball Cards 2016 Bowman Chrome Prospects,Jermaine Palacios [Blue Refractor] #BCP-197,,,,,,,,,,,,,,,,,,,0,,,,,2016-07-09
1343322,Baseball Cards 2016 Bowman Chrome Prospects,Jermaine Palacios [Blue Shimmer] #BCP-197,$0.25,,,,,,,,,,,,$0.99,,,,,,0,,,,,2016-07-09
1343422,Baseball Cards 2016 Bowman Chrome Prospects,Jermaine Palacios [Gold Refractor] #BCP-197,,,,,,,,,,,,,,,,,,,0,,,,,2016-07-09
1343518,Baseball Cards 2016 Bowman Chrome Prospects,Jermaine Palacios [Green Refractor] #BCP-197,$3.98,,,,,,,,,,,$0.90,$4.39,,,,,,0,,,,,2016-07-09
1343616,Baseball Cards 2016 Bowman Chrome Prospects,Jermaine Palacios [Orange Refractor] #BCP-197,$1.92,,,,,,,,,,,,$2.09,,,,,,1,,,,,2016-07-09
1343715,Baseball Cards 2016 Bowman Chrome Prospects,Jermaine Palacios [Orange Shimmer] #BCP-197,$0.25,,,,,,,,,,,,$0.99,,,,,,0,,,,,2016-07-09
10456011,Baseball Cards 2016 Bowman Chrome Prospects,Jermaine Palacios [Printing Plate] #BCP-197,,,,,,,,,,,,,,,,,,,0,,,,,2016-09-07
1343815,Baseball Cards 2016 Bowman Chrome Prospects,Jermaine Palacios [Purple Refractor] #BCP-197,$2.49,,,,,,,,,,,,$2.69,,,,,,0,,,,,2016-07-09
1343914,Baseball Cards 2016 Bowman Chrome Prospects,Jermaine Palacios [Red Refractor] #BCP-197,,,,,,,,,,,,,,,,,,,0,,,,,2016-07-09
1344013,Baseball Cards 2016 Bowman Chrome Prospects,Jermaine Palacios [Refractor] #BCP-197,$2.09,,,,,,,,,,,,$2.29,,,,,,1,,,,,2016-07-09
10456013,Baseball Cards 2016 Bowman Chrome Prospects,Jermaine Palacios [Superfractor] #BCP-197,,,,,,,,,,,,,,,,,,,0,,,,,2016-09-07
1354200,Baseball Cards 2016 Bowman Chrome Prospects,Jhailyn Ortiz #BCP-31,$2.22,,,,,$20.00,$26.00,$12.00,$12.00,,,,$2.39,,,,,,2,,,,,2016-07-09
1354350,Baseball Cards 2016 Bowman Chrome Prospects,Jhailyn Ortiz [Blue Refractor] #BCP-31,$1.35,,,,,,,,,,,,$1.49,,,,,,1,,,,,2016-07-09
1354500,Baseball Cards 2016 Bowman Chrome Prospects,Jhailyn Ortiz [Gold Refractor] #BCP-31,$68.36,,,,,,,,,,,$30.00,$74.99,,,,,,1,,,,,2016-07-09
1354650,Baseball Cards 2016 Bowman Chrome Prospects,Jhailyn Ortiz [Green Refractor] #BCP-31,$23.54,,,,,,,,,,,$7.80,$25.99,,,,,,1,,,,,2016-07-09
1354800,Baseball Cards 2016 Bowman Chrome Prospects,Jhailyn Ortiz [Green Shimmer Refractor] #BCP-31,$1.99,,,,,,,,,,,,$2.19,,,,,,1,,,,,2016-07-09
1354950,Baseball Cards 2016 Bowman Chrome Prospects,Jhailyn Ortiz [Light Blue Refractor] #BCP-31,,,,,,,,,,,,,,,,,,,0,,,,,2016-07-09
1355100,Baseball Cards 2016 Bowman Chrome Prospects,Jhailyn Ortiz [Orange Refractor] #BCP-31,,,,,,,,,,,,,,,,,,,0,,,,,2016-07-09
1355248,Baseball Cards 2016 Bowman Chrome Prospects,Jhailyn Ortiz [Orange Shimmer Refractor] #BCP-31,,,,,,,,,,,,,,,,,,,0,,,,,2016-07-09
10455614,Baseball Cards 2016 Bowman Chrome Prospects,Jhailyn Ortiz [Printing Plate] #BCP-31,$5.50,,,,,,,,,,,$1.20,$6.09,,,,,,1,,,,,2016-09-07
1357294,Baseball Cards 2016 Bowman Chrome Prospects,Jhailyn Ortiz [Purple Refractor] #BCP-31,$7.56,,$5.50,,,,,,,,,$1.70,$8.29,,,$1.20,$6.09,,2,,,,,2016-07-09
1355544,Baseball Cards 2016 Bowman Chrome Prospects,Jhailyn Ortiz [Red Refractor] #BCP-31,,,,,,,,,,,,,,,,,,,0,,,,,2016-07-09
1355693,Baseball Cards 2016 Bowman Chrome Prospects,Jhailyn Ortiz [Refractor] #BCP-31,$3.48,,,,,,,,,,,$0.80,$3.79,,,,,,1,,,,,2016-07-09
10455615,Baseball Cards 2016 Bowman Chrome Prospects,Jhailyn Ortiz [Superfractor] #BCP-31,,,,,,,,,,,,,,,,,,,0,,,,,2016-09-07
1354195,Baseball Cards 2016 Bowman Chrome Prospects,Jharel Cotton #BCP-26,$0.91,,,,,,,,,,,,$0.99,,,,,,1,,,,,2016-07-09
1354345,Baseball Cards 2016 Bowman Chrome Prospects,Jharel Cotton [Blue Refractor] #BCP-26,$1.69,,,,,,,,,,,,$1.89,,,,,,1,,,,,2016-07-09
1354495,Baseball Cards 2016 Bowman Chrome Prospects,Jharel Cotton [Gold Refractor] #BCP-26,$5.64,,,,,,,,,,,$1.20,$6.19,,,,,,1,,,,,2016-07-09
1354645,Baseball Cards 2016 Bowman Chrome Prospects,Jharel Cotton [Green Refractor] #BCP-26,$0.25,,,,,,,,,,,,$0.99,,,,,,0,,,,,2016-07-09
1354795,Baseball Cards 2016 Bowman Chrome Prospects,Jharel Cotton [Green Shimmer Refractor] #BCP-26,$2.75,,,,,,,,,,,,$2.99,,,,,,1,,,,,2016-07-09
1354945,Baseball Cards 2016 Bowman Chrome Prospects,Jharel Cotton [Light Blue Refractor] #BCP-26,,,,,,,,,,,,,,,,,,,0,,,,,2016-07-09
1355095,Baseball Cards 2016 Bowman Chrome Prospects,Jharel Cotton [Orange Refractor] #BCP-26,$0.99,,,,,,,,,,,,$1.09,,,,,,1,,,,,2016-07-09
1355244,Baseball Cards 2016 Bowman Chrome Prospects,Jharel Cotton [Orange Shimmer Refractor] #BCP-26,$13.19,,,,,,,,,,,$3.80,$14.99,,,,,,0,,,,,2016-07-09
10455604,Baseball Cards 2016 Bowman Chrome Prospects,Jharel Cotton [Printing Plate] #BCP-26,,,,,,,,,,,,,,,,,,,0,,,,,2016-09-07
1355393,Baseball Cards 2016 Bowman Chrome Prospects,Jharel Cotton [Purple Refractor] #BCP-26,$1.27,,,,,,,,,,,,$1.39,,,,,,1,,,,,2016-07-09
1355539,Baseball Cards 2016 Bowman Chrome Prospects,Jharel Cotton [Red Refractor] #BCP-26,$7.75,,,,,,,,,,,$1.70,$8.49,,,,,,1,,,,,2016-07-09
1355688,Baseball Cards 2016 Bowman Chrome Prospects,Jharel Cotton [Refractor] #BCP-26,$2.00,,,,,,,,,,,,$2.19,,,,,,1,,,,,2016-07-09
10455606,Baseball Cards 2016 Bowman Chrome Prospects,Jharel Cotton [Superfractor] #BCP-26,,,,,,,,,,,,,,,,,,,0,,,,,2016-09-07
1343056,Baseball Cards 2016 Bowman Chrome Prospects,Joe Jimenez #BCP-225,$0.99,,,,,,,,,,,,$1.09,,,,,,1,,,,,2016-07-09
1343150,Baseball Cards 2016 Bowman Chrome Prospects,Joe Jimenez [Black Gold Refractor] #BCP-225,,,,,,,,,,,,,,,,,,,0,,,,,2016-07-09
1343250,Baseball Cards 2016 Bowman Chrome Prospects,Joe Jimenez [Blue Refractor] #BCP-225,$2.73,,,,,,,,,,,,$2.99,,,,,,0,,,,,2016-07-09
1343350,Baseball Cards 2016 Bowman Chrome Prospects,Joe Jimenez [Blue Shimmer] #BCP-225,$0.25,,,,,,,,,,,,$0.99,,,,,,0,,,,,2016-07-09
1343449,Baseball Cards 2016 Bowman Chrome Prospects,Joe Jimenez [Gold Refractor] #BCP-225,$2.99,,,,,,,,,,,,$3.29,,,,,,1,,,,,2016-07-09
1343546,Baseball Cards 2016 Bowman Chrome Prospects,Joe Jimenez [Green Refractor] #BCP-225,$8.59,,,,,,,,,,,$1.90,$9.49,,,,,,0,,,,,2016-07-09
1343644,Baseball Cards 2016 Bowman Chrome Prospects,Joe Jimenez [Orange Refractor] #BCP-225,$12.34,,,,,,,,,,,$3.50,$13.99,,,,,,0,,,,,2016-07-09
1343743,Baseball Cards 2016 Bowman Chrome Prospects,Joe Jimenez [Orange Shimmer] #BCP-225,$2.99,,,,,,,,,,,,$3.29,,,,,,1,,,,,2016-07-09
10455977,Baseball Cards 2016 Bowman Chrome Prospects,Joe Jimenez [Printing Plate] #BCP-225,,,,,,,,,,,,,,,,,,,0,,,,,2016-09-07
1343843,Baseball Cards 2016 Bowman Chrome Prospects,Joe Jimenez [Purple Refractor] #BCP-225,$4.00,,,,,,,,,,,$0.90,$4.39,,,,,,1,,,,,2016-07-09
1343941,Baseball Cards 2016 Bowman Chrome Prospects,Joe Jimenez [Red Refractor] #BCP-225,,,,,,,,,,,,,,,,,,,0,,,,,2016-07-09
1344041,Baseball Cards 2016 Bowman Chrome Prospects,Joe Jimenez [Refractor] #BCP-225,$1.99,,,,,,,,,,,,$2.19,,,,,,1,,,,,2016-07-09
10455978,Baseball Cards 2016 Bowman Chrome Prospects,Joe Jimenez [Superfractor] #BCP-225,,,,,,,,,,,,,,,,,,,0,,,,,2016-09-07
1354196,Baseball Cards 2016 Bowman Chrome Prospects,John Norwood #BCP-27,$0.99,,,,,,,,,,,,$1.09,,,,,,1,,,,,2016-07-09
1354346,Baseball Cards 2016 Bowman Chrome Prospects,John Norwood [Blue Refractor] #BCP-27,$0.25,,,,,,,,,,,,$0.99,,,,,,0,,,,,2016-07-09
1354496,Baseball Cards 2016 Bowman Chrome Prospects,John Norwood [Gold Refractor] #BCP-27,$7.99,,,,,,,,,,,$1.80,$8.79,,,,,,1,,,,,2016-07-09
1354646,Baseball Cards 2016 Bowman Chrome Prospects,John Norwood [Green Refractor] #BCP-27,$0.25,,,,,,,,,,,,$0.99,,,,,,0,,,,,2016-07-09
1354796,Baseball Cards 2016 Bowman Chrome Prospects,John Norwood [Green Shimmer Refractor] #BCP-27,$0.25,,,,,,,,,,,,$0.99,,,,,,0,,,,,2016-07-09
1354946,Baseball Cards 2016 Bowman Chrome Prospects,John Norwood [Light Blue Refractor] #BCP-27,,,,,,,,,,,,,,,,,,,0,,,,,2016-07-09
1355096,Baseball Cards 2016 Bowman Chrome Prospects,John Norwood [Orange Refractor] #BCP-27,$3.98,,,,,,,,,,,$0.90,$4.39,,,,,,0,,,,,2016-07-09
1355245,Baseball Cards 2016 Bowman Chrome Prospects,John Norwood [Orange Shimmer Refractor] #BCP-27,$8.30,,,,,,,,,,,$1.80,$9.09,,,,,,0,,,,,2016-07-09
10455605,Baseball Cards 2016 Bowman Chrome Prospects,John Norwood [Printing Plate] #BCP-27,,,,,,,,,,,,,,,,,,,0,,,,,2016-09-07
1355394,Baseball Cards 2016 Bowman Chrome Prospects,John Norwood [Purple Refractor] #BCP-27,$0.25,,,,,,,,,,,,$0.99,,,,,,0,,,,,2016-07-09
1355540,Baseball Cards 2016 Bowman Chrome Prospects,John Norwood [Red Refractor] #BCP-27,,,,,,,,,,,,,,,,,,,0,,,,,2016-07-09
1355689,Baseball Cards 2016 Bowman Chrome Prospects,John Norwood [Refractor] #BCP-27,$0.25,,,,,,,,,,,,$0.99,,,,,,0,,,,,2016-07-09
10455607,Baseball Cards 2016 Bowman Chrome Prospects,John Norwood [Superfractor] #BCP-27,,,,,,,,,,,,,,,,,,,0,,,,,2016-09-07
1354181,Baseball Cards 2016 Bowman Chrome Prospects,Jomar Reyes #BCP-12,$0.40,,,,,,,,,,,,$0.99,,,,,,1,,,,,2016-07-09
1354331,Baseball Cards 2016 Bowman Chrome Prospects,Jomar Reyes [Blue Refractor] #BCP-12,$0.25,,,,,,,,,,,,$0.99,,,,,,0,,,,,2016-07-09
1354481,Baseball Cards 2016 Bowman Chrome Prospects,Jomar Reyes [Gold Refractor] #BCP-12,,,,,,,,,,,,,,,,,,,0,,,,,2016-07-09
1354631,Baseball Cards 2016 Bowman Chrome Prospects,Jomar Reyes [Green Refractor] #BCP-12,$8.29,,,,,,,,,,,$1.80,$9.09,,,,,,0,,,,,2016-07-09
1354781,Baseball Cards 2016 Bowman Chrome Prospects,Jomar Reyes [Green Shimmer Refractor] #BCP-12,$4.56,,,,,,,,,,,$1.00,$4.99,,,,,,0,,,,,2016-07-09
1354931,Baseball Cards 2016 Bowman Chrome Prospects,Jomar Reyes [Light Blue Refractor] #BCP-12,,,,,,,,,,,,,,,,,,,0,,,,,2016-07-09
1355081,Baseball Cards 2016 Bowman Chrome Prospects,Jomar Reyes [Orange Refractor] #BCP-12,$4.99,,,,,,,,,,,$1.10,$5.49,,,,,,0,,,,,2016-07-09
1355231,Baseball Cards 2016 Bowman Chrome Prospects,Jomar Reyes [Orange Shimmer Refractor] #BCP-12,$3.36,,,,,,,,,,,,$3.69,,,,,,1,,,,,2016-07-09
10455576,Baseball Cards 2016 Bowman Chrome Prospects,Jomar Reyes [Printing Plate] #BCP-12,,,,,,,,,,,,,,,,,,,0,,,,,2016-09-07
1355379,Baseball Cards 2016 Bowman Chrome Prospects,Jomar Reyes [Purple Refractor] #BCP-12,$0.99,,,,,,,,,,,,$1.09,,,,,,1,,,,,2016-07-09
1355525,Baseball Cards 2016 Bowman Chrome Prospects,Jomar Reyes [Red Refractor] #BCP-12,,,,,,,,,,,,,,,,,,,0,,,,,2016-07-09
1355674,Baseball Cards 2016 Bowman Chrome Prospects,Jomar Reyes [Refractor] #BCP-12,$0.99,,,,,,,,,,,,$1.09,,,,,,1,,,,,2016-07-09
10455577,Baseball Cards 2016 Bowman Chrome Prospects,Jomar Reyes [Superfractor] #BCP-12,,,,,,$28.00,$36.00,$17.00,$17.00,,,,,,,,,,1,,,,,2016-09-07
1343071,Baseball Cards 2016 Bowman Chrome Prospects,Jonah Arenado #BCP-240,$1.05,,,,,,,,,,,,$1.19,,,,,,1,,,,,2016-07-09
1343165,Baseball Cards 2016 Bowman Chrome Prospects,Jonah Arenado [Black Gold Refractor] #BCP-240,,,,,,,,,,,,,,,,,,,0,,,,,2016-07-09
1343265,Baseball Cards 2016 Bowman Chrome Prospects,Jonah Arenado [Blue Refractor] #BCP-240,$2.99,,,,,,,,,,,,$3.29,,,,,,1,,,,,2016-07-09
1343365,Baseball Cards 2016 Bowman Chrome Prospects,Jonah Arenado [Blue Shimmer] #BCP-240,$1.88,,,,,,,,,,,,$2.09,,,,,,1,,,,,2016-07-09
1343463,Baseball Cards 2016 Bowman Chrome Prospects,Jonah Arenado [Gold Refractor] #BCP-240,$3.42,,,,,,,,,,,$0.80,$3.79,,,,,,0,,,,,2016-07-09
1344778,Baseball Cards 2016 Bowman Chrome Prospects,Jonah Arenado [Green Refractor] #BCP-240,$0.25,,,,,,,,,,,,$0.99,,,,,,0,,,,,2016-07-09
1343658,Baseball Cards 2016 Bowman Chrome Prospects,Jonah Arenado [Orange Refractor] #BCP-240,$6.29,,,,,,,,,,,$1.40,$6.89,,,,,,0,,,,,2016-07-09
1343758,Baseball Cards 2016 Bowman Chrome Prospects,Jonah Arenado [Orange Shimmer] #BCP-240,$1.69,,,,,,,,,,,,$1.89,,,,,,1,,,,,2016-07-09
10456027,Baseball Cards 2016 Bowman Chrome Prospects,Jonah Arenado [Printing Plate] #BCP-240,,,,,,,,,,,,,,,,,,,0,,,,,2016-09-07
1343858,Baseball Cards 2016 Bowman Chrome Prospects,Jonah Arenado [Purple Refractor] #BCP-240,$2.95,,,,,,,,,,,,$3.29,,,,,,1,,,,,2016-07-09
1343956,Baseball Cards 2016 Bowman Chrome Prospects,Jonah Arenado [Red Refractor] #BCP-240,$1.00,,,,,,,,,,,,$1.09,,,,,,1,,,,,2016-07-09
1344056,Baseball Cards 2016 Bowman Chrome Prospects,Jonah Arenado [Refractor] #BCP-240,$0.25,,,,,,,,,,,,$0.99,,,,,,0,,,,,2016-07-09
10456028,Baseball Cards 2016 Bowman Chrome Prospects,Jonah Arenado [Superfractor] #BCP-240,,,,,,,,,,,,,,,,,,,0,,,,,2016-09-07
1354210,Baseball Cards 2016 Bowman Chrome Prospects,Jordan Guerrero #BCP-41,$1.08,,,,,,,,,,,,$1.19,,,,,,1,,,,,2016-07-09
1354360,Baseball Cards 2016 Bowman Chrome Prospects,Jordan Guerrero [Blue Refractor] #BCP-41,$0.42,,,,,,,,,,,,$0.99,,,,,,1,,,,,2016-07-09
1354510,Baseball Cards 2016 Bowman Chrome Prospects,Jordan Guerrero [Gold Refractor] #BCP-41,$2.99,,,,,,,,,,,,$3.29,,,,,,1,,,,,2016-07-09
1354660,Baseball Cards 2016 Bowman Chrome Prospects,Jordan Guerrero [Green Refractor] #BCP-41,,,,,,,,,,,,,,,,,,,0,,,,,2016-07-09
1354810,Baseball Cards 2016 Bowman Chrome Prospects,Jordan Guerrero [Green Shimmer Refractor] #BCP-41,$1.99,,,,,,,,,,,,$2.19,,,,,,1,,,,,2016-07-09
1354960,Baseball Cards 2016 Bowman Chrome Prospects,Jordan Guerrero [Light Blue Refractor] #BCP-41,,,,,,,,,,,,,,,,,,,0,,,,,2016-07-09
1355110,Baseball Cards 2016 Bowman Chrome Prospects,Jordan Guerrero [Orange Refractor] #BCP-41,$4.00,,,,,,,,,,,$0.90,$4.39,,,,,,0,,,,,2016-07-09
1355259,Baseball Cards 2016 Bowman Chrome Prospects,Jordan Guerrero [Orange Shimmer Refractor] #BCP-41,$18.94,,,,,,,,,,,$6.30,$20.99,,,,,,0,,,,,2016-07-09
10455648,Baseball Cards 2016 Bowman Chrome Prospects,Jordan Guerrero [Printing Plate] #BCP-41,,,,,,,,,,,,,,,,,,,0,,,,,2016-09-07
1355407,Baseball Cards 2016 Bowman Chrome Prospects,Jordan Guerrero [Purple Refractor] #BCP-41,$0.99,,,,,,,,,,,,$1.09,,,,,,1,,,,,2016-07-09
1355554,Baseball Cards 2016 Bowman Chrome Prospects,Jordan Guerrero [Red Refractor] #BCP-41,$24.99,,,,,,,,,,,$8.10,$26.99,,,,,,0,,,,,2016-07-09
1355703,Baseball Cards 2016 Bowman Chrome Prospects,Jordan Guerrero [Refractor] #BCP-41,$2.59,,,,,,,,,,,,$2.89,,,,,,0,,,,,2016-07-09
10455649,Baseball Cards 2016 Bowman Chrome Prospects,Jordan Guerrero [Superfractor] #BCP-41,,,,,,,,,,,,,,,,,,,0,,,,,2016-09-07
1354272,Baseball Cards 2016 Bowman Chrome Prospects,Jorge Alfaro #BCP-103,$0.25,,,,,,,,,,,,$0.99,,,,,,1,,,,,2016-07-09
1354422,Baseball Cards 2016 Bowman Chrome Prospects,Jorge Alfaro [Blue Refractor] #BCP-103,$1.00,,,,$2.99,,,,,,,,$1.09,,,,,,2,,,,,2016-07-09
1354572,Baseball Cards 2016 Bowman Chrome Prospects,Jorge Alfaro [Gold Refractor] #BCP-103,$4.85,,,,,,,,,,,$1.10,$5.29,,,,,,0,,,,,2016-07-09
1354722,Baseball Cards 2016 Bowman Chrome Prospects,Jorge Alfaro [Green Refractor] #BCP-103,$4.50,,,,,,,,,,,$1.00,$4.99,,,,,,0,,,,,2016-07-09
1354872,Baseball Cards 2016 Bowman Chrome Prospects,Jorge Alfaro [Green Shimmer Refractor] #BCP-103,$3.00,,,,,,,,,,,,$3.29,,,,,,0,,,,,2016-07-09
1355022,Baseball Cards 2016 Bowman Chrome Prospects,Jorge Alfaro [Light Blue Refractor] #BCP-103,,,,,,,,,,,,,,,,,,,0,,,,,2016-07-09
1355172,Baseball Cards 2016 Bowman Chrome Prospects,Jorge Alfaro [Orange Refractor] #BCP-103,$1.00,,,,,,,,,,,,$1.09,,,,,,1,,,,,2016-07-09
1355321,Baseball Cards 2016 Bowman Chrome Prospects,Jorge Alfaro [Orange Shimmer Refractor] #BCP-103,,,,,,,,,,,,,,,,,,,0,,,,,2016-07-09
10455752,Baseball Cards 2016 Bowman Chrome Prospects,Jorge Alfaro [Printing Plate] #BCP-103,,,,,,,,,,,,,,,,,,,0,,,,,2016-09-07
1355466,Baseball Cards 2016 Bowman Chrome Prospects,Jorge Alfaro [Purple Refractor] #BCP-103,$0.25,,,,,,,,,,,,$0.99,,,,,,0,,,,,2016-07-09
1355616,Baseball Cards 2016 Bowman Chrome Prospects,Jorge Alfaro [Red Refractor] #BCP-103,,,,,,,,,,,,,,,,,,,0,,,,,2016-07-09
1355765,Baseball Cards 2016 Bowman Chrome Prospects,Jorge Alfaro [Refractor] #BCP-103,$1.80,,,,,,,,,,,,$1.99,,,,,,1,,,,,2016-07-09
10455753,Baseball Cards 2016 Bowman Chrome Prospects,Jorge Alfaro [Superfractor] #BCP-103,,,,,,,,,,,,,,,,,,,0,,,,,2016-09-07
1354263,Baseball Cards 2016 Bowman Chrome Prospects,Jorge Mateo #BCP-94,$1.25,,,,,,,,,,,,$1.39,,,,,,1,,,,,2016-07-09
1354413,Baseball Cards 2016 Bowman Chrome Prospects,Jorge Mateo [Blue Refractor] #BCP-94,$2.54,,,,,,,,,,,,$2.79,,,,,,1,,,,,2016-07-09
1354563,Baseball Cards 2016 Bowman Chrome Prospects,Jorge Mateo [Gold Refractor] #BCP-94,$9.76,,,,,,,,,,,$2.80,$10.99,,,,,,1,,,,,2016-07-09
1354713,Baseball Cards 2016 Bowman Chrome Prospects,Jorge Mateo [Green Refractor] #BCP-94,$2.96,,,,,,,,,,,,$3.29,,,,,,1,,,,,2016-07-09
1354863,Baseball Cards 2016 Bowman Chrome Prospects,Jorge Mateo [Green Shimmer Refractor] #BCP-94,$4.15,,,,,,,,,,,$0.90,$4.59,,,,,,1,,,,,2016-07-09
1355013,Baseball Cards 2016 Bowman Chrome Prospects,Jorge Mateo [Light Blue Refractor] #BCP-94,$10.94,,,,$10.00,$9.99,$13.00,$6.00,$6.00,,,$3.00,$11.99,,,,,,3,,,,,2016-07-09
1355163,Baseball Cards 2016 Bowman Chrome Prospects,Jorge Mateo [Orange Refractor] #BCP-94,$5.94,,,,,,,,,,,$1.30,$6.49,,,,,,1,,,,,2016-07-09
1355312,Baseball Cards 2016 Bowman Chrome Prospects,Jorge Mateo [Orange Shimmer Refractor] #BCP-94,$24.95,,,,,,,,,,,$8.10,$26.99,,,,,,0,,,,,2016-07-09
10455734,Baseball Cards 2016 Bowman Chrome Prospects,Jorge Mateo [Printing Plate] #BCP-94,,,,,,,,,,,,,,,,,,,0,,,,,2016-09-07
1357296,Baseball Cards 2016 Bowman Chrome Prospects,Jorge Mateo [Purple Refractor] #BCP-94,$0.99,,,,,,,,,,,,$1.09,,,,,,1,,,,,2016-07-09
1355607,Baseball Cards 2016 Bowman Chrome Prospects,Jorge Mateo [Red Refractor] #BCP-94,,,,,,,,,,,,,,,,,,,0,,,,,2016-07-09
1355756,Baseball Cards 2016 Bowman Chrome Prospects,Jorge Mateo [Refractor] #BCP-94,$1.00,,,,,,,,,,,,$1.09,,,,,,1,,,,,2016-07-09
10455735,Baseball Cards 2016 Bowman Chrome Prospects,Jorge Mateo [Superfractor] #BCP-94,,,,,,,,,,,,,,,,,,,0,,,,,2016-09-07
1343051,Baseball Cards 2016 Bowman Chrome Prospects,Jose Adames #BCP-220,$1.69,,,,,,,,,,,,$1.89,,,,,,3,,,,,2016-07-09
1343145,Baseball Cards 2016 Bowman Chrome Prospects,Jose Adames [Black Gold Refractor] #BCP-220,$2.20,,,,,,,,,,,,$2.39,,,,,,0,,,,,2016-07-09
1343245,Baseball Cards 2016 Bowman Chrome Prospects,Jose Adames [Blue Refractor] #BCP-220,$2.25,,,,,,,,,,,,$2.49,,,,,,1,,,,,2016-07-09
1343345,Baseball Cards 2016 Bowman Chrome Prospects,Jose Adames [Blue Shimmer] #BCP-220,$1.22,,,,,,,,,,,,$1.29,,,,,,1,,,,,2016-07-09
1343444,Baseball Cards 2016 Bowman Chrome Prospects,Jose Adames [Gold Refractor] #BCP-220,$2.83,,,,,,,,,,,,$3.09,,,,,,0,,,,,2016-07-09
1343541,Baseball Cards 2016 Bowman Chrome Prospects,Jose Adames [Green Refractor] #BCP-220,$0.99,,,,,,,,,,,,$1.09,,,,,,1,,,,,2016-07-09
1343639,Baseball Cards 2016 Bowman Chrome Prospects,Jose Adames [Orange Refractor] #BCP-220,$1.38,,,,,,,,,,,,$1.49,,,,,,2,,,,,2016-07-09
1343738,Baseball Cards 2016 Bowman Chrome Prospects,Jose Adames [Orange Shimmer] #BCP-220,$0.25,,,,,,,,,,,,$0.99,,,,,,0,,,,,2016-07-09
10455964,Baseball Cards 2016 Bowman Chrome Prospects,Jose Adames [Printing Plate] #BCP-220,,,,,,,,,,,,,,,,,,,0,,,,,2016-09-07
1343838,Baseball Cards 2016 Bowman Chrome Prospects,Jose Adames [Purple Refractor] #BCP-220,$1.88,,,,,,,,,,,,$2.09,,,,,,1,,,,,2016-07-09
1343936,Baseball Cards 2016 Bowman Chrome Prospects,Jose Adames [Red Refractor] #BCP-220,$5.99,,,,,,,,,,,$1.30,$6.59,,,,,,1,,,,,2016-07-09
1344036,Baseball Cards 2016 Bowman Chrome Prospects,Jose Adames [Refractor] #BCP-220,$1.89,,,,,,,,,,,,$2.09,,,,,,1,,,,,2016-07-09
10455962,Baseball Cards 2016 Bowman Chrome Prospects,Jose Adames [Superfractor] #BCP-220,$50.00,,,,,,,,,,,$22.00,$54.99,,,,,,1,,,,,2016-09-07
1342983,Baseball Cards 2016 Bowman Chrome Prospects,Jose De Leon #BCP-151,$1.00,,,,,,,,,,,,$1.09,,,,,,1,,,,,2016-07-09
1343080,Baseball Cards 2016 Bowman Chrome Prospects,Jose De Leon [Black Gold Refractor] #BCP-151,,,,,,,,,,,,,,,,,,,0,,,,,2016-07-09
1343176,Baseball Cards 2016 Bowman Chrome Prospects,Jose De Leon [Blue Refractor] #BCP-151,$1.99,,,,,,,,,,,,$2.19,,,,,,1,,,,,2016-07-09
1343276,Baseball Cards 2016 Bowman Chrome Prospects,Jose De Leon [Blue Shimmer] #BCP-151,$0.25,,,,,,,,,,,,$0.99,,,,,,0,,,,,2016-07-09
1343376,Baseball Cards 2016 Bowman Chrome Prospects,Jose De Leon [Gold Refractor] #BCP-151,$0.25,,,,,,,,,,,,$0.99,,,,,,0,,,,,2016-07-09
1343474,Baseball Cards 2016 Bowman Chrome Prospects,Jose De Leon [Green Refractor] #BCP-151,$0.25,,,,,,,,,,,,$0.99,,,,,,0,,,,,2016-07-09
1343570,Baseball Cards 2016 Bowman Chrome Prospects,Jose De Leon [Orange Refractor] #BCP-151,$3.06,,,,,,,,,,,,$3.39,,,,,,0,,,,,2016-07-09
1343669,Baseball Cards 2016 Bowman Chrome Prospects,Jose De Leon [Orange Shimmer] #BCP-151,$2.41,,,,,,,,,,,,$2.69,,,,,,0,,,,,2016-07-09
10455855,Baseball Cards 2016 Bowman Chrome Prospects,Jose De Leon [Printing Plate] #BCP-151,,,,,,,,,,,,,,,,,,,0,,,,,2016-09-07
1343769,Baseball Cards 2016 Bowman Chrome Prospects,Jose De Leon [Purple Refractor] #BCP-151,$0.25,,,,,,,,,,,,$0.99,,,,,,0,,,,,2016-07-09
1343869,Baseball Cards 2016 Bowman Chrome Prospects,Jose De Leon [Red Refractor] #BCP-151,,,,,,,,,,,,,,,,,,,0,,,,,2016-07-09
1343967,Baseball Cards 2016 Bowman Chrome Prospects,Jose De Leon [Refractor] #BCP-151,$2.59,,,,,,,,,,,,$2.89,,,,,,0,,,,,2016-07-09
10455856,Baseball Cards 2016 Bowman Chrome Prospects,Jose De Leon [Superfractor] #BCP-151,,,,,,,,,,,,,,,,,,,0,,,,,2016-09-07
1343048,Baseball Cards 2016 Bowman Chrome Prospects,Josh Hader #BCP-216,$1.49,,,,,,,,,,,,$1.59,,,,,,4,,,,,2016-07-09
1343141,Baseball Cards 2016 Bowman Chrome Prospects,Josh Hader [Black Gold Refractor] #BCP-216,$49.95,,,,,,,,,,,$22.00,$54.99,,,,,,1,,,,,2016-07-09
1343241,Baseball Cards 2016 Bowman Chrome Prospects,Josh Hader [Blue Refractor] #BCP-216,$6.29,,,,,,,,,,,$1.40,$6.89,,,,,,0,,,,,2016-07-09
1343341,Baseball Cards 2016 Bowman Chrome Prospects,Josh Hader [Blue Shimmer] #BCP-216,$1.81,,,,,,,,,,,,$1.99,,,,,,1,,,,,2016-07-09
1343440,Baseball Cards 2016 Bowman Chrome Prospects,Josh Hader [Gold Refractor] #BCP-216,$3.02,,,,,,,,,,,,$3.29,,,,,,1,,,,,2016-07-09
1343537,Baseball Cards 2016 Bowman Chrome Prospects,Josh Hader [Green Refractor] #BCP-216,$3.25,,,,,,,,,,,,$3.59,,,,,,1,,,,,2016-07-09
1343635,Baseball Cards 2016 Bowman Chrome Prospects,Josh Hader [Orange Refractor] #BCP-216,$0.25,,,,,,,,,,,,$0.99,,,,,,0,,,,,2016-07-09
1343734,Baseball Cards 2016 Bowman Chrome Prospects,Josh Hader [Orange Shimmer] #BCP-216,$0.99,,,,,,,,,,,,$1.09,,,,,,1,,,,,2016-07-09
10455944,Baseball Cards 2016 Bowman Chrome Prospects,Josh Hader [Printing Plate] #BCP-216,,,,,,,,,,,,,,,,,,,0,,,,,2016-09-07
1343834,Baseball Cards 2016 Bowman Chrome Prospects,Josh Hader [Purple Refractor] #BCP-216,$1.62,,,,,,,,,,,,$1.79,,,,,,2,,,,,2016-07-09
1343932,Baseball Cards 2016 Bowman Chrome Prospects,Josh Hader [Red Refractor] #BCP-216,,,,,,,,,,,,,,,,,,,0,,,,,2016-07-09
1344032,Baseball Cards 2016 Bowman Chrome Prospects,Josh Hader [Refractor] #BCP-216,$0.25,,,,,,,,,,,,$0.99,,,,,,0,,,,,2016-07-09
10455949,Baseball Cards 2016 Bowman Chrome Prospects,Josh Hader [Superfractor] #BCP-216,,,,,,,,,,,,,,,,,,,0,,,,,2016-09-07
1354236,Baseball Cards 2016 Bowman Chrome Prospects,Josh Naylor #BCP-67,$1.39,,$6.09,$11.40,$21.92,$31.84,$41.00,$19.00,$19.00,,,,$1.49,,,$1.30,$6.69,,5,,,,,2016-07-09
1354386,Baseball Cards 2016 Bowman Chrome Prospects,Josh Naylor [Blue Refractor] #BCP-67,$5.24,,,,,,,,,,,$1.20,$5.79,,,,,,2,,,,,2016-07-09
1354536,Baseball Cards 2016 Bowman Chrome Prospects,Josh Naylor [Gold Refractor] #BCP-67,$4.00,,,,,,,,,,,$0.90,$4.39,,,,,,1,,,,,2016-07-09
1354686,Baseball Cards 2016 Bowman Chrome Prospects,Josh Naylor [Green Refractor] #BCP-67,$3.30,,,,,,,,,,,,$3.59,,,,,,1,,,,,2016-07-09
1354836,Baseball Cards 2016 Bowman Chrome Prospects,Josh Naylor [Green Shimmer Refractor] #BCP-67,$9.86,,,,,,,,,,,$2.80,$10.99,,,,,,1,,,,,2016-07-09
1354986,Baseball Cards 2016 Bowman Chrome Prospects,Josh Naylor [Light Blue Refractor] #BCP-67,,,,,,,,,,,,,,,,,,,0,,,,,2016-07-09
1355136,Baseball Cards 2016 Bowman Chrome Prospects,Josh Naylor [Orange Refractor] #BCP-67,$3.99,,,,,,,,,,,$0.90,$4.39,,,,,,1,,,,,2016-07-09
1355285,Baseball Cards 2016 Bowman Chrome Prospects,Josh Naylor [Orange Shimmer Refractor] #BCP-67,$4.83,,,,,,,,,,,$1.10,$5.29,,,,,,2,,,,,2016-07-09
10455683,Baseball Cards 2016 Bowman Chrome Prospects,Josh Naylor [Printing Plate] #BCP-67,,,,,,,,,,,,,,,,,,,0,,,,,2016-09-07
1355432,Baseball Cards 2016 Bowman Chrome Prospects,Josh Naylor [Purple Refractor] #BCP-67,$2.22,,,,,,,,,,,,$2.39,,,,,,3,,,,,2016-07-09
1355580,Baseball Cards 2016 Bowman Chrome Prospects,Josh Naylor [Red Refractor] #BCP-67,,,,,,,,,,,,,,,,,,,0,,,,,2016-07-09
1355729,Baseball Cards 2016 Bowman Chrome Prospects,Josh Naylor [Refractor] #BCP-67,$4.00,,,,,,,,,,,$0.90,$4.39,,,,,,1,,,,,2016-07-09
10455682,Baseball Cards 2016 Bowman Chrome Prospects,Josh Naylor [Superfractor] #BCP-67,,,,,,,,,,,,,,,,,,,0,,,,,2016-09-07
1343040,Baseball Cards 2016 Bowman Chrome Prospects,Josh Sborz #BCP-209,$1.57,,,,,,,,,,,,$1.69,,,,,,3,,,,,2016-07-09
1343134,Baseball Cards 2016 Bowman Chrome Prospects,Josh Sborz [Black Gold Refractor] #BCP-209,,,,,,,,,,,,,,,,,,,0,,,,,2016-07-09
1343234,Baseball Cards 2016 Bowman Chrome Prospects,Josh Sborz [Blue Refractor] #BCP-209,$3.75,,,,,,,,,,,$0.80,$4.09,,,,,,1,,,,,2016-07-09
1343334,Baseball Cards 2016 Bowman Chrome Prospects,Josh Sborz [Blue Shimmer] #BCP-209,$2.99,,,,,,,,,,,,$3.29,,,,,,1,,,,,2016-07-09
1343433,Baseball Cards 2016 Bowman Chrome Prospects,Josh Sborz [Gold Refractor] #BCP-209,$9.74,,,,,,,,,,,$2.80,$10.99,,,,,,1,,,,,2016-07-09
1343530,Baseball Cards 2016 Bowman Chrome Prospects,Josh Sborz [Green Refractor] #BCP-209,$3.00,,,,,,,,,,,,$3.29,,,,,,1,,,,,2016-07-09
1343628,Baseball Cards 2016 Bowman Chrome Prospects,Josh Sborz [Orange Refractor] #BCP-209,$6.99,,,,,,,,,,,$1.50,$7.69,,,,,,1,,,,,2016-07-09
1343727,Baseball Cards 2016 Bowman Chrome Prospects,Josh Sborz [Orange Shimmer] #BCP-209,$2.30,,,,,,,,,,,,$2.49,,,,,,2,,,,,2016-07-09
10455921,Baseball Cards 2016 Bowman Chrome Prospects,Josh Sborz [Printing Plate] #BCP-209,,,,,,,,,,,,,,,,,,,0,,,,,2016-09-07
1343827,Baseball Cards 2016 Bowman Chrome Prospects,Josh Sborz [Purple Refractor] #BCP-209,$4.88,,,,,,,,,,,$1.10,$5.39,,,,,,1,,,,,2016-07-09
1343926,Baseball Cards 2016 Bowman Chrome Prospects,Josh Sborz [Red Refractor] #BCP-209,,,,,,,,,,,,,,,,,,,0,,,,,2016-07-09
1344026,Baseball Cards 2016 Bowman Chrome Prospects,Josh Sborz [Refractor] #BCP-209,$1.75,,,,,,,,,,,,$1.89,,,,,,1,,,,,2016-07-09
10455918,Baseball Cards 2016 Bowman Chrome Prospects,Josh Sborz [Superfractor] #BCP-209,,,,,,,,,,,,,,,,,,,0,,,,,2016-09-07
1342991,Baseball Cards 2016 Bowman Chrome Prospects,Josh Staumont #BCP-159,$1.24,,,,,,,,,,,,$1.39,,,,,,2,,,,,2016-07-09
1343085,Baseball Cards 2016 Bowman Chrome Prospects,Josh Staumont [Black Gold Refractor] #BCP-159,,,,,,,,,,,,,,,,,,,0,,,,,2016-07-09
1343184,Baseball Cards 2016 Bowman Chrome Prospects,Josh Staumont [Blue Refractor] #BCP-159,$4.00,,,,,,,,,,,$0.90,$4.39,,,,,,0,,,,,2016-07-09
1343284,Baseball Cards 2016 Bowman Chrome Prospects,Josh Staumont [Blue Shimmer] #BCP-159,$0.25,,,,,,,,,,,,$0.99,,,,,,0,,,,,2016-07-09
1343384,Baseball Cards 2016 Bowman Chrome Prospects,Josh Staumont [Gold Refractor] #BCP-159,$12.00,,,,,,,,,,,$3.30,$12.99,,,,,,0,,,,,2016-07-09
1343482,Baseball Cards 2016 Bowman Chrome Prospects,Josh Staumont [Green Refractor] #BCP-159,$2.48,,,,,,,,,,,,$2.69,,,,,,0,,,,,2016-07-09
1343578,Baseball Cards 2016 Bowman Chrome Prospects,Josh Staumont [Orange Refractor] #BCP-159,$135.00,,,,,,,,,,,$74.50,$149.00,,,,,,1,,,,,2016-07-09
1343677,Baseball Cards 2016 Bowman Chrome Prospects,Josh Staumont [Orange Shimmer] #BCP-159,$0.25,,,,,,,,,,,,$0.99,,,,,,0,,,,,2016-07-09
10455871,Baseball Cards 2016 Bowman Chrome Prospects,Josh Staumont [Printing Plate] #BCP-159,,,,,,,,,,,,,,,,,,,0,,,,,2016-09-07
1343777,Baseball Cards 2016 Bowman Chrome Prospects,Josh Staumont [Purple Refractor] #BCP-159,$0.25,,,,,,,,,,,,$0.99,,,,,,0,,,,,2016-07-09
1343877,Baseball Cards 2016 Bowman Chrome Prospects,Josh Staumont [Red Refractor] #BCP-159,,,,,,,,,,,,,,,,,,,0,,,,,2016-07-09
1343975,Baseball Cards 2016 Bowman Chrome Prospects,Josh Staumont [Refractor] #BCP-159,$0.25,,,,,,,,,,,,$0.99,,,,,,0,,,,,2016-07-09
10455872,Baseball Cards 2016 Bowman Chrome Prospects,Josh Staumont [Superfractor] #BCP-159,$27.00,,,,,,,,,,,$9.00,$29.99,,,,,,1,,,,,2016-09-07
1343027,Baseball Cards 2016 Bowman Chrome Prospects,Juan Hillman #BCP-196,$0.52,,,,,,,,,,,,$0.99,,,,,,1,,,,,2016-07-09
1343121,Baseball Cards 2016 Bowman Chrome Prospects,Juan Hillman [Black Gold Refractor] #BCP-196,$2.63,,,,,,,,,,,,$2.89,,,,,,1,,,,,2016-07-09
1343221,Baseball Cards 2016 Bowman Chrome Prospects,Juan Hillman [Blue Refractor] #BCP-196,$1.39,,,,,,,,,,,,$1.49,,,,,,1,,,,,2016-07-09
1343321,Baseball Cards 2016 Bowman Chrome Prospects,Juan Hillman [Blue Shimmer] #BCP-196,$1.39,,,,,,,,,,,,$1.49,,,,,,1,,,,,2016-07-09
1343421,Baseball Cards 2016 Bowman Chrome Prospects,Juan Hillman [Gold Refractor] #BCP-196,$1.89,,,,,,,,,,,,$2.09,,,,,,1,,,,,2016-07-09
1343517,Baseball Cards 2016 Bowman Chrome Prospects,Juan Hillman [Green Refractor] #BCP-196,$1.12,,,,,,,,,,,,$1.19,,,,,,1,,,,,2016-07-09
1343615,Baseball Cards 2016 Bowman Chrome Prospects,Juan Hillman [Orange Refractor] #BCP-196,$19.99,,,,,,,,,,,$6.60,$21.99,,,,,,0,,,,,2016-07-09
1343714,Baseball Cards 2016 Bowman Chrome Prospects,Juan Hillman [Orange Shimmer] #BCP-196,$0.99,,,,,,,,,,,,$1.09,,,,,,1,,,,,2016-07-09
10456006,Baseball Cards 2016 Bowman Chrome Prospects,Juan Hillman [Printing Plate] #BCP-196,,,,,,,,,,,,,,,,,,,0,,,,,2016-09-07
1343814,Baseball Cards 2016 Bowman Chrome Prospects,Juan Hillman [Purple Refractor] #BCP-196,$1.12,,,,,,,,,,,,$1.19,,,,,,1,,,,,2016-07-09
1343913,Baseball Cards 2016 Bowman Chrome Prospects,Juan Hillman [Red Refractor] #BCP-196,,,,,,,,,,,,,,,,,,,0,,,,,2016-07-09
1344012,Baseball Cards 2016 Bowman Chrome Prospects,Juan Hillman [Refractor] #BCP-196,$0.25,,,,,,,,,,,,$0.99,,,,,,0,,,,,2016-07-09
10456008,Baseball Cards 2016 Bowman Chrome Prospects,Juan Hillman [Superfractor] #BCP-196,,,,,,,,,,,,,,,,,,,0,,,,,2016-09-07
1354198,Baseball Cards 2016 Bowman Chrome Prospects,Juan Yepez #BCP-29,$1.79,,$6.41,$7.15,$22.47,$32.38,$42.00,$19.00,$19.00,,,,$1.99,,,$1.40,$7.09,,9,,,,,2016-07-09
1354348,Baseball Cards 2016 Bowman Chrome Prospects,Juan Yepez [Blue Refractor] #BCP-29,$10.49,,,,,,,,,,,$3.00,$11.99,,,,,,1,,,,,2016-07-09
1354498,Baseball Cards 2016 Bowman Chrome Prospects,Juan Yepez [Gold Refractor] #BCP-29,$8.50,,,,$0.99,,,,,,,$1.90,$9.39,,,,,,2,,,,,2016-07-09
1354648,Baseball Cards 2016 Bowman Chrome Prospects,Juan Yepez [Green Refractor] #BCP-29,$1.74,,,,,,,,,,,,$1.89,,,,,,1,,,,,2016-07-09
1354798,Baseball Cards 2016 Bowman Chrome Prospects,Juan Yepez [Green Shimmer Refractor] #BCP-29,$5.99,,,,,,,,,,,$1.30,$6.59,,,,,,0,,,,,2016-07-09
1354948,Baseball Cards 2016 Bowman Chrome Prospects,Juan Yepez [Light Blue Refractor] #BCP-29,,,,,,,,,,,,,,,,,,,0,,,,,2016-07-09
1355098,Baseball Cards 2016 Bowman Chrome Prospects,Juan Yepez [Orange Refractor] #BCP-29,$5.00,,,,,,,,,,,$1.10,$5.49,,,,,,1,,,,,2016-07-09
1355249,Baseball Cards 2016 Bowman Chrome Prospects,Juan Yepez [Orange Shimmer Refractor] #BCP-29,$10.11,,,,,,,,,,,$2.80,$10.99,,,,,,1,,,,,2016-07-09
10455610,Baseball Cards 2016 Bowman Chrome Prospects,Juan Yepez [Printing Plate] #BCP-29,,,,,,,,,,,,,,,,,,,0,,,,,2016-09-07
1355396,Baseball Cards 2016 Bowman Chrome Prospects,Juan Yepez [Purple Refractor] #BCP-29,$3.14,,,,,,,,,,,,$3.49,,,,,,2,,,,,2016-07-09
1355542,Baseball Cards 2016 Bowman Chrome Prospects,Juan Yepez [Red Refractor] #BCP-29,,,,,,,,,,,,,,,,,,,0,,,,,2016-07-09
1355691,Baseball Cards 2016 Bowman Chrome Prospects,Juan Yepez [Refractor] #BCP-29,$3.99,,,,,,,,,,,$0.90,$4.39,,,,,,1,,,,,2016-07-09
10455611,Baseball Cards 2016 Bowman Chrome Prospects,Juan Yepez [Superfractor] #BCP-29,,,,,,,,,,,,,,,,,,,0,,,,,2016-09-07
1343008,Baseball Cards 2016 Bowman Chrome Prospects,Junior Fernandez #BCP-176,$1.27,,,,,,,,,,,,$1.39,,,,,,2,,,,,2016-07-09
1343101,Baseball Cards 2016 Bowman Chrome Prospects,Junior Fernandez [Black Gold Refractor] #BCP-176,,,,,,,,,,,,,,,,,,,0,,,,,2016-07-09
1343201,Baseball Cards 2016 Bowman Chrome Prospects,Junior Fernandez [Blue Refractor] #BCP-176,$0.25,,,,,,,,,,,,$0.99,,,,,,0,,,,,2016-07-09
1343301,Baseball Cards 2016 Bowman Chrome Prospects,Junior Fernandez [Blue Shimmer] #BCP-176,$3.07,,,,,,,,,,,,$3.39,,,,,,0,,,,,2016-07-09
1343401,Baseball Cards 2016 Bowman Chrome Prospects,Junior Fernandez [Gold Refractor] #BCP-176,$7.00,,,,,,,,,,,$1.50,$7.69,,,,,,0,,,,,2016-07-09
1343499,Baseball Cards 2016 Bowman Chrome Prospects,Junior Fernandez [Green Refractor] #BCP-176,$0.25,,,,,,,,,,,,$0.99,,,,,,0,,,,,2016-07-09
1343595,Baseball Cards 2016 Bowman Chrome Prospects,Junior Fernandez [Orange Refractor] #BCP-176,$7.50,,,,,,,,,,,$1.70,$8.29,,,,,,1,,,,,2016-07-09
1343694,Baseball Cards 2016 Bowman Chrome Prospects,Junior Fernandez [Orange Shimmer] #BCP-176,$0.25,,,,,,,,,,,,$0.99,,,,,,0,,,,,2016-07-09
10455923,Baseball Cards 2016 Bowman Chrome Prospects,Junior Fernandez [Printing Plate] #BCP-176,,,,,,,,,,,,,,,,,,,0,,,,,2016-09-07
1343794,Baseball Cards 2016 Bowman Chrome Prospects,Junior Fernandez [Purple Refractor] #BCP-176,$1.95,,,,,,,,,,,,$2.19,,,,,,1,,,,,2016-07-09
1343893,Baseball Cards 2016 Bowman Chrome Prospects,Junior Fernandez [Red Refractor] #BCP-176,,,,,,,,,,,,,,,,,,,0,,,,,2016-07-09
1343992,Baseball Cards 2016 Bowman Chrome Prospects,Junior Fernandez [Refractor] #BCP-176,$0.25,,,,,,,,,,,,$0.99,,,,,,0,,,,,2016-07-09
10455925,Baseball Cards 2016 Bowman Chrome Prospects,Junior Fernandez [Superfractor] #BCP-176,,,,,,,,,,,,,,,,,,,0,,,,,2016-09-07
1354289,Baseball Cards 2016 Bowman Chrome Prospects,Justus Sheffield #BCP-120,$1.56,,,,,,,,,,,,$1.69,,,,,,1,,,,,2016-07-09
1354439,Baseball Cards 2016 Bowman Chrome Prospects,Justus Sheffield [Blue Refractor] #BCP-120,$2.74,,,,,,,,,,,,$2.99,,,,,,0,,,,,2016-07-09
1354589,Baseball Cards 2016 Bowman Chrome Prospects,Justus Sheffield [Gold Refractor] #BCP-120,$1.25,,,,,,,,,,,,$1.39,,,,,,1,,,,,2016-07-09
1354739,Baseball Cards 2016 Bowman Chrome Prospects,Justus Sheffield [Green Refractor] #BCP-120,$0.25,,,,,,,,,,,,$0.99,,,,,,0,,,,,2016-07-09
1354889,Baseball Cards 2016 Bowman Chrome Prospects,Justus Sheffield [Green Shimmer Refractor] #BCP-120,$1.99,,,,,,,,,,,,$2.19,,,,,,1,,,,,2016-07-09
1355039,Baseball Cards 2016 Bowman Chrome Prospects,Justus Sheffield [Light Blue Refractor] #BCP-120,,,,,,,,,,,,,,,,,,,0,,,,,2016-07-09
1355189,Baseball Cards 2016 Bowman Chrome Prospects,Justus Sheffield [Orange Refractor] #BCP-120,$0.99,,,,,,,,,,,,$1.09,,,,,,1,,,,,2016-07-09
1355338,Baseball Cards 2016 Bowman Chrome Prospects,Justus Sheffield [Orange Shimmer Refractor] #BCP-120,$1.00,,,,,,,,,,,,$1.09,,,,,,4,,,,,2016-07-09
10455785,Baseball Cards 2016 Bowman Chrome Prospects,Justus Sheffield [Printing Plate] #BCP-120,,,,,,,,,,,,,,,,,,,0,,,,,2016-09-07
1355483,Baseball Cards 2016 Bowman Chrome Prospects,Justus Sheffield [Purple Refractor] #BCP-120,$1.49,,,,,,,,,,,,$1.59,,,,,,1,,,,,2016-07-09
1355633,Baseball Cards 2016 Bowman Chrome Prospects,Justus Sheffield [Red Refractor] #BCP-120,,,,,,,,,,,,,,,,,,,0,,,,,2016-07-09
1355782,Baseball Cards 2016 Bowman Chrome Prospects,Justus Sheffield [Refractor] #BCP-120,$2.00,,,,,,,,,,,,$2.19,,,,,,1,,,,,2016-07-09
10455786,Baseball Cards 2016 Bowman Chrome Prospects,Justus Sheffield [Superfractor] #BCP-120,,,,,,,,,,,,,,,,,,,0,,,,,2016-09-07
1354254,Baseball Cards 2016 Bowman Chrome Prospects,Ke'Bryan Hayes #BCP-85,$1.47,,,$7.00,$8.00,,,,,,,,$1.59,,,,,,6,,,,,2016-07-09
1354404,Baseball Cards 2016 Bowman Chrome Prospects,Ke'Bryan Hayes [Blue Refractor] #BCP-85,$1.17,,,,,,,,,,,,$1.29,,,,,,1,,,,,2016-07-09
1354554,Baseball Cards 2016 Bowman Chrome Prospects,Ke'Bryan Hayes [Gold Refractor] #BCP-85,$20.50,,,,,,,,,,,$6.90,$22.99,,,,,,1,,,,,2016-07-09
1354704,Baseball Cards 2016 Bowman Chrome Prospects,Ke'Bryan Hayes [Green Refractor] #BCP-85,$2.99,,,,,,,,,,,,$3.29,,,,,,1,,,,,2016-07-09
1354854,Baseball Cards 2016 Bowman Chrome Prospects,Ke'Bryan Hayes [Green Shimmer Refractor] #BCP-85,$6.28,,,,,,,,,,,$1.40,$6.89,,,,,,1,,,,,2016-07-09
1355004,Baseball Cards 2016 Bowman Chrome Prospects,Ke'Bryan Hayes [Light Blue Refractor] #BCP-85,,,,,,,,,,,,,,,,,,,0,,,,,2016-07-09
1355154,Baseball Cards 2016 Bowman Chrome Prospects,Ke'Bryan Hayes [Orange Refractor] #BCP-85,,,,,,,,,,,,,,,,,,,0,,,,,2016-07-09
1355303,Baseball Cards 2016 Bowman Chrome Prospects,Ke'Bryan Hayes [Orange Shimmer Refractor] #BCP-85,$10.00,,,,,,,,,,,$2.80,$10.99,,,,,,1,,,,,2016-07-09
10455715,Baseball Cards 2016 Bowman Chrome Prospects,Ke'Bryan Hayes [Printing Plate] #BCP-85,,,,,,,,,,,,,,,,,,,0,,,,,2016-09-07
1355450,Baseball Cards 2016 Bowman Chrome Prospects,Ke'Bryan Hayes [Purple Refractor] #BCP-85,$2.46,,,,,,,,,,,,$2.69,,,,,,1,,,,,2016-07-09
1355598,Baseball Cards 2016 Bowman Chrome Prospects,Ke'Bryan Hayes [Red Refractor] #BCP-85,,,,,$135.00,,,,,,,,,,,,,,1,,,,,2016-07-09
1355747,Baseball Cards 2016 Bowman Chrome Prospects,Ke'Bryan Hayes [Refractor] #BCP-85,$1.35,,,,,$11.17,$15.00,$7.00,$7.00,,,,$1.49,,,,,,2,,,,,2016-07-09
10455716,Baseball Cards 2016 Bowman Chrome Prospects,Ke'Bryan Hayes [Superfractor] #BCP-85,,,,,,,,,,,,,,,,,,,0,,,,,2016-09-07
1354311,Baseball Cards 2016 Bowman Chrome Prospects,Kenta Maeda #BCP-142,$1.00,,,,,$19.77,$26.00,$12.00,$12.00,,,,$1.09,,,,,,6,,,,,2016-07-09
1354461,Baseball Cards 2016 Bowman Chrome Prospects,Kenta Maeda [Blue Refractor] #BCP-142,$5.92,,,,,,,,,,,$1.30,$6.49,,,,,,1,,,,,2016-07-09
1354611,Baseball Cards 2016 Bowman Chrome Prospects,Kenta Maeda [Gold Refractor] #BCP-142,$5.38,,,,,,,,,,,$1.20,$5.89,,,,,,2,,,,,2016-07-09
1354761,Baseball Cards 2016 Bowman Chrome Prospects,Kenta Maeda [Green Refractor] #BCP-142,$3.33,,,,,,,,,,,,$3.69,,,,,,1,,,,,2016-07-09
1354911,Baseball Cards 2016 Bowman Chrome Prospects,Kenta Maeda [Green Shimmer Refractor] #BCP-142,$8.48,,,,,,,,,,,$1.90,$9.29,,,,,,0,,,,,2016-07-09
1355061,Baseball Cards 2016 Bowman Chrome Prospects,Kenta Maeda [Light Blue Refractor] #BCP-142,,,,,,,,,,,,,,,,,,,0,,,,,2016-07-09
1355211,Baseball Cards 2016 Bowman Chrome Prospects,Kenta Maeda [Orange Refractor] #BCP-142,,,,,,,,,,,,,,,,,,,0,,,,,2016-07-09
1355360,Baseball Cards 2016 Bowman Chrome Prospects,Kenta Maeda [Orange Shimmer Refractor] #BCP-142,,,,,,,,,,,,,,,,,,,0,,,,,2016-07-09
10455829,Baseball Cards 2016 Bowman Chrome Prospects,Kenta Maeda [Printing Plate] #BCP-142,,,,,,,,,,,,,,,,,,,0,,,,,2016-09-07
1355505,Baseball Cards 2016 Bowman Chrome Prospects,Kenta Maeda [Purple Refractor] #BCP-142,$2.84,,,,,,,,,,,,$3.09,,,,,,1,,,,,2016-07-09
1355654,Baseball Cards 2016 Bowman Chrome Prospects,Kenta Maeda [Red Refractor] #BCP-142,,,,,,,,,,,,,,,,,,,0,,,,,2016-07-09
1355804,Baseball Cards 2016 Bowman Chrome Prospects,Kenta Maeda [Refractor] #BCP-142,$2.73,,,,,,,,$6.99,,,,$2.99,,,,,,2,,,,,2016-07-09
10455831,Baseball Cards 2016 Bowman Chrome Prospects,Kenta Maeda [Superfractor] #BCP-142,,,,,,,,,,,,,,,,,,,0,,,,,2016-09-07
1354287,Baseball Cards 2016 Bowman Chrome Prospects,Keury Mella #BCP-118,$0.99,,,,,,,,,,,,$1.09,,,,,,1,,,,,2016-07-09
1354437,Baseball Cards 2016 Bowman Chrome Prospects,Keury Mella [Blue Refractor] #BCP-118,$2.25,,,,,,,,,,,,$2.49,,,,,,1,,,,,2016-07-09
1354587,Baseball Cards 2016 Bowman Chrome Prospects,Keury Mella [Gold Refractor] #BCP-118,$0.10,,,,,,,,,,,,$0.99,,,,,,1,,,,,2016-07-09
1354737,Baseball Cards 2016 Bowman Chrome Prospects,Keury Mella [Green Refractor] #BCP-118,$0.99,,,,,,,,,,,,$1.09,,,,,,1,,,,,2016-07-09
1354887,Baseball Cards 2016 Bowman Chrome Prospects,Keury Mella [Green Shimmer Refractor] #BCP-118,$1.27,,,,,,,,,,,,$1.39,,,,,,1,,,,,2016-07-09
1355037,Baseball Cards 2016 Bowman Chrome Prospects,Keury Mella [Light Blue Refractor] #BCP-118,,,,,,,,,,,,,,,,,,,0,,,,,2016-07-09
1355187,Baseball Cards 2016 Bowman Chrome Prospects,Keury Mella [Orange Refractor] #BCP-118,$1.50,,,,,,,,,,,,$1.69,,,,,,1,,,,,2016-07-09
1355336,Baseball Cards 2016 Bowman Chrome Prospects,Keury Mella [Orange Shimmer Refractor] #BCP-118,,,,,,,,,,,,,,,,,,,0,,,,,2016-07-09
10455781,Baseball Cards 2016 Bowman Chrome Prospects,Keury Mella [Printing Plate] #BCP-118,,,,,,,,,,,,,,,,,,,0,,,,,2016-09-07
1355481,Baseball Cards 2016 Bowman Chrome Prospects,Keury Mella [Purple Refractor] #BCP-118,$0.60,,,,,,,,,,,,$0.99,,,,,,1,,,,,2016-07-09
1355631,Baseball Cards 2016 Bowman Chrome Prospects,Keury Mella [Red Refractor] #BCP-118,$20.95,,,,,,,,,,,$6.90,$22.99,,,,,,0,,,,,2016-07-09
1355780,Baseball Cards 2016 Bowman Chrome Prospects,Keury Mella [Refractor] #BCP-118,$0.25,,,,,,,,,,,,$0.99,,,,,,0,,,,,2016-07-09
10455782,Baseball Cards 2016 Bowman Chrome Prospects,Keury Mella [Superfractor] #BCP-118,,,,,,,,,,,,,,,,,,,0,,,,,2016-09-07
1354215,Baseball Cards 2016 Bowman Chrome Prospects,Kevin Kramer #BCP-46,$0.99,,,,,,,,,,,,$1.09,,,,,,1,,,,,2016-07-09
1354365,Baseball Cards 2016 Bowman Chrome Prospects,Kevin Kramer [Blue Refractor] #BCP-46,$0.25,,,,,,,,,,,,$0.99,,,,,,0,,,,,2016-07-09
1354515,Baseball Cards 2016 Bowman Chrome Prospects,Kevin Kramer [Gold Refractor] #BCP-46,$12.00,,,,,,,,,,,$3.30,$12.99,,,,,,0,,,,,2016-07-09
1354665,Baseball Cards 2016 Bowman Chrome Prospects,Kevin Kramer [Green Refractor] #BCP-46,$4.57,,,,,,,,,,,$1.00,$4.99,,,,,,0,,,,,2016-07-09
1354815,Baseball Cards 2016 Bowman Chrome Prospects,Kevin Kramer [Green Shimmer Refractor] #BCP-46,$2.00,,,,,,,,,,,,$2.19,,,,,,0,,,,,2016-07-09
1354965,Baseball Cards 2016 Bowman Chrome Prospects,Kevin Kramer [Light Blue Refractor] #BCP-46,,,,,,,,,,,,,,,,,,,0,,,,,2016-07-09
1355115,Baseball Cards 2016 Bowman Chrome Prospects,Kevin Kramer [Orange Refractor] #BCP-46,$4.88,,,,,,,,,,,$1.10,$5.39,,,,,,0,,,,,2016-07-09
1355264,Baseball Cards 2016 Bowman Chrome Prospects,Kevin Kramer [Orange Shimmer Refractor] #BCP-46,$9.05,,,,,,,,,,,$2.00,$9.99,,,,,,0,,,,,2016-07-09
10455665,Baseball Cards 2016 Bowman Chrome Prospects,Kevin Kramer [Printing Plate] #BCP-46,,,,,,,,,,,,,,,,,,,0,,,,,2016-09-07
1355412,Baseball Cards 2016 Bowman Chrome Prospects,Kevin Kramer [Purple Refractor] #BCP-46,$2.55,,,,,,,,,,,,$2.79,,,,,,0,,,,,2016-07-09
1355559,Baseball Cards 2016 Bowman Chrome Prospects,Kevin Kramer [Red Refractor] #BCP-46,,,,,,,,,,,,,,,,,,,0,,,,,2016-07-09
1355708,Baseball Cards 2016 Bowman Chrome Prospects,Kevin Kramer [Refractor] #BCP-46,$1.88,,,,,,,,,,,,$2.09,,,,,,1,,,,,2016-07-09
10455668,Baseball Cards 2016 Bowman Chrome Prospects,Kevin Kramer [Superfractor] #BCP-46,,,,,,,,,,,,,,,,,,,0,,,,,2016-09-07
1354242,Baseball Cards 2016 Bowman Chrome Prospects,Kevin Newman #BCP-73,$1.50,,,,,,,,,,,,$1.69,,,,,,1,,,,,2016-07-09
1354392,Baseball Cards 2016 Bowman Chrome Prospects,Kevin Newman [Blue Refractor] #BCP-73,$0.99,,,,,,,,,,,,$1.09,,,,,,1,,,,,2016-07-09
1354542,Baseball Cards 2016 Bowman Chrome Prospects,Kevin Newman [Gold Refractor] #BCP-73,$7.17,,,,,,,,,,,$1.60,$7.89,,,,,,1,,,,,2016-07-09
1354692,Baseball Cards 2016 Bowman Chrome Prospects,Kevin Newman [Green Refractor] #BCP-73,$0.25,,,,,,,,,,,,$0.99,,,,,,0,,,,,2016-07-09
1354842,Baseball Cards 2016 Bowman Chrome Prospects,Kevin Newman [Green Shimmer Refractor] #BCP-73,$4.50,,,,,,,,,,,$1.00,$4.99,,,,,,0,,,,,2016-07-09
1354992,Baseball Cards 2016 Bowman Chrome Prospects,Kevin Newman [Light Blue Refractor] #BCP-73,,,,,,,,,,,,,,,,,,,0,,,,,2016-07-09
1355142,Baseball Cards 2016 Bowman Chrome Prospects,Kevin Newman [Orange Refractor] #BCP-73,$9.74,,,,,,,,,,,$2.80,$10.99,,,,,,0,,,,,2016-07-09
1355291,Baseball Cards 2016 Bowman Chrome Prospects,Kevin Newman [Orange Shimmer Refractor] #BCP-73,$0.99,,,,,,,,,,,,$1.09,,,,,,1,,,,,2016-07-09
10455693,Baseball Cards 2016 Bowman Chrome Prospects,Kevin Newman [Printing Plate] #BCP-73,,,,,,,,,,,,,,,,,,,0,,,,,2016-09-07
1355438,Baseball Cards 2016 Bowman Chrome Prospects,Kevin Newman [Purple Refractor] #BCP-73,$0.99,,,,,,,,,,,,$1.09,,,,,,1,,,,,2016-07-09
1355586,Baseball Cards 2016 Bowman Chrome Prospects,Kevin Newman [Red Refractor] #BCP-73,$7.65,,,,,,,,,,,$1.70,$8.39,,,,,,1,,,,,2016-07-09
1355735,Baseball Cards 2016 Bowman Chrome Prospects,Kevin Newman [Refractor] #BCP-73,$2.29,,,,,,,,,,,,$2.49,,,,,,0,,,,,2016-07-09
10455695,Baseball Cards 2016 Bowman Chrome Prospects,Kevin Newman [Superfractor] #BCP-73,,,,,,,,,,,,,,,,,,,0,,,,,2016-09-07
1354192,Baseball Cards 2016 Bowman Chrome Prospects,Kevin Padlo #BCP-23,$0.99,,,,,,,,,,,,$1.09,,,,,,1,,,,,2016-07-09
1354342,Baseball Cards 2016 Bowman Chrome Prospects,Kevin Padlo [Blue Refractor] #BCP-23,$3.41,,,,,,,,,,,$0.80,$3.79,,,,,,0,,,,,2016-07-09
1354492,Baseball Cards 2016 Bowman Chrome Prospects,Kevin Padlo [Gold Refractor] #BCP-23,$5.97,,,,,,,,,,,$1.30,$6.59,,,,,,0,,,,,2016-07-09
1354642,Baseball Cards 2016 Bowman Chrome Prospects,Kevin Padlo [Green Refractor] #BCP-23,$0.25,,,,,,,,,,,,$0.99,,,,,,0,,,,,2016-07-09
1354792,Baseball Cards 2016 Bowman Chrome Prospects,Kevin Padlo [Green Shimmer Refractor] #BCP-23,$1.49,,,,,,,,,,,,$1.59,,,,,,1,,,,,2016-07-09
1354942,Baseball Cards 2016 Bowman Chrome Prospects,Kevin Padlo [Light Blue Refractor] #BCP-23,,,,,,,,,,,,,,,,,,,0,,,,,2016-07-09
1355092,Baseball Cards 2016 Bowman Chrome Prospects,Kevin Padlo [Orange Refractor] #BCP-23,$5.14,,,,,,,,,,,$1.10,$5.69,,,,,,1,,,,,2016-07-09
1355241,Baseball Cards 2016 Bowman Chrome Prospects,Kevin Padlo [Orange Shimmer Refractor] #BCP-23,,,,,,,,,,,,,,,,,,,0,,,,,2016-07-09
10455598,Baseball Cards 2016 Bowman Chrome Prospects,Kevin Padlo [Printing Plate] #BCP-23,,,,,,,,,,,,,,,,,,,0,,,,,2016-09-07
1355390,Baseball Cards 2016 Bowman Chrome Prospects,Kevin Padlo [Purple Refractor] #BCP-23,$0.99,,,,,,,,,,,,$1.09,,,,,,1,,,,,2016-07-09
1355536,Baseball Cards 2016 Bowman Chrome Prospects,Kevin Padlo [Red Refractor] #BCP-23,,,,,,,,,,,,,,,,,,,0,,,,,2016-07-09
1355685,Baseball Cards 2016 Bowman Chrome Prospects,Kevin Padlo [Refractor] #BCP-23,$0.99,,,,,,,,,,,,$1.09,,,,,,1,,,,,2016-07-09
10455599,Baseball Cards 2016 Bowman Chrome Prospects,Kevin Padlo [Superfractor] #BCP-23,,,,,,,,,,,,,,,,,,,0,,,,,2016-09-07
1343068,Baseball Cards 2016 Bowman Chrome Prospects,Kohl Stewart #BCP-237,$0.99,,,,,,,,,,,,$1.09,,,,,,1,,,,,2016-07-09
1343162,Baseball Cards 2016 Bowman Chrome Prospects,Kohl Stewart [Black Gold Refractor] #BCP-237,,,,,,,,,,,,,,,,,,,0,,,,,2016-07-09
1343262,Baseball Cards 2016 Bowman Chrome Prospects,Kohl Stewart [Blue Refractor] #BCP-237,$0.25,,,,,,,,,,,,$0.99,,,,,,0,,,,,2016-07-09
1343362,Baseball Cards 2016 Bowman Chrome Prospects,Kohl Stewart [Blue Shimmer] #BCP-237,$0.25,,,,,,,,,,,,$0.99,,,,,,0,,,,,2016-07-09
1343460,Baseball Cards 2016 Bowman Chrome Prospects,Kohl Stewart [Gold Refractor] #BCP-237,$2.27,,,,,,,,,,,,$2.49,,,,,,0,,,,,2016-07-09
1343558,Baseball Cards 2016 Bowman Chrome Prospects,Kohl Stewart [Green Refractor] #BCP-237,$0.99,,,,,,,,,,,,$1.09,,,,,,1,,,,,2016-07-09
1343655,Baseball Cards 2016 Bowman Chrome Prospects,Kohl Stewart [Orange Refractor] #BCP-237,$5.88,,,,,,,,,,,$1.30,$6.49,,,,,,0,,,,,2016-07-09
1343755,Baseball Cards 2016 Bowman Chrome Prospects,Kohl Stewart [Orange Shimmer] #BCP-237,$0.25,,,,,,,,,,,,$0.99,,,,,,0,,,,,2016-07-09
10456015,Baseball Cards 2016 Bowman Chrome Prospects,Kohl Stewart [Printing Plate] #BCP-237,,,,,,,,,,,,,,,,,,,0,,,,,2016-09-07
1343855,Baseball Cards 2016 Bowman Chrome Prospects,Kohl Stewart [Purple Refractor] #BCP-237,$0.25,,,,,,,,,,,,$0.99,,,,,,0,,,,,2016-07-09
1343953,Baseball Cards 2016 Bowman Chrome Prospects,Kohl Stewart [Red Refractor] #BCP-237,,,,,,,,,,,,,,,,,,,0,,,,,2016-07-09
1344053,Baseball Cards 2016 Bowman Chrome Prospects,Kohl Stewart [Refractor] #BCP-237,$0.25,,,,,,,,,,,,$0.99,,,,,,0,,,,,2016-07-09
10456019,Baseball Cards 2016 Bowman Chrome Prospects,Kohl Stewart [Superfractor] #BCP-237,,,,,,,,,,,,,,,,,,,0,,,,,2016-09-07
1354238,Baseball Cards 2016 Bowman Chrome Prospects,Kolby Allard #BCP-69,$0.99,,,,$43.00,,,,,,,,$1.09,,,,,,2,,,,,2016-07-09
1354388,Baseball Cards 2016 Bowman Chrome Prospects,Kolby Allard [Blue Refractor] #BCP-69,$4.10,,,,,,,,,,,$0.90,$4.49,,,,,,1,,,,,2016-07-09
1354538,Baseball Cards 2016 Bowman Chrome Prospects,Kolby Allard [Gold Refractor] #BCP-69,$0.99,,,,,,,,,,,,$1.09,,,,,,1,,,,,2016-07-09
1354688,Baseball Cards 2016 Bowman Chrome Prospects,Kolby Allard [Green Refractor] #BCP-69,$1.48,,,,,,,,,,,,$1.59,,,,,,1,,,,,2016-07-09
1354838,Baseball Cards 2016 Bowman Chrome Prospects,Kolby Allard [Green Shimmer Refractor] #BCP-69,$2.84,,,,,,,,,,,,$3.09,,,,,,0,,,,,2016-07-09
1354988,Baseball Cards 2016 Bowman Chrome Prospects,Kolby Allard [Light Blue Refractor] #BCP-69,,,,,,,,,,,,,,,,,,,0,,,,,2016-07-09
1355138,Baseball Cards 2016 Bowman Chrome Prospects,Kolby Allard [Orange Refractor] #BCP-69,$0.99,,,,,,,,,,,,$1.09,,,,,,1,,,,,2016-07-09
1355287,Baseball Cards 2016 Bowman Chrome Prospects,Kolby Allard [Orange Shimmer Refractor] #BCP-69,$6.99,,,,,,,,,,,$1.50,$7.69,,,,,,1,,,,,2016-07-09
10455686,Baseball Cards 2016 Bowman Chrome Prospects,Kolby Allard [Printing Plate] #BCP-69,,,,,,,,,,,,,,,,,,,0,,,,,2016-09-07
1355434,Baseball Cards 2016 Bowman Chrome Prospects,Kolby Allard [Purple Refractor] #BCP-69,$0.25,,,,,,,,,,,,$0.99,,,,,,0,,,,,2016-07-09
1355582,Baseball Cards 2016 Bowman Chrome Prospects,Kolby Allard [Red Refractor] #BCP-69,$4.49,,,,,,,,,,,$1.00,$4.89,,,,,,0,,,,,2016-07-09
1355731,Baseball Cards 2016 Bowman Chrome Prospects,Kolby Allard [Refractor] #BCP-69,$0.99,,,,,,,,,,,,$1.09,,,,,,1,,,,,2016-07-09
10455687,Baseball Cards 2016 Bowman Chrome Prospects,Kolby Allard [Superfractor] #BCP-69,,,,,,,,,,,,,,,,,,,0,,,,,2016-09-07
1343006,Baseball Cards 2016 Bowman Chrome Prospects,Kyle Freeland #BCP-174,$0.25,,,,,,,,,,,,$0.99,,,,,,0,,,,,2016-07-09
1343099,Baseball Cards 2016 Bowman Chrome Prospects,Kyle Freeland [Black Gold Refractor] #BCP-174,$4.66,,,,,,,,,,,$1.00,$5.09,,,,,,0,,,,,2016-07-09
1343199,Baseball Cards 2016 Bowman Chrome Prospects,Kyle Freeland [Blue Refractor] #BCP-174,$1.99,,,$5.50,$6.00,$26.99,$35.00,$16.00,$16.00,,,,$2.19,,,,,,3,,,,,2016-07-09
1343299,Baseball Cards 2016 Bowman Chrome Prospects,Kyle Freeland [Blue Shimmer] #BCP-174,$0.25,,,,,,,,,,,,$0.99,,,,,,0,,,,,2016-07-09
1343399,Baseball Cards 2016 Bowman Chrome Prospects,Kyle Freeland [Gold Refractor] #BCP-174,$22.27,,,,,,,,,,,$7.50,$24.99,,,,,,1,,,,,2016-07-09
1343497,Baseball Cards 2016 Bowman Chrome Prospects,Kyle Freeland [Green Refractor] #BCP-174,$10.09,,,,,,,,,,,$2.80,$10.99,,,,,,1,,,,,2016-07-09
1343593,Baseball Cards 2016 Bowman Chrome Prospects,Kyle Freeland [Orange Refractor] #BCP-174,$17.49,,,,,,,,,,,$4.80,$18.99,,,,,,0,,,,,2016-07-09
1343692,Baseball Cards 2016 Bowman Chrome Prospects,Kyle Freeland [Orange Shimmer] #BCP-174,$2.77,,,,,,,,,,,,$3.09,,,,,,0,,,,,2016-07-09
10455913,Baseball Cards 2016 Bowman Chrome Prospects,Kyle Freeland [Printing Plate] #BCP-174,,,,,,,,,,,,,,,,,,,0,,,,,2016-09-07
1343792,Baseball Cards 2016 Bowman Chrome Prospects,Kyle Freeland [Purple Refractor] #BCP-174,$2.49,,,,,,,,,,,,$2.69,,,,,,1,,,,,2016-07-09
1343891,Baseball Cards 2016 Bowman Chrome Prospects,Kyle Freeland [Red Refractor] #BCP-174,$1.33,,,,,,,,,,,,$1.49,,,,,,1,,,,,2016-07-09
1343990,Baseball Cards 2016 Bowman Chrome Prospects,Kyle Freeland [Refractor] #BCP-174,$0.25,,,,,,,,,,,,$0.99,,,,,,0,,,,,2016-07-09
10455915,Baseball Cards 2016 Bowman Chrome Prospects,Kyle Freeland [Superfractor] #BCP-174,,,,,,,,,,,,,,,,,,,0,,,,,2016-09-07
1354252,Baseball Cards 2016 Bowman Chrome Prospects,Kyle Holder #BCP-83,$1.25,,,,,,,,,,,,$1.39,,,,,,2,,,,,2016-07-09
1354402,Baseball Cards 2016 Bowman Chrome Prospects,Kyle Holder [Blue Refractor] #BCP-83,$0.55,,,,,,,,,,,,$0.99,,,,,,1,,,,,2016-07-09
1354552,Baseball Cards 2016 Bowman Chrome Prospects,Kyle Holder [Gold Refractor] #BCP-83,$7.44,,,,,,,,,,,$1.60,$8.19,,,,,,0,,,,,2016-07-09
1354702,Baseball Cards 2016 Bowman Chrome Prospects,Kyle Holder [Green Refractor] #BCP-83,$3.41,,,,,,,,,,,$0.80,$3.79,,,,,,0,,,,,2016-07-09
1354852,Baseball Cards 2016 Bowman Chrome Prospects,Kyle Holder [Green Shimmer Refractor] #BCP-83,$1.69,,,,,,,,,,,,$1.89,,,,,,1,,,,,2016-07-09
1355002,Baseball Cards 2016 Bowman Chrome Prospects,Kyle Holder [Light Blue Refractor] #BCP-83,,,,,,,,,,,,,,,,,,,0,,,,,2016-07-09
1355152,Baseball Cards 2016 Bowman Chrome Prospects,Kyle Holder [Orange Refractor] #BCP-83,,,,,,,,,,,,,,,,,,,0,,,,,2016-07-09
1355301,Baseball Cards 2016 Bowman Chrome Prospects,Kyle Holder [Orange Shimmer Refractor] #BCP-83,$29.00,,,,,,,,,,,$9.60,$31.99,,,,,,0,,,,,2016-07-09
10455714,Baseball Cards 2016 Bowman Chrome Prospects,Kyle Holder [Printing Plate] #BCP-83,,,,,,,,,,,,,,,,,,,0,,,,,2016-09-07
1355448,Baseball Cards 2016 Bowman Chrome Prospects,Kyle Holder [Purple Refractor] #BCP-83,$0.99,,,,,,,,,,,,$1.09,,,,,,1,,,,,2016-07-09
1355596,Baseball Cards 2016 Bowman Chrome Prospects,Kyle Holder [Red Refractor] #BCP-83,,,,,,,,,,,,,,,,,,,0,,,,,2016-07-09
1355745,Baseball Cards 2016 Bowman Chrome Prospects,Kyle Holder [Refractor] #BCP-83,$0.99,,,,,,,,,,,,$1.09,,,,,,1,,,,,2016-07-09
10455851,Baseball Cards 2016 Bowman Chrome Prospects,Kyle Holder [Superfractor] #BCP-83,,,,,,,,,,,,,,,,,,,0,,,,,2016-09-07
1354226,Baseball Cards 2016 Bowman Chrome Prospects,Kyle Survance Jr. #BCP-57,$1.06,,,,,,,,,,,,$1.19,,,,,,2,,,,,2016-07-09
1354376,Baseball Cards 2016 Bowman Chrome Prospects,Kyle Survance Jr. [Blue Refractor] #BCP-57,$0.25,,,,,,,,,,,,$0.99,,,,,,0,,,,,2016-07-09
1354526,Baseball Cards 2016 Bowman Chrome Prospects,Kyle Survance Jr. [Gold Refractor] #BCP-57,$1.25,,,,,,,,,,,,$1.39,,,,,,1,,,,,2016-07-09
1354676,Baseball Cards 2016 Bowman Chrome Prospects,Kyle Survance Jr. [Green Refractor] #BCP-57,,,,,,,,,,,,,,,,,,,0,,,,,2016-07-09
1354826,Baseball Cards 2016 Bowman Chrome Prospects,Kyle Survance Jr. [Green Shimmer Refractor] #BCP-57,$1.79,,,,,,,,,,,,$1.99,,,,,,1,,,,,2016-07-09
1354976,Baseball Cards 2016 Bowman Chrome Prospects,Kyle Survance Jr. [Light Blue Refractor] #BCP-57,,,,,,,,,,,,,,,,,,,0,,,,,2016-07-09
1355126,Baseball Cards 2016 Bowman Chrome Prospects,Kyle Survance Jr. [Orange Refractor] #BCP-57,$2.27,,,,,,,,,,,,$2.49,,,,,,1,,,,,2016-07-09
1355275,Baseball Cards 2016 Bowman Chrome Prospects,Kyle Survance Jr. [Orange Shimmer Refractor] #BCP-57,,,,,,,,,,,,,,,,,,,0,,,,,2016-07-09
10455641,Baseball Cards 2016 Bowman Chrome Prospects,Kyle Survance Jr. [Printing Plate] #BCP-57,,,,,,,,,,,,,,,,,,,0,,,,,2016-09-07
1357295,Baseball Cards 2016 Bowman Chrome Prospects,Kyle Survance Jr. [Purple Refractor] #BCP-57,$1.88,,,,,,,,,,,,$2.09,,,,,,1,,,,,2016-07-09
1355570,Baseball Cards 2016 Bowman Chrome Prospects,Kyle Survance Jr. [Red Refractor] #BCP-57,$4.25,,,,,,,,,,,$0.90,$4.69,,,,,,1,,,,,2016-07-09
1355719,Baseball Cards 2016 Bowman Chrome Prospects,Kyle Survance Jr. [Refractor] #BCP-57,$0.25,,,,,,,,,,,,$0.99,,,,,,0,,,,,2016-07-09
10455642,Baseball Cards 2016 Bowman Chrome Prospects,Kyle Survance Jr. [Superfractor] #BCP-57,,,,,,,,,,,,,,,,,,,0,,,,,2016-09-07
1354229,Baseball Cards 2016 Bowman Chrome Prospects,Kyle Tucker #BCP-60,$0.50,,$5.50,$35.00,$39.00,$42.00,$55.00,$25.00,$25.00,,,,$0.99,,,$1.20,$6.09,,28,,,,,2016-07-09
1354379,Baseball Cards 2016 Bowman Chrome Prospects,Kyle Tucker [Blue Refractor] #BCP-60,$6.20,,,$13.05,$14.00,,,,,,,$1.40,$6.79,,,,,,3,,,,,2016-07-09
1354529,Baseball Cards 2016 Bowman Chrome Prospects,Kyle Tucker [Gold Refractor] #BCP-60,$7.90,,,,,,,,,,,$1.70,$8.69,,,,,,1,,,,,2016-07-09
1354679,Baseball Cards 2016 Bowman Chrome Prospects,Kyle Tucker [Green Refractor] #BCP-60,$6.26,,,,,,,,,,,$1.40,$6.89,,,,,,1,,,,,2016-07-09
1354829,Baseball Cards 2016 Bowman Chrome Prospects,Kyle Tucker [Green Shimmer Refractor] #BCP-60,$7.99,,,,,,,,,,,$1.80,$8.79,,,,,,2,,,,,2016-07-09
1354979,Baseball Cards 2016 Bowman Chrome Prospects,Kyle Tucker [Light Blue Refractor] #BCP-60,,,,,,,,,,,,,,,,,,,0,,,,,2016-07-09
1355129,Baseball Cards 2016 Bowman Chrome Prospects,Kyle Tucker [Orange Refractor] #BCP-60,$44.86,,,$50.34,$55.00,,,,,,,$19.60,$48.99,,,,,,2,,,,,2016-07-09
1355278,Baseball Cards 2016 Bowman Chrome Prospects,Kyle Tucker [Orange Shimmer Refractor] #BCP-60,,,,,,,,,,,,,,,,,,,0,,,,,2016-07-09
10455655,Baseball Cards 2016 Bowman Chrome Prospects,Kyle Tucker [Printing Plate] #BCP-60,,,,,,,,,,,,,,,,,,,0,,,,,2016-09-07
1355425,Baseball Cards 2016 Bowman Chrome Prospects,Kyle Tucker [Purple Refractor] #BCP-60,$6.14,,,,,,,,,,,$1.40,$6.79,,,,,,3,,,,,2016-07-09
1355573,Baseball Cards 2016 Bowman Chrome Prospects,Kyle Tucker [Red Refractor] #BCP-60,,,,$151.50,$167.00,,,,,,,,,,,,,,1,,,,,2016-07-09
1355722,Baseball Cards 2016 Bowman Chrome Prospects,Kyle Tucker [Refractor] #BCP-60,$5.62,,,,,,,,,,,$1.20,$6.19,,,,,,2,,,,,2016-07-09
10455656,Baseball Cards 2016 Bowman Chrome Prospects,Kyle Tucker [Superfractor] #BCP-60,,,,,,,,,,,,,,,,,,,0,,,,,2016-09-07
1354306,Baseball Cards 2016 Bowman Chrome Prospects,Lewis Brinson #BCP-137,$0.10,,,,,,,,,,,,$0.99,,,,,,1,,,,,2016-07-09
1354456,Baseball Cards 2016 Bowman Chrome Prospects,Lewis Brinson [Blue Refractor] #BCP-137,$0.25,,,,,,,,,,,,$0.99,,,,,,0,,,,,2016-07-09
1354606,Baseball Cards 2016 Bowman Chrome Prospects,Lewis Brinson [Gold Refractor] #BCP-137,$2.54,,,,,,,,,,,,$2.79,,,,,,0,,,,,2016-07-09
1354756,Baseball Cards 2016 Bowman Chrome Prospects,Lewis Brinson [Green Refractor] #BCP-137,$3.99,,,,,,,,,,,$0.90,$4.39,,,,,,0,,,,,2016-07-09
1354906,Baseball Cards 2016 Bowman Chrome Prospects,Lewis Brinson [Green Shimmer Refractor] #BCP-137,$3.13,,,,,,,,,,,,$3.39,,,,,,0,,,,,2016-07-09
1355056,Baseball Cards 2016 Bowman Chrome Prospects,Lewis Brinson [Light Blue Refractor] #BCP-137,,,,,,,,,,,,,,,,,,,0,,,,,2016-07-09
1355206,Baseball Cards 2016 Bowman Chrome Prospects,Lewis Brinson [Orange Refractor] #BCP-137,,,,,,,,,,,,,,,,,,,0,,,,,2016-07-09
1355355,Baseball Cards 2016 Bowman Chrome Prospects,Lewis Brinson [Orange Shimmer Refractor] #BCP-137,$0.99,,,,,,,,,,,,$1.09,,,,,,1,,,,,2016-07-09
10455819,Baseball Cards 2016 Bowman Chrome Prospects,Lewis Brinson [Printing Plate] #BCP-137,,,,,,,,,,,,,,,,,,,0,,,,,2016-09-07
1355500,Baseball Cards 2016 Bowman Chrome Prospects,Lewis Brinson [Purple Refractor] #BCP-137,$1.40,,,,,,,,,,,,$1.49,,,,,,1,,,,,2016-07-09
1355650,Baseball Cards 2016 Bowman Chrome Prospects,Lewis Brinson [Red Refractor] #BCP-137,,,,,,,,,,,,,,,,,,,0,,,,,2016-07-09
1355799,Baseball Cards 2016 Bowman Chrome Prospects,Lewis Brinson [Refractor] #BCP-137,$0.25,,,,,,,,,,,,$0.99,,,,,,0,,,,,2016-07-09
10455820,Baseball Cards 2016 Bowman Chrome Prospects,Lewis Brinson [Superfractor] #BCP-137,,,,,,,,,,,,,,,,,,,0,,,,,2016-09-07
1354225,Baseball Cards 2016 Bowman Chrome Prospects,Logan Allen #BCP-56,$1.31,,,,,,,,,,,,$1.39,,,,,,1,,,,,2016-07-09
1354375,Baseball Cards 2016 Bowman Chrome Prospects,Logan Allen [Blue Refractor] #BCP-56,$1.99,,,,,,,,,,,,$2.19,,,,,,1,,,,,2016-07-09
1354525,Baseball Cards 2016 Bowman Chrome Prospects,Logan Allen [Gold Refractor] #BCP-56,$3.00,,,,,,,,,,,,$3.29,,,,,,1,,,,,2016-07-09
1354675,Baseball Cards 2016 Bowman Chrome Prospects,Logan Allen [Green Refractor] #BCP-56,$4.37,,,,,,,,,,,$1.00,$4.79,,,,,,1,,,,,2016-07-09
1354825,Baseball Cards 2016 Bowman Chrome Prospects,Logan Allen [Green Shimmer Refractor] #BCP-56,$0.25,,,,,,,,,,,,$0.99,,,,,,0,,,,,2016-07-09
1354975,Baseball Cards 2016 Bowman Chrome Prospects,Logan Allen [Light Blue Refractor] #BCP-56,,,,,,,,,,,,,,,,,,,0,,,,,2016-07-09
1355125,Baseball Cards 2016 Bowman Chrome Prospects,Logan Allen [Orange Refractor] #BCP-56,$3.00,,,,,,,,,,,,$3.29,,,,,,1,,,,,2016-07-09
1355274,Baseball Cards 2016 Bowman Chrome Prospects,Logan Allen [Orange Shimmer Refractor] #BCP-56,,,,,,,,,,,,,,,,,,,0,,,,,2016-07-09
10455638,Baseball Cards 2016 Bowman Chrome Prospects,Logan Allen [Printing Plate] #BCP-56,,,,,,,,,,,,,,,,,,,0,,,,,2016-09-07
1355422,Baseball Cards 2016 Bowman Chrome Prospects,Logan Allen [Purple Refractor] #BCP-56,$0.99,,,,,,,,,,,,$1.09,,,,,,1,,,,,2016-07-09
1355569,Baseball Cards 2016 Bowman Chrome Prospects,Logan Allen [Red Refractor] #BCP-56,,,,,,,,,,,,,,,,,,,0,,,,,2016-07-09
1355718,Baseball Cards 2016 Bowman Chrome Prospects,Logan Allen [Refractor] #BCP-56,$1.67,,,,,,,,,,,,$1.79,,,,,,1,,,,,2016-07-09
10455640,Baseball Cards 2016 Bowman Chrome Prospects,Logan Allen [Superfractor] #BCP-56,,,,,,,,,,,,,,,,,,,0,,,,,2016-09-07
1354319,Baseball Cards 2016 Bowman Chrome Prospects,Lucas Giolito #BCP-150,$0.99,,,,,,,,,,,,$1.09,,,,,,1,,,,,2016-07-09
1354469,Baseball Cards 2016 Bowman Chrome Prospects,Lucas Giolito [Blue Refractor] #BCP-150,$3.99,,,,,,,,,,,$0.90,$4.39,,,,,,1,,,,,2016-07-09
1354619,Baseball Cards 2016 Bowman Chrome Prospects,Lucas Giolito [Gold Refractor] #BCP-150,$4.95,,,,,,,,,,,$1.10,$5.49,,,,,,0,,,,,2016-07-09
1354769,Baseball Cards 2016 Bowman Chrome Prospects,Lucas Giolito [Green Refractor] #BCP-150,$0.81,,,,,,,,,,,,$0.99,,,,,,1,,,,,2016-07-09
1354919,Baseball Cards 2016 Bowman Chrome Prospects,Lucas Giolito [Green Shimmer Refractor] #BCP-150,$12.99,,,,,,,,,,,$3.50,$13.99,,,,,,1,,,,,2016-07-09
1355069,Baseball Cards 2016 Bowman Chrome Prospects,Lucas Giolito [Light Blue Refractor] #BCP-150,,,,,,,,,,,,,,,,,,,0,,,,,2016-07-09
1355219,Baseball Cards 2016 Bowman Chrome Prospects,Lucas Giolito [Orange Refractor] #BCP-150,$7.74,,,,,,,,,,,$1.70,$8.49,,,,,,1,,,,,2016-07-09
1355367,Baseball Cards 2016 Bowman Chrome Prospects,Lucas Giolito [Orange Shimmer Refractor] #BCP-150,$12.04,,,,,,,,,,,$3.30,$12.99,,,,,,0,,,,,2016-07-09
10455845,Baseball Cards 2016 Bowman Chrome Prospects,Lucas Giolito [Printing Plate] #BCP-150,,,,,,,,,,,,,,,,,,,0,,,,,2016-09-07
1355513,Baseball Cards 2016 Bowman Chrome Prospects,Lucas Giolito [Purple Refractor] #BCP-150,$3.13,,,,,,,,,,,,$3.39,,,,,,0,,,,,2016-07-09
1355662,Baseball Cards 2016 Bowman Chrome Prospects,Lucas Giolito [Red Refractor] #BCP-150,,,,,,,,,,,,,,,,,,,0,,,,,2016-07-09
1355812,Baseball Cards 2016 Bowman Chrome Prospects,Lucas Giolito [Refractor] #BCP-150,$2.79,,,,,,,,,,,,$3.09,,,,,,1,,,,,2016-07-09
10455846,Baseball Cards 2016 Bowman Chrome Prospects,Lucas Giolito [Superfractor] #BCP-150,,,,,,,,,,,,,,,,,,,0,,,,,2016-09-07
1354182,Baseball Cards 2016 Bowman Chrome Prospects,Lucius Fox #BCP-13,$1.85,,,,,$8.99,$12.00,$5.00,$5.00,,,,$1.99,,,,,,2,,,,,2016-07-09
1354332,Baseball Cards 2016 Bowman Chrome Prospects,Lucius Fox [Blue Refractor] #BCP-13,$2.84,,,,,,,,,,,,$3.09,,,,,,0,,,,,2016-07-09
1354482,Baseball Cards 2016 Bowman Chrome Prospects,Lucius Fox [Gold Refractor] #BCP-13,$14.92,,,,,,,,,,,$4.00,$15.99,,,,,,1,,,,,2016-07-09
1354632,Baseball Cards 2016 Bowman Chrome Prospects,Lucius Fox [Green Refractor] #BCP-13,$3.42,,,,,,,,,,,$0.80,$3.79,,,,,,0,,,,,2016-07-09
1354782,Baseball Cards 2016 Bowman Chrome Prospects,Lucius Fox [Green Shimmer Refractor] #BCP-13,$9.74,,,,,,,,,,,$2.80,$10.99,,,,,,1,,,,,2016-07-09
1354932,Baseball Cards 2016 Bowman Chrome Prospects,Lucius Fox [Light Blue Refractor] #BCP-13,,,,,,,,,,,,,,,,,,,0,,,,,2016-07-09
1355082,Baseball Cards 2016 Bowman Chrome Prospects,Lucius Fox [Orange Refractor] #BCP-13,$14.34,,,,,,,,,,,$4.00,$15.99,,,,,,0,,,,,2016-07-09
1355232,Baseball Cards 2016 Bowman Chrome Prospects,Lucius Fox [Orange Shimmer Refractor] #BCP-13,$19.97,,,,,,,,,,,$6.60,$21.99,,,,,,1,,,,,2016-07-09
10455578,Baseball Cards 2016 Bowman Chrome Prospects,Lucius Fox [Printing Plate] #BCP-13,,,,,,,,,,,,,,,,,,,0,,,,,2016-09-07
1355380,Baseball Cards 2016 Bowman Chrome Prospects,Lucius Fox [Purple Refractor] #BCP-13,$0.99,,,,,,,,,,,,$1.09,,,,,,1,,,,,2016-07-09
1355526,Baseball Cards 2016 Bowman Chrome Prospects,Lucius Fox [Red Refractor] #BCP-13,,,,,,,,,,,,,,,,,,,0,,,,,2016-07-09
1355675,Baseball Cards 2016 Bowman Chrome Prospects,Lucius Fox [Refractor] #BCP-13,$1.93,,,,,,,,,,,,$2.09,,,,,,1,,,,,2016-07-09
10455579,Baseball Cards 2016 Bowman Chrome Prospects,Lucius Fox [Superfractor] #BCP-13,,,,,,,,,,,,,,,,,,,0,,,,,2016-09-07
1343078,Baseball Cards 2016 Bowman Chrome Prospects,Luis Ortiz #BCP-247,$0.99,,,,,,,,,,,,$1.09,,,,,,1,,,,,2016-07-09
1343172,Baseball Cards 2016 Bowman Chrome Prospects,Luis Ortiz [Black Gold Refractor] #BCP-247,,,,,,,,,,,,,,,,,,,0,,,,,2016-07-09
1343272,Baseball Cards 2016 Bowman Chrome Prospects,Luis Ortiz [Blue Refractor] #BCP-247,$0.25,,,,,,,,,,,,$0.99,,,,,,0,,,,,2016-07-09
1343372,Baseball Cards 2016 Bowman Chrome Prospects,Luis Ortiz [Blue Shimmer] #BCP-247,$0.25,,,,,,,,,,,,$0.99,,,,,,0,,,,,2016-07-09
1343470,Baseball Cards 2016 Bowman Chrome Prospects,Luis Ortiz [Gold Refractor] #BCP-247,$3.99,,,,,,,,,,,$0.90,$4.39,,,,,,1,,,,,2016-07-09
1343567,Baseball Cards 2016 Bowman Chrome Prospects,Luis Ortiz [Green Refractor] #BCP-247,$3.13,,,,,,,,,,,,$3.39,,,,,,1,,,,,2016-07-09
1343665,Baseball Cards 2016 Bowman Chrome Prospects,Luis Ortiz [Orange Refractor] #BCP-247,$3.14,,,,$23.00,,,,,,,,$3.49,,,,,,1,,,,,2016-07-09
1343765,Baseball Cards 2016 Bowman Chrome Prospects,Luis Ortiz [Orange Shimmer] #BCP-247,$0.25,,,,,,,,,,,,$0.99,,,,,,0,,,,,2016-07-09
10456040,Baseball Cards 2016 Bowman Chrome Prospects,Luis Ortiz [Printing Plate] #BCP-247,,,,,,,,,,,,,,,,,,,0,,,,,2016-09-07
1343865,Baseball Cards 2016 Bowman Chrome Prospects,Luis Ortiz [Purple Refractor] #BCP-247,$0.25,,,,,,,,,,,,$0.99,,,,,,0,,,,,2016-07-09
1343963,Baseball Cards 2016 Bowman Chrome Prospects,Luis Ortiz [Red Refractor] #BCP-247,,,,,,,,,,,,,,,,,,,0,,,,,2016-07-09
1344063,Baseball Cards 2016 Bowman Chrome Prospects,Luis Ortiz [Refractor] #BCP-247,$0.25,,,,,,,,,,,,$0.99,,,,,,0,,,,,2016-07-09
10456041,Baseball Cards 2016 Bowman Chrome Prospects,Luis Ortiz [Superfractor] #BCP-247,,,,,,,,,,,,,,,,,,,0,,,,,2016-09-07
1354312,Baseball Cards 2016 Bowman Chrome Prospects,Luiz Gohara #BCP-143,$0.99,,,,,,,,,,,,$1.09,,,,,,1,,,,,2016-07-09
1354462,Baseball Cards 2016 Bowman Chrome Prospects,Luiz Gohara [Blue Refractor] #BCP-143,$0.25,,,,,,,,,,,,$0.99,,,,,,0,,,,,2016-07-09
1354612,Baseball Cards 2016 Bowman Chrome Prospects,Luiz Gohara [Gold Refractor] #BCP-143,$0.25,,,,,,,,,,,,$0.99,,,,,,0,,,,,2016-07-09
1354762,Baseball Cards 2016 Bowman Chrome Prospects,Luiz Gohara [Green Refractor] #BCP-143,$2.43,,,,,,,,,,,,$2.69,,,,,,0,,,,,2016-07-09
1354912,Baseball Cards 2016 Bowman Chrome Prospects,Luiz Gohara [Green Shimmer Refractor] #BCP-143,$3.30,,,,,,,,,,,,$3.59,,,,,,0,,,,,2016-07-09
1355062,Baseball Cards 2016 Bowman Chrome Prospects,Luiz Gohara [Light Blue Refractor] #BCP-143,,,,,,,,,,,,,,,,,,,0,,,,,2016-07-09
1355212,Baseball Cards 2016 Bowman Chrome Prospects,Luiz Gohara [Orange Refractor] #BCP-143,$0.99,,,,,,,,,,,,$1.09,,,,,,1,,,,,2016-07-09
1355361,Baseball Cards 2016 Bowman Chrome Prospects,Luiz Gohara [Orange Shimmer Refractor] #BCP-143,,,,,,,,,,,,,,,,,,,0,,,,,2016-07-09
10455830,Baseball Cards 2016 Bowman Chrome Prospects,Luiz Gohara [Printing Plate] #BCP-143,,,,,,,,,,,,,,,,,,,0,,,,,2016-09-07
1355506,Baseball Cards 2016 Bowman Chrome Prospects,Luiz Gohara [Purple Refractor] #BCP-143,$0.25,,,,,,,,,,,,$0.99,,,,,,0,,,,,2016-07-09
1355655,Baseball Cards 2016 Bowman Chrome Prospects,Luiz Gohara [Red Refractor] #BCP-143,$2.50,,,,,,,,,,,,$2.79,,,,,,1,,,,,2016-07-09
1355805,Baseball Cards 2016 Bowman Chrome Prospects,Luiz Gohara [Refractor] #BCP-143,$1.50,,,,,,,,,,,,$1.69,,,,,,1,,,,,2016-07-09
10455835,Baseball Cards 2016 Bowman Chrome Prospects,Luiz Gohara [Superfractor] #BCP-143,,,,,,,,,,,,,,,,,,,0,,,,,2016-09-07
1354310,Baseball Cards 2016 Bowman Chrome Prospects,Luke Weaver #BCP-141,$2.37,,,,,,,,,,,,$2.59,,,,,,2,,,,,2016-07-09
1354460,Baseball Cards 2016 Bowman Chrome Prospects,Luke Weaver [Blue Refractor] #BCP-141,$2.58,,,,,,,,,,,,$2.79,,,,,,1,,,,,2016-07-09
1354610,Baseball Cards 2016 Bowman Chrome Prospects,Luke Weaver [Gold Refractor] #BCP-141,$0.99,,,,,,,,,,,,$1.09,,,,,,1,,,,,2016-07-09
1354760,Baseball Cards 2016 Bowman Chrome Prospects,Luke Weaver [Green Refractor] #BCP-141,$0.25,,,,,,,,,,,,$0.99,,,,,,0,,,,,2016-07-09
1354910,Baseball Cards 2016 Bowman Chrome Prospects,Luke Weaver [Green Shimmer Refractor] #BCP-141,$1.99,,,,,,,,,,,,$2.19,,,,,,2,,,,,2016-07-09
1355060,Baseball Cards 2016 Bowman Chrome Prospects,Luke Weaver [Light Blue Refractor] #BCP-141,,,,,,,,,,,,,,,,,,,0,,,,,2016-07-09
1355210,Baseball Cards 2016 Bowman Chrome Prospects,Luke Weaver [Orange Refractor] #BCP-141,$28.99,,,$29.99,$33.00,,,,,,,$9.60,$31.99,,,,,,2,,,,,2016-07-09
1355359,Baseball Cards 2016 Bowman Chrome Prospects,Luke Weaver [Orange Shimmer Refractor] #BCP-141,$10.23,,,,,,,,,,,$2.80,$10.99,,,,,,1,,,,,2016-07-09
10455827,Baseball Cards 2016 Bowman Chrome Prospects,Luke Weaver [Printing Plate] #BCP-141,,,,,,,,,,,,,,,,,,,0,,,,,2016-09-07
1355504,Baseball Cards 2016 Bowman Chrome Prospects,Luke Weaver [Purple Refractor] #BCP-141,$2.23,,,,,,,,,,,,$2.49,,,,,,1,,,,,2016-07-09
1355653,Baseball Cards 2016 Bowman Chrome Prospects,Luke Weaver [Red Refractor] #BCP-141,,,,,,,,,,,,,,,,,,,0,,,,,2016-07-09
1355803,Baseball Cards 2016 Bowman Chrome Prospects,Luke Weaver [Refractor] #BCP-141,$1.45,,,,,,,,,,,,$1.59,,,,,,1,,,,,2016-07-09
10455828,Baseball Cards 2016 Bowman Chrome Prospects,Luke Weaver [Superfractor] #BCP-141,,,,,,,,,,,,,,,,,,,0,,,,,2016-09-07
1343036,Baseball Cards 2016 Bowman Chrome Prospects,Mac Marshall #BCP-205,$0.78,,,,,,,,,,,,$0.99,,,,,,1,,,,,2016-07-09
1343130,Baseball Cards 2016 Bowman Chrome Prospects,Mac Marshall [Black Gold Refractor] #BCP-205,,,,,,,,,,,,,,,,,,,0,,,,,2016-07-09
1343230,Baseball Cards 2016 Bowman Chrome Prospects,Mac Marshall [Blue Refractor] #BCP-205,$0.25,,,,,,,,,,,,$0.99,,,,,,0,,,,,2016-07-09
1343330,Baseball Cards 2016 Bowman Chrome Prospects,Mac Marshall [Blue Shimmer] #BCP-205,$1.45,,,,,,,,,,,,$1.59,,,,,,1,,,,,2016-07-09
1343430,Baseball Cards 2016 Bowman Chrome Prospects,Mac Marshall [Gold Refractor] #BCP-205,$2.20,,,,,,,,,,,,$2.39,,,,,,0,,,,,2016-07-09
1343526,Baseball Cards 2016 Bowman Chrome Prospects,Mac Marshall [Green Refractor] #BCP-205,$0.25,,,,,,,,,,,,$0.99,,,,,,0,,,,,2016-07-09
1343624,Baseball Cards 2016 Bowman Chrome Prospects,Mac Marshall [Orange Refractor] #BCP-205,$6.29,,,,,,,,,,,$1.40,$6.89,,,,,,0,,,,,2016-07-09
1343723,Baseball Cards 2016 Bowman Chrome Prospects,Mac Marshall [Orange Shimmer] #BCP-205,$0.25,,,,,,,,,,,,$0.99,,,,,,0,,,,,2016-07-09
10455904,Baseball Cards 2016 Bowman Chrome Prospects,Mac Marshall [Printing Plate] #BCP-205,,,,,,,,,,,,,,,,,,,0,,,,,2016-09-07
1343823,Baseball Cards 2016 Bowman Chrome Prospects,Mac Marshall [Purple Refractor] #BCP-205,$0.25,,,,,,,,,,,,$0.99,,,,,,0,,,,,2016-07-09
1343922,Baseball Cards 2016 Bowman Chrome Prospects,Mac Marshall [Red Refractor] #BCP-205,$17.79,,,,,,,,,,,$5.00,$19.99,,,,,,0,,,,,2016-07-09
1344021,Baseball Cards 2016 Bowman Chrome Prospects,Mac Marshall [Refractor] #BCP-205,$0.25,,,,,,,,,,,,$0.99,,,,,,0,,,,,2016-07-09
10455905,Baseball Cards 2016 Bowman Chrome Prospects,Mac Marshall [Superfractor] #BCP-205,,,,,,,,,,,,,,,,,,,0,,,,,2016-09-07
1343043,Baseball Cards 2016 Bowman Chrome Prospects,Magneuris Sierra #BCP-212,$1.19,,,,,,,,,,,,$1.29,,,,,,1,,,,,2016-07-09
1343137,Baseball Cards 2016 Bowman Chrome Prospects,Magneuris Sierra [Black Gold Refractor] #BCP-212,,,,,,,,,,,,,,,,,,,0,,,,,2016-07-09
1343237,Baseball Cards 2016 Bowman Chrome Prospects,Magneuris Sierra [Blue Refractor] #BCP-212,$4.99,,,,,,,,,,,$1.10,$5.49,,,,,,1,,,,,2016-07-09
1343337,Baseball Cards 2016 Bowman Chrome Prospects,Magneuris Sierra [Blue Shimmer] #BCP-212,$0.25,,,,,,,,,,,,$0.99,,,,,,0,,,,,2016-07-09
1343436,Baseball Cards 2016 Bowman Chrome Prospects,Magneuris Sierra [Gold Refractor] #BCP-212,$6.29,,,,,,,,,,,$1.40,$6.89,,,,,,0,,,,,2016-07-09
1343533,Baseball Cards 2016 Bowman Chrome Prospects,Magneuris Sierra [Green Refractor] #BCP-212,$1.69,,,,,,,,,,,,$1.89,,,,,,3,,,,,2016-07-09
1343631,Baseball Cards 2016 Bowman Chrome Prospects,Magneuris Sierra [Orange Refractor] #BCP-212,$4.99,,,,,,,,,,,$1.10,$5.49,,,,,,1,,,,,2016-07-09
1343730,Baseball Cards 2016 Bowman Chrome Prospects,Magneuris Sierra [Orange Shimmer] #BCP-212,$3.99,,,,,,,,,,,$0.90,$4.39,,,,,,0,,,,,2016-07-09
10455930,Baseball Cards 2016 Bowman Chrome Prospects,Magneuris Sierra [Printing Plate] #BCP-212,,,,,,,,,,,,,,,,,,,0,,,,,2016-09-07
1343830,Baseball Cards 2016 Bowman Chrome Prospects,Magneuris Sierra [Purple Refractor] #BCP-212,$0.25,,,,,,,,,,,,$0.99,,,,,,0,,,,,2016-07-09
1344782,Baseball Cards 2016 Bowman Chrome Prospects,Magneuris Sierra [Red Refractor] #BCP-212,,,,,,,,,,,,,,,,,,,0,,,,,2016-07-09
1344028,Baseball Cards 2016 Bowman Chrome Prospects,Magneuris Sierra [Refractor] #BCP-212,$2.49,,,,,,,,,,,,$2.69,,,,,,0,,,,,2016-07-09
10455934,Baseball Cards 2016 Bowman Chrome Prospects,Magneuris Sierra [Superfractor] #BCP-212,,,,,,,,,,,,,,,,,,,0,,,,,2016-09-07
1354197,Baseball Cards 2016 Bowman Chrome Prospects,Manny Sanchez #BCP-28,$0.99,,,,,,,,,,,,$1.09,,,,,,1,,,,,2016-07-09
1354347,Baseball Cards 2016 Bowman Chrome Prospects,Manny Sanchez [Blue Refractor] #BCP-28,$0.99,,,,,,,,$0.99,,,,$1.09,,,,,,1,,,,,2016-07-09
1354497,Baseball Cards 2016 Bowman Chrome Prospects,Manny Sanchez [Gold Refractor] #BCP-28,$4.80,,,,,,,,,,,$1.10,$5.29,,,,,,1,,,,,2016-07-09
1354647,Baseball Cards 2016 Bowman Chrome Prospects,Manny Sanchez [Green Refractor] #BCP-28,$4.25,,,,,,,,,,,$0.90,$4.69,,,,,,1,,,,,2016-07-09
1354797,Baseball Cards 2016 Bowman Chrome Prospects,Manny Sanchez [Green Shimmer Refractor] #BCP-28,$3.42,,,,,,,,,,,$0.80,$3.79,,,,,,0,,,,,2016-07-09
1354947,Baseball Cards 2016 Bowman Chrome Prospects,Manny Sanchez [Light Blue Refractor] #BCP-28,,,,,,,,,,,,,,,,,,,0,,,,,2016-07-09
1355097,Baseball Cards 2016 Bowman Chrome Prospects,Manny Sanchez [Orange Refractor] #BCP-28,$3.99,,,,,,,,,,,$0.90,$4.39,,,,,,0,,,,,2016-07-09
1355246,Baseball Cards 2016 Bowman Chrome Prospects,Manny Sanchez [Orange Shimmer Refractor] #BCP-28,$3.93,,,,,,,,,,,$0.90,$4.29,,,,,,0,,,,,2016-07-09
10455608,Baseball Cards 2016 Bowman Chrome Prospects,Manny Sanchez [Printing Plate] #BCP-28,,,,,,,,,,,,,,,,,,,0,,,,,2016-09-07
1355395,Baseball Cards 2016 Bowman Chrome Prospects,Manny Sanchez [Purple Refractor] #BCP-28,$0.25,,,,,,,,,,,,$0.99,,,,,,0,,,,,2016-07-09
1355541,Baseball Cards 2016 Bowman Chrome Prospects,Manny Sanchez [Red Refractor] #BCP-28,,,,,,,,,,,,,,,,,,,0,,,,,2016-07-09
1355690,Baseball Cards 2016 Bowman Chrome Prospects,Manny Sanchez [Refractor] #BCP-28,$1.69,,,,,,,,,,,,$1.89,,,,,,1,,,,,2016-07-09
10455609,Baseball Cards 2016 Bowman Chrome Prospects,Manny Sanchez [Superfractor] #BCP-28,,,,,,,,,,,,,,,,,,,0,,,,,2016-09-07
1343041,Baseball Cards 2016 Bowman Chrome Prospects,Manuel Margot #BCP-210,$2.97,,,,,,,,,,,,$3.29,,,,,,1,,,,,2016-07-09
1343135,Baseball Cards 2016 Bowman Chrome Prospects,Manuel Margot [Black Gold Refractor] #BCP-210,,,,,,,,,,,,,,,,,,,0,,,,,2016-07-09
1343235,Baseball Cards 2016 Bowman Chrome Prospects,Manuel Margot [Blue Refractor] #BCP-210,$0.25,,,,,,,,,,,,$0.99,,,,,,0,,,,,2016-07-09
1343335,Baseball Cards 2016 Bowman Chrome Prospects,Manuel Margot [Blue Shimmer] #BCP-210,$0.25,,,,,,,,,,,,$0.99,,,,,,0,,,,,2016-07-09
1343435,Baseball Cards 2016 Bowman Chrome Prospects,Manuel Margot [Gold Refractor] #BCP-210,$1.25,,,,,,,,,,,,$1.39,,,,,,1,,,,,2016-07-09
1343531,Baseball Cards 2016 Bowman Chrome Prospects,Manuel Margot [Green Refractor] #BCP-210,$0.25,,,,,,,,,,,,$0.99,,,,,,0,,,,,2016-07-09
1343629,Baseball Cards 2016 Bowman Chrome Prospects,Manuel Margot [Orange Refractor] #BCP-210,$0.99,,,,,,,,,,,,$1.09,,,,,,1,,,,,2016-07-09
1343728,Baseball Cards 2016 Bowman Chrome Prospects,Manuel Margot [Orange Shimmer] #BCP-210,$0.25,,,,,,,,,,,,$0.99,,,,,,0,,,,,2016-07-09
10455920,Baseball Cards 2016 Bowman Chrome Prospects,Manuel Margot [Printing Plate] #BCP-210,,,,,,,,,,,,,,,,,,,0,,,,,2016-09-07
1343828,Baseball Cards 2016 Bowman Chrome Prospects,Manuel Margot [Purple Refractor] #BCP-210,$0.25,,,,,,,,,,,,$0.99,,,,,,0,,,,,2016-07-09
1343927,Baseball Cards 2016 Bowman Chrome Prospects,Manuel Margot [Red Refractor] #BCP-210,,,,,,,,,,,,,,,,,,,0,,,,,2016-07-09
1344025,Baseball Cards 2016 Bowman Chrome Prospects,Manuel Margot [Refractor] #BCP-210,$0.25,,,,,,,,,,,,$0.99,,,,,,0,,,,,2016-07-09
10455922,Baseball Cards 2016 Bowman Chrome Prospects,Manuel Margot [Superfractor] #BCP-210,,,,,,,,,,,,,,,,,,,0,,,,,2016-09-07
1354205,Baseball Cards 2016 Bowman Chrome Prospects,Mark Zagunis #BCP-36,$0.99,,,,,,,,,,,,$1.09,,,,,,2,,,,,2016-07-09
1354355,Baseball Cards 2016 Bowman Chrome Prospects,Mark Zagunis [Blue Refractor] #BCP-36,$1.97,,,,,,,,,,,,$2.19,,,,,,1,,,,,2016-07-09
1354505,Baseball Cards 2016 Bowman Chrome Prospects,Mark Zagunis [Gold Refractor] #BCP-36,,,,,,,,,,,,,,,,,,,0,,,,,2016-07-09
1354655,Baseball Cards 2016 Bowman Chrome Prospects,Mark Zagunis [Green Refractor] #BCP-36,$0.25,,,,,,,,,,,,$0.99,,,,,,0,,,,,2016-07-09
1354805,Baseball Cards 2016 Bowman Chrome Prospects,Mark Zagunis [Green Shimmer Refractor] #BCP-36,$2.99,,,,,,,,,,,,$3.29,,,,,,1,,,,,2016-07-09
1354955,Baseball Cards 2016 Bowman Chrome Prospects,Mark Zagunis [Light Blue Refractor] #BCP-36,,,,,,,,,,,,,,,,,,,0,,,,,2016-07-09
1355105,Baseball Cards 2016 Bowman Chrome Prospects,Mark Zagunis [Orange Refractor] #BCP-36,$3.95,,,,,,,,,,,$0.90,$4.39,,,,,,1,,,,,2016-07-09
1355254,Baseball Cards 2016 Bowman Chrome Prospects,Mark Zagunis [Orange Shimmer Refractor] #BCP-36,$0.99,,,,,,,,,,,,$1.09,,,,,,1,,,,,2016-07-09
10455631,Baseball Cards 2016 Bowman Chrome Prospects,Mark Zagunis [Printing Plate] #BCP-36,,,,,,,,,,,,,,,,,,,0,,,,,2016-09-07
1355402,Baseball Cards 2016 Bowman Chrome Prospects,Mark Zagunis [Purple Refractor] #BCP-36,$2.00,,,,,,,,,,,,$2.19,,,,,,0,,,,,2016-07-09
1355549,Baseball Cards 2016 Bowman Chrome Prospects,Mark Zagunis [Red Refractor] #BCP-36,,,,,,,,,,,,,,,,,,,0,,,,,2016-07-09
1355698,Baseball Cards 2016 Bowman Chrome Prospects,Mark Zagunis [Refractor] #BCP-36,$0.25,,,,,,,,,,,,$0.99,,,,,,0,,,,,2016-07-09
10455630,Baseball Cards 2016 Bowman Chrome Prospects,Mark Zagunis [Superfractor] #BCP-36,,,,,,,,,,,,,,,,,,,0,,,,,2016-09-07
1354316,Baseball Cards 2016 Bowman Chrome Prospects,Matt Chapman #BCP-147,$1.25,,,,,,,,,,,,$1.39,,,,,,3,,,,,2016-07-09
1354466,Baseball Cards 2016 Bowman Chrome Prospects,Matt Chapman [Blue Refractor] #BCP-147,$2.36,,,,,,,,,,,,$2.59,,,,,,1,,,,,2016-07-09
1354616,Baseball Cards 2016 Bowman Chrome Prospects,Matt Chapman [Gold Refractor] #BCP-147,$14.32,,,,,,,,,,,$4.00,$15.99,,,,,,1,,,,,2016-07-09
1354766,Baseball Cards 2016 Bowman Chrome Prospects,Matt Chapman [Green Refractor] #BCP-147,$1.98,,,$5.50,$6.00,,,,,,,,$2.19,,,,,,2,,,,,2016-07-09
1354916,Baseball Cards 2016 Bowman Chrome Prospects,Matt Chapman [Green Shimmer Refractor] #BCP-147,$4.99,,,,,$8.50,$11.00,$5.00,$5.00,,,$1.10,$5.49,,,,,,2,,,,,2016-07-09
1355066,Baseball Cards 2016 Bowman Chrome Prospects,Matt Chapman [Light Blue Refractor] #BCP-147,,,,,,,,,,,,,,,,,,,0,,,,,2016-07-09
1355216,Baseball Cards 2016 Bowman Chrome Prospects,Matt Chapman [Orange Refractor] #BCP-147,,,,,,,,,,,,,,,,,,,0,,,,,2016-07-09
1355365,Baseball Cards 2016 Bowman Chrome Prospects,Matt Chapman [Orange Shimmer Refractor] #BCP-147,$1.99,,,,,,,,,,,,$2.19,,,,,,1,,,,,2016-07-09
10455840,Baseball Cards 2016 Bowman Chrome Prospects,Matt Chapman [Printing Plate] #BCP-147,,,,,,,,,,,,,,,,,,,0,,,,,2016-09-07
1355510,Baseball Cards 2016 Bowman Chrome Prospects,Matt Chapman [Purple Refractor] #BCP-147,$3.39,,,,,,,,,,,,$3.69,,,,,,1,,,,,2016-07-09
1355659,Baseball Cards 2016 Bowman Chrome Prospects,Matt Chapman [Red Refractor] #BCP-147,,,,,,,,,,,,,,,,,,,0,,,,,2016-07-09
1355809,Baseball Cards 2016 Bowman Chrome Prospects,Matt Chapman [Refractor] #BCP-147,$3.01,,,$10.00,$11.00,,,,,,,,$3.29,,,,,,2,,,,,2016-07-09
10455838,Baseball Cards 2016 Bowman Chrome Prospects,Matt Chapman [Superfractor] #BCP-147,,,,,,,,,,,,,,,,,,,0,,,,,2016-09-07
1354211,Baseball Cards 2016 Bowman Chrome Prospects,Mauricio Dubon #BCP-42,$1.50,,$6.24,$11.99,$22.00,$22.00,$29.00,$13.00,$13.00,,,,$1.69,,,$1.40,$6.89,,19,,,,,2016-07-09
1354361,Baseball Cards 2016 Bowman Chrome Prospects,Mauricio Dubon [Blue Refractor] #BCP-42,$12.00,,,,,,,,,,,$3.30,$12.99,,,,,,2,,,,,2016-07-09
1354511,Baseball Cards 2016 Bowman Chrome Prospects,Mauricio Dubon [Gold Refractor] #BCP-42,$10.11,,,$42.08,$46.00,,,,,,,$2.80,$10.99,,,,,,2,,,,,2016-07-09
1354661,Baseball Cards 2016 Bowman Chrome Prospects,Mauricio Dubon [Green Refractor] #BCP-42,$8.49,,$11.69,$18.57,$31.72,$41.27,$54.00,$25.00,$25.00,,,$1.90,$9.29,,,$3.30,$12.99,,14,,,,,2016-07-09
1354811,Baseball Cards 2016 Bowman Chrome Prospects,Mauricio Dubon [Green Shimmer Refractor] #BCP-42,$8.41,,,,,,,,,,,$1.90,$9.29,,,,,,2,,,,,2016-07-09
1354961,Baseball Cards 2016 Bowman Chrome Prospects,Mauricio Dubon [Light Blue Refractor] #BCP-42,,,,,,,,,,,,,,,,,,,0,,,,,2016-07-09
1355111,Baseball Cards 2016 Bowman Chrome Prospects,Mauricio Dubon [Orange Refractor] #BCP-42,$32.73,,,,,,,,,,,$14.40,$35.99,,,,,,1,,,,,2016-07-09
1355260,Baseball Cards 2016 Bowman Chrome Prospects,Mauricio Dubon [Orange Shimmer Refractor] #BCP-42,$42.21,,,,,,,,,,,$18.40,$45.99,,,,,,2,,,,,2016-07-09
10455652,Baseball Cards 2016 Bowman Chrome Prospects,Mauricio Dubon [Printing Plate] #BCP-42,,,,,,,,,,,,,,,,,,,0,,,,,2016-09-07
1355408,Baseball Cards 2016 Bowman Chrome Prospects,Mauricio Dubon [Purple Refractor] #BCP-42,$11.49,,,,,,,,,,,$3.30,$12.99,,,,,,2,,,,,2016-07-09
1355555,Baseball Cards 2016 Bowman Chrome Prospects,Mauricio Dubon [Red Refractor] #BCP-42,,,,,,,,,,,,,,,,,,,0,,,,,2016-07-09
1355704,Baseball Cards 2016 Bowman Chrome Prospects,Mauricio Dubon [Refractor] #BCP-42,$4.11,,,,,,,,,,,$0.90,$4.49,,,,,,2,,,,,2016-07-09
10455653,Baseball Cards 2016 Bowman Chrome Prospects,Mauricio Dubon [Superfractor] #BCP-42,,,,,,,,,,,,,,,,,,,0,,,,,2016-09-07
1354282,Baseball Cards 2016 Bowman Chrome Prospects,Max Fried #BCP-113,$1.64,,$6.29,$13.00,$22.26,$32.18,$42.00,$19.00,$19.00,,,,$1.79,,,$1.40,$6.89,,10,,,,,2016-07-09
1354432,Baseball Cards 2016 Bowman Chrome Prospects,Max Fried [Blue Refractor] #BCP-113,$4.75,,,,,,,,,,,$1.00,$5.19,,,,,,1,,,,,2016-07-09
1354582,Baseball Cards 2016 Bowman Chrome Prospects,Max Fried [Gold Refractor] #BCP-113,$20.00,,,,,,,,,,,$6.60,$21.99,,,,,,1,,,,,2016-07-09
1354732,Baseball Cards 2016 Bowman Chrome Prospects,Max Fried [Green Refractor] #BCP-113,$2.99,,,,,,,,,,,,$3.29,,,,,,1,,,,,2016-07-09
1354882,Baseball Cards 2016 Bowman Chrome Prospects,Max Fried [Green Shimmer Refractor] #BCP-113,$3.42,,,,,,,,,,,$0.80,$3.79,,,,,,1,,,,,2016-07-09
1355032,Baseball Cards 2016 Bowman Chrome Prospects,Max Fried [Light Blue Refractor] #BCP-113,,,,,,,,,,,,,,,,,,,0,,,,,2016-07-09
1355182,Baseball Cards 2016 Bowman Chrome Prospects,Max Fried [Orange Refractor] #BCP-113,$14.99,,,,,,,,,,,$4.00,$15.99,,,,,,2,,,,,2016-07-09
1355331,Baseball Cards 2016 Bowman Chrome Prospects,Max Fried [Orange Shimmer Refractor] #BCP-113,$34.70,,,,,,,,,,,$15.20,$37.99,,,,,,0,,,,,2016-07-09
10455771,Baseball Cards 2016 Bowman Chrome Prospects,Max Fried [Printing Plate] #BCP-113,$49.99,,,,,,,,,,,$22.00,$54.99,,,,,,1,,,,,2016-09-07
1355476,Baseball Cards 2016 Bowman Chrome Prospects,Max Fried [Purple Refractor] #BCP-113,$2.72,,$19.99,,,,,,,,,,$2.99,,,$6.60,$21.99,,3,,,,,2016-07-09
1355626,Baseball Cards 2016 Bowman Chrome Prospects,Max Fried [Red Refractor] #BCP-113,,,,,,,,,,,,,,,,,,,0,,,,,2016-07-09
1355775,Baseball Cards 2016 Bowman Chrome Prospects,Max Fried [Refractor] #BCP-113,$3.00,,,,,,,,,,,,$3.29,,,,,,2,,,,,2016-07-09
10455775,Baseball Cards 2016 Bowman Chrome Prospects,Max Fried [Superfractor] #BCP-113,,,,,,,,,,,,,,,,,,,0,,,,,2016-09-07
1354260,Baseball Cards 2016 Bowman Chrome Prospects,Michael Fulmer #BCP-91,$0.99,,,,,,,,,,,,$1.09,,,,,,2,,,,,2016-07-09
1354410,Baseball Cards 2016 Bowman Chrome Prospects,Michael Fulmer [Blue Refractor] #BCP-91,$1.99,,,,,,,,,,,,$2.19,,,,,,1,,,,,2016-07-09
1354560,Baseball Cards 2016 Bowman Chrome Prospects,Michael Fulmer [Gold Refractor] #BCP-91,$1.99,,,,,,,,,,,,$2.19,,,,,,1,,,,,2016-07-09
1354710,Baseball Cards 2016 Bowman Chrome Prospects,Michael Fulmer [Green Refractor] #BCP-91,$4.99,,,,,,,,,,,$1.10,$5.49,,,,,,0,,,,,2016-07-09
1354860,Baseball Cards 2016 Bowman Chrome Prospects,Michael Fulmer [Green Shimmer Refractor] #BCP-91,$2.84,,,,,,,,,,,,$3.09,,,,,,0,,,,,2016-07-09
1355010,Baseball Cards 2016 Bowman Chrome Prospects,Michael Fulmer [Light Blue Refractor] #BCP-91,,,,,,,,,,,,,,,,,,,0,,,,,2016-07-09
1355160,Baseball Cards 2016 Bowman Chrome Prospects,Michael Fulmer [Orange Refractor] #BCP-91,,,,,,,,,,,,,,,,,,,0,,,,,2016-07-09
1355309,Baseball Cards 2016 Bowman Chrome Prospects,Michael Fulmer [Orange Shimmer Refractor] #BCP-91,$17.99,,,,,,,,,,,$5.00,$19.99,,,,,,0,,,,,2016-07-09
10455728,Baseball Cards 2016 Bowman Chrome Prospects,Michael Fulmer [Printing Plate] #BCP-91,,,,,,,,,,,,,,,,,,,0,,,,,2016-09-07
1355456,Baseball Cards 2016 Bowman Chrome Prospects,Michael Fulmer [Purple Refractor] #BCP-91,$0.25,,,,,,,,,,,,$0.99,,,,,,0,,,,,2016-07-09
1355604,Baseball Cards 2016 Bowman Chrome Prospects,Michael Fulmer [Red Refractor] #BCP-91,,,,,,,,,,,,,,,,,,,0,,,,,2016-07-09
1355753,Baseball Cards 2016 Bowman Chrome Prospects,Michael Fulmer [Refractor] #BCP-91,$1.75,,,,,,,,,,,,$1.89,,,,,,1,,,,,2016-07-09
10455729,Baseball Cards 2016 Bowman Chrome Prospects,Michael Fulmer [Superfractor] #BCP-91,,,,,,,,,,,,,,,,,,,0,,,,,2016-09-07
1354284,Baseball Cards 2016 Bowman Chrome Prospects,Michael Kopech #BCP-115,$1.12,,,,,,,,,,,,$1.19,,,,,,2,,,,,2016-07-09
1354434,Baseball Cards 2016 Bowman Chrome Prospects,Michael Kopech [Blue Refractor] #BCP-115,$29.81,,,,,,,,,,,$9.90,$32.99,,,,,,1,,,,,2016-07-09
1354584,Baseball Cards 2016 Bowman Chrome Prospects,Michael Kopech [Gold Refractor] #BCP-115,$24.69,,,,,,,,,,,$8.10,$26.99,,,,,,1,,,,,2016-07-09
1354734,Baseball Cards 2016 Bowman Chrome Prospects,Michael Kopech [Green Refractor] #BCP-115,$3.99,,,,,,,,,,,$0.90,$4.39,,,,,,1,,,,,2016-07-09
1354884,Baseball Cards 2016 Bowman Chrome Prospects,Michael Kopech [Green Shimmer Refractor] #BCP-115,$5.75,,,,,,,,,,,$1.30,$6.29,,,,,,1,,,,,2016-07-09
1355034,Baseball Cards 2016 Bowman Chrome Prospects,Michael Kopech [Light Blue Refractor] #BCP-115,,,,,,,,,,,,,,,,,,,0,,,,,2016-07-09
1355184,Baseball Cards 2016 Bowman Chrome Prospects,Michael Kopech [Orange Refractor] #BCP-115,,,,,,$10.00,$13.00,$6.00,$6.00,,,,,,,,,,1,,,,,2016-07-09
1355333,Baseball Cards 2016 Bowman Chrome Prospects,Michael Kopech [Orange Shimmer Refractor] #BCP-115,,,,,,,,,,,,,,,,,,,0,,,,,2016-07-09
10455774,Baseball Cards 2016 Bowman Chrome Prospects,Michael Kopech [Printing Plate] #BCP-115,,,,,,,,,,,,,,,,,,,0,,,,,2016-09-07
1355478,Baseball Cards 2016 Bowman Chrome Prospects,Michael Kopech [Purple Refractor] #BCP-115,$2.99,,,,,,,,,,,,$3.29,,,,,,1,,,,,2016-07-09
1355628,Baseball Cards 2016 Bowman Chrome Prospects,Michael Kopech [Red Refractor] #BCP-115,$249.99,,,,,,,,,,,$137.50,$275.00,,,,,,0,,,,,2016-07-09
1355777,Baseball Cards 2016 Bowman Chrome Prospects,Michael Kopech [Refractor] #BCP-115,$1.50,,,$0.99,$1.00,,,,,,,,$1.69,,,,,,2,,,,,2016-07-09
10455776,Baseball Cards 2016 Bowman Chrome Prospects,Michael Kopech [Superfractor] #BCP-115,,,,,,,,,,,,,,,,,,,0,,,,,2016-09-07
1343025,Baseball Cards 2016 Bowman Chrome Prospects,Michael Soroka #BCP-194,$1.59,,,,,,,,,,,,$1.79,,,,,,1,,,,,2016-07-09
1354251,Baseball Cards 2016 Bowman Chrome Prospects,Michael Soroka #BCP-82,$0.97,$3.00,$3.75,,$5.76,,,,,,,,$1.09,,$3.29,$0.80,$4.09,,5,,,,,2016-07-09
1343119,Baseball Cards 2016 Bowman Chrome Prospects,Michael Soroka [Black Gold Refractor] #BCP-194,,,,,,,,,,,,,,,,,,,0,,,,,2016-07-09
1343219,Baseball Cards 2016 Bowman Chrome Prospects,Michael Soroka [Blue Refractor] #BCP-194,$3.99,,,,,,,,,,,$0.90,$4.39,,,,,,0,,,,,2016-07-09
1354401,Baseball Cards 2016 Bowman Chrome Prospects,Michael Soroka [Blue Refractor] #BCP-82,$4.33,,,,,,,,,,,$1.00,$4.79,,,,,,1,,,,,2016-07-09
1343319,Baseball Cards 2016 Bowman Chrome Prospects,Michael Soroka [Blue Shimmer] #BCP-194,$0.25,,,,,,,,,,,,$0.99,,,,,,0,,,,,2016-07-09
1343419,Baseball Cards 2016 Bowman Chrome Prospects,Michael Soroka [Gold Refractor] #BCP-194,$5.28,,,,,,,,,,,$1.20,$5.79,,,,,,1,,,,,2016-07-09
1354551,Baseball Cards 2016 Bowman Chrome Prospects,Michael Soroka [Gold Refractor] #BCP-82,$5.99,,,,,,,,,,,$1.30,$6.59,,,,,,1,,,,,2016-07-09
1343515,Baseball Cards 2016 Bowman Chrome Prospects,Michael Soroka [Green Refractor] #BCP-194,$1.62,,,,,,,,,,,,$1.79,,,,,,1,,,,,2016-07-09
1354701,Baseball Cards 2016 Bowman Chrome Prospects,Michael Soroka [Green Refractor] #BCP-82,$3.59,,,,,,,,,,,$0.80,$3.99,,,,,,0,,,,,2016-07-09
1354851,Baseball Cards 2016 Bowman Chrome Prospects,Michael Soroka [Green Shimmer Refractor] #BCP-82,$2.18,,,,,,,,,,,,$2.39,,,,,,0,,,,,2016-07-09
1355001,Baseball Cards 2016 Bowman Chrome Prospects,Michael Soroka [Light Blue Refractor] #BCP-82,,,,,,,,,,,,,,,,,,,0,,,,,2016-07-09
1343613,Baseball Cards 2016 Bowman Chrome Prospects,Michael Soroka [Orange Refractor] #BCP-194,,,,,,,,,,,,,,,,,,,0,,,,,2016-07-09
1355151,Baseball Cards 2016 Bowman Chrome Prospects,Michael Soroka [Orange Refractor] #BCP-82,,,,,,$48.50,$63.00,$29.00,$29.00,,,,,,,,,,9,,,,,2016-07-09
1355300,Baseball Cards 2016 Bowman Chrome Prospects,Michael Soroka [Orange Shimmer Refractor] #BCP-82,,,,,,,,,,,,,,,,,,,0,,,,,2016-07-09
1343712,Baseball Cards 2016 Bowman Chrome Prospects,Michael Soroka [Orange Shimmer] #BCP-194,$2.30,,,,,,,,,,,,$2.49,,,,,,2,,,,,2016-07-09
10456053,Baseball Cards 2016 Bowman Chrome Prospects,Michael Soroka [Printing Plate] #BCP-194,,,,,,,,,,,,,,,,,,,0,,,,,2016-09-07
10455712,Baseball Cards 2016 Bowman Chrome Prospects,Michael Soroka [Printing Plate] #BCP-82,,,,,,,,,,,,,,,,,,,0,,,,,2016-09-07
1343812,Baseball Cards 2016 Bowman Chrome Prospects,Michael Soroka [Purple Refractor] #BCP-194,$2.70,,,,,,,,,,,,$2.99,,,,,,1,,,,,2016-07-09
1355447,Baseball Cards 2016 Bowman Chrome Prospects,Michael Soroka [Purple Refractor] #BCP-82,$2.50,,,,,,,,,,,,$2.79,,,,,,1,,,,,2016-07-09
1343911,Baseball Cards 2016 Bowman Chrome Prospects,Michael Soroka [Red Refractor] #BCP-194,,,,$39.00,$43.00,,,,,,,,,,,,,,1,,,,,2016-07-09
1355595,Baseball Cards 2016 Bowman Chrome Prospects,Michael Soroka [Red Refractor] #BCP-82,,,,,,,,,,,,,,,,,,,0,,,,,2016-07-09
1344010,Baseball Cards 2016 Bowman Chrome Prospects,Michael Soroka [Refractor] #BCP-194,$2.83,,,,,,,,,,,,$3.09,,,,,,0,,,,,2016-07-09
1355744,Baseball Cards 2016 Bowman Chrome Prospects,Michael Soroka [Refractor] #BCP-82,$1.62,,,$9.00,$10.00,,,,,,,,$1.79,,,,,,2,,,,,2016-07-09
10455996,Baseball Cards 2016 Bowman Chrome Prospects,Michael Soroka [Superfractor] #BCP-194,,,,,,,,,,,,,,,,,,,0,,,,,2016-09-07
10455852,Baseball Cards 2016 Bowman Chrome Prospects,Michael Soroka [Superfractor] #BCP-82,,,,,,,,,,,,,,,,,,,0,,,,,2016-09-07
1354221,Baseball Cards 2016 Bowman Chrome Prospects,Mike Clevinger #BCP-52,$1.59,,$7.95,$8.94,$10.00,$10.62,$14.00,$6.00,$6.00,,,,$1.79,,,$1.80,$8.79,,8,,,,,2016-07-09
1354371,Baseball Cards 2016 Bowman Chrome Prospects,Mike Clevinger [Blue Refractor] #BCP-52,$3.99,,,,,,,,,,,$0.90,$4.39,,,,,,1,,,,,2016-07-09
1354521,Baseball Cards 2016 Bowman Chrome Prospects,Mike Clevinger [Gold Refractor] #BCP-52,$5.99,,,,,,,,,,,$1.30,$6.59,,,,,,1,,,,,2016-07-09
1354671,Baseball Cards 2016 Bowman Chrome Prospects,Mike Clevinger [Green Refractor] #BCP-52,$6.63,,,,,,,,,,,$1.50,$7.29,,,,,,1,,,,,2016-07-09
1354821,Baseball Cards 2016 Bowman Chrome Prospects,Mike Clevinger [Green Shimmer Refractor] #BCP-52,$3.12,,,$14.99,$16.00,,,,,,,,$3.39,,,,,,1,,,,,2016-07-09
1354971,Baseball Cards 2016 Bowman Chrome Prospects,Mike Clevinger [Light Blue Refractor] #BCP-52,,,,,,,,,,,,,,,,,,,0,,,,,2016-07-09
1355121,Baseball Cards 2016 Bowman Chrome Prospects,Mike Clevinger [Orange Refractor] #BCP-52,$9.99,,,,,$4.25,$6.00,$3.00,$3.00,,,$2.80,$10.99,,,,,,2,,,,,2016-07-09
1355270,Baseball Cards 2016 Bowman Chrome Prospects,Mike Clevinger [Orange Shimmer Refractor] #BCP-52,$17.78,,,,,,,,,,,$5.00,$19.99,,,,,,0,,,,,2016-07-09
10455621,Baseball Cards 2016 Bowman Chrome Prospects,Mike Clevinger [Printing Plate] #BCP-52,,,,,,,,,,,,,,,,,,,0,,,,,2016-09-07
1355418,Baseball Cards 2016 Bowman Chrome Prospects,Mike Clevinger [Purple Refractor] #BCP-52,$2.24,,,,,,,,,,,,$2.49,,,,,,1,,,,,2016-07-09
1355565,Baseball Cards 2016 Bowman Chrome Prospects,Mike Clevinger [Red Refractor] #BCP-52,$39.99,,,,,,,,,,,$17.60,$43.99,,,,,,1,,,,,2016-07-09
1355714,Baseball Cards 2016 Bowman Chrome Prospects,Mike Clevinger [Refractor] #BCP-52,$2.54,,,,,,,,,,,,$2.79,,,,,,1,,,,,2016-07-09
10455623,Baseball Cards 2016 Bowman Chrome Prospects,Mike Clevinger [Superfractor] #BCP-52,,,,,,,,,,,,,,,,,,,0,,,,,2016-09-07
1343072,Baseball Cards 2016 Bowman Chrome Prospects,Mike Gerber #BCP-241,$1.22,,,,,,,,,,,,$1.29,,,,,,1,,,,,2016-07-09
1343166,Baseball Cards 2016 Bowman Chrome Prospects,Mike Gerber [Black Gold Refractor] #BCP-241,,,,,,,,,,,,,,,,,,,0,,,,,2016-07-09
1343266,Baseball Cards 2016 Bowman Chrome Prospects,Mike Gerber [Blue Refractor] #BCP-241,$2.69,,,,,,,,,,,,$2.99,,,,,,1,,,,,2016-07-09
1343366,Baseball Cards 2016 Bowman Chrome Prospects,Mike Gerber [Blue Shimmer] #BCP-241,$0.25,,,,,,,,,,,,$0.99,,,,,,0,,,,,2016-07-09
1343464,Baseball Cards 2016 Bowman Chrome Prospects,Mike Gerber [Gold Refractor] #BCP-241,$8.59,,,,,,,,,,,$1.90,$9.49,,,,,,0,,,,,2016-07-09
1343561,Baseball Cards 2016 Bowman Chrome Prospects,Mike Gerber [Green Refractor] #BCP-241,$1.99,,,,,,,,,,,,$2.19,,,,,,1,,,,,2016-07-09
1343659,Baseball Cards 2016 Bowman Chrome Prospects,Mike Gerber [Orange Refractor] #BCP-241,$7.44,,,,,,,,,,,$1.60,$8.19,,,,,,0,,,,,2016-07-09
1343759,Baseball Cards 2016 Bowman Chrome Prospects,Mike Gerber [Orange Shimmer] #BCP-241,$2.04,,,,,,,,,,,,$2.19,,,,,,0,,,,,2016-07-09
10456031,Baseball Cards 2016 Bowman Chrome Prospects,Mike Gerber [Printing Plate] #BCP-241,,,,,,,,,,,,,,,,,,,0,,,,,2016-09-07
1343859,Baseball Cards 2016 Bowman Chrome Prospects,Mike Gerber [Purple Refractor] #BCP-241,$2.24,,,,,,,,,,,,$2.49,,,,,,1,,,,,2016-07-09
1343957,Baseball Cards 2016 Bowman Chrome Prospects,Mike Gerber [Red Refractor] #BCP-241,$7.99,,,,,,,,,,,$1.80,$8.79,,,,,,1,,,,,2016-07-09
1344057,Baseball Cards 2016 Bowman Chrome Prospects,Mike Gerber [Refractor] #BCP-241,$0.25,,,,,,,,,,,,$0.99,,,,,,0,,,,,2016-07-09
10456029,Baseball Cards 2016 Bowman Chrome Prospects,Mike Gerber [Superfractor] #BCP-241,,,,,,,,,,,,,,,,,,,0,,,,,2016-09-07
1354250,Baseball Cards 2016 Bowman Chrome Prospects,Mike Nikorak #BCP-81,$0.99,,,,,,,,,,,,$1.09,,,,,,1,,,,,2016-07-09
1354400,Baseball Cards 2016 Bowman Chrome Prospects,Mike Nikorak [Blue Refractor] #BCP-81,$1.40,,,,,,,,,,,,$1.49,,,,,,1,,,,,2016-07-09
1354550,Baseball Cards 2016 Bowman Chrome Prospects,Mike Nikorak [Gold Refractor] #BCP-81,$5.00,,,,,,,,,,,$1.10,$5.49,,,,,,0,,,,,2016-07-09
1354700,Baseball Cards 2016 Bowman Chrome Prospects,Mike Nikorak [Green Refractor] #BCP-81,$0.25,,,,,,,,,,,,$0.99,,,,,,0,,,,,2016-07-09
1354850,Baseball Cards 2016 Bowman Chrome Prospects,Mike Nikorak [Green Shimmer Refractor] #BCP-81,$6.10,,,,,,,,,,,$1.30,$6.69,,,,,,1,,,,,2016-07-09
1355000,Baseball Cards 2016 Bowman Chrome Prospects,Mike Nikorak [Light Blue Refractor] #BCP-81,,,,,,,,,,,,,,,,,,,0,,,,,2016-07-09
1355150,Baseball Cards 2016 Bowman Chrome Prospects,Mike Nikorak [Orange Refractor] #BCP-81,$8.29,,,,,,,,,,,$1.80,$9.09,,,,,,0,,,,,2016-07-09
1355299,Baseball Cards 2016 Bowman Chrome Prospects,Mike Nikorak [Orange Shimmer Refractor] #BCP-81,$6.29,,,,,,,,,,,$1.40,$6.89,,,,,,0,,,,,2016-07-09
10455711,Baseball Cards 2016 Bowman Chrome Prospects,Mike Nikorak [Printing Plate] #BCP-81,,,,,,,,,,,,,,,,,,,0,,,,,2016-09-07
1355446,Baseball Cards 2016 Bowman Chrome Prospects,Mike Nikorak [Purple Refractor] #BCP-81,$0.25,,,,,,,,,,,,$0.99,,,,,,0,,,,,2016-07-09
1355594,Baseball Cards 2016 Bowman Chrome Prospects,Mike Nikorak [Red Refractor] #BCP-81,,,,,,,,,,,,,,,,,,,0,,,,,2016-07-09
1355743,Baseball Cards 2016 Bowman Chrome Prospects,Mike Nikorak [Refractor] #BCP-81,$0.25,,,,,,,,,,,,$0.99,,,,,,0,,,,,2016-07-09
10455710,Baseball Cards 2016 Bowman Chrome Prospects,Mike Nikorak [Superfractor] #BCP-81,,,,,,,,,,,,,,,,,,,0,,,,,2016-09-07
1354213,Baseball Cards 2016 Bowman Chrome Prospects,Mikey White #BCP-44,$0.25,,,,,,,,,,,,$0.99,,,,,,0,,,,,2016-07-09
1354363,Baseball Cards 2016 Bowman Chrome Prospects,Mikey White [Blue Refractor] #BCP-44,$1.67,,,,,,,,,,,,$1.79,,,,,,1,,,,,2016-07-09
1354513,Baseball Cards 2016 Bowman Chrome Prospects,Mikey White [Gold Refractor] #BCP-44,$6.29,,,,,,,,,,,$1.40,$6.89,,,,,,0,,,,,2016-07-09
1354663,Baseball Cards 2016 Bowman Chrome Prospects,Mikey White [Green Refractor] #BCP-44,$2.84,,,,,,,,,,,,$3.09,,,,,,0,,,,,2016-07-09
1354813,Baseball Cards 2016 Bowman Chrome Prospects,Mikey White [Green Shimmer Refractor] #BCP-44,$2.49,,,,,,,,,,,,$2.69,,,,,,0,,,,,2016-07-09
1354963,Baseball Cards 2016 Bowman Chrome Prospects,Mikey White [Light Blue Refractor] #BCP-44,,,,,,,,,,,,,,,,,,,0,,,,,2016-07-09
1355113,Baseball Cards 2016 Bowman Chrome Prospects,Mikey White [Orange Refractor] #BCP-44,$3.42,,,,,,,,,,,$0.80,$3.79,,,,,,0,,,,,2016-07-09
1355262,Baseball Cards 2016 Bowman Chrome Prospects,Mikey White [Orange Shimmer Refractor] #BCP-44,$6.29,,,,,,,,,,,$1.40,$6.89,,,,,,0,,,,,2016-07-09
10455658,Baseball Cards 2016 Bowman Chrome Prospects,Mikey White [Printing Plate] #BCP-44,,,,,,,,,,,,,,,,,,,0,,,,,2016-09-07
1355410,Baseball Cards 2016 Bowman Chrome Prospects,Mikey White [Purple Refractor] #BCP-44,$3.41,,,,,,,,,,,$0.80,$3.79,,,,,,1,,,,,2016-07-09
1355557,Baseball Cards 2016 Bowman Chrome Prospects,Mikey White [Red Refractor] #BCP-44,,,,,,,,,,,,,,,,,,,0,,,,,2016-07-09
1355706,Baseball Cards 2016 Bowman Chrome Prospects,Mikey White [Refractor] #BCP-44,$1.57,,,,,,,,,,,,$1.69,,,,,,1,,,,,2016-07-09
10455660,Baseball Cards 2016 Bowman Chrome Prospects,Mikey White [Superfractor] #BCP-44,,,,,,,,,,,,,,,,,,,0,,,,,2016-09-07
1343038,Baseball Cards 2016 Bowman Chrome Prospects,Mitch Keller #BCP-207,$0.99,,,,,$19.99,$26.00,$12.00,$12.00,,,,$1.09,,,,,,2,,,,,2016-07-09
1343132,Baseball Cards 2016 Bowman Chrome Prospects,Mitch Keller [Black Gold Refractor] #BCP-207,$1.89,,,,,,,,,,,,$2.09,,,,,,1,,,,,2016-07-09
1343232,Baseball Cards 2016 Bowman Chrome Prospects,Mitch Keller [Blue Refractor] #BCP-207,$23.54,,,,,,,,,,,$7.80,$25.99,,,,,,0,,,,,2016-07-09
1343332,Baseball Cards 2016 Bowman Chrome Prospects,Mitch Keller [Blue Shimmer] #BCP-207,$4.79,,,,,,,,,,,$1.10,$5.29,,,,,,1,,,,,2016-07-09
1343432,Baseball Cards 2016 Bowman Chrome Prospects,Mitch Keller [Gold Refractor] #BCP-207,$0.99,,,,,,,,,,,,$1.09,,,,,,1,,,,,2016-07-09
1343528,Baseball Cards 2016 Bowman Chrome Prospects,Mitch Keller [Green Refractor] #BCP-207,$5.39,,,,,,,,,,,$1.20,$5.89,,,,,,1,,,,,2016-07-09
1343626,Baseball Cards 2016 Bowman Chrome Prospects,Mitch Keller [Orange Refractor] #BCP-207,,,,,,,,,,,,,,,,,,,0,,,,,2016-07-09
1343725,Baseball Cards 2016 Bowman Chrome Prospects,Mitch Keller [Orange Shimmer] #BCP-207,$6.29,,,,,,,,,,,$1.40,$6.89,,,,,,0,,,,,2016-07-09
10455910,Baseball Cards 2016 Bowman Chrome Prospects,Mitch Keller [Printing Plate] #BCP-207,,,,,,,,,,,,,,,,,,,0,,,,,2016-09-07
1343825,Baseball Cards 2016 Bowman Chrome Prospects,Mitch Keller [Purple Refractor] #BCP-207,$0.99,,,,,,,,,,,,$1.09,,,,,,1,,,,,2016-07-09
1343924,Baseball Cards 2016 Bowman Chrome Prospects,Mitch Keller [Red Refractor] #BCP-207,,,,,,,,,,,,,,,,,,,0,,,,,2016-07-09
1344023,Baseball Cards 2016 Bowman Chrome Prospects,Mitch Keller [Refractor] #BCP-207,$0.25,,,,,,,,,,,,$0.99,,,,,,0,,,,,2016-07-09
10455912,Baseball Cards 2016 Bowman Chrome Prospects,Mitch Keller [Superfractor] #BCP-207,,,,,,,,,,,,,,,,,,,0,,,,,2016-09-07
1354216,Baseball Cards 2016 Bowman Chrome Prospects,Nate Smith #BCP-47,$0.25,,,,,,,,,,,,$0.99,,,,,,1,,,,,2016-07-09
1354366,Baseball Cards 2016 Bowman Chrome Prospects,Nate Smith [Blue Refractor] #BCP-47,$6.03,,,,,,,,,,,$1.30,$6.59,,,,,,1,,,,,2016-07-09
1354516,Baseball Cards 2016 Bowman Chrome Prospects,Nate Smith [Gold Refractor] #BCP-47,$3.70,,,,,,,,,,,$0.80,$4.09,,,,,,0,,,,,2016-07-09
1354666,Baseball Cards 2016 Bowman Chrome Prospects,Nate Smith [Green Refractor] #BCP-47,$0.25,,,,,,,,,,,,$0.99,,,,,,0,,,,,2016-07-09
1354816,Baseball Cards 2016 Bowman Chrome Prospects,Nate Smith [Green Shimmer Refractor] #BCP-47,$0.25,,,,,,,,,,,,$0.99,,,,,,0,,,,,2016-07-09
1354966,Baseball Cards 2016 Bowman Chrome Prospects,Nate Smith [Light Blue Refractor] #BCP-47,,,,,,,,,,,,,,,,,,,0,,,,,2016-07-09
1355116,Baseball Cards 2016 Bowman Chrome Prospects,Nate Smith [Orange Refractor] #BCP-47,$4.84,,,,,,,,,,,$1.10,$5.29,,,,,,0,,,,,2016-07-09
1355265,Baseball Cards 2016 Bowman Chrome Prospects,Nate Smith [Orange Shimmer Refractor] #BCP-47,,,,,,,,,,,,,,,,,,,0,,,,,2016-07-09
10455670,Baseball Cards 2016 Bowman Chrome Prospects,Nate Smith [Printing Plate] #BCP-47,,,,,,,,,,,,,,,,,,,0,,,,,2016-09-07
1355413,Baseball Cards 2016 Bowman Chrome Prospects,Nate Smith [Purple Refractor] #BCP-47,$0.99,,,,,,,,,,,,$1.09,,,,,,1,,,,,2016-07-09
1355560,Baseball Cards 2016 Bowman Chrome Prospects,Nate Smith [Red Refractor] #BCP-47,$15.19,,,,,,,,,,,$4.30,$16.99,,,,,,0,,,,,2016-07-09
1355709,Baseball Cards 2016 Bowman Chrome Prospects,Nate Smith [Refractor] #BCP-47,$2.00,,,,,,,,,,,,$2.19,,,,,,0,,,,,2016-07-09
10455671,Baseball Cards 2016 Bowman Chrome Prospects,Nate Smith [Superfractor] #BCP-47,,,,,,,,,,,,,,,,,,,0,,,,,2016-09-07
1343073,Baseball Cards 2016 Bowman Chrome Prospects,Nellie Rodriguez #BCP-242,$0.99,,,,,$15.50,$20.00,$9.00,$9.00,,,,$1.09,,,,,,2,,,,,2016-07-09
1343167,Baseball Cards 2016 Bowman Chrome Prospects,Nellie Rodriguez [Black Gold Refractor] #BCP-242,$0.25,,,,,,,,,,,,$0.99,,,,,,0,,,,,2016-07-09
1343267,Baseball Cards 2016 Bowman Chrome Prospects,Nellie Rodriguez [Blue Refractor] #BCP-242,$0.25,,,,,,,,,,,,$0.99,,,,,,0,,,,,2016-07-09
1343367,Baseball Cards 2016 Bowman Chrome Prospects,Nellie Rodriguez [Blue Shimmer] #BCP-242,$0.25,,,,,,,,,,,,$0.99,,,,,,0,,,,,2016-07-09
1343465,Baseball Cards 2016 Bowman Chrome Prospects,Nellie Rodriguez [Gold Refractor] #BCP-242,$0.25,,,,,,,,,,,,$0.99,,,,,,0,,,,,2016-07-09
1343562,Baseball Cards 2016 Bowman Chrome Prospects,Nellie Rodriguez [Green Refractor] #BCP-242,$0.25,,,,,,,,,,,,$0.99,,,,,,0,,,,,2016-07-09
1343660,Baseball Cards 2016 Bowman Chrome Prospects,Nellie Rodriguez [Orange Refractor] #BCP-242,$13.19,,,,,,,,,,,$3.80,$14.99,,,,,,0,,,,,2016-07-09
1343760,Baseball Cards 2016 Bowman Chrome Prospects,Nellie Rodriguez [Orange Shimmer] #BCP-242,$3.70,,,,,,,,,,,$0.80,$4.09,,,,,,1,,,,,2016-07-09
10456030,Baseball Cards 2016 Bowman Chrome Prospects,Nellie Rodriguez [Printing Plate] #BCP-242,,,,,,,,,,,,,,,,,,,0,,,,,2016-09-07
1343860,Baseball Cards 2016 Bowman Chrome Prospects,Nellie Rodriguez [Purple Refractor] #BCP-242,$0.25,,,,,,,,,,,,$0.99,,,,,,0,,,,,2016-07-09
1343958,Baseball Cards 2016 Bowman Chrome Prospects,Nellie Rodriguez [Red Refractor] #BCP-242,,,,,,,,,,,,,,,,,,,0,,,,,2016-07-09
1344058,Baseball Cards 2016 Bowman Chrome Prospects,Nellie Rodriguez [Refractor] #BCP-242,$0.25,,,,,,,,,,,,$0.99,,,,,,0,,,,,2016-07-09
10456032,Baseball Cards 2016 Bowman Chrome Prospects,Nellie Rodriguez [Superfractor] #BCP-242,,,,,,,,,,,,,,,,,,,0,,,,,2016-09-07
1343057,Baseball Cards 2016 Bowman Chrome Prospects,Nick Burdi #BCP-226,$0.99,,,,,,,,,,,,$1.09,,,,,,1,,,,,2016-07-09
1343151,Baseball Cards 2016 Bowman Chrome Prospects,Nick Burdi [Black Gold Refractor] #BCP-226,,,,,,,,,,,,,,,,,,,0,,,,,2016-07-09
1343251,Baseball Cards 2016 Bowman Chrome Prospects,Nick Burdi [Blue Refractor] #BCP-226,$0.25,,,,,$3.20,$4.00,$2.00,$2.00,,,,$0.99,,,,,,1,,,,,2016-07-09
1343351,Baseball Cards 2016 Bowman Chrome Prospects,Nick Burdi [Blue Shimmer] #BCP-226,$3.00,,,,,,,,,,,,$3.29,,,,,,0,,,,,2016-07-09
1343450,Baseball Cards 2016 Bowman Chrome Prospects,Nick Burdi [Gold Refractor] #BCP-226,$1.25,,,,,,,,,,,,$1.39,,,,,,1,,,,,2016-07-09
1343547,Baseball Cards 2016 Bowman Chrome Prospects,Nick Burdi [Green Refractor] #BCP-226,$0.25,,,,,,,,,,,,$0.99,,,,,,0,,,,,2016-07-09
1343646,Baseball Cards 2016 Bowman Chrome Prospects,Nick Burdi [Orange Refractor] #BCP-226,$1.25,,,,,,,,,,,,$1.39,,,,,,1,,,,,2016-07-09
1343744,Baseball Cards 2016 Bowman Chrome Prospects,Nick Burdi [Orange Shimmer] #BCP-226,$2.95,,,,,,,,,,,,$3.29,,,,,,0,,,,,2016-07-09
10455980,Baseball Cards 2016 Bowman Chrome Prospects,Nick Burdi [Printing Plate] #BCP-226,,,,,,,,,,,,,,,,,,,0,,,,,2016-09-07
1343844,Baseball Cards 2016 Bowman Chrome Prospects,Nick Burdi [Purple Refractor] #BCP-226,$0.25,,,,,,,,,,,,$0.99,,,,,,0,,,,,2016-07-09
1343942,Baseball Cards 2016 Bowman Chrome Prospects,Nick Burdi [Red Refractor] #BCP-226,$11.99,,,,,,,,,,,$3.30,$12.99,,,,,,1,,,,,2016-07-09
1344042,Baseball Cards 2016 Bowman Chrome Prospects,Nick Burdi [Refractor] #BCP-226,$0.99,,,,,,,,,,,,$1.09,,,,,,1,,,,,2016-07-09
10455981,Baseball Cards 2016 Bowman Chrome Prospects,Nick Burdi [Superfractor] #BCP-226,,,,,,,,,,,,,,,,,,,0,,,,,2016-09-07
1354266,Baseball Cards 2016 Bowman Chrome Prospects,Nick Gordon #BCP-97,$0.99,,,,,,,,,,,,$1.09,,,,,,1,,,,,2016-07-09
1354416,Baseball Cards 2016 Bowman Chrome Prospects,Nick Gordon [Blue Refractor] #BCP-97,$1.00,,,,,,,,,,,,$1.09,,,,,,1,,,,,2016-07-09
1354566,Baseball Cards 2016 Bowman Chrome Prospects,Nick Gordon [Gold Refractor] #BCP-97,$1.99,,,,,,,,,,,,$2.19,,,,,,1,,,,,2016-07-09
1354716,Baseball Cards 2016 Bowman Chrome Prospects,Nick Gordon [Green Refractor] #BCP-97,$0.25,,,,,,,,,,,,$0.99,,,,,,0,,,,,2016-07-09
1354866,Baseball Cards 2016 Bowman Chrome Prospects,Nick Gordon [Green Shimmer Refractor] #BCP-97,$0.25,,,,,,,,,,,,$0.99,,,,,,0,,,,,2016-07-09
1355016,Baseball Cards 2016 Bowman Chrome Prospects,Nick Gordon [Light Blue Refractor] #BCP-97,,,,,,,,,,,,,,,,,,,0,,,,,2016-07-09
1355166,Baseball Cards 2016 Bowman Chrome Prospects,Nick Gordon [Orange Refractor] #BCP-97,$33.89,,,,,,,,,,,$14.80,$36.99,,,,,,0,,,,,2016-07-09
1355315,Baseball Cards 2016 Bowman Chrome Prospects,Nick Gordon [Orange Shimmer Refractor] #BCP-97,$6.29,,,,,,,,,,,$1.40,$6.89,,,,,,1,,,,,2016-07-09
10455740,Baseball Cards 2016 Bowman Chrome Prospects,Nick Gordon [Printing Plate] #BCP-97,,,,,,,,,,,,,,,,,,,0,,,,,2016-09-07
1355460,Baseball Cards 2016 Bowman Chrome Prospects,Nick Gordon [Purple Refractor] #BCP-97,$1.70,,,,,,,,,,,,$1.89,,,,,,1,,,,,2016-07-09
1355610,Baseball Cards 2016 Bowman Chrome Prospects,Nick Gordon [Red Refractor] #BCP-97,$12.50,,,,,,,,,,,$3.50,$13.99,,,,,,1,,,,,2016-07-09
1355759,Baseball Cards 2016 Bowman Chrome Prospects,Nick Gordon [Refractor] #BCP-97,$1.52,,,,,,,,,,,,$1.69,,,,,,1,,,,,2016-07-09
10455741,Baseball Cards 2016 Bowman Chrome Prospects,Nick Gordon [Superfractor] #BCP-97,,,,,,,,,,,,,,,,,,,0,,,,,2016-09-07
1354246,Baseball Cards 2016 Bowman Chrome Prospects,Nick Plummer #BCP-77,$1.13,,,,,,,,,,,,$1.19,,,,,,1,,,,,2016-07-09
1354396,Baseball Cards 2016 Bowman Chrome Prospects,Nick Plummer [Blue Refractor] #BCP-77,$1.49,,,,,,,,,,,,$1.59,,,,,,1,,,,,2016-07-09
1354546,Baseball Cards 2016 Bowman Chrome Prospects,Nick Plummer [Gold Refractor] #BCP-77,$9.82,,,,,,,,,,,$2.80,$10.99,,,,,,1,,,,,2016-07-09
1354696,Baseball Cards 2016 Bowman Chrome Prospects,Nick Plummer [Green Refractor] #BCP-77,$0.99,,,,,,,,,,,,$1.09,,,,,,1,,,,,2016-07-09
1354846,Baseball Cards 2016 Bowman Chrome Prospects,Nick Plummer [Green Shimmer Refractor] #BCP-77,$5.99,,,,,,,,,,,$1.30,$6.59,,,,,,1,,,,,2016-07-09
1354996,Baseball Cards 2016 Bowman Chrome Prospects,Nick Plummer [Light Blue Refractor] #BCP-77,,,,,,,,,,,,,,,,,,,0,,,,,2016-07-09
1355146,Baseball Cards 2016 Bowman Chrome Prospects,Nick Plummer [Orange Refractor] #BCP-77,$8.88,,,,,,,,,,,$2.00,$9.79,,,,,,1,,,,,2016-07-09
1355295,Baseball Cards 2016 Bowman Chrome Prospects,Nick Plummer [Orange Shimmer Refractor] #BCP-77,$28.99,,,,,,,,,,,$9.60,$31.99,,,,,,0,,,,,2016-07-09
10455704,Baseball Cards 2016 Bowman Chrome Prospects,Nick Plummer [Printing Plate] #BCP-77,,,,,,,,,,,,,,,,,,,0,,,,,2016-09-07
1355442,Baseball Cards 2016 Bowman Chrome Prospects,Nick Plummer [Purple Refractor] #BCP-77,$0.25,,,,,,,,,,,,$0.99,,,,,,0,,,,,2016-07-09
1355590,Baseball Cards 2016 Bowman Chrome Prospects,Nick Plummer [Red Refractor] #BCP-77,,,,,,,,,,,,,,,,,,,0,,,,,2016-07-09
1355739,Baseball Cards 2016 Bowman Chrome Prospects,Nick Plummer [Refractor] #BCP-77,$2.99,,,,,,,,,,,,$3.29,,,,,,1,,,,,2016-07-09
10455702,Baseball Cards 2016 Bowman Chrome Prospects,Nick Plummer [Superfractor] #BCP-77,,,,,,,,,,,,,,,,,,,0,,,,,2016-09-07
1354318,Baseball Cards 2016 Bowman Chrome Prospects,Nick Travieso #BCP-149,$0.32,,,,,,,,,,,,$0.99,,,,,,1,,,,,2016-07-09
1354468,Baseball Cards 2016 Bowman Chrome Prospects,Nick Travieso [Blue Refractor] #BCP-149,$0.25,,,,,,,,,,,,$0.99,,,,,,0,,,,,2016-07-09
1354618,Baseball Cards 2016 Bowman Chrome Prospects,Nick Travieso [Gold Refractor] #BCP-149,$0.90,,,,,,,,,,,,$0.99,,,,,,1,,,,,2016-07-09
1354768,Baseball Cards 2016 Bowman Chrome Prospects,Nick Travieso [Green Refractor] #BCP-149,$3.42,,,,,,,,,,,$0.80,$3.79,,,,,,0,,,,,2016-07-09
1354918,Baseball Cards 2016 Bowman Chrome Prospects,Nick Travieso [Green Shimmer Refractor] #BCP-149,$1.80,,,,,,,,,,,,$1.99,,,,,,1,,,,,2016-07-09
1355068,Baseball Cards 2016 Bowman Chrome Prospects,Nick Travieso [Light Blue Refractor] #BCP-149,,,,,,,,,,,,,,,,,,,0,,,,,2016-07-09
1355218,Baseball Cards 2016 Bowman Chrome Prospects,Nick Travieso [Orange Refractor] #BCP-149,$10.80,,,,,,,,,,,$3.00,$11.99,,,,,,0,,,,,2016-07-09
1357293,Baseball Cards 2016 Bowman Chrome Prospects,Nick Travieso [Orange Shimmer Refractor] #BCP-149,$0.99,,,,,,,,,,,,$1.09,,,,,,1,,,,,2016-07-09
10455843,Baseball Cards 2016 Bowman Chrome Prospects,Nick Travieso [Printing Plate] #BCP-149,,,,,,,,,,,,,,,,,,,0,,,,,2016-09-07
1355512,Baseball Cards 2016 Bowman Chrome Prospects,Nick Travieso [Purple Refractor] #BCP-149,$0.99,,,,,,,,,,,,$1.09,,,,,,1,,,,,2016-07-09
1355661,Baseball Cards 2016 Bowman Chrome Prospects,Nick Travieso [Red Refractor] #BCP-149,,,,,,,,,,,,,,,,,,,0,,,,,2016-07-09
1355811,Baseball Cards 2016 Bowman Chrome Prospects,Nick Travieso [Refractor] #BCP-149,$0.25,,,,,,,,,,,,$0.99,,,,,,0,,,,,2016-07-09
10455844,Baseball Cards 2016 Bowman Chrome Prospects,Nick Travieso [Superfractor] #BCP-149,,,,,,,,,,,,,,,,,,,0,,,,,2016-09-07
1354274,Baseball Cards 2016 Bowman Chrome Prospects,Nick Williams #BCP-105,$1.39,,,,,,,,,,,,$1.49,,,,,,1,,,,,2016-07-09
1354424,Baseball Cards 2016 Bowman Chrome Prospects,Nick Williams [Blue Refractor] #BCP-105,$2.00,,,,,,,,,,,,$2.19,,,,,,1,,,,,2016-07-09
1354574,Baseball Cards 2016 Bowman Chrome Prospects,Nick Williams [Gold Refractor] #BCP-105,$3.64,,,,,,,,,,,$0.80,$3.99,,,,,,1,,,,,2016-07-09
1354724,Baseball Cards 2016 Bowman Chrome Prospects,Nick Williams [Green Refractor] #BCP-105,$12.04,,,,,,,,,,,$3.30,$12.99,,,,,,0,,,,,2016-07-09
1354874,Baseball Cards 2016 Bowman Chrome Prospects,Nick Williams [Green Shimmer Refractor] #BCP-105,$0.25,,,,,,,,,,,,$0.99,,,,,,0,,,,,2016-07-09
1355024,Baseball Cards 2016 Bowman Chrome Prospects,Nick Williams [Light Blue Refractor] #BCP-105,,,,,,,,,,,,,,,,,,,0,,,,,2016-07-09
1355174,Baseball Cards 2016 Bowman Chrome Prospects,Nick Williams [Orange Refractor] #BCP-105,,,,,$3.99,,,,,,,,,,,,,,1,,,,,2016-07-09
1355323,Baseball Cards 2016 Bowman Chrome Prospects,Nick Williams [Orange Shimmer Refractor] #BCP-105,$5.99,,,,,,,,,,,$1.30,$6.59,,,,,,0,,,,,2016-07-09
10455756,Baseball Cards 2016 Bowman Chrome Prospects,Nick Williams [Printing Plate] #BCP-105,,,,,,,,,,,,,,,,,,,0,,,,,2016-09-07
1355468,Baseball Cards 2016 Bowman Chrome Prospects,Nick Williams [Purple Refractor] #BCP-105,$0.25,,,,,,,,,,,,$0.99,,,,,,0,,,,,2016-07-09
1355618,Baseball Cards 2016 Bowman Chrome Prospects,Nick Williams [Red Refractor] #BCP-105,,,,,,,,,,,,,,,,,,,0,,,,,2016-07-09
1355767,Baseball Cards 2016 Bowman Chrome Prospects,Nick Williams [Refractor] #BCP-105,$1.79,,,,,,,,,,,,$1.99,,,,,,1,,,,,2016-07-09
10455853,Baseball Cards 2016 Bowman Chrome Prospects,Nick Williams [Superfractor] #BCP-105,,,,,,,,,,,,,,,,,,,0,,,,,2016-09-07
1354255,Baseball Cards 2016 Bowman Chrome Prospects,Nolan Watson #BCP-86,$0.99,,,,,,,,,,,,$1.09,,,,,,1,,,,,2016-07-09
1354405,Baseball Cards 2016 Bowman Chrome Prospects,Nolan Watson [Blue Refractor] #BCP-86,$2.54,,,,,,,,,,,,$2.79,,,,,,0,,,,,2016-07-09
1354555,Baseball Cards 2016 Bowman Chrome Prospects,Nolan Watson [Gold Refractor] #BCP-86,$3.42,,,,,,,,,,,$0.80,$3.79,,,,,,1,,,,,2016-07-09
1354705,Baseball Cards 2016 Bowman Chrome Prospects,Nolan Watson [Green Refractor] #BCP-86,$1.39,,,,,,,,,,,,$1.49,,,,,,1,,,,,2016-07-09
1354855,Baseball Cards 2016 Bowman Chrome Prospects,Nolan Watson [Green Shimmer Refractor] #BCP-86,$9.74,,,,,,,,,,,$2.80,$10.99,,,,,,1,,,,,2016-07-09
1355005,Baseball Cards 2016 Bowman Chrome Prospects,Nolan Watson [Light Blue Refractor] #BCP-86,,,,,,,,,,,,,,,,,,,0,,,,,2016-07-09
1355155,Baseball Cards 2016 Bowman Chrome Prospects,Nolan Watson [Orange Refractor] #BCP-86,$6.12,,,,,,,,,,,$1.30,$6.69,,,,,,0,,,,,2016-07-09
1355304,Baseball Cards 2016 Bowman Chrome Prospects,Nolan Watson [Orange Shimmer Refractor] #BCP-86,$3.99,,,,,,,,,,,$0.90,$4.39,,,,,,1,,,,,2016-07-09
10455718,Baseball Cards 2016 Bowman Chrome Prospects,Nolan Watson [Printing Plate] #BCP-86,,,,,,,,,,,,,,,,,,,0,,,,,2016-09-07
1355451,Baseball Cards 2016 Bowman Chrome Prospects,Nolan Watson [Purple Refractor] #BCP-86,$2.49,,,,,,,,,,,,$2.69,,,,,,1,,,,,2016-07-09
1355599,Baseball Cards 2016 Bowman Chrome Prospects,Nolan Watson [Red Refractor] #BCP-86,,,,,,,,,,,,,,,,,,,0,,,,,2016-07-09
1355748,Baseball Cards 2016 Bowman Chrome Prospects,Nolan Watson [Refractor] #BCP-86,$1.23,,,,,,,,,,,,$1.39,,,,,,1,,,,,2016-07-09
10455719,Baseball Cards 2016 Bowman Chrome Prospects,Nolan Watson [Superfractor] #BCP-86,,,,,,,,,,,,,,,,,,,0,,,,,2016-09-07
1354227,Baseball Cards 2016 Bowman Chrome Prospects,Omar Carrizales #BCP-58,$0.26,,,,,$12.50,$16.00,$8.00,$8.00,,,,$0.99,,,,,,2,,,,,2016-07-09
1354377,Baseball Cards 2016 Bowman Chrome Prospects,Omar Carrizales [Blue Refractor] #BCP-58,$2.25,,,,,,,,,,,,$2.49,,,,,,1,,,,,2016-07-09
1354527,Baseball Cards 2016 Bowman Chrome Prospects,Omar Carrizales [Gold Refractor] #BCP-58,$2.99,,,,,,,,,,,,$3.29,,,,,,0,,,,,2016-07-09
1354677,Baseball Cards 2016 Bowman Chrome Prospects,Omar Carrizales [Green Refractor] #BCP-58,$3.42,,,,,,,,,,,$0.80,$3.79,,,,,,1,,,,,2016-07-09
1354827,Baseball Cards 2016 Bowman Chrome Prospects,Omar Carrizales [Green Shimmer Refractor] #BCP-58,$2.47,,,,,,,,,,,,$2.69,,,,,,0,,,,,2016-07-09
1354977,Baseball Cards 2016 Bowman Chrome Prospects,Omar Carrizales [Light Blue Refractor] #BCP-58,$2.00,,,,,,,,,,,,$2.19,,,,,,1,,,,,2016-07-09
1355127,Baseball Cards 2016 Bowman Chrome Prospects,Omar Carrizales [Orange Refractor] #BCP-58,$6.29,,,,,,,,,,,$1.40,$6.89,,,,,,1,,,,,2016-07-09
1355276,Baseball Cards 2016 Bowman Chrome Prospects,Omar Carrizales [Orange Shimmer Refractor] #BCP-58,$9.74,,,,,,,,,,,$2.80,$10.99,,,,,,0,,,,,2016-07-09
10455645,Baseball Cards 2016 Bowman Chrome Prospects,Omar Carrizales [Printing Plate] #BCP-58,,,,,,,,,,,,,,,,,,,0,,,,,2016-09-07
1355423,Baseball Cards 2016 Bowman Chrome Prospects,Omar Carrizales [Purple Refractor] #BCP-58,$0.25,,,,,,,,,,,,$0.99,,,,,,0,,,,,2016-07-09
1355571,Baseball Cards 2016 Bowman Chrome Prospects,Omar Carrizales [Red Refractor] #BCP-58,$8.59,,,,,,,,,,,$1.90,$9.49,,,,,,1,,,,,2016-07-09
1355720,Baseball Cards 2016 Bowman Chrome Prospects,Omar Carrizales [Refractor] #BCP-58,$0.25,,,,,,,,,,,,$0.99,,,,,,0,,,,,2016-07-09
10455647,Baseball Cards 2016 Bowman Chrome Prospects,Omar Carrizales [Superfractor] #BCP-58,,,,,,,,,,,,,,,,,,,0,,,,,2016-09-07
1343035,Baseball Cards 2016 Bowman Chrome Prospects,Oneal Cruz #BCP-204,$5.12,,$9.66,$16.29,$29.93,$44.00,$57.00,$12.14,$26.00,,,$1.10,$5.59,,,$2.80,$10.99,,160,,,,,2016-07-09
1343129,Baseball Cards 2016 Bowman Chrome Prospects,Oneal Cruz [Black Gold Refractor] #BCP-204,$23.97,,,$16.50,$18.00,,,,,,,$7.80,$25.99,,,,,,5,,,,,2016-07-09
1343229,Baseball Cards 2016 Bowman Chrome Prospects,Oneal Cruz [Blue Refractor] #BCP-204,$125.00,,,$59.99,$66.00,$283.92,$369.00,$170.00,$170.00,,,$69.00,$138.00,,,,,,4,,,,,2016-07-09
1343329,Baseball Cards 2016 Bowman Chrome Prospects,Oneal Cruz [Blue Shimmer] #BCP-204,$17.68,,,$20.75,$23.00,$125.00,$163.00,$75.00,$75.00,,,$4.80,$18.99,,,,,,11,,,,,2016-07-09
1343429,Baseball Cards 2016 Bowman Chrome Prospects,Oneal Cruz [Gold Refractor] #BCP-204,,,$125.00,$305.00,$336.00,,,,,,,,,,,$69.00,$138.00,,2,,,,,2016-07-09
1343525,Baseball Cards 2016 Bowman Chrome Prospects,Oneal Cruz [Green Refractor] #BCP-204,$77.00,,,$77.00,$85.00,$175.00,$228.00,$105.00,$105.00,,,$34.00,$84.99,,,,,,4,,,,,2016-07-09
1343623,Baseball Cards 2016 Bowman Chrome Prospects,Oneal Cruz [Orange Refractor] #BCP-204,,,,,,,,,,,,,,,,,,,0,,,,,2016-07-09
1343722,Baseball Cards 2016 Bowman Chrome Prospects,Oneal Cruz [Orange Shimmer] #BCP-204,$65.04,,$82.49,$91.00,$178.20,$181.16,$236.00,$109.00,$109.00,,,$28.80,$71.99,,,$36.40,$90.99,,9,,,,,2016-07-09
1343822,Baseball Cards 2016 Bowman Chrome Prospects,Oneal Cruz [Purple Refractor] #BCP-204,$50.00,,$26.80,$29.63,$33.00,$102.50,$133.00,$62.00,$85.00,,,$22.00,$54.99,,,$8.70,$28.99,,8,,,,,2016-07-09
1343921,Baseball Cards 2016 Bowman Chrome Prospects,Oneal Cruz [Red Refractor] #BCP-204,,,$709.00,,,,,,,,,,,,,$468.00,$780.00,,1,,,,,2016-07-09
1344020,Baseball Cards 2016 Bowman Chrome Prospects,Oneal Cruz [Refractor] #BCP-204,$24.03,,$41.37,$46.00,$51.00,$130.00,$169.00,$78.00,$107.00,,,$7.80,$25.99,,,$18.40,$45.99,,7,,,,,2016-07-09
10455901,Baseball Cards 2016 Bowman Chrome Prospects,Oneil Cruz [Printing Plate] #BCP-204,,,,,,,,,,,,,,,,,,,0,,,,,2016-09-07
10455902,Baseball Cards 2016 Bowman Chrome Prospects,Oneil Cruz [Superfractor] #BCP-204,,,,,,,,,,,,,,,,,,,0,,,,,2016-09-07
1354171,Baseball Cards 2016 Bowman Chrome Prospects,Orlando Arcia #BCP-2,$0.99,,,,,,,,,,,,$1.09,,,,,,2,,,,,2016-07-09
1354321,Baseball Cards 2016 Bowman Chrome Prospects,Orlando Arcia [Blue Refractor] #BCP-2,$3.30,,,,,,,,,,,,$3.59,,,,,,1,,,,,2016-07-09
1354471,Baseball Cards 2016 Bowman Chrome Prospects,Orlando Arcia [Gold Refractor] #BCP-2,$0.99,,,,,,,,,,,,$1.09,,,,,,1,,,,,2016-07-09
1354621,Baseball Cards 2016 Bowman Chrome Prospects,Orlando Arcia [Green Refractor] #BCP-2,,,,,,,,,,,,,,,,,,,0,,,,,2016-07-09
1354771,Baseball Cards 2016 Bowman Chrome Prospects,Orlando Arcia [Green Shimmer Refractor] #BCP-2,$2.53,,,,,,,,,,,,$2.79,,,,,,0,,,,,2016-07-09
1354921,Baseball Cards 2016 Bowman Chrome Prospects,Orlando Arcia [Light Blue Refractor] #BCP-2,,,,,,,,,,,,,,,,,,,0,,,,,2016-07-09
1355071,Baseball Cards 2016 Bowman Chrome Prospects,Orlando Arcia [Orange Refractor] #BCP-2,$4.99,,,,,,,,,,,$1.10,$5.49,,,,,,1,,,,,2016-07-09
1355221,Baseball Cards 2016 Bowman Chrome Prospects,Orlando Arcia [Orange Shimmer Refractor] #BCP-2,$19.99,,,,,,,,,,,$6.60,$21.99,,,,,,1,,,,,2016-07-09
10455556,Baseball Cards 2016 Bowman Chrome Prospects,Orlando Arcia [Printing Plate] #BCP-2,,,,,,,,,,,,,,,,,,,0,,,,,2016-09-07
1355369,Baseball Cards 2016 Bowman Chrome Prospects,Orlando Arcia [Purple Refractor] #BCP-2,$0.25,,,,,,,,,,,,$0.99,,,,,,0,,,,,2016-07-09
1355515,Baseball Cards 2016 Bowman Chrome Prospects,Orlando Arcia [Red Refractor] #BCP-2,$30.00,,,,,,,,,,,$9.90,$32.99,,,,,,1,,,,,2016-07-09
1355664,Baseball Cards 2016 Bowman Chrome Prospects,Orlando Arcia [Refractor] #BCP-2,$1.62,,,,,,,,,,,,$1.79,,,,,,1,,,,,2016-07-09
10455557,Baseball Cards 2016 Bowman Chrome Prospects,Orlando Arcia [Superfractor] #BCP-2,,,,,,,,,,,,,,,,,,,0,,,,,2016-09-07
1354279,Baseball Cards 2016 Bowman Chrome Prospects,Ozzie Albies #BCP-110,$1.81,,$6.49,$9.92,$13.00,$13.65,$18.00,$8.00,$8.00,,,,$1.99,,,$1.40,$7.09,,15,,,,,2016-07-09
1354429,Baseball Cards 2016 Bowman Chrome Prospects,Ozzie Albies [Blue Refractor] #BCP-110,$6.49,,,$11.51,$13.00,,,,,,,$1.40,$7.09,,,,,,2,,,,,2016-07-09
1354579,Baseball Cards 2016 Bowman Chrome Prospects,Ozzie Albies [Gold Refractor] #BCP-110,$2.75,,,$20.50,$23.00,,,,,,,,$2.99,,,,,,2,,,,,2016-07-09
1354729,Baseball Cards 2016 Bowman Chrome Prospects,Ozzie Albies [Green Refractor] #BCP-110,$13.76,,,,,,,,,,,$3.80,$14.99,,,,,,1,,,,,2016-07-09
1354879,Baseball Cards 2016 Bowman Chrome Prospects,Ozzie Albies [Green Shimmer Refractor] #BCP-110,,,,,,,,,,,,,,,,,,,0,,,,,2016-07-09
1355029,Baseball Cards 2016 Bowman Chrome Prospects,Ozzie Albies [Light Blue Refractor] #BCP-110,,,,,,,,,,,,,,,,,,,0,,,,,2016-07-09
1355179,Baseball Cards 2016 Bowman Chrome Prospects,Ozzie Albies [Orange Refractor] #BCP-110,,,,,$55.00,,,,,,,,,,,,,,1,,,,,2016-07-09
1355328,Baseball Cards 2016 Bowman Chrome Prospects,Ozzie Albies [Orange Shimmer Refractor] #BCP-110,,,,,,,,,,,,,,,,,,,0,,,,,2016-07-09
10455765,Baseball Cards 2016 Bowman Chrome Prospects,Ozzie Albies [Printing Plate] #BCP-110,,,,,,,,,,,,,,,,,,,0,,,,,2016-09-07
1355473,Baseball Cards 2016 Bowman Chrome Prospects,Ozzie Albies [Purple Refractor] #BCP-110,$7.33,,,$15.00,$17.00,,,,,,,$1.60,$8.09,,,,,,3,,,,,2016-07-09
1355623,Baseball Cards 2016 Bowman Chrome Prospects,Ozzie Albies [Red Refractor] #BCP-110,,,,,,,,,,,,,,,,,,,0,,,,,2016-07-09
1355772,Baseball Cards 2016 Bowman Chrome Prospects,Ozzie Albies [Refractor] #BCP-110,$3.25,,,,,$11.50,$15.00,$7.00,$7.00,,,,$3.59,,,,,,3,,,,,2016-07-09
10455766,Baseball Cards 2016 Bowman Chrome Prospects,Ozzie Albies [Superfractor] #BCP-110,,,,,,,,,,,,,,,,,,,0,,,,,2016-09-07
1354212,Baseball Cards 2016 Bowman Chrome Prospects,Paul DeJong #BCP-43,$1.63,,$6.25,$7.00,$8.00,$8.00,$10.00,$5.00,$5.00,,,,$1.79,,,$1.40,$6.89,,11,,,,,2016-07-09
1354362,Baseball Cards 2016 Bowman Chrome Prospects,Paul DeJong [Blue Refractor] #BCP-43,$1.80,,,$25.99,$49.99,,,,,,,,$1.99,,,,,,3,,,,,2016-07-09
1354512,Baseball Cards 2016 Bowman Chrome Prospects,Paul DeJong [Gold Refractor] #BCP-43,$13.00,,,,,,,,,,,$3.50,$13.99,,,,,,1,,,,,2016-07-09
1354662,Baseball Cards 2016 Bowman Chrome Prospects,Paul DeJong [Green Refractor] #BCP-43,$1.10,,,,,,,,,,,,$1.19,,,,,,1,,,,,2016-07-09
1354812,Baseball Cards 2016 Bowman Chrome Prospects,Paul DeJong [Green Shimmer Refractor] #BCP-43,$19.99,,,,,,,,,,,$6.60,$21.99,,,,,,0,,,,,2016-07-09
1354962,Baseball Cards 2016 Bowman Chrome Prospects,Paul DeJong [Light Blue Refractor] #BCP-43,,,,,,,,,,,,,,,,,,,0,,,,,2016-07-09
1355112,Baseball Cards 2016 Bowman Chrome Prospects,Paul DeJong [Orange Refractor] #BCP-43,,,,,,,,,,,,,,,,,,,0,,,,,2016-07-09
1355261,Baseball Cards 2016 Bowman Chrome Prospects,Paul DeJong [Orange Shimmer Refractor] #BCP-43,$23.54,,,,,,,,,,,$7.80,$25.99,,,,,,1,,,,,2016-07-09
10455654,Baseball Cards 2016 Bowman Chrome Prospects,Paul DeJong [Printing Plate] #BCP-43,,,,,,,,,,,,,,,,,,,0,,,,,2016-09-07
1355409,Baseball Cards 2016 Bowman Chrome Prospects,Paul DeJong [Purple Refractor] #BCP-43,$2.20,,,,,,,,,,,,$2.39,,,,,,2,,,,,2016-07-09
1355556,Baseball Cards 2016 Bowman Chrome Prospects,Paul DeJong [Red Refractor] #BCP-43,,,,,,,,,,,,,,,,,,,0,,,,,2016-07-09
1355705,Baseball Cards 2016 Bowman Chrome Prospects,Paul DeJong [Refractor] #BCP-43,$2.60,,,,,,,,,,,,$2.89,,,,,,2,,,,,2016-07-09
10455657,Baseball Cards 2016 Bowman Chrome Prospects,Paul DeJong [Superfractor] #BCP-43,,,,,,,,,,,,,,,,,,,0,,,,,2016-09-07
1354241,Baseball Cards 2016 Bowman Chrome Prospects,Phil Bickford #BCP-72,$0.99,,,,,,,,,,,,$1.09,,,,,,1,,,,,2016-07-09
1354391,Baseball Cards 2016 Bowman Chrome Prospects,Phil Bickford [Blue Refractor] #BCP-72,$4.99,,,,,,,,,,,$1.10,$5.49,,,,,,1,,,,,2016-07-09
1354541,Baseball Cards 2016 Bowman Chrome Prospects,Phil Bickford [Gold Refractor] #BCP-72,$0.99,,,,,,,,,,,,$1.09,,,,,,1,,,,,2016-07-09
1354691,Baseball Cards 2016 Bowman Chrome Prospects,Phil Bickford [Green Refractor] #BCP-72,$1.99,,,,,,,,,,,,$2.19,,,,,,1,,,,,2016-07-09
1354841,Baseball Cards 2016 Bowman Chrome Prospects,Phil Bickford [Green Shimmer Refractor] #BCP-72,$2.55,,,,,,,,,,,,$2.79,,,,,,0,,,,,2016-07-09
1354991,Baseball Cards 2016 Bowman Chrome Prospects,Phil Bickford [Light Blue Refractor] #BCP-72,,,,,,,,,,,,,,,,,,,0,,,,,2016-07-09
1355141,Baseball Cards 2016 Bowman Chrome Prospects,Phil Bickford [Orange Refractor] #BCP-72,$6.29,,,,,,,,,,,$1.40,$6.89,,,,,,0,,,,,2016-07-09
1355290,Baseball Cards 2016 Bowman Chrome Prospects,Phil Bickford [Orange Shimmer Refractor] #BCP-72,$6.29,,,,,,,,,,,$1.40,$6.89,,,,,,0,,,,,2016-07-09
10455692,Baseball Cards 2016 Bowman Chrome Prospects,Phil Bickford [Printing Plate] #BCP-72,,,,,,,,,,,,,,,,,,,0,,,,,2016-09-07
1355437,Baseball Cards 2016 Bowman Chrome Prospects,Phil Bickford [Purple Refractor] #BCP-72,$1.25,,,,,,,,,,,,$1.39,,,,,,1,,,,,2016-07-09
1355585,Baseball Cards 2016 Bowman Chrome Prospects,Phil Bickford [Red Refractor] #BCP-72,,,,,,,,,,,,,,,,,,,0,,,,,2016-07-09
1355734,Baseball Cards 2016 Bowman Chrome Prospects,Phil Bickford [Refractor] #BCP-72,$0.25,,,,,,,,,,,,$0.99,,,,,,0,,,,,2016-07-09
10455694,Baseball Cards 2016 Bowman Chrome Prospects,Phil Bickford [Superfractor] #BCP-72,,,,,,,,,,,,,,,,,,,0,,,,,2016-09-07
1354285,Baseball Cards 2016 Bowman Chrome Prospects,Pierce Johnson #BCP-116,$0.99,,,,,,,,,,,,$1.09,,,,,,3,,,,,2016-07-09
1354435,Baseball Cards 2016 Bowman Chrome Prospects,Pierce Johnson [Blue Refractor] #BCP-116,$1.52,,,,,,,,,,,,$1.69,,,,,,1,,,,,2016-07-09
1354585,Baseball Cards 2016 Bowman Chrome Prospects,Pierce Johnson [Gold Refractor] #BCP-116,$1.50,,,,,,,,,,,,$1.69,,,,,,1,,,,,2016-07-09
1354735,Baseball Cards 2016 Bowman Chrome Prospects,Pierce Johnson [Green Refractor] #BCP-116,$1.30,,,,,,,,,,,,$1.39,,,,,,2,,,,,2016-07-09
1354885,Baseball Cards 2016 Bowman Chrome Prospects,Pierce Johnson [Green Shimmer Refractor] #BCP-116,$5.00,,,,,,,,,,,$1.10,$5.49,,,,,,1,,,,,2016-07-09
1355035,Baseball Cards 2016 Bowman Chrome Prospects,Pierce Johnson [Light Blue Refractor] #BCP-116,,,,,,,,,,,,,,,,,,,0,,,,,2016-07-09
1355185,Baseball Cards 2016 Bowman Chrome Prospects,Pierce Johnson [Orange Refractor] #BCP-116,$3.70,,,,,,,,,,,$0.80,$4.09,,,,,,1,,,,,2016-07-09
1355334,Baseball Cards 2016 Bowman Chrome Prospects,Pierce Johnson [Orange Shimmer Refractor] #BCP-116,$14.04,,,,,,,,,,,$3.80,$14.99,,,,,,1,,,,,2016-07-09
10455777,Baseball Cards 2016 Bowman Chrome Prospects,Pierce Johnson [Printing Plate] #BCP-116,,,,,,,,,,,,,,,,,,,0,,,,,2016-09-07
1355479,Baseball Cards 2016 Bowman Chrome Prospects,Pierce Johnson [Purple Refractor] #BCP-116,$1.89,,,,,,,,,,,,$2.09,,,,,,1,,,,,2016-07-09
1355629,Baseball Cards 2016 Bowman Chrome Prospects,Pierce Johnson [Red Refractor] #BCP-116,,,,,,,,,,,,,,,,,,,0,,,,,2016-07-09
1355778,Baseball Cards 2016 Bowman Chrome Prospects,Pierce Johnson [Refractor] #BCP-116,$1.50,,,,,,,,,,,,$1.69,,,,,,1,,,,,2016-07-09
10455778,Baseball Cards 2016 Bowman Chrome Prospects,Pierce Johnson [Superfractor] #BCP-116,,,,,,,,,,,,,,,,,,,0,,,,,2016-09-07
1354218,Baseball Cards 2016 Bowman Chrome Prospects,Rafael Bautista #BCP-49,$0.99,,,,,,,,,,,,$1.09,,,,,,1,,,,,2016-07-09
1354368,Baseball Cards 2016 Bowman Chrome Prospects,Rafael Bautista [Blue Refractor] #BCP-49,$2.27,,,,,,,,,,,,$2.49,,,,,,1,,,,,2016-07-09
1354518,Baseball Cards 2016 Bowman Chrome Prospects,Rafael Bautista [Gold Refractor] #BCP-49,$1.67,,,$0.99,$1.00,,,,,,,,$1.79,,,,,,2,,,,,2016-07-09
1354668,Baseball Cards 2016 Bowman Chrome Prospects,Rafael Bautista [Green Refractor] #BCP-49,$3.11,,,,,,,,,,,,$3.39,,,,,,0,,,,,2016-07-09
1354818,Baseball Cards 2016 Bowman Chrome Prospects,Rafael Bautista [Green Shimmer Refractor] #BCP-49,$1.95,,,,,,,,,,,,$2.19,,,,,,1,,,,,2016-07-09
1354968,Baseball Cards 2016 Bowman Chrome Prospects,Rafael Bautista [Light Blue Refractor] #BCP-49,,,,,,,,,,,,,,,,,,,0,,,,,2016-07-09
1355118,Baseball Cards 2016 Bowman Chrome Prospects,Rafael Bautista [Orange Refractor] #BCP-49,$22.99,,,$0.99,$1.00,,,,,,,$7.50,$24.99,,,,,,2,,,,,2016-07-09
1355267,Baseball Cards 2016 Bowman Chrome Prospects,Rafael Bautista [Orange Shimmer Refractor] #BCP-49,,,,,,,,,,,,,,,,,,,0,,,,,2016-07-09
10455676,Baseball Cards 2016 Bowman Chrome Prospects,Rafael Bautista [Printing Plate] #BCP-49,,,,,,,,,,,,,,,,,,,0,,,,,2016-09-07
1355415,Baseball Cards 2016 Bowman Chrome Prospects,Rafael Bautista [Purple Refractor] #BCP-49,$0.25,,,,,,,,,,,,$0.99,,,,,,0,,,,,2016-07-09
1355562,Baseball Cards 2016 Bowman Chrome Prospects,Rafael Bautista [Red Refractor] #BCP-49,,,,,,,,,,,,,,,,,,,0,,,,,2016-07-09
1355711,Baseball Cards 2016 Bowman Chrome Prospects,Rafael Bautista [Refractor] #BCP-49,$0.25,,,,,,,,,,,,$0.99,,,,,,0,,,,,2016-07-09
10455678,Baseball Cards 2016 Bowman Chrome Prospects,Rafael Bautista [Superfractor] #BCP-49,$102.50,,,,,,,,,,,$56.50,$113.00,,,,,,1,,,,,2016-09-07
1354278,Baseball Cards 2016 Bowman Chrome Prospects,Rafael Devers #BCP-109,$1.25,,$5.99,$9.52,$15.00,$15.51,$20.00,$9.00,$9.00,,,,$1.39,,,$1.30,$6.59,,14,,,,,2016-07-09
1354428,Baseball Cards 2016 Bowman Chrome Prospects,Rafael Devers [Blue Refractor] #BCP-109,$7.04,,,$14.99,$16.00,,,,,,,$1.50,$7.69,,,,,,3,,,,,2016-07-09
1354578,Baseball Cards 2016 Bowman Chrome Prospects,Rafael Devers [Gold Refractor] #BCP-109,$39.99,,,$30.00,$33.00,$43.00,$56.00,$26.00,$26.00,,,$17.60,$43.99,,,,,,3,,,,,2016-07-09
1354728,Baseball Cards 2016 Bowman Chrome Prospects,Rafael Devers [Green Refractor] #BCP-109,$64.41,,,,,,,,,,,$28.40,$70.99,,,,,,1,,,,,2016-07-09
1354878,Baseball Cards 2016 Bowman Chrome Prospects,Rafael Devers [Green Shimmer Refractor] #BCP-109,$8.99,,,,,,,,,,,$2.00,$9.89,,,,,,1,,,,,2016-07-09
1355028,Baseball Cards 2016 Bowman Chrome Prospects,Rafael Devers [Light Blue Refractor] #BCP-109,,,,$9.50,$10.00,,,,,,,,,,,,,,1,,,,,2016-07-09
1355178,Baseball Cards 2016 Bowman Chrome Prospects,Rafael Devers [Orange Refractor] #BCP-109,,,,$51.00,$56.00,$59.99,$78.00,$36.00,$36.00,,,,,,,,,,2,,,,,2016-07-09
1355327,Baseball Cards 2016 Bowman Chrome Prospects,Rafael Devers [Orange Shimmer Refractor] #BCP-109,,,,,,,,,,,,,,,,,,,0,,,,,2016-07-09
10455763,Baseball Cards 2016 Bowman Chrome Prospects,Rafael Devers [Printing Plate] #BCP-109,,,,,,,,,,,,,,,,,,,0,,,,,2016-09-07
1355472,Baseball Cards 2016 Bowman Chrome Prospects,Rafael Devers [Purple Refractor] #BCP-109,$6.94,,,,,,,,,,,$1.50,$7.59,,,,,,2,,,,,2016-07-09
1355622,Baseball Cards 2016 Bowman Chrome Prospects,Rafael Devers [Red Refractor] #BCP-109,$0.99,,,,,,,,,,,,$1.09,,,,,,1,,,,,2016-07-09
1355771,Baseball Cards 2016 Bowman Chrome Prospects,Rafael Devers [Refractor] #BCP-109,$3.99,$0.99,,,,,,,,,,$0.90,$4.39,,$1.09,,,,5,,,,,2016-07-09
10455764,Baseball Cards 2016 Bowman Chrome Prospects,Rafael Devers [Superfractor] #BCP-109,,,,,,,,,,,,,,,,,,,0,,,,,2016-09-07
1343015,Baseball Cards 2016 Bowman Chrome Prospects,Raffy Ozuna #BCP-183,$0.68,,,,,,,,,,,,$0.99,,,,,,2,,,,,2016-07-09
1343108,Baseball Cards 2016 Bowman Chrome Prospects,Raffy Ozuna [Black Gold Refractor] #BCP-183,,,,,,,,,,,,,,,,,,,0,,,,,2016-07-09
1343208,Baseball Cards 2016 Bowman Chrome Prospects,Raffy Ozuna [Blue Refractor] #BCP-183,$0.99,,,,,,,,,,,,$1.09,,,,,,1,,,,,2016-07-09
1343308,Baseball Cards 2016 Bowman Chrome Prospects,Raffy Ozuna [Blue Shimmer] #BCP-183,$0.25,,,,,,,,,,,,$0.99,,,,,,0,,,,,2016-07-09
1343408,Baseball Cards 2016 Bowman Chrome Prospects,Raffy Ozuna [Gold Refractor] #BCP-183,$2.27,,,,,,,,,,,,$2.49,,,,,,0,,,,,2016-07-09
1343505,Baseball Cards 2016 Bowman Chrome Prospects,Raffy Ozuna [Green Refractor] #BCP-183,$2.00,,,,,,,,,,,,$2.19,,,,,,0,,,,,2016-07-09
1343602,Baseball Cards 2016 Bowman Chrome Prospects,Raffy Ozuna [Orange Refractor] #BCP-183,$2.84,,,,,,,,,,,,$3.09,,,,,,0,,,,,2016-07-09
1343701,Baseball Cards 2016 Bowman Chrome Prospects,Raffy Ozuna [Orange Shimmer] #BCP-183,$0.25,,,,,,,,,,,,$0.99,,,,,,0,,,,,2016-07-09
10455951,Baseball Cards 2016 Bowman Chrome Prospects,Raffy Ozuna [Printing Plate] #BCP-183,,,,,,,,,,,,,,,,,,,0,,,,,2016-09-07
1343801,Baseball Cards 2016 Bowman Chrome Prospects,Raffy Ozuna [Purple Refractor] #BCP-183,$1.50,,,,,,,,,,,,$1.69,,,,,,1,,,,,2016-07-09
1343900,Baseball Cards 2016 Bowman Chrome Prospects,Raffy Ozuna [Red Refractor] #BCP-183,,,,,,$37.00,$48.00,$22.00,$22.00,,,,,,,,,,1,,,,,2016-07-09
1343999,Baseball Cards 2016 Bowman Chrome Prospects,Raffy Ozuna [Refractor] #BCP-183,$0.25,,,,,,,,,,,,$0.99,,,,,,0,,,,,2016-07-09
10455953,Baseball Cards 2016 Bowman Chrome Prospects,Raffy Ozuna [Superfractor] #BCP-183,,,,,,,,,,,,,,,,,,,0,,,,,2016-09-07
1354259,Baseball Cards 2016 Bowman Chrome Prospects,Raimel Tapia #BCP-90,$0.99,,,,,,,,,,,,$1.09,,,,,,1,,,,,2016-07-09
1354409,Baseball Cards 2016 Bowman Chrome Prospects,Raimel Tapia [Blue Refractor] #BCP-90,$2.00,,,,,,,,,,,,$2.19,,,,,,0,,,,,2016-07-09
1354559,Baseball Cards 2016 Bowman Chrome Prospects,Raimel Tapia [Gold Refractor] #BCP-90,$2.53,,,,,,,,,,,,$2.79,,,,,,1,,,,,2016-07-09
1354709,Baseball Cards 2016 Bowman Chrome Prospects,Raimel Tapia [Green Refractor] #BCP-90,$2.99,,,,,,,,,,,,$3.29,,,,,,0,,,,,2016-07-09
1354859,Baseball Cards 2016 Bowman Chrome Prospects,Raimel Tapia [Green Shimmer Refractor] #BCP-90,$3.99,,,,,,,,,,,$0.90,$4.39,,,,,,0,,,,,2016-07-09
1355009,Baseball Cards 2016 Bowman Chrome Prospects,Raimel Tapia [Light Blue Refractor] #BCP-90,,,,,,,,,,,,,,,,,,,0,,,,,2016-07-09
1355159,Baseball Cards 2016 Bowman Chrome Prospects,Raimel Tapia [Orange Refractor] #BCP-90,$3.93,,,,,,,,,,,$0.90,$4.29,,,,,,0,,,,,2016-07-09
1355308,Baseball Cards 2016 Bowman Chrome Prospects,Raimel Tapia [Orange Shimmer Refractor] #BCP-90,$5.99,,,,,,,,,,,$1.30,$6.59,,,,,,1,,,,,2016-07-09
10455726,Baseball Cards 2016 Bowman Chrome Prospects,Raimel Tapia [Printing Plate] #BCP-90,,,,,,,,,,,,,,,,,,,0,,,,,2016-09-07
1355455,Baseball Cards 2016 Bowman Chrome Prospects,Raimel Tapia [Purple Refractor] #BCP-90,$2.61,,,,,,,,,,,,$2.89,,,,,,1,,,,,2016-07-09
1355603,Baseball Cards 2016 Bowman Chrome Prospects,Raimel Tapia [Red Refractor] #BCP-90,,,,,,,,,,,,,,,,,,,0,,,,,2016-07-09
1355752,Baseball Cards 2016 Bowman Chrome Prospects,Raimel Tapia [Refractor] #BCP-90,$0.99,,,,,,,,,,,,$1.09,,,,,,1,,,,,2016-07-09
10455727,Baseball Cards 2016 Bowman Chrome Prospects,Raimel Tapia [Superfractor] #BCP-90,,,,,,,,,,,,,,,,,,,0,,,,,2016-09-07
1343046,Baseball Cards 2016 Bowman Chrome Prospects,Ray Black #BCP-215,,,,,,,,,,,,,,,,,,,0,,,,,2016-07-09
1343140,Baseball Cards 2016 Bowman Chrome Prospects,Ray Black [Black Gold Refractor] #BCP-215,$1.79,,,,,,,,,,,,$1.99,,,,,,1,,,,,2016-07-09
1343240,Baseball Cards 2016 Bowman Chrome Prospects,Ray Black [Blue Refractor] #BCP-215,$0.25,,,,,,,,,,,,$0.99,,,,,,0,,,,,2016-07-09
1343340,Baseball Cards 2016 Bowman Chrome Prospects,Ray Black [Blue Shimmer] #BCP-215,$0.99,,,,,,,,,,,,$1.09,,,,,,1,,,,,2016-07-09
1343439,Baseball Cards 2016 Bowman Chrome Prospects,Ray Black [Gold Refractor] #BCP-215,,,,,,,,,,,,,,,,,,,0,,,,,2016-07-09
1343536,Baseball Cards 2016 Bowman Chrome Prospects,Ray Black [Green Refractor] #BCP-215,$7.50,,,,,,,,,,,$1.70,$8.29,,,,,,1,,,,,2016-07-09
1343634,Baseball Cards 2016 Bowman Chrome Prospects,Ray Black [Orange Refractor] #BCP-215,$6.29,,,,,,,,,,,$1.40,$6.89,,,,,,0,,,,,2016-07-09
1343733,Baseball Cards 2016 Bowman Chrome Prospects,Ray Black [Orange Shimmer] #BCP-215,$2.95,,,,,,,,,,,,$3.29,,,,,,1,,,,,2016-07-09
10455941,Baseball Cards 2016 Bowman Chrome Prospects,Ray Black [Printing Plate] #BCP-215,,,,,,,,,,,,,,,,,,,0,,,,,2016-09-07
1343833,Baseball Cards 2016 Bowman Chrome Prospects,Ray Black [Purple Refractor] #BCP-215,$1.88,,,,,,,,,,,,$2.09,,,,,,1,,,,,2016-07-09
1343931,Baseball Cards 2016 Bowman Chrome Prospects,Ray Black [Red Refractor] #BCP-215,,,,,,,,,,,,,,,,,,,0,,,,,2016-07-09
1344031,Baseball Cards 2016 Bowman Chrome Prospects,Ray Black [Refractor] #BCP-215,$0.25,,,,,,,,,,,,$0.99,,,,,,0,,,,,2016-07-09
10455943,Baseball Cards 2016 Bowman Chrome Prospects,Ray Black [Superfractor] #BCP-215,,,,,,,,,,,,,,,,,,,0,,,,,2016-09-07
1343029,Baseball Cards 2016 Bowman Chrome Prospects,Reese McGuire #BCP-198,$1.69,,,,,,,,,,,,$1.89,,,,,,3,,,,,2016-07-09
1343123,Baseball Cards 2016 Bowman Chrome Prospects,Reese McGuire [Black Gold Refractor] #BCP-198,,,,,,,,,,,,,,,,,,,0,,,,,2016-07-09
1343223,Baseball Cards 2016 Bowman Chrome Prospects,Reese McGuire [Blue Refractor] #BCP-198,$0.25,,,,,,,,,,,,$0.99,,,,,,0,,,,,2016-07-09
1343323,Baseball Cards 2016 Bowman Chrome Prospects,Reese McGuire [Blue Shimmer] #BCP-198,$0.25,,,,,,,,,,,,$0.99,,,,,,0,,,,,2016-07-09
1343423,Baseball Cards 2016 Bowman Chrome Prospects,Reese McGuire [Gold Refractor] #BCP-198,$1.69,,,,,,,,,,,,$1.89,,,,,,1,,,,,2016-07-09
1343519,Baseball Cards 2016 Bowman Chrome Prospects,Reese McGuire [Green Refractor] #BCP-198,$3.99,,,,,,,,,,,$0.90,$4.39,,,,,,0,,,,,2016-07-09
1343617,Baseball Cards 2016 Bowman Chrome Prospects,Reese McGuire [Orange Refractor] #BCP-198,$7.48,,,,,,,,,,,$1.60,$8.19,,,,,,0,,,,,2016-07-09
1343716,Baseball Cards 2016 Bowman Chrome Prospects,Reese McGuire [Orange Shimmer] #BCP-198,$0.25,,,,,,,,,,,,$0.99,,,,,,0,,,,,2016-07-09
10456016,Baseball Cards 2016 Bowman Chrome Prospects,Reese McGuire [Printing Plate] #BCP-198,,,,,,,,,,,,,,,,,,,0,,,,,2016-09-07
1343816,Baseball Cards 2016 Bowman Chrome Prospects,Reese McGuire [Purple Refractor] #BCP-198,$0.25,,,,,,,,,,,,$0.99,,,,,,0,,,,,2016-07-09
1343915,Baseball Cards 2016 Bowman Chrome Prospects,Reese McGuire [Red Refractor] #BCP-198,,,,,,,,,,,,,,,,,,,0,,,,,2016-07-09
1344014,Baseball Cards 2016 Bowman Chrome Prospects,Reese McGuire [Refractor] #BCP-198,$0.25,,,,,,,,,,,,$0.99,,,,,,0,,,,,2016-07-09
10456017,Baseball Cards 2016 Bowman Chrome Prospects,Reese McGuire [Superfractor] #BCP-198,$32.00,,,,,,,,,,,$10.50,$34.99,,,,,,1,,,,,2016-09-07
1344768,Baseball Cards 2016 Bowman Chrome Prospects,Ricardo Pinto #BCP-248,$1.49,,,,,,,,,,,,$1.59,,,,,,2,,,,,2016-07-09
1343173,Baseball Cards 2016 Bowman Chrome Prospects,Ricardo Pinto [Black Gold Refractor] #BCP-248,,,,,,,,,,,,,,,,,,,0,,,,,2016-07-09
1343273,Baseball Cards 2016 Bowman Chrome Prospects,Ricardo Pinto [Blue Refractor] #BCP-248,$1.50,,,,,,,,,,,,$1.69,,,,,,1,,,,,2016-07-09
1343373,Baseball Cards 2016 Bowman Chrome Prospects,Ricardo Pinto [Blue Shimmer] #BCP-248,$0.25,,,,,,,,,,,,$0.99,,,,,,0,,,,,2016-07-09
1343471,Baseball Cards 2016 Bowman Chrome Prospects,Ricardo Pinto [Gold Refractor] #BCP-248,$2.00,,,,,,,,,,,,$2.19,,,,,,1,,,,,2016-07-09
1343568,Baseball Cards 2016 Bowman Chrome Prospects,Ricardo Pinto [Green Refractor] #BCP-248,$3.00,,,,,,,,,,,,$3.29,,,,,,1,,,,,2016-07-09
1343666,Baseball Cards 2016 Bowman Chrome Prospects,Ricardo Pinto [Orange Refractor] #BCP-248,,,,,,,,,,,,,,,,,,,0,,,,,2016-07-09
1343766,Baseball Cards 2016 Bowman Chrome Prospects,Ricardo Pinto [Orange Shimmer] #BCP-248,$1.00,,,,,,,,,,,,$1.09,,,,,,1,,,,,2016-07-09
10456042,Baseball Cards 2016 Bowman Chrome Prospects,Ricardo Pinto [Printing Plate] #BCP-248,,,,,,,,,,,,,,,,,,,0,,,,,2016-09-07
1343866,Baseball Cards 2016 Bowman Chrome Prospects,Ricardo Pinto [Purple Refractor] #BCP-248,$1.00,,,,,,,,,,,,$1.09,,,,,,1,,,,,2016-07-09
1343964,Baseball Cards 2016 Bowman Chrome Prospects,Ricardo Pinto [Red Refractor] #BCP-248,,,,,,,,,,,,,,,,,,,0,,,,,2016-07-09
1344064,Baseball Cards 2016 Bowman Chrome Prospects,Ricardo Pinto [Refractor] #BCP-248,$0.99,,,,,,,,,,,,$1.09,,,,,,1,,,,,2016-07-09
10456043,Baseball Cards 2016 Bowman Chrome Prospects,Ricardo Pinto [Superfractor] #BCP-248,,,,,,,,,,,,,,,,,,,0,,,,,2016-09-07
1354243,Baseball Cards 2016 Bowman Chrome Prospects,Richie Martin #BCP-74,$0.75,,,,,,,,,,,,$0.99,,,,,,2,,,,,2016-07-09
1354393,Baseball Cards 2016 Bowman Chrome Prospects,Richie Martin [Blue Refractor] #BCP-74,$2.49,,,,,,,,,,,,$2.69,,,,,,0,,,,,2016-07-09
1354543,Baseball Cards 2016 Bowman Chrome Prospects,Richie Martin [Gold Refractor] #BCP-74,$17.78,,,,,,,,,,,$5.00,$19.99,,,,,,0,,,,,2016-07-09
1354693,Baseball Cards 2016 Bowman Chrome Prospects,Richie Martin [Green Refractor] #BCP-74,$2.50,,,,,,,,,,,,$2.79,,,,,,1,,,,,2016-07-09
1354843,Baseball Cards 2016 Bowman Chrome Prospects,Richie Martin [Green Shimmer Refractor] #BCP-74,$2.08,,,,,,,,,,,,$2.29,,,,,,1,,,,,2016-07-09
1354993,Baseball Cards 2016 Bowman Chrome Prospects,Richie Martin [Light Blue Refractor] #BCP-74,,,,,,,,,,,,,,,,,,,0,,,,,2016-07-09
1355143,Baseball Cards 2016 Bowman Chrome Prospects,Richie Martin [Orange Refractor] #BCP-74,,,,,,,,,,,,,,,,,,,0,,,,,2016-07-09
1355292,Baseball Cards 2016 Bowman Chrome Prospects,Richie Martin [Orange Shimmer Refractor] #BCP-74,$4.00,,,,,,,,,,,$0.90,$4.39,,,,,,1,,,,,2016-07-09
10455696,Baseball Cards 2016 Bowman Chrome Prospects,Richie Martin [Printing Plate] #BCP-74,,,,,,,,,,,,,,,,,,,0,,,,,2016-09-07
1355439,Baseball Cards 2016 Bowman Chrome Prospects,Richie Martin [Purple Refractor] #BCP-74,$1.99,,,,,,,,,,,,$2.19,,,,,,1,,,,,2016-07-09
1355587,Baseball Cards 2016 Bowman Chrome Prospects,Richie Martin [Red Refractor] #BCP-74,,,,,,,,,,,,,,,,,,,0,,,,,2016-07-09
1355736,Baseball Cards 2016 Bowman Chrome Prospects,Richie Martin [Refractor] #BCP-74,$1.69,,,,,,,,,,,,$1.89,,,,,,1,,,,,2016-07-09
10455697,Baseball Cards 2016 Bowman Chrome Prospects,Richie Martin [Superfractor] #BCP-74,,,,,,,,,,,,,,,,,,,0,,,,,2016-09-07
1354267,Baseball Cards 2016 Bowman Chrome Prospects,Rob Kaminsky #BCP-98,$0.99,,,,,,,,,,,,$1.09,,,,,,1,,,,,2016-07-09
1354417,Baseball Cards 2016 Bowman Chrome Prospects,Rob Kaminsky [Blue Refractor] #BCP-98,$0.25,,,,,,,,,,,,$0.99,,,,,,0,,,,,2016-07-09
1354567,Baseball Cards 2016 Bowman Chrome Prospects,Rob Kaminsky [Gold Refractor] #BCP-98,$4.57,,,,,,,,,,,$1.00,$4.99,,,,,,0,,,,,2016-07-09
1354717,Baseball Cards 2016 Bowman Chrome Prospects,Rob Kaminsky [Green Refractor] #BCP-98,$3.36,,,,,$11.52,$15.00,$7.00,$7.00,,,,$3.69,,,,,,1,,,,,2016-07-09
1354867,Baseball Cards 2016 Bowman Chrome Prospects,Rob Kaminsky [Green Shimmer Refractor] #BCP-98,$2.99,,,,,,,,,,,,$3.29,,,,,,1,,,,,2016-07-09
1355017,Baseball Cards 2016 Bowman Chrome Prospects,Rob Kaminsky [Light Blue Refractor] #BCP-98,,,,,,,,,,,,,,,,,,,0,,,,,2016-07-09
1355167,Baseball Cards 2016 Bowman Chrome Prospects,Rob Kaminsky [Orange Refractor] #BCP-98,$2.84,,,,,,,,,,,,$3.09,,,,,,0,,,,,2016-07-09
1355316,Baseball Cards 2016 Bowman Chrome Prospects,Rob Kaminsky [Orange Shimmer Refractor] #BCP-98,$7.49,,,,,,,,,,,$1.60,$8.19,,,,,,0,,,,,2016-07-09
10455742,Baseball Cards 2016 Bowman Chrome Prospects,Rob Kaminsky [Printing Plate] #BCP-98,,,,,,,,,,,,,,,,,,,0,,,,,2016-09-07
1355461,Baseball Cards 2016 Bowman Chrome Prospects,Rob Kaminsky [Purple Refractor] #BCP-98,$0.25,,,,,,,,,,,,$0.99,,,,,,0,,,,,2016-07-09
1355611,Baseball Cards 2016 Bowman Chrome Prospects,Rob Kaminsky [Red Refractor] #BCP-98,,,,,,,,,,,,,,,,,,,0,,,,,2016-07-09
1355760,Baseball Cards 2016 Bowman Chrome Prospects,Rob Kaminsky [Refractor] #BCP-98,$1.21,,,,,,,,,,,,$1.29,,,,,,1,,,,,2016-07-09
10455743,Baseball Cards 2016 Bowman Chrome Prospects,Rob Kaminsky [Superfractor] #BCP-98,,,,,,,,,,,,,,,,,,,0,,,,,2016-09-07
1342987,Baseball Cards 2016 Bowman Chrome Prospects,Roman Quinn #BCP-155,$0.99,,,,,,,,,,,,$1.09,,,,,,1,,,,,2016-07-09
1344770,Baseball Cards 2016 Bowman Chrome Prospects,Roman Quinn [Black Gold Refractor] #BCP-155,$6.99,,,,,,,,,,,$1.50,$7.69,,,,,,0,,,,,2016-07-09
1343180,Baseball Cards 2016 Bowman Chrome Prospects,Roman Quinn [Blue Refractor] #BCP-155,$0.99,,,,,,,,,,,,$1.09,,,,,,1,,,,,2016-07-09
1343280,Baseball Cards 2016 Bowman Chrome Prospects,Roman Quinn [Blue Shimmer] #BCP-155,$0.25,,,,,,,,,,,,$0.99,,,,,,0,,,,,2016-07-09
1343380,Baseball Cards 2016 Bowman Chrome Prospects,Roman Quinn [Gold Refractor] #BCP-155,$1.10,,,,,,,,,,,,$1.19,,,,,,1,,,,,2016-07-09
1343478,Baseball Cards 2016 Bowman Chrome Prospects,Roman Quinn [Green Refractor] #BCP-155,$3.13,,,,,,,,,,,,$3.39,,,,,,0,,,,,2016-07-09
1343574,Baseball Cards 2016 Bowman Chrome Prospects,Roman Quinn [Orange Refractor] #BCP-155,$3.42,,,,,,,,,,,$0.80,$3.79,,,,,,0,,,,,2016-07-09
1343673,Baseball Cards 2016 Bowman Chrome Prospects,Roman Quinn [Orange Shimmer] #BCP-155,$0.25,,,,,,,,,,,,$0.99,,,,,,0,,,,,2016-07-09
10455863,Baseball Cards 2016 Bowman Chrome Prospects,Roman Quinn [Printing Plate] #BCP-155,,,,,,,,,,,,,,,,,,,0,,,,,2016-09-07
1343773,Baseball Cards 2016 Bowman Chrome Prospects,Roman Quinn [Purple Refractor] #BCP-155,$4.80,,,,,,,,,,,$1.10,$5.29,,,,,,0,,,,,2016-07-09
1343873,Baseball Cards 2016 Bowman Chrome Prospects,Roman Quinn [Red Refractor] #BCP-155,,,,,,,,,,,,,,,,,,,0,,,,,2016-07-09
1343971,Baseball Cards 2016 Bowman Chrome Prospects,Roman Quinn [Refractor] #BCP-155,$2.00,,,,,,,,,,,,$2.19,,,,,,1,,,,,2016-07-09
10455864,Baseball Cards 2016 Bowman Chrome Prospects,Roman Quinn [Superfractor] #BCP-155,,,,,,,,,,,,,,,,,,,0,,,,,2016-09-07
1354301,Baseball Cards 2016 Bowman Chrome Prospects,Rowdy Tellez #BCP-132,$1.40,,,,,,,,,,,,$1.49,,,,,,3,,,,,2016-07-09
1354451,Baseball Cards 2016 Bowman Chrome Prospects,Rowdy Tellez [Blue Refractor] #BCP-132,$2.24,,,,,,,,,,,,$2.49,,,,,,0,,,,,2016-07-09
1354601,Baseball Cards 2016 Bowman Chrome Prospects,Rowdy Tellez [Gold Refractor] #BCP-132,$9.99,,,,,,,,,,,$2.80,$10.99,,,,,,0,,,,,2016-07-09
1354751,Baseball Cards 2016 Bowman Chrome Prospects,Rowdy Tellez [Green Refractor] #BCP-132,$3.33,,,,,,,,,,,,$3.69,,,,,,1,,,,,2016-07-09
1354901,Baseball Cards 2016 Bowman Chrome Prospects,Rowdy Tellez [Green Shimmer Refractor] #BCP-132,$2.16,,,,,,,,,,,,$2.39,,,,,,2,,,,,2016-07-09
1355051,Baseball Cards 2016 Bowman Chrome Prospects,Rowdy Tellez [Light Blue Refractor] #BCP-132,,,,,,,,,,,,,,,,,,,0,,,,,2016-07-09
1355201,Baseball Cards 2016 Bowman Chrome Prospects,Rowdy Tellez [Orange Refractor] #BCP-132,$15.19,,,,,,,,,,,$4.30,$16.99,,,,,,0,,,,,2016-07-09
1355350,Baseball Cards 2016 Bowman Chrome Prospects,Rowdy Tellez [Orange Shimmer Refractor] #BCP-132,$1.25,,,,,,,,,,,,$1.39,,,,,,1,,,,,2016-07-09
10455810,Baseball Cards 2016 Bowman Chrome Prospects,Rowdy Tellez [Printing Plate] #BCP-132,,,,,,,,,,,,,,,,,,,0,,,,,2016-09-07
1355495,Baseball Cards 2016 Bowman Chrome Prospects,Rowdy Tellez [Purple Refractor] #BCP-132,$1.00,,,,,,,,,,,,$1.09,,,,,,1,,,,,2016-07-09
1355645,Baseball Cards 2016 Bowman Chrome Prospects,Rowdy Tellez [Red Refractor] #BCP-132,,,,,,,,,,,,,,,,,,,0,,,,,2016-07-09
1355794,Baseball Cards 2016 Bowman Chrome Prospects,Rowdy Tellez [Refractor] #BCP-132,$1.51,,,,,,,,,,,,$1.69,,,,,,1,,,,,2016-07-09
10455809,Baseball Cards 2016 Bowman Chrome Prospects,Rowdy Tellez [Superfractor] #BCP-132,,,,,,,,,,,,,,,,,,,0,,,,,2016-09-07
1354189,Baseball Cards 2016 Bowman Chrome Prospects,Ruddy Giron #BCP-20,$1.50,,,,,,,,,,,,$1.69,,,,,,3,,,,,2016-07-09
1354339,Baseball Cards 2016 Bowman Chrome Prospects,Ruddy Giron [Blue Refractor] #BCP-20,$0.25,,,,,,,,,,,,$0.99,,,,,,0,,,,,2016-07-09
1354489,Baseball Cards 2016 Bowman Chrome Prospects,Ruddy Giron [Gold Refractor] #BCP-20,$2.01,,,,,,,,,,,,$2.19,,,,,,0,,,,,2016-07-09
1354639,Baseball Cards 2016 Bowman Chrome Prospects,Ruddy Giron [Green Refractor] #BCP-20,$0.25,,,,,,,,,,,,$0.99,,,,,,0,,,,,2016-07-09
1354789,Baseball Cards 2016 Bowman Chrome Prospects,Ruddy Giron [Green Shimmer Refractor] #BCP-20,$0.25,,,,,,,,,,,,$0.99,,,,,,0,,,,,2016-07-09
1354939,Baseball Cards 2016 Bowman Chrome Prospects,Ruddy Giron [Light Blue Refractor] #BCP-20,$1.40,,,,,,,,,,,,$1.49,,,,,,1,,,,,2016-07-09
1355089,Baseball Cards 2016 Bowman Chrome Prospects,Ruddy Giron [Orange Refractor] #BCP-20,$5.99,,,,,,,,,,,$1.30,$6.59,,,,,,0,,,,,2016-07-09
1357292,Baseball Cards 2016 Bowman Chrome Prospects,Ruddy Giron [Orange Shimmer Refractor] #BCP-20,$3.40,,,,,,,,,,,,$3.69,,,,,,1,,,,,2016-07-09
10455592,Baseball Cards 2016 Bowman Chrome Prospects,Ruddy Giron [Printing Plate] #BCP-20,,,,,,,,,,,,,,,,,,,0,,,,,2016-09-07
1355387,Baseball Cards 2016 Bowman Chrome Prospects,Ruddy Giron [Purple Refractor] #BCP-20,$0.25,,,,,,,,,,,,$0.99,,,,,,0,,,,,2016-07-09
1355533,Baseball Cards 2016 Bowman Chrome Prospects,Ruddy Giron [Red Refractor] #BCP-20,$9.45,,,,,,,,,,,$2.00,$9.99,,,,,,0,,,,,2016-07-09
1355682,Baseball Cards 2016 Bowman Chrome Prospects,Ruddy Giron [Refractor] #BCP-20,$0.25,,,,,,,,,,,,$0.99,,,,,,0,,,,,2016-07-09
10455593,Baseball Cards 2016 Bowman Chrome Prospects,Ruddy Giron [Superfractor] #BCP-20,,,,,,,,,,,,,,,,,,,0,,,,,2016-09-07
1343022,Baseball Cards 2016 Bowman Chrome Prospects,Ryan McKenna #BCP-191,$1.00,,,,,,,,,,,,$1.09,,,,,,1,,,,,2016-07-09
1343116,Baseball Cards 2016 Bowman Chrome Prospects,Ryan McKenna [Black Gold Refractor] #BCP-191,,,,,,,,,,,,,,,,,,,0,,,,,2016-07-09
1343216,Baseball Cards 2016 Bowman Chrome Prospects,Ryan McKenna [Blue Refractor] #BCP-191,$2.99,,,,,,,,,,,,$3.29,,,,,,0,,,,,2016-07-09
1343316,Baseball Cards 2016 Bowman Chrome Prospects,Ryan McKenna [Blue Shimmer] #BCP-191,$1.99,,,,,,,,,,,,$2.19,,,,,,1,,,,,2016-07-09
1343416,Baseball Cards 2016 Bowman Chrome Prospects,Ryan McKenna [Gold Refractor] #BCP-191,$2.99,,,,,,,,,,,,$3.29,,,,,,1,,,,,2016-07-09
1343512,Baseball Cards 2016 Bowman Chrome Prospects,Ryan McKenna [Green Refractor] #BCP-191,$3.60,,,,,,,,,,,$0.80,$3.99,,,,,,0,,,,,2016-07-09
1343610,Baseball Cards 2016 Bowman Chrome Prospects,Ryan McKenna [Orange Refractor] #BCP-191,$0.99,,,,,,,,,,,,$1.09,,,,,,1,,,,,2016-07-09
1343709,Baseball Cards 2016 Bowman Chrome Prospects,Ryan McKenna [Orange Shimmer] #BCP-191,$4.00,,,,,,,,,,,$0.90,$4.39,,,,,,1,,,,,2016-07-09
10455984,Baseball Cards 2016 Bowman Chrome Prospects,Ryan McKenna [Printing Plate] #BCP-191,,,,,,,,,,,,,,,,,,,0,,,,,2016-09-07
1343809,Baseball Cards 2016 Bowman Chrome Prospects,Ryan McKenna [Purple Refractor] #BCP-191,$2.55,,,,,,,,,,,,$2.79,,,,,,0,,,,,2016-07-09
1343908,Baseball Cards 2016 Bowman Chrome Prospects,Ryan McKenna [Red Refractor] #BCP-191,,,,,,,,,,,,,,,,,,,0,,,,,2016-07-09
1344007,Baseball Cards 2016 Bowman Chrome Prospects,Ryan McKenna [Refractor] #BCP-191,$3.69,,,,,,,,,,,$0.80,$4.09,,,,,,0,,,,,2016-07-09
10455986,Baseball Cards 2016 Bowman Chrome Prospects,Ryan McKenna [Superfractor] #BCP-191,,,,,,,,,,,,,,,,,,,0,,,,,2016-09-07
1354291,Baseball Cards 2016 Bowman Chrome Prospects,Ryan McMahon #BCP-122,$1.34,,,,,,,,,,,,$1.49,,,,,,2,,,,,2016-07-09
1354441,Baseball Cards 2016 Bowman Chrome Prospects,Ryan McMahon [Blue Refractor] #BCP-122,$2.13,,,,,,,,,,,,$2.29,,,,,,1,,,,,2016-07-09
1354591,Baseball Cards 2016 Bowman Chrome Prospects,Ryan McMahon [Gold Refractor] #BCP-122,$6.29,,,,,,,,,,,$1.40,$6.89,,,,,,1,,,,,2016-07-09
1354741,Baseball Cards 2016 Bowman Chrome Prospects,Ryan McMahon [Green Refractor] #BCP-122,$14.96,,,,,,,,,,,$4.00,$15.99,,,,,,1,,,,,2016-07-09
1354891,Baseball Cards 2016 Bowman Chrome Prospects,Ryan McMahon [Green Shimmer Refractor] #BCP-122,$8.00,,,,,,,,,,,$1.80,$8.79,,,,,,0,,,,,2016-07-09
1355041,Baseball Cards 2016 Bowman Chrome Prospects,Ryan McMahon [Light Blue Refractor] #BCP-122,,,,,,,,,,,,,,,,,,,0,,,,,2016-07-09
1355191,Baseball Cards 2016 Bowman Chrome Prospects,Ryan McMahon [Orange Refractor] #BCP-122,$4.97,,,,,,,,,,,$1.10,$5.49,,,,,,1,,,,,2016-07-09
1355340,Baseball Cards 2016 Bowman Chrome Prospects,Ryan McMahon [Orange Shimmer Refractor] #BCP-122,$12.04,,,,,,,,,,,$3.30,$12.99,,,,,,0,,,,,2016-07-09
10455789,Baseball Cards 2016 Bowman Chrome Prospects,Ryan McMahon [Printing Plate] #BCP-122,,,,,,,,,,,,,,,,,,,0,,,,,2016-09-07
1355485,Baseball Cards 2016 Bowman Chrome Prospects,Ryan McMahon [Purple Refractor] #BCP-122,$2.73,,,,,,,,,,,,$2.99,,,,,,0,,,,,2016-07-09
1355635,Baseball Cards 2016 Bowman Chrome Prospects,Ryan McMahon [Red Refractor] #BCP-122,,,,,,,,,,,,,,,,,,,0,,,,,2016-07-09
1355784,Baseball Cards 2016 Bowman Chrome Prospects,Ryan McMahon [Refractor] #BCP-122,$1.99,,,,,,,,,,,,$2.19,,,,,,1,,,,,2016-07-09
10455790,Baseball Cards 2016 Bowman Chrome Prospects,Ryan McMahon [Superfractor] #BCP-122,,,,,,,,,,,,,,,,,,,0,,,,,2016-09-07
1354257,Baseball Cards 2016 Bowman Chrome Prospects,Ryan Mountcastle #BCP-88,$1.42,,,,,,,,,,,,$1.59,,,,,,5,,,,,2016-07-09
1354407,Baseball Cards 2016 Bowman Chrome Prospects,Ryan Mountcastle [Blue Refractor] #BCP-88,$6.25,,,,,,,,,,,$1.40,$6.89,,,,,,1,,,,,2016-07-09
1354557,Baseball Cards 2016 Bowman Chrome Prospects,Ryan Mountcastle [Gold Refractor] #BCP-88,$0.99,,,,,,,,,,,,$1.09,,,,,,1,,,,,2016-07-09
1354707,Baseball Cards 2016 Bowman Chrome Prospects,Ryan Mountcastle [Green Refractor] #BCP-88,$1.80,,,,,,,,,,,,$1.99,,,,,,1,,,,,2016-07-09
1354857,Baseball Cards 2016 Bowman Chrome Prospects,Ryan Mountcastle [Green Shimmer Refractor] #BCP-88,$7.70,,,,,,,,,,,$1.70,$8.49,,,,,,1,,,,,2016-07-09
1355007,Baseball Cards 2016 Bowman Chrome Prospects,Ryan Mountcastle [Light Blue Refractor] #BCP-88,,,,,,,,,,,,,,,,,,,0,,,,,2016-07-09
1355157,Baseball Cards 2016 Bowman Chrome Prospects,Ryan Mountcastle [Orange Refractor] #BCP-88,$45.00,,,$111.11,$122.00,,,,,,,$20.00,$49.99,,,,,,2,,,,,2016-07-09
1355306,Baseball Cards 2016 Bowman Chrome Prospects,Ryan Mountcastle [Orange Shimmer Refractor] #BCP-88,$5.88,,,,,,,,,,,$1.30,$6.49,,,,,,1,,,,,2016-07-09
10455721,Baseball Cards 2016 Bowman Chrome Prospects,Ryan Mountcastle [Printing Plate] #BCP-88,,,,,,,,,,,,,,,,,,,0,,,,,2016-09-07
1355453,Baseball Cards 2016 Bowman Chrome Prospects,Ryan Mountcastle [Purple Refractor] #BCP-88,$7.30,,,,,,,,,,,$1.60,$7.99,,,,,,1,,,,,2016-07-09
1355601,Baseball Cards 2016 Bowman Chrome Prospects,Ryan Mountcastle [Red Refractor] #BCP-88,,,,,,,,,,,,,,,,,,,0,,,,,2016-07-09
1355750,Baseball Cards 2016 Bowman Chrome Prospects,Ryan Mountcastle [Refractor] #BCP-88,$2.00,,,,,,,,,,,,$2.19,,,,,,1,,,,,2016-07-09
10455724,Baseball Cards 2016 Bowman Chrome Prospects,Ryan Mountcastle [Superfractor] #BCP-88,,,,,,,,,,,,,,,,,,,0,,,,,2016-09-07
1343052,Baseball Cards 2016 Bowman Chrome Prospects,Ryan Williams #BCP-221,$1.15,,,,,,,,,,,,$1.29,,,,,,3,,,,,2016-07-09
1343146,Baseball Cards 2016 Bowman Chrome Prospects,Ryan Williams [Black Gold Refractor] #BCP-221,,,,,,,,,,,,,,,,,,,0,,,,,2016-07-09
1343246,Baseball Cards 2016 Bowman Chrome Prospects,Ryan Williams [Blue Refractor] #BCP-221,$2.77,,,,,,,,,,,,$3.09,,,,,,1,,,,,2016-07-09
1343346,Baseball Cards 2016 Bowman Chrome Prospects,Ryan Williams [Blue Shimmer] #BCP-221,$0.25,,,,,,,,,,,,$0.99,,,,,,0,,,,,2016-07-09
1343445,Baseball Cards 2016 Bowman Chrome Prospects,Ryan Williams [Gold Refractor] #BCP-221,$6.93,,,,,,,,,,,$1.50,$7.59,,,,,,2,,,,,2016-07-09
1343542,Baseball Cards 2016 Bowman Chrome Prospects,Ryan Williams [Green Refractor] #BCP-221,$2.26,,,,,,,,,,,,$2.49,,,,,,0,,,,,2016-07-09
1343640,Baseball Cards 2016 Bowman Chrome Prospects,Ryan Williams [Orange Refractor] #BCP-221,$13.50,,,,,,,,,,,$3.80,$14.99,,,,,,1,,,,,2016-07-09
1343739,Baseball Cards 2016 Bowman Chrome Prospects,Ryan Williams [Orange Shimmer] #BCP-221,$1.58,,,,,,,,,,,,$1.69,,,,,,4,,,,,2016-07-09
10455965,Baseball Cards 2016 Bowman Chrome Prospects,Ryan Williams [Printing Plate] #BCP-221,,,,,,,,,,,,,,,,,,,0,,,,,2016-09-07
1343839,Baseball Cards 2016 Bowman Chrome Prospects,Ryan Williams [Purple Refractor] #BCP-221,$1.04,,,,,,,,,,,,$1.09,,,,,,1,,,,,2016-07-09
1343937,Baseball Cards 2016 Bowman Chrome Prospects,Ryan Williams [Red Refractor] #BCP-221,,,,,,,,,,,,,,,,,,,0,,,,,2016-07-09
1344037,Baseball Cards 2016 Bowman Chrome Prospects,Ryan Williams [Refractor] #BCP-221,$0.25,,,,,,,,,,,,$0.99,,,,,,0,,,,,2016-07-09
10455966,Baseball Cards 2016 Bowman Chrome Prospects,Ryan Williams [Superfractor] #BCP-221,,,,,,,,,,,,,,,,,,,0,,,,,2016-09-07
1354202,Baseball Cards 2016 Bowman Chrome Prospects,Sal Romano #BCP-33,$0.99,,,,,,,,,,,,$1.09,,,,,,1,,,,,2016-07-09
1354352,Baseball Cards 2016 Bowman Chrome Prospects,Sal Romano [Blue Refractor] #BCP-33,$2.67,,,,,,,,,,,,$2.89,,,,,,1,,,,,2016-07-09
1354502,Baseball Cards 2016 Bowman Chrome Prospects,Sal Romano [Gold Refractor] #BCP-33,$2.81,,,,,,,,,,,,$3.09,,,,,,1,,,,,2016-07-09
1354652,Baseball Cards 2016 Bowman Chrome Prospects,Sal Romano [Green Refractor] #BCP-33,$0.99,,,,,,,,,,,,$1.09,,,,,,1,,,,,2016-07-09
1354802,Baseball Cards 2016 Bowman Chrome Prospects,Sal Romano [Green Shimmer Refractor] #BCP-33,$2.87,,,,,,,,,,,,$3.19,,,,,,0,,,,,2016-07-09
1354952,Baseball Cards 2016 Bowman Chrome Prospects,Sal Romano [Light Blue Refractor] #BCP-33,$2.89,,,,,,,,,,,,$3.19,,,,,,1,,,,,2016-07-09
1355102,Baseball Cards 2016 Bowman Chrome Prospects,Sal Romano [Orange Refractor] #BCP-33,$2.50,,,,,,,,,,,,$2.79,,,,,,0,,,,,2016-07-09
1355251,Baseball Cards 2016 Bowman Chrome Prospects,Sal Romano [Orange Shimmer Refractor] #BCP-33,$3.99,,,,,,,,,,,$0.90,$4.39,,,,,,1,,,,,2016-07-09
10455619,Baseball Cards 2016 Bowman Chrome Prospects,Sal Romano [Printing Plate] #BCP-33,,,,,,,,,,,,,,,,,,,0,,,,,2016-09-07
1355399,Baseball Cards 2016 Bowman Chrome Prospects,Sal Romano [Purple Refractor] #BCP-33,$1.33,,,,,,,,,,,,$1.49,,,,,,1,,,,,2016-07-09
1355546,Baseball Cards 2016 Bowman Chrome Prospects,Sal Romano [Red Refractor] #BCP-33,,,,,,,,,,,,,,,,,,,0,,,,,2016-07-09
1355695,Baseball Cards 2016 Bowman Chrome Prospects,Sal Romano [Refractor] #BCP-33,$2.42,,,,,,,,,,,,$2.69,,,,,,1,,,,,2016-07-09
10455622,Baseball Cards 2016 Bowman Chrome Prospects,Sal Romano [Superfractor] #BCP-33,,,,,,,,,,,,,,,,,,,0,,,,,2016-09-07
1342990,Baseball Cards 2016 Bowman Chrome Prospects,Sam Howard #BCP-158,$1.50,,,,,,,,,,,,$1.69,,,,,,3,,,,,2016-07-09
1343084,Baseball Cards 2016 Bowman Chrome Prospects,Sam Howard [Black Gold Refractor] #BCP-158,$2.00,,,,,,,,,,,,$2.19,,,,,,0,,,,,2016-07-09
1343183,Baseball Cards 2016 Bowman Chrome Prospects,Sam Howard [Blue Refractor] #BCP-158,$0.25,,,,,,,,,,,,$0.99,,,,,,0,,,,,2016-07-09
1343283,Baseball Cards 2016 Bowman Chrome Prospects,Sam Howard [Blue Shimmer] #BCP-158,$2.49,,,,,,,,,,,,$2.69,,,,,,0,,,,,2016-07-09
1343383,Baseball Cards 2016 Bowman Chrome Prospects,Sam Howard [Gold Refractor] #BCP-158,$9.99,,,,,,,,,,,$2.80,$10.99,,,,,,0,,,,,2016-07-09
1343481,Baseball Cards 2016 Bowman Chrome Prospects,Sam Howard [Green Refractor] #BCP-158,$0.25,,,,,,,,,,,,$0.99,,,,,,0,,,,,2016-07-09
1343577,Baseball Cards 2016 Bowman Chrome Prospects,Sam Howard [Orange Refractor] #BCP-158,$7.44,,,,,,,,,,,$1.60,$8.19,,,,,,0,,,,,2016-07-09
1343676,Baseball Cards 2016 Bowman Chrome Prospects,Sam Howard [Orange Shimmer] #BCP-158,$2.90,,$7.29,$12.93,$24.00,$33.86,$44.00,$20.00,$20.00,,,,$3.19,,,$1.60,$7.99,,7,,,,,2016-07-09
10455869,Baseball Cards 2016 Bowman Chrome Prospects,Sam Howard [Printing Plate] #BCP-158,,,,,,,,,,,,,,,,,,,0,,,,,2016-09-07
1343776,Baseball Cards 2016 Bowman Chrome Prospects,Sam Howard [Purple Refractor] #BCP-158,$2.25,,,,,,,,,,,,$2.49,,,,,,1,,,,,2016-07-09
1343876,Baseball Cards 2016 Bowman Chrome Prospects,Sam Howard [Red Refractor] #BCP-158,,,,,,,,,,,,,,,,,,,0,,,,,2016-07-09
1343974,Baseball Cards 2016 Bowman Chrome Prospects,Sam Howard [Refractor] #BCP-158,$2.25,,,,,,,,,,,,$2.49,,,,,,1,,,,,2016-07-09
10455870,Baseball Cards 2016 Bowman Chrome Prospects,Sam Howard [Superfractor] #BCP-158,,,,,,,,,,,,,,,,,,,0,,,,,2016-09-07
1343060,Baseball Cards 2016 Bowman Chrome Prospects,Sam Travis #BCP-229,$0.25,,,,,,,,,,,,$0.99,,,,,,0,,,,,2016-07-09
1343154,Baseball Cards 2016 Bowman Chrome Prospects,Sam Travis [Black Gold Refractor] #BCP-229,,,,,,,,,,,,,,,,,,,0,,,,,2016-07-09
1343254,Baseball Cards 2016 Bowman Chrome Prospects,Sam Travis [Blue Refractor] #BCP-229,$2.00,,,,,,,,,,,,$2.19,,,,,,1,,,,,2016-07-09
1343354,Baseball Cards 2016 Bowman Chrome Prospects,Sam Travis [Blue Shimmer] #BCP-229,$0.25,,,,,,,,,,,,$0.99,,,,,,0,,,,,2016-07-09
1343453,Baseball Cards 2016 Bowman Chrome Prospects,Sam Travis [Gold Refractor] #BCP-229,$8.30,,,,,,,,,,,$1.80,$9.09,,,,,,0,,,,,2016-07-09
1343550,Baseball Cards 2016 Bowman Chrome Prospects,Sam Travis [Green Refractor] #BCP-229,$3.99,,,,,,,,,,,$0.90,$4.39,,,,,,0,,,,,2016-07-09
1343648,Baseball Cards 2016 Bowman Chrome Prospects,Sam Travis [Orange Refractor] #BCP-229,$10.89,,,,,,,,,,,$3.00,$11.99,,,,,,0,,,,,2016-07-09
1343747,Baseball Cards 2016 Bowman Chrome Prospects,Sam Travis [Orange Shimmer] #BCP-229,$3.52,,,,,,,,,,,$0.80,$3.89,,,,,,0,,,,,2016-07-09
10455990,Baseball Cards 2016 Bowman Chrome Prospects,Sam Travis [Printing Plate] #BCP-229,,,,,,,,,,,,,,,,,,,0,,,,,2016-09-07
1343847,Baseball Cards 2016 Bowman Chrome Prospects,Sam Travis [Purple Refractor] #BCP-229,$1.65,,,,,,,,,,,,$1.79,,,,,,1,,,,,2016-07-09
1343945,Baseball Cards 2016 Bowman Chrome Prospects,Sam Travis [Red Refractor] #BCP-229,,,,,,,,,,,,,,,,,,,0,,,,,2016-07-09
1344045,Baseball Cards 2016 Bowman Chrome Prospects,Sam Travis [Refractor] #BCP-229,$0.25,,,,,,,,,,,,$0.99,,,,,,0,,,,,2016-07-09
10455991,Baseball Cards 2016 Bowman Chrome Prospects,Sam Travis [Superfractor] #BCP-229,,,,,,,,,,,,,,,,,,,0,,,,,2016-09-07
1354183,Baseball Cards 2016 Bowman Chrome Prospects,Samuel Coonrod #BCP-14,$1.32,,,,,,,,,,,,$1.49,,,,,,1,,,,,2016-07-09
1354333,Baseball Cards 2016 Bowman Chrome Prospects,Samuel Coonrod [Blue Refractor] #BCP-14,$0.25,,,,,,,,,,,,$0.99,,,,,,0,,,,,2016-07-09
1354483,Baseball Cards 2016 Bowman Chrome Prospects,Samuel Coonrod [Gold Refractor] #BCP-14,$7.20,,,,,,,,,,,$1.60,$7.89,,,,,,1,,,,,2016-07-09
1354633,Baseball Cards 2016 Bowman Chrome Prospects,Samuel Coonrod [Green Refractor] #BCP-14,$0.25,,,,,,,,,,,,$0.99,,,,,,0,,,,,2016-07-09
1354783,Baseball Cards 2016 Bowman Chrome Prospects,Samuel Coonrod [Green Shimmer Refractor] #BCP-14,$3.42,,,,,,,,,,,$0.80,$3.79,,,,,,0,,,,,2016-07-09
1354933,Baseball Cards 2016 Bowman Chrome Prospects,Samuel Coonrod [Light Blue Refractor] #BCP-14,,,,,,,,,,,,,,,,,,,0,,,,,2016-07-09
1355083,Baseball Cards 2016 Bowman Chrome Prospects,Samuel Coonrod [Orange Refractor] #BCP-14,$3.00,,,,,,,,,,,,$3.29,,,,,,1,,,,,2016-07-09
1355233,Baseball Cards 2016 Bowman Chrome Prospects,Samuel Coonrod [Orange Shimmer Refractor] #BCP-14,$7.15,,,,,,,,,,,$1.60,$7.89,,,,,,0,,,,,2016-07-09
10455580,Baseball Cards 2016 Bowman Chrome Prospects,Samuel Coonrod [Printing Plate] #BCP-14,,,,,,,,,,,,,,,,,,,0,,,,,2016-09-07
1355381,Baseball Cards 2016 Bowman Chrome Prospects,Samuel Coonrod [Purple Refractor] #BCP-14,$1.39,,,,,,,,,,,,$1.49,,,,,,1,,,,,2016-07-09
1355527,Baseball Cards 2016 Bowman Chrome Prospects,Samuel Coonrod [Red Refractor] #BCP-14,$29.29,,,,,,,,,,,$9.60,$31.99,,,,,,0,,,,,2016-07-09
1355676,Baseball Cards 2016 Bowman Chrome Prospects,Samuel Coonrod [Refractor] #BCP-14,$1.75,,,,,,,,,,,,$1.89,,,,,,1,,,,,2016-07-09
10455581,Baseball Cards 2016 Bowman Chrome Prospects,Samuel Coonrod [Superfractor] #BCP-14,,,,,,,,,,,,,,,,,,,0,,,,,2016-09-07
1354295,Baseball Cards 2016 Bowman Chrome Prospects,Scott Blewett #BCP-126,$1.35,,,,,,,,,,,,$1.49,,,,,,2,,,,,2016-07-09
1354445,Baseball Cards 2016 Bowman Chrome Prospects,Scott Blewett [Blue Refractor] #BCP-126,$1.85,,,,,,,,,,,,$1.99,,,,,,1,,,,,2016-07-09
1354595,Baseball Cards 2016 Bowman Chrome Prospects,Scott Blewett [Gold Refractor] #BCP-126,$2.99,,,,,,,,,,,,$3.29,,,,,,1,,,,,2016-07-09
1354745,Baseball Cards 2016 Bowman Chrome Prospects,Scott Blewett [Green Refractor] #BCP-126,$6.87,,,,,,,,,,,$1.50,$7.59,,,,,,1,,,,,2016-07-09
1354895,Baseball Cards 2016 Bowman Chrome Prospects,Scott Blewett [Green Shimmer Refractor] #BCP-126,,,,,,,,,,,,,,,,,,,0,,,,,2016-07-09
1355045,Baseball Cards 2016 Bowman Chrome Prospects,Scott Blewett [Light Blue Refractor] #BCP-126,$11.75,,,,,,,,,,,$3.30,$12.99,,,,,,1,,,,,2016-07-09
1355195,Baseball Cards 2016 Bowman Chrome Prospects,Scott Blewett [Orange Refractor] #BCP-126,,,,,,,,,,,,,,,,,,,0,,,,,2016-07-09
1355344,Baseball Cards 2016 Bowman Chrome Prospects,Scott Blewett [Orange Shimmer Refractor] #BCP-126,,,,,,,,,,,,,,,,,,,0,,,,,2016-07-09
10455797,Baseball Cards 2016 Bowman Chrome Prospects,Scott Blewett [Printing Plate] #BCP-126,,,,,,,,,,,,,,,,,,,0,,,,,2016-09-07
1355489,Baseball Cards 2016 Bowman Chrome Prospects,Scott Blewett [Purple Refractor] #BCP-126,$1.68,,,,,,,,,,,,$1.89,,,,,,1,,,,,2016-07-09
1355639,Baseball Cards 2016 Bowman Chrome Prospects,Scott Blewett [Red Refractor] #BCP-126,,,,,,,,,,,,,,,,,,,0,,,,,2016-07-09
1355788,Baseball Cards 2016 Bowman Chrome Prospects,Scott Blewett [Refractor] #BCP-126,$1.49,,,,,,,,,,,,$1.59,,,,,,1,,,,,2016-07-09
10455798,Baseball Cards 2016 Bowman Chrome Prospects,Scott Blewett [Superfractor] #BCP-126,,,,,,,,,,,,,,,,,,,0,,,,,2016-09-07
1354299,Baseball Cards 2016 Bowman Chrome Prospects,Sean Manaea #BCP-130,$0.98,,,,,,,,,,,,$1.09,,,,,,3,,,,,2016-07-09
1354449,Baseball Cards 2016 Bowman Chrome Prospects,Sean Manaea [Blue Refractor] #BCP-130,$5.98,,,,,,,,,,,$1.30,$6.59,,,,,,1,,,,,2016-07-09
1354599,Baseball Cards 2016 Bowman Chrome Prospects,Sean Manaea [Gold Refractor] #BCP-130,$14.05,,,,,,,,,,,$3.80,$14.99,,,,,,1,,,,,2016-07-09
1354749,Baseball Cards 2016 Bowman Chrome Prospects,Sean Manaea [Green Refractor] #BCP-130,$3.83,,,,,,,,,,,$0.80,$4.19,,,,,,1,,,,,2016-07-09
1354899,Baseball Cards 2016 Bowman Chrome Prospects,Sean Manaea [Green Shimmer Refractor] #BCP-130,,,,,,,,,,,,,,,,,,,0,,,,,2016-07-09
1355049,Baseball Cards 2016 Bowman Chrome Prospects,Sean Manaea [Light Blue Refractor] #BCP-130,,,,,,,,,,,,,,,,,,,0,,,,,2016-07-09
1355199,Baseball Cards 2016 Bowman Chrome Prospects,Sean Manaea [Orange Refractor] #BCP-130,$51.14,,,,,,,,,,,$22.40,$55.99,,,,,,1,,,,,2016-07-09
1355348,Baseball Cards 2016 Bowman Chrome Prospects,Sean Manaea [Orange Shimmer Refractor] #BCP-130,,,,,,,,,,,,,,,,,,,0,,,,,2016-07-09
10455805,Baseball Cards 2016 Bowman Chrome Prospects,Sean Manaea [Printing Plate] #BCP-130,,,,,,,,,,,,,,,,,,,0,,,,,2016-09-07
1355493,Baseball Cards 2016 Bowman Chrome Prospects,Sean Manaea [Purple Refractor] #BCP-130,$2.97,,,,,,,,,,,,$3.29,,,,,,1,,,,,2016-07-09
1355643,Baseball Cards 2016 Bowman Chrome Prospects,Sean Manaea [Red Refractor] #BCP-130,,,,,,,,,,,,,,,,,,,0,,,,,2016-07-09
1355792,Baseball Cards 2016 Bowman Chrome Prospects,Sean Manaea [Refractor] #BCP-130,$5.14,,,,,,,,,,,$1.10,$5.69,,,,,,1,,,,,2016-07-09
10455806,Baseball Cards 2016 Bowman Chrome Prospects,Sean Manaea [Superfractor] #BCP-130,,,,,,,,,,,,,,,,,,,0,,,,,2016-09-07
1354234,Baseball Cards 2016 Bowman Chrome Prospects,Sean Newcomb #BCP-65,$1.37,,,,,,,,,,,,$1.49,,,,,,2,,,,,2016-07-09
1354384,Baseball Cards 2016 Bowman Chrome Prospects,Sean Newcomb [Blue Refractor] #BCP-65,$2.39,,,,,,,,,,,,$2.59,,,,,,1,,,,,2016-07-09
1354534,Baseball Cards 2016 Bowman Chrome Prospects,Sean Newcomb [Gold Refractor] #BCP-65,$10.03,,,,,,,,,,,$2.80,$10.99,,,,,,0,,,,,2016-07-09
1354684,Baseball Cards 2016 Bowman Chrome Prospects,Sean Newcomb [Green Refractor] #BCP-65,$3.41,,,,,,,,,,,$0.80,$3.79,,,,,,0,,,,,2016-07-09
1354834,Baseball Cards 2016 Bowman Chrome Prospects,Sean Newcomb [Green Shimmer Refractor] #BCP-65,$2.77,,,,,,,,,,,,$3.09,,,,,,0,,,,,2016-07-09
1354984,Baseball Cards 2016 Bowman Chrome Prospects,Sean Newcomb [Light Blue Refractor] #BCP-65,,,,,,,,,,,,,,,,,,,0,,,,,2016-07-09
1355134,Baseball Cards 2016 Bowman Chrome Prospects,Sean Newcomb [Orange Refractor] #BCP-65,,,,,,,,,,,,,,,,,,,0,,,,,2016-07-09
1355283,Baseball Cards 2016 Bowman Chrome Prospects,Sean Newcomb [Orange Shimmer Refractor] #BCP-65,$11.74,,,,,,,,,,,$3.30,$12.99,,,,,,0,,,,,2016-07-09
10455675,Baseball Cards 2016 Bowman Chrome Prospects,Sean Newcomb [Printing Plate] #BCP-65,,,,,,,,,,,,,,,,,,,0,,,,,2016-09-07
1355430,Baseball Cards 2016 Bowman Chrome Prospects,Sean Newcomb [Purple Refractor] #BCP-65,$0.99,,,,,,,,,,,,$1.09,,,,,,1,,,,,2016-07-09
1355578,Baseball Cards 2016 Bowman Chrome Prospects,Sean Newcomb [Red Refractor] #BCP-65,,,,,,,,,,,,,,,,,,,0,,,,,2016-07-09
1355727,Baseball Cards 2016 Bowman Chrome Prospects,Sean Newcomb [Refractor] #BCP-65,$1.22,,,,,,,,,,,,$1.29,,,,,,1,,,,,2016-07-09
10455677,Baseball Cards 2016 Bowman Chrome Prospects,Sean Newcomb [Superfractor] #BCP-65,,,,,,,,,,,,,,,,,,,0,,,,,2016-09-07
1343055,Baseball Cards 2016 Bowman Chrome Prospects,Sean Reid Foley #BCP-224,$0.99,,,,,,,,,,,,$1.09,,,,,,2,,,,,2016-07-09
1343149,Baseball Cards 2016 Bowman Chrome Prospects,Sean Reid Foley [Black Gold Refractor] #BCP-224,,,,,,,,,,,,,,,,,,,0,,,,,2016-07-09
1343249,Baseball Cards 2016 Bowman Chrome Prospects,Sean Reid Foley [Blue Refractor] #BCP-224,$0.25,,,,,,,,,,,,$0.99,,,,,,0,,,,,2016-07-09
1343349,Baseball Cards 2016 Bowman Chrome Prospects,Sean Reid Foley [Blue Shimmer] #BCP-224,$0.25,,,,,,,,,,,,$0.99,,,,,,0,,,,,2016-07-09
1343448,Baseball Cards 2016 Bowman Chrome Prospects,Sean Reid Foley [Gold Refractor] #BCP-224,$0.25,,,,,,,,,,,,$0.99,,,,,,0,,,,,2016-07-09
1343545,Baseball Cards 2016 Bowman Chrome Prospects,Sean Reid Foley [Green Refractor] #BCP-224,$0.25,,,,,,,,,,,,$0.99,,,,,,0,,,,,2016-07-09
1343643,Baseball Cards 2016 Bowman Chrome Prospects,Sean Reid Foley [Orange Refractor] #BCP-224,$2.99,,,,,,,,,,,,$3.29,,,,,,0,,,,,2016-07-09
1343742,Baseball Cards 2016 Bowman Chrome Prospects,Sean Reid Foley [Orange Shimmer] #BCP-224,$0.25,,,,,,,,,,,,$0.99,,,,,,0,,,,,2016-07-09
1343842,Baseball Cards 2016 Bowman Chrome Prospects,Sean Reid Foley [Purple Refractor] #BCP-224,$0.25,,,,,,,,,,,,$0.99,,,,,,0,,,,,2016-07-09
1343940,Baseball Cards 2016 Bowman Chrome Prospects,Sean Reid Foley [Red Refractor] #BCP-224,,,,,,,,,,,,,,,,,,,0,,,,,2016-07-09
1344040,Baseball Cards 2016 Bowman Chrome Prospects,Sean Reid Foley [Refractor] #BCP-224,$0.25,,,,,,,,,,,,$0.99,,,,,,0,,,,,2016-07-09
10455974,Baseball Cards 2016 Bowman Chrome Prospects,Sean Reid-Foley [Printing Plate] #BCP-224,,,,,,,,,,,,,,,,,,,0,,,,,2016-09-07
10455975,Baseball Cards 2016 Bowman Chrome Prospects,Sean Reid-Foley [Superfractor] #BCP-224,,,,,,,,,,,,,,,,,,,0,,,,,2016-09-07
1354184,Baseball Cards 2016 Bowman Chrome Prospects,Seuly Matias #BCP-15,$2.35,,,$8.75,$10.00,,,,,,,,$2.59,,,,,,3,,,,,2016-07-09
1354334,Baseball Cards 2016 Bowman Chrome Prospects,Seuly Matias [Blue Refractor] #BCP-15,$0.25,,,,,,,,,,,,$0.99,,,,,,0,,,,,2016-07-09
1354484,Baseball Cards 2016 Bowman Chrome Prospects,Seuly Matias [Gold Refractor] #BCP-15,$49.99,,,,,,,,,,,$22.00,$54.99,,,,,,0,,,,,2016-07-09
1354634,Baseball Cards 2016 Bowman Chrome Prospects,Seuly Matias [Green Refractor] #BCP-15,$19.95,,,,,,,,,,,$6.60,$21.99,,,,,,0,,,,,2016-07-09
1354784,Baseball Cards 2016 Bowman Chrome Prospects,Seuly Matias [Green Shimmer Refractor] #BCP-15,$12.03,,,,,,,,,,,$3.30,$12.99,,,,,,0,,,,,2016-07-09
1354934,Baseball Cards 2016 Bowman Chrome Prospects,Seuly Matias [Light Blue Refractor] #BCP-15,,,,,,,,,,,,,,,,,,,0,,,,,2016-07-09
1355084,Baseball Cards 2016 Bowman Chrome Prospects,Seuly Matias [Orange Refractor] #BCP-15,,,,,,,,,,,,,,,,,,,0,,,,,2016-07-09
1355234,Baseball Cards 2016 Bowman Chrome Prospects,Seuly Matias [Orange Shimmer Refractor] #BCP-15,$0.99,,,,,,,,,,,,$1.09,,,,,,1,,,,,2016-07-09
10455582,Baseball Cards 2016 Bowman Chrome Prospects,Seuly Matias [Printing Plate] #BCP-15,,,,,,,,,,,,,,,,,,,0,,,,,2016-09-07
1355382,Baseball Cards 2016 Bowman Chrome Prospects,Seuly Matias [Purple Refractor] #BCP-15,$1.00,,,,,,,,,,,,$1.09,,,,,,1,,,,,2016-07-09
1355528,Baseball Cards 2016 Bowman Chrome Prospects,Seuly Matias [Red Refractor] #BCP-15,$3.25,,,,,,,,,,,,$3.59,,,,,,1,,,,,2016-07-09
1355677,Baseball Cards 2016 Bowman Chrome Prospects,Seuly Matias [Refractor] #BCP-15,$10.60,,,,,,,,,,,$3.00,$11.99,,,,,,1,,,,,2016-07-09
10455583,Baseball Cards 2016 Bowman Chrome Prospects,Seuly Matias [Superfractor] #BCP-15,,,,,,,,,,,,,,,,,,,0,,,,,2016-09-07
1342993,Baseball Cards 2016 Bowman Chrome Prospects,Shane Dawson #BCP-161,$0.98,,,,,,,,,,,,$1.09,,,,,,3,,,,,2016-07-09
1343087,Baseball Cards 2016 Bowman Chrome Prospects,Shane Dawson [Black Gold Refractor] #BCP-161,,,,,,,,,,,,,,,,,,,0,,,,,2016-07-09
1343186,Baseball Cards 2016 Bowman Chrome Prospects,Shane Dawson [Blue Refractor] #BCP-161,$0.25,,,,,,,,,,,,$0.99,,,,,,0,,,,,2016-07-09
1343286,Baseball Cards 2016 Bowman Chrome Prospects,Shane Dawson [Blue Shimmer] #BCP-161,$0.25,,,,,,,,,,,,$0.99,,,,,,0,,,,,2016-07-09
1343386,Baseball Cards 2016 Bowman Chrome Prospects,Shane Dawson [Gold Refractor] #BCP-161,$0.99,,,,,,,,,,,,$1.09,,,,,,1,,,,,2016-07-09
1343484,Baseball Cards 2016 Bowman Chrome Prospects,Shane Dawson [Green Refractor] #BCP-161,$0.25,,,,,,,,,,,,$0.99,,,,,,0,,,,,2016-07-09
1343580,Baseball Cards 2016 Bowman Chrome Prospects,Shane Dawson [Orange Refractor] #BCP-161,$9.99,,,,,,,,,,,$2.80,$10.99,,,,,,1,,,,,2016-07-09
1343679,Baseball Cards 2016 Bowman Chrome Prospects,Shane Dawson [Orange Shimmer] #BCP-161,$0.25,,,,,,,,,,,,$0.99,,,,,,0,,,,,2016-07-09
10455875,Baseball Cards 2016 Bowman Chrome Prospects,Shane Dawson [Printing Plate] #BCP-161,,,,,,,,,,,,,,,,,,,0,,,,,2016-09-07
1343779,Baseball Cards 2016 Bowman Chrome Prospects,Shane Dawson [Purple Refractor] #BCP-161,$1.99,,,,,,,,,,,,$2.19,,,,,,1,,,,,2016-07-09
1343879,Baseball Cards 2016 Bowman Chrome Prospects,Shane Dawson [Red Refractor] #BCP-161,,,,,,,,,,,,,,,,,,,0,,,,,2016-07-09
1343977,Baseball Cards 2016 Bowman Chrome Prospects,Shane Dawson [Refractor] #BCP-161,$0.25,,,,,,,,,,,,$0.99,,,,,,0,,,,,2016-07-09
10455876,Baseball Cards 2016 Bowman Chrome Prospects,Shane Dawson [Superfractor] #BCP-161,,,,,,,,,,,,,,,,,,,0,,,,,2016-09-07
1343021,Baseball Cards 2016 Bowman Chrome Prospects,Spencer Adams #BCP-190,$0.37,,,$36.00,$40.00,,,,,,,,$0.99,,,,,,3,,,,,2016-07-09
1343115,Baseball Cards 2016 Bowman Chrome Prospects,Spencer Adams [Black Gold Refractor] #BCP-190,,,,,,,,,,,,,,,,,,,0,,,,,2016-07-09
1343215,Baseball Cards 2016 Bowman Chrome Prospects,Spencer Adams [Blue Refractor] #BCP-190,$0.25,,,,,,,,,,,,$0.99,,,,,,0,,,,,2016-07-09
1343315,Baseball Cards 2016 Bowman Chrome Prospects,Spencer Adams [Blue Shimmer] #BCP-190,$2.00,,,,,,,,,,,,$2.19,,,,,,0,,,,,2016-07-09
1343415,Baseball Cards 2016 Bowman Chrome Prospects,Spencer Adams [Gold Refractor] #BCP-190,$2.37,,,,,,,,,,,,$2.59,,,,,,0,,,,,2016-07-09
1343511,Baseball Cards 2016 Bowman Chrome Prospects,Spencer Adams [Green Refractor] #BCP-190,$2.84,,,,,,,,,,,,$3.09,,,,,,0,,,,,2016-07-09
1343609,Baseball Cards 2016 Bowman Chrome Prospects,Spencer Adams [Orange Refractor] #BCP-190,$1.99,,,,,,,,,,,,$2.19,,,,,,1,,,,,2016-07-09
1343708,Baseball Cards 2016 Bowman Chrome Prospects,Spencer Adams [Orange Shimmer] #BCP-190,$0.25,,,,,,,,,,,,$0.99,,,,,,0,,,,,2016-07-09
10455979,Baseball Cards 2016 Bowman Chrome Prospects,Spencer Adams [Printing Plate] #BCP-190,,,,,,,,,,,,,,,,,,,0,,,,,2016-09-07
1343808,Baseball Cards 2016 Bowman Chrome Prospects,Spencer Adams [Purple Refractor] #BCP-190,$0.25,,,,,,,,,,,,$0.99,,,,,,0,,,,,2016-07-09
1343907,Baseball Cards 2016 Bowman Chrome Prospects,Spencer Adams [Red Refractor] #BCP-190,$114.39,,,,,,,,,,,$63.00,$126.00,,,,,,0,,,,,2016-07-09
1344006,Baseball Cards 2016 Bowman Chrome Prospects,Spencer Adams [Refractor] #BCP-190,$0.25,,,,,,,,,,,,$0.99,,,,,,0,,,,,2016-07-09
10455982,Baseball Cards 2016 Bowman Chrome Prospects,Spencer Adams [Superfractor] #BCP-190,,,,,,,,,,,,,,,,,,,0,,,,,2016-09-07
1354187,Baseball Cards 2016 Bowman Chrome Prospects,Starling Heredia #BCP-18,$0.80,,,$2.99,$3.00,,,,,,,,$0.99,,,,,,2,,,,,2016-07-09
1354337,Baseball Cards 2016 Bowman Chrome Prospects,Starling Heredia [Blue Refractor] #BCP-18,$0.25,,,,,,,,,,,,$0.99,,,,,,0,,,,,2016-07-09
1354487,Baseball Cards 2016 Bowman Chrome Prospects,Starling Heredia [Gold Refractor] #BCP-18,$6.99,,,,,,,,,,,$1.50,$7.69,,,,,,0,,,,,2016-07-09
1354637,Baseball Cards 2016 Bowman Chrome Prospects,Starling Heredia [Green Refractor] #BCP-18,$2.38,,,,,,,,,,,,$2.59,,,,,,0,,,,,2016-07-09
1354787,Baseball Cards 2016 Bowman Chrome Prospects,Starling Heredia [Green Shimmer Refractor] #BCP-18,$2.67,,,,,,,,,,,,$2.89,,,,,,0,,,,,2016-07-09
1354937,Baseball Cards 2016 Bowman Chrome Prospects,Starling Heredia [Light Blue Refractor] #BCP-18,,,,,,,,,,,,,,,,,,,0,,,,,2016-07-09
1355087,Baseball Cards 2016 Bowman Chrome Prospects,Starling Heredia [Orange Refractor] #BCP-18,,,,,,,,,,,,,,,,,,,0,,,,,2016-07-09
1355237,Baseball Cards 2016 Bowman Chrome Prospects,Starling Heredia [Orange Shimmer Refractor] #BCP-18,$7.21,,,,,,,,,,,$1.60,$7.89,,,,,,0,,,,,2016-07-09
10455588,Baseball Cards 2016 Bowman Chrome Prospects,Starling Heredia [Printing Plate] #BCP-18,,,,,,,,,,,,,,,,,,,0,,,,,2016-09-07
1355385,Baseball Cards 2016 Bowman Chrome Prospects,Starling Heredia [Purple Refractor] #BCP-18,$0.25,,,,,,,,,,,,$0.99,,,,,,0,,,,,2016-07-09
1355531,Baseball Cards 2016 Bowman Chrome Prospects,Starling Heredia [Red Refractor] #BCP-18,,,,,,,,,,,,,,,,,,,0,,,,,2016-07-09
1355680,Baseball Cards 2016 Bowman Chrome Prospects,Starling Heredia [Refractor] #BCP-18,$2.69,,,,,,,,,,,,$2.99,,,,,,1,,,,,2016-07-09
10455589,Baseball Cards 2016 Bowman Chrome Prospects,Starling Heredia [Superfractor] #BCP-18,,,,,,,,,,,,,,,,,,,0,,,,,2016-09-07
1343061,Baseball Cards 2016 Bowman Chrome Prospects,Stephen Gonsalves #BCP-230,$0.99,,,,,,,,,,,,$1.09,,,,,,1,,,,,2016-07-09
1343155,Baseball Cards 2016 Bowman Chrome Prospects,Stephen Gonsalves [Black Gold Refractor] #BCP-230,,,,,,,,,,,,,,,,,,,0,,,,,2016-07-09
1343255,Baseball Cards 2016 Bowman Chrome Prospects,Stephen Gonsalves [Blue Refractor] #BCP-230,$0.25,,,,,,,,,,,,$0.99,,,,,,0,,,,,2016-07-09
1343355,Baseball Cards 2016 Bowman Chrome Prospects,Stephen Gonsalves [Blue Shimmer] #BCP-230,$0.25,,,,,,,,,,,,$0.99,,,,,,0,,,,,2016-07-09
1343454,Baseball Cards 2016 Bowman Chrome Prospects,Stephen Gonsalves [Gold Refractor] #BCP-230,$0.25,,,,,,,,,,,,$0.99,,,,,,0,,,,,2016-07-09
1343551,Baseball Cards 2016 Bowman Chrome Prospects,Stephen Gonsalves [Green Refractor] #BCP-230,$0.25,,,,,,,,,,,,$0.99,,,,,,0,,,,,2016-07-09
1343649,Baseball Cards 2016 Bowman Chrome Prospects,Stephen Gonsalves [Orange Refractor] #BCP-230,$2.27,,,,,,,,,,,,$2.49,,,,,,0,,,,,2016-07-09
1343748,Baseball Cards 2016 Bowman Chrome Prospects,Stephen Gonsalves [Orange Shimmer] #BCP-230,$0.25,,,,,,,,,,,,$0.99,,,,,,0,,,,,2016-07-09
10455994,Baseball Cards 2016 Bowman Chrome Prospects,Stephen Gonsalves [Printing Plate] #BCP-230,,,,,,,,,,,,,,,,,,,0,,,,,2016-09-07
1343848,Baseball Cards 2016 Bowman Chrome Prospects,Stephen Gonsalves [Purple Refractor] #BCP-230,$0.25,,,,,,,,,,,,$0.99,,,,,,0,,,,,2016-07-09
1343946,Baseball Cards 2016 Bowman Chrome Prospects,Stephen Gonsalves [Red Refractor] #BCP-230,$5.83,,,,,,,,,,,$1.30,$6.39,,,,,,1,,,,,2016-07-09
1344046,Baseball Cards 2016 Bowman Chrome Prospects,Stephen Gonsalves [Refractor] #BCP-230,$0.25,,,,,,,,,,,,$0.99,,,,,,0,,,,,2016-07-09
10455997,Baseball Cards 2016 Bowman Chrome Prospects,Stephen Gonsalves [Superfractor] #BCP-230,,,,,,,,,,,,,,,,,,,0,,,,,2016-09-07
1354178,Baseball Cards 2016 Bowman Chrome Prospects,Stone Garrett #BCP-9,$1.83,,,,,,,,,,,,$1.99,,,,,,4,,,,,2016-07-09
1354328,Baseball Cards 2016 Bowman Chrome Prospects,Stone Garrett [Blue Refractor] #BCP-9,$3.97,,,,,$4.25,$6.00,$3.00,$3.00,,,$0.90,$4.39,,,,,,2,,,,,2016-07-09
1354478,Baseball Cards 2016 Bowman Chrome Prospects,Stone Garrett [Gold Refractor] #BCP-9,$13.37,,,,,,,,,,,$3.80,$14.99,,,,,,1,,,,,2016-07-09
1354628,Baseball Cards 2016 Bowman Chrome Prospects,Stone Garrett [Green Refractor] #BCP-9,$1.56,,,,,,,,,,,,$1.69,,,,,,1,,,,,2016-07-09
1354778,Baseball Cards 2016 Bowman Chrome Prospects,Stone Garrett [Green Shimmer Refractor] #BCP-9,$6.02,,,,,,,,,,,$1.30,$6.59,,,,,,1,,,,,2016-07-09
1354928,Baseball Cards 2016 Bowman Chrome Prospects,Stone Garrett [Light Blue Refractor] #BCP-9,,,,,,,,,,,,,,,,,,,0,,,,,2016-07-09
1355078,Baseball Cards 2016 Bowman Chrome Prospects,Stone Garrett [Orange Refractor] #BCP-9,$8.99,,,,,,,,,,,$2.00,$9.89,,,,,,1,,,,,2016-07-09
1355228,Baseball Cards 2016 Bowman Chrome Prospects,Stone Garrett [Orange Shimmer Refractor] #BCP-9,$8.32,,,,,,,,,,,$1.80,$9.19,,,,,,1,,,,,2016-07-09
10455570,Baseball Cards 2016 Bowman Chrome Prospects,Stone Garrett [Printing Plate] #BCP-9,,,,,,,,,,,,,,,,,,,0,,,,,2016-09-07
1355376,Baseball Cards 2016 Bowman Chrome Prospects,Stone Garrett [Purple Refractor] #BCP-9,$3.67,,,,,,,,,,,$0.80,$3.99,,,,,,1,,,,,2016-07-09
1355522,Baseball Cards 2016 Bowman Chrome Prospects,Stone Garrett [Red Refractor] #BCP-9,,,,,,,,,,,,,,,,,,,0,,,,,2016-07-09
1355671,Baseball Cards 2016 Bowman Chrome Prospects,Stone Garrett [Refractor] #BCP-9,$3.56,,,,,,,,,,,$0.80,$3.89,,,,,,1,,,,,2016-07-09
10455571,Baseball Cards 2016 Bowman Chrome Prospects,Stone Garrett [Superfractor] #BCP-9,,,,,,,,,,,,,,,,,,,0,,,,,2016-09-07
1343064,Baseball Cards 2016 Bowman Chrome Prospects,Taylor Guerrieri #BCP-233,$0.25,,,,,,,,,,,,$0.99,,,,,,0,,,,,2016-07-09
1343158,Baseball Cards 2016 Bowman Chrome Prospects,Taylor Guerrieri [Black Gold Refractor] #BCP-233,,,,,,,,,,,,,,,,,,,0,,,,,2016-07-09
1343258,Baseball Cards 2016 Bowman Chrome Prospects,Taylor Guerrieri [Blue Refractor] #BCP-233,$0.25,,,,,,,,,,,,$0.99,,,,,,0,,,,,2016-07-09
1343358,Baseball Cards 2016 Bowman Chrome Prospects,Taylor Guerrieri [Blue Shimmer] #BCP-233,$0.25,,,,,,,,,,,,$0.99,,,,,,0,,,,,2016-07-09
1344775,Baseball Cards 2016 Bowman Chrome Prospects,Taylor Guerrieri [Gold Refractor] #BCP-233,$16.05,,,,,,,,,,,$4.50,$17.99,,,,,,1,,,,,2016-07-09
1343554,Baseball Cards 2016 Bowman Chrome Prospects,Taylor Guerrieri [Green Refractor] #BCP-233,$2.84,,,,,,,,,,,,$3.09,,,,,,0,,,,,2016-07-09
1343652,Baseball Cards 2016 Bowman Chrome Prospects,Taylor Guerrieri [Orange Refractor] #BCP-233,$4.62,,,,,,,,,,,$1.00,$5.09,,,,,,0,,,,,2016-07-09
1343751,Baseball Cards 2016 Bowman Chrome Prospects,Taylor Guerrieri [Orange Shimmer] #BCP-233,$0.25,,,,,,,,,,,,$0.99,,,,,,0,,,,,2016-07-09
10456052,Baseball Cards 2016 Bowman Chrome Prospects,Taylor Guerrieri [Printing Plate] #BCP-233,,,,,,,,,,,,,,,,,,,0,,,,,2016-09-07
1343851,Baseball Cards 2016 Bowman Chrome Prospects,Taylor Guerrieri [Purple Refractor] #BCP-233,$0.25,,,,,,,,,,,,$0.99,,,,,,0,,,,,2016-07-09
1343949,Baseball Cards 2016 Bowman Chrome Prospects,Taylor Guerrieri [Red Refractor] #BCP-233,,,,,,,,,,,,,,,,,,,0,,,,,2016-07-09
1344050,Baseball Cards 2016 Bowman Chrome Prospects,Taylor Guerrieri [Refractor] #BCP-233,$0.25,,,,,,,,,,,,$0.99,,,,,,0,,,,,2016-07-09
10456003,Baseball Cards 2016 Bowman Chrome Prospects,Taylor Guerrieri [Superfractor] #BCP-233,,,,,,,,,,,,,,,,,,,0,,,,,2016-09-07
1354249,Baseball Cards 2016 Bowman Chrome Prospects,Taylor Ward #BCP-80,$1.36,,,,,,,,,,,,$1.49,,,,,,2,,,,,2016-07-09
1354399,Baseball Cards 2016 Bowman Chrome Prospects,Taylor Ward [Blue Refractor] #BCP-80,$2.25,,,,,,,,,,,,$2.49,,,,,,1,,,,,2016-07-09
1354549,Baseball Cards 2016 Bowman Chrome Prospects,Taylor Ward [Gold Refractor] #BCP-80,$3.30,,,,,,,,,,,,$3.59,,,,,,1,,,,,2016-07-09
1354699,Baseball Cards 2016 Bowman Chrome Prospects,Taylor Ward [Green Refractor] #BCP-80,$0.99,,,,,,,,,,,,$1.09,,,,,,1,,,,,2016-07-09
1354849,Baseball Cards 2016 Bowman Chrome Prospects,Taylor Ward [Green Shimmer Refractor] #BCP-80,$4.53,,,,,,,,,,,$1.00,$4.99,,,,,,1,,,,,2016-07-09
1354999,Baseball Cards 2016 Bowman Chrome Prospects,Taylor Ward [Light Blue Refractor] #BCP-80,,,,,,,,,,,,,,,,,,,0,,,,,2016-07-09
1355149,Baseball Cards 2016 Bowman Chrome Prospects,Taylor Ward [Orange Refractor] #BCP-80,$3.12,,,,,,,,,,,,$3.39,,,,,,1,,,,,2016-07-09
1355298,Baseball Cards 2016 Bowman Chrome Prospects,Taylor Ward [Orange Shimmer Refractor] #BCP-80,$5.00,,,,,,,,,,,$1.10,$5.49,,,,,,2,,,,,2016-07-09
10455708,Baseball Cards 2016 Bowman Chrome Prospects,Taylor Ward [Printing Plate] #BCP-80,,,,,,,,,,,,,,,,,,,0,,,,,2016-09-07
1355445,Baseball Cards 2016 Bowman Chrome Prospects,Taylor Ward [Purple Refractor] #BCP-80,$2.34,,,,,,,,,,,,$2.59,,,,,,1,,,,,2016-07-09
1355593,Baseball Cards 2016 Bowman Chrome Prospects,Taylor Ward [Red Refractor] #BCP-80,,,,,,,,,,,,,,,,,,,0,,,,,2016-07-09
1355742,Baseball Cards 2016 Bowman Chrome Prospects,Taylor Ward [Refractor] #BCP-80,$2.00,,,,,,,,,,,,$2.19,,,,,,1,,,,,2016-07-09
10455709,Baseball Cards 2016 Bowman Chrome Prospects,Taylor Ward [Superfractor] #BCP-80,,,,,,,,,,,,,,,,,,,0,,,,,2016-09-07
1342998,Baseball Cards 2016 Bowman Chrome Prospects,Todd Hankins #BCP-166,$0.99,,,,,,,,,,,,$1.09,,,,,,1,,,,,2016-07-09
1343091,Baseball Cards 2016 Bowman Chrome Prospects,Todd Hankins [Black Gold Refractor] #BCP-166,,,,,,,,,,,,,,,,,,,0,,,,,2016-07-09
1343191,Baseball Cards 2016 Bowman Chrome Prospects,Todd Hankins [Blue Refractor] #BCP-166,$0.25,,,,,,,,,,,,$0.99,,,,,,0,,,,,2016-07-09
1343291,Baseball Cards 2016 Bowman Chrome Prospects,Todd Hankins [Blue Shimmer] #BCP-166,$0.25,,,,,,,,,,,,$0.99,,,,,,0,,,,,2016-07-09
1343391,Baseball Cards 2016 Bowman Chrome Prospects,Todd Hankins [Gold Refractor] #BCP-166,$2.50,,,,,,,,,,,,$2.79,,,,,,0,,,,,2016-07-09
1343489,Baseball Cards 2016 Bowman Chrome Prospects,Todd Hankins [Green Refractor] #BCP-166,$2.32,,,,,,,,,,,,$2.59,,,,,,0,,,,,2016-07-09
1343585,Baseball Cards 2016 Bowman Chrome Prospects,Todd Hankins [Orange Refractor] #BCP-166,$0.99,,,,,,,,,,,,$1.09,,,,,,1,,,,,2016-07-09
1343684,Baseball Cards 2016 Bowman Chrome Prospects,Todd Hankins [Orange Shimmer] #BCP-166,$0.25,,,,,,,,,,,,$0.99,,,,,,0,,,,,2016-07-09
10455884,Baseball Cards 2016 Bowman Chrome Prospects,Todd Hankins [Printing Plate] #BCP-166,,,,,,,,,,,,,,,,,,,0,,,,,2016-09-07
1343784,Baseball Cards 2016 Bowman Chrome Prospects,Todd Hankins [Purple Refractor] #BCP-166,$0.25,,,,,,,,,,,,$0.99,,,,,,0,,,,,2016-07-09
1343883,Baseball Cards 2016 Bowman Chrome Prospects,Todd Hankins [Red Refractor] #BCP-166,,,,,,,,,,,,,,,,,,,0,,,,,2016-07-09
1343982,Baseball Cards 2016 Bowman Chrome Prospects,Todd Hankins [Refractor] #BCP-166,$0.25,,,,,,,,,,,,$0.99,,,,,,0,,,,,2016-07-09
10456048,Baseball Cards 2016 Bowman Chrome Prospects,Todd Hankins [Superfractor] #BCP-166,,,,,,,,,,,,,,,,,,,0,,,,,2016-09-07
1354175,Baseball Cards 2016 Bowman Chrome Prospects,Touki Toussaint #BCP-6,$1.34,,,,,,,,,,,,$1.49,,,,,,1,,,,,2016-07-09
1354325,Baseball Cards 2016 Bowman Chrome Prospects,Touki Toussaint [Blue Refractor] #BCP-6,$1.49,,,,,,,,,,,,$1.59,,,,,,1,,,,,2016-07-09
1354475,Baseball Cards 2016 Bowman Chrome Prospects,Touki Toussaint [Gold Refractor] #BCP-6,$3.95,,,,,,,,,,,$0.90,$4.39,,,,,,1,,,,,2016-07-09
1354625,Baseball Cards 2016 Bowman Chrome Prospects,Touki Toussaint [Green Refractor] #BCP-6,$3.88,,,,,,,,,,,$0.90,$4.29,,,,,,0,,,,,2016-07-09
1354775,Baseball Cards 2016 Bowman Chrome Prospects,Touki Toussaint [Green Shimmer Refractor] #BCP-6,$0.25,,,,,,,,,,,,$0.99,,,,,,0,,,,,2016-07-09
1354925,Baseball Cards 2016 Bowman Chrome Prospects,Touki Toussaint [Light Blue Refractor] #BCP-6,,,,,,,,,,,,,,,,,,,0,,,,,2016-07-09
1355075,Baseball Cards 2016 Bowman Chrome Prospects,Touki Toussaint [Orange Refractor] #BCP-6,,,,,,,,,,,,,,,,,,,0,,,,,2016-07-09
1355225,Baseball Cards 2016 Bowman Chrome Prospects,Touki Toussaint [Orange Shimmer Refractor] #BCP-6,$4.90,,,,,,,,,,,$1.10,$5.39,,,,,,1,,,,,2016-07-09
10455564,Baseball Cards 2016 Bowman Chrome Prospects,Touki Toussaint [Printing Plate] #BCP-6,,,,,,,,,,,,,,,,,,,0,,,,,2016-09-07
1355373,Baseball Cards 2016 Bowman Chrome Prospects,Touki Toussaint [Purple Refractor] #BCP-6,$1.07,,,,,,,,,,,,$1.19,,,,,,1,,,,,2016-07-09
1355519,Baseball Cards 2016 Bowman Chrome Prospects,Touki Toussaint [Red Refractor] #BCP-6,,,,,,,,,,,,,,,,,,,0,,,,,2016-07-09
1355668,Baseball Cards 2016 Bowman Chrome Prospects,Touki Toussaint [Refractor] #BCP-6,$0.99,,,,,,,,,,,,$1.09,,,,,,1,,,,,2016-07-09
10455565,Baseball Cards 2016 Bowman Chrome Prospects,Touki Toussaint [Superfractor] #BCP-6,,,,,,,,,,,,,,,,,,,0,,,,,2016-09-07
1343017,Baseball Cards 2016 Bowman Chrome Prospects,Travis Blankenhorn #BCP-185,$1.98,,,,,,,,,,,,$2.19,,,,,,2,,,,,2016-07-09
1343110,Baseball Cards 2016 Bowman Chrome Prospects,Travis Blankenhorn [Black Gold Refractor] #BCP-185,,,,,,,,,,,,,,,,,,,0,,,,,2016-07-09
1343210,Baseball Cards 2016 Bowman Chrome Prospects,Travis Blankenhorn [Blue Refractor] #BCP-185,$23.54,,,,,,,,,,,$7.80,$25.99,,,,,,0,,,,,2016-07-09
1343310,Baseball Cards 2016 Bowman Chrome Prospects,Travis Blankenhorn [Blue Shimmer] #BCP-185,$6.00,,,,,,,,,,,$1.30,$6.59,,,,,,1,,,,,2016-07-09
1343410,Baseball Cards 2016 Bowman Chrome Prospects,Travis Blankenhorn [Gold Refractor] #BCP-185,$12.04,,,,,,,,,,,$3.30,$12.99,,,,,,0,,,,,2016-07-09
1343507,Baseball Cards 2016 Bowman Chrome Prospects,Travis Blankenhorn [Green Refractor] #BCP-185,$7.72,,,,,,,,,,,$1.70,$8.49,,,,,,0,,,,,2016-07-09
1343604,Baseball Cards 2016 Bowman Chrome Prospects,Travis Blankenhorn [Orange Refractor] #BCP-185,,,,,,,,,,,,,,,,,,,0,,,,,2016-07-09
1343703,Baseball Cards 2016 Bowman Chrome Prospects,Travis Blankenhorn [Orange Shimmer] #BCP-185,$1.27,,,,,,,,,,,,$1.39,,,,,,1,,,,,2016-07-09
10455957,Baseball Cards 2016 Bowman Chrome Prospects,Travis Blankenhorn [Printing Plate] #BCP-185,,,,,,,,,,,,,,,,,,,0,,,,,2016-09-07
1343803,Baseball Cards 2016 Bowman Chrome Prospects,Travis Blankenhorn [Purple Refractor] #BCP-185,$3.96,,,,,,,,,,,$0.90,$4.39,,,,,,1,,,,,2016-07-09
1343902,Baseball Cards 2016 Bowman Chrome Prospects,Travis Blankenhorn [Red Refractor] #BCP-185,,,,,,,,,,,,,,,,,,,0,,,,,2016-07-09
1344001,Baseball Cards 2016 Bowman Chrome Prospects,Travis Blankenhorn [Refractor] #BCP-185,$3.00,,,,,,,,,,,,$3.29,,,,,,1,,,,,2016-07-09
10455958,Baseball Cards 2016 Bowman Chrome Prospects,Travis Blankenhorn [Superfractor] #BCP-185,,,,,,,,,,,,,,,,,,,0,,,,,2016-09-07
1354239,Baseball Cards 2016 Bowman Chrome Prospects,Trent Clark #BCP-70,$3.12,,,,,,,,,,,,$3.39,,,,,,1,,,,,2016-07-09
1354389,Baseball Cards 2016 Bowman Chrome Prospects,Trent Clark [Blue Refractor] #BCP-70,$0.53,,,,,,,,,,,,$0.99,,,,,,1,,,,,2016-07-09
1354539,Baseball Cards 2016 Bowman Chrome Prospects,Trent Clark [Gold Refractor] #BCP-70,$2.74,,,$5.99,$7.00,,,,,,,,$2.99,,,,,,2,,,,,2016-07-09
1354689,Baseball Cards 2016 Bowman Chrome Prospects,Trent Clark [Green Refractor] #BCP-70,,,,,,,,,,,,,,,,,,,0,,,,,2016-07-09
1354839,Baseball Cards 2016 Bowman Chrome Prospects,Trent Clark [Green Shimmer Refractor] #BCP-70,$1.00,,,,,,,,,,,,$1.09,,,,,,1,,,,,2016-07-09
1354989,Baseball Cards 2016 Bowman Chrome Prospects,Trent Clark [Light Blue Refractor] #BCP-70,,,,,,,,,,,,,,,,,,,0,,,,,2016-07-09
1355139,Baseball Cards 2016 Bowman Chrome Prospects,Trent Clark [Orange Refractor] #BCP-70,$58.03,,,,,,,,,,,$25.60,$63.99,,,,,,0,,,,,2016-07-09
1355288,Baseball Cards 2016 Bowman Chrome Prospects,Trent Clark [Orange Shimmer Refractor] #BCP-70,$58.04,,,,,,,,,,,$25.60,$63.99,,,,,,0,,,,,2016-07-09
10455688,Baseball Cards 2016 Bowman Chrome Prospects,Trent Clark [Printing Plate] #BCP-70,,,,,,,,,,,,,,,,,,,0,,,,,2016-09-07
1355435,Baseball Cards 2016 Bowman Chrome Prospects,Trent Clark [Purple Refractor] #BCP-70,$1.10,,,$10.00,$11.00,,,,,,,,$1.19,,,,,,2,,,,,2016-07-09
1355583,Baseball Cards 2016 Bowman Chrome Prospects,Trent Clark [Red Refractor] #BCP-70,,,,,,,,,,,,,,,,,,,0,,,,,2016-07-09
1355732,Baseball Cards 2016 Bowman Chrome Prospects,Trent Clark [Refractor] #BCP-70,$2.46,,,,,,,,,,,,$2.69,,,,,,1,,,,,2016-07-09
10455689,Baseball Cards 2016 Bowman Chrome Prospects,Trent Clark [Superfractor] #BCP-70,,,,,,,,,,,,,,,,,,,0,,,,,2016-09-07
1354207,Baseball Cards 2016 Bowman Chrome Prospects,Trey Mancini #BCP-38,$1.75,,$6.38,$15.68,$19.00,$19.00,$25.00,$11.00,$11.00,,,,$1.89,,,$1.40,$6.99,,12,,,,,2016-07-09
1354357,Baseball Cards 2016 Bowman Chrome Prospects,Trey Mancini [Blue Refractor] #BCP-38,$3.48,,,,$14.99,,,,,,,$0.80,$3.79,,,,,,3,,,,,2016-07-09
1354507,Baseball Cards 2016 Bowman Chrome Prospects,Trey Mancini [Gold Refractor] #BCP-38,$4.16,,,,,,,,,,,$0.90,$4.59,,,,,,1,,,,,2016-07-09
1354657,Baseball Cards 2016 Bowman Chrome Prospects,Trey Mancini [Green Refractor] #BCP-38,$3.49,,,,,,,,,,,$0.80,$3.79,,,,,,1,,,,,2016-07-09
1354807,Baseball Cards 2016 Bowman Chrome Prospects,Trey Mancini [Green Shimmer Refractor] #BCP-38,$3.03,,,,,,,,,,,,$3.29,,,,,,2,,,,,2016-07-09
1354957,Baseball Cards 2016 Bowman Chrome Prospects,Trey Mancini [Light Blue Refractor] #BCP-38,,,,,,,,,,,,,,,,,,,0,,,,,2016-07-09
1355107,Baseball Cards 2016 Bowman Chrome Prospects,Trey Mancini [Orange Refractor] #BCP-38,$20.00,,,,,,,,,,,$6.60,$21.99,,,,,,1,,,,,2016-07-09
1355256,Baseball Cards 2016 Bowman Chrome Prospects,Trey Mancini [Orange Shimmer Refractor] #BCP-38,,,,,,,,,,,,,,,,,,,0,,,,,2016-07-09
10455637,Baseball Cards 2016 Bowman Chrome Prospects,Trey Mancini [Printing Plate] #BCP-38,,,,,,,,,,,,,,,,,,,0,,,,,2016-09-07
1355404,Baseball Cards 2016 Bowman Chrome Prospects,Trey Mancini [Purple Refractor] #BCP-38,$3.95,,,,,,,,,,,$0.90,$4.39,,,,,,1,,,,,2016-07-09
1355551,Baseball Cards 2016 Bowman Chrome Prospects,Trey Mancini [Red Refractor] #BCP-38,,,,,,,,,,,,,,,,,,,0,,,,,2016-07-09
1355700,Baseball Cards 2016 Bowman Chrome Prospects,Trey Mancini [Refractor] #BCP-38,$3.46,,,,,$14.75,$19.00,$9.00,$9.00,,,$0.80,$3.79,,,,,,3,,,,,2016-07-09
10455848,Baseball Cards 2016 Bowman Chrome Prospects,Trey Mancini [Superfractor] #BCP-38,,,,,,,,,,,,,,,,,,,0,,,,,2016-09-07
1343079,Baseball Cards 2016 Bowman Chrome Prospects,Triston McKenzie #BCP-249,$1.75,,,,,,,,,,,,$1.89,,,,,,1,,,,,2016-07-09
1343174,Baseball Cards 2016 Bowman Chrome Prospects,Triston McKenzie [Black Gold Refractor] #BCP-249,,,,,,,,,,,,,,,,,,,0,,,,,2016-07-09
1343274,Baseball Cards 2016 Bowman Chrome Prospects,Triston McKenzie [Blue Refractor] #BCP-249,$0.99,,,,,,,,,,,,$1.09,,,,,,1,,,,,2016-07-09
1343374,Baseball Cards 2016 Bowman Chrome Prospects,Triston McKenzie [Blue Shimmer] #BCP-249,$3.95,,,,,,,,,,,$0.90,$4.39,,,,,,0,,,,,2016-07-09
1343472,Baseball Cards 2016 Bowman Chrome Prospects,Triston McKenzie [Gold Refractor] #BCP-249,$5.50,,,,,,,,,,,$1.20,$6.09,,,,,,1,,,,,2016-07-09
1343569,Baseball Cards 2016 Bowman Chrome Prospects,Triston McKenzie [Green Refractor] #BCP-249,,,,,,,,,,,,,,,,,,,0,,,,,2016-07-09
1343667,Baseball Cards 2016 Bowman Chrome Prospects,Triston McKenzie [Orange Refractor] #BCP-249,$6.00,,,,,,,,,,,$1.30,$6.59,,,,,,1,,,,,2016-07-09
1343767,Baseball Cards 2016 Bowman Chrome Prospects,Triston McKenzie [Orange Shimmer] #BCP-249,$0.99,,,,,,,,,,,,$1.09,,,,,,1,,,,,2016-07-09
10456044,Baseball Cards 2016 Bowman Chrome Prospects,Triston McKenzie [Printing Plate] #BCP-249,,,,,,,,,,,,,,,,,,,0,,,,,2016-09-07
1343867,Baseball Cards 2016 Bowman Chrome Prospects,Triston McKenzie [Purple Refractor] #BCP-249,$2.19,,,,,,,,,,,,$2.39,,,,,,0,,,,,2016-07-09
1343965,Baseball Cards 2016 Bowman Chrome Prospects,Triston McKenzie [Red Refractor] #BCP-249,,,,,,,,,,,,,,,,,,,0,,,,,2016-07-09
1344065,Baseball Cards 2016 Bowman Chrome Prospects,Triston McKenzie [Refractor] #BCP-249,$2.63,,,,,,,,,,,,$2.89,,,,,,0,,,,,2016-07-09
10456045,Baseball Cards 2016 Bowman Chrome Prospects,Triston McKenzie [Superfractor] #BCP-249,,,,,,,,,,,,,,,,,,,0,,,,,2016-09-07
1343066,Baseball Cards 2016 Bowman Chrome Prospects,Tyler Alexander #BCP-235,$0.99,,,,,,,,,,,,$1.09,,,,,,1,,,,,2016-07-09
1343160,Baseball Cards 2016 Bowman Chrome Prospects,Tyler Alexander [Black Gold Refractor] #BCP-235,,,,,,,,,,,,,,,,,,,0,,,,,2016-07-09
1343260,Baseball Cards 2016 Bowman Chrome Prospects,Tyler Alexander [Blue Refractor] #BCP-235,$2.44,,,,,,,,,,,,$2.69,,,,,,1,,,,,2016-07-09
1343360,Baseball Cards 2016 Bowman Chrome Prospects,Tyler Alexander [Blue Shimmer] #BCP-235,$2.25,,,,,,,,,,,,$2.49,,,,,,0,,,,,2016-07-09
1343458,Baseball Cards 2016 Bowman Chrome Prospects,Tyler Alexander [Gold Refractor] #BCP-235,$2.00,,,,,,,,,,,,$2.19,,,,,,0,,,,,2016-07-09
1343556,Baseball Cards 2016 Bowman Chrome Prospects,Tyler Alexander [Green Refractor] #BCP-235,$2.73,,,,,,,,,,,,$2.99,,,,,,0,,,,,2016-07-09
1343653,Baseball Cards 2016 Bowman Chrome Prospects,Tyler Alexander [Orange Refractor] #BCP-235,,,,,,,,,,,,,,,,,,,0,,,,,2016-07-09
1343753,Baseball Cards 2016 Bowman Chrome Prospects,Tyler Alexander [Orange Shimmer] #BCP-235,$5.13,,,,,,,,,,,$1.10,$5.59,,,,,,0,,,,,2016-07-09
10456007,Baseball Cards 2016 Bowman Chrome Prospects,Tyler Alexander [Printing Plate] #BCP-235,,,,,,,,,,,,,,,,,,,0,,,,,2016-09-07
1343852,Baseball Cards 2016 Bowman Chrome Prospects,Tyler Alexander [Purple Refractor] #BCP-235,$0.25,,,,,,,,,,,,$0.99,,,,,,0,,,,,2016-07-09
1343951,Baseball Cards 2016 Bowman Chrome Prospects,Tyler Alexander [Red Refractor] #BCP-235,,,,,,,,,,,,,,,,,,,0,,,,,2016-07-09
1344051,Baseball Cards 2016 Bowman Chrome Prospects,Tyler Alexander [Refractor] #BCP-235,$0.25,,,,,,,,,,,,$0.99,,,,,,0,,,,,2016-07-09
10456010,Baseball Cards 2016 Bowman Chrome Prospects,Tyler Alexander [Superfractor] #BCP-235,,,,,,,,,,,,,,,,,,,0,,,,,2016-09-07
1343042,Baseball Cards 2016 Bowman Chrome Prospects,Tyler Beede #BCP-211,$0.99,,,,,,,,,,,,$1.09,,,,,,1,,,,,2016-07-09
1343136,Baseball Cards 2016 Bowman Chrome Prospects,Tyler Beede [Black Gold Refractor] #BCP-211,$0.25,,,,,,,,,,,,$0.99,,,,,,0,,,,,2016-07-09
1343236,Baseball Cards 2016 Bowman Chrome Prospects,Tyler Beede [Blue Refractor] #BCP-211,$2.20,,,,,,,,,,,,$2.39,,,,,,1,,,,,2016-07-09
1343336,Baseball Cards 2016 Bowman Chrome Prospects,Tyler Beede [Blue Shimmer] #BCP-211,$0.99,,,,,,,,,,,,$1.09,,,,,,1,,,,,2016-07-09
1344774,Baseball Cards 2016 Bowman Chrome Prospects,Tyler Beede [Gold Refractor] #BCP-211,$2.84,,,,,,,,,,,,$3.09,,,,,,0,,,,,2016-07-09
1343532,Baseball Cards 2016 Bowman Chrome Prospects,Tyler Beede [Green Refractor] #BCP-211,$0.25,,,,,,,,,,,,$0.99,,,,,,0,,,,,2016-07-09
1343630,Baseball Cards 2016 Bowman Chrome Prospects,Tyler Beede [Orange Refractor] #BCP-211,$2.84,,,,,,,,,,,,$3.09,,,,,,1,,,,,2016-07-09
1343729,Baseball Cards 2016 Bowman Chrome Prospects,Tyler Beede [Orange Shimmer] #BCP-211,$1.65,,,,,,,,,,,,$1.79,,,,,,1,,,,,2016-07-09
10455924,Baseball Cards 2016 Bowman Chrome Prospects,Tyler Beede [Printing Plate] #BCP-211,,,,,,,,,,,,,,,,,,,0,,,,,2016-09-07
1343829,Baseball Cards 2016 Bowman Chrome Prospects,Tyler Beede [Purple Refractor] #BCP-211,$0.25,,,,,,,,,,,,$0.99,,,,,,0,,,,,2016-07-09
1343928,Baseball Cards 2016 Bowman Chrome Prospects,Tyler Beede [Red Refractor] #BCP-211,$23.54,,,,,,,,,,,$7.80,$25.99,,,,,,0,,,,,2016-07-09
1344027,Baseball Cards 2016 Bowman Chrome Prospects,Tyler Beede [Refractor] #BCP-211,$0.25,,,,,,,,,,,,$0.99,,,,,,0,,,,,2016-07-09
10455931,Baseball Cards 2016 Bowman Chrome Prospects,Tyler Beede [Superfractor] #BCP-211,,,,,,,,,,,,,,,,,,,0,,,,,2016-09-07
1354286,Baseball Cards 2016 Bowman Chrome Prospects,Tyler Danish #BCP-117,$0.99,,,,,,,,,,,,$1.09,,,,,,1,,,,,2016-07-09
1354436,Baseball Cards 2016 Bowman Chrome Prospects,Tyler Danish [Blue Refractor] #BCP-117,$0.25,,,,,,,,,,,,$0.99,,,,,,0,,,,,2016-07-09
1354586,Baseball Cards 2016 Bowman Chrome Prospects,Tyler Danish [Gold Refractor] #BCP-117,$2.96,,,,,,,,,,,,$3.29,,,,,,0,,,,,2016-07-09
1354736,Baseball Cards 2016 Bowman Chrome Prospects,Tyler Danish [Green Refractor] #BCP-117,$2.49,,,,,,,,,,,,$2.69,,,,,,0,,,,,2016-07-09
1354886,Baseball Cards 2016 Bowman Chrome Prospects,Tyler Danish [Green Shimmer Refractor] #BCP-117,$0.25,,,,,,,,,,,,$0.99,,,,,,0,,,,,2016-07-09
1355036,Baseball Cards 2016 Bowman Chrome Prospects,Tyler Danish [Light Blue Refractor] #BCP-117,,,,,,,,,,,,,,,,,,,0,,,,,2016-07-09
1355186,Baseball Cards 2016 Bowman Chrome Prospects,Tyler Danish [Orange Refractor] #BCP-117,$2.84,,,,,,,,,,,,$3.09,,,,,,0,,,,,2016-07-09
1355335,Baseball Cards 2016 Bowman Chrome Prospects,Tyler Danish [Orange Shimmer Refractor] #BCP-117,$3.70,,,,,,,,,,,$0.80,$4.09,,,,,,0,,,,,2016-07-09
10455779,Baseball Cards 2016 Bowman Chrome Prospects,Tyler Danish [Printing Plate] #BCP-117,,,,,,,,,,,,,,,,,,,0,,,,,2016-09-07
1355480,Baseball Cards 2016 Bowman Chrome Prospects,Tyler Danish [Purple Refractor] #BCP-117,$0.99,,,,,,,,,,,,$1.09,,,,,,1,,,,,2016-07-09
1355630,Baseball Cards 2016 Bowman Chrome Prospects,Tyler Danish [Red Refractor] #BCP-117,,,,,,,,,,,,,,,,,,,0,,,,,2016-07-09
1355779,Baseball Cards 2016 Bowman Chrome Prospects,Tyler Danish [Refractor] #BCP-117,$0.25,,,,,,,,,,,,$0.99,,,,,,0,,,,,2016-07-09
10455780,Baseball Cards 2016 Bowman Chrome Prospects,Tyler Danish [Superfractor] #BCP-117,,,,,,,,,,,,,,,,,,,0,,,,,2016-09-07
1354230,Baseball Cards 2016 Bowman Chrome Prospects,Tyler Jay #BCP-61,$1.57,,,,,,,,,,,,$1.69,,,,,,1,,,,,2016-07-09
1354380,Baseball Cards 2016 Bowman Chrome Prospects,Tyler Jay [Blue Refractor] #BCP-61,$1.14,,,,,,,,,,,,$1.29,,,,,,1,,,,,2016-07-09
1354530,Baseball Cards 2016 Bowman Chrome Prospects,Tyler Jay [Gold Refractor] #BCP-61,$3.13,,,,,,,,,,,,$3.39,,,,,,1,,,,,2016-07-09
1354680,Baseball Cards 2016 Bowman Chrome Prospects,Tyler Jay [Green Refractor] #BCP-61,$0.25,,,,,,,,,,,,$0.99,,,,,,0,,,,,2016-07-09
1354830,Baseball Cards 2016 Bowman Chrome Prospects,Tyler Jay [Green Shimmer Refractor] #BCP-61,$1.50,,,,,,,,,,,,$1.69,,,,,,1,,,,,2016-07-09
1354980,Baseball Cards 2016 Bowman Chrome Prospects,Tyler Jay [Light Blue Refractor] #BCP-61,,,,,,,,,,,,,,,,,,,0,,,,,2016-07-09
1355130,Baseball Cards 2016 Bowman Chrome Prospects,Tyler Jay [Orange Refractor] #BCP-61,$23.54,,,,,,,,,,,$7.80,$25.99,,,,,,0,,,,,2016-07-09
1355279,Baseball Cards 2016 Bowman Chrome Prospects,Tyler Jay [Orange Shimmer Refractor] #BCP-61,$9.31,,,,,,,,,,,$2.00,$9.99,,,,,,0,,,,,2016-07-09
10455659,Baseball Cards 2016 Bowman Chrome Prospects,Tyler Jay [Printing Plate] #BCP-61,,,,,,,,,,,,,,,,,,,0,,,,,2016-09-07
1355426,Baseball Cards 2016 Bowman Chrome Prospects,Tyler Jay [Purple Refractor] #BCP-61,$9.99,,,,,,,,,,,$2.80,$10.99,,,,,,1,,,,,2016-07-09
1355574,Baseball Cards 2016 Bowman Chrome Prospects,Tyler Jay [Red Refractor] #BCP-61,$3.25,,,,,,,,,,,,$3.59,,,,,,1,,,,,2016-07-09
1355723,Baseball Cards 2016 Bowman Chrome Prospects,Tyler Jay [Refractor] #BCP-61,$0.99,,,,,,,,,,,,$1.09,,,,,,1,,,,,2016-07-09
10455661,Baseball Cards 2016 Bowman Chrome Prospects,Tyler Jay [Superfractor] #BCP-61,,,,,,,,,,,,,,,,,,,0,,,,,2016-09-07
1354235,Baseball Cards 2016 Bowman Chrome Prospects,Tyler Stephenson #BCP-66,$0.89,,$9.99,,,,,,,,,,$0.99,,,$2.80,$10.99,,2,,,,,2016-07-09
1354385,Baseball Cards 2016 Bowman Chrome Prospects,Tyler Stephenson [Blue Refractor] #BCP-66,$2.18,,,,,,,,,,,,$2.39,,,,,,1,,,,,2016-07-09
1354535,Baseball Cards 2016 Bowman Chrome Prospects,Tyler Stephenson [Gold Refractor] #BCP-66,$7.00,,,,$30.00,,,,,,,$1.50,$7.69,,,,,,2,,,,,2016-07-09
1354685,Baseball Cards 2016 Bowman Chrome Prospects,Tyler Stephenson [Green Refractor] #BCP-66,$5.42,,,,,,,,,,,$1.20,$5.99,,,,,,4,,,,,2016-07-09
1354835,Baseball Cards 2016 Bowman Chrome Prospects,Tyler Stephenson [Green Shimmer Refractor] #BCP-66,$0.99,,,,,,,,,,,,$1.09,,,,,,1,,,,,2016-07-09
1354985,Baseball Cards 2016 Bowman Chrome Prospects,Tyler Stephenson [Light Blue Refractor] #BCP-66,,,,,,,,,,,,,,,,,,,0,,,,,2016-07-09
1355135,Baseball Cards 2016 Bowman Chrome Prospects,Tyler Stephenson [Orange Refractor] #BCP-66,$2.99,,,,,,,,,,,,$3.29,,,,,,1,,,,,2016-07-09
1355284,Baseball Cards 2016 Bowman Chrome Prospects,Tyler Stephenson [Orange Shimmer Refractor] #BCP-66,$4.25,,,,,,,,,,,$0.90,$4.69,,,,,,1,,,,,2016-07-09
10455679,Baseball Cards 2016 Bowman Chrome Prospects,Tyler Stephenson [Printing Plate] #BCP-66,,,,,,,,,,,,,,,,,,,0,,,,,2016-09-07
1355431,Baseball Cards 2016 Bowman Chrome Prospects,Tyler Stephenson [Purple Refractor] #BCP-66,$2.52,,,,,,,,,,,,$2.79,,,,,,1,,,,,2016-07-09
1355579,Baseball Cards 2016 Bowman Chrome Prospects,Tyler Stephenson [Red Refractor] #BCP-66,,,,$29.99,$33.00,,,,,,,,,,,,,,1,,,,,2016-07-09
1355728,Baseball Cards 2016 Bowman Chrome Prospects,Tyler Stephenson [Refractor] #BCP-66,$1.40,,$23.50,,,,,,,,,,$1.49,,,$7.80,$25.99,,2,,,,,2016-07-09
10455680,Baseball Cards 2016 Bowman Chrome Prospects,Tyler Stephenson [Superfractor] #BCP-66,,,,,,,,,,,,,,,,,,,0,,,,,2016-09-07
1354275,Baseball Cards 2016 Bowman Chrome Prospects,Tyler Wade #BCP-106,$0.76,,,,,,,,,,,,$0.99,,,,,,2,,,,,2016-07-09
1354425,Baseball Cards 2016 Bowman Chrome Prospects,Tyler Wade [Blue Refractor] #BCP-106,$3.90,,,,,,,,,,,$0.90,$4.29,,,,,,1,,,,,2016-07-09
1354575,Baseball Cards 2016 Bowman Chrome Prospects,Tyler Wade [Gold Refractor] #BCP-106,$3.25,,,,,,,,,,,,$3.59,,,,,,0,,,,,2016-07-09
1354725,Baseball Cards 2016 Bowman Chrome Prospects,Tyler Wade [Green Refractor] #BCP-106,$0.25,,,,,,,,,,,,$0.99,,,,,,0,,,,,2016-07-09
1354875,Baseball Cards 2016 Bowman Chrome Prospects,Tyler Wade [Green Shimmer Refractor] #BCP-106,$2.95,,,,,,,,,,,,$3.29,,,,,,1,,,,,2016-07-09
1355025,Baseball Cards 2016 Bowman Chrome Prospects,Tyler Wade [Light Blue Refractor] #BCP-106,,,,,,,,,,,,,,,,,,,0,,,,,2016-07-09
1355175,Baseball Cards 2016 Bowman Chrome Prospects,Tyler Wade [Orange Refractor] #BCP-106,$4.00,,,,,,,,,,,$0.90,$4.39,,,,,,1,,,,,2016-07-09
1355324,Baseball Cards 2016 Bowman Chrome Prospects,Tyler Wade [Orange Shimmer Refractor] #BCP-106,$3.00,,,,,,,,,,,,$3.29,,,,,,1,,,,,2016-07-09
10455757,Baseball Cards 2016 Bowman Chrome Prospects,Tyler Wade [Printing Plate] #BCP-106,,,,,,,,,,,,,,,,,,,0,,,,,2016-09-07
1355469,Baseball Cards 2016 Bowman Chrome Prospects,Tyler Wade [Purple Refractor] #BCP-106,$0.25,,,,,,,,,,,,$0.99,,,,,,0,,,,,2016-07-09
1355619,Baseball Cards 2016 Bowman Chrome Prospects,Tyler Wade [Red Refractor] #BCP-106,$49.99,,,,,,,,,,,$22.00,$54.99,,,,,,0,,,,,2016-07-09
1355768,Baseball Cards 2016 Bowman Chrome Prospects,Tyler Wade [Refractor] #BCP-106,$0.25,,,,,,,,,,,,$0.99,,,,,,0,,,,,2016-07-09
10455758,Baseball Cards 2016 Bowman Chrome Prospects,Tyler Wade [Superfractor] #BCP-106,,,,,,,,,,,,,,,,,,,0,,,,,2016-09-07
1354281,Baseball Cards 2016 Bowman Chrome Prospects,Tyrell Jenkins #BCP-112,$1.69,,,,,,,,,,,,$1.89,,,,,,2,,,,,2016-07-09
1354431,Baseball Cards 2016 Bowman Chrome Prospects,Tyrell Jenkins [Blue Refractor] #BCP-112,$0.25,,,,,,,,,,,,$0.99,,,,,,0,,,,,2016-07-09
1354581,Baseball Cards 2016 Bowman Chrome Prospects,Tyrell Jenkins [Gold Refractor] #BCP-112,$6.95,,,,,,,,,,,$1.50,$7.69,,,,,,1,,,,,2016-07-09
1354731,Baseball Cards 2016 Bowman Chrome Prospects,Tyrell Jenkins [Green Refractor] #BCP-112,$3.35,,,,,,,,,,,,$3.69,,,,,,0,,,,,2016-07-09
1354881,Baseball Cards 2016 Bowman Chrome Prospects,Tyrell Jenkins [Green Shimmer Refractor] #BCP-112,$0.99,,,,,,,,,,,,$1.09,,,,,,1,,,,,2016-07-09
1355031,Baseball Cards 2016 Bowman Chrome Prospects,Tyrell Jenkins [Light Blue Refractor] #BCP-112,,,,,,,,,,,,,,,,,,,0,,,,,2016-07-09
1355181,Baseball Cards 2016 Bowman Chrome Prospects,Tyrell Jenkins [Orange Refractor] #BCP-112,$2.84,,,,,,,,,,,,$3.09,,,,,,1,,,,,2016-07-09
1355330,Baseball Cards 2016 Bowman Chrome Prospects,Tyrell Jenkins [Orange Shimmer Refractor] #BCP-112,$8.59,,,,,,,,,,,$1.90,$9.49,,,,,,0,,,,,2016-07-09
10455769,Baseball Cards 2016 Bowman Chrome Prospects,Tyrell Jenkins [Printing Plate] #BCP-112,,,,,,,,,,,,,,,,,,,0,,,,,2016-09-07
1355475,Baseball Cards 2016 Bowman Chrome Prospects,Tyrell Jenkins [Purple Refractor] #BCP-112,$2.73,,,,,,,,,,,,$2.99,,,,,,2,,,,,2016-07-09
1355625,Baseball Cards 2016 Bowman Chrome Prospects,Tyrell Jenkins [Red Refractor] #BCP-112,,,,,,,,,,,,,,,,,,,0,,,,,2016-07-09
1355774,Baseball Cards 2016 Bowman Chrome Prospects,Tyrell Jenkins [Refractor] #BCP-112,$0.25,,,,,,,,,,,,$0.99,,,,,,0,,,,,2016-07-09
10455770,Baseball Cards 2016 Bowman Chrome Prospects,Tyrell Jenkins [Superfractor] #BCP-112,,,,,,,,,,,,,,,,,,,0,,,,,2016-09-07
1343000,Baseball Cards 2016 Bowman Chrome Prospects,Victor Alcantara #BCP-168,$0.99,,,,,,,,,,,,$1.09,,,,,,1,,,,,2016-07-09
1343093,Baseball Cards 2016 Bowman Chrome Prospects,Victor Alcantara [Black Gold Refractor] #BCP-168,,,,,,,,,,,,,,,,,,,0,,,,,2016-07-09
1343193,Baseball Cards 2016 Bowman Chrome Prospects,Victor Alcantara [Blue Refractor] #BCP-168,$1.31,,,,,,,,,,,,$1.39,,,,,,1,,,,,2016-07-09
1343293,Baseball Cards 2016 Bowman Chrome Prospects,Victor Alcantara [Blue Shimmer] #BCP-168,$0.99,,,,,,,,,,,,$1.09,,,,,,1,,,,,2016-07-09
1343393,Baseball Cards 2016 Bowman Chrome Prospects,Victor Alcantara [Gold Refractor] #BCP-168,$0.25,,,$13.95,$15.00,,,,,,,,$0.99,,,,,,1,,,,,2016-07-09
1343491,Baseball Cards 2016 Bowman Chrome Prospects,Victor Alcantara [Green Refractor] #BCP-168,$0.25,,,,,,,,,,,,$0.99,,,,,,0,,,,,2016-07-09
1343587,Baseball Cards 2016 Bowman Chrome Prospects,Victor Alcantara [Orange Refractor] #BCP-168,$3.99,,,,$51.79,,,,,,,$0.90,$4.39,,,,,,1,,,,,2016-07-09
1343686,Baseball Cards 2016 Bowman Chrome Prospects,Victor Alcantara [Orange Shimmer] #BCP-168,$0.25,,,,,,,,,,,,$0.99,,,,,,0,,,,,2016-07-09
10455888,Baseball Cards 2016 Bowman Chrome Prospects,Victor Alcantara [Printing Plate] #BCP-168,,,,,,,,,,,,,,,,,,,0,,,,,2016-09-07
1343786,Baseball Cards 2016 Bowman Chrome Prospects,Victor Alcantara [Purple Refractor] #BCP-168,$0.99,,,,,,,,,,,,$1.09,,,,,,1,,,,,2016-07-09
1343885,Baseball Cards 2016 Bowman Chrome Prospects,Victor Alcantara [Red Refractor] #BCP-168,$19.99,,,,,,,,,,,$6.60,$21.99,,,,,,1,,,,,2016-07-09
1343984,Baseball Cards 2016 Bowman Chrome Prospects,Victor Alcantara [Refractor] #BCP-168,$0.99,,,,,,,,,,,,$1.09,,,,,,1,,,,,2016-07-09
10455890,Baseball Cards 2016 Bowman Chrome Prospects,Victor Alcantara [Superfractor] #BCP-168,,,,,,,,,,,,,,,,,,,0,,,,,2016-09-07
1354179,Baseball Cards 2016 Bowman Chrome Prospects,Victor Robles #BCP-10,$1.44,,$7.25,$8.00,$9.00,$9.09,$12.00,$5.00,$5.00,,,,$1.59,,,$1.60,$7.99,,18,,,,,2016-07-09
1354329,Baseball Cards 2016 Bowman Chrome Prospects,Victor Robles [Blue Refractor] #BCP-10,$13.99,,,$16.99,$19.00,$20.00,$26.00,$12.00,$12.00,,,$3.80,$14.99,,,,,,5,,,,,2016-07-09
1354479,Baseball Cards 2016 Bowman Chrome Prospects,Victor Robles [Gold Refractor] #BCP-10,$19.99,,,$69.99,$77.00,,,,,,,$6.60,$21.99,,,,,,2,,,,,2016-07-09
1354629,Baseball Cards 2016 Bowman Chrome Prospects,Victor Robles [Green Refractor] #BCP-10,$14.99,,,,,,,,,,,$4.00,$15.99,,,,,,2,,,,,2016-07-09
1354779,Baseball Cards 2016 Bowman Chrome Prospects,Victor Robles [Green Shimmer Refractor] #BCP-10,$12.98,,,,$10.00,,,,,,,$3.50,$13.99,,,,,,3,,,,,2016-07-09
1354929,Baseball Cards 2016 Bowman Chrome Prospects,Victor Robles [Light Blue Refractor] #BCP-10,,,,,,,,,,,,,,,,,,,0,,,,,2016-07-09
1355079,Baseball Cards 2016 Bowman Chrome Prospects,Victor Robles [Orange Refractor] #BCP-10,$10.18,,,,,,,,,,,$2.80,$10.99,,,,,,3,,,,,2016-07-09
1355229,Baseball Cards 2016 Bowman Chrome Prospects,Victor Robles [Orange Shimmer Refractor] #BCP-10,,,,$65.00,$72.00,,,,,,,,,,,,,,1,,,,,2016-07-09
10455572,Baseball Cards 2016 Bowman Chrome Prospects,Victor Robles [Printing Plate] #BCP-10,,,,,,,,,,,,,,,,,,,0,,,,,2016-09-07
1355377,Baseball Cards 2016 Bowman Chrome Prospects,Victor Robles [Purple Refractor] #BCP-10,$4.62,,,,$4.25,,,,,,,$1.00,$5.09,,,,,,2,,,,,2016-07-09
1355523,Baseball Cards 2016 Bowman Chrome Prospects,Victor Robles [Red Refractor] #BCP-10,$49.95,,,,,,,,,,,$22.00,$54.99,,,,,,1,,,,,2016-07-09
1355672,Baseball Cards 2016 Bowman Chrome Prospects,Victor Robles [Refractor] #BCP-10,$4.99,,,$2.82,$9.89,$35.00,$46.00,$21.00,$21.00,,,$1.10,$5.49,,,,,,5,,,,,2016-07-09
10455573,Baseball Cards 2016 Bowman Chrome Prospects,Victor Robles [Superfractor] #BCP-10,,,,,,,,,,,,,,,,,,,0,,,,,2016-09-07
1354224,Baseball Cards 2016 Bowman Chrome Prospects,Vladimir Guerrero Jr. #BCP-55,$10.21,$2.25,$17.96,$24.24,$37.23,$68.08,$66.02,$41.00,$51.47,,,$2.80,$10.99,,$2.49,$5.00,$19.99,,414,,,,,2016-07-09
1354374,Baseball Cards 2016 Bowman Chrome Prospects,Vladimir Guerrero Jr. [Blue Refractor] #BCP-55,$524.50,,,$39.30,$488.01,$3199.36,$4159.00,$1920.00,$1920.00,,,$346.20,$577.00,,,,,,6,,,,,2016-07-09
1354524,Baseball Cards 2016 Bowman Chrome Prospects,Vladimir Guerrero Jr. [Gold Refractor] #BCP-55,$123.50,,,$930.07,$4800.00,,,,,,,$68.00,$136.00,,,,,,3,,,,,2016-07-09
1354674,Baseball Cards 2016 Bowman Chrome Prospects,Vladimir Guerrero Jr. [Green Refractor] #BCP-55,$170.50,,$399.00,$439.00,$483.00,,,,,,,$94.00,$188.00,,,$219.50,$439.00,,2,,,,,2016-07-09
1354824,Baseball Cards 2016 Bowman Chrome Prospects,Vladimir Guerrero Jr. [Green Shimmer Refractor] #BCP-55,$91.00,,,$300.00,$330.00,,,,,,,$40.00,$100.00,,,,,,2,,,,,2016-07-09
1354974,Baseball Cards 2016 Bowman Chrome Prospects,Vladimir Guerrero Jr. [Light Blue Refractor] #BCP-55,,,,$1600.00,$1760.00,,,,,,,,,,,,,,1,,,,,2016-07-09
1355124,Baseball Cards 2016 Bowman Chrome Prospects,Vladimir Guerrero Jr. [Orange Refractor] #BCP-55,,,,,,,,,,,,,,,,,,,0,,,,,2016-07-09
1355273,Baseball Cards 2016 Bowman Chrome Prospects,Vladimir Guerrero Jr. [Orange Shimmer Refractor] #BCP-55,,,,$899.99,$990.00,,$6100.00,,,,,,,,,,,,1,,,,,2016-07-09
10455633,Baseball Cards 2016 Bowman Chrome Prospects,Vladimir Guerrero Jr. [Printing Plate] #BCP-55,,,,,,,,,,,,,,,,,,,0,,,,,2016-09-07
1355421,Baseball Cards 2016 Bowman Chrome Prospects,Vladimir Guerrero Jr. [Purple Refractor] #BCP-55,$138.19,,$28.77,$161.01,$166.96,$550.00,$715.00,$330.00,$330.00,,,$76.00,$152.00,,,$9.60,$31.99,,9,,,,,2016-07-09
1355568,Baseball Cards 2016 Bowman Chrome Prospects,Vladimir Guerrero Jr. [Red Refractor] #BCP-55,,,,$5000.00,$5500.00,,,,,,,,,,,,,,1,,,,,2016-07-09
1355717,Baseball Cards 2016 Bowman Chrome Prospects,Vladimir Guerrero Jr. [Refractor] #BCP-55,$112.62,,$179.99,$198.00,$293.75,$300.88,$391.00,$181.00,$181.00,,,$62.00,$124.00,,,$99.00,$198.00,,22,,,,,2016-07-09
10455635,Baseball Cards 2016 Bowman Chrome Prospects,Vladimir Guerrero Jr. [Superfractor] #BCP-55,,,,,,,,,,,,,,,,,,,0,,,,,2016-09-07
1354247,Baseball Cards 2016 Bowman Chrome Prospects,Walker Buehler #BCP-78,$1.51,,$6.06,$8.47,$9.00,$55.00,$72.00,$33.00,$33.00,,,,$1.69,,,$1.30,$6.69,,14,,,,,2016-07-09
1354397,Baseball Cards 2016 Bowman Chrome Prospects,Walker Buehler [Blue Refractor] #BCP-78,$2.24,,$1.25,,,,,,,,,,$2.49,,,,$1.39,,2,,,,,2016-07-09
1354547,Baseball Cards 2016 Bowman Chrome Prospects,Walker Buehler [Gold Refractor] #BCP-78,$9.51,,,,,,,,,,,$2.00,$9.99,,,,,,1,,,,,2016-07-09
1354697,Baseball Cards 2016 Bowman Chrome Prospects,Walker Buehler [Green Refractor] #BCP-78,$9.73,,,,,,,,,,,$2.80,$10.99,,,,,,1,,,,,2016-07-09
1354847,Baseball Cards 2016 Bowman Chrome Prospects,Walker Buehler [Green Shimmer Refractor] #BCP-78,$58.04,,,,,,,,,,,$25.60,$63.99,,,,,,1,,,,,2016-07-09
1354997,Baseball Cards 2016 Bowman Chrome Prospects,Walker Buehler [Light Blue Refractor] #BCP-78,,,,,,,,,,,,,,,,,,,0,,,,,2016-07-09
1355147,Baseball Cards 2016 Bowman Chrome Prospects,Walker Buehler [Orange Refractor] #BCP-78,$29.28,,,,,,,,,,,$9.60,$31.99,,,,,,0,,,,,2016-07-09
1355296,Baseball Cards 2016 Bowman Chrome Prospects,Walker Buehler [Orange Shimmer Refractor] #BCP-78,$9.91,,,,,,,,,,,$2.80,$10.99,,,,,,1,,,,,2016-07-09
10455703,Baseball Cards 2016 Bowman Chrome Prospects,Walker Buehler [Printing Plate] #BCP-78,,,,,,,,,,,,,,,,,,,0,,,,,2016-09-07
1355443,Baseball Cards 2016 Bowman Chrome Prospects,Walker Buehler [Purple Refractor] #BCP-78,$2.26,,,,,,,,,,,,$2.49,,,,,,1,,,,,2016-07-09
1355591,Baseball Cards 2016 Bowman Chrome Prospects,Walker Buehler [Red Refractor] #BCP-78,$19.99,,,,,,,,,,,$6.60,$21.99,,,,,,1,,,,,2016-07-09
1355740,Baseball Cards 2016 Bowman Chrome Prospects,Walker Buehler [Refractor] #BCP-78,$3.70,,,,,,,,,,,$0.80,$4.09,,,,,,1,,,,,2016-07-09
10455705,Baseball Cards 2016 Bowman Chrome Prospects,Walker Buehler [Superfractor] #BCP-78,,,,,,,,,,,,,,,,,,,0,,,,,2016-09-07
1354201,Baseball Cards 2016 Bowman Chrome Prospects,Wander Javier #BCP-32,$1.55,,,$3.25,$4.00,,,,,,,,$1.69,,,,,,3,,,,,2016-07-09
1354351,Baseball Cards 2016 Bowman Chrome Prospects,Wander Javier [Blue Refractor] #BCP-32,$1.40,,,$6.04,$7.00,,,,,,,,$1.49,,,,,,2,,,,,2016-07-09
1354501,Baseball Cards 2016 Bowman Chrome Prospects,Wander Javier [Gold Refractor] #BCP-32,$0.99,,,,,,,,,,,,$1.09,,,,,,1,,,,,2016-07-09
1354651,Baseball Cards 2016 Bowman Chrome Prospects,Wander Javier [Green Refractor] #BCP-32,$2.84,,,,,$3.09,$4.00,$2.00,$2.00,,,,$3.09,,,,,,1,,,,,2016-07-09
1354801,Baseball Cards 2016 Bowman Chrome Prospects,Wander Javier [Green Shimmer Refractor] #BCP-32,$0.25,,,,,,,,,,,,$0.99,,,,,,0,,,,,2016-07-09
1354951,Baseball Cards 2016 Bowman Chrome Prospects,Wander Javier [Light Blue Refractor] #BCP-32,,,,,,,,,,,,,,,,,,,0,,,,,2016-07-09
1355101,Baseball Cards 2016 Bowman Chrome Prospects,Wander Javier [Orange Refractor] #BCP-32,$0.99,,,,,,,,,,,,$1.09,,,,,,1,,,,,2016-07-09
1355250,Baseball Cards 2016 Bowman Chrome Prospects,Wander Javier [Orange Shimmer Refractor] #BCP-32,,,,,,,,,,,,,,,,,,,0,,,,,2016-07-09
10455616,Baseball Cards 2016 Bowman Chrome Prospects,Wander Javier [Printing Plate] #BCP-32,,,,,,,,,,,,,,,,,,,0,,,,,2016-09-07
1355398,Baseball Cards 2016 Bowman Chrome Prospects,Wander Javier [Purple Refractor] #BCP-32,$2.84,,,,,,,,,,,,$3.09,,,,,,0,,,,,2016-07-09
1355545,Baseball Cards 2016 Bowman Chrome Prospects,Wander Javier [Red Refractor] #BCP-32,,,,,,,,,,,,,,,,,,,0,,,,,2016-07-09
1355694,Baseball Cards 2016 Bowman Chrome Prospects,Wander Javier [Refractor] #BCP-32,$1.69,,,,,,,,,,,,$1.89,,,,,,1,,,,,2016-07-09
10455617,Baseball Cards 2016 Bowman Chrome Prospects,Wander Javier [Superfractor] #BCP-32,,,,,,,,,,,,,,,,,,,0,,,,,2016-09-07
1354180,Baseball Cards 2016 Bowman Chrome Prospects,Wei Chieh Huang #BCP-11,$0.99,,,,,,,,,,,,$1.09,,,,,,2,,,,,2016-07-09
1354330,Baseball Cards 2016 Bowman Chrome Prospects,Wei Chieh Huang [Blue Refractor] #BCP-11,$3.27,,,,,,,,,,,,$3.59,,,,,,1,,,,,2016-07-09
1354480,Baseball Cards 2016 Bowman Chrome Prospects,Wei Chieh Huang [Gold Refractor] #BCP-11,$4.49,,,,,,,,,,,$1.00,$4.89,,,,,,1,,,,,2016-07-09
1354630,Baseball Cards 2016 Bowman Chrome Prospects,Wei Chieh Huang [Green Refractor] #BCP-11,$4.95,,,,,,,,,,,$1.10,$5.49,,,,,,0,,,,,2016-07-09
1354780,Baseball Cards 2016 Bowman Chrome Prospects,Wei Chieh Huang [Green Shimmer Refractor] #BCP-11,$3.34,,,,,,,,,,,,$3.69,,,,,,1,,,,,2016-07-09
1354930,Baseball Cards 2016 Bowman Chrome Prospects,Wei Chieh Huang [Light Blue Refractor] #BCP-11,,,,,,,,,,,,,,,,,,,0,,,,,2016-07-09
1355080,Baseball Cards 2016 Bowman Chrome Prospects,Wei Chieh Huang [Orange Refractor] #BCP-11,,,,,,,,,,,,,,,,,,,0,,,,,2016-07-09
1355230,Baseball Cards 2016 Bowman Chrome Prospects,Wei Chieh Huang [Orange Shimmer Refractor] #BCP-11,,,,,,,,,,,,,,,,,,,0,,,,,2016-07-09
1355378,Baseball Cards 2016 Bowman Chrome Prospects,Wei Chieh Huang [Purple Refractor] #BCP-11,$0.99,,,,,,,,,,,,$1.09,,,,,,1,,,,,2016-07-09
1355524,Baseball Cards 2016 Bowman Chrome Prospects,Wei Chieh Huang [Red Refractor] #BCP-11,,,,,,,,,,,,,,,,,,,0,,,,,2016-07-09
1355673,Baseball Cards 2016 Bowman Chrome Prospects,Wei Chieh Huang [Refractor] #BCP-11,$3.85,,,,,,,,,,,$0.80,$4.19,,,,,,1,,,,,2016-07-09
10455574,Baseball Cards 2016 Bowman Chrome Prospects,Wei-Chieh Huang [Printing Plate] #BCP-11,,,,,,,,,,,,,,,,,,,0,,,,,2016-09-07
10455575,Baseball Cards 2016 Bowman Chrome Prospects,Wei-Chieh Huang [Superfractor] #BCP-11,,,,,,,,,,,,,,,,,,,0,,,,,2016-09-07
1342996,Baseball Cards 2016 Bowman Chrome Prospects,Wilkerman Garcia #BCP-164,$1.50,,,,,,,,,,,,$1.69,,,,,,1,,,,,2016-07-09
1343090,Baseball Cards 2016 Bowman Chrome Prospects,Wilkerman Garcia [Black Gold Refractor] #BCP-164,,,,,,,,,,,,,,,,,,,0,,,,,2016-07-09
1343189,Baseball Cards 2016 Bowman Chrome Prospects,Wilkerman Garcia [Blue Refractor] #BCP-164,$0.25,,,,,,,,,,,,$0.99,,,,,,0,,,,,2016-07-09
1343289,Baseball Cards 2016 Bowman Chrome Prospects,Wilkerman Garcia [Blue Shimmer] #BCP-164,$0.25,,,,,,,,,,,,$0.99,,,,,,0,,,,,2016-07-09
1343389,Baseball Cards 2016 Bowman Chrome Prospects,Wilkerman Garcia [Gold Refractor] #BCP-164,,,,,,,,,,,,,,,,,,,0,,,,,2016-07-09
1343487,Baseball Cards 2016 Bowman Chrome Prospects,Wilkerman Garcia [Green Refractor] #BCP-164,$3.01,,,,,,,,,,,,$3.29,,,,,,0,,,,,2016-07-09
1343583,Baseball Cards 2016 Bowman Chrome Prospects,Wilkerman Garcia [Orange Refractor] #BCP-164,,,,,,,,,,,,,,,,,,,0,,,,,2016-07-09
1343682,Baseball Cards 2016 Bowman Chrome Prospects,Wilkerman Garcia [Orange Shimmer] #BCP-164,$0.25,,,,,,,,,,,,$0.99,,,,,,0,,,,,2016-07-09
10455881,Baseball Cards 2016 Bowman Chrome Prospects,Wilkerman Garcia [Printing Plate] #BCP-164,,,,,,,,,,,,,,,,,,,0,,,,,2016-09-07
1343782,Baseball Cards 2016 Bowman Chrome Prospects,Wilkerman Garcia [Purple Refractor] #BCP-164,$2.54,,,,,,,,,,,,$2.79,,,,,,0,,,,,2016-07-09
1344781,Baseball Cards 2016 Bowman Chrome Prospects,Wilkerman Garcia [Red Refractor] #BCP-164,,,,,,,,,,,,,,,,,,,0,,,,,2016-07-09
1343980,Baseball Cards 2016 Bowman Chrome Prospects,Wilkerman Garcia [Refractor] #BCP-164,$0.25,,,,,,,,,,,,$0.99,,,,,,0,,,,,2016-07-09
10455882,Baseball Cards 2016 Bowman Chrome Prospects,Wilkerman Garcia [Superfractor] #BCP-164,,,,,,,,,,,,,,,,,,,0,,,,,2016-09-07
1343001,Baseball Cards 2016 Bowman Chrome Prospects,Willie Calhoun #BCP-169,$0.77,,,,,,,,,,,,$0.99,,,,,,1,,,,,2016-07-09
1343094,Baseball Cards 2016 Bowman Chrome Prospects,Willie Calhoun [Black Gold Refractor] #BCP-169,,,,,,,,,,,,,,,,,,,0,,,,,2016-07-09
1343194,Baseball Cards 2016 Bowman Chrome Prospects,Willie Calhoun [Blue Refractor] #BCP-169,$1.59,,,,,,,,,,,,$1.79,,,,,,1,,,,,2016-07-09
1343294,Baseball Cards 2016 Bowman Chrome Prospects,Willie Calhoun [Blue Shimmer] #BCP-169,$0.25,,,,,,,,,,,,$0.99,,,,,,0,,,,,2016-07-09
1343394,Baseball Cards 2016 Bowman Chrome Prospects,Willie Calhoun [Gold Refractor] #BCP-169,$5.99,,,,,,,,,,,$1.30,$6.59,,,,,,0,,,,,2016-07-09
1343492,Baseball Cards 2016 Bowman Chrome Prospects,Willie Calhoun [Green Refractor] #BCP-169,$1.99,,,,,,,,,,,,$2.19,,,,,,1,,,,,2016-07-09
1343588,Baseball Cards 2016 Bowman Chrome Prospects,Willie Calhoun [Orange Refractor] #BCP-169,$9.99,,,,,,,,,,,$2.80,$10.99,,,,,,0,,,,,2016-07-09
1343687,Baseball Cards 2016 Bowman Chrome Prospects,Willie Calhoun [Orange Shimmer] #BCP-169,$2.00,,,,,,,,,,,,$2.19,,,,,,0,,,,,2016-07-09
10455889,Baseball Cards 2016 Bowman Chrome Prospects,Willie Calhoun [Printing Plate] #BCP-169,,,,,,,,,,,,,,,,,,,0,,,,,2016-09-07
1343787,Baseball Cards 2016 Bowman Chrome Prospects,Willie Calhoun [Purple Refractor] #BCP-169,$0.25,,,,,,,,,,,,$0.99,,,,,,0,,,,,2016-07-09
1343886,Baseball Cards 2016 Bowman Chrome Prospects,Willie Calhoun [Red Refractor] #BCP-169,$91.62,,,,,,,,,,,$50.50,$101.00,,,,,,0,,,,,2016-07-09
1343985,Baseball Cards 2016 Bowman Chrome Prospects,Willie Calhoun [Refractor] #BCP-169,$2.59,,,,,,,,,,,,$2.89,,,,,,0,,,,,2016-07-09
10455891,Baseball Cards 2016 Bowman Chrome Prospects,Willie Calhoun [Superfractor] #BCP-169,,,,,,,,,,,,,,,,,,,0,,,,,2016-09-07
1354185,Baseball Cards 2016 Bowman Chrome Prospects,Willson Contreras #BCP-16,$1.99,,$6.58,$7.00,$12.98,$25.00,$33.00,$15.00,$15.00,,,,$2.19,,,$1.40,$7.19,,89,,,,,2016-07-09
1354335,Baseball Cards 2016 Bowman Chrome Prospects,Willson Contreras [Blue Refractor] #BCP-16,$8.00,,,,,,,,,,,$1.80,$8.79,,,,,,2,,,,,2016-07-09
1354485,Baseball Cards 2016 Bowman Chrome Prospects,Willson Contreras [Gold Refractor] #BCP-16,$149.95,,,,,,,,,,,$82.50,$165.00,,,,,,0,,,,,2016-07-09
1354635,Baseball Cards 2016 Bowman Chrome Prospects,Willson Contreras [Green Refractor] #BCP-16,$9.49,,$12.08,$19.08,$32.41,$41.95,$55.00,$25.00,$25.00,,,$2.00,$9.99,,,$3.30,$12.99,,15,,,,,2016-07-09
1354785,Baseball Cards 2016 Bowman Chrome Prospects,Willson Contreras [Green Shimmer Refractor] #BCP-16,$16.38,,,,,,,,,,,$4.50,$17.99,,,,,,2,,,,,2016-07-09
1354935,Baseball Cards 2016 Bowman Chrome Prospects,Willson Contreras [Light Blue Refractor] #BCP-16,,,,,,,,,,,,,,,,,,,0,,,,,2016-07-09
1355085,Baseball Cards 2016 Bowman Chrome Prospects,Willson Contreras [Orange Refractor] #BCP-16,,,,,,,,,,,,,,,,,,,0,,,,,2016-07-09
1355235,Baseball Cards 2016 Bowman Chrome Prospects,Willson Contreras [Orange Shimmer Refractor] #BCP-16,,,,,,,,,,,,,,,,,,,0,,,,,2016-07-09
10455584,Baseball Cards 2016 Bowman Chrome Prospects,Willson Contreras [Printing Plate] #BCP-16,,,,,,,,,,,,,,,,,,,0,,,,,2016-09-07
1355383,Baseball Cards 2016 Bowman Chrome Prospects,Willson Contreras [Purple Refractor] #BCP-16,$1.41,,$7.61,$13.34,$24.57,$34.40,$45.00,$21.00,$21.00,,,,$1.59,,,$1.70,$8.39,,12,,,,,2016-07-09
1355529,Baseball Cards 2016 Bowman Chrome Prospects,Willson Contreras [Red Refractor] #BCP-16,,,,,,,,,,,,,,,,,,,0,,,,,2016-07-09
1355678,Baseball Cards 2016 Bowman Chrome Prospects,Willson Contreras [Refractor] #BCP-16,$4.00,,,$103.50,$114.00,$124.00,$161.00,$74.00,$74.00,,,$0.90,$4.39,,,,,,6,,,,,2016-07-09
10455585,Baseball Cards 2016 Bowman Chrome Prospects,Willson Contreras [Superfractor] #BCP-16,,,,,,,,,,,,,,,,,,,0,,,,,2016-09-07
1342984,Baseball Cards 2016 Bowman Chrome Prospects,Willy Adames #BCP-152,$2.17,,,,,,,,,,,,$2.39,,,,,,1,,,,,2016-07-09
1343082,Baseball Cards 2016 Bowman Chrome Prospects,Willy Adames [Black Gold Refractor] #BCP-152,$55.00,,,,,,,,,,,$24.40,$60.99,,,,,,1,,,,,2016-07-09
1343177,Baseball Cards 2016 Bowman Chrome Prospects,Willy Adames [Blue Refractor] #BCP-152,$1.69,,,,,,,,,,,,$1.89,,,,,,2,,,,,2016-07-09
1343277,Baseball Cards 2016 Bowman Chrome Prospects,Willy Adames [Blue Shimmer] #BCP-152,$1.80,,,,,,,,,,,,$1.99,,,,,,1,,,,,2016-07-09
1343377,Baseball Cards 2016 Bowman Chrome Prospects,Willy Adames [Gold Refractor] #BCP-152,$1.00,,,,,,,,,,,,$1.09,,,,,,1,,,,,2016-07-09
1343475,Baseball Cards 2016 Bowman Chrome Prospects,Willy Adames [Green Refractor] #BCP-152,$2.71,,,,,,,,,,,,$2.99,,,,,,1,,,,,2016-07-09
1343571,Baseball Cards 2016 Bowman Chrome Prospects,Willy Adames [Orange Refractor] #BCP-152,,,,,,,,,,,,,,,,,,,0,,,,,2016-07-09
1343670,Baseball Cards 2016 Bowman Chrome Prospects,Willy Adames [Orange Shimmer] #BCP-152,$2.09,,,,,,,,,,,,$2.29,,,,,,2,,,,,2016-07-09
10455857,Baseball Cards 2016 Bowman Chrome Prospects,Willy Adames [Printing Plate] #BCP-152,,,,,,,,,,,,,,,,,,,0,,,,,2016-09-07
1343770,Baseball Cards 2016 Bowman Chrome Prospects,Willy Adames [Purple Refractor] #BCP-152,$0.99,,,,,,,,,,,,$1.09,,,,,,1,,,,,2016-07-09
1343870,Baseball Cards 2016 Bowman Chrome Prospects,Willy Adames [Red Refractor] #BCP-152,,,,,,,,,,,,,,,,,,,0,,,,,2016-07-09
1343968,Baseball Cards 2016 Bowman Chrome Prospects,Willy Adames [Refractor] #BCP-152,$1.99,,,,,,,,,,,,$2.19,,,,,,1,,,,,2016-07-09
10455858,Baseball Cards 2016 Bowman Chrome Prospects,Willy Adames [Superfractor] #BCP-152,,,,,,,,,,,,,,,,,,,0,,,,,2016-09-07
1354174,Baseball Cards 2016 Bowman Chrome Prospects,Yadier Alvarez #BCP-5,$1.23,,,,,,,,,,,,$1.39,,,,,,1,,,,,2016-07-09
1354324,Baseball Cards 2016 Bowman Chrome Prospects,Yadier Alvarez [Blue Refractor] #BCP-5,$3.35,,,$4.25,$5.00,,,,,,,,$3.69,,,,,,1,,,,,2016-07-09
1354474,Baseball Cards 2016 Bowman Chrome Prospects,Yadier Alvarez [Gold Refractor] #BCP-5,$2.08,,,,,,,,,,,,$2.29,,,,,,0,,,,,2016-07-09
1354624,Baseball Cards 2016 Bowman Chrome Prospects,Yadier Alvarez [Green Refractor] #BCP-5,$0.25,,,,,,,,,,,,$0.99,,,,,,0,,,,,2016-07-09
1354774,Baseball Cards 2016 Bowman Chrome Prospects,Yadier Alvarez [Green Shimmer Refractor] #BCP-5,$3.68,,,,,,,,,,,$0.80,$4.09,,,,,,1,,,,,2016-07-09
1354924,Baseball Cards 2016 Bowman Chrome Prospects,Yadier Alvarez [Light Blue Refractor] #BCP-5,,,,,,,,,,,,,,,,,,,0,,,,,2016-07-09
1355074,Baseball Cards 2016 Bowman Chrome Prospects,Yadier Alvarez [Orange Refractor] #BCP-5,$2.98,,,,,,,,,,,,$3.29,,,,,,1,,,,,2016-07-09
1355224,Baseball Cards 2016 Bowman Chrome Prospects,Yadier Alvarez [Orange Shimmer Refractor] #BCP-5,$7.14,,,,,,,,,,,$1.60,$7.89,,,,,,0,,,,,2016-07-09
10455562,Baseball Cards 2016 Bowman Chrome Prospects,Yadier Alvarez [Printing Plate] #BCP-5,,,,,,,,,,,,,,,,,,,0,,,,,2016-09-07
1355372,Baseball Cards 2016 Bowman Chrome Prospects,Yadier Alvarez [Purple Refractor] #BCP-5,$0.25,,,,,,,,,,,,$0.99,,,,,,0,,,,,2016-07-09
1355518,Baseball Cards 2016 Bowman Chrome Prospects,Yadier Alvarez [Red Refractor] #BCP-5,,,,,,,,,,,,,,,,,,,0,,,,,2016-07-09
1355667,Baseball Cards 2016 Bowman Chrome Prospects,Yadier Alvarez [Refractor] #BCP-5,$2.70,,,,,,,,,,,,$2.99,,,,,,1,,,,,2016-07-09
10455563,Baseball Cards 2016 Bowman Chrome Prospects,Yadier Alvarez [Superfractor] #BCP-5,,,,,,,,,,,,,,,,,,,0,,,,,2016-09-07
1343050,Baseball Cards 2016 Bowman Chrome Prospects,Yadir Drake #BCP-219,$1.17,,,,,,,,,,,,$1.29,,,,,,2,,,,,2016-07-09
1343144,Baseball Cards 2016 Bowman Chrome Prospects,Yadir Drake [Black Gold Refractor] #BCP-219,,,,,,,,,,,,,,,,,,,0,,,,,2016-07-09
1343244,Baseball Cards 2016 Bowman Chrome Prospects,Yadir Drake [Blue Refractor] #BCP-219,$2.84,,,,,,,,,,,,$3.09,,,,,,4,,,,,2016-07-09
1343344,Baseball Cards 2016 Bowman Chrome Prospects,Yadir Drake [Blue Shimmer] #BCP-219,$1.65,,$6.30,$11.67,$22.28,$32.18,$42.00,$19.00,$19.00,,,,$1.79,,,$1.40,$6.89,,21,,,,,2016-07-09
1343443,Baseball Cards 2016 Bowman Chrome Prospects,Yadir Drake [Gold Refractor] #BCP-219,$7.44,,,,,,,,,,,$1.60,$8.19,,,,,,0,,,,,2016-07-09
1343540,Baseball Cards 2016 Bowman Chrome Prospects,Yadir Drake [Green Refractor] #BCP-219,$1.99,,,,,,,,,,,,$2.19,,,,,,1,,,,,2016-07-09
1343638,Baseball Cards 2016 Bowman Chrome Prospects,Yadir Drake [Orange Refractor] #BCP-219,$5.85,,,,,,,,,,,$1.30,$6.39,,,,,,2,,,,,2016-07-09
1343737,Baseball Cards 2016 Bowman Chrome Prospects,Yadir Drake [Orange Shimmer] #BCP-219,$1.46,,$6.15,$11.47,$22.02,$31.93,$42.00,$19.00,$19.00,,,,$1.59,,,$1.40,$6.79,,21,,,,,2016-07-09
10455959,Baseball Cards 2016 Bowman Chrome Prospects,Yadir Drake [Printing Plate] #BCP-219,$3.85,,,,,,,,,,,$0.80,$4.19,,,,,,1,,,,,2016-09-07
1343837,Baseball Cards 2016 Bowman Chrome Prospects,Yadir Drake [Purple Refractor] #BCP-219,$2.95,,,,,,,,,,,,$3.29,,,,,,1,,,,,2016-07-09
1343935,Baseball Cards 2016 Bowman Chrome Prospects,Yadir Drake [Red Refractor] #BCP-219,,,,,,,,,,,,,,,,,,,0,,,,,2016-07-09
1344035,Baseball Cards 2016 Bowman Chrome Prospects,Yadir Drake [Refractor] #BCP-219,$1.52,,,,,,,,,,,,$1.69,,,,,,1,,,,,2016-07-09
10455960,Baseball Cards 2016 Bowman Chrome Prospects,Yadir Drake [Superfractor] #BCP-219,,,,,,,,,,,,,,,,,,,0,,,,,2016-09-07
1342988,Baseball Cards 2016 Bowman Chrome Prospects,Yeudy Garcia #BCP-156,$1.22,,,,$45.00,,,,,,,,$1.29,,,,,,4,,,,,2016-07-09
1344769,Baseball Cards 2016 Bowman Chrome Prospects,Yeudy Garcia [Black Gold Refractor] #BCP-156,,,,,,,,,,,,,,,,,,,0,,,,,2016-07-09
1343181,Baseball Cards 2016 Bowman Chrome Prospects,Yeudy Garcia [Blue Refractor] #BCP-156,$2.25,,,,,,,,,,,,$2.49,,,,,,0,,,,,2016-07-09
1343281,Baseball Cards 2016 Bowman Chrome Prospects,Yeudy Garcia [Blue Shimmer] #BCP-156,$0.25,,,,,,,,,,,,$0.99,,,,,,0,,,,,2016-07-09
1343381,Baseball Cards 2016 Bowman Chrome Prospects,Yeudy Garcia [Gold Refractor] #BCP-156,$2.20,,,,,,,,,,,,$2.39,,,,,,0,,,,,2016-07-09
1343479,Baseball Cards 2016 Bowman Chrome Prospects,Yeudy Garcia [Green Refractor] #BCP-156,$0.25,,,,,,,,,,,,$0.99,,,,,,0,,,,,2016-07-09
1343575,Baseball Cards 2016 Bowman Chrome Prospects,Yeudy Garcia [Orange Refractor] #BCP-156,$0.99,,,,,,,,,,,,$1.09,,,,,,1,,,,,2016-07-09
1343674,Baseball Cards 2016 Bowman Chrome Prospects,Yeudy Garcia [Orange Shimmer] #BCP-156,$0.25,,,,,,,,,,,,$0.99,,,,,,0,,,,,2016-07-09
10455865,Baseball Cards 2016 Bowman Chrome Prospects,Yeudy Garcia [Printing Plate] #BCP-156,,,,,,,,,,,,,,,,,,,0,,,,,2016-09-07
1343774,Baseball Cards 2016 Bowman Chrome Prospects,Yeudy Garcia [Purple Refractor] #BCP-156,$0.25,,,,,,,,,,,,$0.99,,,,,,0,,,,,2016-07-09
1343874,Baseball Cards 2016 Bowman Chrome Prospects,Yeudy Garcia [Red Refractor] #BCP-156,,,,,,,,,,,,,,,,,,,0,,,,,2016-07-09
1343972,Baseball Cards 2016 Bowman Chrome Prospects,Yeudy Garcia [Refractor] #BCP-156,$1.95,,,,,,,,,,,,$2.19,,,,,,1,,,,,2016-07-09
10455866,Baseball Cards 2016 Bowman Chrome Prospects,Yeudy Garcia [Superfractor] #BCP-156,,,,,,,,,,,,,,,,,,,0,,,,,2016-09-07
1354313,Baseball Cards 2016 Bowman Chrome Prospects,Yoan Lopez #BCP-144,$1.34,,,,,,,,,,,,$1.49,,,,,,1,,,,,2016-07-09
1354463,Baseball Cards 2016 Bowman Chrome Prospects,Yoan Lopez [Blue Refractor] #BCP-144,$0.25,,,,,,,,,,,,$0.99,,,,,,0,,,,,2016-07-09
1354613,Baseball Cards 2016 Bowman Chrome Prospects,Yoan Lopez [Gold Refractor] #BCP-144,$1.99,,,,,,,,,,,,$2.19,,,,,,1,,,,,2016-07-09
1354763,Baseball Cards 2016 Bowman Chrome Prospects,Yoan Lopez [Green Refractor] #BCP-144,$3.99,,,,,,,,,,,$0.90,$4.39,,,,,,0,,,,,2016-07-09
1354913,Baseball Cards 2016 Bowman Chrome Prospects,Yoan Lopez [Green Shimmer Refractor] #BCP-144,$0.25,,,,,,,,,,,,$0.99,,,,,,0,,,,,2016-07-09
1355063,Baseball Cards 2016 Bowman Chrome Prospects,Yoan Lopez [Light Blue Refractor] #BCP-144,,,,,,,,,,,,,,,,,,,0,,,,,2016-07-09
1355213,Baseball Cards 2016 Bowman Chrome Prospects,Yoan Lopez [Orange Refractor] #BCP-144,$8.29,,,,,,,,,,,$1.80,$9.09,,,,,,0,,,,,2016-07-09
1355362,Baseball Cards 2016 Bowman Chrome Prospects,Yoan Lopez [Orange Shimmer Refractor] #BCP-144,$12.00,,,,,,,,,,,$3.30,$12.99,,,,,,0,,,,,2016-07-09
10455832,Baseball Cards 2016 Bowman Chrome Prospects,Yoan Lopez [Printing Plate] #BCP-144,,,,,,,,,,,,,,,,,,,0,,,,,2016-09-07
1355507,Baseball Cards 2016 Bowman Chrome Prospects,Yoan Lopez [Purple Refractor] #BCP-144,$1.69,,,,,,,,,,,,$1.89,,,,,,1,,,,,2016-07-09
1355656,Baseball Cards 2016 Bowman Chrome Prospects,Yoan Lopez [Red Refractor] #BCP-144,$1.31,,,,,,,,,,,,$1.39,,,,,,1,,,,,2016-07-09
1355806,Baseball Cards 2016 Bowman Chrome Prospects,Yoan Lopez [Refractor] #BCP-144,$1.44,,,,,,,,,,,,$1.59,,,,,,1,,,,,2016-07-09
10455833,Baseball Cards 2016 Bowman Chrome Prospects,Yoan Lopez [Superfractor] #BCP-144,,,,,,,,,,,,,,,,,,,0,,,,,2016-09-07
1354317,Baseball Cards 2016 Bowman Chrome Prospects,Yoan Moncada #BCP-148,$2.08,,$2.32,$3.00,$3.00,$16.48,$21.00,$10.00,$10.00,,,,$2.29,,,,$2.59,,20,,,,,2016-07-09
1354467,Baseball Cards 2016 Bowman Chrome Prospects,Yoan Moncada [Blue Refractor] #BCP-148,$9.63,,,,,$22.50,$29.00,$14.00,$14.00,,,$2.80,$10.99,,,,,,2,,,,,2016-07-09
1354617,Baseball Cards 2016 Bowman Chrome Prospects,Yoan Moncada [Gold Refractor] #BCP-148,$10.75,,,,$50.00,,,,,,,$3.00,$11.99,,,,,,4,,,,,2016-07-09
1354767,Baseball Cards 2016 Bowman Chrome Prospects,Yoan Moncada [Green Refractor] #BCP-148,$0.99,,,$15.50,$17.00,,,,,,,,$1.09,,,,,,2,,,,,2016-07-09
1354917,Baseball Cards 2016 Bowman Chrome Prospects,Yoan Moncada [Green Shimmer Refractor] #BCP-148,$8.21,,,$11.97,$13.00,,,,,,,$1.80,$8.99,,,,,,2,,,,,2016-07-09
1355067,Baseball Cards 2016 Bowman Chrome Prospects,Yoan Moncada [Light Blue Refractor] #BCP-148,,,,,,,,,,,,,,,,,,,0,,,,,2016-07-09
1355217,Baseball Cards 2016 Bowman Chrome Prospects,Yoan Moncada [Orange Refractor] #BCP-148,$10.00,,,,,,,,,,,$2.80,$10.99,,,,,,1,,,,,2016-07-09
1355366,Baseball Cards 2016 Bowman Chrome Prospects,Yoan Moncada [Orange Shimmer Refractor] #BCP-148,$99.99,,,,,,,,,,,$55.00,$110.00,,,,,,0,,,,,2016-07-09
10455841,Baseball Cards 2016 Bowman Chrome Prospects,Yoan Moncada [Printing Plate] #BCP-148,$25.00,,,,,,,,,,,$8.40,$27.99,,,,,,1,,,,,2016-09-07
1355511,Baseball Cards 2016 Bowman Chrome Prospects,Yoan Moncada [Purple Refractor] #BCP-148,$11.50,,,,,,,,,,,$3.30,$12.99,,,,,,1,,,,,2016-07-09
1355660,Baseball Cards 2016 Bowman Chrome Prospects,Yoan Moncada [Red Refractor] #BCP-148,$2.75,,,,,,,,,,,,$2.99,,,,,,1,,,,,2016-07-09
1355810,Baseball Cards 2016 Bowman Chrome Prospects,Yoan Moncada [Refractor] #BCP-148,$17.99,,,,$1.29,,,,,,,$5.00,$19.99,,,,,,1,,,,,2016-07-09
10455842,Baseball Cards 2016 Bowman Chrome Prospects,Yoan Moncada [Superfractor] #BCP-148,,,,,$549.99,,,,,,,,,,,,,,1,,,,,2016-09-07
1343030,Baseball Cards 2016 Bowman Chrome Prospects,Yohander Mendez #BCP-199,$1.50,,,,,,,,,,,,$1.69,,,,,,2,,,,,2016-07-09
1343124,Baseball Cards 2016 Bowman Chrome Prospects,Yohander Mendez [Black Gold Refractor] #BCP-199,,,,,,,,,,,,,,,,,,,0,,,,,2016-07-09
1343224,Baseball Cards 2016 Bowman Chrome Prospects,Yohander Mendez [Blue Refractor] #BCP-199,$1.46,,,,,,,,,,,,$1.59,,,,,,1,,,,,2016-07-09
1343324,Baseball Cards 2016 Bowman Chrome Prospects,Yohander Mendez [Blue Shimmer] #BCP-199,$1.40,,,,,,,,,,,,$1.49,,,,,,1,,,,,2016-07-09
1343424,Baseball Cards 2016 Bowman Chrome Prospects,Yohander Mendez [Gold Refractor] #BCP-199,$4.41,,$8.47,$14.45,$26.09,$35.86,$47.00,$22.00,$22.00,,,$1.00,$4.89,,,$1.90,$9.29,,6,,,,,2016-07-09
1343520,Baseball Cards 2016 Bowman Chrome Prospects,Yohander Mendez [Green Refractor] #BCP-199,$1.69,,,,,,,,,,,,$1.89,,,,,,1,,,,,2016-07-09
1343618,Baseball Cards 2016 Bowman Chrome Prospects,Yohander Mendez [Orange Refractor] #BCP-199,$12.00,,,,,,,,,,,$3.30,$12.99,,,,,,0,,,,,2016-07-09
1343717,Baseball Cards 2016 Bowman Chrome Prospects,Yohander Mendez [Orange Shimmer] #BCP-199,$1.23,,,,,,,,,,,,$1.39,,,,,,1,,,,,2016-07-09
10456018,Baseball Cards 2016 Bowman Chrome Prospects,Yohander Mendez [Printing Plate] #BCP-199,,,,,,,,,,,,,,,,,,,0,,,,,2016-09-07
1343817,Baseball Cards 2016 Bowman Chrome Prospects,Yohander Mendez [Purple Refractor] #BCP-199,$2.84,,,,,,,,,,,,$3.09,,,,,,1,,,,,2016-07-09
1343916,Baseball Cards 2016 Bowman Chrome Prospects,Yohander Mendez [Red Refractor] #BCP-199,,,,,,,,,,,,,,,,,,,0,,,,,2016-07-09
1344015,Baseball Cards 2016 Bowman Chrome Prospects,Yohander Mendez [Refractor] #BCP-199,$0.25,,,,,,,,,,,,$0.99,,,,,,0,,,,,2016-07-09
10456020,Baseball Cards 2016 Bowman Chrome Prospects,Yohander Mendez [Superfractor] #BCP-199,,,,,,,,,,,,,,,,,,,0,,,,,2016-09-07
1343047,Baseball Cards 2016 Bowman Chrome Prospects,Zach Eflin #BCP-217,$1.37,,,,,,,,,,,,$1.49,,,,,,5,,,,,2016-07-09
1343142,Baseball Cards 2016 Bowman Chrome Prospects,Zach Eflin [Black Gold Refractor] #BCP-217,,,,,,,,,,,,,,,,,,,0,,,,,2016-07-09
1343242,Baseball Cards 2016 Bowman Chrome Prospects,Zach Eflin [Blue Refractor] #BCP-217,$4.05,,,,,,,,,,,$0.90,$4.49,,,,,,1,,,,,2016-07-09
1343342,Baseball Cards 2016 Bowman Chrome Prospects,Zach Eflin [Blue Shimmer] #BCP-217,$4.00,,,,,,,,,,,$0.90,$4.39,,,,,,1,,,,,2016-07-09
1343441,Baseball Cards 2016 Bowman Chrome Prospects,Zach Eflin [Gold Refractor] #BCP-217,$4.55,,,,,,,,,,,$1.00,$4.99,,,,,,1,,,,,2016-07-09
1343538,Baseball Cards 2016 Bowman Chrome Prospects,Zach Eflin [Green Refractor] #BCP-217,$7.99,,,,,$10.50,$14.00,$6.00,$6.00,,,$1.80,$8.79,,,,,,2,,,,,2016-07-09
1343636,Baseball Cards 2016 Bowman Chrome Prospects,Zach Eflin [Orange Refractor] #BCP-217,,,,,,,,,,,,,,,,,,,0,,,,,2016-07-09
1343735,Baseball Cards 2016 Bowman Chrome Prospects,Zach Eflin [Orange Shimmer] #BCP-217,$2.35,,,,,,,,,,,,$2.59,,,,,,1,,,,,2016-07-09
10455948,Baseball Cards 2016 Bowman Chrome Prospects,Zach Eflin [Printing Plate] #BCP-217,,,,,,,,,,,,,,,,,,,0,,,,,2016-09-07
1343835,Baseball Cards 2016 Bowman Chrome Prospects,Zach Eflin [Purple Refractor] #BCP-217,$3.56,,,,,,,,,,,$0.80,$3.89,,,,,,3,,,,,2016-07-09
1343933,Baseball Cards 2016 Bowman Chrome Prospects,Zach Eflin [Red Refractor] #BCP-217,,,,,,,,,,,,,,,,,,,0,,,,,2016-07-09
1344033,Baseball Cards 2016 Bowman Chrome Prospects,Zach Eflin [Refractor] #BCP-217,$2.49,,,,,,,,,,,,$2.69,,,,,,1,,,,,2016-07-09
10455950,Baseball Cards 2016 Bowman Chrome Prospects,Zach Eflin [Superfractor] #BCP-217,,,,,,,,,,,,,,,,,,,0,,,,,2016-09-07
1343054,Baseball Cards 2016 Bowman Chrome Prospects,Zack Erwin #BCP-223,$0.99,,,,,,,,,,,,$1.09,,,,,,1,,,,,2016-07-09
1343148,Baseball Cards 2016 Bowman Chrome Prospects,Zack Erwin [Black Gold Refractor] #BCP-223,,,,,,,,,,,,,,,,,,,0,,,,,2016-07-09
1343248,Baseball Cards 2016 Bowman Chrome Prospects,Zack Erwin [Blue Refractor] #BCP-223,$0.99,,,,,,,,,,,,$1.09,,,,,,1,,,,,2016-07-09
1343348,Baseball Cards 2016 Bowman Chrome Prospects,Zack Erwin [Blue Shimmer] #BCP-223,$0.25,,,,,,,,,,,,$0.99,,,,,,0,,,,,2016-07-09
1343447,Baseball Cards 2016 Bowman Chrome Prospects,Zack Erwin [Gold Refractor] #BCP-223,$13.42,,,,,,,,,,,$3.80,$14.99,,,,,,0,,,,,2016-07-09
1343544,Baseball Cards 2016 Bowman Chrome Prospects,Zack Erwin [Green Refractor] #BCP-223,$4.84,,,,,,,,,,,$1.10,$5.29,,,,,,0,,,,,2016-07-09
1343642,Baseball Cards 2016 Bowman Chrome Prospects,Zack Erwin [Orange Refractor] #BCP-223,$6.99,,,,,,,,,,,$1.50,$7.69,,,,,,0,,,,,2016-07-09
1343741,Baseball Cards 2016 Bowman Chrome Prospects,Zack Erwin [Orange Shimmer] #BCP-223,$0.25,,,,,,,,,,,,$0.99,,,,,,0,,,,,2016-07-09
10455972,Baseball Cards 2016 Bowman Chrome Prospects,Zack Erwin [Printing Plate] #BCP-223,,,,,,,,,,,,,,,,,,,0,,,,,2016-09-07
1343841,Baseball Cards 2016 Bowman Chrome Prospects,Zack Erwin [Purple Refractor] #BCP-223,$2.49,,,,,,,,,,,,$2.69,,,,,,0,,,,,2016-07-09
1343939,Baseball Cards 2016 Bowman Chrome Prospects,Zack Erwin [Red Refractor] #BCP-223,,,,,,,,,,,,,,,,,,,0,,,,,2016-07-09
1344039,Baseball Cards 2016 Bowman Chrome Prospects,Zack Erwin [Refractor] #BCP-223,$3.00,,,,,,,,,,,,$3.29,,,,,,1,,,,,2016-07-09
10456051,Baseball Cards 2016 Bowman Chrome Prospects,Zack Erwin [Superfractor] #BCP-223,,,,,,,,,,,,,,,,,,,0,,,,,2016-09-07
