id,console-name,product-name,loose-price,cib-price,new-price,graded-price,box-only-price,manual-only-price,bgs-10-price,condition-17-price,condition-18-price,gamestop-price,gamestop-trade-price,retail-loose-buy,retail-loose-sell,retail-cib-buy,retail-cib-sell,retail-new-buy,retail-new-sell,upc,sales-volume,genre,tcg-id,asin,epid,release-date
8134977,Baseball Cards 2017 Bowman Draft Chrome,A.J. Puckett #BDC130,$0.25,,,,,,,,,,,,$0.99,,,,,,0,,,,,2017-06-01
8134978,Baseball Cards 2017 Bowman Draft Chrome,A.J. Puckett [70th Refractor] #BDC130,$1.24,,,,,,,,,,,,$1.39,,,,,,1,,,,,2017-06-01
8134981,Baseball Cards 2017 Bowman Draft Chrome,A.J. Puckett [Blue Refractor] #BDC130,,,,,,,,,,,,,,,,,,,0,,,,,2017-06-01
8134983,Baseball Cards 2017 Bowman Draft Chrome,A.J. Puckett [Gold Refractor] #BDC130,$3.39,,,,,,,,,,,,$3.69,,,,,,0,,,,,2017-06-01
1404395,Baseball Cards 2017 Bowman Draft Chrome,A.J. Puckett [Green Refractor] #BDC130,$3.26,,,,,,,,,,,,$3.59,,,,,,1,,,,,2017-06-01
8134986,Baseball Cards 2017 Bowman Draft Chrome,A.J. Puckett [Orange Refractor] #BDC130,$4.28,,,,,,,,,,,$0.90,$4.69,,,,,,0,,,,,2017-06-01
8134980,Baseball Cards 2017 Bowman Draft Chrome,A.J. Puckett [Purple Refractor] #BDC130,$1.09,,$5.81,$11.04,$21.46,$31.24,$41.00,$19.00,$19.00,,,,$1.19,,,$1.30,$6.39,,156,,,,,2017-06-01
8134984,Baseball Cards 2017 Bowman Draft Chrome,A.J. Puckett [Red Refractor] #BDC130,,,,,,,,,,,,,,,,,,,0,,,,,2017-06-01
1404396,Baseball Cards 2017 Bowman Draft Chrome,A.J. Puckett [Sky Blue Refractor] #BDC130,$0.25,,,,,,,,,,,,$0.99,,,,,,0,,,,,2017-06-01
8134985,Baseball Cards 2017 Bowman Draft Chrome,A.J. Puckett [SuperFractor] #BDC130,,,,,,,,,,,,,,,,,,,0,,,,,2017-06-01
8134157,Baseball Cards 2017 Bowman Draft Chrome,A.J. Puk #BDC47,$0.25,,,,,,,,,,,,$0.99,,,,,,0,,,,,2017-06-01
1404016,Baseball Cards 2017 Bowman Draft Chrome,A.J. Puk [70th Refractor] #BDC47,,,,,,,,,,,,,,,,,,,0,,,,,2017-06-01
1404015,Baseball Cards 2017 Bowman Draft Chrome,A.J. Puk [Blue Refractor] #BDC47,$0.25,,,,,,,,,,,,$0.99,,,,,,0,,,,,2017-06-01
8134163,Baseball Cards 2017 Bowman Draft Chrome,A.J. Puk [Gold Refractor] #BDC47,$1.00,,,,,,,,,,,,$1.09,,,,,,1,,,,,2017-06-01
1404017,Baseball Cards 2017 Bowman Draft Chrome,A.J. Puk [Green Refractor] #BDC47,$3.65,,,,,,,,,,,$0.80,$3.99,,,,,,2,,,,,2017-06-01
8134164,Baseball Cards 2017 Bowman Draft Chrome,A.J. Puk [Orange Refractor] #BDC47,$11.18,,,,,,,,,,,$3.00,$11.99,,,,,,1,,,,,2017-06-01
8134160,Baseball Cards 2017 Bowman Draft Chrome,A.J. Puk [Purple Refractor] #BDC47,$0.25,,,,,,,,,,,,$0.99,,,,,,0,,,,,2017-06-01
8134165,Baseball Cards 2017 Bowman Draft Chrome,A.J. Puk [Red Refractor] #BDC47,,,,,,,,,,,,,,,,,,,0,,,,,2017-06-01
1404018,Baseball Cards 2017 Bowman Draft Chrome,A.J. Puk [Refractor] #BDC47,$1.75,,,,,$20.00,$26.00,$12.00,$12.00,,,,$1.89,,,,,,3,,,,,2017-06-01
8134159,Baseball Cards 2017 Bowman Draft Chrome,A.J. Puk [Sky Blue Refractor] #BDC47,$1.53,,$6.19,$11.53,$22.15,$31.82,$41.00,$19.00,$19.00,,,,$1.69,,,$1.40,$6.79,,8,,,,,2017-06-01
8134168,Baseball Cards 2017 Bowman Draft Chrome,A.J. Puk [SuperFractor] #BDC47,,,,,,,,,,,,,,,,,,,0,,,,,2017-06-01
1404052,Baseball Cards 2017 Bowman Draft Chrome,Adam Hall #BDC55,$1.69,,,,,,,,,,,,$1.89,,,,,,3,,,,,2017-06-01
8134237,Baseball Cards 2017 Bowman Draft Chrome,Adam Hall [70th Refractor] #BDC55,$2.27,,,,,,,,,,,,$2.49,,,,,,0,,,,,2017-06-01
8134240,Baseball Cards 2017 Bowman Draft Chrome,Adam Hall [Blue Refractor] #BDC55,$4.85,,,,,,,,,,,$1.10,$5.29,,,,,,0,,,,,2017-06-01
1404053,Baseball Cards 2017 Bowman Draft Chrome,Adam Hall [Gold Refractor] #BDC55,$2.84,,,,,,,,,,,,$3.09,,,,,,0,,,,,2017-06-01
8134241,Baseball Cards 2017 Bowman Draft Chrome,Adam Hall [Green Refractor] #BDC55,$2.27,,,,,,,,,,,,$2.49,,,,,,0,,,,,2017-06-01
1404054,Baseball Cards 2017 Bowman Draft Chrome,Adam Hall [Orange Refractor] #BDC55,$13.19,,,,,,,,,,,$3.80,$14.99,,,,,,0,,,,,2017-06-01
8134239,Baseball Cards 2017 Bowman Draft Chrome,Adam Hall [Purple Refractor] #BDC55,$2.49,,,,,,,,,,,,$2.69,,,,,,0,,,,,2017-06-01
8134244,Baseball Cards 2017 Bowman Draft Chrome,Adam Hall [Red Refractor] #BDC55,,,,,,,,,,,,,,,,,,,0,,,,,2017-06-01
1404055,Baseball Cards 2017 Bowman Draft Chrome,Adam Hall [Refractor] #BDC55,$1.29,,,,,,,,,,,,$1.39,,,,,,2,,,,,2017-06-01
1404056,Baseball Cards 2017 Bowman Draft Chrome,Adam Hall [Sky Blue Refractor] #BDC55,$0.99,,,,,,,,,,,,$1.09,,,,,,1,,,,,2017-06-01
8134245,Baseball Cards 2017 Bowman Draft Chrome,Adam Hall [SuperFractor] #BDC55,,,,,,,,,,,,,,,,,,,0,,,,,2017-06-01
1404324,Baseball Cards 2017 Bowman Draft Chrome,Adam Haseley #BDC115,$1.12,,,,$6.00,$5.84,$8.00,$4.00,$4.00,,,,$1.19,,,,,,4,,,,,2017-06-01
1404326,Baseball Cards 2017 Bowman Draft Chrome,Adam Haseley [70th Refractor] #BDC115,$2.25,,,,,,,,,,,,$2.49,,,,,,0,,,,,2017-06-01
1403609,Baseball Cards 2017 Bowman Draft Chrome,Adam Haseley [Blue Helmet Autograph] #BDC115,,,,$1.99,$2.00,,,,,,,,,,,,,,1,,,,,2017-06-01
1403610,Baseball Cards 2017 Bowman Draft Chrome,Adam Haseley [Blue Helmet Facsimile] #BDC115,,,,,,,,,,,,,,,,,,,0,,,,,2017-06-01
1403608,Baseball Cards 2017 Bowman Draft Chrome,Adam Haseley [Blue Helmet] #BDC115,,,,,,$5.50,$7.00,$3.00,$3.00,,,,,,,,,,1,,,,,2017-06-01
1404325,Baseball Cards 2017 Bowman Draft Chrome,Adam Haseley [Blue Refractor] #BDC115,$4.85,,,,,,,,,,,$1.10,$5.29,,,,,,1,,,,,2017-06-01
1404327,Baseball Cards 2017 Bowman Draft Chrome,Adam Haseley [Gold Refractor] #BDC115,$5.97,,,,,,,,,,,$1.30,$6.59,,,,,,1,,,,,2017-06-01
1404328,Baseball Cards 2017 Bowman Draft Chrome,Adam Haseley [Green Refractor] #BDC115,$2.26,,,,,,,,,,,,$2.49,,,,,,0,,,,,2017-06-01
1404329,Baseball Cards 2017 Bowman Draft Chrome,Adam Haseley [Orange Refractor] #BDC115,,,,,,,,,,,,,,,,,,,0,,,,,2017-06-01
1404330,Baseball Cards 2017 Bowman Draft Chrome,Adam Haseley [Purple Refractor] #BDC115,$1.60,,,,,,,,,,,,$1.79,,,,,,1,,,,,2017-06-01
8134836,Baseball Cards 2017 Bowman Draft Chrome,Adam Haseley [Red Refractor] #BDC115,,,,,,,,,,,,,,,,,,,0,,,,,2017-06-01
1404331,Baseball Cards 2017 Bowman Draft Chrome,Adam Haseley [Refractor] #BDC115,$0.25,,,,,$12.90,$17.00,$8.00,$8.00,,,,$0.99,,,,,,3,,,,,2017-06-01
1404332,Baseball Cards 2017 Bowman Draft Chrome,Adam Haseley [Sky Blue Refractor] #BDC115,$0.25,,,,,,,,,,,,$0.99,,,,,,0,,,,,2017-06-01
8134837,Baseball Cards 2017 Bowman Draft Chrome,Adam Haseley [SuperFractor] #BDC115,,,,,,,,,,,,,,,,,,,0,,,,,2017-06-01
8134305,Baseball Cards 2017 Bowman Draft Chrome,Adonis Medina #BDC62,$0.25,,,,,,,,,,,,$0.99,,,,,,0,,,,,2017-06-01
8134306,Baseball Cards 2017 Bowman Draft Chrome,Adonis Medina [70th Refractor] #BDC62,$0.25,,,,,,,,,,,,$0.99,,,,,,0,,,,,2017-06-01
8134309,Baseball Cards 2017 Bowman Draft Chrome,Adonis Medina [Blue Refractor] #BDC62,$2.48,,,,,,,,,,,,$2.69,,,,,,0,,,,,2017-06-01
8134311,Baseball Cards 2017 Bowman Draft Chrome,Adonis Medina [Gold Refractor] #BDC62,,,,,,,,,,,,,,,,,,,0,,,,,2017-06-01
8134310,Baseball Cards 2017 Bowman Draft Chrome,Adonis Medina [Green Refractor] #BDC62,$2.68,,,,,,,,,,,,$2.99,,,,,,0,,,,,2017-06-01
1404099,Baseball Cards 2017 Bowman Draft Chrome,Adonis Medina [Orange Refractor] #BDC62,,,,,,,,,,,,,,,,,,,0,,,,,2017-06-01
8134308,Baseball Cards 2017 Bowman Draft Chrome,Adonis Medina [Purple Refractor] #BDC62,$0.25,,,,,,,,,,,,$0.99,,,,,,0,,,,,2017-06-01
8134313,Baseball Cards 2017 Bowman Draft Chrome,Adonis Medina [Red Refractor] #BDC62,,,,,,,,,,,,,,,,,,,0,,,,,2017-06-01
1404100,Baseball Cards 2017 Bowman Draft Chrome,Adonis Medina [Refractor] #BDC62,$1.12,,,,,,,,,,,,$1.19,,,,,,1,,,,,2017-06-01
8134307,Baseball Cards 2017 Bowman Draft Chrome,Adonis Medina [Sky Blue Refractor] #BDC62,$1.60,,,,,,,,,,,,$1.79,,,,,,1,,,,,2017-06-01
8134314,Baseball Cards 2017 Bowman Draft Chrome,Adonis Medina [SuperFractor] #BDC62,,,,,,,,,,,,,,,,,,,0,,,,,2017-06-01
8133925,Baseball Cards 2017 Bowman Draft Chrome,Alec Hansen #BDC23,$0.25,,,,,,,,,,,,$0.99,,,,,,0,,,,,2017-06-01
1403873,Baseball Cards 2017 Bowman Draft Chrome,Alec Hansen [70th Refractor] #BDC23,,,,,,,,,,,,,,,,,,,0,,,,,2017-06-01
1403872,Baseball Cards 2017 Bowman Draft Chrome,Alec Hansen [Blue Refractor] #BDC23,$0.25,,,,,,,,,,,,$0.99,,,,,,0,,,,,2017-06-01
8133931,Baseball Cards 2017 Bowman Draft Chrome,Alec Hansen [Gold Refractor] #BDC23,$3.99,,,,,,,,,,,$0.90,$4.39,,,,,,0,,,,,2017-06-01
8133929,Baseball Cards 2017 Bowman Draft Chrome,Alec Hansen [Green Refractor] #BDC23,,,,,,,,,,,,,,,,,,,0,,,,,2017-06-01
8133932,Baseball Cards 2017 Bowman Draft Chrome,Alec Hansen [Orange Refractor] #BDC23,,,,,,,,,,,,,,,,,,,0,,,,,2017-06-01
1403874,Baseball Cards 2017 Bowman Draft Chrome,Alec Hansen [Purple Refractor] #BDC23,$0.25,,,,,,,,,,,,$0.99,,,,,,0,,,,,2017-06-01
8133933,Baseball Cards 2017 Bowman Draft Chrome,Alec Hansen [Red Refractor] #BDC23,,,,,,,,,,,,,,,,,,,0,,,,,2017-06-01
8133927,Baseball Cards 2017 Bowman Draft Chrome,Alec Hansen [Sky Blue Refractor] #BDC23,$0.25,,,,,,,,,,,,$0.99,,,,,,0,,,,,2017-06-01
8133934,Baseball Cards 2017 Bowman Draft Chrome,Alec Hansen [SuperFractor] #BDC23,,,,,,,,,,,,,,,,,,,0,,,,,2017-06-01
1403839,Baseball Cards 2017 Bowman Draft Chrome,Alex Faedo #BDC15,$1.99,,,,,,,,,,,,$2.19,,,,,,3,,,,,2017-06-01
8133848,Baseball Cards 2017 Bowman Draft Chrome,Alex Faedo [70th Refractor] #BDC15,$3.42,,,,,,,,,,,$0.80,$3.79,,,,,,0,,,,,2017-06-01
1403840,Baseball Cards 2017 Bowman Draft Chrome,Alex Faedo [Blue Refractor] #BDC15,$2.70,,,,,,,,,,,,$2.99,,,,,,1,,,,,2017-06-01
1403841,Baseball Cards 2017 Bowman Draft Chrome,Alex Faedo [Gold Refractor] #BDC15,$8.79,,,,,,,,,,,$1.90,$9.69,,,,,,1,,,,,2017-06-01
1403842,Baseball Cards 2017 Bowman Draft Chrome,Alex Faedo [Green Refractor] #BDC15,$29.99,,,,,,,,,,,$9.90,$32.99,,,,,,0,,,,,2017-06-01
1403843,Baseball Cards 2017 Bowman Draft Chrome,Alex Faedo [Orange Refractor] #BDC15,$51.14,,,,,,,,,,,$22.40,$55.99,,,,,,0,,,,,2017-06-01
1403844,Baseball Cards 2017 Bowman Draft Chrome,Alex Faedo [Purple Refractor] #BDC15,$2.54,,,,,,,,,,,,$2.79,,,,,,0,,,,,2017-06-01
1403845,Baseball Cards 2017 Bowman Draft Chrome,Alex Faedo [Red Refractor] #BDC15,,,,,,,,,,,,,,,,,,,0,,,,,2017-06-01
1403846,Baseball Cards 2017 Bowman Draft Chrome,Alex Faedo [Refractor] #BDC15,$1.99,,,,,,,,,,,,$2.19,,,,,,3,,,,,2017-06-01
1403847,Baseball Cards 2017 Bowman Draft Chrome,Alex Faedo [Sky Blue Refractor] #BDC15,$2.95,,,,,,,,,,,,$3.29,,,,,,1,,,,,2017-06-01
8133856,Baseball Cards 2017 Bowman Draft Chrome,Alex Faedo [SuperFractor] #BDC15,,,,,,,,,,,,,,,,,,,0,,,,,2017-06-01
8134011,Baseball Cards 2017 Bowman Draft Chrome,Alex Lange #BDC32,$2.22,,,,,,,,,,,,$2.39,,,,,,2,,,,,2017-06-01
8134012,Baseball Cards 2017 Bowman Draft Chrome,Alex Lange [70th Refractor] #BDC32,,,,,,,,,,,,,,,,,,,0,,,,,2017-06-01
8134016,Baseball Cards 2017 Bowman Draft Chrome,Alex Lange [Blue Refractor] #BDC32,,,,,,,,,,,,,,,,,,,0,,,,,2017-06-01
8134018,Baseball Cards 2017 Bowman Draft Chrome,Alex Lange [Gold Refractor] #BDC32,,,,,,,,,,,,,,,,,,,0,,,,,2017-06-01
1403910,Baseball Cards 2017 Bowman Draft Chrome,Alex Lange [Green Refractor] #BDC32,$8.99,,,,,,,,,,,$2.00,$9.89,,,,,,1,,,,,2017-06-01
1403911,Baseball Cards 2017 Bowman Draft Chrome,Alex Lange [Orange Refractor] #BDC32,,,,,,,,,,,,,,,,,,,0,,,,,2017-06-01
1403912,Baseball Cards 2017 Bowman Draft Chrome,Alex Lange [Purple Refractor] #BDC32,$5.09,,$8.95,$15.08,$27.15,$36.07,$47.00,$22.00,$22.00,,,$1.10,$5.59,,,$2.00,$9.89,,7,,,,,2017-06-01
8134019,Baseball Cards 2017 Bowman Draft Chrome,Alex Lange [Red Refractor] #BDC32,,,,,,,,,,,,,,,,,,,0,,,,,2017-06-01
1403913,Baseball Cards 2017 Bowman Draft Chrome,Alex Lange [Refractor] #BDC32,$1.26,,,,,,,,,,,,$1.39,,,,,,4,,,,,2017-06-01
8134013,Baseball Cards 2017 Bowman Draft Chrome,Alex Lange [Sky Blue Refractor] #BDC32,$1.47,,,,,,,,,,,,$1.59,,,,,,1,,,,,2017-06-01
8134020,Baseball Cards 2017 Bowman Draft Chrome,Alex Lange [SuperFractor] #BDC32,,,,,,,,,,,,,,,,,,,0,,,,,2017-06-01
8133791,Baseball Cards 2017 Bowman Draft Chrome,Alex Scherff #BDC9,$0.25,,,,,,,,,,,,$0.99,,,,,,0,,,,,2017-06-01
1403815,Baseball Cards 2017 Bowman Draft Chrome,Alex Scherff [70th Refractor] #BDC9,$2.11,,,,,,,,,,,,$2.29,,,,,,0,,,,,2017-06-01
8133795,Baseball Cards 2017 Bowman Draft Chrome,Alex Scherff [Blue Refractor] #BDC9,$0.25,,,,,,,,,,,,$0.99,,,,,,0,,,,,2017-06-01
1403816,Baseball Cards 2017 Bowman Draft Chrome,Alex Scherff [Gold Refractor] #BDC9,$19.99,,,,,,,,,,,$6.60,$21.99,,,,,,0,,,,,2017-06-01
8133796,Baseball Cards 2017 Bowman Draft Chrome,Alex Scherff [Green Refractor] #BDC9,$0.25,,,,,,,,,,,,$0.99,,,,,,0,,,,,2017-06-01
1403817,Baseball Cards 2017 Bowman Draft Chrome,Alex Scherff [Orange Refractor] #BDC9,$2.01,,,,,,,,,,,,$2.19,,,,,,1,,,,,2017-06-01
8133794,Baseball Cards 2017 Bowman Draft Chrome,Alex Scherff [Purple Refractor] #BDC9,$0.25,,,,,,,,,,,,$0.99,,,,,,0,,,,,2017-06-01
8133799,Baseball Cards 2017 Bowman Draft Chrome,Alex Scherff [Red Refractor] #BDC9,,,,,,,,,,,,,,,,,,,0,,,,,2017-06-01
1403818,Baseball Cards 2017 Bowman Draft Chrome,Alex Scherff [Sky Blue Refractor] #BDC9,$0.25,,,,,,,,,,,,$0.99,,,,,,0,,,,,2017-06-01
8133800,Baseball Cards 2017 Bowman Draft Chrome,Alex Scherff [SuperFractor] #BDC9,,,,,,,,,,,,,,,,,,,0,,,,,2017-06-01
8134383,Baseball Cards 2017 Bowman Draft Chrome,Anderson Espinoza #BDC70,$0.24,,,,,,,,,,,,$0.99,,,,,,1,,,,,2017-06-01
8134384,Baseball Cards 2017 Bowman Draft Chrome,Anderson Espinoza [70th Refractor] #BDC70,$2.27,,,,,,,,,,,,$2.49,,,,,,0,,,,,2017-06-01
8134388,Baseball Cards 2017 Bowman Draft Chrome,Anderson Espinoza [Blue Refractor] #BDC70,$0.25,,,,,,,,,,,,$0.99,,,,,,0,,,,,2017-06-01
1404119,Baseball Cards 2017 Bowman Draft Chrome,Anderson Espinoza [Facing Forward Orange] #BDC70,,,,,,,,,,,,,,,,,,,0,,,,,2017-06-01
1404120,Baseball Cards 2017 Bowman Draft Chrome,Anderson Espinoza [Facing Forward Refractor] #BDC70,,,,,,,,,,,,,,,,,,,0,,,,,2017-06-01
8134390,Baseball Cards 2017 Bowman Draft Chrome,Anderson Espinoza [Gold Refractor] #BDC70,,,,,,,,,,,,,,,,,,,0,,,,,2017-06-01
8134389,Baseball Cards 2017 Bowman Draft Chrome,Anderson Espinoza [Green Refractor] #BDC70,$0.25,,,,,,,,,,,,$0.99,,,,,,0,,,,,2017-06-01
8134391,Baseball Cards 2017 Bowman Draft Chrome,Anderson Espinoza [Orange Refractor] #BDC70,$4.85,,,,,,,,,,,$1.10,$5.29,,,,,,0,,,,,2017-06-01
8134387,Baseball Cards 2017 Bowman Draft Chrome,Anderson Espinoza [Purple Refractor] #BDC70,$0.25,,,,,,,,,,,,$0.99,,,,,,0,,,,,2017-06-01
8134392,Baseball Cards 2017 Bowman Draft Chrome,Anderson Espinoza [Red Refractor] #BDC70,,,,,,,,,,,,,,,,,,,0,,,,,2017-06-01
8134386,Baseball Cards 2017 Bowman Draft Chrome,Anderson Espinoza [Sky Blue Refractor] #BDC70,$0.25,,,,,,,,,,,,$0.99,,,,,,0,,,,,2017-06-01
8134393,Baseball Cards 2017 Bowman Draft Chrome,Anderson Espinoza [SuperFractor] #BDC70,,,,,,,,,,,,,,,,,,,0,,,,,2017-06-01
8134848,Baseball Cards 2017 Bowman Draft Chrome,Anderson Tejeda #BDC117,$0.25,,,,,,,,,,,,$0.99,,,,,,0,,,,,2017-06-01
8134849,Baseball Cards 2017 Bowman Draft Chrome,Anderson Tejeda [70th Refractor] #BDC117,,,,,,,,,,,,,,,,,,,0,,,,,2017-06-01
1404340,Baseball Cards 2017 Bowman Draft Chrome,Anderson Tejeda [Blue Refractor] #BDC117,$2.15,,,,,,,,,,,,$2.39,,,,,,0,,,,,2017-06-01
1404341,Baseball Cards 2017 Bowman Draft Chrome,Anderson Tejeda [Gold Refractor] #BDC117,$2.55,,,,,,,,,,,,$2.79,,,,,,0,,,,,2017-06-01
8134853,Baseball Cards 2017 Bowman Draft Chrome,Anderson Tejeda [Green Refractor] #BDC117,$2.97,,,,,,,,,,,,$3.29,,,,,,0,,,,,2017-06-01
8134857,Baseball Cards 2017 Bowman Draft Chrome,Anderson Tejeda [Orange Refractor] #BDC117,,,,,,,,,,,,,,,,,,,0,,,,,2017-06-01
8134851,Baseball Cards 2017 Bowman Draft Chrome,Anderson Tejeda [Purple Refractor] #BDC117,$0.25,,,,,,,,,,,,$0.99,,,,,,0,,,,,2017-06-01
8134855,Baseball Cards 2017 Bowman Draft Chrome,Anderson Tejeda [Red Refractor] #BDC117,,,,,,,,,,,,,,,,,,,0,,,,,2017-06-01
8134850,Baseball Cards 2017 Bowman Draft Chrome,Anderson Tejeda [Sky Blue Refractor] #BDC117,$0.25,,,,,,,,,,,,$0.99,,,,,,0,,,,,2017-06-01
8134856,Baseball Cards 2017 Bowman Draft Chrome,Anderson Tejeda [SuperFractor] #BDC117,,,,,,,,,,,,,,,,,,,0,,,,,2017-06-01
1404297,Baseball Cards 2017 Bowman Draft Chrome,Andy Ibanez #BDC108,$0.25,,,,,,,,,,,,$0.99,,,,,,0,,,,,2017-06-01
8134760,Baseball Cards 2017 Bowman Draft Chrome,Andy Ibanez [70th Refractor] #BDC108,$1.28,,,,,,,,,,,,$1.39,,,,,,1,,,,,2017-06-01
8134763,Baseball Cards 2017 Bowman Draft Chrome,Andy Ibanez [Blue Refractor] #BDC108,$0.25,,,,,,,,,,,,$0.99,,,,,,0,,,,,2017-06-01
1404298,Baseball Cards 2017 Bowman Draft Chrome,Andy Ibanez [Gold Refractor] #BDC108,$9.11,,,,,,,,,,,$2.00,$9.99,,,,,,1,,,,,2017-06-01
8134764,Baseball Cards 2017 Bowman Draft Chrome,Andy Ibanez [Green Refractor] #BDC108,$3.95,,,,,,,,,,,$0.90,$4.39,,,,,,0,,,,,2017-06-01
1404299,Baseball Cards 2017 Bowman Draft Chrome,Andy Ibanez [Orange Refractor] #BDC108,$4.85,,,,,,,,,,,$1.10,$5.29,,,,,,0,,,,,2017-06-01
1404300,Baseball Cards 2017 Bowman Draft Chrome,Andy Ibanez [Purple Refractor] #BDC108,$0.25,,,,,,,,,,,,$0.99,,,,,,0,,,,,2017-06-01
1404301,Baseball Cards 2017 Bowman Draft Chrome,Andy Ibanez [Red Refractor] #BDC108,,,,,,,,,,,,,,,,,,,0,,,,,2017-06-01
1404302,Baseball Cards 2017 Bowman Draft Chrome,Andy Ibanez [Refractor] #BDC108,$1.79,,,,,,,,,,,,$1.99,,,,,,2,,,,,2017-06-01
8134761,Baseball Cards 2017 Bowman Draft Chrome,Andy Ibanez [Sky Blue Refractor] #BDC108,$1.45,,$6.12,$11.45,$22.04,$31.73,$41.00,$19.00,$19.00,,,,$1.59,,,$1.30,$6.69,,25,,,,,2017-06-01
8134768,Baseball Cards 2017 Bowman Draft Chrome,Andy Ibanez [SuperFractor] #BDC108,,,,,,,,,,,,,,,,,,,0,,,,,2017-06-01
8134669,Baseball Cards 2017 Bowman Draft Chrome,Anfernee Grier #BDC99,$0.06,,,,,,,,,,,,$0.99,,,,,,1,,,,,2017-06-01
8134670,Baseball Cards 2017 Bowman Draft Chrome,Anfernee Grier [70th Refractor] #BDC99,$0.25,,,,,,,,,,,,$0.99,,,,,,0,,,,,2017-06-01
8134673,Baseball Cards 2017 Bowman Draft Chrome,Anfernee Grier [Blue Refractor] #BDC99,$0.25,,,,,,,,,,,,$0.99,,,,,,0,,,,,2017-06-01
1404272,Baseball Cards 2017 Bowman Draft Chrome,Anfernee Grier [Gold Refractor] #BDC99,$0.25,,,,,,,,,,,,$0.99,,,,,,0,,,,,2017-06-01
8134674,Baseball Cards 2017 Bowman Draft Chrome,Anfernee Grier [Green Refractor] #BDC99,$0.25,,,,,,,,,,,,$0.99,,,,,,0,,,,,2017-06-01
8134676,Baseball Cards 2017 Bowman Draft Chrome,Anfernee Grier [Orange Refractor] #BDC99,,,,,,,,,,,,,,,,,,,0,,,,,2017-06-01
8134672,Baseball Cards 2017 Bowman Draft Chrome,Anfernee Grier [Purple Refractor] #BDC99,$0.25,,,,,,,,,,,,$0.99,,,,,,0,,,,,2017-06-01
8134677,Baseball Cards 2017 Bowman Draft Chrome,Anfernee Grier [Red Refractor] #BDC99,,,,,,,,,,,,,,,,,,,0,,,,,2017-06-01
8134671,Baseball Cards 2017 Bowman Draft Chrome,Anfernee Grier [Sky Blue Refractor] #BDC99,$3.79,,,,,,,,,,,$0.80,$4.19,,,,,,0,,,,,2017-06-01
8134678,Baseball Cards 2017 Bowman Draft Chrome,Anfernee Grier [SuperFractor] #BDC99,,,,,,,,,,,,,,,,,,,0,,,,,2017-06-01
8134958,Baseball Cards 2017 Bowman Draft Chrome,Angel Perdomo #BDC128,$0.26,,,,,,,,,,,,$0.99,,,,,,1,,,,,2017-06-01
8134957,Baseball Cards 2017 Bowman Draft Chrome,Angel Perdomo [70th Refractor] #BDC128,$1.23,,$5.95,$11.23,$21.73,$31.47,$41.00,$19.00,$19.00,,,,$1.39,,,$1.30,$6.59,,17,,,,,2017-06-01
8134961,Baseball Cards 2017 Bowman Draft Chrome,Angel Perdomo [Blue Refractor] #BDC128,,,,,,,,,,,,,,,,,,,0,,,,,2017-06-01
8134963,Baseball Cards 2017 Bowman Draft Chrome,Angel Perdomo [Gold Refractor] #BDC128,,,,,,,,,,,,,,,,,,,0,,,,,2017-06-01
1404389,Baseball Cards 2017 Bowman Draft Chrome,Angel Perdomo [Green Refractor] #BDC128,$0.25,,,,,,,,,,,,$0.99,,,,,,0,,,,,2017-06-01
1404390,Baseball Cards 2017 Bowman Draft Chrome,Angel Perdomo [Orange Refractor] #BDC128,$2.58,,,,,,,,,,,,$2.79,,,,,,3,,,,,2017-06-01
8134960,Baseball Cards 2017 Bowman Draft Chrome,Angel Perdomo [Purple Refractor] #BDC128,$1.11,,$5.86,$11.11,$21.56,$31.32,$41.00,$19.00,$19.00,,,,$1.19,,,$1.30,$6.49,,36,,,,,2017-06-01
8134965,Baseball Cards 2017 Bowman Draft Chrome,Angel Perdomo [Red Refractor] #BDC128,$5.00,,,,,,,,,,,$1.10,$5.49,,,,,,1,,,,,2017-06-01
8134959,Baseball Cards 2017 Bowman Draft Chrome,Angel Perdomo [Sky Blue Refractor] #BDC128,$1.18,,$5.92,$11.18,$21.66,$31.41,$41.00,$19.00,$19.00,,,,$1.29,,,$1.30,$6.49,,16,,,,,2017-06-01
8134966,Baseball Cards 2017 Bowman Draft Chrome,Angel Perdomo [SuperFractor] #BDC128,,,,,,,,,,,,,,,,,,,0,,,,,2017-06-01
8134256,Baseball Cards 2017 Bowman Draft Chrome,Ariel Jurado #BDC57,$0.25,,,,,,,,,,,,$0.99,,,,,,0,,,,,2017-06-01
8134257,Baseball Cards 2017 Bowman Draft Chrome,Ariel Jurado [70th Refractor] #BDC57,$0.25,,,,,,,,,,,,$0.99,,,,,,0,,,,,2017-06-01
8134260,Baseball Cards 2017 Bowman Draft Chrome,Ariel Jurado [Blue Refractor] #BDC57,$0.25,,,,,,,,,,,,$0.99,,,,,,0,,,,,2017-06-01
8134262,Baseball Cards 2017 Bowman Draft Chrome,Ariel Jurado [Gold Refractor] #BDC57,$3.57,,,,,,,,,,,$0.80,$3.89,,,,,,0,,,,,2017-06-01
8134261,Baseball Cards 2017 Bowman Draft Chrome,Ariel Jurado [Green Refractor] #BDC57,$0.25,,,,,,,,,,,,$0.99,,,,,,0,,,,,2017-06-01
8134263,Baseball Cards 2017 Bowman Draft Chrome,Ariel Jurado [Orange Refractor] #BDC57,,,,,,,,,,,,,,,,,,,0,,,,,2017-06-01
8134259,Baseball Cards 2017 Bowman Draft Chrome,Ariel Jurado [Purple Refractor] #BDC57,$0.25,,,,,,,,,,,,$0.99,,,,,,0,,,,,2017-06-01
8134264,Baseball Cards 2017 Bowman Draft Chrome,Ariel Jurado [Red Refractor] #BDC57,,,,,,,,,,,,,,,,,,,0,,,,,2017-06-01
8134258,Baseball Cards 2017 Bowman Draft Chrome,Ariel Jurado [Sky Blue Refractor] #BDC57,$0.25,,,,,,,,,,,,$0.99,,,,,,0,,,,,2017-06-01
8134265,Baseball Cards 2017 Bowman Draft Chrome,Ariel Jurado [SuperFractor] #BDC57,,,,,,,,,,,,,,,,,,,0,,,,,2017-06-01
1404083,Baseball Cards 2017 Bowman Draft Chrome,Austin Beck #BDC60,$1.84,,,,,$8.00,$10.00,$5.00,$5.00,,,,$1.99,,,,,,2,,,,,2017-06-01
1404085,Baseball Cards 2017 Bowman Draft Chrome,Austin Beck [70th Refractor] #BDC60,$14.40,,,,,,,,,,,$4.00,$15.99,,,,,,0,,,,,2017-06-01
1404084,Baseball Cards 2017 Bowman Draft Chrome,Austin Beck [Blue Refractor] #BDC60,$0.99,,,,,,,,,,,,$1.09,,,,,,1,,,,,2017-06-01
1404086,Baseball Cards 2017 Bowman Draft Chrome,Austin Beck [Gold Refractor] #BDC60,$9.73,,,,,,,,,,,$2.80,$10.99,,,,,,0,,,,,2017-06-01
1404087,Baseball Cards 2017 Bowman Draft Chrome,Austin Beck [Green Refractor] #BDC60,$3.99,,,,,,,,,,,$0.90,$4.39,,,,,,0,,,,,2017-06-01
1403492,Baseball Cards 2017 Bowman Draft Chrome,Austin Beck [Holding Bat Autograph] #BDC60,,,,,,,,,,,,,,,,,,,0,,,,,2017-06-01
1403493,Baseball Cards 2017 Bowman Draft Chrome,Austin Beck [Holding Bat Facsimile] #BDC60,,,,,,,,,,,,,,,,,,,0,,,,,2017-06-01
1403491,Baseball Cards 2017 Bowman Draft Chrome,Austin Beck [Holding Bat] #BDC60,,,,,,,,,,,,,,,,,,,0,,,,,2017-06-01
1404088,Baseball Cards 2017 Bowman Draft Chrome,Austin Beck [Orange Refractor] #BDC60,$34.99,,,,,,,,,,,$15.20,$37.99,,,,,,0,,,,,2017-06-01
1404089,Baseball Cards 2017 Bowman Draft Chrome,Austin Beck [Purple Refractor] #BDC60,$0.25,,,,,,,,,,,,$0.99,,,,,,0,,,,,2017-06-01
1404090,Baseball Cards 2017 Bowman Draft Chrome,Austin Beck [Red Refractor] #BDC60,,,,,,,,,,,,,,,,,,,0,,,,,2017-06-01
1404091,Baseball Cards 2017 Bowman Draft Chrome,Austin Beck [Refractor] #BDC60,$1.08,,,$2.13,$2.00,$8.50,$11.00,$5.00,$5.00,,,,$1.19,,,,,,5,,,,,2017-06-01
1404092,Baseball Cards 2017 Bowman Draft Chrome,Austin Beck [Sky Blue Refractor] #BDC60,$0.25,,,,,,,,,,,,$0.99,,,,,,0,,,,,2017-06-01
8134294,Baseball Cards 2017 Bowman Draft Chrome,Austin Beck [SuperFractor] #BDC60,,,,,,,,,,,,,,,,,,,0,,,,,2017-06-01
1404480,Baseball Cards 2017 Bowman Draft Chrome,Blake Hunt #BDC145,$2.93,,$7.27,$12.92,$24.11,$33.50,$44.00,$20.00,$20.00,,,,$3.19,,,$1.60,$7.99,,5,,,,,2017-06-01
1404474,Baseball Cards 2017 Bowman Draft Chrome,Blake Hunt [70th Refractor] #BDC145,$3.42,,,,,,,,,,,$0.80,$3.79,,,,,,0,,,,,2017-06-01
8135124,Baseball Cards 2017 Bowman Draft Chrome,Blake Hunt [Blue Refractor] #BDC145,$3.93,,,,,,,,,,,$0.90,$4.29,,,,,,4,,,,,2017-06-01
1404475,Baseball Cards 2017 Bowman Draft Chrome,Blake Hunt [Gold Refractor] #BDC145,$5.89,,,,,,,,,,,$1.30,$6.49,,,,,,2,,,,,2017-06-01
8135125,Baseball Cards 2017 Bowman Draft Chrome,Blake Hunt [Green Refractor] #BDC145,$6.99,,$10.42,$16.97,$29.81,$38.34,$50.00,$23.00,$23.00,,,$1.50,$7.69,,,$2.80,$10.99,,6,,,,,2017-06-01
1404476,Baseball Cards 2017 Bowman Draft Chrome,Blake Hunt [Orange Refractor] #BDC145,,,,,,,,,,,,,,,,,,,0,,,,,2017-06-01
1404477,Baseball Cards 2017 Bowman Draft Chrome,Blake Hunt [Purple Refractor] #BDC145,$2.42,,,,,,,,,,,,$2.69,,,,,,4,,,,,2017-06-01
8135129,Baseball Cards 2017 Bowman Draft Chrome,Blake Hunt [Red Refractor] #BDC145,$29.33,,,,,,,,,,,$9.60,$31.99,,,,,,1,,,,,2017-06-01
1404478,Baseball Cards 2017 Bowman Draft Chrome,Blake Hunt [Refractor] #BDC145,$1.50,,$6.16,$11.50,$22.10,$31.79,$41.00,$19.00,$19.00,,,,$1.69,,,$1.40,$6.79,,7,,,,,2017-06-01
1404479,Baseball Cards 2017 Bowman Draft Chrome,Blake Hunt [Sky Blue Refractor] #BDC145,$1.39,,,,,,,,,,,,$1.49,,,,,,3,,,,,2017-06-01
8135130,Baseball Cards 2017 Bowman Draft Chrome,Blake Hunt [SuperFractor] #BDC145,,,,,,,,,,,,,,,,,,,0,,,,,2017-06-01
1404171,Baseball Cards 2017 Bowman Draft Chrome,Blake Rutherford #BDC80,$0.01,,,,,,,,,,,,$0.99,,,,,,1,,,,,2017-06-01
1404173,Baseball Cards 2017 Bowman Draft Chrome,Blake Rutherford [70th Refractor] #BDC80,,,,,,,,,,,,,,,,,,,0,,,,,2017-06-01
1404172,Baseball Cards 2017 Bowman Draft Chrome,Blake Rutherford [Blue Refractor] #BDC80,$0.25,,,,,,,,,,,,$0.99,,,,,,0,,,,,2017-06-01
1404174,Baseball Cards 2017 Bowman Draft Chrome,Blake Rutherford [Gold Refractor] #BDC80,$1.61,,,,,,,,,,,,$1.79,,,,,,2,,,,,2017-06-01
1404175,Baseball Cards 2017 Bowman Draft Chrome,Blake Rutherford [Green Refractor] #BDC80,$1.95,,,,,,,,,,,,$2.19,,,,,,1,,,,,2017-06-01
1404176,Baseball Cards 2017 Bowman Draft Chrome,Blake Rutherford [Orange Refractor] #BDC80,$4.75,,,,,,,,,,,$1.00,$5.19,,,,,,0,,,,,2017-06-01
1404177,Baseball Cards 2017 Bowman Draft Chrome,Blake Rutherford [Purple Refractor] #BDC80,$2.99,,,,,,,,,,,,$3.29,,,,,,1,,,,,2017-06-01
1404178,Baseball Cards 2017 Bowman Draft Chrome,Blake Rutherford [Red Refractor] #BDC80,,,,,,,,,,,,,,,,,,,0,,,,,2017-06-01
1404179,Baseball Cards 2017 Bowman Draft Chrome,Blake Rutherford [Refractor] #BDC80,$0.16,,,,,,,,,,,,$0.99,,,,,,1,,,,,2017-06-01
1404180,Baseball Cards 2017 Bowman Draft Chrome,Blake Rutherford [Sky Blue Refractor] #BDC80,$0.25,,,,,,,,,,,,$0.99,,,,,,0,,,,,2017-06-01
8134490,Baseball Cards 2017 Bowman Draft Chrome,Blake Rutherford [SuperFractor] #BDC80,,,,,,,,,,,,,,,,,,,0,,,,,2017-06-01
2262599,Baseball Cards 2017 Bowman Draft Chrome,Blaster Box,,,,,,,,,,,,,,,,,,,0,,,,,2017-06-01
8134315,Baseball Cards 2017 Bowman Draft Chrome,Blayne Enlow #BDC63,$0.10,,,,,,,,,,,,$0.99,,,,,,1,,,,,2017-06-01
8134316,Baseball Cards 2017 Bowman Draft Chrome,Blayne Enlow [70th Refractor] #BDC63,$1.99,,,,,,,,,,,,$2.19,,,,,,1,,,,,2017-06-01
1404101,Baseball Cards 2017 Bowman Draft Chrome,Blayne Enlow [Blue Refractor] #BDC63,$1.95,,,,,,,,,,,,$2.19,,,,,,1,,,,,2017-06-01
8134320,Baseball Cards 2017 Bowman Draft Chrome,Blayne Enlow [Gold Refractor] #BDC63,,,,,,,,,,,,,,,,,,,0,,,,,2017-06-01
8135698,Baseball Cards 2017 Bowman Draft Chrome,Blayne Enlow [Green Refractor] #BDC63,$1.99,,$6.54,$11.99,$22.79,$32.38,$42.00,$19.00,$19.00,,,,$2.19,,,$1.40,$7.19,,7,,,,,2017-06-01
1404102,Baseball Cards 2017 Bowman Draft Chrome,Blayne Enlow [Orange Refractor] #BDC63,$6.29,,,,,,,,,,,$1.40,$6.89,,,,,,1,,,,,2017-06-01
8134318,Baseball Cards 2017 Bowman Draft Chrome,Blayne Enlow [Purple Refractor] #BDC63,$1.50,,,,,,,,,,,,$1.69,,,,,,1,,,,,2017-06-01
8134322,Baseball Cards 2017 Bowman Draft Chrome,Blayne Enlow [Red Refractor] #BDC63,,,,,,,,,,,,,,,,,,,0,,,,,2017-06-01
8134317,Baseball Cards 2017 Bowman Draft Chrome,Blayne Enlow [Sky Blue Refractor] #BDC63,$0.25,,,,,,,,,,,,$0.99,,,,,,0,,,,,2017-06-01
8134323,Baseball Cards 2017 Bowman Draft Chrome,Blayne Enlow [SuperFractor] #BDC63,,,,,,,,,,,,,,,,,,,0,,,,,2017-06-01
1403940,Baseball Cards 2017 Bowman Draft Chrome,Bo Bichette #BDC38,$0.90,,$5.70,$6.00,$12.00,$12.31,$16.00,$7.00,$12.99,,,,$0.99,,,$1.30,$6.29,,27,,,,,2017-06-01
1403942,Baseball Cards 2017 Bowman Draft Chrome,Bo Bichette [70th Refractor] #BDC38,$3.99,,,,,$17.53,$23.00,$11.00,$11.00,,,$0.90,$4.39,,,,,,2,,,,,2017-06-01
1403941,Baseball Cards 2017 Bowman Draft Chrome,Bo Bichette [Blue Refractor] #BDC38,$1.99,,,,,$32.49,$42.00,$19.00,$19.00,,,,$2.19,,,,,,4,,,,,2017-06-01
1403943,Baseball Cards 2017 Bowman Draft Chrome,Bo Bichette [Gold Refractor] #BDC38,,,,$14.50,$16.00,$52.00,$68.00,$31.00,$31.00,,,,,,,,,,2,,,,,2017-06-01
1403944,Baseball Cards 2017 Bowman Draft Chrome,Bo Bichette [Green Refractor] #BDC38,$18.00,,,$15.50,$17.00,,,,,,,$5.00,$19.99,,,,,,2,,,,,2017-06-01
1403945,Baseball Cards 2017 Bowman Draft Chrome,Bo Bichette [Orange Refractor] #BDC38,,,,,,,,,,,,,,,,,,,0,,,,,2017-06-01
1403946,Baseball Cards 2017 Bowman Draft Chrome,Bo Bichette [Purple Refractor] #BDC38,$6.33,,$10.80,$12.00,$29.00,$30.00,$39.00,$18.00,$18.00,,,$1.40,$6.99,,,$3.00,$11.99,,10,,,,,2017-06-01
8134077,Baseball Cards 2017 Bowman Draft Chrome,Bo Bichette [Red Refractor] #BDC38,,,,,,,,,,,,,,,,,,,0,,,,,2017-06-01
1403947,Baseball Cards 2017 Bowman Draft Chrome,Bo Bichette [Refractor] #BDC38,$1.25,,$15.49,$17.00,$17.77,$30.45,$40.00,$20.00,$18.00,,,,$1.39,,,$4.30,$16.99,,56,,,,,2017-06-01
1403948,Baseball Cards 2017 Bowman Draft Chrome,Bo Bichette [Sky Blue Refractor] #BDC38,$6.99,,,,,$21.75,$28.00,$13.00,$13.00,,,$1.50,$7.69,,,,,,7,,,,,2017-06-01
8134078,Baseball Cards 2017 Bowman Draft Chrome,Bo Bichette [SuperFractor] #BDC38,,,,,,,,,,,,,,,,,,,0,,,,,2017-06-01
1404535,Baseball Cards 2017 Bowman Draft Chrome,Bobby Dalbec #BDC155,$0.90,,,$5.00,$6.00,,,,,,,,$0.99,,,,,,3,,,,,2017-06-01
1404528,Baseball Cards 2017 Bowman Draft Chrome,Bobby Dalbec [70th Refractor] #BDC155,$5.00,,,,,,,,,,,$1.10,$5.49,,,,,,0,,,,,2017-06-01
8135224,Baseball Cards 2017 Bowman Draft Chrome,Bobby Dalbec [Blue Refractor] #BDC155,$2.99,,,,,,,,,,,,$3.29,,,,,,0,,,,,2017-06-01
1404529,Baseball Cards 2017 Bowman Draft Chrome,Bobby Dalbec [Gold Refractor] #BDC155,$0.71,,,,,,,,,,,,$0.99,,,,,,1,,,,,2017-06-01
1404530,Baseball Cards 2017 Bowman Draft Chrome,Bobby Dalbec [Green Refractor] #BDC155,$1.99,,,,,,,,,,,,$2.19,,,,,,1,,,,,2017-06-01
8135227,Baseball Cards 2017 Bowman Draft Chrome,Bobby Dalbec [Orange Refractor] #BDC155,$8.99,,,,,,,,,,,$2.00,$9.89,,,,,,1,,,,,2017-06-01
1404531,Baseball Cards 2017 Bowman Draft Chrome,Bobby Dalbec [Purple Refractor] #BDC155,$2.54,,,,,,,,,,,,$2.79,,,,,,1,,,,,2017-06-01
1404532,Baseball Cards 2017 Bowman Draft Chrome,Bobby Dalbec [Red Refractor] #BDC155,,,,,,,,,,,,,,,,,,,0,,,,,2017-06-01
1404533,Baseball Cards 2017 Bowman Draft Chrome,Bobby Dalbec [Refractor] #BDC155,$7.49,,,,,,,,,,,$1.60,$8.19,,,,,,2,,,,,2017-06-01
1404534,Baseball Cards 2017 Bowman Draft Chrome,Bobby Dalbec [Sky Blue Refractor] #BDC155,$14.99,,,,,,,,,,,$4.00,$15.99,,,,,,1,,,,,2017-06-01
8135228,Baseball Cards 2017 Bowman Draft Chrome,Bobby Dalbec [SuperFractor] #BDC155,,,,,,$102.50,$133.00,$62.00,$62.00,,,,,,,,,,1,,,,,2017-06-01
1404274,Baseball Cards 2017 Bowman Draft Chrome,Brendan McKay #BDC100,$0.20,,,,$0.99,$6.25,$8.00,$4.00,$4.00,,,,$0.99,,,,,,7,,,,,2017-06-01
1404276,Baseball Cards 2017 Bowman Draft Chrome,Brendan McKay [70th Refractor] #BDC100,,,,,,,,,,,,,,,,,,,0,,,,,2017-06-01
1403590,Baseball Cards 2017 Bowman Draft Chrome,Brendan McKay [Blue Jersey Autograph] #BDC100,,,,,,,,,,,,,,,,,,,0,,,,,2017-06-01
1403591,Baseball Cards 2017 Bowman Draft Chrome,Brendan McKay [Blue Jersey Facsimile] #BDC100,,,,,,,,,,,,,,,,,,,0,,,,,2017-06-01
1403589,Baseball Cards 2017 Bowman Draft Chrome,Brendan McKay [Blue Jersey] #BDC100,,,,,,,,,,,,,,,,,,,0,,,,,2017-06-01
1404275,Baseball Cards 2017 Bowman Draft Chrome,Brendan McKay [Blue Refractor] #BDC100,$6.33,,,,,,,,,,,$1.40,$6.99,,,,,,0,,,,,2017-06-01
1404277,Baseball Cards 2017 Bowman Draft Chrome,Brendan McKay [Gold Refractor] #BDC100,$4.50,,,,,,,,,,,$1.00,$4.99,,,,,,1,,,,,2017-06-01
1404278,Baseball Cards 2017 Bowman Draft Chrome,Brendan McKay [Green Refractor] #BDC100,$0.25,,,,$7.00,,,,,,,,$0.99,,,,,,1,,,,,2017-06-01
1404279,Baseball Cards 2017 Bowman Draft Chrome,Brendan McKay [Orange Refractor] #BDC100,,,,,$15.25,,,,,,,,,,,,,,2,,,,,2017-06-01
1404280,Baseball Cards 2017 Bowman Draft Chrome,Brendan McKay [Purple Refractor] #BDC100,$3.99,,,,,$6.03,$8.00,$4.00,$4.00,,,$0.90,$4.39,,,,,,1,,,,,2017-06-01
8134687,Baseball Cards 2017 Bowman Draft Chrome,Brendan McKay [Red Refractor] #BDC100,,,,,,,,,,,,,,,,,,,0,,,,,2017-06-01
1404281,Baseball Cards 2017 Bowman Draft Chrome,Brendan McKay [Refractor] #BDC100,$0.99,,,$5.00,$14.00,$14.02,$18.00,$8.00,$8.00,,,,$1.09,,,,,,12,,,,,2017-06-01
1404282,Baseball Cards 2017 Bowman Draft Chrome,Brendan McKay [Sky Blue Refractor] #BDC100,$1.47,,,,,,,,,,,,$1.59,,,,,,2,,,,,2017-06-01
8134688,Baseball Cards 2017 Bowman Draft Chrome,Brendan McKay [SuperFractor] #BDC100,,,,,,$400.00,$520.00,$240.00,$240.00,,,,,,,,,,1,,,,,2017-06-01
8135162,Baseball Cards 2017 Bowman Draft Chrome,Brendan Murphy #BDC149,$0.25,,,,,,,,,,,,$0.99,,,,,,0,,,,,2017-06-01
8135163,Baseball Cards 2017 Bowman Draft Chrome,Brendan Murphy [70th Refractor] #BDC149,$0.25,,,,,,,,,,,,$0.99,,,,,,0,,,,,2017-06-01
8135166,Baseball Cards 2017 Bowman Draft Chrome,Brendan Murphy [Blue Refractor] #BDC149,$0.25,,,,,,,,,,,,$0.99,,,,,,0,,,,,2017-06-01
8135168,Baseball Cards 2017 Bowman Draft Chrome,Brendan Murphy [Gold Refractor] #BDC149,$4.85,,,,,,,,,,,$1.10,$5.29,,,,,,0,,,,,2017-06-01
8135167,Baseball Cards 2017 Bowman Draft Chrome,Brendan Murphy [Green Refractor] #BDC149,$0.25,,,,,,,,,,,,$0.99,,,,,,0,,,,,2017-06-01
8135169,Baseball Cards 2017 Bowman Draft Chrome,Brendan Murphy [Orange Refractor] #BDC149,$4.22,,,,,,,,,,,$0.90,$4.59,,,,,,0,,,,,2017-06-01
8135165,Baseball Cards 2017 Bowman Draft Chrome,Brendan Murphy [Purple Refractor] #BDC149,$0.25,,,,,,,,,,,,$0.99,,,,,,0,,,,,2017-06-01
8135170,Baseball Cards 2017 Bowman Draft Chrome,Brendan Murphy [Red Refractor] #BDC149,,,,,,,,,,,,,,,,,,,0,,,,,2017-06-01
8135164,Baseball Cards 2017 Bowman Draft Chrome,Brendan Murphy [Sky Blue Refractor] #BDC149,$0.25,,,,,,,,,,,,$0.99,,,,,,0,,,,,2017-06-01
8135171,Baseball Cards 2017 Bowman Draft Chrome,Brendan Murphy [SuperFractor] #BDC149,,,,,,,,,,,,,,,,,,,0,,,,,2017-06-01
8135240,Baseball Cards 2017 Bowman Draft Chrome,Brendan Rodgers #BDC157,$0.25,,,,,,,,,,,,$0.99,,,,,,0,,,,,2017-06-01
1404543,Baseball Cards 2017 Bowman Draft Chrome,Brendan Rodgers [70th Refractor] #BDC157,,,,,,,,,,,,,,,,,,,0,,,,,2017-06-01
1404542,Baseball Cards 2017 Bowman Draft Chrome,Brendan Rodgers [Blue Refractor] #BDC157,$0.25,,,,,,,,,,,,$0.99,,,,,,0,,,,,2017-06-01
1404544,Baseball Cards 2017 Bowman Draft Chrome,Brendan Rodgers [Gold Refractor] #BDC157,$15.99,,,,,,,,,,,$4.50,$17.99,,,,,,0,,,,,2017-06-01
1404545,Baseball Cards 2017 Bowman Draft Chrome,Brendan Rodgers [Green Refractor] #BDC157,$2.84,,,,,,,,,,,,$3.09,,,,,,0,,,,,2017-06-01
1404546,Baseball Cards 2017 Bowman Draft Chrome,Brendan Rodgers [Orange Refractor] #BDC157,$23.54,,,,,,,,,,,$7.80,$25.99,,,,,,0,,,,,2017-06-01
8135243,Baseball Cards 2017 Bowman Draft Chrome,Brendan Rodgers [Purple Refractor] #BDC157,$2.14,,,,,,,,,,,,$2.39,,,,,,0,,,,,2017-06-01
8135248,Baseball Cards 2017 Bowman Draft Chrome,Brendan Rodgers [Red Refractor] #BDC157,,,,,,,,,,,,,,,,,,,0,,,,,2017-06-01
1404547,Baseball Cards 2017 Bowman Draft Chrome,Brendan Rodgers [Refractor] #BDC157,$4.99,,,,,,,,,,,$1.10,$5.49,,,,,,1,,,,,2017-06-01
1404548,Baseball Cards 2017 Bowman Draft Chrome,Brendan Rodgers [Sky Blue Refractor] #BDC157,$0.25,,,,,,,,,,,,$0.99,,,,,,0,,,,,2017-06-01
8135249,Baseball Cards 2017 Bowman Draft Chrome,Brendan Rodgers [SuperFractor] #BDC157,,,,,,,,,,,,,,,,,,,0,,,,,2017-06-01
1404695,Baseball Cards 2017 Bowman Draft Chrome,Brendon Little #BDC188,$1.48,,,,,,,,,,,,$1.59,,,,,,4,,,,,2017-06-01
8135546,Baseball Cards 2017 Bowman Draft Chrome,Brendon Little [70th Refractor] #BDC188,,,,,,,,,,,,,,,,,,,0,,,,,2017-06-01
8135550,Baseball Cards 2017 Bowman Draft Chrome,Brendon Little [Blue Refractor] #BDC188,$2.84,,,,,,,,,,,,$3.09,,,,,,0,,,,,2017-06-01
8135552,Baseball Cards 2017 Bowman Draft Chrome,Brendon Little [Gold Refractor] #BDC188,,,,,,,,,,,,,,,,,,,0,,,,,2017-06-01
1404693,Baseball Cards 2017 Bowman Draft Chrome,Brendon Little [Green Refractor] #BDC188,$9.25,,,,,,,,,,,$2.00,$9.99,,,,,,2,,,,,2017-06-01
8135553,Baseball Cards 2017 Bowman Draft Chrome,Brendon Little [Orange Refractor] #BDC188,$5.42,,$9.20,$15.41,$27.61,$36.47,$47.00,$22.00,$22.00,,,$1.20,$5.99,,,$2.00,$9.99,,9,,,,,2017-06-01
8135548,Baseball Cards 2017 Bowman Draft Chrome,Brendon Little [Purple Refractor] #BDC188,$1.72,,$6.33,$11.72,$22.41,$32.05,$42.00,$19.00,$19.00,,,,$1.89,,,$1.40,$6.99,,8,,,,,2017-06-01
8135554,Baseball Cards 2017 Bowman Draft Chrome,Brendon Little [Red Refractor] #BDC188,,,,,,,,,,,,,,,,,,,0,,,,,2017-06-01
1404694,Baseball Cards 2017 Bowman Draft Chrome,Brendon Little [Sky Blue Refractor] #BDC188,$1.58,,$6.23,$11.58,$22.22,$31.89,$41.00,$19.00,$19.00,,,,$1.69,,,$1.40,$6.89,,13,,,,,2017-06-01
8135555,Baseball Cards 2017 Bowman Draft Chrome,Brendon Little [SuperFractor] #BDC188,,,,,,,,,,,,,,,,,,,0,,,,,2017-06-01
1404369,Baseball Cards 2017 Bowman Draft Chrome,Brent Rooker #BDC122,$1.79,,$6.39,$7.00,$22.51,$33.39,$43.00,$20.00,$20.00,,,,$1.99,,,$1.40,$6.99,,32,,,,,2017-06-01
1404371,Baseball Cards 2017 Bowman Draft Chrome,Brent Rooker [70th Refractor] #BDC122,$9.23,,,,,,,,,,,$2.00,$9.99,,,,,,1,,,,,2017-06-01
1404370,Baseball Cards 2017 Bowman Draft Chrome,Brent Rooker [Blue Refractor] #BDC122,$8.71,,,$24.99,$27.00,,,,,,,$1.90,$9.59,,,,,,9,,,,,2017-06-01
1404372,Baseball Cards 2017 Bowman Draft Chrome,Brent Rooker [Gold Refractor] #BDC122,$5.50,,$28.27,$48.49,$80.00,$82.00,$107.00,$49.00,$49.00,,,$1.20,$6.09,,,$9.30,$30.99,,6,,,,,2017-06-01
1404373,Baseball Cards 2017 Bowman Draft Chrome,Brent Rooker [Green Refractor] #BDC122,$8.75,,,$22.99,$25.00,,,,,,,$1.90,$9.59,,,,,,3,,,,,2017-06-01
1404374,Baseball Cards 2017 Bowman Draft Chrome,Brent Rooker [Orange Refractor] #BDC122,$152.99,,,,,$100.01,$130.00,$60.00,$60.00,,,$84.00,$168.00,,,,,,1,,,,,2017-06-01
1404375,Baseball Cards 2017 Bowman Draft Chrome,Brent Rooker [Purple Refractor] #BDC122,$3.89,,,,,,,,,,,$0.90,$4.29,,,,,,1,,,,,2017-06-01
1404376,Baseball Cards 2017 Bowman Draft Chrome,Brent Rooker [Red Refractor] #BDC122,,,,,,,,,,,,,,,,,,,0,,,,,2017-06-01
1404377,Baseball Cards 2017 Bowman Draft Chrome,Brent Rooker [Refractor] #BDC122,$2.04,,$13.29,$15.00,$17.00,$25.95,$34.00,$16.00,$16.00,,,,$2.19,,,$3.80,$14.99,,49,,,,,2017-06-01
1404378,Baseball Cards 2017 Bowman Draft Chrome,Brent Rooker [Sky Blue Refractor] #BDC122,$7.99,,,,,$15.51,$20.00,$9.00,$9.00,,,$1.80,$8.79,,,,,,5,,,,,2017-06-01
8134906,Baseball Cards 2017 Bowman Draft Chrome,Brent Rooker [SuperFractor] #BDC122,,,,,,,,,,,,,,,,,,,0,,,,,2017-06-01
8134003,Baseball Cards 2017 Bowman Draft Chrome,Brett Netzer #BDC31,$1.17,,,,,,,,,,,,$1.29,,,,,,3,,,,,2017-06-01
1403902,Baseball Cards 2017 Bowman Draft Chrome,Brett Netzer [70th Refractor] #BDC31,,,,,,,,,,,,,,,,,,,0,,,,,2017-06-01
1403901,Baseball Cards 2017 Bowman Draft Chrome,Brett Netzer [Blue Refractor] #BDC31,$0.25,,,,,,,,,,,,$0.99,,,,,,0,,,,,2017-06-01
1403903,Baseball Cards 2017 Bowman Draft Chrome,Brett Netzer [Gold Refractor] #BDC31,,,,,,,,,,,,,,,,,,,0,,,,,2017-06-01
1403904,Baseball Cards 2017 Bowman Draft Chrome,Brett Netzer [Green Refractor] #BDC31,$17.49,,,,,,,,,,,$4.80,$18.99,,,,,,0,,,,,2017-06-01
1403905,Baseball Cards 2017 Bowman Draft Chrome,Brett Netzer [Orange Refractor] #BDC31,$0.99,,,,,,,,,,,,$1.09,,,,,,1,,,,,2017-06-01
1403906,Baseball Cards 2017 Bowman Draft Chrome,Brett Netzer [Purple Refractor] #BDC31,$0.25,,,,,,,,,,,,$0.99,,,,,,0,,,,,2017-06-01
1403907,Baseball Cards 2017 Bowman Draft Chrome,Brett Netzer [Red Refractor] #BDC31,,,,,,,,,,,,,,,,,,,0,,,,,2017-06-01
1403908,Baseball Cards 2017 Bowman Draft Chrome,Brett Netzer [Refractor] #BDC31,$0.25,,,,,,,,,,,,$0.99,,,,,,0,,,,,2017-06-01
1403909,Baseball Cards 2017 Bowman Draft Chrome,Brett Netzer [Sky Blue Refractor] #BDC31,$0.25,,,,,,,,,,,,$0.99,,,,,,0,,,,,2017-06-01
8134014,Baseball Cards 2017 Bowman Draft Chrome,Brett Netzer [SuperFractor] #BDC31,,,,,,,,,,,,,,,,,,,0,,,,,2017-06-01
8134139,Baseball Cards 2017 Bowman Draft Chrome,Brian Miller #BDC45,$0.25,,,,,,,,,,,,$0.99,,,,,,0,,,,,2017-06-01
8134140,Baseball Cards 2017 Bowman Draft Chrome,Brian Miller [70th Refractor] #BDC45,$0.25,,,,,,,,,,,,$0.99,,,,,,0,,,,,2017-06-01
1403999,Baseball Cards 2017 Bowman Draft Chrome,Brian Miller [Blue Refractor] #BDC45,$2.00,,,,,,,,,,,,$2.19,,,,,,0,,,,,2017-06-01
8134143,Baseball Cards 2017 Bowman Draft Chrome,Brian Miller [Gold Refractor] #BDC45,$2.53,,,,,,,,,,,,$2.79,,,,,,0,,,,,2017-06-01
1404000,Baseball Cards 2017 Bowman Draft Chrome,Brian Miller [Green Refractor] #BDC45,$5.00,,,,,,,,,,,$1.10,$5.49,,,,,,0,,,,,2017-06-01
8134145,Baseball Cards 2017 Bowman Draft Chrome,Brian Miller [Orange Refractor] #BDC45,,,,,,,,,,,,,,,,,,,0,,,,,2017-06-01
1404001,Baseball Cards 2017 Bowman Draft Chrome,Brian Miller [Purple Refractor] #BDC45,$0.25,,,,,,,,,,,,$0.99,,,,,,0,,,,,2017-06-01
1404002,Baseball Cards 2017 Bowman Draft Chrome,Brian Miller [Red Refractor] #BDC45,,,,,,,,,,,,,,,,,,,0,,,,,2017-06-01
1404003,Baseball Cards 2017 Bowman Draft Chrome,Brian Miller [Refractor] #BDC45,$0.06,,,,,,,,,,,,$0.99,,,,,,1,,,,,2017-06-01
1404004,Baseball Cards 2017 Bowman Draft Chrome,Brian Miller [Sky Blue Refractor] #BDC45,$0.25,,,,,,,,,,,,$0.99,,,,,,0,,,,,2017-06-01
8134147,Baseball Cards 2017 Bowman Draft Chrome,Brian Miller [SuperFractor] #BDC45,,,,,,,,,,,,,,,,,,,0,,,,,2017-06-01
8135080,Baseball Cards 2017 Bowman Draft Chrome,Bubba Thompson #BDC141,$0.33,,$5.26,$10.33,$20.46,$30.39,$40.00,$18.00,$18.00,,,,$0.99,,,$1.20,$5.79,,5,,,,,2017-06-01
1404456,Baseball Cards 2017 Bowman Draft Chrome,Bubba Thompson [70th Refractor] #BDC141,,,,,,,,,,,,,,,,,,,0,,,,,2017-06-01
1404455,Baseball Cards 2017 Bowman Draft Chrome,Bubba Thompson [Blue Refractor] #BDC141,$2.34,,,,,,,,,,,,$2.59,,,,,,1,,,,,2017-06-01
1404457,Baseball Cards 2017 Bowman Draft Chrome,Bubba Thompson [Gold Refractor] #BDC141,$29.29,,,,,,,,,,,$9.60,$31.99,,,,,,0,,,,,2017-06-01
1404458,Baseball Cards 2017 Bowman Draft Chrome,Bubba Thompson [Green Refractor] #BDC141,$25.99,,,,,,,,,,,$8.70,$28.99,,,,,,0,,,,,2017-06-01
8135087,Baseball Cards 2017 Bowman Draft Chrome,Bubba Thompson [Orange Refractor] #BDC141,,,,,,,,,,,,,,,,,,,0,,,,,2017-06-01
1404459,Baseball Cards 2017 Bowman Draft Chrome,Bubba Thompson [Purple Refractor] #BDC141,$2.23,,,,,,,,,,,,$2.49,,,,,,2,,,,,2017-06-01
1404460,Baseball Cards 2017 Bowman Draft Chrome,Bubba Thompson [Red Refractor] #BDC141,,,,,,,$26.00,,,,,,,,,,,,0,,,,,2017-06-01
1404461,Baseball Cards 2017 Bowman Draft Chrome,Bubba Thompson [Refractor] #BDC141,$0.45,,,,$1.00,$1.29,$2.00,$1.00,$1.00,,,,$0.99,,,,,,5,,,,,2017-06-01
1404462,Baseball Cards 2017 Bowman Draft Chrome,Bubba Thompson [Sky Blue Refractor] #BDC141,$1.69,,,,,,,,,,,,$1.89,,,,,,1,,,,,2017-06-01
8135089,Baseball Cards 2017 Bowman Draft Chrome,Bubba Thompson [SuperFractor] #BDC141,,,,,,,,,,,,,,,,,,,0,,,,,2017-06-01
8134354,Baseball Cards 2017 Bowman Draft Chrome,Buddy Reed #BDC67,$0.25,,,,,,,,,,,,$0.99,,,,,,0,,,,,2017-06-01
8134355,Baseball Cards 2017 Bowman Draft Chrome,Buddy Reed [70th Refractor] #BDC67,$2.79,,,,,,,,,,,,$3.09,,,,,,0,,,,,2017-06-01
8134359,Baseball Cards 2017 Bowman Draft Chrome,Buddy Reed [Blue Refractor] #BDC67,$0.25,,,,,,,,,,,,$0.99,,,,,,0,,,,,2017-06-01
8134360,Baseball Cards 2017 Bowman Draft Chrome,Buddy Reed [Gold Refractor] #BDC67,,,,,,,,,,,,,,,,,,,0,,,,,2017-06-01
1404115,Baseball Cards 2017 Bowman Draft Chrome,Buddy Reed [Green Refractor] #BDC67,$3.60,,,,,,,,,,,$0.80,$3.99,,,,,,0,,,,,2017-06-01
8134361,Baseball Cards 2017 Bowman Draft Chrome,Buddy Reed [Orange Refractor] #BDC67,,,,,,,,,,,,,,,,,,,0,,,,,2017-06-01
1404116,Baseball Cards 2017 Bowman Draft Chrome,Buddy Reed [Purple Refractor] #BDC67,$0.25,,,,,,,,,,,,$0.99,,,,,,0,,,,,2017-06-01
8134362,Baseball Cards 2017 Bowman Draft Chrome,Buddy Reed [Red Refractor] #BDC67,,,,,,,,,,,,,,,,,,,0,,,,,2017-06-01
1404117,Baseball Cards 2017 Bowman Draft Chrome,Buddy Reed [Refractor] #BDC67,$2.00,,,,,,,,,,,,$2.19,,,,,,1,,,,,2017-06-01
8134356,Baseball Cards 2017 Bowman Draft Chrome,Buddy Reed [Sky Blue Refractor] #BDC67,$2.00,,,,,,,,,,,,$2.19,,,,,,0,,,,,2017-06-01
8134363,Baseball Cards 2017 Bowman Draft Chrome,Buddy Reed [SuperFractor] #BDC67,,,,,,,,,,,,,,,,,,,0,,,,,2017-06-01
1404114,Baseball Cards 2017 Bowman Draft Chrome,Caden Lemons #BDC66,$0.25,,,,,,,,,,,,$0.99,,,,,,0,,,,,2017-06-01
8134345,Baseball Cards 2017 Bowman Draft Chrome,Caden Lemons [70th Refractor] #BDC66,$0.25,,,,,,,,,,,,$0.99,,,,,,0,,,,,2017-06-01
1404111,Baseball Cards 2017 Bowman Draft Chrome,Caden Lemons [Blue Refractor] #BDC66,$1.99,,,,,,,,,,,,$2.19,,,,,,1,,,,,2017-06-01
8134350,Baseball Cards 2017 Bowman Draft Chrome,Caden Lemons [Gold Refractor] #BDC66,$3.47,,,,,,,,,,,$0.80,$3.79,,,,,,0,,,,,2017-06-01
8134349,Baseball Cards 2017 Bowman Draft Chrome,Caden Lemons [Green Refractor] #BDC66,$0.25,,,,,,,,,,,,$0.99,,,,,,0,,,,,2017-06-01
8134351,Baseball Cards 2017 Bowman Draft Chrome,Caden Lemons [Orange Refractor] #BDC66,,,,,,,,,,,,,,,,,,,0,,,,,2017-06-01
1404112,Baseball Cards 2017 Bowman Draft Chrome,Caden Lemons [Purple Refractor] #BDC66,$0.25,,,,,,,,,,,,$0.99,,,,,,0,,,,,2017-06-01
8134352,Baseball Cards 2017 Bowman Draft Chrome,Caden Lemons [Red Refractor] #BDC66,,,,,,,,,,,,,,,,,,,0,,,,,2017-06-01
1404113,Baseball Cards 2017 Bowman Draft Chrome,Caden Lemons [Refractor] #BDC66,$1.79,,,,,,,,,,,,$1.99,,,,,,1,,,,,2017-06-01
8134346,Baseball Cards 2017 Bowman Draft Chrome,Caden Lemons [Sky Blue Refractor] #BDC66,$0.25,,,,,,,,,,,,$0.99,,,,,,0,,,,,2017-06-01
8134353,Baseball Cards 2017 Bowman Draft Chrome,Caden Lemons [SuperFractor] #BDC66,,,,,,,,,,,,,,,,,,,0,,,,,2017-06-01
1404245,Baseball Cards 2017 Bowman Draft Chrome,Cal Mitchell #BDC92,$0.07,,,,,,,,,,,,$0.99,,,,,,4,,,,,2017-06-01
1404247,Baseball Cards 2017 Bowman Draft Chrome,Cal Mitchell [70th Refractor] #BDC92,,,,,,,,,,,,,,,,,,,0,,,,,2017-06-01
1404246,Baseball Cards 2017 Bowman Draft Chrome,Cal Mitchell [Blue Refractor] #BDC92,$2.27,,,,,,,,,,,,$2.49,,,,,,0,,,,,2017-06-01
1405924,Baseball Cards 2017 Bowman Draft Chrome,Cal Mitchell [Gold Refractor] #BDC92,$0.99,,,,,,,,,,,,$1.09,,,,,,1,,,,,2017-06-01
8134604,Baseball Cards 2017 Bowman Draft Chrome,Cal Mitchell [Green Refractor] #BDC92,$3.42,,,,,,,,,,,$0.80,$3.79,,,,,,0,,,,,2017-06-01
1404248,Baseball Cards 2017 Bowman Draft Chrome,Cal Mitchell [Orange Refractor] #BDC92,$34.75,,,,,,,,,,,$15.20,$37.99,,,,,,0,,,,,2017-06-01
1405925,Baseball Cards 2017 Bowman Draft Chrome,Cal Mitchell [Purple Refractor] #BDC92,$3.49,,,,,,,,,,,$0.80,$3.79,,,,,,1,,,,,2017-06-01
8134607,Baseball Cards 2017 Bowman Draft Chrome,Cal Mitchell [Red Refractor] #BDC92,$5.50,,,,,,,,,,,$1.20,$6.09,,,,,,1,,,,,2017-06-01
1404249,Baseball Cards 2017 Bowman Draft Chrome,Cal Mitchell [Refractor] #BDC92,$0.62,,,,,$5.50,$7.00,$3.00,$3.00,,,,$0.99,,,,,,2,,,,,2017-06-01
8134601,Baseball Cards 2017 Bowman Draft Chrome,Cal Mitchell [Sky Blue Refractor] #BDC92,$0.25,,,,,,,,,,,,$0.99,,,,,,0,,,,,2017-06-01
8134608,Baseball Cards 2017 Bowman Draft Chrome,Cal Mitchell [SuperFractor] #BDC92,,,,,,,,,,,,,,,,,,,0,,,,,2017-06-01
8133907,Baseball Cards 2017 Bowman Draft Chrome,Cal Quantrill #BDC21,$0.25,,,,,,,,,,,,$0.99,,,,,,0,,,,,2017-06-01
1403868,Baseball Cards 2017 Bowman Draft Chrome,Cal Quantrill [70th Refractor] #BDC21,$2.99,,,,,,,,,,,,$3.29,,,,,,0,,,,,2017-06-01
8133911,Baseball Cards 2017 Bowman Draft Chrome,Cal Quantrill [Blue Refractor] #BDC21,$0.25,,,,,,,,,,,,$0.99,,,,,,0,,,,,2017-06-01
8133913,Baseball Cards 2017 Bowman Draft Chrome,Cal Quantrill [Gold Refractor] #BDC21,,,,,,,,,,,,,,,,,,,0,,,,,2017-06-01
8133912,Baseball Cards 2017 Bowman Draft Chrome,Cal Quantrill [Green Refractor] #BDC21,$0.25,,,,,,,,,,,,$0.99,,,,,,0,,,,,2017-06-01
8133914,Baseball Cards 2017 Bowman Draft Chrome,Cal Quantrill [Orange Refractor] #BDC21,$3.99,,,,,,,,,,,$0.90,$4.39,,,,,,0,,,,,2017-06-01
8133910,Baseball Cards 2017 Bowman Draft Chrome,Cal Quantrill [Purple Refractor] #BDC21,$0.25,,,,,,,,,,,,$0.99,,,,,,0,,,,,2017-06-01
1403869,Baseball Cards 2017 Bowman Draft Chrome,Cal Quantrill [Red Refractor] #BDC21,,,,,,,,,,,,,,,,,,,0,,,,,2017-06-01
1403870,Baseball Cards 2017 Bowman Draft Chrome,Cal Quantrill [Refractor] #BDC21,$0.25,,,,,,,,,,,,$0.99,,,,,,0,,,,,2017-06-01
8133909,Baseball Cards 2017 Bowman Draft Chrome,Cal Quantrill [Sky Blue Refractor] #BDC21,$1.99,,,,,,,,,,,,$2.19,,,,,,1,,,,,2017-06-01
8135685,Baseball Cards 2017 Bowman Draft Chrome,Cal Quantrill [SuperFractor] #BDC21,,,,,,,,,,,,,,,,,,,0,,,,,2017-06-01
8135476,Baseball Cards 2017 Bowman Draft Chrome,Canaan Smith #BDC181,$1.09,,,,,$3.99,$5.00,$2.00,$2.00,,,,$1.19,,,,,,3,,,,,2017-06-01
1404665,Baseball Cards 2017 Bowman Draft Chrome,Canaan Smith [70th Refractor] #BDC181,$1.95,,,,,,,,,,,,$2.19,,,,,,1,,,,,2017-06-01
1404664,Baseball Cards 2017 Bowman Draft Chrome,Canaan Smith [Blue Refractor] #BDC181,$0.25,,,,,,,,,,,,$0.99,,,,,,0,,,,,2017-06-01
1404666,Baseball Cards 2017 Bowman Draft Chrome,Canaan Smith [Gold Refractor] #BDC181,,,,,,,,,,,,,,,,,,,0,,,,,2017-06-01
1404667,Baseball Cards 2017 Bowman Draft Chrome,Canaan Smith [Green Refractor] #BDC181,,,,,,,,,,,,,,,,,,,0,,,,,2017-06-01
8135483,Baseball Cards 2017 Bowman Draft Chrome,Canaan Smith [Orange Refractor] #BDC181,,,,,,,,,,,,,,,,,,,0,,,,,2017-06-01
8135479,Baseball Cards 2017 Bowman Draft Chrome,Canaan Smith [Purple Refractor] #BDC181,,,,,,,,,,,,,,,,,,,0,,,,,2017-06-01
1404668,Baseball Cards 2017 Bowman Draft Chrome,Canaan Smith [Red Refractor] #BDC181,,,,,,,,,,,,,,,,,,,0,,,,,2017-06-01
1404669,Baseball Cards 2017 Bowman Draft Chrome,Canaan Smith [Refractor] #BDC181,$2.22,$3.99,,$5.00,$6.00,,,,,,,,$2.39,$0.90,$4.39,,,,6,,,,,2017-06-01
1404670,Baseball Cards 2017 Bowman Draft Chrome,Canaan Smith [Sky Blue Refractor] #BDC181,$0.25,,,,,$8.00,$10.00,$5.00,$5.00,,,,$0.99,,,,,,1,,,,,2017-06-01
8135485,Baseball Cards 2017 Bowman Draft Chrome,Canaan Smith [SuperFractor] #BDC181,,,,,,,,,,,,,,,,,,,0,,,,,2017-06-01
8135456,Baseball Cards 2017 Bowman Draft Chrome,Carl Stajduhar #BDC179,$0.25,,,,,,,,,,,,$0.99,,,,,,0,,,,,2017-06-01
8135457,Baseball Cards 2017 Bowman Draft Chrome,Carl Stajduhar [70th Refractor] #BDC179,$0.25,,,,,,,,,,,,$0.99,,,,,,0,,,,,2017-06-01
1404653,Baseball Cards 2017 Bowman Draft Chrome,Carl Stajduhar [Blue Refractor] #BDC179,$4.49,,,,,,,,,,,$1.00,$4.89,,,,,,1,,,,,2017-06-01
1404654,Baseball Cards 2017 Bowman Draft Chrome,Carl Stajduhar [Gold Refractor] #BDC179,$3.41,,,,,,,,,,,$0.80,$3.79,,,,,,0,,,,,2017-06-01
8135461,Baseball Cards 2017 Bowman Draft Chrome,Carl Stajduhar [Green Refractor] #BDC179,$0.25,,,,,,,,,,,,$0.99,,,,,,0,,,,,2017-06-01
1404655,Baseball Cards 2017 Bowman Draft Chrome,Carl Stajduhar [Orange Refractor] #BDC179,$22.99,,,,,,,,,,,$7.50,$24.99,,,,,,0,,,,,2017-06-01
8135459,Baseball Cards 2017 Bowman Draft Chrome,Carl Stajduhar [Purple Refractor] #BDC179,$0.25,,,,,,,,,,,,$0.99,,,,,,0,,,,,2017-06-01
1404656,Baseball Cards 2017 Bowman Draft Chrome,Carl Stajduhar [Red Refractor] #BDC179,,,,,,,,,,,,,,,,,,,0,,,,,2017-06-01
8135458,Baseball Cards 2017 Bowman Draft Chrome,Carl Stajduhar [Sky Blue Refractor] #BDC179,$0.25,,,,,,,,,,,,$0.99,,,,,,0,,,,,2017-06-01
8135465,Baseball Cards 2017 Bowman Draft Chrome,Carl Stajduhar [SuperFractor] #BDC179,,,,,,,,,,,,,,,,,,,0,,,,,2017-06-01
1404032,Baseball Cards 2017 Bowman Draft Chrome,Carter Kieboom #BDC52,$0.25,,,,,,,,,,,,$0.99,,,,,,0,,,,,2017-06-01
1404034,Baseball Cards 2017 Bowman Draft Chrome,Carter Kieboom [70th Refractor] #BDC52,$1.75,,,,,,,,,,,,$1.89,,,,,,1,,,,,2017-06-01
1404033,Baseball Cards 2017 Bowman Draft Chrome,Carter Kieboom [Blue Refractor] #BDC52,$0.25,,,,,,,,,,,,$0.99,,,,,,0,,,,,2017-06-01
1404035,Baseball Cards 2017 Bowman Draft Chrome,Carter Kieboom [Gold Refractor] #BDC52,$1.24,,,,,,,,,,,,$1.39,,,,,,1,,,,,2017-06-01
1404036,Baseball Cards 2017 Bowman Draft Chrome,Carter Kieboom [Green Refractor] #BDC52,$0.99,,,,,,,,,,,,$1.09,,,,,,1,,,,,2017-06-01
1404037,Baseball Cards 2017 Bowman Draft Chrome,Carter Kieboom [Orange Refractor] #BDC52,,,,,,,,,,,,,,,,,,,0,,,,,2017-06-01
1404038,Baseball Cards 2017 Bowman Draft Chrome,Carter Kieboom [Purple Refractor] #BDC52,$0.25,,,,,,,,,,,,$0.99,,,,,,0,,,,,2017-06-01
8134214,Baseball Cards 2017 Bowman Draft Chrome,Carter Kieboom [Red Refractor] #BDC52,,,,,,,,,,,,,,,,,,,0,,,,,2017-06-01
1404039,Baseball Cards 2017 Bowman Draft Chrome,Carter Kieboom [Refractor] #BDC52,$1.16,,,,,$5.50,$7.00,$3.00,$3.00,,,,$1.29,,,,,,5,,,,,2017-06-01
1404040,Baseball Cards 2017 Bowman Draft Chrome,Carter Kieboom [Sky Blue Refractor] #BDC52,$0.25,,,,,,,,,,,,$0.99,,,,,,0,,,,,2017-06-01
8134217,Baseball Cards 2017 Bowman Draft Chrome,Carter Kieboom [SuperFractor] #BDC52,,,,,,,,,,,,,,,,,,,0,,,,,2017-06-01
8135642,Baseball Cards 2017 Bowman Draft Chrome,Cash Case #BDC198,$0.01,,,,,,,,,,,,$0.99,,,,,,1,,,,,2017-06-01
1404744,Baseball Cards 2017 Bowman Draft Chrome,Cash Case [70th Refractor] #BDC198,,,,,,,,,,,,,,,,,,,0,,,,,2017-06-01
1404743,Baseball Cards 2017 Bowman Draft Chrome,Cash Case [Blue Refractor] #BDC198,$0.25,,,,,,,,,,,,$0.99,,,,,,0,,,,,2017-06-01
1404745,Baseball Cards 2017 Bowman Draft Chrome,Cash Case [Gold Refractor] #BDC198,$1.25,,,,,,,,,,,,$1.39,,,,,,1,,,,,2017-06-01
1404746,Baseball Cards 2017 Bowman Draft Chrome,Cash Case [Green Refractor] #BDC198,$0.25,,,,,,,,,,,,$0.99,,,,,,0,,,,,2017-06-01
1404747,Baseball Cards 2017 Bowman Draft Chrome,Cash Case [Orange Refractor] #BDC198,$17.79,,,,,,,,,,,$5.00,$19.99,,,,,,0,,,,,2017-06-01
1404748,Baseball Cards 2017 Bowman Draft Chrome,Cash Case [Purple Refractor] #BDC198,$0.25,,,,,,,,,,,,$0.99,,,,,,0,,,,,2017-06-01
8135650,Baseball Cards 2017 Bowman Draft Chrome,Cash Case [Red Refractor] #BDC198,,,,,,,,,,,,,,,,,,,0,,,,,2017-06-01
1404749,Baseball Cards 2017 Bowman Draft Chrome,Cash Case [Sky Blue Refractor] #BDC198,$0.25,,,,,,,,,,,,$0.99,,,,,,0,,,,,2017-06-01
8135651,Baseball Cards 2017 Bowman Draft Chrome,Cash Case [SuperFractor] #BDC198,,,,,,,,,,,,,,,,,,,0,,,,,2017-06-01
2262601,Baseball Cards 2017 Bowman Draft Chrome,Cello Box,,,,,,,,,,,,,,,,,,,0,,,,,2017-06-01
1404159,Baseball Cards 2017 Bowman Draft Chrome,Charlie Barnes #BDC76,$1.71,,$6.33,$11.71,$22.40,$32.04,$42.00,$19.00,$19.00,,,,$1.89,,,$1.40,$6.99,,10,,,,,2017-06-01
8135700,Baseball Cards 2017 Bowman Draft Chrome,Charlie Barnes [70th Refractor] #BDC76,$0.25,,,,,,,,,,,,$0.99,,,,,,0,,,,,2017-06-01
8134447,Baseball Cards 2017 Bowman Draft Chrome,Charlie Barnes [Blue Refractor] #BDC76,$4.99,,,,,,,,,,,$1.10,$5.49,,,,,,0,,,,,2017-06-01
1404157,Baseball Cards 2017 Bowman Draft Chrome,Charlie Barnes [Gold Refractor] #BDC76,$3.35,,,,,,,,,,,,$3.69,,,,,,2,,,,,2017-06-01
8134446,Baseball Cards 2017 Bowman Draft Chrome,Charlie Barnes [Green Refractor] #BDC76,$1.95,,,,,,,,,,,,$2.19,,,,,,1,,,,,2017-06-01
1404158,Baseball Cards 2017 Bowman Draft Chrome,Charlie Barnes [Orange Refractor] #BDC76,$1.89,,,,,,,,,,,,$2.09,,,,,,1,,,,,2017-06-01
8134445,Baseball Cards 2017 Bowman Draft Chrome,Charlie Barnes [Purple Refractor] #BDC76,$1.35,,$6.05,$11.35,$21.90,$31.61,$41.00,$19.00,$19.00,,,,$1.49,,,$1.30,$6.69,,17,,,,,2017-06-01
8134449,Baseball Cards 2017 Bowman Draft Chrome,Charlie Barnes [Red Refractor] #BDC76,,,,,,,,,,,,,,,,,,,0,,,,,2017-06-01
8134444,Baseball Cards 2017 Bowman Draft Chrome,Charlie Barnes [Sky Blue Refractor] #BDC76,$1.00,,,,,,,,,,,,$1.09,,,,,,1,,,,,2017-06-01
8134451,Baseball Cards 2017 Bowman Draft Chrome,Charlie Barnes [SuperFractor] #BDC76,,,,,,,,,,,,,,,,,,,0,,,,,2017-06-01
8135300,Baseball Cards 2017 Bowman Draft Chrome,Chris Okey #BDC163,$0.25,,,,,,,,,,,,$0.99,,,,,,0,,,,,2017-06-01
8135301,Baseball Cards 2017 Bowman Draft Chrome,Chris Okey [70th Refractor] #BDC163,$0.25,,,,,,,,,,,,$0.99,,,,,,0,,,,,2017-06-01
8135304,Baseball Cards 2017 Bowman Draft Chrome,Chris Okey [Blue Refractor] #BDC163,$0.25,,,,,,,,,,,,$0.99,,,,,,0,,,,,2017-06-01
8135306,Baseball Cards 2017 Bowman Draft Chrome,Chris Okey [Gold Refractor] #BDC163,$4.84,,,,,,,,,,,$1.10,$5.29,,,,,,0,,,,,2017-06-01
8135305,Baseball Cards 2017 Bowman Draft Chrome,Chris Okey [Green Refractor] #BDC163,$0.25,,,,,,,,,,,,$0.99,,,,,,0,,,,,2017-06-01
8135307,Baseball Cards 2017 Bowman Draft Chrome,Chris Okey [Orange Refractor] #BDC163,,,,,,,,,,,,,,,,,,,0,,,,,2017-06-01
8135303,Baseball Cards 2017 Bowman Draft Chrome,Chris Okey [Purple Refractor] #BDC163,$0.25,,,,,,,,,,,,$0.99,,,,,,0,,,,,2017-06-01
8135308,Baseball Cards 2017 Bowman Draft Chrome,Chris Okey [Red Refractor] #BDC163,,,,,,,,,,,,,,,,,,,0,,,,,2017-06-01
1404580,Baseball Cards 2017 Bowman Draft Chrome,Chris Okey [Refractor] #BDC163,$1.75,,,,,,,,,,,,$1.89,,,,,,2,,,,,2017-06-01
8135302,Baseball Cards 2017 Bowman Draft Chrome,Chris Okey [Sky Blue Refractor] #BDC163,$0.25,,,,,,,,,,,,$0.99,,,,,,0,,,,,2017-06-01
8135312,Baseball Cards 2017 Bowman Draft Chrome,Chris Okey [SuperFractor] #BDC163,,,,,,,,,,,,,,,,,,,0,,,,,2017-06-01
1404241,Baseball Cards 2017 Bowman Draft Chrome,Christin Stewart #BDC91,$0.99,,,,,,,,,,,,$1.09,,,,,,1,,,,,2017-06-01
8134590,Baseball Cards 2017 Bowman Draft Chrome,Christin Stewart [70th Refractor] #BDC91,$0.25,,,,,,,,,,,,$0.99,,,,,,0,,,,,2017-06-01
1404242,Baseball Cards 2017 Bowman Draft Chrome,Christin Stewart [Blue Refractor] #BDC91,$2.54,,,,,,,,,,,,$2.79,,,,,,0,,,,,2017-06-01
8134595,Baseball Cards 2017 Bowman Draft Chrome,Christin Stewart [Gold Refractor] #BDC91,$0.25,,,,,,,,,,,,$0.99,,,,,,0,,,,,2017-06-01
8134594,Baseball Cards 2017 Bowman Draft Chrome,Christin Stewart [Green Refractor] #BDC91,$0.25,,,,,,,,,,,,$0.99,,,,,,0,,,,,2017-06-01
8134596,Baseball Cards 2017 Bowman Draft Chrome,Christin Stewart [Orange Refractor] #BDC91,$2.50,,,,,,,,,,,,$2.79,,,,,,1,,,,,2017-06-01
1404243,Baseball Cards 2017 Bowman Draft Chrome,Christin Stewart [Purple Refractor] #BDC91,$0.25,,,,,,,,,,,,$0.99,,,,,,0,,,,,2017-06-01
8134597,Baseball Cards 2017 Bowman Draft Chrome,Christin Stewart [Red Refractor] #BDC91,,,,,,,,,,,,,,,,,,,0,,,,,2017-06-01
1404244,Baseball Cards 2017 Bowman Draft Chrome,Christin Stewart [Refractor] #BDC91,$0.25,,,,,,,,,,,,$0.99,,,,,,0,,,,,2017-06-01
8134591,Baseball Cards 2017 Bowman Draft Chrome,Christin Stewart [Sky Blue Refractor] #BDC91,$0.25,,,,,,,,,,,,$0.99,,,,,,0,,,,,2017-06-01
8134598,Baseball Cards 2017 Bowman Draft Chrome,Christin Stewart [SuperFractor] #BDC91,,,,,,,,,,,,,,,,,,,0,,,,,2017-06-01
8134424,Baseball Cards 2017 Bowman Draft Chrome,Christopher Seise #BDC74,$0.12,,$5.09,$10.12,$20.17,$30.14,$39.00,$18.00,$18.00,,,,$0.99,,,$1.10,$5.59,,14,,,,,2017-06-01
1404141,Baseball Cards 2017 Bowman Draft Chrome,Christopher Seise [70th Refractor] #BDC74,,,,,,,,,,,,,,,,,,,0,,,,,2017-06-01
1404140,Baseball Cards 2017 Bowman Draft Chrome,Christopher Seise [Blue Refractor] #BDC74,$0.25,,,,,,,,,,,,$0.99,,,,,,0,,,,,2017-06-01
1404142,Baseball Cards 2017 Bowman Draft Chrome,Christopher Seise [Gold Refractor] #BDC74,$9.97,,,,,,,,,,,$2.80,$10.99,,,,,,1,,,,,2017-06-01
1404143,Baseball Cards 2017 Bowman Draft Chrome,Christopher Seise [Green Refractor] #BDC74,$0.25,,,,,,,,,,,,$0.99,,,,,,0,,,,,2017-06-01
1404144,Baseball Cards 2017 Bowman Draft Chrome,Christopher Seise [Orange Refractor] #BDC74,$1.04,,,,,,,,,,,,$1.09,,,,,,1,,,,,2017-06-01
1404145,Baseball Cards 2017 Bowman Draft Chrome,Christopher Seise [Purple Refractor] #BDC74,$0.25,,,,,,,,,,,,$0.99,,,,,,0,,,,,2017-06-01
8134431,Baseball Cards 2017 Bowman Draft Chrome,Christopher Seise [Red Refractor] #BDC74,,,,,,,,,,,,,,,,,,,0,,,,,2017-06-01
1404146,Baseball Cards 2017 Bowman Draft Chrome,Christopher Seise [Refractor] #BDC74,$1.49,,,,,,,,,,,,$1.59,,,,,,1,,,,,2017-06-01
1404147,Baseball Cards 2017 Bowman Draft Chrome,Christopher Seise [Sky Blue Refractor] #BDC74,$0.25,,,,,,,,,,,,$0.99,,,,,,0,,,,,2017-06-01
8134432,Baseball Cards 2017 Bowman Draft Chrome,Christopher Seise [SuperFractor] #BDC74,,,,,,,,,,,,,,,,,,,0,,,,,2017-06-01
1404733,Baseball Cards 2017 Bowman Draft Chrome,Clarke Schmidt #BDC197,$1.16,,$5.90,$11.16,$21.63,$25.00,$33.00,$15.00,$15.00,,,,$1.29,,,$1.30,$6.49,,12,,,,,2017-06-01
1405928,Baseball Cards 2017 Bowman Draft Chrome,Clarke Schmidt [70th Refractor] #BDC197,,,,,,,,,,,,,,,,,,,0,,,,,2017-06-01
1404734,Baseball Cards 2017 Bowman Draft Chrome,Clarke Schmidt [Blue Refractor] #BDC197,$9.99,,,,,$42.00,$55.00,$25.00,$25.00,,,$2.80,$10.99,,,,,,4,,,,,2017-06-01
1404736,Baseball Cards 2017 Bowman Draft Chrome,Clarke Schmidt [Gold Refractor] #BDC197,,,,,,,,,,,,,,,,,,,0,,,,,2017-06-01
1404737,Baseball Cards 2017 Bowman Draft Chrome,Clarke Schmidt [Green Refractor] #BDC197,$1.77,,,,,,,,,,,,$1.99,,,,,,1,,,,,2017-06-01
1404739,Baseball Cards 2017 Bowman Draft Chrome,Clarke Schmidt [Orange Refractor] #BDC197,$89.95,,,,,,,,,,,$39.60,$98.99,,,,,,0,,,,,2017-06-01
1404740,Baseball Cards 2017 Bowman Draft Chrome,Clarke Schmidt [Purple Refractor] #BDC197,$3.93,,,,,,,,,,,$0.90,$4.29,,,,,,1,,,,,2017-06-01
8135640,Baseball Cards 2017 Bowman Draft Chrome,Clarke Schmidt [Red Refractor] #BDC197,,,,,,,,,,,,,,,,,,,0,,,,,2017-06-01
1404741,Baseball Cards 2017 Bowman Draft Chrome,Clarke Schmidt [Refractor] #BDC197,$2.57,,$6.99,$14.00,$16.00,$16.63,$22.00,$10.00,$10.00,,,,$2.79,,,$1.50,$7.69,,44,,,,,2017-06-01
1404742,Baseball Cards 2017 Bowman Draft Chrome,Clarke Schmidt [Sky Blue Refractor] #BDC197,$3.41,,,,,,,,,,,$0.80,$3.79,,,,,,4,,,,,2017-06-01
8135641,Baseball Cards 2017 Bowman Draft Chrome,Clarke Schmidt [SuperFractor] #BDC197,,,,,,,,,,,,,,,,,,,0,,,,,2017-06-01
8135371,Baseball Cards 2017 Bowman Draft Chrome,Cody Sedlock #BDC170,$0.01,,,,,,,,,,,,$0.99,,,,,,1,,,,,2017-06-01
8135369,Baseball Cards 2017 Bowman Draft Chrome,Cody Sedlock [70th Refractor] #BDC170,$0.25,,,,,,,,,,,,$0.99,,,,,,0,,,,,2017-06-01
8135373,Baseball Cards 2017 Bowman Draft Chrome,Cody Sedlock [Blue Refractor] #BDC170,$0.25,,,,,,,,,,,,$0.99,,,,,,0,,,,,2017-06-01
1404609,Baseball Cards 2017 Bowman Draft Chrome,Cody Sedlock [Gold Refractor] #BDC170,$1.99,,,,,,,,,,,,$2.19,,,,,,1,,,,,2017-06-01
8135374,Baseball Cards 2017 Bowman Draft Chrome,Cody Sedlock [Green Refractor] #BDC170,$0.25,,,,,,,,,,,,$0.99,,,,,,0,,,,,2017-06-01
8135376,Baseball Cards 2017 Bowman Draft Chrome,Cody Sedlock [Orange Refractor] #BDC170,,,,,,,,,,,,,,,,,,,0,,,,,2017-06-01
8135372,Baseball Cards 2017 Bowman Draft Chrome,Cody Sedlock [Purple Refractor] #BDC170,$0.25,,,,,,,,,,,,$0.99,,,,,,0,,,,,2017-06-01
1404611,Baseball Cards 2017 Bowman Draft Chrome,Cody Sedlock [Red Refractor] #BDC170,$9.73,,,,,,,,,,,$2.80,$10.99,,,,,,0,,,,,2017-06-01
8135370,Baseball Cards 2017 Bowman Draft Chrome,Cody Sedlock [Sky Blue Refractor] #BDC170,$0.25,,,,,,,,,,,,$0.99,,,,,,0,,,,,2017-06-01
8135378,Baseball Cards 2017 Bowman Draft Chrome,Cody Sedlock [SuperFractor] #BDC170,,,,,,,,,,,,,,,,,,,0,,,,,2017-06-01
8135593,Baseball Cards 2017 Bowman Draft Chrome,Cole Brannen #BDC193,$0.25,,,,,,,,,,,,$0.99,,,,,,0,,,,,2017-06-01
8135594,Baseball Cards 2017 Bowman Draft Chrome,Cole Brannen [70th Refractor] #BDC193,$0.25,,,,,,,,,,,,$0.99,,,,,,0,,,,,2017-06-01
8135597,Baseball Cards 2017 Bowman Draft Chrome,Cole Brannen [Blue Refractor] #BDC193,$2.50,,,,,,,,,,,,$2.79,,,,,,1,,,,,2017-06-01
8135599,Baseball Cards 2017 Bowman Draft Chrome,Cole Brannen [Gold Refractor] #BDC193,$6.99,,,,,,,,,,,$1.50,$7.69,,,,,,1,,,,,2017-06-01
1404714,Baseball Cards 2017 Bowman Draft Chrome,Cole Brannen [Green Refractor] #BDC193,$0.25,,,,,,,,,,,,$0.99,,,,,,0,,,,,2017-06-01
1404715,Baseball Cards 2017 Bowman Draft Chrome,Cole Brannen [Orange Refractor] #BDC193,$3.42,,,,,,,,,,,$0.80,$3.79,,,,,,0,,,,,2017-06-01
8135596,Baseball Cards 2017 Bowman Draft Chrome,Cole Brannen [Purple Refractor] #BDC193,$0.25,,,,,,,,,,,,$0.99,,,,,,0,,,,,2017-06-01
8135601,Baseball Cards 2017 Bowman Draft Chrome,Cole Brannen [Red Refractor] #BDC193,$0.99,,,,,,,,,,,,$1.09,,,,,,1,,,,,2017-06-01
1404716,Baseball Cards 2017 Bowman Draft Chrome,Cole Brannen [Refractor] #BDC193,$1.59,,,,,,,,,,,,$1.79,,,,,,1,,,,,2017-06-01
1404717,Baseball Cards 2017 Bowman Draft Chrome,Cole Brannen [Sky Blue Refractor] #BDC193,$0.25,,,,,,,,,,,,$0.99,,,,,,0,,,,,2017-06-01
8135602,Baseball Cards 2017 Bowman Draft Chrome,Cole Brannen [SuperFractor] #BDC193,$24.99,,$24.39,$34.94,$55.06,$59.88,$78.00,$36.00,$36.00,,,$8.10,$26.99,,,$8.10,$26.99,,13,,,,,2017-06-01
8134042,Baseball Cards 2017 Bowman Draft Chrome,Cole Ragans #BDC35,$0.85,,,,,,,,,,,,$0.99,,,,,,4,,,,,2017-06-01
8134043,Baseball Cards 2017 Bowman Draft Chrome,Cole Ragans [70th Refractor] #BDC35,$2.99,,,,,,,,,,,,$3.29,,,,,,1,,,,,2017-06-01
8134046,Baseball Cards 2017 Bowman Draft Chrome,Cole Ragans [Blue Refractor] #BDC35,,,,,,,,,,,,,,,,,,,0,,,,,2017-06-01
8134049,Baseball Cards 2017 Bowman Draft Chrome,Cole Ragans [Gold Refractor] #BDC35,$7.95,,,,,,,,,,,$1.80,$8.79,,,,,,1,,,,,2017-06-01
8134047,Baseball Cards 2017 Bowman Draft Chrome,Cole Ragans [Green Refractor] #BDC35,,,,,,,,,,,,,,,,,,,0,,,,,2017-06-01
8134048,Baseball Cards 2017 Bowman Draft Chrome,Cole Ragans [Orange Refractor] #BDC35,,,,,,,,,,,,,,,,,,,0,,,,,2017-06-01
8134045,Baseball Cards 2017 Bowman Draft Chrome,Cole Ragans [Purple Refractor] #BDC35,$0.99,,$5.77,$10.99,$21.39,$31.18,$41.00,$19.00,$19.00,,,,$1.09,,,$1.30,$6.39,,7,,,,,2017-06-01
8135690,Baseball Cards 2017 Bowman Draft Chrome,Cole Ragans [Red Refractor] #BDC35,,,,,,,,,,,,,,,,,,,0,,,,,2017-06-01
1403931,Baseball Cards 2017 Bowman Draft Chrome,Cole Ragans [Sky Blue Refractor] #BDC35,$2.24,,$6.74,$12.24,$23.14,$32.68,$42.00,$20.00,$20.00,,,,$2.49,,,$1.50,$7.39,,8,,,,,2017-06-01
8134050,Baseball Cards 2017 Bowman Draft Chrome,Cole Ragans [SuperFractor] #BDC35,,,,,,,,,,,,,,,,,,,0,,,,,2017-06-01
1405927,Baseball Cards 2017 Bowman Draft Chrome,Colton Hock #BDC196,$0.23,,,,,,,,,,,,$0.99,,,,,,1,,,,,2017-06-01
8135624,Baseball Cards 2017 Bowman Draft Chrome,Colton Hock [70th Refractor] #BDC196,$0.25,,,,,,,,,,,,$0.99,,,,,,0,,,,,2017-06-01
8135627,Baseball Cards 2017 Bowman Draft Chrome,Colton Hock [Blue Refractor] #BDC196,$4.28,,,,,,,,,,,$0.90,$4.69,,,,,,0,,,,,2017-06-01
8135628,Baseball Cards 2017 Bowman Draft Chrome,Colton Hock [Gold Refractor] #BDC196,,,,,,,,,,,,,,,,,,,0,,,,,2017-06-01
8135722,Baseball Cards 2017 Bowman Draft Chrome,Colton Hock [Green Refractor] #BDC196,$0.25,,,,,,,,,,,,$0.99,,,,,,0,,,,,2017-06-01
8135629,Baseball Cards 2017 Bowman Draft Chrome,Colton Hock [Orange Refractor] #BDC196,,,,,,,,,,,,,,,,,,,0,,,,,2017-06-01
1404738,Baseball Cards 2017 Bowman Draft Chrome,Colton Hock [Purple Refractor] #BDC196,$1.75,,,,,,,,,,,,$1.89,,,,,,1,,,,,2017-06-01
8135630,Baseball Cards 2017 Bowman Draft Chrome,Colton Hock [Red Refractor] #BDC196,,,,,,,,,,,,,,,,,,,0,,,,,2017-06-01
1404732,Baseball Cards 2017 Bowman Draft Chrome,Colton Hock [Sky Blue Refractor] #BDC196,$0.25,,,,,,,,,,,,$0.99,,,,,,0,,,,,2017-06-01
8135631,Baseball Cards 2017 Bowman Draft Chrome,Colton Hock [SuperFractor] #BDC196,,,,,,,,,,,,,,,,,,,0,,,,,2017-06-01
8134491,Baseball Cards 2017 Bowman Draft Chrome,Conner Uselton #BDC81,$0.25,,,,,,,,,,,,$0.99,,,,,,0,,,,,2017-06-01
8134492,Baseball Cards 2017 Bowman Draft Chrome,Conner Uselton [70th Refractor] #BDC81,$3.42,,,,,,,,,,,$0.80,$3.79,,,,,,0,,,,,2017-06-01
8134495,Baseball Cards 2017 Bowman Draft Chrome,Conner Uselton [Blue Refractor] #BDC81,$0.25,,,,,,,,,,,,$0.99,,,,,,0,,,,,2017-06-01
1404181,Baseball Cards 2017 Bowman Draft Chrome,Conner Uselton [Gold Refractor] #BDC81,$2.59,,,,,,,,,,,,$2.89,,,,,,2,,,,,2017-06-01
8134496,Baseball Cards 2017 Bowman Draft Chrome,Conner Uselton [Green Refractor] #BDC81,$0.25,,,,,,,,,,,,$0.99,,,,,,0,,,,,2017-06-01
8134498,Baseball Cards 2017 Bowman Draft Chrome,Conner Uselton [Orange Refractor] #BDC81,,,,,,,,,,,,,,,,,,,0,,,,,2017-06-01
8134494,Baseball Cards 2017 Bowman Draft Chrome,Conner Uselton [Purple Refractor] #BDC81,$0.30,,,,,,,,,,,,$0.99,,,,,,1,,,,,2017-06-01
1404182,Baseball Cards 2017 Bowman Draft Chrome,Conner Uselton [Red Refractor] #BDC81,$29.99,,,,,,,,,,,$9.90,$32.99,,,,,,0,,,,,2017-06-01
8134493,Baseball Cards 2017 Bowman Draft Chrome,Conner Uselton [Sky Blue Refractor] #BDC81,$0.25,,,,,,,,,,,,$0.99,,,,,,0,,,,,2017-06-01
8134500,Baseball Cards 2017 Bowman Draft Chrome,Conner Uselton [SuperFractor] #BDC81,$12.00,,,,,,,,,,,$3.30,$12.99,,,,,,1,,,,,2017-06-01
8134452,Baseball Cards 2017 Bowman Draft Chrome,Connor Seabold #BDC77,$1.30,,,,,,,,,,,,$1.39,,,,,,2,,,,,2017-06-01
1404160,Baseball Cards 2017 Bowman Draft Chrome,Connor Seabold [70th Refractor] #BDC77,$2.84,,,,,,,,,,,,$3.09,,,,,,0,,,,,2017-06-01
8134455,Baseball Cards 2017 Bowman Draft Chrome,Connor Seabold [Blue Refractor] #BDC77,$2.99,,,,,,,,,,,,$3.29,,,,,,0,,,,,2017-06-01
8134457,Baseball Cards 2017 Bowman Draft Chrome,Connor Seabold [Gold Refractor] #BDC77,,,,,,,,,,,,,,,,,,,0,,,,,2017-06-01
1404161,Baseball Cards 2017 Bowman Draft Chrome,Connor Seabold [Green Refractor] #BDC77,$0.99,,,,,,,,,,,,$1.09,,,,,,1,,,,,2017-06-01
8134458,Baseball Cards 2017 Bowman Draft Chrome,Connor Seabold [Orange Refractor] #BDC77,,,,,,,,,,,,,,,,,,,0,,,,,2017-06-01
1404162,Baseball Cards 2017 Bowman Draft Chrome,Connor Seabold [Purple Refractor] #BDC77,$1.55,,,,,,,,,,,,$1.69,,,,,,5,,,,,2017-06-01
1404163,Baseball Cards 2017 Bowman Draft Chrome,Connor Seabold [Red Refractor] #BDC77,,,,,,,,,,,,,,,,,,,0,,,,,2017-06-01
8134453,Baseball Cards 2017 Bowman Draft Chrome,Connor Seabold [Sky Blue Refractor] #BDC77,$2.75,,,,,,,,,,,,$2.99,,,,,,0,,,,,2017-06-01
8134460,Baseball Cards 2017 Bowman Draft Chrome,Connor Seabold [SuperFractor] #BDC77,,,,,,,,,,,,,,,,,,,0,,,,,2017-06-01
1404657,Baseball Cards 2017 Bowman Draft Chrome,Connor Wong #BDC180,$1.34,,,,,,,,,,,,$1.49,,,,,,6,,,,,2017-06-01
1404659,Baseball Cards 2017 Bowman Draft Chrome,Connor Wong [70th Refractor] #BDC180,,,,,,,,,,,,,,,,,,,0,,,,,2017-06-01
1404658,Baseball Cards 2017 Bowman Draft Chrome,Connor Wong [Blue Refractor] #BDC180,$1.00,,$5.78,$11.00,$21.40,$31.19,$41.00,$19.00,$19.00,,,,$1.09,,,$1.30,$6.39,,8,,,,,2017-06-01
8135473,Baseball Cards 2017 Bowman Draft Chrome,Connor Wong [Gold Refractor] #BDC180,,,,,,,,,,,,,,,,,,,0,,,,,2017-06-01
1404660,Baseball Cards 2017 Bowman Draft Chrome,Connor Wong [Green Refractor] #BDC180,$0.99,,,,,,,,,,,,$1.09,,,,,,1,,,,,2017-06-01
8135472,Baseball Cards 2017 Bowman Draft Chrome,Connor Wong [Orange Refractor] #BDC180,$12.65,,,,,,,,,,,$3.50,$13.99,,,,,,1,,,,,2017-06-01
1404661,Baseball Cards 2017 Bowman Draft Chrome,Connor Wong [Purple Refractor] #BDC180,$7.00,,,,,,,,,,,$1.50,$7.69,,,,,,1,,,,,2017-06-01
8135474,Baseball Cards 2017 Bowman Draft Chrome,Connor Wong [Red Refractor] #BDC180,,,,,,,,,,,,,,,,,,,0,,,,,2017-06-01
1404662,Baseball Cards 2017 Bowman Draft Chrome,Connor Wong [Refractor] #BDC180,$1.49,,$6.16,$11.49,$22.09,$31.78,$41.00,$19.00,$19.00,,,,$1.59,,,$1.40,$6.79,,6,,,,,2017-06-01
1404663,Baseball Cards 2017 Bowman Draft Chrome,Connor Wong [Sky Blue Refractor] #BDC180,$2.99,,,,,,,,,,,,$3.29,,,,,,1,,,,,2017-06-01
8135475,Baseball Cards 2017 Bowman Draft Chrome,Connor Wong [SuperFractor] #BDC180,,,,,,,,,,,,,,,,,,,0,,,,,2017-06-01
8135007,Baseball Cards 2017 Bowman Draft Chrome,Corbin Martin #BDC133,$0.36,,,,,,,,,,,,$0.99,,,,,,2,,,,,2017-06-01
1404403,Baseball Cards 2017 Bowman Draft Chrome,Corbin Martin [70th Refractor] #BDC133,,,,,,,,,,,,,,,,,,,0,,,,,2017-06-01
1404402,Baseball Cards 2017 Bowman Draft Chrome,Corbin Martin [Blue Refractor] #BDC133,$0.25,,,,,,,,,,,,$0.99,,,,,,0,,,,,2017-06-01
1404404,Baseball Cards 2017 Bowman Draft Chrome,Corbin Martin [Gold Refractor] #BDC133,$16.95,,,,,,,,,,,$4.80,$18.99,,,,,,0,,,,,2017-06-01
8135012,Baseball Cards 2017 Bowman Draft Chrome,Corbin Martin [Green Refractor] #BDC133,,,,,,,,,,,,,,,,,,,0,,,,,2017-06-01
1404408,Baseball Cards 2017 Bowman Draft Chrome,Corbin Martin [Orange Refractor] #BDC133,$10.80,,,,,,,,,,,$3.00,$11.99,,,,,,0,,,,,2017-06-01
1404405,Baseball Cards 2017 Bowman Draft Chrome,Corbin Martin [Purple Refractor] #BDC133,$0.25,,,,,,,,,,,,$0.99,,,,,,0,,,,,2017-06-01
1404406,Baseball Cards 2017 Bowman Draft Chrome,Corbin Martin [Red Refractor] #BDC133,,,,,,,,,,,,,,,,,,,0,,,,,2017-06-01
1404407,Baseball Cards 2017 Bowman Draft Chrome,Corbin Martin [Refractor] #BDC133,$0.25,,,,,,,,,,,,$0.99,,,,,,0,,,,,2017-06-01
8135009,Baseball Cards 2017 Bowman Draft Chrome,Corbin Martin [Sky Blue Refractor] #BDC133,$0.25,,,,,,,,,,,,$0.99,,,,,,0,,,,,2017-06-01
8135016,Baseball Cards 2017 Bowman Draft Chrome,Corbin Martin [SuperFractor] #BDC133,,,,,,,,,,,,,,,,,,,0,,,,,2017-06-01
8134659,Baseball Cards 2017 Bowman Draft Chrome,Corey Ray #BDC98,$0.25,,,,,,,,,,,,$0.99,,,,,,0,,,,,2017-06-01
1404269,Baseball Cards 2017 Bowman Draft Chrome,Corey Ray [70th Refractor] #BDC98,,,,,,,,,,,,,,,,,,,0,,,,,2017-06-01
1404268,Baseball Cards 2017 Bowman Draft Chrome,Corey Ray [Blue Refractor] #BDC98,$0.25,,,,,,,,,,,,$0.99,,,,,,0,,,,,2017-06-01
8134665,Baseball Cards 2017 Bowman Draft Chrome,Corey Ray [Gold Refractor] #BDC98,$1.99,,,,,,,,,,,,$2.19,,,,,,1,,,,,2017-06-01
8134664,Baseball Cards 2017 Bowman Draft Chrome,Corey Ray [Green Refractor] #BDC98,$2.84,,,,,,,,,,,,$3.09,,,,,,0,,,,,2017-06-01
1404270,Baseball Cards 2017 Bowman Draft Chrome,Corey Ray [Orange Refractor] #BDC98,$12.04,,,,,,,,,,,$3.30,$12.99,,,,,,0,,,,,2017-06-01
1404271,Baseball Cards 2017 Bowman Draft Chrome,Corey Ray [Purple Refractor] #BDC98,$0.12,,,,,,,,,,,,$0.99,,,,,,1,,,,,2017-06-01
8134667,Baseball Cards 2017 Bowman Draft Chrome,Corey Ray [Red Refractor] #BDC98,,,,,,,,,,,,,,,,,,,0,,,,,2017-06-01
8134661,Baseball Cards 2017 Bowman Draft Chrome,Corey Ray [Sky Blue Refractor] #BDC98,$0.25,,,,,,,,,,,,$0.99,,,,,,0,,,,,2017-06-01
8134668,Baseball Cards 2017 Bowman Draft Chrome,Corey Ray [SuperFractor] #BDC98,,,,,,,,,,,,,,,,,,,0,,,,,2017-06-01
1403987,Baseball Cards 2017 Bowman Draft Chrome,Cory Abbott #BDC43,$1.61,,,,,,,,,,,,$1.79,,,,,,1,,,,,2017-06-01
1403988,Baseball Cards 2017 Bowman Draft Chrome,Cory Abbott [70th Refractor] #BDC43,$1.99,,,,,,,,,,,,$2.19,,,,,,1,,,,,2017-06-01
8134123,Baseball Cards 2017 Bowman Draft Chrome,Cory Abbott [Blue Refractor] #BDC43,$0.25,,,,,,,,,,,,$0.99,,,,,,0,,,,,2017-06-01
8134125,Baseball Cards 2017 Bowman Draft Chrome,Cory Abbott [Gold Refractor] #BDC43,,,,,,,,,,,,,,,,,,,0,,,,,2017-06-01
1403989,Baseball Cards 2017 Bowman Draft Chrome,Cory Abbott [Green Refractor] #BDC43,$1.75,,,,,,,,,,,,$1.89,,,,,,2,,,,,2017-06-01
8134126,Baseball Cards 2017 Bowman Draft Chrome,Cory Abbott [Orange Refractor] #BDC43,,,,,,,,,,,,,,,,,,,0,,,,,2017-06-01
8134122,Baseball Cards 2017 Bowman Draft Chrome,Cory Abbott [Purple Refractor] #BDC43,$1.99,,,,,,,,,,,,$2.19,,,,,,1,,,,,2017-06-01
8134127,Baseball Cards 2017 Bowman Draft Chrome,Cory Abbott [Red Refractor] #BDC43,,,,,,,,,,,,,,,,,,,0,,,,,2017-06-01
8134121,Baseball Cards 2017 Bowman Draft Chrome,Cory Abbott [Sky Blue Refractor] #BDC43,$2.38,,,,,,,,,,,,$2.59,,,,,,0,,,,,2017-06-01
8134128,Baseball Cards 2017 Bowman Draft Chrome,Cory Abbott [SuperFractor] #BDC43,,,,,,,,,,,,,,,,,,,0,,,,,2017-06-01
1403959,Baseball Cards 2017 Bowman Draft Chrome,Cristian Pache #BDC40,$7.00,,,,,$3.63,$5.00,$2.00,$2.00,,,$1.50,$7.69,,,,,,3,,,,,2017-06-01
1403961,Baseball Cards 2017 Bowman Draft Chrome,Cristian Pache [70th Refractor] #BDC40,,,,,,$7.97,$10.00,$5.00,$5.00,,,,,,,,,,1,,,,,2017-06-01
1403960,Baseball Cards 2017 Bowman Draft Chrome,Cristian Pache [Blue Refractor] #BDC40,$0.25,,,,,$7.00,$9.00,$4.00,$4.00,,,,$0.99,,,,,,3,,,,,2017-06-01
1403962,Baseball Cards 2017 Bowman Draft Chrome,Cristian Pache [Gold Refractor] #BDC40,$0.99,,,,,$2.95,$4.00,$2.00,$2.00,,,,$1.09,,,,,,2,,,,,2017-06-01
1403963,Baseball Cards 2017 Bowman Draft Chrome,Cristian Pache [Green Refractor] #BDC40,$4.50,,,,,$5.50,$7.00,$3.00,$3.00,,,$1.00,$4.99,,,,,,1,,,,,2017-06-01
1403964,Baseball Cards 2017 Bowman Draft Chrome,Cristian Pache [Orange Refractor] #BDC40,,,,,,,$8.00,,,,,,,,,,,,0,,,,,2017-06-01
1403965,Baseball Cards 2017 Bowman Draft Chrome,Cristian Pache [Purple Refractor] #BDC40,$1.75,,,,,,,,,,,,$1.89,,,,,,1,,,,,2017-06-01
8134097,Baseball Cards 2017 Bowman Draft Chrome,Cristian Pache [Red Refractor] #BDC40,,,,,,,,,,,,,,,,,,,0,,,,,2017-06-01
1403966,Baseball Cards 2017 Bowman Draft Chrome,Cristian Pache [Refractor] #BDC40,$1.50,,$6.65,$7.00,$8.00,$8.00,$10.00,$5.00,$5.00,,,,$1.69,,,$1.50,$7.29,,9,,,,,2017-06-01
1403967,Baseball Cards 2017 Bowman Draft Chrome,Cristian Pache [Sky Blue Refractor] #BDC40,$2.00,,,,,$6.48,$8.00,$4.00,$4.00,,,,$2.19,,,,,,2,,,,,2017-06-01
8134098,Baseball Cards 2017 Bowman Draft Chrome,Cristian Pache [SuperFractor] #BDC40,,,,,,,,,,,,,,,,,,,0,,,,,2017-06-01
1404183,Baseball Cards 2017 Bowman Draft Chrome,D.L. Hall #BDC82,$0.92,,,,,$19.99,$26.00,$12.00,$12.00,,,,$0.99,,,,,,3,,,,,2017-06-01
1404184,Baseball Cards 2017 Bowman Draft Chrome,D.L. Hall [70th Refractor] #BDC82,$5.00,,,,,,,,,,,$1.10,$5.49,,,,,,0,,,,,2017-06-01
8134505,Baseball Cards 2017 Bowman Draft Chrome,D.L. Hall [Blue Refractor] #BDC82,,,,,,,,,,,,,,,,,,,0,,,,,2017-06-01
1404185,Baseball Cards 2017 Bowman Draft Chrome,D.L. Hall [Gold Refractor] #BDC82,$35.89,,,,,,,,,,,$15.60,$38.99,,,,,,0,,,,,2017-06-01
8134506,Baseball Cards 2017 Bowman Draft Chrome,D.L. Hall [Green Refractor] #BDC82,,,,,,,,,,,,,,,,,,,0,,,,,2017-06-01
1404186,Baseball Cards 2017 Bowman Draft Chrome,D.L. Hall [Orange Refractor] #BDC82,$23.24,,,,,,,,,,,$7.80,$25.99,,,,,,1,,,,,2017-06-01
1404187,Baseball Cards 2017 Bowman Draft Chrome,D.L. Hall [Purple Refractor] #BDC82,$1.39,,,,,,,,,,,,$1.49,,,,,,1,,,,,2017-06-01
1404188,Baseball Cards 2017 Bowman Draft Chrome,D.L. Hall [Red Refractor] #BDC82,,,,,,,,,,,,,,,,,,,0,,,,,2017-06-01
1404189,Baseball Cards 2017 Bowman Draft Chrome,D.L. Hall [Refractor] #BDC82,$1.02,,,$9.99,$11.00,$15.26,$20.00,$9.00,$9.00,,,,$1.09,,,,,,7,,,,,2017-06-01
1404190,Baseball Cards 2017 Bowman Draft Chrome,D.L. Hall [Sky Blue Refractor] #BDC82,$0.99,,,,,,,,,,,,$1.09,,,,,,2,,,,,2017-06-01
8134510,Baseball Cards 2017 Bowman Draft Chrome,D.L. Hall [SuperFractor] #BDC82,,,,,,,,,,,,,,,,,,,0,,,,,2017-06-01
8135526,Baseball Cards 2017 Bowman Draft Chrome,Dane Dunning #BDC186,$0.25,,,,,,,,,,,,$0.99,,,,,,0,,,,,2017-06-01
8135527,Baseball Cards 2017 Bowman Draft Chrome,Dane Dunning [70th Refractor] #BDC186,,,,,,,,,,,,,,,,,,,0,,,,,2017-06-01
1404683,Baseball Cards 2017 Bowman Draft Chrome,Dane Dunning [Blue Refractor] #BDC186,$1.99,,,,,,,,,,,,$2.19,,,,,,1,,,,,2017-06-01
1404684,Baseball Cards 2017 Bowman Draft Chrome,Dane Dunning [Gold Refractor] #BDC186,$1.99,,,,,,,,,,,,$2.19,,,,,,1,,,,,2017-06-01
8135531,Baseball Cards 2017 Bowman Draft Chrome,Dane Dunning [Green Refractor] #BDC186,$0.25,,,,,,,,,,,,$0.99,,,,,,0,,,,,2017-06-01
8135533,Baseball Cards 2017 Bowman Draft Chrome,Dane Dunning [Orange Refractor] #BDC186,,,,,,,,,,,,,,,,,,,0,,,,,2017-06-01
8135529,Baseball Cards 2017 Bowman Draft Chrome,Dane Dunning [Purple Refractor] #BDC186,$0.25,,,,,,,,,,,,$0.99,,,,,,0,,,,,2017-06-01
8135534,Baseball Cards 2017 Bowman Draft Chrome,Dane Dunning [Red Refractor] #BDC186,,,,,,,,,,,,,,,,,,,0,,,,,2017-06-01
1404685,Baseball Cards 2017 Bowman Draft Chrome,Dane Dunning [Refractor] #BDC186,$2.25,,,,,,,,,,,,$2.49,,,,,,1,,,,,2017-06-01
8135528,Baseball Cards 2017 Bowman Draft Chrome,Dane Dunning [Sky Blue Refractor] #BDC186,$0.25,,,,,,,,,,,,$0.99,,,,,,0,,,,,2017-06-01
8135535,Baseball Cards 2017 Bowman Draft Chrome,Dane Dunning [SuperFractor] #BDC186,,,,,,,,,,,,,,,,,,,0,,,,,2017-06-01
1404081,Baseball Cards 2017 Bowman Draft Chrome,Daniel Tillo #BDC59,$1.20,,,,,,,,,,,,$1.29,,,,,,1,,,,,2017-06-01
1404075,Baseball Cards 2017 Bowman Draft Chrome,Daniel Tillo [70th Refractor] #BDC59,,,,,,,,,,,,,,,,,,,0,,,,,2017-06-01
1404074,Baseball Cards 2017 Bowman Draft Chrome,Daniel Tillo [Blue Refractor] #BDC59,$4.99,,,,,,,,,,,$1.10,$5.49,,,,,,1,,,,,2017-06-01
1404076,Baseball Cards 2017 Bowman Draft Chrome,Daniel Tillo [Gold Refractor] #BDC59,$6.29,,,,,,,,,,,$1.40,$6.89,,,,,,0,,,,,2017-06-01
1404077,Baseball Cards 2017 Bowman Draft Chrome,Daniel Tillo [Green Refractor] #BDC59,$4.26,,,,,,,,,,,$0.90,$4.69,,,,,,1,,,,,2017-06-01
1404078,Baseball Cards 2017 Bowman Draft Chrome,Daniel Tillo [Orange Refractor] #BDC59,,,,,,,,,,,,,,,,,,,0,,,,,2017-06-01
1404079,Baseball Cards 2017 Bowman Draft Chrome,Daniel Tillo [Purple Refractor] #BDC59,$1.95,,,,,,,,,,,,$2.19,,,,,,1,,,,,2017-06-01
8134284,Baseball Cards 2017 Bowman Draft Chrome,Daniel Tillo [Red Refractor] #BDC59,,,,,,,,,,,,,,,,,,,0,,,,,2017-06-01
1404080,Baseball Cards 2017 Bowman Draft Chrome,Daniel Tillo [Refractor] #BDC59,$0.79,,,,,,,,,,,,$0.99,,,,,,1,,,,,2017-06-01
1404073,Baseball Cards 2017 Bowman Draft Chrome,Daniel Tillo [Sky Blue Refractor] #BDC59,$0.99,,,,,,,,,,,,$1.09,,,,,,1,,,,,2017-06-01
8134285,Baseball Cards 2017 Bowman Draft Chrome,Daniel Tillo [SuperFractor] #BDC59,,,,,,,,,,,,,,,,,,,0,,,,,2017-06-01
8134907,Baseball Cards 2017 Bowman Draft Chrome,Daulton Jefferies #BDC123,$0.16,,$5.10,$10.13,$20.18,$30.15,$39.00,$18.00,$18.00,,,,$0.99,,,$1.10,$5.59,,11,,,,,2017-06-01
8134908,Baseball Cards 2017 Bowman Draft Chrome,Daulton Jefferies [70th Refractor] #BDC123,$0.25,,,,,,,,,,,,$0.99,,,,,,0,,,,,2017-06-01
8134911,Baseball Cards 2017 Bowman Draft Chrome,Daulton Jefferies [Blue Refractor] #BDC123,$0.25,,,,,,,,,,,,$0.99,,,,,,0,,,,,2017-06-01
8134913,Baseball Cards 2017 Bowman Draft Chrome,Daulton Jefferies [Gold Refractor] #BDC123,,,,,,,,,,,,,,,,,,,0,,,,,2017-06-01
1404379,Baseball Cards 2017 Bowman Draft Chrome,Daulton Jefferies [Green Refractor] #BDC123,$1.23,,,,,,,,,,,,$1.39,,,,,,2,,,,,2017-06-01
8134914,Baseball Cards 2017 Bowman Draft Chrome,Daulton Jefferies [Orange Refractor] #BDC123,,,,,,,,,,,,,,,,,,,0,,,,,2017-06-01
8134910,Baseball Cards 2017 Bowman Draft Chrome,Daulton Jefferies [Purple Refractor] #BDC123,$0.25,,,,,,,,,,,,$0.99,,,,,,0,,,,,2017-06-01
8134915,Baseball Cards 2017 Bowman Draft Chrome,Daulton Jefferies [Red Refractor] #BDC123,,,,,,,,,,,,,,,,,,,0,,,,,2017-06-01
8134909,Baseball Cards 2017 Bowman Draft Chrome,Daulton Jefferies [Sky Blue Refractor] #BDC123,$0.25,,,,,,,,,,,,$0.99,,,,,,0,,,,,2017-06-01
8134916,Baseball Cards 2017 Bowman Draft Chrome,Daulton Jefferies [SuperFractor] #BDC123,,,,,,,,,,,,,,,,,,,0,,,,,2017-06-01
1403849,Baseball Cards 2017 Bowman Draft Chrome,Daulton Varsho #BDC17,$1.15,,$6.04,$11.34,$14.00,$14.00,$18.00,$8.00,$8.00,,,,$1.29,,,$1.30,$6.59,,15,,,,,2017-06-01
1403851,Baseball Cards 2017 Bowman Draft Chrome,Daulton Varsho [70th Refractor] #BDC17,,,,,,,,,,,,,,,,,,,0,,,,,2017-06-01
1403850,Baseball Cards 2017 Bowman Draft Chrome,Daulton Varsho [Blue Refractor] #BDC17,$9.50,,,,,$55.00,$72.00,$33.00,$33.00,,,$2.00,$9.99,,,,,,5,,,,,2017-06-01
1403852,Baseball Cards 2017 Bowman Draft Chrome,Daulton Varsho [Gold Refractor] #BDC17,,,,,,$160.09,$208.00,$96.00,$96.00,,,,,,,,,,1,,,,,2017-06-01
1403853,Baseball Cards 2017 Bowman Draft Chrome,Daulton Varsho [Green Refractor] #BDC17,,,,,,,,,,,,,,,,,,,0,,,,,2017-06-01
1403854,Baseball Cards 2017 Bowman Draft Chrome,Daulton Varsho [Orange Refractor] #BDC17,,,,$29.99,$33.00,,,,,,,,,,,,,,1,,,,,2017-06-01
1403855,Baseball Cards 2017 Bowman Draft Chrome,Daulton Varsho [Purple Refractor] #BDC17,$2.73,,,,,,,,,,,,$2.99,,,,,,2,,,,,2017-06-01
8133875,Baseball Cards 2017 Bowman Draft Chrome,Daulton Varsho [Red Refractor] #BDC17,,,,,,,,,,,,,,,,,,,0,,,,,2017-06-01
1403856,Baseball Cards 2017 Bowman Draft Chrome,Daulton Varsho [Refractor] #BDC17,$1.78,,$6.55,$12.00,$22.81,$26.03,$34.00,$16.00,$16.00,,,,$1.99,,,$1.40,$7.19,,24,,,,,2017-06-01
1403857,Baseball Cards 2017 Bowman Draft Chrome,Daulton Varsho [Sky Blue Refractor] #BDC17,$3.89,,,,,,,,,,,$0.90,$4.29,,,,,,3,,,,,2017-06-01
8133876,Baseball Cards 2017 Bowman Draft Chrome,Daulton Varsho [SuperFractor] #BDC17,,,,,,,,,,,,,,,,,,,0,,,,,2017-06-01
8134461,Baseball Cards 2017 Bowman Draft Chrome,David Peterson #BDC78,$1.43,,$6.11,$11.43,$22.01,$31.71,$41.00,$19.00,$19.00,,,,$1.59,,,$1.30,$6.69,,8,,,,,2017-06-01
8134462,Baseball Cards 2017 Bowman Draft Chrome,David Peterson [70th Refractor] #BDC78,,,,,,,,,,,,,,,,,,,0,,,,,2017-06-01
8134465,Baseball Cards 2017 Bowman Draft Chrome,David Peterson [Blue Refractor] #BDC78,$16.99,,,,,,,,,,,$4.80,$18.99,,,,,,1,,,,,2017-06-01
1404164,Baseball Cards 2017 Bowman Draft Chrome,David Peterson [Gold Refractor] #BDC78,,,,,,,,,,,,,,,,,,,0,,,,,2017-06-01
1404165,Baseball Cards 2017 Bowman Draft Chrome,David Peterson [Green Refractor] #BDC78,$8.24,,,,,,,,,,,$1.80,$9.09,,,,,,0,,,,,2017-06-01
8134468,Baseball Cards 2017 Bowman Draft Chrome,David Peterson [Orange Refractor] #BDC78,,,,,,,,,,,,,,,,,,,0,,,,,2017-06-01
8134464,Baseball Cards 2017 Bowman Draft Chrome,David Peterson [Purple Refractor] #BDC78,$2.99,,,,,,,,,,,,$3.29,,,,,,1,,,,,2017-06-01
8134469,Baseball Cards 2017 Bowman Draft Chrome,David Peterson [Red Refractor] #BDC78,,,,,,,,,,,,,,,,,,,0,,,,,2017-06-01
1404166,Baseball Cards 2017 Bowman Draft Chrome,David Peterson [Refractor] #BDC78,$1.77,,$6.37,$11.77,$22.48,$32.12,$42.00,$19.00,$19.00,,,,$1.99,,,$1.40,$6.99,,15,,,,,2017-06-01
1404167,Baseball Cards 2017 Bowman Draft Chrome,David Peterson [Sky Blue Refractor] #BDC78,$6.00,,,,,,,,,,,$1.30,$6.59,,,,,,4,,,,,2017-06-01
8134470,Baseball Cards 2017 Bowman Draft Chrome,David Peterson [SuperFractor] #BDC78,,,,,,,,,,,,,,,,,,,0,,,,,2017-06-01
8135132,Baseball Cards 2017 Bowman Draft Chrome,David Thompson #BDC146,$0.25,,,,,,,,,,,,$0.99,,,,,,0,,,,,2017-06-01
1404482,Baseball Cards 2017 Bowman Draft Chrome,David Thompson [70th Refractor] #BDC146,,,,,,,,,,,,,,,,,,,0,,,,,2017-06-01
1404481,Baseball Cards 2017 Bowman Draft Chrome,David Thompson [Blue Refractor] #BDC146,$0.25,,,,,,,,,,,,$0.99,,,,,,0,,,,,2017-06-01
8135138,Baseball Cards 2017 Bowman Draft Chrome,David Thompson [Gold Refractor] #BDC146,$2.26,,,,,,,,,,,,$2.49,,,,,,0,,,,,2017-06-01
1404483,Baseball Cards 2017 Bowman Draft Chrome,David Thompson [Green Refractor] #BDC146,$0.25,,,,,,,,,,,,$0.99,,,,,,0,,,,,2017-06-01
8135139,Baseball Cards 2017 Bowman Draft Chrome,David Thompson [Orange Refractor] #BDC146,,,,,,,,,,,,,,,,,,,0,,,,,2017-06-01
8135135,Baseball Cards 2017 Bowman Draft Chrome,David Thompson [Purple Refractor] #BDC146,$0.25,,,,,,,,,,,,$0.99,,,,,,0,,,,,2017-06-01
1404484,Baseball Cards 2017 Bowman Draft Chrome,David Thompson [Red Refractor] #BDC146,$86.50,,,,,$29.00,$38.00,$17.00,$17.00,,,$38.00,$94.99,,,,,,1,,,,,2017-06-01
8135134,Baseball Cards 2017 Bowman Draft Chrome,David Thompson [Sky Blue Refractor] #BDC146,$0.25,,,,,,,,,,,,$0.99,,,,,,0,,,,,2017-06-01
8135141,Baseball Cards 2017 Bowman Draft Chrome,David Thompson [SuperFractor] #BDC146,,,,,,,,,,,,,,,,,,,0,,,,,2017-06-01
8135427,Baseball Cards 2017 Bowman Draft Chrome,Dawel Lugo #BDC176,$0.99,,,,,,,,,,,,$1.09,,,,,,1,,,,,2017-06-01
8135428,Baseball Cards 2017 Bowman Draft Chrome,Dawel Lugo [70th Refractor] #BDC176,$0.25,,,,,,,,,,,,$0.99,,,,,,0,,,,,2017-06-01
8135718,Baseball Cards 2017 Bowman Draft Chrome,Dawel Lugo [Blue Refractor] #BDC176,$0.25,,,,,,,,,,,,$0.99,,,,,,0,,,,,2017-06-01
8135432,Baseball Cards 2017 Bowman Draft Chrome,Dawel Lugo [Gold Refractor] #BDC176,,,,,,,,,,,,,,,,,,,0,,,,,2017-06-01
8135431,Baseball Cards 2017 Bowman Draft Chrome,Dawel Lugo [Green Refractor] #BDC176,$0.25,,,,,,,,,,,,$0.99,,,,,,0,,,,,2017-06-01
8135433,Baseball Cards 2017 Bowman Draft Chrome,Dawel Lugo [Orange Refractor] #BDC176,,,,,,,,,,,,,,,,,,,0,,,,,2017-06-01
8135430,Baseball Cards 2017 Bowman Draft Chrome,Dawel Lugo [Purple Refractor] #BDC176,$0.25,,,,,,,,,,,,$0.99,,,,,,0,,,,,2017-06-01
1404633,Baseball Cards 2017 Bowman Draft Chrome,Dawel Lugo [Red Refractor] #BDC176,,,,,,,,,,,,,,,,,,,0,,,,,2017-06-01
8135429,Baseball Cards 2017 Bowman Draft Chrome,Dawel Lugo [Sky Blue Refractor] #BDC176,$1.57,,,,,,,,,,,,$1.69,,,,,,3,,,,,2017-06-01
8135435,Baseball Cards 2017 Bowman Draft Chrome,Dawel Lugo [SuperFractor] #BDC176,,,,,,,,,,,,,,,,,,,0,,,,,2017-06-01
1404488,Baseball Cards 2017 Bowman Draft Chrome,Delvin Perez #BDC147,$0.06,,,,,,,,,,,,$0.99,,,,,,1,,,,,2017-06-01
1404485,Baseball Cards 2017 Bowman Draft Chrome,Delvin Perez [70th Refractor] #BDC147,$0.25,,,,,,,,,,,,$0.99,,,,,,0,,,,,2017-06-01
8135146,Baseball Cards 2017 Bowman Draft Chrome,Delvin Perez [Blue Refractor] #BDC147,$2.50,,,,,,,,,,,,$2.79,,,,,,0,,,,,2017-06-01
8135148,Baseball Cards 2017 Bowman Draft Chrome,Delvin Perez [Gold Refractor] #BDC147,,,,,,,,,,,,,,,,,,,0,,,,,2017-06-01
1404486,Baseball Cards 2017 Bowman Draft Chrome,Delvin Perez [Green Refractor] #BDC147,$0.99,,,,,,,,,,,,$1.09,,,,,,1,,,,,2017-06-01
8135150,Baseball Cards 2017 Bowman Draft Chrome,Delvin Perez [Orange Refractor] #BDC147,,,,,,,,,,,,,,,,,,,0,,,,,2017-06-01
8135145,Baseball Cards 2017 Bowman Draft Chrome,Delvin Perez [Purple Refractor] #BDC147,$1.99,,,,,,,,,,,,$2.19,,,,,,1,,,,,2017-06-01
8135149,Baseball Cards 2017 Bowman Draft Chrome,Delvin Perez [Red Refractor] #BDC147,,,,,,,,,,,,,,,,,,,0,,,,,2017-06-01
1404487,Baseball Cards 2017 Bowman Draft Chrome,Delvin Perez [Refractor] #BDC147,$0.25,,,,,,,,,,,,$0.99,,,,,,0,,,,,2017-06-01
8135144,Baseball Cards 2017 Bowman Draft Chrome,Delvin Perez [Sky Blue Refractor] #BDC147,$1.89,,,,,,,,,,,,$2.09,,,,,,1,,,,,2017-06-01
8135151,Baseball Cards 2017 Bowman Draft Chrome,Delvin Perez [SuperFractor] #BDC147,,,,,,,,,,,,,,,,,,,0,,,,,2017-06-01
8135090,Baseball Cards 2017 Bowman Draft Chrome,Desmond Lindsay #BDC142,$0.25,,,,,,,,,,,,$0.99,,,,,,0,,,,,2017-06-01
8135091,Baseball Cards 2017 Bowman Draft Chrome,Desmond Lindsay [70th Refractor] #BDC142,$0.25,,,,,,,,,,,,$0.99,,,,,,0,,,,,2017-06-01
1404463,Baseball Cards 2017 Bowman Draft Chrome,Desmond Lindsay [Blue Refractor] #BDC142,$0.25,,,,,,,,,,,,$0.99,,,,,,0,,,,,2017-06-01
8135096,Baseball Cards 2017 Bowman Draft Chrome,Desmond Lindsay [Gold Refractor] #BDC142,$1.99,,,,,,,,,,,,$2.19,,,,,,1,,,,,2017-06-01
8135095,Baseball Cards 2017 Bowman Draft Chrome,Desmond Lindsay [Green Refractor] #BDC142,$0.25,,,,,,,,,,,,$0.99,,,,,,0,,,,,2017-06-01
8135097,Baseball Cards 2017 Bowman Draft Chrome,Desmond Lindsay [Orange Refractor] #BDC142,,,,,,,,,,,,,,,,,,,0,,,,,2017-06-01
8135093,Baseball Cards 2017 Bowman Draft Chrome,Desmond Lindsay [Purple Refractor] #BDC142,$0.25,,,,,,,,,,,,$0.99,,,,,,0,,,,,2017-06-01
8135098,Baseball Cards 2017 Bowman Draft Chrome,Desmond Lindsay [Red Refractor] #BDC142,,,,,,,,,,,,,,,,,,,0,,,,,2017-06-01
8135092,Baseball Cards 2017 Bowman Draft Chrome,Desmond Lindsay [Sky Blue Refractor] #BDC142,$0.25,,,,,,,,,,,,$0.99,,,,,,0,,,,,2017-06-01
8135099,Baseball Cards 2017 Bowman Draft Chrome,Desmond Lindsay [SuperFractor] #BDC142,,,,,,,,,,,,,,,,,,,0,,,,,2017-06-01
8135190,Baseball Cards 2017 Bowman Draft Chrome,Dillon Tate #BDC152,$0.25,,,,,,,,,,,,$0.99,,,,,,0,,,,,2017-06-01
8135191,Baseball Cards 2017 Bowman Draft Chrome,Dillon Tate [70th Refractor] #BDC152,$0.25,,,,,,,,,,,,$0.99,,,,,,0,,,,,2017-06-01
8135194,Baseball Cards 2017 Bowman Draft Chrome,Dillon Tate [Blue Refractor] #BDC152,$0.25,,,,,,,,,,,,$0.99,,,,,,0,,,,,2017-06-01
8135196,Baseball Cards 2017 Bowman Draft Chrome,Dillon Tate [Gold Refractor] #BDC152,$2.90,,,,,,,,,,,,$3.19,,,,,,1,,,,,2017-06-01
1404514,Baseball Cards 2017 Bowman Draft Chrome,Dillon Tate [Green Refractor] #BDC152,$1.49,,,,,,,,,,,,$1.59,,,,,,1,,,,,2017-06-01
8135197,Baseball Cards 2017 Bowman Draft Chrome,Dillon Tate [Orange Refractor] #BDC152,,,,,,,,,,,,,,,,,,,0,,,,,2017-06-01
8135193,Baseball Cards 2017 Bowman Draft Chrome,Dillon Tate [Purple Refractor] #BDC152,$0.25,,,,,,,,,,,,$0.99,,,,,,0,,,,,2017-06-01
8135198,Baseball Cards 2017 Bowman Draft Chrome,Dillon Tate [Red Refractor] #BDC152,$14.99,,,,,,,,,,,$4.00,$15.99,,,,,,1,,,,,2017-06-01
1404515,Baseball Cards 2017 Bowman Draft Chrome,Dillon Tate [Refractor] #BDC152,$1.75,,,,,,,,,,,,$1.89,,,,,,1,,,,,2017-06-01
8135192,Baseball Cards 2017 Bowman Draft Chrome,Dillon Tate [Sky Blue Refractor] #BDC152,$2.53,,,,,,,,,,,,$2.79,,,,,,0,,,,,2017-06-01
8135199,Baseball Cards 2017 Bowman Draft Chrome,Dillon Tate [SuperFractor] #BDC152,,,,,,,,,,,,,,,,,,,0,,,,,2017-06-01
8135250,Baseball Cards 2017 Bowman Draft Chrome,Drew Ellis #BDC158,$0.09,,$5.07,$10.09,$20.13,$30.11,$39.00,$18.00,$18.00,,,,$0.99,,,$1.10,$5.59,,14,,,,,2017-06-01
1404550,Baseball Cards 2017 Bowman Draft Chrome,Drew Ellis [70th Refractor] #BDC158,,,,,,,,,,,,,,,,,,,0,,,,,2017-06-01
1404549,Baseball Cards 2017 Bowman Draft Chrome,Drew Ellis [Blue Refractor] #BDC158,$0.25,,,,,,,,,,,,$0.99,,,,,,0,,,,,2017-06-01
1404551,Baseball Cards 2017 Bowman Draft Chrome,Drew Ellis [Gold Refractor] #BDC158,$8.29,,,,,,,,,,,$1.80,$9.09,,,,,,0,,,,,2017-06-01
1404552,Baseball Cards 2017 Bowman Draft Chrome,Drew Ellis [Green Refractor] #BDC158,$2.26,,,,,,,,,,,,$2.49,,,,,,3,,,,,2017-06-01
1404553,Baseball Cards 2017 Bowman Draft Chrome,Drew Ellis [Orange Refractor] #BDC158,$10.89,,,,,,,,,,,$3.00,$11.99,,,,,,0,,,,,2017-06-01
1404554,Baseball Cards 2017 Bowman Draft Chrome,Drew Ellis [Purple Refractor] #BDC158,$0.25,,,,,,,,,,,,$0.99,,,,,,0,,,,,2017-06-01
1404555,Baseball Cards 2017 Bowman Draft Chrome,Drew Ellis [Red Refractor] #BDC158,,,,,,,,,,,,,,,,,,,0,,,,,2017-06-01
1404556,Baseball Cards 2017 Bowman Draft Chrome,Drew Ellis [Refractor] #BDC158,$0.56,,,,,,,,,,,,$0.99,,,,,,2,,,,,2017-06-01
1404557,Baseball Cards 2017 Bowman Draft Chrome,Drew Ellis [Sky Blue Refractor] #BDC158,$0.25,,,,,,,,,,,,$0.99,,,,,,0,,,,,2017-06-01
8135259,Baseball Cards 2017 Bowman Draft Chrome,Drew Ellis [SuperFractor] #BDC158,,,,,,,,,,,,,,,,,,,0,,,,,2017-06-01
8134709,Baseball Cards 2017 Bowman Draft Chrome,Drew Strotman #BDC103,$2.99,,,,,,,,,,,,$3.29,,,,,,1,,,,,2017-06-01
8134710,Baseball Cards 2017 Bowman Draft Chrome,Drew Strotman [70th Refractor] #BDC103,$3.42,,,,,,,,,,,$0.80,$3.79,,,,,,0,,,,,2017-06-01
8134713,Baseball Cards 2017 Bowman Draft Chrome,Drew Strotman [Blue Refractor] #BDC103,$0.25,,,,,,,,,,,,$0.99,,,,,,0,,,,,2017-06-01
1404287,Baseball Cards 2017 Bowman Draft Chrome,Drew Strotman [Gold Refractor] #BDC103,$1.33,,,,,,,,,,,,$1.49,,,,,,1,,,,,2017-06-01
1404288,Baseball Cards 2017 Bowman Draft Chrome,Drew Strotman [Green Refractor] #BDC103,$1.49,,,,,,,,,,,,$1.59,,,,,,2,,,,,2017-06-01
8134716,Baseball Cards 2017 Bowman Draft Chrome,Drew Strotman [Orange Refractor] #BDC103,,,,,,,,,,,,,,,,,,,0,,,,,2017-06-01
8134712,Baseball Cards 2017 Bowman Draft Chrome,Drew Strotman [Purple Refractor] #BDC103,$0.25,,,,,,,,,,,,$0.99,,,,,,0,,,,,2017-06-01
8134717,Baseball Cards 2017 Bowman Draft Chrome,Drew Strotman [Red Refractor] #BDC103,,,,,,,,,,,,,,,,,,,0,,,,,2017-06-01
8134711,Baseball Cards 2017 Bowman Draft Chrome,Drew Strotman [Sky Blue Refractor] #BDC103,$0.25,,,,,,,,,,,,$0.99,,,,,,0,,,,,2017-06-01
8134718,Baseball Cards 2017 Bowman Draft Chrome,Drew Strotman [SuperFractor] #BDC103,,,,,,,,,,,,,,,,,,,0,,,,,2017-06-01
1404232,Baseball Cards 2017 Bowman Draft Chrome,Drew Waters #BDC90,$0.50,,$5.39,$10.50,$13.00,$13.00,$17.00,$8.00,$8.00,,,,$0.99,,,$1.20,$5.89,,14,,,,,2017-06-01
1404234,Baseball Cards 2017 Bowman Draft Chrome,Drew Waters [70th Refractor] #BDC90,,,,,,$8.50,$11.00,$5.00,$5.00,,,,,,,,,,1,,,,,2017-06-01
1404233,Baseball Cards 2017 Bowman Draft Chrome,Drew Waters [Blue Refractor] #BDC90,$2.00,,,,,,,,,,,,$2.19,,,,,,1,,,,,2017-06-01
1404235,Baseball Cards 2017 Bowman Draft Chrome,Drew Waters [Gold Refractor] #BDC90,$32.44,,,,,$10.01,$13.00,$6.00,$6.00,,,$14.40,$35.99,,,,,,1,,,,,2017-06-01
1404236,Baseball Cards 2017 Bowman Draft Chrome,Drew Waters [Green Refractor] #BDC90,$1.26,,,,,,,,,,,,$1.39,,,,,,1,,,,,2017-06-01
1404237,Baseball Cards 2017 Bowman Draft Chrome,Drew Waters [Orange Refractor] #BDC90,,,,$12.50,$14.00,,,,,,,,,,,,,,1,,,,,2017-06-01
1404238,Baseball Cards 2017 Bowman Draft Chrome,Drew Waters [Purple Refractor] #BDC90,$2.99,,,,,,,,,,,,$3.29,,,,,,1,,,,,2017-06-01
8134587,Baseball Cards 2017 Bowman Draft Chrome,Drew Waters [Red Refractor] #BDC90,$9.36,,,,,,,,,,,$2.00,$9.99,,,,,,1,,,,,2017-06-01
1404239,Baseball Cards 2017 Bowman Draft Chrome,Drew Waters [Refractor] #BDC90,$1.81,,,$3.26,$4.00,$8.25,$9.00,$5.00,$5.00,,,,$1.99,,,,,,19,,,,,2017-06-01
1404240,Baseball Cards 2017 Bowman Draft Chrome,Drew Waters [Sky Blue Refractor] #BDC90,$1.47,,,,$5.00,$4.88,$6.00,$3.00,$3.00,,,,$1.59,,,,,,5,,,,,2017-06-01
8134588,Baseball Cards 2017 Bowman Draft Chrome,Drew Waters [SuperFractor] #BDC90,,,,,,,,,,,,,,,,,,,0,,,,,2017-06-01
8135405,Baseball Cards 2017 Bowman Draft Chrome,Dylan Busby #BDC174,$0.25,,,,,$50.00,$65.00,$30.00,$30.00,,,,$0.99,,,,,,1,,,,,2017-06-01
8135406,Baseball Cards 2017 Bowman Draft Chrome,Dylan Busby [70th Refractor] #BDC174,$0.99,,,,,,,,,,,,$1.09,,,,,,1,,,,,2017-06-01
8135410,Baseball Cards 2017 Bowman Draft Chrome,Dylan Busby [Blue Refractor] #BDC174,$3.42,,,,,,,,,,,$0.80,$3.79,,,,,,1,,,,,2017-06-01
1404630,Baseball Cards 2017 Bowman Draft Chrome,Dylan Busby [Gold Refractor] #BDC174,$2.00,,,,,$25.00,$33.00,$15.00,$15.00,,,,$2.19,,,,,,4,,,,,2017-06-01
8135411,Baseball Cards 2017 Bowman Draft Chrome,Dylan Busby [Green Refractor] #BDC174,$2.14,,,,,,,,,,,,$2.39,,,,,,1,,,,,2017-06-01
8135415,Baseball Cards 2017 Bowman Draft Chrome,Dylan Busby [Orange Refractor] #BDC174,$5.62,,,,,,,,,,,$1.20,$6.19,,,,,,4,,,,,2017-06-01
8135409,Baseball Cards 2017 Bowman Draft Chrome,Dylan Busby [Purple Refractor] #BDC174,$1.99,,,,,,,,,,,,$2.19,,,,,,1,,,,,2017-06-01
8135414,Baseball Cards 2017 Bowman Draft Chrome,Dylan Busby [Red Refractor] #BDC174,$8.80,,,,,,,,,,,$1.90,$9.69,,,,,,1,,,,,2017-06-01
1404631,Baseball Cards 2017 Bowman Draft Chrome,Dylan Busby [Refractor] #BDC174,$1.76,,,,,,,,,,,,$1.89,,,,,,2,,,,,2017-06-01
1404632,Baseball Cards 2017 Bowman Draft Chrome,Dylan Busby [Sky Blue Refractor] #BDC174,$0.99,,,,,,,,,,,,$1.09,,,,,,1,,,,,2017-06-01
8135416,Baseball Cards 2017 Bowman Draft Chrome,Dylan Busby [SuperFractor] #BDC174,,,,,,,,,,,,,,,,,,,0,,,,,2017-06-01
1404223,Baseball Cards 2017 Bowman Draft Chrome,Dylan Carlson #BDC89,$0.09,,,,,,,,,,,,$0.99,,,,,,1,,,,,2017-06-01
1404225,Baseball Cards 2017 Bowman Draft Chrome,Dylan Carlson [70th Refractor] #BDC89,,,,,,$6.50,$8.00,$4.00,$4.00,,,,,,,,,,1,,,,,2017-06-01
1404224,Baseball Cards 2017 Bowman Draft Chrome,Dylan Carlson [Blue Refractor] #BDC89,$2.46,,,,,,,,,,,,$2.69,,,,,,4,,,,,2017-06-01
1404226,Baseball Cards 2017 Bowman Draft Chrome,Dylan Carlson [Gold Refractor] #BDC89,$5.60,,,,,,,,,,,$1.20,$6.19,,,,,,3,,,,,2017-06-01
1404227,Baseball Cards 2017 Bowman Draft Chrome,Dylan Carlson [Green Refractor] #BDC89,$1.99,,,,,$5.87,$8.00,$4.00,$4.00,,,,$2.19,,,,,,2,,,,,2017-06-01
1404228,Baseball Cards 2017 Bowman Draft Chrome,Dylan Carlson [Orange Refractor] #BDC89,$40.22,,,$21.50,$24.00,,,,,,,$17.60,$43.99,,,,,,3,,,,,2017-06-01
1404229,Baseball Cards 2017 Bowman Draft Chrome,Dylan Carlson [Purple Refractor] #BDC89,$1.95,,,$6.51,$7.00,,,,,,,,$2.19,,,,,,3,,,,,2017-06-01
8134577,Baseball Cards 2017 Bowman Draft Chrome,Dylan Carlson [Red Refractor] #BDC89,,,,,,,,,,,,,,,,,,,0,,,,,2017-06-01
1404230,Baseball Cards 2017 Bowman Draft Chrome,Dylan Carlson [Refractor] #BDC89,$1.69,,,$8.50,$9.00,$10.00,$13.00,$6.00,$6.00,,,,$1.89,,,,,,6,,,,,2017-06-01
1404231,Baseball Cards 2017 Bowman Draft Chrome,Dylan Carlson [Sky Blue Refractor] #BDC89,$0.99,,,,,,,,,,,,$1.09,,,,,,1,,,,,2017-06-01
8134578,Baseball Cards 2017 Bowman Draft Chrome,Dylan Carlson [SuperFractor] #BDC89,,,,,,,,,,,,,,,,,,,0,,,,,2017-06-01
8135035,Baseball Cards 2017 Bowman Draft Chrome,Dylan Cease #BDC136,$1.43,,,,,,,,,,,,$1.59,,,,,,5,,,,,2017-06-01
1404421,Baseball Cards 2017 Bowman Draft Chrome,Dylan Cease [70th Refractor] #BDC136,,,,,,,,,,,,,,,,,,,0,,,,,2017-06-01
1404420,Baseball Cards 2017 Bowman Draft Chrome,Dylan Cease [Blue Refractor] #BDC136,$1.99,,,,,$2.25,$3.00,$1.00,$1.00,,,,$2.19,,,,,,2,,,,,2017-06-01
1404422,Baseball Cards 2017 Bowman Draft Chrome,Dylan Cease [Gold Refractor] #BDC136,$9.98,,,,,,,,,,,$2.80,$10.99,,,,,,1,,,,,2017-06-01
8135039,Baseball Cards 2017 Bowman Draft Chrome,Dylan Cease [Green Refractor] #BDC136,$3.99,,,,,,,,,,,$0.90,$4.39,,,,,,0,,,,,2017-06-01
1404423,Baseball Cards 2017 Bowman Draft Chrome,Dylan Cease [Orange Refractor] #BDC136,$33.89,,,,,,,,,,,$14.80,$36.99,,,,,,0,,,,,2017-06-01
1404424,Baseball Cards 2017 Bowman Draft Chrome,Dylan Cease [Purple Refractor] #BDC136,$1.31,,,,,,,,,,,,$1.39,,,,,,5,,,,,2017-06-01
1404425,Baseball Cards 2017 Bowman Draft Chrome,Dylan Cease [Red Refractor] #BDC136,,,,,,,,,,,,,,,,,,,0,,,,,2017-06-01
1404426,Baseball Cards 2017 Bowman Draft Chrome,Dylan Cease [Sky Blue Refractor] #BDC136,$2.32,,,,,,,,,,,,$2.59,,,,,,1,,,,,2017-06-01
8135042,Baseball Cards 2017 Bowman Draft Chrome,Dylan Cease [SuperFractor] #BDC136,,,,,,,,,,,,,,,,,,,0,,,,,2017-06-01
1404130,Baseball Cards 2017 Bowman Draft Chrome,Eloy Jimenez #BDC72,$1.76,,,,$1.99,$6.34,$8.00,$4.00,$4.00,,,,$1.89,,,,,,7,,,,,2017-06-01
1404132,Baseball Cards 2017 Bowman Draft Chrome,Eloy Jimenez [70th Refractor] #BDC72,,,,,,,,,,,,,,,,,,,0,,,,,2017-06-01
1404131,Baseball Cards 2017 Bowman Draft Chrome,Eloy Jimenez [Blue Refractor] #BDC72,$4.49,,,,,,,,,,,$1.00,$4.89,,,,,,0,,,,,2017-06-01
1404133,Baseball Cards 2017 Bowman Draft Chrome,Eloy Jimenez [Gold Refractor] #BDC72,$1.99,,,,,,,,,,,,$2.19,,,,,,1,,,,,2017-06-01
1404137,Baseball Cards 2017 Bowman Draft Chrome,Eloy Jimenez [Green Refractor] #BDC72,$2.53,,,,,,,,,,,,$2.79,,,,,,0,,,,,2017-06-01
1404134,Baseball Cards 2017 Bowman Draft Chrome,Eloy Jimenez [Orange Refractor] #BDC72,$6.29,,,,,,,,,,,$1.40,$6.89,,,,,,0,,,,,2017-06-01
1404135,Baseball Cards 2017 Bowman Draft Chrome,Eloy Jimenez [Purple Refractor] #BDC72,$2.99,,,,,$3.13,$4.00,$2.00,$2.00,,,,$3.29,,,,,,2,,,,,2017-06-01
8134412,Baseball Cards 2017 Bowman Draft Chrome,Eloy Jimenez [Red Refractor] #BDC72,,,,,,,,,,,,,,,,,,,0,,,,,2017-06-01
1404136,Baseball Cards 2017 Bowman Draft Chrome,Eloy Jimenez [Refractor] #BDC72,$1.67,,,$0.99,$1.00,$8.99,$12.00,$5.00,$5.00,,,,$1.79,,,,,,3,,,,,2017-06-01
1404138,Baseball Cards 2017 Bowman Draft Chrome,Eloy Jimenez [Sky Blue Refractor] #BDC72,$1.99,,,,,,$5.56,,,,,,$2.19,,,,,,1,,,,,2017-06-01
8134413,Baseball Cards 2017 Bowman Draft Chrome,Eloy Jimenez [SuperFractor] #BDC72,,,,,,,,,,,,,,,,,,,0,,,,,2017-06-01
8134561,Baseball Cards 2017 Bowman Draft Chrome,Ernie Clement #BDC88,$2.47,,$6.45,$11.87,$22.62,$32.24,$42.00,$19.00,$19.00,,,,$2.69,,,$1.40,$7.09,,59,,,,,2017-06-01
1404221,Baseball Cards 2017 Bowman Draft Chrome,Ernie Clement [70th Refractor] #BDC88,$6.81,,,,,,,,,,,$1.50,$7.49,,,,,,4,,,,,2017-06-01
1404220,Baseball Cards 2017 Bowman Draft Chrome,Ernie Clement [Blue Refractor] #BDC88,$11.11,,$13.62,$21.09,$35.59,$43.28,$56.00,$26.00,$26.00,,,$3.00,$11.99,,,$3.80,$14.99,,15,,,,,2017-06-01
8135702,Baseball Cards 2017 Bowman Draft Chrome,Ernie Clement [Gold Refractor] #BDC88,$29.02,,,,,,,,,,,$9.60,$31.99,,,,,,5,,,,,2017-06-01
8134566,Baseball Cards 2017 Bowman Draft Chrome,Ernie Clement [Green Refractor] #BDC88,$35.99,,,,,,,,,,,$16.00,$39.99,,,,,,1,,,,,2017-06-01
1404222,Baseball Cards 2017 Bowman Draft Chrome,Ernie Clement [Orange Refractor] #BDC88,$26.00,,,,,,,,,,,$8.70,$28.99,,,,,,1,,,,,2017-06-01
1405923,Baseball Cards 2017 Bowman Draft Chrome,Ernie Clement [Purple Refractor] #BDC88,$3.50,,$7.64,$13.39,$24.77,$34.06,$44.00,$20.00,$20.00,,,$0.80,$3.89,,,$1.70,$8.39,,71,,,,,2017-06-01
8134568,Baseball Cards 2017 Bowman Draft Chrome,Ernie Clement [Red Refractor] #BDC88,,,,,,,,,,,,,,,,,,,0,,,,,2017-06-01
8134563,Baseball Cards 2017 Bowman Draft Chrome,Ernie Clement [Sky Blue Refractor] #BDC88,$8.12,,$11.43,$18.27,$31.65,$39.88,$52.00,$24.00,$24.00,,,$1.80,$8.89,,,$3.30,$12.99,,18,,,,,2017-06-01
8135703,Baseball Cards 2017 Bowman Draft Chrome,Ernie Clement [SuperFractor] #BDC88,,,,,,,,,,,,,,,,,,,0,,,,,2017-06-01
1404643,Baseball Cards 2017 Bowman Draft Chrome,Evan White #BDC178,$0.88,,,,,$8.75,$11.00,$5.00,$5.00,,,,$0.99,,,,,,31,,,,,2017-06-01
1404645,Baseball Cards 2017 Bowman Draft Chrome,Evan White [70th Refractor] #BDC178,,,,,,,,,,,,,,,,,,,0,,,,,2017-06-01
1404644,Baseball Cards 2017 Bowman Draft Chrome,Evan White [Blue Refractor] #BDC178,$0.25,,,,,,,,,,,,$0.99,,,,,,0,,,,,2017-06-01
1404646,Baseball Cards 2017 Bowman Draft Chrome,Evan White [Gold Refractor] #BDC178,$16.34,,,,,,,,,,,$4.50,$17.99,,,,,,0,,,,,2017-06-01
1404647,Baseball Cards 2017 Bowman Draft Chrome,Evan White [Green Refractor] #BDC178,$0.25,,,,,,,,,,,,$0.99,,,,,,0,,,,,2017-06-01
1404648,Baseball Cards 2017 Bowman Draft Chrome,Evan White [Orange Refractor] #BDC178,$12.32,,,,,,,,,,,$3.50,$13.99,,,,,,0,,,,,2017-06-01
1404649,Baseball Cards 2017 Bowman Draft Chrome,Evan White [Purple Refractor] #BDC178,$4.99,,,,,$7.15,$9.00,$4.00,$4.00,,,$1.10,$5.49,,,,,,1,,,,,2017-06-01
1404650,Baseball Cards 2017 Bowman Draft Chrome,Evan White [Red Refractor] #BDC178,,,,,,,,,,,,,,,,,,,0,,,,,2017-06-01
1404651,Baseball Cards 2017 Bowman Draft Chrome,Evan White [Refractor] #BDC178,$0.25,,,$1.46,$2.00,,,,,,,,$0.99,,,,,,5,,,,,2017-06-01
1404652,Baseball Cards 2017 Bowman Draft Chrome,Evan White [Sky Blue Refractor] #BDC178,$2.49,,,,$2.52,,,,,,,,$2.69,,,,,,2,,,,,2017-06-01
8135455,Baseball Cards 2017 Bowman Draft Chrome,Evan White [SuperFractor] #BDC178,,,,,,,,,,,,,,,,,,,0,,,,,2017-06-01
2623960,Baseball Cards 2017 Bowman Draft Chrome,Fernado Tatis Jr #BDC71,,,,,,,,,,,,,,,,,,,0,,,,,
8134394,Baseball Cards 2017 Bowman Draft Chrome,Fernando Tatis #BDC71,,,,,$5.35,$21.99,$29.00,$13.00,$13.00,,,,,,,,,,4,,,,,2017-06-01
1404121,Baseball Cards 2017 Bowman Draft Chrome,Fernando Tatis Jr. #BDC71,$2.51,$8.00,$9.49,$15.25,$17.00,$19.99,$26.00,$12.00,$14.99,,,,$2.79,$1.80,$8.79,$2.00,$9.99,,70,,,,,2017-06-01
1404123,Baseball Cards 2017 Bowman Draft Chrome,Fernando Tatis Jr. [70th Refractor] #BDC71,$205.16,,,,,$30.00,$39.00,$18.00,$18.00,,,$113.00,$226.00,,,,,,1,,,,,2017-06-01
1404122,Baseball Cards 2017 Bowman Draft Chrome,Fernando Tatis Jr. [Blue Refractor] #BDC71,$34.47,,,$33.25,$37.00,$71.50,$93.00,$43.00,$43.00,,,$15.20,$37.99,,,,,,4,,,,,2017-06-01
1404124,Baseball Cards 2017 Bowman Draft Chrome,Fernando Tatis Jr. [Gold Refractor] #BDC71,$69.99,,,,,$350.00,$455.00,$210.00,$210.00,,,$30.80,$76.99,,,,,,1,,,,,2017-06-01
1404125,Baseball Cards 2017 Bowman Draft Chrome,Fernando Tatis Jr. [Green Refractor] #BDC71,$43.94,,,,,$53.01,$69.00,$32.00,$32.00,,,$19.20,$47.99,,,,,,1,,,,,2017-06-01
1404126,Baseball Cards 2017 Bowman Draft Chrome,Fernando Tatis Jr. [Orange Refractor] #BDC71,,,,,,,,,,,,,,,,,,,0,,,,,2017-06-01
1404127,Baseball Cards 2017 Bowman Draft Chrome,Fernando Tatis Jr. [Purple Refractor] #BDC71,$19.99,,,$79.95,$88.00,$96.00,$125.00,$58.00,$58.00,,,$6.60,$21.99,,,,,,3,,,,,2017-06-01
1404128,Baseball Cards 2017 Bowman Draft Chrome,Fernando Tatis Jr. [Refractor] #BDC71,$4.07,,$10.00,$15.50,$24.97,$37.36,$49.00,$22.00,$15.50,,,$0.90,$4.49,,,$2.80,$10.99,,69,,,,,2017-06-01
1404129,Baseball Cards 2017 Bowman Draft Chrome,Fernando Tatis Jr. [Sky Blue Refractor] #BDC71,$24.00,,,,$35.00,$63.25,$82.00,$38.00,$38.00,,,$7.80,$25.99,,,,,,4,,,,,2017-06-01
8134396,Baseball Cards 2017 Bowman Draft Chrome,Fernando Tatis [70th Refractor] #BDC71,$39.99,,,,,,,,,,,$17.60,$43.99,,,,,,1,,,,,2017-06-01
8134398,Baseball Cards 2017 Bowman Draft Chrome,Fernando Tatis [Blue Refractor] #BDC71,$4.92,,,,,$76.00,$99.00,$46.00,$46.00,,,$1.10,$5.39,,,,,,2,,,,,2017-06-01
8134400,Baseball Cards 2017 Bowman Draft Chrome,Fernando Tatis [Gold Refractor] #BDC71,,,,,,,,,,,,,,,,,,,0,,,,,2017-06-01
8134399,Baseball Cards 2017 Bowman Draft Chrome,Fernando Tatis [Green Refractor] #BDC71,,,,$20.50,$23.00,,,,,,,,,,,,,,1,,,,,2017-06-01
8134401,Baseball Cards 2017 Bowman Draft Chrome,Fernando Tatis [Orange Refractor] #BDC71,,,,,,,,,,,,,,,,,,,0,,,,,2017-06-01
8134397,Baseball Cards 2017 Bowman Draft Chrome,Fernando Tatis [Purple Refractor] #BDC71,,,,,,$42.25,$55.00,$25.00,$25.00,,,,,,,,,,5,,,,,2017-06-01
8134402,Baseball Cards 2017 Bowman Draft Chrome,Fernando Tatis [Red Refractor] #BDC71,,,,,,,,,,,,,,,,,,,0,,,,,2017-06-01
8134395,Baseball Cards 2017 Bowman Draft Chrome,Fernando Tatis [Sky Blue Refractor] #BDC71,$29.99,,$28.27,$39.92,$40.00,$40.73,$53.00,$24.00,$24.00,,,$9.90,$32.99,,,$9.30,$30.99,,11,,,,,2017-06-01
8134403,Baseball Cards 2017 Bowman Draft Chrome,Fernando Tatis [SuperFractor] #BDC71,,,,,,,,,,,,,,,,,,,0,,,,,2017-06-01
1404064,Baseball Cards 2017 Bowman Draft Chrome,Forrest Whitley #BDC58,$0.25,,,,,$25.00,$33.00,$15.00,$15.00,,,,$0.99,,,,,,1,,,,,2017-06-01
8134267,Baseball Cards 2017 Bowman Draft Chrome,Forrest Whitley [70th Refractor] #BDC58,$0.25,,,,,,,,,,,,$0.99,,,,,,0,,,,,2017-06-01
1404066,Baseball Cards 2017 Bowman Draft Chrome,Forrest Whitley [Blue Refractor] #BDC58,$0.25,,,,,,,,,,,,$0.99,,,,,,0,,,,,2017-06-01
1404067,Baseball Cards 2017 Bowman Draft Chrome,Forrest Whitley [Gold Refractor] #BDC58,$11.74,,,$29.00,$32.00,,,,,,,$3.30,$12.99,,,,,,1,,,,,2017-06-01
8134271,Baseball Cards 2017 Bowman Draft Chrome,Forrest Whitley [Green Refractor] #BDC58,$0.25,,,,,,,,,,,,$0.99,,,,,,0,,,,,2017-06-01
1404761,Baseball Cards 2017 Bowman Draft Chrome,Forrest Whitley [Orange Refractor] #BDC-58,,,,,,,,,,,,,,,,,,,0,,,,,2017-06-01
1404068,Baseball Cards 2017 Bowman Draft Chrome,Forrest Whitley [Orange Refractor] #BDC58,,,,,,,,,,,,,,,,,,,0,,,,,2017-06-01
1404069,Baseball Cards 2017 Bowman Draft Chrome,Forrest Whitley [Purple Refractor] #BDC58,$0.25,,,,,,,,,,,,$0.99,,,,,,0,,,,,2017-06-01
1404070,Baseball Cards 2017 Bowman Draft Chrome,Forrest Whitley [Red Refractor] #BDC58,$79.59,,,,,,,,,,,$35.20,$87.99,,,,,,0,,,,,2017-06-01
1404071,Baseball Cards 2017 Bowman Draft Chrome,Forrest Whitley [Refractor] #BDC58,$0.56,,,,,,,,,,,,$0.99,,,,,,1,,,,,2017-06-01
1404072,Baseball Cards 2017 Bowman Draft Chrome,Forrest Whitley [Sky Blue Refractor] #BDC58,$1.49,,,,,,,,,,,,$1.59,,,,,,1,,,,,2017-06-01
8134275,Baseball Cards 2017 Bowman Draft Chrome,Forrest Whitley [SuperFractor] #BDC58,$69.95,,,,,,,,,,,$30.80,$76.99,,,,,,1,,,,,2017-06-01
8134639,Baseball Cards 2017 Bowman Draft Chrome,Francisco Rios #BDC96,$0.99,,,,,,,,,,,,$1.09,,,,,,1,,,,,2017-06-01
8134640,Baseball Cards 2017 Bowman Draft Chrome,Francisco Rios [70th Refractor] #BDC96,$0.25,,,,,,,,,,,,$0.99,,,,,,0,,,,,2017-06-01
8134643,Baseball Cards 2017 Bowman Draft Chrome,Francisco Rios [Blue Refractor] #BDC96,$2.38,,,,,,,,,,,,$2.59,,,,,,0,,,,,2017-06-01
8134645,Baseball Cards 2017 Bowman Draft Chrome,Francisco Rios [Gold Refractor] #BDC96,,,,,,,,,,,,,,,,,,,0,,,,,2017-06-01
8134644,Baseball Cards 2017 Bowman Draft Chrome,Francisco Rios [Green Refractor] #BDC96,$0.25,,,,,,,,,,,,$0.99,,,,,,0,,,,,2017-06-01
8134646,Baseball Cards 2017 Bowman Draft Chrome,Francisco Rios [Orange Refractor] #BDC96,,,,,,,,,,,,,,,,,,,0,,,,,2017-06-01
8134642,Baseball Cards 2017 Bowman Draft Chrome,Francisco Rios [Purple Refractor] #BDC96,$1.19,,,,,,,,,,,,$1.29,,,,,,1,,,,,2017-06-01
8134647,Baseball Cards 2017 Bowman Draft Chrome,Francisco Rios [Red Refractor] #BDC96,,,,,,,,,,,,,,,,,,,0,,,,,2017-06-01
8134641,Baseball Cards 2017 Bowman Draft Chrome,Francisco Rios [Sky Blue Refractor] #BDC96,$0.25,,,,,,,,,,,,$0.99,,,,,,0,,,,,2017-06-01
8134648,Baseball Cards 2017 Bowman Draft Chrome,Francisco Rios [SuperFractor] #BDC96,,,,,,,,,,,,,,,,,,,0,,,,,2017-06-01
8133752,Baseball Cards 2017 Bowman Draft Chrome,Franklin Perez #BDC5,$0.25,,,,,,,,,,,,$0.99,,,,,,0,,,,,2017-06-01
8133753,Baseball Cards 2017 Bowman Draft Chrome,Franklin Perez [70th Refractor] #BDC5,,,,,,,,,,,,,,,,,,,0,,,,,2017-06-01
8133756,Baseball Cards 2017 Bowman Draft Chrome,Franklin Perez [Blue Refractor] #BDC5,$0.25,,,,,,,,,,,,$0.99,,,,,,0,,,,,2017-06-01
8133758,Baseball Cards 2017 Bowman Draft Chrome,Franklin Perez [Gold Refractor] #BDC5,,,,,,,,,,,,,,,,,,,0,,,,,2017-06-01
1403797,Baseball Cards 2017 Bowman Draft Chrome,Franklin Perez [Green Refractor] #BDC5,$0.25,,,,,,,,,,,,$0.99,,,,,,0,,,,,2017-06-01
1404760,Baseball Cards 2017 Bowman Draft Chrome,Franklin Perez [Orange Refractor] #BDC5,$52.29,,,,,,,,,,,$23.20,$57.99,,,,,,0,,,,,2017-06-01
1403798,Baseball Cards 2017 Bowman Draft Chrome,Franklin Perez [Purple Refractor] #BDC5,$0.25,,,,,,,,,,,,$0.99,,,,,,0,,,,,2017-06-01
8133760,Baseball Cards 2017 Bowman Draft Chrome,Franklin Perez [Red Refractor] #BDC5,,,,,,,,,,,,,,,,,,,0,,,,,2017-06-01
1403799,Baseball Cards 2017 Bowman Draft Chrome,Franklin Perez [Refractor] #BDC5,$0.25,,,,,,,,,,,,$0.99,,,,,,0,,,,,2017-06-01
1403800,Baseball Cards 2017 Bowman Draft Chrome,Franklin Perez [Sky Blue Refractor] #BDC5,$0.25,,,,,,,,,,,,$0.99,,,,,,0,,,,,2017-06-01
8135680,Baseball Cards 2017 Bowman Draft Chrome,Franklin Perez [SuperFractor] #BDC5,,,,,,,,,,,,,,,,,,,0,,,,,2017-06-01
8134799,Baseball Cards 2017 Bowman Draft Chrome,Franklyn Kilome #BDC112,$0.26,,,,,,,,,,,,$0.99,,,,,,1,,,,,2017-06-01
8134800,Baseball Cards 2017 Bowman Draft Chrome,Franklyn Kilome [70th Refractor] #BDC112,$0.25,,,,,,,,,,,,$0.99,,,,,,0,,,,,2017-06-01
8134802,Baseball Cards 2017 Bowman Draft Chrome,Franklyn Kilome [Blue Refractor] #BDC112,$0.25,,,,,,,,,,,,$0.99,,,,,,0,,,,,2017-06-01
1404312,Baseball Cards 2017 Bowman Draft Chrome,Franklyn Kilome [Gold Refractor] #BDC112,$1.69,,,,,,,,,,,,$1.89,,,,,,1,,,,,2017-06-01
8134804,Baseball Cards 2017 Bowman Draft Chrome,Franklyn Kilome [Green Refractor] #BDC112,$0.25,,,,,,,,,,,,$0.99,,,,,,0,,,,,2017-06-01
8134806,Baseball Cards 2017 Bowman Draft Chrome,Franklyn Kilome [Orange Refractor] #BDC112,,,,,,,,,,,,,,,,,,,0,,,,,2017-06-01
8134801,Baseball Cards 2017 Bowman Draft Chrome,Franklyn Kilome [Purple Refractor] #BDC112,$0.25,,,,,,,,,,,,$0.99,,,,,,0,,,,,2017-06-01
8134807,Baseball Cards 2017 Bowman Draft Chrome,Franklyn Kilome [Red Refractor] #BDC112,,,,,,,,,,,,,,,,,,,0,,,,,2017-06-01
8134803,Baseball Cards 2017 Bowman Draft Chrome,Franklyn Kilome [Sky Blue Refractor] #BDC112,$1.99,,,,,,,,,,,,$2.19,,,,,,1,,,,,2017-06-01
8134808,Baseball Cards 2017 Bowman Draft Chrome,Franklyn Kilome [SuperFractor] #BDC112,,,,,,,,,,,,,,,,,,,0,,,,,2017-06-01
1403899,Baseball Cards 2017 Bowman Draft Chrome,Freddy Peralta #BDC29,$1.26,,$5.99,$11.27,$21.78,$31.52,$41.00,$19.00,$19.00,,,,$1.39,,,$1.30,$6.59,,6,,,,,2017-06-01
8133984,Baseball Cards 2017 Bowman Draft Chrome,Freddy Peralta [70th Refractor] #BDC29,$5.00,,,,,,,,,,,$1.10,$5.49,,,,,,3,,,,,2017-06-01
8133987,Baseball Cards 2017 Bowman Draft Chrome,Freddy Peralta [Blue Refractor] #BDC29,$2.82,,,,,,,,,,,,$3.09,,,,,,4,,,,,2017-06-01
8133989,Baseball Cards 2017 Bowman Draft Chrome,Freddy Peralta [Gold Refractor] #BDC29,$2.99,,,,,,,,,,,,$3.29,,,,,,1,,,,,2017-06-01
8133988,Baseball Cards 2017 Bowman Draft Chrome,Freddy Peralta [Green Refractor] #BDC29,$2.99,,,,,,,,,,,,$3.29,,,,,,1,,,,,2017-06-01
8133990,Baseball Cards 2017 Bowman Draft Chrome,Freddy Peralta [Orange Refractor] #BDC29,$14.99,,,,,,,,,,,$4.00,$15.99,,,,,,1,,,,,2017-06-01
8133986,Baseball Cards 2017 Bowman Draft Chrome,Freddy Peralta [Purple Refractor] #BDC29,$1.63,,$6.26,$11.63,$22.29,$31.94,$42.00,$19.00,$19.00,,,,$1.79,,,$1.40,$6.89,,11,,,,,2017-06-01
8133991,Baseball Cards 2017 Bowman Draft Chrome,Freddy Peralta [Red Refractor] #BDC29,$52.48,,,,,,,,,,,$23.20,$57.99,,,,,,4,,,,,2017-06-01
1403900,Baseball Cards 2017 Bowman Draft Chrome,Freddy Peralta [Sky Blue Refractor] #BDC29,$2.19,,$6.67,$12.15,$23.02,$32.57,$42.00,$20.00,$20.00,,,,$2.39,,,$1.50,$7.29,,12,,,,,2017-06-01
8133992,Baseball Cards 2017 Bowman Draft Chrome,Freddy Peralta [SuperFractor] #BDC29,,,,,,,,,,,,,,,,,,,0,,,,,2017-06-01
8135110,Baseball Cards 2017 Bowman Draft Chrome,Freddy Tarnok #BDC144,$1.00,,,,,,,,,,,,$1.09,,,,,,3,,,,,2017-06-01
8135111,Baseball Cards 2017 Bowman Draft Chrome,Freddy Tarnok [70th Refractor] #BDC144,,,,,,,,,,,,,,,,,,,0,,,,,2017-06-01
8135114,Baseball Cards 2017 Bowman Draft Chrome,Freddy Tarnok [Blue Refractor] #BDC144,$2.99,,,,,,,,,,,,$3.29,,,,,,0,,,,,2017-06-01
1404473,Baseball Cards 2017 Bowman Draft Chrome,Freddy Tarnok [Gold Refractor] #BDC144,,,,,,,,,,,,,,,,,,,0,,,,,2017-06-01
8135115,Baseball Cards 2017 Bowman Draft Chrome,Freddy Tarnok [Green Refractor] #BDC144,$4.99,,,,,,,,,,,$1.10,$5.49,,,,,,0,,,,,2017-06-01
1404470,Baseball Cards 2017 Bowman Draft Chrome,Freddy Tarnok [Orange Refractor] #BDC144,$1.92,,,,,,,,,,,,$2.09,,,,,,2,,,,,2017-06-01
8135113,Baseball Cards 2017 Bowman Draft Chrome,Freddy Tarnok [Purple Refractor] #BDC144,$1.79,,,,,,,,,,,,$1.99,,,,,,2,,,,,2017-06-01
1404471,Baseball Cards 2017 Bowman Draft Chrome,Freddy Tarnok [Red Refractor] #BDC144,,,,,,,,,,,,,,,,,,,0,,,,,2017-06-01
1404472,Baseball Cards 2017 Bowman Draft Chrome,Freddy Tarnok [Sky Blue Refractor] #BDC144,$1.99,,,,,,,,,,,,$2.19,,,,,,1,,,,,2017-06-01
8135119,Baseball Cards 2017 Bowman Draft Chrome,Freddy Tarnok [SuperFractor] #BDC144,,,,,,,,,,,,,,,,,,,0,,,,,2017-06-01
1404612,Baseball Cards 2017 Bowman Draft Chrome,Gavin Lux #BDC171,$0.73,,$5.57,$6.00,$7.00,$7.00,$9.00,$4.00,$4.00,,,,$0.99,,,$1.20,$6.09,,9,,,,,2017-06-01
1404614,Baseball Cards 2017 Bowman Draft Chrome,Gavin Lux [70th Refractor] #BDC171,$2.99,,,,,,,,,,,,$3.29,,,,,,1,,,,,2017-06-01
1404613,Baseball Cards 2017 Bowman Draft Chrome,Gavin Lux [Blue Refractor] #BDC171,$1.99,,,,,$14.75,$19.00,$9.00,$9.00,,,,$2.19,,,,,,24,,,,,2017-06-01
1404615,Baseball Cards 2017 Bowman Draft Chrome,Gavin Lux [Gold Refractor] #BDC171,$2.50,,,,,$28.00,$36.00,$17.00,$17.00,,,,$2.79,,,,,,3,,,,,2017-06-01
1404616,Baseball Cards 2017 Bowman Draft Chrome,Gavin Lux [Green Refractor] #BDC171,$29.28,,,,,,,,,,,$9.60,$31.99,,,,,,0,,,,,2017-06-01
1404617,Baseball Cards 2017 Bowman Draft Chrome,Gavin Lux [Orange Refractor] #BDC171,,,,,,,,,,,,,,,,,,,0,,,,,2017-06-01
1404618,Baseball Cards 2017 Bowman Draft Chrome,Gavin Lux [Purple Refractor] #BDC171,$0.41,,,,,,,,,,,,$0.99,,,,,,1,,,,,2017-06-01
1404619,Baseball Cards 2017 Bowman Draft Chrome,Gavin Lux [Red Refractor] #BDC171,,,,,,,,,,,,,,,,,,,0,,,,,2017-06-01
1404620,Baseball Cards 2017 Bowman Draft Chrome,Gavin Lux [Refractor] #BDC171,$3.29,,$4.99,$7.00,$7.00,$7.49,$10.00,$4.00,$4.00,,,,$3.59,,,$1.10,$5.49,,8,,,,,2017-06-01
1404621,Baseball Cards 2017 Bowman Draft Chrome,Gavin Lux [Sky Blue Refractor] #BDC171,$1.50,,,$4.19,$5.00,$6.13,$8.00,$4.00,$4.00,,,,$1.69,,,,,,6,,,,,2017-06-01
8135716,Baseball Cards 2017 Bowman Draft Chrome,Gavin Lux [SuperFractor] #BDC171,,,,,$110.50,,,,,,,,,,,,,,1,,,,,2017-06-01
8134531,Baseball Cards 2017 Bowman Draft Chrome,Gavin Sheets #BDC85,$1.67,,$6.30,$11.67,$22.34,$32.00,$42.00,$19.00,$19.00,,,,$1.79,,,$1.40,$6.89,,8,,,,,2017-06-01
1404207,Baseball Cards 2017 Bowman Draft Chrome,Gavin Sheets [70th Refractor] #BDC85,,,,,,,,,,,,,,,,,,,0,,,,,2017-06-01
1404206,Baseball Cards 2017 Bowman Draft Chrome,Gavin Sheets [Blue Refractor] #BDC85,$1.94,,,,,,,,,,,,$2.09,,,,,,4,,,,,2017-06-01
1404208,Baseball Cards 2017 Bowman Draft Chrome,Gavin Sheets [Gold Refractor] #BDC85,,,,,,,,,,,,,,,,,,,0,,,,,2017-06-01
8134536,Baseball Cards 2017 Bowman Draft Chrome,Gavin Sheets [Green Refractor] #BDC85,,,,,,,,,,,,,,,,,,,0,,,,,2017-06-01
1404209,Baseball Cards 2017 Bowman Draft Chrome,Gavin Sheets [Orange Refractor] #BDC85,,,,,,,,,,,,,,,,,,,0,,,,,2017-06-01
1404210,Baseball Cards 2017 Bowman Draft Chrome,Gavin Sheets [Purple Refractor] #BDC85,$1.71,,$6.35,$11.74,$22.44,$32.08,$42.00,$19.00,$19.00,,,,$1.89,,,$1.40,$6.99,,6,,,,,2017-06-01
8134539,Baseball Cards 2017 Bowman Draft Chrome,Gavin Sheets [Red Refractor] #BDC85,,,,,,,,,,,,,,,,,,,0,,,,,2017-06-01
1404211,Baseball Cards 2017 Bowman Draft Chrome,Gavin Sheets [Refractor] #BDC85,$1.50,,$6.16,$11.50,$22.11,$31.79,$41.00,$19.00,$19.00,,,,$1.69,,,$1.40,$6.79,,10,,,,,2017-06-01
8134533,Baseball Cards 2017 Bowman Draft Chrome,Gavin Sheets [Sky Blue Refractor] #BDC85,$3.41,,,,,,,,,,,$0.80,$3.79,,,,,,0,,,,,2017-06-01
8134540,Baseball Cards 2017 Bowman Draft Chrome,Gavin Sheets [SuperFractor] #BDC85,,,,,,,,,,,,,,,,,,,0,,,,,2017-06-01
1404201,Baseball Cards 2017 Bowman Draft Chrome,Glenn Otto #BDC84,$1.56,,,,,,,,,,,,$1.69,,,,,,2,,,,,2017-06-01
8134521,Baseball Cards 2017 Bowman Draft Chrome,Glenn Otto [70th Refractor] #BDC84,$2.55,,,,,,,,,,,,$2.79,,,,,,0,,,,,2017-06-01
8134525,Baseball Cards 2017 Bowman Draft Chrome,Glenn Otto [Blue Refractor] #BDC84,,,,,,,,,,,,,,,,,,,0,,,,,2017-06-01
1404202,Baseball Cards 2017 Bowman Draft Chrome,Glenn Otto [Gold Refractor] #BDC84,$9.99,,,,,,,,,,,$2.80,$10.99,,,,,,1,,,,,2017-06-01
1404203,Baseball Cards 2017 Bowman Draft Chrome,Glenn Otto [Green Refractor] #BDC84,$3.99,,,,,,,,,,,$0.90,$4.39,,,,,,0,,,,,2017-06-01
1404204,Baseball Cards 2017 Bowman Draft Chrome,Glenn Otto [Orange Refractor] #BDC84,$1.34,,,,,,,,,,,,$1.49,,,,,,2,,,,,2017-06-01
8134524,Baseball Cards 2017 Bowman Draft Chrome,Glenn Otto [Purple Refractor] #BDC84,$1.89,,,,,,,,,,,,$2.09,,,,,,1,,,,,2017-06-01
8134528,Baseball Cards 2017 Bowman Draft Chrome,Glenn Otto [Red Refractor] #BDC84,,,,,,,,,,,,,,,,,,,0,,,,,2017-06-01
1404205,Baseball Cards 2017 Bowman Draft Chrome,Glenn Otto [Sky Blue Refractor] #BDC84,$1.81,,,,,,,,,,,,$1.99,,,,,,2,,,,,2017-06-01
8134530,Baseball Cards 2017 Bowman Draft Chrome,Glenn Otto [SuperFractor] #BDC84,,,,,,,,,,,,,,,,,,,0,,,,,2017-06-01
1404751,Baseball Cards 2017 Bowman Draft Chrome,Gleyber Torres #BDC200,$0.61,,$5.47,$6.00,$11.00,$11.30,$15.00,$7.00,$1.25,,,,$0.99,,,$1.20,$5.99,,26,,,,,2017-06-01
1404753,Baseball Cards 2017 Bowman Draft Chrome,Gleyber Torres [70th Refractor] #BDC200,$24.00,,,,$5.50,,,,,,,$7.80,$25.99,,,,,,2,,,,,2017-06-01
1404752,Baseball Cards 2017 Bowman Draft Chrome,Gleyber Torres [Blue Refractor] #BDC200,$4.75,,,,,,,,,,,$1.00,$5.19,,,,,,3,,,,,2017-06-01
1404754,Baseball Cards 2017 Bowman Draft Chrome,Gleyber Torres [Gold Refractor] #BDC200,$9.99,,,,,,,,,,,$2.80,$10.99,,,,,,0,,,,,2017-06-01
1404755,Baseball Cards 2017 Bowman Draft Chrome,Gleyber Torres [Green Refractor] #BDC200,$3.36,,,,,,,,,,,,$3.69,,,,,,0,,,,,2017-06-01
1404756,Baseball Cards 2017 Bowman Draft Chrome,Gleyber Torres [Orange Refractor] #BDC200,$19.99,,,,,,,,,,,$6.60,$21.99,,,,,,0,,,,,2017-06-01
1404757,Baseball Cards 2017 Bowman Draft Chrome,Gleyber Torres [Purple Refractor] #BDC200,$1.50,,$9.05,$18.07,$35.41,$41.65,$54.00,$25.00,$25.00,,,,$1.69,,,$2.00,$9.99,,22,,,,,2017-06-01
8135670,Baseball Cards 2017 Bowman Draft Chrome,Gleyber Torres [Red Refractor] #BDC200,,,,,,,,,,,,,,,,,,,0,,,,,2017-06-01
1404758,Baseball Cards 2017 Bowman Draft Chrome,Gleyber Torres [Refractor] #BDC200,$0.99,,,,$1.12,$8.75,$11.00,$5.00,$6.00,,,,$1.09,,,,,,13,,,,,2017-06-01
1404759,Baseball Cards 2017 Bowman Draft Chrome,Gleyber Torres [Sky Blue Refractor] #BDC200,$1.59,,,,,$12.82,$17.00,$8.00,$8.00,,,,$1.79,,,,,,6,,,,,2017-06-01
8135672,Baseball Cards 2017 Bowman Draft Chrome,Gleyber Torres [SuperFractor] #BDC200,,,,,,,,,,,,,,,,,,,0,,,,,2017-06-01
1404019,Baseball Cards 2017 Bowman Draft Chrome,Griffin Canning #BDC48,$1.59,,,,,$24.99,$32.00,$15.00,$15.00,,,,$1.79,,,,,,5,,,,,2017-06-01
8134167,Baseball Cards 2017 Bowman Draft Chrome,Griffin Canning [70th Refractor] #BDC48,$5.99,,,,,,,,,,,$1.30,$6.59,,,,,,1,,,,,2017-06-01
1404020,Baseball Cards 2017 Bowman Draft Chrome,Griffin Canning [Blue Refractor] #BDC48,$2.79,,,,,,,,,,,,$3.09,,,,,,1,,,,,2017-06-01
1404021,Baseball Cards 2017 Bowman Draft Chrome,Griffin Canning [Gold Refractor] #BDC48,$56.60,,,,,,,,,,,$24.80,$61.99,,,,,,0,,,,,2017-06-01
1404022,Baseball Cards 2017 Bowman Draft Chrome,Griffin Canning [Green Refractor] #BDC48,$1.99,,,,,$42.79,$56.00,$26.00,$26.00,,,,$2.19,,,,,,2,,,,,2017-06-01
1404023,Baseball Cards 2017 Bowman Draft Chrome,Griffin Canning [Orange Refractor] #BDC48,$4.69,,,,,,,,,,,$1.00,$5.19,,,,,,1,,,,,2017-06-01
1404024,Baseball Cards 2017 Bowman Draft Chrome,Griffin Canning [Purple Refractor] #BDC48,$1.66,,,,,,,,,,,,$1.79,,,,,,2,,,,,2017-06-01
8134177,Baseball Cards 2017 Bowman Draft Chrome,Griffin Canning [Red Refractor] #BDC48,,,,,,,,,,,,,,,,,,,0,,,,,2017-06-01
1404025,Baseball Cards 2017 Bowman Draft Chrome,Griffin Canning [Refractor] #BDC48,$1.36,,$6.05,$11.35,$21.89,$31.61,$41.00,$19.00,$19.00,,,,$1.49,,,$1.30,$6.69,,9,,,,,2017-06-01
1404026,Baseball Cards 2017 Bowman Draft Chrome,Griffin Canning [Sky Blue Refractor] #BDC48,$2.49,,,,,,,,,,,,$2.69,,,,,,2,,,,,2017-06-01
8134175,Baseball Cards 2017 Bowman Draft Chrome,Griffin Canning [SuperFractor] #BDC48,,,,,,,,,,,,,,,,,,,0,,,,,2017-06-01
8135052,Baseball Cards 2017 Bowman Draft Chrome,Hagen Danner #BDC138,$0.25,,,,,,,,,,,,$0.99,,,,,,0,,,,,2017-06-01
8135710,Baseball Cards 2017 Bowman Draft Chrome,Hagen Danner [70th Refractor] #BDC138,$0.25,,,,,,,,,,,,$0.99,,,,,,0,,,,,2017-06-01
1404432,Baseball Cards 2017 Bowman Draft Chrome,Hagen Danner [Blue Refractor] #BDC138,$1.25,,,,,,,,,,,,$1.39,,,,,,1,,,,,2017-06-01
8135057,Baseball Cards 2017 Bowman Draft Chrome,Hagen Danner [Gold Refractor] #BDC138,,,,,,,,,,,,,,,,,,,0,,,,,2017-06-01
8135056,Baseball Cards 2017 Bowman Draft Chrome,Hagen Danner [Green Refractor] #BDC138,$4.04,,,,,,,,,,,$0.90,$4.39,,,,,,0,,,,,2017-06-01
1404433,Baseball Cards 2017 Bowman Draft Chrome,Hagen Danner [Orange Refractor] #BDC138,$10.89,,,,,,,,,,,$3.00,$11.99,,,,,,0,,,,,2017-06-01
1404434,Baseball Cards 2017 Bowman Draft Chrome,Hagen Danner [Purple Refractor] #BDC138,$1.99,,,,,,,,,,,,$2.19,,,,,,4,,,,,2017-06-01
1404435,Baseball Cards 2017 Bowman Draft Chrome,Hagen Danner [Red Refractor] #BDC138,,,,,,,,,,,,,,,,,,,0,,,,,2017-06-01
8135053,Baseball Cards 2017 Bowman Draft Chrome,Hagen Danner [Sky Blue Refractor] #BDC138,$0.25,,,,,,,,,,,,$0.99,,,,,,0,,,,,2017-06-01
8135060,Baseball Cards 2017 Bowman Draft Chrome,Hagen Danner [SuperFractor] #BDC138,,,,,,,,,,,,,,,,,,,0,,,,,2017-06-01
2262602,Baseball Cards 2017 Bowman Draft Chrome,Hanger Box,,,,,,,,,,,,,,,,,,,0,,,,,2017-06-01
1403914,Baseball Cards 2017 Bowman Draft Chrome,Hans Crouse #BDC33,$0.25,,,,,,,,,,,,$0.99,,,,,,0,,,,,2017-06-01
1403915,Baseball Cards 2017 Bowman Draft Chrome,Hans Crouse [70th Refractor] #BDC33,$3.99,,,,,,,,,,,$0.90,$4.39,,,,,,1,,,,,2017-06-01
8134026,Baseball Cards 2017 Bowman Draft Chrome,Hans Crouse [Blue Refractor] #BDC33,$1.52,,$6.18,$11.52,$22.13,$31.81,$41.00,$19.00,$19.00,,,,$1.69,,,$1.40,$6.79,,40,,,,,2017-06-01
1403916,Baseball Cards 2017 Bowman Draft Chrome,Hans Crouse [Gold Refractor] #BDC33,,,,,,,,,,,,,,,,,,,0,,,,,2017-06-01
1403917,Baseball Cards 2017 Bowman Draft Chrome,Hans Crouse [Green Refractor] #BDC33,$1.98,,,,,,,,,,,,$2.19,,,,,,1,,,,,2017-06-01
8134029,Baseball Cards 2017 Bowman Draft Chrome,Hans Crouse [Orange Refractor] #BDC33,,,,,,,,,,,,,,,,,,,0,,,,,2017-06-01
8134025,Baseball Cards 2017 Bowman Draft Chrome,Hans Crouse [Purple Refractor] #BDC33,$1.66,,$6.29,$11.66,$22.33,$31.98,$42.00,$19.00,$19.00,,,,$1.79,,,$1.40,$6.89,,40,,,,,2017-06-01
1403918,Baseball Cards 2017 Bowman Draft Chrome,Hans Crouse [Red Refractor] #BDC33,,,,,,,,,,,,,,,,,,,0,,,,,2017-06-01
1403919,Baseball Cards 2017 Bowman Draft Chrome,Hans Crouse [Refractor] #BDC33,$1.40,,,,,,,,,,,,$1.49,,,,,,3,,,,,2017-06-01
1403920,Baseball Cards 2017 Bowman Draft Chrome,Hans Crouse [Sky Blue Refractor] #BDC33,$1.69,,,,,,,,,,,,$1.89,,,,,,4,,,,,2017-06-01
8134031,Baseball Cards 2017 Bowman Draft Chrome,Hans Crouse [SuperFractor] #BDC33,,,,,,,,,,,,,,,,,,,0,,,,,2017-06-01
1403824,Baseball Cards 2017 Bowman Draft Chrome,Heliot Ramos #BDC12,$1.65,,$6.54,$10.69,$18.13,$19.99,$26.00,$12.00,$12.00,,,,$1.79,,,$1.40,$7.19,,28,,,,,2017-06-01
1403826,Baseball Cards 2017 Bowman Draft Chrome,Heliot Ramos [70th Refractor] #BDC12,$31.38,,,,,$39.63,$52.00,$24.00,$24.00,,,$10.50,$34.99,,,,,,6,,,,,2017-06-01
1403825,Baseball Cards 2017 Bowman Draft Chrome,Heliot Ramos [Blue Refractor] #BDC12,$25.08,,,,,$15.50,$20.00,$9.00,$9.00,,,$8.40,$27.99,,,,,,2,,,,,2017-06-01
1403827,Baseball Cards 2017 Bowman Draft Chrome,Heliot Ramos [Gold Refractor] #BDC12,$20.50,,,,$97.50,,,,,,,$6.90,$22.99,,,,,,4,,,,,2017-06-01
1403828,Baseball Cards 2017 Bowman Draft Chrome,Heliot Ramos [Green Refractor] #BDC12,$40.79,,,,,,,,,,,$18.00,$44.99,,,,,,0,,,,,2017-06-01
1403829,Baseball Cards 2017 Bowman Draft Chrome,Heliot Ramos [Orange Refractor] #BDC12,$65.50,,,,$120.00,,$130.00,,,,,$28.80,$71.99,,,,,,5,,,,,2017-06-01
1403830,Baseball Cards 2017 Bowman Draft Chrome,Heliot Ramos [Purple Refractor] #BDC12,$12.33,,,,$34.99,$84.99,$110.00,$51.00,$51.00,,,$3.50,$13.99,,,,,,4,,,,,2017-06-01
1403831,Baseball Cards 2017 Bowman Draft Chrome,Heliot Ramos [Red Refractor] #BDC12,,,,,,,,,,,,,,,,,,,0,,,,,2017-06-01
1403832,Baseball Cards 2017 Bowman Draft Chrome,Heliot Ramos [Refractor] #BDC12,$1.50,,$7.98,$12.75,$14.00,$17.75,$23.00,$11.00,$11.00,,,,$1.69,,,$1.80,$8.79,,54,,,,,2017-06-01
1403833,Baseball Cards 2017 Bowman Draft Chrome,Heliot Ramos [Sky Blue Refractor] #BDC12,$19.99,,,$13.50,$15.00,,,,,,,$6.60,$21.99,,,,,,3,,,,,2017-06-01
8133825,Baseball Cards 2017 Bowman Draft Chrome,Heliot Ramos [SuperFractor] #BDC12,$60.00,,,,$260.00,,,,,,,$26.40,$65.99,,,,,,2,,,,,2017-06-01
2262603,Baseball Cards 2017 Bowman Draft Chrome,Hobby Box,$485.00,,,,,,,,,,,$320.40,$534.00,,,,,,1,,,,,2017-06-01
8135229,Baseball Cards 2017 Bowman Draft Chrome,Ian Anderson #BDC156,$1.50,,,,,,,,,,,,$1.69,,,,,,1,,,,,2017-06-01
1404536,Baseball Cards 2017 Bowman Draft Chrome,Ian Anderson [70th Refractor] #BDC156,$2.48,,,,,,,,,,,,$2.69,,,,,,0,,,,,2017-06-01
8135234,Baseball Cards 2017 Bowman Draft Chrome,Ian Anderson [Blue Refractor] #BDC156,$2.48,,,,,,,,,,,,$2.69,,,,,,0,,,,,2017-06-01
1404537,Baseball Cards 2017 Bowman Draft Chrome,Ian Anderson [Gold Refractor] #BDC156,$4.52,,,,,,,,,,,$1.00,$4.99,,,,,,0,,,,,2017-06-01
8135235,Baseball Cards 2017 Bowman Draft Chrome,Ian Anderson [Green Refractor] #BDC156,$3.98,,,,,,,,,,,$0.90,$4.39,,,,,,0,,,,,2017-06-01
1404538,Baseball Cards 2017 Bowman Draft Chrome,Ian Anderson [Orange Refractor] #BDC156,,,,,,,,,,,,,,,,,,,0,,,,,2017-06-01
1404539,Baseball Cards 2017 Bowman Draft Chrome,Ian Anderson [Purple Refractor] #BDC156,$0.25,,,,,,,,,,,,$0.99,,,,,,0,,,,,2017-06-01
1404540,Baseball Cards 2017 Bowman Draft Chrome,Ian Anderson [Red Refractor] #BDC156,,,,,,,,,,,,,,,,,,,0,,,,,2017-06-01
1404541,Baseball Cards 2017 Bowman Draft Chrome,Ian Anderson [Refractor] #BDC156,$1.80,,,,,,,,,,,,$1.99,,,,,,3,,,,,2017-06-01
8135232,Baseball Cards 2017 Bowman Draft Chrome,Ian Anderson [Sky Blue Refractor] #BDC156,$2.48,,,,,,,,,,,,$2.69,,,,,,0,,,,,2017-06-01
8135239,Baseball Cards 2017 Bowman Draft Chrome,Ian Anderson [SuperFractor] #BDC156,,,,,,,,,,,,,,,,,,,0,,,,,2017-06-01
8134699,Baseball Cards 2017 Bowman Draft Chrome,Isan Diaz #BDC102,$0.25,,,,,,,,,,,,$0.99,,,,,,0,,,,,2017-06-01
8134700,Baseball Cards 2017 Bowman Draft Chrome,Isan Diaz [70th Refractor] #BDC102,$0.25,,,,,,,,,,,,$0.99,,,,,,0,,,,,2017-06-01
8134703,Baseball Cards 2017 Bowman Draft Chrome,Isan Diaz [Blue Refractor] #BDC102,$2.20,,,,,,,,,,,,$2.39,,,,,,0,,,,,2017-06-01
8134705,Baseball Cards 2017 Bowman Draft Chrome,Isan Diaz [Gold Refractor] #BDC102,$1.25,,,,,,,,,,,,$1.39,,,,,,1,,,,,2017-06-01
8134704,Baseball Cards 2017 Bowman Draft Chrome,Isan Diaz [Green Refractor] #BDC102,$0.99,,,,,,,,,,,,$1.09,,,,,,1,,,,,2017-06-01
8134706,Baseball Cards 2017 Bowman Draft Chrome,Isan Diaz [Orange Refractor] #BDC102,,,,,,,,,,,,,,,,,,,0,,,,,2017-06-01
8134702,Baseball Cards 2017 Bowman Draft Chrome,Isan Diaz [Purple Refractor] #BDC102,$0.25,,,,,,,,,,,,$0.99,,,,,,0,,,,,2017-06-01
8134707,Baseball Cards 2017 Bowman Draft Chrome,Isan Diaz [Red Refractor] #BDC102,,,,,,,,,,,,,,,,,,,0,,,,,2017-06-01
8134701,Baseball Cards 2017 Bowman Draft Chrome,Isan Diaz [Sky Blue Refractor] #BDC102,$0.25,,,,,,,,,,,,$0.99,,,,,,0,,,,,2017-06-01
8134708,Baseball Cards 2017 Bowman Draft Chrome,Isan Diaz [SuperFractor] #BDC102,,,,,,,,,,,,,,,,,,,0,,,,,2017-06-01
8135100,Baseball Cards 2017 Bowman Draft Chrome,J.B. Bukauskas #BDC143,$0.06,,$5.05,$10.06,$20.08,$30.07,$39.00,$18.00,$18.00,,,,$0.99,,,$1.10,$5.59,,6,,,,,2017-06-01
1404465,Baseball Cards 2017 Bowman Draft Chrome,J.B. Bukauskas [70th Refractor] #BDC143,,,,,,,,,,,,,,,,,,,0,,,,,2017-06-01
1404464,Baseball Cards 2017 Bowman Draft Chrome,J.B. Bukauskas [Blue Refractor] #BDC143,$2.48,,,,,,,,,,,,$2.69,,,,,,0,,,,,2017-06-01
1404466,Baseball Cards 2017 Bowman Draft Chrome,J.B. Bukauskas [Gold Refractor] #BDC143,,,,,,,,,,,,,,,,,,,0,,,,,2017-06-01
8135105,Baseball Cards 2017 Bowman Draft Chrome,J.B. Bukauskas [Green Refractor] #BDC143,$0.25,,,,,,,,,,,,$0.99,,,,,,0,,,,,2017-06-01
1404467,Baseball Cards 2017 Bowman Draft Chrome,J.B. Bukauskas [Orange Refractor] #BDC143,$34.74,,,,,,,,,,,$15.20,$37.99,,,,,,0,,,,,2017-06-01
1404468,Baseball Cards 2017 Bowman Draft Chrome,J.B. Bukauskas [Purple Refractor] #BDC143,$0.25,,,,,,,,,,,,$0.99,,,,,,0,,,,,2017-06-01
8135108,Baseball Cards 2017 Bowman Draft Chrome,J.B. Bukauskas [Red Refractor] #BDC143,,,,,,,,,,,,,,,,,,,0,,,,,2017-06-01
1404469,Baseball Cards 2017 Bowman Draft Chrome,J.B. Bukauskas [Refractor] #BDC143,$0.99,,,,,,,,,,,,$1.09,,,,,,1,,,,,2017-06-01
8135102,Baseball Cards 2017 Bowman Draft Chrome,J.B. Bukauskas [Sky Blue Refractor] #BDC143,$0.25,,,,,,,,,,,,$0.99,,,,,,0,,,,,2017-06-01
8135109,Baseball Cards 2017 Bowman Draft Chrome,J.B. Bukauskas [SuperFractor] #BDC143,$19.99,,,,,,,,,,,$6.60,$21.99,,,,,,1,,,,,2017-06-01
1404304,Baseball Cards 2017 Bowman Draft Chrome,J.J. Matijevic #BDC109,$1.49,,,,,,,,,,,,$1.59,,,,,,1,,,,,2017-06-01
8134770,Baseball Cards 2017 Bowman Draft Chrome,J.J. Matijevic [70th Refractor] #BDC109,$0.25,,,,,,,,,,,,$0.99,,,,,,0,,,,,2017-06-01
8134773,Baseball Cards 2017 Bowman Draft Chrome,J.J. Matijevic [Blue Refractor] #BDC109,$3.95,,,,,,,,,,,$0.90,$4.39,,,,,,0,,,,,2017-06-01
1404303,Baseball Cards 2017 Bowman Draft Chrome,J.J. Matijevic [Gold Refractor] #BDC109,$4.99,,,,,,,,,,,$1.10,$5.49,,,,,,1,,,,,2017-06-01
8134774,Baseball Cards 2017 Bowman Draft Chrome,J.J. Matijevic [Green Refractor] #BDC109,$0.25,,,,,,,,$5.50,,,,$0.99,,,,,,0,,,,,2017-06-01
8134776,Baseball Cards 2017 Bowman Draft Chrome,J.J. Matijevic [Orange Refractor] #BDC109,,,,,,,,,,,,,,,,,,,0,,,,,2017-06-01
8134772,Baseball Cards 2017 Bowman Draft Chrome,J.J. Matijevic [Purple Refractor] #BDC109,$2.84,,,,,,,,,,,,$3.09,,,,,,0,,,,,2017-06-01
8134777,Baseball Cards 2017 Bowman Draft Chrome,J.J. Matijevic [Red Refractor] #BDC109,,,,,,,,,,,,,,,,,,,0,,,,,2017-06-01
8134771,Baseball Cards 2017 Bowman Draft Chrome,J.J. Matijevic [Sky Blue Refractor] #BDC109,$0.25,,,,,,,,,,,,$0.99,,,,,,0,,,,,2017-06-01
8134778,Baseball Cards 2017 Bowman Draft Chrome,J.J. Matijevic [SuperFractor] #BDC109,,,,,,,,,,,,,,,,,,,0,,,,,2017-06-01
8133722,Baseball Cards 2017 Bowman Draft Chrome,Jacob Gonzalez #BDC2,$0.25,,,,,,,,,,,,$0.99,,,,,,0,,,,,2017-06-01
8133723,Baseball Cards 2017 Bowman Draft Chrome,Jacob Gonzalez [70th Refractor] #BDC2,$2.99,,,,,,,,,,,,$3.29,,,,,,1,,,,,2017-06-01
1403785,Baseball Cards 2017 Bowman Draft Chrome,Jacob Gonzalez [Blue Refractor] #BDC2,$1.82,,$6.41,$11.82,$22.56,$32.17,$42.00,$19.00,$19.00,,,,$1.99,,,$1.40,$7.09,,20,,,,,2017-06-01
8133728,Baseball Cards 2017 Bowman Draft Chrome,Jacob Gonzalez [Gold Refractor] #BDC2,,,,,,,,,,,,,,,,,,,0,,,,,2017-06-01
1403786,Baseball Cards 2017 Bowman Draft Chrome,Jacob Gonzalez [Green Refractor] #BDC2,$2.00,,,,,,,,,,,,$2.19,,,,,,0,,,,,2017-06-01
1403787,Baseball Cards 2017 Bowman Draft Chrome,Jacob Gonzalez [Orange Refractor] #BDC2,,,,,,,,,,,,,,,,,,,0,,,,,2017-06-01
8133725,Baseball Cards 2017 Bowman Draft Chrome,Jacob Gonzalez [Purple Refractor] #BDC2,$0.25,,,,,,,,,,,,$0.99,,,,,,0,,,,,2017-06-01
8133730,Baseball Cards 2017 Bowman Draft Chrome,Jacob Gonzalez [Red Refractor] #BDC2,,,,,,,,,,,,,,,,,,,0,,,,,2017-06-01
1403788,Baseball Cards 2017 Bowman Draft Chrome,Jacob Gonzalez [Refractor] #BDC2,$1.49,,$6.16,$10.51,$22.09,$31.78,$41.00,$19.00,$19.00,,,,$1.59,,,$1.40,$6.79,,27,,,,,2017-06-01
8133724,Baseball Cards 2017 Bowman Draft Chrome,Jacob Gonzalez [Sky Blue Refractor] #BDC2,$0.25,,,,,,,,,,,,$0.99,,,,,,0,,,,,2017-06-01
8133731,Baseball Cards 2017 Bowman Draft Chrome,Jacob Gonzalez [SuperFractor] #BDC2,,,,,,,,,,,,,,,,,,,0,,,,,2017-06-01
8133877,Baseball Cards 2017 Bowman Draft Chrome,Jacob Heatherly #BDC18,$0.25,,,,,,,,,,,,$0.99,,,,,,0,,,,,2017-06-01
8133878,Baseball Cards 2017 Bowman Draft Chrome,Jacob Heatherly [70th Refractor] #BDC18,$0.25,,,,,,,,,,,,$0.99,,,,,,0,,,,,2017-06-01
1403858,Baseball Cards 2017 Bowman Draft Chrome,Jacob Heatherly [Blue Refractor] #BDC18,$0.99,,,,,,,,,,,,$1.09,,,,,,1,,,,,2017-06-01
1403859,Baseball Cards 2017 Bowman Draft Chrome,Jacob Heatherly [Gold Refractor] #BDC18,$3.29,,,,,,,,,,,,$3.59,,,,,,1,,,,,2017-06-01
8133882,Baseball Cards 2017 Bowman Draft Chrome,Jacob Heatherly [Green Refractor] #BDC18,$1.09,,,,,,,,,,,,$1.19,,,,,,1,,,,,2017-06-01
8133884,Baseball Cards 2017 Bowman Draft Chrome,Jacob Heatherly [Orange Refractor] #BDC18,,,,,,,,,,,,,,,,,,,0,,,,,2017-06-01
8133880,Baseball Cards 2017 Bowman Draft Chrome,Jacob Heatherly [Purple Refractor] #BDC18,$1.49,,,,,,,,,,,,$1.59,,,,,,5,,,,,2017-06-01
8133885,Baseball Cards 2017 Bowman Draft Chrome,Jacob Heatherly [Red Refractor] #BDC18,,,,,,,,,,,,,,,,,,,0,,,,,2017-06-01
8133879,Baseball Cards 2017 Bowman Draft Chrome,Jacob Heatherly [Sky Blue Refractor] #BDC18,$0.25,,,,,,,,,,,,$0.99,,,,,,0,,,,,2017-06-01
8133886,Baseball Cards 2017 Bowman Draft Chrome,Jacob Heatherly [SuperFractor] #BDC18,,,,,,,,,,,,,,,,,,,0,,,,,2017-06-01
8133916,Baseball Cards 2017 Bowman Draft Chrome,Jacob Heyward #BDC22,$0.25,,,,,,,,,,,,$0.99,,,,,,0,,,,,2017-06-01
8133917,Baseball Cards 2017 Bowman Draft Chrome,Jacob Heyward [70th Refractor] #BDC22,$0.25,,,,,,,,,,,,$0.99,,,,,,0,,,,,2017-06-01
8133919,Baseball Cards 2017 Bowman Draft Chrome,Jacob Heyward [Blue Refractor] #BDC22,$0.25,,,,,,,,,,,,$0.99,,,,,,0,,,,,2017-06-01
8133921,Baseball Cards 2017 Bowman Draft Chrome,Jacob Heyward [Gold Refractor] #BDC22,,,,,,,,,,,,,,,,,,,0,,,,,2017-06-01
8133923,Baseball Cards 2017 Bowman Draft Chrome,Jacob Heyward [Green Refractor] #BDC22,$0.25,,,,,,,,,,,,$0.99,,,,,,0,,,,,2017-06-01
8133922,Baseball Cards 2017 Bowman Draft Chrome,Jacob Heyward [Orange Refractor] #BDC22,,,,,,,,,,,,,,,,,,,0,,,,,2017-06-01
8133920,Baseball Cards 2017 Bowman Draft Chrome,Jacob Heyward [Purple Refractor] #BDC22,$0.25,,,,,,,,,,,,$0.99,,,,,,0,,,,,2017-06-01
1403871,Baseball Cards 2017 Bowman Draft Chrome,Jacob Heyward [Red Refractor] #BDC22,$2.76,,,,,,,,,,,,$2.99,,,,,,2,,,,,2017-06-01
8133918,Baseball Cards 2017 Bowman Draft Chrome,Jacob Heyward [Sky Blue Refractor] #BDC22,$0.25,,,,,,,,,,,,$0.99,,,,,,0,,,,,2017-06-01
8135686,Baseball Cards 2017 Bowman Draft Chrome,Jacob Heyward [SuperFractor] #BDC22,,,,,,,,,,,,,,,,,,,0,,,,,2017-06-01
1404292,Baseball Cards 2017 Bowman Draft Chrome,Jacob Pearson #BDC105,$0.25,,,,,,,,,,,,$0.99,,,,,,0,,,,,2017-06-01
8134730,Baseball Cards 2017 Bowman Draft Chrome,Jacob Pearson [70th Refractor] #BDC105,$0.25,,,,,,,,,,,,$0.99,,,,,,0,,,,,2017-06-01
8134733,Baseball Cards 2017 Bowman Draft Chrome,Jacob Pearson [Blue Refractor] #BDC105,$0.25,,,,,,,,,,,,$0.99,,,,,,0,,,,,2017-06-01
1404289,Baseball Cards 2017 Bowman Draft Chrome,Jacob Pearson [Gold Refractor] #BDC105,$4.90,,,,,,,,,,,$1.10,$5.39,,,,,,0,,,,,2017-06-01
8134734,Baseball Cards 2017 Bowman Draft Chrome,Jacob Pearson [Green Refractor] #BDC105,$0.25,,,,,,,,,,,,$0.99,,,,,,0,,,,,2017-06-01
8134736,Baseball Cards 2017 Bowman Draft Chrome,Jacob Pearson [Orange Refractor] #BDC105,,,,,,,,,,,,,,,,,,,0,,,,,2017-06-01
1404290,Baseball Cards 2017 Bowman Draft Chrome,Jacob Pearson [Purple Refractor] #BDC105,$1.75,,,,,,,,,,,,$1.89,,,,,,4,,,,,2017-06-01
1404291,Baseball Cards 2017 Bowman Draft Chrome,Jacob Pearson [Red Refractor] #BDC105,,,,,,,,,,,,,,,,,,,0,,,,,2017-06-01
8134731,Baseball Cards 2017 Bowman Draft Chrome,Jacob Pearson [Sky Blue Refractor] #BDC105,$0.25,,,,,,,,,,,,$0.99,,,,,,0,,,,,2017-06-01
8134738,Baseball Cards 2017 Bowman Draft Chrome,Jacob Pearson [SuperFractor] #BDC105,,,,,,,,,,,,,,,,,,,0,,,,,2017-06-01
1404094,Baseball Cards 2017 Bowman Draft Chrome,Jahmai Jones #BDC61,$0.25,,,,,,,,,,,,$0.99,,,,,,0,,,,,2017-06-01
1404095,Baseball Cards 2017 Bowman Draft Chrome,Jahmai Jones [70th Refractor] #BDC61,,,,,,,,,,,,,,,,,,,0,,,,,2017-06-01
1404093,Baseball Cards 2017 Bowman Draft Chrome,Jahmai Jones [Blue Refractor] #BDC61,$0.88,,,,,,,,,,,,$0.99,,,,,,3,,,,,2017-06-01
8134301,Baseball Cards 2017 Bowman Draft Chrome,Jahmai Jones [Gold Refractor] #BDC61,$2.84,,,,,,,,,,,,$3.09,,,,,,0,,,,,2017-06-01
8134300,Baseball Cards 2017 Bowman Draft Chrome,Jahmai Jones [Green Refractor] #BDC61,$3.41,,,,,,,,,,,$0.80,$3.79,,,,,,0,,,,,2017-06-01
8134302,Baseball Cards 2017 Bowman Draft Chrome,Jahmai Jones [Orange Refractor] #BDC61,,,,,,,,,,,,,,,,,,,0,,,,,2017-06-01
8134298,Baseball Cards 2017 Bowman Draft Chrome,Jahmai Jones [Purple Refractor] #BDC61,$0.25,,,,,,,,,,,,$0.99,,,,,,0,,,,,2017-06-01
1404096,Baseball Cards 2017 Bowman Draft Chrome,Jahmai Jones [Red Refractor] #BDC61,,,,,,,,,,,,,,,,,,,0,,,,,2017-06-01
1404097,Baseball Cards 2017 Bowman Draft Chrome,Jahmai Jones [Refractor] #BDC61,$1.57,,,,,$23.24,$30.00,$14.00,$14.00,,,,$1.69,,,,,,3,,,,,2017-06-01
1404098,Baseball Cards 2017 Bowman Draft Chrome,Jahmai Jones [Sky Blue Refractor] #BDC61,$0.25,,,,,,,,,,,,$0.99,,,,,,0,,,,,2017-06-01
8134303,Baseball Cards 2017 Bowman Draft Chrome,Jahmai Jones [SuperFractor] #BDC61,,,,,,,,,,,,,,,,,,,0,,,,,2017-06-01
1404634,Baseball Cards 2017 Bowman Draft Chrome,Jake Burger #BDC177,$1.50,,,,,,,,,,,,$1.69,,,,,,5,,,,,2017-06-01
1404636,Baseball Cards 2017 Bowman Draft Chrome,Jake Burger [70th Refractor] #BDC177,,,,,,,,,,,,,,,,,,,0,,,,,2017-06-01
1404635,Baseball Cards 2017 Bowman Draft Chrome,Jake Burger [Blue Refractor] #BDC177,$7.79,,$11.04,$17.77,$30.94,$39.29,$51.00,$24.00,$24.00,,,$1.70,$8.59,,,$3.00,$11.99,,7,,,,,2017-06-01
1404637,Baseball Cards 2017 Bowman Draft Chrome,Jake Burger [Gold Refractor] #BDC177,$6.61,,,,,,,,,,,$1.50,$7.29,,,,,,1,,,,,2017-06-01
1404638,Baseball Cards 2017 Bowman Draft Chrome,Jake Burger [Green Refractor] #BDC177,$9.00,,,,,,,,,,,$2.00,$9.89,,,,,,1,,,,,2017-06-01
1404639,Baseball Cards 2017 Bowman Draft Chrome,Jake Burger [Orange Refractor] #BDC177,$33.36,,,,,,,,,,,$14.80,$36.99,,,,,,1,,,,,2017-06-01
1404640,Baseball Cards 2017 Bowman Draft Chrome,Jake Burger [Purple Refractor] #BDC177,$5.10,,,,,,,,,,,$1.10,$5.59,,,,,,3,,,,,2017-06-01
8135444,Baseball Cards 2017 Bowman Draft Chrome,Jake Burger [Red Refractor] #BDC177,,,,,,,,,,,,,,,,,,,0,,,,,2017-06-01
1404641,Baseball Cards 2017 Bowman Draft Chrome,Jake Burger [Refractor] #BDC177,$2.00,,$6.55,$12.00,$22.81,$32.39,$42.00,$19.00,$19.00,,,,$2.19,,,$1.40,$7.19,,14,,,,,2017-06-01
1404642,Baseball Cards 2017 Bowman Draft Chrome,Jake Burger [Sky Blue Refractor] #BDC177,$4.99,,,,,,,,,,,$1.10,$5.49,,,,,,1,,,,,2017-06-01
8135445,Baseball Cards 2017 Bowman Draft Chrome,Jake Burger [SuperFractor] #BDC177,$65.00,,,,,,,,,,,$28.80,$71.99,,,,,,1,,,,,2017-06-01
1404608,Baseball Cards 2017 Bowman Draft Chrome,James Marinan #BDC169,$1.20,,,,,,,,,,,,$1.29,,,,,,1,,,,,2017-06-01
1404607,Baseball Cards 2017 Bowman Draft Chrome,James Marinan [70th Refractor] #BDC169,$0.25,,,,,,,,,,,,$0.99,,,,,,0,,,,,2017-06-01
8135363,Baseball Cards 2017 Bowman Draft Chrome,James Marinan [Blue Refractor] #BDC169,$0.25,,,,,,,,,,,,$0.99,,,,,,0,,,,,2017-06-01
8135364,Baseball Cards 2017 Bowman Draft Chrome,James Marinan [Gold Refractor] #BDC169,$2.84,,,,,,,,,,,,$3.09,,,,,,0,,,,,2017-06-01
8135365,Baseball Cards 2017 Bowman Draft Chrome,James Marinan [Green Refractor] #BDC169,,,,,,,,,,,,,,,,,,,0,,,,,2017-06-01
1404610,Baseball Cards 2017 Bowman Draft Chrome,James Marinan [Orange Refractor] #BDC169,$4.00,,,,,,,,,,,$0.90,$4.39,,,,,,0,,,,,2017-06-01
8135362,Baseball Cards 2017 Bowman Draft Chrome,James Marinan [Purple Refractor] #BDC169,$0.25,,,,,,,,,,,,$0.99,,,,,,0,,,,,2017-06-01
8135367,Baseball Cards 2017 Bowman Draft Chrome,James Marinan [Red Refractor] #BDC169,,,,,,,,,,,,,,,,,,,0,,,,,2017-06-01
8135361,Baseball Cards 2017 Bowman Draft Chrome,James Marinan [Sky Blue Refractor] #BDC169,$0.25,,,,,,,,,,,,$0.99,,,,,,0,,,,,2017-06-01
8135368,Baseball Cards 2017 Bowman Draft Chrome,James Marinan [SuperFractor] #BDC169,,,,$33.00,$36.00,,,,,,,,,,,,,,1,,,,,2017-06-01
1403801,Baseball Cards 2017 Bowman Draft Chrome,Jeter Downs #BDC6,$1.53,,,,,$7.50,$10.00,$5.00,$5.00,,,,$1.69,,,,,,8,,,,,2017-06-01
1403803,Baseball Cards 2017 Bowman Draft Chrome,Jeter Downs [70th Refractor] #BDC6,,,,,,,,,,,,,,,,,,,0,,,,,2017-06-01
1403802,Baseball Cards 2017 Bowman Draft Chrome,Jeter Downs [Blue Refractor] #BDC6,$0.25,,,,,,,,,,,,$0.99,,,,,,0,,,,,2017-06-01
1403804,Baseball Cards 2017 Bowman Draft Chrome,Jeter Downs [Gold Refractor] #BDC6,$8.29,,,,,$5.55,$7.00,$3.00,$3.00,,,$1.80,$9.09,,,,,,1,,,,,2017-06-01
1403805,Baseball Cards 2017 Bowman Draft Chrome,Jeter Downs [Green Refractor] #BDC6,$4.51,,,,,$10.50,$14.00,$6.00,$6.00,,,$1.00,$4.99,,,,,,1,,,,,2017-06-01
1403806,Baseball Cards 2017 Bowman Draft Chrome,Jeter Downs [Orange Refractor] #BDC6,$13.18,,,,,$7.51,$10.00,$5.00,$5.00,,,$3.80,$14.99,,,,,,1,,,,,2017-06-01
1403807,Baseball Cards 2017 Bowman Draft Chrome,Jeter Downs [Purple Refractor] #BDC6,$2.00,,,,,,,,,,,,$2.19,,,,,,0,,,,,2017-06-01
1403808,Baseball Cards 2017 Bowman Draft Chrome,Jeter Downs [Red Refractor] #BDC6,$6.95,,,,,$18.50,$24.00,$11.00,$11.00,,,$1.50,$7.69,,,,,,1,,,,,2017-06-01
1403809,Baseball Cards 2017 Bowman Draft Chrome,Jeter Downs [Refractor] #BDC6,$2.26,,,$5.50,$6.00,$7.17,$9.00,$4.00,$2.75,,,,$2.49,,,,,,6,,,,,2017-06-01
1403810,Baseball Cards 2017 Bowman Draft Chrome,Jeter Downs [Sky Blue Refractor] #BDC6,$0.25,,,$4.93,$5.00,,,,,,,,$0.99,,,,,,1,,,,,2017-06-01
8133770,Baseball Cards 2017 Bowman Draft Chrome,Jeter Downs [SuperFractor] #BDC6,,,,,,,,,,,,,,,,,,,0,,,,,2017-06-01
8134629,Baseball Cards 2017 Bowman Draft Chrome,Jo Adell #BDC95,$2.07,,$10.77,$12.00,$13.00,$14.44,$19.00,$9.00,$10.50,,,,$2.29,,,$3.00,$11.99,,184,,,,,2017-06-01
1404256,Baseball Cards 2017 Bowman Draft Chrome,Jo Adell [70th Refractor] #BDC95,,,,,,,,,,,,,,,,,,,0,,,,,2017-06-01
1403583,Baseball Cards 2017 Bowman Draft Chrome,Jo Adell [Bat on Shoulder Autograph] #BDC95,,,,,,,,,,,,,,,,,,,0,,,,,2017-06-01
1403584,Baseball Cards 2017 Bowman Draft Chrome,Jo Adell [Bat on Shoulder Facsimile] #BDC95,,,,,,,,,,,,,,,,,,,0,,,,,2017-06-01
1404254,Baseball Cards 2017 Bowman Draft Chrome,Jo Adell [Batting] #BDC95,$11.04,,$0.99,$4.24,$6.00,$23.13,$30.00,$14.00,$14.00,,,$3.00,$11.99,,,,$1.09,,62,,,,,2017-06-01
1404255,Baseball Cards 2017 Bowman Draft Chrome,Jo Adell [Blue Refractor] #BDC95,$38.42,,$29.43,$45.70,$74.00,$75.00,$98.00,$45.00,$45.00,,,$16.80,$41.99,,,$9.60,$31.99,,13,,,,,2017-06-01
1404257,Baseball Cards 2017 Bowman Draft Chrome,Jo Adell [Gold Refractor] #BDC95,$135.00,,,,,$139.86,$182.00,$84.00,$84.00,,,$74.50,$149.00,,,,,,6,,,,,2017-06-01
1404258,Baseball Cards 2017 Bowman Draft Chrome,Jo Adell [Green Refractor] #BDC95,$17.49,,,,$66.00,$67.49,$88.00,$40.00,$40.00,,,$4.80,$18.99,,,,,,11,,,,,2017-06-01
1404259,Baseball Cards 2017 Bowman Draft Chrome,Jo Adell [Orange Refractor] #BDC95,,,,,,$289.99,$377.00,$174.00,$174.00,,,,,,,,,,1,,,,,2017-06-01
1404260,Baseball Cards 2017 Bowman Draft Chrome,Jo Adell [Purple Refractor] #BDC95,$43.78,,$9.75,$11.00,$53.50,$53.50,$70.00,$32.00,$32.00,,,$19.20,$47.99,,,$2.80,$10.99,,16,,,,,2017-06-01
8134637,Baseball Cards 2017 Bowman Draft Chrome,Jo Adell [Red Refractor] #BDC95,,,,,,,,,,,,,,,,,,,0,,,,,2017-06-01
1404261,Baseball Cards 2017 Bowman Draft Chrome,Jo Adell [Refractor] #BDC95,$2.46,,$4.63,$9.50,$17.20,$19.00,$39.99,$11.00,$11.00,,,,$2.69,,,$1.00,$5.09,,117,,,,,2017-06-01
1404262,Baseball Cards 2017 Bowman Draft Chrome,Jo Adell [Sky Blue Refractor] #BDC95,$2.50,,$6.94,$18.74,$23.51,$54.98,$71.00,$33.00,$33.00,,,,$2.79,,,$1.50,$7.59,,12,,,,,2017-06-01
8134638,Baseball Cards 2017 Bowman Draft Chrome,Jo Adell [SuperFractor] #BDC95,,,,,,,,,,,,,,,,,,,0,,,,,2017-06-01
8135536,Baseball Cards 2017 Bowman Draft Chrome,Joe Perez #BDC187,$0.25,,,,,,,,,,,,$0.99,,,,,,0,,,,,2017-06-01
1404687,Baseball Cards 2017 Bowman Draft Chrome,Joe Perez [70th Refractor] #BDC187,,,,,,,,,,,,,,,,,,,0,,,,,2017-06-01
1404686,Baseball Cards 2017 Bowman Draft Chrome,Joe Perez [Blue Refractor] #BDC187,$0.25,,,,,,,,,,,,$0.99,,,,,,0,,,,,2017-06-01
1404688,Baseball Cards 2017 Bowman Draft Chrome,Joe Perez [Gold Refractor] #BDC187,,,,,,,,,,,,,,,,,,,0,,,,,2017-06-01
1404689,Baseball Cards 2017 Bowman Draft Chrome,Joe Perez [Green Refractor] #BDC187,,,,,,,,,,,,,,,,,,,0,,,,,2017-06-01
1404690,Baseball Cards 2017 Bowman Draft Chrome,Joe Perez [Orange Refractor] #BDC187,$6.00,,,,,,,,,,,$1.30,$6.59,,,,,,0,,,,,2017-06-01
8135539,Baseball Cards 2017 Bowman Draft Chrome,Joe Perez [Purple Refractor] #BDC187,$0.25,,,,,,,,,,,,$0.99,,,,,,0,,,,,2017-06-01
8135547,Baseball Cards 2017 Bowman Draft Chrome,Joe Perez [Red Refractor] #BDC187,,,,,,,,,,,,,,,,,,,0,,,,,2017-06-01
1404691,Baseball Cards 2017 Bowman Draft Chrome,Joe Perez [Refractor] #BDC187,$0.25,,,,,,,,,,,,$0.99,,,,,,0,,,,,2017-06-01
1404692,Baseball Cards 2017 Bowman Draft Chrome,Joe Perez [Sky Blue Refractor] #BDC187,$1.16,,,,,,,,,,,,$1.29,,,,,,1,,,,,2017-06-01
8135544,Baseball Cards 2017 Bowman Draft Chrome,Joe Perez [SuperFractor] #BDC187,,,,$87.38,$96.00,,,,,,,,,,,,,,1,,,,,2017-06-01
8133966,Baseball Cards 2017 Bowman Draft Chrome,Joey Morgan #BDC27,$0.60,,,,,,,,,,,,$0.99,,,,,,3,,,,,2017-06-01
8133965,Baseball Cards 2017 Bowman Draft Chrome,Joey Morgan [70th Refractor] #BDC27,$0.25,,,,,,,,,,,,$0.99,,,,,,0,,,,,2017-06-01
8133970,Baseball Cards 2017 Bowman Draft Chrome,Joey Morgan [Blue Refractor] #BDC27,$0.25,,,,,,,,,,,,$0.99,,,,,,0,,,,,2017-06-01
8133971,Baseball Cards 2017 Bowman Draft Chrome,Joey Morgan [Gold Refractor] #BDC27,$3.41,,,,,,,,,,,$0.80,$3.79,,,,,,0,,,,,2017-06-01
8133969,Baseball Cards 2017 Bowman Draft Chrome,Joey Morgan [Green Refractor] #BDC27,$0.25,,,,,,,,,,,,$0.99,,,,,,0,,,,,2017-06-01
1403896,Baseball Cards 2017 Bowman Draft Chrome,Joey Morgan [Orange Refractor] #BDC27,$1.25,,,,,,,,,,,,$1.39,,,,,,1,,,,,2017-06-01
8133968,Baseball Cards 2017 Bowman Draft Chrome,Joey Morgan [Purple Refractor] #BDC27,$0.25,,,,,,,,,,,,$0.99,,,,,,0,,,,,2017-06-01
8135688,Baseball Cards 2017 Bowman Draft Chrome,Joey Morgan [Red Refractor] #BDC27,,,,,,,,,,,,,,,,,,,0,,,,,2017-06-01
8133967,Baseball Cards 2017 Bowman Draft Chrome,Joey Morgan [Sky Blue Refractor] #BDC27,$0.25,,,,,,,,,,,,$0.99,,,,,,0,,,,,2017-06-01
8133972,Baseball Cards 2017 Bowman Draft Chrome,Joey Morgan [SuperFractor] #BDC27,,,,,,,,,,,,,,,,,,,0,,,,,2017-06-01
8135017,Baseball Cards 2017 Bowman Draft Chrome,Jordan Sheffield #BDC134,$0.25,,,,,,,,,,,,$0.99,,,,,,0,,,,,2017-06-01
8135018,Baseball Cards 2017 Bowman Draft Chrome,Jordan Sheffield [70th Refractor] #BDC134,$0.25,,,,,,,,,,,,$0.99,,,,,,0,,,,,2017-06-01
8135021,Baseball Cards 2017 Bowman Draft Chrome,Jordan Sheffield [Blue Refractor] #BDC134,$0.25,,,,,,,,,,,,$0.99,,,,,,0,,,,,2017-06-01
8135023,Baseball Cards 2017 Bowman Draft Chrome,Jordan Sheffield [Gold Refractor] #BDC134,$4.99,,,,,,,,,,,$1.10,$5.49,,,,,,0,,,,,2017-06-01
8135022,Baseball Cards 2017 Bowman Draft Chrome,Jordan Sheffield [Green Refractor] #BDC134,$1.99,,,,,,,,,,,,$2.19,,,,,,1,,,,,2017-06-01
8135024,Baseball Cards 2017 Bowman Draft Chrome,Jordan Sheffield [Orange Refractor] #BDC134,,,,,,,,,,,,,,,,,,,0,,,,,2017-06-01
8135020,Baseball Cards 2017 Bowman Draft Chrome,Jordan Sheffield [Purple Refractor] #BDC134,$0.25,,,,,,,,,,,,$0.99,,,,,,0,,,,,2017-06-01
8135025,Baseball Cards 2017 Bowman Draft Chrome,Jordan Sheffield [Red Refractor] #BDC134,,,,,,,,,,,,,,,,,,,0,,,,,2017-06-01
1404409,Baseball Cards 2017 Bowman Draft Chrome,Jordan Sheffield [Refractor] #BDC134,$0.25,,,,,,,,,,,,$0.99,,,,,,0,,,,,2017-06-01
8135019,Baseball Cards 2017 Bowman Draft Chrome,Jordan Sheffield [Sky Blue Refractor] #BDC134,$0.25,,,,,,,,,,,,$0.99,,,,,,0,,,,,2017-06-01
8135026,Baseball Cards 2017 Bowman Draft Chrome,Jordan Sheffield [SuperFractor] #BDC134,,,,,,,,,,,,,,,,,,,0,,,,,2017-06-01
8134186,Baseball Cards 2017 Bowman Draft Chrome,Jorge Mateo #BDC50,$0.25,,,,,,,,,,,,$0.99,,,,,,0,,,,,2017-06-01
8134187,Baseball Cards 2017 Bowman Draft Chrome,Jorge Mateo [70th Refractor] #BDC50,$0.25,,,,,,,,,,,,$0.99,,,,,,0,,,,,2017-06-01
8134190,Baseball Cards 2017 Bowman Draft Chrome,Jorge Mateo [Blue Refractor] #BDC50,$0.25,,,,,,,,,,,,$0.99,,,,,,0,,,,,2017-06-01
8134192,Baseball Cards 2017 Bowman Draft Chrome,Jorge Mateo [Gold Refractor] #BDC50,$4.12,,,,,,,,,,,$0.90,$4.49,,,,,,0,,,,,2017-06-01
8134191,Baseball Cards 2017 Bowman Draft Chrome,Jorge Mateo [Green Refractor] #BDC50,$2.83,,,,,,,,,,,,$3.09,,,,,,0,,,,,2017-06-01
8134193,Baseball Cards 2017 Bowman Draft Chrome,Jorge Mateo [Orange Refractor] #BDC50,,,,,,,,,,,,,,,,,,,0,,,,,2017-06-01
8134189,Baseball Cards 2017 Bowman Draft Chrome,Jorge Mateo [Purple Refractor] #BDC50,$0.25,,,,,,,,,,,,$0.99,,,,,,0,,,,,2017-06-01
8134194,Baseball Cards 2017 Bowman Draft Chrome,Jorge Mateo [Red Refractor] #BDC50,,,,,,,,,,,,,,,,,,,0,,,,,2017-06-01
1404029,Baseball Cards 2017 Bowman Draft Chrome,Jorge Mateo [Sky Blue Refractor] #BDC50,$2.99,,,,,,,,,,,,$3.29,,,,,,1,,,,,2017-06-01
8134197,Baseball Cards 2017 Bowman Draft Chrome,Jorge Mateo [SuperFractor] #BDC50,,,,,,,,,,,,,,,,,,,0,,,,,2017-06-01
8134414,Baseball Cards 2017 Bowman Draft Chrome,Jose Taveras #BDC73,$0.10,,,,,,,,,,,,$0.99,,,,,,1,,,,,2017-06-01
8135699,Baseball Cards 2017 Bowman Draft Chrome,Jose Taveras [70th Refractor] #BDC73,$0.25,,,,,,,,,,,,$0.99,,,,,,0,,,,,2017-06-01
8134417,Baseball Cards 2017 Bowman Draft Chrome,Jose Taveras [Blue Refractor] #BDC73,$0.25,,,,,,,,,,,,$0.99,,,,,,0,,,,,2017-06-01
8134418,Baseball Cards 2017 Bowman Draft Chrome,Jose Taveras [Gold Refractor] #BDC73,,,,,,,,,,,,,,,,,,,0,,,,,2017-06-01
8134419,Baseball Cards 2017 Bowman Draft Chrome,Jose Taveras [Green Refractor] #BDC73,$2.84,,,,,,,,,,,,$3.09,,,,,,0,,,,,2017-06-01
8134420,Baseball Cards 2017 Bowman Draft Chrome,Jose Taveras [Orange Refractor] #BDC73,,,,,,,,,,,,,,,,,,,0,,,,,2017-06-01
8134416,Baseball Cards 2017 Bowman Draft Chrome,Jose Taveras [Purple Refractor] #BDC73,$0.06,,,,,,,,,,,,$0.99,,,,,,1,,,,,2017-06-01
8134421,Baseball Cards 2017 Bowman Draft Chrome,Jose Taveras [Red Refractor] #BDC73,,,,,,,,,,,,,,,,,,,0,,,,,2017-06-01
1404139,Baseball Cards 2017 Bowman Draft Chrome,Jose Taveras [Sky Blue Refractor] #BDC73,$0.25,,,,,,,,,,,,$0.99,,,,,,0,,,,,2017-06-01
8134422,Baseball Cards 2017 Bowman Draft Chrome,Jose Taveras [SuperFractor] #BDC73,,,,,,,,,,,,,,,,,,,0,,,,,2017-06-01
1404558,Baseball Cards 2017 Bowman Draft Chrome,Joseph Dunand #BDC159,$4.99,,,,,,,,,,,$1.10,$5.49,,,,,,1,,,,,2017-06-01
8135261,Baseball Cards 2017 Bowman Draft Chrome,Joseph Dunand [70th Refractor] #BDC159,$0.25,,,,,,,,,,,,$0.99,,,,,,0,,,,,2017-06-01
1404559,Baseball Cards 2017 Bowman Draft Chrome,Joseph Dunand [Blue Refractor] #BDC159,$4.20,,,,,,,,,,,$0.90,$4.59,,,,,,0,,,,,2017-06-01
8135266,Baseball Cards 2017 Bowman Draft Chrome,Joseph Dunand [Gold Refractor] #BDC159,$3.12,,,,,,,,,,,,$3.39,,,,,,0,,,,,2017-06-01
8135265,Baseball Cards 2017 Bowman Draft Chrome,Joseph Dunand [Green Refractor] #BDC159,,,,,,,,,,,,,,,,,,,0,,,,,2017-06-01
1404560,Baseball Cards 2017 Bowman Draft Chrome,Joseph Dunand [Orange Refractor] #BDC159,$20.95,,,,,,,,,,,$6.90,$22.99,,,,,,0,,,,,2017-06-01
8135263,Baseball Cards 2017 Bowman Draft Chrome,Joseph Dunand [Purple Refractor] #BDC159,$0.25,,,,,,,,,,,,$0.99,,,,,,0,,,,,2017-06-01
8135268,Baseball Cards 2017 Bowman Draft Chrome,Joseph Dunand [Red Refractor] #BDC159,,,,,,,,,,,,,,,,,,,0,,,,,2017-06-01
8135262,Baseball Cards 2017 Bowman Draft Chrome,Joseph Dunand [Sky Blue Refractor] #BDC159,$0.25,,,,,,,,,,,,$0.99,,,,,,0,,,,,2017-06-01
8135269,Baseball Cards 2017 Bowman Draft Chrome,Joseph Dunand [SuperFractor] #BDC159,,,,,,,,,,,,,,,,,,,0,,,,,2017-06-01
8133973,Baseball Cards 2017 Bowman Draft Chrome,Juan Hillman #BDC28,$0.25,,,,,,,,,,,,$0.99,,,,,,0,,,,,2017-06-01
1403897,Baseball Cards 2017 Bowman Draft Chrome,Juan Hillman [70th Refractor] #BDC28,$0.25,,,,,,,,,,,,$0.99,,,,,,0,,,,,2017-06-01
8133977,Baseball Cards 2017 Bowman Draft Chrome,Juan Hillman [Blue Refractor] #BDC28,$0.25,,,,,,,,,,,,$0.99,,,,,,0,,,,,2017-06-01
8133979,Baseball Cards 2017 Bowman Draft Chrome,Juan Hillman [Gold Refractor] #BDC28,$2.84,,,,,,,,,,,,$3.09,,,,,,0,,,,,2017-06-01
8133978,Baseball Cards 2017 Bowman Draft Chrome,Juan Hillman [Green Refractor] #BDC28,$3.95,,,,,,,,,,,$0.90,$4.39,,,,,,0,,,,,2017-06-01
8133982,Baseball Cards 2017 Bowman Draft Chrome,Juan Hillman [Orange Refractor] #BDC28,$2.99,,,,,,,,,,,,$3.29,,,,,,0,,,,,2017-06-01
1403898,Baseball Cards 2017 Bowman Draft Chrome,Juan Hillman [Purple Refractor] #BDC28,$0.99,,,,,,,,,,,,$1.09,,,,,,5,,,,,2017-06-01
8133980,Baseball Cards 2017 Bowman Draft Chrome,Juan Hillman [Red Refractor] #BDC28,,,,,,,,,,,,,,,,,,,0,,,,,2017-06-01
8133975,Baseball Cards 2017 Bowman Draft Chrome,Juan Hillman [Sky Blue Refractor] #BDC28,$0.25,,,,,,,,,,,,$0.99,,,,,,0,,,,,2017-06-01
8133981,Baseball Cards 2017 Bowman Draft Chrome,Juan Hillman [SuperFractor] #BDC28,,,,,,,,,,,,,,,,,,,0,,,,,2017-06-01
1404571,Baseball Cards 2017 Bowman Draft Chrome,Juan Soto #BDC162,$5.00,$12.00,$14.99,$20.35,$22.00,$62.11,$81.00,$37.00,$25.34,,,$1.10,$5.49,$3.30,$12.99,$4.00,$15.99,,222,,,,,2017-06-01
1404573,Baseball Cards 2017 Bowman Draft Chrome,Juan Soto [70th Refractor] #BDC162,,,,$51.00,$56.00,$216.75,$282.00,$130.00,$130.00,,,,,,,,,,4,,,,,2017-06-01
1404572,Baseball Cards 2017 Bowman Draft Chrome,Juan Soto [Blue Refractor] #BDC162,$287.42,,$509.76,$561.00,$617.00,$673.00,$875.00,$404.00,$404.00,,,$158.00,$316.00,,,$336.60,$561.00,,8,,,,,2017-06-01
1404574,Baseball Cards 2017 Bowman Draft Chrome,Juan Soto [Gold Refractor] #BDC162,,,,,,$585.00,$761.00,$351.00,$351.00,,,,,,,,,,1,,,,,2017-06-01
1404575,Baseball Cards 2017 Bowman Draft Chrome,Juan Soto [Green Refractor] #BDC162,,,,,,$238.97,$311.00,$143.00,$143.00,,,,,,,,,,3,,,,,2017-06-01
1404576,Baseball Cards 2017 Bowman Draft Chrome,Juan Soto [Orange Refractor] #BDC162,,,,,,,,$249.00,,,,,,,,,,,0,,,,,2017-06-01
1404577,Baseball Cards 2017 Bowman Draft Chrome,Juan Soto [Purple Refractor] #BDC162,$56.24,,$57.02,$80.00,$88.00,$143.28,$186.00,$86.00,$86.00,,,$24.80,$61.99,,,$25.20,$62.99,,17,,,,,2017-06-01
8135298,Baseball Cards 2017 Bowman Draft Chrome,Juan Soto [Red Refractor] #BDC162,,,,,,,,,,,,,,,,,,,0,,,,,2017-06-01
1404762,Baseball Cards 2017 Bowman Draft Chrome,Juan Soto [Refractor] #BDC-162,$3.38,,,$17.50,$19.00,$56.66,$74.00,$34.00,$34.00,,,,$3.69,,,,,,7,,,,,2017-06-01
1404578,Baseball Cards 2017 Bowman Draft Chrome,Juan Soto [Refractor] #BDC162,$8.05,,,$49.99,$55.00,$89.50,$116.00,$54.00,$54.00,,,$1.80,$8.89,,,,,,6,,,,,2017-06-01
1404579,Baseball Cards 2017 Bowman Draft Chrome,Juan Soto [Sky Blue Refractor] #BDC162,$99.99,,$304.28,$335.00,$369.00,$402.00,$523.00,$241.00,$241.00,,,$55.00,$110.00,,,$167.50,$335.00,,18,,,,,2017-06-01
8135299,Baseball Cards 2017 Bowman Draft Chrome,Juan Soto [SuperFractor] #BDC162,,,,,,,,,,,,,,,,,,,0,,,,,2017-06-01
8134176,Baseball Cards 2017 Bowman Draft Chrome,Justin Dunn #BDC49,$0.25,,,,,,,,,,,,$0.99,,,,,,0,,,,,2017-06-01
8134178,Baseball Cards 2017 Bowman Draft Chrome,Justin Dunn [70th Refractor] #BDC49,$0.25,,,,,,,,,,,,$0.99,,,,,,0,,,,,2017-06-01
8134180,Baseball Cards 2017 Bowman Draft Chrome,Justin Dunn [Blue Refractor] #BDC49,$2.00,,,,,,,,,,,,$2.19,,,,,,0,,,,,2017-06-01
1404027,Baseball Cards 2017 Bowman Draft Chrome,Justin Dunn [Gold Refractor] #BDC49,$7.33,,,,,,,,,,,$1.60,$8.09,,,,,,0,,,,,2017-06-01
8134182,Baseball Cards 2017 Bowman Draft Chrome,Justin Dunn [Green Refractor] #BDC49,$2.84,,,,,,,,,,,,$3.09,,,,,,0,,,,,2017-06-01
8134184,Baseball Cards 2017 Bowman Draft Chrome,Justin Dunn [Orange Refractor] #BDC49,,,,,,,,,,,,,,,,,,,0,,,,,2017-06-01
8134179,Baseball Cards 2017 Bowman Draft Chrome,Justin Dunn [Purple Refractor] #BDC49,$0.25,,,,,,,,,,,,$0.99,,,,,,0,,,,,2017-06-01
8135696,Baseball Cards 2017 Bowman Draft Chrome,Justin Dunn [Red Refractor] #BDC49,,,,,,,,,,,,,,,,,,,0,,,,,2017-06-01
1404028,Baseball Cards 2017 Bowman Draft Chrome,Justin Dunn [Refractor] #BDC49,$3.99,,,,,,,,,,,$0.90,$4.39,,,,,,1,,,,,2017-06-01
8134181,Baseball Cards 2017 Bowman Draft Chrome,Justin Dunn [Sky Blue Refractor] #BDC49,$0.25,,,,,,,,,,,,$0.99,,,,,,0,,,,,2017-06-01
8134185,Baseball Cards 2017 Bowman Draft Chrome,Justin Dunn [SuperFractor] #BDC49,,,,,,,,,,,,,,,,,,,0,,,,,2017-06-01
1404446,Baseball Cards 2017 Bowman Draft Chrome,Justus Sheffield #BDC140,$0.25,,,,,,,,,,,,$0.99,,,,,,0,,,,,2017-06-01
1404448,Baseball Cards 2017 Bowman Draft Chrome,Justus Sheffield [70th Refractor] #BDC140,,,,,,,,,,,,,,,,,,,0,,,,,2017-06-01
1404447,Baseball Cards 2017 Bowman Draft Chrome,Justus Sheffield [Blue Refractor] #BDC140,$0.25,,,,,,,,,,,,$0.99,,,,,,0,,,,,2017-06-01
1404449,Baseball Cards 2017 Bowman Draft Chrome,Justus Sheffield [Gold Refractor] #BDC140,$9.74,,,,,,,,,,,$2.80,$10.99,,,,,,0,,,,,2017-06-01
8135075,Baseball Cards 2017 Bowman Draft Chrome,Justus Sheffield [Green Refractor] #BDC140,$0.25,,,,,,,,,,,,$0.99,,,,,,0,,,,,2017-06-01
1404450,Baseball Cards 2017 Bowman Draft Chrome,Justus Sheffield [Orange Refractor] #BDC140,,,,,,,,,,,,,,,,,,,0,,,,,2017-06-01
1404454,Baseball Cards 2017 Bowman Draft Chrome,Justus Sheffield [Pinstripe Jersey] #BDC140,,,,,,,,,,,,,,,,,,,0,,,,,2017-06-01
1404451,Baseball Cards 2017 Bowman Draft Chrome,Justus Sheffield [Purple Refractor] #BDC140,$0.25,,,,,,,,,,,,$0.99,,,,,,0,,,,,2017-06-01
8135078,Baseball Cards 2017 Bowman Draft Chrome,Justus Sheffield [Red Refractor] #BDC140,,,,,,,,,,,,,,,,,,,0,,,,,2017-06-01
1404452,Baseball Cards 2017 Bowman Draft Chrome,Justus Sheffield [Refractor] #BDC140,$1.75,,,,,,,,,,,,$1.89,,,,,,1,,,,,2017-06-01
1404453,Baseball Cards 2017 Bowman Draft Chrome,Justus Sheffield [Sky Blue Refractor] #BDC140,$1.00,,,,,$15.00,$20.00,$9.00,$9.00,,,,$1.09,,,,,,1,,,,,2017-06-01
8135079,Baseball Cards 2017 Bowman Draft Chrome,Justus Sheffield [SuperFractor] #BDC140,,,,,,,,,,,,,,,,,,,0,,,,,2017-06-01
8134779,Baseball Cards 2017 Bowman Draft Chrome,KJ Harrison #BDC110,$0.25,,,,,,,,,,,,$0.99,,,,,,0,,,,,2017-06-01
8134780,Baseball Cards 2017 Bowman Draft Chrome,KJ Harrison [70th Refractor] #BDC110,$0.25,,,,,,,,,,,,$0.99,,,,,,0,,,,,2017-06-01
8134783,Baseball Cards 2017 Bowman Draft Chrome,KJ Harrison [Blue Refractor] #BDC110,$2.99,,,,,,,,,,,,$3.29,,,,,,0,,,,,2017-06-01
1404305,Baseball Cards 2017 Bowman Draft Chrome,KJ Harrison [Gold Refractor] #BDC110,$0.99,,,,,,,,,,,,$1.09,,,,,,1,,,,,2017-06-01
1404306,Baseball Cards 2017 Bowman Draft Chrome,KJ Harrison [Green Refractor] #BDC110,$2.00,,,,,,,,,,,,$2.19,,,,,,1,,,,,2017-06-01
8134786,Baseball Cards 2017 Bowman Draft Chrome,KJ Harrison [Orange Refractor] #BDC110,,,,,,,,,,,,,,,,,,,0,,,,,2017-06-01
1404307,Baseball Cards 2017 Bowman Draft Chrome,KJ Harrison [Purple Refractor] #BDC110,$1.90,,,,,,,,,,,,$2.09,,,,,,2,,,,,2017-06-01
8134787,Baseball Cards 2017 Bowman Draft Chrome,KJ Harrison [Red Refractor] #BDC110,$3.59,,,,,,,,,,,$0.80,$3.99,,,,,,1,,,,,2017-06-01
8134781,Baseball Cards 2017 Bowman Draft Chrome,KJ Harrison [Sky Blue Refractor] #BDC110,$0.25,,,,,,,,,,,,$0.99,,,,,,0,,,,,2017-06-01
8134788,Baseball Cards 2017 Bowman Draft Chrome,KJ Harrison [SuperFractor] #BDC110,,,,,,,,,,,,,,,,,,,0,,,,,2017-06-01
8134689,Baseball Cards 2017 Bowman Draft Chrome,Kacy Clemens #BDC101,$0.99,,,,,,,,,,,,$1.09,,,,,,1,,,,,2017-06-01
1404283,Baseball Cards 2017 Bowman Draft Chrome,Kacy Clemens [70th Refractor] #BDC101,$1.17,,,,,,,,,,,,$1.29,,,,,,1,,,,,2017-06-01
8134693,Baseball Cards 2017 Bowman Draft Chrome,Kacy Clemens [Blue Refractor] #BDC101,,,,,,,,,,,,,,,,,,,0,,,,,2017-06-01
1404284,Baseball Cards 2017 Bowman Draft Chrome,Kacy Clemens [Gold Refractor] #BDC101,$7.49,,,,,,,,,,,$1.60,$8.19,,,,,,2,,,,,2017-06-01
1404285,Baseball Cards 2017 Bowman Draft Chrome,Kacy Clemens [Green Refractor] #BDC101,$3.46,,,,,,,,,,,$0.80,$3.79,,,,,,1,,,,,2017-06-01
8134696,Baseball Cards 2017 Bowman Draft Chrome,Kacy Clemens [Orange Refractor] #BDC101,,,,,,,,,,,,,,,,,,,0,,,,,2017-06-01
8134691,Baseball Cards 2017 Bowman Draft Chrome,Kacy Clemens [Purple Refractor] #BDC101,$0.25,,,,,,,,,,,,$0.99,,,,,,0,,,,,2017-06-01
8134697,Baseball Cards 2017 Bowman Draft Chrome,Kacy Clemens [Red Refractor] #BDC101,,,,,,,,,,,,,,,,,,,0,,,,,2017-06-01
1404286,Baseball Cards 2017 Bowman Draft Chrome,Kacy Clemens [Refractor] #BDC101,$2.99,,,,,,,,,,,,$3.29,,,,,,3,,,,,2017-06-01
8134692,Baseball Cards 2017 Bowman Draft Chrome,Kacy Clemens [Sky Blue Refractor] #BDC101,$3.00,,,,,,,,,,,,$3.29,,,,,,1,,,,,2017-06-01
8134698,Baseball Cards 2017 Bowman Draft Chrome,Kacy Clemens [SuperFractor] #BDC101,,,,,,,,,,,,,,,,,,,0,,,,,2017-06-01
8135396,Baseball Cards 2017 Bowman Draft Chrome,Kade McClure #BDC173,$0.29,,,,,,,,,,,,$0.99,,,,,,3,,,,,2017-06-01
8135717,Baseball Cards 2017 Bowman Draft Chrome,Kade McClure [70th Refractor] #BDC173,$0.25,,,,,,,,,,,,$0.99,,,,,,0,,,,,2017-06-01
1404627,Baseball Cards 2017 Bowman Draft Chrome,Kade McClure [Blue Refractor] #BDC173,$0.25,,,,,,,,,,,,$0.99,,,,,,0,,,,,2017-06-01
8135402,Baseball Cards 2017 Bowman Draft Chrome,Kade McClure [Gold Refractor] #BDC173,,,,,,,,,,,,,,,,,,,0,,,,,2017-06-01
8135401,Baseball Cards 2017 Bowman Draft Chrome,Kade McClure [Green Refractor] #BDC173,$0.25,,,,,,,,,,,,$0.99,,,,,,0,,,,,2017-06-01
8135403,Baseball Cards 2017 Bowman Draft Chrome,Kade McClure [Orange Refractor] #BDC173,,,,,,,,,,,,,,,,,,,0,,,,,2017-06-01
1404628,Baseball Cards 2017 Bowman Draft Chrome,Kade McClure [Purple Refractor] #BDC173,$1.59,,,,,,,,,,,,$1.79,,,,,,1,,,,,2017-06-01
1404629,Baseball Cards 2017 Bowman Draft Chrome,Kade McClure [Red Refractor] #BDC173,$35.03,,,,,,,,,,,$15.60,$38.99,,,,,,0,,,,,2017-06-01
8135398,Baseball Cards 2017 Bowman Draft Chrome,Kade McClure [Sky Blue Refractor] #BDC173,$0.25,,,,,,,,,,,,$0.99,,,,,,0,,,,,2017-06-01
8135407,Baseball Cards 2017 Bowman Draft Chrome,Kade McClure [SuperFractor] #BDC173,,,,,,,,,,,,,,,,,,,0,,,,,2017-06-01
1404148,Baseball Cards 2017 Bowman Draft Chrome,Keston Hiura #BDC75,$0.97,,$5.75,$6.00,$7.00,$7.00,$9.00,$4.00,$4.00,,,,$1.09,,,$1.30,$6.29,,26,,,,,2017-06-01
1404150,Baseball Cards 2017 Bowman Draft Chrome,Keston Hiura [70th Refractor] #BDC75,,,,,,,,,,,,,,,,,,,0,,,,,2017-06-01
1404149,Baseball Cards 2017 Bowman Draft Chrome,Keston Hiura [Blue Refractor] #BDC75,$4.99,,,,,,,,,,,$1.10,$5.49,,,,,,3,,,,,2017-06-01
1404151,Baseball Cards 2017 Bowman Draft Chrome,Keston Hiura [Gold Refractor] #BDC75,$8.05,,,,$11.00,$11.00,$14.00,$7.00,$7.00,,,$1.80,$8.89,,,,,,3,,,,,2017-06-01
1404152,Baseball Cards 2017 Bowman Draft Chrome,Keston Hiura [Green Refractor] #BDC75,$3.17,,,,,,,,,,,,$3.49,,,,,,1,,,,,2017-06-01
1404153,Baseball Cards 2017 Bowman Draft Chrome,Keston Hiura [Orange Refractor] #BDC75,$10.50,,,,,,,,,,,$3.00,$11.99,,,,,,1,,,,,2017-06-01
1404154,Baseball Cards 2017 Bowman Draft Chrome,Keston Hiura [Purple Refractor] #BDC75,$0.99,,,,,,,,,,,,$1.09,,,,,,1,,,,,2017-06-01
8134441,Baseball Cards 2017 Bowman Draft Chrome,Keston Hiura [Red Refractor] #BDC75,,,,,,,,,,,,,,,,,,,0,,,,,2017-06-01
1404155,Baseball Cards 2017 Bowman Draft Chrome,Keston Hiura [Refractor] #BDC75,$2.75,,,$2.89,$3.00,$5.64,$7.00,$3.00,$1.25,,,,$2.99,,,,,,24,,,,,2017-06-01
1404156,Baseball Cards 2017 Bowman Draft Chrome,Keston Hiura [Sky Blue Refractor] #BDC75,$1.39,,,$2.93,$3.00,$9.00,$12.00,$5.00,$5.00,,,,$1.49,,,,,,6,,,,,2017-06-01
8134442,Baseball Cards 2017 Bowman Draft Chrome,Keston Hiura [SuperFractor] #BDC75,,,,,,,,,,,,,,,,,,,0,,,,,2017-06-01
1404561,Baseball Cards 2017 Bowman Draft Chrome,Kevin Maitan #BDC160,$0.88,,,,,,,,,,,,$0.99,,,,,,1,,,,,2017-06-01
1404563,Baseball Cards 2017 Bowman Draft Chrome,Kevin Maitan [70th Refractor] #BDC160,,,,,,,,,,,,,,,,,,,0,,,,,2017-06-01
1404562,Baseball Cards 2017 Bowman Draft Chrome,Kevin Maitan [Blue Refractor] #BDC160,$0.25,,,,,,,,,,,,$0.99,,,,,,0,,,,,2017-06-01
1403690,Baseball Cards 2017 Bowman Draft Chrome,Kevin Maitan [Donut on Bat Autograph] #BDC160,,,,,,,,,,,,,,,,,,,0,,,,,2017-06-01
1403691,Baseball Cards 2017 Bowman Draft Chrome,Kevin Maitan [Donut on Bat Facsimile] #BDC160,,,,,,,,,,,,,,,,,,,0,,,,,2017-06-01
1404564,Baseball Cards 2017 Bowman Draft Chrome,Kevin Maitan [Gold Refractor] #BDC160,$4.99,,,,,,,,,,,$1.10,$5.49,,,,,,1,,,,,2017-06-01
1404565,Baseball Cards 2017 Bowman Draft Chrome,Kevin Maitan [Green Refractor] #BDC160,$1.99,,,,,,,,,,,,$2.19,,,,,,1,,,,,2017-06-01
1404566,Baseball Cards 2017 Bowman Draft Chrome,Kevin Maitan [Orange Refractor] #BDC160,$57.74,,,,,,,,,,,$25.60,$63.99,,,,,,0,,,,,2017-06-01
1404567,Baseball Cards 2017 Bowman Draft Chrome,Kevin Maitan [Purple Refractor] #BDC160,$1.13,,,,,,,,,,,,$1.19,,,,,,1,,,,,2017-06-01
8135278,Baseball Cards 2017 Bowman Draft Chrome,Kevin Maitan [Red Refractor] #BDC160,,,,,,,,,,,,,,,,,,,0,,,,,2017-06-01
1404568,Baseball Cards 2017 Bowman Draft Chrome,Kevin Maitan [Refractor] #BDC160,$1.57,,,,,,,,,,,,$1.69,,,,,,2,,,,,2017-06-01
1404569,Baseball Cards 2017 Bowman Draft Chrome,Kevin Maitan [Sky Blue Refractor] #BDC160,$0.99,,,$3.25,$4.00,,,,,,,,$1.09,,,,,,2,,,,,2017-06-01
8135279,Baseball Cards 2017 Bowman Draft Chrome,Kevin Maitan [SuperFractor] #BDC160,,,,,,,,,,,,,,,,,,,0,,,,,2017-06-01
8135417,Baseball Cards 2017 Bowman Draft Chrome,Kevin Merrell #BDC175,$0.75,,,,,,,,,,,,$0.99,,,,,,2,,,,,2017-06-01
8135418,Baseball Cards 2017 Bowman Draft Chrome,Kevin Merrell [70th Refractor] #BDC175,$2.49,,,,,,,,,,,,$2.69,,,,,,0,,,,,2017-06-01
8135421,Baseball Cards 2017 Bowman Draft Chrome,Kevin Merrell [Blue Refractor] #BDC175,$0.25,,,,,,,,,,,,$0.99,,,,,,0,,,,,2017-06-01
8135423,Baseball Cards 2017 Bowman Draft Chrome,Kevin Merrell [Gold Refractor] #BDC175,$2.14,,,,,,,,,,,,$2.39,,,,,,1,,,,,2017-06-01
8135422,Baseball Cards 2017 Bowman Draft Chrome,Kevin Merrell [Green Refractor] #BDC175,$0.25,,,,,,,,,,,,$0.99,,,,,,0,,,,,2017-06-01
8135424,Baseball Cards 2017 Bowman Draft Chrome,Kevin Merrell [Orange Refractor] #BDC175,,,,,,,,,,,,,,,,,,,0,,,,,2017-06-01
8135420,Baseball Cards 2017 Bowman Draft Chrome,Kevin Merrell [Purple Refractor] #BDC175,$1.75,,,$4.25,$5.00,,,,,,,,$1.89,,,,,,2,,,,,2017-06-01
8135425,Baseball Cards 2017 Bowman Draft Chrome,Kevin Merrell [Red Refractor] #BDC175,,,,,,,,,,,,,,,,,,,0,,,,,2017-06-01
8135419,Baseball Cards 2017 Bowman Draft Chrome,Kevin Merrell [Sky Blue Refractor] #BDC175,$0.25,,,,,,,,,,,,$0.99,,,,,,0,,,,,2017-06-01
8135426,Baseball Cards 2017 Bowman Draft Chrome,Kevin Merrell [SuperFractor] #BDC175,,,,,,,,,,,,,,,,,,,0,,,,,2017-06-01
8135043,Baseball Cards 2017 Bowman Draft Chrome,Kevin Newman #BDC137,$0.10,,,,,,,,,,,,$0.99,,,,,,1,,,,,2017-06-01
1404428,Baseball Cards 2017 Bowman Draft Chrome,Kevin Newman [70th Refractor] #BDC137,,,,$6.01,$7.00,,,,,,,,,,,,,,1,,,,,2017-06-01
1404427,Baseball Cards 2017 Bowman Draft Chrome,Kevin Newman [Blue Refractor] #BDC137,$1.50,,,,,,,,,,,,$1.69,,,,,,1,,,,,2017-06-01
8135048,Baseball Cards 2017 Bowman Draft Chrome,Kevin Newman [Gold Refractor] #BDC137,,,,,,,,,,,,,,,,,,,0,,,,,2017-06-01
8135047,Baseball Cards 2017 Bowman Draft Chrome,Kevin Newman [Green Refractor] #BDC137,$0.25,,,,,$4.43,$6.00,$3.00,$3.00,,,,$0.99,,,,,,1,,,,,2017-06-01
1404429,Baseball Cards 2017 Bowman Draft Chrome,Kevin Newman [Orange Refractor] #BDC137,$6.29,,,,,,,,,,,$1.40,$6.89,,,,,,0,,,,,2017-06-01
1404430,Baseball Cards 2017 Bowman Draft Chrome,Kevin Newman [Purple Refractor] #BDC137,$0.25,,,,,,,,,,,,$0.99,,,,,,0,,,,,2017-06-01
8135050,Baseball Cards 2017 Bowman Draft Chrome,Kevin Newman [Red Refractor] #BDC137,,,,,,,,,,,,,,,,,,,0,,,,,2017-06-01
1404431,Baseball Cards 2017 Bowman Draft Chrome,Kevin Newman [Refractor] #BDC137,$0.25,,,,,,,,,,,,$0.99,,,,,,0,,,,,2017-06-01
8135045,Baseball Cards 2017 Bowman Draft Chrome,Kevin Newman [Sky Blue Refractor] #BDC137,$0.25,,,,,,,,,,,,$0.99,,,,,,0,,,,,2017-06-01
8135051,Baseball Cards 2017 Bowman Draft Chrome,Kevin Newman [SuperFractor] #BDC137,,,,,,,,,,,,,,,,,,,0,,,,,2017-06-01
1404704,Baseball Cards 2017 Bowman Draft Chrome,Kevin Smith #BDC192,$1.34,,,,,,,,,,,,$1.49,,,,,,1,,,,,2017-06-01
1404706,Baseball Cards 2017 Bowman Draft Chrome,Kevin Smith [70th Refractor] #BDC192,,,,,,,,,,,,,,,,,,,0,,,,,2017-06-01
1404705,Baseball Cards 2017 Bowman Draft Chrome,Kevin Smith [Blue Refractor] #BDC192,$2.54,,,,,,,,,,,,$2.79,,,,,,0,,,,,2017-06-01
1404707,Baseball Cards 2017 Bowman Draft Chrome,Kevin Smith [Gold Refractor] #BDC192,$40.00,,,,,,,,,,,$17.60,$43.99,,,,,,0,,,,,2017-06-01
1404708,Baseball Cards 2017 Bowman Draft Chrome,Kevin Smith [Green Refractor] #BDC192,$10.89,,,,,,,,,,,$3.00,$11.99,,,,,,0,,,,,2017-06-01
1404709,Baseball Cards 2017 Bowman Draft Chrome,Kevin Smith [Orange Refractor] #BDC192,,,,,,,,,,,,,,,,,,,0,,,,,2017-06-01
1404710,Baseball Cards 2017 Bowman Draft Chrome,Kevin Smith [Purple Refractor] #BDC192,$0.25,,,,,,,,,,,,$0.99,,,,,,0,,,,,2017-06-01
1404711,Baseball Cards 2017 Bowman Draft Chrome,Kevin Smith [Red Refractor] #BDC192,,,,,,,,,,,,,,,,,,,0,,,,,2017-06-01
1404712,Baseball Cards 2017 Bowman Draft Chrome,Kevin Smith [Refractor] #BDC192,$1.79,,,,,,,,,,,,$1.99,,,,,,1,,,,,2017-06-01
1404713,Baseball Cards 2017 Bowman Draft Chrome,Kevin Smith [Sky Blue Refractor] #BDC192,$2.49,,,,,,,,,,,,$2.69,,,,,,0,,,,,2017-06-01
8135721,Baseball Cards 2017 Bowman Draft Chrome,Kevin Smith [SuperFractor] #BDC192,,,,,,,,,,,,,,,,,,,0,,,,,2017-06-01
1403932,Baseball Cards 2017 Bowman Draft Chrome,Kolby Allard #BDC36,$0.15,,,,,,,,,,,,$0.99,,,,,,1,,,,,2017-06-01
8134052,Baseball Cards 2017 Bowman Draft Chrome,Kolby Allard [70th Refractor] #BDC36,$0.25,,,,,,,,,,,,$0.99,,,,,,0,,,,,2017-06-01
1403933,Baseball Cards 2017 Bowman Draft Chrome,Kolby Allard [Blue Refractor] #BDC36,$0.25,,,,,,,,,,,,$0.99,,,,,,0,,,,,2017-06-01
8134057,Baseball Cards 2017 Bowman Draft Chrome,Kolby Allard [Gold Refractor] #BDC36,$1.99,,,,,,,,,,,,$2.19,,,,,,1,,,,,2017-06-01
8134055,Baseball Cards 2017 Bowman Draft Chrome,Kolby Allard [Green Refractor] #BDC36,$0.25,,,,,,,,,,,,$0.99,,,,,,0,,,,,2017-06-01
8134056,Baseball Cards 2017 Bowman Draft Chrome,Kolby Allard [Orange Refractor] #BDC36,,,,,,,,,,,,,,,,,,,0,,,,,2017-06-01
1403934,Baseball Cards 2017 Bowman Draft Chrome,Kolby Allard [Purple Refractor] #BDC36,$0.25,,,,,,,,,,,,$0.99,,,,,,0,,,,,2017-06-01
1403935,Baseball Cards 2017 Bowman Draft Chrome,Kolby Allard [Red Refractor] #BDC36,$29.29,,,$11.50,$13.00,,,,,,,$9.60,$31.99,,,,,,1,,,,,2017-06-01
1403936,Baseball Cards 2017 Bowman Draft Chrome,Kolby Allard [Refractor] #BDC36,$1.80,,,,,,,,,,,,$1.99,,,,,,1,,,,,2017-06-01
1403937,Baseball Cards 2017 Bowman Draft Chrome,Kolby Allard [Sky Blue Refractor] #BDC36,$0.25,,,,,,,,,,,,$0.99,,,,,,0,,,,,2017-06-01
8134059,Baseball Cards 2017 Bowman Draft Chrome,Kolby Allard [SuperFractor] #BDC36,$75.00,,,,,,,,,,,$33.20,$82.99,,,,,,1,,,,,2017-06-01
8135280,Baseball Cards 2017 Bowman Draft Chrome,Kramer Robertson #BDC161,$0.22,,$5.17,$10.22,$20.31,$30.26,$39.00,$18.00,$18.00,,,,$0.99,,,$1.10,$5.69,,13,,,,,2017-06-01
8135281,Baseball Cards 2017 Bowman Draft Chrome,Kramer Robertson [70th Refractor] #BDC161,$1.99,,,,,,,,,,,,$2.19,,,,,,1,,,,,2017-06-01
8135285,Baseball Cards 2017 Bowman Draft Chrome,Kramer Robertson [Blue Refractor] #BDC161,$2.27,,,,,,,,,,,,$2.49,,,,,,0,,,,,2017-06-01
8135286,Baseball Cards 2017 Bowman Draft Chrome,Kramer Robertson [Gold Refractor] #BDC161,,,,,,,,,,,,,,,,,,,0,,,,,2017-06-01
8135284,Baseball Cards 2017 Bowman Draft Chrome,Kramer Robertson [Green Refractor] #BDC161,,,,,,,,,,,,,,,,,,,0,,,,,2017-06-01
1404570,Baseball Cards 2017 Bowman Draft Chrome,Kramer Robertson [Orange Refractor] #BDC161,$1.65,,,,,,,,,,,,$1.79,,,,,,1,,,,,2017-06-01
8135283,Baseball Cards 2017 Bowman Draft Chrome,Kramer Robertson [Purple Refractor] #BDC161,$1.89,,$6.45,$11.87,$22.63,$32.23,$42.00,$19.00,$19.00,,,,$2.09,,,$1.40,$7.09,,13,,,,,2017-06-01
8135288,Baseball Cards 2017 Bowman Draft Chrome,Kramer Robertson [Red Refractor] #BDC161,,,,,,,,,,,,,,,,,,,0,,,,,2017-06-01
8135282,Baseball Cards 2017 Bowman Draft Chrome,Kramer Robertson [Sky Blue Refractor] #BDC161,$0.25,,,,,,,,,,,,$0.99,,,,,,0,,,,,2017-06-01
8135289,Baseball Cards 2017 Bowman Draft Chrome,Kramer Robertson [SuperFractor] #BDC161,,,,,,,,,,,,,,,,,,,0,,,,,2017-06-01
1404517,Baseball Cards 2017 Bowman Draft Chrome,Kyle Lewis #BDC154,$0.25,,,,$9.95,,,,,,,,$0.99,,,,,,1,,,,,2017-06-01
1404519,Baseball Cards 2017 Bowman Draft Chrome,Kyle Lewis [70th Refractor] #BDC154,$24.99,,,,,,,,,,,$8.10,$26.99,,,,,,0,,,,,2017-06-01
1404518,Baseball Cards 2017 Bowman Draft Chrome,Kyle Lewis [Blue Refractor] #BDC154,$0.25,,,,,,,,,,,,$0.99,,,,,,0,,,,,2017-06-01
1404520,Baseball Cards 2017 Bowman Draft Chrome,Kyle Lewis [Gold Refractor] #BDC154,$5.99,,,,,$5.92,$8.00,$4.00,$4.00,,,$1.30,$6.59,,,,,,2,,,,,2017-06-01
1404522,Baseball Cards 2017 Bowman Draft Chrome,Kyle Lewis [Green Refractor] #BDC154,$6.28,,,,,,,,,,,$1.40,$6.89,,,,,,0,,,,,2017-06-01
1404523,Baseball Cards 2017 Bowman Draft Chrome,Kyle Lewis [Orange Refractor] #BDC154,$8.14,,,,,,,,,,,$1.80,$8.99,,,,,,5,,,,,2017-06-01
1404524,Baseball Cards 2017 Bowman Draft Chrome,Kyle Lewis [Purple Refractor] #BDC154,$4.99,,,,,,,,,,,$1.10,$5.49,,,,,,1,,,,,2017-06-01
1404525,Baseball Cards 2017 Bowman Draft Chrome,Kyle Lewis [Red Refractor] #BDC154,,,,,,,,,,,,,,,,,,,0,,,,,2017-06-01
1404526,Baseball Cards 2017 Bowman Draft Chrome,Kyle Lewis [Refractor] #BDC154,$1.59,,,$5.87,$6.00,$7.00,$9.00,$4.00,$4.00,,,,$1.79,,,,,,6,,,,,2017-06-01
1404527,Baseball Cards 2017 Bowman Draft Chrome,Kyle Lewis [Sky Blue Refractor] #BDC154,$2.25,,,,,,,,,,,,$2.49,,,,,,1,,,,,2017-06-01
8135219,Baseball Cards 2017 Bowman Draft Chrome,Kyle Lewis [SuperFractor] #BDC154,,,,,,,,,,,,,,,,,,,0,,,,,2017-06-01
1404672,Baseball Cards 2017 Bowman Draft Chrome,Kyle Tucker #BDC183,$1.24,,$5.92,$8.11,$23.43,$29.97,$39.00,$18.00,$18.00,,,,$1.39,,,$1.30,$6.49,,21,,,,,2017-06-01
1404674,Baseball Cards 2017 Bowman Draft Chrome,Kyle Tucker [70th Refractor] #BDC183,$2.26,,,,,,,,,,,,$2.49,,,,,,1,,,,,2017-06-01
1404673,Baseball Cards 2017 Bowman Draft Chrome,Kyle Tucker [Blue Refractor] #BDC183,$3.24,,,,,,,,,,,,$3.59,,,,,,5,,,,,2017-06-01
1404675,Baseball Cards 2017 Bowman Draft Chrome,Kyle Tucker [Gold Refractor] #BDC183,$30.14,,,,,,,,,,,$9.90,$32.99,,,,,,0,,,,,2017-06-01
1404676,Baseball Cards 2017 Bowman Draft Chrome,Kyle Tucker [Green Refractor] #BDC183,$8.00,,,$50.00,$55.00,,,,,,,$1.80,$8.79,,,,,,3,,,,,2017-06-01
1404677,Baseball Cards 2017 Bowman Draft Chrome,Kyle Tucker [Orange Refractor] #BDC183,$65.00,,,,,,,,,,,$28.80,$71.99,,,,,,0,,,,,2017-06-01
1404678,Baseball Cards 2017 Bowman Draft Chrome,Kyle Tucker [Purple Refractor] #BDC183,$3.99,,,$35.00,$39.00,$42.00,$55.00,$25.00,$25.00,,,$0.90,$4.39,,,,,,8,,,,,2017-06-01
8135504,Baseball Cards 2017 Bowman Draft Chrome,Kyle Tucker [Red Refractor] #BDC183,,,,,,,,,,,,,,,,,,,0,,,,,2017-06-01
1404679,Baseball Cards 2017 Bowman Draft Chrome,Kyle Tucker [Refractor] #BDC183,$1.50,,$6.16,$10.51,$14.00,$14.50,$19.00,$9.00,$9.00,,,,$1.69,,,$1.40,$6.79,,76,,,,,2017-06-01
1404680,Baseball Cards 2017 Bowman Draft Chrome,Kyle Tucker [Sky Blue Refractor] #BDC183,$3.50,,$7.72,$8.00,$24.91,$30.00,$39.00,$18.00,$18.00,,,$0.80,$3.89,,,$1.70,$8.49,,10,,,,,2017-06-01
8135505,Baseball Cards 2017 Bowman Draft Chrome,Kyle Tucker [SuperFractor] #BDC183,,,,,,,,,,,,,,,,,,,0,,,,,2017-06-01
1404357,Baseball Cards 2017 Bowman Draft Chrome,Kyle Wright #BDC120,$1.69,,$6.31,$11.69,$22.37,$32.02,$42.00,$19.00,$19.00,,,,$1.89,,,$1.40,$6.89,,6,,,,,2017-06-01
1404359,Baseball Cards 2017 Bowman Draft Chrome,Kyle Wright [70th Refractor] #BDC120,,,,,,$13.43,$17.00,$8.00,$8.00,,,,,,,,,,2,,,,,2017-06-01
1404358,Baseball Cards 2017 Bowman Draft Chrome,Kyle Wright [Blue Refractor] #BDC120,$0.99,,,,,,,,,,,,$1.09,,,,,,1,,,,,2017-06-01
1403624,Baseball Cards 2017 Bowman Draft Chrome,Kyle Wright [Facing Forward Autograph] #BDC120,,,,,,,,,,,,,,,,,,,0,,,,,2017-06-01
1403623,Baseball Cards 2017 Bowman Draft Chrome,Kyle Wright [Facing Forward Facsimile] #BDC120,,,,,,,,,,,,,,,,,,,0,,,,,2017-06-01
1403622,Baseball Cards 2017 Bowman Draft Chrome,Kyle Wright [Facing Forward] #BDC120,,,,,,,,,,,,,,,,,,,0,,,,,2017-06-01
1404360,Baseball Cards 2017 Bowman Draft Chrome,Kyle Wright [Gold Refractor] #BDC120,$16.34,,,,,,,,,,,$4.50,$17.99,,,,,,0,,,,,2017-06-01
1404364,Baseball Cards 2017 Bowman Draft Chrome,Kyle Wright [Green Refractor] #BDC120,$3.25,,,,,,,,,,,,$3.59,,,,,,1,,,,,2017-06-01
1404361,Baseball Cards 2017 Bowman Draft Chrome,Kyle Wright [Orange Refractor] #BDC120,$3.50,,,,,,,,,,,$0.80,$3.89,,,,,,1,,,,,2017-06-01
1404365,Baseball Cards 2017 Bowman Draft Chrome,Kyle Wright [Purple Refractor] #BDC120,$2.99,,,,,,,,,,,,$3.29,,,,,,0,,,,,2017-06-01
1404362,Baseball Cards 2017 Bowman Draft Chrome,Kyle Wright [Red Refractor] #BDC120,,,,,,,,,,,,,,,,,,,0,,,,,2017-06-01
1404363,Baseball Cards 2017 Bowman Draft Chrome,Kyle Wright [Refractor] #BDC120,$1.63,,,,,$8.03,$10.00,$5.00,$5.00,,,,$1.79,,,,,,8,,,,,2017-06-01
8134879,Baseball Cards 2017 Bowman Draft Chrome,Kyle Wright [Sky Blue Refractor] #BDC120,,,,,,,,,,,,,,,,,,,0,,,,,2017-06-01
1404366,Baseball Cards 2017 Bowman Draft Chrome,Kyle Wright [Sky Blue] #BDC120,$3.50,,,,$0.99,$7.60,$10.00,$5.00,$5.00,,,$0.80,$3.89,,,,,,3,,,,,2017-06-01
8134886,Baseball Cards 2017 Bowman Draft Chrome,Kyle Wright [SuperFractor] #BDC120,,,,,,,,,,,,,,,,,,,0,,,,,2017-06-01
1404411,Baseball Cards 2017 Bowman Draft Chrome,Lazarito Armenteros #BDC135,$1.59,,,,,,,,,,,,$1.79,,,,,,1,,,,,2017-06-01
1404410,Baseball Cards 2017 Bowman Draft Chrome,Lazarito Armenteros [70th Refractor] #BDC135,,,,,,,,,,,,,,,,,,,0,,,,,2017-06-01
1404412,Baseball Cards 2017 Bowman Draft Chrome,Lazarito Armenteros [Blue Refractor] #BDC135,$0.25,,,,,,,,,,,,$0.99,,,,,,0,,,,,2017-06-01
1404413,Baseball Cards 2017 Bowman Draft Chrome,Lazarito Armenteros [Fielding 70th Refractor] #BDC135,,,,,,,,,,,,,,,,,,,0,,,,,2017-06-01
1404414,Baseball Cards 2017 Bowman Draft Chrome,Lazarito Armenteros [Gold Refractor] #BDC135,,,,,,,,,,,,,,,,,,,0,,,,,2017-06-01
1404415,Baseball Cards 2017 Bowman Draft Chrome,Lazarito Armenteros [Green Refractor] #BDC135,$0.25,,,,,,,,,,,,$0.99,,,,,,0,,,,,2017-06-01
1404416,Baseball Cards 2017 Bowman Draft Chrome,Lazarito Armenteros [Orange Refractor] #BDC135,$1.99,,,,,,,,,,,,$2.19,,,,,,1,,,,,2017-06-01
1404417,Baseball Cards 2017 Bowman Draft Chrome,Lazarito Armenteros [Purple Refractor] #BDC135,$6.00,,,,,,,,,,,$1.30,$6.59,,,,,,1,,,,,2017-06-01
8135033,Baseball Cards 2017 Bowman Draft Chrome,Lazarito Armenteros [Red Refractor] #BDC135,,,,,,,,,,,,,,,,,,,0,,,,,2017-06-01
1404418,Baseball Cards 2017 Bowman Draft Chrome,Lazarito Armenteros [Refractor] #BDC135,$0.99,,,,,,,,,,,,$1.09,,,,,,1,,,,,2017-06-01
1404419,Baseball Cards 2017 Bowman Draft Chrome,Lazarito Armenteros [Sky Blue Refractor] #BDC135,$0.25,,,,,,,,,,,,$0.99,,,,,,0,,,,,2017-06-01
1403641,Baseball Cards 2017 Bowman Draft Chrome,Lazarito Armenteros [Standing With Bat] #BDC135,,,,,,,,,,,,,,,,,,,0,,,,,2017-06-01
8135034,Baseball Cards 2017 Bowman Draft Chrome,Lazarito Armenteros [SuperFractor] #BDC135,,,,,,,,,,,,,,,,,,,0,,,,,2017-06-01
8133813,Baseball Cards 2017 Bowman Draft Chrome,Lincoln Henzman #BDC11,$1.17,,,,,,,,,,,,$1.29,,,,,,5,,,,,2017-06-01
8133810,Baseball Cards 2017 Bowman Draft Chrome,Lincoln Henzman [70th Refractor] #BDC11,$13.50,,,,,,,,,,,$3.80,$14.99,,,,,,1,,,,,2017-06-01
8133811,Baseball Cards 2017 Bowman Draft Chrome,Lincoln Henzman [Blue Refractor] #BDC11,$1.69,,,,,,,,,,,,$1.89,,,,,,1,,,,,2017-06-01
8133814,Baseball Cards 2017 Bowman Draft Chrome,Lincoln Henzman [Gold Refractor] #BDC11,$14.99,,,,,,,,,,,$4.00,$15.99,,,,,,1,,,,,2017-06-01
8135682,Baseball Cards 2017 Bowman Draft Chrome,Lincoln Henzman [Green Refractor] #BDC11,$1.00,,,,,,,,,,,,$1.09,,,,,,1,,,,,2017-06-01
8135683,Baseball Cards 2017 Bowman Draft Chrome,Lincoln Henzman [Orange Refractor] #BDC11,$5.14,,,,,,,,,,,$1.10,$5.69,,,,,,1,,,,,2017-06-01
8133812,Baseball Cards 2017 Bowman Draft Chrome,Lincoln Henzman [Purple Refractor] #BDC11,$1.49,,,,,,,,,,,,$1.59,,,,,,1,,,,,2017-06-01
1403823,Baseball Cards 2017 Bowman Draft Chrome,Lincoln Henzman [Red Refractor] #BDC11,$28.76,,,,,,,,,,,$9.60,$31.99,,,,,,1,,,,,2017-06-01
8135681,Baseball Cards 2017 Bowman Draft Chrome,Lincoln Henzman [Sky Blue Refractor] #BDC11,$0.25,,,,,,,,,,,,$0.99,,,,,,0,,,,,2017-06-01
8133817,Baseball Cards 2017 Bowman Draft Chrome,Lincoln Henzman [SuperFractor] #BDC11,,,,,,,,,,,,,,,,,,,0,,,,,2017-06-01
8135603,Baseball Cards 2017 Bowman Draft Chrome,Logan Warmoth #BDC194,$0.60,,,,,,,,,,,,$0.99,,,,,,4,,,,,2017-06-01
8135604,Baseball Cards 2017 Bowman Draft Chrome,Logan Warmoth [70th Refractor] #BDC194,$0.25,,,,,,,,,,,,$0.99,,,,,,0,,,,,2017-06-01
1404718,Baseball Cards 2017 Bowman Draft Chrome,Logan Warmoth [Blue Refractor] #BDC194,$23.88,,,,,$4.13,$5.00,$2.00,$2.00,,,$7.80,$25.99,,,,,,2,,,,,2017-06-01
1404719,Baseball Cards 2017 Bowman Draft Chrome,Logan Warmoth [Gold Refractor] #BDC194,$17.49,,,,,,,,,,,$4.80,$18.99,,,,,,0,,,,,2017-06-01
1404720,Baseball Cards 2017 Bowman Draft Chrome,Logan Warmoth [Green Refractor] #BDC194,$0.25,,,,,,,,,,,,$0.99,,,,,,0,,,,,2017-06-01
8135610,Baseball Cards 2017 Bowman Draft Chrome,Logan Warmoth [Orange Refractor] #BDC194,,,,,,,,,,,,,,,,,,,0,,,,,2017-06-01
8135606,Baseball Cards 2017 Bowman Draft Chrome,Logan Warmoth [Purple Refractor] #BDC194,$1.99,,,,,,,,,,,,$2.19,,,,,,1,,,,,2017-06-01
1404721,Baseball Cards 2017 Bowman Draft Chrome,Logan Warmoth [Red Refractor] #BDC194,,,,,,,,,,,,,,,,,,,0,,,,,2017-06-01
1404722,Baseball Cards 2017 Bowman Draft Chrome,Logan Warmoth [Refractor] #BDC194,$1.34,,,,,,,,,,,,$1.49,,,,,,2,,,,,2017-06-01
1404723,Baseball Cards 2017 Bowman Draft Chrome,Logan Warmoth [Sky Blue Refractor] #BDC194,$0.25,,,,,,,,,,,,$0.99,,,,,,0,,,,,2017-06-01
8135612,Baseball Cards 2017 Bowman Draft Chrome,Logan Warmoth [SuperFractor] #BDC194,,,,,,,,,,,,,,,,,,,0,,,,,2017-06-01
8133887,Baseball Cards 2017 Bowman Draft Chrome,Lourdes Gurriel #BDC19,$2.97,,,,,,,,,,,,$3.29,,,,,,0,,,,,2017-06-01
1403860,Baseball Cards 2017 Bowman Draft Chrome,Lourdes Gurriel Jr. #BDC19,$24.00,,,,,,,,,,,$7.80,$25.99,,,,,,1,,,,,2017-06-01
1403861,Baseball Cards 2017 Bowman Draft Chrome,Lourdes Gurriel Jr. [Blue Refractor] #BDC19,$1.99,,,,,,,,,,,,$2.19,,,,,,1,,,,,2017-06-01
1403862,Baseball Cards 2017 Bowman Draft Chrome,Lourdes Gurriel Jr. [Gold Refractor] #BDC19,$114.39,,,,,,,,,,,$63.00,$126.00,,,,,,0,,,,,2017-06-01
1403863,Baseball Cards 2017 Bowman Draft Chrome,Lourdes Gurriel Jr. [Purple Refractor] #BDC19,$2.39,,,,,,,,,,,,$2.59,,,,,,0,,,,,2017-06-01
1403864,Baseball Cards 2017 Bowman Draft Chrome,Lourdes Gurriel Jr. [Refractor] #BDC19,$0.99,,,,,,,,,,,,$1.09,,,,,,5,,,,,2017-06-01
1403865,Baseball Cards 2017 Bowman Draft Chrome,Lourdes Gurriel Jr. [Sky Blue Refractor] #BDC19,$2.30,,,,,,,,,,,,$2.49,,,,,,0,,,,,2017-06-01
8133888,Baseball Cards 2017 Bowman Draft Chrome,Lourdes Gurriel [70th Refractor] #BDC19,$3.99,,,,,,,,,,,$0.90,$4.39,,,,,,0,,,,,2017-06-01
8133891,Baseball Cards 2017 Bowman Draft Chrome,Lourdes Gurriel [Blue Refractor] #BDC19,$3.13,,,,,,,,,,,,$3.39,,,,,,0,,,,,2017-06-01
8133893,Baseball Cards 2017 Bowman Draft Chrome,Lourdes Gurriel [Gold Refractor] #BDC19,,,,,,,,,,,,,,,,,,,0,,,,,2017-06-01
8133892,Baseball Cards 2017 Bowman Draft Chrome,Lourdes Gurriel [Green Refractor] #BDC19,,,,,,,,,,,,,,,,,,,0,,,,,2017-06-01
8133894,Baseball Cards 2017 Bowman Draft Chrome,Lourdes Gurriel [Orange Refractor] #BDC19,,,,,,,,,,,,,,,,,,,0,,,,,2017-06-01
8133890,Baseball Cards 2017 Bowman Draft Chrome,Lourdes Gurriel [Purple Refractor] #BDC19,$2.39,,,,,,,,,,,,$2.59,,,,,,0,,,,,2017-06-01
8133895,Baseball Cards 2017 Bowman Draft Chrome,Lourdes Gurriel [Red Refractor] #BDC19,,,,,,,,,,,,,,,,,,,0,,,,,2017-06-01
8133889,Baseball Cards 2017 Bowman Draft Chrome,Lourdes Gurriel [Sky Blue Refractor] #BDC19,$0.25,,,,,,,,,,,,$0.99,,,,,,0,,,,,2017-06-01
8133896,Baseball Cards 2017 Bowman Draft Chrome,Lourdes Gurriel [SuperFractor] #BDC19,,,,,,,,,,,,,,,,,,,0,,,,,2017-06-01
10338340,Baseball Cards 2017 Bowman Draft Chrome,Lucas Erceg #BDC131,$0.17,,,,,,,,,,,,$0.99,,,,,,1,,,,,
1404397,Baseball Cards 2017 Bowman Draft Chrome,Lucas Erceg [70th Refractor] #BDC131,$2.38,,,,,,,,,,,,$2.59,,,,,,3,,,,,2017-06-01
8134991,Baseball Cards 2017 Bowman Draft Chrome,Lucas Erceg [Blue Refractor] #BDC131,$0.25,,,,,,,,,,,,$0.99,,,,,,0,,,,,2017-06-01
8134993,Baseball Cards 2017 Bowman Draft Chrome,Lucas Erceg [Gold Refractor] #BDC131,,,,,,,,,,,,,,,,,,,0,,,,,2017-06-01
8134992,Baseball Cards 2017 Bowman Draft Chrome,Lucas Erceg [Green Refractor] #BDC131,$5.00,,,,,,,,,,,$1.10,$5.49,,,,,,0,,,,,2017-06-01
8134994,Baseball Cards 2017 Bowman Draft Chrome,Lucas Erceg [Orange Refractor] #BDC131,,,,,,,,,,,,,,,,,,,0,,,,,2017-06-01
8134990,Baseball Cards 2017 Bowman Draft Chrome,Lucas Erceg [Purple Refractor] #BDC131,$0.58,,$5.45,$10.58,$20.81,$30.69,$40.00,$18.00,$18.00,,,,$0.99,,,$1.20,$5.99,,6,,,,,2017-06-01
8134995,Baseball Cards 2017 Bowman Draft Chrome,Lucas Erceg [Red Refractor] #BDC131,,,,,,,,,,,,,,,,,,,0,,,,,2017-06-01
8134989,Baseball Cards 2017 Bowman Draft Chrome,Lucas Erceg [Sky Blue Refractor] #BDC131,$0.25,,,,,,,,,,,,$0.99,,,,,,0,,,,,2017-06-01
8134996,Baseball Cards 2017 Bowman Draft Chrome,Lucas Erceg [SuperFractor] #BDC131,,,,,,,,,,,,,,,,,,,0,,,,,2017-06-01
1404005,Baseball Cards 2017 Bowman Draft Chrome,Luis Campusano #BDC46,$0.41,,,$2.25,$13.16,$22.69,$30.00,$14.00,$14.00,,,,$0.99,,,,,,16,,,,,2017-06-01
1404007,Baseball Cards 2017 Bowman Draft Chrome,Luis Campusano [70th Refractor] #BDC46,$1.99,,,,,,,,,,,,$2.19,,,,,,1,,,,,2017-06-01
1404006,Baseball Cards 2017 Bowman Draft Chrome,Luis Campusano [Blue Refractor] #BDC46,$3.75,,,,,$8.59,$11.00,$5.00,$5.00,,,$0.80,$4.09,,,,,,4,,,,,2017-06-01
1404008,Baseball Cards 2017 Bowman Draft Chrome,Luis Campusano [Gold Refractor] #BDC46,$1.99,,,,,$81.99,$107.00,$49.00,$49.00,,,,$2.19,,,,,,2,,,,,2017-06-01
1404009,Baseball Cards 2017 Bowman Draft Chrome,Luis Campusano [Green Refractor] #BDC46,$1.52,,,,,$27.44,$36.00,$16.00,$16.00,,,,$1.69,,,,,,3,,,,,2017-06-01
1404010,Baseball Cards 2017 Bowman Draft Chrome,Luis Campusano [Orange Refractor] #BDC46,$35.00,,,,,,,,,,,$15.60,$38.99,,,,,,0,,,,,2017-06-01
1404011,Baseball Cards 2017 Bowman Draft Chrome,Luis Campusano [Purple Refractor] #BDC46,$1.50,,,,,,,,,,,,$1.69,,,,,,2,,,,,2017-06-01
1404012,Baseball Cards 2017 Bowman Draft Chrome,Luis Campusano [Red Refractor] #BDC46,,,,,,,,,,,,,,,,,,,0,,,,,2017-06-01
1404013,Baseball Cards 2017 Bowman Draft Chrome,Luis Campusano [Refractor] #BDC46,$1.53,,$6.19,$7.00,$8.00,$8.00,$10.00,$5.00,$5.00,,,,$1.69,,,$1.40,$6.79,,38,,,,,2017-06-01
1404014,Baseball Cards 2017 Bowman Draft Chrome,Luis Campusano [Sky Blue Refractor] #BDC46,$4.23,,,,,,,,,,,$0.90,$4.69,,,,,,2,,,,,2017-06-01
8134156,Baseball Cards 2017 Bowman Draft Chrome,Luis Campusano [SuperFractor] #BDC46,,,,,,,,,,,,,,,,,,,0,,,,,2017-06-01
8134541,Baseball Cards 2017 Bowman Draft Chrome,Luis Gonzalez #BDC86,$0.53,,,,,,,,,,,,$0.99,,,,,,5,,,,,2017-06-01
8134542,Baseball Cards 2017 Bowman Draft Chrome,Luis Gonzalez [70th Refractor] #BDC86,$2.84,,,,,,,,,,,,$3.09,,,,,,0,,,,,2017-06-01
1404212,Baseball Cards 2017 Bowman Draft Chrome,Luis Gonzalez [Blue Refractor] #BDC86,$1.75,,,,,,,,,,,,$1.89,,,,,,2,,,,,2017-06-01
1404213,Baseball Cards 2017 Bowman Draft Chrome,Luis Gonzalez [Gold Refractor] #BDC86,$10.00,,,,,,,,,,,$2.80,$10.99,,,,,,1,,,,,2017-06-01
8134546,Baseball Cards 2017 Bowman Draft Chrome,Luis Gonzalez [Green Refractor] #BDC86,$4.57,,,,,,,,,,,$1.00,$4.99,,,,,,0,,,,,2017-06-01
1404214,Baseball Cards 2017 Bowman Draft Chrome,Luis Gonzalez [Orange Refractor] #BDC86,$15.00,,,,,,,,,,,$4.30,$16.99,,,,,,1,,,,,2017-06-01
1404215,Baseball Cards 2017 Bowman Draft Chrome,Luis Gonzalez [Purple Refractor] #BDC86,$1.91,,,,,,,,,,,,$2.09,,,,,,2,,,,,2017-06-01
8134549,Baseball Cards 2017 Bowman Draft Chrome,Luis Gonzalez [Red Refractor] #BDC86,,,,,,,,,,,,,,,,,,,0,,,,,2017-06-01
1404216,Baseball Cards 2017 Bowman Draft Chrome,Luis Gonzalez [Refractor] #BDC86,$1.00,,,,,,,,,,,,$1.09,,,,,,1,,,,,2017-06-01
8134543,Baseball Cards 2017 Bowman Draft Chrome,Luis Gonzalez [Sky Blue Refractor] #BDC86,$20.00,,,,,,,,,,,$6.60,$21.99,,,,,,1,,,,,2017-06-01
8134550,Baseball Cards 2017 Bowman Draft Chrome,Luis Gonzalez [SuperFractor] #BDC86,,,,,,,,,,,,,,,,,,,0,,,,,2017-06-01
10338341,Baseball Cards 2017 Bowman Draft Chrome,Luis Ortiz #BDC199,$0.25,,,,,,,,,,,,$0.99,,,,,,0,,,,,
8135653,Baseball Cards 2017 Bowman Draft Chrome,Luis Ortiz [70th Refractor] #BDC199,$0.25,,,,,,,,,,,,$0.99,,,,,,0,,,,,2017-06-01
8135656,Baseball Cards 2017 Bowman Draft Chrome,Luis Ortiz [Blue Refractor] #BDC199,$0.25,,,,,,,,,,,,$0.99,,,,,,0,,,,,2017-06-01
8135658,Baseball Cards 2017 Bowman Draft Chrome,Luis Ortiz [Gold Refractor] #BDC199,,,,,,,,,,,,,,,,,,,0,,,,,2017-06-01
8135657,Baseball Cards 2017 Bowman Draft Chrome,Luis Ortiz [Green Refractor] #BDC199,$0.25,,,,,,,,,,,,$0.99,,,,,,0,,,,,2017-06-01
8135659,Baseball Cards 2017 Bowman Draft Chrome,Luis Ortiz [Orange Refractor] #BDC199,$3.30,,,,,,,,,,,,$3.59,,,,,,0,,,,,2017-06-01
1404750,Baseball Cards 2017 Bowman Draft Chrome,Luis Ortiz [Purple Refractor] #BDC199,$1.50,,,,,,,,,,,,$1.69,,,,,,1,,,,,2017-06-01
8135660,Baseball Cards 2017 Bowman Draft Chrome,Luis Ortiz [Red Refractor] #BDC199,,,,,,,,,,,,,,,,,,,0,,,,,2017-06-01
8135654,Baseball Cards 2017 Bowman Draft Chrome,Luis Ortiz [Sky Blue Refractor] #BDC199,$0.25,,,,,,,,,,,,$0.99,,,,,,0,,,,,2017-06-01
8135661,Baseball Cards 2017 Bowman Draft Chrome,Luis Ortiz [SuperFractor] #BDC199,,,,,,,,,,,,,,,,,,,0,,,,,2017-06-01
3684080,Baseball Cards 2017 Bowman Draft Chrome,MJ Melendez #BDC-172,,,,,,,,,,,,,,,,,,,0,,,,,
1404622,Baseball Cards 2017 Bowman Draft Chrome,MJ Melendez #BDC172,,,,,,,,,,,,,,,,,,,0,,,,,2017-06-01
8135388,Baseball Cards 2017 Bowman Draft Chrome,MJ Melendez [70th Refractor] #BDC172,,,,,,$25.00,$33.00,$15.00,$15.00,,,,,,,,,,1,,,,,2017-06-01
8135390,Baseball Cards 2017 Bowman Draft Chrome,MJ Melendez [Blue Refractor] #BDC172,$1.25,,,,,,,,,,,,$1.39,,,,,,1,,,,,2017-06-01
8135392,Baseball Cards 2017 Bowman Draft Chrome,MJ Melendez [Gold Refractor] #BDC172,,,,,,,,,,,,,,,,,,,0,,,,,2017-06-01
1404623,Baseball Cards 2017 Bowman Draft Chrome,MJ Melendez [Green Refractor] #BDC172,$49.99,,,,,$30.50,$40.00,$18.00,$18.00,,,$22.00,$54.99,,,,,,1,,,,,2017-06-01
1404624,Baseball Cards 2017 Bowman Draft Chrome,MJ Melendez [Orange Refractor] #BDC172,$299.99,,,,,,,,,,,$165.00,$330.00,,,,,,0,,,,,2017-06-01
8135389,Baseball Cards 2017 Bowman Draft Chrome,MJ Melendez [Purple Refractor] #BDC172,$0.99,,,,,,,,,,,,$1.09,,,,,,1,,,,,2017-06-01
8135394,Baseball Cards 2017 Bowman Draft Chrome,MJ Melendez [Red Refractor] #BDC172,,,,,,,,,,,,,,,,,,,0,,,,,2017-06-01
1404625,Baseball Cards 2017 Bowman Draft Chrome,MJ Melendez [Refractor] #BDC172,$2.00,,$6.55,$7.00,$16.00,$16.48,$21.00,$10.00,$10.00,,,,$2.19,,,$1.40,$7.19,,13,,,,,2017-06-01
1404626,Baseball Cards 2017 Bowman Draft Chrome,MJ Melendez [Sky Blue Refractor] #BDC172,$4.34,,,,,$21.25,$28.00,$13.00,$13.00,,,$1.00,$4.79,,,,,,3,,,,,2017-06-01
8135395,Baseball Cards 2017 Bowman Draft Chrome,MJ Melendez [SuperFractor] #BDC172,,,,,,,,,,,,,,,,,,,0,,,,,2017-06-01
1403880,Baseball Cards 2017 Bowman Draft Chrome,MacKenzie Gore #BDC25,$1.99,,$6.54,$7.00,$16.00,$15.93,$21.00,$10.00,$10.00,,,,$2.19,,,$1.40,$7.19,,52,,,,,2017-06-01
1403882,Baseball Cards 2017 Bowman Draft Chrome,MacKenzie Gore [70th Refractor] #BDC25,,,,,,$13.50,$18.00,$8.00,$8.00,,,,,,,,,,1,,,,,2017-06-01
1403881,Baseball Cards 2017 Bowman Draft Chrome,MacKenzie Gore [Blue Refractor] #BDC25,$14.00,,,$20.00,$22.00,$33.10,$55.55,$20.00,$20.00,,,$3.80,$14.99,,,,,,7,,,,,2017-06-01
1403394,Baseball Cards 2017 Bowman Draft Chrome,MacKenzie Gore [Brown Pants Autograph] #BDC25,,,,,,,,,,,,,,,,,,,0,,,,,2017-06-01
1403395,Baseball Cards 2017 Bowman Draft Chrome,MacKenzie Gore [Brown Pants Facsimile] #BDC25,,,,,,,,,,,,,,,,,,,0,,,,,2017-06-01
1403883,Baseball Cards 2017 Bowman Draft Chrome,MacKenzie Gore [Gold Refractor] #BDC25,,,,,,,,,,,,,,,,,,,0,,,,,2017-06-01
1403884,Baseball Cards 2017 Bowman Draft Chrome,MacKenzie Gore [Green Refractor] #BDC25,$19.99,,,$49.99,$55.00,,,,,,,$6.60,$21.99,,,,,,2,,,,,2017-06-01
1403885,Baseball Cards 2017 Bowman Draft Chrome,MacKenzie Gore [Orange Refractor] #BDC25,,,,,$73.00,$79.99,$295.00,$48.00,$48.00,,,,,,,,,,2,,,,,2017-06-01
1403886,Baseball Cards 2017 Bowman Draft Chrome,MacKenzie Gore [Purple Refractor] #BDC25,$10.50,,,$29.99,$33.00,,$59.99,,,,,$3.00,$11.99,,,,,,3,,,,,2017-06-01
1403887,Baseball Cards 2017 Bowman Draft Chrome,MacKenzie Gore [Red Refractor] #BDC25,,,,,,,,,,,,,,,,,,,0,,,,,2017-06-01
1403888,Baseball Cards 2017 Bowman Draft Chrome,MacKenzie Gore [Refractor] #BDC25,$1.86,,$5.89,$8.95,$23.26,$25.84,$49.99,$16.00,$16.00,,,,$2.09,,,$1.30,$6.49,,49,,,,,2017-06-01
1403889,Baseball Cards 2017 Bowman Draft Chrome,MacKenzie Gore [Sky Blue Refractor] #BDC25,$10.00,,,$38.86,$43.00,$47.00,$61.00,$28.00,$28.00,,,$2.80,$10.99,,,,,,9,,,,,2017-06-01
8133954,Baseball Cards 2017 Bowman Draft Chrome,MacKenzie Gore [SuperFractor] #BDC25,,,,,,,,,,,,,,,,,,,0,,,,,2017-06-01
8133857,Baseball Cards 2017 Bowman Draft Chrome,Marcos Diplan #BDC16,$0.25,,,,,,,,,,,,$0.99,,,,,,0,,,,,2017-06-01
8133858,Baseball Cards 2017 Bowman Draft Chrome,Marcos Diplan [70th Refractor] #BDC16,$2.27,,,,,,,,,,,,$2.49,,,,,,0,,,,,2017-06-01
8133861,Baseball Cards 2017 Bowman Draft Chrome,Marcos Diplan [Blue Refractor] #BDC16,$0.25,,,,,,,,,,,,$0.99,,,,,,0,,,,,2017-06-01
1403848,Baseball Cards 2017 Bowman Draft Chrome,Marcos Diplan [Gold Refractor] #BDC16,$2.70,,,,,,,,,,,,$2.99,,,,,,0,,,,,2017-06-01
8133862,Baseball Cards 2017 Bowman Draft Chrome,Marcos Diplan [Green Refractor] #BDC16,$0.25,,,,,,,,,,,,$0.99,,,,,,0,,,,,2017-06-01
8133864,Baseball Cards 2017 Bowman Draft Chrome,Marcos Diplan [Orange Refractor] #BDC16,,,,,,,,,,,,,,,,,,,0,,,,,2017-06-01
8133860,Baseball Cards 2017 Bowman Draft Chrome,Marcos Diplan [Purple Refractor] #BDC16,$0.25,,,,,,,,,,,,$0.99,,,,,,0,,,,,2017-06-01
8133865,Baseball Cards 2017 Bowman Draft Chrome,Marcos Diplan [Red Refractor] #BDC16,,,,,,,,,,,,,,,,,,,0,,,,,2017-06-01
8133859,Baseball Cards 2017 Bowman Draft Chrome,Marcos Diplan [Sky Blue Refractor] #BDC16,$0.25,,,,,,,,,,,,$0.99,,,,,,0,,,,,2017-06-01
8133866,Baseball Cards 2017 Bowman Draft Chrome,Marcos Diplan [SuperFractor] #BDC16,,,,,,,,,,,,,,,,,,,0,,,,,2017-06-01
1404436,Baseball Cards 2017 Bowman Draft Chrome,Mark Vientos #BDC139,$2.36,,$7.08,$8.00,$23.76,$52.96,$69.00,$32.00,$32.00,,,,$2.59,,,$1.60,$7.79,,27,,,,,2017-06-01
1404438,Baseball Cards 2017 Bowman Draft Chrome,Mark Vientos [70th Refractor] #BDC139,$10.50,,$13.14,$20.47,$30.00,$31.00,$40.00,$19.00,$19.00,,,$3.00,$11.99,,,$3.50,$13.99,,10,,,,,2017-06-01
1404437,Baseball Cards 2017 Bowman Draft Chrome,Mark Vientos [Blue Refractor] #BDC139,$5.99,,,$44.88,$49.00,$54.00,$70.00,$32.00,$32.00,,,$1.30,$6.59,,,,,,8,,,,,2017-06-01
1404439,Baseball Cards 2017 Bowman Draft Chrome,Mark Vientos [Gold Refractor] #BDC139,,,,,,,,,,,,,,,,,,,0,,,,,2017-06-01
1404440,Baseball Cards 2017 Bowman Draft Chrome,Mark Vientos [Green Refractor] #BDC139,$1.99,,,,,$155.00,$202.00,$93.00,$93.00,,,,$2.19,,,,,,2,,,,,2017-06-01
1404441,Baseball Cards 2017 Bowman Draft Chrome,Mark Vientos [Orange Refractor] #BDC139,,,,,,,,,,,,,,,,,,,0,,,,,2017-06-01
1404442,Baseball Cards 2017 Bowman Draft Chrome,Mark Vientos [Purple Refractor] #BDC139,$4.69,,,,,$50.00,$65.00,$30.00,$30.00,,,$1.00,$5.19,,,,,,6,,,,,2017-06-01
1404443,Baseball Cards 2017 Bowman Draft Chrome,Mark Vientos [Red Refractor] #BDC139,,,,,,,,,,,,,,,,,,,0,,,,,2017-06-01
1404444,Baseball Cards 2017 Bowman Draft Chrome,Mark Vientos [Refractor] #BDC139,$2.99,,$2.05,$10.38,$19.99,$24.99,$32.00,$15.00,$15.00,,,,$3.29,,,,$2.29,,36,,,,,2017-06-01
1404445,Baseball Cards 2017 Bowman Draft Chrome,Mark Vientos [Sky Blue Refractor] #BDC139,$3.49,,$7.71,$13.48,$24.90,$100.00,$130.00,$60.00,$60.00,,,$0.80,$3.79,,,$1.70,$8.49,,9,,,,,2017-06-01
8135070,Baseball Cards 2017 Bowman Draft Chrome,Mark Vientos [SuperFractor] #BDC139,,,,,,,,,,,,,,,,,,,0,,,,,2017-06-01
8134649,Baseball Cards 2017 Bowman Draft Chrome,Mason House #BDC97,$0.25,,,,,,,,,,,,$0.99,,,,,,0,,,,,2017-06-01
1404263,Baseball Cards 2017 Bowman Draft Chrome,Mason House [70th Refractor] #BDC97,$0.25,,,,,,,,,,,,$0.99,,,,,,0,,,,,2017-06-01
8134653,Baseball Cards 2017 Bowman Draft Chrome,Mason House [Blue Refractor] #BDC97,$0.25,,,,,,,,,,,,$0.99,,,,,,0,,,,,2017-06-01
1404264,Baseball Cards 2017 Bowman Draft Chrome,Mason House [Gold Refractor] #BDC97,$3.42,,,,,,,,,,,$0.80,$3.79,,,,,,0,,,,,2017-06-01
1404265,Baseball Cards 2017 Bowman Draft Chrome,Mason House [Green Refractor] #BDC97,$0.25,,,,,,,,,,,,$0.99,,,,,,0,,,,,2017-06-01
8134656,Baseball Cards 2017 Bowman Draft Chrome,Mason House [Orange Refractor] #BDC97,,,,,,,,,,,,,,,,,,,0,,,,,2017-06-01
8134652,Baseball Cards 2017 Bowman Draft Chrome,Mason House [Purple Refractor] #BDC97,$0.25,,,,,,,,,,,,$0.99,,,,,,0,,,,,2017-06-01
1404266,Baseball Cards 2017 Bowman Draft Chrome,Mason House [Red Refractor] #BDC97,,,,,,,,,,,,,,,,,,,0,,,,,2017-06-01
1404267,Baseball Cards 2017 Bowman Draft Chrome,Mason House [Refractor] #BDC97,$0.25,,,,,,,,,,,,$0.99,,,,,,0,,,,,2017-06-01
8134651,Baseball Cards 2017 Bowman Draft Chrome,Mason House [Sky Blue Refractor] #BDC97,$0.25,,,,,,,,,,,,$0.99,,,,,,0,,,,,2017-06-01
8134658,Baseball Cards 2017 Bowman Draft Chrome,Mason House [SuperFractor] #BDC97,,,,,,,,,,,,,,,,,,,0,,,,,2017-06-01
8134060,Baseball Cards 2017 Bowman Draft Chrome,Matt Manning #BDC37,$1.04,,,,,,,,,,,,$1.09,,,,,,3,,,,,2017-06-01
8134061,Baseball Cards 2017 Bowman Draft Chrome,Matt Manning [70th Refractor] #BDC37,$2.54,,,,,,,,,,,,$2.79,,,,,,0,,,,,2017-06-01
8134064,Baseball Cards 2017 Bowman Draft Chrome,Matt Manning [Blue Refractor] #BDC37,$0.25,,,,,,,,,,,,$0.99,,,,,,0,,,,,2017-06-01
8134066,Baseball Cards 2017 Bowman Draft Chrome,Matt Manning [Gold Refractor] #BDC37,$3.99,,,,,,,,,,,$0.90,$4.39,,,,,,0,,,,,2017-06-01
8134065,Baseball Cards 2017 Bowman Draft Chrome,Matt Manning [Green Refractor] #BDC37,$3.80,,,,,,,,,,,$0.80,$4.19,,,,,,0,,,,,2017-06-01
1403938,Baseball Cards 2017 Bowman Draft Chrome,Matt Manning [Orange Refractor] #BDC37,,,,,,,,,,,,,,,,,,,0,,,,,2017-06-01
8134063,Baseball Cards 2017 Bowman Draft Chrome,Matt Manning [Purple Refractor] #BDC37,$2.22,,,,,,,,,,,,$2.39,,,,,,0,,,,,2017-06-01
8134068,Baseball Cards 2017 Bowman Draft Chrome,Matt Manning [Red Refractor] #BDC37,,,,,,,,,,,,,,,,,,,0,,,,,2017-06-01
1403939,Baseball Cards 2017 Bowman Draft Chrome,Matt Manning [Refractor] #BDC37,$0.25,,,,,,,,,,,,$0.99,,,,,,0,,,,,2017-06-01
8134062,Baseball Cards 2017 Bowman Draft Chrome,Matt Manning [Sky Blue Refractor] #BDC37,$0.25,,,,,,,,,,,,$0.99,,,,,,0,,,,,2017-06-01
8134069,Baseball Cards 2017 Bowman Draft Chrome,Matt Manning [SuperFractor] #BDC37,,,,,,,,,,,,,,,,,,,0,,,,,2017-06-01
8135349,Baseball Cards 2017 Bowman Draft Chrome,Matt Tabor #BDC168,$0.13,,,,,,,,,,,,$0.99,,,,,,4,,,,,2017-06-01
8135350,Baseball Cards 2017 Bowman Draft Chrome,Matt Tabor [70th Refractor] #BDC168,$2.27,,,,,,,,,,,,$2.49,,,,,,0,,,,,2017-06-01
8135353,Baseball Cards 2017 Bowman Draft Chrome,Matt Tabor [Blue Refractor] #BDC168,$0.25,,,,,,,,,,,,$0.99,,,,,,0,,,,,2017-06-01
8135355,Baseball Cards 2017 Bowman Draft Chrome,Matt Tabor [Gold Refractor] #BDC168,,,,,,,,,,,,,,,,,,,0,,,,,2017-06-01
8135354,Baseball Cards 2017 Bowman Draft Chrome,Matt Tabor [Green Refractor] #BDC168,,,,,,,,,,,,,,,,,,,0,,,,,2017-06-01
8135356,Baseball Cards 2017 Bowman Draft Chrome,Matt Tabor [Orange Refractor] #BDC168,,,,,,,,,,,,,,,,,,,0,,,,,2017-06-01
8135352,Baseball Cards 2017 Bowman Draft Chrome,Matt Tabor [Purple Refractor] #BDC168,$2.15,,,,,,,,,,,,$2.39,,,,,,0,,,,,2017-06-01
1404605,Baseball Cards 2017 Bowman Draft Chrome,Matt Tabor [Red Refractor] #BDC168,$0.99,,,,,,,,,,,,$1.09,,,,,,1,,,,,2017-06-01
1404606,Baseball Cards 2017 Bowman Draft Chrome,Matt Tabor [Sky Blue Refractor] #BDC168,$0.25,,,,,,,,,,,,$0.99,,,,,,0,,,,,2017-06-01
8135358,Baseball Cards 2017 Bowman Draft Chrome,Matt Tabor [SuperFractor] #BDC168,,,,,,,,,,,,,,,,,,,0,,,,,2017-06-01
8134887,Baseball Cards 2017 Bowman Draft Chrome,Matthew Whatley #BDC121,$0.06,,,,,,,,,,,,$0.99,,,,,,1,,,,,2017-06-01
8134888,Baseball Cards 2017 Bowman Draft Chrome,Matthew Whatley [70th Refractor] #BDC121,$0.25,,,,,,,,,,,,$0.99,,,,,,0,,,,,2017-06-01
8134891,Baseball Cards 2017 Bowman Draft Chrome,Matthew Whatley [Blue Refractor] #BDC121,$0.25,,,,,,,,,,,,$0.99,,,,,,0,,,,,2017-06-01
8134893,Baseball Cards 2017 Bowman Draft Chrome,Matthew Whatley [Gold Refractor] #BDC121,,,,,,,,,,,,,,,,,,,0,,,,,2017-06-01
1404367,Baseball Cards 2017 Bowman Draft Chrome,Matthew Whatley [Green Refractor] #BDC121,$2.84,,,,,,,,,,,,$3.09,,,,,,0,,,,,2017-06-01
8134894,Baseball Cards 2017 Bowman Draft Chrome,Matthew Whatley [Orange Refractor] #BDC121,,,,,,,,,,,,,,,,,,,0,,,,,2017-06-01
1404368,Baseball Cards 2017 Bowman Draft Chrome,Matthew Whatley [Purple Refractor] #BDC121,$1.50,,,,,,,,,,,,$1.69,,,,,,1,,,,,2017-06-01
8134895,Baseball Cards 2017 Bowman Draft Chrome,Matthew Whatley [Red Refractor] #BDC121,,,,,,,,,,,,,,,,,,,0,,,,,2017-06-01
8134889,Baseball Cards 2017 Bowman Draft Chrome,Matthew Whatley [Sky Blue Refractor] #BDC121,$0.25,,,,,,,,,,,,$0.99,,,,,,0,,,,,2017-06-01
8134896,Baseball Cards 2017 Bowman Draft Chrome,Matthew Whatley [SuperFractor] #BDC121,,,,,,,,,,,,,,,,,,,0,,,,,2017-06-01
2262600,Baseball Cards 2017 Bowman Draft Chrome,Mega Box,,,,,,,,,,,,,,,,,,,0,,,,,2017-06-01
1403922,Baseball Cards 2017 Bowman Draft Chrome,Michael Kopech #BDC34,$1.89,,,,,,,,,,,,$2.09,,,,,,1,,,,,2017-06-01
1403923,Baseball Cards 2017 Bowman Draft Chrome,Michael Kopech [70th Refractor] #BDC34,,,,,,,,,,,,,,,,,,,0,,,,,2017-06-01
1403921,Baseball Cards 2017 Bowman Draft Chrome,Michael Kopech [Blue Refractor] #BDC34,$2.01,,,,,,,,,,,,$2.19,,,,,,1,,,,,2017-06-01
1403924,Baseball Cards 2017 Bowman Draft Chrome,Michael Kopech [Gold Refractor] #BDC34,$17.79,,,,,,,,,,,$5.00,$19.99,,,,,,0,,,,,2017-06-01
1403925,Baseball Cards 2017 Bowman Draft Chrome,Michael Kopech [Green Refractor] #BDC34,$4.99,,,,,,,,,,,$1.10,$5.49,,,,,,0,,,,,2017-06-01
1403926,Baseball Cards 2017 Bowman Draft Chrome,Michael Kopech [Orange Refractor] #BDC34,$46.00,,,,,,,,,,,$20.40,$50.99,,,,,,0,,,,,2017-06-01
1403927,Baseball Cards 2017 Bowman Draft Chrome,Michael Kopech [Purple Refractor] #BDC34,$1.81,,,,,,,,,,,,$1.99,,,,,,1,,,,,2017-06-01
1403928,Baseball Cards 2017 Bowman Draft Chrome,Michael Kopech [Red Refractor] #BDC34,,,,,,,,,,,,,,,,,,,0,,,,,2017-06-01
1403929,Baseball Cards 2017 Bowman Draft Chrome,Michael Kopech [Refractor] #BDC34,$0.90,,,,,$6.51,$8.00,$4.00,$4.00,,,,$0.99,,,,,,2,,,,,2017-06-01
1403930,Baseball Cards 2017 Bowman Draft Chrome,Michael Kopech [Sky Blue Refractor] #BDC34,$1.99,,,,,,,,,,,,$2.19,,,,,,1,,,,,2017-06-01
8134041,Baseball Cards 2017 Bowman Draft Chrome,Michael Kopech [SuperFractor] #BDC34,,,,,,,,,,,,,,,,,,,0,,,,,2017-06-01
8133955,Baseball Cards 2017 Bowman Draft Chrome,Mitch Keller #BDC26,$0.17,,,,,,,,,,,,$0.99,,,,,,4,,,,,2017-06-01
1403890,Baseball Cards 2017 Bowman Draft Chrome,Mitch Keller [70th Refractor] #BDC26,$3.38,,,,,,,,,,,,$3.69,,,,,,0,,,,,2017-06-01
8133959,Baseball Cards 2017 Bowman Draft Chrome,Mitch Keller [Blue Refractor] #BDC26,$3.17,,,,,,,,,,,,$3.49,,,,,,3,,,,,2017-06-01
1403891,Baseball Cards 2017 Bowman Draft Chrome,Mitch Keller [Gold Refractor] #BDC26,,,,,,,,,,,,,,,,,,,0,,,,,2017-06-01
1403892,Baseball Cards 2017 Bowman Draft Chrome,Mitch Keller [Green Refractor] #BDC26,$2.58,,,,,,,,,,,,$2.79,,,,,,0,,,,,2017-06-01
1403893,Baseball Cards 2017 Bowman Draft Chrome,Mitch Keller [Orange Refractor] #BDC26,$29.29,,,,,$38.82,$50.00,$23.00,$23.00,,,$9.60,$31.99,,,,,,1,,,,,2017-06-01
8133958,Baseball Cards 2017 Bowman Draft Chrome,Mitch Keller [Purple Refractor] #BDC26,$3.28,,$7.54,$13.27,$24.61,$33.91,$44.00,$20.00,$20.00,,,,$3.59,,,$1.70,$8.29,,9,,,,,2017-06-01
8133963,Baseball Cards 2017 Bowman Draft Chrome,Mitch Keller [Red Refractor] #BDC26,,,,,,,,,,,,,,,,,,,0,,,,,2017-06-01
1403894,Baseball Cards 2017 Bowman Draft Chrome,Mitch Keller [Refractor] #BDC26,$0.45,,,,,,,,,,,,$0.99,,,,,,1,,,,,2017-06-01
1403895,Baseball Cards 2017 Bowman Draft Chrome,Mitch Keller [Sky Blue Refractor] #BDC26,$2.46,,,,,,,,,,,,$2.69,,,,,,1,,,,,2017-06-01
8133964,Baseball Cards 2017 Bowman Draft Chrome,Mitch Keller [SuperFractor] #BDC26,,,,,,,,,,,,,,,,,,,0,,,,,2017-06-01
6776791,Baseball Cards 2017 Bowman Draft Chrome,Morgan Cooper #BDC30,$0.25,,,,,,,,,,,,$0.99,,,,,,0,,,,,
8133994,Baseball Cards 2017 Bowman Draft Chrome,Morgan Cooper [70th Refractor] #BDC30,$3.36,,,,,,,,,,,,$3.69,,,,,,0,,,,,2017-06-01
8133997,Baseball Cards 2017 Bowman Draft Chrome,Morgan Cooper [Blue Refractor] #BDC30,$0.25,,,,,,,,,,,,$0.99,,,,,,0,,,,,2017-06-01
8134000,Baseball Cards 2017 Bowman Draft Chrome,Morgan Cooper [Gold Refractor] #BDC30,$2.32,,,,,,,,,,,,$2.59,,,,,,0,,,,,2017-06-01
8133998,Baseball Cards 2017 Bowman Draft Chrome,Morgan Cooper [Green Refractor] #BDC30,$0.25,,,,,,,,,,,,$0.99,,,,,,0,,,,,2017-06-01
8133999,Baseball Cards 2017 Bowman Draft Chrome,Morgan Cooper [Orange Refractor] #BDC30,,,,,,,,,,,,,,,,,,,0,,,,,2017-06-01
8133996,Baseball Cards 2017 Bowman Draft Chrome,Morgan Cooper [Purple Refractor] #BDC30,$0.25,,,,,,,,,,,,$0.99,,,,,,0,,,,,2017-06-01
8134001,Baseball Cards 2017 Bowman Draft Chrome,Morgan Cooper [Red Refractor] #BDC30,,,,,,,,,,,,,,,,,,,0,,,,,2017-06-01
8133995,Baseball Cards 2017 Bowman Draft Chrome,Morgan Cooper [Sky Blue Refractor] #BDC30,$0.25,,,,,,,,,,,,$0.99,,,,,,0,,,,,2017-06-01
8134002,Baseball Cards 2017 Bowman Draft Chrome,Morgan Cooper [SuperFractor] #BDC30,,,,,,,,,,,,,,,,,,,0,,,,,2017-06-01
1404347,Baseball Cards 2017 Bowman Draft Chrome,Nate Pearson #BDC119,$1.15,,$4.96,$4.96,$4.96,$4.97,$6.00,$3.00,$3.00,,,,$1.29,,,$1.10,$5.49,,16,,,,,2017-06-01
1404349,Baseball Cards 2017 Bowman Draft Chrome,Nate Pearson [70th Refractor] #BDC119,,,,,,,,,,,,,,,,,,,0,,,,,2017-06-01
1404348,Baseball Cards 2017 Bowman Draft Chrome,Nate Pearson [Blue Refractor] #BDC119,$29.99,,,,,$3.11,$4.00,$2.00,$2.00,,,$9.90,$32.99,,,,,,1,,,,,2017-06-01
1404350,Baseball Cards 2017 Bowman Draft Chrome,Nate Pearson [Gold Refractor] #BDC119,$4.28,,,,$16.50,$22.49,$29.00,$13.00,$13.00,,,$0.90,$4.69,,,,,,18,,,,,2017-06-01
1404351,Baseball Cards 2017 Bowman Draft Chrome,Nate Pearson [Green Refractor] #BDC119,,,,,,$9.75,$13.00,$6.00,$6.00,,,,,,,,,,1,,,,,2017-06-01
1404352,Baseball Cards 2017 Bowman Draft Chrome,Nate Pearson [Orange Refractor] #BDC119,,,,,,,,,,,,,,,,,,,0,,,,,2017-06-01
1404353,Baseball Cards 2017 Bowman Draft Chrome,Nate Pearson [Purple Refractor] #BDC119,$2.55,,,,,$9.97,$13.00,$6.00,$6.00,,,,$2.79,,,,,,1,,,,,2017-06-01
1404354,Baseball Cards 2017 Bowman Draft Chrome,Nate Pearson [Red Refractor] #BDC119,$150.00,,,,,,,,,,,$82.50,$165.00,,,,,,1,,,,,2017-06-01
1404355,Baseball Cards 2017 Bowman Draft Chrome,Nate Pearson [Refractor] #BDC119,$1.51,,$10.00,,,$4.99,$6.00,$3.00,$3.00,,,,$1.69,,,$2.80,$10.99,,6,,,,,2017-06-01
1404356,Baseball Cards 2017 Bowman Draft Chrome,Nate Pearson [Sky Blue Refractor] #BDC119,$0.25,,,,,$14.00,$18.00,$8.00,$8.00,,,,$0.99,,,,,,1,,,,,2017-06-01
8134876,Baseball Cards 2017 Bowman Draft Chrome,Nate Pearson [SuperFractor] #BDC119,,,,,,,,,,,,,,,,,,,0,,,,,2017-06-01
1404294,Baseball Cards 2017 Bowman Draft Chrome,Nick Allen #BDC107,$1.51,,,,,,,,,,,,$1.69,,,,,,4,,,,,2017-06-01
8134750,Baseball Cards 2017 Bowman Draft Chrome,Nick Allen [70th Refractor] #BDC107,,,,,,,,,,,,,,,,,,,0,,,,,2017-06-01
8134753,Baseball Cards 2017 Bowman Draft Chrome,Nick Allen [Blue Refractor] #BDC107,$7.49,,,,,,,,,,,$1.60,$8.19,,,,,,4,,,,,2017-06-01
1404295,Baseball Cards 2017 Bowman Draft Chrome,Nick Allen [Gold Refractor] #BDC107,$10.00,,,,,,,,,,,$2.80,$10.99,,,,,,1,,,,,2017-06-01
8134754,Baseball Cards 2017 Bowman Draft Chrome,Nick Allen [Green Refractor] #BDC107,$15.00,,,,,,,,,,,$4.30,$16.99,,,,,,1,,,,,2017-06-01
1404296,Baseball Cards 2017 Bowman Draft Chrome,Nick Allen [Orange Refractor] #BDC107,$29.00,,,,,,,,,,,$9.60,$31.99,,,,,,1,,,,,2017-06-01
8134752,Baseball Cards 2017 Bowman Draft Chrome,Nick Allen [Purple Refractor] #BDC107,$9.99,,,,,,,,,,,$2.80,$10.99,,,,,,1,,,,,2017-06-01
8134757,Baseball Cards 2017 Bowman Draft Chrome,Nick Allen [Red Refractor] #BDC107,,,,,,,,,,,,,,,,,,,0,,,,,2017-06-01
3295443,Baseball Cards 2017 Bowman Draft Chrome,Nick Allen [Refractor] #BDC107,$2.25,,,,,,,,,,,,$2.49,,,,,,16,,,,,
8134751,Baseball Cards 2017 Bowman Draft Chrome,Nick Allen [Sky Blue Refractor] #BDC107,$3.99,,,,,,,,,,,$0.90,$4.39,,,,,,0,,,,,2017-06-01
8134758,Baseball Cards 2017 Bowman Draft Chrome,Nick Allen [SuperFractor] #BDC107,,,,,,,,,,,,,,,,,,,0,,,,,2017-06-01
8135576,Baseball Cards 2017 Bowman Draft Chrome,Nick Gordon #BDC191,$0.15,,,,,,,,,,,,$0.99,,,,,,1,,,,,2017-06-01
8135577,Baseball Cards 2017 Bowman Draft Chrome,Nick Gordon [70th Refractor] #BDC191,$2.32,,,,,,,,,,,,$2.59,,,,,,0,,,,,2017-06-01
1404700,Baseball Cards 2017 Bowman Draft Chrome,Nick Gordon [Blue Refractor] #BDC191,$0.25,,,,,,,,,,,,$0.99,,,,,,0,,,,,2017-06-01
8135581,Baseball Cards 2017 Bowman Draft Chrome,Nick Gordon [Gold Refractor] #BDC191,$2.55,,,,,,,,,,,,$2.79,,,,,,0,,,,,2017-06-01
1404701,Baseball Cards 2017 Bowman Draft Chrome,Nick Gordon [Green Refractor] #BDC191,$2.79,,,,,,,,,,,,$3.09,,,,,,1,,,,,2017-06-01
1404702,Baseball Cards 2017 Bowman Draft Chrome,Nick Gordon [Orange Refractor] #BDC191,$0.99,,,,,,,,,,,,$1.09,,,,,,1,,,,,2017-06-01
1404703,Baseball Cards 2017 Bowman Draft Chrome,Nick Gordon [Purple Refractor] #BDC191,$0.97,,,,,,,,,,,,$1.09,,,,,,3,,,,,2017-06-01
8135583,Baseball Cards 2017 Bowman Draft Chrome,Nick Gordon [Red Refractor] #BDC191,,,,,,,,,,,,,,,,,,,0,,,,,2017-06-01
8135719,Baseball Cards 2017 Bowman Draft Chrome,Nick Gordon [Sky Blue Refractor] #BDC191,$0.25,,,,,,,,,,,,$0.99,,,,,,0,,,,,2017-06-01
8135584,Baseball Cards 2017 Bowman Draft Chrome,Nick Gordon [SuperFractor] #BDC191,,,,,,,,,,,,,,,,,,,0,,,,,2017-06-01
8135486,Baseball Cards 2017 Bowman Draft Chrome,Nick Raquet #BDC182,$1.17,,$5.91,$11.17,$21.64,$31.40,$41.00,$19.00,$19.00,,,,$1.29,,,$1.30,$6.49,,7,,,,,2017-06-01
8135487,Baseball Cards 2017 Bowman Draft Chrome,Nick Raquet [70th Refractor] #BDC182,,,,,,,,,,,,,,,,,,,0,,,,,2017-06-01
8135490,Baseball Cards 2017 Bowman Draft Chrome,Nick Raquet [Blue Refractor] #BDC182,$3.00,,,,,,,,,,,,$3.29,,,,,,0,,,,,2017-06-01
8135492,Baseball Cards 2017 Bowman Draft Chrome,Nick Raquet [Gold Refractor] #BDC182,$4.63,,,,,,,,,,,$1.00,$5.09,,,,,,2,,,,,2017-06-01
8135491,Baseball Cards 2017 Bowman Draft Chrome,Nick Raquet [Green Refractor] #BDC182,,,,,,,,,,,,,,,,,,,0,,,,,2017-06-01
8135493,Baseball Cards 2017 Bowman Draft Chrome,Nick Raquet [Orange Refractor] #BDC182,$10.00,,,,,,,,,,,$2.80,$10.99,,,,,,1,,,,,2017-06-01
8135489,Baseball Cards 2017 Bowman Draft Chrome,Nick Raquet [Purple Refractor] #BDC182,$1.60,,$6.02,$11.32,$21.85,$31.57,$41.00,$19.00,$19.00,,,,$1.79,,,$1.30,$6.59,,38,,,,,2017-06-01
1404671,Baseball Cards 2017 Bowman Draft Chrome,Nick Raquet [Red Refractor] #BDC182,$2.25,,$6.75,$12.24,$23.16,$32.68,$42.00,$20.00,$20.00,,,,$2.49,,,$1.50,$7.39,,6,,,,,2017-06-01
8135488,Baseball Cards 2017 Bowman Draft Chrome,Nick Raquet [Sky Blue Refractor] #BDC182,$1.69,,$6.31,$11.69,$22.37,$32.02,$42.00,$19.00,$19.00,,,,$1.89,,,$1.40,$6.89,,64,,,,,2017-06-01
8135495,Baseball Cards 2017 Bowman Draft Chrome,Nick Raquet [SuperFractor] #BDC182,,,,,,,,,,,,,,,,,,,0,,,,,2017-06-01
8133801,Baseball Cards 2017 Bowman Draft Chrome,Nick Solak #BDC10,$0.25,,,,,,,,,,,,$0.99,,,,,,0,,,,,2017-06-01
1403819,Baseball Cards 2017 Bowman Draft Chrome,Nick Solak [70th Refractor] #BDC10,$0.25,,,,,,,,,,,,$0.99,,,,,,0,,,,,2017-06-01
8133805,Baseball Cards 2017 Bowman Draft Chrome,Nick Solak [Blue Refractor] #BDC10,$0.25,,,,,,,,,,,,$0.99,,,,,,0,,,,,2017-06-01
1403820,Baseball Cards 2017 Bowman Draft Chrome,Nick Solak [Gold Refractor] #BDC10,$3.98,,,,,,,,,,,$0.90,$4.39,,,,,,0,,,,,2017-06-01
1403821,Baseball Cards 2017 Bowman Draft Chrome,Nick Solak [Green Refractor] #BDC10,$0.25,,,,,,,,,,,,$0.99,,,,,,0,,,,,2017-06-01
8133808,Baseball Cards 2017 Bowman Draft Chrome,Nick Solak [Orange Refractor] #BDC10,,,,,,,,,,,,,,,,,,,0,,,,,2017-06-01
8133804,Baseball Cards 2017 Bowman Draft Chrome,Nick Solak [Purple Refractor] #BDC10,$2.84,,,,,,,,,,,,$3.09,,,,,,0,,,,,2017-06-01
8133809,Baseball Cards 2017 Bowman Draft Chrome,Nick Solak [Red Refractor] #BDC10,,,,,,,,,,,,,,,,,,,0,,,,,2017-06-01
1403822,Baseball Cards 2017 Bowman Draft Chrome,Nick Solak [Refractor] #BDC10,$1.21,,,,,,,,,,,,$1.29,,,,,,4,,,,,2017-06-01
8133803,Baseball Cards 2017 Bowman Draft Chrome,Nick Solak [Sky Blue Refractor] #BDC10,$0.25,,,,,,,,,,,,$0.99,,,,,,0,,,,,2017-06-01
8133815,Baseball Cards 2017 Bowman Draft Chrome,Nick Solak [SuperFractor] #BDC10,,,,,,,,,,,,,,,,,,,0,,,,,2017-06-01
8134947,Baseball Cards 2017 Bowman Draft Chrome,Noah Bremer #BDC127,$1.50,,,,,,,,,,,,$1.69,,,,,,1,,,,,2017-06-01
8134948,Baseball Cards 2017 Bowman Draft Chrome,Noah Bremer [70th Refractor] #BDC127,,,,,,,,,,,,,,,,,,,0,,,,,2017-06-01
8134951,Baseball Cards 2017 Bowman Draft Chrome,Noah Bremer [Blue Refractor] #BDC127,$4.95,,,,,,,,,,,$1.10,$5.49,,,,,,1,,,,,2017-06-01
1404388,Baseball Cards 2017 Bowman Draft Chrome,Noah Bremer [Gold Refractor] #BDC127,$1.86,,,,,,,,,,,,$2.09,,,,,,1,,,,,2017-06-01
8134952,Baseball Cards 2017 Bowman Draft Chrome,Noah Bremer [Green Refractor] #BDC127,,,,,,,,,,,,,,,,,,,0,,,,,2017-06-01
8134954,Baseball Cards 2017 Bowman Draft Chrome,Noah Bremer [Orange Refractor] #BDC127,,,,,,,,,,,,,,,,,,,0,,,,,2017-06-01
8134950,Baseball Cards 2017 Bowman Draft Chrome,Noah Bremer [Purple Refractor] #BDC127,$1.87,,$6.45,$11.87,$22.63,$32.23,$42.00,$19.00,$19.00,,,,$2.09,,,$1.40,$7.09,,5,,,,,2017-06-01
8134955,Baseball Cards 2017 Bowman Draft Chrome,Noah Bremer [Red Refractor] #BDC127,,,,,,,,,,,,,,,,,,,0,,,,,2017-06-01
8134949,Baseball Cards 2017 Bowman Draft Chrome,Noah Bremer [Sky Blue Refractor] #BDC127,$0.25,,,,,,,,,,,,$0.99,,,,,,0,,,,,2017-06-01
8134956,Baseball Cards 2017 Bowman Draft Chrome,Noah Bremer [SuperFractor] #BDC127,,,,,,,,,,,,,,,,,,,0,,,,,2017-06-01
8135200,Baseball Cards 2017 Bowman Draft Chrome,Nonie Williams #BDC153,$0.25,,,,,,,,,,,,$0.99,,,,,,0,,,,,2017-06-01
8135201,Baseball Cards 2017 Bowman Draft Chrome,Nonie Williams [70th Refractor] #BDC153,$0.25,,,,,,,,,,,,$0.99,,,,,,0,,,,,2017-06-01
8135204,Baseball Cards 2017 Bowman Draft Chrome,Nonie Williams [Blue Refractor] #BDC153,$0.25,,,,,,,,,,,,$0.99,,,,,,0,,,,,2017-06-01
8135206,Baseball Cards 2017 Bowman Draft Chrome,Nonie Williams [Gold Refractor] #BDC153,$3.31,,,,,,,,,,,,$3.59,,,,,,0,,,,,2017-06-01
8135205,Baseball Cards 2017 Bowman Draft Chrome,Nonie Williams [Green Refractor] #BDC153,$0.25,,,,,,,,,,,,$0.99,,,,,,0,,,,,2017-06-01
1404521,Baseball Cards 2017 Bowman Draft Chrome,Nonie Williams [Orange Refractor] #BDC153,$2.50,,,,,,,,,,,,$2.79,,,,,,1,,,,,2017-06-01
8135203,Baseball Cards 2017 Bowman Draft Chrome,Nonie Williams [Purple Refractor] #BDC153,$0.25,,,,,,,,,,,,$0.99,,,,,,0,,,,,2017-06-01
8135208,Baseball Cards 2017 Bowman Draft Chrome,Nonie Williams [Red Refractor] #BDC153,,,,,,,,,,,,,,,,,,,0,,,,,2017-06-01
1404516,Baseball Cards 2017 Bowman Draft Chrome,Nonie Williams [Sky Blue Refractor] #BDC153,$0.25,,,,,,,,,,,,$0.99,,,,,,0,,,,,2017-06-01
8135209,Baseball Cards 2017 Bowman Draft Chrome,Nonie Williams [SuperFractor] #BDC153,,,,,,,,,,,,,,,,,,,0,,,,,2017-06-01
8135613,Baseball Cards 2017 Bowman Draft Chrome,Pavin Smith #BDC195,$1.33,,,,,,,,,,,,$1.49,,,,,,3,,,,,2017-06-01
1404726,Baseball Cards 2017 Bowman Draft Chrome,Pavin Smith [70th Refractor] #BDC195,,,,,,,,,,,,,,,,,,,0,,,,,2017-06-01
1404724,Baseball Cards 2017 Bowman Draft Chrome,Pavin Smith [Batting] #BDC195,,,,,,,,,,,,,,,,,,,0,,,,,2017-06-01
1404725,Baseball Cards 2017 Bowman Draft Chrome,Pavin Smith [Blue Refractor] #BDC195,$3.15,,,,,$40.49,$53.00,$24.00,$24.00,,,,$3.49,,,,,,4,,,,,2017-06-01
1404727,Baseball Cards 2017 Bowman Draft Chrome,Pavin Smith [Gold Refractor] #BDC195,$16.92,,,,,,,,,,,$4.80,$18.99,,,,,,0,,,,,2017-06-01
1404728,Baseball Cards 2017 Bowman Draft Chrome,Pavin Smith [Green Refractor] #BDC195,$12.50,,,,,,,,,,,$3.50,$13.99,,,,,,2,,,,,2017-06-01
1404729,Baseball Cards 2017 Bowman Draft Chrome,Pavin Smith [Orange Refractor] #BDC195,$34.74,,,,,,,,,,,$15.20,$37.99,,,,,,0,,,,,2017-06-01
1404730,Baseball Cards 2017 Bowman Draft Chrome,Pavin Smith [Purple Refractor] #BDC195,$2.99,,,,,,,,,,,,$3.29,,,,,,2,,,,,2017-06-01
8135621,Baseball Cards 2017 Bowman Draft Chrome,Pavin Smith [Red Refractor] #BDC195,,,,,,,,,,,,,,,,,,,0,,,,,2017-06-01
1404731,Baseball Cards 2017 Bowman Draft Chrome,Pavin Smith [Refractor] #BDC195,$2.64,,$7.05,$12.63,$15.00,$15.00,$20.00,$9.00,$9.00,,,,$2.89,,,$1.60,$7.79,,6,,,,,2017-06-01
1404735,Baseball Cards 2017 Bowman Draft Chrome,Pavin Smith [Sky Blue Refractor] #BDC195,$2.99,,,,,,,,,,,,$3.29,,,,,,1,,,,,2017-06-01
8135622,Baseball Cards 2017 Bowman Draft Chrome,Pavin Smith [SuperFractor] #BDC195,,,,,,,,,,,,,,,,,,,0,,,,,2017-06-01
1404191,Baseball Cards 2017 Bowman Draft Chrome,Peter Alonso #BDC83,$1.77,$2.00,$8.18,$9.00,$10.00,$19.97,$26.00,$12.00,$12.00,,,,$1.99,,$2.19,$1.80,$8.99,,19,,,,,2017-06-01
1404193,Baseball Cards 2017 Bowman Draft Chrome,Peter Alonso [70th Refractor] #BDC83,,,,,,,,,,,,,,,,,,,0,,,,,2017-06-01
1404192,Baseball Cards 2017 Bowman Draft Chrome,Peter Alonso [Blue Refractor] #BDC83,$5.68,,,$39.23,$43.00,$47.00,$61.00,$28.00,$28.00,,,$1.30,$6.29,,,,,,6,,,,,2017-06-01
1404194,Baseball Cards 2017 Bowman Draft Chrome,Peter Alonso [Gold Refractor] #BDC83,$125.00,,,$31.76,$35.00,,,,,,,$69.00,$138.00,,,,,,2,,,,,2017-06-01
1404195,Baseball Cards 2017 Bowman Draft Chrome,Peter Alonso [Green Refractor] #BDC83,$10.00,,,$14.50,$16.00,,,,,,,$2.80,$10.99,,,,,,2,,,,,2017-06-01
1404196,Baseball Cards 2017 Bowman Draft Chrome,Peter Alonso [Orange Refractor] #BDC83,$38.00,,,,,$85.01,$111.00,$51.00,$51.00,,,$16.80,$41.99,,,,,,2,,,,,2017-06-01
1404197,Baseball Cards 2017 Bowman Draft Chrome,Peter Alonso [Purple Refractor] #BDC83,$10.60,,$16.38,$18.00,$20.00,,,,,,,$3.00,$11.99,,,$4.50,$17.99,,3,,,,,2017-06-01
1404198,Baseball Cards 2017 Bowman Draft Chrome,Peter Alonso [Red Refractor] #BDC83,,,,,,,,,,,,,,,,,,,0,,,,,2017-06-01
1404199,Baseball Cards 2017 Bowman Draft Chrome,Peter Alonso [Refractor] #BDC83,$2.92,$3.25,$7.27,$15.34,$24.10,$26.85,$35.00,$16.00,$16.00,,,,$3.19,,$3.59,$1.60,$7.99,,22,,,,,2017-06-01
1404200,Baseball Cards 2017 Bowman Draft Chrome,Peter Alonso [Sky Blue Refractor] #BDC83,$7.00,,,$25.00,$28.00,$79.16,$103.00,$48.00,$48.00,,,$1.50,$7.69,,,,,,7,,,,,2017-06-01
8134520,Baseball Cards 2017 Bowman Draft Chrome,Peter Alonso [SuperFractor] #BDC83,,,,,,,,,,,,,,,,,,,0,,,,,2017-06-01
8135152,Baseball Cards 2017 Bowman Draft Chrome,Peter Solomon #BDC148,$0.17,,,,,,,,,,,,$0.99,,,,,,1,,,,,2017-06-01
1404489,Baseball Cards 2017 Bowman Draft Chrome,Peter Solomon [70th Refractor] #BDC148,$0.25,,,,,,,,,,,,$0.99,,,,,,0,,,,,2017-06-01
8135156,Baseball Cards 2017 Bowman Draft Chrome,Peter Solomon [Blue Refractor] #BDC148,$0.25,,,,,,,,,,,,$0.99,,,,,,0,,,,,2017-06-01
8135158,Baseball Cards 2017 Bowman Draft Chrome,Peter Solomon [Gold Refractor] #BDC148,,,,,,,,,,,,,,,,,,,0,,,,,2017-06-01
1404490,Baseball Cards 2017 Bowman Draft Chrome,Peter Solomon [Green Refractor] #BDC148,$1.99,,,,,,,,,,,,$2.19,,,,,,1,,,,,2017-06-01
1404491,Baseball Cards 2017 Bowman Draft Chrome,Peter Solomon [Orange Refractor] #BDC148,,,,,,,,,,,,,,,,,,,0,,,,,2017-06-01
1404492,Baseball Cards 2017 Bowman Draft Chrome,Peter Solomon [Purple Refractor] #BDC148,$1.62,,,,,,,,,,,,$1.79,,,,,,2,,,,,2017-06-01
8135160,Baseball Cards 2017 Bowman Draft Chrome,Peter Solomon [Red Refractor] #BDC148,,,,,,,,,,,,,,,,,,,0,,,,,2017-06-01
1404493,Baseball Cards 2017 Bowman Draft Chrome,Peter Solomon [Sky Blue Refractor] #BDC148,$1.89,,,,,,,,,,,,$2.09,,,,,,1,,,,,2017-06-01
8135161,Baseball Cards 2017 Bowman Draft Chrome,Peter Solomon [SuperFractor] #BDC148,,,,,,,,,,,,,,,,,,,0,,,,,2017-06-01
8134809,Baseball Cards 2017 Bowman Draft Chrome,Peyton Remy #BDC113,$0.25,,,,,,,,,,,,$0.99,,,,,,0,,,,,2017-06-01
1404314,Baseball Cards 2017 Bowman Draft Chrome,Peyton Remy [70th Refractor] #BDC113,,,,,,,,,,,,,,,,,,,0,,,,,2017-06-01
1404313,Baseball Cards 2017 Bowman Draft Chrome,Peyton Remy [Blue Refractor] #BDC113,$0.25,,,,,,,,,,,,$0.99,,,,,,0,,,,,2017-06-01
1404315,Baseball Cards 2017 Bowman Draft Chrome,Peyton Remy [Gold Refractor] #BDC113,$1.99,,,,,,,,,,,,$2.19,,,,,,1,,,,,2017-06-01
8134814,Baseball Cards 2017 Bowman Draft Chrome,Peyton Remy [Green Refractor] #BDC113,$0.25,,,,,,,,,,,,$0.99,,,,,,0,,,,,2017-06-01
8134816,Baseball Cards 2017 Bowman Draft Chrome,Peyton Remy [Orange Refractor] #BDC113,,,,,,,,,,,,,,,,,,,0,,,,,2017-06-01
1404316,Baseball Cards 2017 Bowman Draft Chrome,Peyton Remy [Purple Refractor] #BDC113,$1.65,,,,,,,,,,,,$1.79,,,,,,1,,,,,2017-06-01
8134817,Baseball Cards 2017 Bowman Draft Chrome,Peyton Remy [Red Refractor] #BDC113,,,,,,,,,,,,,,,,,,,0,,,,,2017-06-01
8134811,Baseball Cards 2017 Bowman Draft Chrome,Peyton Remy [Sky Blue Refractor] #BDC113,$1.65,,,,,,,,,,,,$1.79,,,,,,1,,,,,2017-06-01
8134818,Baseball Cards 2017 Bowman Draft Chrome,Peyton Remy [SuperFractor] #BDC113,,,,,,,,,,,,,,,,,,,0,,,,,2017-06-01
8134858,Baseball Cards 2017 Bowman Draft Chrome,Quentin Holmes #BDC118,$0.25,,,,,,,,,,,,$0.99,,,,,,0,,,,,2017-06-01
8134859,Baseball Cards 2017 Bowman Draft Chrome,Quentin Holmes [70th Refractor] #BDC118,$3.07,,,,,,,,,,,,$3.39,,,,,,0,,,,,2017-06-01
1404342,Baseball Cards 2017 Bowman Draft Chrome,Quentin Holmes [Blue Refractor] #BDC118,$2.49,,,,,,,,,,,,$2.69,,,,,,0,,,,,2017-06-01
1404343,Baseball Cards 2017 Bowman Draft Chrome,Quentin Holmes [Gold Refractor] #BDC118,$9.99,,,,,,,,,,,$2.80,$10.99,,,,,,0,,,,,2017-06-01
8134863,Baseball Cards 2017 Bowman Draft Chrome,Quentin Holmes [Green Refractor] #BDC118,$1.00,,,,,,,,,,,,$1.09,,,,,,1,,,,,2017-06-01
8134865,Baseball Cards 2017 Bowman Draft Chrome,Quentin Holmes [Orange Refractor] #BDC118,,,,,,,,,,,,,,,,,,,0,,,,,2017-06-01
1404344,Baseball Cards 2017 Bowman Draft Chrome,Quentin Holmes [Purple Refractor] #BDC118,$0.25,,,,,,,,,,,,$0.99,,,,,,0,,,,,2017-06-01
8134866,Baseball Cards 2017 Bowman Draft Chrome,Quentin Holmes [Red Refractor] #BDC118,,,,,,,,,,,,,,,,,,,0,,,,,2017-06-01
1404345,Baseball Cards 2017 Bowman Draft Chrome,Quentin Holmes [Refractor] #BDC118,$1.42,,,,,,,,,,,,$1.59,,,,,,2,,,,,2017-06-01
1404346,Baseball Cards 2017 Bowman Draft Chrome,Quentin Holmes [Sky Blue Refractor] #BDC118,$2.00,,,,,,,,,,,,$2.19,,,,,,1,,,,,2017-06-01
8134867,Baseball Cards 2017 Bowman Draft Chrome,Quentin Holmes [SuperFractor] #BDC118,,,,,,,,,,,,,,,,,,,0,,,,,2017-06-01
8133935,Baseball Cards 2017 Bowman Draft Chrome,Quinn Brodey #BDC24,$0.25,,,,,,,,,,,,$0.99,,,,,,0,,,,,2017-06-01
8133936,Baseball Cards 2017 Bowman Draft Chrome,Quinn Brodey [70th Refractor] #BDC24,$0.25,,,,,,,,,,,,$0.99,,,,,,0,,,,,2017-06-01
8133939,Baseball Cards 2017 Bowman Draft Chrome,Quinn Brodey [Blue Refractor] #BDC24,$0.25,,,,,,,,,,,,$0.99,,,,,,0,,,,,2017-06-01
1403875,Baseball Cards 2017 Bowman Draft Chrome,Quinn Brodey [Gold Refractor] #BDC24,$4.85,,,,,,,,,,,$1.10,$5.29,,,,,,0,,,,,2017-06-01
1403876,Baseball Cards 2017 Bowman Draft Chrome,Quinn Brodey [Green Refractor] #BDC24,$0.25,,,,,,,,,,,,$0.99,,,,,,0,,,,,2017-06-01
1403877,Baseball Cards 2017 Bowman Draft Chrome,Quinn Brodey [Orange Refractor] #BDC24,$4.99,,,,,,,,,,,$1.10,$5.49,,,,,,0,,,,,2017-06-01
1403878,Baseball Cards 2017 Bowman Draft Chrome,Quinn Brodey [Purple Refractor] #BDC24,$0.25,,,,,,,,,,,,$0.99,,,,,,0,,,,,2017-06-01
8133943,Baseball Cards 2017 Bowman Draft Chrome,Quinn Brodey [Red Refractor] #BDC24,,,,,,,,,,,,,,,,,,,0,,,,,2017-06-01
1403879,Baseball Cards 2017 Bowman Draft Chrome,Quinn Brodey [Refractor] #BDC24,$1.49,,,,,,,,,,,,$1.59,,,,,,1,,,,,2017-06-01
8133937,Baseball Cards 2017 Bowman Draft Chrome,Quinn Brodey [Sky Blue Refractor] #BDC24,$1.00,,,,,,,,,,,,$1.09,,,,,,1,,,,,2017-06-01
8133945,Baseball Cards 2017 Bowman Draft Chrome,Quinn Brodey [SuperFractor] #BDC24,$10.81,,,,,,,,,,,$3.00,$11.99,,,,,,1,,,,,2017-06-01
2262598,Baseball Cards 2017 Bowman Draft Chrome,Retail Box,,,,,,,,,,,,,,,,,,,0,,,,,2017-06-01
1404699,Baseball Cards 2017 Bowman Draft Chrome,Ricardo DE LA Torre [Purple Refractor] #BDC190,$1.26,,,,,,,,,,,,$1.39,,,,,,5,,,,,2017-06-01
8135566,Baseball Cards 2017 Bowman Draft Chrome,Ricardo De La Torre #BDC190,$0.25,,,,,,,,,,,,$0.99,,,,,,0,,,,,2017-06-01
8135567,Baseball Cards 2017 Bowman Draft Chrome,Ricardo De La Torre [70th Refractor] #BDC190,,,,,,,,,,,,,,,,,,,0,,,,,2017-06-01
8135570,Baseball Cards 2017 Bowman Draft Chrome,Ricardo De La Torre [Blue Refractor] #BDC190,$0.25,,,,,,,,,,,,$0.99,,,,,,0,,,,,2017-06-01
8135572,Baseball Cards 2017 Bowman Draft Chrome,Ricardo De La Torre [Gold Refractor] #BDC190,,,,,,,,,,,,,,,,,,,0,,,,,2017-06-01
8135571,Baseball Cards 2017 Bowman Draft Chrome,Ricardo De La Torre [Green Refractor] #BDC190,$2.55,,,,,,,,,,,,$2.79,,,,,,0,,,,,2017-06-01
8135573,Baseball Cards 2017 Bowman Draft Chrome,Ricardo De La Torre [Orange Refractor] #BDC190,,,,,,,,,,,,,,,,,,,0,,,,,2017-06-01
8135574,Baseball Cards 2017 Bowman Draft Chrome,Ricardo De La Torre [Red Refractor] #BDC190,,,,,,,,,,,,,,,,,,,0,,,,,2017-06-01
8135568,Baseball Cards 2017 Bowman Draft Chrome,Ricardo De La Torre [Sky Blue Refractor] #BDC190,$0.25,,,,,,,,,,,,$0.99,,,,,,0,,,,,2017-06-01
8135575,Baseball Cards 2017 Bowman Draft Chrome,Ricardo De La Torre [SuperFractor] #BDC190,,,,,,,,,,,,,,,,,,,0,,,,,2017-06-01
8133827,Baseball Cards 2017 Bowman Draft Chrome,Riley Adams #BDC13,$0.25,,,,,,,,,,,,$0.99,,,,,,0,,,,,2017-06-01
1403834,Baseball Cards 2017 Bowman Draft Chrome,Riley Adams [70th Refractor] #BDC13,$0.25,,,,,,,,,,,,$0.99,,,,,,0,,,,,2017-06-01
8133831,Baseball Cards 2017 Bowman Draft Chrome,Riley Adams [Blue Refractor] #BDC13,$0.25,,,,,,,,,,,,$0.99,,,,,,0,,,,,2017-06-01
8133833,Baseball Cards 2017 Bowman Draft Chrome,Riley Adams [Gold Refractor] #BDC13,$3.99,,,,,,,,,,,$0.90,$4.39,,,,,,0,,,,,2017-06-01
8133832,Baseball Cards 2017 Bowman Draft Chrome,Riley Adams [Green Refractor] #BDC13,,,,,,,,,,,,,,,,,,,0,,,,,2017-06-01
1403835,Baseball Cards 2017 Bowman Draft Chrome,Riley Adams [Orange Refractor] #BDC13,$19.99,,,,,,,,,,,$6.60,$21.99,,,,,,0,,,,,2017-06-01
1403836,Baseball Cards 2017 Bowman Draft Chrome,Riley Adams [Purple Refractor] #BDC13,$0.25,,,,,,,,,,,,$0.99,,,,,,0,,,,,2017-06-01
8133834,Baseball Cards 2017 Bowman Draft Chrome,Riley Adams [Red Refractor] #BDC13,,,,,,,,,,,,,,,,,,,0,,,,,2017-06-01
1403837,Baseball Cards 2017 Bowman Draft Chrome,Riley Adams [Refractor] #BDC13,$3.00,,,,,,,,,,,,$3.29,,,,,,3,,,,,2017-06-01
1403838,Baseball Cards 2017 Bowman Draft Chrome,Riley Adams [Sky Blue Refractor] #BDC13,$6.50,,,,,,,,,,,$1.40,$7.19,,,,,,2,,,,,2017-06-01
8133836,Baseball Cards 2017 Bowman Draft Chrome,Riley Adams [SuperFractor] #BDC13,,,,,,,,,,,,,,,,,,,0,,,,,2017-06-01
8134997,Baseball Cards 2017 Bowman Draft Chrome,Riley Mahan #BDC132,$0.25,,,,,,,,,,,,$0.99,,,,,,0,,,,,2017-06-01
8134998,Baseball Cards 2017 Bowman Draft Chrome,Riley Mahan [70th Refractor] #BDC132,$0.25,,,,,,,,,,,,$0.99,,,,,,0,,,,,2017-06-01
8135001,Baseball Cards 2017 Bowman Draft Chrome,Riley Mahan [Blue Refractor] #BDC132,$0.25,,,,,,,,,,,,$0.99,,,,,,0,,,,,2017-06-01
1404398,Baseball Cards 2017 Bowman Draft Chrome,Riley Mahan [Gold Refractor] #BDC132,$1.50,,,,,,,,,,,,$1.69,,,,,,1,,,,,2017-06-01
8135002,Baseball Cards 2017 Bowman Draft Chrome,Riley Mahan [Green Refractor] #BDC132,$0.25,,,,,,,,,,,,$0.99,,,,,,0,,,,,2017-06-01
1404401,Baseball Cards 2017 Bowman Draft Chrome,Riley Mahan [Orange Refractor] #BDC132,,,,,,,,,,,,,,,,,,,0,,,,,2017-06-01
1404399,Baseball Cards 2017 Bowman Draft Chrome,Riley Mahan [Purple Refractor] #BDC132,$1.99,,,,,,,,,,,,$2.19,,,,,,1,,,,,2017-06-01
1404400,Baseball Cards 2017 Bowman Draft Chrome,Riley Mahan [Red Refractor] #BDC132,,,,,,,,,,,,,,,,,,,0,,,,,2017-06-01
8134999,Baseball Cards 2017 Bowman Draft Chrome,Riley Mahan [Sky Blue Refractor] #BDC132,$0.25,,,,,,,,,,,,$0.99,,,,,,0,,,,,2017-06-01
8135006,Baseball Cards 2017 Bowman Draft Chrome,Riley Mahan [SuperFractor] #BDC132,,,,,,,,,,,,,,,,,,,0,,,,,2017-06-01
8134789,Baseball Cards 2017 Bowman Draft Chrome,Riley Pint #BDC111,$1.99,,,,,,,,,,,,$2.19,,,,,,1,,,,,2017-06-01
1404308,Baseball Cards 2017 Bowman Draft Chrome,Riley Pint [70th Refractor] #BDC111,$0.25,,,,,,,,,,,,$0.99,,,,,,0,,,,,2017-06-01
8134793,Baseball Cards 2017 Bowman Draft Chrome,Riley Pint [Blue Refractor] #BDC111,$1.83,,,,,,,,,,,,$1.99,,,,,,1,,,,,2017-06-01
1404309,Baseball Cards 2017 Bowman Draft Chrome,Riley Pint [Gold Refractor] #BDC111,$14.34,,,,,,,,,,,$4.00,$15.99,,,,,,0,,,,,2017-06-01
8134794,Baseball Cards 2017 Bowman Draft Chrome,Riley Pint [Green Refractor] #BDC111,$3.42,,,,,,,,,,,$0.80,$3.79,,,,,,0,,,,,2017-06-01
8134796,Baseball Cards 2017 Bowman Draft Chrome,Riley Pint [Orange Refractor] #BDC111,$3.42,,,,,,,,,,,$0.80,$3.79,,,,,,0,,,,,2017-06-01
8134792,Baseball Cards 2017 Bowman Draft Chrome,Riley Pint [Purple Refractor] #BDC111,$0.25,,,,,,,,,,,,$0.99,,,,,,0,,,,,2017-06-01
1404310,Baseball Cards 2017 Bowman Draft Chrome,Riley Pint [Red Refractor] #BDC111,$20.00,,,,,,$21.50,,,,,$6.60,$21.99,,,,,,0,,,,,2017-06-01
1404311,Baseball Cards 2017 Bowman Draft Chrome,Riley Pint [Refractor] #BDC111,$1.99,,,,,,,,,,,,$2.19,,,,,,1,,,,,2017-06-01
8134791,Baseball Cards 2017 Bowman Draft Chrome,Riley Pint [Sky Blue Refractor] #BDC111,$0.25,,,,,,,,,,,,$0.99,,,,,,0,,,,,2017-06-01
8134798,Baseball Cards 2017 Bowman Draft Chrome,Riley Pint [SuperFractor] #BDC111,,,,,,,,,,,,,,,,,,,0,,,,,2017-06-01
1403949,Baseball Cards 2017 Bowman Draft Chrome,Ronald Acuna #BDC39,$2.25,,$8.32,$16.29,$18.00,$32.37,$42.00,$10.50,$16.23,,,,$2.49,,,$1.80,$9.19,,152,,,,,2017-06-01
1403951,Baseball Cards 2017 Bowman Draft Chrome,Ronald Acuna [70th Refractor] #BDC39,,,,$94.46,$104.00,$113.00,$147.00,$68.00,$68.00,,,,,,,,,,2,,,,,2017-06-01
1403950,Baseball Cards 2017 Bowman Draft Chrome,Ronald Acuna [Blue Refractor] #BDC39,$56.00,,,,$127.49,$226.00,$299.98,$136.00,$136.00,,,$24.80,$61.99,,,,,,4,,,,,2017-06-01
1403952,Baseball Cards 2017 Bowman Draft Chrome,Ronald Acuna [Gold Refractor] #BDC39,$30.00,,,,,$825.00,$1073.00,$495.00,$495.00,,,$9.90,$32.99,,,,,,2,,,,,2017-06-01
1403953,Baseball Cards 2017 Bowman Draft Chrome,Ronald Acuna [Green Refractor] #BDC39,,,$69.99,$95.75,$294.00,$299.99,$390.00,$180.00,$127.50,,,,,,,$30.80,$76.99,,5,,,,,2017-06-01
1403954,Baseball Cards 2017 Bowman Draft Chrome,Ronald Acuna [Orange Refractor] #BDC39,,,,,,,,,,,,,,,,,,,0,,,,,2017-06-01
1403955,Baseball Cards 2017 Bowman Draft Chrome,Ronald Acuna [Purple Refractor] #BDC39,$25.00,,,$24.10,$40.00,$41.00,$53.00,$25.00,$25.00,,,$8.40,$27.99,,,,,,5,,,,,2017-06-01
1403956,Baseball Cards 2017 Bowman Draft Chrome,Ronald Acuna [Red Refractor] #BDC39,,,,,$3000.00,,,,,,,,,,,,,,1,,,,,2017-06-01
5418167,Baseball Cards 2017 Bowman Draft Chrome,Ronald Acuna [Refractor] #BDC-39,$2.25,,,,,,,,,,,,$2.49,,,,,,1,,,,,
1403957,Baseball Cards 2017 Bowman Draft Chrome,Ronald Acuna [Refractor] #BDC39,,,,,$27.88,$39.99,$52.00,$24.00,$24.00,,,,,,,,,,2,,,,,2017-06-01
1403958,Baseball Cards 2017 Bowman Draft Chrome,Ronald Acuna [Sky Blue Refractor] #BDC39,$80.00,,,$54.99,$60.00,$155.99,$203.00,$94.00,$94.00,,,$35.20,$87.99,,,,,,7,,,,,2017-06-01
8134088,Baseball Cards 2017 Bowman Draft Chrome,Ronald Acuna [SuperFractor] #BDC39,,,,,,,,,,,,,,,,,,,0,,,,,2017-06-01
1403774,Baseball Cards 2017 Bowman Draft Chrome,Royce Lewis #BDC1,$1.51,,$6.17,$7.00,$12.32,$12.79,$17.00,$5.50,$4.00,,,,$1.69,,,$1.40,$6.79,,55,,,,,2017-06-01
1403784,Baseball Cards 2017 Bowman Draft Chrome,Royce Lewis [70th Refractor] #BDC1,$18.52,,,,,$50.00,$65.00,$30.00,$30.00,,,$5.00,$19.99,,,,,,2,,,,,2017-06-01
1403775,Baseball Cards 2017 Bowman Draft Chrome,Royce Lewis [Blue Refractor] #BDC1,$10.52,,$13.98,$30.13,$59.00,$59.99,$181.50,$36.00,$36.00,,,$3.00,$11.99,,,$3.80,$14.99,,11,,,,,2017-06-01
1403777,Baseball Cards 2017 Bowman Draft Chrome,Royce Lewis [Gold Refractor] #BDC1,$164.28,,,,,$59.00,$77.00,$35.00,$35.00,,,$90.50,$181.00,,,,,,1,,,,,2017-06-01
1403778,Baseball Cards 2017 Bowman Draft Chrome,Royce Lewis [Green Refractor] #BDC1,$21.50,,,,$42.00,$74.99,$97.00,$45.00,$45.00,,,$7.20,$23.99,,,,,,3,,,,,2017-06-01
1403779,Baseball Cards 2017 Bowman Draft Chrome,Royce Lewis [Orange Refractor] #BDC1,,,,,,$300.00,$390.00,$180.00,$180.00,,,,,,,,,,1,,,,,2017-06-01
1403346,Baseball Cards 2017 Bowman Draft Chrome,Royce Lewis [Press Conference Autograph] #BDC1,,,,,,$178.38,$232.00,$107.00,$107.00,,,,,,,,,,1,,,,,2017-06-01
1403347,Baseball Cards 2017 Bowman Draft Chrome,Royce Lewis [Press Conference Facsimile] #BDC1,$18.26,,,,,$74.88,$97.00,$45.00,$45.00,,,$5.00,$19.99,,,,,,4,,,,,2017-06-01
1403345,Baseball Cards 2017 Bowman Draft Chrome,Royce Lewis [Press Conference] #BDC1,,,,,,,,,,,,,,,,,,,0,,,,,2017-06-01
1403780,Baseball Cards 2017 Bowman Draft Chrome,Royce Lewis [Purple Refractor] #BDC1,$13.50,,,$32.00,$35.00,$38.00,$49.00,$23.00,$23.00,,,$3.80,$14.99,,,,,,5,,,,,2017-06-01
1403781,Baseball Cards 2017 Bowman Draft Chrome,Royce Lewis [Red Refractor] #BDC1,,,,,,,,,,,,,,,,,,,0,,,,,2017-06-01
1403782,Baseball Cards 2017 Bowman Draft Chrome,Royce Lewis [Refractor] #BDC1,$3.21,,$6.39,$9.96,$22.00,$22.44,$29.00,$13.00,$15.00,,,,$3.49,,,$1.40,$6.99,,52,,,,,2017-06-01
1403783,Baseball Cards 2017 Bowman Draft Chrome,Royce Lewis [Sky Blue Refractor] #BDC1,$9.71,,,$30.00,$33.00,$39.99,$52.00,$24.00,$10.00,,,$2.80,$10.99,,,,,,8,,,,,2017-06-01
8133721,Baseball Cards 2017 Bowman Draft Chrome,Royce Lewis [SuperFractor] #BDC1,,,,,,,,,,,,,,,,,,,0,,,,,2017-06-01
1403968,Baseball Cards 2017 Bowman Draft Chrome,Ryan Vilade #BDC41,$1.22,,,,,$2.44,$3.00,$1.00,$1.00,,,,$1.29,,,,,,3,,,,,2017-06-01
1403970,Baseball Cards 2017 Bowman Draft Chrome,Ryan Vilade [70th Refractor] #BDC41,,,,,,,,,,,,,,,,,,,0,,,,,2017-06-01
1403969,Baseball Cards 2017 Bowman Draft Chrome,Ryan Vilade [Blue Refractor] #BDC41,$1.30,,$19.99,$22.00,$24.00,$26.00,$34.00,$16.00,$16.00,,,,$1.39,,,$6.60,$21.99,,21,,,,,2017-06-01
1403971,Baseball Cards 2017 Bowman Draft Chrome,Ryan Vilade [Gold Refractor] #BDC41,$12.04,,,,,$350.00,$455.00,$210.00,$210.00,,,$3.30,$12.99,,,,,,1,,,,,2017-06-01
1403972,Baseball Cards 2017 Bowman Draft Chrome,Ryan Vilade [Green Refractor] #BDC41,$6.99,,,,,,,,,,,$1.50,$7.69,,,,,,1,,,,,2017-06-01
1403973,Baseball Cards 2017 Bowman Draft Chrome,Ryan Vilade [Orange Refractor] #BDC41,$13.18,,,,,$22.98,$30.00,$14.00,$14.00,,,$3.80,$14.99,,,,,,1,,,,,2017-06-01
1403974,Baseball Cards 2017 Bowman Draft Chrome,Ryan Vilade [Purple Refractor] #BDC41,$2.49,,,,,,,,,,,,$2.69,,,,,,3,,,,,2017-06-01
8134107,Baseball Cards 2017 Bowman Draft Chrome,Ryan Vilade [Red Refractor] #BDC41,,,,,,,,,,,,,,,,,,,0,,,,,2017-06-01
1403975,Baseball Cards 2017 Bowman Draft Chrome,Ryan Vilade [Refractor] #BDC41,$1.63,,,,$11.99,,,,,,,,$1.79,,,,,,4,,,,,2017-06-01
1403976,Baseball Cards 2017 Bowman Draft Chrome,Ryan Vilade [Sky Blue Refractor] #BDC41,$5.99,,,,,,,,,,,$1.30,$6.59,,,,,,1,,,,,2017-06-01
8134108,Baseball Cards 2017 Bowman Draft Chrome,Ryan Vilade [SuperFractor] #BDC41,,,,,,,,,,,,,,,,,,,0,,,,,2017-06-01
8134324,Baseball Cards 2017 Bowman Draft Chrome,Ryley Widell #BDC64,$0.25,,,,,,,,,,,,$0.99,,,,,,0,,,,,2017-06-01
1404103,Baseball Cards 2017 Bowman Draft Chrome,Ryley Widell [70th Refractor] #BDC64,$0.25,,,,,,,,,,,,$0.99,,,,,,0,,,,,2017-06-01
8134328,Baseball Cards 2017 Bowman Draft Chrome,Ryley Widell [Blue Refractor] #BDC64,$0.25,,,,,,,,,,,,$0.99,,,,,,0,,,,,2017-06-01
8134330,Baseball Cards 2017 Bowman Draft Chrome,Ryley Widell [Gold Refractor] #BDC64,$4.99,,,,,,,,,,,$1.10,$5.49,,,,,,0,,,,,2017-06-01
8134329,Baseball Cards 2017 Bowman Draft Chrome,Ryley Widell [Green Refractor] #BDC64,$0.25,,,,,,,,,,,,$0.99,,,,,,0,,,,,2017-06-01
8134331,Baseball Cards 2017 Bowman Draft Chrome,Ryley Widell [Orange Refractor] #BDC64,,,,,,,,,,,,,,,,,,,0,,,,,2017-06-01
1404104,Baseball Cards 2017 Bowman Draft Chrome,Ryley Widell [Purple Refractor] #BDC64,$1.75,,,,,,,,,,,,$1.89,,,,,,2,,,,,2017-06-01
8134332,Baseball Cards 2017 Bowman Draft Chrome,Ryley Widell [Red Refractor] #BDC64,,,,,,,,,,,,,,,,,,,0,,,,,2017-06-01
8134326,Baseball Cards 2017 Bowman Draft Chrome,Ryley Widell [Sky Blue Refractor] #BDC64,$0.25,,,,,,,,,,,,$0.99,,,,,,0,,,,,2017-06-01
8134333,Baseball Cards 2017 Bowman Draft Chrome,Ryley Widell [SuperFractor] #BDC64,,,,,,,,,,,,,,,,,,,0,,,,,2017-06-01
8135506,Baseball Cards 2017 Bowman Draft Chrome,Sam Carlson #BDC184,$0.80,,,,,,,,,,,,$0.99,,,,,,2,,,,,2017-06-01
8135507,Baseball Cards 2017 Bowman Draft Chrome,Sam Carlson [70th Refractor] #BDC184,$0.25,,,,,,,,,,,,$0.99,,,,,,0,,,,,2017-06-01
8135511,Baseball Cards 2017 Bowman Draft Chrome,Sam Carlson [Blue Refractor] #BDC184,$3.28,,,,,,,,,,,,$3.59,,,,,,4,,,,,2017-06-01
1404681,Baseball Cards 2017 Bowman Draft Chrome,Sam Carlson [Gold Refractor] #BDC184,$3.00,,,,,,,,,,,,$3.29,,,,,,1,,,,,2017-06-01
1404682,Baseball Cards 2017 Bowman Draft Chrome,Sam Carlson [Green Refractor] #BDC184,$4.00,,,,,,,,,,,$0.90,$4.39,,,,,,3,,,,,2017-06-01
8135513,Baseball Cards 2017 Bowman Draft Chrome,Sam Carlson [Orange Refractor] #BDC184,,,,,,,,,,,,,,,,,,,0,,,,,2017-06-01
8135509,Baseball Cards 2017 Bowman Draft Chrome,Sam Carlson [Purple Refractor] #BDC184,$1.50,,,,,,,,,,,,$1.69,,,,,,1,,,,,2017-06-01
8135515,Baseball Cards 2017 Bowman Draft Chrome,Sam Carlson [Red Refractor] #BDC184,,,,,,,,,,,,,,,,,,,0,,,,,2017-06-01
8135508,Baseball Cards 2017 Bowman Draft Chrome,Sam Carlson [Sky Blue Refractor] #BDC184,$0.25,,,,,,,,,,,,$0.99,,,,,,0,,,,,2017-06-01
8135514,Baseball Cards 2017 Bowman Draft Chrome,Sam Carlson [SuperFractor] #BDC184,,,,,,,,,,,,,,,,,,,0,,,,,2017-06-01
8134937,Baseball Cards 2017 Bowman Draft Chrome,Scott Hurst #BDC126,$0.10,,,,,,,,,,,,$0.99,,,,,,1,,,,,2017-06-01
8134938,Baseball Cards 2017 Bowman Draft Chrome,Scott Hurst [70th Refractor] #BDC126,$0.25,,,,,,,,,,,,$0.99,,,,,,0,,,,,2017-06-01
8134942,Baseball Cards 2017 Bowman Draft Chrome,Scott Hurst [Blue Refractor] #BDC126,$0.25,,,,,,,,,,,,$0.99,,,,,,0,,,,,2017-06-01
1404386,Baseball Cards 2017 Bowman Draft Chrome,Scott Hurst [Gold Refractor] #BDC126,$0.70,,,,,,,,,,,,$0.99,,,,,,2,,,,,2017-06-01
8134941,Baseball Cards 2017 Bowman Draft Chrome,Scott Hurst [Green Refractor] #BDC126,,,,,,,,,,,,,,,,,,,0,,,,,2017-06-01
8134944,Baseball Cards 2017 Bowman Draft Chrome,Scott Hurst [Orange Refractor] #BDC126,$0.99,,,,,,,,,,,,$1.09,,,,,,1,,,,,2017-06-01
8134940,Baseball Cards 2017 Bowman Draft Chrome,Scott Hurst [Purple Refractor] #BDC126,$1.00,,,,,,,,,,,,$1.09,,,,,,1,,,,,2017-06-01
1404387,Baseball Cards 2017 Bowman Draft Chrome,Scott Hurst [Red Refractor] #BDC126,,,,,,,,,,,,,,,,,,,0,,,,,2017-06-01
8134939,Baseball Cards 2017 Bowman Draft Chrome,Scott Hurst [Sky Blue Refractor] #BDC126,$2.19,,,,,,,,,,,,$2.39,,,,,,1,,,,,2017-06-01
8134946,Baseball Cards 2017 Bowman Draft Chrome,Scott Hurst [SuperFractor] #BDC126,,,,,,,,,,,,,,,,,,,0,,,,,2017-06-01
1404317,Baseball Cards 2017 Bowman Draft Chrome,Scott Kingery #BDC114,$0.06,,,,,,,,,,,,$0.99,,,,,,2,,,,,2017-06-01
1404319,Baseball Cards 2017 Bowman Draft Chrome,Scott Kingery [70th Refractor] #BDC114,,,,,,,,,,,,,,,,,,,0,,,,,2017-06-01
1404318,Baseball Cards 2017 Bowman Draft Chrome,Scott Kingery [Blue Refractor] #BDC114,$2.15,,,,,,,,,,,,$2.39,,,,,,0,,,,,2017-06-01
8134825,Baseball Cards 2017 Bowman Draft Chrome,Scott Kingery [Gold Refractor] #BDC114,,,,,,,,,,,,,,,,,,,0,,,,,2017-06-01
1404320,Baseball Cards 2017 Bowman Draft Chrome,Scott Kingery [Green Refractor] #BDC114,$0.25,,,,,,,,,,,,$0.99,,,,,,0,,,,,2017-06-01
8134826,Baseball Cards 2017 Bowman Draft Chrome,Scott Kingery [Orange Refractor] #BDC114,,,,,,,,,,,,,,,,,,,0,,,,,2017-06-01
1404321,Baseball Cards 2017 Bowman Draft Chrome,Scott Kingery [Purple Refractor] #BDC114,$0.25,,,,,,,,,,,,$0.99,,,,,,0,,,,,2017-06-01
8134827,Baseball Cards 2017 Bowman Draft Chrome,Scott Kingery [Red Refractor] #BDC114,,,,,,,,,,,,,,,,,,,0,,,,,2017-06-01
1404322,Baseball Cards 2017 Bowman Draft Chrome,Scott Kingery [Refractor] #BDC114,$0.25,,,,,,,,,,,,$0.99,,,,,,0,,,,,2017-06-01
1404323,Baseball Cards 2017 Bowman Draft Chrome,Scott Kingery [Sky Blue Refractor] #BDC114,$0.25,,,,,,,,,,,,$0.99,,,,,,0,,,,,2017-06-01
8135704,Baseball Cards 2017 Bowman Draft Chrome,Scott Kingery [SuperFractor] #BDC114,,,,,,,,,,,,,,,,,,,0,,,,,2017-06-01
8134471,Baseball Cards 2017 Bowman Draft Chrome,Seth Corry #BDC79,$0.25,,,,,,,,,,,,$0.99,,,,,,0,,,,,2017-06-01
8134472,Baseball Cards 2017 Bowman Draft Chrome,Seth Corry [70th Refractor] #BDC79,$0.25,,,,,,,,,,,,$0.99,,,,,,0,,,,,2017-06-01
8134475,Baseball Cards 2017 Bowman Draft Chrome,Seth Corry [Blue Refractor] #BDC79,$0.25,,,,,,,,,,,,$0.99,,,,,,0,,,,,2017-06-01
8134477,Baseball Cards 2017 Bowman Draft Chrome,Seth Corry [Gold Refractor] #BDC79,,,,,,,,,,,,,,,,,,,0,,,,,2017-06-01
8134476,Baseball Cards 2017 Bowman Draft Chrome,Seth Corry [Green Refractor] #BDC79,$2.84,,,,,,,,,,,,$3.09,,,,,,0,,,,,2017-06-01
8134478,Baseball Cards 2017 Bowman Draft Chrome,Seth Corry [Orange Refractor] #BDC79,$9.99,,,,,,,,,,,$2.80,$10.99,,,,,,1,,,,,2017-06-01
1404168,Baseball Cards 2017 Bowman Draft Chrome,Seth Corry [Purple Refractor] #BDC79,$6.49,,,,,,,,,,,$1.40,$7.09,,,,,,1,,,,,2017-06-01
1404169,Baseball Cards 2017 Bowman Draft Chrome,Seth Corry [Red Refractor] #BDC79,,,,,,,,,,,,,,,,,,,0,,,,,2017-06-01
1404170,Baseball Cards 2017 Bowman Draft Chrome,Seth Corry [Sky Blue Refractor] #BDC79,$1.12,,,,,,,,,,,,$1.19,,,,,,1,,,,,2017-06-01
8134480,Baseball Cards 2017 Bowman Draft Chrome,Seth Corry [SuperFractor] #BDC79,,,,,,,,,,,,,,,,,,,0,,,,,2017-06-01
8133732,Baseball Cards 2017 Bowman Draft Chrome,Seth Elledge #BDC3,$0.25,,,,,,,,,,,,$0.99,,,,,,0,,,,,2017-06-01
8133733,Baseball Cards 2017 Bowman Draft Chrome,Seth Elledge [70th Refractor] #BDC3,$0.25,,,,,,,,,,,,$0.99,,,,,,0,,,,,2017-06-01
8133736,Baseball Cards 2017 Bowman Draft Chrome,Seth Elledge [Blue Refractor] #BDC3,$0.25,,,,,,,,,,,,$0.99,,,,,,0,,,,,2017-06-01
8133738,Baseball Cards 2017 Bowman Draft Chrome,Seth Elledge [Gold Refractor] #BDC3,,,,,,,,,,,,,,,,,,,0,,,,,2017-06-01
1403789,Baseball Cards 2017 Bowman Draft Chrome,Seth Elledge [Green Refractor] #BDC3,$3.74,,,,,,,,,,,$0.80,$4.09,,,,,,0,,,,,2017-06-01
1403790,Baseball Cards 2017 Bowman Draft Chrome,Seth Elledge [Orange Refractor] #BDC3,$2.98,,,,,,,,,,,,$3.29,,,,,,1,,,,,2017-06-01
8133735,Baseball Cards 2017 Bowman Draft Chrome,Seth Elledge [Purple Refractor] #BDC3,$0.25,,,,,,,,,,,,$0.99,,,,,,0,,,,,2017-06-01
8133740,Baseball Cards 2017 Bowman Draft Chrome,Seth Elledge [Red Refractor] #BDC3,,,,,,,,,,,,,,,,,,,0,,,,,2017-06-01
8133734,Baseball Cards 2017 Bowman Draft Chrome,Seth Elledge [Sky Blue Refractor] #BDC3,$0.25,,,,,,,,,,,,$0.99,,,,,,0,,,,,2017-06-01
8133741,Baseball Cards 2017 Bowman Draft Chrome,Seth Elledge [SuperFractor] #BDC3,,,,,,,,,,,,,,,,,,,0,,,,,2017-06-01
1403990,Baseball Cards 2017 Bowman Draft Chrome,Shane Baz #BDC44,$0.99,,$6.11,$11.43,$22.01,$25.00,$33.00,$15.00,$15.00,,,,$1.09,,,$1.30,$6.69,,16,,,,,2017-06-01
1403992,Baseball Cards 2017 Bowman Draft Chrome,Shane Baz [70th Refractor] #BDC44,,,,,,,,,,,,,,,,,,,0,,,,,2017-06-01
1403991,Baseball Cards 2017 Bowman Draft Chrome,Shane Baz [Blue Refractor] #BDC44,$2.68,,,$5.99,$7.00,,,,,,,,$2.99,,,,,,5,,,,,2017-06-01
1403993,Baseball Cards 2017 Bowman Draft Chrome,Shane Baz [Gold Refractor] #BDC44,$86.50,,,$6.50,$7.00,$8.00,$10.00,$5.00,$5.00,,,$38.00,$94.99,,,,,,2,,,,,2017-06-01
8134133,Baseball Cards 2017 Bowman Draft Chrome,Shane Baz [Green Refractor] #BDC44,$15.00,,,$5.50,$6.00,,,,,,,$4.30,$16.99,,,,,,2,,,,,2017-06-01
1403994,Baseball Cards 2017 Bowman Draft Chrome,Shane Baz [Orange Refractor] #BDC44,,,,,,,,,,,,,,,,,,,0,,,,,2017-06-01
1403995,Baseball Cards 2017 Bowman Draft Chrome,Shane Baz [Purple Refractor] #BDC44,$7.36,,,,,,,,,,,$1.60,$8.09,,,,,,3,,,,,2017-06-01
1403996,Baseball Cards 2017 Bowman Draft Chrome,Shane Baz [Red Refractor] #BDC44,$76.00,,,,,$135.00,$176.00,$81.00,$81.00,,,$33.60,$83.99,,,,,,2,,,,,2017-06-01
1403997,Baseball Cards 2017 Bowman Draft Chrome,Shane Baz [Refractor] #BDC44,$2.99,,$7.26,$8.00,$24.08,$35.25,$46.00,$21.00,$21.00,,,,$3.29,,,$1.60,$7.99,,20,,,,,2017-06-01
1403998,Baseball Cards 2017 Bowman Draft Chrome,Shane Baz [Sky Blue Refractor] #BDC44,$3.84,,$7.98,$17.99,$22.28,$24.65,$32.00,$15.00,$15.00,,,$0.80,$4.19,,,$1.80,$8.79,,14,,,,,2017-06-01
8134138,Baseball Cards 2017 Bowman Draft Chrome,Shane Baz [SuperFractor] #BDC44,,,,,,,,,,,,,,,,,,,0,,,,,2017-06-01
8133742,Baseball Cards 2017 Bowman Draft Chrome,Stuart Fairchild #BDC4,$1.58,,$6.05,$11.35,$21.90,$31.61,$41.00,$19.00,$19.00,,,,$1.69,,,$1.30,$6.69,,13,,,,,2017-06-01
1403791,Baseball Cards 2017 Bowman Draft Chrome,Stuart Fairchild [70th Refractor] #BDC4,$5.64,,,,,,,,,,,$1.20,$6.19,,,,,,1,,,,,2017-06-01
8133746,Baseball Cards 2017 Bowman Draft Chrome,Stuart Fairchild [Blue Refractor] #BDC4,$7.14,,$10.54,$17.12,$30.03,$38.50,$50.00,$23.00,$23.00,,,$1.60,$7.89,,,$3.00,$11.99,,10,,,,,2017-06-01
1403792,Baseball Cards 2017 Bowman Draft Chrome,Stuart Fairchild [Gold Refractor] #BDC4,$30.36,,$28.56,$40.29,$62.61,$66.27,$86.00,$40.00,$40.00,,,$9.90,$32.99,,,$9.30,$30.99,,6,,,,,2017-06-01
1403793,Baseball Cards 2017 Bowman Draft Chrome,Stuart Fairchild [Green Refractor] #BDC4,$6.85,,,,$30.00,,,,,,,$1.50,$7.49,,,,,,5,,,,,2017-06-01
1403794,Baseball Cards 2017 Bowman Draft Chrome,Stuart Fairchild [Orange Refractor] #BDC4,$23.36,,,,,,,,,,,$7.80,$25.99,,,,,,2,,,,,2017-06-01
1403795,Baseball Cards 2017 Bowman Draft Chrome,Stuart Fairchild [Purple Refractor] #BDC4,$1.87,,$6.45,$11.87,$22.62,$32.23,$42.00,$19.00,$19.00,,,,$2.09,,,$1.40,$7.09,,11,,,,,2017-06-01
8133750,Baseball Cards 2017 Bowman Draft Chrome,Stuart Fairchild [Red Refractor] #BDC4,,,,,,,,,,,,,,,,,,,0,,,,,2017-06-01
1403796,Baseball Cards 2017 Bowman Draft Chrome,Stuart Fairchild [Sky Blue Refractor] #BDC4,$1.49,,,,,,,,,,,,$1.59,,,,,,2,,,,,2017-06-01
8133751,Baseball Cards 2017 Bowman Draft Chrome,Stuart Fairchild [SuperFractor] #BDC4,,,,,,,,,,,,,,,,,,,0,,,,,2017-06-01
8133781,Baseball Cards 2017 Bowman Draft Chrome,T.J. Friedl #BDC8,$0.25,,,,,,,,,,,,$0.99,,,,,,0,,,,,2017-06-01
1403813,Baseball Cards 2017 Bowman Draft Chrome,T.J. Friedl [70th Refractor] #BDC8,$3.25,,,,,,,,,,,,$3.59,,,,,,3,,,,,2017-06-01
8133785,Baseball Cards 2017 Bowman Draft Chrome,T.J. Friedl [Blue Refractor] #BDC8,$2.99,,,,,,,,,,,,$3.29,,,,,,1,,,,,2017-06-01
8133787,Baseball Cards 2017 Bowman Draft Chrome,T.J. Friedl [Gold Refractor] #BDC8,,,,,,,,,,,,,,,,,,,0,,,,,2017-06-01
8133786,Baseball Cards 2017 Bowman Draft Chrome,T.J. Friedl [Green Refractor] #BDC8,,,,,,,,,,,,,,,,,,,0,,,,,2017-06-01
8133789,Baseball Cards 2017 Bowman Draft Chrome,T.J. Friedl [Orange Refractor] #BDC8,$7.58,,,,,,,,,,,$1.70,$8.29,,,,,,1,,,,,2017-06-01
8133784,Baseball Cards 2017 Bowman Draft Chrome,T.J. Friedl [Purple Refractor] #BDC8,$3.42,,,,,,,,,,,$0.80,$3.79,,,,,,0,,,,,2017-06-01
8133788,Baseball Cards 2017 Bowman Draft Chrome,T.J. Friedl [Red Refractor] #BDC8,,,,,,,,,,,,,,,,,,,0,,,,,2017-06-01
8133783,Baseball Cards 2017 Bowman Draft Chrome,T.J. Friedl [Sky Blue Refractor] #BDC8,$2.99,,,,,,,,,,,,$3.29,,,,,,0,,,,,2017-06-01
8133790,Baseball Cards 2017 Bowman Draft Chrome,T.J. Friedl [SuperFractor] #BDC8,,,,,,,,,,,,,,,,,,,0,,,,,2017-06-01
8134364,Baseball Cards 2017 Bowman Draft Chrome,T.J. Zeuch #BDC68,$0.11,,,,,,,,,,,,$0.99,,,,,,1,,,,,2017-06-01
8134365,Baseball Cards 2017 Bowman Draft Chrome,T.J. Zeuch [70th Refractor] #BDC68,$0.25,,,,,,,,,,,,$0.99,,,,,,0,,,,,2017-06-01
1404118,Baseball Cards 2017 Bowman Draft Chrome,T.J. Zeuch [Blue Refractor] #BDC68,$0.25,,,,,,,,,,,,$0.99,,,,,,0,,,,,2017-06-01
8134370,Baseball Cards 2017 Bowman Draft Chrome,T.J. Zeuch [Gold Refractor] #BDC68,$2.63,,,,,,,,,,,,$2.89,,,,,,0,,,,,2017-06-01
8134369,Baseball Cards 2017 Bowman Draft Chrome,T.J. Zeuch [Green Refractor] #BDC68,$1.99,,,,,,,,,,,,$2.19,,,,,,1,,,,,2017-06-01
8134371,Baseball Cards 2017 Bowman Draft Chrome,T.J. Zeuch [Orange Refractor] #BDC68,,,,,,,,,,,,,,,,,,,0,,,,,2017-06-01
8134367,Baseball Cards 2017 Bowman Draft Chrome,T.J. Zeuch [Purple Refractor] #BDC68,$0.25,,,,,,,,,,,,$0.99,,,,,,0,,,,,2017-06-01
8134372,Baseball Cards 2017 Bowman Draft Chrome,T.J. Zeuch [Red Refractor] #BDC68,,,,,,,,,,,,,,,,,,,0,,,,,2017-06-01
8134366,Baseball Cards 2017 Bowman Draft Chrome,T.J. Zeuch [Sky Blue Refractor] #BDC68,$0.25,,,,,,,,,,,,$0.99,,,,,,0,,,,,2017-06-01
8134373,Baseball Cards 2017 Bowman Draft Chrome,T.J. Zeuch [SuperFractor] #BDC68,,,,,,,,,,,,,,,,,,,0,,,,,2017-06-01
1404105,Baseball Cards 2017 Bowman Draft Chrome,Tanner Houck #BDC65,$1.63,,$6.26,$11.63,$21.00,$21.10,$27.00,$13.00,$13.00,,,,$1.79,,,$1.40,$6.89,,7,,,,,2017-06-01
1404763,Baseball Cards 2017 Bowman Draft Chrome,Tanner Houck #BSC65,,,,,,,,,,,,,,,,,,,0,,,,,2017-06-01
1404106,Baseball Cards 2017 Bowman Draft Chrome,Tanner Houck [70th Refractor] #BDC65,$5.49,,,,$3.25,,,,,,,$1.20,$5.99,,,,,,3,,,,,2017-06-01
8134338,Baseball Cards 2017 Bowman Draft Chrome,Tanner Houck [Blue Refractor] #BDC65,$4.99,,,,$14.25,,,,,,,$1.10,$5.49,,,,,,2,,,,,2017-06-01
1404107,Baseball Cards 2017 Bowman Draft Chrome,Tanner Houck [Gold Refractor] #BDC65,$79.59,,,,,,,,,,,$35.20,$87.99,,,,,,0,,,,,2017-06-01
8134339,Baseball Cards 2017 Bowman Draft Chrome,Tanner Houck [Green Refractor] #BDC65,,,,,,,,,,,,,,,,,,,0,,,,,2017-06-01
1404108,Baseball Cards 2017 Bowman Draft Chrome,Tanner Houck [Orange Refractor] #BDC65,$25.49,,,,,,,,,,,$8.40,$27.99,,,,,,1,,,,,2017-06-01
8134337,Baseball Cards 2017 Bowman Draft Chrome,Tanner Houck [Purple Refractor] #BDC65,$3.68,,,,,,,,,,,$0.80,$4.09,,,,,,0,,,,,2017-06-01
8134342,Baseball Cards 2017 Bowman Draft Chrome,Tanner Houck [Red Refractor] #BDC65,,,,,,,,,,,,,,,,,,,0,,,,,2017-06-01
1404109,Baseball Cards 2017 Bowman Draft Chrome,Tanner Houck [Refractor] #BDC65,$1.28,,$6.54,$11.98,$22.78,$50.00,$65.00,$30.00,$30.00,,,,$1.39,,,$1.40,$7.19,,13,,,,,2017-06-01
1404110,Baseball Cards 2017 Bowman Draft Chrome,Tanner Houck [Sky Blue Refractor] #BDC65,$2.86,,,,,,,,,,,,$3.19,,,,,,1,,,,,2017-06-01
8134343,Baseball Cards 2017 Bowman Draft Chrome,Tanner Houck [SuperFractor] #BDC65,,,,,,,,,,,,,,,,,,,0,,,,,2017-06-01
1404592,Baseball Cards 2017 Bowman Draft Chrome,Taylor Trammell #BDC166,$0.40,,,,,,,,,,,,$0.99,,,,,,1,,,,,2017-06-01
1404594,Baseball Cards 2017 Bowman Draft Chrome,Taylor Trammell [70th Refractor] #BDC166,,,,,,,,,,,,,,,,,,,0,,,,,2017-06-01
1404593,Baseball Cards 2017 Bowman Draft Chrome,Taylor Trammell [Blue Refractor] #BDC166,$0.25,,,,,,,,,,,,$0.99,,,,,,0,,,,,2017-06-01
1404595,Baseball Cards 2017 Bowman Draft Chrome,Taylor Trammell [Gold Refractor] #BDC166,$0.99,,,,,,,,,,,,$1.09,,,,,,1,,,,,2017-06-01
1404596,Baseball Cards 2017 Bowman Draft Chrome,Taylor Trammell [Green Refractor] #BDC166,$0.25,,,,,$29.99,$39.00,$18.00,$18.00,,,,$0.99,,,,,,1,,,,,2017-06-01
1404597,Baseball Cards 2017 Bowman Draft Chrome,Taylor Trammell [Orange Refractor] #BDC166,$5.14,,,,,,,,,,,$1.10,$5.69,,,,,,0,,,,,2017-06-01
1404598,Baseball Cards 2017 Bowman Draft Chrome,Taylor Trammell [Purple Refractor] #BDC166,$0.25,,,,,,,,,,,,$0.99,,,,,,0,,,,,2017-06-01
1404599,Baseball Cards 2017 Bowman Draft Chrome,Taylor Trammell [Red Refractor] #BDC166,,,,,,,,,,,,,,,,,,,0,,,,,2017-06-01
1404600,Baseball Cards 2017 Bowman Draft Chrome,Taylor Trammell [Refractor] #BDC166,$0.25,,,,,,,,,,,,$0.99,,,,,,0,,,,,2017-06-01
1404601,Baseball Cards 2017 Bowman Draft Chrome,Taylor Trammell [Sky Blue Refractor] #BDC166,$0.25,,,,,,,,,,,,$0.99,,,,,,0,,,,,2017-06-01
8135338,Baseball Cards 2017 Bowman Draft Chrome,Taylor Trammell [SuperFractor] #BDC166,,,,,,,,,,,,,,,,,,,0,,,,,2017-06-01
8134551,Baseball Cards 2017 Bowman Draft Chrome,Taylor Walls #BDC87,$1.56,,,,,,,,,,,,$1.69,,,,,,4,,,,,2017-06-01
1404217,Baseball Cards 2017 Bowman Draft Chrome,Taylor Walls [70th Refractor] #BDC87,$2.45,,,,,$22.49,$29.00,$13.00,$13.00,,,,$2.69,,,,,,2,,,,,2017-06-01
8134555,Baseball Cards 2017 Bowman Draft Chrome,Taylor Walls [Blue Refractor] #BDC87,$3.30,,$7.56,$13.29,$24.63,$33.93,$44.00,$20.00,$20.00,,,,$3.59,,,$1.70,$8.29,,5,,,,,2017-06-01
8134557,Baseball Cards 2017 Bowman Draft Chrome,Taylor Walls [Gold Refractor] #BDC87,$16.64,,,,,,,,,,,$4.50,$17.99,,,,,,1,,,,,2017-06-01
8134556,Baseball Cards 2017 Bowman Draft Chrome,Taylor Walls [Green Refractor] #BDC87,,,,,,,,,,,,,,,,,,,0,,,,,2017-06-01
1404218,Baseball Cards 2017 Bowman Draft Chrome,Taylor Walls [Orange Refractor] #BDC87,$1.87,,,,,,,,,,,,$2.09,,,,,,3,,,,,2017-06-01
8134554,Baseball Cards 2017 Bowman Draft Chrome,Taylor Walls [Purple Refractor] #BDC87,$2.99,,$6.38,$11.78,$22.50,$30.00,$39.00,$18.00,$18.00,,,,$3.29,,,$1.40,$6.99,,21,,,,,2017-06-01
1404219,Baseball Cards 2017 Bowman Draft Chrome,Taylor Walls [Red Refractor] #BDC87,,,,,,$21.59,$28.00,$13.00,$13.00,,,,,,,,,,1,,,,,2017-06-01
8134553,Baseball Cards 2017 Bowman Draft Chrome,Taylor Walls [Sky Blue Refractor] #BDC87,$0.25,,,,,,,,,,,,$0.99,,,,,,0,,,,,2017-06-01
8134559,Baseball Cards 2017 Bowman Draft Chrome,Taylor Walls [SuperFractor] #BDC87,,,,,,,,,,,,,,,,,,,0,,,,,2017-06-01
8134917,Baseball Cards 2017 Bowman Draft Chrome,Taylor Ward #BDC124,$0.53,,,,,,,,,,,,$0.99,,,,,,2,,,,,2017-06-01
8134918,Baseball Cards 2017 Bowman Draft Chrome,Taylor Ward [70th Refractor] #BDC124,$2.84,,,,,,,,,,,,$3.09,,,,,,0,,,,,2017-06-01
8134921,Baseball Cards 2017 Bowman Draft Chrome,Taylor Ward [Blue Refractor] #BDC124,$3.13,,,,,,,,,,,,$3.39,,,,,,0,,,,,2017-06-01
8134923,Baseball Cards 2017 Bowman Draft Chrome,Taylor Ward [Gold Refractor] #BDC124,,,,,,,,,,,,,,,,,,,0,,,,,2017-06-01
8134922,Baseball Cards 2017 Bowman Draft Chrome,Taylor Ward [Green Refractor] #BDC124,$4.99,,,,,,,,,,,$1.10,$5.49,,,,,,0,,,,,2017-06-01
8134924,Baseball Cards 2017 Bowman Draft Chrome,Taylor Ward [Orange Refractor] #BDC124,,,,,,,,,,,,,,,,,,,0,,,,,2017-06-01
8134920,Baseball Cards 2017 Bowman Draft Chrome,Taylor Ward [Purple Refractor] #BDC124,$2.63,,,,,,,,,,,,$2.89,,,,,,3,,,,,2017-06-01
8134925,Baseball Cards 2017 Bowman Draft Chrome,Taylor Ward [Red Refractor] #BDC124,,,,,,,,,,,,,,,,,,,0,,,,,2017-06-01
8134919,Baseball Cards 2017 Bowman Draft Chrome,Taylor Ward [Sky Blue Refractor] #BDC124,$2.13,,,,,,,,,,,,$2.29,,,,,,1,,,,,2017-06-01
8134926,Baseball Cards 2017 Bowman Draft Chrome,Taylor Ward [SuperFractor] #BDC124,,,,,,,,,,,,,,,,,,,0,,,,,2017-06-01
8134226,Baseball Cards 2017 Bowman Draft Chrome,Tommy Doyle #BDC54,$0.25,,,,,,,,,,,,$0.99,,,,,,0,,,,,2017-06-01
8134227,Baseball Cards 2017 Bowman Draft Chrome,Tommy Doyle [70th Refractor] #BDC54,$0.25,,,,,,,,,,,,$0.99,,,,,,0,,,,,2017-06-01
8134229,Baseball Cards 2017 Bowman Draft Chrome,Tommy Doyle [Blue Refractor] #BDC54,$1.88,,,,,,,,,,,,$2.09,,,,,,1,,,,,2017-06-01
8134232,Baseball Cards 2017 Bowman Draft Chrome,Tommy Doyle [Gold Refractor] #BDC54,$2.84,,,,,,,,,,,,$3.09,,,,,,0,,,,,2017-06-01
8134231,Baseball Cards 2017 Bowman Draft Chrome,Tommy Doyle [Green Refractor] #BDC54,$3.25,,,,,,,,,,,,$3.59,,,,,,0,,,,,2017-06-01
1404049,Baseball Cards 2017 Bowman Draft Chrome,Tommy Doyle [Orange Refractor] #BDC54,$2.00,,,,,,,,,,,,$2.19,,,,,,1,,,,,2017-06-01
8134230,Baseball Cards 2017 Bowman Draft Chrome,Tommy Doyle [Purple Refractor] #BDC54,$0.25,,,,,,,,,,,,$0.99,,,,,,0,,,,,2017-06-01
1404050,Baseball Cards 2017 Bowman Draft Chrome,Tommy Doyle [Red Refractor] #BDC54,,,,,,,,,,,,,,,,,,,0,,,,,2017-06-01
1404051,Baseball Cards 2017 Bowman Draft Chrome,Tommy Doyle [Sky Blue Refractor] #BDC54,$0.25,,,,,,,,,,,,$0.99,,,,,,0,,,,,2017-06-01
8134235,Baseball Cards 2017 Bowman Draft Chrome,Tommy Doyle [SuperFractor] #BDC54,,,,,,,,,,,,,,,,,,,0,,,,,2017-06-01
1404391,Baseball Cards 2017 Bowman Draft Chrome,Touki Toussaint #BDC129,$0.12,,,,,,,,,,,,$0.99,,,,,,4,,,,,2017-06-01
1404392,Baseball Cards 2017 Bowman Draft Chrome,Touki Toussaint [70th Refractor] #BDC129,$0.25,,,,,,,,,,,,$0.99,,,,,,0,,,,,2017-06-01
8134971,Baseball Cards 2017 Bowman Draft Chrome,Touki Toussaint [Blue Refractor] #BDC129,$0.99,,,,,,,,,,,,$1.09,,,,,,1,,,,,2017-06-01
8134973,Baseball Cards 2017 Bowman Draft Chrome,Touki Toussaint [Gold Refractor] #BDC129,,,,,,,,,,,,,,,,,,,0,,,,,2017-06-01
8134972,Baseball Cards 2017 Bowman Draft Chrome,Touki Toussaint [Green Refractor] #BDC129,$0.25,,,,,,,,,,,,$0.99,,,,,,0,,,,,2017-06-01
1404393,Baseball Cards 2017 Bowman Draft Chrome,Touki Toussaint [Orange Refractor] #BDC129,$23.54,,,,,,,,,,,$7.80,$25.99,,,,,,0,,,,,2017-06-01
8134970,Baseball Cards 2017 Bowman Draft Chrome,Touki Toussaint [Purple Refractor] #BDC129,$0.25,,,,,,,,,,,,$0.99,,,,,,0,,,,,2017-06-01
8134975,Baseball Cards 2017 Bowman Draft Chrome,Touki Toussaint [Red Refractor] #BDC129,,,,,,,,,,,,,,,,,,,0,,,,,2017-06-01
1404394,Baseball Cards 2017 Bowman Draft Chrome,Touki Toussaint [Refractor] #BDC129,$0.25,,,,,,,,,,,,$0.99,,,,,,0,,,,,2017-06-01
8134969,Baseball Cards 2017 Bowman Draft Chrome,Touki Toussaint [Sky Blue Refractor] #BDC129,$0.25,,,,,,,,,,,,$0.99,,,,,,0,,,,,2017-06-01
8134976,Baseball Cards 2017 Bowman Draft Chrome,Touki Toussaint [SuperFractor] #BDC129,,,,,,,,,,,,,,,,,,,0,,,,,2017-06-01
1404031,Baseball Cards 2017 Bowman Draft Chrome,Trevor Clifton #BDC51,$1.75,,,,,,,,,,,,$1.89,,,,,,1,,,,,2017-06-01
8134196,Baseball Cards 2017 Bowman Draft Chrome,Trevor Clifton [70th Refractor] #BDC51,$0.25,,,,,,,,,,,,$0.99,,,,,,0,,,,,2017-06-01
8134200,Baseball Cards 2017 Bowman Draft Chrome,Trevor Clifton [Blue Refractor] #BDC51,$0.25,,,,,,,,,,,,$0.99,,,,,,0,,,,,2017-06-01
1405922,Baseball Cards 2017 Bowman Draft Chrome,Trevor Clifton [Gold Refractor] #BDC51,$1.99,,,,,,,,,,,,$2.19,,,,,,1,,,,,2017-06-01
8134201,Baseball Cards 2017 Bowman Draft Chrome,Trevor Clifton [Green Refractor] #BDC51,$2.73,,,,,,,,,,,,$2.99,,,,,,0,,,,,2017-06-01
8134203,Baseball Cards 2017 Bowman Draft Chrome,Trevor Clifton [Orange Refractor] #BDC51,,,,,,,,,,,,,,,,,,,0,,,,,2017-06-01
8134199,Baseball Cards 2017 Bowman Draft Chrome,Trevor Clifton [Purple Refractor] #BDC51,$1.99,,,,,,,,,,,,$2.19,,,,,,1,,,,,2017-06-01
8134204,Baseball Cards 2017 Bowman Draft Chrome,Trevor Clifton [Red Refractor] #BDC51,$29.57,,,,,,,,,,,$9.90,$32.99,,,,,,1,,,,,2017-06-01
1404030,Baseball Cards 2017 Bowman Draft Chrome,Trevor Clifton [Sky Blue Refractor] #BDC51,$0.25,,,,,,,,,,,,$0.99,,,,,,0,,,,,2017-06-01
8134205,Baseball Cards 2017 Bowman Draft Chrome,Trevor Clifton [SuperFractor] #BDC51,,,,,,,,,,,,,,,,,,,0,,,,,2017-06-01
8134215,Baseball Cards 2017 Bowman Draft Chrome,Trevor Rogers #BDC53,$1.92,,$6.50,$11.93,$22.71,$62.32,$81.00,$37.00,$37.00,,,,$2.09,,,$1.40,$7.19,,31,,,,,2017-06-01
1404042,Baseball Cards 2017 Bowman Draft Chrome,Trevor Rogers [70th Refractor] #BDC53,,,,,,,,,,,,,,,,,,,0,,,,,2017-06-01
1404041,Baseball Cards 2017 Bowman Draft Chrome,Trevor Rogers [Blue Refractor] #BDC53,$3.73,,,,$20.00,$39.99,$52.00,$24.00,$24.00,,,$0.80,$4.09,,,,,,8,,,,,2017-06-01
1404043,Baseball Cards 2017 Bowman Draft Chrome,Trevor Rogers [Gold Refractor] #BDC53,$49.99,,,,,,,,,,,$22.00,$54.99,,,,,,1,,,,,2017-06-01
1404044,Baseball Cards 2017 Bowman Draft Chrome,Trevor Rogers [Green Refractor] #BDC53,$19.99,,,,,,,,,,,$6.60,$21.99,,,,,,5,,,,,2017-06-01
1404045,Baseball Cards 2017 Bowman Draft Chrome,Trevor Rogers [Orange Refractor] #BDC53,$54.52,,,,,$24.49,$32.00,$15.00,$15.00,,,$24.00,$59.99,,,,,,4,,,,,2017-06-01
1404046,Baseball Cards 2017 Bowman Draft Chrome,Trevor Rogers [Purple Refractor] #BDC53,$8.00,,$11.21,$17.98,$31.23,$39.55,$51.00,$24.00,$24.00,,,$1.80,$8.79,,,$3.00,$11.99,,7,,,,,2017-06-01
8134224,Baseball Cards 2017 Bowman Draft Chrome,Trevor Rogers [Red Refractor] #BDC53,,,,,,$287.19,$373.00,$172.00,$172.00,,,,,,,,,,1,,,,,2017-06-01
1404047,Baseball Cards 2017 Bowman Draft Chrome,Trevor Rogers [Refractor] #BDC53,$1.87,,$6.44,$11.85,$22.60,$32.21,$42.00,$19.00,$19.00,,,,$2.09,,,$1.40,$7.09,,37,,,,,2017-06-01
1404048,Baseball Cards 2017 Bowman Draft Chrome,Trevor Rogers [Sky Blue Refractor] #BDC53,$6.54,,$10.12,$16.59,$29.26,$37.89,$49.00,$23.00,$23.00,,,$1.40,$7.19,,,$2.80,$10.99,,6,,,,,2017-06-01
8134225,Baseball Cards 2017 Bowman Draft Chrome,Trevor Rogers [SuperFractor] #BDC53,,,,,,,,,,,,,,,,,,,0,,,,,2017-06-01
8135339,Baseball Cards 2017 Bowman Draft Chrome,Trevor Stephan #BDC167,$0.11,,,,,,,,,,,,$0.99,,,,,,1,,,,,2017-06-01
8135340,Baseball Cards 2017 Bowman Draft Chrome,Trevor Stephan [70th Refractor] #BDC167,,,,,,,,,,,,,,,,,,,0,,,,,2017-06-01
1404602,Baseball Cards 2017 Bowman Draft Chrome,Trevor Stephan [Blue Refractor] #BDC167,$1.18,,,,,,,,,,,,$1.29,,,,,,1,,,,,2017-06-01
1404603,Baseball Cards 2017 Bowman Draft Chrome,Trevor Stephan [Gold Refractor] #BDC167,$7.73,,,,,$0.99,$1.00,$1.00,$1.00,,,$1.70,$8.49,,,,,,2,,,,,2017-06-01
8135343,Baseball Cards 2017 Bowman Draft Chrome,Trevor Stephan [Green Refractor] #BDC167,$0.25,,,,,,,,,,,,$0.99,,,,,,0,,,,,2017-06-01
1404604,Baseball Cards 2017 Bowman Draft Chrome,Trevor Stephan [Orange Refractor] #BDC167,$1.65,,,,,,,,,,,,$1.79,,,,,,3,,,,,2017-06-01
8135344,Baseball Cards 2017 Bowman Draft Chrome,Trevor Stephan [Purple Refractor] #BDC167,$1.37,,$6.06,$11.37,$21.92,$31.63,$41.00,$19.00,$19.00,,,,$1.49,,,$1.30,$6.69,,5,,,,,2017-06-01
8135347,Baseball Cards 2017 Bowman Draft Chrome,Trevor Stephan [Red Refractor] #BDC167,,,,,,,,,,,,,,,,,,,0,,,,,2017-06-01
8135341,Baseball Cards 2017 Bowman Draft Chrome,Trevor Stephan [Sky Blue Refractor] #BDC167,$1.69,,,,,,,,,,,,$1.89,,,,,,1,,,,,2017-06-01
8135348,Baseball Cards 2017 Bowman Draft Chrome,Trevor Stephan [SuperFractor] #BDC167,,,,,,,,,,,,,,,,,,,0,,,,,2017-06-01
1404581,Baseball Cards 2017 Bowman Draft Chrome,Tristen Lutz #BDC164,$0.13,,,,,$10.00,$13.00,$6.00,$6.00,,,,$0.99,,,,,,31,,,,,2017-06-01
1404583,Baseball Cards 2017 Bowman Draft Chrome,Tristen Lutz [70th Refractor] #BDC164,,,,,,,,,,,,,,,,,,,0,,,,,2017-06-01
1404582,Baseball Cards 2017 Bowman Draft Chrome,Tristen Lutz [Blue Refractor] #BDC164,$2.00,,,,,,,,,,,,$2.19,,,,,,1,,,,,2017-06-01
1404584,Baseball Cards 2017 Bowman Draft Chrome,Tristen Lutz [Gold Refractor] #BDC164,,,,,,,,,,,,,,,,,,,0,,,,,2017-06-01
1404585,Baseball Cards 2017 Bowman Draft Chrome,Tristen Lutz [Green Refractor] #BDC164,$2.00,,,,,,,,,,,,$2.19,,,,,,2,,,,,2017-06-01
1404586,Baseball Cards 2017 Bowman Draft Chrome,Tristen Lutz [Orange Refractor] #BDC164,$7.99,,,,,,,,,,,$1.80,$8.79,,,,,,0,,,,,2017-06-01
1404587,Baseball Cards 2017 Bowman Draft Chrome,Tristen Lutz [Purple Refractor] #BDC164,$3.42,,,,,,,,,,,$0.80,$3.79,,,,,,0,,,,,2017-06-01
8135317,Baseball Cards 2017 Bowman Draft Chrome,Tristen Lutz [Red Refractor] #BDC164,,,,,,,,,,,,,,,,,,,0,,,,,2017-06-01
6160977,Baseball Cards 2017 Bowman Draft Chrome,Tristen Lutz [Refractor] #BDC-164,,,,,,,,,,,,,,,,,,,0,,,,,
1404588,Baseball Cards 2017 Bowman Draft Chrome,Tristen Lutz [Refractor] #BDC164,,,,,,,,,,,,,,,,,,,0,,,,,2017-06-01
1404589,Baseball Cards 2017 Bowman Draft Chrome,Tristen Lutz [Sky Blue Refractor] #BDC164,$2.49,,,,,,,,,,,,$2.69,,,,,,1,,,,,2017-06-01
8135318,Baseball Cards 2017 Bowman Draft Chrome,Tristen Lutz [SuperFractor] #BDC164,,,,,,,,,,,,,,,,,,,0,,,,,2017-06-01
1404380,Baseball Cards 2017 Bowman Draft Chrome,Triston McKenzie #BDC125,$2.25,,,,,,,,,,,,$2.49,,,,,,1,,,,,2017-06-01
1404381,Baseball Cards 2017 Bowman Draft Chrome,Triston McKenzie [70th Refractor] #BDC125,$7.60,,,,,,,,,,,$1.70,$8.39,,,,,,0,,,,,2017-06-01
8134931,Baseball Cards 2017 Bowman Draft Chrome,Triston McKenzie [Blue Refractor] #BDC125,$2.63,,,,,,,,,,,,$2.89,,,,,,0,,,,,2017-06-01
8134933,Baseball Cards 2017 Bowman Draft Chrome,Triston McKenzie [Gold Refractor] #BDC125,,,,,,,,,,,,,,,,,,,0,,,,,2017-06-01
1404382,Baseball Cards 2017 Bowman Draft Chrome,Triston McKenzie [Green Refractor] #BDC125,$3.99,,,,,$9.96,$13.00,$6.00,$6.00,,,$0.90,$4.39,,,,,,3,,,,,2017-06-01
8134934,Baseball Cards 2017 Bowman Draft Chrome,Triston McKenzie [Orange Refractor] #BDC125,,,,,,,,,,,,,,,,,,,0,,,,,2017-06-01
1404383,Baseball Cards 2017 Bowman Draft Chrome,Triston McKenzie [Purple Refractor] #BDC125,$2.43,,,,,,,,,,,,$2.69,,,,,,0,,,,,2017-06-01
8134935,Baseball Cards 2017 Bowman Draft Chrome,Triston McKenzie [Red Refractor] #BDC125,,,,,,,,,,,,,,,,,,,0,,,,,2017-06-01
1404384,Baseball Cards 2017 Bowman Draft Chrome,Triston McKenzie [Refractor] #BDC125,$1.92,,,,,,,,,,,,$2.09,,,,,,1,,,,,2017-06-01
1404385,Baseball Cards 2017 Bowman Draft Chrome,Triston McKenzie [Sky Blue Refractor] #BDC125,$0.25,,,,,,,,,,,,$0.99,,,,,,0,,,,,2017-06-01
8134936,Baseball Cards 2017 Bowman Draft Chrome,Triston McKenzie [SuperFractor] #BDC125,,,,,,,,,,,,,,,,,,,0,,,,,2017-06-01
8134609,Baseball Cards 2017 Bowman Draft Chrome,Troy Bacon #BDC93,$0.25,,,,,,,,,,,,$0.99,,,,,,0,,,,,2017-06-01
8134610,Baseball Cards 2017 Bowman Draft Chrome,Troy Bacon [70th Refractor] #BDC93,$0.25,,,,,,,,,,,,$0.99,,,,,,0,,,,,2017-06-01
8134613,Baseball Cards 2017 Bowman Draft Chrome,Troy Bacon [Blue Refractor] #BDC93,$0.25,,,,,,,,,,,,$0.99,,,,,,0,,,,,2017-06-01
1404250,Baseball Cards 2017 Bowman Draft Chrome,Troy Bacon [Gold Refractor] #BDC93,$1.53,,,,,,,,,,,,$1.69,,,,,,1,,,,,2017-06-01
8134614,Baseball Cards 2017 Bowman Draft Chrome,Troy Bacon [Green Refractor] #BDC93,$3.35,,,,,,,,,,,,$3.69,,,,,,0,,,,,2017-06-01
8134616,Baseball Cards 2017 Bowman Draft Chrome,Troy Bacon [Orange Refractor] #BDC93,,,,,,,,,,,,,,,,,,,0,,,,,2017-06-01
8134612,Baseball Cards 2017 Bowman Draft Chrome,Troy Bacon [Purple Refractor] #BDC93,$0.25,,,,,,,,,,,,$0.99,,,,,,0,,,,,2017-06-01
8134617,Baseball Cards 2017 Bowman Draft Chrome,Troy Bacon [Red Refractor] #BDC93,,,,,,,,,,,,,,,,,,,0,,,,,2017-06-01
8134611,Baseball Cards 2017 Bowman Draft Chrome,Troy Bacon [Sky Blue Refractor] #BDC93,$0.25,,,,,,,,,,,,$0.99,,,,,,0,,,,,2017-06-01
8134618,Baseball Cards 2017 Bowman Draft Chrome,Troy Bacon [SuperFractor] #BDC93,,,,,,,,,,,,,,,,,,,0,,,,,2017-06-01
1403977,Baseball Cards 2017 Bowman Draft Chrome,Tyler Freeman #BDC42,$1.39,,,,,$10.50,$14.00,$6.00,$6.00,,,,$1.49,,,,,,4,,,,,2017-06-01
1403979,Baseball Cards 2017 Bowman Draft Chrome,Tyler Freeman [70th Refractor] #BDC42,,,,,,,,,,,,,,,,,,,0,,,,,2017-06-01
1403978,Baseball Cards 2017 Bowman Draft Chrome,Tyler Freeman [Blue Refractor] #BDC42,$2.99,,,,,,,,,,,,$3.29,,,,,,3,,,,,2017-06-01
1403980,Baseball Cards 2017 Bowman Draft Chrome,Tyler Freeman [Gold Refractor] #BDC42,$16.92,,,,,,,$25.00,,,,$4.80,$18.99,,,,,,0,,,,,2017-06-01
1403981,Baseball Cards 2017 Bowman Draft Chrome,Tyler Freeman [Green Refractor] #BDC42,$1.99,,,,,,,,,,,,$2.19,,,,,,1,,,,,2017-06-01
1403982,Baseball Cards 2017 Bowman Draft Chrome,Tyler Freeman [Orange Refractor] #BDC42,,,,,,,,,,,,,,,,,,,0,,,,,2017-06-01
1403983,Baseball Cards 2017 Bowman Draft Chrome,Tyler Freeman [Purple Refractor] #BDC42,$3.30,,,,,,,,,,,,$3.59,,,,,,1,,,,,2017-06-01
1403984,Baseball Cards 2017 Bowman Draft Chrome,Tyler Freeman [Red Refractor] #BDC42,$246.49,,,,,,,,,,,$135.50,$271.00,,,,,,0,,,,,2017-06-01
1403985,Baseball Cards 2017 Bowman Draft Chrome,Tyler Freeman [Refractor] #BDC42,$1.99,,,$5.50,$6.00,$14.50,$19.00,$9.00,$9.00,,,,$2.19,,,,,,5,,,,,2017-06-01
1403986,Baseball Cards 2017 Bowman Draft Chrome,Tyler Freeman [Sky Blue Refractor] #BDC42,$1.89,,,,,,,,,,,,$2.09,,,,,,1,,,,,2017-06-01
8134118,Baseball Cards 2017 Bowman Draft Chrome,Tyler Freeman [SuperFractor] #BDC42,,,,,,,,,,,,,,,,,,,0,,,,,2017-06-01
8134739,Baseball Cards 2017 Bowman Draft Chrome,Tyler Ivey #BDC106,$0.25,,,,,,,,,,,,$0.99,,,,,,0,,,,,2017-06-01
8134740,Baseball Cards 2017 Bowman Draft Chrome,Tyler Ivey [70th Refractor] #BDC106,$1.79,,,,,,,,,,,,$1.99,,,,,,1,,,,,2017-06-01
1404293,Baseball Cards 2017 Bowman Draft Chrome,Tyler Ivey [Blue Refractor] #BDC106,$0.25,,,,,,,,,,,,$0.99,,,,,,0,,,,,2017-06-01
8134745,Baseball Cards 2017 Bowman Draft Chrome,Tyler Ivey [Gold Refractor] #BDC106,,,,,,,,,,,,,,,,,,,0,,,,,2017-06-01
8134744,Baseball Cards 2017 Bowman Draft Chrome,Tyler Ivey [Green Refractor] #BDC106,$2.54,,,,,,,,,,,,$2.79,,,,,,0,,,,,2017-06-01
8134746,Baseball Cards 2017 Bowman Draft Chrome,Tyler Ivey [Orange Refractor] #BDC106,,,,,,,,,,,,,,,,,,,0,,,,,2017-06-01
8134742,Baseball Cards 2017 Bowman Draft Chrome,Tyler Ivey [Purple Refractor] #BDC106,$1.50,,$6.16,$11.50,$22.11,$31.79,$41.00,$19.00,$19.00,,,,$1.69,,,$1.40,$6.79,,8,,,,,2017-06-01
8134747,Baseball Cards 2017 Bowman Draft Chrome,Tyler Ivey [Red Refractor] #BDC106,,,,,,,,,,,,,,,,,,,0,,,,,2017-06-01
8134741,Baseball Cards 2017 Bowman Draft Chrome,Tyler Ivey [Sky Blue Refractor] #BDC106,$2.04,,,,,,,,,,,,$2.19,,,,,,0,,,,,2017-06-01
8134748,Baseball Cards 2017 Bowman Draft Chrome,Tyler Ivey [SuperFractor] #BDC106,,,,,,,,,,,,,,,,,,,0,,,,,2017-06-01
8135172,Baseball Cards 2017 Bowman Draft Chrome,Vladimir Guerrero #BDC150,$1.12,,,,,,,,,,,,$1.19,,,,,,1,,,,,2017-06-01
1404503,Baseball Cards 2017 Bowman Draft Chrome,Vladimir Guerrero Jr. #BDC150,$1.78,,$10.00,$10.08,$24.41,$31.03,$40.00,$19.00,$17.50,,,,$1.99,,,$2.80,$10.99,,66,,,,,2017-06-01
1404496,Baseball Cards 2017 Bowman Draft Chrome,Vladimir Guerrero Jr. [70th Refractor] #BDC150,,,,,,,,,,,,,,,,,,,0,,,,,2017-06-01
1404494,Baseball Cards 2017 Bowman Draft Chrome,Vladimir Guerrero Jr. [Batting] #BDC150,$6.42,,$16.23,$21.76,$42.00,$42.97,$2000.00,$26.00,$26.00,,,$1.40,$7.09,,,$4.50,$17.99,,14,,,,,2017-06-01
1404495,Baseball Cards 2017 Bowman Draft Chrome,Vladimir Guerrero Jr. [Blue Refractor] #BDC150,$99.00,,,,,$15.50,$20.00,$9.00,$9.00,,,$54.50,$109.00,,,,,,2,,,,,2017-06-01
1403668,Baseball Cards 2017 Bowman Draft Chrome,Vladimir Guerrero Jr. [Facsimile] #BDC150,,,,,,,,,,,,,,,,,,,0,,,,,2017-06-01
1404497,Baseball Cards 2017 Bowman Draft Chrome,Vladimir Guerrero Jr. [Gold Refractor] #BDC150,$28.08,,,,,,,,,,,$9.30,$30.99,,,,,,1,,,,,2017-06-01
1404498,Baseball Cards 2017 Bowman Draft Chrome,Vladimir Guerrero Jr. [Green Refractor] #BDC150,$50.00,,,,,,,,,,,$22.00,$54.99,,,,,,1,,,,,2017-06-01
1404499,Baseball Cards 2017 Bowman Draft Chrome,Vladimir Guerrero Jr. [Orange Refractor] #BDC150,,,,$100.00,$110.00,,,,,,,,,,,,,,1,,,,,2017-06-01
1404500,Baseball Cards 2017 Bowman Draft Chrome,Vladimir Guerrero Jr. [Purple Refractor] #BDC150,$4.25,,,,,$50.00,$65.00,$30.00,$30.00,,,$0.90,$4.69,,,,,,2,,,,,2017-06-01
1404501,Baseball Cards 2017 Bowman Draft Chrome,Vladimir Guerrero Jr. [Refractor] #BDC150,$2.84,,$7.42,$15.97,$30.00,$30.86,$40.00,$19.00,$38.06,,,,$3.09,,,$1.60,$8.19,,80,,,,,2017-06-01
1404502,Baseball Cards 2017 Bowman Draft Chrome,Vladimir Guerrero Jr. [Sky Blue Refractor] #BDC150,$11.99,,,,,$59.99,$78.00,$36.00,$36.00,,,$3.30,$12.99,,,,,,3,,,,,2017-06-01
8135173,Baseball Cards 2017 Bowman Draft Chrome,Vladimir Guerrero [70th Refractor] #BDC150,$5.50,,,,,,,,,,,$1.20,$6.09,,,,,,1,,,,,2017-06-01
8135175,Baseball Cards 2017 Bowman Draft Chrome,Vladimir Guerrero [Blue Refractor] #BDC150,$4.46,,,$25.00,$28.00,,,,,,,$1.00,$4.89,,,,,,2,,,,,2017-06-01
8135177,Baseball Cards 2017 Bowman Draft Chrome,Vladimir Guerrero [Gold Refractor] #BDC150,$90.00,,,,,,,,,,,$39.60,$98.99,,,,,,1,,,,,2017-06-01
8135712,Baseball Cards 2017 Bowman Draft Chrome,Vladimir Guerrero [Green Refractor] #BDC150,,,,,,,,,,,,,,,,,,,0,,,,,2017-06-01
8135178,Baseball Cards 2017 Bowman Draft Chrome,Vladimir Guerrero [Orange Refractor] #BDC150,,,,,,,,,,,,,,,,,,,0,,,,,2017-06-01
8135174,Baseball Cards 2017 Bowman Draft Chrome,Vladimir Guerrero [Purple Refractor] #BDC150,$4.16,,$8.23,$15.00,$25.84,$31.76,$41.00,$19.00,$19.00,,,$0.90,$4.59,,,$1.80,$9.09,,8,,,,,2017-06-01
8135713,Baseball Cards 2017 Bowman Draft Chrome,Vladimir Guerrero [Red Refractor] #BDC150,,,,,,,,,,,,,,,,,,,0,,,,,2017-06-01
8135176,Baseball Cards 2017 Bowman Draft Chrome,Vladimir Guerrero [Sky Blue Refractor] #BDC150,$8.00,,$11.21,$12.00,$31.23,$39.56,$51.00,$24.00,$41.01,,,$1.80,$8.79,,,$3.00,$11.99,,8,,,,,2017-06-01
8135179,Baseball Cards 2017 Bowman Draft Chrome,Vladimir Guerrero [SuperFractor] #BDC150,,,,,,,,,,,,,,,,,,,0,,,,,2017-06-01
8134374,Baseball Cards 2017 Bowman Draft Chrome,Vladimir Gutierrez #BDC69,$1.99,,,,,,,,,,,,$2.19,,,,,,1,,,,,2017-06-01
8134375,Baseball Cards 2017 Bowman Draft Chrome,Vladimir Gutierrez [70th Refractor] #BDC69,$0.25,,,,,,,,,,,,$0.99,,,,,,0,,,,,2017-06-01
8134378,Baseball Cards 2017 Bowman Draft Chrome,Vladimir Gutierrez [Blue Refractor] #BDC69,$3.99,,,,,,,,,,,$0.90,$4.39,,,,,,1,,,,,2017-06-01
8134380,Baseball Cards 2017 Bowman Draft Chrome,Vladimir Gutierrez [Gold Refractor] #BDC69,$3.42,,,,,,,,,,,$0.80,$3.79,,,,,,0,,,,,2017-06-01
8134379,Baseball Cards 2017 Bowman Draft Chrome,Vladimir Gutierrez [Green Refractor] #BDC69,$0.25,,,,,,,,,,,,$0.99,,,,,,0,,,,,2017-06-01
8134381,Baseball Cards 2017 Bowman Draft Chrome,Vladimir Gutierrez [Orange Refractor] #BDC69,$1.49,,,,,,,,,,,,$1.59,,,,,,1,,,,,2017-06-01
8134377,Baseball Cards 2017 Bowman Draft Chrome,Vladimir Gutierrez [Purple Refractor] #BDC69,$0.25,,,,,,,,,,,,$0.99,,,,,,0,,,,,2017-06-01
8134382,Baseball Cards 2017 Bowman Draft Chrome,Vladimir Gutierrez [Red Refractor] #BDC69,,,,,,,,,,,,,,,,,,,0,,,,,2017-06-01
8134376,Baseball Cards 2017 Bowman Draft Chrome,Vladimir Gutierrez [Sky Blue Refractor] #BDC69,$0.25,,,,,,,,,,,,$0.99,,,,,,0,,,,,2017-06-01
8134385,Baseball Cards 2017 Bowman Draft Chrome,Vladimir Gutierrez [SuperFractor] #BDC69,,,,,,,,,,,,,,,,,,,0,,,,,2017-06-01
8135319,Baseball Cards 2017 Bowman Draft Chrome,Wil Crowe #BDC165,$0.25,,,,,,,,,,,,$0.99,,,,,,0,,,,,2017-06-01
8135320,Baseball Cards 2017 Bowman Draft Chrome,Wil Crowe [70th Refractor] #BDC165,$3.99,,,,,,,,,,,$0.90,$4.39,,,,,,0,,,,,2017-06-01
8135323,Baseball Cards 2017 Bowman Draft Chrome,Wil Crowe [Blue Refractor] #BDC165,$4.27,,,,,,,,,,,$0.90,$4.69,,,,,,0,,,,,2017-06-01
1404590,Baseball Cards 2017 Bowman Draft Chrome,Wil Crowe [Gold Refractor] #BDC165,,,,,,,,,,,,,,,,,,,0,,,,,2017-06-01
1404591,Baseball Cards 2017 Bowman Draft Chrome,Wil Crowe [Green Refractor] #BDC165,$1.25,,,,,,,,,,,,$1.39,,,,,,1,,,,,2017-06-01
8135326,Baseball Cards 2017 Bowman Draft Chrome,Wil Crowe [Orange Refractor] #BDC165,,,,,,,,,,,,,,,,,,,0,,,,,2017-06-01
8135322,Baseball Cards 2017 Bowman Draft Chrome,Wil Crowe [Purple Refractor] #BDC165,$0.25,,,,,,,,,,,,$0.99,,,,,,0,,,,,2017-06-01
8135327,Baseball Cards 2017 Bowman Draft Chrome,Wil Crowe [Red Refractor] #BDC165,,,,,,,,,,,,,,,,,,,0,,,,,2017-06-01
8135321,Baseball Cards 2017 Bowman Draft Chrome,Wil Crowe [Sky Blue Refractor] #BDC165,$0.25,,,,,,,,,,,,$0.99,,,,,,0,,,,,2017-06-01
8135328,Baseball Cards 2017 Bowman Draft Chrome,Wil Crowe [SuperFractor] #BDC165,,,,,,,,,,,,,,,,,,,0,,,,,2017-06-01
1404057,Baseball Cards 2017 Bowman Draft Chrome,Will Benson #BDC56,$1.05,,,,,,,,,,,,$1.19,,,,,,3,,,,,2017-06-01
1404059,Baseball Cards 2017 Bowman Draft Chrome,Will Benson [70th Refractor] #BDC56,,,,,,,,,,,,,,,,,,,0,,,,,2017-06-01
1404058,Baseball Cards 2017 Bowman Draft Chrome,Will Benson [Blue Refractor] #BDC56,$2.38,,,,,,,,,,,,$2.59,,,,,,0,,,,,2017-06-01
1404060,Baseball Cards 2017 Bowman Draft Chrome,Will Benson [Gold Refractor] #BDC56,$1.79,,,,,,,,,,,,$1.99,,,,,,1,,,,,2017-06-01
8134251,Baseball Cards 2017 Bowman Draft Chrome,Will Benson [Green Refractor] #BDC56,,,,,,,,,,,,,,,,,,,0,,,,,2017-06-01
1404061,Baseball Cards 2017 Bowman Draft Chrome,Will Benson [Orange Refractor] #BDC56,,,,,,,,,,,,,,,,,,,0,,,,,2017-06-01
1404062,Baseball Cards 2017 Bowman Draft Chrome,Will Benson [Purple Refractor] #BDC56,$2.50,,,,,,,,,,,,$2.79,,,,,,1,,,,,2017-06-01
8134254,Baseball Cards 2017 Bowman Draft Chrome,Will Benson [Red Refractor] #BDC56,,,,,,,,,,,,,,,,,,,0,,,,,2017-06-01
1404063,Baseball Cards 2017 Bowman Draft Chrome,Will Benson [Refractor] #BDC56,$1.61,,,,,,,,,,,,$1.79,,,,,,3,,,,,2017-06-01
1404065,Baseball Cards 2017 Bowman Draft Chrome,Will Benson [Sky Blue Refractor] #BDC56,$0.25,,,,,,,,,,,,$0.99,,,,,,0,,,,,2017-06-01
8134255,Baseball Cards 2017 Bowman Draft Chrome,Will Benson [SuperFractor] #BDC56,,,,,,,,,,,,,,,,,,,0,,,,,2017-06-01
1404698,Baseball Cards 2017 Bowman Draft Chrome,Will Craig #BDC189,$0.09,,,,,,,,,,,,$0.99,,,,,,2,,,,,2017-06-01
8135557,Baseball Cards 2017 Bowman Draft Chrome,Will Craig [70th Refractor] #BDC189,$0.25,,,,,,,,,,,,$0.99,,,,,,0,,,,,2017-06-01
1404696,Baseball Cards 2017 Bowman Draft Chrome,Will Craig [Blue Refractor] #BDC189,$1.85,,,,,,,,,,,,$1.99,,,,,,1,,,,,2017-06-01
8135562,Baseball Cards 2017 Bowman Draft Chrome,Will Craig [Gold Refractor] #BDC189,,,,,,,,,,,,,,,,,,,0,,,,,2017-06-01
8135561,Baseball Cards 2017 Bowman Draft Chrome,Will Craig [Green Refractor] #BDC189,$3.99,,,,,,,,,,,$0.90,$4.39,,,,,,0,,,,,2017-06-01
8135563,Baseball Cards 2017 Bowman Draft Chrome,Will Craig [Orange Refractor] #BDC189,,,,,,,,,,,,,,,,,,,0,,,,,2017-06-01
8135559,Baseball Cards 2017 Bowman Draft Chrome,Will Craig [Purple Refractor] #BDC189,$0.25,,,,,,,,,,,,$0.99,,,,,,0,,,,,2017-06-01
8135564,Baseball Cards 2017 Bowman Draft Chrome,Will Craig [Red Refractor] #BDC189,,,,,,,,,,,,,,,,,,,0,,,,,2017-06-01
1404697,Baseball Cards 2017 Bowman Draft Chrome,Will Craig [Refractor] #BDC189,$1.99,,,,,,,,,,,,$2.19,,,,,,1,,,,,2017-06-01
8135558,Baseball Cards 2017 Bowman Draft Chrome,Will Craig [Sky Blue Refractor] #BDC189,$0.25,,,,,,,,,,,,$0.99,,,,,,0,,,,,2017-06-01
8135565,Baseball Cards 2017 Bowman Draft Chrome,Will Craig [SuperFractor] #BDC189,,,,,,,,,,,,,,,,,,,0,,,,,2017-06-01
8134719,Baseball Cards 2017 Bowman Draft Chrome,Will Gaddis #BDC104,$0.01,,,,,,,,,,,,$0.99,,,,,,1,,,,,2017-06-01
8134720,Baseball Cards 2017 Bowman Draft Chrome,Will Gaddis [70th Refractor] #BDC104,$0.25,,,,,,,,,,,,$0.99,,,,,,0,,,,,2017-06-01
8134723,Baseball Cards 2017 Bowman Draft Chrome,Will Gaddis [Blue Refractor] #BDC104,$2.23,,,,,,,,,,,,$2.49,,,,,,0,,,,,2017-06-01
8134725,Baseball Cards 2017 Bowman Draft Chrome,Will Gaddis [Gold Refractor] #BDC104,,,,,,,,,,,,,,,,,,,0,,,,,2017-06-01
8134724,Baseball Cards 2017 Bowman Draft Chrome,Will Gaddis [Green Refractor] #BDC104,$0.25,,,,,,,,,,,,$0.99,,,,,,0,,,,,2017-06-01
8134726,Baseball Cards 2017 Bowman Draft Chrome,Will Gaddis [Orange Refractor] #BDC104,,,,,,,,,,,,,,,,,,,0,,,,,2017-06-01
8134722,Baseball Cards 2017 Bowman Draft Chrome,Will Gaddis [Purple Refractor] #BDC104,$0.25,,,,,,,,,,,,$0.99,,,,,,0,,,,,2017-06-01
8134727,Baseball Cards 2017 Bowman Draft Chrome,Will Gaddis [Red Refractor] #BDC104,,,,,,,,,,,,,,,,,,,0,,,,,2017-06-01
8134721,Baseball Cards 2017 Bowman Draft Chrome,Will Gaddis [Sky Blue Refractor] #BDC104,$0.25,,,,,,,,,,,,$0.99,,,,,,0,,,,,2017-06-01
8134728,Baseball Cards 2017 Bowman Draft Chrome,Will Gaddis [SuperFractor] #BDC104,,,,,,,,,,,,,,,,,,,0,,,,,2017-06-01
1404333,Baseball Cards 2017 Bowman Draft Chrome,Will Smith #BDC116,$1.77,,$6.16,$11.49,$22.09,$31.78,$41.00,$19.00,$19.00,,,,$1.99,,,$1.40,$6.79,,38,,,,,2017-06-01
8134839,Baseball Cards 2017 Bowman Draft Chrome,Will Smith [70th Refractor] #BDC116,$7.49,,,,,,,,,,,$1.60,$8.19,,,,,,4,,,,,2017-06-01
1404334,Baseball Cards 2017 Bowman Draft Chrome,Will Smith [Blue Refractor] #BDC116,$6.85,,,$30.00,$33.00,,,,$50.00,,,$1.50,$7.49,,,,,,4,,,,,2017-06-01
1404335,Baseball Cards 2017 Bowman Draft Chrome,Will Smith [Gold Refractor] #BDC116,$37.04,,,$74.99,$82.00,,,,,,,$16.40,$40.99,,,,,,1,,,,,2017-06-01
1404336,Baseball Cards 2017 Bowman Draft Chrome,Will Smith [Green Refractor] #BDC116,$1.99,,,,,$65.86,$86.00,$40.00,$40.00,,,,$2.19,,,,,,4,,,,,2017-06-01
1404337,Baseball Cards 2017 Bowman Draft Chrome,Will Smith [Orange Refractor] #BDC116,$49.97,,,,,,,,,,,$22.00,$54.99,,,,,,2,,,,,2017-06-01
8134841,Baseball Cards 2017 Bowman Draft Chrome,Will Smith [Purple Refractor] #BDC116,$6.29,,$9.88,$16.28,$28.83,$37.51,$49.00,$23.00,$23.00,,,$1.40,$6.89,,,$2.80,$10.99,,7,,,,,2017-06-01
8134846,Baseball Cards 2017 Bowman Draft Chrome,Will Smith [Red Refractor] #BDC116,,,,,,,,,,,,,,,,,,,0,,,,,2017-06-01
1404338,Baseball Cards 2017 Bowman Draft Chrome,Will Smith [Refractor] #BDC116,$2.00,,$0.99,$8.38,$22.78,$39.99,$52.00,$24.00,$24.00,,,,$2.19,,,,$1.09,,67,,,,,2017-06-01
1404339,Baseball Cards 2017 Bowman Draft Chrome,Will Smith [Sky Blue Refractor] #BDC116,$8.82,,$11.84,$18.80,$32.37,$40.55,$53.00,$24.00,$59.99,,,$1.90,$9.69,,,$3.30,$12.99,,10,,,,,2017-06-01
8134847,Baseball Cards 2017 Bowman Draft Chrome,Will Smith [SuperFractor] #BDC116,,,,,,,,,,,,,,,,,,,0,,,,,2017-06-01
8135516,Baseball Cards 2017 Bowman Draft Chrome,Wuilmer Becerra #BDC185,$0.25,,,,,,,,,,,,$0.99,,,,,,0,,,,,2017-06-01
8135517,Baseball Cards 2017 Bowman Draft Chrome,Wuilmer Becerra [70th Refractor] #BDC185,$0.25,,,,,,,,,,,,$0.99,,,,,,0,,,,,2017-06-01
8135520,Baseball Cards 2017 Bowman Draft Chrome,Wuilmer Becerra [Blue Refractor] #BDC185,$0.25,,,,,,,,,,,,$0.99,,,,,,0,,,,,2017-06-01
8135522,Baseball Cards 2017 Bowman Draft Chrome,Wuilmer Becerra [Gold Refractor] #BDC185,$1.99,,,,,,,,,,,,$2.19,,,,,,1,,,,,2017-06-01
8135521,Baseball Cards 2017 Bowman Draft Chrome,Wuilmer Becerra [Green Refractor] #BDC185,$2.55,,,,,,,,,,,,$2.79,,,,,,0,,,,,2017-06-01
8135523,Baseball Cards 2017 Bowman Draft Chrome,Wuilmer Becerra [Orange Refractor] #BDC185,,,,,,,,,,,,,,,,,,,0,,,,,2017-06-01
8135519,Baseball Cards 2017 Bowman Draft Chrome,Wuilmer Becerra [Purple Refractor] #BDC185,$0.25,,,,,,,,,,,,$0.99,,,,,,0,,,,,2017-06-01
8135524,Baseball Cards 2017 Bowman Draft Chrome,Wuilmer Becerra [Red Refractor] #BDC185,,,,,,,,,,,,,,,,,,,0,,,,,2017-06-01
8135518,Baseball Cards 2017 Bowman Draft Chrome,Wuilmer Becerra [Sky Blue Refractor] #BDC185,$0.25,,,,,,,,,,,,$0.99,,,,,,0,,,,,2017-06-01
8135525,Baseball Cards 2017 Bowman Draft Chrome,Wuilmer Becerra [SuperFractor] #BDC185,,,,,,,,,,,,,,,,,,,0,,,,,2017-06-01
8133837,Baseball Cards 2017 Bowman Draft Chrome,Wyatt Mills #BDC14,$1.62,,,,,,,,,,,,$1.79,,,,,,3,,,,,2017-06-01
8133838,Baseball Cards 2017 Bowman Draft Chrome,Wyatt Mills [70th Refractor] #BDC14,$0.25,,,,,,,,,,,,$0.99,,,,,,0,,,,,2017-06-01
8133841,Baseball Cards 2017 Bowman Draft Chrome,Wyatt Mills [Blue Refractor] #BDC14,$0.25,,,,,,,,,,,,$0.99,,,,,,0,,,,,2017-06-01
8133843,Baseball Cards 2017 Bowman Draft Chrome,Wyatt Mills [Gold Refractor] #BDC14,$3.99,,,,,,,,,,,$0.90,$4.39,,,,,,1,,,,,2017-06-01
8133842,Baseball Cards 2017 Bowman Draft Chrome,Wyatt Mills [Green Refractor] #BDC14,$1.99,,,,,,,,,,,,$2.19,,,,,,1,,,,,2017-06-01
8133844,Baseball Cards 2017 Bowman Draft Chrome,Wyatt Mills [Orange Refractor] #BDC14,$1.04,,,,,,,,,,,,$1.09,,,,,,1,,,,,2017-06-01
8133840,Baseball Cards 2017 Bowman Draft Chrome,Wyatt Mills [Purple Refractor] #BDC14,$1.80,,$6.40,$11.80,$22.53,$32.14,$42.00,$19.00,$19.00,,,,$1.99,,,$1.40,$6.99,,7,,,,,2017-06-01
8133845,Baseball Cards 2017 Bowman Draft Chrome,Wyatt Mills [Red Refractor] #BDC14,,,,,,,,,,,,,,,,,,,0,,,,,2017-06-01
8133839,Baseball Cards 2017 Bowman Draft Chrome,Wyatt Mills [Sky Blue Refractor] #BDC14,$0.25,,,,,,,,,,,,$0.99,,,,,,0,,,,,2017-06-01
8133846,Baseball Cards 2017 Bowman Draft Chrome,Wyatt Mills [SuperFractor] #BDC14,,,,,,,,,,,,,,,,,,,0,,,,,2017-06-01
1403811,Baseball Cards 2017 Bowman Draft Chrome,YU Cheng Chang [Blue Refractor] #BDC7,$0.99,,,,,,,,,,,,$1.09,,,,,,2,,,,,2017-06-01
1403812,Baseball Cards 2017 Bowman Draft Chrome,YU Cheng Chang [Purple Refractor] #BDC7,$1.56,,,,,,,,,,,,$1.69,,,,,,2,,,,,2017-06-01
1403814,Baseball Cards 2017 Bowman Draft Chrome,YU Cheng Chang [Red Refractor] #BDC7,,,,,,,,,,,,,,,,,,,0,,,,,2017-06-01
8133771,Baseball Cards 2017 Bowman Draft Chrome,Yu-Cheng Chang #BDC7,$0.25,,,,,,,,,,,,$0.99,,,,,,0,,,,,2017-06-01
8133772,Baseball Cards 2017 Bowman Draft Chrome,Yu-Cheng Chang [70th Refractor] #BDC7,$4.28,,,,,,,,,,,$0.90,$4.69,,,,,,0,,,,,2017-06-01
8133777,Baseball Cards 2017 Bowman Draft Chrome,Yu-Cheng Chang [Gold Refractor] #BDC7,,,,,,,,,,,,,,,,,,,0,,,,,2017-06-01
8133776,Baseball Cards 2017 Bowman Draft Chrome,Yu-Cheng Chang [Green Refractor] #BDC7,,,,,,,,,,,,,,,,,,,0,,,,,2017-06-01
8133778,Baseball Cards 2017 Bowman Draft Chrome,Yu-Cheng Chang [Orange Refractor] #BDC7,,,,,,,,,,,,,,,,,,,0,,,,,2017-06-01
8133773,Baseball Cards 2017 Bowman Draft Chrome,Yu-Cheng Chang [Sky Blue Refractor] #BDC7,$2.32,,$6.82,$12.34,$23.30,$32.80,$43.00,$20.00,$20.00,,,,$2.59,,,$1.50,$7.49,,9,,,,,2017-06-01
8133780,Baseball Cards 2017 Bowman Draft Chrome,Yu-Cheng Chang [SuperFractor] #BDC7,,,,,,,,,,,,,,,,,,,0,,,,,2017-06-01
1404504,Baseball Cards 2017 Bowman Draft Chrome,Yusniel Diaz #BDC151,$0.25,,,,,,,,,,,,$0.99,,,,,,0,,,,,2017-06-01
1404506,Baseball Cards 2017 Bowman Draft Chrome,Yusniel Diaz [70th Refractor] #BDC151,,,,,,,,,,,,,,,,,,,0,,,,,2017-06-01
1404505,Baseball Cards 2017 Bowman Draft Chrome,Yusniel Diaz [Blue Refractor] #BDC151,$2.49,,,,,,,,,,,,$2.69,,,,,,1,,,,,2017-06-01
1404507,Baseball Cards 2017 Bowman Draft Chrome,Yusniel Diaz [Gold Refractor] #BDC151,$10.00,,,,,,,,,,,$2.80,$10.99,,,,,,0,,,,,2017-06-01
1404508,Baseball Cards 2017 Bowman Draft Chrome,Yusniel Diaz [Green Refractor] #BDC151,$3.01,,,,,,,,,,,,$3.29,,,,,,0,,,,,2017-06-01
1404509,Baseball Cards 2017 Bowman Draft Chrome,Yusniel Diaz [Orange Refractor] #BDC151,$3.81,,,,,,,,,,,$0.80,$4.19,,,,,,0,,,,,2017-06-01
1404510,Baseball Cards 2017 Bowman Draft Chrome,Yusniel Diaz [Purple Refractor] #BDC151,$0.25,,,,,,,,,,,,$0.99,,,,,,0,,,,,2017-06-01
1404511,Baseball Cards 2017 Bowman Draft Chrome,Yusniel Diaz [Red Refractor] #BDC151,$34.74,,,,,,,,,,,$15.20,$37.99,,,,,,0,,,,,2017-06-01
1404512,Baseball Cards 2017 Bowman Draft Chrome,Yusniel Diaz [Refractor] #BDC151,$0.78,,,,,,,,,,,,$0.99,,,,,,2,,,,,2017-06-01
1404513,Baseball Cards 2017 Bowman Draft Chrome,Yusniel Diaz [Sky Blue Refractor] #BDC151,$0.12,,,,,,,,,,,,$0.99,,,,,,1,,,,,2017-06-01
8135189,Baseball Cards 2017 Bowman Draft Chrome,Yusniel Diaz [SuperFractor] #BDC151,,,,,,,,,,,,,,,,,,,0,,,,,2017-06-01
8134619,Baseball Cards 2017 Bowman Draft Chrome,Zac Lowther #BDC94,$0.25,,,,,,,,,,,,$0.99,,,,,,0,,,,,2017-06-01
1404251,Baseball Cards 2017 Bowman Draft Chrome,Zac Lowther [70th Refractor] #BDC94,$0.25,,,,,,,,,,,,$0.99,,,,,,0,,,,,2017-06-01
8134623,Baseball Cards 2017 Bowman Draft Chrome,Zac Lowther [Blue Refractor] #BDC94,$0.25,,,,,,,,,,,,$0.99,,,,,,0,,,,,2017-06-01
8134625,Baseball Cards 2017 Bowman Draft Chrome,Zac Lowther [Gold Refractor] #BDC94,,,,,,,,,,,,,,,,,,,0,,,,,2017-06-01
8134624,Baseball Cards 2017 Bowman Draft Chrome,Zac Lowther [Green Refractor] #BDC94,$2.99,,,,,,,,,,,,$3.29,,,,,,0,,,,,2017-06-01
1404252,Baseball Cards 2017 Bowman Draft Chrome,Zac Lowther [Orange Refractor] #BDC94,,,,,,,,,,,,,,,,,,,0,,,,,2017-06-01
1404253,Baseball Cards 2017 Bowman Draft Chrome,Zac Lowther [Purple Refractor] #BDC94,$1.25,,$5.97,$11.25,$21.76,$31.49,$41.00,$19.00,$19.00,,,,$1.39,,,$1.30,$6.59,,11,,,,,2017-06-01
8134627,Baseball Cards 2017 Bowman Draft Chrome,Zac Lowther [Red Refractor] #BDC94,,,,,,,,,,,,,,,,,,,0,,,,,2017-06-01
1405926,Baseball Cards 2017 Bowman Draft Chrome,Zac Lowther [Refractor] #BDC94,$0.99,,,,,,,,,,,,$1.09,,,,,,1,,,,,2017-06-01
8134621,Baseball Cards 2017 Bowman Draft Chrome,Zac Lowther [Sky Blue Refractor] #BDC94,$0.25,,,,,,,,,,,,$0.99,,,,,,0,,,,,2017-06-01
8134628,Baseball Cards 2017 Bowman Draft Chrome,Zac Lowther [SuperFractor] #BDC94,,,,,,,,,,,,,,,,,,,0,,,,,2017-06-01
8133897,Baseball Cards 2017 Bowman Draft Chrome,Zach Kirtley #BDC20,$1.50,,,,,,,,,,,,$1.69,,,,,,1,,,,,2017-06-01
8133898,Baseball Cards 2017 Bowman Draft Chrome,Zach Kirtley [70th Refractor] #BDC20,$0.25,,,,,,,,,,,,$0.99,,,,,,0,,,,,2017-06-01
8133901,Baseball Cards 2017 Bowman Draft Chrome,Zach Kirtley [Blue Refractor] #BDC20,$0.25,,,,,,,,,,,,$0.99,,,,,,0,,,,,2017-06-01
1403866,Baseball Cards 2017 Bowman Draft Chrome,Zach Kirtley [Gold Refractor] #BDC20,$0.25,,,,,,,,,,,,$0.99,,,,,,0,,,,,2017-06-01
8133902,Baseball Cards 2017 Bowman Draft Chrome,Zach Kirtley [Green Refractor] #BDC20,$2.00,,,,,,,,,,,,$2.19,,,,,,1,,,,,2017-06-01
8133904,Baseball Cards 2017 Bowman Draft Chrome,Zach Kirtley [Orange Refractor] #BDC20,,,,,,,,,,,,,,,,,,,0,,,,,2017-06-01
8133900,Baseball Cards 2017 Bowman Draft Chrome,Zach Kirtley [Purple Refractor] #BDC20,$0.25,,,,,,,,,,,,$0.99,,,,,,0,,,,,2017-06-01
8133905,Baseball Cards 2017 Bowman Draft Chrome,Zach Kirtley [Red Refractor] #BDC20,,,,,,,,,,,,,,,,,,,0,,,,,2017-06-01
1403867,Baseball Cards 2017 Bowman Draft Chrome,Zach Kirtley [Refractor] #BDC20,$1.99,,,,,,,,,,,,$2.19,,,,,,1,,,,,2017-06-01
8133899,Baseball Cards 2017 Bowman Draft Chrome,Zach Kirtley [Sky Blue Refractor] #BDC20,$0.25,,,,,,,,,,,,$0.99,,,,,,0,,,,,2017-06-01
8133906,Baseball Cards 2017 Bowman Draft Chrome,Zach Kirtley [SuperFractor] #BDC20,,,,,,,,,,,,,,,,,,,0,,,,,2017-06-01
