id,console-name,product-name,loose-price,cib-price,new-price,graded-price,box-only-price,manual-only-price,bgs-10-price,condition-17-price,condition-18-price,gamestop-price,gamestop-trade-price,retail-loose-buy,retail-loose-sell,retail-cib-buy,retail-cib-sell,retail-new-buy,retail-new-sell,upc,sales-volume,genre,tcg-id,asin,epid,release-date
4373294,Baseball Cards 2022 Topps Cosmic Chrome,Aaron Judge #99,$14.99,,$13.96,$25.36,$59.30,$86.00,$112.00,$52.00,$13.28,,,$4.00,$15.99,,,$3.80,$14.99,,156,,,,,2022-11-16
4374496,Baseball Cards 2022 Topps Cosmic Chrome,Aaron Judge [Black Eclipse Refractor] #99,$315.00,,,$180.00,$338.00,,,,,,,$173.50,$347.00,,,,,,3,,,,,2022-11-16
4373895,Baseball Cards 2022 Topps Cosmic Chrome,Aaron Judge [Blue Moon] #99,$88.75,,,$213.42,$235.00,$353.92,$460.00,$212.00,$212.00,,,$39.20,$97.99,,,,,,10,,,,,2022-06-01
4374095,Baseball Cards 2022 Topps Cosmic Chrome,Aaron Judge [Gold Interstellar Refractor] #99,$188.38,,,$138.02,$152.00,$599.99,$780.00,$360.00,$360.00,,,$103.50,$207.00,,,,,,4,,,,,2022-11-16
4373695,Baseball Cards 2022 Topps Cosmic Chrome,Aaron Judge [Nucleus Refractor] #99,$36.78,,,$88.77,$98.00,$137.00,$178.00,$82.00,$82.00,,,$16.00,$39.99,,,,,,6,,,,,2022-11-16
4374296,Baseball Cards 2022 Topps Cosmic Chrome,Aaron Judge [Orange Galactic Refractor] #99,$125.64,,,$102.50,$127.50,$313.83,$408.00,$188.00,$188.00,,,$69.00,$138.00,,,,,,4,,,,,2022-11-16
4374695,Baseball Cards 2022 Topps Cosmic Chrome,Aaron Judge [Red Flare Refractor] #99,,,,,$405.00,,,,,,,,,,,,,,1,,,,,2022-11-16
4373494,Baseball Cards 2022 Topps Cosmic Chrome,Aaron Judge [Refractor] #99,$15.84,,$17.08,$30.11,$51.60,$96.50,$125.00,$58.00,$58.00,,,$4.30,$16.99,,,$4.80,$18.99,,12,,,,,2022-11-16
11411006,Baseball Cards 2022 Topps Cosmic Chrome,Aaron Judge [Superfractor] #99,,,,,,,,,,,,,,,,,,,0,,,,,2022-11-16
4373371,Baseball Cards 2022 Topps Cosmic Chrome,Aaron Nola #176,$1.00,,,,,,,,,,,,$1.09,,,,,,4,,,,,2022-11-16
4374573,Baseball Cards 2022 Topps Cosmic Chrome,Aaron Nola [Black Eclipse Refractor] #176,$44.39,,,,,,,,,,,$19.60,$48.99,,,,,,1,,,,,2022-11-16
4373972,Baseball Cards 2022 Topps Cosmic Chrome,Aaron Nola [Blue Moon Refractor] #176,$3.60,,,,,,,,,,,$0.80,$3.99,,,,,,2,,,,,2022-11-16
4374172,Baseball Cards 2022 Topps Cosmic Chrome,Aaron Nola [Gold Interstellar Refractor] #176,$7.88,,,,,,,,,,,$1.70,$8.69,,,,,,2,,,,,2022-11-16
4373772,Baseball Cards 2022 Topps Cosmic Chrome,Aaron Nola [Nucleus Refractor] #176,$2.76,,,,,,,,,,,,$2.99,,,,,,3,,,,,2022-11-16
4374373,Baseball Cards 2022 Topps Cosmic Chrome,Aaron Nola [Orange Galactic Refractor] #176,$15.00,,,,,,,,,,,$4.30,$16.99,,,,,,2,,,,,2022-11-16
4374772,Baseball Cards 2022 Topps Cosmic Chrome,Aaron Nola [Red Flare Refractor] #176,,,,,,,,,,,,,,,,,,,0,,,,,2022-11-16
4373571,Baseball Cards 2022 Topps Cosmic Chrome,Aaron Nola [Refractor] #176,$2.80,,,,,,,,,,,,$3.09,,,,,,1,,,,,2022-11-16
11410974,Baseball Cards 2022 Topps Cosmic Chrome,Aaron Nola [Superfractor] #176,,,,,,,,,,,,,,,,,,,0,,,,,2022-11-16
4373316,Baseball Cards 2022 Topps Cosmic Chrome,Adolis Garcia #121,$1.77,,$6.42,$12.14,$23.72,$34.06,$44.00,$20.00,$20.00,,,,$1.99,,,$1.40,$7.09,,7,,,,,2022-11-16
4374518,Baseball Cards 2022 Topps Cosmic Chrome,Adolis Garcia [Black Eclipse Refractor] #121,$46.46,,,$49.00,$54.00,$123.00,$160.00,$74.00,$74.00,,,$20.40,$50.99,,,,,,3,,,,,2022-11-16
4373917,Baseball Cards 2022 Topps Cosmic Chrome,Adolis Garcia [Blue Moon Refractor] #121,$7.50,,,,,,,,,,,$1.70,$8.29,,,,,,4,,,,,2022-11-16
4374117,Baseball Cards 2022 Topps Cosmic Chrome,Adolis Garcia [Gold Interstellar Refractor] #121,$11.56,,,,,$41.00,$53.00,$25.00,$25.00,,,$3.30,$12.99,,,,,,2,,,,,2022-11-16
4373717,Baseball Cards 2022 Topps Cosmic Chrome,Adolis Garcia [Nucleus Refractor] #121,$5.58,,,,,,,,,,,$1.20,$6.09,,,,,,3,,,,,2022-11-16
4374318,Baseball Cards 2022 Topps Cosmic Chrome,Adolis Garcia [Orange Galactic Refractor] #121,$10.43,,,,,,,,,,,$2.80,$10.99,,,,,,1,,,,,2022-11-16
4374716,Baseball Cards 2022 Topps Cosmic Chrome,Adolis Garcia [Red Flare Refractor] #121,$70.00,,,,,$106.19,$138.00,$64.00,$64.00,,,$30.80,$76.99,,,,,,2,,,,,2022-11-16
4373516,Baseball Cards 2022 Topps Cosmic Chrome,Adolis Garcia [Refractor] #121,$0.99,,,,,,,,,,,,$1.09,,,,,,1,,,,,2022-11-16
11410865,Baseball Cards 2022 Topps Cosmic Chrome,Adolis Garcia [Superfractor] #121,,,,,,,,,,,,,,,,,,,0,,,,,2022-11-16
4373387,Baseball Cards 2022 Topps Cosmic Chrome,Akil Baddoo #193,$1.25,,,,,,,,,,,,$1.39,,,,,,3,,,,,2022-11-16
4374589,Baseball Cards 2022 Topps Cosmic Chrome,Akil Baddoo [Black Eclipse Refractor] #193,$19.30,,,,,,,,,,,$6.30,$20.99,,,,,,1,,,,,2022-11-16
4373989,Baseball Cards 2022 Topps Cosmic Chrome,Akil Baddoo [Blue Moon Refractor] #193,$2.63,,,,,,,,,,,,$2.89,,,,,,3,,,,,2022-11-16
4374189,Baseball Cards 2022 Topps Cosmic Chrome,Akil Baddoo [Gold Interstellar Refractor] #193,$9.44,,,,,,,,,,,$2.00,$9.99,,,,,,2,,,,,2022-11-16
4373789,Baseball Cards 2022 Topps Cosmic Chrome,Akil Baddoo [Nucleus Refractor] #193,$3.99,,,,,$14.99,$19.00,$9.00,$9.00,,,$0.90,$4.39,,,,,,2,,,,,2022-11-16
4374390,Baseball Cards 2022 Topps Cosmic Chrome,Akil Baddoo [Orange Galactic Refractor] #193,$9.99,,,,,,,,,,,$2.80,$10.99,,,,,,1,,,,,2022-11-16
4374789,Baseball Cards 2022 Topps Cosmic Chrome,Akil Baddoo [Red Flare Refractor] #193,$29.99,,,,,,,,,,,$9.90,$32.99,,,,,,1,,,,,2022-11-16
4373589,Baseball Cards 2022 Topps Cosmic Chrome,Akil Baddoo [Refractor] #193,$2.99,,,,,,,,,,,,$3.29,,,,,,2,,,,,2022-11-16
11410992,Baseball Cards 2022 Topps Cosmic Chrome,Akil Baddoo [Superfractor] #193,,,,,,,,,,,,,,,,,,,0,,,,,2022-11-16
4373317,Baseball Cards 2022 Topps Cosmic Chrome,Alec Bohm #122,$1.50,,,,,,,,,,,,$1.69,,,,,,4,,,,,2022-11-16
4374519,Baseball Cards 2022 Topps Cosmic Chrome,Alec Bohm [Black Eclipse Refractor] #122,$20.09,,,$26.00,$29.00,,,,,,,$6.60,$21.99,,,,,,2,,,,,2022-11-16
4373918,Baseball Cards 2022 Topps Cosmic Chrome,Alec Bohm [Blue Moon Refractor] #122,$5.25,,,,,$34.75,$45.00,$21.00,$21.00,,,$1.20,$5.79,,,,,,4,,,,,2022-11-16
4374118,Baseball Cards 2022 Topps Cosmic Chrome,Alec Bohm [Gold Interstellar Refractor] #122,$19.99,,,,,,,,,,,$6.60,$21.99,,,,,,2,,,,,2022-11-16
4373718,Baseball Cards 2022 Topps Cosmic Chrome,Alec Bohm [Nucleus Refractor] #122,$4.89,,,,,,,,,,,$1.10,$5.39,,,,,,2,,,,,2022-11-16
4374319,Baseball Cards 2022 Topps Cosmic Chrome,Alec Bohm [Orange Galactic Refractor] #122,$21.00,,,,,$50.00,$65.00,$30.00,$30.00,,,$6.90,$22.99,,,,,,2,,,,,2022-11-16
4374717,Baseball Cards 2022 Topps Cosmic Chrome,Alec Bohm [Red Flare Refractor] #122,$77.50,,,,,,,,,,,$34.00,$84.99,,,,,,1,,,,,2022-11-16
4373517,Baseball Cards 2022 Topps Cosmic Chrome,Alec Bohm [Refractor] #122,$1.97,,,,,,,,,,,,$2.19,,,,,,1,,,,,2022-11-16
11410867,Baseball Cards 2022 Topps Cosmic Chrome,Alec Bohm [Superfractor] #122,,,,,,,,,,,,,,,,,,,0,,,,,2022-11-16
4373292,Baseball Cards 2022 Topps Cosmic Chrome,Alek Thomas #97,$1.74,,$6.40,$12.10,$23.65,$35.00,$46.00,$21.00,$21.00,,,,$1.89,,,$1.40,$6.99,,9,,,,,2022-11-16
4374494,Baseball Cards 2022 Topps Cosmic Chrome,Alek Thomas [Black Eclipse Refractor] #97,$59.64,,,$100.00,$110.00,,,,,,,$26.40,$65.99,,,,,,2,,,,,2022-11-16
4373893,Baseball Cards 2022 Topps Cosmic Chrome,Alek Thomas [Blue Moon Refractor] #97,$6.17,,,,,,,,,,,$1.40,$6.79,,,,,,3,,,,,2022-11-16
4374093,Baseball Cards 2022 Topps Cosmic Chrome,Alek Thomas [Gold Interstellar Refractor] #97,$29.99,,,$22.50,$25.00,$37.00,$48.00,$22.00,$22.00,,,$9.90,$32.99,,,,,,4,,,,,2022-11-16
4373693,Baseball Cards 2022 Topps Cosmic Chrome,Alek Thomas [Nucleus Refractor] #97,$3.45,,,,,$26.02,$34.00,$16.00,$16.00,,,$0.80,$3.79,,,,,,2,,,,,2022-11-16
4374294,Baseball Cards 2022 Topps Cosmic Chrome,Alek Thomas [Orange Galactic Refractor] #97,$59.16,,,$12.50,$14.00,$80.00,$104.00,$48.00,$48.00,,,$26.00,$64.99,,,,,,3,,,,,2022-11-16
4374693,Baseball Cards 2022 Topps Cosmic Chrome,Alek Thomas [Red Flare Refractor] #97,$61.89,,,,,,,,,,,$27.20,$67.99,,,,,,1,,,,,2022-11-16
4373492,Baseball Cards 2022 Topps Cosmic Chrome,Alek Thomas [Refractor] #97,$2.77,,,,,,,,,,,,$3.09,,,,,,3,,,,,2022-11-16
11411004,Baseball Cards 2022 Topps Cosmic Chrome,Alek Thomas [Superfractor] #97,,,,,,,,,,,,,,,,,,,0,,,,,2022-11-16
4373264,Baseball Cards 2022 Topps Cosmic Chrome,Alex Bregman #69,$0.99,,,,,,,,,,,,$1.09,,,,,,4,,,,,2022-11-16
4374466,Baseball Cards 2022 Topps Cosmic Chrome,Alex Bregman [Black Eclipse Refractor] #69,$56.90,,,,,,,,,,,$25.20,$62.99,,,,,,1,,,,,2022-11-16
4373865,Baseball Cards 2022 Topps Cosmic Chrome,Alex Bregman [Blue Moon Refractor] #69,$8.07,,,,,$40.84,$53.00,$25.00,$25.00,,,$1.80,$8.89,,,,,,5,,,,,2022-11-16
4374065,Baseball Cards 2022 Topps Cosmic Chrome,Alex Bregman [Gold Interstellar Refractor] #69,$5.60,,,,,$37.00,$48.00,$22.00,$22.00,,,$1.20,$6.19,,,,,,2,,,,,2022-11-16
4373665,Baseball Cards 2022 Topps Cosmic Chrome,Alex Bregman [Nucleus Refractor] #69,$6.00,,,$12.71,$14.00,,,,,,,$1.30,$6.59,,,,,,3,,,,,2022-11-16
4374265,Baseball Cards 2022 Topps Cosmic Chrome,Alex Bregman [Orange Galactic Refractor] #69,$24.88,,,,,,,,,,,$8.10,$26.99,,,,,,2,,,,,2022-11-16
4374665,Baseball Cards 2022 Topps Cosmic Chrome,Alex Bregman [Red Flare Refractor] #69,,,,,,,,,,,,,,,,,,,0,,,,,2022-11-16
4373464,Baseball Cards 2022 Topps Cosmic Chrome,Alex Bregman [Refractor] #69,$1.99,,,,,$26.02,$34.00,$16.00,$16.00,,,,$2.19,,,,,,2,,,,,2022-11-16
11410927,Baseball Cards 2022 Topps Cosmic Chrome,Alex Bregman [Superfractor] #69,,,,,,,,,,,,,,,,,,,0,,,,,2022-11-16
4373275,Baseball Cards 2022 Topps Cosmic Chrome,Alex Verdugo #80,$1.00,,,,,,,,,,,,$1.09,,,,,,2,,,,,2022-11-16
4374477,Baseball Cards 2022 Topps Cosmic Chrome,Alex Verdugo [Black Eclipse Refractor] #80,$7.76,,,,,$31.00,$40.00,$19.00,$19.00,,,$1.70,$8.49,,,,,,2,,,,,2022-11-16
4373876,Baseball Cards 2022 Topps Cosmic Chrome,Alex Verdugo [Blue Moon Refractor] #80,$8.72,,,,,,,,,,,$1.90,$9.59,,,,,,2,,,,,2022-11-16
4374076,Baseball Cards 2022 Topps Cosmic Chrome,Alex Verdugo [Gold Interstellar Refractor] #80,$5.50,,,$13.37,$15.00,$74.99,$97.00,$45.00,$45.00,,,$1.20,$6.09,,,,,,3,,,,,2022-11-16
4373676,Baseball Cards 2022 Topps Cosmic Chrome,Alex Verdugo [Nucleus Refractor] #80,$2.26,,,,,$20.00,$26.00,$12.00,$12.00,,,,$2.49,,,,,,3,,,,,2022-11-16
4374276,Baseball Cards 2022 Topps Cosmic Chrome,Alex Verdugo [Orange Galactic Refractor] #80,$7.66,,,,,,,,,,,$1.70,$8.39,,,,,,1,,,,,2022-11-16
4374676,Baseball Cards 2022 Topps Cosmic Chrome,Alex Verdugo [Red Flare Refractor] #80,,,,,,,,,,,,,,,,,,,0,,,,,2022-11-16
4373475,Baseball Cards 2022 Topps Cosmic Chrome,Alex Verdugo [Refractor] #80,$2.50,,,,,,,,,,,,$2.79,,,,,,1,,,,,2022-11-16
11410942,Baseball Cards 2022 Topps Cosmic Chrome,Alex Verdugo [Superfractor] #80,,,,,,,,,,,,,,,,,,,0,,,,,2022-11-16
4373355,Baseball Cards 2022 Topps Cosmic Chrome,Andrew Benintendi #160,$1.56,,,,,,,,,,,,$1.69,,,,,,2,,,,,2022-11-16
4374557,Baseball Cards 2022 Topps Cosmic Chrome,Andrew Benintendi [Black Eclipse Refractor] #160,$16.50,,,,,,,,,,,$4.50,$17.99,,,,,,1,,,,,2022-11-16
4373956,Baseball Cards 2022 Topps Cosmic Chrome,Andrew Benintendi [Blue Moon Refractor] #160,$5.11,,,,,,,,,,,$1.10,$5.59,,,,,,2,,,,,2022-11-16
4374156,Baseball Cards 2022 Topps Cosmic Chrome,Andrew Benintendi [Gold Interstellar Refractor] #160,$7.27,,,,,$40.00,$52.00,$24.00,$24.00,,,$1.60,$7.99,,,,,,4,,,,,2022-11-16
4373756,Baseball Cards 2022 Topps Cosmic Chrome,Andrew Benintendi [Nucleus Refractor] #160,$3.28,,,,,$25.00,$33.00,$15.00,$15.00,,,,$3.59,,,,,,2,,,,,2022-11-16
4374357,Baseball Cards 2022 Topps Cosmic Chrome,Andrew Benintendi [Orange Galactic Refractor] #160,$3.22,,,,,$43.00,$56.00,$26.00,$26.00,,,,$3.49,,,,,,2,,,,,2022-11-16
4374756,Baseball Cards 2022 Topps Cosmic Chrome,Andrew Benintendi [Red Flare Refractor] #160,$30.00,,,,,,,,,,,$9.90,$32.99,,,,,,1,,,,,2022-11-16
4373555,Baseball Cards 2022 Topps Cosmic Chrome,Andrew Benintendi [Refractor] #160,$3.97,,,,,,,,,,,$0.90,$4.39,,,,,,1,,,,,2022-11-16
11410951,Baseball Cards 2022 Topps Cosmic Chrome,Andrew Benintendi [Superfractor] #160,,,,,,,,,,,,,,,,,,,0,,,,,2022-11-16
4373212,Baseball Cards 2022 Topps Cosmic Chrome,Andrew McCutchen #16,$1.24,,,,,,,,,,,,$1.39,,,,,,2,,,,,2022-11-16
4374413,Baseball Cards 2022 Topps Cosmic Chrome,Andrew McCutchen [Black Eclipse Refractor] #16,$179.99,,,,,$59.99,$78.00,$36.00,$36.00,,,$99.00,$198.00,,,,,,2,,,,,2022-11-16
4373812,Baseball Cards 2022 Topps Cosmic Chrome,Andrew McCutchen [Blue Moon Refractor] #16,$6.27,,,,,,,,,,,$1.40,$6.89,,,,,,3,,,,,2022-11-16
4374012,Baseball Cards 2022 Topps Cosmic Chrome,Andrew McCutchen [Gold Interstellar Refractor] #16,$2.72,,,,,,,,,,,,$2.99,,,,,,1,,,,,2022-11-16
4373612,Baseball Cards 2022 Topps Cosmic Chrome,Andrew McCutchen [Nucleus Refractor] #16,$3.99,,,,,$25.81,$34.00,$15.00,$15.00,,,$0.90,$4.39,,,,,,4,,,,,2022-11-16
4374213,Baseball Cards 2022 Topps Cosmic Chrome,Andrew McCutchen [Orange Galactic Refractor] #16,$22.49,,,,,$25.25,$33.00,$15.00,$15.00,,,$7.50,$24.99,,,,,,3,,,,,2022-11-16
4374612,Baseball Cards 2022 Topps Cosmic Chrome,Andrew McCutchen [Red Flare Refractor] #16,$65.00,,,$119.99,$132.00,,,,,,,$28.80,$71.99,,,,,,2,,,,,2022-11-16
4373411,Baseball Cards 2022 Topps Cosmic Chrome,Andrew McCutchen [Refractor] #16,$1.66,,,,,,,,,,,,$1.79,,,,,,1,,,,,2022-11-16
11410824,Baseball Cards 2022 Topps Cosmic Chrome,Andrew McCutchen [Superfractor] #16,$237.50,,,,,,,,,,,$130.50,$261.00,,,,,,1,,,,,2022-11-16
11321993,Baseball Cards 2022 Topps Cosmic Chrome,Andrew Vaughn  [Superfractor] #92,,,,,,$395.45,$514.00,$237.00,$237.00,,,,,,,,,,1,,,,,2022-11-16
4373287,Baseball Cards 2022 Topps Cosmic Chrome,Andrew Vaughn #92,$1.38,,,,,$29.95,$39.00,$18.00,$18.00,,,,$1.49,,,,,,3,,,,,2022-11-16
4374489,Baseball Cards 2022 Topps Cosmic Chrome,Andrew Vaughn [Black Eclipse Refractor] #92,$56.29,,,,,,,,,,,$24.80,$61.99,,,,,,1,,,,,2022-11-16
4373888,Baseball Cards 2022 Topps Cosmic Chrome,Andrew Vaughn [Blue Moon Refractor] #92,$2.55,,,,,,,,,,,,$2.79,,,,,,3,,,,,2022-11-16
4374088,Baseball Cards 2022 Topps Cosmic Chrome,Andrew Vaughn [Gold Interstellar Refractor] #92,$5.29,,,$8.10,$9.00,,,,,,,$1.20,$5.79,,,,,,2,,,,,2022-11-16
4373688,Baseball Cards 2022 Topps Cosmic Chrome,Andrew Vaughn [Nucleus Refractor] #92,$6.00,,,,,$8.40,$11.00,$5.00,$5.00,,,$1.30,$6.59,,,,,,3,,,,,2022-11-16
4374289,Baseball Cards 2022 Topps Cosmic Chrome,Andrew Vaughn [Orange Galactic Refractor] #92,$52.21,,,,,,,,,,,$22.80,$56.99,,,,,,1,,,,,2022-11-16
4374688,Baseball Cards 2022 Topps Cosmic Chrome,Andrew Vaughn [Red Flare Refractor] #92,$34.00,,,,,,,,,,,$14.80,$36.99,,,,,,1,,,,,2022-11-16
4373487,Baseball Cards 2022 Topps Cosmic Chrome,Andrew Vaughn [Refractor] #92,$3.46,,,,,,,,,,,$0.80,$3.79,,,,,,1,,,,,2022-11-16
4373224,Baseball Cards 2022 Topps Cosmic Chrome,Anthony Rendon #29,$1.49,,,,,,,,,,,,$1.59,,,,,,1,,,,,2022-11-16
4374426,Baseball Cards 2022 Topps Cosmic Chrome,Anthony Rendon [Black Eclipse Refractor] #29,$33.00,,,,,,,,,,,$14.40,$35.99,,,,,,1,,,,,2022-11-16
4373825,Baseball Cards 2022 Topps Cosmic Chrome,Anthony Rendon [Blue Moon Refractor] #29,$2.49,,,,,$24.99,$32.00,$15.00,$15.00,,,,$2.69,,,,,,4,,,,,2022-11-16
4374025,Baseball Cards 2022 Topps Cosmic Chrome,Anthony Rendon [Gold Interstellar Refractor] #29,$5.00,,$8.50,,,,,,,,,$1.10,$5.49,,,$1.90,$9.39,,3,,,,,2022-11-16
4373625,Baseball Cards 2022 Topps Cosmic Chrome,Anthony Rendon [Nucleus Refractor] #29,$5.33,,,,,$12.92,$17.00,$8.00,$8.00,,,$1.20,$5.89,,,,,,4,,,,,2022-11-16
4374225,Baseball Cards 2022 Topps Cosmic Chrome,Anthony Rendon [Orange Galactic Refractor] #29,$3.25,,,,,,,,,,,,$3.59,,,,,,1,,,,,2022-11-16
4374625,Baseball Cards 2022 Topps Cosmic Chrome,Anthony Rendon [Red Flare Refractor] #29,,,,,,,,,,,,,,,,,,,0,,,,,2022-11-16
4373424,Baseball Cards 2022 Topps Cosmic Chrome,Anthony Rendon [Refractor] #29,$2.39,,,,,,,,,,,,$2.59,,,,,,1,,,,,2022-11-16
11410848,Baseball Cards 2022 Topps Cosmic Chrome,Anthony Rendon [Superfractor] #29,,,,,,,,,,,,,,,,,,,0,,,,,2022-11-16
4373290,Baseball Cards 2022 Topps Cosmic Chrome,Anthony Rizzo #95,$0.99,,,,,,,,,,,,$1.09,,,,,,4,,,,,2022-11-16
4374492,Baseball Cards 2022 Topps Cosmic Chrome,Anthony Rizzo [Black Eclipse Refractor] #95,$39.19,,,,,,,,,,,$17.20,$42.99,,,,,,1,,,,,2022-11-16
4373891,Baseball Cards 2022 Topps Cosmic Chrome,Anthony Rizzo [Blue Moon Refractor] #95,$4.12,,,$24.50,$27.00,,,,$9.99,,,$0.90,$4.49,,,,,,4,,,,,2022-11-16
4374091,Baseball Cards 2022 Topps Cosmic Chrome,Anthony Rizzo [Gold Interstellar Refractor] #95,$11.13,,,,,$27.51,$36.00,$17.00,$17.00,,,$3.00,$11.99,,,,,,2,,,,,2022-11-16
4373691,Baseball Cards 2022 Topps Cosmic Chrome,Anthony Rizzo [Nucleus Refractor] #95,$7.00,,,,,$21.00,$27.00,$13.00,$13.00,,,$1.50,$7.69,,,,,,2,,,,,2022-11-16
4374292,Baseball Cards 2022 Topps Cosmic Chrome,Anthony Rizzo [Orange Galactic Refractor] #95,$12.95,,,,,,,,,,,$3.50,$13.99,,,,,,2,,,,,2022-11-16
4374691,Baseball Cards 2022 Topps Cosmic Chrome,Anthony Rizzo [Red Flare Refractor] #95,$212.00,,,,,,,,,,,$116.50,$233.00,,,,,,1,,,,,2022-11-16
4373490,Baseball Cards 2022 Topps Cosmic Chrome,Anthony Rizzo [Refractor] #95,$3.33,,,,,,,,,,,,$3.69,,,,,,1,,,,,2022-11-16
11411002,Baseball Cards 2022 Topps Cosmic Chrome,Anthony Rizzo [Superfractor] #95,,,,,,,,,,,,,,,,,,,0,,,,,2022-11-16
4373331,Baseball Cards 2022 Topps Cosmic Chrome,Aroldis Chapman #136,$1.99,,,,,,,,,,,,$2.19,,,,,,2,,,,,2022-11-16
4374533,Baseball Cards 2022 Topps Cosmic Chrome,Aroldis Chapman [Black Eclipse Refractor] #136,$25.00,,,,,$75.00,$98.00,$45.00,$45.00,,,$8.40,$27.99,,,,,,2,,,,,2022-11-16
4373932,Baseball Cards 2022 Topps Cosmic Chrome,Aroldis Chapman [Blue Moon Refractor] #136,$5.62,,,,,$22.21,$29.00,$13.00,$13.00,,,$1.20,$6.19,,,,,,3,,,,,2022-11-16
4374132,Baseball Cards 2022 Topps Cosmic Chrome,Aroldis Chapman [Gold Interstellar Refractor] #136,$9.50,,,,,$11.50,$15.00,$7.00,$7.00,,,$2.00,$9.99,,,,,,6,,,,,2022-11-16
4373732,Baseball Cards 2022 Topps Cosmic Chrome,Aroldis Chapman [Nucleus Refractor] #136,$1.25,,,,,,,,,,,,$1.39,,,,,,1,,,,,2022-11-16
4374333,Baseball Cards 2022 Topps Cosmic Chrome,Aroldis Chapman [Orange Galactic Refractor] #136,$4.26,,,,,,,,,,,$0.90,$4.69,,,,,,1,,,,,2022-11-16
4374731,Baseball Cards 2022 Topps Cosmic Chrome,Aroldis Chapman [Red Flare Refractor] #136,$39.00,,,,,,,,,,,$17.20,$42.99,,,,,,1,,,,,2022-11-16
4373531,Baseball Cards 2022 Topps Cosmic Chrome,Aroldis Chapman [Refractor] #136,$4.11,,,,,,,,,,,$0.90,$4.49,,,,,,1,,,,,2022-11-16
11410895,Baseball Cards 2022 Topps Cosmic Chrome,Aroldis Chapman [Superfractor] #136,,,,,,,,,,,,,,,,,,,0,,,,,2022-11-16
4373223,Baseball Cards 2022 Topps Cosmic Chrome,Austin Meadows #28,$1.94,,,,,,,,,,,,$2.09,,,,,,1,,,,,2022-11-16
4374425,Baseball Cards 2022 Topps Cosmic Chrome,Austin Meadows [Black Eclipse Refractor] #28,$9.99,,,,,,,,,,,$2.80,$10.99,,,,,,1,,,,,2022-11-16
4373824,Baseball Cards 2022 Topps Cosmic Chrome,Austin Meadows [Blue Moon Refractor] #28,$2.99,,,,,,,,,,,,$3.29,,,,,,3,,,,,2022-11-16
4374024,Baseball Cards 2022 Topps Cosmic Chrome,Austin Meadows [Gold Interstellar Refractor] #28,$2.15,,,,,,,,,,,,$2.39,,,,,,1,,,,,2022-11-16
4373624,Baseball Cards 2022 Topps Cosmic Chrome,Austin Meadows [Nucleus Refractor] #28,$3.09,,,,,$14.99,$19.00,$9.00,$9.00,,,,$3.39,,,,,,3,,,,,2022-11-16
4374224,Baseball Cards 2022 Topps Cosmic Chrome,Austin Meadows [Orange Galactic Refractor] #28,$3.75,,,,,$13.66,$18.00,$8.00,$8.00,,,$0.80,$4.09,,,,,,2,,,,,2022-11-16
4374624,Baseball Cards 2022 Topps Cosmic Chrome,Austin Meadows [Red Flare Refractor] #28,,,,,,,,,,,,,,,,,,,0,,,,,2022-11-16
4373423,Baseball Cards 2022 Topps Cosmic Chrome,Austin Meadows [Refractor] #28,$6.87,,,,,,,,,,,$1.50,$7.59,,,,,,1,,,,,2022-11-16
11410846,Baseball Cards 2022 Topps Cosmic Chrome,Austin Meadows [Superfractor] #28,,,,,,,,,,,,,,,,,,,0,,,,,2022-11-16
4373378,Baseball Cards 2022 Topps Cosmic Chrome,Austin Riley #183,$1.57,,$6.26,$11.90,$23.31,$33.61,$44.00,$20.00,$20.00,,,,$1.69,,,$1.40,$6.89,,6,,,,,2022-11-16
4374579,Baseball Cards 2022 Topps Cosmic Chrome,Austin Riley [Black Eclipse Refractor] #183,$27.47,,,$52.00,$57.00,,,,,,,$9.00,$29.99,,,,,,2,,,,,2022-11-16
4373979,Baseball Cards 2022 Topps Cosmic Chrome,Austin Riley [Blue Moon Refractor] #183,$9.99,,,,,$30.00,$39.00,$18.00,$18.00,,,$2.80,$10.99,,,,,,3,,,,,2022-11-16
4374179,Baseball Cards 2022 Topps Cosmic Chrome,Austin Riley [Gold Interstellar Refractor] #183,$12.75,,,,,$41.00,$53.00,$25.00,$25.00,,,$3.50,$13.99,,,,,,3,,,,,2022-11-16
4373779,Baseball Cards 2022 Topps Cosmic Chrome,Austin Riley [Nucleus Refractor] #183,$6.95,,,,,,,,,,,$1.50,$7.69,,,,,,2,,,,,2022-11-16
4374380,Baseball Cards 2022 Topps Cosmic Chrome,Austin Riley [Orange Galactic Refractor] #183,$27.88,,,,,$99.00,$129.00,$59.00,$59.00,,,$9.30,$30.99,,,,,,2,,,,,2022-11-16
4374779,Baseball Cards 2022 Topps Cosmic Chrome,Austin Riley [Red Flare Refractor] #183,$145.00,,,,,,,,,,,$80.00,$160.00,,,,,,1,,,,,2022-11-16
4373578,Baseball Cards 2022 Topps Cosmic Chrome,Austin Riley [Refractor] #183,$1.25,,,,,,,,,,,,$1.39,,,,,,2,,,,,2022-11-16
11410982,Baseball Cards 2022 Topps Cosmic Chrome,Austin Riley [Superfractor] #183,,,,,,,,,,,,,,,,,,,0,,,,,2022-11-16
4373366,Baseball Cards 2022 Topps Cosmic Chrome,Blake Snell #171,$1.27,,,,,,,,,,,,$1.39,,,,,,2,,,,,2022-11-16
4374568,Baseball Cards 2022 Topps Cosmic Chrome,Blake Snell [Black Eclipse Refractor] #171,$48.04,,,,,,,,,,,$21.20,$52.99,,,,,,1,,,,,2022-11-16
4373967,Baseball Cards 2022 Topps Cosmic Chrome,Blake Snell [Blue Moon Refractor] #171,$4.65,,,,,,,,,,,$1.00,$5.09,,,,,,1,,,,,2022-11-16
4374167,Baseball Cards 2022 Topps Cosmic Chrome,Blake Snell [Gold Interstellar Refractor] #171,$12.00,,$6.50,,,$23.38,$30.00,$14.00,$14.00,,,$3.30,$12.99,,,$1.40,$7.19,,4,,,,,2022-11-16
4373767,Baseball Cards 2022 Topps Cosmic Chrome,Blake Snell [Nucleus Refractor] #171,$3.62,,,,,$25.00,$33.00,$15.00,$15.00,,,$0.80,$3.99,,,,,,2,,,,,2022-11-16
4374368,Baseball Cards 2022 Topps Cosmic Chrome,Blake Snell [Orange Galactic Refractor] #171,$21.20,,,,,$18.50,$24.00,$11.00,$11.00,,,$6.90,$22.99,,,,,,2,,,,,2022-11-16
4374767,Baseball Cards 2022 Topps Cosmic Chrome,Blake Snell [Red Flare Refractor] #171,$33.71,,,,,,,,,,,$14.80,$36.99,,,,,,1,,,,,2022-11-16
4373566,Baseball Cards 2022 Topps Cosmic Chrome,Blake Snell [Refractor] #171,$3.57,,,,,,,,,,,$0.80,$3.89,,,,,,1,,,,,2022-11-16
11410970,Baseball Cards 2022 Topps Cosmic Chrome,Blake Snell [Superfractor] #171,,,,,,,,,,,,,,,,,,,0,,,,,2022-11-16
4373193,Baseball Cards 2022 Topps Cosmic Chrome,Blaster Box,,,,,,,,,,,,,,,,,,,0,,,,,2022-11-16
4373322,Baseball Cards 2022 Topps Cosmic Chrome,Bo Bichette #127,$1.48,,$6.19,$12.99,$23.11,$33.40,$43.00,$20.00,$20.00,,,,$1.59,,,$1.40,$6.79,,9,,,,,2022-11-16
4374524,Baseball Cards 2022 Topps Cosmic Chrome,Bo Bichette [Black Eclipse Refractor] #127,,,,,,$73.11,$95.00,$44.00,$44.00,,,,,,,,,,1,,,,,2022-11-16
4373923,Baseball Cards 2022 Topps Cosmic Chrome,Bo Bichette [Blue Moon Refractor] #127,$9.67,,,,,$45.00,$59.00,$27.00,$27.00,,,$2.80,$10.99,,,,,,4,,,,,2022-11-16
4374123,Baseball Cards 2022 Topps Cosmic Chrome,Bo Bichette [Gold Interstellar Refractor] #127,$20.00,,,$46.00,$51.00,$75.00,$98.00,$45.00,$45.00,,,$6.60,$21.99,,,,,,4,,,,,2022-11-16
4373723,Baseball Cards 2022 Topps Cosmic Chrome,Bo Bichette [Nucleus Refractor] #127,$13.81,,,$30.00,$33.00,,,,,,,$3.80,$14.99,,,,,,5,,,,,2022-11-16
4374324,Baseball Cards 2022 Topps Cosmic Chrome,Bo Bichette [Orange Galactic Refractor] #127,$40.81,,,,,$119.00,$155.00,$71.00,$71.00,,,$18.00,$44.99,,,,,,2,,,,,2022-11-16
4374722,Baseball Cards 2022 Topps Cosmic Chrome,Bo Bichette [Red Flare Refractor] #127,$91.00,,,,,,,,,,,$40.00,$100.00,,,,,,1,,,,,2022-11-16
4373522,Baseball Cards 2022 Topps Cosmic Chrome,Bo Bichette [Refractor] #127,$2.04,,,,,,,,,,,,$2.19,,,,,,2,,,,,2022-11-16
11410876,Baseball Cards 2022 Topps Cosmic Chrome,Bo Bichette [Superfractor] #127,,,,,,,,,,,,,,,,,,,0,,,,,2022-11-16
4373357,Baseball Cards 2022 Topps Cosmic Chrome,Bobby Witt Jr. #162,$49.00,,$34.00,$66.00,$73.00,$213.57,$199.99,$98.00,$74.50,,,$21.60,$53.99,,,$14.80,$36.99,,192,,,,,2022-11-16
4374559,Baseball Cards 2022 Topps Cosmic Chrome,Bobby Witt Jr. [Black Eclipse Refractor] #162,,,,,$1334.00,$1360.96,$1769.00,$817.00,$817.00,,,,,,,,,,2,,,,,2022-11-16
4373958,Baseball Cards 2022 Topps Cosmic Chrome,Bobby Witt Jr. [Blue Moon Refractor] #162,$257.31,,$220.00,$239.01,$740.65,$818.75,$1064.00,$491.00,$491.00,,,$141.50,$283.00,,,$121.00,$242.00,,12,,,,,2022-11-16
4374158,Baseball Cards 2022 Topps Cosmic Chrome,Bobby Witt Jr. [Gold Interstellar Refractor] #162,$658.40,,,$650.00,$715.00,$750.21,$975.00,$450.00,$542.14,,,$434.40,$724.00,,,,,,7,,,,,2022-11-16
4373758,Baseball Cards 2022 Topps Cosmic Chrome,Bobby Witt Jr. [Nucleus Refractor] #162,$306.01,,$168.61,$213.00,$355.00,$550.72,$716.00,$330.00,$330.00,,,$168.50,$337.00,,,$92.50,$185.00,,9,,,,,2022-11-16
4374359,Baseball Cards 2022 Topps Cosmic Chrome,Bobby Witt Jr. [Orange Galactic Refractor] #162,$401.92,,,$651.07,$716.00,$781.00,$1015.00,$469.00,$469.00,,,$221.00,$442.00,,,,,,3,,,,,2022-11-16
4374758,Baseball Cards 2022 Topps Cosmic Chrome,Bobby Witt Jr. [Red Flare Refractor] #162,,,,$1200.00,$1320.00,,,,,,,,,,,,,,1,,,,,2022-11-16
4373557,Baseball Cards 2022 Topps Cosmic Chrome,Bobby Witt Jr. [Refractor] #162,$85.00,,$67.27,$138.75,$153.00,$245.97,$320.00,$148.00,$187.59,,,$37.60,$93.99,,,$29.60,$73.99,,19,,,,,2022-11-16
11410956,Baseball Cards 2022 Topps Cosmic Chrome,Bobby Witt Jr. [Superfractor] #162,,,,,,,,,,,,,,,,,,,0,,,,,2022-11-16
4373311,Baseball Cards 2022 Topps Cosmic Chrome,Brandon Crawford #116,$1.09,,,,,,,,,,,,$1.19,,,,,,2,,,,,2022-11-16
4374513,Baseball Cards 2022 Topps Cosmic Chrome,Brandon Crawford [Black Eclipse Refractor] #116,$17.88,,,,,,,,,,,$5.00,$19.99,,,,,,1,,,,,2022-11-16
4373912,Baseball Cards 2022 Topps Cosmic Chrome,Brandon Crawford [Blue Moon Refractor] #116,$3.69,,,$21.95,$24.00,,,,,,,$0.80,$4.09,,,,,,2,,,,,2022-11-16
4374112,Baseball Cards 2022 Topps Cosmic Chrome,Brandon Crawford [Gold Interstellar Refractor] #116,$8.38,,,,,,,,,,,$1.80,$9.19,,,,,,4,,,,,2022-11-16
4373712,Baseball Cards 2022 Topps Cosmic Chrome,Brandon Crawford [Nucleus Refractor] #116,$7.59,,,,,,,,,,,$1.70,$8.39,,,,,,2,,,,,2022-11-16
4374313,Baseball Cards 2022 Topps Cosmic Chrome,Brandon Crawford [Orange Galactic Refractor] #116,$4.26,,,,,,,,,,,$0.90,$4.69,,,,,,1,,,,,2022-11-16
4375336,Baseball Cards 2022 Topps Cosmic Chrome,Brandon Crawford [Red Flare Refractor] #116,$38.00,,,$46.00,$51.00,,,,,,,$16.80,$41.99,,,,,,2,,,,,2022-11-16
4373511,Baseball Cards 2022 Topps Cosmic Chrome,Brandon Crawford [Refractor] #116,$4.12,,,,,,,,,,,$0.90,$4.49,,,,,,1,,,,,2022-11-16
11410856,Baseball Cards 2022 Topps Cosmic Chrome,Brandon Crawford [Superfractor] #116,,,,,,,,,,,,,,,,,,,0,,,,,2022-11-16
4373345,Baseball Cards 2022 Topps Cosmic Chrome,Brandon Lowe #150,$0.75,,,,,,,,,,,,$0.99,,,,,,2,,,,,2022-11-16
4374547,Baseball Cards 2022 Topps Cosmic Chrome,Brandon Lowe [Black Eclipse Refractor] #150,$25.00,,,,,,,,,,,$8.40,$27.99,,,,,,1,,,,,2022-11-16
4373946,Baseball Cards 2022 Topps Cosmic Chrome,Brandon Lowe [Blue Moon Refractor] #150,$2.13,,,,,,,,,,,,$2.29,,,,,,1,,,,,2022-11-16
4374146,Baseball Cards 2022 Topps Cosmic Chrome,Brandon Lowe [Gold Interstellar Refractor] #150,$3.42,,,,,,,,,,,$0.80,$3.79,,,,,,1,,,,,2022-11-16
4373746,Baseball Cards 2022 Topps Cosmic Chrome,Brandon Lowe [Nucleus Refractor] #150,$3.01,,,,,$19.50,$25.00,$12.00,$12.00,,,,$3.29,,,,,,4,,,,,2022-11-16
4374347,Baseball Cards 2022 Topps Cosmic Chrome,Brandon Lowe [Orange Galactic Refractor] #150,$7.62,,,$11.50,$13.00,,,,,,,$1.70,$8.39,,,,,,2,,,,,2022-11-16
4374746,Baseball Cards 2022 Topps Cosmic Chrome,Brandon Lowe [Red Flare Refractor] #150,,,,,,,,,,,,,,,,,,,0,,,,,2022-11-16
4373545,Baseball Cards 2022 Topps Cosmic Chrome,Brandon Lowe [Refractor] #150,$1.79,,,,,$11.70,$15.00,$7.00,$7.00,,,,$1.99,,,,,,2,,,,,2022-11-16
11410926,Baseball Cards 2022 Topps Cosmic Chrome,Brandon Lowe [Superfractor] #150,,,,,,,,,,,,,,,,,,,0,,,,,2022-11-16
4373325,Baseball Cards 2022 Topps Cosmic Chrome,Brandon Marsh #130,$1.46,,$6.30,$11.96,$15.00,$15.00,$20.00,$9.00,$15.00,,,,$1.59,,,$1.40,$6.89,,11,,,,,2022-11-16
4374527,Baseball Cards 2022 Topps Cosmic Chrome,Brandon Marsh [Black Eclipse Refractor] #130,,,,,,,,,,,,,,,,,,,0,,,,,2022-11-16
4373926,Baseball Cards 2022 Topps Cosmic Chrome,Brandon Marsh [Blue Moon Refractor] #130,$8.00,,,$27.00,$30.00,$35.02,$46.00,$21.00,$21.00,,,$1.80,$8.79,,,,,,6,,,,,2022-11-16
4374126,Baseball Cards 2022 Topps Cosmic Chrome,Brandon Marsh [Gold Interstellar Refractor] #130,$17.09,,,$38.95,$43.00,$58.39,$76.00,$35.00,$35.00,,,$4.80,$18.99,,,,,,4,,,,,2022-11-16
4373726,Baseball Cards 2022 Topps Cosmic Chrome,Brandon Marsh [Nucleus Refractor] #130,$9.99,,,,,$42.50,$55.00,$26.00,$26.00,,,$2.80,$10.99,,,,,,3,,,,,2022-11-16
4374327,Baseball Cards 2022 Topps Cosmic Chrome,Brandon Marsh [Orange Galactic Refractor] #130,$58.99,,,$30.00,$33.00,,,,,,,$26.00,$64.99,,,,,,3,,,,,2022-11-16
4374725,Baseball Cards 2022 Topps Cosmic Chrome,Brandon Marsh [Red Flare Refractor] #130,$50.00,,,,,$202.50,$263.00,$122.00,$122.00,,,$22.00,$54.99,,,,,,2,,,,,2022-11-16
4373525,Baseball Cards 2022 Topps Cosmic Chrome,Brandon Marsh [Refractor] #130,$1.37,,,$22.00,$24.00,,,,,,,,$1.49,,,,,,6,,,,,2022-11-16
11410881,Baseball Cards 2022 Topps Cosmic Chrome,Brandon Marsh [Superfractor] #130,,,,,,,,,,,,,,,,,,,0,,,,,2022-11-16
4373386,Baseball Cards 2022 Topps Cosmic Chrome,Bryan De La Cruz #192,$1.27,$2.95,$6.02,$8.95,$16.00,$15.82,$21.00,$9.00,$9.00,,,,$1.39,,$3.29,$1.30,$6.59,,13,,,,,2022-11-16
4374588,Baseball Cards 2022 Topps Cosmic Chrome,Bryan De La Cruz [Black Eclipse Refractor] #192,$37.41,,,$70.00,$77.00,$149.99,$195.00,$90.00,$90.00,,,$16.40,$40.99,,,,,,3,,,,,2022-11-16
4373988,Baseball Cards 2022 Topps Cosmic Chrome,Bryan De La Cruz [Blue Moon Refractor] #192,$6.42,,,,,$16.92,$22.00,$10.00,$10.00,,,$1.40,$7.09,,,,,,6,,,,,2022-11-16
4374188,Baseball Cards 2022 Topps Cosmic Chrome,Bryan De La Cruz [Gold Interstellar Refractor] #192,$36.92,,,$15.50,$17.00,,,,,,,$16.40,$40.99,,,,,,2,,,,,2022-11-16
4373788,Baseball Cards 2022 Topps Cosmic Chrome,Bryan De La Cruz [Nucleus Refractor] #192,$2.35,,,,,,,,,,,,$2.59,,,,,,2,,,,,2022-11-16
4374389,Baseball Cards 2022 Topps Cosmic Chrome,Bryan De La Cruz [Orange Galactic Refractor] #192,$26.07,,,$57.25,$63.00,,,,,,,$8.70,$28.99,,,,,,2,,,,,2022-11-16
4374788,Baseball Cards 2022 Topps Cosmic Chrome,Bryan De La Cruz [Red Flare Refractor] #192,$25.00,,,,,,,,,,,$8.40,$27.99,,,,,,1,,,,,2022-11-16
4373587,Baseball Cards 2022 Topps Cosmic Chrome,Bryan De La Cruz [Refractor] #192,$3.10,,,$19.99,$22.00,$25.05,$33.00,$15.00,$15.00,,,,$3.39,,,,,,5,,,,,2022-11-16
11410991,Baseball Cards 2022 Topps Cosmic Chrome,Bryan De La Cruz [Superfractor] #192,,,,,,,,,,,,,,,,,,,0,,,,,2022-11-16
4373199,Baseball Cards 2022 Topps Cosmic Chrome,Bryce Harper #3,$2.49,,$6.94,$14.75,$25.07,$39.20,$51.00,$24.00,$25.00,,,,$2.69,,,$1.50,$7.59,,17,,,,,2022-11-16
4374400,Baseball Cards 2022 Topps Cosmic Chrome,Bryce Harper [Black Eclipse Refractor] #3,$203.50,,,,,,,,,,,$112.00,$224.00,,,,,,1,,,,,2022-11-16
4373799,Baseball Cards 2022 Topps Cosmic Chrome,Bryce Harper [Blue Moon Refractor] #3,$30.62,,,$28.50,$56.00,$88.48,$115.00,$53.00,$53.00,,,$10.20,$33.99,,,,,,9,,,,,2022-11-16
4373999,Baseball Cards 2022 Topps Cosmic Chrome,Bryce Harper [Gold Interstellar Refractor] #3,$41.05,,,$70.00,$77.00,$168.74,$219.00,$101.00,$101.00,,,$18.00,$44.99,,,,,,4,,,,,2022-11-16
4373599,Baseball Cards 2022 Topps Cosmic Chrome,Bryce Harper [Nucleus Refractor] #3,$20.00,,,,,$151.25,$197.00,$91.00,$49.47,,,$6.60,$21.99,,,,,,6,,,,,2022-11-16
4374199,Baseball Cards 2022 Topps Cosmic Chrome,Bryce Harper [Orange Galactic Refractor] #3,$105.02,$69.00,,$74.14,$82.00,$225.00,$293.00,$135.00,$135.00,,,$58.00,$116.00,$30.40,$75.99,,,,5,,,,,2022-11-16
4374599,Baseball Cards 2022 Topps Cosmic Chrome,Bryce Harper [Red Flare Refractor] #3,$330.02,,,,,,,,,,,$181.50,$363.00,,,,,,1,,,,,2022-11-16
4373397,Baseball Cards 2022 Topps Cosmic Chrome,Bryce Harper [Refractor] #3,$1.74,,,,,$100.00,$130.00,$60.00,$60.00,,,,$1.89,,,,,,7,,,,,2022-11-16
11410811,Baseball Cards 2022 Topps Cosmic Chrome,Bryce Harper [Superfractor] #3,,,,,,,,,,,,,,,,,,,0,,,,,2022-11-16
4373213,Baseball Cards 2022 Topps Cosmic Chrome,Bryson Stott #17,$1.47,,$6.41,$12.13,$23.69,$31.49,$41.00,$19.00,$22.50,,,,$1.59,,,$1.40,$7.09,,20,,,,,2022-11-16
4374414,Baseball Cards 2022 Topps Cosmic Chrome,Bryson Stott [Black Eclipse Refractor] #17,$170.00,,,,,,,,,,,$93.50,$187.00,,,,,,1,,,,,2022-11-16
4373813,Baseball Cards 2022 Topps Cosmic Chrome,Bryson Stott [Blue Moon Refractor] #17,$12.06,,,,,$66.00,$86.00,$40.00,$40.00,,,$3.30,$12.99,,,,,,5,,,,,2022-11-16
4374013,Baseball Cards 2022 Topps Cosmic Chrome,Bryson Stott [Gold Interstellar Refractor] #17,$58.28,,,,,$85.10,$111.00,$51.00,$51.00,,,$25.60,$63.99,,,,,,4,,,,,2022-11-16
4373613,Baseball Cards 2022 Topps Cosmic Chrome,Bryson Stott [Nucleus Refractor] #17,$5.50,,,,,$54.35,$71.00,$33.00,$33.00,,,$1.20,$6.09,,,,,,2,,,,,2022-11-16
4374214,Baseball Cards 2022 Topps Cosmic Chrome,Bryson Stott [Orange Galactic Refractor] #17,,,,,,$229.00,$298.00,$137.00,$137.00,,,,,,,,,,1,,,,,2022-11-16
4374613,Baseball Cards 2022 Topps Cosmic Chrome,Bryson Stott [Red Flare Refractor] #17,,,,,,$408.50,$531.00,$245.00,$245.00,,,,,,,,,,2,,,,,2022-11-16
4373412,Baseball Cards 2022 Topps Cosmic Chrome,Bryson Stott [Refractor] #17,$5.00,,,,,,,,$25.00,,,$1.10,$5.49,,,,,,2,,,,,2022-11-16
11410825,Baseball Cards 2022 Topps Cosmic Chrome,Bryson Stott [Superfractor] #17,,,,,,,,,,,,,,,,,,,0,,,,,2022-11-16
4373299,Baseball Cards 2022 Topps Cosmic Chrome,Byron Buxton #104,$1.32,,,,,,,,,,,,$1.49,,,,,,2,,,,,2022-11-16
4374501,Baseball Cards 2022 Topps Cosmic Chrome,Byron Buxton [Black Eclipse Refractor] #104,$115.00,,,,,,,,,,,$63.50,$127.00,,,,,,1,,,,,2022-11-16
4373900,Baseball Cards 2022 Topps Cosmic Chrome,Byron Buxton [Blue Moon Refractor] #104,$4.57,,,,,,,,,,,$1.00,$4.99,,,,,,4,,,,,2022-11-16
4374100,Baseball Cards 2022 Topps Cosmic Chrome,Byron Buxton [Gold Interstellar Refractor] #104,$10.00,,,,,,,,,,,$2.80,$10.99,,,,,,3,,,,,2022-11-16
4373700,Baseball Cards 2022 Topps Cosmic Chrome,Byron Buxton [Nucleus Refractor] #104,$7.21,,,,,,,,,,,$1.60,$7.89,,,,,,2,,,,,2022-11-16
4374301,Baseball Cards 2022 Topps Cosmic Chrome,Byron Buxton [Orange Galactic Refractor] #104,$10.54,,,,,,,,,,,$3.00,$11.99,,,,,,1,,,,,2022-11-16
4374700,Baseball Cards 2022 Topps Cosmic Chrome,Byron Buxton [Red Flare Refractor] #104,,,,,,,,,,,,,,,,,,,0,,,,,2022-11-16
4373499,Baseball Cards 2022 Topps Cosmic Chrome,Byron Buxton [Refractor] #104,$3.10,,,,,$15.26,$20.00,$9.00,$9.00,,,,$3.39,,,,,,2,,,,,2022-11-16
11410835,Baseball Cards 2022 Topps Cosmic Chrome,Byron Buxton [Superfractor] #104,,,,,,,,,,,,,,,,,,,0,,,,,2022-11-16
4373328,Baseball Cards 2022 Topps Cosmic Chrome,CJ Abrams #133,$1.99,,$12.66,$14.00,$21.00,$21.23,$28.00,$13.00,$13.00,,,,$2.19,,,$3.50,$13.99,,30,,,,,2022-11-16
4374530,Baseball Cards 2022 Topps Cosmic Chrome,CJ Abrams [Black Eclipse Refractor] #133,$50.00,,,,,$125.94,$164.00,$76.00,$76.00,,,$22.00,$54.99,,,,,,2,,,,,2022-11-16
4373929,Baseball Cards 2022 Topps Cosmic Chrome,CJ Abrams [Blue Moon Refractor] #133,$16.20,$6.50,$16.99,$49.99,$55.00,$60.00,$78.00,$36.00,$36.00,,,$4.50,$17.99,$1.40,$7.19,$4.80,$18.99,,9,,,,,2022-11-16
4374129,Baseball Cards 2022 Topps Cosmic Chrome,CJ Abrams [Gold Interstellar Refractor] #133,$35.00,,,$28.37,$31.00,$75.00,$98.00,$45.00,$45.00,,,$15.60,$38.99,,,,,,7,,,,,2022-11-16
4373729,Baseball Cards 2022 Topps Cosmic Chrome,CJ Abrams [Nucleus Refractor] #133,$3.31,,,$15.50,$17.00,$45.00,$59.00,$27.00,$27.00,,,,$3.59,,,,,,7,,,,,2022-11-16
4374330,Baseball Cards 2022 Topps Cosmic Chrome,CJ Abrams [Orange Galactic Refractor] #133,,,,,,$174.97,$227.00,$105.00,$105.00,,,,,,,,,,2,,,,,2022-11-16
4374728,Baseball Cards 2022 Topps Cosmic Chrome,CJ Abrams [Red Flare Refractor] #133,$120.30,,,,,$251.50,$327.00,$151.00,$151.00,,,$66.00,$132.00,,,,,,2,,,,,2022-11-16
4373528,Baseball Cards 2022 Topps Cosmic Chrome,CJ Abrams [Refractor] #133,$5.77,,,$49.99,$55.00,$60.00,$78.00,$36.00,$36.00,,,$1.30,$6.39,,,,,,7,,,,,2022-11-16
11410888,Baseball Cards 2022 Topps Cosmic Chrome,CJ Abrams [Superfractor] #133,,,,,,,,,,,,,,,,,,,0,,,,,2022-11-16
4373364,Baseball Cards 2022 Topps Cosmic Chrome,Cal Raleigh #169,$11.99,,$14.42,$37.49,$41.00,$122.40,$159.00,$73.00,$30.00,,,$3.30,$12.99,,,$4.00,$15.99,,114,,,,,2022-11-16
4374566,Baseball Cards 2022 Topps Cosmic Chrome,Cal Raleigh [Black Eclipse Refractor] #169,$52.29,,,$600.00,$660.00,$1100.00,$1430.00,$660.00,$660.00,,,$23.20,$57.99,,,,,,5,,,,,2022-11-16
4373965,Baseball Cards 2022 Topps Cosmic Chrome,Cal Raleigh [Blue Moon Refractor] #169,$122.50,,$103.42,$158.26,$186.00,$190.00,$247.00,$114.00,$114.00,,,$67.50,$135.00,,,$57.00,$114.00,,10,,,,,2022-11-16
4374165,Baseball Cards 2022 Topps Cosmic Chrome,Cal Raleigh [Gold Interstellar Refractor] #169,$150.00,,,$125.00,$138.00,$350.00,$455.00,$210.00,$210.00,,,$82.50,$165.00,,,,,,6,,,,,2022-11-16
4373765,Baseball Cards 2022 Topps Cosmic Chrome,Cal Raleigh [Nucleus Refractor] #169,$65.36,,,$75.00,$83.00,$193.42,$251.00,$116.00,$116.00,,,$28.80,$71.99,,,,,,9,,,,,2022-11-16
4374366,Baseball Cards 2022 Topps Cosmic Chrome,Cal Raleigh [Orange Galactic Refractor] #169,$81.02,,,,,$257.50,$335.00,$155.00,$155.00,,,$35.60,$88.99,,,,,,2,,,,,2022-11-16
4374765,Baseball Cards 2022 Topps Cosmic Chrome,Cal Raleigh [Red Flare Refractor] #169,$335.00,,,,,$1125.00,$1463.00,$675.00,$675.00,,,$184.50,$369.00,,,,,,2,,,,,2022-11-16
4373564,Baseball Cards 2022 Topps Cosmic Chrome,Cal Raleigh [Refractor] #169,$19.75,,$23.23,$37.46,$67.75,$119.74,$156.00,$72.00,$72.00,,,$6.60,$21.99,,,$7.80,$25.99,,9,,,,,2022-11-16
11410967,Baseball Cards 2022 Topps Cosmic Chrome,Cal Raleigh [Superfractor] #169,,,,,,,,,,,,,,,,,,,0,,,,,2022-11-16
4373274,Baseball Cards 2022 Topps Cosmic Chrome,Carlos Correa #79,$1.28,,,,,,,,,,,,$1.39,,,,,,4,,,,,2022-11-16
4374476,Baseball Cards 2022 Topps Cosmic Chrome,Carlos Correa [Black Eclipse Refractor] #79,$14.50,,,,,,,,,,,$4.00,$15.99,,,,,,1,,,,,2022-11-16
4373875,Baseball Cards 2022 Topps Cosmic Chrome,Carlos Correa [Blue Moon Refractor] #79,$6.18,,,,,$28.87,$38.00,$17.00,$17.00,,,$1.40,$6.79,,,,,,5,,,,,2022-11-16
4374075,Baseball Cards 2022 Topps Cosmic Chrome,Carlos Correa [Gold Interstellar Refractor] #79,$9.99,,,,,$18.50,$24.00,$11.00,$11.00,,,$2.80,$10.99,,,,,,3,,,,,2022-11-16
4373675,Baseball Cards 2022 Topps Cosmic Chrome,Carlos Correa [Nucleus Refractor] #79,$4.76,,,,,,,,,,,$1.00,$5.19,,,,,,4,,,,,2022-11-16
4374275,Baseball Cards 2022 Topps Cosmic Chrome,Carlos Correa [Orange Galactic Refractor] #79,$9.69,,,,,$30.00,$39.00,$18.00,$18.00,,,$2.80,$10.99,,,,,,2,,,,,2022-11-16
4374675,Baseball Cards 2022 Topps Cosmic Chrome,Carlos Correa [Red Flare Refractor] #79,$37.00,,,,,$42.00,$55.00,$25.00,$25.00,,,$16.40,$40.99,,,,,,2,,,,,2022-11-16
4373474,Baseball Cards 2022 Topps Cosmic Chrome,Carlos Correa [Refractor] #79,$2.91,,,,,,,,,,,,$3.19,,,,,,2,,,,,2022-11-16
11410940,Baseball Cards 2022 Topps Cosmic Chrome,Carlos Correa [Superfractor] #79,,,,,,,,,,,,,,,,,,,0,,,,,2022-11-16
4373353,Baseball Cards 2022 Topps Cosmic Chrome,Casey Mize #158,$1.04,,,,,,,,,,,,$1.09,,,,,,2,,,,,2022-11-16
4374555,Baseball Cards 2022 Topps Cosmic Chrome,Casey Mize [Black Eclipse Refractor] #158,$39.99,,,,,$22.50,$29.00,$14.00,$14.00,,,$17.60,$43.99,,,,,,1,,,,,2022-11-16
4373954,Baseball Cards 2022 Topps Cosmic Chrome,Casey Mize [Blue Moon Refractor] #158,$1.99,,,,,$16.28,$21.00,$10.00,$10.00,,,,$2.19,,,,,,4,,,,,2022-11-16
4374154,Baseball Cards 2022 Topps Cosmic Chrome,Casey Mize [Gold Interstellar Refractor] #158,$1.25,,,,,$81.00,$105.00,$49.00,$49.00,,,,$1.39,,,,,,4,,,,,2022-11-16
4373754,Baseball Cards 2022 Topps Cosmic Chrome,Casey Mize [Nucleus Refractor] #158,$4.24,,,,,,,,,,,$0.90,$4.69,,,,,,1,,,,,2022-11-16
4374355,Baseball Cards 2022 Topps Cosmic Chrome,Casey Mize [Orange Galactic Refractor] #158,$7.37,,,,,,,,,,,$1.60,$8.09,,,,,,1,,,,,2022-11-16
4374754,Baseball Cards 2022 Topps Cosmic Chrome,Casey Mize [Red Flare Refractor] #158,$20.50,,,,,,,,,,,$6.90,$22.99,,,,,,1,,,,,2022-11-16
4373553,Baseball Cards 2022 Topps Cosmic Chrome,Casey Mize [Refractor] #158,$2.49,,,,,,,,,,,,$2.69,,,,,,2,,,,,2022-11-16
11410949,Baseball Cards 2022 Topps Cosmic Chrome,Casey Mize [Superfractor] #158,,,,,,,,,,,,,,,,,,,0,,,,,2022-11-16
4373235,Baseball Cards 2022 Topps Cosmic Chrome,Cedric Mullins #40,$1.82,,,,,,,,,,,,$1.99,,,,,,4,,,,,2022-11-16
4374437,Baseball Cards 2022 Topps Cosmic Chrome,Cedric Mullins [Black Eclipse Refractor] #40,$15.00,,,,,,,,,,,$4.30,$16.99,,,,,,1,,,,,2022-11-16
4373836,Baseball Cards 2022 Topps Cosmic Chrome,Cedric Mullins [Blue Moon Refractor] #40,$2.64,,,,,,,,,,,,$2.89,,,,,,4,,,,,2022-11-16
4374036,Baseball Cards 2022 Topps Cosmic Chrome,Cedric Mullins [Gold Interstellar Refractor] #40,$12.87,,,,,,,,,,,$3.50,$13.99,,,,,,2,,,,,2022-11-16
4373636,Baseball Cards 2022 Topps Cosmic Chrome,Cedric Mullins [Nucleus Refractor] #40,$3.88,,,,,$32.50,$42.00,$20.00,$20.00,,,$0.90,$4.29,,,,,,2,,,,,2022-11-16
4374236,Baseball Cards 2022 Topps Cosmic Chrome,Cedric Mullins [Orange Galactic Refractor] #40,$10.00,,,,,,,,,,,$2.80,$10.99,,,,,,1,,,,,2022-11-16
4374636,Baseball Cards 2022 Topps Cosmic Chrome,Cedric Mullins [Red Flare Refractor] #40,$69.95,,,,,,,,,,,$30.80,$76.99,,,,,,1,,,,,2022-11-16
4373435,Baseball Cards 2022 Topps Cosmic Chrome,Cedric Mullins [Refractor] #40,$2.25,,,,,,,,,,,,$2.49,,,,,,1,,,,,2022-11-16
11410872,Baseball Cards 2022 Topps Cosmic Chrome,Cedric Mullins [Superfractor] #40,,,,,,$699.99,$910.00,$420.00,$420.00,,,,,,,,,,1,,,,,2022-11-16
4373195,Baseball Cards 2022 Topps Cosmic Chrome,Cello Box,,,,,,,,,,,,,,,,,,,0,,,,,2022-11-16
4373392,Baseball Cards 2022 Topps Cosmic Chrome,Chris Sale #198,$1.09,,,,,,,,,,,,$1.19,,,,,,3,,,,,2022-11-16
4374594,Baseball Cards 2022 Topps Cosmic Chrome,Chris Sale [Black Eclipse Refractor] #198,$46.81,,,,,,,,,,,$20.40,$50.99,,,,,,2,,,,,2022-11-16
4373994,Baseball Cards 2022 Topps Cosmic Chrome,Chris Sale [Blue Moon Refractor] #198,$6.49,,,,,,,,,,,$1.40,$7.09,,,,,,2,,,,,2022-11-16
4374194,Baseball Cards 2022 Topps Cosmic Chrome,Chris Sale [Gold Interstellar Refractor] #198,$4.25,,,,,$75.00,$98.00,$45.00,$45.00,,,$0.90,$4.69,,,,,,3,,,,,2022-11-16
4373794,Baseball Cards 2022 Topps Cosmic Chrome,Chris Sale [Nucleus Refractor] #198,$2.25,,,,,,,,,,,,$2.49,,,,,,2,,,,,2022-11-16
4374395,Baseball Cards 2022 Topps Cosmic Chrome,Chris Sale [Orange Galactic Refractor] #198,$26.00,,,,,,,,,,,$8.70,$28.99,,,,,,1,,,,,2022-11-16
4374794,Baseball Cards 2022 Topps Cosmic Chrome,Chris Sale [Red Flare Refractor] #198,,,,,,,,,,,,,,,,,,,0,,,,,2022-11-16
4373594,Baseball Cards 2022 Topps Cosmic Chrome,Chris Sale [Refractor] #198,$4.14,,,,,,,,,,,$0.90,$4.59,,,,,,2,,,,,2022-11-16
11410997,Baseball Cards 2022 Topps Cosmic Chrome,Chris Sale [Superfractor] #198,$585.00,,,,,,,,,,,$386.40,$644.00,,,,,,1,,,,,2022-11-16
4373319,Baseball Cards 2022 Topps Cosmic Chrome,Christian Yelich #124,$1.70,,$5.50,,,,,,,,,,$1.89,,,$1.20,$6.09,,4,,,,,2022-11-16
4374521,Baseball Cards 2022 Topps Cosmic Chrome,Christian Yelich [Black Eclipse Refractor] #124,$49.70,,,$52.32,$58.00,,,,,,,$22.00,$54.99,,,,,,2,,,,,2022-11-16
4373920,Baseball Cards 2022 Topps Cosmic Chrome,Christian Yelich [Blue Moon Refractor] #124,$4.15,,,,,$28.00,$36.00,$17.00,$17.00,,,$0.90,$4.59,,,,,,2,,,,,2022-11-16
4374120,Baseball Cards 2022 Topps Cosmic Chrome,Christian Yelich [Gold Interstellar Refractor] #124,$10.51,,,$21.16,$23.00,,,,,,,$3.00,$11.99,,,,,,3,,,,,2022-11-16
4373720,Baseball Cards 2022 Topps Cosmic Chrome,Christian Yelich [Nucleus Refractor] #124,$1.88,,,,,,,,,,,,$2.09,,,,,,2,,,,,2022-11-16
4374321,Baseball Cards 2022 Topps Cosmic Chrome,Christian Yelich [Orange Galactic Refractor] #124,$20.00,,,,,,,,,,,$6.60,$21.99,,,,,,2,,,,,2022-11-16
4374719,Baseball Cards 2022 Topps Cosmic Chrome,Christian Yelich [Red Flare Refractor] #124,,,,,,$203.50,$265.00,$122.00,$122.00,,,,,,,,,,1,,,,,2022-11-16
4373519,Baseball Cards 2022 Topps Cosmic Chrome,Christian Yelich [Refractor] #124,$4.14,,,,,,,,,,,$0.90,$4.59,,,,,,1,,,,,2022-11-16
11410871,Baseball Cards 2022 Topps Cosmic Chrome,Christian Yelich [Superfractor] #124,,,,,,,,,,,,,,,,,,,0,,,,,2022-11-16
4373339,Baseball Cards 2022 Topps Cosmic Chrome,Clayton Kershaw #144,$2.51,,$6.42,$12.14,$23.72,$39.99,$52.00,$24.00,$24.00,,,,$2.79,,,$1.40,$7.09,,15,,,,,2022-11-16
4374541,Baseball Cards 2022 Topps Cosmic Chrome,Clayton Kershaw [Black Eclipse Refractor] #144,$311.54,,,,,,,,,,,$171.50,$343.00,,,,,,1,,,,,2022-11-16
4373940,Baseball Cards 2022 Topps Cosmic Chrome,Clayton Kershaw [Blue Moon Refractor] #144,$15.19,,,,,$56.85,$74.00,$34.00,$34.00,,,$4.30,$16.99,,,,,,4,,,,,2022-11-16
4374140,Baseball Cards 2022 Topps Cosmic Chrome,Clayton Kershaw [Gold Interstellar Refractor] #144,$17.50,,,,,,,,,,,$4.80,$18.99,,,,,,2,,,,,2022-11-16
4373740,Baseball Cards 2022 Topps Cosmic Chrome,Clayton Kershaw [Nucleus Refractor] #144,$8.77,,,,,$75.01,$98.00,$45.00,$45.00,,,$1.90,$9.69,,,,,,3,,,,,2022-11-16
4374341,Baseball Cards 2022 Topps Cosmic Chrome,Clayton Kershaw [Orange Galactic Refractor] #144,$40.22,,,$75.00,$83.00,,,,,,,$17.60,$43.99,,,,,,2,,,,,2022-11-16
4374740,Baseball Cards 2022 Topps Cosmic Chrome,Clayton Kershaw [Red Flare Refractor] #144,$211.26,,,,,,,,,,,$116.00,$232.00,,,,,,1,,,,,2022-11-16
4373539,Baseball Cards 2022 Topps Cosmic Chrome,Clayton Kershaw [Refractor] #144,$10.00,,,,,$54.99,$71.00,$33.00,$33.00,,,$2.80,$10.99,,,,,,3,,,,,2022-11-16
11410908,Baseball Cards 2022 Topps Cosmic Chrome,Clayton Kershaw [Superfractor] #144,,,,,,,,,,,,,,,,,,,0,,,,,2022-11-16
4373232,Baseball Cards 2022 Topps Cosmic Chrome,Cody Bellinger #37,$1.15,,$5.92,$11.39,$22.41,$32.63,$42.00,$20.00,$20.00,,,,$1.29,,,$1.30,$6.49,,6,,,,,2022-11-16
4374434,Baseball Cards 2022 Topps Cosmic Chrome,Cody Bellinger [Black Eclipse Refractor] #37,$37.14,,,,,$289.00,$376.00,$173.00,$173.00,,,$16.40,$40.99,,,,,,2,,,,,2022-11-16
4373833,Baseball Cards 2022 Topps Cosmic Chrome,Cody Bellinger [Blue Moon Refractor] #37,$10.13,,,,,$19.50,$25.00,$12.00,$27.91,,,$2.80,$10.99,,,,,,6,,,,,2022-11-16
4374033,Baseball Cards 2022 Topps Cosmic Chrome,Cody Bellinger [Gold Interstellar Refractor] #37,$5.50,,,,,,,,$24.99,,,$1.20,$6.09,,,,,,1,,,,,2022-11-16
4373633,Baseball Cards 2022 Topps Cosmic Chrome,Cody Bellinger [Nucleus Refractor] #37,$0.99,,,,,,,,,,,,$1.09,,,,,,4,,,,,2022-11-16
4374233,Baseball Cards 2022 Topps Cosmic Chrome,Cody Bellinger [Orange Galactic Refractor] #37,$21.64,,,,,,,,,,,$7.20,$23.99,,,,,,1,,,,,2022-11-16
4374633,Baseball Cards 2022 Topps Cosmic Chrome,Cody Bellinger [Red Flare Refractor] #37,$39.00,,,,,,,,,,,$17.20,$42.99,,,,,,1,,,,,2022-11-16
4373432,Baseball Cards 2022 Topps Cosmic Chrome,Cody Bellinger [Refractor] #37,$1.26,,,,,,,,,,,,$1.39,,,,,,2,,,,,2022-11-16
11410866,Baseball Cards 2022 Topps Cosmic Chrome,Cody Bellinger [Superfractor] #37,,,,,,,,,,,,,,,,,,,0,,,,,2022-11-16
4373218,Baseball Cards 2022 Topps Cosmic Chrome,Colton Welker #22,$1.79,,,,,,,,,,,,$1.99,,,,,,2,,,,,2022-11-16
4374419,Baseball Cards 2022 Topps Cosmic Chrome,Colton Welker [Black Eclipse Refractor] #22,$12.04,,,,,$30.00,$39.00,$18.00,$18.00,,,$3.30,$12.99,,,,,,2,,,,,2022-11-16
4373818,Baseball Cards 2022 Topps Cosmic Chrome,Colton Welker [Blue Moon Refractor] #22,$1.82,,,,,$5.50,$7.00,$3.00,$3.00,,,,$1.99,,,,,,3,,,,,2022-11-16
4374018,Baseball Cards 2022 Topps Cosmic Chrome,Colton Welker [Gold Interstellar Refractor] #22,$4.51,,,,,,,,,,,$1.00,$4.99,,,,,,1,,,,,2022-11-16
4373618,Baseball Cards 2022 Topps Cosmic Chrome,Colton Welker [Nucleus Refractor] #22,$3.49,,,,,$9.50,$12.00,$6.00,$6.00,,,$0.80,$3.79,,,,,,2,,,,,2022-11-16
4374219,Baseball Cards 2022 Topps Cosmic Chrome,Colton Welker [Orange Galactic Refractor] #22,$5.25,,,,,$11.50,$15.00,$7.00,$7.00,,,$1.20,$5.79,,,,,,2,,,,,2022-11-16
4374618,Baseball Cards 2022 Topps Cosmic Chrome,Colton Welker [Red Flare Refractor] #22,,,,,,,,,,,,,,,,,,,0,,,,,2022-11-16
4373417,Baseball Cards 2022 Topps Cosmic Chrome,Colton Welker [Refractor] #22,$3.42,,,,,,,,,,,$0.80,$3.79,,,,,,1,,,,,2022-11-16
11410832,Baseball Cards 2022 Topps Cosmic Chrome,Colton Welker [Superfractor] #22,,,,,,,,,,,,,,,,,,,0,,,,,2022-11-16
4373225,Baseball Cards 2022 Topps Cosmic Chrome,Corbin Burnes #30,$0.99,,,,,,,,,,,,$1.09,,,,,,2,,,,,2022-11-16
4374427,Baseball Cards 2022 Topps Cosmic Chrome,Corbin Burnes [Black Eclipse Refractor] #30,$19.99,,,$34.99,$38.00,,,,,,,$6.60,$21.99,,,,,,2,,,,,2022-11-16
4373826,Baseball Cards 2022 Topps Cosmic Chrome,Corbin Burnes [Blue Moon Refractor] #30,$2.80,,,,,$11.50,$15.00,$7.00,$7.00,,,,$3.09,,,,,,4,,,,,2022-11-16
4374026,Baseball Cards 2022 Topps Cosmic Chrome,Corbin Burnes [Gold Interstellar Refractor] #30,$6.01,,,,,$9.19,$12.00,$6.00,$6.00,,,$1.30,$6.59,,,,,,4,,,,,2022-11-16
4373626,Baseball Cards 2022 Topps Cosmic Chrome,Corbin Burnes [Nucleus Refractor] #30,$3.25,,,,,,,,,,,,$3.59,,,,,,1,,,,,2022-11-16
4374226,Baseball Cards 2022 Topps Cosmic Chrome,Corbin Burnes [Orange Galactic Refractor] #30,$12.99,,,,,,,,,,,$3.50,$13.99,,,,,,1,,,,,2022-11-16
4374626,Baseball Cards 2022 Topps Cosmic Chrome,Corbin Burnes [Red Flare Refractor] #30,,,,,,,,,,,,,,,,,,,0,,,,,2022-11-16
4373425,Baseball Cards 2022 Topps Cosmic Chrome,Corbin Burnes [Refractor] #30,$0.99,,,,,,,,,,,,$1.09,,,,,,1,,,,,2022-11-16
11410850,Baseball Cards 2022 Topps Cosmic Chrome,Corbin Burnes [Superfractor] #30,,,,,,,,,,,,,,,,,,,0,,,,,2022-11-16
4373305,Baseball Cards 2022 Topps Cosmic Chrome,Corey Seager #110,$1.23,,,,,$29.00,$38.00,$17.00,$17.00,,,,$1.39,,,,,,6,,,,,2022-11-16
4374507,Baseball Cards 2022 Topps Cosmic Chrome,Corey Seager [Black Eclipse Refractor] #110,$69.99,,,,,,,,,,,$30.80,$76.99,,,,,,1,,,,,2022-11-16
4373906,Baseball Cards 2022 Topps Cosmic Chrome,Corey Seager [Blue Moon Refractor] #110,$8.23,,,,,$54.58,$71.00,$33.00,$33.00,,,$1.80,$9.09,,,,,,6,,,,,2022-11-16
4374106,Baseball Cards 2022 Topps Cosmic Chrome,Corey Seager [Gold Interstellar Refractor] #110,$14.49,,,,,$57.75,$75.00,$35.00,$35.00,,,$4.00,$15.99,,,,,,3,,,,,2022-11-16
4373706,Baseball Cards 2022 Topps Cosmic Chrome,Corey Seager [Nucleus Refractor] #110,$3.50,,,,,,,,,,,$0.80,$3.89,,,,,,1,,,,,2022-11-16
4374307,Baseball Cards 2022 Topps Cosmic Chrome,Corey Seager [Orange Galactic Refractor] #110,$15.11,,,,,,,,,,,$4.30,$16.99,,,,,,2,,,,,2022-11-16
4374706,Baseball Cards 2022 Topps Cosmic Chrome,Corey Seager [Red Flare Refractor] #110,$37.50,,,,,,,,,,,$16.40,$40.99,,,,,,1,,,,,2022-11-16
4373505,Baseball Cards 2022 Topps Cosmic Chrome,Corey Seager [Refractor] #110,$4.32,,,,,$35.00,$46.00,$21.00,$21.00,,,$1.00,$4.79,,,,,,4,,,,,2022-11-16
11410845,Baseball Cards 2022 Topps Cosmic Chrome,Corey Seager [Superfractor] #110,,,,,,,,,,,,,,,,,,,0,,,,,2022-11-16
4373343,Baseball Cards 2022 Topps Cosmic Chrome,DJ LeMahieu #148,$1.37,,,,,,,,,,,,$1.49,,,,,,2,,,,,2022-11-16
4374545,Baseball Cards 2022 Topps Cosmic Chrome,DJ LeMahieu [Black Eclipse Refractor] #148,,,,,,,,,,,,,,,,,,,0,,,,,2022-11-16
4373944,Baseball Cards 2022 Topps Cosmic Chrome,DJ LeMahieu [Blue Moon Refractor] #148,$2.83,,,,,,,,,,,,$3.09,,,,,,2,,,,,2022-11-16
4374144,Baseball Cards 2022 Topps Cosmic Chrome,DJ LeMahieu [Gold Interstellar Refractor] #148,$3.25,,,,,,,,,,,,$3.59,,,,,,2,,,,,2022-11-16
4373744,Baseball Cards 2022 Topps Cosmic Chrome,DJ LeMahieu [Nucleus Refractor] #148,$2.12,,,,,,,,,,,,$2.29,,,,,,3,,,,,2022-11-16
4374345,Baseball Cards 2022 Topps Cosmic Chrome,DJ LeMahieu [Orange Galactic Refractor] #148,$10.40,,,,,$28.00,$36.00,$17.00,$17.00,,,$2.80,$10.99,,,,,,2,,,,,2022-11-16
4374744,Baseball Cards 2022 Topps Cosmic Chrome,DJ LeMahieu [Red Flare Refractor] #148,,,,,,,,,,,,,,,,,,,0,,,,,2022-11-16
4373543,Baseball Cards 2022 Topps Cosmic Chrome,DJ LeMahieu [Refractor] #148,$1.25,,,,,,,,,,,,$1.39,,,,,,1,,,,,2022-11-16
11410915,Baseball Cards 2022 Topps Cosmic Chrome,DJ LeMahieu [Superfractor] #148,,,,,,,,,,,,,,,,,,,0,,,,,2022-11-16
4375333,Baseball Cards 2022 Topps Cosmic Chrome,Dallas Keuchel #184,$1.49,,,,,,,,,,,,$1.59,,,,,,1,,,,,2022-11-16
4374580,Baseball Cards 2022 Topps Cosmic Chrome,Dallas Keuchel [Black Eclipse Refractor] #184,$2.99,,,,,,,,,,,,$3.29,,,,,,1,,,,,2022-11-16
4373980,Baseball Cards 2022 Topps Cosmic Chrome,Dallas Keuchel [Blue Moon Refractor] #184,$2.29,,,,,,,,,,,,$2.49,,,,,,1,,,,,2022-11-16
4374180,Baseball Cards 2022 Topps Cosmic Chrome,Dallas Keuchel [Gold Interstellar Refractor] #184,$1.00,,,,,,,,,,,,$1.09,,,,,,1,,,,,2022-11-16
4373780,Baseball Cards 2022 Topps Cosmic Chrome,Dallas Keuchel [Nucleus Refractor] #184,$2.80,,,,,$14.99,$19.00,$9.00,$9.00,,,,$3.09,,,,,,2,,,,,2022-11-16
4374381,Baseball Cards 2022 Topps Cosmic Chrome,Dallas Keuchel [Orange Galactic Refractor] #184,$10.89,,,,,$22.50,$29.00,$14.00,$14.00,,,$3.00,$11.99,,,,,,1,,,,,2022-11-16
4374780,Baseball Cards 2022 Topps Cosmic Chrome,Dallas Keuchel [Red Flare Refractor] #184,,,,,,,,,,,,,,,,,,,0,,,,,2022-11-16
4373579,Baseball Cards 2022 Topps Cosmic Chrome,Dallas Keuchel [Refractor] #184,$3.62,,,,,,,,,,,$0.80,$3.99,,,,,,1,,,,,2022-11-16
11410983,Baseball Cards 2022 Topps Cosmic Chrome,Dallas Keuchel [Superfractor] #184,,,,,,,,,,,,,,,,,,,0,,,,,2022-11-16
4373373,Baseball Cards 2022 Topps Cosmic Chrome,Dansby Swanson #178,$1.00,,,,,,,,,,,,$1.09,,,,,,3,,,,,2022-11-16
4374575,Baseball Cards 2022 Topps Cosmic Chrome,Dansby Swanson [Black Eclipse Refractor] #178,,,,,,$90.00,$117.00,$54.00,$54.00,,,,,,,,,,1,,,,,2022-11-16
4373975,Baseball Cards 2022 Topps Cosmic Chrome,Dansby Swanson [Blue Moon Refractor] #178,$4.84,,,,,$23.38,$30.00,$14.00,$14.00,,,$1.10,$5.29,,,,,,2,,,,,2022-11-16
4374174,Baseball Cards 2022 Topps Cosmic Chrome,Dansby Swanson [Gold Interstellar Refractor] #178,$17.50,,,,,,,,,,,$4.80,$18.99,,,,,,2,,,,,2022-11-16
4373774,Baseball Cards 2022 Topps Cosmic Chrome,Dansby Swanson [Nucleus Refractor] #178,$2.99,,,,,$21.50,$28.00,$13.00,$13.00,,,,$3.29,,,,,,3,,,,,2022-11-16
4374375,Baseball Cards 2022 Topps Cosmic Chrome,Dansby Swanson [Orange Galactic Refractor] #178,$6.50,,,,,,,,$50.00,,,$1.40,$7.19,,,,,,1,,,,,2022-11-16
4374774,Baseball Cards 2022 Topps Cosmic Chrome,Dansby Swanson [Red Flare Refractor] #178,,,,,,$34.00,$44.00,$20.00,$20.00,,,,,,,,,,1,,,,,2022-11-16
4373573,Baseball Cards 2022 Topps Cosmic Chrome,Dansby Swanson [Refractor] #178,$5.95,,,,,,,,,,,$1.30,$6.59,,,,,,1,,,,,2022-11-16
11410976,Baseball Cards 2022 Topps Cosmic Chrome,Dansby Swanson [Superfractor] #178,,,,,,,,,,,,,,,,,,,0,,,,,2022-11-16
4373205,Baseball Cards 2022 Topps Cosmic Chrome,Daulton Varsho #9,$1.33,,,,,,,,,,,,$1.49,,,,,,1,,,,,2022-11-16
4374406,Baseball Cards 2022 Topps Cosmic Chrome,Daulton Varsho [Black Eclipse Refractor] #9,,,,,,,,,,,,,,,,,,,0,,,,,2022-11-16
4373805,Baseball Cards 2022 Topps Cosmic Chrome,Daulton Varsho [Blue Moon Refractor] #9,$4.25,,,,,,,,,,,$0.90,$4.69,,,,,,2,,,,,2022-11-16
4374005,Baseball Cards 2022 Topps Cosmic Chrome,Daulton Varsho [Gold Interstellar Refractor] #9,$8.49,,,,,$20.00,$26.00,$12.00,$12.00,,,$1.90,$9.29,,,,,,2,,,,,2022-11-16
4373605,Baseball Cards 2022 Topps Cosmic Chrome,Daulton Varsho [Nucleus Refractor] #9,$2.76,,,,,,,,,,,,$2.99,,,,,,1,,,,,2022-11-16
4374206,Baseball Cards 2022 Topps Cosmic Chrome,Daulton Varsho [Orange Galactic Refractor] #9,$10.49,,,,,,,,,,,$3.00,$11.99,,,,,,1,,,,,2022-11-16
4374605,Baseball Cards 2022 Topps Cosmic Chrome,Daulton Varsho [Red Flare Refractor] #9,,,,,,,,,,,,,,,,,,,0,,,,,2022-11-16
4373403,Baseball Cards 2022 Topps Cosmic Chrome,Daulton Varsho [Refractor] #9,$3.00,,,,,,,,,,,,$3.29,,,,,,1,,,,,2022-11-16
11410817,Baseball Cards 2022 Topps Cosmic Chrome,Daulton Varsho [Superfractor] #9,,,,,,,,,,,,,,,,,,,0,,,,,2022-11-16
4373249,Baseball Cards 2022 Topps Cosmic Chrome,David Fletcher #54,$0.99,,,,,,,,,,,,$1.09,,,,,,1,,,,,2022-11-16
4374451,Baseball Cards 2022 Topps Cosmic Chrome,David Fletcher [Black Eclipse Refractor] #54,$15.00,,,,,,,,,,,$4.30,$16.99,,,,,,1,,,,,2022-11-16
4373850,Baseball Cards 2022 Topps Cosmic Chrome,David Fletcher [Blue Moon Refractor] #54,$2.63,,,,,,,,,,,,$2.89,,,,,,1,,,,,2022-11-16
4374050,Baseball Cards 2022 Topps Cosmic Chrome,David Fletcher [Gold Interstellar Refractor] #54,$3.12,,,,,,,,,,,,$3.39,,,,,,1,,,,,2022-11-16
4373650,Baseball Cards 2022 Topps Cosmic Chrome,David Fletcher [Nucleus Refractor] #54,$1.25,,,,,$24.37,$32.00,$15.00,$15.00,,,,$1.39,,,,,,2,,,,,2022-11-16
4374250,Baseball Cards 2022 Topps Cosmic Chrome,David Fletcher [Orange Galactic Refractor] #54,$8.42,,,,,,,,,,,$1.90,$9.29,,,,,,1,,,,,2022-11-16
4374650,Baseball Cards 2022 Topps Cosmic Chrome,David Fletcher [Red Flare Refractor] #54,$49.99,,,,,,,,,,,$22.00,$54.99,,,,,,1,,,,,2022-11-16
4373449,Baseball Cards 2022 Topps Cosmic Chrome,David Fletcher [Refractor] #54,$2.00,,,,,,,,,,,,$2.19,,,,,,1,,,,,2022-11-16
11410903,Baseball Cards 2022 Topps Cosmic Chrome,David Fletcher [Superfractor] #54,,,,,,,,,,,,,,,,,,,0,,,,,2022-11-16
4373337,Baseball Cards 2022 Topps Cosmic Chrome,David Peralta #142,$1.13,,,,,,,,,,,,$1.19,,,,,,1,,,,,2022-11-16
4374539,Baseball Cards 2022 Topps Cosmic Chrome,David Peralta [Black Eclipse Refractor] #142,$11.25,,,,,,,,,,,$3.00,$11.99,,,,,,1,,,,,2022-11-16
4373938,Baseball Cards 2022 Topps Cosmic Chrome,David Peralta [Blue Moon Refractor] #142,$2.66,,,,,$19.80,$26.00,$12.00,$12.00,,,,$2.89,,,,,,3,,,,,2022-11-16
4374138,Baseball Cards 2022 Topps Cosmic Chrome,David Peralta [Gold Interstellar Refractor] #142,$3.50,,,,,,,,,,,$0.80,$3.89,,,,,,1,,,,,2022-11-16
4373738,Baseball Cards 2022 Topps Cosmic Chrome,David Peralta [Nucleus Refractor] #142,$3.75,,,,,$14.99,$19.00,$9.00,$9.00,,,$0.80,$4.09,,,,,,3,,,,,2022-11-16
4374339,Baseball Cards 2022 Topps Cosmic Chrome,David Peralta [Orange Galactic Refractor] #142,$5.50,,,,,,,,,,,$1.20,$6.09,,,,,,1,,,,,2022-11-16
4374738,Baseball Cards 2022 Topps Cosmic Chrome,David Peralta [Red Flare Refractor] #142,$59.00,,,,,,,,,,,$26.00,$64.99,,,,,,0,,,,,2022-11-16
4373537,Baseball Cards 2022 Topps Cosmic Chrome,David Peralta [Refractor] #142,$3.99,,,,,,,,,,,$0.90,$4.39,,,,,,0,,,,,2022-11-16
11410905,Baseball Cards 2022 Topps Cosmic Chrome,David Peralta [Superfractor] #142,,,,,,,,,,,,,,,,,,,0,,,,,2022-11-16
4373308,Baseball Cards 2022 Topps Cosmic Chrome,Dylan Carlson #113,$0.99,,,,,,,,,,,,$1.09,,,,,,3,,,,,2022-11-16
4374510,Baseball Cards 2022 Topps Cosmic Chrome,Dylan Carlson [Black Eclipse Refractor] #113,$44.99,,,,,,,,,,,$19.60,$48.99,,,,,,0,,,,,2022-11-16
4373909,Baseball Cards 2022 Topps Cosmic Chrome,Dylan Carlson [Blue Moon Refractor] #113,$5.50,,,,,$7.00,$9.00,$4.00,$4.00,,,$1.20,$6.09,,,,,,4,,,,,2022-11-16
4374109,Baseball Cards 2022 Topps Cosmic Chrome,Dylan Carlson [Gold Interstellar Refractor] #113,$8.99,,,,,$5.50,$7.00,$3.00,$3.00,,,$2.00,$9.89,,,,,,2,,,,,2022-11-16
4373709,Baseball Cards 2022 Topps Cosmic Chrome,Dylan Carlson [Nucleus Refractor] #113,$0.99,,,,,$20.13,$26.00,$12.00,$12.00,,,,$1.09,,,,,,2,,,,,2022-11-16
4374310,Baseball Cards 2022 Topps Cosmic Chrome,Dylan Carlson [Orange Galactic Refractor] #113,$24.99,,,,,,,,,,,$8.10,$26.99,,,,,,1,,,,,2022-11-16
4374709,Baseball Cards 2022 Topps Cosmic Chrome,Dylan Carlson [Red Flare Refractor] #113,$69.07,,,,,,,,,,,$30.40,$75.99,,,,,,1,,,,,2022-11-16
4373508,Baseball Cards 2022 Topps Cosmic Chrome,Dylan Carlson [Refractor] #113,$5.01,,,,,,,,,,,$1.10,$5.49,,,,,,1,,,,,2022-11-16
11410851,Baseball Cards 2022 Topps Cosmic Chrome,Dylan Carlson [Superfractor] #113,,,,,,,,,,,,,,,,,,,0,,,,,2022-11-16
4373242,Baseball Cards 2022 Topps Cosmic Chrome,Eloy Jimenez #47,$1.25,,,,,,,,,,,,$1.39,,,,,,2,,,,,2022-11-16
4374444,Baseball Cards 2022 Topps Cosmic Chrome,Eloy Jimenez [Black Eclipse Refractor] #47,$20.00,,,,,,,,,,,$6.60,$21.99,,,,,,1,,,,,2022-11-16
4373843,Baseball Cards 2022 Topps Cosmic Chrome,Eloy Jimenez [Blue Moon Refractor] #47,$2.50,,,,,$15.50,$20.00,$9.00,$9.00,,,,$2.79,,,,,,3,,,,,2022-11-16
4374043,Baseball Cards 2022 Topps Cosmic Chrome,Eloy Jimenez [Gold Interstellar Refractor] #47,$11.25,,,,,,,,,,,$3.00,$11.99,,,,,,1,,,,,2022-11-16
4373643,Baseball Cards 2022 Topps Cosmic Chrome,Eloy Jimenez [Nucleus Refractor] #47,$1.62,,,,,,,,,,,,$1.79,,,,,,2,,,,,2022-11-16
4374243,Baseball Cards 2022 Topps Cosmic Chrome,Eloy Jimenez [Orange Galactic Refractor] #47,$7.95,,,,,,,,,,,$1.80,$8.79,,,,,,1,,,,,2022-11-16
4374643,Baseball Cards 2022 Topps Cosmic Chrome,Eloy Jimenez [Red Flare Refractor] #47,$48.53,,,,,,,,,,,$21.20,$52.99,,,,,,1,,,,,2022-11-16
4373442,Baseball Cards 2022 Topps Cosmic Chrome,Eloy Jimenez [Refractor] #47,$1.10,,,,,,,,,,,,$1.19,,,,,,1,,,,,2022-11-16
11410887,Baseball Cards 2022 Topps Cosmic Chrome,Eloy Jimenez [Superfractor] #47,,,,,,,,,,,,,,,,,,,0,,,,,2022-11-16
4373200,Baseball Cards 2022 Topps Cosmic Chrome,Emmanuel Rivera #4,$0.99,,$5.80,$11.20,$22.08,$41.99,$55.00,$25.00,$25.00,,,,$1.09,,,$1.30,$6.39,,8,,,,,2022-11-16
4374401,Baseball Cards 2022 Topps Cosmic Chrome,Emmanuel Rivera [Black Eclipse Refractor] #4,$45.00,,,,,,,,,,,$20.00,$49.99,,,,,,1,,,,,2022-11-16
4373800,Baseball Cards 2022 Topps Cosmic Chrome,Emmanuel Rivera [Blue Moon Refractor] #4,$3.04,,,,,$4.25,$6.00,$3.00,$3.00,,,,$3.29,,,,,,2,,,,,2022-11-16
4374000,Baseball Cards 2022 Topps Cosmic Chrome,Emmanuel Rivera [Gold Interstellar Refractor] #4,$9.42,,,,,,,,,,,$2.00,$9.99,,,,,,1,,,,,2022-11-16
4373600,Baseball Cards 2022 Topps Cosmic Chrome,Emmanuel Rivera [Nucleus Refractor] #4,$5.82,,,,,$14.00,$18.00,$8.00,$8.00,,,$1.30,$6.39,,,,,,4,,,,,2022-11-16
4374200,Baseball Cards 2022 Topps Cosmic Chrome,Emmanuel Rivera [Orange Galactic Refractor] #4,$14.62,,,,,,,,,,,$4.00,$15.99,,,,,,0,,,,,2022-11-16
4374600,Baseball Cards 2022 Topps Cosmic Chrome,Emmanuel Rivera [Red Flare Refractor] #4,$8.50,,,$41.00,$45.00,$72.26,$94.00,$43.00,$43.00,,,$1.90,$9.39,,,,,,3,,,,,2022-11-16
4373398,Baseball Cards 2022 Topps Cosmic Chrome,Emmanuel Rivera [Refractor] #4,$1.80,,,,,,,,,,,,$1.99,,,,,,1,,,,,2022-11-16
11410812,Baseball Cards 2022 Topps Cosmic Chrome,Emmanuel Rivera [Superfractor] #4,,,,,,,,,,,,,,,,,,,0,,,,,2022-11-16
4373281,Baseball Cards 2022 Topps Cosmic Chrome,Eric Hosmer #86,$0.32,,,,,,,,,,,,$0.99,,,,,,1,,,,,2022-11-16
4374483,Baseball Cards 2022 Topps Cosmic Chrome,Eric Hosmer [Black Eclipse Refractor] #86,$5.00,,,,,,,,,,,$1.10,$5.49,,,,,,1,,,,,2022-11-16
4373882,Baseball Cards 2022 Topps Cosmic Chrome,Eric Hosmer [Blue Moon Refractor] #86,$2.99,,,,,,,,,,,,$3.29,,,,,,3,,,,,2022-11-16
4374082,Baseball Cards 2022 Topps Cosmic Chrome,Eric Hosmer [Gold Interstellar Refractor] #86,$2.51,,,,,,,,,,,,$2.79,,,,,,2,,,,,2022-11-16
4373682,Baseball Cards 2022 Topps Cosmic Chrome,Eric Hosmer [Nucleus Refractor] #86,$2.83,,,,,,,,,,,,$3.09,,,,,,1,,,,,2022-11-16
4374283,Baseball Cards 2022 Topps Cosmic Chrome,Eric Hosmer [Orange Galactic Refractor] #86,$6.99,,,,,,,,,,,$1.50,$7.69,,,,,,1,,,,,2022-11-16
4374682,Baseball Cards 2022 Topps Cosmic Chrome,Eric Hosmer [Red Flare Refractor] #86,$29.36,,,,,$21.71,$28.00,$13.00,$13.00,,,$9.60,$31.99,,,,,,2,,,,,2022-11-16
4373481,Baseball Cards 2022 Topps Cosmic Chrome,Eric Hosmer [Refractor] #86,$1.80,,,,,,,,,,,,$1.99,,,,,,1,,,,,2022-11-16
11410955,Baseball Cards 2022 Topps Cosmic Chrome,Eric Hosmer [Superfractor] #86,,,,,,,,,,,,,,,,,,,0,,,,,2022-11-16
4373321,Baseball Cards 2022 Topps Cosmic Chrome,Ernie Clement #126,$2.20,,$6.77,$12.66,$15.00,$15.00,$20.00,$9.00,$9.00,,,,$2.39,,,$1.50,$7.49,,10,,,,,2022-11-16
4374523,Baseball Cards 2022 Topps Cosmic Chrome,Ernie Clement [Black Eclipse Refractor] #126,$29.97,,,,,,,,,,,$9.90,$32.99,,,,,,1,,,,,2022-11-16
4373922,Baseball Cards 2022 Topps Cosmic Chrome,Ernie Clement [Blue Moon Refractor] #126,$12.50,,,$24.90,$27.00,$30.00,$39.00,$18.00,$18.00,,,$3.50,$13.99,,,,,,6,,,,,2022-11-16
4374122,Baseball Cards 2022 Topps Cosmic Chrome,Ernie Clement [Gold Interstellar Refractor] #126,$24.00,,,,,$55.00,$72.00,$33.00,$33.00,,,$7.80,$25.99,,,,,,3,,,,,2022-11-16
4373722,Baseball Cards 2022 Topps Cosmic Chrome,Ernie Clement [Nucleus Refractor] #126,$4.25,,,,,$12.50,$16.00,$8.00,$8.00,,,$0.90,$4.69,,,,,,3,,,,,2022-11-16
4374323,Baseball Cards 2022 Topps Cosmic Chrome,Ernie Clement [Orange Galactic Refractor] #126,$6.01,,,,,,,,,,,$1.30,$6.59,,,,,,1,,,,,2022-11-16
4374721,Baseball Cards 2022 Topps Cosmic Chrome,Ernie Clement [Red Flare Refractor] #126,$350.00,,,,,,,,,,,$192.50,$385.00,,,,,,1,,,,,2022-11-16
4373521,Baseball Cards 2022 Topps Cosmic Chrome,Ernie Clement [Refractor] #126,$3.26,,,,,,,,,,,,$3.59,,,,,,1,,,,,2022-11-16
11410874,Baseball Cards 2022 Topps Cosmic Chrome,Ernie Clement [Superfractor] #126,,,,,,,,,,,,,,,,,,,0,,,,,2022-11-16
4373245,Baseball Cards 2022 Topps Cosmic Chrome,Fernando Tatis Jr. #50,$1.99,,$6.62,$12.00,$24.24,$25.00,$33.00,$15.00,$15.00,,,,$2.19,,,$1.50,$7.29,,11,,,,,2022-11-16
4374447,Baseball Cards 2022 Topps Cosmic Chrome,Fernando Tatis Jr. [Black Eclipse Refractor] #50,$173.75,,,,$113.48,$154.00,$200.00,$92.00,$92.00,,,$95.50,$191.00,,,,,,3,,,,,2022-11-16
4373846,Baseball Cards 2022 Topps Cosmic Chrome,Fernando Tatis Jr. [Blue Moon Refractor] #50,$29.55,,,,$30.00,$66.41,$86.00,$40.00,$40.00,,,$9.90,$32.99,,,,,,7,,,,,2022-11-16
4374046,Baseball Cards 2022 Topps Cosmic Chrome,Fernando Tatis Jr. [Gold Interstellar Refractor] #50,$39.00,,,,,$77.71,$101.00,$47.00,$47.00,,,$17.20,$42.99,,,,,,6,,,,,2022-11-16
4373646,Baseball Cards 2022 Topps Cosmic Chrome,Fernando Tatis Jr. [Nucleus Refractor] #50,$8.00,,,$34.99,$38.00,$70.00,$91.00,$42.00,$42.00,,,$1.80,$8.79,,,,,,6,,,,,2022-11-16
4374246,Baseball Cards 2022 Topps Cosmic Chrome,Fernando Tatis Jr. [Orange Galactic Refractor] #50,$39.52,,,,,$120.00,$156.00,$72.00,$72.00,,,$17.20,$42.99,,,,,,2,,,,,2022-11-16
4374646,Baseball Cards 2022 Topps Cosmic Chrome,Fernando Tatis Jr. [Red Flare Refractor] #50,,,,,,$325.42,$423.00,$195.00,$195.00,,,,,,,,,,2,,,,,2022-11-16
4373445,Baseball Cards 2022 Topps Cosmic Chrome,Fernando Tatis Jr. [Refractor] #50,$3.78,,,,,$41.00,$53.00,$25.00,$25.00,,,$0.80,$4.19,,,,,,4,,,,,2022-11-16
11410893,Baseball Cards 2022 Topps Cosmic Chrome,Fernando Tatis Jr. [Superfractor] #50,,,,,,,,,,,,,,,,,,,0,,,,,2022-11-16
4373250,Baseball Cards 2022 Topps Cosmic Chrome,Francisco Lindor #55,$1.25,,$6.00,$11.51,$22.63,$39.40,$51.00,$24.00,$24.00,,,,$1.39,,,$1.30,$6.59,,9,,,,,2022-11-16
4374452,Baseball Cards 2022 Topps Cosmic Chrome,Francisco Lindor [Black Eclipse Refractor] #55,$40.44,,,,,,,,,,,$17.60,$43.99,,,,,,1,,,,,2022-11-16
4373851,Baseball Cards 2022 Topps Cosmic Chrome,Francisco Lindor [Blue Moon Refractor] #55,$8.75,,,$24.99,$27.00,$45.00,$59.00,$27.00,$27.00,,,$1.90,$9.59,,,,,,6,,,,,2022-11-16
4374051,Baseball Cards 2022 Topps Cosmic Chrome,Francisco Lindor [Gold Interstellar Refractor] #55,$34.81,,,,,$81.10,$105.00,$49.00,$49.00,,,$15.20,$37.99,,,,,,5,,,,,2022-11-16
4373651,Baseball Cards 2022 Topps Cosmic Chrome,Francisco Lindor [Nucleus Refractor] #55,$9.99,,,,,$69.30,$90.00,$42.00,$42.00,,,$2.80,$10.99,,,,,,4,,,,,2022-11-16
4374251,Baseball Cards 2022 Topps Cosmic Chrome,Francisco Lindor [Orange Galactic Refractor] #55,$15.39,,,$18.55,$20.00,$37.00,$48.00,$22.00,$22.00,,,$4.30,$16.99,,,,,,3,,,,,2022-11-16
4374651,Baseball Cards 2022 Topps Cosmic Chrome,Francisco Lindor [Red Flare Refractor] #55,$299.99,,,,,$350.00,$455.00,$210.00,$210.00,,,$165.00,$330.00,,,,,,2,,,,,2022-11-16
4373450,Baseball Cards 2022 Topps Cosmic Chrome,Francisco Lindor [Refractor] #55,$1.25,,,,,$49.99,$65.00,$30.00,$30.00,,,,$1.39,,,,,,2,,,,,2022-11-16
11410904,Baseball Cards 2022 Topps Cosmic Chrome,Francisco Lindor [Superfractor] #55,,,,,,,,,,,,,,,,,,,0,,,,,2022-11-16
4373344,Baseball Cards 2022 Topps Cosmic Chrome,Frankie Montas #149,$1.96,,,,,$57.00,$74.00,$34.00,$34.00,,,,$2.19,,,,,,2,,,,,2022-11-16
4374546,Baseball Cards 2022 Topps Cosmic Chrome,Frankie Montas [Black Eclipse Refractor] #149,,,,,,,,,,,,,,,,,,,0,,,,,2022-11-16
4373945,Baseball Cards 2022 Topps Cosmic Chrome,Frankie Montas [Blue Moon Refractor] #149,$1.50,,,,,,,,,,,,$1.69,,,,,,1,,,,,2022-11-16
4374145,Baseball Cards 2022 Topps Cosmic Chrome,Frankie Montas [Gold Interstellar Refractor] #149,$2.57,,,,,$15.00,$20.00,$9.00,$9.00,,,,$2.79,,,,,,3,,,,,2022-11-16
4373745,Baseball Cards 2022 Topps Cosmic Chrome,Frankie Montas [Nucleus Refractor] #149,$2.99,,,$4.25,$5.00,,,,,,,,$3.29,,,,,,2,,,,,2022-11-16
4374346,Baseball Cards 2022 Topps Cosmic Chrome,Frankie Montas [Orange Galactic Refractor] #149,$9.50,,,,,,,,,,,$2.00,$9.99,,,,,,0,,,,,2022-11-16
4374745,Baseball Cards 2022 Topps Cosmic Chrome,Frankie Montas [Red Flare Refractor] #149,$12.50,,,,,,,,,,,$3.50,$13.99,,,,,,3,,,,,2022-11-16
4373544,Baseball Cards 2022 Topps Cosmic Chrome,Frankie Montas [Refractor] #149,$0.99,,,,,,,,,,,,$1.09,,,,,,1,,,,,2022-11-16
11410921,Baseball Cards 2022 Topps Cosmic Chrome,Frankie Montas [Superfractor] #149,,,,,,,,,,,,,,,,,,,0,,,,,2022-11-16
4373361,Baseball Cards 2022 Topps Cosmic Chrome,Freddie Freeman #166,$1.99,,$6.60,$12.40,$14.00,$34.99,$45.00,$21.00,$25.00,,,,$2.19,,,$1.50,$7.29,,12,,,,,2022-11-16
4374563,Baseball Cards 2022 Topps Cosmic Chrome,Freddie Freeman [Black Eclipse Refractor] #166,$72.04,,,,,$150.00,$195.00,$90.00,$90.00,,,$31.60,$78.99,,,,,,2,,,,,2022-11-16
4373962,Baseball Cards 2022 Topps Cosmic Chrome,Freddie Freeman [Blue Moon Refractor] #166,$15.25,,,$75.00,$83.00,$111.88,$145.00,$67.00,$17.19,,,$4.30,$16.99,,,,,,7,,,,,2022-11-16
4374162,Baseball Cards 2022 Topps Cosmic Chrome,Freddie Freeman [Gold Interstellar] #166,$42.00,,,$32.00,$35.00,$45.32,$59.00,$75.00,$27.00,,,$18.40,$45.99,,,,,,5,,,,,2022-06-01
4373762,Baseball Cards 2022 Topps Cosmic Chrome,Freddie Freeman [Nucleus Refractor] #166,$12.07,,,,,$47.00,$61.00,$28.00,$28.00,,,$3.30,$12.99,,,,,,5,,,,,2022-11-16
4374363,Baseball Cards 2022 Topps Cosmic Chrome,Freddie Freeman [Orange Galactic Refractor] #166,$29.00,,,$26.00,$29.00,,,,,,,$9.60,$31.99,,,,,,2,,,,,2022-11-16
4374762,Baseball Cards 2022 Topps Cosmic Chrome,Freddie Freeman [Red Flare Refractor] #166,$86.34,,,$67.94,$75.00,$247.50,$322.00,$149.00,$149.00,,,$38.00,$94.99,,,,,,3,,,,,2022-11-16
4373561,Baseball Cards 2022 Topps Cosmic Chrome,Freddie Freeman [Refractor] #166,$5.99,,,,,$55.00,$72.00,$33.00,$33.00,,,$1.30,$6.59,,,,,,3,,,,,2022-11-16
11410963,Baseball Cards 2022 Topps Cosmic Chrome,Freddie Freeman [Superfractor] #166,,,,,,,,,,,,,,,,,,,0,,,,,2022-11-16
4373297,Baseball Cards 2022 Topps Cosmic Chrome,Gabriel Arias #102,$1.47,,$6.18,$11.78,$23.09,$33.36,$43.00,$20.00,$20.00,,,,$1.59,,,$1.40,$6.79,,6,,,,,2022-11-16
4374499,Baseball Cards 2022 Topps Cosmic Chrome,Gabriel Arias [Black Eclipse Refractor] #102,$14.98,,,,,$15.55,$20.00,$9.00,$9.00,,,$4.00,$15.99,,,,,,2,,,,,2022-11-16
4373898,Baseball Cards 2022 Topps Cosmic Chrome,Gabriel Arias [Blue Moon Refractor] #102,$0.99,,,,,$45.00,$59.00,$27.00,$27.00,,,,$1.09,,,,,,3,,,,,2022-11-16
4374098,Baseball Cards 2022 Topps Cosmic Chrome,Gabriel Arias [Gold Interstellar Refractor] #102,$7.12,,,,,$55.24,$72.00,$33.00,$33.00,,,$1.60,$7.79,,,,,,2,,,,,2022-11-16
4373698,Baseball Cards 2022 Topps Cosmic Chrome,Gabriel Arias [Nucleus Refractor] #102,$9.92,,,,,$15.00,$20.00,$9.00,$9.00,,,$2.80,$10.99,,,,,,2,,,,,2022-11-16
4374299,Baseball Cards 2022 Topps Cosmic Chrome,Gabriel Arias [Orange Galactic Refractor] #102,$5.50,,,,,,,,,,,$1.20,$6.09,,,,,,1,,,,,2022-11-16
4374698,Baseball Cards 2022 Topps Cosmic Chrome,Gabriel Arias [Red Flare Refractor] #102,,,,,,,,,,,,,,,,,,,0,,,,,2022-11-16
4373497,Baseball Cards 2022 Topps Cosmic Chrome,Gabriel Arias [Refractor] #102,$2.55,,,,,$10.00,$13.00,$6.00,$6.00,,,,$2.79,,,,,,2,,,,,2022-11-16
11410830,Baseball Cards 2022 Topps Cosmic Chrome,Gabriel Arias [Superfractor] #102,,,,,,,,,,,,,,,,,,,0,,,,,2022-11-16
4373279,Baseball Cards 2022 Topps Cosmic Chrome,Gary Sanchez #84,$1.25,,,,,,,,,,,,$1.39,,,,,,2,,,,,2022-11-16
4374481,Baseball Cards 2022 Topps Cosmic Chrome,Gary Sanchez [Black Eclipse Refractor] #84,$9.74,,,,,,,,,,,$2.80,$10.99,,,,,,1,,,,,2022-11-16
4373880,Baseball Cards 2022 Topps Cosmic Chrome,Gary Sanchez [Blue Moon Refractor] #84,$0.99,,,,,,,,,,,,$1.09,,,,,,1,,,,,2022-11-16
4374080,Baseball Cards 2022 Topps Cosmic Chrome,Gary Sanchez [Gold Interstellar Refractor] #84,$1.99,,,,,$10.50,$14.00,$6.00,$6.00,,,,$2.19,,,,,,2,,,,,2022-11-16
4373680,Baseball Cards 2022 Topps Cosmic Chrome,Gary Sanchez [Nucleus Refractor] #84,$5.73,,,$10.49,$12.00,,,,,,,$1.30,$6.29,,,,,,2,,,,,2022-11-16
4374280,Baseball Cards 2022 Topps Cosmic Chrome,Gary Sanchez [Orange Galactic Refractor] #84,$4.25,,$10.00,,,,,,,,,$0.90,$4.69,,,$2.80,$10.99,,2,,,,,2022-11-16
4374680,Baseball Cards 2022 Topps Cosmic Chrome,Gary Sanchez [Red Flare Refractor] #84,$20.50,,,,,,,,,,,$6.90,$22.99,,,,,,1,,,,,2022-11-16
4373479,Baseball Cards 2022 Topps Cosmic Chrome,Gary Sanchez [Refractor] #84,$1.80,,,,,,,,,,,,$1.99,,,,,,1,,,,,2022-11-16
11410952,Baseball Cards 2022 Topps Cosmic Chrome,Gary Sanchez [Superfractor] #84,,,,,,,,,,,,,,,,,,,0,,,,,2022-11-16
4373372,Baseball Cards 2022 Topps Cosmic Chrome,Gavin Sheets #177,$1.25,,$6.00,$11.51,$22.62,$30.00,$39.00,$18.00,$18.00,,,,$1.39,,,$1.30,$6.59,,8,,,,,2022-11-16
4374574,Baseball Cards 2022 Topps Cosmic Chrome,Gavin Sheets [Black Eclipse Refractor] #177,,,$60.00,,,,,,,,,,,,,$26.40,$65.99,,1,,,,,2022-11-16
4373973,Baseball Cards 2022 Topps Cosmic Chrome,Gavin Sheets [Blue Moon Refractor] #177,$4.28,,,,,,,,,,,$0.90,$4.69,,,,,,3,,,,,2022-11-16
4374173,Baseball Cards 2022 Topps Cosmic Chrome,Gavin Sheets [Gold Interstellar Refractor] #177,$3.98,,,,,$31.59,$65.00,$19.00,$19.00,,,$0.90,$4.39,,,,,,2,,,,,2022-11-16
4373773,Baseball Cards 2022 Topps Cosmic Chrome,Gavin Sheets [Nucleus Refractor] #177,$1.00,,,,,$35.89,$47.00,$22.00,$22.00,,,,$1.09,,,,,,2,,,,,2022-11-16
4374374,Baseball Cards 2022 Topps Cosmic Chrome,Gavin Sheets [Orange Galactic Refractor] #177,$9.50,,,,,$90.00,$117.00,$54.00,$54.00,,,$2.00,$9.99,,,,,,2,,,,,2022-11-16
4374773,Baseball Cards 2022 Topps Cosmic Chrome,Gavin Sheets [Red Flare Refractor] #177,,,,,,$90.00,$117.00,$54.00,$54.00,,,,,,,,,,1,,,,,2022-11-16
4373572,Baseball Cards 2022 Topps Cosmic Chrome,Gavin Sheets [Refractor] #177,$0.99,,,,,,,,,,,,$1.09,,,,,,2,,,,,2022-11-16
11410975,Baseball Cards 2022 Topps Cosmic Chrome,Gavin Sheets [Superfractor] #177,,,,,,,,,,,,,,,,,,,0,,,,,2022-11-16
4373356,Baseball Cards 2022 Topps Cosmic Chrome,George Kirby #161,$1.99,,$6.60,$9.25,$24.19,$36.61,$48.00,$22.00,$22.00,,,,$2.19,,,$1.50,$7.29,,18,,,,,2022-11-16
4374558,Baseball Cards 2022 Topps Cosmic Chrome,George Kirby [Black Eclipse Refractor] #161,,,,,,,,,,,,,,,,,,,0,,,,,2022-11-16
4373957,Baseball Cards 2022 Topps Cosmic Chrome,George Kirby [Blue Moon Refractor] #161,$25.49,,,$41.91,$46.00,$78.50,$102.00,$47.00,$47.00,,,$8.40,$27.99,,,,,,6,,,,,2022-11-16
4374157,Baseball Cards 2022 Topps Cosmic Chrome,George Kirby [Gold Interstellar Refractor] #161,$16.50,,,,,$72.47,$94.00,$43.00,$43.00,,,$4.50,$17.99,,,,,,2,,,,,2022-11-16
4373757,Baseball Cards 2022 Topps Cosmic Chrome,George Kirby [Nucleus Refractor] #161,$17.99,,$8.50,,,$75.00,$98.00,$45.00,$19.00,,,$5.00,$19.99,,,$1.90,$9.39,,5,,,,,2022-11-16
4374358,Baseball Cards 2022 Topps Cosmic Chrome,George Kirby [Orange Galactic Refractor] #161,$43.30,,,,,,,,,,,$19.20,$47.99,,,,,,2,,,,,2022-11-16
4374757,Baseball Cards 2022 Topps Cosmic Chrome,George Kirby [Red Flare Refractor] #161,$230.50,,,,,,,,,,,$127.00,$254.00,,,,,,1,,,,,2022-11-16
4373556,Baseball Cards 2022 Topps Cosmic Chrome,George Kirby [Refractor] #161,$3.63,,,,$54.00,$54.99,$44.75,$33.00,$40.00,,,$0.80,$3.99,,,,,,5,,,,,2022-11-16
11410954,Baseball Cards 2022 Topps Cosmic Chrome,George Kirby [Superfractor] #161,,,,,,,,,,,,,,,,,,,0,,,,,2022-11-16
4373285,Baseball Cards 2022 Topps Cosmic Chrome,German Marquez #90,$1.54,,,,,,,,,,,,$1.69,,,,,,1,,,,,2022-11-16
4374487,Baseball Cards 2022 Topps Cosmic Chrome,German Marquez [Black Eclipse Refractor] #90,$30.07,,,,,,,,,,,$9.90,$32.99,,,,,,1,,,,,2022-11-16
4373886,Baseball Cards 2022 Topps Cosmic Chrome,German Marquez [Blue Moon Refractor] #90,$2.67,,,,,,,,,,,,$2.89,,,,,,1,,,,,2022-11-16
4374086,Baseball Cards 2022 Topps Cosmic Chrome,German Marquez [Gold Interstellar Refractor] #90,$4.44,,,,,,,,,,,$1.00,$4.89,,,,,,1,,,,,2022-11-16
4373686,Baseball Cards 2022 Topps Cosmic Chrome,German Marquez [Nucleus Refractor] #90,$2.50,,,,,,,,,,,,$2.79,,,,,,2,,,,,2022-11-16
4374287,Baseball Cards 2022 Topps Cosmic Chrome,German Marquez [Orange Galactic Refractor] #90,$5.76,,,,,,,,,,,$1.30,$6.29,,,,,,1,,,,,2022-11-16
4374686,Baseball Cards 2022 Topps Cosmic Chrome,German Marquez [Red Flare Refractor] #90,$21.50,,,,,,,,,,,$7.20,$23.99,,,,,,1,,,,,2022-11-16
4373485,Baseball Cards 2022 Topps Cosmic Chrome,German Marquez [Refractor] #90,$2.66,,,,,,,,,,,,$2.89,,,,,,1,,,,,2022-11-16
11410965,Baseball Cards 2022 Topps Cosmic Chrome,German Marquez [Superfractor] #90,,,,,,,,,,,,,,,,,,,0,,,,,2022-11-16
4373276,Baseball Cards 2022 Topps Cosmic Chrome,Gerrit Cole #81,$1.75,,,,,,,,,,,,$1.89,,,,,,3,,,,,2022-11-16
4374478,Baseball Cards 2022 Topps Cosmic Chrome,Gerrit Cole [Black Eclipse Refractor] #81,$30.12,,,$80.00,$88.00,,,,,,,$9.90,$32.99,,,,,,2,,,,,2022-11-16
4373877,Baseball Cards 2022 Topps Cosmic Chrome,Gerrit Cole [Blue Moon Refractor] #81,$7.75,,,,,,,,,,,$1.70,$8.49,,,,,,4,,,,,2022-11-16
4374077,Baseball Cards 2022 Topps Cosmic Chrome,Gerrit Cole [Gold Interstellar Refractor] #81,$20.00,,,$5.53,$6.00,$35.00,$46.00,$21.00,$21.00,,,$6.60,$21.99,,,,,,3,,,,,2022-11-16
4373677,Baseball Cards 2022 Topps Cosmic Chrome,Gerrit Cole [Nucleus Refractor] #81,$3.35,,,,,,,,,,,,$3.69,,,,,,1,,,,,2022-11-16
4374277,Baseball Cards 2022 Topps Cosmic Chrome,Gerrit Cole [Orange Galactic Refractor] #81,$11.55,,,$69.99,$77.00,,,,,,,$3.30,$12.99,,,,,,2,,,,,2022-11-16
4374677,Baseball Cards 2022 Topps Cosmic Chrome,Gerrit Cole [Red Flare Refractor] #81,$76.01,,,,,,,,$199.99,,,$33.60,$83.99,,,,,,1,,,,,2022-11-16
4373476,Baseball Cards 2022 Topps Cosmic Chrome,Gerrit Cole [Refractor] #81,$3.00,,,,,,,,,,,,$3.29,,,,,,2,,,,,2022-11-16
11410944,Baseball Cards 2022 Topps Cosmic Chrome,Gerrit Cole [Superfractor] #81,,,,,,,,,,,,,,,,,,,0,,,,,2022-11-16
4373288,Baseball Cards 2022 Topps Cosmic Chrome,Giancarlo Stanton #93,$1.70,,$6.36,$12.05,$23.57,$33.88,$44.00,$20.00,$20.00,,,,$1.89,,,$1.40,$6.99,,6,,,,,2022-11-16
4374490,Baseball Cards 2022 Topps Cosmic Chrome,Giancarlo Stanton [Black Eclipse Refractor] #93,$20.50,,,,,$250.00,$325.00,$150.00,$150.00,,,$6.90,$22.99,,,,,,2,,,,,2022-11-16
4373889,Baseball Cards 2022 Topps Cosmic Chrome,Giancarlo Stanton [Blue Moon Refractor] #93,$12.00,,,,,$46.00,$60.00,$28.00,$28.00,,,$3.30,$12.99,,,,,,5,,,,,2022-11-16
4374089,Baseball Cards 2022 Topps Cosmic Chrome,Giancarlo Stanton [Gold Interstellar Refractor] #93,$10.62,,,$33.99,$37.00,,,,,,,$3.00,$11.99,,,,,,4,,,,,2022-11-16
4373689,Baseball Cards 2022 Topps Cosmic Chrome,Giancarlo Stanton [Nucleus Refractor] #93,$6.99,,,,,,,,,,,$1.50,$7.69,,,,,,2,,,,,2022-11-16
4374290,Baseball Cards 2022 Topps Cosmic Chrome,Giancarlo Stanton [Orange Galactic Refractor] #93,$12.25,,,$35.00,$39.00,$50.00,$65.00,$30.00,$30.00,,,$3.30,$12.99,,,,,,5,,,,,2022-11-16
4374689,Baseball Cards 2022 Topps Cosmic Chrome,Giancarlo Stanton [Red Flare Refractor] #93,$65.00,,,,,,,,,,,$28.80,$71.99,,,,,,1,,,,,2022-11-16
4373488,Baseball Cards 2022 Topps Cosmic Chrome,Giancarlo Stanton [Refractor] #93,$3.25,,,$9.50,$10.00,,,,,,,,$3.59,,,,,,3,,,,,2022-11-16
11411000,Baseball Cards 2022 Topps Cosmic Chrome,Giancarlo Stanton [Superfractor] #93,,,,,,,,,,,,,,,,,,,0,,,,,2022-11-16
4373233,Baseball Cards 2022 Topps Cosmic Chrome,Gleyber Torres #38,$1.25,,,,,,,,,,,,$1.39,,,,,,5,,,,,2022-11-16
4374435,Baseball Cards 2022 Topps Cosmic Chrome,Gleyber Torres [Black Eclipse Refractor] #38,$40.00,,,,,,,,,,,$17.60,$43.99,,,,,,1,,,,,2022-11-16
4373834,Baseball Cards 2022 Topps Cosmic Chrome,Gleyber Torres [Blue Moon Refractor] #38,$2.72,,$7.18,$13.29,$25.71,$36.21,$47.00,$22.00,$22.00,,,,$2.99,,,$1.60,$7.89,,6,,,,,2022-11-16
4374034,Baseball Cards 2022 Topps Cosmic Chrome,Gleyber Torres [Gold Interstellar Refractor] #38,$7.13,,,,,$86.00,$112.00,$52.00,$52.00,,,$1.60,$7.79,,,,,,3,,,,,2022-11-16
4373634,Baseball Cards 2022 Topps Cosmic Chrome,Gleyber Torres [Nucleus Refractor] #38,$2.88,,,$4.26,$5.00,,,,,,,,$3.19,,,,,,5,,,,,2022-11-16
4374234,Baseball Cards 2022 Topps Cosmic Chrome,Gleyber Torres [Orange Galactic Refractor] #38,$18.70,,,,,,,,,,,$6.30,$20.99,,,,,,2,,,,,2022-11-16
4374634,Baseball Cards 2022 Topps Cosmic Chrome,Gleyber Torres [Red Flare Refractor] #38,$149.99,,,,,,,,,,,$82.50,$165.00,,,,,,0,,,,,2022-11-16
4373433,Baseball Cards 2022 Topps Cosmic Chrome,Gleyber Torres [Refractor] #38,$4.25,,,,,,,,,,,$0.90,$4.69,,,,,,1,,,,,2022-11-16
11410868,Baseball Cards 2022 Topps Cosmic Chrome,Gleyber Torres [Superfractor] #38,,,,,,,,,,,,,,,,,,,0,,,,,2022-11-16
4373257,Baseball Cards 2022 Topps Cosmic Chrome,Griffin Jax #62,$2.00,,$7.02,$13.04,$25.29,$35.77,$47.00,$21.00,$21.00,,,,$2.19,,,$1.50,$7.69,,6,,,,,2022-11-16
4374459,Baseball Cards 2022 Topps Cosmic Chrome,Griffin Jax [Black Eclipse Refractor] #62,$24.99,,,,,,,,,,,$8.10,$26.99,,,,,,1,,,,,2022-11-16
4373858,Baseball Cards 2022 Topps Cosmic Chrome,Griffin Jax [Blue Moon Refractor] #62,$5.25,,,,,,,,,,,$1.20,$5.79,,,,,,2,,,,,2022-11-16
4374058,Baseball Cards 2022 Topps Cosmic Chrome,Griffin Jax [Gold Interstellar Refractor] #62,$9.99,,,$19.99,$22.00,,,,,,,$2.80,$10.99,,,,,,2,,,,,2022-11-16
4373658,Baseball Cards 2022 Topps Cosmic Chrome,Griffin Jax [Nucleus Refractor] #62,$1.62,,,,,$39.99,$52.00,$24.00,$24.00,,,,$1.79,,,,,,2,,,,,2022-11-16
4374258,Baseball Cards 2022 Topps Cosmic Chrome,Griffin Jax [Orange Galactic Refractor] #62,$9.75,,,,,,,,,,,$2.80,$10.99,,,,,,1,,,,,2022-11-16
4374658,Baseball Cards 2022 Topps Cosmic Chrome,Griffin Jax [Red Flare Refractor] #62,$22.50,,,,,,,,,,,$7.50,$24.99,,,,,,1,,,,,2022-11-16
4373457,Baseball Cards 2022 Topps Cosmic Chrome,Griffin Jax [Refractor] #62,$5.00,,,,,,,,,,,$1.10,$5.49,,,,,,1,,,,,2022-11-16
11410918,Baseball Cards 2022 Topps Cosmic Chrome,Griffin Jax [Superfractor] #62,,,,,,,,,,,,,,,,,,,0,,,,,2022-11-16
4373196,Baseball Cards 2022 Topps Cosmic Chrome,Hanger Box,,,,,,,,,,,,,,,,,,,0,,,,,2022-11-16
4373315,Baseball Cards 2022 Topps Cosmic Chrome,Heliot Ramos #120,$1.99,,$6.60,$12.40,$24.18,$34.00,$44.00,$20.00,$20.00,,,,$2.19,,,$1.50,$7.29,,16,,,,,2022-11-16
4374517,Baseball Cards 2022 Topps Cosmic Chrome,Heliot Ramos [Black Eclipse Refractor] #120,$59.30,,,,,$125.00,$163.00,$75.00,$75.00,,,$26.00,$64.99,,,,,,2,,,,,2022-11-16
4373916,Baseball Cards 2022 Topps Cosmic Chrome,Heliot Ramos [Blue Moon Refractor] #120,$8.17,,,,,$45.00,$59.00,$27.00,$27.00,,,$1.80,$8.99,,,,,,5,,,,,2022-11-16
4374116,Baseball Cards 2022 Topps Cosmic Chrome,Heliot Ramos [Gold Interstellar Refractor] #120,$24.49,,,,,$80.00,$104.00,$48.00,$48.00,,,$8.10,$26.99,,,,,,2,,,,,2022-11-16
4373716,Baseball Cards 2022 Topps Cosmic Chrome,Heliot Ramos [Nucleus Refractor] #120,$6.87,,,,,$19.90,$26.00,$12.00,$12.00,,,$1.50,$7.59,,,,,,4,,,,,2022-11-16
4374317,Baseball Cards 2022 Topps Cosmic Chrome,Heliot Ramos [Orange Galactic Refractor] #120,$10.99,,,,,,,,,,,$3.00,$11.99,,,,,,1,,,,,2022-11-16
4374715,Baseball Cards 2022 Topps Cosmic Chrome,Heliot Ramos [Red Flare Refractor] #120,$43.26,,,,,,,,,,,$19.20,$47.99,,,,,,1,,,,,2022-11-16
4373515,Baseball Cards 2022 Topps Cosmic Chrome,Heliot Ramos [Refractor] #120,$3.99,,,,,,,,,,,$0.90,$4.39,,,,,,1,,,,,2022-11-16
11410864,Baseball Cards 2022 Topps Cosmic Chrome,Heliot Ramos [Superfractor] #120,,,,,,,,,,,,,,,,,,,0,,,,,2022-11-16
4373191,Baseball Cards 2022 Topps Cosmic Chrome,Hobby Box,$848.72,,,,,,,,,,,$560.40,$934.00,,,,,,10,,,,,2022-11-16
4373283,Baseball Cards 2022 Topps Cosmic Chrome,Hoy Park #88,$0.99,,,,,,,,,,,,$1.09,,,,,,5,,,,,2022-11-16
4374485,Baseball Cards 2022 Topps Cosmic Chrome,Hoy Park [Black Eclipse Refractor] #88,,,,,,,,,,,,,,,,,,,0,,,,,2022-11-16
4373884,Baseball Cards 2022 Topps Cosmic Chrome,Hoy Park [Blue Moon Refractor] #88,$1.50,,,,,$3.25,$4.00,$2.00,$2.00,,,,$1.69,,,,,,3,,,,,2022-11-16
4374084,Baseball Cards 2022 Topps Cosmic Chrome,Hoy Park [Gold Interstellar Refractor] #88,$4.99,,,,,$16.32,$21.00,$10.00,$10.00,,,$1.10,$5.49,,,,,,2,,,,,2022-11-16
4373684,Baseball Cards 2022 Topps Cosmic Chrome,Hoy Park [Nucleus Refractor] #88,$5.41,,,,,$33.00,$43.00,$20.00,$20.00,,,$1.20,$5.99,,,,,,2,,,,,2022-11-16
4374285,Baseball Cards 2022 Topps Cosmic Chrome,Hoy Park [Orange Galactic Refractor] #88,$4.14,,,,,$44.99,$58.00,$27.00,$27.00,,,$0.90,$4.59,,,,,,2,,,,,2022-11-16
4374684,Baseball Cards 2022 Topps Cosmic Chrome,Hoy Park [Red Flare Refractor] #88,$69.50,,,,,,,,,,,$30.40,$75.99,,,,,,0,,,,,2022-11-16
4373483,Baseball Cards 2022 Topps Cosmic Chrome,Hoy Park [Refractor] #88,$1.82,,,,,,,,,,,,$1.99,,,,,,2,,,,,2022-11-16
11410960,Baseball Cards 2022 Topps Cosmic Chrome,Hoy Park [Superfractor] #88,,,,,,,,,,,,,,,,,,,0,,,,,2022-11-16
4373363,Baseball Cards 2022 Topps Cosmic Chrome,Hunter Greene #168,$2.60,,$7.09,$13.14,$24.00,$24.00,$31.00,$14.00,$22.49,,,,$2.89,,,$1.60,$7.79,,26,,,,,2022-11-16
4374565,Baseball Cards 2022 Topps Cosmic Chrome,Hunter Greene [Black Eclipse Refractor] #168,$147.51,,,,,$152.50,$198.00,$92.00,$92.00,,,$81.00,$162.00,,,,,,2,,,,,2022-11-16
4373964,Baseball Cards 2022 Topps Cosmic Chrome,Hunter Greene [Blue Moon Refractor] #168,$14.78,,,$37.94,$42.00,$55.00,$72.00,$33.00,$33.00,,,$4.00,$15.99,,,,,,6,,,,,2022-11-16
4374164,Baseball Cards 2022 Topps Cosmic Chrome,Hunter Greene [Gold Interstellar Refractor] #168,$25.91,,,$1049.99,$1155.00,$1260.00,$1638.00,$756.00,$756.00,,,$8.70,$28.99,,,,,,4,,,,,2022-11-16
4373764,Baseball Cards 2022 Topps Cosmic Chrome,Hunter Greene [Nucleus Refractor] #168,$4.73,,,$9.51,$10.00,$26.18,$34.00,$13.50,$16.00,,,$1.00,$5.19,,,,,,6,,,,,2022-11-16
4374365,Baseball Cards 2022 Topps Cosmic Chrome,Hunter Greene [Orange Galactic Refractor] #168,$16.50,,,,,$72.97,$95.00,$44.00,$44.00,,,$4.50,$17.99,,,,,,2,,,,,2022-11-16
4374764,Baseball Cards 2022 Topps Cosmic Chrome,Hunter Greene [Red Flare Refractor] #168,,,,,,$227.73,$296.00,$137.00,$137.00,,,,,,,,,,1,,,,,2022-11-16
4373563,Baseball Cards 2022 Topps Cosmic Chrome,Hunter Greene [Refractor] #168,$7.45,,,,,$59.97,$78.00,$36.00,$36.00,,,$1.60,$8.19,,,,,,3,,,,,2022-11-16
11410966,Baseball Cards 2022 Topps Cosmic Chrome,Hunter Greene [Superfractor] #168,,,,,,,,,,,,,,,,,,,0,,,,,2022-11-16
4373303,Baseball Cards 2022 Topps Cosmic Chrome,Hunter Renfroe #108,$1.97,,,,,,,,,,,,$2.19,,,,,,1,,,,,2022-11-16
4374505,Baseball Cards 2022 Topps Cosmic Chrome,Hunter Renfroe [Black Eclipse Refractor] #108,$54.00,,,,,$20.50,$27.00,$12.00,$12.00,,,$23.60,$58.99,,,,,,2,,,,,2022-11-16
4373904,Baseball Cards 2022 Topps Cosmic Chrome,Hunter Renfroe [Blue Moon Refractor] #108,$2.90,,,,,,,,,,,,$3.19,,,,,,3,,,,,2022-11-16
4374104,Baseball Cards 2022 Topps Cosmic Chrome,Hunter Renfroe [Gold Interstellar Refractor] #108,$4.80,,,,,,,,,,,$1.10,$5.29,,,,,,1,,,,,2022-11-16
4373704,Baseball Cards 2022 Topps Cosmic Chrome,Hunter Renfroe [Nucleus Refractor] #108,$1.95,,,,,$20.00,$26.00,$12.00,$12.00,,,,$2.19,,,,,,2,,,,,2022-11-16
4374305,Baseball Cards 2022 Topps Cosmic Chrome,Hunter Renfroe [Orange Galactic Refractor] #108,$20.00,,,,,,,,,,,$6.60,$21.99,,,,,,0,,,,,2022-11-16
4374704,Baseball Cards 2022 Topps Cosmic Chrome,Hunter Renfroe [Red Flare Refractor] #108,,,,,,,,,,,,,,,,,,,0,,,,,2022-11-16
4373503,Baseball Cards 2022 Topps Cosmic Chrome,Hunter Renfroe [Refractor] #108,$1.99,,,,,,,,,,,,$2.19,,,,,,1,,,,,2022-11-16
11410842,Baseball Cards 2022 Topps Cosmic Chrome,Hunter Renfroe [Superfractor] #108,,,,,,,,,,,,,,,,,,,0,,,,,2022-11-16
4373269,Baseball Cards 2022 Topps Cosmic Chrome,Hyun Jin Ryu #74,$0.34,,,,,,,,,,,,$0.99,,,,,,2,,,,,2022-11-16
4374471,Baseball Cards 2022 Topps Cosmic Chrome,Hyun Jin Ryu [Black Eclipse Refractor] #74,$12.27,,,,,,,,,,,$3.50,$13.99,,,,,,1,,,,,2022-11-16
4373870,Baseball Cards 2022 Topps Cosmic Chrome,Hyun Jin Ryu [Blue Moon Refractor] #74,$1.34,,,,,,,,,,,,$1.49,,,,,,1,,,,,2022-11-16
4374070,Baseball Cards 2022 Topps Cosmic Chrome,Hyun Jin Ryu [Gold Interstellar Refractor] #74,$10.32,,,,,,,,,,,$2.80,$10.99,,,,,,1,,,,,2022-11-16
4373670,Baseball Cards 2022 Topps Cosmic Chrome,Hyun Jin Ryu [Nucleus Refractor] #74,$2.84,,,,,$30.00,$39.00,$18.00,$18.00,,,,$3.09,,,,,,3,,,,,2022-11-16
4374270,Baseball Cards 2022 Topps Cosmic Chrome,Hyun Jin Ryu [Orange Galactic Refractor] #74,$5.52,,,,,$17.00,$22.00,$10.00,$10.00,,,$1.20,$6.09,,,,,,2,,,,,2022-11-16
4374670,Baseball Cards 2022 Topps Cosmic Chrome,Hyun Jin Ryu [Red Flare Refractor] #74,$12.50,,,,,,,,,,,$3.50,$13.99,,,,,,1,,,,,2022-11-16
4373469,Baseball Cards 2022 Topps Cosmic Chrome,Hyun Jin Ryu [Refractor] #74,$1.51,,,,,,,,,,,,$1.69,,,,,,1,,,,,2022-11-16
11410933,Baseball Cards 2022 Topps Cosmic Chrome,Hyun Jin Ryu [Superfractor] #74,,,,,,,,,,,,,,,,,,,0,,,,,2022-11-16
4373198,Baseball Cards 2022 Topps Cosmic Chrome,Ian Happ #2,$1.65,,,,,,,,,,,,$1.79,,,,,,4,,,,,2022-11-16
4374399,Baseball Cards 2022 Topps Cosmic Chrome,Ian Happ [Black Eclipse Refractor] #2,,,,,,,,,,,,,,,,,,,0,,,,,2022-11-16
4373798,Baseball Cards 2022 Topps Cosmic Chrome,Ian Happ [Blue Moon Refractor] #2,$3.97,,,,,$27.00,$35.00,$16.00,$16.00,,,$0.90,$4.39,,,,,,4,,,,,2022-11-16
4373998,Baseball Cards 2022 Topps Cosmic Chrome,Ian Happ [Gold Interstellar Refractor] #2,$6.22,,,,,,,,,,,$1.40,$6.79,,,,,,2,,,,,2022-11-16
4373598,Baseball Cards 2022 Topps Cosmic Chrome,Ian Happ [Nucleus Refractor] #2,$3.99,,,,,$25.00,$33.00,$15.00,$15.00,,,$0.90,$4.39,,,,,,4,,,,,2022-11-16
4374198,Baseball Cards 2022 Topps Cosmic Chrome,Ian Happ [Orange Galactic Refractor] #2,$26.53,,,,,,,,,,,$8.70,$28.99,,,,,,2,,,,,2022-11-16
4374598,Baseball Cards 2022 Topps Cosmic Chrome,Ian Happ [Red Flare Refractor] #2,,,,,,,,,,,,,,,,,,,0,,,,,2022-11-16
4373396,Baseball Cards 2022 Topps Cosmic Chrome,Ian Happ [Refractor] #2,$3.40,,,,,,,,,,,,$3.69,,,,,,1,,,,,2022-11-16
11410810,Baseball Cards 2022 Topps Cosmic Chrome,Ian Happ [Superfractor] #2,,,,,,,,,,,,,,,,,,,0,,,,,2022-11-16
4373240,Baseball Cards 2022 Topps Cosmic Chrome,J. D. Martinez #45,,,,,,,,,,,,,,,,,,,0,,,,,2022-11-16
4374442,Baseball Cards 2022 Topps Cosmic Chrome,J. D. Martinez [Black Eclipse Refractor] #45,$13.08,,,,,,,,,,,$3.50,$13.99,,,,,,1,,,,,2022-11-16
4373841,Baseball Cards 2022 Topps Cosmic Chrome,J. D. Martinez [Blue Moon Refractor] #45,$3.99,,,,,,,,,,,$0.90,$4.39,,,,,,3,,,,,2022-11-16
4374041,Baseball Cards 2022 Topps Cosmic Chrome,J. D. Martinez [Gold Interstellar Refractor] #45,$14.34,,,,,,,,,,,$4.00,$15.99,,,,,,1,,,,,2022-11-16
4373641,Baseball Cards 2022 Topps Cosmic Chrome,J. D. Martinez [Nucleus Refractor] #45,,,,,,,,,,,,,,,,,,,0,,,,,2022-11-16
4374241,Baseball Cards 2022 Topps Cosmic Chrome,J. D. Martinez [Orange Galactic Refractor] #45,,,,,,$60.00,$78.00,$36.00,$36.00,,,,,,,,,,1,,,,,2022-11-16
4374641,Baseball Cards 2022 Topps Cosmic Chrome,J. D. Martinez [Red Flare Refractor] #45,$67.66,,,,,,,,,,,$29.60,$73.99,,,,,,1,,,,,2022-11-16
4373440,Baseball Cards 2022 Topps Cosmic Chrome,J. D. Martinez [Refractor] #45,,,,,,,,,,,,,,,,,,,0,,,,,2022-11-16
11410884,Baseball Cards 2022 Topps Cosmic Chrome,J. D. Martinez [Superfractor] #45,,,,,,,,,,,,,,,,,,,0,,,,,2022-11-16
4373346,Baseball Cards 2022 Topps Cosmic Chrome,J. P. Crawford #151,,,,,,,,,,,,,,,,,,,0,,,,,2022-11-16
4374548,Baseball Cards 2022 Topps Cosmic Chrome,J. P. Crawford [Black Eclipse Refractor] #151,$32.50,,,,,$78.00,$101.00,$47.00,$47.00,,,$14.40,$35.99,,,,,,2,,,,,2022-11-16
4373947,Baseball Cards 2022 Topps Cosmic Chrome,J. P. Crawford [Blue Moon Refractor] #151,$6.27,,,,,,,,,,,$1.40,$6.89,,,,,,2,,,,,2022-11-16
4374147,Baseball Cards 2022 Topps Cosmic Chrome,J. P. Crawford [Gold Interstellar Refractor] #151,$40.79,,,,,,,,,,,$18.00,$44.99,,,,,,0,,,,,2022-11-16
4373747,Baseball Cards 2022 Topps Cosmic Chrome,J. P. Crawford [Nucleus Refractor] #151,$6.99,,,,,,,,,,,$1.50,$7.69,,,,,,1,,,,,2022-11-16
4374348,Baseball Cards 2022 Topps Cosmic Chrome,J. P. Crawford [Orange Galactic Refractor] #151,$8.50,,,,,,,,,,,$1.90,$9.39,,,,,,1,,,,,2022-11-16
4374747,Baseball Cards 2022 Topps Cosmic Chrome,J. P. Crawford [Red Flare Refractor] #151,,,,,,,,,,,,,,,,,,,0,,,,,2022-11-16
4373546,Baseball Cards 2022 Topps Cosmic Chrome,J. P. Crawford [Refractor] #151,,,,,,,,,,,,,,,,,,,0,,,,,2022-11-16
11410929,Baseball Cards 2022 Topps Cosmic Chrome,J. P. Crawford [Superfractor] #151,,,,,,,,,,,,,,,,,,,0,,,,,2022-11-16
4373255,Baseball Cards 2022 Topps Cosmic Chrome,J. T. Realmuto #60,$1.25,,$6.00,$11.51,$22.62,$32.86,$43.00,$20.00,$20.00,,,,$1.39,,,$1.30,$6.59,,6,,,,,2022-11-16
4374457,Baseball Cards 2022 Topps Cosmic Chrome,J. T. Realmuto [Black Eclipse Refractor] #60,,,,,,,,,,,,,,,,,,,0,,,,,2022-11-16
4373856,Baseball Cards 2022 Topps Cosmic Chrome,J. T. Realmuto [Blue Moon Refractor] #60,$7.15,,,,,,,,,,,$1.60,$7.89,,,,,,2,,,,,2022-11-16
4374056,Baseball Cards 2022 Topps Cosmic Chrome,J. T. Realmuto [Gold Interstellar Refractor] #60,$7.49,,,,,,,,,,,$1.60,$8.19,,,,,,1,,,,,2022-11-16
4373656,Baseball Cards 2022 Topps Cosmic Chrome,J. T. Realmuto [Nucleus Refractor] #60,,,,,,,,,,,,,,,,,,,0,,,,,2022-11-16
4374256,Baseball Cards 2022 Topps Cosmic Chrome,J. T. Realmuto [Orange Galactic Refractor] #60,$6.50,,,$21.30,$23.00,,,,,,,$1.40,$7.19,,,,,,2,,,,,2022-11-16
4374656,Baseball Cards 2022 Topps Cosmic Chrome,J. T. Realmuto [Red Flare Refractor] #60,,,,,,,,,,,,,,,,,,,0,,,,,2022-11-16
4373455,Baseball Cards 2022 Topps Cosmic Chrome,J. T. Realmuto [Refractor] #60,,,,,,,,,,,,,,,,,,,0,,,,,2022-11-16
11410916,Baseball Cards 2022 Topps Cosmic Chrome,J. T. Realmuto [Superfractor] #60,,,,,,,,,,,,,,,,,,,0,,,,,2022-11-16
4373262,Baseball Cards 2022 Topps Cosmic Chrome,Jack Flaherty #67,$1.54,,,,,,,,,,,,$1.69,,,,,,2,,,,,2022-11-16
4374464,Baseball Cards 2022 Topps Cosmic Chrome,Jack Flaherty [Black Eclipse Refractor] #67,$52.00,,,,,,,,,,,$22.80,$56.99,,,,,,1,,,,,2022-11-16
4373863,Baseball Cards 2022 Topps Cosmic Chrome,Jack Flaherty [Blue Moon Refractor] #67,$2.94,,,,,,,,,,,,$3.19,,,,,,5,,,,,2022-11-16
4374063,Baseball Cards 2022 Topps Cosmic Chrome,Jack Flaherty [Gold Interstellar Refractor] #67,$6.79,,,,,,,,,,,$1.50,$7.49,,,,,,3,,,,,2022-11-16
4373663,Baseball Cards 2022 Topps Cosmic Chrome,Jack Flaherty [Nucleus Refractor] #67,$0.25,,,,,$30.00,$39.00,$18.00,$18.00,,,,$0.99,,,,,,1,,,,,2022-11-16
4374263,Baseball Cards 2022 Topps Cosmic Chrome,Jack Flaherty [Orange Galactic Refractor] #67,$8.99,,,,,$41.00,$53.00,$25.00,$25.00,,,$2.00,$9.89,,,,,,1,,,,,2022-11-16
4374663,Baseball Cards 2022 Topps Cosmic Chrome,Jack Flaherty [Red Flare Refractor] #67,$24.99,,,,,,,,,,,$8.10,$26.99,,,,,,1,,,,,2022-11-16
4373462,Baseball Cards 2022 Topps Cosmic Chrome,Jack Flaherty [Refractor] #67,$2.99,,,,,,,,,,,,$3.29,,,,,,1,,,,,2022-11-16
11410924,Baseball Cards 2022 Topps Cosmic Chrome,Jack Flaherty [Superfractor] #67,,,,,,,,,,,,,,,,,,,0,,,,,2022-11-16
4373365,Baseball Cards 2022 Topps Cosmic Chrome,Jackson Kowar #170,$0.99,,,,,,,,,,,,$1.09,,,,,,2,,,,,2022-11-16
4374567,Baseball Cards 2022 Topps Cosmic Chrome,Jackson Kowar [Black Eclipse Refractor] #170,$10.14,,,,,,,,,,,$2.80,$10.99,,,,,,1,,,,,2022-11-16
4373966,Baseball Cards 2022 Topps Cosmic Chrome,Jackson Kowar [Blue Moon Refractor] #170,$1.00,,,,,,,,,,,,$1.09,,,,,,2,,,,,2022-11-16
4374166,Baseball Cards 2022 Topps Cosmic Chrome,Jackson Kowar [Gold Interstellar Refractor] #170,$0.99,,,,,,,,,,,,$1.09,,,,,,1,,,,,2022-11-16
4373766,Baseball Cards 2022 Topps Cosmic Chrome,Jackson Kowar [Nucleus Refractor] #170,$0.99,,,,,,,,,,,,$1.09,,,,,,2,,,,,2022-11-16
4374367,Baseball Cards 2022 Topps Cosmic Chrome,Jackson Kowar [Orange Galactic Refractor] #170,$0.99,,,,,,,,,,,,$1.09,,,,,,1,,,,,2022-11-16
4374766,Baseball Cards 2022 Topps Cosmic Chrome,Jackson Kowar [Red Flare Refractor] #170,,,,,,$21.50,$28.00,$13.00,$13.00,,,,,,,,,,1,,,,,2022-11-16
4373565,Baseball Cards 2022 Topps Cosmic Chrome,Jackson Kowar [Refractor] #170,$2.99,,,,,,,,,,,,$3.29,,,,,,1,,,,,2022-11-16
11410968,Baseball Cards 2022 Topps Cosmic Chrome,Jackson Kowar [Superfractor] #170,,,,,,,,,,,,,,,,,,,0,,,,,2022-11-16
4373313,Baseball Cards 2022 Topps Cosmic Chrome,Jake Burger #118,$1.69,,$6.36,$12.05,$23.57,$33.90,$44.00,$20.00,$20.00,,,,$1.89,,,$1.40,$6.99,,6,,,,,2022-11-16
4374515,Baseball Cards 2022 Topps Cosmic Chrome,Jake Burger [Black Eclipse Refractor] #118,$15.50,,,,,,,,,,,$4.30,$16.99,,,,,,1,,,,,2022-11-16
4373914,Baseball Cards 2022 Topps Cosmic Chrome,Jake Burger [Blue Moon Refractor] #118,$2.00,,,,,$1.99,$3.00,$1.00,$1.00,,,,$2.19,,,,,,3,,,,,2022-11-16
4374114,Baseball Cards 2022 Topps Cosmic Chrome,Jake Burger [Gold Interstellar Refractor] #118,$6.14,,,,,,,,,,,$1.40,$6.79,,,,,,1,,,,,2022-11-16
4373714,Baseball Cards 2022 Topps Cosmic Chrome,Jake Burger [Nucleus Refractor] #118,$5.00,,,,,,,,,,,$1.10,$5.49,,,,,,2,,,,,2022-11-16
4374315,Baseball Cards 2022 Topps Cosmic Chrome,Jake Burger [Orange Galactic Refractor] #118,$7.51,,,,,,,,,,,$1.70,$8.29,,,,,,1,,,,,2022-11-16
4374713,Baseball Cards 2022 Topps Cosmic Chrome,Jake Burger [Red Flare Refractor] #118,$22.51,,,$90.00,$99.00,,,,,,,$7.50,$24.99,,,,,,2,,,,,2022-11-16
4373513,Baseball Cards 2022 Topps Cosmic Chrome,Jake Burger [Refractor] #118,$2.75,,,,,,,,,,,,$2.99,,,,,,1,,,,,2022-11-16
11410860,Baseball Cards 2022 Topps Cosmic Chrome,Jake Burger [Superfractor] #118,,,,,,,,,,,,,,,,,,,0,,,,,2022-11-16
4373332,Baseball Cards 2022 Topps Cosmic Chrome,Jake Cronenworth #137,$0.36,,,,,,,,,,,,$0.99,,,,,,2,,,,,2022-11-16
4374534,Baseball Cards 2022 Topps Cosmic Chrome,Jake Cronenworth [Black Eclipse Refractor] #137,$33.04,,,,,,,,,,,$14.40,$35.99,,,,,,1,,,,,2022-11-16
4373933,Baseball Cards 2022 Topps Cosmic Chrome,Jake Cronenworth [Blue Moon Refractor] #137,$3.98,,,,,$32.10,$42.00,$19.00,$19.00,,,$0.90,$4.39,,,,,,2,,,,,2022-11-16
4374133,Baseball Cards 2022 Topps Cosmic Chrome,Jake Cronenworth [Gold Interstellar Refractor] #137,$13.50,,,,,,,,,,,$3.80,$14.99,,,,,,2,,,,,2022-11-16
4373733,Baseball Cards 2022 Topps Cosmic Chrome,Jake Cronenworth [Nucleus Refractor] #137,$1.65,,,,,,,,,,,,$1.79,,,,,,1,,,,,2022-11-16
4374334,Baseball Cards 2022 Topps Cosmic Chrome,Jake Cronenworth [Orange Galactic Refractor] #137,$14.90,,,,,,,,,,,$4.00,$15.99,,,,,,1,,,,,2022-11-16
4374732,Baseball Cards 2022 Topps Cosmic Chrome,Jake Cronenworth [Red Flare Refractor] #137,$50.00,,,,,,,,,,,$22.00,$54.99,,,,,,1,,,,,2022-11-16
4373532,Baseball Cards 2022 Topps Cosmic Chrome,Jake Cronenworth [Refractor] #137,$3.32,,,,,,,,,,,,$3.69,,,,,,1,,,,,2022-11-16
11410896,Baseball Cards 2022 Topps Cosmic Chrome,Jake Cronenworth [Superfractor] #137,,,,,,,,,,,,,,,,,,,0,,,,,2022-11-16
4373354,Baseball Cards 2022 Topps Cosmic Chrome,Jake Meyers #159,$1.66,,$6.33,$12.01,$23.50,$30.00,$39.00,$18.00,$18.00,,,,$1.79,,,$1.40,$6.99,,8,,,,,2022-11-16
4374556,Baseball Cards 2022 Topps Cosmic Chrome,Jake Meyers [Black Eclipse Refractor] #159,$55.00,,,,,,,,,,,$24.40,$60.99,,,,,,1,,,,,2022-11-16
4373955,Baseball Cards 2022 Topps Cosmic Chrome,Jake Meyers [Blue Moon Refractor] #159,$6.13,,,,,$15.50,$20.00,$9.00,$9.00,,,$1.30,$6.69,,,,,,4,,,,,2022-11-16
4374155,Baseball Cards 2022 Topps Cosmic Chrome,Jake Meyers [Gold Interstellar Refractor] #159,$7.50,,,,,,,,,,,$1.70,$8.29,,,,,,1,,,,,2022-11-16
4373755,Baseball Cards 2022 Topps Cosmic Chrome,Jake Meyers [Nucleus Refractor] #159,$6.32,,,,,,,,,,,$1.40,$6.99,,,,,,1,,,,,2022-11-16
4374356,Baseball Cards 2022 Topps Cosmic Chrome,Jake Meyers [Orange Galactic Refractor] #159,$20.25,,,,,,,,,,,$6.60,$21.99,,,,,,1,,,,,2022-11-16
4374755,Baseball Cards 2022 Topps Cosmic Chrome,Jake Meyers [Red Flare Refractor] #159,$73.00,,,,,,,,,,,$32.00,$79.99,,,,,,1,,,,,2022-11-16
4373554,Baseball Cards 2022 Topps Cosmic Chrome,Jake Meyers [Refractor] #159,$1.84,,,,,$8.04,$10.00,$5.00,$5.00,,,,$1.99,,,,,,3,,,,,2022-11-16
11410950,Baseball Cards 2022 Topps Cosmic Chrome,Jake Meyers [Superfractor] #159,,,,,,,,,,,,,,,,,,,0,,,,,2022-11-16
4373229,Baseball Cards 2022 Topps Cosmic Chrome,Jared Walsh #34,$1.99,,,,,,,,,,,,$2.19,,,,,,1,,,,,2022-11-16
4374431,Baseball Cards 2022 Topps Cosmic Chrome,Jared Walsh [Black Eclipse Refractor] #34,$9.02,,,,,,,,,,,$2.00,$9.89,,,,,,1,,,,,2022-11-16
4373830,Baseball Cards 2022 Topps Cosmic Chrome,Jared Walsh [Blue Moon Refractor] #34,$2.88,,,,,,,,,,,,$3.19,,,,,,3,,,,,2022-11-16
4374030,Baseball Cards 2022 Topps Cosmic Chrome,Jared Walsh [Gold Interstellar Refractor] #34,$6.97,,,,,,,,,,,$1.50,$7.69,,,,,,2,,,,,2022-11-16
4373630,Baseball Cards 2022 Topps Cosmic Chrome,Jared Walsh [Nucleus Refractor] #34,$4.50,,,,,$19.99,$26.00,$12.00,$12.00,,,$1.00,$4.99,,,,,,2,,,,,2022-11-16
4374230,Baseball Cards 2022 Topps Cosmic Chrome,Jared Walsh [Orange Galactic Refractor] #34,$4.00,,,$7.50,$8.00,,,,,,,$0.90,$4.39,,,,,,2,,,,,2022-11-16
4374630,Baseball Cards 2022 Topps Cosmic Chrome,Jared Walsh [Red Flare Refractor] #34,,,,,,,,,,,,,,,,,,,0,,,,,2022-11-16
4373429,Baseball Cards 2022 Topps Cosmic Chrome,Jared Walsh [Refractor] #34,$1.49,,,,,,,,,,,,$1.59,,,,,,1,,,,,2022-11-16
11410859,Baseball Cards 2022 Topps Cosmic Chrome,Jared Walsh [Superfractor] #34,,,,,,,,,,,,,,,,,,,0,,,,,2022-11-16
4373201,Baseball Cards 2022 Topps Cosmic Chrome,Jarred Kelenic #5,$1.80,,,,,,,,,,,,$1.99,,,,,,5,,,,,2022-11-16
4374402,Baseball Cards 2022 Topps Cosmic Chrome,Jarred Kelenic [Black Eclipse Refractor] #5,$114.39,,,,,$200.00,$260.00,$120.00,$120.00,,,$63.00,$126.00,,,,,,1,,,,,2022-11-16
4373801,Baseball Cards 2022 Topps Cosmic Chrome,Jarred Kelenic [Blue Moon Refractor] #5,$4.56,,,,,$60.00,$78.00,$36.00,$36.00,,,$1.00,$4.99,,,,,,4,,,,,2022-11-16
4374001,Baseball Cards 2022 Topps Cosmic Chrome,Jarred Kelenic [Gold Interstellar Refractor] #5,$12.53,,,,,,,,,,,$3.50,$13.99,,,,,,2,,,,,2022-11-16
4373601,Baseball Cards 2022 Topps Cosmic Chrome,Jarred Kelenic [Nucleus Refractor] #5,$4.99,,,$17.50,$19.00,$43.11,$56.00,$26.00,$26.00,,,$1.10,$5.49,,,,,,5,,,,,2022-11-16
4374202,Baseball Cards 2022 Topps Cosmic Chrome,Jarred Kelenic [Orange Galactic Refractor] #5,$12.99,,,,,$27.00,$35.00,$16.00,$16.00,,,$3.50,$13.99,,,,,,3,,,,,2022-11-16
4374601,Baseball Cards 2022 Topps Cosmic Chrome,Jarred Kelenic [Red Flare Refractor] #5,$73.00,,,,,$159.99,$208.00,$96.00,$96.00,,,$32.00,$79.99,,,,,,2,,,,,2022-11-16
4373399,Baseball Cards 2022 Topps Cosmic Chrome,Jarred Kelenic [Refractor] #5,$4.19,,,,,$18.50,$24.00,$11.00,$11.00,,,$0.90,$4.59,,,,,,3,,,,,2022-11-16
11410813,Baseball Cards 2022 Topps Cosmic Chrome,Jarred Kelenic [Superfractor] #5,,,,,,,,,,,,,,,,,,,0,,,,,2022-11-16
4373334,Baseball Cards 2022 Topps Cosmic Chrome,Jarren Duran #139,$1.99,,$6.62,$15.00,$17.63,$18.00,$23.00,$11.00,$11.00,,,,$2.19,,,$1.50,$7.29,,31,,,,,2022-11-16
4374536,Baseball Cards 2022 Topps Cosmic Chrome,Jarren Duran [Black Eclipse Refractor] #139,$35.00,,,,,$155.00,$202.00,$93.00,$93.00,,,$15.60,$38.99,,,,,,2,,,,,2022-11-16
4373935,Baseball Cards 2022 Topps Cosmic Chrome,Jarren Duran [Blue Moon Refractor] #139,$29.97,,,,,$104.20,$135.00,$63.00,$63.00,,,$9.90,$32.99,,,,,,2,,,,,2022-11-16
4374135,Baseball Cards 2022 Topps Cosmic Chrome,Jarren Duran [Gold Interstellar Refractor] #139,$12.50,,,$50.00,$55.00,$63.49,$83.00,$38.00,$38.00,,,$3.50,$13.99,,,,,,3,,,,,2022-11-16
4373735,Baseball Cards 2022 Topps Cosmic Chrome,Jarren Duran [Nucleus Refractor] #139,$31.21,,,$25.00,$28.00,$96.61,$126.00,$58.00,$50.20,,,$10.20,$33.99,,,,,,6,,,,,2022-11-16
4374336,Baseball Cards 2022 Topps Cosmic Chrome,Jarren Duran [Orange Galactic Refractor] #139,$9.60,,,$80.00,$88.00,$102.50,$133.00,$62.00,$62.00,,,$2.80,$10.99,,,,,,3,,,,,2022-11-16
4374735,Baseball Cards 2022 Topps Cosmic Chrome,Jarren Duran [Red Flare Refractor] #139,$40.00,,,,,,,,,,,$17.60,$43.99,,,,,,1,,,,,2022-11-16
4373534,Baseball Cards 2022 Topps Cosmic Chrome,Jarren Duran [Refractor] #139,$5.00,,,,,$40.69,$53.00,$24.00,$24.00,,,$1.10,$5.49,,,,,,5,,,,,2022-06-01
11410899,Baseball Cards 2022 Topps Cosmic Chrome,Jarren Duran [Superfractor] #139,,,,,,,,,,,,,,,,,,,0,,,,,2022-11-16
4373277,Baseball Cards 2022 Topps Cosmic Chrome,Javier Baez #82,$1.00,,,,,,,,,,,,$1.09,,,,,,3,,,,,2022-11-16
4374479,Baseball Cards 2022 Topps Cosmic Chrome,Javier Baez [Black Eclipse Refractor] #82,$85.00,,,,,,,,,,,$37.60,$93.99,,,,,,1,,,,,2022-11-16
4373878,Baseball Cards 2022 Topps Cosmic Chrome,Javier Baez [Blue Moon Refractor] #82,$8.00,,,,,,,,,,,$1.80,$8.79,,,,,,3,,,,,2022-11-16
4374078,Baseball Cards 2022 Topps Cosmic Chrome,Javier Baez [Gold Interstellar Refractor] #82,$5.25,,,,,$15.50,$20.00,$9.00,$9.00,,,$1.20,$5.79,,,,,,2,,,,,2022-11-16
4373678,Baseball Cards 2022 Topps Cosmic Chrome,Javier Baez [Nucleus Refractor] #82,$4.64,,,$10.50,$12.00,,,,,,,$1.00,$5.09,,,,,,2,,,,,2022-11-16
4374278,Baseball Cards 2022 Topps Cosmic Chrome,Javier Baez [Orange Galactic Refractor] #82,$22.48,,,,,,,,,,,$7.50,$24.99,,,,,,2,,,,,2022-11-16
4374678,Baseball Cards 2022 Topps Cosmic Chrome,Javier Baez [Red Flare Refractor] #82,$40.00,,,,,$152.50,$198.00,$92.00,$92.00,,,$17.60,$43.99,,,,,,2,,,,,2022-11-16
4373477,Baseball Cards 2022 Topps Cosmic Chrome,Javier Baez [Refractor] #82,$5.00,,,,,,,,,,,$1.10,$5.49,,,,,,1,,,,,2022-11-16
11410945,Baseball Cards 2022 Topps Cosmic Chrome,Javier Baez [Superfractor] #82,,,,,,,,,,,,,,,,,,,0,,,,,2022-11-16
4373202,Baseball Cards 2022 Topps Cosmic Chrome,Jazz Chisholm Jr. #6,$1.27,,,,,$11.24,$15.00,$7.00,$7.00,,,,$1.39,,,,,,4,,,,,2022-11-16
4374403,Baseball Cards 2022 Topps Cosmic Chrome,Jazz Chisholm Jr. [Black Eclipse Refractor] #6,$41.50,,,,,,,,,,,$18.40,$45.99,,,,,,1,,,,,2022-11-16
4373802,Baseball Cards 2022 Topps Cosmic Chrome,Jazz Chisholm Jr. [Blue Moon Refractor] #6,$1.57,,,$17.50,$19.00,$29.50,$38.00,$18.00,$18.00,,,,$1.69,,,,,,5,,,,,2022-11-16
4374002,Baseball Cards 2022 Topps Cosmic Chrome,Jazz Chisholm Jr. [Gold Interstellar Refractor] #6,$12.64,,,$28.37,$31.00,,,,,,,$3.50,$13.99,,,,,,4,,,,,2022-11-16
4373602,Baseball Cards 2022 Topps Cosmic Chrome,Jazz Chisholm Jr. [Nucleus Refractor] #6,$4.99,,,,,,,,,,,$1.10,$5.49,,,,,,2,,,,,2022-11-16
4374203,Baseball Cards 2022 Topps Cosmic Chrome,Jazz Chisholm Jr. [Orange Galactic Refractor] #6,$41.62,,,,,,,,,,,$18.40,$45.99,,,,,,1,,,,,2022-11-16
4374602,Baseball Cards 2022 Topps Cosmic Chrome,Jazz Chisholm Jr. [Red Flare Refractor] #6,$100.00,,,,,$55.00,$72.00,$33.00,$33.00,,,$55.00,$110.00,,,,,,2,,,,,2022-11-16
4373400,Baseball Cards 2022 Topps Cosmic Chrome,Jazz Chisholm Jr. [Refractor] #6,$2.46,,,,,$13.50,$18.00,$8.00,$8.00,,,,$2.69,,,,,,3,,,,,2022-11-16
11410814,Baseball Cards 2022 Topps Cosmic Chrome,Jazz Chisholm Jr. [Superfractor] #6,,,,,,,,,,,,,,,,,,,0,,,,,2022-11-16
4373228,Baseball Cards 2022 Topps Cosmic Chrome,Jeff McNeil #33,$1.44,,,,,,,,,,,,$1.59,,,,,,3,,,,,2022-11-16
4374430,Baseball Cards 2022 Topps Cosmic Chrome,Jeff McNeil [Black Eclipse Refractor] #33,$20.00,,,,,,,,,,,$6.60,$21.99,,,,,,1,,,,,2022-11-16
4373829,Baseball Cards 2022 Topps Cosmic Chrome,Jeff McNeil [Blue Moon Refractor] #33,$2.97,,,,,,,,,,,,$3.29,,,,,,4,,,,,2022-11-16
4374029,Baseball Cards 2022 Topps Cosmic Chrome,Jeff McNeil [Gold Interstellar Refractor] #33,$2.28,,,,,,,,,,,,$2.49,,,,,,2,,,,,2022-11-16
4373629,Baseball Cards 2022 Topps Cosmic Chrome,Jeff McNeil [Nucleus Refractor] #33,$4.49,,,$10.00,$11.00,$13.50,$18.00,$8.00,$8.00,,,$1.00,$4.89,,,,,,4,,,,,2022-11-16
4374229,Baseball Cards 2022 Topps Cosmic Chrome,Jeff McNeil [Orange Galactic Refractor] #33,$1.99,,,,,,,,,,,,$2.19,,,,,,1,,,,,2022-11-16
4374629,Baseball Cards 2022 Topps Cosmic Chrome,Jeff McNeil [Red Flare Refractor] #33,$85.00,,,,,,,,,,,$37.60,$93.99,,,,,,1,,,,,2022-11-16
4373428,Baseball Cards 2022 Topps Cosmic Chrome,Jeff McNeil [Refractor] #33,$2.65,,,,,,,,,,,,$2.89,,,,,,1,,,,,2022-11-16
11410857,Baseball Cards 2022 Topps Cosmic Chrome,Jeff McNeil [Superfractor] #33,,,,,,,,,,,,,,,,,,,0,,,,,2022-11-16
4373236,Baseball Cards 2022 Topps Cosmic Chrome,Jeremy Pena #41,$1.33,,$6.13,$9.99,$11.00,$19.25,$25.00,$12.00,$20.99,,,,$1.49,,,$1.30,$6.69,,46,,,,,2022-11-16
4374438,Baseball Cards 2022 Topps Cosmic Chrome,Jeremy Pena [Black Eclipse Refractor] #41,$110.00,,,,,$800.00,$1040.00,$480.00,$480.00,,,$60.50,$121.00,,,,,,2,,,,,2022-11-16
4373837,Baseball Cards 2022 Topps Cosmic Chrome,Jeremy Pena [Blue Moon Refractor] #41,$11.86,,,,,$45.00,$59.00,$27.00,$27.00,,,$3.30,$12.99,,,,,,6,,,,,2022-11-16
4374037,Baseball Cards 2022 Topps Cosmic Chrome,Jeremy Pena [Gold Interstellar Refractor] #41,$45.00,,,,,$122.14,$159.00,$73.00,$73.00,,,$20.00,$49.99,,,,,,6,,,,,2022-11-16
4373637,Baseball Cards 2022 Topps Cosmic Chrome,Jeremy Pena [Nucleus Refractor] #41,$2.99,,,$66.46,$73.00,$80.00,$104.00,$48.00,$48.00,,,,$3.29,,,,,,6,,,,,2022-11-16
4374237,Baseball Cards 2022 Topps Cosmic Chrome,Jeremy Pena [Orange Galactic Refractor] #41,,,,,,$198.85,$259.00,$119.00,$119.00,,,,,,,,,,2,,,,,2022-11-16
4374637,Baseball Cards 2022 Topps Cosmic Chrome,Jeremy Pena [Red Flare Refractor] #41,$202.50,,,,,,,,,,,$111.50,$223.00,,,,,,1,,,,,2022-11-16
4373436,Baseball Cards 2022 Topps Cosmic Chrome,Jeremy Pena [Refractor] #41,$1.52,,,,$29.00,$30.00,$59.95,$18.00,$18.00,,,,$1.69,,,,,,4,,,,,2022-11-16
11410875,Baseball Cards 2022 Topps Cosmic Chrome,Jeremy Pena [Superfractor] #41,,,,,,,,,,,,,,,,,,,0,,,,,2022-11-16
4373298,Baseball Cards 2022 Topps Cosmic Chrome,Jesus Luzardo #103,$1.03,,,,,,,,,,,,$1.09,,,,,,1,,,,,2022-11-16
4374500,Baseball Cards 2022 Topps Cosmic Chrome,Jesus Luzardo [Black Eclipse Refractor] #103,$4.72,,,,,,,,,,,$1.00,$5.19,,,,,,1,,,,,2022-11-16
4373899,Baseball Cards 2022 Topps Cosmic Chrome,Jesus Luzardo [Blue Moon Refractor] #103,$2.49,,,,,,,,,,,,$2.69,,,,,,2,,,,,2022-11-16
4374099,Baseball Cards 2022 Topps Cosmic Chrome,Jesus Luzardo [Gold Interstellar Refractor] #103,$4.12,,,$15.92,$17.00,$17.50,$23.00,$11.00,$11.00,,,$0.90,$4.49,,,,,,3,,,,,2022-11-16
4373699,Baseball Cards 2022 Topps Cosmic Chrome,Jesus Luzardo [Nucleus Refractor] #103,$4.75,,,,,$20.50,$27.00,$12.00,$12.00,,,$1.00,$5.19,,,,,,2,,,,,2022-11-16
4374300,Baseball Cards 2022 Topps Cosmic Chrome,Jesus Luzardo [Orange Galactic Refractor] #103,$20.00,,,,,,,,,,,$6.60,$21.99,,,,,,1,,,,,2022-11-16
4374699,Baseball Cards 2022 Topps Cosmic Chrome,Jesus Luzardo [Red Flare Refractor] #103,$35.00,,,,,,,,,,,$15.60,$38.99,,,,,,1,,,,,2022-11-16
4373498,Baseball Cards 2022 Topps Cosmic Chrome,Jesus Luzardo [Refractor] #103,$3.71,,,,,,,,,,,$0.80,$4.09,,,,,,2,,,,,2022-11-16
11410833,Baseball Cards 2022 Topps Cosmic Chrome,Jesus Luzardo [Superfractor] #103,,,,,,,,,,,,,,,,,,,0,,,,,2022-11-16
4373241,Baseball Cards 2022 Topps Cosmic Chrome,Jhoan Duran #46,$1.67,,$6.34,$12.02,$23.51,$33.82,$44.00,$20.00,$20.00,,,,$1.79,,,$1.40,$6.99,,10,,,,,2022-11-16
4374443,Baseball Cards 2022 Topps Cosmic Chrome,Jhoan Duran [Black Eclipse Refractor] #46,$57.14,,,,,$175.00,$228.00,$105.00,$105.00,,,$25.20,$62.99,,,,,,2,,,,,2022-11-16
4373842,Baseball Cards 2022 Topps Cosmic Chrome,Jhoan Duran [Blue Moon Refractor] #46,$8.74,,,,,$18.50,$24.00,$11.00,$11.00,,,$1.90,$9.59,,,,,,4,,,,,2022-11-16
4374042,Baseball Cards 2022 Topps Cosmic Chrome,Jhoan Duran [Gold Interstellar Refractor] #46,$8.50,,,$18.00,$20.00,$95.04,$124.00,$57.00,$57.00,,,$1.90,$9.39,,,,,,5,,,,,2022-11-16
4373642,Baseball Cards 2022 Topps Cosmic Chrome,Jhoan Duran [Nucleus Refractor] #46,$4.49,,,$16.50,$18.00,,,,,,,$1.00,$4.89,,,,,,4,,,,,2022-11-16
4374242,Baseball Cards 2022 Topps Cosmic Chrome,Jhoan Duran [Orange Galactic Refractor] #46,$25.53,,,,,$54.22,$70.00,$33.00,$33.00,,,$8.40,$27.99,,,,,,3,,,,,2022-11-16
4374642,Baseball Cards 2022 Topps Cosmic Chrome,Jhoan Duran [Red Flare Refractor] #46,$135.00,,,,,,,,,,,$74.50,$149.00,,,,,,1,,,,,2022-11-16
4373441,Baseball Cards 2022 Topps Cosmic Chrome,Jhoan Duran [Refractor] #46,$3.99,,,,,,,,,,,$0.90,$4.39,,,,,,3,,,,,2022-11-16
11410886,Baseball Cards 2022 Topps Cosmic Chrome,Jhoan Duran [Superfractor] #46,,,,,,,,,,,,,,,,,,,0,,,,,2022-11-16
4373381,Baseball Cards 2022 Topps Cosmic Chrome,Joe Musgrove #187,$1.21,,,,,$500.00,$650.00,$300.00,$300.00,,,,$1.29,,,,,,3,,,,,2022-11-16
4374583,Baseball Cards 2022 Topps Cosmic Chrome,Joe Musgrove [Black Eclipse Refractor] #187,$44.29,,,,,,,,,,,$19.60,$48.99,,,,,,1,,,,,2022-11-16
4373983,Baseball Cards 2022 Topps Cosmic Chrome,Joe Musgrove [Blue Moon Refractor] #187,$4.54,,,,,,,,,,,$1.00,$4.99,,,,,,2,,,,,2022-11-16
4374183,Baseball Cards 2022 Topps Cosmic Chrome,Joe Musgrove [Gold Interstellar Refractor] #187,$5.53,,,,,$29.88,$39.00,$18.00,$18.00,,,$1.20,$6.09,,,,,,2,,,,,2022-11-16
4373783,Baseball Cards 2022 Topps Cosmic Chrome,Joe Musgrove [Nucleus Refractor] #187,$2.99,,,,,,,,,,,,$3.29,,,,,,1,,,,,2022-11-16
4374384,Baseball Cards 2022 Topps Cosmic Chrome,Joe Musgrove [Orange Galactic Refractor] #187,$4.30,,,,,,,,,,,$0.90,$4.69,,,,,,1,,,,,2022-11-16
4374783,Baseball Cards 2022 Topps Cosmic Chrome,Joe Musgrove [Red Flare Refractor] #187,,,,,,,,,,,,,,,,,,,0,,,,,2022-11-16
4373582,Baseball Cards 2022 Topps Cosmic Chrome,Joe Musgrove [Refractor] #187,$2.02,,,,,,,,,,,,$2.19,,,,,,1,,,,,2022-11-16
11410986,Baseball Cards 2022 Topps Cosmic Chrome,Joe Musgrove [Superfractor] #187,,,,,,,,,,,,,,,,,,,0,,,,,2022-11-16
4373393,Baseball Cards 2022 Topps Cosmic Chrome,Joe Ryan #199,$1.58,,$6.19,$11.79,$23.11,$33.39,$43.00,$20.00,$17.99,,,,$1.69,,,$1.40,$6.79,,9,,,,,2022-11-16
4374595,Baseball Cards 2022 Topps Cosmic Chrome,Joe Ryan [Black Eclipse Refractor] #199,$42.50,,,,,,,,,,,$18.80,$46.99,,,,,,1,,,,,2022-11-16
4373995,Baseball Cards 2022 Topps Cosmic Chrome,Joe Ryan [Blue Moon Refractor] #199,$10.00,,,$30.00,$33.00,,,,,,,$2.80,$10.99,,,,,,5,,,,,2022-11-16
4374195,Baseball Cards 2022 Topps Cosmic Chrome,Joe Ryan [Gold Interstellar Refractor] #199,$6.96,,,$38.00,$42.00,,,,,,,$1.50,$7.69,,,,,,3,,,,,2022-11-16
4373795,Baseball Cards 2022 Topps Cosmic Chrome,Joe Ryan [Nucleus Refractor] #199,$5.61,,,$11.41,$13.00,$39.00,$51.00,$23.00,$23.00,,,$1.20,$6.19,,,,,,5,,,,,2022-11-16
4374396,Baseball Cards 2022 Topps Cosmic Chrome,Joe Ryan [Orange Galactic Refractor] #199,$29.99,,,,,,,,,,,$9.90,$32.99,,,,,,2,,,,,2022-11-16
4374795,Baseball Cards 2022 Topps Cosmic Chrome,Joe Ryan [Red Flare Refractor] #199,$76.00,,,,,,,,,,,$33.60,$83.99,,,,,,1,,,,,2022-11-16
4373595,Baseball Cards 2022 Topps Cosmic Chrome,Joe Ryan [Refractor] #199,$4.62,,,,,,,,,,,$1.00,$5.09,,,,,,3,,,,,2022-11-16
11410998,Baseball Cards 2022 Topps Cosmic Chrome,Joe Ryan [Superfractor] #199,,,,,,,,,,,,,,,,,,,0,,,,,2022-11-16
4373273,Baseball Cards 2022 Topps Cosmic Chrome,Joey Gallo #78,$1.39,,,,,,,,,,,,$1.49,,,,,,1,,,,,2022-11-16
4374475,Baseball Cards 2022 Topps Cosmic Chrome,Joey Gallo [Black Eclipse Refractor] #78,$25.00,,,,,,,,,,,$8.40,$27.99,,,,,,1,,,,,2022-11-16
4373874,Baseball Cards 2022 Topps Cosmic Chrome,Joey Gallo [Blue Moon Refractor] #78,$2.38,,,,,,,,,,,,$2.59,,,,,,3,,,,,2022-11-16
4374074,Baseball Cards 2022 Topps Cosmic Chrome,Joey Gallo [Gold Interstellar Refractor] #78,$4.97,,,,,,,,,,,$1.10,$5.49,,,,,,3,,,,,2022-11-16
4373674,Baseball Cards 2022 Topps Cosmic Chrome,Joey Gallo [Nucleus Refractor] #78,$3.20,,,,,$14.65,$19.00,$9.00,$9.00,,,,$3.49,,,,,,2,,,,,2022-11-16
4374274,Baseball Cards 2022 Topps Cosmic Chrome,Joey Gallo [Orange Galactic Refractor] #78,$5.86,,,,,,,,,,,$1.30,$6.49,,,,,,1,,,,,2022-11-16
4374674,Baseball Cards 2022 Topps Cosmic Chrome,Joey Gallo [Red Flare Refractor] #78,,,,,,,,,,,,,,,,,,,0,,,,,2022-11-16
4373473,Baseball Cards 2022 Topps Cosmic Chrome,Joey Gallo [Refractor] #78,$1.94,,,,,,,,,,,,$2.09,,,,,,1,,,,,2022-11-16
11410937,Baseball Cards 2022 Topps Cosmic Chrome,Joey Gallo [Superfractor] #78,,,,,,,,,,,,,,,,,,,0,,,,,2022-11-16
4373226,Baseball Cards 2022 Topps Cosmic Chrome,Joey Votto #31,$1.42,$8.50,,,,$24.99,$32.00,$15.00,$15.00,,,,$1.59,$1.90,$9.39,,,,7,,,,,2022-11-16
4374428,Baseball Cards 2022 Topps Cosmic Chrome,Joey Votto [Black Eclipse Refractor] #31,$53.00,,,,,$199.99,$260.00,$120.00,$120.00,,,$23.20,$57.99,,,,,,2,,,,,2022-11-16
4373827,Baseball Cards 2022 Topps Cosmic Chrome,Joey Votto [Blue Moon Refractor] #31,$4.00,,,,,$66.10,$86.00,$40.00,$45.00,,,$0.90,$4.39,,,,,,2,,,,,2022-11-16
4374027,Baseball Cards 2022 Topps Cosmic Chrome,Joey Votto [Gold Interstellar Refractor] #31,$30.00,,,,,$61.18,$80.00,$37.00,$37.00,,,$9.90,$32.99,,,,,,3,,,,,2022-11-16
4373627,Baseball Cards 2022 Topps Cosmic Chrome,Joey Votto [Nucleus Refractor] #31,$6.04,,,,,$30.11,$39.00,$18.00,$18.00,,,$1.30,$6.59,,,,,,5,,,,,2022-11-16
4374227,Baseball Cards 2022 Topps Cosmic Chrome,Joey Votto [Orange Galactic Refractor] #31,$23.75,,,,,$71.78,$93.00,$43.00,$43.00,,,$7.80,$25.99,,,,,,3,,,,,2022-11-16
4374627,Baseball Cards 2022 Topps Cosmic Chrome,Joey Votto [Red Flare Refractor] #31,$0.99,,,,,$225.00,$293.00,$135.00,$135.00,,,,$1.09,,,,,,1,,,,,2022-11-16
4373426,Baseball Cards 2022 Topps Cosmic Chrome,Joey Votto [Refractor] #31,$2.50,,,,,,,,$25.00,,,,$2.79,,,,,,4,,,,,2022-11-16
11410852,Baseball Cards 2022 Topps Cosmic Chrome,Joey Votto [Superfractor] #31,,,,,,,,,,,,,,,,,,,0,,,,,2022-11-16
4373289,Baseball Cards 2022 Topps Cosmic Chrome,Johnny Cueto #94,$1.37,,,,,,,,,,,,$1.49,,,,,,1,,,,,2022-11-16
4374491,Baseball Cards 2022 Topps Cosmic Chrome,Johnny Cueto [Black Eclipse Refractor] #94,$12.99,,,,,,,,,,,$3.50,$13.99,,,,,,1,,,,,2022-11-16
4373890,Baseball Cards 2022 Topps Cosmic Chrome,Johnny Cueto [Blue Moon Refractor] #94,$1.63,,,,,,,,,,,,$1.79,,,,,,1,,,,,2022-11-16
4374090,Baseball Cards 2022 Topps Cosmic Chrome,Johnny Cueto [Gold Interstellar Refractor] #94,$2.33,,,,,,,,,,,,$2.59,,,,,,4,,,,,2022-11-16
4373690,Baseball Cards 2022 Topps Cosmic Chrome,Johnny Cueto [Nucleus Refractor] #94,$0.99,,$7.37,,,,,,,,,,$1.09,,,$1.60,$8.09,,2,,,,,2022-11-16
4374291,Baseball Cards 2022 Topps Cosmic Chrome,Johnny Cueto [Orange Galactic Refractor] #94,$5.65,,,,,,,,,,,$1.20,$6.19,,,,,,1,,,,,2022-11-16
4374690,Baseball Cards 2022 Topps Cosmic Chrome,Johnny Cueto [Red Flare Refractor] #94,$29.10,,,,,,,,,,,$9.60,$31.99,,,,,,1,,,,,2022-11-16
4373489,Baseball Cards 2022 Topps Cosmic Chrome,Johnny Cueto [Refractor] #94,$2.99,,,,,,,,,,,,$3.29,,,,,,1,,,,,2022-11-16
11411001,Baseball Cards 2022 Topps Cosmic Chrome,Johnny Cueto [Superfractor] #94,,,,,,,,,,,,,,,,,,,0,,,,,2022-11-16
4373383,Baseball Cards 2022 Topps Cosmic Chrome,Jonathan India #189,$1.29,,$6.04,$11.56,$22.71,$32.95,$43.00,$20.00,$20.00,,,,$1.39,,,$1.30,$6.59,,6,,,,,2022-11-16
4374585,Baseball Cards 2022 Topps Cosmic Chrome,Jonathan India [Black Eclipse Refractor] #189,,,,,,,,,,,,,,,,,,,0,,,,,2022-11-16
4373985,Baseball Cards 2022 Topps Cosmic Chrome,Jonathan India [Blue Moon Refractor] #189,$8.00,,,,,,,,,,,$1.80,$8.79,,,,,,1,,,,,2022-11-16
4374185,Baseball Cards 2022 Topps Cosmic Chrome,Jonathan India [Gold Interstellar Refractor] #189,$5.72,,,,,,,,,,,$1.30,$6.29,,,,,,4,,,,,2022-11-16
4373785,Baseball Cards 2022 Topps Cosmic Chrome,Jonathan India [Nucleus Refractor] #189,$1.85,,,,,,,,,,,,$1.99,,,,,,1,,,,,2022-11-16
4374386,Baseball Cards 2022 Topps Cosmic Chrome,Jonathan India [Orange Galactic Refractor] #189,$54.99,,,,,,,,,,,$24.00,$59.99,,,,,,1,,,,,2022-11-16
4374785,Baseball Cards 2022 Topps Cosmic Chrome,Jonathan India [Red Flare Refractor] #189,$105.96,,,,,,,,,,,$58.50,$117.00,,,,,,1,,,,,2022-11-16
4373584,Baseball Cards 2022 Topps Cosmic Chrome,Jonathan India [Refractor] #189,$0.99,,,,,,,,,,,,$1.09,,,,,,1,,,,,2022-11-16
11410988,Baseball Cards 2022 Topps Cosmic Chrome,Jonathan India [Superfractor] #189,,,,,,,,,,,,,,,,,,,0,,,,,2022-11-16
4373230,Baseball Cards 2022 Topps Cosmic Chrome,Jorge Polanco #35,$1.49,,,,,,,,,,,,$1.59,,,,,,1,,,,,2022-11-16
4374432,Baseball Cards 2022 Topps Cosmic Chrome,Jorge Polanco [Black Eclipse Refractor] #35,$13.50,,,,,,,,,,,$3.80,$14.99,,,,,,1,,,,,2022-11-16
4373831,Baseball Cards 2022 Topps Cosmic Chrome,Jorge Polanco [Blue Moon Refractor] #35,$2.50,,,,,,,,,,,,$2.79,,,,,,2,,,,,2022-11-16
4374031,Baseball Cards 2022 Topps Cosmic Chrome,Jorge Polanco [Gold Interstellar Refractor] #35,$5.50,,,,,$17.62,$23.00,$11.00,$11.00,,,$1.20,$6.09,,,,,,4,,,,,2022-11-16
4373631,Baseball Cards 2022 Topps Cosmic Chrome,Jorge Polanco [Nucleus Refractor] #35,$2.79,,,,,$50.00,$65.00,$30.00,$30.00,,,,$3.09,,,,,,3,,,,,2022-11-16
4374231,Baseball Cards 2022 Topps Cosmic Chrome,Jorge Polanco [Orange Galactic Refractor] #35,$5.50,,,,,$16.05,$21.00,$10.00,$10.00,,,$1.20,$6.09,,,,,,2,,,,,2022-11-16
4374631,Baseball Cards 2022 Topps Cosmic Chrome,Jorge Polanco [Red Flare Refractor] #35,$8.50,,,,,$34.82,$45.00,$21.00,$21.00,,,$1.90,$9.39,,,,,,2,,,,,2022-11-16
4373430,Baseball Cards 2022 Topps Cosmic Chrome,Jorge Polanco [Refractor] #35,$1.83,,,,,,,,,,,,$1.99,,,,,,1,,,,,2022-11-16
11410861,Baseball Cards 2022 Topps Cosmic Chrome,Jorge Polanco [Superfractor] #35,,,,,,,,,,,,,,,,,,,0,,,,,2022-11-16
4373268,Baseball Cards 2022 Topps Cosmic Chrome,Jorge Soler #73,$1.49,,,,,,,,,,,,$1.59,,,,,,1,,,,,2022-11-16
4374470,Baseball Cards 2022 Topps Cosmic Chrome,Jorge Soler [Black Eclipse Refractor] #73,$8.33,,,,,,,,,,,$1.80,$9.19,,,,,,1,,,,,2022-11-16
4373869,Baseball Cards 2022 Topps Cosmic Chrome,Jorge Soler [Blue Moon Refractor] #73,$1.38,,,,,,,,,,,,$1.49,,,,,,3,,,,,2022-11-16
4374069,Baseball Cards 2022 Topps Cosmic Chrome,Jorge Soler [Gold Interstellar Refractor] #73,$3.00,,,,,,,,,,,,$3.29,,,,,,1,,,,,2022-11-16
4373669,Baseball Cards 2022 Topps Cosmic Chrome,Jorge Soler [Nucleus Refractor] #73,$3.35,,,,,,,,,,,,$3.69,,,,,,1,,,,,2022-11-16
4374269,Baseball Cards 2022 Topps Cosmic Chrome,Jorge Soler [Orange Galactic Refractor] #73,$4.25,,,,,,,,,,,$0.90,$4.69,,,,,,1,,,,,2022-11-16
4374669,Baseball Cards 2022 Topps Cosmic Chrome,Jorge Soler [Red Flare Refractor] #73,,,,,,,,,,,,,,,,,,,0,,,,,2022-11-16
4373468,Baseball Cards 2022 Topps Cosmic Chrome,Jorge Soler [Refractor] #73,$1.99,,,,,$6.50,$8.00,$4.00,$4.00,,,,$2.19,,,,,,2,,,,,2022-11-16
11410932,Baseball Cards 2022 Topps Cosmic Chrome,Jorge Soler [Superfractor] #73,,,,,,,,,,,,,,,,,,,0,,,,,2022-11-16
4373318,Baseball Cards 2022 Topps Cosmic Chrome,Jose Abreu #123,$1.65,,,,,,,,,,,,$1.79,,,,,,1,,,,,2022-11-16
4374520,Baseball Cards 2022 Topps Cosmic Chrome,Jose Abreu [Black Eclipse Refractor] #123,$21.77,,,,,,,,,,,$7.20,$23.99,,,,,,1,,,,,2022-11-16
4373919,Baseball Cards 2022 Topps Cosmic Chrome,Jose Abreu [Blue Moon Refractor] #123,$2.24,,,,,,,,,,,,$2.49,,,,,,3,,,,,2022-11-16
4374119,Baseball Cards 2022 Topps Cosmic Chrome,Jose Abreu [Gold Interstellar Refractor] #123,$4.53,,,$9.50,$10.00,$19.50,$25.00,$12.00,$12.00,,,$1.00,$4.99,,,,,,4,,,,,2022-11-16
4373719,Baseball Cards 2022 Topps Cosmic Chrome,Jose Abreu [Nucleus Refractor] #123,$5.99,,,,,,,,,,,$1.30,$6.59,,,,,,1,,,,,2022-11-16
4374320,Baseball Cards 2022 Topps Cosmic Chrome,Jose Abreu [Orange Galactic Refractor] #123,$12.92,,,,,$11.50,$15.00,$7.00,$7.00,,,$3.50,$13.99,,,,,,2,,,,,2022-11-16
4374718,Baseball Cards 2022 Topps Cosmic Chrome,Jose Abreu [Red Flare Refractor] #123,$40.00,,,,,$52.00,$68.00,$31.00,$31.00,,,$17.60,$43.99,,,,,,2,,,,,2022-11-16
4373518,Baseball Cards 2022 Topps Cosmic Chrome,Jose Abreu [Refractor] #123,$2.54,,,,,,,,,,,,$2.79,,,,,,1,,,,,2022-11-16
11410869,Baseball Cards 2022 Topps Cosmic Chrome,Jose Abreu [Superfractor] #123,,,,,,,,,,,,,,,,,,,0,,,,,2022-11-16
4373362,Baseball Cards 2022 Topps Cosmic Chrome,Jose Altuve #167,$1.49,,$6.20,$11.80,$15.00,$25.99,$34.00,$16.00,$16.00,,,,$1.59,,,$1.40,$6.79,,8,,,,,2022-11-16
4374564,Baseball Cards 2022 Topps Cosmic Chrome,Jose Altuve [Black Eclipse Refractor] #167,$55.85,,,$76.00,$84.00,$312.24,$406.00,$187.00,$187.00,,,$24.40,$60.99,,,,,,3,,,,,2022-11-16
4373963,Baseball Cards 2022 Topps Cosmic Chrome,Jose Altuve [Blue Moon Refractor] #167,$16.49,,,,$24.62,$44.50,$58.00,$27.00,$27.00,,,$4.50,$17.99,,,,,,5,,,,,2022-11-16
4374163,Baseball Cards 2022 Topps Cosmic Chrome,Jose Altuve [Gold Interstellar Refractor] #167,$6.50,,,$28.00,$31.00,$79.00,$103.00,$47.00,$47.00,,,$1.40,$7.19,,,,,,4,,,,,2022-11-16
4373763,Baseball Cards 2022 Topps Cosmic Chrome,Jose Altuve [Nucleus Refractor] #167,$19.99,,,,,$86.00,$112.00,$52.00,$52.00,,,$6.60,$21.99,,,,,,5,,,,,2022-11-16
4374364,Baseball Cards 2022 Topps Cosmic Chrome,Jose Altuve [Orange Galactic Refractor] #167,$29.98,,,,,,,,,,,$9.90,$32.99,,,,,,2,,,,,2022-11-16
4374763,Baseball Cards 2022 Topps Cosmic Chrome,Jose Altuve [Red Flare Refractor] #167,$99.99,,,,,,,,,,,$55.00,$110.00,,,,,,1,,,,,2022-11-16
4373562,Baseball Cards 2022 Topps Cosmic Chrome,Jose Altuve [Refractor] #167,$8.00,,,,,,,,,,,$1.80,$8.79,,,,,,1,,,,,2022-11-16
11410964,Baseball Cards 2022 Topps Cosmic Chrome,Jose Altuve [Superfractor] #167,,,,,,,,,,,,,,,,,,,0,,,,,2022-11-16
4373352,Baseball Cards 2022 Topps Cosmic Chrome,Jose Berrios #157,$1.57,,,,,,,,,,,,$1.69,,,,,,2,,,,,2022-11-16
4374554,Baseball Cards 2022 Topps Cosmic Chrome,Jose Berrios [Black Eclipse Refractor] #157,$10.50,,,$22.00,$24.00,,,,,,,$3.00,$11.99,,,,,,2,,,,,2022-11-16
4373953,Baseball Cards 2022 Topps Cosmic Chrome,Jose Berrios [Blue Moon Refractor] #157,$2.99,,,,,,,,,,,,$3.29,,,,,,1,,,,,2022-11-16
4374153,Baseball Cards 2022 Topps Cosmic Chrome,Jose Berrios [Gold Interstellar Refractor] #157,$0.99,,,,,,,,,,,,$1.09,,,,,,1,,,,,2022-11-16
4373753,Baseball Cards 2022 Topps Cosmic Chrome,Jose Berrios [Nucleus Refractor] #157,$1.53,,,$11.50,$13.00,,,,,,,,$1.69,,,,,,2,,,,,2022-11-16
4374354,Baseball Cards 2022 Topps Cosmic Chrome,Jose Berrios [Orange Galactic Refractor] #157,$3.55,,,,,,,,,,,$0.80,$3.89,,,,,,2,,,,,2022-11-16
4374753,Baseball Cards 2022 Topps Cosmic Chrome,Jose Berrios [Red Flare Refractor] #157,$8.34,,,,,,,,,,,$1.80,$9.19,,,,,,1,,,,,2022-11-16
4373552,Baseball Cards 2022 Topps Cosmic Chrome,Jose Berrios [Refractor] #157,$3.20,,,,,,,,,,,,$3.49,,,,,,1,,,,,2022-11-16
11410947,Baseball Cards 2022 Topps Cosmic Chrome,Jose Berrios [Superfractor] #157,,,,,,,,,,,,,,,,,,,0,,,,,2022-11-16
4373304,Baseball Cards 2022 Topps Cosmic Chrome,Jose Ramirez #109,$1.86,,$6.49,$12.25,$23.91,$34.27,$45.00,$21.00,$20.00,,,,$2.09,,,$1.40,$7.09,,6,,,,,2022-11-16
4374506,Baseball Cards 2022 Topps Cosmic Chrome,Jose Ramirez [Black Eclipse Refractor] #109,$44.03,,,$115.00,$122.00,$124.99,$162.00,$75.00,$75.00,,,$19.20,$47.99,,,,,,5,,,,,2022-11-16
4373905,Baseball Cards 2022 Topps Cosmic Chrome,Jose Ramirez [Blue Moon Refractor] #109,$11.13,,,$50.00,$55.00,$76.00,$99.00,$46.00,$46.00,,,$3.00,$11.99,,,,,,5,,,,,2022-11-16
4374105,Baseball Cards 2022 Topps Cosmic Chrome,Jose Ramirez [Gold Interstellar Refractor] #109,$35.09,,,,,$141.50,$184.00,$85.00,$85.00,,,$15.60,$38.99,,,,,,4,,,,,2022-11-16
4373705,Baseball Cards 2022 Topps Cosmic Chrome,Jose Ramirez [Nucleus Refractor] #109,$6.77,,,,,$51.00,$66.00,$31.00,$31.00,,,$1.50,$7.49,,,,,,5,,,,,2022-11-16
4374306,Baseball Cards 2022 Topps Cosmic Chrome,Jose Ramirez [Orange Galactic Refractor] #109,$18.50,,,,,,,,,,,$5.00,$19.99,,,,,,1,,,,,2022-11-16
4374705,Baseball Cards 2022 Topps Cosmic Chrome,Jose Ramirez [Red Flare Refractor] #109,$41.01,,,,,$199.95,$260.00,$120.00,$120.00,,,$18.00,$44.99,,,,,,2,,,,,2022-11-16
4373504,Baseball Cards 2022 Topps Cosmic Chrome,Jose Ramirez [Refractor] #109,$4.39,,,,,,,,,,,$1.00,$4.79,,,,,,3,,,,,2022-11-16
11410844,Baseball Cards 2022 Topps Cosmic Chrome,Jose Ramirez [Superfractor] #109,,,,,,,,,,,,,,,,,,,0,,,,,2022-11-16
4373309,Baseball Cards 2022 Topps Cosmic Chrome,Jose Siri #114,$1.00,,,,,$18.95,$25.00,$11.00,$11.00,,,,$1.09,,,,,,5,,,,,2022-11-16
4374511,Baseball Cards 2022 Topps Cosmic Chrome,Jose Siri [Black Eclipse Refractor] #114,,,,,,,,,,,,,,,,,,,0,,,,,2022-11-16
4373910,Baseball Cards 2022 Topps Cosmic Chrome,Jose Siri [Blue Moon Refractor] #114,$5.09,,,,,$17.69,$23.00,$11.00,$11.00,,,$1.10,$5.59,,,,,,3,,,,,2022-11-16
4374110,Baseball Cards 2022 Topps Cosmic Chrome,Jose Siri [Gold Interstellar Refractor] #114,$7.66,,,,,$49.00,$64.00,$29.00,$29.00,,,$1.70,$8.39,,,,,,2,,,,,2022-11-16
4373710,Baseball Cards 2022 Topps Cosmic Chrome,Jose Siri [Nucleus Refractor] #114,$2.47,,,,,$36.05,$47.00,$22.00,$22.00,,,,$2.69,,,,,,2,,,,,2022-11-16
4374311,Baseball Cards 2022 Topps Cosmic Chrome,Jose Siri [Orange Galactic Refractor] #114,$7.13,,,,,,,,,,,$1.60,$7.79,,,,,,1,,,,,2022-11-16
4374710,Baseball Cards 2022 Topps Cosmic Chrome,Jose Siri [Red Flare Refractor] #114,,,,,,,,,,,,,,,,,,,0,,,,,2022-11-16
4373509,Baseball Cards 2022 Topps Cosmic Chrome,Jose Siri [Refractor] #114,$3.50,,,,,,,,,,,$0.80,$3.89,,,,,,2,,,,,2022-11-16
11410853,Baseball Cards 2022 Topps Cosmic Chrome,Jose Siri [Superfractor] #114,,,,,,,,,,,,,,,,,,,0,,,,,2022-11-16
4373388,Baseball Cards 2022 Topps Cosmic Chrome,Josh Bell #194,$1.65,,,,,,,,,,,,$1.79,,,,,,1,,,,,2022-11-16
4374590,Baseball Cards 2022 Topps Cosmic Chrome,Josh Bell [Black Eclipse Refractor] #194,$5.50,,,,,,,,,,,$1.20,$6.09,,,,,,1,,,,,2022-11-16
4373990,Baseball Cards 2022 Topps Cosmic Chrome,Josh Bell [Blue Moon Refractor] #194,$6.58,,,,,$42.00,$55.00,$25.00,$25.00,,,$1.40,$7.19,,,,,,3,,,,,2022-11-16
4374190,Baseball Cards 2022 Topps Cosmic Chrome,Josh Bell [Gold Interstellar Refractor] #194,$2.52,,,,,,,,,,,,$2.79,,,,,,2,,,,,2022-11-16
4373790,Baseball Cards 2022 Topps Cosmic Chrome,Josh Bell [Nucleus Refractor] #194,$4.06,,,,,$15.22,$20.00,$9.00,$9.00,,,$0.90,$4.49,,,,,,3,,,,,2022-11-16
4374391,Baseball Cards 2022 Topps Cosmic Chrome,Josh Bell [Orange Galactic Refractor] #194,$5.52,,,,,,,,,,,$1.20,$6.09,,,,,,1,,,,,2022-11-16
4374790,Baseball Cards 2022 Topps Cosmic Chrome,Josh Bell [Red Flare Refractor] #194,$10.50,,,,,,,,,,,$3.00,$11.99,,,,,,1,,,,,2022-11-16
4373590,Baseball Cards 2022 Topps Cosmic Chrome,Josh Bell [Refractor] #194,$2.00,,,,,,,,,,,,$2.19,,,,,,1,,,,,2022-11-16
11410993,Baseball Cards 2022 Topps Cosmic Chrome,Josh Bell [Superfractor] #194,$76.00,,,,,,,,,,,$33.60,$83.99,,,,,,1,,,,,2022-11-16
4373254,Baseball Cards 2022 Topps Cosmic Chrome,Josh Donaldson #59,$1.88,,,,,$25.00,$33.00,$15.00,$15.00,,,,$2.09,,,,,,2,,,,,2022-11-16
4374456,Baseball Cards 2022 Topps Cosmic Chrome,Josh Donaldson [Black Eclipse Refractor] #59,$4.63,,,,,,,,,,,$1.00,$5.09,,,,,,1,,,,,2022-11-16
4373855,Baseball Cards 2022 Topps Cosmic Chrome,Josh Donaldson [Blue Moon Refractor] #59,$2.39,,,,,,,,,,,,$2.59,,,,,,2,,,,,2022-11-16
4374055,Baseball Cards 2022 Topps Cosmic Chrome,Josh Donaldson [Gold Interstellar Refractor] #59,$1.14,,,$5.50,$6.00,,,,,,,,$1.29,,,,,,3,,,,,2022-11-16
4373655,Baseball Cards 2022 Topps Cosmic Chrome,Josh Donaldson [Nucleus Refractor] #59,$3.42,,,,,,,,,,,$0.80,$3.79,,,,,,1,,,,,2022-11-16
4374255,Baseball Cards 2022 Topps Cosmic Chrome,Josh Donaldson [Orange Galactic Refractor] #59,$1.69,,,,,$10.50,$14.00,$6.00,$6.00,,,,$1.89,,,,,,2,,,,,2022-11-16
4374655,Baseball Cards 2022 Topps Cosmic Chrome,Josh Donaldson [Red Flare Refractor] #59,$11.74,,,,,,,,,,,$3.30,$12.99,,,,,,1,,,,,2022-11-16
4373454,Baseball Cards 2022 Topps Cosmic Chrome,Josh Donaldson [Refractor] #59,$5.37,,,,,$5.74,$7.00,$3.00,$3.00,,,$1.20,$5.89,,,,,,3,,,,,2022-11-16
11410914,Baseball Cards 2022 Topps Cosmic Chrome,Josh Donaldson [Superfractor] #59,,,,,,,,,,,,,,,,,,,0,,,,,2022-11-16
4373270,Baseball Cards 2022 Topps Cosmic Chrome,Josh Hader #75,$1.26,,$110.50,,,,,,,,,,$1.39,,,$61.00,$122.00,,3,,,,,2022-11-16
4374472,Baseball Cards 2022 Topps Cosmic Chrome,Josh Hader [Black Eclipse Refractor] #75,$8.01,,,,,,,,,,,$1.80,$8.79,,,,,,1,,,,,2022-11-16
4373871,Baseball Cards 2022 Topps Cosmic Chrome,Josh Hader [Blue Moon Refractor] #75,$4.70,,,,,,,,,,,$1.00,$5.19,,,,,,2,,,,,2022-11-16
4374071,Baseball Cards 2022 Topps Cosmic Chrome,Josh Hader [Gold Interstellar Refractor] #75,$8.63,,,,,,,,,,,$1.90,$9.49,,,,,,1,,,,,2022-11-16
4373671,Baseball Cards 2022 Topps Cosmic Chrome,Josh Hader [Nucleus Refractor] #75,$6.99,,,,,,,,,,,$1.50,$7.69,,,,,,1,,,,,2022-11-16
4374271,Baseball Cards 2022 Topps Cosmic Chrome,Josh Hader [Orange Galactic Refractor] #75,$6.99,,,,,,,,,,,$1.50,$7.69,,,,,,1,,,,,2022-11-16
4374671,Baseball Cards 2022 Topps Cosmic Chrome,Josh Hader [Red Flare Refractor] #75,$27.67,,,,,,,,,,,$9.00,$29.99,,,,,,1,,,,,2022-11-16
4373470,Baseball Cards 2022 Topps Cosmic Chrome,Josh Hader [Refractor] #75,$2.00,,,,,,,,,,,,$2.19,,,,,,3,,,,,2022-11-16
11410934,Baseball Cards 2022 Topps Cosmic Chrome,Josh Hader [Superfractor] #75,,,,,,,,,,,,,,,,,,,0,,,,,2022-11-16
4373340,Baseball Cards 2022 Topps Cosmic Chrome,Josh Lowe #145,$1.55,,$6.25,$11.88,$15.00,$15.25,$20.00,$9.00,$9.00,,,,$1.69,,,$1.40,$6.89,,9,,,,,2022-11-16
4374542,Baseball Cards 2022 Topps Cosmic Chrome,Josh Lowe [Black Eclipse Refractor] #145,$11.50,,,,,,,,,,,$3.30,$12.99,,,,,,1,,,,,2022-11-16
4373941,Baseball Cards 2022 Topps Cosmic Chrome,Josh Lowe [Blue Moon Refractor] #145,$7.14,,,$10.50,$20.49,$20.49,$27.00,$12.00,$12.00,,,$1.60,$7.89,,,,,,6,,,,,2022-11-16
4374141,Baseball Cards 2022 Topps Cosmic Chrome,Josh Lowe [Gold Interstellar Refractor] #145,$24.41,,,,,$50.08,$65.00,$30.00,$30.00,,,$8.10,$26.99,,,,,,3,,,,,2022-11-16
4373741,Baseball Cards 2022 Topps Cosmic Chrome,Josh Lowe [Nucleus Refractor] #145,$4.19,,,,,$24.99,$32.00,$15.00,$15.00,,,$0.90,$4.59,,,,,,4,,,,,2022-11-16
4374342,Baseball Cards 2022 Topps Cosmic Chrome,Josh Lowe [Orange Galactic Refractor] #145,$10.00,,,,,$75.55,$98.00,$45.00,$45.00,,,$2.80,$10.99,,,,,,2,,,,,2022-11-16
4374741,Baseball Cards 2022 Topps Cosmic Chrome,Josh Lowe [Red Flare Refractor] #145,$39.76,,,,,,,,,,,$17.60,$43.99,,,,,,1,,,,,2022-11-16
4373540,Baseball Cards 2022 Topps Cosmic Chrome,Josh Lowe [Refractor] #145,$2.43,,,,,$23.75,$31.00,$14.00,$14.00,,,,$2.69,,,,,,5,,,,,2022-11-16
11410910,Baseball Cards 2022 Topps Cosmic Chrome,Josh Lowe [Superfractor] #145,,,,,,,,,,,,,,,,,,,0,,,,,2022-11-16
4373368,Baseball Cards 2022 Topps Cosmic Chrome,Josiah Gray #173,$1.30,,,,,,,,,,,,$1.39,,,,,,4,,,,,2022-11-16
4374570,Baseball Cards 2022 Topps Cosmic Chrome,Josiah Gray [Black Eclipse Refractor] #173,$16.42,,,,,$95.00,$124.00,$57.00,$57.00,,,$4.50,$17.99,,,,,,2,,,,,2022-11-16
4373969,Baseball Cards 2022 Topps Cosmic Chrome,Josiah Gray [Blue Moon Refractor] #173,$5.89,,$5.50,,,,,,,,,$1.30,$6.49,,,$1.20,$6.09,,2,,,,,2022-11-16
4374169,Baseball Cards 2022 Topps Cosmic Chrome,Josiah Gray [Gold Interstellar Refractor] #173,$10.04,,,,,$36.00,$47.00,$22.00,$22.00,,,$2.80,$10.99,,,,,,2,,,,,2022-11-16
4373769,Baseball Cards 2022 Topps Cosmic Chrome,Josiah Gray [Nucleus Refractor] #173,$3.22,,,$9.99,$11.00,$27.55,$36.00,$17.00,$17.00,,,,$3.49,,,,,,4,,,,,2022-11-16
4374370,Baseball Cards 2022 Topps Cosmic Chrome,Josiah Gray [Orange Galactic Refractor] #173,$46.99,,,,,$55.00,$72.00,$33.00,$33.00,,,$20.80,$51.99,,,,,,2,,,,,2022-11-16
4374769,Baseball Cards 2022 Topps Cosmic Chrome,Josiah Gray [Red Flare Refractor] #173,$32.80,,,,,,,,,,,$14.40,$35.99,,,,,,1,,,,,2022-11-16
4373568,Baseball Cards 2022 Topps Cosmic Chrome,Josiah Gray [Refractor] #173,$3.50,,,,,,,,,,,$0.80,$3.89,,,,,,1,,,,,2022-11-16
11410971,Baseball Cards 2022 Topps Cosmic Chrome,Josiah Gray [Superfractor] #173,,,,,,,,,,,,,,,,,,,0,,,,,2022-11-16
4373323,Baseball Cards 2022 Topps Cosmic Chrome,Juan Soto #128,$2.00,,$6.61,$10.57,$14.50,$27.50,$36.00,$17.00,$25.00,,,,$2.19,,,$1.50,$7.29,,17,,,,,2022-11-16
4374525,Baseball Cards 2022 Topps Cosmic Chrome,Juan Soto [Black Eclipse Refractor] #128,$166.94,,,$191.84,$211.00,$237.50,$309.00,$143.00,$143.00,,,$92.00,$184.00,,,,,,4,,,,,2022-11-16
4373924,Baseball Cards 2022 Topps Cosmic Chrome,Juan Soto [Blue Moon Refractor] #128,$19.98,,,,$40.00,$63.07,$82.00,$38.00,$42.88,,,$6.60,$21.99,,,,,,10,,,,,2022-11-16
4374124,Baseball Cards 2022 Topps Cosmic Chrome,Juan Soto [Gold Interstellar Refractor] #128,$50.57,,,$89.68,$91.00,$92.78,$121.00,$56.00,$56.00,,,$22.40,$55.99,,,,,,7,,,,,2022-11-16
4373724,Baseball Cards 2022 Topps Cosmic Chrome,Juan Soto [Nucleus Refractor] #128,$13.69,,,,,$82.93,$108.00,$50.00,$40.00,,,$3.80,$14.99,,,,,,7,,,,,2022-11-16
4374325,Baseball Cards 2022 Topps Cosmic Chrome,Juan Soto [Orange Galactic Refractor] #128,$51.96,,,$40.00,$44.00,$181.22,$236.00,$109.00,$109.00,,,$22.80,$56.99,,,,,,4,,,,,2022-11-16
4374723,Baseball Cards 2022 Topps Cosmic Chrome,Juan Soto [Red Flare Refractor] #128,,,,,,,,,,,,,,,,,,,0,,,,,2022-11-16
4373523,Baseball Cards 2022 Topps Cosmic Chrome,Juan Soto [Refractor] #128,$5.30,,,$25.00,$28.00,$51.00,$66.00,$31.00,$31.00,,,$1.20,$5.79,,,,,,6,,,,,2022-11-16
11410878,Baseball Cards 2022 Topps Cosmic Chrome,Juan Soto [Superfractor] #128,,,,,,,,,,,,,,,,,,,0,,,,,2022-11-16
4373231,Baseball Cards 2022 Topps Cosmic Chrome,Juan Yepez #36,$1.49,,$6.20,$11.81,$23.14,$35.56,$46.00,$21.00,$21.00,,,,$1.59,,,$1.40,$6.79,,9,,,,,2022-11-16
4374433,Baseball Cards 2022 Topps Cosmic Chrome,Juan Yepez [Black Eclipse Refractor] #36,$113.00,,,,,,,,,,,$62.00,$124.00,,,,,,1,,,,,2022-11-16
4373832,Baseball Cards 2022 Topps Cosmic Chrome,Juan Yepez [Blue Moon Refractor] #36,$3.99,,,,,$20.51,$27.00,$12.00,$12.00,,,$0.90,$4.39,,,,,,4,,,,,2022-11-16
4374032,Baseball Cards 2022 Topps Cosmic Chrome,Juan Yepez [Gold Interstellar Refractor] #36,$2.34,,,,,,,,,,,,$2.59,,,,,,2,,,,,2022-11-16
4373632,Baseball Cards 2022 Topps Cosmic Chrome,Juan Yepez [Nucleus Refractor] #36,$1.38,,,,,$15.01,$20.00,$9.00,$9.00,,,,$1.49,,,,,,2,,,,,2022-11-16
4374232,Baseball Cards 2022 Topps Cosmic Chrome,Juan Yepez [Orange Galactic Refractor] #36,$18.20,,,,,$52.00,$68.00,$31.00,$31.00,,,$5.00,$19.99,,,,,,2,,,,,2022-11-16
4374632,Baseball Cards 2022 Topps Cosmic Chrome,Juan Yepez [Red Flare Refractor] #36,,,,,,,,,,,,,,,,,,,0,,,,,2022-11-16
4373431,Baseball Cards 2022 Topps Cosmic Chrome,Juan Yepez [Refractor] #36,$3.81,,,,,,,,,,,$0.80,$4.19,,,,,,1,,,,,2022-11-16
11410863,Baseball Cards 2022 Topps Cosmic Chrome,Juan Yepez [Superfractor] #36,,,,,,,,,,,,,,,,,,,0,,,,,2022-11-16
4373391,Baseball Cards 2022 Topps Cosmic Chrome,Julio Rodriguez #197,$13.47,,$14.75,$14.99,$25.00,$50.00,$60.45,$25.00,$33.02,,,$3.80,$14.99,,,$4.00,$15.99,,171,,,,,2022-11-16
4374593,Baseball Cards 2022 Topps Cosmic Chrome,Julio Rodriguez [Black Eclipse Refractor] #197,$1325.00,,,$42.00,$46.00,$2137.43,$2779.00,$1282.00,$1282.00,,,$874.80,$1458.00,,,,,,3,,,,,2022-11-16
4373993,Baseball Cards 2022 Topps Cosmic Chrome,Julio Rodriguez [Blue Moon Refractor] #197,$212.67,,$161.38,$220.00,$449.42,$500.06,$1500.00,$300.00,$300.00,,,$117.00,$234.00,,,$89.00,$178.00,,12,,,,,2022-11-16
4374193,Baseball Cards 2022 Topps Cosmic Chrome,Julio Rodriguez [Gold Interstellar Refractor] #197,$570.50,,,$498.89,$549.00,$700.00,$910.00,$420.00,$250.00,,,$376.80,$628.00,,,,,,4,,,,,2022-11-16
4373793,Baseball Cards 2022 Topps Cosmic Chrome,Julio Rodriguez [Nucleus Refractor] #197,$189.99,,$67.83,$473.87,$521.00,$569.00,$865.00,$341.00,$311.99,,,$104.50,$209.00,,,$30.00,$74.99,,12,,,,,2022-11-16
4374394,Baseball Cards 2022 Topps Cosmic Chrome,Julio Rodriguez [Orange Galactic Refractor] #197,$675.00,,,,$636.00,$945.00,$1229.00,$567.00,$567.00,,,$445.80,$743.00,,,,,,4,,,,,2022-11-16
4374793,Baseball Cards 2022 Topps Cosmic Chrome,Julio Rodriguez [Red Flare Refractor] #197,$2180.10,,,,,$1027.78,$1336.00,$617.00,$617.00,,,$1438.80,$2398.00,,,,,,2,,,,,2022-11-16
4373593,Baseball Cards 2022 Topps Cosmic Chrome,Julio Rodriguez [Refractor] #197,$56.69,$18.00,$22.14,$94.27,$113.35,$134.07,$174.00,$80.00,$80.00,,,$24.80,$61.99,$5.00,$19.99,$7.20,$23.99,,14,,,,,2022-11-16
11410996,Baseball Cards 2022 Topps Cosmic Chrome,Julio Rodriguez [Superfractor] #197,,,,,,,,,,,,,,,,,,,0,,,,,2022-11-16
4373348,Baseball Cards 2022 Topps Cosmic Chrome,Julio Urias #153,$1.16,,,,,$66.00,$86.00,$40.00,$40.00,,,,$1.29,,,,,,5,,,,,2022-11-16
4374550,Baseball Cards 2022 Topps Cosmic Chrome,Julio Urias [Black Eclipse Refractor] #153,,,,,,,,,,,,,,,,,,,0,,,,,2022-11-16
4373949,Baseball Cards 2022 Topps Cosmic Chrome,Julio Urias [Blue Moon Refractor] #153,$3.78,,,,,,,,,,,$0.80,$4.19,,,,,,2,,,,,2022-11-16
4374149,Baseball Cards 2022 Topps Cosmic Chrome,Julio Urias [Gold Interstellar Refractor] #153,$10.00,,,,,,,,,,,$2.80,$10.99,,,,,,4,,,,,2022-11-16
4373749,Baseball Cards 2022 Topps Cosmic Chrome,Julio Urias [Nucleus Refractor] #153,$4.13,,,,,$18.50,$24.00,$11.00,$11.00,,,$0.90,$4.49,,,,,,2,,,,,2022-11-16
4374350,Baseball Cards 2022 Topps Cosmic Chrome,Julio Urias [Orange Galactic Refractor] #153,$4.31,,,,,,,,,,,$0.90,$4.69,,,,,,1,,,,,2022-11-16
4374749,Baseball Cards 2022 Topps Cosmic Chrome,Julio Urias [Red Flare Refractor] #153,$102.50,,,,,,,,,,,$56.50,$113.00,,,,,,1,,,,,2022-11-16
4373548,Baseball Cards 2022 Topps Cosmic Chrome,Julio Urias [Refractor] #153,$2.15,,,,,,,,,,,,$2.39,,,,,,1,,,,,2022-11-16
11410939,Baseball Cards 2022 Topps Cosmic Chrome,Julio Urias [Superfractor] #153,,,,,,,,,,,,,,,,,,,0,,,,,2022-11-16
4373374,Baseball Cards 2022 Topps Cosmic Chrome,Justin Turner #179,$1.49,,$6.20,$11.80,$23.13,$33.41,$43.00,$20.00,$20.00,,,,$1.59,,,$1.40,$6.79,,6,,,,,2022-11-16
4374576,Baseball Cards 2022 Topps Cosmic Chrome,Justin Turner [Black Eclipse Refractor] #179,$21.49,,,,,,,,,,,$7.20,$23.99,,,,,,1,,,,,2022-11-16
4373974,Baseball Cards 2022 Topps Cosmic Chrome,Justin Turner [Blue Moon Refractor] #179,$10.13,,,,,$22.54,$29.00,$14.00,$14.00,,,$2.80,$10.99,,,,,,4,,,,,2022-11-16
4374175,Baseball Cards 2022 Topps Cosmic Chrome,Justin Turner [Gold Interstellar Refractor] #179,$7.04,,,,,,,,,,,$1.50,$7.69,,,,,,1,,,,,2022-11-16
4373775,Baseball Cards 2022 Topps Cosmic Chrome,Justin Turner [Nucleus Refractor] #179,$5.50,,,,,$50.00,$65.00,$30.00,$30.00,,,$1.20,$6.09,,,,,,5,,,,,2022-11-16
4374376,Baseball Cards 2022 Topps Cosmic Chrome,Justin Turner [Orange Galactic Refractor] #179,$17.50,,,,,,,,,,,$4.80,$18.99,,,,,,1,,,,,2022-11-16
4374775,Baseball Cards 2022 Topps Cosmic Chrome,Justin Turner [Red Flare Refractor] #179,,,,,,,,,,,,,,,,,,,0,,,,,2022-11-16
4373574,Baseball Cards 2022 Topps Cosmic Chrome,Justin Turner [Refractor] #179,$3.50,,,,,,,,,,,$0.80,$3.89,,,,,,2,,,,,2022-11-16
11410977,Baseball Cards 2022 Topps Cosmic Chrome,Justin Turner [Superfractor] #179,,,,,,,,,,,,,,,,,,,0,,,,,2022-11-16
4373259,Baseball Cards 2022 Topps Cosmic Chrome,Justin Verlander #64,$1.25,,$6.00,$12.00,$15.00,$25.99,$34.00,$16.00,$25.00,,,,$1.39,,,$1.30,$6.59,,15,,,,,2022-11-16
4374461,Baseball Cards 2022 Topps Cosmic Chrome,Justin Verlander [Black Eclipse Refractor] #64,$23.95,,,,,$76.00,$99.00,$46.00,$46.00,,,$7.80,$25.99,,,,,,2,,,,,2022-11-16
4373860,Baseball Cards 2022 Topps Cosmic Chrome,Justin Verlander [Blue Moon Refractor] #64,$13.00,$8.25,,,,$99.99,$130.00,$60.00,$60.00,,,$3.50,$13.99,$1.80,$9.09,,,,7,,,,,2022-11-16
4374060,Baseball Cards 2022 Topps Cosmic Chrome,Justin Verlander [Gold Interstellar Refractor] #64,$10.57,,,$22.84,$25.00,,,,,,,$3.00,$11.99,,,,,,3,,,,,2022-11-16
4373660,Baseball Cards 2022 Topps Cosmic Chrome,Justin Verlander [Nucleus Refractor] #64,$2.51,,,,,,,,,,,,$2.79,,,,,,2,,,,,2022-11-16
4374260,Baseball Cards 2022 Topps Cosmic Chrome,Justin Verlander [Orange Galactic Refractor] #64,$24.56,,,,,,,,,,,$8.10,$26.99,,,,,,1,,,,,2022-11-16
4374660,Baseball Cards 2022 Topps Cosmic Chrome,Justin Verlander [Red Flare Refractor] #64,,,,,,,,,,,,,,,,,,,0,,,,,2022-11-16
4373459,Baseball Cards 2022 Topps Cosmic Chrome,Justin Verlander [Refractor] #64,$2.81,,,,,,,,,,,,$3.09,,,,,,3,,,,,2022-11-16
11410920,Baseball Cards 2022 Topps Cosmic Chrome,Justin Verlander [Superfractor] #64,,,,,,,,,,,,,,,,,,,0,,,,,2022-11-16
4373247,Baseball Cards 2022 Topps Cosmic Chrome,Ke'Bryan Hayes #52,$0.99,,,,,,,,,,,,$1.09,,,,,,3,,,,,2022-11-16
4374449,Baseball Cards 2022 Topps Cosmic Chrome,Ke'Bryan Hayes [Black Eclipse Refractor] #52,$40.00,,,,,,,,,,,$17.60,$43.99,,,,,,1,,,,,2022-11-16
4373848,Baseball Cards 2022 Topps Cosmic Chrome,Ke'Bryan Hayes [Blue Moon Refractor] #52,$3.98,,,,,$6.50,$8.00,$4.00,$4.00,,,$0.90,$4.39,,,,,,3,,,,,2022-11-16
4374048,Baseball Cards 2022 Topps Cosmic Chrome,Ke'Bryan Hayes [Gold Interstellar Refractor] #52,$2.79,,,,,,,,$16.50,,,,$3.09,,,,,,2,,,,,2022-11-16
4373648,Baseball Cards 2022 Topps Cosmic Chrome,Ke'Bryan Hayes [Nucleus Refractor] #52,$2.99,,,,,,,,$15.00,,,,$3.29,,,,,,1,,,,,2022-11-16
4374248,Baseball Cards 2022 Topps Cosmic Chrome,Ke'Bryan Hayes [Orange Galactic Refractor] #52,$12.98,,,,,,,,,,,$3.50,$13.99,,,,,,1,,,,,2022-11-16
4374648,Baseball Cards 2022 Topps Cosmic Chrome,Ke'Bryan Hayes [Red Flare Refractor] #52,,,,,,,,,,,,,,,,,,,0,,,,,2022-11-16
4373447,Baseball Cards 2022 Topps Cosmic Chrome,Ke'Bryan Hayes [Refractor] #52,$3.99,,,,,,,,,,,$0.90,$4.39,,,,,,1,,,,,2022-11-16
11410898,Baseball Cards 2022 Topps Cosmic Chrome,Ke'Bryan Hayes [Superfractor] #52,,,,,,,,,,,,,,,,,,,0,,,,,2022-11-16
4373263,Baseball Cards 2022 Topps Cosmic Chrome,Ketel Marte #68,$1.59,,,,,,,,,,,,$1.79,,,,,,3,,,,,2022-11-16
4374465,Baseball Cards 2022 Topps Cosmic Chrome,Ketel Marte [Black Eclipse Refractor] #68,$99.99,,,,,$81.00,$105.00,$49.00,$49.00,,,$55.00,$110.00,,,,,,1,,,,,2022-11-16
4373864,Baseball Cards 2022 Topps Cosmic Chrome,Ketel Marte [Blue Moon Refractor] #68,$7.61,,,,,,,,,,,$1.70,$8.39,,,,,,4,,,,,2022-11-16
4374064,Baseball Cards 2022 Topps Cosmic Chrome,Ketel Marte [Gold Interstellar Refractor] #68,$19.99,,,,,$19.37,$25.00,$12.00,$12.00,,,$6.60,$21.99,,,,,,3,,,,,2022-11-16
4373664,Baseball Cards 2022 Topps Cosmic Chrome,Ketel Marte [Nucleus Refractor] #68,$2.16,,,$19.99,$22.00,,,,,,,,$2.39,,,,,,4,,,,,2022-11-16
4374264,Baseball Cards 2022 Topps Cosmic Chrome,Ketel Marte [Orange Galactic Refractor] #68,$23.24,,,,,,,,,,,$7.80,$25.99,,,,,,2,,,,,2022-11-16
4374664,Baseball Cards 2022 Topps Cosmic Chrome,Ketel Marte [Red Flare Refractor] #68,$18.42,,,,,,,,,,,$5.00,$19.99,,,,,,1,,,,,2022-11-16
4373463,Baseball Cards 2022 Topps Cosmic Chrome,Ketel Marte [Refractor] #68,$1.00,,,,,,,,,,,,$1.09,,,,,,1,,,,,2022-11-16
11410925,Baseball Cards 2022 Topps Cosmic Chrome,Ketel Marte [Superfractor] #68,,,,,,,,,,,,,,,,,,,0,,,,,2022-11-16
4373258,Baseball Cards 2022 Topps Cosmic Chrome,Kevin Gausman #63,$1.27,,,,,,,,,,,,$1.39,,,,,,4,,,,,2022-11-16
4374460,Baseball Cards 2022 Topps Cosmic Chrome,Kevin Gausman [Black Eclipse Refractor] #63,$20.00,,,,,,,,,,,$6.60,$21.99,,,,,,1,,,,,2022-11-16
4373859,Baseball Cards 2022 Topps Cosmic Chrome,Kevin Gausman [Blue Moon Refractor] #63,$2.00,,,,,,,,,,,,$2.19,,,,,,2,,,,,2022-11-16
4374059,Baseball Cards 2022 Topps Cosmic Chrome,Kevin Gausman [Gold Interstellar Refractor] #63,$9.97,,,,,$42.52,$55.00,$26.00,$26.00,,,$2.80,$10.99,,,,,,3,,,,,2022-11-16
4373659,Baseball Cards 2022 Topps Cosmic Chrome,Kevin Gausman [Nucleus Refractor] #63,$1.22,,,,,$69.99,$91.00,$42.00,$42.00,,,,$1.29,,,,,,3,,,,,2022-11-16
4374259,Baseball Cards 2022 Topps Cosmic Chrome,Kevin Gausman [Orange Galactic Refractor] #63,$13.50,,,,,,,,,,,$3.80,$14.99,,,,,,1,,,,,2022-11-16
4374659,Baseball Cards 2022 Topps Cosmic Chrome,Kevin Gausman [Red Flare Refractor] #63,$21.50,,,,,$75.00,$98.00,$45.00,$45.00,,,$7.20,$23.99,,,,,,2,,,,,2022-11-16
4373458,Baseball Cards 2022 Topps Cosmic Chrome,Kevin Gausman [Refractor] #63,$0.25,,,,,,,,,,,,$0.99,,,,,,0,,,,,2022-11-16
11410919,Baseball Cards 2022 Topps Cosmic Chrome,Kevin Gausman [Superfractor] #63,,,,,,,,,,,,,,,,,,,0,,,,,2022-11-16
4373370,Baseball Cards 2022 Topps Cosmic Chrome,Kris Bryant #175,$1.22,,,,,,,,,,,,$1.29,,,,,,2,,,,,2022-11-16
4374572,Baseball Cards 2022 Topps Cosmic Chrome,Kris Bryant [Black Eclipse Refractor] #175,$28.26,,,,,,,,,,,$9.30,$30.99,,,,,,1,,,,,2022-11-16
4373971,Baseball Cards 2022 Topps Cosmic Chrome,Kris Bryant [Blue Moon Refractor] #175,$4.30,,,,,$32.89,$43.00,$20.00,$20.00,,,$0.90,$4.69,,,,,,4,,,,,2022-11-16
4374171,Baseball Cards 2022 Topps Cosmic Chrome,Kris Bryant [Gold Interstellar Refractor] #175,$7.91,,,,,,,,,,,$1.70,$8.69,,,,,,1,,,,,2022-11-16
4373771,Baseball Cards 2022 Topps Cosmic Chrome,Kris Bryant [Nucleus Refractor] #175,$3.07,,,,,,,,,,,,$3.39,,,,,,3,,,,,2022-11-16
4374372,Baseball Cards 2022 Topps Cosmic Chrome,Kris Bryant [Orange Galactic Refractor] #175,$9.37,,,,,,,,,,,$2.00,$9.99,,,,,,2,,,,,2022-11-16
4374771,Baseball Cards 2022 Topps Cosmic Chrome,Kris Bryant [Red Flare Refractor] #175,$61.60,,,,,,,,,,,$27.20,$67.99,,,,,,1,,,,,2022-11-16
4373570,Baseball Cards 2022 Topps Cosmic Chrome,Kris Bryant [Refractor] #175,$2.07,,,,,,,,,,,,$2.29,,,,,,2,,,,,2022-11-16
11410973,Baseball Cards 2022 Topps Cosmic Chrome,Kris Bryant [Superfractor] #175,,,,,,,,,,,,,,,,,,,0,,,,,2022-11-16
4373214,Baseball Cards 2022 Topps Cosmic Chrome,Kyle Hendricks #18,$2.13,,,,,,,,,,,,$2.29,,,,,,2,,,,,2022-11-16
4374415,Baseball Cards 2022 Topps Cosmic Chrome,Kyle Hendricks [Black Eclipse Refractor] #18,$23.68,,,,,,,,,,,$7.80,$25.99,,,,,,1,,,,,2022-11-16
4373814,Baseball Cards 2022 Topps Cosmic Chrome,Kyle Hendricks [Blue Moon Refractor] #18,$10.50,,,,,$75.00,$98.00,$45.00,$45.00,,,$3.00,$11.99,,,,,,4,,,,,2022-11-16
4374014,Baseball Cards 2022 Topps Cosmic Chrome,Kyle Hendricks [Gold Interstellar Refractor] #18,$8.16,,,,,,,,,,,$1.80,$8.99,,,,,,4,,,,,2022-11-16
4373614,Baseball Cards 2022 Topps Cosmic Chrome,Kyle Hendricks [Nucleus Refractor] #18,$4.00,,,,,,,,,,,$0.90,$4.39,,,,,,1,,,,,2022-11-16
4374215,Baseball Cards 2022 Topps Cosmic Chrome,Kyle Hendricks [Orange Galactic Refractor] #18,$8.96,,,,,,,,,,,$2.00,$9.89,,,,,,2,,,,,2022-11-16
4374614,Baseball Cards 2022 Topps Cosmic Chrome,Kyle Hendricks [Red Flare Refractor] #18,$23.20,,,,,,,,,,,$7.80,$25.99,,,,,,1,,,,,2022-11-16
4373413,Baseball Cards 2022 Topps Cosmic Chrome,Kyle Hendricks [Refractor] #18,$4.49,,,,,,,,,,,$1.00,$4.89,,,,,,2,,,,,2022-11-16
11410826,Baseball Cards 2022 Topps Cosmic Chrome,Kyle Hendricks [Superfractor] #18,,,,,,,,,,,,,,,,,,,0,,,,,2022-11-16
4373326,Baseball Cards 2022 Topps Cosmic Chrome,Kyle Lewis #132,$1.37,,,,,,,,,,,,$1.49,,,,,,2,,,,,2022-11-16
4374529,Baseball Cards 2022 Topps Cosmic Chrome,Kyle Lewis [Black Eclipse Refractor] #132,$52.29,,,$26.51,$29.00,,,,,,,$23.20,$57.99,,,,,,1,,,,,2022-11-16
4373928,Baseball Cards 2022 Topps Cosmic Chrome,Kyle Lewis [Blue Moon Refractor] #132,$4.42,,,,,,,,,,,$1.00,$4.89,,,,,,2,,,,,2022-11-16
4374128,Baseball Cards 2022 Topps Cosmic Chrome,Kyle Lewis [Gold Interstellar Refractor] #132,$5.82,,,,,$45.00,$59.00,$27.00,$27.00,,,$1.30,$6.39,,,,,,3,,,,,2022-11-16
4373728,Baseball Cards 2022 Topps Cosmic Chrome,Kyle Lewis [Nucleus Refractor] #132,$7.28,,,,,,,,,,,$1.60,$7.99,,,,,,2,,,,,2022-11-16
4374329,Baseball Cards 2022 Topps Cosmic Chrome,Kyle Lewis [Orange Galactic Refractor] #132,$9.50,,,,,,,,,,,$2.00,$9.99,,,,,,1,,,,,2022-11-16
4374727,Baseball Cards 2022 Topps Cosmic Chrome,Kyle Lewis [Red Flare Refractor] #132,$67.80,,,$15.00,$17.00,,,,,,,$30.00,$74.99,,,,,,2,,,,,2022-11-16
4373527,Baseball Cards 2022 Topps Cosmic Chrome,Kyle Lewis [Refractor] #132,$2.29,,,,,,,,,,,,$2.49,,,,,,1,,,,,2022-11-16
11410885,Baseball Cards 2022 Topps Cosmic Chrome,Kyle Lewis [Superfractor] #132,,,,,,,,,,,,,,,,,,,0,,,,,2022-11-16
4373310,Baseball Cards 2022 Topps Cosmic Chrome,Kyle Muller #115,$1.47,,,,,,,,,,,,$1.59,,,,,,3,,,,,2022-11-16
4374512,Baseball Cards 2022 Topps Cosmic Chrome,Kyle Muller [Black Eclipse Refractor] #115,,,,,,,,,,,,,,,,,,,0,,,,,2022-11-16
4373911,Baseball Cards 2022 Topps Cosmic Chrome,Kyle Muller [Blue Moon Refractor] #115,$2.75,,,,,$10.50,$14.00,$6.00,$6.00,,,,$2.99,,,,,,2,,,,,2022-11-16
4374111,Baseball Cards 2022 Topps Cosmic Chrome,Kyle Muller [Gold Interstellar Refractor] #115,$3.17,,,,,,,,,,,,$3.49,,,,,,1,,,,,2022-11-16
4373711,Baseball Cards 2022 Topps Cosmic Chrome,Kyle Muller [Nucleus Refractor] #115,$3.20,,,,,,,,,,,,$3.49,,,,,,1,,,,,2022-11-16
4374312,Baseball Cards 2022 Topps Cosmic Chrome,Kyle Muller [Orange Galactic Refractor] #115,$6.39,,,,,$19.99,$26.00,$12.00,$12.00,,,$1.40,$6.99,,,,,,2,,,,,2022-11-16
4374711,Baseball Cards 2022 Topps Cosmic Chrome,Kyle Muller [Red Flare Refractor] #115,$30.63,,,,,,,,,,,$10.20,$33.99,,,,,,1,,,,,2022-11-16
4373510,Baseball Cards 2022 Topps Cosmic Chrome,Kyle Muller [Refractor] #115,$2.92,,,,,,,,,,,,$3.19,,,,,,1,,,,,2022-11-16
11410854,Baseball Cards 2022 Topps Cosmic Chrome,Kyle Muller [Superfractor] #115,,,,,,,,,,,,,,,,,,,0,,,,,2022-11-16
4373347,Baseball Cards 2022 Topps Cosmic Chrome,Kyle Schwarber #152,$1.61,,$6.21,$11.81,$20.00,$20.00,$26.00,$12.00,$12.00,,,,$1.79,,,$1.40,$6.79,,8,,,,,2022-11-16
4374549,Baseball Cards 2022 Topps Cosmic Chrome,Kyle Schwarber [Black Eclipse Refractor] #152,$40.17,,,,,,,,,,,$17.60,$43.99,,,,,,1,,,,,2022-11-16
4373948,Baseball Cards 2022 Topps Cosmic Chrome,Kyle Schwarber [Blue Moon Refractor] #152,$14.30,$19.99,,$39.99,$44.00,,,,,,,$4.00,$15.99,$6.60,$21.99,,,,5,,,,,2022-11-16
4374148,Baseball Cards 2022 Topps Cosmic Chrome,Kyle Schwarber [Gold Interstellar Refractor] #152,$26.22,,,$26.00,$29.00,$149.99,$195.00,$90.00,$90.00,,,$8.70,$28.99,,,,,,7,,,,,2022-11-16
4373748,Baseball Cards 2022 Topps Cosmic Chrome,Kyle Schwarber [Nucleus Refractor] #152,$4.02,,,,,,,,,,,$0.90,$4.39,,,,,,3,,,,,2022-11-16
4374349,Baseball Cards 2022 Topps Cosmic Chrome,Kyle Schwarber [Orange Galactic Refractor] #152,$34.99,,,,,$87.00,$113.00,$52.00,$52.00,,,$15.20,$37.99,,,,,,3,,,,,2022-11-16
4374748,Baseball Cards 2022 Topps Cosmic Chrome,Kyle Schwarber [Red Flare Refractor] #152,,,,,,,,,,,,,,,,,,,0,,,,,2022-11-16
4373547,Baseball Cards 2022 Topps Cosmic Chrome,Kyle Schwarber [Refractor] #152,$5.40,,,,,$46.00,$60.00,$28.00,$28.00,,,$1.20,$5.89,,,,,,3,,,,,2022-11-16
11410938,Baseball Cards 2022 Topps Cosmic Chrome,Kyle Schwarber [Superfractor] #152,,,,,,,,,,,,,,,,,,,0,,,,,2022-11-16
4373227,Baseball Cards 2022 Topps Cosmic Chrome,Kyle Tucker #32,$1.36,,,,,$20.50,$27.00,$12.00,$12.00,,,,$1.49,,,,,,5,,,,,2022-11-16
4374429,Baseball Cards 2022 Topps Cosmic Chrome,Kyle Tucker [Black Eclipse Refractor] #32,$40.00,,,,,$250.00,$325.00,$150.00,$150.00,,,$17.60,$43.99,,,,,,2,,,,,2022-11-16
4373828,Baseball Cards 2022 Topps Cosmic Chrome,Kyle Tucker [Blue Moon Refractor] #32,$9.91,,,,,$43.00,$56.00,$26.00,$26.00,,,$2.80,$10.99,,,,,,6,,,,,2022-11-16
4374028,Baseball Cards 2022 Topps Cosmic Chrome,Kyle Tucker [Gold Interstellar Refractor] #32,$22.89,,,$49.99,$55.00,$70.25,$91.00,$42.00,$42.00,,,$7.50,$24.99,,,,,,5,,,,,2022-11-16
4373628,Baseball Cards 2022 Topps Cosmic Chrome,Kyle Tucker [Nucleus Refractor] #32,$2.49,,,,,,,,$10.00,,,,$2.69,,,,,,2,,,,,2022-11-16
4374228,Baseball Cards 2022 Topps Cosmic Chrome,Kyle Tucker [Orange Galactic Refractor] #32,$62.50,,,,,$62.29,$81.00,$37.00,$37.00,,,$27.60,$68.99,,,,,,3,,,,,2022-11-16
4374628,Baseball Cards 2022 Topps Cosmic Chrome,Kyle Tucker [Red Flare Refractor] #32,$56.00,,,,,$150.00,$195.00,$90.00,$90.00,,,$24.80,$61.99,,,,,,2,,,,,2022-11-16
4373427,Baseball Cards 2022 Topps Cosmic Chrome,Kyle Tucker [Refractor] #32,$3.49,,,,,$15.50,$20.00,$9.00,$9.00,,,$0.80,$3.79,,,,,,3,,,,,2022-11-16
11410855,Baseball Cards 2022 Topps Cosmic Chrome,Kyle Tucker [Superfractor] #32,,,,,,,,,,,,,,,,,,,0,,,,,2022-11-16
4373206,Baseball Cards 2022 Topps Cosmic Chrome,Lance McCullers Jr. #10,$2.40,,,,,,,,,,,,$2.59,,,,,,3,,,,,2022-11-16
4374407,Baseball Cards 2022 Topps Cosmic Chrome,Lance McCullers Jr. [Black Eclipse Refractor] #10,$11.50,,,,,,,,,,,$3.30,$12.99,,,,,,1,,,,,2022-11-16
4373806,Baseball Cards 2022 Topps Cosmic Chrome,Lance McCullers Jr. [Blue Moon Refractor] #10,$2.31,,,,,$42.99,$56.00,$26.00,$26.00,,,,$2.49,,,,,,3,,,,,2022-11-16
4374006,Baseball Cards 2022 Topps Cosmic Chrome,Lance McCullers Jr. [Gold Interstellar Refractor] #10,$6.99,,,,,,,,,,,$1.50,$7.69,,,,,,3,,,,,2022-11-16
4373606,Baseball Cards 2022 Topps Cosmic Chrome,Lance McCullers Jr. [Nucleus Refractor] #10,$7.99,,,$14.19,$15.00,$15.62,$20.00,$9.00,$9.00,,,$1.80,$8.79,,,,,,5,,,,,2022-11-16
4374207,Baseball Cards 2022 Topps Cosmic Chrome,Lance McCullers Jr. [Orange Galactic Refractor] #10,$6.23,,,,,,,,,,,$1.40,$6.89,,,,,,1,,,,,2022-11-16
4374606,Baseball Cards 2022 Topps Cosmic Chrome,Lance McCullers Jr. [Red Flare Refractor] #10,,,,,,,,,,,,,,,,,,,0,,,,,2022-11-16
4373404,Baseball Cards 2022 Topps Cosmic Chrome,Lance McCullers Jr. [Refractor] #10,$3.71,,,,,,,,,,,$0.80,$4.09,,,,,,2,,,,,2022-11-16
11410818,Baseball Cards 2022 Topps Cosmic Chrome,Lance McCullers Jr. [Superfractor] #10,,,,,,,,,,,,,,,,,,,0,,,,,2022-11-16
4373369,Baseball Cards 2022 Topps Cosmic Chrome,Lars Nootbaar #174,$1.99,,$6.60,$12.41,$24.19,$36.81,$48.00,$22.00,$22.50,,,,$2.19,,,$1.50,$7.29,,13,,,,,2022-11-16
4374571,Baseball Cards 2022 Topps Cosmic Chrome,Lars Nootbaar [Black Eclipse Refractor] #174,,,,,,,,,,,,,,,,,,,0,,,,,2022-11-16
4373970,Baseball Cards 2022 Topps Cosmic Chrome,Lars Nootbaar [Blue Moon Refractor] #174,$12.75,,,,,$125.00,$163.00,$75.00,$75.00,,,$3.50,$13.99,,,,,,3,,,,,2022-11-16
4374170,Baseball Cards 2022 Topps Cosmic Chrome,Lars Nootbaar [Gold Interstellar Refractor] #174,$16.92,,,$67.43,$74.00,$81.00,$105.00,$49.00,$49.00,,,$4.80,$18.99,,,,,,4,,,,,2022-11-16
4373770,Baseball Cards 2022 Topps Cosmic Chrome,Lars Nootbaar [Nucleus Refractor] #174,$3.25,,,,,$67.45,$88.00,$40.00,$40.00,,,,$3.59,,,,,,5,,,,,2022-11-16
4374371,Baseball Cards 2022 Topps Cosmic Chrome,Lars Nootbaar [Orange Galactic Refractor] #174,$37.00,,,,$74.00,$76.00,$99.00,$46.00,$46.00,,,$16.40,$40.99,,,,,,3,,,,,2022-11-16
4374770,Baseball Cards 2022 Topps Cosmic Chrome,Lars Nootbaar [Red Flare Refractor] #174,$100.00,,$325.00,,,$250.00,$325.00,$150.00,$150.00,,,$55.00,$110.00,,,$179.00,$358.00,,2,,,,,2022-11-16
4373569,Baseball Cards 2022 Topps Cosmic Chrome,Lars Nootbaar [Refractor] #174,$10.00,,,$80.00,$88.00,$96.00,$125.00,$58.00,$58.00,,,$2.80,$10.99,,,,,,4,,,,,2022-11-16
11410972,Baseball Cards 2022 Topps Cosmic Chrome,Lars Nootbaar [Superfractor] #174,,,,,,,,,,,,,,,,,,,0,,,,,2022-11-16
4373256,Baseball Cards 2022 Topps Cosmic Chrome,Lorenzo Cain #61,$0.32,,,,,,,,,,,,$0.99,,,,,,2,,,,,2022-11-16
4374458,Baseball Cards 2022 Topps Cosmic Chrome,Lorenzo Cain [Black Eclipse Refractor] #61,$24.99,,,,,,,,,,,$8.10,$26.99,,,,,,1,,,,,2022-11-16
4373857,Baseball Cards 2022 Topps Cosmic Chrome,Lorenzo Cain [Blue Moon Refractor] #61,$3.15,,,,,,,,,,,,$3.49,,,,,,2,,,,,2022-11-16
4374057,Baseball Cards 2022 Topps Cosmic Chrome,Lorenzo Cain [Gold Interstellar Refractor] #61,$7.99,,,,,,,,,,,$1.80,$8.79,,,,,,1,,,,,2022-11-16
4373657,Baseball Cards 2022 Topps Cosmic Chrome,Lorenzo Cain [Nucleus Refractor] #61,$2.36,,,,,,,,,,,,$2.59,,,,,,2,,,,,2022-11-16
4374257,Baseball Cards 2022 Topps Cosmic Chrome,Lorenzo Cain [Orange Galactic Refractor] #61,$6.35,,,,,,,,,,,$1.40,$6.99,,,,,,1,,,,,2022-11-16
4374657,Baseball Cards 2022 Topps Cosmic Chrome,Lorenzo Cain [Red Flare Refractor] #61,,,,,,,,,,,,,,,,,,,0,,,,,2022-11-16
4373456,Baseball Cards 2022 Topps Cosmic Chrome,Lorenzo Cain [Refractor] #61,$0.99,,,,,,,,,,,,$1.09,,,,,,1,,,,,2022-11-16
11410917,Baseball Cards 2022 Topps Cosmic Chrome,Lorenzo Cain [Superfractor] #61,,,,,,,,,,,,,,,,,,,0,,,,,2022-11-16
4373330,Baseball Cards 2022 Topps Cosmic Chrome,Lucas Giolito #135,$1.00,,,,,,,,,,,,$1.09,,,,,,1,,,,,2022-11-16
4374532,Baseball Cards 2022 Topps Cosmic Chrome,Lucas Giolito [Black Eclipse Refractor] #135,,,,,,,,,,,,,,,,,,,0,,,,,2022-11-16
4373931,Baseball Cards 2022 Topps Cosmic Chrome,Lucas Giolito [Blue Moon Refractor] #135,$2.50,,,,,$24.99,$32.00,$15.00,$15.00,,,,$2.79,,,,,,3,,,,,2022-11-16
4374131,Baseball Cards 2022 Topps Cosmic Chrome,Lucas Giolito [Gold Interstellar Refractor] #135,$2.42,,,,,,,,,,,,$2.69,,,,,,1,,,,,2022-11-16
4373731,Baseball Cards 2022 Topps Cosmic Chrome,Lucas Giolito [Nucleus Refractor] #135,$4.13,,,,,$20.00,$26.00,$12.00,$12.00,,,$0.90,$4.49,,,,,,4,,,,,2022-11-16
4374332,Baseball Cards 2022 Topps Cosmic Chrome,Lucas Giolito [Orange Galactic Refractor] #135,$6.29,,,,,,,,,,,$1.40,$6.89,,,,,,1,,,,,2022-11-16
4374730,Baseball Cards 2022 Topps Cosmic Chrome,Lucas Giolito [Red Flare Refractor] #135,$50.00,,,,,,,,,,,$22.00,$54.99,,,,,,1,,,,,2022-11-16
4373530,Baseball Cards 2022 Topps Cosmic Chrome,Lucas Giolito [Refractor] #135,$2.40,,,,,,,,,,,,$2.59,,,,,,1,,,,,2022-11-16
11410891,Baseball Cards 2022 Topps Cosmic Chrome,Lucas Giolito [Superfractor] #135,,,,,,,,,,,,,,,,,,,0,,,,,2022-11-16
4373243,Baseball Cards 2022 Topps Cosmic Chrome,Luis Gil #48,$1.31,,$6.05,$11.58,$22.75,$33.00,$43.00,$20.00,$20.00,,,,$1.39,,,$1.30,$6.69,,17,,,,,2022-11-16
4374445,Baseball Cards 2022 Topps Cosmic Chrome,Luis Gil [Black Eclipse Refractor] #48,$36.01,,,,,,,,,,,$16.00,$39.99,,,,,,1,,,,,2022-11-16
4373844,Baseball Cards 2022 Topps Cosmic Chrome,Luis Gil [Blue Moon Refractor] #48,$3.47,,,,,$50.00,$65.00,$30.00,$30.00,,,$0.80,$3.79,,,,,,4,,,,,2022-11-16
4374044,Baseball Cards 2022 Topps Cosmic Chrome,Luis Gil [Gold Interstellar Refractor] #48,$3.55,,,,,,,,,,,$0.80,$3.89,,,,,,1,,,,,2022-11-16
4373644,Baseball Cards 2022 Topps Cosmic Chrome,Luis Gil [Nucleus Refractor] #48,$7.51,,,,,$49.99,$65.00,$30.00,$30.00,,,$1.70,$8.29,,,,,,4,,,,,2022-11-16
4374244,Baseball Cards 2022 Topps Cosmic Chrome,Luis Gil [Orange Galactic Refractor] #48,$8.25,,,$47.01,$52.00,,,,,,,$1.80,$9.09,,,,,,2,,,,,2022-11-16
4374644,Baseball Cards 2022 Topps Cosmic Chrome,Luis Gil [Red Flare Refractor] #48,$99.99,,,,,,,,,,,$55.00,$110.00,,,,,,1,,,,,2022-11-16
4373443,Baseball Cards 2022 Topps Cosmic Chrome,Luis Gil [Refractor] #48,$5.94,,,,,,,,,,,$1.30,$6.49,,,,,,2,,,,,2022-11-16
11410890,Baseball Cards 2022 Topps Cosmic Chrome,Luis Gil [Superfractor] #48,,,,,,,,,,,,,,,,,,,0,,,,,2022-11-16
4373208,Baseball Cards 2022 Topps Cosmic Chrome,Luis Robert #12,$1.63,,,,,,,,,,,,$1.79,,,,,,5,,,,,2022-11-16
4374409,Baseball Cards 2022 Topps Cosmic Chrome,Luis Robert [Black Eclipse Refractor] #12,,,,,,,,,,,,,,,,,,,0,,,,,2022-11-16
4373808,Baseball Cards 2022 Topps Cosmic Chrome,Luis Robert [Blue Moon Refractor] #12,$6.39,,,$3.75,$4.00,,,,,,,$1.40,$6.99,,,,,,5,,,,,2022-11-16
4374008,Baseball Cards 2022 Topps Cosmic Chrome,Luis Robert [Gold Interstellar Refractor] #12,$17.50,,,,,,,,,,,$4.80,$18.99,,,,,,2,,,,,2022-11-16
4373608,Baseball Cards 2022 Topps Cosmic Chrome,Luis Robert [Nucleus Refractor] #12,$5.91,,,,,$31.25,$41.00,$19.00,$19.00,,,$1.30,$6.49,,,,,,2,,,,,2022-11-16
4374209,Baseball Cards 2022 Topps Cosmic Chrome,Luis Robert [Orange Galactic Refractor] #12,$20.80,,,,,,,,,,,$6.90,$22.99,,,,,,1,,,,,2022-11-16
4374608,Baseball Cards 2022 Topps Cosmic Chrome,Luis Robert [Red Flare Refractor] #12,$199.99,,,,,$250.00,$325.00,$150.00,$150.00,,,$110.00,$220.00,,,,,,2,,,,,2022-11-16
4373406,Baseball Cards 2022 Topps Cosmic Chrome,Luis Robert [Refractor] #12,$3.40,,,,,,,,,,,,$3.69,,,,,,3,,,,,2022-11-16
11410820,Baseball Cards 2022 Topps Cosmic Chrome,Luis Robert [Superfractor] #12,,,,,,,,,,,,,,,,,,,0,,,,,2022-11-16
4373359,Baseball Cards 2022 Topps Cosmic Chrome,Luis Severino #164,$1.59,,,,,,,,,,,,$1.79,,,,,,1,,,,,2022-11-16
4374561,Baseball Cards 2022 Topps Cosmic Chrome,Luis Severino [Black Eclipse Refractor] #164,,,,,,,,,,,,,,,,,,,0,,,,,2022-11-16
4373960,Baseball Cards 2022 Topps Cosmic Chrome,Luis Severino [Blue Moon Refractor] #164,$2.00,,,,,,,,,,,,$2.19,,,,,,3,,,,,2022-11-16
4374160,Baseball Cards 2022 Topps Cosmic Chrome,Luis Severino [Gold Interstellar Refractor] #164,$4.60,,,,,,,,,,,$1.00,$5.09,,,,,,1,,,,,2022-11-16
4373760,Baseball Cards 2022 Topps Cosmic Chrome,Luis Severino [Nucleus Refractor] #164,$1.96,,,,,$34.95,$45.00,$21.00,$21.00,,,,$2.19,,,,,,2,,,,,2022-11-16
4374361,Baseball Cards 2022 Topps Cosmic Chrome,Luis Severino [Orange Galactic Refractor] #164,$3.50,,,,,,,,,,,$0.80,$3.89,,,,,,1,,,,,2022-11-16
4374760,Baseball Cards 2022 Topps Cosmic Chrome,Luis Severino [Red Flare Refractor] #164,$20.50,,,,,,,,,,,$6.90,$22.99,,,,,,1,,,,,2022-11-16
4373559,Baseball Cards 2022 Topps Cosmic Chrome,Luis Severino [Refractor] #164,$3.12,,,,,,,,,,,,$3.39,,,,,,1,,,,,2022-11-16
11410959,Baseball Cards 2022 Topps Cosmic Chrome,Luis Severino [Superfractor] #164,,,,,,,,,,,,,,,,,,,0,,,,,2022-11-16
4373244,Baseball Cards 2022 Topps Cosmic Chrome,MJ Melendez #49,$1.50,,$6.20,$11.81,$23.15,$33.44,$43.00,$20.00,$20.00,,,,$1.69,,,$1.40,$6.79,,8,,,,,2022-11-16
4374446,Baseball Cards 2022 Topps Cosmic Chrome,MJ Melendez [Black Eclipse Refractor] #49,$54.58,,,,,$69.01,$90.00,$41.00,$41.00,,,$24.00,$59.99,,,,,,2,,,,,2022-11-16
4373845,Baseball Cards 2022 Topps Cosmic Chrome,MJ Melendez [Blue Moon Refractor] #49,$2.99,,,$15.01,$17.00,$25.63,$33.00,$15.00,$15.00,,,,$3.29,,,,,,8,,,,,2022-11-16
4374045,Baseball Cards 2022 Topps Cosmic Chrome,MJ Melendez [Gold Interstellar Refractor] #49,$10.03,,,$15.05,$17.00,$42.04,$55.00,$25.00,$25.00,,,$2.80,$10.99,,,,,,5,,,,,2022-11-16
4373645,Baseball Cards 2022 Topps Cosmic Chrome,MJ Melendez [Nucleus Refractor] #49,$8.50,,,,,$25.90,$34.00,$16.00,$13.50,,,$1.90,$9.39,,,,,,2,,,,,2022-11-16
4374245,Baseball Cards 2022 Topps Cosmic Chrome,MJ Melendez [Orange Galactic Refractor] #49,$36.92,,,$37.72,$41.00,$45.00,$59.00,$27.00,$27.00,,,$16.40,$40.99,,,,,,4,,,,,2022-11-16
4374645,Baseball Cards 2022 Topps Cosmic Chrome,MJ Melendez [Red Flare Refractor] #49,$77.35,,,$65.00,$72.00,$99.99,$130.00,$60.00,$60.00,,,$34.00,$84.99,,,,,,3,,,,,2022-11-16
4373444,Baseball Cards 2022 Topps Cosmic Chrome,MJ Melendez [Refractor] #49,$5.36,,,,,,,,,,,$1.20,$5.89,,,,,,1,,,,,2022-11-16
11410892,Baseball Cards 2022 Topps Cosmic Chrome,MJ Melendez [Superfractor] #49,,,,$249.99,$275.00,,,,,,,,,,,,,,1,,,,,2022-11-16
4373253,Baseball Cards 2022 Topps Cosmic Chrome,MacKenzie Gore #58,$1.37,,$6.10,$7.00,$22.89,$33.16,$43.00,$20.00,$20.00,,,,$1.49,,,$1.30,$6.69,,8,,,,,2022-11-16
4374455,Baseball Cards 2022 Topps Cosmic Chrome,MacKenzie Gore [Black Eclipse Refractor] #58,$30.51,,,,,,,,,,,$10.20,$33.99,,,,,,1,,,,,2022-11-16
4373854,Baseball Cards 2022 Topps Cosmic Chrome,MacKenzie Gore [Blue Moon Refractor] #58,$4.98,,$9.00,$10.00,$30.45,$31.00,$40.00,$19.00,$19.00,,,$1.10,$5.49,,,$2.00,$9.89,,7,,,,,2022-11-16
4374054,Baseball Cards 2022 Topps Cosmic Chrome,MacKenzie Gore [Gold Interstellar Refractor] #58,$23.89,,,,,$48.18,$63.00,$29.00,$29.00,,,$7.80,$25.99,,,,,,3,,,,,2022-11-16
4373654,Baseball Cards 2022 Topps Cosmic Chrome,MacKenzie Gore [Nucleus Refractor] #58,$17.00,,,,,,,,,,,$4.80,$18.99,,,,,,1,,,,,2022-11-16
4374254,Baseball Cards 2022 Topps Cosmic Chrome,MacKenzie Gore [Orange Galactic Refractor] #58,$9.99,,,,,$51.01,$66.00,$31.00,$31.00,,,$2.80,$10.99,,,,,,2,,,,,2022-11-16
4374654,Baseball Cards 2022 Topps Cosmic Chrome,MacKenzie Gore [Red Flare Refractor] #58,$127.50,,,,,,,,,,,$70.00,$140.00,,,,,,1,,,,,2022-11-16
4373453,Baseball Cards 2022 Topps Cosmic Chrome,MacKenzie Gore [Refractor] #58,$2.17,,,$7.17,$8.00,,,,,,,,$2.39,,,,,,3,,,,,2022-11-16
11410912,Baseball Cards 2022 Topps Cosmic Chrome,MacKenzie Gore [Superfractor] #58,,,,,,,,,,,,,,,,,,,0,,,,,2022-11-16
4373394,Baseball Cards 2022 Topps Cosmic Chrome,Manny Machado #200,$1.46,,,,,$15.50,$20.00,$9.00,$9.00,,,,$1.59,,,,,,6,,,,,2022-11-16
4374596,Baseball Cards 2022 Topps Cosmic Chrome,Manny Machado [Black Eclipse Refractor] #200,$53.50,,,,,$86.00,$112.00,$52.00,$52.00,,,$23.60,$58.99,,,,,,2,,,,,2022-11-16
4373996,Baseball Cards 2022 Topps Cosmic Chrome,Manny Machado [Blue Moon Refractor] #200,$10.00,,,,,$64.96,$84.00,$39.00,$25.99,,,$2.80,$10.99,,,,,,7,,,,,2022-11-16
4374196,Baseball Cards 2022 Topps Cosmic Chrome,Manny Machado [Gold Interstellar Refractor] #200,$15.75,,,,$41.75,$50.41,$66.00,$30.00,$30.00,,,$4.30,$16.99,,,,,,4,,,,,2022-11-16
4373796,Baseball Cards 2022 Topps Cosmic Chrome,Manny Machado [Nucleus Refractor] #200,$6.75,,,,,$22.25,$29.00,$13.00,$13.00,,,$1.50,$7.39,,,,,,4,,,,,2022-11-16
4374397,Baseball Cards 2022 Topps Cosmic Chrome,Manny Machado [Orange Galactic Refractor] #200,$61.00,,,,,$78.00,$101.00,$47.00,$47.00,,,$26.80,$66.99,,,,,,2,,,,,2022-11-16
4374796,Baseball Cards 2022 Topps Cosmic Chrome,Manny Machado [Red Flare Refractor] #200,$199.00,,,,$158.50,,,,,,,$109.50,$219.00,,,,,,2,,,,,2022-11-16
4373596,Baseball Cards 2022 Topps Cosmic Chrome,Manny Machado [Refractor] #200,$1.85,,,,,,,,,,,,$1.99,,,,,,2,,,,,2022-11-16
11410999,Baseball Cards 2022 Topps Cosmic Chrome,Manny Machado [Superfractor] #200,,,,,,,,,,,,,,,,,,,0,,,,,2022-11-16
4373220,Baseball Cards 2022 Topps Cosmic Chrome,Marcus Semien #24,$1.96,,,$325.00,$358.00,,,,,,,,$2.19,,,,,,3,,,,,2022-11-16
4374421,Baseball Cards 2022 Topps Cosmic Chrome,Marcus Semien [Black Eclipse Refractor] #24,,,,,,,,,,,,,,,,,,,0,,,,,2022-11-16
4373820,Baseball Cards 2022 Topps Cosmic Chrome,Marcus Semien [Blue Moon Refractor] #24,$4.84,,,,,,,$20.00,,,,$1.10,$5.29,,,,,,3,,,,,2022-11-16
4374020,Baseball Cards 2022 Topps Cosmic Chrome,Marcus Semien [Gold Interstellar Refractor] #24,$4.25,,,,,,,,,,,$0.90,$4.69,,,,,,3,,,,,2022-11-16
4373620,Baseball Cards 2022 Topps Cosmic Chrome,Marcus Semien [Nucleus Refractor] #24,$1.63,,,,,$30.00,$39.00,$18.00,$18.00,,,,$1.79,,,,,,2,,,,,2022-11-16
4374221,Baseball Cards 2022 Topps Cosmic Chrome,Marcus Semien [Orange Galactic Refractor] #24,$17.75,,,,,$26.00,$34.00,$16.00,$16.00,,,$5.00,$19.99,,,,,,2,,,,,2022-11-16
4374620,Baseball Cards 2022 Topps Cosmic Chrome,Marcus Semien [Red Flare Refractor] #24,$170.00,,,,,,,,,,,$93.50,$187.00,,,,,,1,,,,,2022-11-16
4373419,Baseball Cards 2022 Topps Cosmic Chrome,Marcus Semien [Refractor] #24,$2.78,,,,,,,,,,,,$3.09,,,,,,2,,,,,2022-11-16
11410837,Baseball Cards 2022 Topps Cosmic Chrome,Marcus Semien [Superfractor] #24,,,,,,,,,,,,,,,,,,,0,,,,,2022-11-16
4373251,Baseball Cards 2022 Topps Cosmic Chrome,Marcus Stroman #56,$0.72,,,,,,,,,,,,$0.99,,,,,,2,,,,,2022-11-16
4374453,Baseball Cards 2022 Topps Cosmic Chrome,Marcus Stroman [Black Eclipse Refractor] #56,$22.25,,,,,,,,,,,$7.20,$23.99,,,,,,1,,,,,2022-11-16
4373852,Baseball Cards 2022 Topps Cosmic Chrome,Marcus Stroman [Blue Moon Refractor] #56,$4.97,,,,,,,,,,,$1.10,$5.49,,,,,,1,,,,,2022-11-16
4374052,Baseball Cards 2022 Topps Cosmic Chrome,Marcus Stroman [Gold Interstellar Refractor] #56,$3.99,,,,,,,,,,,$0.90,$4.39,,,,,,3,,,,,2022-11-16
4373652,Baseball Cards 2022 Topps Cosmic Chrome,Marcus Stroman [Nucleus Refractor] #56,$1.50,,,,,,,,,,,,$1.69,,,,,,2,,,,,2022-11-16
4374252,Baseball Cards 2022 Topps Cosmic Chrome,Marcus Stroman [Orange Galactic Refractor] #56,,,,,,$13.50,$18.00,$8.00,$8.00,,,,,,,,,,1,,,,,2022-11-16
4374652,Baseball Cards 2022 Topps Cosmic Chrome,Marcus Stroman [Red Flare Refractor] #56,,,,,,$51.00,$66.00,$31.00,$31.00,,,,,,,,,,1,,,,,2022-11-16
4373451,Baseball Cards 2022 Topps Cosmic Chrome,Marcus Stroman [Refractor] #56,$1.22,,,,,,,,,,,,$1.29,,,,,,1,,,,,2022-11-16
11410907,Baseball Cards 2022 Topps Cosmic Chrome,Marcus Stroman [Superfractor] #56,,,,,,,,,,,,,,,,,,,0,,,,,2022-11-16
4373324,Baseball Cards 2022 Topps Cosmic Chrome,Matt Chapman #129,$1.99,,,,,,,,,,,,$2.19,,,,,,1,,,,,2022-11-16
4374526,Baseball Cards 2022 Topps Cosmic Chrome,Matt Chapman [Black Eclipse Refractor] #129,$30.00,,,,,,,,,,,$9.90,$32.99,,,,,,1,,,,,2022-11-16
4373925,Baseball Cards 2022 Topps Cosmic Chrome,Matt Chapman [Blue Moon Refractor] #129,$5.00,,,,,,,,,,,$1.10,$5.49,,,,,,3,,,,,2022-11-16
4374125,Baseball Cards 2022 Topps Cosmic Chrome,Matt Chapman [Gold Interstellar Refractor] #129,$5.99,,,,,$16.50,$21.00,$10.00,$10.00,,,$1.30,$6.59,,,,,,3,,,,,2022-11-16
4373725,Baseball Cards 2022 Topps Cosmic Chrome,Matt Chapman [Nucleus Refractor] #129,$4.45,,,$10.50,$12.00,,,,,,,$1.00,$4.89,,,,,,3,,,,,2022-11-16
4374326,Baseball Cards 2022 Topps Cosmic Chrome,Matt Chapman [Orange Galactic Refractor] #129,$7.98,,,,,,,,,,,$1.80,$8.79,,,,,,2,,,,,2022-11-16
4374724,Baseball Cards 2022 Topps Cosmic Chrome,Matt Chapman [Red Flare Refractor] #129,$34.20,,,,,$99.99,$130.00,$60.00,$60.00,,,$15.20,$37.99,,,,,,2,,,,,2022-11-16
4373524,Baseball Cards 2022 Topps Cosmic Chrome,Matt Chapman [Refractor] #129,$2.84,,,,,$10.00,$13.00,$6.00,$6.00,,,,$3.09,,,,,,2,,,,,2022-11-16
11410879,Baseball Cards 2022 Topps Cosmic Chrome,Matt Chapman [Superfractor] #129,,,,,,,,,,,,,,,,,,,0,,,,,2022-11-16
4373360,Baseball Cards 2022 Topps Cosmic Chrome,Matt Manning #165,$1.79,,,,,,,,,,,,$1.99,,,,,,4,,,,,2022-11-16
4374562,Baseball Cards 2022 Topps Cosmic Chrome,Matt Manning [Black Eclipse Refractor] #165,$45.00,,,$22.24,$24.00,,,,,,,$20.00,$49.99,,,,,,2,,,,,2022-11-16
4373961,Baseball Cards 2022 Topps Cosmic Chrome,Matt Manning [Blue Moon Refractor] #165,$0.99,,,,,$13.43,$17.00,$8.00,$8.00,,,,$1.09,,,,,,3,,,,,2022-11-16
4374161,Baseball Cards 2022 Topps Cosmic Chrome,Matt Manning [Gold Interstellar Refractor] #165,$3.12,,,,,,,,,,,,$3.39,,,,,,1,,,,,2022-11-16
4373761,Baseball Cards 2022 Topps Cosmic Chrome,Matt Manning [Nucleus Refractor] #165,$1.42,,,,,$20.51,$27.00,$12.00,$12.00,,,,$1.59,,,,,,4,,,,,2022-11-16
4374362,Baseball Cards 2022 Topps Cosmic Chrome,Matt Manning [Orange Galactic Refractor] #165,$5.80,,,,,,,,,,,$1.30,$6.39,,,,,,1,,,,,2022-11-16
4374761,Baseball Cards 2022 Topps Cosmic Chrome,Matt Manning [Red Flare Refractor] #165,$38.10,,,,,,,,,,,$16.80,$41.99,,,,,,1,,,,,2022-11-16
4373560,Baseball Cards 2022 Topps Cosmic Chrome,Matt Manning [Refractor] #165,$4.00,,,,,,,,,,,$0.90,$4.39,,,,,,1,,,,,2022-11-16
11410961,Baseball Cards 2022 Topps Cosmic Chrome,Matt Manning [Superfractor] #165,,,,,,,,,,,,,,,,,,,0,,,,,2022-11-16
4373267,Baseball Cards 2022 Topps Cosmic Chrome,Matt Olson #72,$1.25,,,,,,,,$22.50,,,,$1.39,,,,,,5,,,,,2022-11-16
4374469,Baseball Cards 2022 Topps Cosmic Chrome,Matt Olson [Black Eclipse Refractor] #72,$50.74,,,,,$90.00,$117.00,$54.00,$54.00,,,$22.40,$55.99,,,,,,2,,,,,2022-11-16
4373868,Baseball Cards 2022 Topps Cosmic Chrome,Matt Olson [Blue Moon Refractor] #72,$11.50,,,,,$68.00,$88.00,$41.00,$41.00,,,$3.30,$12.99,,,,,,2,,,,,2022-11-16
4374068,Baseball Cards 2022 Topps Cosmic Chrome,Matt Olson [Gold Interstellar Refractor] #72,$14.99,,,$37.00,$41.00,,,,,,,$4.00,$15.99,,,,,,4,,,,,2022-11-16
4373668,Baseball Cards 2022 Topps Cosmic Chrome,Matt Olson [Nucleus Refractor] #72,$5.34,,,$13.00,$14.00,$34.95,$45.00,$21.00,$21.00,,,$1.20,$5.89,,,,,,4,,,,,2022-11-16
4374268,Baseball Cards 2022 Topps Cosmic Chrome,Matt Olson [Orange Galactic Refractor] #72,$27.94,,,,,$80.00,$104.00,$48.00,$48.00,,,$9.30,$30.99,,,,,,2,,,,,2022-11-16
4374668,Baseball Cards 2022 Topps Cosmic Chrome,Matt Olson [Red Flare Refractor] #72,$50.00,,,,,$127.50,$166.00,$77.00,$77.00,,,$22.00,$54.99,,,,,,2,,,,,2022-11-16
4373467,Baseball Cards 2022 Topps Cosmic Chrome,Matt Olson [Refractor] #72,$3.99,,,,,,,,,,,$0.90,$4.39,,,,,,1,,,,,2022-11-16
11410931,Baseball Cards 2022 Topps Cosmic Chrome,Matt Olson [Superfractor] #72,,,,,,,,,,,,,,,,,,,0,,,,,2022-11-16
4373380,Baseball Cards 2022 Topps Cosmic Chrome,Matt Vierling #186,$1.52,,,,,,,,,,,,$1.69,,,,,,2,,,,,2022-11-16
4374582,Baseball Cards 2022 Topps Cosmic Chrome,Matt Vierling [Black Eclipse Refractor] #186,$39.11,,,,,,,,,,,$17.20,$42.99,,,,,,1,,,,,2022-11-16
4373982,Baseball Cards 2022 Topps Cosmic Chrome,Matt Vierling [Blue Moon Refractor] #186,$2.76,,,,,$48.00,$62.00,$29.00,$29.00,,,,$2.99,,,,,,2,,,,,2022-11-16
4374182,Baseball Cards 2022 Topps Cosmic Chrome,Matt Vierling [Gold Interstellar Refractor] #186,$5.84,,,,,$14.50,$19.00,$9.00,$9.00,,,$1.30,$6.39,,,,,,2,,,,,2022-11-16
4373782,Baseball Cards 2022 Topps Cosmic Chrome,Matt Vierling [Nucleus Refractor] #186,$1.32,,,,,$21.50,$28.00,$13.00,$13.00,,,,$1.49,,,,,,3,,,,,2022-11-16
4374383,Baseball Cards 2022 Topps Cosmic Chrome,Matt Vierling [Orange Galactic Refractor] #186,$8.75,,,,,,,,,,,$1.90,$9.59,,,,,,1,,,,,2022-11-16
4374782,Baseball Cards 2022 Topps Cosmic Chrome,Matt Vierling [Red Flare Refractor] #186,$40.79,,,,,,,,,,,$18.00,$44.99,,,,,,1,,,,,2022-11-16
4373581,Baseball Cards 2022 Topps Cosmic Chrome,Matt Vierling [Refractor] #186,$3.75,,,,,,,,,,,$0.80,$4.09,,,,,,1,,,,,2022-11-16
11410985,Baseball Cards 2022 Topps Cosmic Chrome,Matt Vierling [Superfractor] #186,,,,,,,,,,,,,,,,,,,0,,,,,2022-11-16
4373234,Baseball Cards 2022 Topps Cosmic Chrome,Max Kepler #39,$1.48,,,,,,,,,,,,$1.59,,,,,,2,,,,,2022-11-16
4374436,Baseball Cards 2022 Topps Cosmic Chrome,Max Kepler [Black Eclipse Refractor] #39,$31.59,,,,,,,,,,,$10.50,$34.99,,,,,,0,,,,,2022-11-16
4373835,Baseball Cards 2022 Topps Cosmic Chrome,Max Kepler [Blue Moon Refractor] #39,$1.63,,,,,$55.00,$72.00,$33.00,$33.00,,,,$1.79,,,,,,3,,,,,2022-11-16
4374035,Baseball Cards 2022 Topps Cosmic Chrome,Max Kepler [Gold Interstellar Refractor] #39,$3.99,,,,,,,,,,,$0.90,$4.39,,,,,,1,,,,,2022-11-16
4373635,Baseball Cards 2022 Topps Cosmic Chrome,Max Kepler [Nucleus Refractor] #39,$2.10,,,,,$11.62,$15.00,$7.00,$7.00,,,,$2.29,,,,,,3,,,,,2022-11-16
4374235,Baseball Cards 2022 Topps Cosmic Chrome,Max Kepler [Orange Galactic Refractor] #39,$7.92,,,,,,,,,,,$1.70,$8.69,,,,,,1,,,,,2022-11-16
4374635,Baseball Cards 2022 Topps Cosmic Chrome,Max Kepler [Red Flare Refractor] #39,$49.00,,,,,,,,,,,$21.60,$53.99,,,,,,1,,,,,2022-11-16
4373434,Baseball Cards 2022 Topps Cosmic Chrome,Max Kepler [Refractor] #39,$2.97,,,,,,,,,,,,$3.29,,,,,,1,,,,,2022-11-16
11410870,Baseball Cards 2022 Topps Cosmic Chrome,Max Kepler [Superfractor] #39,,,,,,,,,,,,,,,,,,,0,,,,,2022-11-16
4373341,Baseball Cards 2022 Topps Cosmic Chrome,Max Muncy #146,$1.50,,$6.20,$11.81,$23.15,$33.43,$43.00,$20.00,$20.00,,,,$1.69,,,$1.40,$6.79,,10,,,,,2022-11-16
4374543,Baseball Cards 2022 Topps Cosmic Chrome,Max Muncy [Black Eclipse Refractor] #146,$20.00,,,,,,,,,,,$6.60,$21.99,,,,,,1,,,,,2022-11-16
4373942,Baseball Cards 2022 Topps Cosmic Chrome,Max Muncy [Blue Moon Refractor] #146,$4.99,,,,,$52.00,$68.00,$31.00,$31.00,,,$1.10,$5.49,,,,,,2,,,,,2022-11-16
4374142,Baseball Cards 2022 Topps Cosmic Chrome,Max Muncy [Gold Interstellar Refractor] #146,$10.46,,,,,$23.25,$30.00,$14.00,$14.00,,,$3.00,$11.99,,,,,,2,,,,,2022-11-16
4373742,Baseball Cards 2022 Topps Cosmic Chrome,Max Muncy [Nucleus Refractor] #146,$3.70,,,,,$12.00,$16.00,$7.00,$7.00,,,$0.80,$4.09,,,,,,4,,,,,2022-11-16
4374343,Baseball Cards 2022 Topps Cosmic Chrome,Max Muncy [Orange Galactic Refractor] #146,$7.01,,,$15.00,$17.00,,,,,,,$1.50,$7.69,,,,,,2,,,,,2022-11-16
4374742,Baseball Cards 2022 Topps Cosmic Chrome,Max Muncy [Red Flare Refractor] #146,,,,,,$112.50,$146.00,$68.00,$68.00,,,,,,,,,,1,,,,,2022-11-16
4373541,Baseball Cards 2022 Topps Cosmic Chrome,Max Muncy [Refractor] #146,$2.89,,,,,,,,,,,,$3.19,,,,,,1,,,,,2022-11-16
11410911,Baseball Cards 2022 Topps Cosmic Chrome,Max Muncy [Superfractor] #146,,,,,,,,,,,,,,,,,,,0,,,,,2022-11-16
4373278,Baseball Cards 2022 Topps Cosmic Chrome,Max Scherzer #83,$1.56,,,,,,,,,,,,$1.69,,,,,,5,,,,,2022-11-16
4374480,Baseball Cards 2022 Topps Cosmic Chrome,Max Scherzer [Black Eclipse Refractor] #83,$100.00,,,,,,,,,,,$55.00,$110.00,,,,,,1,,,,,2022-11-16
4373879,Baseball Cards 2022 Topps Cosmic Chrome,Max Scherzer [Blue Moon Refractor] #83,$4.22,,,,,$53.32,$69.00,$32.00,$32.00,,,$0.90,$4.59,,,,,,4,,,,,2022-11-16
4374079,Baseball Cards 2022 Topps Cosmic Chrome,Max Scherzer [Gold Interstellar Refractor] #83,$25.25,,,$59.99,$66.00,,,,,,,$8.40,$27.99,,,,,,3,,,,,2022-11-16
4373679,Baseball Cards 2022 Topps Cosmic Chrome,Max Scherzer [Nucleus Refractor] #83,$3.34,,,,,,,,,,,,$3.69,,,,,,2,,,,,2022-11-16
4374279,Baseball Cards 2022 Topps Cosmic Chrome,Max Scherzer [Orange Galactic Refractor] #83,$18.00,,,,,,,,,,,$5.00,$19.99,,,,,,1,,,,,2022-11-16
4374679,Baseball Cards 2022 Topps Cosmic Chrome,Max Scherzer [Red Flare Refractor] #83,$100.00,,,,,,,,,,,$55.00,$110.00,,,,,,1,,,,,2022-11-16
4373478,Baseball Cards 2022 Topps Cosmic Chrome,Max Scherzer [Refractor] #83,$3.00,,,,,,,,,,,,$3.29,,,,,,1,,,,,2022-11-16
11410948,Baseball Cards 2022 Topps Cosmic Chrome,Max Scherzer [Superfractor] #83,,,,,,,,,,,,,,,,,,,0,,,,,2022-11-16
4373194,Baseball Cards 2022 Topps Cosmic Chrome,Mega Box,,,,,,,,,,,,,,,,,,,0,,,,,2022-11-16
4373216,Baseball Cards 2022 Topps Cosmic Chrome,Miguel Cabrera #20,$1.34,,$6.08,$11.63,$22.83,$34.99,$45.00,$21.00,$21.00,,,,$1.49,,,$1.30,$6.69,,9,,,,,2022-11-16
4374417,Baseball Cards 2022 Topps Cosmic Chrome,Miguel Cabrera [Black Eclipse Refractor] #20,$58.23,,,,,$82.00,$107.00,$49.00,$49.00,,,$25.60,$63.99,,,,,,2,,,,,2022-11-16
4373816,Baseball Cards 2022 Topps Cosmic Chrome,Miguel Cabrera [Blue Moon Refractor] #20,$10.59,,,,$39.99,$80.00,$104.00,$48.00,$48.00,,,$3.00,$11.99,,,,,,5,,,,,2022-11-16
4374016,Baseball Cards 2022 Topps Cosmic Chrome,Miguel Cabrera [Gold Interstellar Refractor] #20,$30.00,,$29.10,$46.30,$83.13,$106.25,$138.00,$64.00,$64.00,,,$9.90,$32.99,,,$9.60,$31.99,,7,,,,,2022-11-16
4373616,Baseball Cards 2022 Topps Cosmic Chrome,Miguel Cabrera [Nucleus Refractor] #20,$5.00,,,,,$81.96,$107.00,$49.00,$49.00,,,$1.10,$5.49,,,,,,3,,,,,2022-11-16
4374217,Baseball Cards 2022 Topps Cosmic Chrome,Miguel Cabrera [Orange Galactic Refractor] #20,$50.00,,,$41.00,$45.00,$138.56,$180.00,$83.00,$83.00,,,$22.00,$54.99,,,,,,4,,,,,2022-11-16
4374616,Baseball Cards 2022 Topps Cosmic Chrome,Miguel Cabrera [Red Flare Refractor] #20,$265.00,,,,,,,,,,,$146.00,$292.00,,,,,,1,,,,,2022-11-16
4373415,Baseball Cards 2022 Topps Cosmic Chrome,Miguel Cabrera [Refractor] #20,$3.99,,,,,,,,,,,$0.90,$4.39,,,,,,1,,,,,2022-11-16
11410829,Baseball Cards 2022 Topps Cosmic Chrome,Miguel Cabrera [Superfractor] #20,,,,,,,,,,,,,,,,,,,0,,,,,2022-11-16
4373301,Baseball Cards 2022 Topps Cosmic Chrome,Miguel Sano #106,$1.50,,,,,,,,,,,,$1.69,,,,,,1,,,,,2022-11-16
4374503,Baseball Cards 2022 Topps Cosmic Chrome,Miguel Sano [Black Eclipse Refractor] #106,$3.26,,,,,,,,,,,,$3.59,,,,,,1,,,,,2022-11-16
4373902,Baseball Cards 2022 Topps Cosmic Chrome,Miguel Sano [Blue Moon Refractor] #106,$2.57,,,,,,,,,,,,$2.79,,,,,,1,,,,,2022-11-16
4374102,Baseball Cards 2022 Topps Cosmic Chrome,Miguel Sano [Gold Interstellar Refractor] #106,$2.94,,,,,,,,,,,,$3.19,,,,,,2,,,,,2022-11-16
4373702,Baseball Cards 2022 Topps Cosmic Chrome,Miguel Sano [Nucleus Refractor] #106,$4.76,,,,,$14.99,$19.00,$9.00,$9.00,,,$1.00,$5.19,,,,,,2,,,,,2022-11-16
4374303,Baseball Cards 2022 Topps Cosmic Chrome,Miguel Sano [Orange Galactic Refractor] #106,$5.99,,,,,,,,,,,$1.30,$6.59,,,,,,1,,,,,2022-11-16
4374702,Baseball Cards 2022 Topps Cosmic Chrome,Miguel Sano [Red Flare Refractor] #106,$80.00,,,,,,,,,,,$35.20,$87.99,,,,,,1,,,,,2022-11-16
4373501,Baseball Cards 2022 Topps Cosmic Chrome,Miguel Sano [Refractor] #106,$2.99,,,,,,,,,,,,$3.29,,,,,,1,,,,,2022-11-16
11410838,Baseball Cards 2022 Topps Cosmic Chrome,Miguel Sano [Superfractor] #106,,,,,,,,,,,,,,,,,,,0,,,,,2022-11-16
4375332,Baseball Cards 2022 Topps Cosmic Chrome,Mike Trout #27,$2.53,$6.50,$10.58,$21.52,$24.00,$49.43,$64.00,$30.00,$24.05,,,,$2.79,$1.40,$7.19,$3.00,$11.99,,41,,,,,2022-11-16
4374424,Baseball Cards 2022 Topps Cosmic Chrome,Mike Trout [Black Eclipse Refractor] #27,$400.00,,,,,$399.00,$519.00,$239.00,$239.00,,,$220.00,$440.00,,,,,,2,,,,,2022-11-16
4373823,Baseball Cards 2022 Topps Cosmic Chrome,Mike Trout [Blue Moon Refractor] #27,$50.49,,,,,$109.68,$143.00,$66.00,$66.00,,,$22.40,$55.99,,,,,,4,,,,,2022-11-16
4374023,Baseball Cards 2022 Topps Cosmic Chrome,Mike Trout [Gold Interstellar Refractor] #27,$100.00,,,$143.50,$169.00,$172.00,$224.00,$103.00,$103.00,,,$55.00,$110.00,,,,,,9,,,,,2022-11-16
4373623,Baseball Cards 2022 Topps Cosmic Chrome,Mike Trout [Nucleus Refractor] #27,$14.50,,,$45.00,$52.98,$54.00,$70.00,$32.00,$32.00,,,$4.00,$15.99,,,,,,9,,,,,2022-11-16
4374223,Baseball Cards 2022 Topps Cosmic Chrome,Mike Trout [Orange Galactic Refractor] #27,$99.22,,,$325.00,$358.00,$390.00,$507.00,$234.00,$234.00,,,$54.50,$109.00,,,,,,4,,,,,2022-11-16
4374623,Baseball Cards 2022 Topps Cosmic Chrome,Mike Trout [Red Flare Refractor] #27,$255.14,,,$529.99,$583.00,,,,,,,$140.50,$281.00,,,,,,2,,,,,2022-11-16
4373422,Baseball Cards 2022 Topps Cosmic Chrome,Mike Trout [Refractor] #27,$3.14,,$15.96,$23.13,$26.49,$35.25,$46.00,$21.00,$21.00,,,,$3.49,,,$4.50,$17.99,,11,,,,,2022-11-16
11410843,Baseball Cards 2022 Topps Cosmic Chrome,Mike Trout [Superfractor] #27,,,,,,,,,,,,,,,,,,,0,,,,,2022-11-16
4373306,Baseball Cards 2022 Topps Cosmic Chrome,Mike Yastrzemski #111,$6.04,,,,,,,,,,,$1.30,$6.59,,,,,,3,,,,,2022-11-16
4374508,Baseball Cards 2022 Topps Cosmic Chrome,Mike Yastrzemski [Black Eclipse Refractor] #111,,,,,,,,,,,,,,,,,,,0,,,,,2022-11-16
4373907,Baseball Cards 2022 Topps Cosmic Chrome,Mike Yastrzemski [Blue Moon Refractor] #111,$3.09,,,,,,,,,,,,$3.39,,,,,,2,,,,,2022-11-16
4374107,Baseball Cards 2022 Topps Cosmic Chrome,Mike Yastrzemski [Gold Interstellar Refractor] #111,$4.72,,,,,,,,,,,$1.00,$5.19,,,,,,2,,,,,2022-11-16
4373707,Baseball Cards 2022 Topps Cosmic Chrome,Mike Yastrzemski [Nucleus Refractor] #111,$5.50,,,,,,,,,,,$1.20,$6.09,,,,,,1,,,,,2022-11-16
4374308,Baseball Cards 2022 Topps Cosmic Chrome,Mike Yastrzemski [Orange Galactic Refractor] #111,$7.50,,,,,,,,,,,$1.70,$8.29,,,,,,1,,,,,2022-11-16
4374707,Baseball Cards 2022 Topps Cosmic Chrome,Mike Yastrzemski [Red Flare Refractor] #111,$33.39,,,,,,,,,,,$14.80,$36.99,,,,,,1,,,,,2022-11-16
4373506,Baseball Cards 2022 Topps Cosmic Chrome,Mike Yastrzemski [Refractor] #111,$1.08,,,,,,,,,,,,$1.19,,,,,,1,,,,,2022-11-16
11410847,Baseball Cards 2022 Topps Cosmic Chrome,Mike Yastrzemski [Superfractor] #111,,,,,,,,,,,,,,,,,,,0,,,,,2022-11-16
4373351,Baseball Cards 2022 Topps Cosmic Chrome,Mitch Haniger #156,$1.05,,,,,$500.00,$650.00,$300.00,$300.00,,,,$1.19,,,,,,2,,,,,2022-11-16
4374553,Baseball Cards 2022 Topps Cosmic Chrome,Mitch Haniger [Black Eclipse Refractor] #156,,,,,,$40.00,$52.00,$24.00,$24.00,,,,,,,,,,1,,,,,2022-11-16
4373952,Baseball Cards 2022 Topps Cosmic Chrome,Mitch Haniger [Blue Moon Refractor] #156,$2.25,,,,,,,,,,,,$2.49,,,,,,2,,,,,2022-11-16
4374152,Baseball Cards 2022 Topps Cosmic Chrome,Mitch Haniger [Gold Interstellar Refractor] #156,$4.19,,,,,,,,,,,$0.90,$4.59,,,,,,3,,,,,2022-11-16
4373752,Baseball Cards 2022 Topps Cosmic Chrome,Mitch Haniger [Nucleus Refractor] #156,$4.10,,,,,,,,,,,$0.90,$4.49,,,,,,1,,,,,2022-11-16
4374353,Baseball Cards 2022 Topps Cosmic Chrome,Mitch Haniger [Orange Galactic Refractor] #156,$13.99,,,,,$30.00,$39.00,$18.00,$18.00,,,$3.80,$14.99,,,,,,2,,,,,2022-11-16
4374752,Baseball Cards 2022 Topps Cosmic Chrome,Mitch Haniger [Red Flare Refractor] #156,$58.00,,,,,,,,,,,$25.60,$63.99,,,,,,1,,,,,2022-11-16
4373551,Baseball Cards 2022 Topps Cosmic Chrome,Mitch Haniger [Refractor] #156,$2.71,,,,,,,,,,,,$2.99,,,,,,1,,,,,2022-11-16
11410946,Baseball Cards 2022 Topps Cosmic Chrome,Mitch Haniger [Superfractor] #156,,,,,,,,,,,,,,,,,,,0,,,,,2022-11-16
4373384,Baseball Cards 2022 Topps Cosmic Chrome,Mookie Betts #190,$3.00,,$7.41,$9.00,$26.30,$29.99,$39.00,$18.00,$24.38,,,,$3.29,,,$1.60,$8.19,,15,,,,,2022-11-16
4374586,Baseball Cards 2022 Topps Cosmic Chrome,Mookie Betts [Black Eclipse Refractor] #190,,,,,$267.00,$272.48,$354.00,$163.00,$163.00,,,,,,,,,,2,,,,,2022-11-16
4373986,Baseball Cards 2022 Topps Cosmic Chrome,Mookie Betts [Blue Moon Refractor] #190,$32.81,,,$26.34,$29.00,$88.79,$115.00,$53.00,$53.00,,,$14.40,$35.99,,,,,,7,,,,,2022-11-16
4374186,Baseball Cards 2022 Topps Cosmic Chrome,Mookie Betts [Gold Interstellar Refractor] #190,$34.50,,,$45.99,$51.00,$199.50,$259.00,$120.00,$120.00,,,$15.20,$37.99,,,,,,4,,,,,2022-11-16
4373786,Baseball Cards 2022 Topps Cosmic Chrome,Mookie Betts [Nucleus Refractor] #190,$5.49,,,$25.00,$28.00,$49.40,$64.00,$30.00,$30.00,,,$1.20,$5.99,,,,,,5,,,,,2022-11-16
4374387,Baseball Cards 2022 Topps Cosmic Chrome,Mookie Betts [Orange Galactic Refractor] #190,$55.81,,,$125.00,$138.00,$188.50,$245.00,$113.00,$113.00,,,$24.40,$60.99,,,,,,3,,,,,2022-11-16
4374786,Baseball Cards 2022 Topps Cosmic Chrome,Mookie Betts [Red Flare Refractor] #190,,,,,,$464.00,$603.00,$278.00,$278.00,,,,,,,,,,1,,,,,2022-11-16
4373585,Baseball Cards 2022 Topps Cosmic Chrome,Mookie Betts [Refractor] #190,$3.10,,,,,,,,,,,,$3.39,,,,,,2,,,,,2022-11-16
11410989,Baseball Cards 2022 Topps Cosmic Chrome,Mookie Betts [Superfractor] #190,,,,,,,,,,,,,,,,,,,0,,,,,2022-11-16
4373203,Baseball Cards 2022 Topps Cosmic Chrome,Nelson Cruz #7,$1.38,,,,,,,,,,,,$1.49,,,,,,1,,,,,2022-11-16
4374404,Baseball Cards 2022 Topps Cosmic Chrome,Nelson Cruz [Black Eclipse Refractor] #7,$30.15,,,,,,,,,,,$9.90,$32.99,,,,,,1,,,,,2022-11-16
4373803,Baseball Cards 2022 Topps Cosmic Chrome,Nelson Cruz [Blue Moon Refractor] #7,$1.77,,,,,,,,,,,,$1.99,,,,,,1,,,,,2022-11-16
4374003,Baseball Cards 2022 Topps Cosmic Chrome,Nelson Cruz [Gold Interstellar Refractor] #7,$3.87,,,,,$27.20,$35.00,$16.00,$16.00,,,$0.90,$4.29,,,,,,3,,,,,2022-11-16
4373603,Baseball Cards 2022 Topps Cosmic Chrome,Nelson Cruz [Nucleus Refractor] #7,$2.46,,,,,,,,,,,,$2.69,,,,,,1,,,,,2022-11-16
4374204,Baseball Cards 2022 Topps Cosmic Chrome,Nelson Cruz [Orange Galactic Refractor] #7,$10.32,,,,,,,,,,,$2.80,$10.99,,,,,,1,,,,,2022-11-16
4374603,Baseball Cards 2022 Topps Cosmic Chrome,Nelson Cruz [Red Flare Refractor] #7,$23.50,,,,,,,,,,,$7.80,$25.99,,,,,,1,,,,,2022-11-16
4373401,Baseball Cards 2022 Topps Cosmic Chrome,Nelson Cruz [Refractor] #7,$1.25,,,$21.24,$23.00,,,,,,,,$1.39,,,,,,2,,,,,2022-11-16
11410815,Baseball Cards 2022 Topps Cosmic Chrome,Nelson Cruz [Superfractor] #7,,,,,,,,,,,,,,,,,,,0,,,,,2022-11-16
4373204,Baseball Cards 2022 Topps Cosmic Chrome,Nick Castellanos #8,$0.99,,,,,,,,,,,,$1.09,,,,,,5,,,,,2022-11-16
4374405,Baseball Cards 2022 Topps Cosmic Chrome,Nick Castellanos [Black Eclipse Refractor] #8,$26.25,,,,,$40.00,$52.00,$24.00,$24.00,,,$8.70,$28.99,,,,,,2,,,,,2022-11-16
4373804,Baseball Cards 2022 Topps Cosmic Chrome,Nick Castellanos [Blue Moon Refractor] #8,$4.30,,,,,,,,,,,$0.90,$4.69,,,,,,2,,,,,2022-11-16
4374004,Baseball Cards 2022 Topps Cosmic Chrome,Nick Castellanos [Gold Interstellar Refractor] #8,$15.00,,,,,$53.53,$70.00,$32.00,$32.00,,,$4.30,$16.99,,,,,,3,,,,,2022-11-16
4373604,Baseball Cards 2022 Topps Cosmic Chrome,Nick Castellanos [Nucleus Refractor] #8,$0.99,,$9.99,$15.39,$17.00,$31.00,$40.00,$19.00,$19.00,,,,$1.09,,,$2.80,$10.99,,6,,,,,2022-11-16
4374205,Baseball Cards 2022 Topps Cosmic Chrome,Nick Castellanos [Orange Galactic Refractor] #8,$13.78,,,,,$224.99,$292.00,$135.00,$135.00,,,$3.80,$14.99,,,,,,2,,,,,2022-11-16
4374604,Baseball Cards 2022 Topps Cosmic Chrome,Nick Castellanos [Red Flare Refractor] #8,$80.00,,,,,$170.00,$221.00,$102.00,$102.00,,,$35.20,$87.99,,,,,,2,,,,,2022-11-16
4373402,Baseball Cards 2022 Topps Cosmic Chrome,Nick Castellanos [Refractor] #8,$1.58,,,,,,,,,,,,$1.69,,,,,,2,,,,,2022-11-16
11410816,Baseball Cards 2022 Topps Cosmic Chrome,Nick Castellanos [Superfractor] #8,,,,$280.00,$308.00,,,,,,,,,,,,,,1,,,,,2022-11-16
4373246,Baseball Cards 2022 Topps Cosmic Chrome,Nick Lodolo #51,$1.52,,$6.40,$12.11,$23.67,$33.99,$44.00,$20.00,$20.00,,,,$1.69,,,$1.40,$6.99,,8,,,,,2022-11-16
4374448,Baseball Cards 2022 Topps Cosmic Chrome,Nick Lodolo [Black Eclipse Refractor] #51,,,,,,,,,,,,,,,,,,,0,,,,,2022-11-16
4373847,Baseball Cards 2022 Topps Cosmic Chrome,Nick Lodolo [Blue Moon Refractor] #51,$8.99,,,,,$35.73,$46.00,$21.00,$21.00,,,$2.00,$9.89,,,,,,2,,,,,2022-11-16
4374047,Baseball Cards 2022 Topps Cosmic Chrome,Nick Lodolo [Gold Interstellar Refractor] #51,$18.80,,,,,$51.00,$66.00,$31.00,$31.00,,,$6.30,$20.99,,,,,,3,,,,,2022-11-16
4373647,Baseball Cards 2022 Topps Cosmic Chrome,Nick Lodolo [Nucleus Refractor] #51,$5.00,,,,,$28.00,$36.00,$17.00,$17.00,,,$1.10,$5.49,,,,,,2,,,,,2022-11-16
4374247,Baseball Cards 2022 Topps Cosmic Chrome,Nick Lodolo [Orange Galactic Refractor] #51,$5.50,,,,,,,,,,,$1.20,$6.09,,,,,,1,,,,,2022-11-16
4374647,Baseball Cards 2022 Topps Cosmic Chrome,Nick Lodolo [Red Flare Refractor] #51,,,,,,$225.00,$293.00,$135.00,$135.00,,,,,,,,,,1,,,,,2022-11-16
4373446,Baseball Cards 2022 Topps Cosmic Chrome,Nick Lodolo [Refractor] #51,$1.59,,,,,$15.00,$20.00,$9.00,$9.00,,,,$1.79,,,,,,3,,,,,2022-11-16
11410894,Baseball Cards 2022 Topps Cosmic Chrome,Nick Lodolo [Superfractor] #51,,,,,,,,,,,,,,,,,,,0,,,,,2022-11-16
4373286,Baseball Cards 2022 Topps Cosmic Chrome,Noah Syndergaard #91,$0.83,,,,,,,,,,,,$0.99,,,,,,2,,,,,2022-11-16
4374488,Baseball Cards 2022 Topps Cosmic Chrome,Noah Syndergaard [Black Eclipse Refractor] #91,$15.00,,,,,,,,,,,$4.30,$16.99,,,,,,1,,,,,2022-11-16
4373887,Baseball Cards 2022 Topps Cosmic Chrome,Noah Syndergaard [Blue Moon Refractor] #91,$1.80,,,,,,,,,,,,$1.99,,,,,,3,,,,,2022-11-16
4374087,Baseball Cards 2022 Topps Cosmic Chrome,Noah Syndergaard [Gold Interstellar Refractor] #91,$3.75,,,,,$5.00,$7.00,$3.00,$3.00,,,$0.80,$4.09,,,,,,3,,,,,2022-11-16
4373687,Baseball Cards 2022 Topps Cosmic Chrome,Noah Syndergaard [Nucleus Refractor] #91,$0.99,,,,,,,,,,,,$1.09,,,,,,1,,,,,2022-11-16
4374288,Baseball Cards 2022 Topps Cosmic Chrome,Noah Syndergaard [Orange Galactic Refractor] #91,$12.99,,,,,,,,,,,$3.50,$13.99,,,,,,1,,,,,2022-11-16
4374687,Baseball Cards 2022 Topps Cosmic Chrome,Noah Syndergaard [Red Flare Refractor] #91,,,,,,,,,,,,,,,,,,,0,,,,,2022-11-16
4373486,Baseball Cards 2022 Topps Cosmic Chrome,Noah Syndergaard [Refractor] #91,$1.96,,,$5.60,$6.00,,,,,,,,$2.19,,,,,,2,,,,,2022-11-16
11410979,Baseball Cards 2022 Topps Cosmic Chrome,Noah Syndergaard [Superfractor] #91,,,,,,,,,,,,,,,,,,,0,,,,,2022-11-16
4373382,Baseball Cards 2022 Topps Cosmic Chrome,Nolan Arenado #188,$0.99,,$5.79,$11.20,$22.08,$23.49,$31.00,$14.00,$20.00,,,,$1.09,,,$1.30,$6.39,,14,,,,,2022-11-16
4374584,Baseball Cards 2022 Topps Cosmic Chrome,Nolan Arenado [Black Eclipse Refractor] #188,$68.39,,,$41.00,$45.00,$175.00,$228.00,$105.00,$105.00,,,$30.00,$74.99,,,,,,3,,,,,2022-11-16
4373984,Baseball Cards 2022 Topps Cosmic Chrome,Nolan Arenado [Blue Moon Refractor] #188,$12.00,,,,,,,,,,,$3.30,$12.99,,,,,,4,,,,,2022-11-16
4374184,Baseball Cards 2022 Topps Cosmic Chrome,Nolan Arenado [Gold Interstellar Refractor] #188,$15.89,,,,,$125.00,$163.00,$75.00,$75.00,,,$4.30,$16.99,,,,,,3,,,,,2022-11-16
4373784,Baseball Cards 2022 Topps Cosmic Chrome,Nolan Arenado [Nucleus Refractor] #188,$10.92,,,,,$27.00,$35.00,$16.00,$16.00,,,$3.00,$11.99,,,,,,4,,,,,2022-11-16
4374385,Baseball Cards 2022 Topps Cosmic Chrome,Nolan Arenado [Orange Galactic Refractor] #188,$30.00,,,$165.00,$182.00,,,,,,,$9.90,$32.99,,,,,,2,,,,,2022-11-16
4374784,Baseball Cards 2022 Topps Cosmic Chrome,Nolan Arenado [Red Flare Refractor] #188,$98.10,,,,,,,,,,,$54.00,$108.00,,,,,,1,,,,,2022-11-16
4373583,Baseball Cards 2022 Topps Cosmic Chrome,Nolan Arenado [Refractor] #188,$3.64,,,,,,,,,,,$0.80,$3.99,,,,,,3,,,,,2022-11-16
11410987,Baseball Cards 2022 Topps Cosmic Chrome,Nolan Arenado [Superfractor] #188,,,,,,,,,,,,,,,,,,,0,,,,,2022-11-16
4373349,Baseball Cards 2022 Topps Cosmic Chrome,Oneil Cruz #154,$2.00,,$4.99,$14.99,$21.34,$31.03,$40.00,$40.00,$21.11,,,,$2.19,,,$1.10,$5.49,,74,,,,,2022-11-16
4374551,Baseball Cards 2022 Topps Cosmic Chrome,Oneil Cruz [Black Eclipse Refractor] #154,$150.58,,,,,,,,,,,$83.00,$166.00,,,,,,3,,,,,2022-11-16
4373950,Baseball Cards 2022 Topps Cosmic Chrome,Oneil Cruz [Blue Moon Refractor] #154,$45.00,,,,,$75.00,$98.00,$49.99,$45.00,,,$20.00,$49.99,,,,,,5,,,,,2022-11-16
4374150,Baseball Cards 2022 Topps Cosmic Chrome,Oneil Cruz [Gold Interstellar Refractor] #154,$105.11,,,,$132.00,$135.00,$176.00,$81.00,$81.00,,,$58.00,$116.00,,,,,,6,,,,,2022-11-16
4373750,Baseball Cards 2022 Topps Cosmic Chrome,Oneil Cruz [Nucleus Refractor] #154,$23.50,,,,$46.99,$57.41,$75.00,$34.00,$34.00,,,$7.80,$25.99,,,,,,6,,,,,2022-11-16
4374351,Baseball Cards 2022 Topps Cosmic Chrome,Oneil Cruz [Orange Galactic Refractor] #154,$100.00,,,$75.00,$106.59,$108.82,$141.00,$65.00,$65.00,,,$55.00,$110.00,,,,,,6,,,,,2022-11-16
4374750,Baseball Cards 2022 Topps Cosmic Chrome,Oneil Cruz [Red Flare Refractor] #154,$398.38,,,,,,,,,,,$219.00,$438.00,,,,,,1,,,,,2022-11-16
4373549,Baseball Cards 2022 Topps Cosmic Chrome,Oneil Cruz [Refractor] #154,$12.79,,$20.00,,$26.88,$46.00,$60.00,$28.00,$28.00,,,$3.50,$13.99,,,$6.60,$21.99,,7,,,,,2022-11-16
11410941,Baseball Cards 2022 Topps Cosmic Chrome,Oneil Cruz [Superfractor] #154,,,,,,,,,,,,,,,,,,,0,,,,,2022-11-16
4373222,Baseball Cards 2022 Topps Cosmic Chrome,Otto Lopez #26,$1.88,,$6.33,$11.99,$23.47,$33.78,$44.00,$20.00,$20.00,,,,$2.09,,,$1.40,$6.99,,7,,,,,2022-11-16
4374423,Baseball Cards 2022 Topps Cosmic Chrome,Otto Lopez [Black Eclipse Refractor] #26,$25.00,,,,,$23.00,$30.00,$14.00,$14.00,,,$8.40,$27.99,,,,,,2,,,,,2022-11-16
4373822,Baseball Cards 2022 Topps Cosmic Chrome,Otto Lopez [Blue Moon Refractor] #26,$3.96,,$8.18,$14.79,$28.32,$39.06,$51.00,$23.00,$23.00,,,$0.90,$4.39,,,$1.80,$8.99,,6,,,,,2022-11-16
4374022,Baseball Cards 2022 Topps Cosmic Chrome,Otto Lopez [Gold Interstellar Refractor] #26,$29.00,,,$7.73,$9.00,,,,,,,$9.60,$31.99,,,,,,3,,,,,2022-11-16
4373622,Baseball Cards 2022 Topps Cosmic Chrome,Otto Lopez [Nucleus Refractor] #26,$3.74,,,,,$14.99,$19.00,$9.00,$9.00,,,$0.80,$4.09,,,,,,5,,,,,2022-11-16
4374222,Baseball Cards 2022 Topps Cosmic Chrome,Otto Lopez [Orange Galactic Refractor] #26,$3.25,,,,,,,,,,,,$3.59,,,,,,1,,,,,2022-11-16
4374622,Baseball Cards 2022 Topps Cosmic Chrome,Otto Lopez [Red Flare Refractor] #26,$69.99,,,,,$16.25,$21.00,$10.00,$10.00,,,$30.80,$76.99,,,,,,2,,,,,2022-11-16
4373421,Baseball Cards 2022 Topps Cosmic Chrome,Otto Lopez [Refractor] #26,$1.99,,,,,,,,,,,,$2.19,,,,,,1,,,,,2022-11-16
11410841,Baseball Cards 2022 Topps Cosmic Chrome,Otto Lopez [Superfractor] #26,,,,,,,,,,,,,,,,,,,0,,,,,2022-11-16
4373314,Baseball Cards 2022 Topps Cosmic Chrome,Ozzie Albies #119,$3.49,,,,,,,,,,,$0.80,$3.79,,,,,,4,,,,,2022-11-16
4374516,Baseball Cards 2022 Topps Cosmic Chrome,Ozzie Albies [Black Eclipse Refractor] #119,$50.51,,,$150.00,$165.00,$180.00,$234.00,$108.00,$108.00,,,$22.40,$55.99,,,,,,3,,,,,2022-11-16
4373915,Baseball Cards 2022 Topps Cosmic Chrome,Ozzie Albies [Blue Moon Refractor] #119,$6.73,,,,,$60.00,$78.00,$36.00,$36.00,,,$1.50,$7.39,,,,,,4,,,,,2022-11-16
4374115,Baseball Cards 2022 Topps Cosmic Chrome,Ozzie Albies [Gold Interstellar Refractor] #119,$11.88,,,,,$62.00,$81.00,$37.00,$37.00,,,$3.30,$12.99,,,,,,3,,,,,2022-11-16
4373715,Baseball Cards 2022 Topps Cosmic Chrome,Ozzie Albies [Nucleus Refractor] #119,$6.38,,,,,$37.00,$48.00,$22.00,$22.00,,,$1.40,$6.99,,,,,,3,,,,,2022-11-16
4374316,Baseball Cards 2022 Topps Cosmic Chrome,Ozzie Albies [Orange Galactic Refractor] #119,$21.49,,,,,,,,,,,$7.20,$23.99,,,,,,3,,,,,2022-11-16
4374714,Baseball Cards 2022 Topps Cosmic Chrome,Ozzie Albies [Red Flare Refractor] #119,,,,,,,,,,,,,,,,,,,0,,,,,2022-11-16
4373514,Baseball Cards 2022 Topps Cosmic Chrome,Ozzie Albies [Refractor] #119,$1.49,,,,,,,,,,,,$1.59,,,,,,2,,,,,2022-11-16
11410862,Baseball Cards 2022 Topps Cosmic Chrome,Ozzie Albies [Superfractor] #119,,,,,,,,,,,,,,,,,,,0,,,,,2022-11-16
4373307,Baseball Cards 2022 Topps Cosmic Chrome,Patrick Corbin #112,$1.50,,,,,,,,,,,,$1.69,,,,,,1,,,,,2022-11-16
4374509,Baseball Cards 2022 Topps Cosmic Chrome,Patrick Corbin [Black Eclipse Refractor] #112,$5.76,,,,,,,,,,,$1.30,$6.29,,,,,,1,,,,,2022-11-16
4373908,Baseball Cards 2022 Topps Cosmic Chrome,Patrick Corbin [Blue Moon Refractor] #112,$1.84,,,,,$10.50,$14.00,$6.00,$6.00,,,,$1.99,,,,,,2,,,,,2022-11-16
4374108,Baseball Cards 2022 Topps Cosmic Chrome,Patrick Corbin [Gold Interstellar Refractor] #112,$3.92,,,,,,,,,,,$0.90,$4.29,,,,,,1,,,,,2022-11-16
4373708,Baseball Cards 2022 Topps Cosmic Chrome,Patrick Corbin [Nucleus Refractor] #112,$2.59,,,,,$13.98,$18.00,$8.00,$8.00,,,,$2.89,,,,,,2,,,,,2022-11-16
4374309,Baseball Cards 2022 Topps Cosmic Chrome,Patrick Corbin [Orange Galactic Refractor] #112,$3.75,,,,,,,,,,,$0.80,$4.09,,,,,,1,,,,,2022-11-16
4374708,Baseball Cards 2022 Topps Cosmic Chrome,Patrick Corbin [Red Flare Refractor] #112,$15.00,,,,,,,,,,,$4.30,$16.99,,,,,,1,,,,,2022-11-16
4373507,Baseball Cards 2022 Topps Cosmic Chrome,Patrick Corbin [Refractor] #112,$2.99,,,,,,,,,,,,$3.29,,,,,,1,,,,,2022-11-16
11410849,Baseball Cards 2022 Topps Cosmic Chrome,Patrick Corbin [Superfractor] #112,,,,,,,,,,,,,,,,,,,0,,,,,2022-11-16
4373272,Baseball Cards 2022 Topps Cosmic Chrome,Patrick Wisdom #77,$1.25,,,,,,,,,,,,$1.39,,,,,,2,,,,,2022-11-16
4374474,Baseball Cards 2022 Topps Cosmic Chrome,Patrick Wisdom [Black Eclipse Refractor] #77,$12.50,,,,,,,,,,,$3.50,$13.99,,,,,,1,,,,,2022-11-16
4373873,Baseball Cards 2022 Topps Cosmic Chrome,Patrick Wisdom [Blue Moon Refractor] #77,$5.58,,,,,,,,,,,$1.20,$6.09,,,,,,2,,,,,2022-11-16
4374073,Baseball Cards 2022 Topps Cosmic Chrome,Patrick Wisdom [Gold Interstellar Refractor] #77,$7.89,,,,,,,,,,,$1.70,$8.69,,,,,,3,,,,,2022-11-16
4373673,Baseball Cards 2022 Topps Cosmic Chrome,Patrick Wisdom [Nucleus Refractor] #77,$1.21,,,,,,,,,,,,$1.29,,,,,,1,,,,,2022-11-16
4374273,Baseball Cards 2022 Topps Cosmic Chrome,Patrick Wisdom [Orange Galactic Refractor] #77,$9.59,,,,,,,,$36.00,,,$2.80,$10.99,,,,,,1,,,,,2022-11-16
4374673,Baseball Cards 2022 Topps Cosmic Chrome,Patrick Wisdom [Red Flare Refractor] #77,,,,,,,,,,,,,,,,,,,0,,,,,2022-11-16
4373472,Baseball Cards 2022 Topps Cosmic Chrome,Patrick Wisdom [Refractor] #77,$2.73,,,,,,,,,,,,$2.99,,,,,,2,,,,,2022-11-16
11410936,Baseball Cards 2022 Topps Cosmic Chrome,Patrick Wisdom [Superfractor] #77,,,,,,,,,,,,,,,,,,,0,,,,,2022-11-16
4373282,Baseball Cards 2022 Topps Cosmic Chrome,Paul Goldschmidt #87,$0.99,,$5.80,$11.20,$22.08,$32.27,$42.00,$19.00,$20.00,,,,$1.09,,,$1.30,$6.39,,8,,,,,2022-11-16
4374484,Baseball Cards 2022 Topps Cosmic Chrome,Paul Goldschmidt [Black Eclipse Refractor] #87,$26.00,,,,,,,,,,,$8.70,$28.99,,,,,,1,,,,,2022-11-16
4373883,Baseball Cards 2022 Topps Cosmic Chrome,Paul Goldschmidt [Blue Moon Refractor] #87,$5.51,,,,,$44.10,$57.00,$26.00,$26.00,,,$1.20,$6.09,,,,,,4,,,,,2022-11-16
4374083,Baseball Cards 2022 Topps Cosmic Chrome,Paul Goldschmidt [Gold Interstellar Refractor] #87,$24.69,,,,$34.00,$35.00,$46.00,$21.00,$21.00,,,$8.10,$26.99,,,,,,6,,,,,2022-11-16
4373683,Baseball Cards 2022 Topps Cosmic Chrome,Paul Goldschmidt [Nucleus Refractor] #87,$3.54,,,,,,,,,,,$0.80,$3.89,,,,,,3,,,,,2022-11-16
4374284,Baseball Cards 2022 Topps Cosmic Chrome,Paul Goldschmidt [Orange Galactic Refractor] #87,$16.50,,,,,,,,,,,$4.50,$17.99,,,,,,1,,,,,2022-11-16
4374683,Baseball Cards 2022 Topps Cosmic Chrome,Paul Goldschmidt [Red Flare Refractor] #87,$99.50,,,,$107.50,,,,,,,$54.50,$109.00,,,,,,2,,,,,2022-11-16
4373482,Baseball Cards 2022 Topps Cosmic Chrome,Paul Goldschmidt [Refractor] #87,$8.72,,,,,,,,,,,$1.90,$9.59,,,,,,4,,,,,2022-11-16
11410957,Baseball Cards 2022 Topps Cosmic Chrome,Paul Goldschmidt [Superfractor] #87,,,,,,,,,,,,,,,,,,,0,,,,,2022-11-16
4373350,Baseball Cards 2022 Topps Cosmic Chrome,Pete Alonso #155,$1.42,,$6.25,$19.99,$23.28,$65.00,$85.00,$39.00,$39.00,,,,$1.59,,,$1.40,$6.89,,9,,,,,2022-11-16
4374552,Baseball Cards 2022 Topps Cosmic Chrome,Pete Alonso [Black Eclipse Refractor] #155,$49.00,,,$40.00,$44.00,,,,,,,$21.60,$53.99,,,,,,2,,,,,2022-11-16
4373951,Baseball Cards 2022 Topps Cosmic Chrome,Pete Alonso [Blue Moon Refractor] #155,$9.00,,,,,$75.00,$98.00,$45.00,$45.00,,,$2.00,$9.89,,,,,,5,,,,,2022-11-16
4374151,Baseball Cards 2022 Topps Cosmic Chrome,Pete Alonso [Gold Interstellar Refractor] #155,$23.24,,,$41.00,$45.00,$152.71,$199.00,$92.00,$92.00,,,$7.80,$25.99,,,,,,4,,,,,2022-11-16
4373751,Baseball Cards 2022 Topps Cosmic Chrome,Pete Alonso [Nucleus Refractor] #155,$22.00,,,,,$67.50,$88.00,$41.00,$41.00,,,$7.20,$23.99,,,,,,3,,,,,2022-11-16
4374352,Baseball Cards 2022 Topps Cosmic Chrome,Pete Alonso [Orange Galactic Refractor] #155,$45.00,,,,,,,,,,,$20.00,$49.99,,,,,,3,,,,,2022-11-16
4374751,Baseball Cards 2022 Topps Cosmic Chrome,Pete Alonso [Red Flare Refractor] #155,$219.99,,,,,$107.50,$140.00,$65.00,$65.00,,,$121.00,$242.00,,,,,,2,,,,,2022-11-16
4373550,Baseball Cards 2022 Topps Cosmic Chrome,Pete Alonso [Refractor] #155,$4.62,,,,,,,,,,,$1.00,$5.09,,,,,,3,,,,,2022-11-16
11410943,Baseball Cards 2022 Topps Cosmic Chrome,Pete Alonso [Superfractor] #155,,,,,,,,,,,,,,,,,,,0,,,,,2022-11-16
4373329,Baseball Cards 2022 Topps Cosmic Chrome,Rafael Devers #134,$1.56,,,,,,,,,,,,$1.69,,,,,,5,,,,,2022-11-16
4374531,Baseball Cards 2022 Topps Cosmic Chrome,Rafael Devers [Black Eclipse Refractor] #134,$42.51,,,,,,,,,,,$18.80,$46.99,,,,,,1,,,,,2022-11-16
4373930,Baseball Cards 2022 Topps Cosmic Chrome,Rafael Devers [Blue Moon Refractor] #134,$5.99,,,,,$80.58,$105.00,$48.00,$48.00,,,$1.30,$6.59,,,,,,4,,,,,2022-11-16
4374130,Baseball Cards 2022 Topps Cosmic Chrome,Rafael Devers [Gold Interstellar Refractor] #134,$22.84,,,,,$59.91,$78.00,$36.00,$36.00,,,$7.50,$24.99,,,,,,3,,,,,2022-11-16
4373730,Baseball Cards 2022 Topps Cosmic Chrome,Rafael Devers [Nucleus Refractor] #134,$2.75,,,,,$40.87,$53.00,$25.00,$25.00,,,,$2.99,,,,,,3,,,,,2022-11-16
4374331,Baseball Cards 2022 Topps Cosmic Chrome,Rafael Devers [Orange Galactic Refractor] #134,$25.00,,,$25.00,$28.00,,,,,,,$8.40,$27.99,,,,,,3,,,,,2022-11-16
4374729,Baseball Cards 2022 Topps Cosmic Chrome,Rafael Devers [Red Flare Refractor] #134,$100.00,,,,,,,,,,,$55.00,$110.00,,,,,,1,,,,,2022-11-16
4373529,Baseball Cards 2022 Topps Cosmic Chrome,Rafael Devers [Refractor] #134,$3.37,,,,,$9.50,$12.00,$6.00,$6.00,,,,$3.69,,,,,,2,,,,,2022-11-16
11410889,Baseball Cards 2022 Topps Cosmic Chrome,Rafael Devers [Superfractor] #134,,,,,,,,,,,,,,,,,,,0,,,,,2022-11-16
4373338,Baseball Cards 2022 Topps Cosmic Chrome,Randy Arozarena #143,$1.79,,,,,,,,,,,,$1.99,,,,,,4,,,,,2022-11-16
4374540,Baseball Cards 2022 Topps Cosmic Chrome,Randy Arozarena [Black Eclipse Refractor] #143,,,,$53.00,$55.00,$56.00,$73.00,$34.00,$34.00,,,,,,,,,,2,,,,,2022-11-16
4373939,Baseball Cards 2022 Topps Cosmic Chrome,Randy Arozarena [Blue Moon Refractor] #143,$5.86,,,,,$29.99,$39.00,$18.00,$18.00,,,$1.30,$6.49,,,,,,4,,,,,2022-11-16
4374139,Baseball Cards 2022 Topps Cosmic Chrome,Randy Arozarena [Gold Interstellar Refractor] #143,$13.26,,,,,,,,,,,$3.80,$14.99,,,,,,3,,,,,2022-11-16
4373739,Baseball Cards 2022 Topps Cosmic Chrome,Randy Arozarena [Nucleus Refractor] #143,$7.50,,,,,,,,,,,$1.70,$8.29,,,,,,1,,,,,2022-11-16
4374340,Baseball Cards 2022 Topps Cosmic Chrome,Randy Arozarena [Orange Galactic Refractor] #143,$9.45,,,,,,,,,,,$2.00,$9.99,,,,,,1,,,,,2022-11-16
4374739,Baseball Cards 2022 Topps Cosmic Chrome,Randy Arozarena [Red Flare Refractor] #143,,,,,,$144.00,$187.00,$86.00,$86.00,,,,,,,,,,1,,,,,2022-11-16
4373538,Baseball Cards 2022 Topps Cosmic Chrome,Randy Arozarena [Refractor] #143,$5.40,,,,,,,,,,,$1.20,$5.89,,,,,,2,,,,,2022-11-16
11410906,Baseball Cards 2022 Topps Cosmic Chrome,Randy Arozarena [Superfractor] #143,,,,,,,,,,,,,,,,,,,0,,,,,2022-11-16
4373215,Baseball Cards 2022 Topps Cosmic Chrome,Reid Detmers #19,$1.64,,$6.32,$11.98,$23.45,$39.99,$52.00,$24.00,$24.00,,,,$1.79,,,$1.40,$6.99,,8,,,,,2022-11-16
4374416,Baseball Cards 2022 Topps Cosmic Chrome,Reid Detmers [Black Eclipse Refractor] #19,,,,,,,,,,,,,,,,,,,0,,,,,2022-11-16
4373815,Baseball Cards 2022 Topps Cosmic Chrome,Reid Detmers [Blue Moon Refractor] #19,$4.99,,,,,$18.88,$25.00,$11.00,$11.00,,,$1.10,$5.49,,,,,,5,,,,,2022-11-16
4374015,Baseball Cards 2022 Topps Cosmic Chrome,Reid Detmers [Gold Interstellar Refractor] #19,$26.63,,,,,$27.00,$35.00,$16.00,$16.00,,,$8.70,$28.99,,,,,,3,,,,,2022-11-16
4373615,Baseball Cards 2022 Topps Cosmic Chrome,Reid Detmers [Nucleus Refractor] #19,$4.56,,,,,$50.00,$65.00,$30.00,$30.00,,,$1.00,$4.99,,,,,,4,,,,,2022-11-16
4374216,Baseball Cards 2022 Topps Cosmic Chrome,Reid Detmers [Orange Galactic Refractor] #19,$29.29,,,,,$70.00,$91.00,$42.00,$42.00,,,$9.60,$31.99,,,,,,2,,,,,2022-11-16
4374615,Baseball Cards 2022 Topps Cosmic Chrome,Reid Detmers [Red Flare Refractor] #19,$16.50,,,,,,,,,,,$4.50,$17.99,,,,,,1,,,,,2022-11-16
4373414,Baseball Cards 2022 Topps Cosmic Chrome,Reid Detmers [Refractor] #19,$1.99,,,,,,,,,,,,$2.19,,,,,,2,,,,,2022-11-16
11410827,Baseball Cards 2022 Topps Cosmic Chrome,Reid Detmers [Superfractor] #19,,,,,,,,,,,,,,,,,,,0,,,,,2022-11-16
4373192,Baseball Cards 2022 Topps Cosmic Chrome,Retail Box,,,,,,,,,,,,,,,,,,,0,,,,,2022-11-16
4373217,Baseball Cards 2022 Topps Cosmic Chrome,Rhys Hoskins #21,$0.99,,,,,,,,,,,,$1.09,,,,,,3,,,,,2022-11-16
4374418,Baseball Cards 2022 Topps Cosmic Chrome,Rhys Hoskins [Black Eclipse Refractor] #21,$40.00,,,,,,,,,,,$17.60,$43.99,,,,,,1,,,,,2022-11-16
4373817,Baseball Cards 2022 Topps Cosmic Chrome,Rhys Hoskins [Blue Moon Refractor] #21,$3.26,,,,,,,,,,,,$3.59,,,,,,4,,,,,2022-11-16
4374017,Baseball Cards 2022 Topps Cosmic Chrome,Rhys Hoskins [Gold Interstellar Refractor] #21,$9.99,,,,,,,,,,,$2.80,$10.99,,,,,,1,,,,,2022-11-16
4373617,Baseball Cards 2022 Topps Cosmic Chrome,Rhys Hoskins [Nucleus Refractor] #21,$1.00,,,,,$23.50,$31.00,$14.00,$14.00,,,,$1.09,,,,,,3,,,,,2022-11-16
4374218,Baseball Cards 2022 Topps Cosmic Chrome,Rhys Hoskins [Orange Galactic Refractor] #21,$11.89,,,,,$10.50,$14.00,$6.00,$6.00,,,$3.30,$12.99,,,,,,3,,,,,2022-11-16
4374617,Baseball Cards 2022 Topps Cosmic Chrome,Rhys Hoskins [Red Flare Refractor] #21,$64.14,,,,,$325.00,$423.00,$195.00,$195.00,,,$28.40,$70.99,,,,,,2,,,,,2022-11-16
4373416,Baseball Cards 2022 Topps Cosmic Chrome,Rhys Hoskins [Refractor] #21,$3.25,,,,,,,,,,,,$3.59,,,,,,1,,,,,2022-11-16
11410831,Baseball Cards 2022 Topps Cosmic Chrome,Rhys Hoskins [Superfractor] #21,,,,,,,,,,,,,,,,,,,0,,,,,2022-11-16
4373379,Baseball Cards 2022 Topps Cosmic Chrome,Robbie Ray #185,$1.49,,,,,,,,,,,,$1.59,,,,,,1,,,,,2022-11-16
4374581,Baseball Cards 2022 Topps Cosmic Chrome,Robbie Ray [Black Eclipse Refractor] #185,$4.25,,,,,,,,,,,$0.90,$4.69,,,,,,1,,,,,2022-11-16
4373981,Baseball Cards 2022 Topps Cosmic Chrome,Robbie Ray [Blue Moon Refractor] #185,$3.00,,,,,,,,,,,,$3.29,,,,,,1,,,,,2022-11-16
4374181,Baseball Cards 2022 Topps Cosmic Chrome,Robbie Ray [Gold Interstellar Refractor] #185,$8.99,,,,,,,,,,,$2.00,$9.89,,,,,,1,,,,,2022-11-16
4373781,Baseball Cards 2022 Topps Cosmic Chrome,Robbie Ray [Nucleus Refractor] #185,$2.72,,,,,$33.00,$43.00,$20.00,$20.00,,,,$2.99,,,,,,4,,,,,2022-11-16
4374382,Baseball Cards 2022 Topps Cosmic Chrome,Robbie Ray [Orange Galactic Refractor] #185,$12.00,,,,,,,,,,,$3.30,$12.99,,,,,,1,,,,,2022-11-16
4374781,Baseball Cards 2022 Topps Cosmic Chrome,Robbie Ray [Red Flare Refractor] #185,,,,,,,,,,,,,,,,,,,0,,,,,2022-11-16
4373580,Baseball Cards 2022 Topps Cosmic Chrome,Robbie Ray [Refractor] #185,$3.56,,,,,,,,,,,$0.80,$3.89,,,,,,1,,,,,2022-11-16
11410984,Baseball Cards 2022 Topps Cosmic Chrome,Robbie Ray [Superfractor] #185,,,,,,,,,,,,,,,,,,,0,,,,,2022-11-16
4373239,Baseball Cards 2022 Topps Cosmic Chrome,Ronald Acuna Jr. #44,$2.99,,$7.40,$14.99,$26.29,$48.00,$62.00,$29.00,$30.00,,,,$3.29,,,$1.60,$8.09,,14,,,,,2022-11-16
4374441,Baseball Cards 2022 Topps Cosmic Chrome,Ronald Acuna Jr. [Black Eclipse Refractor] #44,$175.37,,,,,$328.42,$427.00,$197.00,$197.00,,,$96.50,$193.00,,,,,,2,,,,,2022-11-16
4373840,Baseball Cards 2022 Topps Cosmic Chrome,Ronald Acuna Jr. [Blue Moon Refractor] #44,$57.51,,,$64.00,$70.00,$72.13,$94.00,$43.00,$43.00,,,$25.20,$62.99,,,,,,7,,,,,2022-11-16
4374040,Baseball Cards 2022 Topps Cosmic Chrome,Ronald Acuna Jr. [Gold Interstellar Refractor] #44,$80.88,,,$141.37,$156.00,$170.00,$221.00,$102.00,$102.00,,,$35.60,$88.99,,,,,,3,,,,,2022-11-16
4373640,Baseball Cards 2022 Topps Cosmic Chrome,Ronald Acuna Jr. [Nucleus Refractor] #44,$41.88,,,,,$125.00,$163.00,$75.00,$75.00,,,$18.40,$45.99,,,,,,8,,,,,2022-11-16
4374240,Baseball Cards 2022 Topps Cosmic Chrome,Ronald Acuna Jr. [Orange Galactic Refractor] #44,$65.87,,,$300.00,$315.00,$321.52,$418.00,$193.00,$193.00,,,$28.80,$71.99,,,,,,3,,,,,2022-11-16
4374640,Baseball Cards 2022 Topps Cosmic Chrome,Ronald Acuna Jr. [Red Flare Refractor] #44,$350.00,,,,,$825.00,$1073.00,$495.00,$495.00,,,$192.50,$385.00,,,,,,2,,,,,2022-11-16
4373439,Baseball Cards 2022 Topps Cosmic Chrome,Ronald Acuna Jr. [Refractor] #44,$4.99,,,,,$38.50,$50.00,$23.00,$23.00,,,$1.10,$5.49,,,,,,8,,,,,2022-11-16
11410882,Baseball Cards 2022 Topps Cosmic Chrome,Ronald Acuna Jr. [Superfractor] #44,,,,,,,,,,,,,,,,,,,0,,,,,2022-11-16
4373261,Baseball Cards 2022 Topps Cosmic Chrome,Royce Lewis #66,$1.98,,$7.99,$10.99,$22.90,$44.99,$58.00,$27.00,$5.51,,,,$2.19,,,$1.80,$8.79,,22,,,,,2022-11-16
4374463,Baseball Cards 2022 Topps Cosmic Chrome,Royce Lewis [Black Eclipse Refractor] #66,$117.24,,,,,$400.00,$520.00,$240.00,$240.00,,,$64.50,$129.00,,,,,,2,,,,,2022-11-16
4373862,Baseball Cards 2022 Topps Cosmic Chrome,Royce Lewis [Blue Moon Refractor] #66,$30.50,,$12.00,,,$94.38,$123.00,$57.00,$57.00,,,$10.20,$33.99,,,$3.30,$12.99,,6,,,,,2022-11-16
4374062,Baseball Cards 2022 Topps Cosmic Chrome,Royce Lewis [Gold Interstellar Refractor] #66,$24.00,,,$64.50,$71.00,$240.00,$312.00,$144.00,$75.00,,,$7.80,$25.99,,,,,,6,,,,,2022-11-16
4373662,Baseball Cards 2022 Topps Cosmic Chrome,Royce Lewis [Nucleus Refractor] #66,$4.79,,,$49.99,$49.99,$57.48,$75.00,$34.00,$34.00,,,$1.10,$5.29,,,,,,6,,,,,2022-11-16
4374262,Baseball Cards 2022 Topps Cosmic Chrome,Royce Lewis [Orange Galactic Refractor] #66,$45.66,,,$80.00,$88.00,$162.50,$211.00,$98.00,$98.00,,,$20.00,$49.99,,,,,,3,,,,,2022-11-16
4374662,Baseball Cards 2022 Topps Cosmic Chrome,Royce Lewis [Red Flare Refractor] #66,,,,,,,,,,,,,,,,,,,0,,,,,2022-11-16
4373461,Baseball Cards 2022 Topps Cosmic Chrome,Royce Lewis [Refractor] #66,$2.26,,,,,$40.54,$53.00,$24.00,$24.00,,,,$2.49,,,,,,5,,,,,2022-11-16
11410923,Baseball Cards 2022 Topps Cosmic Chrome,Royce Lewis [Superfractor] #66,,,,,,,,,,,,,,,,,,,0,,,,,2022-11-16
4373389,Baseball Cards 2022 Topps Cosmic Chrome,Ryan Mountcastle #195,$1.56,,$6.25,$11.89,$23.28,$33.57,$44.00,$20.00,$20.00,,,,$1.69,,,$1.40,$6.89,,7,,,,,2022-11-16
4374591,Baseball Cards 2022 Topps Cosmic Chrome,Ryan Mountcastle [Black Eclipse Refractor] #195,$69.50,,,,,$49.00,$64.00,$29.00,$29.00,,,$30.40,$75.99,,,,,,2,,,,,2022-11-16
4373991,Baseball Cards 2022 Topps Cosmic Chrome,Ryan Mountcastle [Blue Moon Refractor] #195,$10.00,,,,,,,,,,,$2.80,$10.99,,,,,,1,,,,,2022-11-16
4374191,Baseball Cards 2022 Topps Cosmic Chrome,Ryan Mountcastle [Gold Interstellar Refractor] #195,$4.63,,,,,,,,,,,$1.00,$5.09,,,,,,1,,,,,2022-11-16
4373791,Baseball Cards 2022 Topps Cosmic Chrome,Ryan Mountcastle [Nucleus Refractor] #195,$1.43,,,,,$25.00,$33.00,$15.00,$15.00,,,,$1.59,,,,,,5,,,,,2022-11-16
4374392,Baseball Cards 2022 Topps Cosmic Chrome,Ryan Mountcastle [Orange Galactic Refractor] #195,$14.50,,,,,$95.00,$124.00,$57.00,$57.00,,,$4.00,$15.99,,,,,,2,,,,,2022-11-16
4374791,Baseball Cards 2022 Topps Cosmic Chrome,Ryan Mountcastle [Red Flare Refractor] #195,$70.00,,,,,,,,,,,$30.80,$76.99,,,,,,1,,,,,2022-11-16
4373591,Baseball Cards 2022 Topps Cosmic Chrome,Ryan Mountcastle [Refractor] #195,$3.67,,,,,,,,,,,$0.80,$3.99,,,,,,2,,,,,2022-11-16
11410994,Baseball Cards 2022 Topps Cosmic Chrome,Ryan Mountcastle [Superfractor] #195,,,,,,,,,,,,,,,,,,,0,,,,,2022-11-16
4373302,Baseball Cards 2022 Topps Cosmic Chrome,Ryan Vilade #107,$2.91,,,,,,,,,,,,$3.19,,,,,,2,,,,,2022-11-16
4374504,Baseball Cards 2022 Topps Cosmic Chrome,Ryan Vilade [Black Eclipse Refractor] #107,$15.00,,,,,,,,,,,$4.30,$16.99,,,,,,1,,,,,2022-11-16
4373903,Baseball Cards 2022 Topps Cosmic Chrome,Ryan Vilade [Blue Moon Refractor] #107,$4.99,,,$1.81,$2.00,,,,,,,$1.10,$5.49,,,,,,3,,,,,2022-11-16
4374103,Baseball Cards 2022 Topps Cosmic Chrome,Ryan Vilade [Gold Interstellar Refractor] #107,$6.11,,,,,,,,,,,$1.30,$6.69,,,,,,2,,,,,2022-11-16
4373703,Baseball Cards 2022 Topps Cosmic Chrome,Ryan Vilade [Nucleus Refractor] #107,$5.00,,,,,,,,,,,$1.10,$5.49,,,,,,1,,,,,2022-11-16
4374304,Baseball Cards 2022 Topps Cosmic Chrome,Ryan Vilade [Orange Galactic Refractor] #107,$7.15,,,,,,,,,,,$1.60,$7.89,,,,,,1,,,,,2022-11-16
4374703,Baseball Cards 2022 Topps Cosmic Chrome,Ryan Vilade [Red Flare Refractor] #107,,,,,,$60.00,$78.00,$36.00,$36.00,,,,,,,,,,1,,,,,2022-11-16
4373502,Baseball Cards 2022 Topps Cosmic Chrome,Ryan Vilade [Refractor] #107,$2.45,,,,,,,,,,,,$2.69,,,,,,2,,,,,2022-11-16
11410840,Baseball Cards 2022 Topps Cosmic Chrome,Ryan Vilade [Superfractor] #107,,,,,,,,,,,,,,,,,,,0,,,,,2022-11-16
4373376,Baseball Cards 2022 Topps Cosmic Chrome,Salvador Perez #181,$1.25,,$6.00,$11.51,$20.27,$30.49,$40.00,$18.00,$18.00,,,,$1.39,,,$1.30,$6.59,,12,,,,,2022-11-16
4374577,Baseball Cards 2022 Topps Cosmic Chrome,Salvador Perez [Black Eclipse Refractor] #181,$15.47,,,$99.00,$109.00,,,,,,,$4.30,$16.99,,,,,,2,,,,,2022-11-16
4373977,Baseball Cards 2022 Topps Cosmic Chrome,Salvador Perez [Blue Moon Refractor] #181,$11.88,,,,,$24.85,$32.00,$15.00,$15.00,,,$3.30,$12.99,,,,,,5,,,,,2022-11-16
4374177,Baseball Cards 2022 Topps Cosmic Chrome,Salvador Perez [Gold Interstellar Refractor] #181,$5.00,,,,,$35.01,$46.00,$21.00,$21.00,,,$1.10,$5.49,,,,,,2,,,,,2022-11-16
4373777,Baseball Cards 2022 Topps Cosmic Chrome,Salvador Perez [Nucleus Refractor] #181,$8.36,,,$35.59,$39.00,,,,,,,$1.80,$9.19,,,,,,3,,,,,2022-11-16
4374378,Baseball Cards 2022 Topps Cosmic Chrome,Salvador Perez [Orange Galactic Refractor] #181,$21.46,,,$50.00,$55.00,,,,,,,$7.20,$23.99,,,,,,3,,,,,2022-11-16
4374777,Baseball Cards 2022 Topps Cosmic Chrome,Salvador Perez [Red Flare Refractor] #181,,,,$44.24,$49.00,,,,,,,,,,,,,,1,,,,,2022-11-16
4373576,Baseball Cards 2022 Topps Cosmic Chrome,Salvador Perez [Refractor] #181,$2.28,,,,,,,,,,,,$2.49,,,,,,3,,,,,2022-11-16
11410980,Baseball Cards 2022 Topps Cosmic Chrome,Salvador Perez [Superfractor] #181,,,,,,,,,,,,,,,,,,,0,,,,,2022-11-16
4373260,Baseball Cards 2022 Topps Cosmic Chrome,Seiya Suzuki #65,$2.98,,$7.37,$19.91,$22.00,$24.15,$31.00,$14.00,$25.49,,,,$3.29,,,$1.60,$8.09,,38,,,,,2022-11-16
4374462,Baseball Cards 2022 Topps Cosmic Chrome,Seiya Suzuki [Black Eclipse Refractor] #65,$275.00,,,$124.99,$125.00,$425.00,$553.00,$255.00,$255.00,,,$151.50,$303.00,,,,,,4,,,,,2022-11-16
4373861,Baseball Cards 2022 Topps Cosmic Chrome,Seiya Suzuki [Blue Moon Refractor] #65,$20.27,,,,,$125.00,$163.00,$75.00,$75.00,,,$6.60,$21.99,,,,,,8,,,,,2022-11-16
4374061,Baseball Cards 2022 Topps Cosmic Chrome,Seiya Suzuki [Gold Interstellar Refractor] #65,$47.50,,,,,$140.06,$182.00,$84.00,$84.00,,,$20.80,$51.99,,,,,,4,,,,,2022-11-16
4373661,Baseball Cards 2022 Topps Cosmic Chrome,Seiya Suzuki [Nucleus Refractor] #65,$27.23,,,,$57.00,$58.24,$76.00,$35.00,$35.00,,,$9.00,$29.99,,,,,,7,,,,,2022-11-16
4374261,Baseball Cards 2022 Topps Cosmic Chrome,Seiya Suzuki [Orange Galactic Refractor] #65,$24.81,,,$83.00,$91.00,$100.00,$250.00,$60.00,$60.00,,,$8.10,$26.99,,,,,,3,,,,,2022-11-16
4374661,Baseball Cards 2022 Topps Cosmic Chrome,Seiya Suzuki [Red Flare Refractor] #65,,,,,,$255.00,$332.00,$153.00,$153.00,,,,,,,,,,1,,,,,2022-11-16
4373460,Baseball Cards 2022 Topps Cosmic Chrome,Seiya Suzuki [Refractor] #65,$6.75,,,$35.00,$39.00,$42.00,$55.00,$25.00,$25.00,,,$1.50,$7.39,,,,,,8,,,,,2022-11-16
11410922,Baseball Cards 2022 Topps Cosmic Chrome,Seiya Suzuki [Superfractor] #65,,,,,,,,,,,,,,,,,,,0,,,,,2022-11-16
4373209,Baseball Cards 2022 Topps Cosmic Chrome,Seth Beer #13,$1.26,,,,,,,,,,,,$1.39,,,,,,3,,,,,2022-11-16
4374410,Baseball Cards 2022 Topps Cosmic Chrome,Seth Beer [Black Eclipse Refractor] #13,,,,,,,,,,,,,,,,,,,0,,,,,2022-11-16
4373809,Baseball Cards 2022 Topps Cosmic Chrome,Seth Beer [Blue Moon Refractor] #13,$1.97,,,,,,,,,,,,$2.19,,,,,,2,,,,,2022-11-16
4374009,Baseball Cards 2022 Topps Cosmic Chrome,Seth Beer [Gold Interstellar Refractor] #13,$7.67,,,,,$14.50,$19.00,$9.00,$9.00,,,$1.70,$8.39,,,,,,2,,,,,2022-11-16
4373609,Baseball Cards 2022 Topps Cosmic Chrome,Seth Beer [Nucleus Refractor] #13,$2.99,,,,,$25.00,$33.00,$15.00,$15.00,,,,$3.29,,,,,,2,,,,,2022-11-16
4374210,Baseball Cards 2022 Topps Cosmic Chrome,Seth Beer [Orange Galactic Refractor] #13,$20.00,,,,,,,,,,,$6.60,$21.99,,,,,,1,,,,,2022-11-16
4374609,Baseball Cards 2022 Topps Cosmic Chrome,Seth Beer [Red Flare Refractor] #13,,,,,,,,,,,,,,,,,,,0,,,,,2022-11-16
4373407,Baseball Cards 2022 Topps Cosmic Chrome,Seth Beer [Refractor] #13,$3.42,,,,,,,,,,,$0.80,$3.79,,,,,,1,,,,,2022-11-16
11410821,Baseball Cards 2022 Topps Cosmic Chrome,Seth Beer [Superfractor] #13,,,,,,,,,,,,,,,,,,,0,,,,,2022-11-16
4373238,Baseball Cards 2022 Topps Cosmic Chrome,Shane Baz #43,$1.30,,,,,$15.50,$20.00,$9.00,$9.00,,,,$1.39,,,,,,6,,,,,2022-11-16
4374440,Baseball Cards 2022 Topps Cosmic Chrome,Shane Baz [Black Eclipse Refractor] #43,$13.24,,,,,,,,,,,$3.80,$14.99,,,,,,1,,,,,2022-11-16
4373839,Baseball Cards 2022 Topps Cosmic Chrome,Shane Baz [Blue Moon Refractor] #43,$10.16,,,,,$12.50,$16.00,$8.00,$8.00,,,$2.80,$10.99,,,,,,2,,,,,2022-11-16
4374039,Baseball Cards 2022 Topps Cosmic Chrome,Shane Baz [Gold Interstellar Refractor] #43,$11.51,,,$29.99,$30.00,$31.00,$40.00,$19.00,$19.00,,,$3.30,$12.99,,,,,,3,,,,,2022-11-16
4373639,Baseball Cards 2022 Topps Cosmic Chrome,Shane Baz [Nucleus Refractor] #43,$3.24,,,,,$25.80,$34.00,$15.00,$15.00,,,,$3.59,,,,,,2,,,,,2022-11-16
4374239,Baseball Cards 2022 Topps Cosmic Chrome,Shane Baz [Orange Galactic Refractor] #43,$13.24,,,,,,,,,,,$3.80,$14.99,,,,,,1,,,,,2022-11-16
4374639,Baseball Cards 2022 Topps Cosmic Chrome,Shane Baz [Red Flare Refractor] #43,,,,,,,,,,,,,,,,,,,0,,,,,2022-11-16
4373438,Baseball Cards 2022 Topps Cosmic Chrome,Shane Baz [Refractor] #43,$2.25,,,,,,,,,,,,$2.49,,,,,,3,,,,,2022-11-16
11410880,Baseball Cards 2022 Topps Cosmic Chrome,Shane Baz [Superfractor] #43,,,,,,,,,,,,,,,,,,,0,,,,,2022-11-16
4373295,Baseball Cards 2022 Topps Cosmic Chrome,Shane Bieber #100,$4.50,,,,,,,,,,,$1.00,$4.99,,,,,,1,,,,,2022-11-16
4374497,Baseball Cards 2022 Topps Cosmic Chrome,Shane Bieber [Black Eclipse Refractor] #100,,,,,,,,,,,,,,,,,,,0,,,,,2022-11-16
4373896,Baseball Cards 2022 Topps Cosmic Chrome,Shane Bieber [Blue Moon Refractor] #100,$3.99,,,,,,,,,,,$0.90,$4.39,,,,,,1,,,,,2022-11-16
4374096,Baseball Cards 2022 Topps Cosmic Chrome,Shane Bieber [Gold Interstellar Refractor] #100,$5.59,,,,,,,,,,,$1.20,$6.19,,,,,,1,,,,,2022-11-16
4373696,Baseball Cards 2022 Topps Cosmic Chrome,Shane Bieber [Nucleus Refractor] #100,$1.99,,,,,,,,,,,,$2.19,,,,,,2,,,,,2022-11-16
4374297,Baseball Cards 2022 Topps Cosmic Chrome,Shane Bieber [Orange Galactic Refractor] #100,$9.99,,,,,,,,,,,$2.80,$10.99,,,,,,1,,,,,2022-11-16
4374696,Baseball Cards 2022 Topps Cosmic Chrome,Shane Bieber [Red Flare Refractor] #100,,,,,,,,,,,,,,,,,,,0,,,,,2022-11-16
4373495,Baseball Cards 2022 Topps Cosmic Chrome,Shane Bieber [Refractor] #100,$4.49,,,,,,,,,,,$1.00,$4.89,,,,,,1,,,,,2022-11-16
11411007,Baseball Cards 2022 Topps Cosmic Chrome,Shane Bieber [Superfractor] #100,,,,,,,,,,,,,,,,,,,0,,,,,2022-11-16
4373210,Baseball Cards 2022 Topps Cosmic Chrome,Shohei Ohtani #14,$33.02,$8.99,$19.99,$30.00,$89.44,$160.80,$209.00,$53.53,$48.00,,,$14.40,$35.99,$2.00,$9.89,$6.60,$21.99,,222,,,,,2022-11-16
4374411,Baseball Cards 2022 Topps Cosmic Chrome,Shohei Ohtani [Black Eclipse Refractor] #14,$500.00,,,$285.58,$314.00,$994.31,$1293.00,$597.00,$597.00,,,$330.00,$550.00,,,,,,3,,,,,2022-11-16
4373810,Baseball Cards 2022 Topps Cosmic Chrome,Shohei Ohtani [Blue Moon Refractor] #14,$225.00,,$185.69,$204.00,$291.00,$296.54,$275.00,$178.00,$178.00,,,$124.00,$248.00,,,$102.00,$204.00,,13,,,,,2022-11-16
4374010,Baseball Cards 2022 Topps Cosmic Chrome,Shohei Ohtani [Gold Interstellar Refractor] #14,$296.48,,,,,$2000.00,$2600.00,$1200.00,$1200.00,,,$163.00,$326.00,,,,,,3,,,,,2022-11-16
4373610,Baseball Cards 2022 Topps Cosmic Chrome,Shohei Ohtani [Nucleus Refractor] #14,$124.75,,,$87.64,$96.00,$242.17,$315.00,$145.00,$145.00,,,$68.50,$137.00,,,,,,13,,,,,2022-11-16
4374211,Baseball Cards 2022 Topps Cosmic Chrome,Shohei Ohtani [Orange Galactic Refractor] #14,$192.50,,,,,$505.34,$657.00,$303.00,$303.00,,,$106.00,$212.00,,,,,,2,,,,,2022-11-16
4374610,Baseball Cards 2022 Topps Cosmic Chrome,Shohei Ohtani [Red Flare Refractor] #14,,,,$650.00,$715.00,,,,,,,,,,,,,,1,,,,,2022-11-16
4373408,Baseball Cards 2022 Topps Cosmic Chrome,Shohei Ohtani [Refractor] #14,$64.63,,$56.89,$119.50,$131.00,$200.00,$260.00,$120.00,$120.00,,,$28.40,$70.99,,,$25.20,$62.99,,14,,,,,2022-11-16
11410822,Baseball Cards 2022 Topps Cosmic Chrome,Shohei Ohtani [Superfractor] #14,,,,,,,,,,,,,,,,,,,0,,,,,2022-11-16
4373219,Baseball Cards 2022 Topps Cosmic Chrome,Spencer Torkelson #23,$2.23,,$6.79,$8.50,$9.00,$18.50,$24.00,$11.00,$20.00,,,,$2.49,,,$1.50,$7.49,,37,,,,,2022-11-16
4374420,Baseball Cards 2022 Topps Cosmic Chrome,Spencer Torkelson [Black Eclipse Refractor] #23,$286.10,,,,,$171.00,$222.00,$103.00,$103.00,,,$157.50,$315.00,,,,,,2,,,,,2022-11-16
4373819,Baseball Cards 2022 Topps Cosmic Chrome,Spencer Torkelson [Blue Moon Refractor] #23,$38.21,,$35.71,$39.00,$45.00,$45.50,$59.00,$27.00,$13.50,,,$16.80,$41.99,,,$15.60,$38.99,,9,,,,,2022-11-16
4374019,Baseball Cards 2022 Topps Cosmic Chrome,Spencer Torkelson [Gold Interstellar Refractor] #23,$54.81,,,,,$71.22,$93.00,$43.00,$43.00,,,$24.00,$59.99,,,,,,4,,,,,2022-11-16
4373619,Baseball Cards 2022 Topps Cosmic Chrome,Spencer Torkelson [Nucleus Refractor] #23,$10.75,,,$31.26,$34.00,$36.00,$47.00,$22.00,$22.00,,,$3.00,$11.99,,,,,,6,,,,,2022-11-16
4374220,Baseball Cards 2022 Topps Cosmic Chrome,Spencer Torkelson [Orange Galactic Refractor] #23,$49.50,,,,,$219.00,$285.00,$131.00,$131.00,,,$21.60,$53.99,,,,,,2,,,,,2022-11-16
4374619,Baseball Cards 2022 Topps Cosmic Chrome,Spencer Torkelson [Red Flare Refractor] #23,,,,,,$120.00,$156.00,$72.00,$72.00,,,,,,,,,,1,,,,,2022-11-16
4373418,Baseball Cards 2022 Topps Cosmic Chrome,Spencer Torkelson [Refractor] #23,$16.20,,,$10.06,$11.00,$27.82,$36.00,$17.00,$17.00,,,$4.50,$17.99,,,,,,4,,,,,2022-11-16
11410834,Baseball Cards 2022 Topps Cosmic Chrome,Spencer Torkelson [Superfractor] #23,,,,,,,,,,,,,,,,,,,0,,,,,2022-11-16
4373291,Baseball Cards 2022 Topps Cosmic Chrome,Starling Marte #96,$1.30,,,,,,,,,,,,$1.39,,,,,,1,,,,,2022-11-16
4374493,Baseball Cards 2022 Topps Cosmic Chrome,Starling Marte [Black Eclipse Refractor] #96,,,,,,,,,,,,,,,,,,,0,,,,,2022-11-16
4373892,Baseball Cards 2022 Topps Cosmic Chrome,Starling Marte [Blue Moon Refractor] #96,$4.73,,,,,,,,,,,$1.00,$5.19,,,,,,3,,,,,2022-11-16
4374092,Baseball Cards 2022 Topps Cosmic Chrome,Starling Marte [Gold Interstellar Refractor] #96,$4.99,,,,,$39.99,$52.00,$24.00,$24.00,,,$1.10,$5.49,,,,,,2,,,,,2022-11-16
4373692,Baseball Cards 2022 Topps Cosmic Chrome,Starling Marte [Nucleus Refractor] #96,$2.12,,,,,$27.20,$35.00,$16.00,$16.00,,,,$2.29,,,,,,2,,,,,2022-11-16
4374293,Baseball Cards 2022 Topps Cosmic Chrome,Starling Marte [Orange Galactic Refractor] #96,$12.99,,,,,,,,,,,$3.50,$13.99,,,,,,1,,,,,2022-11-16
4374692,Baseball Cards 2022 Topps Cosmic Chrome,Starling Marte [Red Flare Refractor] #96,$41.00,,,,,,,,,,,$18.00,$44.99,,,,,,1,,,,,2022-11-16
4373491,Baseball Cards 2022 Topps Cosmic Chrome,Starling Marte [Refractor] #96,$3.28,,,,,$8.50,$11.00,$5.00,$5.00,,,,$3.59,,,,,,2,,,,,2022-11-16
11411003,Baseball Cards 2022 Topps Cosmic Chrome,Starling Marte [Superfractor] #96,$81.01,,,,,,,,,,,$35.60,$88.99,,,,,,1,,,,,2022-11-16
4373271,Baseball Cards 2022 Topps Cosmic Chrome,Stephen Strasburg #76,$1.69,,,,,,,,,,,,$1.89,,,,,,3,,,,,2022-11-16
4374473,Baseball Cards 2022 Topps Cosmic Chrome,Stephen Strasburg [Black Eclipse Refractor] #76,$27.74,,,,,$51.00,$66.00,$31.00,$31.00,,,$9.30,$30.99,,,,,,2,,,,,2022-11-16
4373872,Baseball Cards 2022 Topps Cosmic Chrome,Stephen Strasburg [Blue Moon Refractor] #76,$11.62,,,,,,,,,,,$3.30,$12.99,,,,,,2,,,,,2022-11-16
4374072,Baseball Cards 2022 Topps Cosmic Chrome,Stephen Strasburg [Gold Interstellar Refractor] #76,$6.99,,,$12.25,$13.00,,,,$3.01,,,$1.50,$7.69,,,,,,2,,,,,2022-11-16
4373672,Baseball Cards 2022 Topps Cosmic Chrome,Stephen Strasburg [Nucleus Refractor] #76,$3.00,,,,,$22.50,$29.00,$14.00,$14.00,,,,$3.29,,,,,,2,,,,,2022-11-16
4374272,Baseball Cards 2022 Topps Cosmic Chrome,Stephen Strasburg [Orange Galactic Refractor] #76,$1.49,,,,,,,,,,,,$1.59,,,,,,1,,,,,2022-11-16
4374672,Baseball Cards 2022 Topps Cosmic Chrome,Stephen Strasburg [Red Flare Refractor] #76,$74.99,,,,,,,,,,,$32.80,$81.99,,,,,,1,,,,,2022-11-16
4373471,Baseball Cards 2022 Topps Cosmic Chrome,Stephen Strasburg [Refractor] #76,$2.99,,,,,,,,,,,,$3.29,,,,,,1,,,,,2022-11-16
11410935,Baseball Cards 2022 Topps Cosmic Chrome,Stephen Strasburg [Superfractor] #76,,,,,,,,,,,,,,,,,,,0,,,,,2022-11-16
4373342,Baseball Cards 2022 Topps Cosmic Chrome,Steven Kwan #147,$2.07,,$6.91,$20.36,$25.00,$34.37,$45.00,$21.00,$21.00,,,,$2.29,,,$1.50,$7.59,,27,,,,,2022-11-16
4374544,Baseball Cards 2022 Topps Cosmic Chrome,Steven Kwan [Black Eclipse Refractor] #147,,,,,,$225.00,$293.00,$135.00,$135.00,,,,,,,,,,1,,,,,2022-11-16
4373943,Baseball Cards 2022 Topps Cosmic Chrome,Steven Kwan [Blue Moon Refractor] #147,$17.38,,$17.78,$39.04,$44.00,$45.00,$59.00,$27.00,$27.00,,,$4.80,$18.99,,,$5.00,$19.99,,8,,,,,2022-11-16
4374143,Baseball Cards 2022 Topps Cosmic Chrome,Steven Kwan [Gold Interstellar Refractor] #147,$40.49,,,$42.00,$46.00,$53.00,$69.00,$32.00,$32.00,,,$18.00,$44.99,,,,,,3,,,,,2022-11-16
4373743,Baseball Cards 2022 Topps Cosmic Chrome,Steven Kwan [Nucleus Refractor] #147,$20.00,,,$60.00,$66.00,$72.00,$94.00,$43.00,$43.00,,,$6.60,$21.99,,,,,,4,,,,,2022-11-16
4374344,Baseball Cards 2022 Topps Cosmic Chrome,Steven Kwan [Orange Galactic Refractor] #147,$60.00,,,$42.85,$47.00,$151.55,$197.00,$91.00,$91.00,,,$26.40,$65.99,,,,,,4,,,,,2022-11-16
4374743,Baseball Cards 2022 Topps Cosmic Chrome,Steven Kwan [Red Flare Refractor] #147,$250.00,,,,,,,,,,,$137.50,$275.00,,,,,,1,,,,,2022-11-16
4373542,Baseball Cards 2022 Topps Cosmic Chrome,Steven Kwan [Refractor] #147,$5.88,,$9.68,$15.75,$31.81,$47.50,$62.00,$29.00,$29.00,,,$1.30,$6.49,,,$2.80,$10.99,,10,,,,,2022-06-01
11410913,Baseball Cards 2022 Topps Cosmic Chrome,Steven Kwan [Superfractor] #147,,,,,,,,,,,,,,,,,,,0,,,,,2022-11-16
4373312,Baseball Cards 2022 Topps Cosmic Chrome,TJ Friedl #117,$1.70,,$6.36,$12.04,$23.55,$35.00,$46.00,$21.00,$21.00,,,,$1.89,,,$1.40,$6.99,,11,,,,,2022-11-16
4374514,Baseball Cards 2022 Topps Cosmic Chrome,TJ Friedl [Black Eclipse Refractor] #117,$35.00,,,,,$149.99,$195.00,$90.00,$90.00,,,$15.60,$38.99,,,,,,2,,,,,2022-11-16
4373913,Baseball Cards 2022 Topps Cosmic Chrome,TJ Friedl [Blue Moon Refractor] #117,$3.25,,,,,,,,,,,,$3.59,,,,,,4,,,,,2022-11-16
4374113,Baseball Cards 2022 Topps Cosmic Chrome,TJ Friedl [Gold Interstellar Refractor] #117,$2.63,,,,$40.00,,,,,,,,$2.89,,,,,,2,,,,,2022-11-16
4373713,Baseball Cards 2022 Topps Cosmic Chrome,TJ Friedl [Nucleus Refractor] #117,$10.25,,,,,$50.00,$65.00,$30.00,$30.00,,,$2.80,$10.99,,,,,,2,,,,,2022-11-16
4374314,Baseball Cards 2022 Topps Cosmic Chrome,TJ Friedl [Orange Galactic Refractor] #117,$9.75,,,,,$40.15,$52.00,$24.00,$24.00,,,$2.80,$10.99,,,,,,2,,,,,2022-11-16
4374712,Baseball Cards 2022 Topps Cosmic Chrome,TJ Friedl [Red Flare Refractor] #117,$79.99,,,,,,,,,,,$35.20,$87.99,,,,,,0,,,,,2022-11-16
4373512,Baseball Cards 2022 Topps Cosmic Chrome,TJ Friedl [Refractor] #117,$2.12,,,$15.50,$17.00,,,,,,,,$2.29,,,,,,2,,,,,2022-11-16
11410858,Baseball Cards 2022 Topps Cosmic Chrome,TJ Friedl [Superfractor] #117,,,,,,,,,,,,,,,,,,,0,,,,,2022-11-16
4373367,Baseball Cards 2022 Topps Cosmic Chrome,Teoscar Hernandez #172,$0.99,,,,,,,,,,,,$1.09,,,,,,2,,,,,2022-11-16
4374569,Baseball Cards 2022 Topps Cosmic Chrome,Teoscar Hernandez [Black Eclipse Refractor] #172,$22.33,,,$23.22,$23.25,,,,,,,$7.50,$24.99,,,,,,3,,,,,2022-11-16
4373968,Baseball Cards 2022 Topps Cosmic Chrome,Teoscar Hernandez [Blue Moon Refractor] #172,$2.75,,,,,,,,,,,,$2.99,,,,,,1,,,,,2022-11-16
4374168,Baseball Cards 2022 Topps Cosmic Chrome,Teoscar Hernandez [Gold Interstellar Refractor] #172,$9.18,,,,,,,,,,,$2.00,$9.99,,,,,,2,,,,,2022-11-16
4373768,Baseball Cards 2022 Topps Cosmic Chrome,Teoscar Hernandez [Nucleus Refractor] #172,$1.46,,,,,,,,,,,,$1.59,,,,,,1,,,,,2022-11-16
4374369,Baseball Cards 2022 Topps Cosmic Chrome,Teoscar Hernandez [Orange Galactic Refractor] #172,$13.26,,,,,,,,,,,$3.80,$14.99,,,,,,1,,,,,2022-11-16
4374768,Baseball Cards 2022 Topps Cosmic Chrome,Teoscar Hernandez [Red Flare Refractor] #172,$8.50,,,,,,,,,,,$1.90,$9.39,,,,,,1,,,,,2022-11-16
4373567,Baseball Cards 2022 Topps Cosmic Chrome,Teoscar Hernandez [Refractor] #172,$2.25,,,,,,,,,,,,$2.49,,,,,,1,,,,,2022-11-16
11410969,Baseball Cards 2022 Topps Cosmic Chrome,Teoscar Hernandez [Superfractor] #172,,,,,,,,,,,,,,,,,,,0,,,,,2022-11-16
4373375,Baseball Cards 2022 Topps Cosmic Chrome,Tim Anderson #180,$1.44,,,,,,,,,,,,$1.59,,,,,,2,,,,,2022-11-16
4375335,Baseball Cards 2022 Topps Cosmic Chrome,Tim Anderson [Black Eclipse Refractor] #180,$29.99,,,$14.39,$16.00,,,,,,,$9.90,$32.99,,,,,,2,,,,,2022-11-16
4373976,Baseball Cards 2022 Topps Cosmic Chrome,Tim Anderson [Blue Moon Refractor] #180,$3.55,,,,,$23.00,$30.00,$14.00,$14.00,,,$0.80,$3.89,,,,,,3,,,,,2022-11-16
4374176,Baseball Cards 2022 Topps Cosmic Chrome,Tim Anderson [Gold Interstellar Refractor] #180,$1.51,,,$19.00,$21.00,$55.00,$72.00,$33.00,$33.00,,,,$1.69,,,,,,4,,,,,2022-11-16
4373776,Baseball Cards 2022 Topps Cosmic Chrome,Tim Anderson [Nucleus Refractor] #180,$3.84,,,,,,,,,,,$0.80,$4.19,,,,,,1,,,,,2022-11-16
4374377,Baseball Cards 2022 Topps Cosmic Chrome,Tim Anderson [Orange Galactic Refractor] #180,$13.00,,,,,,,,,,,$3.50,$13.99,,,,,,1,,,,,2022-11-16
4374776,Baseball Cards 2022 Topps Cosmic Chrome,Tim Anderson [Red Flare Refractor] #180,$34.00,,,,,,,,,,,$14.80,$36.99,,,,,,1,,,,,2022-11-16
4373575,Baseball Cards 2022 Topps Cosmic Chrome,Tim Anderson [Refractor] #180,$1.25,,,,,,,,,,,,$1.39,,,,,,1,,,,,2022-11-16
11410978,Baseball Cards 2022 Topps Cosmic Chrome,Tim Anderson [Superfractor] #180,,,,,,,,,,,,,,,,,,,0,,,,,2022-11-16
4373358,Baseball Cards 2022 Topps Cosmic Chrome,Tony Santillan #163,$1.77,,,,,,,,,,,,$1.99,,,,,,3,,,,,2022-11-16
4374560,Baseball Cards 2022 Topps Cosmic Chrome,Tony Santillan [Black Eclipse Refractor] #163,$19.99,,,,,,,,,,,$6.60,$21.99,,,,,,1,,,,,2022-11-16
4373959,Baseball Cards 2022 Topps Cosmic Chrome,Tony Santillan [Blue Moon Refractor] #163,$2.20,,,,,$4.25,$6.00,$3.00,$3.00,,,,$2.39,,,,,,2,,,,,2022-11-16
4374159,Baseball Cards 2022 Topps Cosmic Chrome,Tony Santillan [Gold Interstellar Refractor] #163,$7.16,,,,,,,,,,,$1.60,$7.89,,,,,,1,,,,,2022-11-16
4373759,Baseball Cards 2022 Topps Cosmic Chrome,Tony Santillan [Nucleus Refractor] #163,$2.03,,,,,$16.50,$21.00,$10.00,$10.00,,,,$2.19,,,,,,2,,,,,2022-11-16
4374360,Baseball Cards 2022 Topps Cosmic Chrome,Tony Santillan [Orange Galactic Refractor] #163,$6.08,,,,,,,,,,,$1.30,$6.69,,,,,,1,,,,,2022-11-16
4374759,Baseball Cards 2022 Topps Cosmic Chrome,Tony Santillan [Red Flare Refractor] #163,$16.79,,,,,,,,,,,$4.50,$17.99,,,,,,3,,,,,2022-11-16
4373558,Baseball Cards 2022 Topps Cosmic Chrome,Tony Santillan [Refractor] #163,$2.00,,,,,,,,,,,,$2.19,,,,,,1,,,,,2022-11-16
11410958,Baseball Cards 2022 Topps Cosmic Chrome,Tony Santillan [Superfractor] #163,,,,,,,,,,,,,,,,,,,0,,,,,2022-11-16
4373385,Baseball Cards 2022 Topps Cosmic Chrome,Trea Turner #191,$0.99,,,,,,,,,,,,$1.09,,,,,,5,,,,,2022-11-16
4374587,Baseball Cards 2022 Topps Cosmic Chrome,Trea Turner [Black Eclipse Refractor] #191,,,,,,$49.77,$65.00,$30.00,$30.00,,,,,,,,,,1,,,,,2022-11-16
4373987,Baseball Cards 2022 Topps Cosmic Chrome,Trea Turner [Blue Moon Refractor] #191,$5.12,,,,,$17.50,$23.00,$11.00,$11.00,,,$1.10,$5.59,,,,,,3,,,,,2022-11-16
4374187,Baseball Cards 2022 Topps Cosmic Chrome,Trea Turner [Gold Interstellar Refractor] #191,$22.52,,,,,$48.40,$63.00,$29.00,$29.00,,,$7.50,$24.99,,,,,,2,,,,,2022-11-16
4373787,Baseball Cards 2022 Topps Cosmic Chrome,Trea Turner [Nucleus Refractor] #191,$2.30,,,,,,,,,,,,$2.49,,,,,,2,,,,,2022-11-16
4374388,Baseball Cards 2022 Topps Cosmic Chrome,Trea Turner [Orange Galactic Refractor] #191,$45.00,,,,,,,,,,,$20.00,$49.99,,,,,,1,,,,,2022-11-16
4374787,Baseball Cards 2022 Topps Cosmic Chrome,Trea Turner [Red Flare Refractor] #191,,,,,,$88.00,$114.00,$53.00,$53.00,,,,,,,,,,1,,,,,2022-11-16
4373586,Baseball Cards 2022 Topps Cosmic Chrome,Trea Turner [Refractor] #191,$2.45,,,,,,,,,,,,$2.69,,,,,,1,,,,,2022-11-16
11410990,Baseball Cards 2022 Topps Cosmic Chrome,Trea Turner [Superfractor] #191,$365.00,,,,,,,,,,,$201.00,$402.00,,,,,,1,,,,,2022-11-16
4373336,Baseball Cards 2022 Topps Cosmic Chrome,Trevor Story #141,$1.39,,,,,,,,,,,,$1.49,,,,,,2,,,,,2022-11-16
4374538,Baseball Cards 2022 Topps Cosmic Chrome,Trevor Story [Black Eclipse Refractor] #141,$6.50,,,,,,,,,,,$1.40,$7.19,,,,,,1,,,,,2022-11-16
4373937,Baseball Cards 2022 Topps Cosmic Chrome,Trevor Story [Blue Moon Refractor] #141,$1.93,,,,,,,,,,,,$2.09,,,,,,3,,,,,2022-11-16
4374137,Baseball Cards 2022 Topps Cosmic Chrome,Trevor Story [Gold Interstellar Refractor] #141,$9.99,,,$29.99,$33.00,,,,,,,$2.80,$10.99,,,,,,4,,,,,2022-11-16
4373737,Baseball Cards 2022 Topps Cosmic Chrome,Trevor Story [Nucleus Refractor] #141,$3.24,,,,,,,,,,,,$3.59,,,,,,2,,,,,2022-11-16
4374338,Baseball Cards 2022 Topps Cosmic Chrome,Trevor Story [Orange Galactic Refractor] #141,$16.50,,,,,,,,,,,$4.50,$17.99,,,,,,2,,,,,2022-11-16
4374737,Baseball Cards 2022 Topps Cosmic Chrome,Trevor Story [Red Flare Refractor] #141,$26.00,,,,,,,,,,,$8.70,$28.99,,,,,,1,,,,,2022-11-16
4373536,Baseball Cards 2022 Topps Cosmic Chrome,Trevor Story [Refractor] #141,$1.99,,,,,,,,,,,,$2.19,,,,,,1,,,,,2022-11-16
11410901,Baseball Cards 2022 Topps Cosmic Chrome,Trevor Story [Superfractor] #141,,,,,,$425.00,$553.00,$255.00,$255.00,,,,,,,,,,1,,,,,2022-11-16
4373280,Baseball Cards 2022 Topps Cosmic Chrome,Tyler Gilbert #85,$1.39,,,,,,,,,,,,$1.49,,,,,,3,,,,,2022-11-16
4374482,Baseball Cards 2022 Topps Cosmic Chrome,Tyler Gilbert [Black Eclipse Refractor] #85,,,,,,,,,,,,,,,,,,,0,,,,,2022-11-16
4373881,Baseball Cards 2022 Topps Cosmic Chrome,Tyler Gilbert [Blue Moon Refractor] #85,$2.84,,,,,,,,,,,,$3.09,,,,,,1,,,,,2022-11-16
4374081,Baseball Cards 2022 Topps Cosmic Chrome,Tyler Gilbert [Gold Interstellar Refractor] #85,$3.37,,,,,,,,,,,,$3.69,,,,,,2,,,,,2022-11-16
4373681,Baseball Cards 2022 Topps Cosmic Chrome,Tyler Gilbert [Nucleus Refractor] #85,$2.46,,,,,,,,,,,,$2.69,,,,,,1,,,,,2022-11-16
4374281,Baseball Cards 2022 Topps Cosmic Chrome,Tyler Gilbert [Orange Galactic Refractor] #85,$3.99,,,,,,,,,,,$0.90,$4.39,,,,,,1,,,,,2022-11-16
4374681,Baseball Cards 2022 Topps Cosmic Chrome,Tyler Gilbert [Red Flare Refractor] #85,$39.99,,,,,,,,,,,$17.60,$43.99,,,,,,1,,,,,2022-11-16
4373480,Baseball Cards 2022 Topps Cosmic Chrome,Tyler Gilbert [Refractor] #85,$1.77,,,,,,,,,,,,$1.99,,,,,,1,,,,,2022-11-16
11410953,Baseball Cards 2022 Topps Cosmic Chrome,Tyler Gilbert [Superfractor] #85,,,,,,,,,,,,,,,,,,,0,,,,,2022-11-16
4373211,Baseball Cards 2022 Topps Cosmic Chrome,Tyler O'Neill #15,$1.23,,,,,,,,,,,,$1.39,,,,,,3,,,,,2022-11-16
4374412,Baseball Cards 2022 Topps Cosmic Chrome,Tyler O'Neill [Black Eclipse Refractor] #15,$11.75,,,,,$4.99,$6.00,$3.00,$3.00,,,$3.30,$12.99,,,,,,2,,,,,2022-11-16
4373811,Baseball Cards 2022 Topps Cosmic Chrome,Tyler O'Neill [Blue Moon Refractor] #15,$6.47,,,,,$30.89,$40.00,$19.00,$19.00,,,$1.40,$7.09,,,,,,3,,,,,2022-11-16
4374011,Baseball Cards 2022 Topps Cosmic Chrome,Tyler O'Neill [Gold Interstellar Refractor] #15,$11.02,,,,,,,,,,,$3.00,$11.99,,,,,,1,,,,,2022-11-16
4373611,Baseball Cards 2022 Topps Cosmic Chrome,Tyler O'Neill [Nucleus Refractor] #15,$3.10,,,,,$36.00,$47.00,$22.00,$22.00,,,,$3.39,,,,,,4,,,,,2022-11-16
4374212,Baseball Cards 2022 Topps Cosmic Chrome,Tyler O'Neill [Orange Galactic Refractor] #15,$7.35,,,,,$32.20,$42.00,$19.00,$19.00,,,$1.60,$8.09,,,,,,2,,,,,2022-11-16
4374611,Baseball Cards 2022 Topps Cosmic Chrome,Tyler O'Neill [Red Flare Refractor] #15,,,,,,,,,,,,,,,,,,,0,,,,,2022-11-16
4373410,Baseball Cards 2022 Topps Cosmic Chrome,Tyler O'Neill [Refractor] #15,$3.99,,,,,,,,,,,$0.90,$4.39,,,,,,0,,,,,2022-11-16
11410823,Baseball Cards 2022 Topps Cosmic Chrome,Tyler O'Neill [Superfractor] #15,,,,,,,,,,,,,,,,,,,0,,,,,2022-11-16
4373284,Baseball Cards 2022 Topps Cosmic Chrome,Tylor Megill #89,$1.79,,,,,,,,,,,,$1.99,,,,,,3,,,,,2022-11-16
4374486,Baseball Cards 2022 Topps Cosmic Chrome,Tylor Megill [Black Eclipse Refractor] #89,$29.95,,,,,,,,,,,$9.90,$32.99,,,,,,1,,,,,2022-11-16
4373885,Baseball Cards 2022 Topps Cosmic Chrome,Tylor Megill [Blue Moon Refractor] #89,$2.25,,,,,,,,,,,,$2.49,,,,,,2,,,,,2022-11-16
4374085,Baseball Cards 2022 Topps Cosmic Chrome,Tylor Megill [Gold Interstellar Refractor] #89,$7.50,,,,,,,,,,,$1.70,$8.29,,,,,,1,,,,,2022-11-16
4373685,Baseball Cards 2022 Topps Cosmic Chrome,Tylor Megill [Nucleus Refractor] #89,$3.87,,,,,$31.87,$41.00,$19.00,$19.00,,,$0.90,$4.29,,,,,,3,,,,,2022-11-16
4374286,Baseball Cards 2022 Topps Cosmic Chrome,Tylor Megill [Orange Galactic Refractor] #89,$3.58,,,,,$28.14,$37.00,$17.00,$17.00,,,$0.80,$3.89,,,,,,2,,,,,2022-11-16
4374685,Baseball Cards 2022 Topps Cosmic Chrome,Tylor Megill [Red Flare Refractor] #89,$9.99,,,,,,,,,,,$2.80,$10.99,,,,,,1,,,,,2022-11-16
4373484,Baseball Cards 2022 Topps Cosmic Chrome,Tylor Megill [Refractor] #89,$0.99,,,,,,,,,,,,$1.09,,,,,,1,,,,,2022-11-16
11410962,Baseball Cards 2022 Topps Cosmic Chrome,Tylor Megill [Superfractor] #89,,,,$200.00,$220.00,,,,,,,,,,,,,,1,,,,,2022-11-16
4373237,Baseball Cards 2022 Topps Cosmic Chrome,Vidal Brujan #42,$0.87,,,,,,,,,,,,$0.99,,,,,,3,,,,,2022-11-16
4374439,Baseball Cards 2022 Topps Cosmic Chrome,Vidal Brujan [Black Eclipse Refractor] #42,,,,,,,,,,,,,,,,,,,0,,,,,2022-11-16
4373838,Baseball Cards 2022 Topps Cosmic Chrome,Vidal Brujan [Blue Moon Refractor] #42,$2.90,,,,,$15.50,$20.00,$9.00,$9.00,,,,$3.19,,,,,,2,,,,,2022-11-16
4374038,Baseball Cards 2022 Topps Cosmic Chrome,Vidal Brujan [Gold Interstellar Refractor] #42,$0.99,,,,,,,,,,,,$1.09,,,,,,1,,,,,2022-11-16
4373638,Baseball Cards 2022 Topps Cosmic Chrome,Vidal Brujan [Nucleus Refractor] #42,$5.49,,,$5.50,$6.00,,,,,,,$1.20,$5.99,,,,,,3,,,,,2022-11-16
4374238,Baseball Cards 2022 Topps Cosmic Chrome,Vidal Brujan [Orange Galactic Refractor] #42,$12.00,,,,,,,,,,,$3.30,$12.99,,,,,,0,,,,,2022-11-16
4374638,Baseball Cards 2022 Topps Cosmic Chrome,Vidal Brujan [Red Flare Refractor] #42,,,,,,,,,,,,,,,,,,,0,,,,,2022-11-16
4373437,Baseball Cards 2022 Topps Cosmic Chrome,Vidal Brujan [Refractor] #42,$2.25,,,,,,,,,,,,$2.49,,,,,,1,,,,,2022-11-16
11410877,Baseball Cards 2022 Topps Cosmic Chrome,Vidal Brujan [Superfractor] #42,,,,,,,,,,,,,,,,,,,0,,,,,2022-11-16
4373335,Baseball Cards 2022 Topps Cosmic Chrome,Vladimir Guerrero Jr. #140,$1.29,,$5.88,$11.33,$13.50,$15.00,$20.00,$9.00,$9.00,,,,$1.39,,,$1.30,$6.49,,11,,,,,2022-11-16
4374537,Baseball Cards 2022 Topps Cosmic Chrome,Vladimir Guerrero Jr. [Black Eclipse Refractor] #140,$214.53,,,,,,,,,,,$118.00,$236.00,,,,,,1,,,,,2022-11-16
4373936,Baseball Cards 2022 Topps Cosmic Chrome,Vladimir Guerrero Jr. [Blue Moon Refractor] #140,$29.81,,,$16.01,$49.99,$62.50,$81.00,$38.00,$38.00,,,$9.90,$32.99,,,,,,5,,,,,2022-11-16
4374136,Baseball Cards 2022 Topps Cosmic Chrome,Vladimir Guerrero Jr. [Gold Interstellar Refractor] #140,$25.14,,,,,$124.92,$162.00,$75.00,$75.00,,,$8.40,$27.99,,,,,,3,,,,,2022-11-16
4373736,Baseball Cards 2022 Topps Cosmic Chrome,Vladimir Guerrero Jr. [Nucleus] #140,$7.12,,,$24.11,$27.00,$99.00,$129.00,$59.00,$59.00,,,$1.60,$7.79,,,,,,3,,,,,2022-06-01
4374337,Baseball Cards 2022 Topps Cosmic Chrome,Vladimir Guerrero Jr. [Orange Galactic Refractor] #140,$43.00,,,,,$59.54,$77.00,$36.00,$36.00,,,$18.80,$46.99,,,,,,2,,,,,2022-11-16
4374736,Baseball Cards 2022 Topps Cosmic Chrome,Vladimir Guerrero Jr. [Red Flare Refractor] #140,,,,,,$113.50,$148.00,$68.00,$68.00,,,,,,,,,,1,,,,,2022-11-16
4373535,Baseball Cards 2022 Topps Cosmic Chrome,Vladimir Guerrero Jr. [Refractor] #140,$2.63,,,$10.29,$11.00,,,,,,,,$2.89,,,,,,3,,,,,2022-11-16
11410902,Baseball Cards 2022 Topps Cosmic Chrome,Vladimir Guerrero Jr. [Superfractor] #140,,,,,,,,,,,,,,,,,,,0,,,,,2022-11-16
4373266,Baseball Cards 2022 Topps Cosmic Chrome,Walker Buehler #71,$1.49,,,,,,,,,,,,$1.59,,,,,,4,,,,,2022-11-16
4374468,Baseball Cards 2022 Topps Cosmic Chrome,Walker Buehler [Black Eclipse Refractor] #71,,,,,,$58.00,$75.00,$35.00,$35.00,,,,,,,,,,1,,,,,2022-11-16
4373867,Baseball Cards 2022 Topps Cosmic Chrome,Walker Buehler [Blue Moon Refractor] #71,$4.37,,,,,,,,,,,$1.00,$4.79,,,,,,2,,,,,2022-11-16
4374067,Baseball Cards 2022 Topps Cosmic Chrome,Walker Buehler [Gold Interstellar Refractor] #71,$6.00,,,,,$69.99,$91.00,$42.00,$42.00,,,$1.30,$6.59,,,,,,2,,,,,2022-11-16
4373666,Baseball Cards 2022 Topps Cosmic Chrome,Walker Buehler [Nucleus Refractor] #71,$1.39,,,,,,,,,,,,$1.49,,,,,,1,,,,,2022-11-16
4374267,Baseball Cards 2022 Topps Cosmic Chrome,Walker Buehler [Orange Galactic Refractor] #71,$8.37,,,,,,,,,,,$1.80,$9.19,,,,,,1,,,,,2022-11-16
4374667,Baseball Cards 2022 Topps Cosmic Chrome,Walker Buehler [Red Flare Refractor] #71,$22.50,,,,,$153.50,$200.00,$92.00,$92.00,,,$7.50,$24.99,,,,,,2,,,,,2022-11-16
4373466,Baseball Cards 2022 Topps Cosmic Chrome,Walker Buehler [Refractor] #71,$1.89,,,,,,,,,,,,$2.09,,,,,,1,,,,,2022-11-16
11410930,Baseball Cards 2022 Topps Cosmic Chrome,Walker Buehler [Superfractor] #71,,,,,,,,,,,,,,,,,,,0,,,,,2022-11-16
4373197,Baseball Cards 2022 Topps Cosmic Chrome,Wander Franco #1,$1.52,$6.00,$7.30,$8.00,$10.00,$10.00,$13.00,$6.00,$7.00,,,,$1.69,$1.30,$6.59,$1.60,$7.99,,33,,,,,2022-11-16
4374398,Baseball Cards 2022 Topps Cosmic Chrome,Wander Franco [Black Eclipse Refractor] #1,$580.00,,,,$307.00,$899.99,$1275.00,$540.00,$540.00,,,$382.80,$638.00,,,,,,3,,,,,2022-11-16
4373797,Baseball Cards 2022 Topps Cosmic Chrome,Wander Franco [Blue Moon Refractor] #1,$94.18,,,$127.50,$151.75,$153.00,$199.00,$92.00,$92.00,,,$52.00,$104.00,,,,,,6,,,,,2022-11-16
4373997,Baseball Cards 2022 Topps Cosmic Chrome,Wander Franco [Gold Interstellar Refractor] #1,$325.00,,,$89.13,$257.52,$400.00,$520.00,$240.00,$240.00,,,$179.00,$358.00,,,,,,5,,,,,2022-11-16
4373597,Baseball Cards 2022 Topps Cosmic Chrome,Wander Franco [Nucleus Refractor] #1,$55.05,,$6.05,$75.00,$83.00,$130.48,$170.00,$78.00,$78.00,,,$24.40,$60.99,,,$1.30,$6.69,,8,,,,,2022-11-16
4374197,Baseball Cards 2022 Topps Cosmic Chrome,Wander Franco [Orange Galactic Refractor] #1,$74.00,,,$51.25,$56.00,$400.00,$520.00,$240.00,$240.00,,,$32.40,$80.99,,,,,,5,,,,,2022-11-16
4374597,Baseball Cards 2022 Topps Cosmic Chrome,Wander Franco [Red Flare Refractor] #1,$367.50,,,,,$108.50,$141.00,$65.00,$65.00,,,$202.00,$404.00,,,,,,2,,,,,2022-11-16
4373395,Baseball Cards 2022 Topps Cosmic Chrome,Wander Franco [Refractor] #1,$16.94,,,$9.06,$10.00,$61.00,$150.00,$37.00,$37.00,,,$4.80,$18.99,,,,,,8,,,,,2022-11-16
11410809,Baseball Cards 2022 Topps Cosmic Chrome,Wander Franco [Superfractor] #1,,,,,,,,,,,,,,,,,,,0,,,,,2022-11-16
4373248,Baseball Cards 2022 Topps Cosmic Chrome,Whit Merrifield #53,$2.63,,,,,,,,,,,,$2.89,,,,,,1,,,,,2022-11-16
4374450,Baseball Cards 2022 Topps Cosmic Chrome,Whit Merrifield [Black Eclipse Refractor] #53,$10.50,,,,,,,,,,,$3.00,$11.99,,,,,,1,,,,,2022-11-16
4373849,Baseball Cards 2022 Topps Cosmic Chrome,Whit Merrifield [Blue Moon Refractor] #53,$2.75,,,,,,,,,,,,$2.99,,,,,,1,,,,,2022-11-16
4374049,Baseball Cards 2022 Topps Cosmic Chrome,Whit Merrifield [Gold Interstellar Refractor] #53,$5.95,,,,,$32.48,$42.00,$19.00,$19.00,,,$1.30,$6.59,,,,,,4,,,,,2022-11-16
4373649,Baseball Cards 2022 Topps Cosmic Chrome,Whit Merrifield [Nucleus Refractor] #53,$1.80,,,,,$24.95,$32.00,$15.00,$15.00,,,,$1.99,,,,,,3,,,,,2022-11-16
4374249,Baseball Cards 2022 Topps Cosmic Chrome,Whit Merrifield [Orange Galactic Refractor] #53,$14.33,,,,,$33.94,$44.00,$20.00,$20.00,,,$4.00,$15.99,,,,,,2,,,,,2022-11-16
4374649,Baseball Cards 2022 Topps Cosmic Chrome,Whit Merrifield [Red Flare Refractor] #53,$14.00,,,,,$27.00,$35.00,$16.00,$16.00,,,$3.80,$14.99,,,,,,2,,,,,2022-11-16
4373448,Baseball Cards 2022 Topps Cosmic Chrome,Whit Merrifield [Refractor] #53,$11.66,,,,,,,,,,,$3.30,$12.99,,,,,,1,,,,,2022-11-16
11410900,Baseball Cards 2022 Topps Cosmic Chrome,Whit Merrifield [Superfractor] #53,,,,,,,,,,,,,,,,,,,0,,,,,2022-11-16
4373390,Baseball Cards 2022 Topps Cosmic Chrome,Will Smith #196,$1.71,,$6.20,$11.81,$23.15,$33.44,$43.00,$20.00,$20.00,,,,$1.89,,,$1.40,$6.79,,9,,,,,2022-11-16
4374592,Baseball Cards 2022 Topps Cosmic Chrome,Will Smith [Black Eclipse Refractor] #196,$50.86,,,$25.00,$28.00,,,,,,,$22.40,$55.99,,,,,,2,,,,,2022-11-16
4373992,Baseball Cards 2022 Topps Cosmic Chrome,Will Smith [Blue Moon Refractor] #196,$5.88,,,,,$19.50,$25.00,$12.00,$12.00,,,$1.30,$6.49,,,,,,2,,,,,2022-11-16
4374192,Baseball Cards 2022 Topps Cosmic Chrome,Will Smith [Gold Interstellar Refractor] #196,$14.11,,,,,,,,,,,$4.00,$15.99,,,,,,2,,,,,2022-11-16
4373792,Baseball Cards 2022 Topps Cosmic Chrome,Will Smith [Nucleus Refractor] #196,$4.21,,,,,$61.87,$80.00,$37.00,$37.00,,,$0.90,$4.59,,,,,,3,,,,,2022-11-16
4374393,Baseball Cards 2022 Topps Cosmic Chrome,Will Smith [Orange Galactic Refractor] #196,$26.45,,,,,$153.25,$199.00,$92.00,$92.00,,,$8.70,$28.99,,,,,,5,,,,,2022-11-16
4374792,Baseball Cards 2022 Topps Cosmic Chrome,Will Smith [Red Flare Refractor] #196,,,,,,,,,,,,,,,,,,,0,,,,,2022-11-16
4373592,Baseball Cards 2022 Topps Cosmic Chrome,Will Smith [Refractor] #196,$2.99,,,,,,,,,,,,$3.29,,,,,,1,,,,,2022-11-16
11410995,Baseball Cards 2022 Topps Cosmic Chrome,Will Smith [Superfractor] #196,,,,,,,,,,,,,,,,,,,0,,,,,2022-11-16
4373293,Baseball Cards 2022 Topps Cosmic Chrome,Willson Contreras #98,$1.25,,,,,,,,,,,,$1.39,,,,,,2,,,,,2022-11-16
4374495,Baseball Cards 2022 Topps Cosmic Chrome,Willson Contreras [Black Eclipse Refractor] #98,$15.99,,,,,,,,,,,$4.50,$17.99,,,,,,1,,,,,2022-11-16
4373894,Baseball Cards 2022 Topps Cosmic Chrome,Willson Contreras [Blue Moon Refractor] #98,$9.82,,,,,,,,,,,$2.80,$10.99,,,,,,2,,,,,2022-11-16
4374094,Baseball Cards 2022 Topps Cosmic Chrome,Willson Contreras [Gold Interstellar Refractor] #98,$2.29,,,,,,,,,,,,$2.49,,,,,,2,,,,,2022-11-16
4373694,Baseball Cards 2022 Topps Cosmic Chrome,Willson Contreras [Nucleus Refractor] #98,$0.99,,,,,,,,,,,,$1.09,,,,,,1,,,,,2022-11-16
4374295,Baseball Cards 2022 Topps Cosmic Chrome,Willson Contreras [Orange Galactic Refractor] #98,$10.89,,,,,$22.50,$29.00,$14.00,$14.00,,,$3.00,$11.99,,,,,,2,,,,,2022-11-16
4374694,Baseball Cards 2022 Topps Cosmic Chrome,Willson Contreras [Red Flare Refractor] #98,$26.75,,,,,,,,,,,$8.70,$28.99,,,,,,1,,,,,2022-11-16
4373493,Baseball Cards 2022 Topps Cosmic Chrome,Willson Contreras [Refractor] #98,$1.65,,,,,,,,,,,,$1.79,,,,,,1,,,,,2022-11-16
11411005,Baseball Cards 2022 Topps Cosmic Chrome,Willson Contreras [Superfractor] #98,,,,,,,,,,,,,,,,,,,0,,,,,2022-11-16
4373327,Baseball Cards 2022 Topps Cosmic Chrome,Willy Adames #131,$1.37,,,,,,,,,,,,$1.49,,,,,,3,,,,,2022-11-16
4374528,Baseball Cards 2022 Topps Cosmic Chrome,Willy Adames [Black Eclipse Refractor] #131,$50.00,,,,,$41.55,$54.00,$25.00,$25.00,,,$22.00,$54.99,,,,,,2,,,,,2022-11-16
4373927,Baseball Cards 2022 Topps Cosmic Chrome,Willy Adames [Blue Moon Refractor] #131,$4.25,,,,,,,,,,,$0.90,$4.69,,,,,,2,,,,,2022-11-16
4374127,Baseball Cards 2022 Topps Cosmic Chrome,Willy Adames [Gold Interstellar Refractor] #131,$13.36,,,,,,,,,,,$3.80,$14.99,,,,,,3,,,,,2022-11-16
4373727,Baseball Cards 2022 Topps Cosmic Chrome,Willy Adames [Nucleus Refractor] #131,$2.15,,$5.75,,,,,,,,,,$2.39,,,$1.30,$6.29,,2,,,,,2022-11-16
4374328,Baseball Cards 2022 Topps Cosmic Chrome,Willy Adames [Orange Galactic Refractor] #131,$12.00,,,,,$36.00,$47.00,$22.00,$22.00,,,$3.30,$12.99,,,,,,2,,,,,2022-11-16
4374726,Baseball Cards 2022 Topps Cosmic Chrome,Willy Adames [Red Flare Refractor] #131,$19.99,,,,,,,,,,,$6.60,$21.99,,,,,,1,,,,,2022-11-16
4373526,Baseball Cards 2022 Topps Cosmic Chrome,Willy Adames [Refractor] #131,$3.59,,,,,,,,,,,$0.80,$3.99,,,,,,2,,,,,2022-11-16
11410883,Baseball Cards 2022 Topps Cosmic Chrome,Willy Adames [Superfractor] #131,$245.00,,,,,,,,,,,$135.00,$270.00,,,,,,1,,,,,2022-11-16
4373300,Baseball Cards 2022 Topps Cosmic Chrome,Xander Bogaerts #105,$1.59,,,,,$5.75,$7.00,$3.00,$3.00,,,,$1.79,,,,,,4,,,,,2022-11-16
4374502,Baseball Cards 2022 Topps Cosmic Chrome,Xander Bogaerts [Black Eclipse Refractor] #105,$11.50,,,,,$20.50,$27.00,$12.00,$12.00,,,$3.30,$12.99,,,,,,2,,,,,2022-11-16
4373901,Baseball Cards 2022 Topps Cosmic Chrome,Xander Bogaerts [Blue Moon Refractor] #105,$1.83,,,,,$30.00,$39.00,$18.00,$18.00,,,,$1.99,,,,,,3,,,,,2022-11-16
4374101,Baseball Cards 2022 Topps Cosmic Chrome,Xander Bogaerts [Gold Interstellar Refractor] #105,$6.11,,,,,,,,,,,$1.30,$6.69,,,,,,1,,,,,2022-11-16
4373701,Baseball Cards 2022 Topps Cosmic Chrome,Xander Bogaerts [Nucleus Refractor] #105,$3.49,,,,,$22.75,$30.00,$14.00,$14.00,,,$0.80,$3.79,,,,,,2,,,,,2022-11-16
4374302,Baseball Cards 2022 Topps Cosmic Chrome,Xander Bogaerts [Orange Galactic Refractor] #105,$13.45,,,,,,,,,,,$3.80,$14.99,,,,,,1,,,,,2022-11-16
4374701,Baseball Cards 2022 Topps Cosmic Chrome,Xander Bogaerts [Red Flare Refractor] #105,$75.00,,,,,,,,,,,$33.20,$82.99,,,,,,1,,,,,2022-11-16
4373500,Baseball Cards 2022 Topps Cosmic Chrome,Xander Bogaerts [Refractor] #105,$3.70,,,,,,,,,,,$0.80,$4.09,,,,,,1,,,,,2022-11-16
11410836,Baseball Cards 2022 Topps Cosmic Chrome,Xander Bogaerts [Superfractor] #105,,,,,,,,,,,,,,,,,,,0,,,,,2022-11-16
4373221,Baseball Cards 2022 Topps Cosmic Chrome,Yadier Molina #25,$3.58,,$7.00,$14.34,$27.54,$38.24,$50.00,$23.00,$24.00,,,$0.80,$3.89,,,$1.50,$7.69,,10,,,,,2022-11-16
4374422,Baseball Cards 2022 Topps Cosmic Chrome,Yadier Molina [Black Eclipse Refractor] #25,$146.99,,,$209.25,$230.00,,,,,,,$81.00,$162.00,,,,,,2,,,,,2022-11-16
4373821,Baseball Cards 2022 Topps Cosmic Chrome,Yadier Molina [Blue Moon Refractor] #25,$18.67,,$18.65,,,$46.00,$60.00,$28.00,$28.00,,,$6.30,$20.99,,,$6.30,$20.99,,6,,,,,2022-11-16
4374021,Baseball Cards 2022 Topps Cosmic Chrome,Yadier Molina [Gold Interstellar Refractor] #25,$10.22,,,,,$59.51,$77.00,$36.00,$36.00,,,$2.80,$10.99,,,,,,2,,,,,2022-11-16
4373621,Baseball Cards 2022 Topps Cosmic Chrome,Yadier Molina [Nucleus Refractor] #25,$5.50,,,,,$37.66,$49.00,$23.00,$23.00,,,$1.20,$6.09,,,,,,5,,,,,2022-11-16
4375334,Baseball Cards 2022 Topps Cosmic Chrome,Yadier Molina [Orange Galactic Refractor] #25,$61.34,,,,,$80.33,$104.00,$48.00,$48.00,,,$26.80,$66.99,,,,,,3,,,,,2022-11-16
4374621,Baseball Cards 2022 Topps Cosmic Chrome,Yadier Molina [Red Flare Refractor] #25,$299.99,,,,,,,,,,,$165.00,$330.00,,,,,,1,,,,,2022-11-16
4373420,Baseball Cards 2022 Topps Cosmic Chrome,Yadier Molina [Refractor] #25,$4.29,,,,,,,,,,,$0.90,$4.69,,,,,,2,,,,,2022-11-16
11410839,Baseball Cards 2022 Topps Cosmic Chrome,Yadier Molina [Superfractor] #25,,,,,,,,,,,,,,,,,,,0,,,,,2022-11-16
4373377,Baseball Cards 2022 Topps Cosmic Chrome,Yoan Moncada #182,$1.54,,,,,,,,,,,,$1.69,,,,,,1,,,,,2022-11-16
4374578,Baseball Cards 2022 Topps Cosmic Chrome,Yoan Moncada [Black Eclipse Refractor] #182,$15.00,,,,,,,,,,,$4.30,$16.99,,,,,,1,,,,,2022-11-16
4373978,Baseball Cards 2022 Topps Cosmic Chrome,Yoan Moncada [Blue Moon Refractor] #182,$8.99,,,,,,,,,,,$2.00,$9.89,,,,,,1,,,,,2022-11-16
4374178,Baseball Cards 2022 Topps Cosmic Chrome,Yoan Moncada [Gold Interstellar Refractor] #182,$0.99,,,,,,,,,,,,$1.09,,,,,,2,,,,,2022-11-16
4373778,Baseball Cards 2022 Topps Cosmic Chrome,Yoan Moncada [Nucleus Refractor] #182,$3.99,,,,,$17.06,$22.00,$10.00,$10.00,,,$0.90,$4.39,,,,,,2,,,,,2022-11-16
4374379,Baseball Cards 2022 Topps Cosmic Chrome,Yoan Moncada [Orange Galactic Refractor] #182,$7.88,,,,,,,,,,,$1.70,$8.69,,,,,,1,,,,,2022-11-16
4374778,Baseball Cards 2022 Topps Cosmic Chrome,Yoan Moncada [Red Flare Refractor] #182,,,,,,,,,,,,,,,,,,,0,,,,,2022-11-16
4373577,Baseball Cards 2022 Topps Cosmic Chrome,Yoan Moncada [Refractor] #182,$1.49,,,,,,,,,,,,$1.59,,,,,,1,,,,,2022-11-16
11410981,Baseball Cards 2022 Topps Cosmic Chrome,Yoan Moncada [Superfractor] #182,,,,,,,,,,,,,,,,,,,0,,,,,2022-11-16
4373252,Baseball Cards 2022 Topps Cosmic Chrome,Yonny Hernandez #57,$1.29,,,,,,,,,,,,$1.39,,,,,,5,,,,,2022-11-16
4374454,Baseball Cards 2022 Topps Cosmic Chrome,Yonny Hernandez [Black Eclipse Refractor] #57,,,,,,,,,,,,,,,,,,,0,,,,,2022-11-16
4373853,Baseball Cards 2022 Topps Cosmic Chrome,Yonny Hernandez [Blue Moon Refractor] #57,$4.43,,,,,$16.27,$21.00,$10.00,$10.00,,,$1.00,$4.89,,,,,,2,,,,,2022-11-16
4374053,Baseball Cards 2022 Topps Cosmic Chrome,Yonny Hernandez [Gold Interstellar Refractor] #57,$5.25,,,,,,,,,,,$1.20,$5.79,,,,,,2,,,,,2022-11-16
4373653,Baseball Cards 2022 Topps Cosmic Chrome,Yonny Hernandez [Nucleus Refractor] #57,$3.51,,,,,$8.00,$10.00,$5.00,$5.00,,,$0.80,$3.89,,,,,,2,,,,,2022-11-16
4374253,Baseball Cards 2022 Topps Cosmic Chrome,Yonny Hernandez [Orange Galactic Refractor] #57,$9.99,,,,,,,,,,,$2.80,$10.99,,,,,,1,,,,,2022-11-16
4374653,Baseball Cards 2022 Topps Cosmic Chrome,Yonny Hernandez [Red Flare Refractor] #57,$24.99,,,,,,,,,,,$8.10,$26.99,,,,,,1,,,,,2022-11-16
4373452,Baseball Cards 2022 Topps Cosmic Chrome,Yonny Hernandez [Refractor] #57,$1.00,,,,,,,,,,,,$1.09,,,,,,1,,,,,2022-11-16
11410909,Baseball Cards 2022 Topps Cosmic Chrome,Yonny Hernandez [Superfractor] #57,,,,,,,,,,,,,,,,,,,0,,,,,2022-11-16
4373296,Baseball Cards 2022 Topps Cosmic Chrome,Yordan Alvarez #101,$1.49,,$6.20,$11.80,$23.13,$33.41,$43.00,$20.00,$22.50,,,,$1.59,,,$1.40,$6.79,,8,,,,,2022-11-16
4374498,Baseball Cards 2022 Topps Cosmic Chrome,Yordan Alvarez [Black Eclipse Refractor] #101,,,,,,,,,,,,,,,,,,,0,,,,,2022-11-16
4373897,Baseball Cards 2022 Topps Cosmic Chrome,Yordan Alvarez [Blue Moon Refractor] #101,$14.99,,$12.50,,$54.00,$55.00,$72.00,$33.00,$33.00,,,$4.00,$15.99,,,$3.50,$13.99,,7,,,,,2022-11-16
4374097,Baseball Cards 2022 Topps Cosmic Chrome,Yordan Alvarez [Gold Interstellar Refractor] #101,$27.00,,,,,,,,,,,$9.00,$29.99,,,,,,3,,,,,2022-11-16
4373697,Baseball Cards 2022 Topps Cosmic Chrome,Yordan Alvarez [Nucleus Refractor] #101,$8.75,,,,,,,,$50.00,,,$1.90,$9.59,,,,,,1,,,,,2022-11-16
4374298,Baseball Cards 2022 Topps Cosmic Chrome,Yordan Alvarez [Orange Galactic Refractor] #101,$39.95,,,$125.00,$138.00,,,,,,,$17.60,$43.99,,,,,,3,,,,,2022-11-16
4374697,Baseball Cards 2022 Topps Cosmic Chrome,Yordan Alvarez [Red Flare Refractor] #101,,,,,,,,,,,,,,,,,,,0,,,,,2022-11-16
4373496,Baseball Cards 2022 Topps Cosmic Chrome,Yordan Alvarez [Refractor] #101,$2.49,,,,,$43.22,$56.00,$26.00,$26.00,,,,$2.69,,,,,,4,,,,,2022-11-16
11410828,Baseball Cards 2022 Topps Cosmic Chrome,Yordan Alvarez [Superfractor] #101,,,,,,,,,,,,,,,,,,,0,,,,,2022-11-16
4373333,Baseball Cards 2022 Topps Cosmic Chrome,Yu Darvish #138,$0.99,,,,,,,,,,,,$1.09,,,,,,3,,,,,2022-11-16
4374535,Baseball Cards 2022 Topps Cosmic Chrome,Yu Darvish [Black Eclipse Refractor] #138,,,,,,,,,,,,,,,,,,,0,,,,,2022-11-16
4373934,Baseball Cards 2022 Topps Cosmic Chrome,Yu Darvish [Blue Moon Refractor] #138,$5.32,,,$15.00,$17.00,$30.00,$39.00,$18.00,$18.00,,,$1.20,$5.89,,,,,,3,,,,,2022-11-16
4374134,Baseball Cards 2022 Topps Cosmic Chrome,Yu Darvish [Gold Interstellar Refractor] #138,$9.79,,,,,,,,$35.00,,,$2.80,$10.99,,,,,,3,,,,,2022-11-16
4373734,Baseball Cards 2022 Topps Cosmic Chrome,Yu Darvish [Nucleus Refractor] #138,$3.00,,,,,$27.00,$35.00,$16.00,$16.00,,,,$3.29,,,,,,4,,,,,2022-11-16
4374335,Baseball Cards 2022 Topps Cosmic Chrome,Yu Darvish [Orange Galactic Refractor] #138,$8.50,,,,,,,,,,,$1.90,$9.39,,,,,,1,,,,,2022-11-16
4374734,Baseball Cards 2022 Topps Cosmic Chrome,Yu Darvish [Red Flare Refractor] #138,$15.00,,,,,,,,,,,$4.30,$16.99,,,,,,1,,,,,2022-11-16
4373533,Baseball Cards 2022 Topps Cosmic Chrome,Yu Darvish [Refractor] #138,$1.88,,,,,,,,,,,,$2.09,,,,,,1,,,,,2022-11-16
11410897,Baseball Cards 2022 Topps Cosmic Chrome,Yu Darvish [Superfractor] #138,,,,,,,,,,,,,,,,,,,0,,,,,2022-11-16
4373265,Baseball Cards 2022 Topps Cosmic Chrome,Yuli Gurriel #70,$2.00,,,,,,,,,,,,$2.19,,,,,,4,,,,,2022-11-16
4374467,Baseball Cards 2022 Topps Cosmic Chrome,Yuli Gurriel [Black Eclipse Refractor] #70,$14.50,,,,,,,,,,,$4.00,$15.99,,,,,,1,,,,,2022-11-16
4373866,Baseball Cards 2022 Topps Cosmic Chrome,Yuli Gurriel [Blue Moon Refractor] #70,$2.17,,,,,,,,,,,,$2.39,,,,,,2,,,,,2022-11-16
4374066,Baseball Cards 2022 Topps Cosmic Chrome,Yuli Gurriel [Gold Interstellar Refractor] #70,$7.79,,,,,,,,,,,$1.70,$8.59,,,,,,1,,,,,2022-11-16
4373667,Baseball Cards 2022 Topps Cosmic Chrome,Yuli Gurriel [Nucleus Refractor] #70,$2.27,,,,,,,,,,,,$2.49,,,,,,2,,,,,2022-11-16
4374266,Baseball Cards 2022 Topps Cosmic Chrome,Yuli Gurriel [Orange Galactic Refractor] #70,$24.99,,,,,,,,,,,$8.10,$26.99,,,,,,1,,,,,2022-11-16
4374666,Baseball Cards 2022 Topps Cosmic Chrome,Yuli Gurriel [Red Flare Refractor] #70,$74.18,,,,,$31.00,$40.00,$19.00,$19.00,,,$32.80,$81.99,,,,,,2,,,,,2022-11-16
4373465,Baseball Cards 2022 Topps Cosmic Chrome,Yuli Gurriel [Refractor] #70,$2.99,,,,,,,,,,,,$3.29,,,,,,2,,,,,2022-11-16
11410928,Baseball Cards 2022 Topps Cosmic Chrome,Yuli Gurriel [Superfractor] #70,,,,,,,,,,,,,,,,,,,0,,,,,2022-11-16
4373207,Baseball Cards 2022 Topps Cosmic Chrome,Zack Greinke #11,$1.35,,,,,,,,,,,,$1.49,,,,,,4,,,,,2022-11-16
4374408,Baseball Cards 2022 Topps Cosmic Chrome,Zack Greinke [Black Eclipse Refractor] #11,$55.05,,,$26.00,$29.00,,,,,,,$24.40,$60.99,,,,,,2,,,,,2022-11-16
4373807,Baseball Cards 2022 Topps Cosmic Chrome,Zack Greinke [Blue Moon Refractor] #11,$9.34,,,,,,,,,,,$2.00,$9.99,,,,,,1,,,,,2022-11-16
4374007,Baseball Cards 2022 Topps Cosmic Chrome,Zack Greinke [Gold Interstellar Refractor] #11,$6.58,,,,,,,,,,,$1.40,$7.19,,,,,,2,,,,,2022-11-16
4373607,Baseball Cards 2022 Topps Cosmic Chrome,Zack Greinke [Nucleus Refractor] #11,$9.97,,,,,,,,,,,$2.80,$10.99,,,,,,2,,,,,2022-11-16
4374208,Baseball Cards 2022 Topps Cosmic Chrome,Zack Greinke [Orange Galactic Refractor] #11,$13.75,,,,,,,,,,,$3.80,$14.99,,,,,,1,,,,,2022-11-16
4374607,Baseball Cards 2022 Topps Cosmic Chrome,Zack Greinke [Red Flare Refractor] #11,$72.35,,,,,,,,,,,$32.00,$79.99,,,,,,1,,,,,2022-11-16
4373405,Baseball Cards 2022 Topps Cosmic Chrome,Zack Greinke [Refractor] #11,$1.99,,,,,,,,,,,,$2.19,,,,,,2,,,,,2022-11-16
11410819,Baseball Cards 2022 Topps Cosmic Chrome,Zack Greinke [Superfractor] #11,,,,,,,,,,,,,,,,,,,0,,,,,2022-11-16
4373320,Baseball Cards 2022 Topps Cosmic Chrome,Zack Wheeler #125,$0.99,,,,,,,,,,,,$1.09,,,,,,4,,,,,2022-11-16
4374522,Baseball Cards 2022 Topps Cosmic Chrome,Zack Wheeler [Black Eclipse Refractor] #125,$23.94,,,,,,,,,,,$7.80,$25.99,,,,,,1,,,,,2022-11-16
4373921,Baseball Cards 2022 Topps Cosmic Chrome,Zack Wheeler [Blue Moon Refractor] #125,$5.81,,$79.19,,$14.99,$15.50,$20.00,$9.00,$9.00,,,$1.30,$6.39,,,$34.80,$86.99,,5,,,,,2022-11-16
4374121,Baseball Cards 2022 Topps Cosmic Chrome,Zack Wheeler [Gold Interstellar Refractor] #125,$7.50,,$11.60,,,$30.12,$39.00,$18.00,$18.00,,,$1.70,$8.29,,,$3.30,$12.99,,4,,,,,2022-11-16
4373721,Baseball Cards 2022 Topps Cosmic Chrome,Zack Wheeler [Nucleus Refractor] #125,$7.50,,,,,,,,,,,$1.70,$8.29,,,,,,1,,,,,2022-11-16
4374322,Baseball Cards 2022 Topps Cosmic Chrome,Zack Wheeler [Orange Galactic Refractor] #125,$12.88,,,,,,,,$76.00,,,$3.50,$13.99,,,,,,1,,,,,2022-11-16
4374720,Baseball Cards 2022 Topps Cosmic Chrome,Zack Wheeler [Red Flare Refractor] #125,,,,$30.00,$33.00,,,,,,,,,,,,,,1,,,,,2022-11-16
4373520,Baseball Cards 2022 Topps Cosmic Chrome,Zack Wheeler [Refractor] #125,$2.99,,,,,,,,,,,,$3.29,,,,,,1,,,,,2022-11-16
11410873,Baseball Cards 2022 Topps Cosmic Chrome,Zack Wheeler [Superfractor] #125,,,,,,,,,,,,,,,,,,,0,,,,,2022-11-16
