id,console-name,product-name,loose-price,cib-price,new-price,graded-price,box-only-price,manual-only-price,bgs-10-price,condition-17-price,condition-18-price,gamestop-price,gamestop-trade-price,retail-loose-buy,retail-loose-sell,retail-cib-buy,retail-cib-sell,retail-new-buy,retail-new-sell,upc,sales-volume,genre,tcg-id,asin,epid,release-date
11631094,Baseball Cards 2025 Topps Chrome Sapphire Update,AJ Blubaugh #USC163,$1.66,,$6.49,$12.58,$24.87,$37.32,$49.00,$22.00,$22.00,,,,$1.79,,,$1.40,$7.09,,41,,,,,2026-01-07
11631098,Baseball Cards 2025 Topps Chrome Sapphire Update,AJ Blubaugh [Black] #USC163,$35.00,,,,,,,,,,,$15.60,$38.99,,,,,,1,,,,,2026-01-07
11631097,Baseball Cards 2025 Topps Chrome Sapphire Update,AJ Blubaugh [Gold] #USC163,$9.09,,$13.16,$24.12,$46.68,$70.17,$91.00,$42.00,$42.00,,,$2.00,$9.99,,,$3.50,$13.99,,15,,,,,2026-01-07
11631095,Baseball Cards 2025 Topps Chrome Sapphire Update,AJ Blubaugh [Green] #USC163,$7.28,,$11.55,$21.34,$41.42,$62.25,$81.00,$37.00,$37.00,,,$1.60,$7.99,,,$3.30,$12.99,,12,,,,,2026-01-07
11631096,Baseball Cards 2025 Topps Chrome Sapphire Update,AJ Blubaugh [Orange] #USC163,$22.25,,$24.95,$44.48,$85.12,$127.83,$166.00,$77.00,$77.00,,,$7.20,$23.99,,,$8.10,$26.99,,7,,,,,2026-01-07
11631100,Baseball Cards 2025 Topps Chrome Sapphire Update,AJ Blubaugh [Padparadscha] #USC163,,,,,,,,,,,,,,,,,,,0,,,,,2026-01-07
11631099,Baseball Cards 2025 Topps Chrome Sapphire Update,AJ Blubaugh [Red] #USC163,$120.00,,,,,,,,,,,$66.00,$132.00,,,,,,4,,,,,2026-01-07
11630960,Baseball Cards 2025 Topps Chrome Sapphire Update,Adael Amador #USC143,$1.07,,$5.89,$11.54,$22.90,$34.36,$45.00,$21.00,$21.00,,,,$1.19,,,$1.30,$6.49,,9,,,,,2026-01-07
11630964,Baseball Cards 2025 Topps Chrome Sapphire Update,Adael Amador [Black] #USC143,,,,,,,,,,,,,,,,,,,0,,,,,2026-01-07
11630962,Baseball Cards 2025 Topps Chrome Sapphire Update,Adael Amador [Gold] #USC143,,,,,,,,,,,,,,,,,,,0,,,,,2026-01-07
11630961,Baseball Cards 2025 Topps Chrome Sapphire Update,Adael Amador [Green] #USC143,$1.00,,$5.90,$11.56,$22.94,$34.44,$45.00,$21.00,$21.00,,,,$1.09,,,$1.30,$6.49,,22,,,,,2026-01-07
11630963,Baseball Cards 2025 Topps Chrome Sapphire Update,Adael Amador [Orange] #USC143,,,,,,,,,,,,,,,,,,,0,,,,,2026-01-07
11630966,Baseball Cards 2025 Topps Chrome Sapphire Update,Adael Amador [Padparadscha] #USC143,,,,,,,,,,,,,,,,,,,0,,,,,2026-01-07
11630965,Baseball Cards 2025 Topps Chrome Sapphire Update,Adael Amador [Red] #USC143,,,,,,,,,,,,,,,,,,,0,,,,,2026-01-07
11630607,Baseball Cards 2025 Topps Chrome Sapphire Update,Adrian Del Castillo #USC92,$1.14,,$6.02,$11.77,$23.35,$35.06,$46.00,$21.00,$21.00,,,,$1.29,,,$1.30,$6.59,,5,,,,,2026-01-07
11630611,Baseball Cards 2025 Topps Chrome Sapphire Update,Adrian Del Castillo [Black] #USC92,$59.99,,,,,,,,,,,$26.40,$65.99,,,,,,1,,,,,2026-01-07
11630609,Baseball Cards 2025 Topps Chrome Sapphire Update,Adrian Del Castillo [Gold] #USC92,$2.00,,$6.76,$13.04,$25.75,$38.64,$50.00,$23.00,$23.00,,,,$2.19,,,$1.50,$7.39,,11,,,,,2026-01-07
11630608,Baseball Cards 2025 Topps Chrome Sapphire Update,Adrian Del Castillo [Green] #USC92,$5.50,,$9.94,$18.56,$36.18,$54.41,$71.00,$33.00,$33.00,,,$1.20,$6.09,,,$2.80,$10.99,,5,,,,,2026-01-07
11630610,Baseball Cards 2025 Topps Chrome Sapphire Update,Adrian Del Castillo [Orange] #USC92,,,,,,,,,,,,,,,,,,,0,,,,,2026-01-07
11630613,Baseball Cards 2025 Topps Chrome Sapphire Update,Adrian Del Castillo [Padparadscha] #USC92,,,,,,,,,,,,,,,,,,,0,,,,,2026-01-07
11630612,Baseball Cards 2025 Topps Chrome Sapphire Update,Adrian Del Castillo [Red] #USC92,$119.99,,,,,,,,,,,$66.00,$132.00,,,,,,1,,,,,2026-01-07
11631344,Baseball Cards 2025 Topps Chrome Sapphire Update,Agustin Ramirez #USC200,$2.06,,$6.85,$13.19,$26.03,$39.05,$51.00,$23.00,$23.00,,,,$2.29,,,$1.50,$7.49,,44,,,,,2026-01-07
11630224,Baseball Cards 2025 Topps Chrome Sapphire Update,Agustin Ramirez #USC38,$1.39,,$6.25,$12.16,$24.08,$36.13,$47.00,$22.00,$22.00,,,,$1.49,,,$1.40,$6.89,,23,,,,,2026-01-07
11631347,Baseball Cards 2025 Topps Chrome Sapphire Update,Agustin Ramirez [Black] #USC200,,,,,,,,,,,,,,,,,,,0,,,,,2026-01-07
11630228,Baseball Cards 2025 Topps Chrome Sapphire Update,Agustin Ramirez [Black] #USC38,$65.00,,,,,,,,,,,$28.80,$71.99,,,,,,1,,,,,2026-01-07
11631345,Baseball Cards 2025 Topps Chrome Sapphire Update,Agustin Ramirez [Gold] #USC200,$37.49,,,,,,,,,,,$16.40,$40.99,,,,,,5,,,,,2026-01-07
11630226,Baseball Cards 2025 Topps Chrome Sapphire Update,Agustin Ramirez [Gold] #USC38,,,,,,,,,,,,,,,,,,,0,,,,,2026-01-07
11631343,Baseball Cards 2025 Topps Chrome Sapphire Update,Agustin Ramirez [Green] #USC200,$3.23,,$7.90,$15.01,$29.46,$44.20,$57.00,$27.00,$27.00,,,,$3.59,,,$1.70,$8.69,,14,,,,,2026-01-07
11630225,Baseball Cards 2025 Topps Chrome Sapphire Update,Agustin Ramirez [Green] #USC38,$1.52,,$8.81,$16.59,$32.45,$48.71,$63.00,$29.00,$29.00,,,,$1.69,,,$1.90,$9.69,,10,,,,,2026-01-07
11631346,Baseball Cards 2025 Topps Chrome Sapphire Update,Agustin Ramirez [Orange] #USC200,$30.00,,,,,,,,,,,$9.90,$32.99,,,,,,1,,,,,2026-01-07
11630227,Baseball Cards 2025 Topps Chrome Sapphire Update,Agustin Ramirez [Orange] #USC38,,,,,,,,,,,,,,,,,,,0,,,,,2026-01-07
11631676,Baseball Cards 2025 Topps Chrome Sapphire Update,Agustin Ramirez [Padparadscha] #USC200,,,,,,,,,,,,,,,,,,,0,,,,,2026-01-07
11630230,Baseball Cards 2025 Topps Chrome Sapphire Update,Agustin Ramirez [Padparadscha] #USC38,,,,,,,,,,,,,,,,,,,0,,,,,2026-01-07
11631348,Baseball Cards 2025 Topps Chrome Sapphire Update,Agustin Ramirez [Red] #USC200,,,,,,,,,,,,,,,,,,,0,,,,,2026-01-07
11630229,Baseball Cards 2025 Topps Chrome Sapphire Update,Agustin Ramirez [Red] #USC38,,,,,,,,,,,,,,,,,,,0,,,,,2026-01-07
11630245,Baseball Cards 2025 Topps Chrome Sapphire Update,Alan Roden #USC41,$2.00,,$6.79,$13.10,$25.87,$38.83,$50.00,$23.00,$23.00,,,,$2.19,,,$1.50,$7.49,,22,,,,,2026-01-07
11630249,Baseball Cards 2025 Topps Chrome Sapphire Update,Alan Roden [Black] #USC41,,,,,,,,,,,,,,,,,,,0,,,,,2026-01-07
11630247,Baseball Cards 2025 Topps Chrome Sapphire Update,Alan Roden [Gold] #USC41,$3.99,,$8.58,$16.20,$31.71,$47.62,$62.00,$29.00,$29.00,,,$0.90,$4.39,,,$1.90,$9.39,,15,,,,,2026-01-07
11630246,Baseball Cards 2025 Topps Chrome Sapphire Update,Alan Roden [Green] #USC41,$8.00,,$12.18,$22.42,$43.47,$65.31,$85.00,$39.00,$39.00,,,$1.80,$8.79,,,$3.30,$12.99,,7,,,,,2026-01-07
11630248,Baseball Cards 2025 Topps Chrome Sapphire Update,Alan Roden [Orange] #USC41,$6.99,,$11.27,$20.85,$40.51,$60.86,$79.00,$37.00,$37.00,,,$1.50,$7.69,,,$3.00,$11.99,,11,,,,,2026-01-07
11630251,Baseball Cards 2025 Topps Chrome Sapphire Update,Alan Roden [Padparadscha] #USC41,,,,,,,,,,,,,,,,,,,0,,,,,2026-01-07
11630250,Baseball Cards 2025 Topps Chrome Sapphire Update,Alan Roden [Red] #USC41,,,,,,,,,,,,,,,,,,,0,,,,,2026-01-07
11631140,Baseball Cards 2025 Topps Chrome Sapphire Update,Alejandro Osuna #USC174,$1.99,,$6.79,$13.09,$25.84,$38.79,$50.00,$23.00,$23.00,,,,$2.19,,,$1.50,$7.49,,42,,,,,2026-01-07
11631147,Baseball Cards 2025 Topps Chrome Sapphire Update,Alejandro Osuna [Black] #USC174,,,,,,,,,,,,,,,,,,,0,,,,,2026-01-07
11631142,Baseball Cards 2025 Topps Chrome Sapphire Update,Alejandro Osuna [Gold] #USC174,$7.36,,$11.61,$21.43,$41.60,$62.53,$81.00,$38.00,$38.00,,,$1.60,$8.09,,,$3.30,$12.99,,13,,,,,2026-01-07
11631141,Baseball Cards 2025 Topps Chrome Sapphire Update,Alejandro Osuna [Green] #USC174,,,,,,,,,,,,,,,,,,,0,,,,,2026-01-07
11631145,Baseball Cards 2025 Topps Chrome Sapphire Update,Alejandro Osuna [Orange] #USC174,$20.99,,,,,,,,,,,$6.90,$22.99,,,,,,5,,,,,2026-01-07
11631153,Baseball Cards 2025 Topps Chrome Sapphire Update,Alejandro Osuna [Padparadscha] #USC174,,,,,,,,,,,,,,,,,,,0,,,,,2026-01-07
11631151,Baseball Cards 2025 Topps Chrome Sapphire Update,Alejandro Osuna [Red] #USC174,,,,,,,,,,,,,,,,,,,0,,,,,2026-01-07
11630322,Baseball Cards 2025 Topps Chrome Sapphire Update,Amed Rosario #USC51,$2.21,,$6.98,$13.42,$26.47,$39.71,$52.00,$24.00,$24.00,,,,$2.39,,,$1.50,$7.69,,13,,,,,2026-01-07
11630327,Baseball Cards 2025 Topps Chrome Sapphire Update,Amed Rosario [Black] #USC51,$30.00,,,,,,,,,,,$9.90,$32.99,,,,,,1,,,,,2026-01-07
11630324,Baseball Cards 2025 Topps Chrome Sapphire Update,Amed Rosario [Gold] #USC51,,,,,,,,,,,,,,,,,,,0,,,,,2026-01-07
11630323,Baseball Cards 2025 Topps Chrome Sapphire Update,Amed Rosario [Green] #USC51,$3.56,,$9.47,$17.74,$34.61,$51.96,$68.00,$31.00,$31.00,,,$0.80,$3.89,,,$2.00,$9.99,,9,,,,,2026-01-07
11630325,Baseball Cards 2025 Topps Chrome Sapphire Update,Amed Rosario [Orange] #USC51,$4.25,,,,,,,,,,,$0.90,$4.69,,,,,,1,,,,,2026-01-07
11630328,Baseball Cards 2025 Topps Chrome Sapphire Update,Amed Rosario [Padparadscha] #USC51,,,,,,,,,,,,,,,,,,,0,,,,,2026-01-07
11630326,Baseball Cards 2025 Topps Chrome Sapphire Update,Amed Rosario [Red] #USC51,$22.50,,,,,,,,,,,$7.50,$24.99,,,,,,1,,,,,2026-01-07
11630718,Baseball Cards 2025 Topps Chrome Sapphire Update,Andres Munoz #USC108,$2.19,,$7.69,$14.65,$28.79,$43.21,$56.00,$26.00,$26.00,,,,$2.39,,,$1.70,$8.49,,31,,,,,2026-01-07
11630722,Baseball Cards 2025 Topps Chrome Sapphire Update,Andres Munoz [Black] #USC108,,,,,,,,,,,,,,,,,,,0,,,,,2026-01-07
11630720,Baseball Cards 2025 Topps Chrome Sapphire Update,Andres Munoz [Gold] #USC108,$12.92,,$16.60,$30.09,$57.97,$87.23,$113.00,$52.00,$52.00,,,$3.50,$13.99,,,$4.50,$17.99,,9,,,,,2026-01-07
11630719,Baseball Cards 2025 Topps Chrome Sapphire Update,Andres Munoz [Green] #USC108,$9.95,,$13.93,$25.45,$49.20,$73.96,$96.00,$44.00,$44.00,,,$2.80,$10.99,,,$3.80,$14.99,,13,,,,,2026-01-07
11630721,Baseball Cards 2025 Topps Chrome Sapphire Update,Andres Munoz [Orange] #USC108,,,,,,,,,,,,,,,,,,,0,,,,,2026-01-07
11630724,Baseball Cards 2025 Topps Chrome Sapphire Update,Andres Munoz [Padparadscha] #USC108,,,,,,,,,,,,,,,,,,,0,,,,,2026-01-07
11630723,Baseball Cards 2025 Topps Chrome Sapphire Update,Andres Munoz [Red] #USC108,,,,,,,,,,,,,,,,,,,0,,,,,2026-01-07
11631237,Baseball Cards 2025 Topps Chrome Sapphire Update,Aroldis Chapman #USC191,$1.12,,$6.01,$11.74,$23.29,$34.97,$45.00,$21.00,$21.00,,,,$1.19,,,$1.30,$6.59,,33,,,,,2026-01-07
11631246,Baseball Cards 2025 Topps Chrome Sapphire Update,Aroldis Chapman [Black] #USC191,$74.99,,,,,,,,,,,$32.80,$81.99,,,,,,1,,,,,2026-01-07
11631241,Baseball Cards 2025 Topps Chrome Sapphire Update,Aroldis Chapman [Gold] #USC191,$16.17,,$19.67,$35.40,$68.00,$102.31,$133.00,$61.00,$61.00,,,$4.50,$17.99,,,$6.60,$21.99,,12,,,,,2026-01-07
11631240,Baseball Cards 2025 Topps Chrome Sapphire Update,Aroldis Chapman [Green] #USC191,$6.25,,$10.61,$19.71,$38.34,$57.61,$75.00,$35.00,$35.00,,,$1.40,$6.89,,,$3.00,$11.99,,6,,,,,2026-01-07
11631244,Baseball Cards 2025 Topps Chrome Sapphire Update,Aroldis Chapman [Orange] #USC191,$27.50,,$30.18,$53.55,$102.27,$153.73,$200.00,$92.00,$92.00,,,$9.00,$29.99,,,$9.90,$32.99,,9,,,,,2026-01-07
11631250,Baseball Cards 2025 Topps Chrome Sapphire Update,Aroldis Chapman [Padparadscha] #USC191,,,,,,,,,,,,,,,,,,,0,,,,,2026-01-07
11631248,Baseball Cards 2025 Topps Chrome Sapphire Update,Aroldis Chapman [Red] #USC191,$135.98,,,,,,,,,,,$75.00,$150.00,,,,,,1,,,,,2026-01-07
11630921,Baseball Cards 2025 Topps Chrome Sapphire Update,Austin Slater #USC137,$0.99,,$5.89,$11.54,$22.91,$34.38,$45.00,$21.00,$21.00,,,,$1.09,,,$1.30,$6.49,,9,,,,,2026-01-07
11630924,Baseball Cards 2025 Topps Chrome Sapphire Update,Austin Slater [Black] #USC137,,,,,,,,,,,,,,,,,,,0,,,,,2026-01-07
11631366,Baseball Cards 2025 Topps Chrome Sapphire Update,Austin Slater [Gold] #USC137,$3.25,,,,,,,,,,,,$3.59,,,,,,11,,,,,2026-01-07
11630922,Baseball Cards 2025 Topps Chrome Sapphire Update,Austin Slater [Green] #USC137,$0.99,,$5.89,$11.54,$22.91,$34.38,$45.00,$21.00,$21.00,,,,$1.09,,,$1.30,$6.49,,9,,,,,2026-01-07
11630923,Baseball Cards 2025 Topps Chrome Sapphire Update,Austin Slater [Orange] #USC137,,,,,,,,,,,,,,,,,,,0,,,,,2026-01-07
11630926,Baseball Cards 2025 Topps Chrome Sapphire Update,Austin Slater [Padparadscha] #USC137,,,,,,,,,,,,,,,,,,,0,,,,,2026-01-07
11630925,Baseball Cards 2025 Topps Chrome Sapphire Update,Austin Slater [Red] #USC137,,,,,,,,,,,,,,,,,,,0,,,,,2026-01-07
11630927,Baseball Cards 2025 Topps Chrome Sapphire Update,Ben Rice #USC138,$28.00,,$27.85,$31.00,$94.60,$225.00,$293.00,$135.00,$135.00,,,$9.30,$30.99,,,$9.30,$30.99,,163,,,,,2026-01-07
11630931,Baseball Cards 2025 Topps Chrome Sapphire Update,Ben Rice [Black] #USC138,$407.50,,$370.42,$641.78,$1213.39,$1823.50,$2371.00,$1094.00,$1094.00,,,$224.00,$448.00,,,$203.50,$407.00,,5,,,,,2026-01-07
11630930,Baseball Cards 2025 Topps Chrome Sapphire Update,Ben Rice [Gold] #USC138,$82.50,,$79.02,$138.03,$261.89,$393.87,$512.00,$236.00,$236.00,,,$36.40,$90.99,,,$34.80,$86.99,,10,,,,,2026-01-07
11630928,Baseball Cards 2025 Topps Chrome Sapphire Update,Ben Rice [Green] #USC138,$35.89,,$37.21,$65.73,$125.30,$188.48,$245.00,$113.00,$113.00,,,$15.60,$38.99,,,$16.40,$40.99,,18,,,,,2026-01-07
11630929,Baseball Cards 2025 Topps Chrome Sapphire Update,Ben Rice [Orange] #USC138,$187.50,,$173.19,$300.90,$569.58,$856.51,$1113.00,$514.00,$514.00,,,$103.00,$206.00,,,$95.50,$191.00,,17,,,,,2026-01-07
11630933,Baseball Cards 2025 Topps Chrome Sapphire Update,Ben Rice [Padparadscha] #USC138,,,,,,,,,,,,,,,,,,,0,,,,,2026-01-07
11630932,Baseball Cards 2025 Topps Chrome Sapphire Update,Ben Rice [Red] #USC138,$761.00,,,,,,,,,,,$502.20,$837.00,,,,,,1,,,,,2026-01-07
11631121,Baseball Cards 2025 Topps Chrome Sapphire Update,Ben Williamson #USC168,$1.88,,$5.90,$11.55,$22.93,$34.42,$45.00,$21.00,$21.00,,,,$2.09,,,$1.30,$6.49,,44,,,,,2026-01-07
11631130,Baseball Cards 2025 Topps Chrome Sapphire Update,Ben Williamson [Black] #USC168,$79.99,,,,,,,,,,,$35.20,$87.99,,,,,,1,,,,,2026-01-07
11631125,Baseball Cards 2025 Topps Chrome Sapphire Update,Ben Williamson [Gold] #USC168,,,,,,,,,,,,,,,,,,,0,,,,,2026-01-07
11631122,Baseball Cards 2025 Topps Chrome Sapphire Update,Ben Williamson [Green] #USC168,$1.51,,$10.84,$20.11,$39.11,$58.77,$76.00,$35.00,$35.00,,,,$1.69,,,$3.00,$11.99,,7,,,,,2026-01-07
11631127,Baseball Cards 2025 Topps Chrome Sapphire Update,Ben Williamson [Orange] #USC168,$11.29,,,,,,,,,,,$3.00,$11.99,,,,,,1,,,,,2026-01-07
11631137,Baseball Cards 2025 Topps Chrome Sapphire Update,Ben Williamson [Padparadscha] #USC168,,,,,,,,,,,,,,,,,,,0,,,,,2026-01-07
11631135,Baseball Cards 2025 Topps Chrome Sapphire Update,Ben Williamson [Red] #USC168,,,,,,,,,,,,,,,,,,,0,,,,,2026-01-07
11630058,Baseball Cards 2025 Topps Chrome Sapphire Update,Blade Tidwell #USC14,$2.00,,$6.79,$13.10,$25.85,$38.79,$50.00,$23.00,$23.00,,,,$2.19,,,$1.50,$7.49,,15,,,,,2026-01-07
11630062,Baseball Cards 2025 Topps Chrome Sapphire Update,Blade Tidwell [Black] #USC14,$24.99,,,,,,,,,,,$8.10,$26.99,,,,,,1,,,,,2026-01-07
11630060,Baseball Cards 2025 Topps Chrome Sapphire Update,Blade Tidwell [Gold] #USC14,$3.36,,$8.01,$15.21,$29.85,$44.84,$58.00,$27.00,$27.00,,,,$3.69,,,$1.80,$8.79,,5,,,,,2026-01-07
11630059,Baseball Cards 2025 Topps Chrome Sapphire Update,Blade Tidwell [Green] #USC14,$9.99,,$13.98,$25.55,$49.39,$74.34,$97.00,$45.00,$45.00,,,$2.80,$10.99,,,$3.80,$14.99,,9,,,,,2026-01-07
11630061,Baseball Cards 2025 Topps Chrome Sapphire Update,Blade Tidwell [Orange] #USC14,$8.50,,,,,,,,,,,$1.90,$9.39,,,,,,1,,,,,2026-01-07
11630064,Baseball Cards 2025 Topps Chrome Sapphire Update,Blade Tidwell [Padparadscha] #USC14,,,,,,,,,,,,,,,,,,,0,,,,,2026-01-07
11630063,Baseball Cards 2025 Topps Chrome Sapphire Update,Blade Tidwell [Red] #USC14,,,,,,,,,,,,,,,,,,,0,,,,,2026-01-07
11630544,Baseball Cards 2025 Topps Chrome Sapphire Update,Blaine Crim #USC83,$0.99,,$5.90,$11.55,$22.93,$34.42,$45.00,$21.00,$21.00,,,,$1.09,,,$1.30,$6.49,,15,,,,,2026-01-07
11630550,Baseball Cards 2025 Topps Chrome Sapphire Update,Blaine Crim [Black] #USC83,,,,$89.99,$99.00,,,,,,,,,,,,,,1,,,,,2026-01-07
11630546,Baseball Cards 2025 Topps Chrome Sapphire Update,Blaine Crim [Gold] #USC83,$15.62,,$19.01,$34.22,$65.75,$98.75,$128.00,$59.00,$59.00,,,$4.30,$16.99,,,$6.30,$20.99,,7,,,,,2026-01-07
11630545,Baseball Cards 2025 Topps Chrome Sapphire Update,Blaine Crim [Green] #USC83,$0.99,,,,,,,,,,,,$1.09,,,,,,1,,,,,2026-01-07
11630547,Baseball Cards 2025 Topps Chrome Sapphire Update,Blaine Crim [Orange] #USC83,,,,,,,,,,,,,,,,,,,0,,,,,2026-01-07
11630549,Baseball Cards 2025 Topps Chrome Sapphire Update,Blaine Crim [Padparadscha] #USC83,,,,,,,,,,,,,,,,,,,0,,,,,2026-01-07
11630548,Baseball Cards 2025 Topps Chrome Sapphire Update,Blaine Crim [Red] #USC83,$124.50,,,,,,,,,,,$68.50,$137.00,,,,,,1,,,,,2026-01-07
11630496,Baseball Cards 2025 Topps Chrome Sapphire Update,Brad Lord #USC77,$1.20,,$6.13,$11.95,$23.69,$35.55,$46.00,$21.00,$21.00,,,,$1.29,,,$1.30,$6.69,,15,,,,,2026-01-07
11630500,Baseball Cards 2025 Topps Chrome Sapphire Update,Brad Lord [Black] #USC77,$29.99,,,,,,,,,,,$9.90,$32.99,,,,,,1,,,,,2026-01-07
11630498,Baseball Cards 2025 Topps Chrome Sapphire Update,Brad Lord [Gold] #USC77,$9.06,,$13.96,$25.49,$49.27,$74.00,$96.00,$44.00,$44.00,,,$2.00,$9.99,,,$3.80,$14.99,,12,,,,,2026-01-07
11630497,Baseball Cards 2025 Topps Chrome Sapphire Update,Brad Lord [Green] #USC77,$3.44,,,,,,,,,,,$0.80,$3.79,,,,,,5,,,,,2026-01-07
11630499,Baseball Cards 2025 Topps Chrome Sapphire Update,Brad Lord [Orange] #USC77,$1.75,,,,,,,,,,,,$1.89,,,,,,1,,,,,2026-01-07
11630502,Baseball Cards 2025 Topps Chrome Sapphire Update,Brad Lord [Padparadscha] #USC77,,,,,,,,,,,,,,,,,,,0,,,,,2026-01-07
11630501,Baseball Cards 2025 Topps Chrome Sapphire Update,Brad Lord [Red] #USC77,,,,,,,,,,,,,,,,,,,0,,,,,2026-01-07
11630953,Baseball Cards 2025 Topps Chrome Sapphire Update,Braxton Ashcraft #USC142,$4.10,,$8.59,$16.20,$31.71,$47.60,$62.00,$29.00,$29.00,,,$0.90,$4.49,,,$1.90,$9.49,,82,,,,,2026-01-07
11630959,Baseball Cards 2025 Topps Chrome Sapphire Update,Braxton Ashcraft [Black] #USC142,,,,,,,,,,,,,,,,,,,0,,,,,2026-01-07
11630955,Baseball Cards 2025 Topps Chrome Sapphire Update,Braxton Ashcraft [Gold] #USC142,$32.50,,$34.16,$60.43,$115.29,$173.33,$225.00,$104.00,$104.00,,,$14.40,$35.99,,,$15.20,$37.99,,7,,,,,2026-01-07
11630954,Baseball Cards 2025 Topps Chrome Sapphire Update,Braxton Ashcraft [Green] #USC142,$23.02,,,,,,,,,,,$7.50,$24.99,,,,,,7,,,,,2026-01-07
11630956,Baseball Cards 2025 Topps Chrome Sapphire Update,Braxton Ashcraft [Orange] #USC142,$30.82,,$34.29,$60.63,$115.63,$173.66,$226.00,$104.00,$104.00,,,$10.20,$33.99,,,$15.20,$37.99,,11,,,,,2026-01-07
11630958,Baseball Cards 2025 Topps Chrome Sapphire Update,Braxton Ashcraft [Padparadscha] #USC142,,,,,,,,,,,,,,,,,,,0,,,,,2026-01-07
11630957,Baseball Cards 2025 Topps Chrome Sapphire Update,Braxton Ashcraft [Red] #USC142,,,,,,,,,,,,,,,,,,,0,,,,,2026-01-07
11631336,Baseball Cards 2025 Topps Chrome Sapphire Update,Braxton Fulford #USC199,$1.75,,$6.57,$12.71,$25.12,$37.69,$49.00,$23.00,$23.00,,,,$1.89,,,$1.40,$7.19,,8,,,,,2026-01-07
11631340,Baseball Cards 2025 Topps Chrome Sapphire Update,Braxton Fulford [Black] #USC199,,,,,,,,,,,,,,,,,,,0,,,,,2026-01-07
11631338,Baseball Cards 2025 Topps Chrome Sapphire Update,Braxton Fulford [Gold] #USC199,,,,,,,,,,,,,,,,,,,0,,,,,2026-01-07
11631337,Baseball Cards 2025 Topps Chrome Sapphire Update,Braxton Fulford [Green] #USC199,,,,,,,,,,,,,,,,,,,0,,,,,2026-01-07
11631339,Baseball Cards 2025 Topps Chrome Sapphire Update,Braxton Fulford [Orange] #USC199,,,,,,,,,,,,,,,,,,,0,,,,,2026-01-07
11631342,Baseball Cards 2025 Topps Chrome Sapphire Update,Braxton Fulford [Padparadscha] #USC199,,,,,,,,,,,,,,,,,,,0,,,,,2026-01-07
11631341,Baseball Cards 2025 Topps Chrome Sapphire Update,Braxton Fulford [Red] #USC199,$27.51,,$29.36,$52.12,$99.58,$149.64,$195.00,$90.00,$90.00,,,$9.00,$29.99,,,$9.60,$31.99,,9,,,,,2026-01-07
11630005,Baseball Cards 2025 Topps Chrome Sapphire Update,Brooks Lee #USC6,$0.99,,$6.09,$11.88,$23.54,$35.33,$46.00,$21.00,$21.00,,,,$1.09,,,$1.30,$6.69,,54,,,,,2026-01-07
11630008,Baseball Cards 2025 Topps Chrome Sapphire Update,Brooks Lee [Black] #USC6,$59.38,,$58.24,$102.04,$193.85,$291.21,$379.00,$175.00,$175.00,,,$26.00,$64.99,,,$25.60,$63.99,,6,,,,,2026-01-07
11630007,Baseball Cards 2025 Topps Chrome Sapphire Update,Brooks Lee [Gold] #USC6,$12.38,,$16.11,$29.24,$56.35,$84.75,$110.00,$51.00,$51.00,,,$3.50,$13.99,,,$4.50,$17.99,,12,,,,,2026-01-07
11630006,Baseball Cards 2025 Topps Chrome Sapphire Update,Brooks Lee [Green] #USC6,$3.62,,$8.25,$15.61,$30.60,$45.93,$60.00,$28.00,$28.00,,,$0.80,$3.99,,,$1.80,$9.09,,12,,,,,2026-01-07
11630009,Baseball Cards 2025 Topps Chrome Sapphire Update,Brooks Lee [Orange] #USC6,,,,,,,,,,,,,,,,,,,0,,,,,2026-01-07
11630010,Baseball Cards 2025 Topps Chrome Sapphire Update,Brooks Lee [Padparadscha] #USC6,,,,,,,,,,,,,,,,,,,0,,,,,2026-01-07
11630011,Baseball Cards 2025 Topps Chrome Sapphire Update,Brooks Lee [Red] #USC6,,,,,,,,,,,,,,,,,,,0,,,,,2026-01-07
11630073,Baseball Cards 2025 Topps Chrome Sapphire Update,Bryan Woo #USC16,$0.99,,$5.89,$11.53,$22.90,$34.36,$45.00,$21.00,$21.00,,,,$1.09,,,$1.30,$6.49,,50,,,,,2026-01-07
11630076,Baseball Cards 2025 Topps Chrome Sapphire Update,Bryan Woo [Black] #USC16,$98.25,,$93.08,$162.26,$307.57,$461.99,$601.00,$277.00,$277.00,,,$54.00,$108.00,,,$51.00,$102.00,,5,,,,,2026-01-07
11630072,Baseball Cards 2025 Topps Chrome Sapphire Update,Bryan Woo [Gold] #USC16,,,,,,,,,,,,,,,,,,,0,,,,,2026-01-07
11630075,Baseball Cards 2025 Topps Chrome Sapphire Update,Bryan Woo [Green] #USC16,$15.00,,$18.47,$33.33,$64.10,$96.48,$125.00,$58.00,$58.00,,,$4.30,$16.99,,,$5.00,$19.99,,28,,,,,2026-01-07
11630074,Baseball Cards 2025 Topps Chrome Sapphire Update,Bryan Woo [Orange] #USC16,$47.04,,$47.21,$83.02,$157.98,$237.63,$309.00,$143.00,$143.00,,,$20.80,$51.99,,,$20.80,$51.99,,10,,,,,2026-01-07
11630077,Baseball Cards 2025 Topps Chrome Sapphire Update,Bryan Woo [Padparadscha] #USC16,,,,,,,,,,,,,,,,,,,0,,,,,2026-01-07
11630078,Baseball Cards 2025 Topps Chrome Sapphire Update,Bryan Woo [Red] #USC16,$231.05,,$212.50,$369.30,$699.18,$1053.75,$1370.00,$632.00,$632.00,,,$127.00,$254.00,,,$117.00,$234.00,,5,,,,,2026-01-07
11631245,Baseball Cards 2025 Topps Chrome Sapphire Update,Cade Gibson #USC181,$1.10,,$5.99,$11.71,$23.22,$34.84,$45.00,$21.00,$21.00,,,,$1.19,,,$1.30,$6.59,,15,,,,,2026-01-07
11631254,Baseball Cards 2025 Topps Chrome Sapphire Update,Cade Gibson [Black] #USC181,,,,,,,,,,,,,,,,,,,0,,,,,2026-01-07
11631249,Baseball Cards 2025 Topps Chrome Sapphire Update,Cade Gibson [Gold] #USC181,$0.99,,,,,,,,,,,,$1.09,,,,,,1,,,,,2026-01-07
11631247,Baseball Cards 2025 Topps Chrome Sapphire Update,Cade Gibson [Green] #USC181,$5.50,,$9.94,$18.55,$36.15,$54.33,$71.00,$33.00,$33.00,,,$1.20,$6.09,,,$2.80,$10.99,,9,,,,,2026-01-07
11631252,Baseball Cards 2025 Topps Chrome Sapphire Update,Cade Gibson [Orange] #USC181,$2.00,,,,,,,,,,,,$2.19,,,,,,1,,,,,2026-01-07
11631257,Baseball Cards 2025 Topps Chrome Sapphire Update,Cade Gibson [Padparadscha] #USC181,,,,,,,,,,,,,,,,,,,0,,,,,2026-01-07
11631255,Baseball Cards 2025 Topps Chrome Sapphire Update,Cade Gibson [Red] #USC181,,,,,,,,,,,,,,,,,,,0,,,,,2026-01-07
11630676,Baseball Cards 2025 Topps Chrome Sapphire Update,Cade Horton #USC102,$2.90,,$7.67,$14.62,$28.72,$43.09,$56.00,$26.00,$26.00,,,,$3.19,,,$1.70,$8.39,,65,,,,,2026-01-07
11630402,Baseball Cards 2025 Topps Chrome Sapphire Update,Cade Horton #USC63,$3.64,,$16.92,$19.00,$32.52,$48.81,$63.00,$29.00,$29.00,,,$0.80,$3.99,,,$4.80,$18.99,,74,,,,,2026-01-07
11630680,Baseball Cards 2025 Topps Chrome Sapphire Update,Cade Horton [Black] #USC102,,,,,,,,,,,,,,,,,,,0,,,,,2026-01-07
11630406,Baseball Cards 2025 Topps Chrome Sapphire Update,Cade Horton [Black] #USC63,,,,,,$222.50,$289.00,$134.00,$134.00,,,,,,,,,,1,,,,,2026-01-07
11630678,Baseball Cards 2025 Topps Chrome Sapphire Update,Cade Horton [Gold] #USC102,$25.00,,,,,,,,,,,$8.40,$27.99,,,,,,1,,,,,2026-01-07
11630404,Baseball Cards 2025 Topps Chrome Sapphire Update,Cade Horton [Gold] #USC63,$63.57,,$62.03,$108.64,$206.37,$310.32,$403.00,$186.00,$186.00,,,$28.00,$69.99,,,$27.20,$67.99,,7,,,,,2026-01-07
11630677,Baseball Cards 2025 Topps Chrome Sapphire Update,Cade Horton [Green] #USC102,$24.00,,$26.53,$47.22,$90.32,$135.72,$176.00,$81.00,$81.00,,,$7.80,$25.99,,,$8.70,$28.99,,7,,,,,2026-01-07
11630403,Baseball Cards 2025 Topps Chrome Sapphire Update,Cade Horton [Green] #USC63,$10.38,,$14.31,$26.09,$50.38,$75.64,$98.00,$45.00,$45.00,,,$2.80,$10.99,,,$4.00,$15.99,,7,,,,,2026-01-07
11630679,Baseball Cards 2025 Topps Chrome Sapphire Update,Cade Horton [Orange] #USC102,,,,,,,,,,,,,,,,,,,0,,,,,2026-01-07
11630405,Baseball Cards 2025 Topps Chrome Sapphire Update,Cade Horton [Orange] #USC63,$66.50,,$92.46,$161.29,$305.86,$460.10,$598.00,$276.00,$276.00,,,$29.20,$72.99,,,$51.00,$102.00,,11,,,,,2026-01-07
11630684,Baseball Cards 2025 Topps Chrome Sapphire Update,Cade Horton [Padparadscha] #USC102,,,,,,,,,,,,,,,,,,,0,,,,,2026-01-07
11630408,Baseball Cards 2025 Topps Chrome Sapphire Update,Cade Horton [Padparadscha] #USC63,,,,,,,,,,,,,,,,,,,0,,,,,2026-01-07
11630681,Baseball Cards 2025 Topps Chrome Sapphire Update,Cade Horton [Red] #USC102,,,,,,,,,,,,,,,,,,,0,,,,,2026-01-07
11630407,Baseball Cards 2025 Topps Chrome Sapphire Update,Cade Horton [Red] #USC63,$430.00,,,,,,,,,,,$236.50,$473.00,,,,,,1,,,,,2026-01-07
11630196,Baseball Cards 2025 Topps Chrome Sapphire Update,Caden Dana #USC34,$0.99,,$5.89,$11.54,$22.90,$34.36,$45.00,$21.00,$21.00,,,,$1.09,,,$1.30,$6.49,,20,,,,,2026-01-07
11630201,Baseball Cards 2025 Topps Chrome Sapphire Update,Caden Dana [Black] #USC34,$26.60,,,,,,,,,,,$8.70,$28.99,,,,,,4,,,,,2026-01-07
11630197,Baseball Cards 2025 Topps Chrome Sapphire Update,Caden Dana [Gold] #USC34,$2.76,,$7.48,$14.30,$28.12,$42.25,$55.00,$25.00,$25.00,,,,$2.99,,,$1.60,$8.19,,5,,,,,2026-01-07
11630198,Baseball Cards 2025 Topps Chrome Sapphire Update,Caden Dana [Green] #USC34,$2.42,,$8.39,$15.86,$31.06,$46.62,$61.00,$28.00,$28.00,,,,$2.69,,,$1.80,$9.19,,12,,,,,2026-01-07
11630199,Baseball Cards 2025 Topps Chrome Sapphire Update,Caden Dana [Orange] #USC34,,,,,,,,,,,,,,,,,,,0,,,,,2026-01-07
11630202,Baseball Cards 2025 Topps Chrome Sapphire Update,Caden Dana [Padparadscha] #USC34,,,,,,,,,,,,,,,,,,,0,,,,,2026-01-07
11630200,Baseball Cards 2025 Topps Chrome Sapphire Update,Caden Dana [Red] #USC34,$100.00,,,,,,,,,,,$55.00,$110.00,,,,,,1,,,,,2026-01-07
11630274,Baseball Cards 2025 Topps Chrome Sapphire Update,Cal Raleigh #USC45,$5.00,,$9.48,$17.75,$34.64,$52.01,$68.00,$31.00,$31.00,,,$1.10,$5.49,,,$2.00,$9.99,,83,,,,,2026-01-07
11630280,Baseball Cards 2025 Topps Chrome Sapphire Update,Cal Raleigh [Black] #USC45,,,,,,,,,,,,,,,,,,,0,,,,,2026-01-07
11630277,Baseball Cards 2025 Topps Chrome Sapphire Update,Cal Raleigh [Gold] #USC45,$31.00,,$31.97,$56.64,$108.11,$162.48,$211.00,$97.00,$97.00,,,$10.20,$33.99,,,$10.50,$34.99,,19,,,,,2026-01-07
11630275,Baseball Cards 2025 Topps Chrome Sapphire Update,Cal Raleigh [Green] #USC45,$14.50,,$17.62,$31.82,$61.22,$91.96,$120.00,$55.00,$55.00,,,$4.00,$15.99,,,$4.80,$18.99,,21,,,,,2026-01-07
11630279,Baseball Cards 2025 Topps Chrome Sapphire Update,Cal Raleigh [Orange] #USC45,$55.00,,$54.32,$128.00,$181.07,$272.07,$354.00,$163.00,$163.00,,,$24.40,$60.99,,,$24.00,$59.99,,8,,,,,2026-01-07
11630282,Baseball Cards 2025 Topps Chrome Sapphire Update,Cal Raleigh [Padparadscha] #USC45,,,,,,,,,,,,,,,,,,,0,,,,,2026-01-07
11630281,Baseball Cards 2025 Topps Chrome Sapphire Update,Cal Raleigh [Red] #USC45,$136.25,,$127.27,$221.54,$419.71,$631.54,$821.00,$379.00,$379.00,,,$75.00,$150.00,,,$70.00,$140.00,,7,,,,,2026-01-07
11630747,Baseball Cards 2025 Topps Chrome Sapphire Update,Caleb Durbin #USC112,$1.77,,$6.59,$12.75,$25.19,$37.81,$49.00,$23.00,$23.00,,,,$1.99,,,$1.50,$7.29,,64,,,,,2026-01-07
11630537,Baseball Cards 2025 Topps Chrome Sapphire Update,Caleb Durbin #USC82,$2.28,,$7.24,$13.88,$27.33,$41.02,$53.00,$25.00,$25.00,,,,$2.49,,,$1.60,$7.99,,75,,,,,2026-01-07
11630750,Baseball Cards 2025 Topps Chrome Sapphire Update,Caleb Durbin [Black] #USC112,,,,,,,,,,,,,,,,,,,0,,,,,2026-01-07
11630541,Baseball Cards 2025 Topps Chrome Sapphire Update,Caleb Durbin [Black] #USC82,$86.00,,$82.10,$143.33,$271.87,$408.63,$531.00,$245.00,$245.00,,,$38.00,$94.99,,,$36.00,$89.99,,9,,,,,2026-01-07
11630749,Baseball Cards 2025 Topps Chrome Sapphire Update,Caleb Durbin [Gold] #USC112,$20.00,,$22.96,$41.08,$78.74,$118.49,$154.00,$71.00,$71.00,,,$6.60,$21.99,,,$7.50,$24.99,,9,,,,,2026-01-07
11630539,Baseball Cards 2025 Topps Chrome Sapphire Update,Caleb Durbin [Gold] #USC82,$33.00,,,,,,,,,,,$14.40,$35.99,,,,,,5,,,,,2026-01-07
11630748,Baseball Cards 2025 Topps Chrome Sapphire Update,Caleb Durbin [Green] #USC112,$3.63,,$8.81,$16.59,$32.44,$48.70,$63.00,$29.00,$29.00,,,$0.80,$3.99,,,$1.90,$9.69,,13,,,,,2026-01-07
11630538,Baseball Cards 2025 Topps Chrome Sapphire Update,Caleb Durbin [Green] #USC82,$10.00,,$13.96,$25.49,$49.26,$73.94,$96.00,$44.00,$44.00,,,$2.80,$10.99,,,$3.80,$14.99,,11,,,,,2026-01-07
11630751,Baseball Cards 2025 Topps Chrome Sapphire Update,Caleb Durbin [Orange] #USC112,$36.90,,,,,,,,,,,$16.40,$40.99,,,,,,1,,,,,2026-01-07
11630540,Baseball Cards 2025 Topps Chrome Sapphire Update,Caleb Durbin [Orange] #USC82,$18.64,,$25.38,$45.29,$86.70,$130.50,$170.00,$78.00,$78.00,,,$6.30,$20.99,,,$8.40,$27.99,,7,,,,,2026-01-07
11630753,Baseball Cards 2025 Topps Chrome Sapphire Update,Caleb Durbin [Padparadscha] #USC112,,,,,,,,,,,,,,,,,,,0,,,,,2026-01-07
11630542,Baseball Cards 2025 Topps Chrome Sapphire Update,Caleb Durbin [Padparadscha] #USC82,,,,,,,,,,,,,,,,,,,0,,,,,2026-01-07
11630752,Baseball Cards 2025 Topps Chrome Sapphire Update,Caleb Durbin [Red] #USC112,$179.99,,,,,,,,,,,$99.00,$198.00,,,,,,1,,,,,2026-01-07
11630543,Baseball Cards 2025 Topps Chrome Sapphire Update,Caleb Durbin [Red] #USC82,,,,,,,,,,,,,,,,,,,0,,,,,2026-01-07
11630831,Baseball Cards 2025 Topps Chrome Sapphire Update,Caleb Freeman #USC124,$1.00,,$5.90,$11.56,$22.94,$34.44,$45.00,$21.00,$21.00,,,,$1.09,,,$1.30,$6.49,,16,,,,,2026-01-07
11630834,Baseball Cards 2025 Topps Chrome Sapphire Update,Caleb Freeman [Black] #USC124,,,,,,,,,,,,,,,,,,,0,,,,,2026-01-07
11630833,Baseball Cards 2025 Topps Chrome Sapphire Update,Caleb Freeman [Gold] #USC124,$4.99,,,,,,,,,,,$1.10,$5.49,,,,,,1,,,,,2026-01-07
11630832,Baseball Cards 2025 Topps Chrome Sapphire Update,Caleb Freeman [Green] #USC124,$1.62,,$6.45,$12.52,$24.75,$37.15,$48.00,$22.00,$22.00,,,,$1.79,,,$1.40,$7.09,,13,,,,,2026-01-07
11630835,Baseball Cards 2025 Topps Chrome Sapphire Update,Caleb Freeman [Orange] #USC124,,,,,,,,,,,,,,,,,,,0,,,,,2026-01-07
11630837,Baseball Cards 2025 Topps Chrome Sapphire Update,Caleb Freeman [Padparadscha] #USC124,,,,,,,,,,,,,,,,,,,0,,,,,2026-01-07
11630836,Baseball Cards 2025 Topps Chrome Sapphire Update,Caleb Freeman [Red] #USC124,,,,,,,,,,,,,,,,,,,0,,,,,2026-01-07
11630974,Baseball Cards 2025 Topps Chrome Sapphire Update,Cam Smith #USC145,$3.68,,$8.86,$40.00,$44.00,$48.00,$62.00,$29.00,$29.00,,,$0.80,$4.09,,,$2.00,$9.79,,96,,,,,2026-01-07
11630093,Baseball Cards 2025 Topps Chrome Sapphire Update,Cam Smith #USC19,$2.25,,$7.03,$13.50,$17.43,$27.40,$36.00,$16.00,$16.00,,,,$2.49,,,$1.50,$7.69,,76,,,,,2026-01-07
11630978,Baseball Cards 2025 Topps Chrome Sapphire Update,Cam Smith [Black] #USC145,,,,,,,,,,,,,,,,,,,0,,,,,2026-01-07
11630097,Baseball Cards 2025 Topps Chrome Sapphire Update,Cam Smith [Black] #USC19,$174.95,,,,,,,,,,,$96.00,$192.00,,,,,,1,,,,,2026-01-07
11630976,Baseball Cards 2025 Topps Chrome Sapphire Update,Cam Smith [Gold] #USC145,$60.00,,$58.81,$103.04,$195.76,$294.19,$382.00,$177.00,$177.00,,,$26.40,$65.99,,,$26.00,$64.99,,7,,,,,2026-01-07
11630095,Baseball Cards 2025 Topps Chrome Sapphire Update,Cam Smith [Gold] #USC19,$26.81,,,,,,,,,,,$8.70,$28.99,,,,,,6,,,,,2026-01-07
11630975,Baseball Cards 2025 Topps Chrome Sapphire Update,Cam Smith [Green] #USC145,$17.49,,$20.69,$37.12,$71.24,$107.03,$139.00,$64.00,$64.00,,,$4.80,$18.99,,,$6.90,$22.99,,9,,,,,2026-01-07
11630094,Baseball Cards 2025 Topps Chrome Sapphire Update,Cam Smith [Green] #USC19,$12.50,,,,,,,,,,,$3.50,$13.99,,,,,,1,,,,,2026-01-07
11630977,Baseball Cards 2025 Topps Chrome Sapphire Update,Cam Smith [Orange] #USC145,$55.11,,,,$64.00,,,,,,,$24.40,$60.99,,,,,,2,,,,,2026-01-07
11630096,Baseball Cards 2025 Topps Chrome Sapphire Update,Cam Smith [Orange] #USC19,$94.93,,$90.16,$157.29,$298.27,$448.52,$583.00,$269.00,$269.00,,,$52.00,$104.00,,,$39.60,$98.99,,8,,,,,2026-01-07
11630979,Baseball Cards 2025 Topps Chrome Sapphire Update,Cam Smith [Padparadscha] #USC145,,,,,,,,,,,,,,,,,,,0,,,,,2026-01-07
11630099,Baseball Cards 2025 Topps Chrome Sapphire Update,Cam Smith [Padparadscha] #USC19,,,,,,,,,,,,,,,,,,,0,,,,,2026-01-07
11630981,Baseball Cards 2025 Topps Chrome Sapphire Update,Cam Smith [Red] #USC145,,,,,,,,,,,,,,,,,,,0,,,,,2026-01-07
11630098,Baseball Cards 2025 Topps Chrome Sapphire Update,Cam Smith [Red] #USC19,$193.50,,,,,,,,,,,$106.50,$213.00,,,,,,1,,,,,2026-01-07
11631020,Baseball Cards 2025 Topps Chrome Sapphire Update,Camilo Doval #USC152,$1.01,,$5.89,$11.54,$22.91,$34.37,$45.00,$21.00,$21.00,,,,$1.09,,,$1.30,$6.49,,14,,,,,2026-01-07
11631024,Baseball Cards 2025 Topps Chrome Sapphire Update,Camilo Doval [Black] #USC152,$9.00,,,,,,,,,,,$2.00,$9.89,,,,,,1,,,,,2026-01-07
11631022,Baseball Cards 2025 Topps Chrome Sapphire Update,Camilo Doval [Gold] #USC152,$4.24,,$7.12,$13.67,$26.94,$40.42,$53.00,$24.00,$24.00,,,$0.90,$4.69,,,$1.60,$7.79,,11,,,,,2026-01-07
11631021,Baseball Cards 2025 Topps Chrome Sapphire Update,Camilo Doval [Green] #USC152,$2.76,,$8.82,$16.60,$32.47,$48.74,$63.00,$29.00,$29.00,,,,$2.99,,,$1.90,$9.69,,11,,,,,2026-01-07
11631023,Baseball Cards 2025 Topps Chrome Sapphire Update,Camilo Doval [Orange] #USC152,,,,,,,,,,,,,,,,,,,0,,,,,2026-01-07
11631026,Baseball Cards 2025 Topps Chrome Sapphire Update,Camilo Doval [Padparadscha] #USC152,,,,,,,,,,,,,,,,,,,0,,,,,2026-01-07
11631025,Baseball Cards 2025 Topps Chrome Sapphire Update,Camilo Doval [Red] #USC152,,,,,,,,,,,,,,,,,,,0,,,,,2026-01-07
11631101,Baseball Cards 2025 Topps Chrome Sapphire Update,Carlos Correa #USC164,$2.49,,,,,,,,,,,,$2.69,,,,,,4,,,,,2026-01-07
11631105,Baseball Cards 2025 Topps Chrome Sapphire Update,Carlos Correa [Black] #USC164,$20.00,,$22.96,$41.08,$78.75,$118.51,$154.00,$71.00,$71.00,,,$6.60,$21.99,,,$7.50,$24.99,,11,,,,,2026-01-07
11631103,Baseball Cards 2025 Topps Chrome Sapphire Update,Carlos Correa [Gold] #USC164,$8.49,,$12.62,$23.19,$44.93,$67.55,$88.00,$41.00,$41.00,,,$1.90,$9.29,,,$3.50,$13.99,,8,,,,,2026-01-07
11631102,Baseball Cards 2025 Topps Chrome Sapphire Update,Carlos Correa [Green] #USC164,$4.46,,$9.01,$16.93,$33.09,$49.68,$65.00,$30.00,$30.00,,,$1.00,$4.89,,,$2.00,$9.89,,17,,,,,2026-01-07
11631104,Baseball Cards 2025 Topps Chrome Sapphire Update,Carlos Correa [Orange] #USC164,$30.00,,,,,,,,,,,$9.90,$32.99,,,,,,1,,,,,2026-01-07
11631107,Baseball Cards 2025 Topps Chrome Sapphire Update,Carlos Correa [Padparadscha] #USC164,,,,,,,,,,,,,,,,,,,0,,,,,2026-01-07
11631106,Baseball Cards 2025 Topps Chrome Sapphire Update,Carlos Correa [Red] #USC164,,,,,,,,,,,,,,,,,,,0,,,,,2026-01-07
11630551,Baseball Cards 2025 Topps Chrome Sapphire Update,Carlos Duran #USC84,$2.49,,$7.23,$13.86,$27.29,$40.96,$53.00,$25.00,$25.00,,,,$2.69,,,$1.60,$7.99,,6,,,,,2026-01-07
11630555,Baseball Cards 2025 Topps Chrome Sapphire Update,Carlos Duran [Black] #USC84,,,,,,,,,,,,,,,,,,,0,,,,,2026-01-07
11630554,Baseball Cards 2025 Topps Chrome Sapphire Update,Carlos Duran [Gold] #USC84,$0.99,,,,,,,,,,,,$1.09,,,,,,1,,,,,2026-01-07
11630552,Baseball Cards 2025 Topps Chrome Sapphire Update,Carlos Duran [Green] #USC84,$0.63,,$5.57,$10.98,$21.85,$32.79,$43.00,$20.00,$20.00,,,,$0.99,,,$1.20,$6.09,,10,,,,,2026-01-07
11630553,Baseball Cards 2025 Topps Chrome Sapphire Update,Carlos Duran [Orange] #USC84,$12.00,,,,,,,,,,,$3.30,$12.99,,,,,,1,,,,,2026-01-07
11630557,Baseball Cards 2025 Topps Chrome Sapphire Update,Carlos Duran [Padparadscha] #USC84,,,,,,,,,,,,,,,,,,,0,,,,,2026-01-07
11630556,Baseball Cards 2025 Topps Chrome Sapphire Update,Carlos Duran [Red] #USC84,,,,,,,,,,,,,,,,,,,0,,,,,2026-01-07
11630039,Baseball Cards 2025 Topps Chrome Sapphire Update,Carlos Santana #USC11,$1.99,,$6.79,$13.10,$25.86,$38.84,$50.00,$23.00,$23.00,,,,$2.19,,,$1.50,$7.49,,9,,,,,2026-01-07
11630043,Baseball Cards 2025 Topps Chrome Sapphire Update,Carlos Santana [Black] #USC11,$50.00,,,,,,,,,,,$22.00,$54.99,,,,,,1,,,,,2026-01-07
11630041,Baseball Cards 2025 Topps Chrome Sapphire Update,Carlos Santana [Gold] #USC11,$3.85,,$11.72,$21.64,$41.99,$63.12,$82.00,$38.00,$38.00,,,$0.80,$4.19,,,$3.30,$12.99,,8,,,,,2026-01-07
11630040,Baseball Cards 2025 Topps Chrome Sapphire Update,Carlos Santana [Green] #USC11,,,,,,,,,,,,,,,,,,,0,,,,,2026-01-07
11630042,Baseball Cards 2025 Topps Chrome Sapphire Update,Carlos Santana [Orange] #USC11,$3.25,,,,,,,,,,,,$3.59,,,,,,1,,,,,2026-01-07
11630045,Baseball Cards 2025 Topps Chrome Sapphire Update,Carlos Santana [Padparadscha] #USC11,,,,,,,,,,,,,,,,,,,0,,,,,2026-01-07
11630044,Baseball Cards 2025 Topps Chrome Sapphire Update,Carlos Santana [Red] #USC11,,,,,,,,,,,,,,,,,,,0,,,,,2026-01-07
11631040,Baseball Cards 2025 Topps Chrome Sapphire Update,Carson McCusker #USC155,$1.71,,$6.54,$12.67,$25.04,$37.56,$49.00,$23.00,$23.00,,,,$1.89,,,$1.40,$7.19,,27,,,,,2026-01-07
11631372,Baseball Cards 2025 Topps Chrome Sapphire Update,Carson McCusker [Black] #USC155,,,,,,,,,,,,,,,,,,,0,,,,,2026-01-07
11631042,Baseball Cards 2025 Topps Chrome Sapphire Update,Carson McCusker [Gold] #USC155,$4.03,,$8.62,$16.26,$31.83,$47.80,$62.00,$29.00,$29.00,,,$0.90,$4.39,,,$1.90,$9.49,,11,,,,,2026-01-07
11631041,Baseball Cards 2025 Topps Chrome Sapphire Update,Carson McCusker [Green] #USC155,$20.00,,$22.97,$41.12,$78.83,$118.73,$154.00,$71.00,$71.00,,,$6.60,$21.99,,,$7.50,$24.99,,7,,,,,2026-01-07
11631043,Baseball Cards 2025 Topps Chrome Sapphire Update,Carson McCusker [Orange] #USC155,$35.00,,,,,,,,,,,$15.60,$38.99,,,,,,1,,,,,2026-01-07
11631046,Baseball Cards 2025 Topps Chrome Sapphire Update,Carson McCusker [Padparadscha] #USC155,,,,,,,,,,,,,,,,,,,0,,,,,2026-01-07
11631045,Baseball Cards 2025 Topps Chrome Sapphire Update,Carson McCusker [Red] #USC155,,,,,,,,,,,,,,,,,,,0,,,,,2026-01-07
11631129,Baseball Cards 2025 Topps Chrome Sapphire Update,Carson Palmquist #USC173,$1.29,,,,,,,,,,,,$1.39,,,,,,1,,,,,2026-01-07
11631134,Baseball Cards 2025 Topps Chrome Sapphire Update,Carson Palmquist [Black] #USC173,$7.13,,,,,,,,,,,$1.60,$7.79,,,,,,1,,,,,2026-01-07
11631132,Baseball Cards 2025 Topps Chrome Sapphire Update,Carson Palmquist [Gold] #USC173,$2.44,,$7.19,$13.78,$27.14,$40.73,$53.00,$24.00,$24.00,,,,$2.69,,,$1.60,$7.89,,8,,,,,2026-01-07
11631131,Baseball Cards 2025 Topps Chrome Sapphire Update,Carson Palmquist [Green] #USC173,$1.29,,,,,,,,,,,,$1.39,,,,,,1,,,,,2026-01-07
11631133,Baseball Cards 2025 Topps Chrome Sapphire Update,Carson Palmquist [Orange] #USC173,$2.50,,,,,,,,,,,,$2.79,,,,,,1,,,,,2026-01-07
11631139,Baseball Cards 2025 Topps Chrome Sapphire Update,Carson Palmquist [Padparadscha] #USC173,,,,,,,,,,,,,,,,,,,0,,,,,2026-01-07
11631136,Baseball Cards 2025 Topps Chrome Sapphire Update,Carson Palmquist [Red] #USC173,$80.00,,,,,,,,,,,$35.20,$87.99,,,,,,1,,,,,2026-01-07
11630845,Baseball Cards 2025 Topps Chrome Sapphire Update,Ceddanne Rafaela #USC126,$2.14,,$6.92,$13.33,$26.29,$39.47,$51.00,$24.00,$24.00,,,,$2.39,,,$1.50,$7.59,,10,,,,,2026-01-07
11630849,Baseball Cards 2025 Topps Chrome Sapphire Update,Ceddanne Rafaela [Black] #USC126,$37.00,,,,,,,,,,,$16.40,$40.99,,,,,,5,,,,,2026-01-07
11630848,Baseball Cards 2025 Topps Chrome Sapphire Update,Ceddanne Rafaela [Gold] #USC126,$7.90,,$12.11,$22.29,$43.22,$64.89,$84.00,$39.00,$39.00,,,$1.70,$8.69,,,$3.30,$12.99,,10,,,,,2026-01-07
11630846,Baseball Cards 2025 Topps Chrome Sapphire Update,Ceddanne Rafaela [Green] #USC126,$7.50,,$11.73,$21.65,$42.01,$63.13,$82.00,$38.00,$38.00,,,$1.70,$8.29,,,$3.30,$12.99,,8,,,,,2026-01-07
11630847,Baseball Cards 2025 Topps Chrome Sapphire Update,Ceddanne Rafaela [Orange] #USC126,$9.50,,,,,,,,,,,$2.00,$9.99,,,,,,1,,,,,2026-01-07
11630851,Baseball Cards 2025 Topps Chrome Sapphire Update,Ceddanne Rafaela [Padparadscha] #USC126,,,,,,,,,,,,,,,,,,,0,,,,,2026-01-07
11630850,Baseball Cards 2025 Topps Chrome Sapphire Update,Ceddanne Rafaela [Red] #USC126,$67.00,,$65.19,$114.25,$217.09,$327.24,$425.00,$196.00,$196.00,,,$29.60,$73.99,,,$28.80,$71.99,,6,,,,,2026-01-07
11630237,Baseball Cards 2025 Topps Chrome Sapphire Update,Cedric Mullins #USC40,$1.99,,$6.79,$13.09,$25.85,$38.81,$50.00,$23.00,$23.00,,,,$2.19,,,$1.50,$7.49,,8,,,,,2026-01-07
11630242,Baseball Cards 2025 Topps Chrome Sapphire Update,Cedric Mullins [Black] #USC40,,,,,,,,,,,,,,,,,,,0,,,,,2026-01-07
11630240,Baseball Cards 2025 Topps Chrome Sapphire Update,Cedric Mullins [Gold] #USC40,$1.99,,,,,,,,,,,,$2.19,,,,,,1,,,,,2026-01-07
11630239,Baseball Cards 2025 Topps Chrome Sapphire Update,Cedric Mullins [Green] #USC40,,,,,,,,,,,,,,,,,,,0,,,,,2026-01-07
11630241,Baseball Cards 2025 Topps Chrome Sapphire Update,Cedric Mullins [Orange] #USC40,$5.40,,$9.85,$18.38,$35.84,$53.84,$70.00,$32.00,$32.00,,,$1.20,$5.89,,,$2.80,$10.99,,8,,,,,2026-01-07
11630244,Baseball Cards 2025 Topps Chrome Sapphire Update,Cedric Mullins [Padparadscha] #USC40,,,,,,,,,,,,,,,,,,,0,,,,,2026-01-07
11630243,Baseball Cards 2025 Topps Chrome Sapphire Update,Cedric Mullins [Red] #USC40,,,,,,,,,,,,,,,,,,,0,,,,,2026-01-07
11630592,Baseball Cards 2025 Topps Chrome Sapphire Update,Chad Patrick #USC90,$1.85,,$6.66,$12.87,$25.43,$38.17,$50.00,$23.00,$23.00,,,,$1.99,,,$1.50,$7.29,,37,,,,,2026-01-07
11630596,Baseball Cards 2025 Topps Chrome Sapphire Update,Chad Patrick [Black] #USC90,$95.00,,,,,,,,,,,$52.50,$105.00,,,,,,4,,,,,2026-01-07
11630595,Baseball Cards 2025 Topps Chrome Sapphire Update,Chad Patrick [Gold] #USC90,,,,,,,,,,,,,,,,,,,0,,,,,2026-01-07
11630594,Baseball Cards 2025 Topps Chrome Sapphire Update,Chad Patrick [Green] #USC90,$7.25,,$11.51,$21.28,$41.33,$62.16,$81.00,$37.00,$37.00,,,$1.60,$7.99,,,$3.30,$12.99,,8,,,,,2026-01-07
11630597,Baseball Cards 2025 Topps Chrome Sapphire Update,Chad Patrick [Orange] #USC90,,,,,,,,,,,,,,,,,,,0,,,,,2026-01-07
11630599,Baseball Cards 2025 Topps Chrome Sapphire Update,Chad Patrick [Padparadscha] #USC90,,,,,,,,,,,,,,,,,,,0,,,,,2026-01-07
11630598,Baseball Cards 2025 Topps Chrome Sapphire Update,Chad Patrick [Red] #USC90,,,,,,,,,,,,,,,,,,,0,,,,,2026-01-07
11630079,Baseball Cards 2025 Topps Chrome Sapphire Update,Chandler Simpson #USC17,$1.82,,$6.79,$13.09,$25.84,$38.78,$50.00,$23.00,$23.00,,,,$1.99,,,$1.50,$7.49,,81,,,,,2026-01-07
11631214,Baseball Cards 2025 Topps Chrome Sapphire Update,Chandler Simpson #USC179,$2.04,,$6.83,$13.16,$25.97,$38.98,$51.00,$23.00,$23.00,,,,$2.19,,,$1.50,$7.49,,118,,,,,2026-01-07
11630082,Baseball Cards 2025 Topps Chrome Sapphire Update,Chandler Simpson [Black] #USC17,$93.78,,$89.07,$155.32,$294.48,$442.31,$575.00,$265.00,$265.00,,,$51.50,$103.00,,,$39.20,$97.99,,9,,,,,2026-01-07
11631228,Baseball Cards 2025 Topps Chrome Sapphire Update,Chandler Simpson [Black] #USC179,$175.00,,,,,,,,,,,$96.50,$193.00,,,,,,1,,,,,2026-01-07
11630081,Baseball Cards 2025 Topps Chrome Sapphire Update,Chandler Simpson [Gold] #USC17,$20.91,,$23.78,$42.53,$81.50,$122.75,$160.00,$74.00,$74.00,,,$6.90,$22.99,,,$7.80,$25.99,,12,,,,,2026-01-07
11631223,Baseball Cards 2025 Topps Chrome Sapphire Update,Chandler Simpson [Gold] #USC179,$40.00,,$40.89,$72.09,$137.32,$206.52,$268.00,$124.00,$124.00,,,$17.60,$43.99,,,$18.00,$44.99,,5,,,,,2026-01-07
11630080,Baseball Cards 2025 Topps Chrome Sapphire Update,Chandler Simpson [Green] #USC17,$9.22,,$15.77,$28.62,$55.18,$82.93,$108.00,$50.00,$50.00,,,$2.00,$9.99,,,$4.30,$16.99,,18,,,,,2026-01-07
11631221,Baseball Cards 2025 Topps Chrome Sapphire Update,Chandler Simpson [Green] #USC179,$12.54,,$21.03,$37.74,$72.41,$108.85,$142.00,$65.00,$65.00,,,$3.50,$13.99,,,$6.90,$22.99,,15,,,,,2026-01-07
11630083,Baseball Cards 2025 Topps Chrome Sapphire Update,Chandler Simpson [Orange] #USC17,$40.00,,,,,,,,,,,$17.60,$43.99,,,,,,1,,,,,2026-01-07
11631225,Baseball Cards 2025 Topps Chrome Sapphire Update,Chandler Simpson [Orange] #USC179,$49.99,,,,,,,,,,,$22.00,$54.99,,,,,,1,,,,,2026-01-07
11630084,Baseball Cards 2025 Topps Chrome Sapphire Update,Chandler Simpson [Padparadscha] #USC17,,,,,,,,,,,,,,,,,,,0,,,,,2026-01-07
11631230,Baseball Cards 2025 Topps Chrome Sapphire Update,Chandler Simpson [Padparadscha] #USC179,,,,,,,,,,,,,,,,,,,0,,,,,2026-01-07
11630085,Baseball Cards 2025 Topps Chrome Sapphire Update,Chandler Simpson [Red] #USC17,$115.50,,,,,,,,,,,$63.50,$127.00,,,,,,1,,,,,2026-01-07
11631229,Baseball Cards 2025 Topps Chrome Sapphire Update,Chandler Simpson [Red] #USC179,,,,,,,,,,,,,,,,,,,0,,,,,2026-01-07
11631159,Baseball Cards 2025 Topps Chrome Sapphire Update,Chase Dollander #USC175,$1.25,,$6.12,$11.94,$23.67,$35.52,$46.00,$21.00,$21.00,,,,$1.39,,,$1.30,$6.69,,31,,,,,2026-01-07
11630086,Baseball Cards 2025 Topps Chrome Sapphire Update,Chase Dollander #USC18,$2.29,,$6.14,$11.97,$23.72,$35.58,$46.00,$21.00,$21.00,,,,$2.49,,,$1.40,$6.79,,64,,,,,2026-01-07
11631174,Baseball Cards 2025 Topps Chrome Sapphire Update,Chase Dollander [Black] #USC175,,,,,,,,,,,,,,,,,,,0,,,,,2026-01-07
11630090,Baseball Cards 2025 Topps Chrome Sapphire Update,Chase Dollander [Black] #USC18,,,,,,,,,,,,,,,,,,,0,,,,,2026-01-07
11631172,Baseball Cards 2025 Topps Chrome Sapphire Update,Chase Dollander [Gold] #USC175,$22.49,,$25.17,$44.87,$85.86,$128.97,$168.00,$77.00,$77.00,,,$7.50,$24.99,,,$8.40,$27.99,,9,,,,,2026-01-07
11630088,Baseball Cards 2025 Topps Chrome Sapphire Update,Chase Dollander [Gold] #USC18,$11.51,,$15.33,$27.87,$53.77,$80.84,$105.00,$49.00,$49.00,,,$3.30,$12.99,,,$4.30,$16.99,,15,,,,,2026-01-07
11631169,Baseball Cards 2025 Topps Chrome Sapphire Update,Chase Dollander [Green] #USC175,$9.00,,$13.07,$23.95,$46.34,$69.57,$90.00,$42.00,$42.00,,,$2.00,$9.89,,,$3.50,$13.99,,11,,,,,2026-01-07
11630087,Baseball Cards 2025 Topps Chrome Sapphire Update,Chase Dollander [Green] #USC18,$6.11,,$10.49,$19.49,$37.93,$56.95,$74.00,$34.00,$34.00,,,$1.30,$6.69,,,$3.00,$11.99,,11,,,,,2026-01-07
11631173,Baseball Cards 2025 Topps Chrome Sapphire Update,Chase Dollander [Orange] #USC175,$27.25,,$29.43,$52.23,$99.76,$149.83,$195.00,$90.00,$90.00,,,$9.00,$29.99,,,$9.60,$31.99,,5,,,,,2026-01-07
11630089,Baseball Cards 2025 Topps Chrome Sapphire Update,Chase Dollander [Orange] #USC18,,,,,,,,,,,,,,,,,,,0,,,,,2026-01-07
11631176,Baseball Cards 2025 Topps Chrome Sapphire Update,Chase Dollander [Padparadscha] #USC175,,,,,,,,,,,,,,,,,,,0,,,,,2026-01-07
11630092,Baseball Cards 2025 Topps Chrome Sapphire Update,Chase Dollander [Padparadscha] #USC18,,,,,,,,,,,,,,,,,,,0,,,,,2026-01-07
11631175,Baseball Cards 2025 Topps Chrome Sapphire Update,Chase Dollander [Red] #USC175,,,,,,,,,,,,,,,,,,,0,,,,,2026-01-07
11630091,Baseball Cards 2025 Topps Chrome Sapphire Update,Chase Dollander [Red] #USC18,,,,,,,,,,,,,,,,,,,0,,,,,2026-01-07
11630259,Baseball Cards 2025 Topps Chrome Sapphire Update,Chase Lee #USC43,$1.00,,$5.90,$11.55,$22.94,$34.42,$45.00,$21.00,$21.00,,,,$1.09,,,$1.30,$6.49,,25,,,,,2026-01-07
11630262,Baseball Cards 2025 Topps Chrome Sapphire Update,Chase Lee [Black] #USC43,$36.00,,,,,,,,,,,$16.00,$39.99,,,,,,1,,,,,2026-01-07
11630261,Baseball Cards 2025 Topps Chrome Sapphire Update,Chase Lee [Gold] #USC43,$2.25,,,,,,,,,,,,$2.49,,,,,,1,,,,,2026-01-07
11630260,Baseball Cards 2025 Topps Chrome Sapphire Update,Chase Lee [Green] #USC43,$3.08,,$7.77,$14.79,$29.06,$43.66,$57.00,$26.00,$26.00,,,,$3.39,,,$1.70,$8.59,,9,,,,,2026-01-07
11630263,Baseball Cards 2025 Topps Chrome Sapphire Update,Chase Lee [Orange] #USC43,$3.00,,,,,,,,,,,,$3.29,,,,,,1,,,,,2026-01-07
11630268,Baseball Cards 2025 Topps Chrome Sapphire Update,Chase Lee [Padparadscha] #USC43,,,,,,,,,,,,,,,,,,,0,,,,,2026-01-07
11630264,Baseball Cards 2025 Topps Chrome Sapphire Update,Chase Lee [Red] #USC43,$63.00,,,,,,,,,,,$27.60,$68.99,,,,,,1,,,,,2026-01-07
11630483,Baseball Cards 2025 Topps Chrome Sapphire Update,Chase Meidroth #USC75,$2.23,,$7.07,$13.58,$26.77,$40.18,$52.00,$24.00,$24.00,,,,$2.49,,,$1.60,$7.79,,72,,,,,2026-01-07
11631360,Baseball Cards 2025 Topps Chrome Sapphire Update,Chase Meidroth [Black] #USC75,$76.50,,$73.57,$128.52,$243.83,$366.14,$476.00,$220.00,$220.00,,,$33.60,$83.99,,,$32.40,$80.99,,5,,,,,2026-01-07
11630485,Baseball Cards 2025 Topps Chrome Sapphire Update,Chase Meidroth [Gold] #USC75,$15.48,,$16.21,$29.37,$56.58,$84.95,$110.00,$51.00,$51.00,,,$4.30,$16.99,,,$4.50,$17.99,,13,,,,,2026-01-07
11630484,Baseball Cards 2025 Topps Chrome Sapphire Update,Chase Meidroth [Green] #USC75,$6.43,,$10.72,$19.89,$38.69,$58.12,$76.00,$35.00,$35.00,,,$1.40,$7.09,,,$3.00,$11.99,,12,,,,,2026-01-07
11630486,Baseball Cards 2025 Topps Chrome Sapphire Update,Chase Meidroth [Orange] #USC75,$35.50,,,,,,,,,,,$15.60,$38.99,,,,,,7,,,,,2026-01-07
11630487,Baseball Cards 2025 Topps Chrome Sapphire Update,Chase Meidroth [Padparadscha] #USC75,,,,,,,,,,,,,,,,,,,0,,,,,2026-01-07
11630488,Baseball Cards 2025 Topps Chrome Sapphire Update,Chase Meidroth [Red] #USC75,$110.00,,,,,,,,,,,$60.50,$121.00,,,,,,1,,,,,2026-01-07
11630641,Baseball Cards 2025 Topps Chrome Sapphire Update,Chase Petty #USC97,$1.50,,$6.63,$12.83,$25.35,$38.07,$49.00,$23.00,$23.00,,,,$1.69,,,$1.50,$7.29,,23,,,,,2026-01-07
11630645,Baseball Cards 2025 Topps Chrome Sapphire Update,Chase Petty [Black] #USC97,$16.55,,,,,,,,,,,$4.50,$17.99,,,,,,4,,,,,2026-01-07
11630643,Baseball Cards 2025 Topps Chrome Sapphire Update,Chase Petty [Gold] #USC97,$18.08,,$21.21,$38.03,$72.95,$109.57,$142.00,$66.00,$66.00,,,$5.00,$19.99,,,$6.90,$22.99,,10,,,,,2026-01-07
11630642,Baseball Cards 2025 Topps Chrome Sapphire Update,Chase Petty [Green] #USC97,$1.46,,,,,,,,,,,,$1.59,,,,,,1,,,,,2026-01-07
11630644,Baseball Cards 2025 Topps Chrome Sapphire Update,Chase Petty [Orange] #USC97,,,,,,,,,,,,,,,,,,,0,,,,,2026-01-07
11630647,Baseball Cards 2025 Topps Chrome Sapphire Update,Chase Petty [Padparadscha] #USC97,,,,,,,,,,,,,,,,,,,0,,,,,2026-01-07
11630646,Baseball Cards 2025 Topps Chrome Sapphire Update,Chase Petty [Red] #USC97,,,,,,,,,,,,,,,,,,,0,,,,,2026-01-07
11630032,Baseball Cards 2025 Topps Chrome Sapphire Update,Chris Paddack #USC10,$2.29,,$7.05,$13.55,$26.70,$40.07,$52.00,$24.00,$24.00,,,,$2.49,,,$1.60,$7.79,,12,,,,,2026-01-07
11630036,Baseball Cards 2025 Topps Chrome Sapphire Update,Chris Paddack [Black] #USC10,$1.25,,,,,,,,,,,,$1.39,,,,,,1,,,,,2026-01-07
11630034,Baseball Cards 2025 Topps Chrome Sapphire Update,Chris Paddack [Gold] #USC10,$2.26,,$7.02,$13.49,$26.59,$39.91,$52.00,$24.00,$24.00,,,,$2.49,,,$1.50,$7.69,,12,,,,,2026-01-07
11630033,Baseball Cards 2025 Topps Chrome Sapphire Update,Chris Paddack [Green] #USC10,$0.99,,,,,,,,,,,,$1.09,,,,,,1,,,,,2026-01-07
11630035,Baseball Cards 2025 Topps Chrome Sapphire Update,Chris Paddack [Orange] #USC10,,,,,,,,,,,,,,,,,,,0,,,,,2026-01-07
11630037,Baseball Cards 2025 Topps Chrome Sapphire Update,Chris Paddack [Padparadscha] #USC10,,,,,,,,,,,,,,,,,,,0,,,,,2026-01-07
11630038,Baseball Cards 2025 Topps Chrome Sapphire Update,Chris Paddack [Red] #USC10,,,,,,,,,,,,,,,,,,,0,,,,,2026-01-07
11630142,Baseball Cards 2025 Topps Chrome Sapphire Update,Christian Koss #USC26,$1.57,,$6.78,$13.08,$25.83,$38.75,$50.00,$23.00,$23.00,,,,$1.69,,,$1.50,$7.49,,14,,,,,2026-01-07
11630146,Baseball Cards 2025 Topps Chrome Sapphire Update,Christian Koss [Black] #USC26,$25.00,,$27.42,$48.77,$93.23,$140.07,$182.00,$84.00,$84.00,,,$8.40,$27.99,,,$9.00,$29.99,,6,,,,,2026-01-07
11630143,Baseball Cards 2025 Topps Chrome Sapphire Update,Christian Koss [Gold] #USC26,,,,,,,,,,,,,,,,,,,0,,,,,2026-01-07
11630144,Baseball Cards 2025 Topps Chrome Sapphire Update,Christian Koss [Green] #USC26,$1.00,,$5.90,$11.56,$22.94,$34.44,$45.00,$21.00,$21.00,,,,$1.09,,,$1.30,$6.49,,8,,,,,2026-01-07
11630145,Baseball Cards 2025 Topps Chrome Sapphire Update,Christian Koss [Orange] #USC26,$14.99,,,,,,,,,,,$4.00,$15.99,,,,,,1,,,,,2026-01-07
11630147,Baseball Cards 2025 Topps Chrome Sapphire Update,Christian Koss [Padparadscha] #USC26,,,,,,,,,,,,,,,,,,,0,,,,,2026-01-07
11630148,Baseball Cards 2025 Topps Chrome Sapphire Update,Christian Koss [Red] #USC26,,,,,,,,,,,,,,,,,,,0,,,,,2026-01-07
11630168,Baseball Cards 2025 Topps Chrome Sapphire Update,Clay Holmes #USC30,$2.40,,$7.05,$13.55,$26.71,$40.10,$52.00,$24.00,$24.00,,,,$2.59,,,$1.60,$7.79,,14,,,,,2026-01-07
11630173,Baseball Cards 2025 Topps Chrome Sapphire Update,Clay Holmes [Black] #USC30,,,,,,,,,,,,,,,,,,,0,,,,,2026-01-07
11630172,Baseball Cards 2025 Topps Chrome Sapphire Update,Clay Holmes [Gold] #USC30,$6.30,,$10.55,$19.62,$38.18,$57.43,$75.00,$34.00,$34.00,,,$1.40,$6.89,,,$3.00,$11.99,,14,,,,,2026-01-07
11630170,Baseball Cards 2025 Topps Chrome Sapphire Update,Clay Holmes [Green] #USC30,$1.21,,,,,,,,,,,,$1.29,,,,,,5,,,,,2026-01-07
11630171,Baseball Cards 2025 Topps Chrome Sapphire Update,Clay Holmes [Orange] #USC30,$5.50,,,,,,,,,,,$1.20,$6.09,,,,,,1,,,,,2026-01-07
11630175,Baseball Cards 2025 Topps Chrome Sapphire Update,Clay Holmes [Padparadscha] #USC30,,,,,,,,,,,,,,,,,,,0,,,,,2026-01-07
11630174,Baseball Cards 2025 Topps Chrome Sapphire Update,Clay Holmes [Red] #USC30,$74.99,,,,,,,,,,,$32.80,$81.99,,,,,,1,,,,,2026-01-07
11630620,Baseball Cards 2025 Topps Chrome Sapphire Update,Coby Mayo #USC94,$2.37,,$7.13,$13.67,$26.94,$40.43,$53.00,$24.00,$24.00,,,,$2.59,,,$1.60,$7.79,,68,,,,,2026-01-07
11630624,Baseball Cards 2025 Topps Chrome Sapphire Update,Coby Mayo [Black] #USC94,$89.00,,,,,,,,,,,$39.20,$97.99,,,,,,1,,,,,2026-01-07
11630622,Baseball Cards 2025 Topps Chrome Sapphire Update,Coby Mayo [Gold] #USC94,$14.88,,$18.36,$33.13,$63.71,$95.85,$125.00,$58.00,$58.00,,,$4.00,$15.99,,,$5.00,$19.99,,9,,,,,2026-01-07
11630621,Baseball Cards 2025 Topps Chrome Sapphire Update,Coby Mayo [Green] #USC94,$5.69,,$10.10,$18.82,$36.67,$55.05,$72.00,$33.00,$33.00,,,$1.30,$6.29,,,$2.80,$10.99,,14,,,,,2026-01-07
11630623,Baseball Cards 2025 Topps Chrome Sapphire Update,Coby Mayo [Orange] #USC94,$51.00,,$50.76,$89.17,$98.00,$99.99,$130.00,$60.00,$60.00,,,$22.40,$55.99,,,$22.40,$55.99,,8,,,,,2026-01-07
11630626,Baseball Cards 2025 Topps Chrome Sapphire Update,Coby Mayo [Padparadscha] #USC94,,,,,,,,,,,,,,,,,,,0,,,,,2026-01-07
11630625,Baseball Cards 2025 Topps Chrome Sapphire Update,Coby Mayo [Red] #USC94,,,,,,,,,,,,,,,,,,,0,,,,,2026-01-07
11630463,Baseball Cards 2025 Topps Chrome Sapphire Update,Cole Henry #USC72,$1.25,,$6.12,$11.94,$23.67,$35.53,$46.00,$21.00,$21.00,,,,$1.39,,,$1.30,$6.69,,23,,,,,2026-01-07
11630467,Baseball Cards 2025 Topps Chrome Sapphire Update,Cole Henry [Black] #USC72,$48.00,,,,,,,,,,,$21.20,$52.99,,,,,,1,,,,,2026-01-07
11630465,Baseball Cards 2025 Topps Chrome Sapphire Update,Cole Henry [Gold] #USC72,$14.69,,,,,,,,,,,$4.00,$15.99,,,,,,4,,,,,2026-01-07
11630464,Baseball Cards 2025 Topps Chrome Sapphire Update,Cole Henry [Green] #USC72,$1.04,,$5.93,$11.61,$23.04,$34.57,$45.00,$21.00,$21.00,,,,$1.09,,,$1.30,$6.49,,6,,,,,2026-01-07
11630466,Baseball Cards 2025 Topps Chrome Sapphire Update,Cole Henry [Orange] #USC72,$1.50,,$6.24,$12.14,$24.04,$36.07,$47.00,$22.00,$22.00,,,,$1.69,,,$1.40,$6.89,,8,,,,,2026-01-07
11630468,Baseball Cards 2025 Topps Chrome Sapphire Update,Cole Henry [Padparadscha] #USC72,,,,,,,,,,,,,,,,,,,0,,,,,2026-01-07
11631359,Baseball Cards 2025 Topps Chrome Sapphire Update,Cole Henry [Red] #USC72,$129.99,,,,,,,,,,,$71.50,$143.00,,,,,,1,,,,,2026-01-07
11630121,Baseball Cards 2025 Topps Chrome Sapphire Update,Colton Gordon #USC23,$1.23,,$6.12,$11.94,$23.66,$35.50,$46.00,$21.00,$21.00,,,,$1.39,,,$1.30,$6.69,,10,,,,,2026-01-07
11630125,Baseball Cards 2025 Topps Chrome Sapphire Update,Colton Gordon [Black] #USC23,,,,,,,,,,,,,,,,,,,0,,,,,2026-01-07
11630122,Baseball Cards 2025 Topps Chrome Sapphire Update,Colton Gordon [Gold] #USC23,$4.90,,,,,,,,,,,$1.10,$5.39,,,,,,4,,,,,2026-01-07
11630123,Baseball Cards 2025 Topps Chrome Sapphire Update,Colton Gordon [Green] #USC23,,,,,,,,,,,,,,,,,,,0,,,,,2026-01-07
11630124,Baseball Cards 2025 Topps Chrome Sapphire Update,Colton Gordon [Orange] #USC23,$10.53,,,,,,,,,,,$3.00,$11.99,,,,,,1,,,,,2026-01-07
11630127,Baseball Cards 2025 Topps Chrome Sapphire Update,Colton Gordon [Padparadscha] #USC23,,,,,,,,,,,,,,,,,,,0,,,,,2026-01-07
11630126,Baseball Cards 2025 Topps Chrome Sapphire Update,Colton Gordon [Red] #USC23,$13.51,,$17.12,$30.97,$59.63,$89.63,$117.00,$54.00,$54.00,,,$3.80,$14.99,,,$4.80,$18.99,,5,,,,,2026-01-07
11631251,Baseball Cards 2025 Topps Chrome Sapphire Update,Connor Thomas #USC192,$2.60,,$6.78,$13.08,$25.82,$38.75,$50.00,$23.00,$23.00,,,,$2.89,,,$1.50,$7.49,,11,,,,,2026-01-07
11631260,Baseball Cards 2025 Topps Chrome Sapphire Update,Connor Thomas [Black] #USC192,,,,,,,,,,,,,,,,,,,0,,,,,2026-01-07
11631256,Baseball Cards 2025 Topps Chrome Sapphire Update,Connor Thomas [Gold] #USC192,$3.00,,$8.09,$15.34,$30.08,$45.16,$59.00,$27.00,$27.00,,,,$3.29,,,$1.80,$8.89,,14,,,,,2026-01-07
11631253,Baseball Cards 2025 Topps Chrome Sapphire Update,Connor Thomas [Green] #USC192,$4.97,,$9.46,$17.71,$34.55,$51.87,$67.00,$31.00,$31.00,,,$1.10,$5.49,,,$2.00,$9.99,,16,,,,,2026-01-07
11631258,Baseball Cards 2025 Topps Chrome Sapphire Update,Connor Thomas [Orange] #USC192,$8.00,,$12.18,$22.42,$43.48,$65.34,$85.00,$39.00,$39.00,,,$1.80,$8.79,,,$3.30,$12.99,,7,,,,,2026-01-07
11631265,Baseball Cards 2025 Topps Chrome Sapphire Update,Connor Thomas [Padparadscha] #USC192,,,,,,,,,,,,,,,,,,,0,,,,,2026-01-07
11631262,Baseball Cards 2025 Topps Chrome Sapphire Update,Connor Thomas [Red] #USC192,,,,,,,,,,,,,,,,,,,0,,,,,2026-01-07
11630880,Baseball Cards 2025 Topps Chrome Sapphire Update,Craig Yoho #USC131,$2.50,,$7.28,$13.94,$27.43,$41.16,$54.00,$25.00,$25.00,,,,$2.79,,,$1.60,$7.99,,32,,,,,2026-01-07
11630883,Baseball Cards 2025 Topps Chrome Sapphire Update,Craig Yoho [Black] #USC131,,,,,,,,,,,,,,,,,,,0,,,,,2026-01-07
11630882,Baseball Cards 2025 Topps Chrome Sapphire Update,Craig Yoho [Gold] #USC131,$10.68,,$17.69,$31.97,$61.54,$92.66,$120.00,$56.00,$56.00,,,$3.00,$11.99,,,$4.80,$18.99,,6,,,,,2026-01-07
11630881,Baseball Cards 2025 Topps Chrome Sapphire Update,Craig Yoho [Green] #USC131,$3.99,,$7.35,$14.07,$27.70,$41.60,$54.00,$25.00,$25.00,,,$0.90,$4.39,,,$1.60,$8.09,,16,,,,,2026-01-07
11631365,Baseball Cards 2025 Topps Chrome Sapphire Update,Craig Yoho [Orange] #USC131,$14.56,,,,,,,,,,,$4.00,$15.99,,,,,,1,,,,,2026-01-07
11630885,Baseball Cards 2025 Topps Chrome Sapphire Update,Craig Yoho [Padparadscha] #USC131,,,,,,,,,,,,,,,,,,,0,,,,,2026-01-07
11630884,Baseball Cards 2025 Topps Chrome Sapphire Update,Craig Yoho [Red] #USC131,$85.00,,,,,,,,,,,$37.60,$93.99,,,,,,1,,,,,2026-01-07
11630866,Baseball Cards 2025 Topps Chrome Sapphire Update,Dalton Rushing #USC129,$2.25,,$7.02,$13.49,$26.59,$39.90,$52.00,$24.00,$24.00,,,,$2.49,,,$1.50,$7.69,,138,,,,,2026-01-07
11631013,Baseball Cards 2025 Topps Chrome Sapphire Update,Dalton Rushing #USC151,$3.53,,$8.22,$15.56,$30.51,$45.78,$60.00,$27.00,$27.00,,,$0.80,$3.89,,,$1.80,$8.99,,135,,,,,2026-01-07
11630869,Baseball Cards 2025 Topps Chrome Sapphire Update,Dalton Rushing [Black] #USC129,$189.32,,$174.87,$303.89,$575.30,$865.56,$1125.00,$519.00,$519.00,,,$104.00,$208.00,,,$96.00,$192.00,,7,,,,,2026-01-07
11631017,Baseball Cards 2025 Topps Chrome Sapphire Update,Dalton Rushing [Black] #USC151,,,,,,,,,,,,,,,,,,,0,,,,,2026-01-07
11630868,Baseball Cards 2025 Topps Chrome Sapphire Update,Dalton Rushing [Gold] #USC129,$15.35,,$24.96,$44.51,$85.20,$128.02,$166.00,$77.00,$77.00,,,$4.30,$16.99,,,$8.10,$26.99,,11,,,,,2026-01-07
11631015,Baseball Cards 2025 Topps Chrome Sapphire Update,Dalton Rushing [Gold] #USC151,$19.95,,$22.89,$40.93,$78.42,$117.79,$153.00,$71.00,$71.00,,,$6.60,$21.99,,,$7.50,$24.99,,9,,,,,2026-01-07
11630867,Baseball Cards 2025 Topps Chrome Sapphire Update,Dalton Rushing [Green] #USC129,$21.27,,$24.11,$43.08,$82.53,$124.23,$162.00,$75.00,$75.00,,,$6.90,$22.99,,,$8.10,$26.99,,20,,,,,2026-01-07
11631014,Baseball Cards 2025 Topps Chrome Sapphire Update,Dalton Rushing [Green] #USC151,$24.00,,,,,,,,,,,$7.80,$25.99,,,,,,1,,,,,2026-01-07
11630870,Baseball Cards 2025 Topps Chrome Sapphire Update,Dalton Rushing [Orange] #USC129,$80.92,,$77.65,$135.77,$257.70,$388.10,$505.00,$233.00,$233.00,,,$35.60,$88.99,,,$34.00,$84.99,,12,,,,,2026-01-07
11631016,Baseball Cards 2025 Topps Chrome Sapphire Update,Dalton Rushing [Orange] #USC151,,,,,,,,,,,,,,,,,,,0,,,,,2026-01-07
11630872,Baseball Cards 2025 Topps Chrome Sapphire Update,Dalton Rushing [Padparadscha] #USC129,,,,,,,,,,,,,,,,,,,0,,,,,2026-01-07
11631019,Baseball Cards 2025 Topps Chrome Sapphire Update,Dalton Rushing [Padparadscha] #USC151,,,,,,,,,,,,,,,,,,,0,,,,,2026-01-07
11630871,Baseball Cards 2025 Topps Chrome Sapphire Update,Dalton Rushing [Red] #USC129,$310.50,,$283.66,$492.19,$931.18,$1401.60,$1822.00,$841.00,$841.00,,,$171.00,$342.00,,,$156.00,$312.00,,7,,,,,2026-01-07
11631018,Baseball Cards 2025 Topps Chrome Sapphire Update,Dalton Rushing [Red] #USC151,,,,,,,,,,,,,,,,,,,0,,,,,2026-01-07
11630817,Baseball Cards 2025 Topps Chrome Sapphire Update,Danny Jansen #USC122,$1.99,,$6.78,$13.09,$25.83,$38.76,$50.00,$23.00,$23.00,,,,$2.19,,,$1.50,$7.49,,15,,,,,2026-01-07
11630821,Baseball Cards 2025 Topps Chrome Sapphire Update,Danny Jansen [Black] #USC122,,,,,,,,,,,,,,,,,,,0,,,,,2026-01-07
11630819,Baseball Cards 2025 Topps Chrome Sapphire Update,Danny Jansen [Gold] #USC122,$7.12,,,,,,,,,,,$1.60,$7.79,,,,,,9,,,,,2026-01-07
11630818,Baseball Cards 2025 Topps Chrome Sapphire Update,Danny Jansen [Green] #USC122,$1.51,,$6.35,$12.34,$24.42,$36.64,$48.00,$22.00,$22.00,,,,$1.69,,,$1.40,$6.99,,10,,,,,2026-01-07
11630820,Baseball Cards 2025 Topps Chrome Sapphire Update,Danny Jansen [Orange] #USC122,$3.00,,,,,,,,,,,,$3.29,,,,,,1,,,,,2026-01-07
11630823,Baseball Cards 2025 Topps Chrome Sapphire Update,Danny Jansen [Padparadscha] #USC122,,,,,,,,,,,,,,,,,,,0,,,,,2026-01-07
11630822,Baseball Cards 2025 Topps Chrome Sapphire Update,Danny Jansen [Red] #USC122,,,,,,,,,,,,,,,,,,,0,,,,,2026-01-07
11631259,Baseball Cards 2025 Topps Chrome Sapphire Update,David Bednar #USC182,$2.49,,$7.24,$13.87,$27.32,$41.04,$53.00,$25.00,$25.00,,,,$2.69,,,$1.60,$7.99,,25,,,,,2026-01-07
11631267,Baseball Cards 2025 Topps Chrome Sapphire Update,David Bednar [Black] #USC182,$119.99,,,,,,,,,,,$66.00,$132.00,,,,,,1,,,,,2026-01-07
11631263,Baseball Cards 2025 Topps Chrome Sapphire Update,David Bednar [Gold] #USC182,$18.00,,$21.14,$37.92,$72.73,$109.27,$142.00,$66.00,$66.00,,,$5.00,$19.99,,,$6.90,$22.99,,9,,,,,2026-01-07
11631261,Baseball Cards 2025 Topps Chrome Sapphire Update,David Bednar [Green] #USC182,$15.59,,$19.00,$34.23,$65.79,$98.97,$129.00,$59.00,$59.00,,,$4.30,$16.99,,,$6.30,$20.99,,5,,,,,2026-01-07
11631264,Baseball Cards 2025 Topps Chrome Sapphire Update,David Bednar [Orange] #USC182,$15.50,,$18.90,$34.02,$65.37,$98.15,$128.00,$59.00,$59.00,,,$4.30,$16.99,,,$6.30,$20.99,,6,,,,,2026-01-07
11631270,Baseball Cards 2025 Topps Chrome Sapphire Update,David Bednar [Padparadscha] #USC182,,,,,,,,,,,,,,,,,,,0,,,,,2026-01-07
11631268,Baseball Cards 2025 Topps Chrome Sapphire Update,David Bednar [Red] #USC182,,,,,,,,,,,,,,,,,,,0,,,,,2026-01-07
11630189,Baseball Cards 2025 Topps Chrome Sapphire Update,David Morgan #USC33,$2.00,,$6.80,$13.11,$25.88,$38.87,$51.00,$23.00,$23.00,,,,$2.19,,,$1.50,$7.49,,29,,,,,2026-01-07
11630193,Baseball Cards 2025 Topps Chrome Sapphire Update,David Morgan [Black] #USC33,,,,$100.00,$110.00,,,,,,,,,,,,,,1,,,,,2026-01-07
11630191,Baseball Cards 2025 Topps Chrome Sapphire Update,David Morgan [Gold] #USC33,$16.42,,$19.74,$35.52,$68.24,$102.67,$133.00,$62.00,$62.00,,,$4.50,$17.99,,,$6.60,$21.99,,11,,,,,2026-01-07
11630190,Baseball Cards 2025 Topps Chrome Sapphire Update,David Morgan [Green] #USC33,$1.25,,$6.12,$11.94,$23.67,$35.53,$46.00,$21.00,$21.00,,,,$1.39,,,$1.30,$6.69,,10,,,,,2026-01-07
11630192,Baseball Cards 2025 Topps Chrome Sapphire Update,David Morgan [Orange] #USC33,$5.00,,,,,,,,,,,$1.10,$5.49,,,,,,1,,,,,2026-01-07
11630195,Baseball Cards 2025 Topps Chrome Sapphire Update,David Morgan [Padparadscha] #USC33,,,,,,,,,,,,,,,,,,,0,,,,,2026-01-07
11630194,Baseball Cards 2025 Topps Chrome Sapphire Update,David Morgan [Red] #USC33,,,,,,,,,,,,,,,,,,,0,,,,,2026-01-07
11630980,Baseball Cards 2025 Topps Chrome Sapphire Update,Daylen Lile #USC146,$4.07,,$8.52,$16.08,$31.48,$47.26,$61.00,$28.00,$28.00,,,$0.90,$4.49,,,$1.90,$9.39,,73,,,,,2026-01-07
11630985,Baseball Cards 2025 Topps Chrome Sapphire Update,Daylen Lile [Black] #USC146,$153.49,,,,,,,,,,,$84.50,$169.00,,,,,,1,,,,,2026-01-07
11630984,Baseball Cards 2025 Topps Chrome Sapphire Update,Daylen Lile [Gold] #USC146,$44.75,,$45.16,$79.50,$151.33,$227.70,$296.00,$137.00,$137.00,,,$19.60,$48.99,,,$20.00,$49.99,,17,,,,,2026-01-07
11630982,Baseball Cards 2025 Topps Chrome Sapphire Update,Daylen Lile [Green] #USC146,$8.50,,$12.62,$23.18,$44.90,$67.43,$88.00,$40.00,$40.00,,,$1.90,$9.39,,,$3.50,$13.99,,12,,,,,2026-01-07
11630983,Baseball Cards 2025 Topps Chrome Sapphire Update,Daylen Lile [Orange] #USC146,,,,,,,,,,,,,,,,,,,0,,,,,2026-01-07
11630987,Baseball Cards 2025 Topps Chrome Sapphire Update,Daylen Lile [Padparadscha] #USC146,,,,,,,,,,,,,,,,,,,0,,,,,2026-01-07
11630986,Baseball Cards 2025 Topps Chrome Sapphire Update,Daylen Lile [Red] #USC146,,,,,,,,,,,,,,,,,,,0,,,,,2026-01-07
11630065,Baseball Cards 2025 Topps Chrome Sapphire Update,Denzel Clarke #USC15,$2.55,,$7.29,$13.95,$27.47,$41.22,$54.00,$25.00,$25.00,,,,$2.79,,,$1.60,$7.99,,67,,,,,2026-01-07
11630071,Baseball Cards 2025 Topps Chrome Sapphire Update,Denzel Clarke [Black] #USC15,$120.00,,,,,,,,,,,$66.00,$132.00,,,,,,1,,,,,2026-01-07
11630067,Baseball Cards 2025 Topps Chrome Sapphire Update,Denzel Clarke [Gold] #USC15,$36.25,,$37.56,$66.38,$126.57,$190.65,$248.00,$114.00,$114.00,,,$16.00,$39.99,,,$16.40,$40.99,,12,,,,,2026-01-07
11630066,Baseball Cards 2025 Topps Chrome Sapphire Update,Denzel Clarke [Green] #USC15,$4.99,,$9.48,$17.74,$34.62,$51.99,$68.00,$31.00,$31.00,,,$1.10,$5.49,,,$2.00,$9.99,,16,,,,,2026-01-07
11630068,Baseball Cards 2025 Topps Chrome Sapphire Update,Denzel Clarke [Orange] #USC15,,,,,,,,,,,,,,,,,,,0,,,,,2026-01-07
11630070,Baseball Cards 2025 Topps Chrome Sapphire Update,Denzel Clarke [Padparadscha] #USC15,,,,,,,,,,,,,,,,,,,0,,,,,2026-01-07
11630069,Baseball Cards 2025 Topps Chrome Sapphire Update,Denzel Clarke [Red] #USC15,,,,,,,,,,,,,,,,,,,0,,,,,2026-01-07
11630796,Baseball Cards 2025 Topps Chrome Sapphire Update,Doug Nikhazy #USC119,$1.00,,$5.89,$11.54,$22.90,$34.36,$45.00,$21.00,$21.00,,,,$1.09,,,$1.30,$6.49,,16,,,,,2026-01-07
11630800,Baseball Cards 2025 Topps Chrome Sapphire Update,Doug Nikhazy [Black] #USC119,,,,,,,,,,,,,,,,,,,0,,,,,2026-01-07
11630798,Baseball Cards 2025 Topps Chrome Sapphire Update,Doug Nikhazy [Gold] #USC119,$9.99,,,,,,,,,,,$2.80,$10.99,,,,,,51,,,,,2026-01-07
11630797,Baseball Cards 2025 Topps Chrome Sapphire Update,Doug Nikhazy [Green] #USC119,$3.58,,$8.21,$15.56,$30.50,$45.80,$60.00,$27.00,$27.00,,,$0.80,$3.89,,,$1.80,$8.99,,6,,,,,2026-01-07
11630799,Baseball Cards 2025 Topps Chrome Sapphire Update,Doug Nikhazy [Orange] #USC119,,,,,,,,,,,,,,,,,,,0,,,,,2026-01-07
11630802,Baseball Cards 2025 Topps Chrome Sapphire Update,Doug Nikhazy [Padparadscha] #USC119,,,,,,,,,,,,,,,,,,,0,,,,,2026-01-07
11630801,Baseball Cards 2025 Topps Chrome Sapphire Update,Doug Nikhazy [Red] #USC119,,,,,,,,,,,,,,,,,,,0,,,,,2026-01-07
11630578,Baseball Cards 2025 Topps Chrome Sapphire Update,Drake Baldwin #USC88,$7.60,,$11.96,$22.02,$42.71,$64.11,$83.00,$38.00,$38.00,,,$1.70,$8.39,,,$3.30,$12.99,,151,,,,,2026-01-07
11630634,Baseball Cards 2025 Topps Chrome Sapphire Update,Drake Baldwin #USC96,$12.65,,$27.00,$30.59,$58.89,$111.00,$144.00,$67.00,$67.00,,,$3.50,$13.99,,,$9.00,$29.99,,139,,,,,2026-01-07
11630583,Baseball Cards 2025 Topps Chrome Sapphire Update,Drake Baldwin [Black] #USC88,,,,,,,,,,,,,,,,,,,0,,,,,2026-01-07
11630638,Baseball Cards 2025 Topps Chrome Sapphire Update,Drake Baldwin [Black] #USC96,$174.50,,,,,,,,,,,$96.00,$192.00,,,,,,1,,,,,2026-01-07
11630581,Baseball Cards 2025 Topps Chrome Sapphire Update,Drake Baldwin [Gold] #USC88,$79.95,,$76.74,$134.13,$254.55,$382.98,$498.00,$230.00,$230.00,,,$35.20,$87.99,,,$33.60,$83.99,,21,,,,,2026-01-07
11630636,Baseball Cards 2025 Topps Chrome Sapphire Update,Drake Baldwin [Gold] #USC96,$81.00,,$77.70,$135.81,$257.75,$387.95,$504.00,$233.00,$233.00,,,$35.60,$88.99,,,$34.00,$84.99,,11,,,,,2026-01-07
11630580,Baseball Cards 2025 Topps Chrome Sapphire Update,Drake Baldwin [Green] #USC88,$31.99,,$33.72,$59.71,$113.96,$171.53,$223.00,$103.00,$103.00,,,$10.50,$34.99,,,$14.80,$36.99,,54,,,,,2026-01-07
11630635,Baseball Cards 2025 Topps Chrome Sapphire Update,Drake Baldwin [Green] #USC96,$45.13,,$36.78,$57.00,$135.24,$205.96,$268.00,$124.00,$124.00,,,$20.00,$49.99,,,$16.00,$39.99,,21,,,,,2026-01-07
11630582,Baseball Cards 2025 Topps Chrome Sapphire Update,Drake Baldwin [Orange] #USC88,$76.44,,$73.55,$128.53,$243.90,$366.53,$476.00,$220.00,$220.00,,,$33.60,$83.99,,,$32.40,$80.99,,7,,,,,2026-01-07
11630637,Baseball Cards 2025 Topps Chrome Sapphire Update,Drake Baldwin [Orange] #USC96,,,$98.99,,,,,,,,,,,,,$54.50,$109.00,,1,,,,,2026-01-07
11630585,Baseball Cards 2025 Topps Chrome Sapphire Update,Drake Baldwin [Padparadscha] #USC88,,,,,,,,,,,,,,,,,,,0,,,,,2026-01-07
11630640,Baseball Cards 2025 Topps Chrome Sapphire Update,Drake Baldwin [Padparadscha] #USC96,,,,,,,,,,,,,,,,,,,0,,,,,2026-01-07
11630584,Baseball Cards 2025 Topps Chrome Sapphire Update,Drake Baldwin [Red] #USC88,,,,,,,,,,,,,,,,,,,0,,,,,2026-01-07
11630639,Baseball Cards 2025 Topps Chrome Sapphire Update,Drake Baldwin [Red] #USC96,,,,,,,,,,,,,,,,,,,0,,,,,2026-01-07
11630293,Baseball Cards 2025 Topps Chrome Sapphire Update,Drew Avans #USC47,$1.79,,$6.12,$11.94,$23.67,$35.52,$46.00,$21.00,$21.00,,,,$1.99,,,$1.30,$6.69,,9,,,,,2026-01-07
11630296,Baseball Cards 2025 Topps Chrome Sapphire Update,Drew Avans [Black] #USC47,,,,,,,,,,,,,,,,,,,0,,,,,2026-01-07
11630294,Baseball Cards 2025 Topps Chrome Sapphire Update,Drew Avans [Gold] #USC47,$7.49,,,,,,,,,,,$1.60,$8.19,,,,,,1,,,,,2026-01-07
11630292,Baseball Cards 2025 Topps Chrome Sapphire Update,Drew Avans [Green] #USC47,$0.99,,,,,,,,,,,,$1.09,,,,,,1,,,,,2026-01-07
11630295,Baseball Cards 2025 Topps Chrome Sapphire Update,Drew Avans [Orange] #USC47,$1.25,,,,,,,,,,,,$1.39,,,,,,1,,,,,2026-01-07
11630300,Baseball Cards 2025 Topps Chrome Sapphire Update,Drew Avans [Padparadscha] #USC47,,,,,,,,,,,,,,,,,,,0,,,,,2026-01-07
11630298,Baseball Cards 2025 Topps Chrome Sapphire Update,Drew Avans [Red] #USC47,$125.00,,,,,,,,,,,$69.00,$138.00,,,,,,1,,,,,2026-01-07
11630524,Baseball Cards 2025 Topps Chrome Sapphire Update,Dustin May #USC80,$1.99,,$6.79,$13.10,$25.86,$38.84,$50.00,$23.00,$23.00,,,,$2.19,,,$1.50,$7.49,,7,,,,,2026-01-07
11630527,Baseball Cards 2025 Topps Chrome Sapphire Update,Dustin May [Black] #USC80,$22.50,,,,,,,,,,,$7.50,$24.99,,,,,,1,,,,,2026-01-07
11630526,Baseball Cards 2025 Topps Chrome Sapphire Update,Dustin May [Gold] #USC80,$5.99,,$11.72,$21.62,$41.95,$63.01,$82.00,$38.00,$38.00,,,$1.30,$6.59,,,$3.30,$12.99,,11,,,,,2026-01-07
11630525,Baseball Cards 2025 Topps Chrome Sapphire Update,Dustin May [Green] #USC80,$1.49,,,,,,,,,,,,$1.59,,,,,,6,,,,,2026-01-07
11631361,Baseball Cards 2025 Topps Chrome Sapphire Update,Dustin May [Orange] #USC80,$3.25,,,,,,,,,,,,$3.59,,,,,,1,,,,,2026-01-07
11630529,Baseball Cards 2025 Topps Chrome Sapphire Update,Dustin May [Padparadscha] #USC80,$89.00,,,,,,,,,,,$39.20,$97.99,,,,,,1,,,,,2026-01-07
11630528,Baseball Cards 2025 Topps Chrome Sapphire Update,Dustin May [Red] #USC80,,,,,,,,,,,,,,,,,,,0,,,,,2026-01-07
11631224,Baseball Cards 2025 Topps Chrome Sapphire Update,Dylan Crews #USC190,$2.99,,$7.68,$14.63,$28.75,$43.15,$56.00,$26.00,$26.00,,,,$3.29,,,$1.70,$8.49,,81,,,,,2026-01-07
11631233,Baseball Cards 2025 Topps Chrome Sapphire Update,Dylan Crews [Black] #USC190,$254.25,,$233.02,$404.27,$764.79,$1149.55,$1494.00,$690.00,$690.00,,,$140.00,$280.00,,,$128.00,$256.00,,5,,,,,2026-01-07
11631227,Baseball Cards 2025 Topps Chrome Sapphire Update,Dylan Crews [Gold] #USC190,$36.81,,$45.34,$79.79,$151.88,$228.49,$297.00,$137.00,$137.00,,,$16.00,$39.99,,,$20.00,$49.99,,12,,,,,2026-01-07
11631226,Baseball Cards 2025 Topps Chrome Sapphire Update,Dylan Crews [Green] #USC190,$11.00,,$14.87,$27.07,$52.24,$78.49,$102.00,$47.00,$47.00,,,$3.00,$11.99,,,$4.00,$15.99,,18,,,,,2026-01-07
11631377,Baseball Cards 2025 Topps Chrome Sapphire Update,Dylan Crews [Orange] #USC190,$75.00,,$72.31,$126.48,$240.10,$361.33,$470.00,$217.00,$217.00,,,$33.20,$82.99,,,$32.00,$79.99,,9,,,,,2026-01-07
11631235,Baseball Cards 2025 Topps Chrome Sapphire Update,Dylan Crews [Padparadscha] #USC190,,,,,,,,,,,,,,,,,,,0,,,,,2026-01-07
11631234,Baseball Cards 2025 Topps Chrome Sapphire Update,Dylan Crews [Red] #USC190,,,,,,,,,,,,,,,,,,,0,,,,,2026-01-07
11631108,Baseball Cards 2025 Topps Chrome Sapphire Update,Edgar Quero #USC165,$1.49,,$5.90,$11.55,$22.93,$34.41,$45.00,$21.00,$21.00,,,,$1.59,,,$1.30,$6.49,,35,,,,,2026-01-07
11631138,Baseball Cards 2025 Topps Chrome Sapphire Update,Edgar Quero #USC169,$2.88,,$7.56,$14.42,$28.35,$42.56,$55.00,$26.00,$26.00,,,,$3.19,,,$1.70,$8.29,,39,,,,,2026-01-07
11631112,Baseball Cards 2025 Topps Chrome Sapphire Update,Edgar Quero [Black] #USC165,,,,,,,,,,,,,,,,,,,0,,,,,2026-01-07
11631148,Baseball Cards 2025 Topps Chrome Sapphire Update,Edgar Quero [Black] #USC169,$99.99,,,,,,,,,,,$55.00,$110.00,,,,,,1,,,,,2026-01-07
11631111,Baseball Cards 2025 Topps Chrome Sapphire Update,Edgar Quero [Gold] #USC165,$12.50,,,,,,,,,,,$3.50,$13.99,,,,,,1,,,,,2026-01-07
11631144,Baseball Cards 2025 Topps Chrome Sapphire Update,Edgar Quero [Gold] #USC169,,,,,,,,,,,,,,,,,,,0,,,,,2026-01-07
11631109,Baseball Cards 2025 Topps Chrome Sapphire Update,Edgar Quero [Green] #USC165,$3.00,,$7.69,$14.65,$28.78,$43.19,$56.00,$26.00,$26.00,,,,$3.29,,,$1.70,$8.49,,16,,,,,2026-01-07
11631143,Baseball Cards 2025 Topps Chrome Sapphire Update,Edgar Quero [Green] #USC169,$1.50,,,,,,,,,,,,$1.69,,,,,,7,,,,,2026-01-07
11631110,Baseball Cards 2025 Topps Chrome Sapphire Update,Edgar Quero [Orange] #USC165,,,,,,,,,,,,,,,,,,,0,,,,,2026-01-07
11631146,Baseball Cards 2025 Topps Chrome Sapphire Update,Edgar Quero [Orange] #USC169,,,,,,,,,,,,,,,,,,,0,,,,,2026-01-07
11631114,Baseball Cards 2025 Topps Chrome Sapphire Update,Edgar Quero [Padparadscha] #USC165,,,,,,,,,,,,,,,,,,,0,,,,,2026-01-07
11631150,Baseball Cards 2025 Topps Chrome Sapphire Update,Edgar Quero [Padparadscha] #USC169,,,,,,,,,,,,,,,,,,,0,,,,,2026-01-07
11631113,Baseball Cards 2025 Topps Chrome Sapphire Update,Edgar Quero [Red] #USC165,,,,,,,,,,,,,,,,,,,0,,,,,2026-01-07
11631149,Baseball Cards 2025 Topps Chrome Sapphire Update,Edgar Quero [Red] #USC169,$30.00,,$31.95,$56.68,$108.25,$163.09,$212.00,$98.00,$98.00,,,$9.90,$32.99,,,$10.50,$34.99,,8,,,,,2026-01-07
11631216,Baseball Cards 2025 Topps Chrome Sapphire Update,Elly De La Cruz #USC189,$4.30,,$9.48,$17.74,$34.62,$51.97,$68.00,$31.00,$31.00,,,$0.90,$4.69,,,$2.00,$9.99,,107,,,,,2026-01-07
11631219,Baseball Cards 2025 Topps Chrome Sapphire Update,Elly De La Cruz [Black] #USC189,,,,,,,,,,,,,,,,,,,0,,,,,2026-01-07
11631217,Baseball Cards 2025 Topps Chrome Sapphire Update,Elly De La Cruz [Gold] #USC189,$45.00,,,$65.00,$72.00,,,,,,,$20.00,$49.99,,,,,,2,,,,,2026-01-07
11631215,Baseball Cards 2025 Topps Chrome Sapphire Update,Elly De La Cruz [Green] #USC189,$17.50,,$20.69,$37.12,$71.22,$106.93,$139.00,$64.00,$64.00,,,$4.80,$18.99,,,$6.90,$22.99,,18,,,,,2026-01-07
11631218,Baseball Cards 2025 Topps Chrome Sapphire Update,Elly De La Cruz [Orange] #USC189,$79.99,,,,,,,,,,,$35.20,$87.99,,,,,,1,,,,,2026-01-07
11631222,Baseball Cards 2025 Topps Chrome Sapphire Update,Elly De La Cruz [Padparadscha] #USC189,,,,,,,,,,,,,,,,,,,0,,,,,2026-01-07
11631220,Baseball Cards 2025 Topps Chrome Sapphire Update,Elly De La Cruz [Red] #USC189,,,,,,,,,,,,,,,,,,,0,,,,,2026-01-07
11630355,Baseball Cards 2025 Topps Chrome Sapphire Update,Eric Wagaman #USC56,$1.65,,,,,,,,,,,,$1.79,,,,,,6,,,,,2026-01-07
11630359,Baseball Cards 2025 Topps Chrome Sapphire Update,Eric Wagaman [Black] #USC56,,,,,,,,,,,,,,,,,,,0,,,,,2026-01-07
11630357,Baseball Cards 2025 Topps Chrome Sapphire Update,Eric Wagaman [Gold] #USC56,$3.49,,$8.13,$15.42,$30.25,$45.44,$59.00,$27.00,$27.00,,,$0.80,$3.79,,,$1.80,$8.89,,5,,,,,2026-01-07
11630356,Baseball Cards 2025 Topps Chrome Sapphire Update,Eric Wagaman [Green] #USC56,$4.75,,$9.26,$17.37,$33.93,$50.96,$66.00,$31.00,$31.00,,,$1.00,$5.19,,,$2.00,$9.99,,7,,,,,2026-01-07
11630358,Baseball Cards 2025 Topps Chrome Sapphire Update,Eric Wagaman [Orange] #USC56,,,,,,,,,,,,,,,,,,,0,,,,,2026-01-07
11630361,Baseball Cards 2025 Topps Chrome Sapphire Update,Eric Wagaman [Padparadscha] #USC56,,,,,,,,,,,,,,,,,,,0,,,,,2026-01-07
11630360,Baseball Cards 2025 Topps Chrome Sapphire Update,Eric Wagaman [Red] #USC56,$32.49,,$34.14,$60.39,$115.20,$173.13,$225.00,$104.00,$104.00,,,$14.40,$35.99,,,$15.20,$37.99,,6,,,,,2026-01-07
11630586,Baseball Cards 2025 Topps Chrome Sapphire Update,Erick Fedde #USC89,$2.00,,,,,,,,,,,,$2.19,,,,,,4,,,,,2026-01-07
11630590,Baseball Cards 2025 Topps Chrome Sapphire Update,Erick Fedde [Black] #USC89,$6.05,,,,,,,,,,,$1.30,$6.69,,,,,,1,,,,,2026-01-07
11630588,Baseball Cards 2025 Topps Chrome Sapphire Update,Erick Fedde [Gold] #USC89,,,,,,,,,,,,,,,,,,,0,,,,,2026-01-07
11630587,Baseball Cards 2025 Topps Chrome Sapphire Update,Erick Fedde [Green] #USC89,$2.72,,,,,,,,,,,,$2.99,,,,,,4,,,,,2026-01-07
11630589,Baseball Cards 2025 Topps Chrome Sapphire Update,Erick Fedde [Orange] #USC89,$15.10,,$18.54,$33.41,$64.21,$96.43,$125.00,$58.00,$58.00,,,$4.30,$16.99,,,$5.00,$19.99,,5,,,,,2026-01-07
11630593,Baseball Cards 2025 Topps Chrome Sapphire Update,Erick Fedde [Padparadscha] #USC89,,,,,,,,,,,,,,,,,,,0,,,,,2026-01-07
11630591,Baseball Cards 2025 Topps Chrome Sapphire Update,Erick Fedde [Red] #USC89,$15.00,,,,,,,,,,,$4.30,$16.99,,,,,,5,,,,,2026-01-07
11630838,Baseball Cards 2025 Topps Chrome Sapphire Update,Eugenio Suarez #USC125,$2.50,,$7.50,$14.32,$28.17,$42.27,$55.00,$25.00,$25.00,,,,$2.79,,,$1.70,$8.29,,22,,,,,2026-01-07
11630842,Baseball Cards 2025 Topps Chrome Sapphire Update,Eugenio Suarez [Black] #USC125,$40.00,,,,,,,,,,,$17.60,$43.99,,,,,,1,,,,,2026-01-07
11630840,Baseball Cards 2025 Topps Chrome Sapphire Update,Eugenio Suarez [Gold] #USC125,$18.40,,$21.51,$38.55,$45.00,$46.00,$60.00,$28.00,$28.00,,,$5.00,$19.99,,,$7.20,$23.99,,7,,,,,2026-01-07
11630839,Baseball Cards 2025 Topps Chrome Sapphire Update,Eugenio Suarez [Green] #USC125,$10.00,,$13.98,$25.55,$49.40,$74.32,$97.00,$45.00,$45.00,,,$2.80,$10.99,,,$3.80,$14.99,,15,,,,,2026-01-07
11630841,Baseball Cards 2025 Topps Chrome Sapphire Update,Eugenio Suarez [Orange] #USC125,$22.50,,,,,,,,,,,$7.50,$24.99,,,,,,1,,,,,2026-01-07
11630844,Baseball Cards 2025 Topps Chrome Sapphire Update,Eugenio Suarez [Padparadscha] #USC125,,,,,,,,,,,,,,,,,,,0,,,,,2026-01-07
11630843,Baseball Cards 2025 Topps Chrome Sapphire Update,Eugenio Suarez [Red] #USC125,$83.00,,,,,,,,,,,$36.40,$90.99,,,,,,1,,,,,2026-01-07
11630107,Baseball Cards 2025 Topps Chrome Sapphire Update,Gage Workman #USC21,$2.27,,$7.04,$13.53,$26.66,$40.03,$52.00,$24.00,$24.00,,,,$2.49,,,$1.50,$7.69,,34,,,,,2026-01-07
11630111,Baseball Cards 2025 Topps Chrome Sapphire Update,Gage Workman [Black] #USC21,$16.00,,$19.36,$34.84,$66.93,$100.61,$131.00,$60.00,$60.00,,,$4.50,$17.99,,,$6.30,$20.99,,7,,,,,2026-01-07
11630109,Baseball Cards 2025 Topps Chrome Sapphire Update,Gage Workman [Gold] #USC21,$10.49,,$14.41,$26.28,$50.76,$76.27,$99.00,$46.00,$46.00,,,$3.00,$11.99,,,$4.00,$15.99,,5,,,,,2026-01-07
11630108,Baseball Cards 2025 Topps Chrome Sapphire Update,Gage Workman [Green] #USC21,$2.25,,$8.14,$15.43,$30.26,$45.44,$59.00,$27.00,$27.00,,,,$2.49,,,$1.80,$8.99,,19,,,,,2026-01-07
11630110,Baseball Cards 2025 Topps Chrome Sapphire Update,Gage Workman [Orange] #USC21,$9.47,,$13.50,$24.70,$47.78,$71.80,$93.00,$43.00,$43.00,,,$2.00,$9.99,,,$3.80,$14.99,,7,,,,,2026-01-07
11630113,Baseball Cards 2025 Topps Chrome Sapphire Update,Gage Workman [Padparadscha] #USC21,,,,,,,,,,,,,,,,,,,0,,,,,2026-01-07
11630115,Baseball Cards 2025 Topps Chrome Sapphire Update,Gage Workman [Red] #USC21,,,,,,,,,,,,,,,,,,,0,,,,,2026-01-07
11630100,Baseball Cards 2025 Topps Chrome Sapphire Update,Garrett McDaniels #USC20,$1.59,,$5.90,$11.55,$22.93,$34.39,$45.00,$21.00,$21.00,,,,$1.79,,,$1.30,$6.49,,8,,,,,2026-01-07
11630104,Baseball Cards 2025 Topps Chrome Sapphire Update,Garrett McDaniels [Black] #USC20,,,,,,,,,,,,,,,,,,,0,,,,,2026-01-07
11630102,Baseball Cards 2025 Topps Chrome Sapphire Update,Garrett McDaniels [Gold] #USC20,$1.25,,,,,,,,,,,,$1.39,,,,,,1,,,,,2026-01-07
11630101,Baseball Cards 2025 Topps Chrome Sapphire Update,Garrett McDaniels [Green] #USC20,$0.99,,$5.89,$11.54,$22.91,$34.40,$45.00,$21.00,$21.00,,,,$1.09,,,$1.30,$6.49,,5,,,,,2026-01-07
11630103,Baseball Cards 2025 Topps Chrome Sapphire Update,Garrett McDaniels [Orange] #USC20,,,,,,,,,,,,,,,,,,,0,,,,,2026-01-07
11630106,Baseball Cards 2025 Topps Chrome Sapphire Update,Garrett McDaniels [Padparadscha] #USC20,,,,,,,,,,,,,,,,,,,0,,,,,2026-01-07
11630105,Baseball Cards 2025 Topps Chrome Sapphire Update,Garrett McDaniels [Red] #USC20,,,,,,,,,,,,,,,,,,,0,,,,,2026-01-07
11630176,Baseball Cards 2025 Topps Chrome Sapphire Update,Grant Wolfram #USC31,$1.17,,,,,,,,,,,,$1.29,,,,,,9,,,,,2026-01-07
11630182,Baseball Cards 2025 Topps Chrome Sapphire Update,Grant Wolfram [Black] #USC31,,,,,,,,,,,,,,,,,,,0,,,,,2026-01-07
11630178,Baseball Cards 2025 Topps Chrome Sapphire Update,Grant Wolfram [Gold] #USC31,$13.49,,$17.11,$30.98,$59.65,$89.75,$117.00,$54.00,$54.00,,,$3.80,$14.99,,,$4.80,$18.99,,13,,,,,2026-01-07
11630177,Baseball Cards 2025 Topps Chrome Sapphire Update,Grant Wolfram [Green] #USC31,$3.48,,$8.12,$15.41,$30.22,$45.40,$59.00,$27.00,$27.00,,,$0.80,$3.79,,,$1.80,$8.89,,8,,,,,2026-01-07
11630179,Baseball Cards 2025 Topps Chrome Sapphire Update,Grant Wolfram [Orange] #USC31,$5.00,,,,,,,,,,,$1.10,$5.49,,,,,,1,,,,,2026-01-07
11630180,Baseball Cards 2025 Topps Chrome Sapphire Update,Grant Wolfram [Padparadscha] #USC31,,,,,,,,,,,,,,,,,,,0,,,,,2026-01-07
11630181,Baseball Cards 2025 Topps Chrome Sapphire Update,Grant Wolfram [Red] #USC31,,,,,,,,,,,,,,,,,,,0,,,,,2026-01-07
11630853,Baseball Cards 2025 Topps Chrome Sapphire Update,Gunnar Hoglund #USC127,$0.99,,$5.89,$11.54,$22.91,$34.38,$45.00,$21.00,$21.00,,,,$1.09,,,$1.30,$6.49,,22,,,,,2026-01-07
11630855,Baseball Cards 2025 Topps Chrome Sapphire Update,Gunnar Hoglund [Black] #USC127,,,,,,,,,,,,,,,,,,,0,,,,,2026-01-07
11630854,Baseball Cards 2025 Topps Chrome Sapphire Update,Gunnar Hoglund [Gold] #USC127,$4.99,,,,,,,,,,,$1.10,$5.49,,,,,,1,,,,,2026-01-07
11630852,Baseball Cards 2025 Topps Chrome Sapphire Update,Gunnar Hoglund [Green] #USC127,$1.25,,,,,,,,,,,,$1.39,,,,,,1,,,,,2026-01-07
11630856,Baseball Cards 2025 Topps Chrome Sapphire Update,Gunnar Hoglund [Orange] #USC127,,,,,,,,,,,,,,,,,,,0,,,,,2026-01-07
11630858,Baseball Cards 2025 Topps Chrome Sapphire Update,Gunnar Hoglund [Padparadscha] #USC127,,,,,,,,,,,,,,,,,,,0,,,,,2026-01-07
11630857,Baseball Cards 2025 Topps Chrome Sapphire Update,Gunnar Hoglund [Red] #USC127,$59.00,,,,,,,,,,,$26.00,$64.99,,,,,,1,,,,,2026-01-07
11630183,Baseball Cards 2025 Topps Chrome Sapphire Update,Harrison Bader #USC32,$1.41,,$6.26,$12.18,$24.13,$36.20,$47.00,$22.00,$22.00,,,,$1.59,,,$1.40,$6.89,,20,,,,,2026-01-07
11630186,Baseball Cards 2025 Topps Chrome Sapphire Update,Harrison Bader [Black] #USC32,$18.00,,,,,,,,,,,$5.00,$19.99,,,,,,1,,,,,2026-01-07
11630185,Baseball Cards 2025 Topps Chrome Sapphire Update,Harrison Bader [Gold] #USC32,$5.33,,$12.67,$23.26,$45.05,$67.67,$88.00,$41.00,$41.00,,,$1.20,$5.89,,,$3.50,$13.99,,15,,,,,2026-01-07
11630184,Baseball Cards 2025 Topps Chrome Sapphire Update,Harrison Bader [Green] #USC32,$4.85,,$9.35,$17.52,$34.21,$51.36,$67.00,$31.00,$31.00,,,$1.10,$5.29,,,$2.00,$9.99,,16,,,,,2026-01-07
11631354,Baseball Cards 2025 Topps Chrome Sapphire Update,Harrison Bader [Orange] #USC32,$3.75,,$8.36,$15.81,$30.98,$46.49,$60.00,$28.00,$28.00,,,$0.80,$4.09,,,$1.80,$9.19,,14,,,,,2026-01-07
11630188,Baseball Cards 2025 Topps Chrome Sapphire Update,Harrison Bader [Padparadscha] #USC32,,,,,,,,,,,,,,,,,,,0,,,,,2026-01-07
11630187,Baseball Cards 2025 Topps Chrome Sapphire Update,Harrison Bader [Red] #USC32,$75.00,,,,,,,,,,,$33.20,$82.99,,,,,,1,,,,,2026-01-07
11631067,Baseball Cards 2025 Topps Chrome Sapphire Update,Hayden Birdsong #USC159,$1.36,,$6.31,$12.26,$24.28,$36.43,$47.00,$22.00,$22.00,,,,$1.49,,,$1.40,$6.89,,31,,,,,2026-01-07
11631071,Baseball Cards 2025 Topps Chrome Sapphire Update,Hayden Birdsong [Black] #USC159,$7.50,,,,,,,,,,,$1.70,$8.29,,,,,,1,,,,,2026-01-07
11631068,Baseball Cards 2025 Topps Chrome Sapphire Update,Hayden Birdsong [Gold] #USC159,$9.97,,$13.95,$25.48,$49.25,$74.01,$96.00,$44.00,$44.00,,,$2.80,$10.99,,,$3.80,$14.99,,10,,,,,2026-01-07
11631070,Baseball Cards 2025 Topps Chrome Sapphire Update,Hayden Birdsong [Green] #USC159,$1.04,,$5.93,$11.62,$23.06,$34.62,$45.00,$21.00,$21.00,,,,$1.09,,,$1.30,$6.49,,14,,,,,2026-01-07
11631069,Baseball Cards 2025 Topps Chrome Sapphire Update,Hayden Birdsong [Orange] #USC159,,,,,,,,,,,,,,,,,,,0,,,,,2026-01-07
11631072,Baseball Cards 2025 Topps Chrome Sapphire Update,Hayden Birdsong [Padparadscha] #USC159,,,,,,,,,,,,,,,,,,,0,,,,,2026-01-07
11631375,Baseball Cards 2025 Topps Chrome Sapphire Update,Hayden Birdsong [Red] #USC159,,,,,,,,,,,,,,,,,,,0,,,,,2026-01-07
11630860,Baseball Cards 2025 Topps Chrome Sapphire Update,Hayden Senger #USC128,$1.25,,$6.12,$11.94,$23.66,$35.51,$46.00,$21.00,$21.00,,,,$1.39,,,$1.30,$6.69,,23,,,,,2026-01-07
11630863,Baseball Cards 2025 Topps Chrome Sapphire Update,Hayden Senger [Black] #USC128,,,,,,,,,,,,,,,,,,,0,,,,,2026-01-07
11630862,Baseball Cards 2025 Topps Chrome Sapphire Update,Hayden Senger [Gold] #USC128,$2.32,,$7.17,$13.75,$27.09,$40.65,$53.00,$24.00,$24.00,,,,$2.59,,,$1.60,$7.89,,24,,,,,2026-01-07
11630859,Baseball Cards 2025 Topps Chrome Sapphire Update,Hayden Senger [Green] #USC128,,,,,,,,,,,,,,,,,,,0,,,,,2026-01-07
11630861,Baseball Cards 2025 Topps Chrome Sapphire Update,Hayden Senger [Orange] #USC128,$2.00,,$6.80,$13.11,$25.89,$38.88,$51.00,$23.00,$23.00,,,,$2.19,,,$1.50,$7.49,,7,,,,,2026-01-07
11630865,Baseball Cards 2025 Topps Chrome Sapphire Update,Hayden Senger [Padparadscha] #USC128,,,,,,,,,,,,,,,,,,,0,,,,,2026-01-07
11630864,Baseball Cards 2025 Topps Chrome Sapphire Update,Hayden Senger [Red] #USC128,,,,,,,,,,,,,,,,,,,0,,,,,2026-01-07
11631364,Baseball Cards 2025 Topps Chrome Sapphire Update,Hobby Box,$624.99,,,,,,,,,,,$412.20,$687.00,,,,,,127,,,,,2026-01-07
11631000,Baseball Cards 2025 Topps Chrome Sapphire Update,Hyeseong Kim #USC149,$3.25,,$7.91,$15.04,$29.51,$44.29,$58.00,$27.00,$27.00,,,,$3.59,,,$1.70,$8.69,,109,,,,,2026-01-07
11631007,Baseball Cards 2025 Topps Chrome Sapphire Update,Hyeseong Kim [Black] #USC149,,,,,,,,,,,,,,,,,,,0,,,,,2026-01-07
11631003,Baseball Cards 2025 Topps Chrome Sapphire Update,Hyeseong Kim [Gold] #USC149,$50.00,,$49.83,$87.50,$166.39,$249.96,$325.00,$150.00,$150.00,,,$22.00,$54.99,,,$22.00,$54.99,,11,,,,,2026-01-07
11631002,Baseball Cards 2025 Topps Chrome Sapphire Update,Hyeseong Kim [Green] #USC149,$19.20,,$22.22,$39.78,$76.26,$114.58,$149.00,$69.00,$69.00,,,$6.30,$20.99,,,$7.20,$23.99,,17,,,,,2026-01-07
11631004,Baseball Cards 2025 Topps Chrome Sapphire Update,Hyeseong Kim [Orange] #USC149,,,,,,,,,,,,,,,,,,,0,,,,,2026-01-07
11631006,Baseball Cards 2025 Topps Chrome Sapphire Update,Hyeseong Kim [Padparadscha] #USC149,,,,,,,,,,,,,,,,,,,0,,,,,2026-01-07
11631005,Baseball Cards 2025 Topps Chrome Sapphire Update,Hyeseong Kim [Red] #USC149,,,,,,,,,,,,,,,,,,,0,,,,,2026-01-07
11630163,Baseball Cards 2025 Topps Chrome Sapphire Update,Isaac Paredes #USC29,$0.99,,,,,,,,,,,,$1.09,,,,,,1,,,,,2026-01-07
11630166,Baseball Cards 2025 Topps Chrome Sapphire Update,Isaac Paredes [Black] #USC29,$20.00,,,,,,,,,,,$6.60,$21.99,,,,,,1,,,,,2026-01-07
11630164,Baseball Cards 2025 Topps Chrome Sapphire Update,Isaac Paredes [Gold] #USC29,$15.00,,,,,,,,,,,$4.30,$16.99,,,,,,1,,,,,2026-01-07
11630162,Baseball Cards 2025 Topps Chrome Sapphire Update,Isaac Paredes [Green] #USC29,$0.99,,,,,,,,,,,,$1.09,,,,,,1,,,,,2026-01-07
11630165,Baseball Cards 2025 Topps Chrome Sapphire Update,Isaac Paredes [Orange] #USC29,$19.99,,,,,,,,,,,$6.60,$21.99,,,,,,1,,,,,2026-01-07
11630169,Baseball Cards 2025 Topps Chrome Sapphire Update,Isaac Paredes [Padparadscha] #USC29,,,,,,,,,,,,,,,,,,,0,,,,,2026-01-07
11630167,Baseball Cards 2025 Topps Chrome Sapphire Update,Isaac Paredes [Red] #USC29,,,,,,,,,,,,,,,,,,,0,,,,,2026-01-07
11631320,Baseball Cards 2025 Topps Chrome Sapphire Update,J.C. Escarra #USC197,$1.50,,$6.38,$12.39,$24.51,$36.79,$48.00,$22.00,$22.00,,,,$1.69,,,$1.40,$6.99,,41,,,,,2026-01-07
11631325,Baseball Cards 2025 Topps Chrome Sapphire Update,J.C. Escarra [Black] #USC197,$11.50,,,,,,,,,,,$3.30,$12.99,,,,,,1,,,,,2026-01-07
11631323,Baseball Cards 2025 Topps Chrome Sapphire Update,J.C. Escarra [Gold] #USC197,,,,,,,,,,,,,,,,,,,0,,,,,2026-01-07
11631322,Baseball Cards 2025 Topps Chrome Sapphire Update,J.C. Escarra [Green] #USC197,$4.25,,$8.81,$16.60,$32.48,$48.79,$63.00,$29.00,$29.00,,,$0.90,$4.69,,,$1.90,$9.69,,6,,,,,2026-01-07
11631324,Baseball Cards 2025 Topps Chrome Sapphire Update,J.C. Escarra [Orange] #USC197,$22.49,,$25.17,$44.87,$85.86,$128.97,$168.00,$77.00,$77.00,,,$7.50,$24.99,,,$8.40,$27.99,,6,,,,,2026-01-07
11631327,Baseball Cards 2025 Topps Chrome Sapphire Update,J.C. Escarra [Padparadscha] #USC197,,,,,,,,,,,,,,,,,,,0,,,,,2026-01-07
11631326,Baseball Cards 2025 Topps Chrome Sapphire Update,J.C. Escarra [Red] #USC197,$40.49,,$41.31,$72.79,$138.61,$208.30,$271.00,$125.00,$125.00,,,$18.00,$44.99,,,$18.00,$44.99,,13,,,,,2026-01-07
11630558,Baseball Cards 2025 Topps Chrome Sapphire Update,JP Sears #USC85,$2.39,,,,,,,,,,,,$2.59,,,,,,5,,,,,2026-01-07
11630562,Baseball Cards 2025 Topps Chrome Sapphire Update,JP Sears [Black] #USC85,$11.50,,,,,,,,,,,$3.30,$12.99,,,,,,1,,,,,2026-01-07
11630560,Baseball Cards 2025 Topps Chrome Sapphire Update,JP Sears [Gold] #USC85,,,,,,,,,,,,,,,,,,,0,,,,,2026-01-07
11630559,Baseball Cards 2025 Topps Chrome Sapphire Update,JP Sears [Green] #USC85,$1.75,,$6.57,$12.72,$25.15,$37.77,$49.00,$23.00,$23.00,,,,$1.89,,,$1.40,$7.19,,5,,,,,2026-01-07
11630561,Baseball Cards 2025 Topps Chrome Sapphire Update,JP Sears [Orange] #USC85,$3.93,,,,,,,,,,,$0.90,$4.29,,,,,,5,,,,,2026-01-07
11630564,Baseball Cards 2025 Topps Chrome Sapphire Update,JP Sears [Padparadscha] #USC85,,,,,,,,,,,,,,,,,,,0,,,,,2026-01-07
11630563,Baseball Cards 2025 Topps Chrome Sapphire Update,JP Sears [Red] #USC85,,,,,,,,,,,,,,,,,,,0,,,,,2026-01-07
11630810,Baseball Cards 2025 Topps Chrome Sapphire Update,Jace Jung #USC121,$1.41,,$6.54,$12.67,$25.04,$37.57,$49.00,$23.00,$23.00,,,,$1.59,,,$1.40,$7.19,,32,,,,,2026-01-07
11630814,Baseball Cards 2025 Topps Chrome Sapphire Update,Jace Jung [Black] #USC121,,,,,,,,,,,,,,,,,,,0,,,,,2026-01-07
11630812,Baseball Cards 2025 Topps Chrome Sapphire Update,Jace Jung [Gold] #USC121,$11.46,,$15.24,$27.73,$53.52,$80.49,$105.00,$48.00,$48.00,,,$3.30,$12.99,,,$4.30,$16.99,,10,,,,,2026-01-07
11630811,Baseball Cards 2025 Topps Chrome Sapphire Update,Jace Jung [Green] #USC121,,,,,,,,,,,,,,,,,,,0,,,,,2026-01-07
11630813,Baseball Cards 2025 Topps Chrome Sapphire Update,Jace Jung [Orange] #USC121,$12.25,,,,,,,,,,,$3.30,$12.99,,,,,,1,,,,,2026-01-07
11630816,Baseball Cards 2025 Topps Chrome Sapphire Update,Jace Jung [Padparadscha] #USC121,,,,,,,,,,,,,,,,,,,0,,,,,2026-01-07
11630815,Baseball Cards 2025 Topps Chrome Sapphire Update,Jace Jung [Red] #USC121,,,,,,,,,,,,,,,,,,,0,,,,,2026-01-07
11630231,Baseball Cards 2025 Topps Chrome Sapphire Update,Jack Dreyer #USC39,$3.00,,$7.21,$13.83,$27.23,$40.86,$53.00,$25.00,$25.00,,,,$3.29,,,$1.60,$7.89,,50,,,,,2026-01-07
11630235,Baseball Cards 2025 Topps Chrome Sapphire Update,Jack Dreyer [Black] #USC39,,,,,,,,,,,,,,,,,,,0,,,,,2026-01-07
11630233,Baseball Cards 2025 Topps Chrome Sapphire Update,Jack Dreyer [Gold] #USC39,$19.06,,$22.11,$39.60,$75.94,$114.21,$148.00,$69.00,$69.00,,,$6.30,$20.99,,,$7.20,$23.99,,11,,,,,2026-01-07
11630232,Baseball Cards 2025 Topps Chrome Sapphire Update,Jack Dreyer [Green] #USC39,$5.49,,$9.92,$18.52,$36.09,$54.19,$70.00,$33.00,$33.00,,,$1.20,$5.99,,,$2.80,$10.99,,9,,,,,2026-01-07
11630234,Baseball Cards 2025 Topps Chrome Sapphire Update,Jack Dreyer [Orange] #USC39,$25.00,,,,,,,,,,,$8.40,$27.99,,,,,,5,,,,,2026-01-07
11630238,Baseball Cards 2025 Topps Chrome Sapphire Update,Jack Dreyer [Padparadscha] #USC39,,,,,,,,,,,,,,,,,,,0,,,,,2026-01-07
11630236,Baseball Cards 2025 Topps Chrome Sapphire Update,Jack Dreyer [Red] #USC39,,,,,,,,,,,,,,,,,,,0,,,,,2026-01-07
11630252,Baseball Cards 2025 Topps Chrome Sapphire Update,Jack Leiter #USC42,$1.50,,$6.35,$12.33,$24.40,$36.61,$48.00,$22.00,$22.00,,,,$1.69,,,$1.40,$6.99,,23,,,,,2026-01-07
11630256,Baseball Cards 2025 Topps Chrome Sapphire Update,Jack Leiter [Black] #USC42,,,,,,,,,,,,,,,,,,,0,,,,,2026-01-07
11630254,Baseball Cards 2025 Topps Chrome Sapphire Update,Jack Leiter [Gold] #USC42,$1.25,,,,,,,,,,,,$1.39,,,,,,5,,,,,2026-01-07
11630253,Baseball Cards 2025 Topps Chrome Sapphire Update,Jack Leiter [Green] #USC42,$3.86,,$8.46,$15.99,$31.31,$47.01,$61.00,$28.00,$28.00,,,$0.90,$4.29,,,$1.90,$9.29,,6,,,,,2026-01-07
11630255,Baseball Cards 2025 Topps Chrome Sapphire Update,Jack Leiter [Orange] #USC42,$14.99,,$18.47,$33.32,$64.08,$96.42,$125.00,$58.00,$58.00,,,$4.00,$15.99,,,$5.00,$19.99,,8,,,,,2026-01-07
11630258,Baseball Cards 2025 Topps Chrome Sapphire Update,Jack Leiter [Padparadscha] #USC42,,,,,,,,,,,,,,,,,,,0,,,,,2026-01-07
11630257,Baseball Cards 2025 Topps Chrome Sapphire Update,Jack Leiter [Red] #USC42,,,,,,,,,,,,,,,,,,,0,,,,,2026-01-07
11630302,Baseball Cards 2025 Topps Chrome Sapphire Update,Jackson Jobe #USC48,$2.28,,$7.04,$13.54,$26.68,$40.04,$52.00,$24.00,$24.00,,,,$2.49,,,$1.50,$7.69,,72,,,,,2026-01-07
11630305,Baseball Cards 2025 Topps Chrome Sapphire Update,Jackson Jobe [Black] #USC48,,,,,,,,,,,,,,,,,,,0,,,,,2026-01-07
11630303,Baseball Cards 2025 Topps Chrome Sapphire Update,Jackson Jobe [Gold] #USC48,$22.84,,$25.61,$45.64,$87.34,$131.29,$171.00,$79.00,$79.00,,,$7.50,$24.99,,,$8.40,$27.99,,19,,,,,2026-01-07
11630301,Baseball Cards 2025 Topps Chrome Sapphire Update,Jackson Jobe [Green] #USC48,$11.00,,$13.98,$25.53,$49.35,$74.18,$96.00,$45.00,$45.00,,,$3.00,$11.99,,,$3.80,$14.99,,10,,,,,2026-01-07
11630304,Baseball Cards 2025 Topps Chrome Sapphire Update,Jackson Jobe [Orange] #USC48,,,,,,,,,,,,,,,,,,,0,,,,,2026-01-07
11630308,Baseball Cards 2025 Topps Chrome Sapphire Update,Jackson Jobe [Padparadscha] #USC48,,,,,,,,,,,,,,,,,,,0,,,,,2026-01-07
11630306,Baseball Cards 2025 Topps Chrome Sapphire Update,Jackson Jobe [Red] #USC48,,,,,,,,,,,,,,,,,,,0,,,,,2026-01-07
11631009,Baseball Cards 2025 Topps Chrome Sapphire Update,Jacob Wilson #USC150,$3.14,,$7.91,$15.04,$29.52,$44.30,$58.00,$27.00,$27.00,,,,$3.49,,,$1.70,$8.69,,132,,,,,2026-01-07
11631011,Baseball Cards 2025 Topps Chrome Sapphire Update,Jacob Wilson [Black] #USC150,$230.00,,$211.52,$367.54,$695.79,$1048.27,$1363.00,$629.00,$629.00,,,$126.50,$253.00,,,$116.50,$233.00,,7,,,,,2026-01-07
11631370,Baseball Cards 2025 Topps Chrome Sapphire Update,Jacob Wilson [Gold] #USC150,$70.99,,,,,$150.00,$195.00,$90.00,$90.00,,,$31.20,$77.99,,,,,,2,,,,,2026-01-07
11631008,Baseball Cards 2025 Topps Chrome Sapphire Update,Jacob Wilson [Green] #USC150,$25.44,,$30.88,$54.76,$104.57,$157.20,$204.00,$94.00,$94.00,,,$8.40,$27.99,,,$10.20,$33.99,,18,,,,,2026-01-07
11631010,Baseball Cards 2025 Topps Chrome Sapphire Update,Jacob Wilson [Orange] #USC150,,,,,,,,,,,,,,,,,,,0,,,,,2026-01-07
11631012,Baseball Cards 2025 Topps Chrome Sapphire Update,Jacob Wilson [Padparadscha] #USC150,,,,,,,,,,,,,,,,,,,0,,,,,2026-01-07
11631371,Baseball Cards 2025 Topps Chrome Sapphire Update,Jacob Wilson [Red] #USC150,,,,,,,,,,,,,,,,,,,0,,,,,2026-01-07
11630217,Baseball Cards 2025 Topps Chrome Sapphire Update,Jake Burger #USC37,$2.01,,$6.82,$13.15,$25.94,$38.93,$51.00,$23.00,$23.00,,,,$2.19,,,$1.50,$7.49,,24,,,,,2026-01-07
11630221,Baseball Cards 2025 Topps Chrome Sapphire Update,Jake Burger [Black] #USC37,$64.00,,$62.44,$109.39,$207.82,$312.73,$407.00,$188.00,$188.00,,,$28.00,$69.99,,,$27.60,$68.99,,6,,,,,2026-01-07
11630219,Baseball Cards 2025 Topps Chrome Sapphire Update,Jake Burger [Gold] #USC37,$12.88,,$15.17,$27.59,$53.23,$80.00,$104.00,$48.00,$48.00,,,$3.50,$13.99,,,$4.30,$16.99,,12,,,,,2026-01-07
11630218,Baseball Cards 2025 Topps Chrome Sapphire Update,Jake Burger [Green] #USC37,$5.25,,$9.71,$18.15,$35.40,$53.16,$69.00,$32.00,$32.00,,,$1.20,$5.79,,,$2.80,$10.99,,7,,,,,2026-01-07
11630220,Baseball Cards 2025 Topps Chrome Sapphire Update,Jake Burger [Orange] #USC37,$0.99,,,,,,,,,,,,$1.09,,,,,,1,,,,,2026-01-07
11630223,Baseball Cards 2025 Topps Chrome Sapphire Update,Jake Burger [Padparadscha] #USC37,,,,,,,,,,,,,,,,,,,0,,,,,2026-01-07
11630222,Baseball Cards 2025 Topps Chrome Sapphire Update,Jake Burger [Red] #USC37,$107.00,,,,,,,,,,,$59.00,$118.00,,,,,,1,,,,,2026-01-07
11631177,Baseball Cards 2025 Topps Chrome Sapphire Update,Jake Mangum #USC176,$1.95,,$6.71,$12.96,$25.59,$38.41,$50.00,$23.00,$23.00,,,,$2.19,,,$1.50,$7.39,,52,,,,,2026-01-07
11631180,Baseball Cards 2025 Topps Chrome Sapphire Update,Jake Mangum [Black] #USC176,,,,,,,,,,,,,,,,,,,0,,,,,2026-01-07
11631179,Baseball Cards 2025 Topps Chrome Sapphire Update,Jake Mangum [Gold] #USC176,$35.00,,,,,$99.00,$129.00,$59.00,$59.00,,,$15.60,$38.99,,,,,,5,,,,,2026-01-07
11631178,Baseball Cards 2025 Topps Chrome Sapphire Update,Jake Mangum [Green] #USC176,$4.99,,$9.48,$17.76,$34.68,$52.13,$68.00,$31.00,$31.00,,,$1.10,$5.49,,,$2.00,$9.99,,13,,,,,2026-01-07
11631181,Baseball Cards 2025 Topps Chrome Sapphire Update,Jake Mangum [Orange] #USC176,$23.00,,$25.64,$45.72,$87.50,$131.60,$171.00,$79.00,$79.00,,,$7.50,$24.99,,,$8.40,$27.99,,9,,,,,2026-01-07
11631183,Baseball Cards 2025 Topps Chrome Sapphire Update,Jake Mangum [Padparadscha] #USC176,,,,,,,,,,,,,,,,,,,0,,,,,2026-01-07
11631182,Baseball Cards 2025 Topps Chrome Sapphire Update,Jake Mangum [Red] #USC176,,,,,,,,,,,,,,,,,,,0,,,,,2026-01-07
11630627,Baseball Cards 2025 Topps Chrome Sapphire Update,James Wood #USC95,$9.93,,$13.90,$25.40,$49.08,$91.00,$118.00,$55.00,$55.00,,,$2.80,$10.99,,,$3.80,$14.99,,157,,,,,2026-01-07
11630632,Baseball Cards 2025 Topps Chrome Sapphire Update,James Wood [Black] #USC95,,,,,,,,,,,,,,,,,,,0,,,,,2026-01-07
11630629,Baseball Cards 2025 Topps Chrome Sapphire Update,James Wood [Gold] #USC95,$74.01,,$69.59,$121.70,$231.03,$347.36,$452.00,$208.00,$208.00,,,$32.40,$80.99,,,$30.80,$76.99,,16,,,,,2026-01-07
11630628,Baseball Cards 2025 Topps Chrome Sapphire Update,James Wood [Green] #USC95,$28.50,,$30.59,$54.31,$103.75,$156.21,$203.00,$94.00,$94.00,,,$9.30,$30.99,,,$10.20,$33.99,,26,,,,,2026-01-07
11630630,Baseball Cards 2025 Topps Chrome Sapphire Update,James Wood [Orange] #USC95,,,,,,,,,,,,,,,,,,,0,,,,,2026-01-07
11630631,Baseball Cards 2025 Topps Chrome Sapphire Update,James Wood [Padparadscha] #USC95,,,,$4270.00,$4697.00,,,,,,,,,,,,,,1,,,,,2026-01-07
11630633,Baseball Cards 2025 Topps Chrome Sapphire Update,James Wood [Red] #USC95,,,,,,,,,,,,,,,,,,,0,,,,,2026-01-07
11630803,Baseball Cards 2025 Topps Chrome Sapphire Update,Jhoan Duran #USC120,$1.89,,$6.70,$12.95,$25.56,$38.36,$50.00,$23.00,$23.00,,,,$2.09,,,$1.50,$7.39,,20,,,,,2026-01-07
11630807,Baseball Cards 2025 Topps Chrome Sapphire Update,Jhoan Duran [Black] #USC120,$30.00,,,,,,,,,,,$9.90,$32.99,,,,,,1,,,,,2026-01-07
11630805,Baseball Cards 2025 Topps Chrome Sapphire Update,Jhoan Duran [Gold] #USC120,$16.00,,$22.94,$41.03,$78.63,$118.19,$154.00,$71.00,$71.00,,,$4.50,$17.99,,,$7.50,$24.99,,17,,,,,2026-01-07
11630804,Baseball Cards 2025 Topps Chrome Sapphire Update,Jhoan Duran [Green] #USC120,$5.31,,$9.76,$18.24,$35.57,$53.43,$69.00,$32.00,$32.00,,,$1.20,$5.79,,,$2.80,$10.99,,13,,,,,2026-01-07
11630806,Baseball Cards 2025 Topps Chrome Sapphire Update,Jhoan Duran [Orange] #USC120,$7.50,,,,,,,,,,,$1.70,$8.29,,,,,,1,,,,,2026-01-07
11630809,Baseball Cards 2025 Topps Chrome Sapphire Update,Jhoan Duran [Padparadscha] #USC120,,,,,,,,,,,,,,,,,,,0,,,,,2026-01-07
11630808,Baseball Cards 2025 Topps Chrome Sapphire Update,Jhoan Duran [Red] #USC120,,,,,,,,,,,,,,,,,,,0,,,,,2026-01-07
11630283,Baseball Cards 2025 Topps Chrome Sapphire Update,Joc Pederson #USC46,$1.52,,$6.36,$12.36,$24.46,$36.72,$48.00,$22.00,$22.00,,,,$1.69,,,$1.40,$6.99,,9,,,,,2026-01-07
11630289,Baseball Cards 2025 Topps Chrome Sapphire Update,Joc Pederson [Black] #USC46,$23.25,,$25.84,$46.02,$88.03,$132.16,$172.00,$79.00,$79.00,,,$7.80,$25.99,,,$8.40,$27.99,,10,,,,,2026-01-07
11630285,Baseball Cards 2025 Topps Chrome Sapphire Update,Joc Pederson [Gold] #USC46,$3.25,,$7.92,$15.06,$29.56,$44.41,$58.00,$27.00,$27.00,,,,$3.59,,,$1.70,$8.69,,12,,,,,2026-01-07
11630284,Baseball Cards 2025 Topps Chrome Sapphire Update,Joc Pederson [Green] #USC46,$2.04,,,,,,,,,,,,$2.19,,,,,,38,,,,,2026-01-07
11630288,Baseball Cards 2025 Topps Chrome Sapphire Update,Joc Pederson [Orange] #USC46,$6.13,,$10.51,$19.53,$38.02,$57.16,$74.00,$34.00,$34.00,,,$1.30,$6.69,,,$3.00,$11.99,,16,,,,,2026-01-07
11630291,Baseball Cards 2025 Topps Chrome Sapphire Update,Joc Pederson [Padparadscha] #USC46,,,,,,,,,,,,,,,,,,,0,,,,,2026-01-07
11630290,Baseball Cards 2025 Topps Chrome Sapphire Update,Joc Pederson [Red] #USC46,,,,,,,,,,,,,,,,,,,0,,,,,2026-01-07
11630914,Baseball Cards 2025 Topps Chrome Sapphire Update,John Rave #USC136,$2.03,,$6.86,$13.21,$26.07,$39.14,$51.00,$23.00,$23.00,,,,$2.19,,,$1.50,$7.59,,17,,,,,2026-01-07
11630918,Baseball Cards 2025 Topps Chrome Sapphire Update,John Rave [Black] #USC136,$19.99,,,,,,,,,,,$6.60,$21.99,,,,,,4,,,,,2026-01-07
11630916,Baseball Cards 2025 Topps Chrome Sapphire Update,John Rave [Gold] #USC136,$3.59,,,,,,,,,,,$0.80,$3.99,,,,,,4,,,,,2026-01-07
11630915,Baseball Cards 2025 Topps Chrome Sapphire Update,John Rave [Green] #USC136,$20.00,,,,,,,,,,,$6.60,$21.99,,,,,,1,,,,,2026-01-07
11630917,Baseball Cards 2025 Topps Chrome Sapphire Update,John Rave [Orange] #USC136,,,,,,,,,,,,,,,,,,,0,,,,,2026-01-07
11630920,Baseball Cards 2025 Topps Chrome Sapphire Update,John Rave [Padparadscha] #USC136,,,,,,,,,,,,,,,,,,,0,,,,,2026-01-07
11630919,Baseball Cards 2025 Topps Chrome Sapphire Update,John Rave [Red] #USC136,,,,,,,,,,,,,,,,,,,0,,,,,2026-01-07
11630436,Baseball Cards 2025 Topps Chrome Sapphire Update,Jonathan Aranda #USC68,$1.60,,$6.42,$12.45,$24.62,$36.94,$48.00,$22.00,$22.00,,,,$1.79,,,$1.40,$7.09,,7,,,,,2026-01-07
11630440,Baseball Cards 2025 Topps Chrome Sapphire Update,Jonathan Aranda [Black] #USC68,,,,,,,,,,,,,,,,,,,0,,,,,2026-01-07
11630438,Baseball Cards 2025 Topps Chrome Sapphire Update,Jonathan Aranda [Gold] #USC68,$15.00,,$17.39,$31.45,$60.52,$91.00,$118.00,$55.00,$55.00,,,$4.30,$16.99,,,$4.80,$18.99,,15,,,,,2026-01-07
11630437,Baseball Cards 2025 Topps Chrome Sapphire Update,Jonathan Aranda [Green] #USC68,$5.25,,$8.59,$16.21,$31.74,$47.68,$62.00,$29.00,$29.00,,,$1.20,$5.79,,,$1.90,$9.49,,8,,,,,2026-01-07
11630439,Baseball Cards 2025 Topps Chrome Sapphire Update,Jonathan Aranda [Orange] #USC68,$28.57,,,,,,,,,,,$9.30,$30.99,,,,,,5,,,,,2026-01-07
11630442,Baseball Cards 2025 Topps Chrome Sapphire Update,Jonathan Aranda [Padparadscha] #USC68,,,,,,,,,,,,,,,,,,,0,,,,,2026-01-07
11630441,Baseball Cards 2025 Topps Chrome Sapphire Update,Jonathan Aranda [Red] #USC68,$65.00,,,,,,,,,,,$28.80,$71.99,,,,,,1,,,,,2026-01-07
11630754,Baseball Cards 2025 Topps Chrome Sapphire Update,Jorbit Vivas #USC113,$1.93,,$6.12,$11.94,$23.67,$35.52,$46.00,$21.00,$21.00,,,,$2.09,,,$1.30,$6.69,,25,,,,,2026-01-07
11630758,Baseball Cards 2025 Topps Chrome Sapphire Update,Jorbit Vivas [Black] #USC113,$41.00,,,,,,,,,,,$18.00,$44.99,,,,,,1,,,,,2026-01-07
11630756,Baseball Cards 2025 Topps Chrome Sapphire Update,Jorbit Vivas [Gold] #USC113,$7.20,,$11.46,$21.17,$41.09,$61.71,$80.00,$37.00,$37.00,,,$1.60,$7.89,,,$3.30,$12.99,,13,,,,,2026-01-07
11630755,Baseball Cards 2025 Topps Chrome Sapphire Update,Jorbit Vivas [Green] #USC113,$1.45,,,,,,,,,,,,$1.59,,,,,,5,,,,,2026-01-07
11630757,Baseball Cards 2025 Topps Chrome Sapphire Update,Jorbit Vivas [Orange] #USC113,$2.25,,,,,,,,,,,,$2.49,,,,,,1,,,,,2026-01-07
11630760,Baseball Cards 2025 Topps Chrome Sapphire Update,Jorbit Vivas [Padparadscha] #USC113,,,,,,,,,,,,,,,,,,,0,,,,,2026-01-07
11630759,Baseball Cards 2025 Topps Chrome Sapphire Update,Jorbit Vivas [Red] #USC113,$140.00,,,,,,,,,,,$77.00,$154.00,,,,,,1,,,,,2026-01-07
11630893,Baseball Cards 2025 Topps Chrome Sapphire Update,Jorge Soler #USC133,$2.05,,,,,,,,,,,,$2.29,,,,,,5,,,,,2026-01-07
11630897,Baseball Cards 2025 Topps Chrome Sapphire Update,Jorge Soler [Black] #USC133,,,,,,,,,,,,,,,,,,,0,,,,,2026-01-07
11630895,Baseball Cards 2025 Topps Chrome Sapphire Update,Jorge Soler [Gold] #USC133,$2.99,,$7.68,$14.64,$28.76,$43.16,$56.00,$26.00,$26.00,,,,$3.29,,,$1.70,$8.49,,6,,,,,2026-01-07
11630894,Baseball Cards 2025 Topps Chrome Sapphire Update,Jorge Soler [Green] #USC133,$1.50,,$6.79,$13.10,$25.86,$38.80,$50.00,$23.00,$23.00,,,,$1.69,,,$1.50,$7.49,,13,,,,,2026-01-07
11630896,Baseball Cards 2025 Topps Chrome Sapphire Update,Jorge Soler [Orange] #USC133,$4.90,,$9.40,$17.62,$34.40,$51.71,$67.00,$31.00,$31.00,,,$1.10,$5.39,,,$2.00,$9.99,,12,,,,,2026-01-07
11630898,Baseball Cards 2025 Topps Chrome Sapphire Update,Jorge Soler [Padparadscha] #USC133,,,,,,,,,,,,,,,,,,,0,,,,,2026-01-07
11630899,Baseball Cards 2025 Topps Chrome Sapphire Update,Jorge Soler [Red] #USC133,,,,,,,,,,,,,,,,,,,0,,,,,2026-01-07
11630381,Baseball Cards 2025 Topps Chrome Sapphire Update,Jose Iglesias #USC60,,,,,,,,,,,,,,,,,,,0,,,,,2026-01-07
11630387,Baseball Cards 2025 Topps Chrome Sapphire Update,Jose Iglesias [Black] #USC60,$3.49,,,,,,,,,,,$0.80,$3.79,,,,,,5,,,,,2026-01-07
11630383,Baseball Cards 2025 Topps Chrome Sapphire Update,Jose Iglesias [Gold] #USC60,$0.99,,$5.89,$11.54,$22.90,$34.37,$45.00,$21.00,$21.00,,,,$1.09,,,$1.30,$6.49,,8,,,,,2026-01-07
11630382,Baseball Cards 2025 Topps Chrome Sapphire Update,Jose Iglesias [Green] #USC60,,,,,,,,,,,,,,,,,,,0,,,,,2026-01-07
11630384,Baseball Cards 2025 Topps Chrome Sapphire Update,Jose Iglesias [Orange] #USC60,$4.25,,$8.81,$16.59,$32.44,$48.69,$63.00,$29.00,$29.00,,,$0.90,$4.69,,,$1.90,$9.69,,8,,,,,2026-01-07
11630386,Baseball Cards 2025 Topps Chrome Sapphire Update,Jose Iglesias [Padparadscha] #USC60,,,,,,,,,,,,,,,,,,,0,,,,,2026-01-07
11630385,Baseball Cards 2025 Topps Chrome Sapphire Update,Jose Iglesias [Red] #USC60,$19.99,,,,,,,,,,,$6.60,$21.99,,,,,,1,,,,,2026-01-07
11629977,Baseball Cards 2025 Topps Chrome Sapphire Update,Jose Trevino #USC2,$6.45,,$10.79,$20.01,$38.92,$58.46,$76.00,$35.00,$35.00,,,$1.40,$7.09,,,$3.00,$11.99,,9,,,,,2026-01-07
11629981,Baseball Cards 2025 Topps Chrome Sapphire Update,Jose Trevino [Black] #USC2,$10.64,,$16.78,$30.39,$58.54,$88.01,$114.00,$53.00,$53.00,,,$3.00,$11.99,,,$4.50,$17.99,,7,,,,,2026-01-07
11629979,Baseball Cards 2025 Topps Chrome Sapphire Update,Jose Trevino [Gold] #USC2,$16.00,,$19.36,$34.83,$66.92,$100.60,$131.00,$60.00,$60.00,,,$4.50,$17.99,,,$6.30,$20.99,,6,,,,,2026-01-07
11629978,Baseball Cards 2025 Topps Chrome Sapphire Update,Jose Trevino [Green] #USC2,,,,,,,,,,,,,,,,,,,0,,,,,2026-01-07
11629980,Baseball Cards 2025 Topps Chrome Sapphire Update,Jose Trevino [Orange] #USC2,,,,,,,,,,,,,,,,,,,0,,,,,2026-01-07
11629983,Baseball Cards 2025 Topps Chrome Sapphire Update,Jose Trevino [Padparadscha] #USC2,,,,,,,,,,,,,,,,,,,0,,,,,2026-01-07
11629982,Baseball Cards 2025 Topps Chrome Sapphire Update,Jose Trevino [Red] #USC2,,,,,,,,,,,,,,,,,,,0,,,,,2026-01-07
11630395,Baseball Cards 2025 Topps Chrome Sapphire Update,Josh Naylor #USC62,$1.66,,$6.49,$12.57,$24.86,$37.30,$48.00,$22.00,$22.00,,,,$1.79,,,$1.40,$7.09,,76,,,,,2026-01-07
11630399,Baseball Cards 2025 Topps Chrome Sapphire Update,Josh Naylor [Black] #USC62,,,,,,,,,,,,,,,,,,,0,,,,,2026-01-07
11630397,Baseball Cards 2025 Topps Chrome Sapphire Update,Josh Naylor [Gold] #USC62,$25.24,,$26.93,$47.91,$91.60,$137.56,$179.00,$83.00,$83.00,,,$8.40,$27.99,,,$9.00,$29.99,,15,,,,,2026-01-07
11630396,Baseball Cards 2025 Topps Chrome Sapphire Update,Josh Naylor [Green] #USC62,$26.00,,$28.35,$50.43,$96.43,$145.21,$189.00,$87.00,$87.00,,,$8.70,$28.99,,,$9.30,$30.99,,16,,,,,2026-01-07
11630398,Baseball Cards 2025 Topps Chrome Sapphire Update,Josh Naylor [Orange] #USC62,$100.00,,$94.72,$165.22,$313.27,$471.25,$613.00,$283.00,$283.00,,,$55.00,$110.00,,,$52.00,$104.00,,7,,,,,2026-01-07
11630401,Baseball Cards 2025 Topps Chrome Sapphire Update,Josh Naylor [Padparadscha] #USC62,,,,,,,,,,,,,,,,,,,0,,,,,2026-01-07
11630400,Baseball Cards 2025 Topps Chrome Sapphire Update,Josh Naylor [Red] #USC62,,,,,,,,,,,,,,,,,,,0,,,,,2026-01-07
11630725,Baseball Cards 2025 Topps Chrome Sapphire Update,Junior Caminero #USC109,$2.99,,$7.68,$14.63,$28.75,$43.15,$56.00,$26.00,$26.00,,,,$3.29,,,$1.70,$8.49,,89,,,,,2026-01-07
11630729,Baseball Cards 2025 Topps Chrome Sapphire Update,Junior Caminero [Black] #USC109,$169.99,,,,,,,,,,,$93.50,$187.00,,,,,,1,,,,,2026-01-07
11630727,Baseball Cards 2025 Topps Chrome Sapphire Update,Junior Caminero [Gold] #USC109,$40.00,,$40.90,$72.13,$137.40,$206.75,$269.00,$124.00,$124.00,,,$17.60,$43.99,,,$18.00,$44.99,,18,,,,,2026-01-07
11630726,Baseball Cards 2025 Topps Chrome Sapphire Update,Junior Caminero [Green] #USC109,$15.00,,$18.45,$33.26,$63.94,$96.07,$125.00,$58.00,$58.00,,,$4.30,$16.99,,,$5.00,$19.99,,14,,,,,2026-01-07
11630728,Baseball Cards 2025 Topps Chrome Sapphire Update,Junior Caminero [Orange] #USC109,$63.50,,$61.99,$108.62,$206.37,$310.57,$404.00,$186.00,$186.00,,,$28.00,$69.99,,,$27.20,$67.99,,6,,,,,2026-01-07
11630731,Baseball Cards 2025 Topps Chrome Sapphire Update,Junior Caminero [Padparadscha] #USC109,$2499.99,,,,,,,,,,,$1650.00,$2750.00,,,,,,1,,,,,2026-01-07
11630730,Baseball Cards 2025 Topps Chrome Sapphire Update,Junior Caminero [Red] #USC109,$189.25,,$174.89,$304.03,$575.69,$866.85,$1127.00,$520.00,$520.00,,,$104.00,$208.00,,,$96.00,$192.00,,5,,,,,2026-01-07
11630388,Baseball Cards 2025 Topps Chrome Sapphire Update,Justin Hagenman #USC61,$1.94,,$6.16,$12.00,$23.78,$35.69,$46.00,$21.00,$21.00,,,,$2.09,,,$1.40,$6.79,,15,,,,,2026-01-07
11630392,Baseball Cards 2025 Topps Chrome Sapphire Update,Justin Hagenman [Black] #USC61,$18.24,,,,,,,,,,,$5.00,$19.99,,,,,,7,,,,,2026-01-07
11630390,Baseball Cards 2025 Topps Chrome Sapphire Update,Justin Hagenman [Gold] #USC61,$11.49,,$15.32,$27.87,$53.78,$80.91,$105.00,$49.00,$49.00,,,$3.30,$12.99,,,$4.30,$16.99,,5,,,,,2026-01-07
11630389,Baseball Cards 2025 Topps Chrome Sapphire Update,Justin Hagenman [Green] #USC61,$4.88,,$9.37,$17.56,$34.28,$51.45,$67.00,$31.00,$31.00,,,$1.10,$5.39,,,$2.00,$9.99,,5,,,,,2026-01-07
11630391,Baseball Cards 2025 Topps Chrome Sapphire Update,Justin Hagenman [Orange] #USC61,$2.99,,,,,,,,,,,,$3.29,,,,,,1,,,,,2026-01-07
11630394,Baseball Cards 2025 Topps Chrome Sapphire Update,Justin Hagenman [Padparadscha] #USC61,,,,,,,,,,,,,,,,,,,0,,,,,2026-01-07
11630393,Baseball Cards 2025 Topps Chrome Sapphire Update,Justin Hagenman [Red] #USC61,,,,,,,,,,,,,,,,,,,0,,,,,2026-01-07
11629984,Baseball Cards 2025 Topps Chrome Sapphire Update,Justin Steele #USC3,$1.99,,$6.79,$13.09,$25.85,$38.82,$50.00,$23.00,$23.00,,,,$2.19,,,$1.50,$7.49,,20,,,,,2026-01-07
11629988,Baseball Cards 2025 Topps Chrome Sapphire Update,Justin Steele [Black] #USC3,,,,,,,,,,,,,,,,,,,0,,,,,2026-01-07
11629986,Baseball Cards 2025 Topps Chrome Sapphire Update,Justin Steele [Gold] #USC3,$5.50,,$9.93,$18.53,$36.11,$54.20,$70.00,$33.00,$33.00,,,$1.20,$6.09,,,$2.80,$10.99,,7,,,,,2026-01-07
11629985,Baseball Cards 2025 Topps Chrome Sapphire Update,Justin Steele [Green] #USC3,$4.11,,$8.72,$16.44,$32.17,$48.32,$63.00,$29.00,$29.00,,,$0.90,$4.49,,,$1.90,$9.59,,9,,,,,2026-01-07
11629987,Baseball Cards 2025 Topps Chrome Sapphire Update,Justin Steele [Orange] #USC3,$9.50,,$13.53,$24.75,$47.88,$71.97,$94.00,$43.00,$43.00,,,$2.00,$9.99,,,$3.80,$14.99,,8,,,,,2026-01-07
11629990,Baseball Cards 2025 Topps Chrome Sapphire Update,Justin Steele [Padparadscha] #USC3,,,,,,,,,,,,,,,,,,,0,,,,,2026-01-07
11629989,Baseball Cards 2025 Topps Chrome Sapphire Update,Justin Steele [Red] #USC3,,,,,,,,,,,,,,,,,,,0,,,,,2026-01-07
11631152,Baseball Cards 2025 Topps Chrome Sapphire Update,Justin Turner #USC170,$1.00,,$5.90,$11.55,$22.94,$34.43,$45.00,$21.00,$21.00,,,,$1.09,,,$1.30,$6.49,,10,,,,,2026-01-07
11631157,Baseball Cards 2025 Topps Chrome Sapphire Update,Justin Turner [Black] #USC170,$22.53,,$24.15,$43.16,$82.67,$124.47,$162.00,$75.00,$75.00,,,$7.50,$24.99,,,$8.10,$26.99,,6,,,,,2026-01-07
11631155,Baseball Cards 2025 Topps Chrome Sapphire Update,Justin Turner [Gold] #USC170,$5.50,,,,,,,,,,,$1.20,$6.09,,,,,,1,,,,,2026-01-07
11631154,Baseball Cards 2025 Topps Chrome Sapphire Update,Justin Turner [Green] #USC170,$4.63,,,,,,,,,,,$1.00,$5.09,,,,,,7,,,,,2026-01-07
11631156,Baseball Cards 2025 Topps Chrome Sapphire Update,Justin Turner [Orange] #USC170,$14.40,,$17.90,$32.31,$62.14,$93.32,$121.00,$56.00,$56.00,,,$4.00,$15.99,,,$5.00,$19.99,,6,,,,,2026-01-07
11631160,Baseball Cards 2025 Topps Chrome Sapphire Update,Justin Turner [Padparadscha] #USC170,,,,,,,,,,,,,,,,,,,0,,,,,2026-01-07
11631158,Baseball Cards 2025 Topps Chrome Sapphire Update,Justin Turner [Red] #USC170,$41.00,,,,,,,,,,,$18.00,$44.99,,,,,,1,,,,,2026-01-07
11631266,Baseball Cards 2025 Topps Chrome Sapphire Update,Kade Strowd #USC193,$0.99,,,,,,,,,,,,$1.09,,,,,,14,,,,,2026-01-07
11631273,Baseball Cards 2025 Topps Chrome Sapphire Update,Kade Strowd [Black] #USC193,,,,,,,,,,,,,,,,,,,0,,,,,2026-01-07
11631269,Baseball Cards 2025 Topps Chrome Sapphire Update,Kade Strowd [Gold] #USC193,,,,,,,,,,,,,,,,,,,0,,,,,2026-01-07
11631379,Baseball Cards 2025 Topps Chrome Sapphire Update,Kade Strowd [Green] #USC193,$3.00,,,,,,,,,,,,$3.29,,,,,,5,,,,,2026-01-07
11631271,Baseball Cards 2025 Topps Chrome Sapphire Update,Kade Strowd [Orange] #USC193,$3.52,,$8.16,$15.46,$30.32,$45.53,$59.00,$27.00,$27.00,,,$0.80,$3.89,,,$1.80,$8.99,,9,,,,,2026-01-07
11631276,Baseball Cards 2025 Topps Chrome Sapphire Update,Kade Strowd [Padparadscha] #USC193,,,,,,,,,,,,,,,,,,,0,,,,,2026-01-07
11631274,Baseball Cards 2025 Topps Chrome Sapphire Update,Kade Strowd [Red] #USC193,,,,,,,,,,,,,,,,,,,0,,,,,2026-01-07
11630051,Baseball Cards 2025 Topps Chrome Sapphire Update,Ke'Bryan Hayes #USC13,$1.09,,$5.98,$11.69,$23.19,$34.79,$45.00,$21.00,$21.00,,,,$1.19,,,$1.30,$6.59,,6,,,,,2026-01-07
11630055,Baseball Cards 2025 Topps Chrome Sapphire Update,Ke'Bryan Hayes [Black] #USC13,,,,,,,,,,,,,,,,,,,0,,,,,2026-01-07
11630053,Baseball Cards 2025 Topps Chrome Sapphire Update,Ke'Bryan Hayes [Gold] #USC13,,,,,,,,,,,,,,,,,,,0,,,,,2026-01-07
11630052,Baseball Cards 2025 Topps Chrome Sapphire Update,Ke'Bryan Hayes [Green] #USC13,$3.92,,$8.52,$16.09,$31.51,$47.33,$62.00,$28.00,$28.00,,,$0.90,$4.29,,,$1.90,$9.39,,9,,,,,2026-01-07
11630054,Baseball Cards 2025 Topps Chrome Sapphire Update,Ke'Bryan Hayes [Orange] #USC13,,,,,,,,,,,,,,,,,,,0,,,,,2026-01-07
11630057,Baseball Cards 2025 Topps Chrome Sapphire Update,Ke'Bryan Hayes [Padparadscha] #USC13,,,,,,,,,,,,,,,,,,,0,,,,,2026-01-07
11630056,Baseball Cards 2025 Topps Chrome Sapphire Update,Ke'Bryan Hayes [Red] #USC13,$26.98,,,,,,,,,,,$9.00,$29.99,,,,,,1,,,,,2026-01-07
11630134,Baseball Cards 2025 Topps Chrome Sapphire Update,Kevin Alcantara #USC25,$2.77,,$7.42,$14.19,$27.91,$41.89,$54.00,$25.00,$25.00,,,,$3.09,,,$1.60,$8.19,,53,,,,,2026-01-07
11630139,Baseball Cards 2025 Topps Chrome Sapphire Update,Kevin Alcantara [Black] #USC25,$150.00,,,,,,,,,,,$82.50,$165.00,,,,,,1,,,,,2026-01-07
11630137,Baseball Cards 2025 Topps Chrome Sapphire Update,Kevin Alcantara [Gold] #USC25,$20.00,,,,,,,,,,,$6.60,$21.99,,,,,,1,,,,,2026-01-07
11630136,Baseball Cards 2025 Topps Chrome Sapphire Update,Kevin Alcantara [Green] #USC25,$8.88,,$12.91,$23.70,$45.90,$69.04,$90.00,$41.00,$41.00,,,$2.00,$9.79,,,$3.50,$13.99,,15,,,,,2026-01-07
11630138,Baseball Cards 2025 Topps Chrome Sapphire Update,Kevin Alcantara [Orange] #USC25,$38.59,,$39.08,$68.92,$131.31,$197.31,$257.00,$118.00,$118.00,,,$16.80,$41.99,,,$17.20,$42.99,,13,,,,,2026-01-07
11630140,Baseball Cards 2025 Topps Chrome Sapphire Update,Kevin Alcantara [Padparadscha] #USC25,,,,,,,,,,,,,,,,,,,0,,,,,2026-01-07
11630141,Baseball Cards 2025 Topps Chrome Sapphire Update,Kevin Alcantara [Red] #USC25,$155.00,,,,,,,,,,,$85.50,$171.00,,,,,,1,,,,,2026-01-07
11630768,Baseball Cards 2025 Topps Chrome Sapphire Update,Kris Bubic #USC115,$1.00,,$5.90,$11.55,$22.93,$34.41,$45.00,$21.00,$21.00,,,,$1.09,,,$1.30,$6.49,,6,,,,,2026-01-07
11630771,Baseball Cards 2025 Topps Chrome Sapphire Update,Kris Bubic [Black] #USC115,,,,,,,,,,,,,,,,,,,0,,,,,2026-01-07
11630770,Baseball Cards 2025 Topps Chrome Sapphire Update,Kris Bubic [Gold] #USC115,$10.00,,,,,,,,,,,$2.80,$10.99,,,,,,1,,,,,2026-01-07
11630769,Baseball Cards 2025 Topps Chrome Sapphire Update,Kris Bubic [Green] #USC115,,,,,,,,,,,,,,,,,,,0,,,,,2026-01-07
11630772,Baseball Cards 2025 Topps Chrome Sapphire Update,Kris Bubic [Orange] #USC115,$12.50,,$16.21,$29.38,$56.61,$85.03,$111.00,$51.00,$51.00,,,$3.50,$13.99,,,$4.50,$17.99,,5,,,,,2026-01-07
11630774,Baseball Cards 2025 Topps Chrome Sapphire Update,Kris Bubic [Padparadscha] #USC115,,,,,,,,,,,,,,,,,,,0,,,,,2026-01-07
11630773,Baseball Cards 2025 Topps Chrome Sapphire Update,Kris Bubic [Red] #USC115,$7.50,,,,,,,,,,,$1.70,$8.29,,,,,,1,,,,,2026-01-07
11631206,Baseball Cards 2025 Topps Chrome Sapphire Update,Kristian Campbell #USC188,$1.61,,$6.46,$12.53,$24.77,$37.18,$48.00,$22.00,$22.00,,,,$1.79,,,$1.40,$7.09,,82,,,,,2026-01-07
11631211,Baseball Cards 2025 Topps Chrome Sapphire Update,Kristian Campbell [Black] #USC188,$61.09,,$59.41,$104.11,$197.80,$297.39,$387.00,$178.00,$178.00,,,$26.80,$66.99,,,$26.00,$64.99,,13,,,,,2026-01-07
11631208,Baseball Cards 2025 Topps Chrome Sapphire Update,Kristian Campbell [Gold] #USC188,$32.00,,,,,,,,,,,$10.50,$34.99,,,,,,1,,,,,2026-01-07
11631209,Baseball Cards 2025 Topps Chrome Sapphire Update,Kristian Campbell [Green] #USC188,$8.75,,$12.86,$23.61,$45.74,$68.82,$89.00,$41.00,$41.00,,,$1.90,$9.59,,,$3.50,$13.99,,7,,,,,2026-01-07
11631210,Baseball Cards 2025 Topps Chrome Sapphire Update,Kristian Campbell [Orange] #USC188,$21.75,,$24.53,$43.83,$83.94,$126.39,$164.00,$76.00,$76.00,,,$7.20,$23.99,,,$8.10,$26.99,,7,,,,,2026-01-07
11631212,Baseball Cards 2025 Topps Chrome Sapphire Update,Kristian Campbell [Padparadscha] #USC188,,,,,,,,,,,,,,,,,,,0,,,,,2026-01-07
11631213,Baseball Cards 2025 Topps Chrome Sapphire Update,Kristian Campbell [Red] #USC188,,,,,,,,,,,,,,,,,,,0,,,,,2026-01-07
11631073,Baseball Cards 2025 Topps Chrome Sapphire Update,Kumar Rocker #USC160,$1.80,,$7.02,$13.49,$26.59,$39.92,$52.00,$24.00,$24.00,,,,$1.99,,,$1.50,$7.69,,45,,,,,2026-01-07
11631076,Baseball Cards 2025 Topps Chrome Sapphire Update,Kumar Rocker [Black] #USC160,$68.00,,,,,,,,,,,$30.00,$74.99,,,,,,4,,,,,2026-01-07
11631075,Baseball Cards 2025 Topps Chrome Sapphire Update,Kumar Rocker [Gold] #USC160,$7.99,,$9.40,$17.62,$34.39,$51.64,$67.00,$31.00,$31.00,,,$1.80,$8.79,,,$2.00,$9.99,,12,,,,,2026-01-07
11631074,Baseball Cards 2025 Topps Chrome Sapphire Update,Kumar Rocker [Green] #USC160,$1.99,,$7.47,$14.27,$28.08,$42.17,$55.00,$25.00,$25.00,,,,$2.19,,,$1.60,$8.19,,13,,,,,2026-01-07
11631078,Baseball Cards 2025 Topps Chrome Sapphire Update,Kumar Rocker [Orange] #USC160,$13.50,,$15.50,,,,,,,,,$3.80,$14.99,,,$4.30,$16.99,,2,,,,,2026-01-07
11631079,Baseball Cards 2025 Topps Chrome Sapphire Update,Kumar Rocker [Padparadscha] #USC160,$183.31,,,,,,,,,,,$101.00,$202.00,,,,,,1,,,,,2026-01-07
11631077,Baseball Cards 2025 Topps Chrome Sapphire Update,Kumar Rocker [Red] #USC160,,,,,,,,,,,,,,,,,,,0,,,,,2026-01-07
11630315,Baseball Cards 2025 Topps Chrome Sapphire Update,Kyle Stowers #USC50,$2.19,,$6.97,$13.40,$26.43,$39.67,$52.00,$24.00,$24.00,,,,$2.39,,,$1.50,$7.69,,15,,,,,2026-01-07
11630319,Baseball Cards 2025 Topps Chrome Sapphire Update,Kyle Stowers [Black] #USC50,$30.87,,$32.72,$58.00,$110.72,$166.72,$217.00,$100.00,$100.00,,,$10.20,$33.99,,,$14.40,$35.99,,9,,,,,2026-01-07
11630317,Baseball Cards 2025 Topps Chrome Sapphire Update,Kyle Stowers [Gold] #USC50,$9.99,,$13.96,$25.49,$49.25,$73.96,$96.00,$44.00,$44.00,,,$2.80,$10.99,,,$3.80,$14.99,,8,,,,,2026-01-07
11630316,Baseball Cards 2025 Topps Chrome Sapphire Update,Kyle Stowers [Green] #USC50,$5.00,,$9.48,$17.75,$34.64,$52.01,$68.00,$31.00,$31.00,,,$1.10,$5.49,,,$2.00,$9.99,,13,,,,,2026-01-07
11630318,Baseball Cards 2025 Topps Chrome Sapphire Update,Kyle Stowers [Orange] #USC50,$4.81,,,,,,,,,,,$1.10,$5.29,,,,,,1,,,,,2026-01-07
11630321,Baseball Cards 2025 Topps Chrome Sapphire Update,Kyle Stowers [Padparadscha] #USC50,,,,,,,,,,,,,,,,,,,0,,,,,2026-01-07
11630320,Baseball Cards 2025 Topps Chrome Sapphire Update,Kyle Stowers [Red] #USC50,$48.95,,,,,,,,,,,$21.60,$53.99,,,,,,1,,,,,2026-01-07
11630565,Baseball Cards 2025 Topps Chrome Sapphire Update,Liam Hicks #USC86,$6.51,,$10.66,$19.78,$38.47,$57.74,$75.00,$35.00,$35.00,,,$1.40,$7.19,,,$3.00,$11.99,,87,,,,,2026-01-07
11630569,Baseball Cards 2025 Topps Chrome Sapphire Update,Liam Hicks [Black] #USC86,$175.00,,$161.95,$281.38,$532.65,$800.61,$1041.00,$480.00,$480.00,,,$96.50,$193.00,,,$89.00,$178.00,,14,,,,,2026-01-07
11630567,Baseball Cards 2025 Topps Chrome Sapphire Update,Liam Hicks [Gold] #USC86,$42.00,,$19.40,$34.89,$67.01,$100.63,$131.00,$60.00,$60.00,,,$18.40,$45.99,,,$6.30,$20.99,,17,,,,,2026-01-07
11630566,Baseball Cards 2025 Topps Chrome Sapphire Update,Liam Hicks [Green] #USC86,$14.51,,$20.56,$36.92,$70.86,$106.49,$138.00,$64.00,$64.00,,,$4.00,$15.99,,,$6.90,$22.99,,22,,,,,2026-01-07
11630568,Baseball Cards 2025 Topps Chrome Sapphire Update,Liam Hicks [Orange] #USC86,$19.99,,$22.95,$41.06,$78.70,$118.40,$154.00,$71.00,$71.00,,,$6.60,$21.99,,,$7.50,$24.99,,16,,,,,2026-01-07
11630571,Baseball Cards 2025 Topps Chrome Sapphire Update,Liam Hicks [Padparadscha] #USC86,,,,,,,,,,,,,,,,,,,0,,,,,2026-01-07
11630570,Baseball Cards 2025 Topps Chrome Sapphire Update,Liam Hicks [Red] #USC86,$19.50,,,,,,,,,,,$6.30,$20.99,,,,,,1,,,,,2026-01-07
11631278,Baseball Cards 2025 Topps Chrome Sapphire Update,Logan Evans #USC194,$0.99,,$5.89,$11.54,$22.90,$34.37,$45.00,$21.00,$21.00,,,,$1.09,,,$1.30,$6.49,,19,,,,,2026-01-07
11631302,Baseball Cards 2025 Topps Chrome Sapphire Update,Logan Evans [Black] #USC194,,,,,,,,,,,,,,,,,,,0,,,,,2026-01-07
11631284,Baseball Cards 2025 Topps Chrome Sapphire Update,Logan Evans [Gold] #USC194,,,,,,,,,,,,,,,,,,,0,,,,,2026-01-07
11631282,Baseball Cards 2025 Topps Chrome Sapphire Update,Logan Evans [Green] #USC194,$4.65,,$8.26,$15.65,$30.67,$46.04,$60.00,$28.00,$28.00,,,$1.00,$5.09,,,$1.80,$9.09,,20,,,,,2026-01-07
11631293,Baseball Cards 2025 Topps Chrome Sapphire Update,Logan Evans [Orange] #USC194,$13.50,,$17.12,$30.96,$59.61,$89.63,$117.00,$54.00,$54.00,,,$3.80,$14.99,,,$4.80,$18.99,,7,,,,,2026-01-07
11631306,Baseball Cards 2025 Topps Chrome Sapphire Update,Logan Evans [Padparadscha] #USC194,,,,,,,,,,,,,,,,,,,0,,,,,2026-01-07
11631304,Baseball Cards 2025 Topps Chrome Sapphire Update,Logan Evans [Red] #USC194,,,,,,,,,,,,,,,,,,,0,,,,,2026-01-07
11630415,Baseball Cards 2025 Topps Chrome Sapphire Update,Logan Henderson #USC65,$2.84,,$7.57,$14.45,$28.41,$42.65,$55.00,$26.00,$26.00,,,,$3.09,,,$1.70,$8.29,,55,,,,,2026-01-07
11630418,Baseball Cards 2025 Topps Chrome Sapphire Update,Logan Henderson [Black] #USC65,$56.00,,,,,,,,,,,$24.80,$61.99,,,,,,1,,,,,2026-01-07
11630420,Baseball Cards 2025 Topps Chrome Sapphire Update,Logan Henderson [Gold] #USC65,$20.00,,$22.95,$41.07,$78.72,$118.44,$154.00,$71.00,$71.00,,,$6.60,$21.99,,,$7.50,$24.99,,21,,,,,2026-01-07
11630416,Baseball Cards 2025 Topps Chrome Sapphire Update,Logan Henderson [Green] #USC65,$6.99,,$11.27,$20.85,$40.50,$60.85,$79.00,$37.00,$37.00,,,$1.50,$7.69,,,$3.00,$11.99,,14,,,,,2026-01-07
11630417,Baseball Cards 2025 Topps Chrome Sapphire Update,Logan Henderson [Orange] #USC65,,,,,,,,,,,,,,,,,,,0,,,,,2026-01-07
11630421,Baseball Cards 2025 Topps Chrome Sapphire Update,Logan Henderson [Padparadscha] #USC65,,,,,,,,,,,,,,,,,,,0,,,,,2026-01-07
11630419,Baseball Cards 2025 Topps Chrome Sapphire Update,Logan Henderson [Red] #USC65,,,,,,,,,,,,,,,,,,,0,,,,,2026-01-07
11630947,Baseball Cards 2025 Topps Chrome Sapphire Update,Logan VanWey #USC141,$2.67,,$7.40,$14.14,$27.83,$41.77,$54.00,$25.00,$25.00,,,,$2.89,,,$1.60,$8.09,,21,,,,,2026-01-07
11630950,Baseball Cards 2025 Topps Chrome Sapphire Update,Logan VanWey [Black] #USC141,$82.25,,,,,,,,,,,$36.00,$89.99,,,,,,1,,,,,2026-01-07
11631368,Baseball Cards 2025 Topps Chrome Sapphire Update,Logan VanWey [Gold] #USC141,$3.00,,$7.69,$14.65,$28.78,$43.20,$56.00,$26.00,$26.00,,,,$3.29,,,$1.70,$8.49,,12,,,,,2026-01-07
11630948,Baseball Cards 2025 Topps Chrome Sapphire Update,Logan VanWey [Green] #USC141,$1.25,,$6.12,$11.94,$23.66,$35.49,$46.00,$21.00,$21.00,,,,$1.39,,,$1.30,$6.69,,15,,,,,2026-01-07
11630949,Baseball Cards 2025 Topps Chrome Sapphire Update,Logan VanWey [Orange] #USC141,$16.99,,$20.25,$36.40,$69.90,$105.16,$137.00,$63.00,$63.00,,,$4.80,$18.99,,,$6.60,$21.99,,7,,,,,2026-01-07
11630952,Baseball Cards 2025 Topps Chrome Sapphire Update,Logan VanWey [Padparadscha] #USC141,,,,,,,,,,,,,,,,,,,0,,,,,2026-01-07
11630951,Baseball Cards 2025 Topps Chrome Sapphire Update,Logan VanWey [Red] #USC141,,,,,,,,,,,,,,,,,,,0,,,,,2026-01-07
11630940,Baseball Cards 2025 Topps Chrome Sapphire Update,Luis Mey #USC140,$1.25,,$6.12,$11.94,$23.66,$35.50,$46.00,$21.00,$21.00,,,,$1.39,,,$1.30,$6.69,,15,,,,,2026-01-07
11630944,Baseball Cards 2025 Topps Chrome Sapphire Update,Luis Mey [Black] #USC140,,,,,,,,,,,,,,,,,,,0,,,,,2026-01-07
11630942,Baseball Cards 2025 Topps Chrome Sapphire Update,Luis Mey [Gold] #USC140,$7.00,,$11.28,$20.85,$40.49,$60.79,$79.00,$36.00,$36.00,,,$1.50,$7.69,,,$3.00,$11.99,,11,,,,,2026-01-07
11630941,Baseball Cards 2025 Topps Chrome Sapphire Update,Luis Mey [Green] #USC140,$1.25,,,,,,,,,,,,$1.39,,,,,,1,,,,,2026-01-07
11630943,Baseball Cards 2025 Topps Chrome Sapphire Update,Luis Mey [Orange] #USC140,,,,,,,,,,,,,,,,,,,0,,,,,2026-01-07
11630946,Baseball Cards 2025 Topps Chrome Sapphire Update,Luis Mey [Padparadscha] #USC140,,,,,,,,,,,,,,,,,,,0,,,,,2026-01-07
11630945,Baseball Cards 2025 Topps Chrome Sapphire Update,Luis Mey [Red] #USC140,,,,,,,,,,,,,,,,,,,0,,,,,2026-01-07
11630336,Baseball Cards 2025 Topps Chrome Sapphire Update,Luisangel Acuna #USC53,$1.43,,$6.28,$12.22,$24.19,$36.31,$47.00,$22.00,$22.00,,,,$1.59,,,$1.40,$6.89,,47,,,,,2026-01-07
11631353,Baseball Cards 2025 Topps Chrome Sapphire Update,Luisangel Acuna [Black] #USC53,,,,,,,,,,,,,,,,,,,0,,,,,2026-01-07
11630338,Baseball Cards 2025 Topps Chrome Sapphire Update,Luisangel Acuna [Gold] #USC53,$9.25,,$10.83,$20.09,$39.07,$58.70,$76.00,$35.00,$35.00,,,$2.00,$9.99,,,$3.00,$11.99,,11,,,,,2026-01-07
11630337,Baseball Cards 2025 Topps Chrome Sapphire Update,Luisangel Acuna [Green] #USC53,$10.00,,$13.97,$25.52,$49.33,$74.13,$96.00,$44.00,$44.00,,,$2.80,$10.99,,,$3.80,$14.99,,7,,,,,2026-01-07
11630339,Baseball Cards 2025 Topps Chrome Sapphire Update,Luisangel Acuna [Orange] #USC53,$11.37,,,,,,,,,,,$3.30,$12.99,,,,,,1,,,,,2026-01-07
11630341,Baseball Cards 2025 Topps Chrome Sapphire Update,Luisangel Acuna [Padparadscha] #USC53,,,,,,,,,,,,,,,,,,,0,,,,,2026-01-07
11630340,Baseball Cards 2025 Topps Chrome Sapphire Update,Luisangel Acuna [Red] #USC53,,,,,,,,,,,,,,,,,,,0,,,,,2026-01-07
11630704,Baseball Cards 2025 Topps Chrome Sapphire Update,Luke Keaschall #USC106,$3.00,,$24.12,$27.00,$30.56,$45.86,$60.00,$44.99,$28.00,,,,$3.29,,,$8.10,$26.99,,91,,,,,2026-01-07
11630900,Baseball Cards 2025 Topps Chrome Sapphire Update,Luke Keaschall #USC134,$3.10,,$7.74,$14.73,$28.94,$43.46,$57.00,$26.00,$26.00,,,,$3.39,,,$1.70,$8.49,,69,,,,,2026-01-07
11630708,Baseball Cards 2025 Topps Chrome Sapphire Update,Luke Keaschall [Black] #USC106,$105.00,,$99.29,$173.26,$328.60,$495.09,$644.00,$297.00,$297.00,,,$58.00,$116.00,,,$54.50,$109.00,,13,,,,,2026-01-07
11630903,Baseball Cards 2025 Topps Chrome Sapphire Update,Luke Keaschall [Black] #USC134,$84.63,,$80.99,$141.55,$268.64,$404.62,$526.00,$243.00,$243.00,,,$37.20,$92.99,,,$35.60,$88.99,,16,,,,,2026-01-07
11630706,Baseball Cards 2025 Topps Chrome Sapphire Update,Luke Keaschall [Gold] #USC106,$67.00,,$65.07,$113.85,$216.15,$324.71,$422.00,$195.00,$195.00,,,$29.60,$73.99,,,$28.80,$71.99,,5,,,,,2026-01-07
11630905,Baseball Cards 2025 Topps Chrome Sapphire Update,Luke Keaschall [Gold] #USC134,$64.80,,$63.14,$110.58,$210.03,$315.91,$411.00,$190.00,$190.00,,,$28.40,$70.99,,,$27.60,$68.99,,9,,,,,2026-01-07
11630705,Baseball Cards 2025 Topps Chrome Sapphire Update,Luke Keaschall [Green] #USC106,$34.24,,$35.70,$63.06,$120.20,$180.51,$235.00,$108.00,$108.00,,,$15.20,$37.99,,,$15.60,$38.99,,18,,,,,2026-01-07
11630901,Baseball Cards 2025 Topps Chrome Sapphire Update,Luke Keaschall [Green] #USC134,$19.88,,$22.83,$40.83,$78.23,$117.53,$153.00,$71.00,$71.00,,,$6.60,$21.99,,,$7.50,$24.99,,10,,,,,2026-01-07
11630707,Baseball Cards 2025 Topps Chrome Sapphire Update,Luke Keaschall [Orange] #USC106,$28.51,,,,,,,,,,,$9.30,$30.99,,,,,,1,,,,,2026-01-07
11630902,Baseball Cards 2025 Topps Chrome Sapphire Update,Luke Keaschall [Orange] #USC134,$90.00,,,,,,,,,,,$39.60,$98.99,,,,,,1,,,,,2026-01-07
11630710,Baseball Cards 2025 Topps Chrome Sapphire Update,Luke Keaschall [Padparadscha] #USC106,$4750.00,,,,,,,,,,,$3135.00,$5225.00,,,,,,1,,,,,2026-01-07
11630906,Baseball Cards 2025 Topps Chrome Sapphire Update,Luke Keaschall [Padparadscha] #USC134,,,,,,,,,,,,,,,,,,,0,,,,,2026-01-07
11630709,Baseball Cards 2025 Topps Chrome Sapphire Update,Luke Keaschall [Red] #USC106,,,,,,,,,,,,,,,,,,,0,,,,,2026-01-07
11630904,Baseball Cards 2025 Topps Chrome Sapphire Update,Luke Keaschall [Red] #USC134,,,,,,,,,,,,,,,,,,,0,,,,,2026-01-07
11630450,Baseball Cards 2025 Topps Chrome Sapphire Update,Maikel Garcia #USC70,$1.52,,$6.36,$12.36,$24.45,$36.69,$48.00,$22.00,$22.00,,,,$1.69,,,$1.40,$6.99,,27,,,,,2026-01-07
11630454,Baseball Cards 2025 Topps Chrome Sapphire Update,Maikel Garcia [Black] #USC70,$63.16,,,,,,,,,,,$27.60,$68.99,,,,,,1,,,,,2026-01-07
11630452,Baseball Cards 2025 Topps Chrome Sapphire Update,Maikel Garcia [Gold] #USC70,$10.44,,$14.37,$26.21,$50.63,$76.09,$99.00,$46.00,$46.00,,,$2.80,$10.99,,,$4.00,$15.99,,14,,,,,2026-01-07
11630451,Baseball Cards 2025 Topps Chrome Sapphire Update,Maikel Garcia [Green] #USC70,$7.24,,$11.50,$21.26,$41.28,$62.06,$81.00,$37.00,$37.00,,,$1.60,$7.99,,,$3.30,$12.99,,15,,,,,2026-01-07
11630453,Baseball Cards 2025 Topps Chrome Sapphire Update,Maikel Garcia [Orange] #USC70,$16.50,,$19.81,$35.64,$68.46,$102.99,$134.00,$62.00,$62.00,,,$4.50,$17.99,,,$6.60,$21.99,,7,,,,,2026-01-07
11630456,Baseball Cards 2025 Topps Chrome Sapphire Update,Maikel Garcia [Padparadscha] #USC70,,,,,,,,,,,,,,,,,,,0,,,,,2026-01-07
11630455,Baseball Cards 2025 Topps Chrome Sapphire Update,Maikel Garcia [Red] #USC70,$266.99,,,,,,,,,,,$147.00,$294.00,,,,,,1,,,,,2026-01-07
11630782,Baseball Cards 2025 Topps Chrome Sapphire Update,Marcelo Mayer #USC117,$2.69,,$7.47,$14.26,$28.05,$42.10,$55.00,$25.00,$25.00,,,,$2.99,,,$1.60,$8.19,,104,,,,,2026-01-07
11630025,Baseball Cards 2025 Topps Chrome Sapphire Update,Marcelo Mayer #USC9,$3.38,,$8.44,$15.94,$31.23,$46.88,$61.00,$28.00,$28.00,,,,$3.69,,,$1.90,$9.29,,101,,,,,2026-01-07
11630786,Baseball Cards 2025 Topps Chrome Sapphire Update,Marcelo Mayer [Black] #USC117,,,,,,,,,,,,,,,,,,,0,,,,,2026-01-07
11630030,Baseball Cards 2025 Topps Chrome Sapphire Update,Marcelo Mayer [Black] #USC9,$400.00,,$364.08,$631.51,$1194.61,$1799.06,$2339.00,$1079.00,$1079.00,,,$220.00,$440.00,,,$200.00,$400.00,,9,,,,,2026-01-07
11630784,Baseball Cards 2025 Topps Chrome Sapphire Update,Marcelo Mayer [Gold] #USC117,$62.00,,$60.68,$106.40,$202.22,$304.62,$396.00,$183.00,$183.00,,,$27.20,$67.99,,,$26.80,$66.99,,6,,,,,2026-01-07
11630027,Baseball Cards 2025 Topps Chrome Sapphire Update,Marcelo Mayer [Gold] #USC9,$80.81,,$77.52,$135.49,$257.12,$386.92,$503.00,$232.00,$232.00,,,$35.60,$88.99,,,$34.00,$84.99,,19,,,,,2026-01-07
11630783,Baseball Cards 2025 Topps Chrome Sapphire Update,Marcelo Mayer [Green] #USC117,$18.76,,$21.83,$39.12,$75.02,$112.81,$147.00,$68.00,$68.00,,,$6.30,$20.99,,,$7.20,$23.99,,7,,,,,2026-01-07
11630026,Baseball Cards 2025 Topps Chrome Sapphire Update,Marcelo Mayer [Green] #USC9,$21.62,,$24.39,$43.54,$83.37,$125.30,$163.00,$75.00,$75.00,,,$7.20,$23.99,,,$8.10,$26.99,,30,,,,,2026-01-07
11630785,Baseball Cards 2025 Topps Chrome Sapphire Update,Marcelo Mayer [Orange] #USC117,,,,,,,,,,,,,,,,,,,0,,,,,2026-01-07
11630028,Baseball Cards 2025 Topps Chrome Sapphire Update,Marcelo Mayer [Orange] #USC9,$124.19,,,,,$300.00,$390.00,$180.00,$180.00,,,$68.50,$137.00,,,,,,6,,,,,2026-01-07
11630788,Baseball Cards 2025 Topps Chrome Sapphire Update,Marcelo Mayer [Padparadscha] #USC117,,,,,,,,,,,,,,,,,,,0,,,,,2026-01-07
11630031,Baseball Cards 2025 Topps Chrome Sapphire Update,Marcelo Mayer [Padparadscha] #USC9,,,,,,,,,,,,,,,,,,,0,,,,,2026-01-07
11630787,Baseball Cards 2025 Topps Chrome Sapphire Update,Marcelo Mayer [Red] #USC117,,,,,,,,,,,,,,,,,,,0,,,,,2026-01-07
11630029,Baseball Cards 2025 Topps Chrome Sapphire Update,Marcelo Mayer [Red] #USC9,,,,,,,,,,,,,,,,,,,0,,,,,2026-01-07
11631080,Baseball Cards 2025 Topps Chrome Sapphire Update,Mason Fluharty #USC161,$2.26,,$7.03,$13.50,$26.62,$39.94,$52.00,$24.00,$24.00,,,,$2.49,,,$1.50,$7.69,,45,,,,,2026-01-07
11631084,Baseball Cards 2025 Topps Chrome Sapphire Update,Mason Fluharty [Black] #USC161,$143.25,,,,,,,,,,,$79.00,$158.00,,,,,,5,,,,,2026-01-07
11631082,Baseball Cards 2025 Topps Chrome Sapphire Update,Mason Fluharty [Gold] #USC161,$10.00,,$13.98,$25.55,$49.39,$74.28,$97.00,$45.00,$45.00,,,$2.80,$10.99,,,$3.80,$14.99,,11,,,,,2026-01-07
11631081,Baseball Cards 2025 Topps Chrome Sapphire Update,Mason Fluharty [Green] #USC161,$4.74,,$9.26,$17.36,$33.92,$50.96,$66.00,$31.00,$31.00,,,$1.00,$5.19,,,$2.00,$9.99,,14,,,,,2026-01-07
11631083,Baseball Cards 2025 Topps Chrome Sapphire Update,Mason Fluharty [Orange] #USC161,$22.99,,$25.62,$45.64,$87.33,$131.18,$171.00,$79.00,$79.00,,,$7.50,$24.99,,,$8.40,$27.99,,10,,,,,2026-01-07
11631086,Baseball Cards 2025 Topps Chrome Sapphire Update,Mason Fluharty [Padparadscha] #USC161,,,,,,,,,,,,,,,,,,,0,,,,,2026-01-07
11631085,Baseball Cards 2025 Topps Chrome Sapphire Update,Mason Fluharty [Red] #USC161,$232.50,,,,,,,,,,,$128.00,$256.00,,,,,,1,,,,,2026-01-07
11631307,Baseball Cards 2025 Topps Chrome Sapphire Update,Mason Miller #USC195,$3.99,,$8.37,$15.83,$31.01,$46.55,$61.00,$28.00,$28.00,,,$0.90,$4.39,,,$1.80,$9.19,,125,,,,,2026-01-07
11631311,Baseball Cards 2025 Topps Chrome Sapphire Update,Mason Miller [Black] #USC195,$50.00,,$49.88,$87.66,$166.75,$250.92,$326.00,$151.00,$151.00,,,$22.00,$54.99,,,$22.00,$54.99,,12,,,,,2026-01-07
11631309,Baseball Cards 2025 Topps Chrome Sapphire Update,Mason Miller [Gold] #USC195,$18.00,,$21.15,$37.94,$72.80,$109.44,$142.00,$66.00,$66.00,,,$5.00,$19.99,,,$6.90,$22.99,,21,,,,,2026-01-07
11631308,Baseball Cards 2025 Topps Chrome Sapphire Update,Mason Miller [Green] #USC195,$16.20,,$24.07,$42.98,$82.32,$123.77,$161.00,$74.00,$74.00,,,$4.50,$17.99,,,$7.80,$25.99,,28,,,,,2026-01-07
11631310,Baseball Cards 2025 Topps Chrome Sapphire Update,Mason Miller [Orange] #USC195,$32.00,,$33.73,$59.72,$113.97,$171.52,$223.00,$103.00,$103.00,,,$10.50,$34.99,,,$14.80,$36.99,,7,,,,,2026-01-07
11631314,Baseball Cards 2025 Topps Chrome Sapphire Update,Mason Miller [Padparadscha] #USC195,,,,,,,,,,,,,,,,,,,0,,,,,2026-01-07
11631312,Baseball Cards 2025 Topps Chrome Sapphire Update,Mason Miller [Red] #USC195,,,,,,,,,,,,,,,,,,,0,,,,,2026-01-07
11630655,Baseball Cards 2025 Topps Chrome Sapphire Update,Matt Gorski #USC99,$1.03,,$5.90,$11.55,$22.93,$34.40,$45.00,$21.00,$21.00,,,,$1.09,,,$1.30,$6.49,,19,,,,,2026-01-07
11630658,Baseball Cards 2025 Topps Chrome Sapphire Update,Matt Gorski [Black] #USC99,$55.00,,,,,,,,,,,$24.40,$60.99,,,,,,1,,,,,2026-01-07
11630659,Baseball Cards 2025 Topps Chrome Sapphire Update,Matt Gorski [Gold] #USC99,$32.58,,,,,,,,,,,$14.40,$35.99,,,,,,4,,,,,2026-01-07
11630656,Baseball Cards 2025 Topps Chrome Sapphire Update,Matt Gorski [Green] #USC99,$1.00,,$5.90,$11.55,$22.93,$34.41,$45.00,$21.00,$21.00,,,,$1.09,,,$1.30,$6.49,,10,,,,,2026-01-07
11630657,Baseball Cards 2025 Topps Chrome Sapphire Update,Matt Gorski [Orange] #USC99,$29.00,,,,,,,,,,,$9.60,$31.99,,,,,,1,,,,,2026-01-07
11630661,Baseball Cards 2025 Topps Chrome Sapphire Update,Matt Gorski [Padparadscha] #USC99,$100.99,,,,,,,,,,,$55.50,$111.00,,,,,,1,,,,,2026-01-07
11630660,Baseball Cards 2025 Topps Chrome Sapphire Update,Matt Gorski [Red] #USC99,,,,,,,,,,,,,,,,,,,0,,,,,2026-01-07
11630908,Baseball Cards 2025 Topps Chrome Sapphire Update,Matt Shaw #USC135,$3.62,,$8.25,$15.62,$30.61,$45.96,$60.00,$28.00,$28.00,,,$0.80,$3.99,,,$1.80,$9.09,,70,,,,,2026-01-07
11630913,Baseball Cards 2025 Topps Chrome Sapphire Update,Matt Shaw [Black] #USC135,,,,,,,,,,,,,,,,,,,0,,,,,2026-01-07
11630909,Baseball Cards 2025 Topps Chrome Sapphire Update,Matt Shaw [Gold] #USC135,$33.75,,,,,,,,,,,$14.80,$36.99,,,,,,1,,,,,2026-01-07
11630907,Baseball Cards 2025 Topps Chrome Sapphire Update,Matt Shaw [Green] #USC135,$6.76,,$11.16,$20.66,$40.13,$60.26,$78.00,$36.00,$36.00,,,$1.50,$7.39,,,$3.00,$11.99,,22,,,,,2026-01-07
11630910,Baseball Cards 2025 Topps Chrome Sapphire Update,Matt Shaw [Orange] #USC135,$29.94,,,,,,,,,,,$9.90,$32.99,,,,,,1,,,,,2026-01-07
11630912,Baseball Cards 2025 Topps Chrome Sapphire Update,Matt Shaw [Padparadscha] #USC135,,,,,,,,,,,,,,,,,,,0,,,,,2026-01-07
11630911,Baseball Cards 2025 Topps Chrome Sapphire Update,Matt Shaw [Red] #USC135,,,,,,,,,,,,,,,,,,,0,,,,,2026-01-07
11629998,Baseball Cards 2025 Topps Chrome Sapphire Update,Matt Svanson #USC5,$1.50,,$6.35,$12.33,$24.39,$36.61,$48.00,$22.00,$22.00,,,,$1.69,,,$1.40,$6.99,,17,,,,,2026-01-07
11630003,Baseball Cards 2025 Topps Chrome Sapphire Update,Matt Svanson [Black] #USC5,,,,,,,,,,,,,,,,,,,0,,,,,2026-01-07
11630000,Baseball Cards 2025 Topps Chrome Sapphire Update,Matt Svanson [Gold] #USC5,$13.63,,$17.23,$31.17,$60.01,$90.24,$117.00,$54.00,$54.00,,,$3.80,$14.99,,,$4.80,$18.99,,6,,,,,2026-01-07
11629999,Baseball Cards 2025 Topps Chrome Sapphire Update,Matt Svanson [Green] #USC5,$1.00,,,,,,,,,,,,$1.09,,,,,,12,,,,,2026-01-07
11630001,Baseball Cards 2025 Topps Chrome Sapphire Update,Matt Svanson [Orange] #USC5,,,,$15.00,$17.00,,,,,,,,,,,,,,1,,,,,2026-01-07
11630004,Baseball Cards 2025 Topps Chrome Sapphire Update,Matt Svanson [Padparadscha] #USC5,,,,,,,,,,,,,,,,,,,0,,,,,2026-01-07
11630002,Baseball Cards 2025 Topps Chrome Sapphire Update,Matt Svanson [Red] #USC5,,,,,,,,,,,,,,,,,,,0,,,,,2026-01-07
11631285,Baseball Cards 2025 Topps Chrome Sapphire Update,Matthew Boyd #USC184,$1.08,,$5.97,$11.68,$23.17,$34.76,$45.00,$21.00,$21.00,,,,$1.19,,,$1.30,$6.59,,9,,,,,2026-01-07
11631289,Baseball Cards 2025 Topps Chrome Sapphire Update,Matthew Boyd [Black] #USC184,$17.23,,,,,,,,,,,$4.80,$18.99,,,,,,5,,,,,2026-01-07
11631287,Baseball Cards 2025 Topps Chrome Sapphire Update,Matthew Boyd [Gold] #USC184,$9.00,,,,,,,,,,,$2.00,$9.89,,,,,,1,,,,,2026-01-07
11631286,Baseball Cards 2025 Topps Chrome Sapphire Update,Matthew Boyd [Green] #USC184,$5.49,,$9.83,$18.35,$35.78,$53.70,$70.00,$32.00,$32.00,,,$1.20,$5.99,,,$2.80,$10.99,,11,,,,,2026-01-07
11631288,Baseball Cards 2025 Topps Chrome Sapphire Update,Matthew Boyd [Orange] #USC184,$8.50,,,,,,,,,,,$1.90,$9.39,,,,,,1,,,,,2026-01-07
11631291,Baseball Cards 2025 Topps Chrome Sapphire Update,Matthew Boyd [Padparadscha] #USC184,,,,,,,,,,,,,,,,,,,0,,,,,2026-01-07
11631290,Baseball Cards 2025 Topps Chrome Sapphire Update,Matthew Boyd [Red] #USC184,$20.00,,,,,,,,,,,$6.60,$21.99,,,,,,1,,,,,2026-01-07
11631115,Baseball Cards 2025 Topps Chrome Sapphire Update,Matthew Lugo #USC166,$2.66,,$7.24,$13.88,$27.34,$41.05,$53.00,$25.00,$25.00,,,,$2.89,,,$1.60,$7.99,,9,,,,,2026-01-07
11631119,Baseball Cards 2025 Topps Chrome Sapphire Update,Matthew Lugo [Black] #USC166,$46.83,,,,,,,,,,,$20.80,$51.99,,,,,,1,,,,,2026-01-07
11631116,Baseball Cards 2025 Topps Chrome Sapphire Update,Matthew Lugo [Gold] #USC166,$3.05,,$7.74,$14.74,$28.96,$43.51,$57.00,$26.00,$26.00,,,,$3.39,,,$1.70,$8.49,,8,,,,,2026-01-07
11631117,Baseball Cards 2025 Topps Chrome Sapphire Update,Matthew Lugo [Green] #USC166,$3.99,,$8.58,$16.19,$31.70,$47.60,$62.00,$29.00,$29.00,,,$0.90,$4.39,,,$1.90,$9.39,,8,,,,,2026-01-07
11631118,Baseball Cards 2025 Topps Chrome Sapphire Update,Matthew Lugo [Orange] #USC166,$5.50,,,,,,,,,,,$1.20,$6.09,,,,,,1,,,,,2026-01-07
11631120,Baseball Cards 2025 Topps Chrome Sapphire Update,Matthew Lugo [Padparadscha] #USC166,$250.00,,,,,,,,,,,$137.50,$275.00,,,,,,1,,,,,2026-01-07
11631376,Baseball Cards 2025 Topps Chrome Sapphire Update,Matthew Lugo [Red] #USC166,,,,,,,,,,,,,,,,,,,0,,,,,2026-01-07
11630369,Baseball Cards 2025 Topps Chrome Sapphire Update,Maverick Handley #USC58,$1.98,,$6.78,$13.07,$25.79,$38.70,$50.00,$23.00,$23.00,,,,$2.19,,,$1.50,$7.49,,11,,,,,2026-01-07
11630373,Baseball Cards 2025 Topps Chrome Sapphire Update,Maverick Handley [Black] #USC58,,,,,,,,,,,,,,,,,,,0,,,,,2026-01-07
11630371,Baseball Cards 2025 Topps Chrome Sapphire Update,Maverick Handley [Gold] #USC58,,,,,,,,,,,,,,,,,,,0,,,,,2026-01-07
11630370,Baseball Cards 2025 Topps Chrome Sapphire Update,Maverick Handley [Green] #USC58,$3.39,,,,,,,,,,,,$3.69,,,,,,1,,,,,2026-01-07
11630372,Baseball Cards 2025 Topps Chrome Sapphire Update,Maverick Handley [Orange] #USC58,$2.25,,,,,,,,,,,,$2.49,,,,,,1,,,,,2026-01-07
11630375,Baseball Cards 2025 Topps Chrome Sapphire Update,Maverick Handley [Padparadscha] #USC58,,,,,,,,,,,,,,,,,,,0,,,,,2026-01-07
11630374,Baseball Cards 2025 Topps Chrome Sapphire Update,Maverick Handley [Red] #USC58,,,,,,,,,,,,,,,,,,,0,,,,,2026-01-07
11630600,Baseball Cards 2025 Topps Chrome Sapphire Update,Max Kepler #USC91,$2.50,,$7.25,$13.89,$27.36,$41.10,$53.00,$25.00,$25.00,,,,$2.79,,,$1.60,$7.99,,9,,,,,2026-01-07
11630604,Baseball Cards 2025 Topps Chrome Sapphire Update,Max Kepler [Black] #USC91,$59.99,,,,,,,,,,,$26.40,$65.99,,,,,,1,,,,,2026-01-07
11630602,Baseball Cards 2025 Topps Chrome Sapphire Update,Max Kepler [Gold] #USC91,$4.00,,$8.59,$16.21,$31.74,$47.68,$62.00,$29.00,$29.00,,,$0.90,$4.39,,,$1.90,$9.49,,13,,,,,2026-01-07
11630601,Baseball Cards 2025 Topps Chrome Sapphire Update,Max Kepler [Green] #USC91,$1.00,,,,,,,,,,,,$1.09,,,,,,1,,,,,2026-01-07
11630603,Baseball Cards 2025 Topps Chrome Sapphire Update,Max Kepler [Orange] #USC91,,,,,,,,,,,,,,,,,,,0,,,,,2026-01-07
11630606,Baseball Cards 2025 Topps Chrome Sapphire Update,Max Kepler [Padparadscha] #USC91,,,,,,,,,,,,,,,,,,,0,,,,,2026-01-07
11630605,Baseball Cards 2025 Topps Chrome Sapphire Update,Max Kepler [Red] #USC91,,,,,,,,,,,,,,,,,,,0,,,,,2026-01-07
11631272,Baseball Cards 2025 Topps Chrome Sapphire Update,Max Meyer #USC183,$1.74,,$6.56,$12.70,$25.09,$37.65,$49.00,$23.00,$23.00,,,,$1.89,,,$1.40,$7.19,,11,,,,,2026-01-07
11631280,Baseball Cards 2025 Topps Chrome Sapphire Update,Max Meyer [Black] #USC183,$27.50,,$29.70,$52.78,$100.87,$151.93,$198.00,$91.00,$91.00,,,$9.00,$29.99,,,$9.90,$32.99,,9,,,,,2026-01-07
11631277,Baseball Cards 2025 Topps Chrome Sapphire Update,Max Meyer [Gold] #USC183,$6.00,,$10.64,$19.76,$38.45,$57.75,$75.00,$35.00,$35.00,,,$1.30,$6.59,,,$3.00,$11.99,,23,,,,,2026-01-07
11631275,Baseball Cards 2025 Topps Chrome Sapphire Update,Max Meyer [Green] #USC183,$1.00,,,,,,,,,,,,$1.09,,,,,,5,,,,,2026-01-07
11631279,Baseball Cards 2025 Topps Chrome Sapphire Update,Max Meyer [Orange] #USC183,$4.63,,$9.15,$17.18,$33.56,$50.37,$65.00,$30.00,$30.00,,,$1.00,$5.09,,,$2.00,$9.99,,14,,,,,2026-01-07
11631283,Baseball Cards 2025 Topps Chrome Sapphire Update,Max Meyer [Padparadscha] #USC183,,,,,,,,,,,,,,,,,,,0,,,,,2026-01-07
11631281,Baseball Cards 2025 Topps Chrome Sapphire Update,Max Meyer [Red] #USC183,,,,,,,,,,,,,,,,,,,0,,,,,2026-01-07
11631087,Baseball Cards 2025 Topps Chrome Sapphire Update,Merrill Kelly #USC162,$2.50,,,,,,,,,,,,$2.79,,,,,,1,,,,,2026-01-07
11631091,Baseball Cards 2025 Topps Chrome Sapphire Update,Merrill Kelly [Black] #USC162,$23.05,,$26.17,$46.60,$89.13,$133.92,$174.00,$80.00,$80.00,,,$7.50,$24.99,,,$8.70,$28.99,,6,,,,,2026-01-07
11631089,Baseball Cards 2025 Topps Chrome Sapphire Update,Merrill Kelly [Gold] #USC162,$7.99,,,,,,,,,,,$1.80,$8.79,,,,,,1,,,,,2026-01-07
11631088,Baseball Cards 2025 Topps Chrome Sapphire Update,Merrill Kelly [Green] #USC162,$1.00,,,,,,,,,,,,$1.09,,,,,,1,,,,,2026-01-07
11631090,Baseball Cards 2025 Topps Chrome Sapphire Update,Merrill Kelly [Orange] #USC162,$14.00,,,,,,,,,,,$3.80,$14.99,,,,,,4,,,,,2026-01-07
11631093,Baseball Cards 2025 Topps Chrome Sapphire Update,Merrill Kelly [Padparadscha] #USC162,,,,,,,,,,,,,,,,,,,0,,,,,2026-01-07
11631092,Baseball Cards 2025 Topps Chrome Sapphire Update,Merrill Kelly [Red] #USC162,,,,,,,,,,,,,,,,,,,0,,,,,2026-01-07
11630210,Baseball Cards 2025 Topps Chrome Sapphire Update,Michael McGreevy #USC36,$2.02,,$7.02,$13.49,$26.60,$39.92,$52.00,$24.00,$24.00,,,,$2.19,,,$1.50,$7.69,,19,,,,,2026-01-07
11630214,Baseball Cards 2025 Topps Chrome Sapphire Update,Michael McGreevy [Black] #USC36,,,,,,,,,,,,,,,,,,,0,,,,,2026-01-07
11630212,Baseball Cards 2025 Topps Chrome Sapphire Update,Michael McGreevy [Gold] #USC36,$4.50,,$9.03,$16.97,$33.17,$49.78,$65.00,$30.00,$30.00,,,$1.00,$4.99,,,$2.00,$9.89,,9,,,,,2026-01-07
11630211,Baseball Cards 2025 Topps Chrome Sapphire Update,Michael McGreevy [Green] #USC36,$6.00,,$10.22,$19.04,$37.07,$55.69,$72.00,$33.00,$33.00,,,$1.30,$6.59,,,$2.80,$10.99,,19,,,,,2026-01-07
11630213,Baseball Cards 2025 Topps Chrome Sapphire Update,Michael McGreevy [Orange] #USC36,$14.75,,$18.25,$32.95,$63.38,$95.42,$124.00,$57.00,$57.00,,,$4.00,$15.99,,,$5.00,$19.99,,11,,,,,2026-01-07
11630216,Baseball Cards 2025 Topps Chrome Sapphire Update,Michael McGreevy [Padparadscha] #USC36,,,,,,,,,,,,,,,,,,,0,,,,,2026-01-07
11630215,Baseball Cards 2025 Topps Chrome Sapphire Update,Michael McGreevy [Red] #USC36,,,,,,,,,,,,,,,,,,,0,,,,,2026-01-07
11630307,Baseball Cards 2025 Topps Chrome Sapphire Update,Mick Abel #USC49,$2.25,,$7.02,$13.49,$26.59,$39.90,$52.00,$24.00,$24.00,,,,$2.49,,,$1.50,$7.69,,66,,,,,2026-01-07
11630572,Baseball Cards 2025 Topps Chrome Sapphire Update,Mick Abel #USC87,$1.30,,$6.58,$12.73,$25.15,$37.73,$49.00,$23.00,$23.00,,,,$1.39,,,$1.40,$7.19,,36,,,,,2026-01-07
11630312,Baseball Cards 2025 Topps Chrome Sapphire Update,Mick Abel [Black] #USC49,$72.82,,$70.32,$122.98,$233.44,$350.99,$456.00,$211.00,$211.00,,,$32.00,$79.99,,,$30.80,$76.99,,9,,,,,2026-01-07
11630576,Baseball Cards 2025 Topps Chrome Sapphire Update,Mick Abel [Black] #USC87,,,,,,,,,,,,,,,,,,,0,,,,,2026-01-07
11630310,Baseball Cards 2025 Topps Chrome Sapphire Update,Mick Abel [Gold] #USC49,$24.99,,$27.41,$48.73,$93.15,$139.90,$182.00,$84.00,$84.00,,,$8.10,$26.99,,,$9.00,$29.99,,7,,,,,2026-01-07
11630574,Baseball Cards 2025 Topps Chrome Sapphire Update,Mick Abel [Gold] #USC87,$10.00,,$13.97,$25.50,$49.27,$73.97,$96.00,$44.00,$44.00,,,$2.80,$10.99,,,$3.80,$14.99,,7,,,,,2026-01-07
11630309,Baseball Cards 2025 Topps Chrome Sapphire Update,Mick Abel [Green] #USC49,$8.47,,$12.57,$23.11,$44.77,$67.33,$88.00,$40.00,$40.00,,,$1.90,$9.29,,,$3.50,$13.99,,25,,,,,2026-01-07
11630573,Baseball Cards 2025 Topps Chrome Sapphire Update,Mick Abel [Green] #USC87,$8.99,,,,,,,,,,,$2.00,$9.89,,,,,,1,,,,,2026-01-07
11630311,Baseball Cards 2025 Topps Chrome Sapphire Update,Mick Abel [Orange] #USC49,$20.25,,$23.17,$41.43,$79.38,$119.32,$155.00,$72.00,$72.00,,,$6.60,$21.99,,,$7.50,$24.99,,8,,,,,2026-01-07
11630575,Baseball Cards 2025 Topps Chrome Sapphire Update,Mick Abel [Orange] #USC87,,,,,,,,,,,,,,,,,,,0,,,,,2026-01-07
11630314,Baseball Cards 2025 Topps Chrome Sapphire Update,Mick Abel [Padparadscha] #USC49,,,,,,,,,,,,,,,,,,,0,,,,,2026-01-07
11630579,Baseball Cards 2025 Topps Chrome Sapphire Update,Mick Abel [Padparadscha] #USC87,,,,,,,,,,,,,,,,,,,0,,,,,2026-01-07
11630313,Baseball Cards 2025 Topps Chrome Sapphire Update,Mick Abel [Red] #USC49,,,,,,,,,,,,,,,,,,,0,,,,,2026-01-07
11630577,Baseball Cards 2025 Topps Chrome Sapphire Update,Mick Abel [Red] #USC87,$204.50,,,,,,,,,,,$112.50,$225.00,,,,,,1,,,,,2026-01-07
11630276,Baseball Cards 2025 Topps Chrome Sapphire Update,Mike Yastrzemski #USC44,$1.75,,$6.57,$12.72,$25.13,$37.71,$49.00,$23.00,$23.00,,,,$1.89,,,$1.40,$7.19,,9,,,,,2026-01-07
11630297,Baseball Cards 2025 Topps Chrome Sapphire Update,Mike Yastrzemski [Black] #USC44,$25.38,,$27.77,$49.38,$94.39,$141.87,$184.00,$85.00,$85.00,,,$8.40,$27.99,,,$9.30,$30.99,,13,,,,,2026-01-07
11630286,Baseball Cards 2025 Topps Chrome Sapphire Update,Mike Yastrzemski [Gold] #USC44,$4.25,,,,,,,,,,,$0.90,$4.69,,,,,,1,,,,,2026-01-07
11630278,Baseball Cards 2025 Topps Chrome Sapphire Update,Mike Yastrzemski [Green] #USC44,$4.00,,$8.59,$16.20,$31.71,$47.59,$62.00,$29.00,$29.00,,,$0.90,$4.39,,,$1.90,$9.49,,9,,,,,2026-01-07
11630287,Baseball Cards 2025 Topps Chrome Sapphire Update,Mike Yastrzemski [Orange] #USC44,$9.00,,,,,,,,,,,$2.00,$9.89,,,,,,1,,,,,2026-01-07
11630265,Baseball Cards 2025 Topps Chrome Sapphire Update,Mike Yastrzemski [Padparadscha] #USC44,,,,,,,,,,,,,,,,,,,0,,,,,2026-01-07
11630299,Baseball Cards 2025 Topps Chrome Sapphire Update,Mike Yastrzemski [Red] #USC44,$30.00,,,,,,,,,,,$9.90,$32.99,,,,,,1,,,,,2026-01-07
11630012,Baseball Cards 2025 Topps Chrome Sapphire Update,Moises Ballesteros #USC7,$3.99,,$8.58,$16.18,$31.68,$47.55,$62.00,$29.00,$29.00,,,$0.90,$4.39,,,$1.90,$9.39,,61,,,,,2026-01-07
11630614,Baseball Cards 2025 Topps Chrome Sapphire Update,Moises Ballesteros #USC93,$4.39,,$9.47,$17.73,$34.60,$51.93,$68.00,$31.00,$31.00,,,$1.00,$4.79,,,$2.00,$9.99,,88,,,,,2026-01-07
11630016,Baseball Cards 2025 Topps Chrome Sapphire Update,Moises Ballesteros [Black] #USC7,$187.50,,,,,,,,,,,$103.00,$206.00,,,,,,1,,,,,2026-01-07
11630617,Baseball Cards 2025 Topps Chrome Sapphire Update,Moises Ballesteros [Black] #USC93,$131.75,,$123.23,$214.55,$406.51,$611.66,$795.00,$367.00,$367.00,,,$72.50,$145.00,,,$68.00,$136.00,,18,,,,,2026-01-07
11630013,Baseball Cards 2025 Topps Chrome Sapphire Update,Moises Ballesteros [Gold] #USC7,$40.35,,$52.07,$91.35,$173.66,$260.81,$339.00,$156.00,$156.00,,,$17.60,$43.99,,,$22.80,$56.99,,19,,,,,2026-01-07
11631363,Baseball Cards 2025 Topps Chrome Sapphire Update,Moises Ballesteros [Gold] #USC93,$38.00,,$39.09,$68.95,$131.37,$197.48,$257.00,$118.00,$118.00,,,$16.80,$41.99,,,$17.20,$42.99,,6,,,,,2026-01-07
11630014,Baseball Cards 2025 Topps Chrome Sapphire Update,Moises Ballesteros [Green] #USC7,$19.00,,$22.05,$39.49,$75.72,$113.83,$148.00,$68.00,$68.00,,,$6.30,$20.99,,,$7.20,$23.99,,7,,,,,2026-01-07
11630615,Baseball Cards 2025 Topps Chrome Sapphire Update,Moises Ballesteros [Green] #USC93,$17.13,,$20.36,$36.54,$70.13,$105.29,$137.00,$63.00,$63.00,,,$4.80,$18.99,,,$6.60,$21.99,,14,,,,,2026-01-07
11630015,Baseball Cards 2025 Topps Chrome Sapphire Update,Moises Ballesteros [Orange] #USC7,,,,,,,,,,,,,,,,,,,0,,,,,2026-01-07
11630616,Baseball Cards 2025 Topps Chrome Sapphire Update,Moises Ballesteros [Orange] #USC93,$26.00,,,,,,,,,,,$8.70,$28.99,,,,,,1,,,,,2026-01-07
11631349,Baseball Cards 2025 Topps Chrome Sapphire Update,Moises Ballesteros [Padparadscha] #USC7,,,,$935.00,$1029.00,,,,,,,,,,,,,,1,,,,,2026-01-07
11630619,Baseball Cards 2025 Topps Chrome Sapphire Update,Moises Ballesteros [Padparadscha] #USC93,,,,,,,,,,,,,,,,,,,0,,,,,2026-01-07
11630017,Baseball Cards 2025 Topps Chrome Sapphire Update,Moises Ballesteros [Red] #USC7,,,,,,,,,,,,,,,,,,,0,,,,,2026-01-07
11630618,Baseball Cards 2025 Topps Chrome Sapphire Update,Moises Ballesteros [Red] #USC93,,,,,,,,,,,,,,,,,,,0,,,,,2026-01-07
11631168,Baseball Cards 2025 Topps Chrome Sapphire Update,Nathan Wiles #USC172,$1.79,,$6.79,$13.09,$25.84,$38.80,$50.00,$23.00,$23.00,,,,$1.99,,,$1.50,$7.49,,11,,,,,2026-01-07
11631124,Baseball Cards 2025 Topps Chrome Sapphire Update,Nathan Wiles [Black] #USC172,$9.50,,,,,,,,,,,$2.00,$9.99,,,,,,1,,,,,2026-01-07
11631171,Baseball Cards 2025 Topps Chrome Sapphire Update,Nathan Wiles [Gold] #USC172,$2.25,,$7.02,$13.50,$26.62,$39.98,$52.00,$24.00,$24.00,,,,$2.49,,,$1.50,$7.69,,14,,,,,2026-01-07
11631170,Baseball Cards 2025 Topps Chrome Sapphire Update,Nathan Wiles [Green] #USC172,$5.99,,,,,,,,,,,$1.30,$6.59,,,,,,1,,,,,2026-01-07
11631123,Baseball Cards 2025 Topps Chrome Sapphire Update,Nathan Wiles [Orange] #USC172,$5.79,,$10.15,$18.91,$36.85,$55.41,$72.00,$33.00,$33.00,,,$1.30,$6.39,,,$2.80,$10.99,,5,,,,,2026-01-07
11631128,Baseball Cards 2025 Topps Chrome Sapphire Update,Nathan Wiles [Padparadscha] #USC172,,,,,,,,,,,,,,,,,,,0,,,,,2026-01-07
11631126,Baseball Cards 2025 Topps Chrome Sapphire Update,Nathan Wiles [Red] #USC172,,,,,,,,,,,,,,,,,,,0,,,,,2026-01-07
11630873,Baseball Cards 2025 Topps Chrome Sapphire Update,Nestor Cortes #USC130,$2.29,,,,,,,,,,,,$2.49,,,,,,1,,,,,2026-01-07
11630877,Baseball Cards 2025 Topps Chrome Sapphire Update,Nestor Cortes [Black] #USC130,$20.00,,,,,,,,,,,$6.60,$21.99,,,,,,1,,,,,2026-01-07
11630875,Baseball Cards 2025 Topps Chrome Sapphire Update,Nestor Cortes [Gold] #USC130,$1.00,,$5.90,$11.55,$22.93,$34.42,$45.00,$21.00,$21.00,,,,$1.09,,,$1.30,$6.49,,11,,,,,2026-01-07
11630874,Baseball Cards 2025 Topps Chrome Sapphire Update,Nestor Cortes [Green] #USC130,$4.50,,,$10.00,$11.00,,,,,,,$1.00,$4.99,,,,,,2,,,,,2026-01-07
11630876,Baseball Cards 2025 Topps Chrome Sapphire Update,Nestor Cortes [Orange] #USC130,,,,,,,,,,,,,,,,,,,0,,,,,2026-01-07
11630879,Baseball Cards 2025 Topps Chrome Sapphire Update,Nestor Cortes [Padparadscha] #USC130,,,,,,,,,,,,,,,,,,,0,,,,,2026-01-07
11630878,Baseball Cards 2025 Topps Chrome Sapphire Update,Nestor Cortes [Red] #USC130,,,,,,,,,,,,,,,,,,,0,,,,,2026-01-07
11630682,Baseball Cards 2025 Topps Chrome Sapphire Update,Nic Enright #USC103,$0.99,,$5.89,$11.54,$22.90,$34.37,$45.00,$21.00,$21.00,,,,$1.09,,,$1.30,$6.49,,15,,,,,2026-01-07
11630687,Baseball Cards 2025 Topps Chrome Sapphire Update,Nic Enright [Black] #USC103,$124.00,,,,,,,,,,,$68.00,$136.00,,,,,,1,,,,,2026-01-07
11630685,Baseball Cards 2025 Topps Chrome Sapphire Update,Nic Enright [Gold] #USC103,$10.99,,$11.60,$21.42,$41.57,$62.48,$81.00,$37.00,$37.00,,,$3.00,$11.99,,,$3.30,$12.99,,10,,,,,2026-01-07
11630683,Baseball Cards 2025 Topps Chrome Sapphire Update,Nic Enright [Green] #USC103,$1.94,,$6.74,$24.99,$25.68,$38.54,$50.00,$23.00,$23.00,,,,$2.09,,,$1.50,$7.39,,7,,,,,2026-01-07
11630686,Baseball Cards 2025 Topps Chrome Sapphire Update,Nic Enright [Orange] #USC103,,,,,,,,,,,,,,,,,,,0,,,,,2026-01-07
11630689,Baseball Cards 2025 Topps Chrome Sapphire Update,Nic Enright [Padparadscha] #USC103,,,,,,,,,,,,,,,,,,,0,,,,,2026-01-07
11630688,Baseball Cards 2025 Topps Chrome Sapphire Update,Nic Enright [Red] #USC103,,,,,,,,,,,,,,,,,,,0,,,,,2026-01-07
11631192,Baseball Cards 2025 Topps Chrome Sapphire Update,Nick Kurtz #USC178,$30.00,,$37.81,$58.00,$110.17,$165.47,$215.00,$99.00,$99.00,,,$9.90,$32.99,,,$16.80,$41.99,,467,,,,,2026-01-07
11631231,Baseball Cards 2025 Topps Chrome Sapphire Update,Nick Kurtz #USC180,$19.99,,$11.97,$46.00,$76.69,$127.50,$166.00,$77.00,$77.00,,,$6.60,$21.99,,,$3.30,$12.99,,196,,,,,2026-01-07
11631203,Baseball Cards 2025 Topps Chrome Sapphire Update,Nick Kurtz [Black] #USC178,,,,,,,,,,,,,,,,,,,0,,,,,2026-01-07
11631239,Baseball Cards 2025 Topps Chrome Sapphire Update,Nick Kurtz [Black] #USC180,,,,,,,,,,,,,,,,,,,0,,,,,2026-01-07
11631195,Baseball Cards 2025 Topps Chrome Sapphire Update,Nick Kurtz [Gold] #USC178,$420.00,,$381.83,$661.87,$1251.65,$1882.95,$2448.00,$1130.00,$1130.00,,,$231.00,$462.00,,,$210.00,$420.00,,8,,,,,2026-01-07
11631236,Baseball Cards 2025 Topps Chrome Sapphire Update,Nick Kurtz [Gold] #USC180,$179.14,,$165.67,$287.85,$544.90,$819.19,$1065.00,$492.00,$492.00,,,$98.50,$197.00,,,$91.00,$182.00,,6,,,,,2026-01-07
11631193,Baseball Cards 2025 Topps Chrome Sapphire Update,Nick Kurtz [Green] #USC178,$235.76,,$296.46,$326.00,$971.99,$1460.95,$1899.00,$877.00,$877.00,,,$129.50,$259.00,,,$163.00,$326.00,,17,,,,,2026-01-07
11631232,Baseball Cards 2025 Topps Chrome Sapphire Update,Nick Kurtz [Green] #USC180,$199.20,,$182.43,$316.77,$599.48,$900.90,$1171.00,$541.00,$541.00,,,$109.50,$219.00,,,$100.50,$201.00,,17,,,,,2026-01-07
11631197,Baseball Cards 2025 Topps Chrome Sapphire Update,Nick Kurtz [Orange] #USC178,$450.00,,$192.50,$707.72,$1337.97,$2010.85,$2614.00,$1207.00,$1207.00,,,$247.50,$495.00,,,$106.00,$212.00,,10,,,,,2026-01-07
11631238,Baseball Cards 2025 Topps Chrome Sapphire Update,Nick Kurtz [Orange] #USC180,$368.00,,,,,,,,,,,$202.50,$405.00,,,,,,1,,,,,2026-01-07
11631207,Baseball Cards 2025 Topps Chrome Sapphire Update,Nick Kurtz [Padparadscha] #USC178,,,,,,,,,,,,,,,,,,,0,,,,,2026-01-07
11631243,Baseball Cards 2025 Topps Chrome Sapphire Update,Nick Kurtz [Padparadscha] #USC180,,,,,,,,,,,,,,,,,,,0,,,,,2026-01-07
11631205,Baseball Cards 2025 Topps Chrome Sapphire Update,Nick Kurtz [Red] #USC178,,,,,,,,,,,,,,,,,,,0,,,,,2026-01-07
11631242,Baseball Cards 2025 Topps Chrome Sapphire Update,Nick Kurtz [Red] #USC180,,,,,,,,,,,,,,,,,,,0,,,,,2026-01-07
11630761,Baseball Cards 2025 Topps Chrome Sapphire Update,Nick Pivetta #USC114,$1.99,,$6.79,$13.09,$25.83,$38.77,$50.00,$23.00,$23.00,,,,$2.19,,,$1.50,$7.49,,10,,,,,2026-01-07
11630765,Baseball Cards 2025 Topps Chrome Sapphire Update,Nick Pivetta [Black] #USC114,,,,,,,,,,,,,,,,,,,0,,,,,2026-01-07
11630764,Baseball Cards 2025 Topps Chrome Sapphire Update,Nick Pivetta [Gold] #USC114,$3.00,,$7.69,$14.65,$28.78,$43.20,$56.00,$26.00,$26.00,,,,$3.29,,,$1.70,$8.49,,10,,,,,2026-01-07
11630762,Baseball Cards 2025 Topps Chrome Sapphire Update,Nick Pivetta [Green] #USC114,$3.13,,,,,,,,,,,,$3.39,,,,,,6,,,,,2026-01-07
11630763,Baseball Cards 2025 Topps Chrome Sapphire Update,Nick Pivetta [Orange] #USC114,$12.99,,$16.66,$30.20,$58.17,$87.52,$114.00,$53.00,$53.00,,,$3.50,$13.99,,,$4.50,$17.99,,7,,,,,2026-01-07
11630767,Baseball Cards 2025 Topps Chrome Sapphire Update,Nick Pivetta [Padparadscha] #USC114,,,,,,,,,,,,,,,,,,,0,,,,,2026-01-07
11630766,Baseball Cards 2025 Topps Chrome Sapphire Update,Nick Pivetta [Red] #USC114,,,,,,,,,,,,,,,,,,,0,,,,,2026-01-07
11630443,Baseball Cards 2025 Topps Chrome Sapphire Update,Noah Cameron #USC69,$3.59,,$7.69,$14.65,$28.79,$43.22,$56.00,$26.00,$26.00,,,$0.80,$3.99,,,$1.70,$8.49,,64,,,,,2026-01-07
11630447,Baseball Cards 2025 Topps Chrome Sapphire Update,Noah Cameron [Black] #USC69,$175.75,,,,,,,,,,,$96.50,$193.00,,,,,,5,,,,,2026-01-07
11630445,Baseball Cards 2025 Topps Chrome Sapphire Update,Noah Cameron [Gold] #USC69,$36.00,,$37.33,$65.96,$125.78,$189.38,$246.00,$114.00,$114.00,,,$16.00,$39.99,,,$16.40,$40.99,,7,,,,,2026-01-07
11630444,Baseball Cards 2025 Topps Chrome Sapphire Update,Noah Cameron [Green] #USC69,$8.50,,$12.63,$23.21,$44.97,$67.61,$88.00,$41.00,$41.00,,,$1.90,$9.39,,,$3.50,$13.99,,8,,,,,2026-01-07
11630446,Baseball Cards 2025 Topps Chrome Sapphire Update,Noah Cameron [Orange] #USC69,$68.59,,$66.58,$116.60,$221.47,$333.51,$434.00,$200.00,$200.00,,,$30.00,$74.99,,,$29.20,$72.99,,13,,,,,2026-01-07
11630449,Baseball Cards 2025 Topps Chrome Sapphire Update,Noah Cameron [Padparadscha] #USC69,,,,,,,,,,,,,,,,,,,0,,,,,2026-01-07
11630448,Baseball Cards 2025 Topps Chrome Sapphire Update,Noah Cameron [Red] #USC69,,,,,,,,,,,,,,,,,,,0,,,,,2026-01-07
11630669,Baseball Cards 2025 Topps Chrome Sapphire Update,Paxton Schultz #USC101,$1.00,,$5.94,$11.63,$23.08,$34.63,$45.00,$21.00,$21.00,,,,$1.09,,,$1.30,$6.49,,9,,,,,2026-01-07
11630673,Baseball Cards 2025 Topps Chrome Sapphire Update,Paxton Schultz [Black] #USC101,$75.00,,,,,,,,,,,$33.20,$82.99,,,,,,1,,,,,2026-01-07
11630671,Baseball Cards 2025 Topps Chrome Sapphire Update,Paxton Schultz [Gold] #USC101,,,,,,,,,,,,,,,,,,,0,,,,,2026-01-07
11630670,Baseball Cards 2025 Topps Chrome Sapphire Update,Paxton Schultz [Green] #USC101,$6.50,,,,,,,,,,,$1.40,$7.19,,,,,,1,,,,,2026-01-07
11630672,Baseball Cards 2025 Topps Chrome Sapphire Update,Paxton Schultz [Orange] #USC101,,,,,,,,,,,,,,,,,,,0,,,,,2026-01-07
11630675,Baseball Cards 2025 Topps Chrome Sapphire Update,Paxton Schultz [Padparadscha] #USC101,$250.00,,,,,,,,,,,$137.50,$275.00,,,,,,1,,,,,2026-01-07
11630674,Baseball Cards 2025 Topps Chrome Sapphire Update,Paxton Schultz [Red] #USC101,,,,,,,,,,,,,,,,,,,0,,,,,2026-01-07
11630489,Baseball Cards 2025 Topps Chrome Sapphire Update,Pete Crow-Armstrong #USC76,$5.00,,$9.48,$17.75,$34.63,$51.98,$68.00,$31.00,$31.00,,,$1.10,$5.49,,,$2.00,$9.99,,94,,,,,2026-01-07
11630493,Baseball Cards 2025 Topps Chrome Sapphire Update,Pete Crow-Armstrong [Black] #USC76,$60.82,,,,,,,,,,,$26.80,$66.99,,,,,,1,,,,,2026-01-07
11630491,Baseball Cards 2025 Topps Chrome Sapphire Update,Pete Crow-Armstrong [Gold] #USC76,$40.02,,$41.19,$72.56,$138.16,$207.52,$270.00,$125.00,$125.00,,,$17.60,$43.99,,,$18.00,$44.99,,7,,,,,2026-01-07
11630490,Baseball Cards 2025 Topps Chrome Sapphire Update,Pete Crow-Armstrong [Green] #USC76,$25.10,,$27.55,$49.07,$93.86,$141.42,$184.00,$85.00,$85.00,,,$8.40,$27.99,,,$9.00,$29.99,,5,,,,,2026-01-07
11630492,Baseball Cards 2025 Topps Chrome Sapphire Update,Pete Crow-Armstrong [Orange] #USC76,$56.00,,,,,,,,,,,$24.80,$61.99,,,,,,1,,,,,2026-01-07
11630495,Baseball Cards 2025 Topps Chrome Sapphire Update,Pete Crow-Armstrong [Padparadscha] #USC76,,,,,,,,,,,,,,,,,,,0,,,,,2026-01-07
11630494,Baseball Cards 2025 Topps Chrome Sapphire Update,Pete Crow-Armstrong [Red] #USC76,,,,,,,,,,,,,,,,,,,0,,,,,2026-01-07
11630697,Baseball Cards 2025 Topps Chrome Sapphire Update,Rafael Devers #USC105,$2.87,,$7.57,$14.44,$28.39,$42.64,$55.00,$26.00,$26.00,,,,$3.19,,,$1.70,$8.29,,30,,,,,2026-01-07
11630701,Baseball Cards 2025 Topps Chrome Sapphire Update,Rafael Devers [Black] #USC105,$37.50,,$38.62,$68.12,$129.78,$194.93,$253.00,$117.00,$117.00,,,$16.40,$40.99,,,$16.80,$41.99,,8,,,,,2026-01-07
11630699,Baseball Cards 2025 Topps Chrome Sapphire Update,Rafael Devers [Gold] #USC105,$7.75,,$13.83,$25.27,$48.84,$73.37,$95.00,$44.00,$44.00,,,$1.70,$8.49,,,$3.80,$14.99,,11,,,,,2026-01-07
11630698,Baseball Cards 2025 Topps Chrome Sapphire Update,Rafael Devers [Green] #USC105,$7.48,,$10.46,$19.43,$37.82,$56.76,$74.00,$34.00,$34.00,,,$1.60,$8.19,,,$3.00,$11.99,,11,,,,,2026-01-07
11630700,Baseball Cards 2025 Topps Chrome Sapphire Update,Rafael Devers [Orange] #USC105,$22.00,,$24.74,$44.15,$84.52,$127.07,$165.00,$76.00,$76.00,,,$7.20,$23.99,,,$8.10,$26.99,,15,,,,,2026-01-07
11630702,Baseball Cards 2025 Topps Chrome Sapphire Update,Rafael Devers [Padparadscha] #USC105,,,,,,,,,,,,,,,,,,,0,,,,,2026-01-07
11630703,Baseball Cards 2025 Topps Chrome Sapphire Update,Rafael Devers [Red] #USC105,,,,,,,,,,,,,,,,,,,0,,,,,2026-01-07
11630967,Baseball Cards 2025 Topps Chrome Sapphire Update,Ramon Laureano #USC144,$1.50,,$6.34,$12.31,$24.37,$36.58,$48.00,$22.00,$22.00,,,,$1.69,,,$1.40,$6.99,,13,,,,,2026-01-07
11630971,Baseball Cards 2025 Topps Chrome Sapphire Update,Ramon Laureano [Black] #USC144,$29.99,,,,,,,,,,,$9.90,$32.99,,,,,,1,,,,,2026-01-07
11630970,Baseball Cards 2025 Topps Chrome Sapphire Update,Ramon Laureano [Gold] #USC144,$9.58,,$13.59,$24.86,$48.08,$72.23,$94.00,$43.00,$43.00,,,$2.80,$10.99,,,$3.80,$14.99,,15,,,,,2026-01-07
11630968,Baseball Cards 2025 Topps Chrome Sapphire Update,Ramon Laureano [Green] #USC144,$5.99,,,,,,,,,,,$1.30,$6.59,,,,,,1,,,,,2026-01-07
11630969,Baseball Cards 2025 Topps Chrome Sapphire Update,Ramon Laureano [Orange] #USC144,$26.09,,$28.44,$50.60,$96.76,$145.79,$190.00,$87.00,$87.00,,,$8.70,$28.99,,,$9.30,$30.99,,7,,,,,2026-01-07
11630973,Baseball Cards 2025 Topps Chrome Sapphire Update,Ramon Laureano [Padparadscha] #USC144,$400.00,,,,,,,,,,,$220.00,$440.00,,,,,,1,,,,,2026-01-07
11630972,Baseball Cards 2025 Topps Chrome Sapphire Update,Ramon Laureano [Red] #USC144,,,,,,,,,,,,,,,,,,,0,,,,,2026-01-07
11631063,Baseball Cards 2025 Topps Chrome Sapphire Update,Randal Grichuk #USC158,$0.99,,$5.89,$11.54,$22.90,$34.36,$45.00,$21.00,$21.00,,,,$1.09,,,$1.30,$6.49,,12,,,,,2026-01-07
11631064,Baseball Cards 2025 Topps Chrome Sapphire Update,Randal Grichuk [Black] #USC158,,,,,,,,,,,,,,,,,,,0,,,,,2026-01-07
11631061,Baseball Cards 2025 Topps Chrome Sapphire Update,Randal Grichuk [Gold] #USC158,,,,,,,,,,,,,,,,,,,0,,,,,2026-01-07
11631060,Baseball Cards 2025 Topps Chrome Sapphire Update,Randal Grichuk [Green] #USC158,$5.00,,,,,,,,,,,$1.10,$5.49,,,,,,1,,,,,2026-01-07
11631062,Baseball Cards 2025 Topps Chrome Sapphire Update,Randal Grichuk [Orange] #USC158,,,,,,,,,,,,,,,,,,,0,,,,,2026-01-07
11631066,Baseball Cards 2025 Topps Chrome Sapphire Update,Randal Grichuk [Padparadscha] #USC158,,,,,,,,,,,,,,,,,,,0,,,,,2026-01-07
11631065,Baseball Cards 2025 Topps Chrome Sapphire Update,Randal Grichuk [Red] #USC158,,,,,,,,,,,,,,,,,,,0,,,,,2026-01-07
11630732,Baseball Cards 2025 Topps Chrome Sapphire Update,Rhett Lowder #USC110,$2.58,,$7.23,$13.86,$27.30,$40.98,$53.00,$25.00,$25.00,,,,$2.79,,,$1.60,$7.99,,55,,,,,2026-01-07
11630736,Baseball Cards 2025 Topps Chrome Sapphire Update,Rhett Lowder [Black] #USC110,$79.88,,,,,,,,,,,$35.20,$87.99,,,,,,5,,,,,2026-01-07
11630734,Baseball Cards 2025 Topps Chrome Sapphire Update,Rhett Lowder [Gold] #USC110,$19.00,,$22.04,$39.46,$75.65,$113.65,$148.00,$68.00,$68.00,,,$6.30,$20.99,,,$7.20,$23.99,,5,,,,,2026-01-07
11630733,Baseball Cards 2025 Topps Chrome Sapphire Update,Rhett Lowder [Green] #USC110,$10.71,,$14.62,$26.66,$51.50,$77.49,$101.00,$46.00,$46.00,,,$3.00,$11.99,,,$4.00,$15.99,,12,,,,,2026-01-07
11630735,Baseball Cards 2025 Topps Chrome Sapphire Update,Rhett Lowder [Orange] #USC110,$21.41,,$24.19,$43.17,$82.65,$124.11,$161.00,$74.00,$74.00,,,$7.20,$23.99,,,$8.10,$26.99,,8,,,,,2026-01-07
11630738,Baseball Cards 2025 Topps Chrome Sapphire Update,Rhett Lowder [Padparadscha] #USC110,,,,,,,,,,,,,,,,,,,0,,,,,2026-01-07
11630737,Baseball Cards 2025 Topps Chrome Sapphire Update,Rhett Lowder [Red] #USC110,,,,,,,,,,,,,,,,,,,0,,,,,2026-01-07
11631292,Baseball Cards 2025 Topps Chrome Sapphire Update,Rhylan Thomas #USC185,$1.93,,$6.73,$13.00,$25.66,$38.51,$50.00,$23.00,$23.00,,,,$2.09,,,$1.50,$7.39,,22,,,,,2026-01-07
11631297,Baseball Cards 2025 Topps Chrome Sapphire Update,Rhylan Thomas [Black] #USC185,,,,,,,,,,,,,,,,,,,0,,,,,2026-01-07
11631295,Baseball Cards 2025 Topps Chrome Sapphire Update,Rhylan Thomas [Gold] #USC185,$12.20,,$15.96,$28.98,$55.89,$84.13,$109.00,$50.00,$50.00,,,$3.30,$12.99,,,$4.50,$17.99,,8,,,,,2026-01-07
11631294,Baseball Cards 2025 Topps Chrome Sapphire Update,Rhylan Thomas [Green] #USC185,$2.69,,$7.41,$14.17,$27.88,$41.86,$54.00,$25.00,$25.00,,,,$2.99,,,$1.60,$8.19,,13,,,,,2026-01-07
11631296,Baseball Cards 2025 Topps Chrome Sapphire Update,Rhylan Thomas [Orange] #USC185,$17.99,,$21.15,$37.94,$72.80,$109.47,$142.00,$66.00,$66.00,,,$5.00,$19.99,,,$6.90,$22.99,,10,,,,,2026-01-07
11631299,Baseball Cards 2025 Topps Chrome Sapphire Update,Rhylan Thomas [Padparadscha] #USC185,,,,,,,,,,,,,,,,,,,0,,,,,2026-01-07
11631298,Baseball Cards 2025 Topps Chrome Sapphire Update,Rhylan Thomas [Red] #USC185,,,,,,,,,,,,,,,,,,,0,,,,,2026-01-07
11630409,Baseball Cards 2025 Topps Chrome Sapphire Update,Rich Hill #USC64,$1.99,,$6.78,$13.09,$25.83,$38.76,$50.00,$23.00,$23.00,,,,$2.19,,,$1.50,$7.49,,5,,,,,2026-01-07
11630412,Baseball Cards 2025 Topps Chrome Sapphire Update,Rich Hill [Black] #USC64,$8.35,,$12.49,$22.94,$44.45,$66.73,$87.00,$40.00,$40.00,,,$1.80,$9.19,,,$3.50,$13.99,,24,,,,,2026-01-07
11630411,Baseball Cards 2025 Topps Chrome Sapphire Update,Rich Hill [Gold] #USC64,$3.23,,$7.90,$15.01,$29.45,$44.20,$57.00,$27.00,$27.00,,,,$3.59,,,$1.70,$8.69,,7,,,,,2026-01-07
11630410,Baseball Cards 2025 Topps Chrome Sapphire Update,Rich Hill [Green] #USC64,,,,,,,,,,,,,,,,,,,0,,,,,2026-01-07
11630413,Baseball Cards 2025 Topps Chrome Sapphire Update,Rich Hill [Orange] #USC64,$9.50,,$13.53,$24.78,$47.95,$72.15,$94.00,$43.00,$43.00,,,$2.00,$9.99,,,$3.80,$14.99,,8,,,,,2026-01-07
11631358,Baseball Cards 2025 Topps Chrome Sapphire Update,Rich Hill [Padparadscha] #USC64,,,,,,,,,,,,,,,,,,,0,,,,,2026-01-07
11630414,Baseball Cards 2025 Topps Chrome Sapphire Update,Rich Hill [Red] #USC64,,,,,,,,,,,,,,,,,,,0,,,,,2026-01-07
11631034,Baseball Cards 2025 Topps Chrome Sapphire Update,Robert Hassell III #USC154,$1.80,,$6.60,$12.76,$25.21,$37.83,$49.00,$23.00,$23.00,,,,$1.99,,,$1.50,$7.29,,45,,,,,2026-01-07
11631037,Baseball Cards 2025 Topps Chrome Sapphire Update,Robert Hassell III [Black] #USC154,$80.00,,,,,,,,,,,$35.20,$87.99,,,,,,1,,,,,2026-01-07
11631373,Baseball Cards 2025 Topps Chrome Sapphire Update,Robert Hassell III [Gold] #USC154,$7.50,,,,,,,,,,,$1.70,$8.29,,,,,,5,,,,,2026-01-07
11631035,Baseball Cards 2025 Topps Chrome Sapphire Update,Robert Hassell III [Green] #USC154,$2.37,,$7.13,$13.68,$26.95,$40.46,$53.00,$24.00,$24.00,,,,$2.59,,,$1.60,$7.79,,11,,,,,2026-01-07
11631036,Baseball Cards 2025 Topps Chrome Sapphire Update,Robert Hassell III [Orange] #USC154,$19.50,,,$31.00,$34.00,,,,,,,$6.30,$20.99,,,,,,2,,,,,2026-01-07
11631039,Baseball Cards 2025 Topps Chrome Sapphire Update,Robert Hassell III [Padparadscha] #USC154,,,,,,,,,,,,,,,,,,,0,,,,,2026-01-07
11631038,Baseball Cards 2025 Topps Chrome Sapphire Update,Robert Hassell III [Red] #USC154,,,,,,,,,,,,,,,,,,,0,,,,,2026-01-07
11630469,Baseball Cards 2025 Topps Chrome Sapphire Update,Roki Sasaki #USC73,$14.49,,$18.42,$43.00,$63.84,$111.00,$144.00,$67.00,$67.00,,,$4.00,$15.99,,,$5.00,$19.99,,144,,,,,2026-01-07
11630472,Baseball Cards 2025 Topps Chrome Sapphire Update,Roki Sasaki [Black] #USC73,,,,,,,,,,,,,,,,,,,0,,,,,2026-01-07
11630471,Baseball Cards 2025 Topps Chrome Sapphire Update,Roki Sasaki [Gold] #USC73,$145.50,,$135.56,$235.89,$446.83,$672.32,$874.00,$403.00,$403.00,,,$80.00,$160.00,,,$74.50,$149.00,,10,,,,,2026-01-07
11630470,Baseball Cards 2025 Topps Chrome Sapphire Update,Roki Sasaki [Green] #USC73,$45.53,,$45.85,$80.65,$153.48,$230.78,$300.00,$138.00,$138.00,,,$20.00,$49.99,,,$20.00,$49.99,,30,,,,,2026-01-07
11630473,Baseball Cards 2025 Topps Chrome Sapphire Update,Roki Sasaki [Orange] #USC73,$225.00,,,,,,,,,,,$124.00,$248.00,,,,,,4,,,,,2026-01-07
11630475,Baseball Cards 2025 Topps Chrome Sapphire Update,Roki Sasaki [Padparadscha] #USC73,,,,,,,,,,,,,,,,,,,0,,,,,2026-01-07
11630474,Baseball Cards 2025 Topps Chrome Sapphire Update,Roki Sasaki [Red] #USC73,,,,,,,,,,,,,,,,,,,0,,,,,2026-01-07
11630203,Baseball Cards 2025 Topps Chrome Sapphire Update,Ronny Simon #USC35,$1.49,,,,,,,,,,,,$1.59,,,,,,6,,,,,2026-01-07
11630207,Baseball Cards 2025 Topps Chrome Sapphire Update,Ronny Simon [Black] #USC35,,,,,,,,,,,,,,,,,,,0,,,,,2026-01-07
11630205,Baseball Cards 2025 Topps Chrome Sapphire Update,Ronny Simon [Gold] #USC35,$3.75,,$8.26,$15.63,$30.64,$45.99,$60.00,$28.00,$28.00,,,$0.80,$4.09,,,$1.80,$9.09,,15,,,,,2026-01-07
11630204,Baseball Cards 2025 Topps Chrome Sapphire Update,Ronny Simon [Green] #USC35,$1.25,,$6.12,$11.94,$23.67,$35.52,$46.00,$21.00,$21.00,,,,$1.39,,,$1.30,$6.69,,5,,,,,2026-01-07
11630206,Baseball Cards 2025 Topps Chrome Sapphire Update,Ronny Simon [Orange] #USC35,$9.63,,,,,,,,,,,$2.80,$10.99,,,,,,4,,,,,2026-01-07
11630209,Baseball Cards 2025 Topps Chrome Sapphire Update,Ronny Simon [Padparadscha] #USC35,,,,,,,,,,,,,,,,,,,0,,,,,2026-01-07
11630208,Baseball Cards 2025 Topps Chrome Sapphire Update,Ronny Simon [Red] #USC35,$44.00,,,,,,,,,,,$19.20,$47.99,,,,,,1,,,,,2026-01-07
11630018,Baseball Cards 2025 Topps Chrome Sapphire Update,Ryan Fitzgerald #USC8,$2.42,,$7.17,$13.76,$27.10,$40.68,$53.00,$24.00,$24.00,,,,$2.69,,,$1.60,$7.89,,37,,,,,2026-01-07
11630022,Baseball Cards 2025 Topps Chrome Sapphire Update,Ryan Fitzgerald [Black] #USC8,$59.99,,,,,,,,,,,$26.40,$65.99,,,,,,1,,,,,2026-01-07
11630020,Baseball Cards 2025 Topps Chrome Sapphire Update,Ryan Fitzgerald [Gold] #USC8,$13.95,,,,,,,,,,,$3.80,$14.99,,,,,,1,,,,,2026-01-07
11630019,Baseball Cards 2025 Topps Chrome Sapphire Update,Ryan Fitzgerald [Green] #USC8,$4.87,,,,,,,,,,,$1.10,$5.39,,,,,,5,,,,,2026-01-07
11630021,Baseball Cards 2025 Topps Chrome Sapphire Update,Ryan Fitzgerald [Orange] #USC8,$35.00,,$36.41,$64.34,$122.68,$184.53,$240.00,$111.00,$111.00,,,$15.60,$38.99,,,$16.00,$39.99,,8,,,,,2026-01-07
11630024,Baseball Cards 2025 Topps Chrome Sapphire Update,Ryan Fitzgerald [Padparadscha] #USC8,,,,,,,,,,,,,,,,,,,0,,,,,2026-01-07
11630023,Baseball Cards 2025 Topps Chrome Sapphire Update,Ryan Fitzgerald [Red] #USC8,$85.00,,,,,,,,,,,$37.60,$93.99,,,,,,5,,,,,2026-01-07
11630711,Baseball Cards 2025 Topps Chrome Sapphire Update,Ryan Gusto #USC107,$1.48,,$6.33,$12.29,$24.33,$36.52,$47.00,$22.00,$22.00,,,,$1.59,,,$1.40,$6.99,,13,,,,,2026-01-07
11630716,Baseball Cards 2025 Topps Chrome Sapphire Update,Ryan Gusto [Black] #USC107,$149.99,,$139.67,$243.14,$460.64,$693.87,$902.00,$416.00,$416.00,,,$82.50,$165.00,,,$77.00,$154.00,,13,,,,,2026-01-07
11630713,Baseball Cards 2025 Topps Chrome Sapphire Update,Ryan Gusto [Gold] #USC107,$2.51,,$7.25,$13.89,$27.35,$41.03,$53.00,$25.00,$25.00,,,,$2.79,,,$1.60,$7.99,,12,,,,,2026-01-07
11630712,Baseball Cards 2025 Topps Chrome Sapphire Update,Ryan Gusto [Green] #USC107,$3.10,,$7.77,$14.79,$29.05,$43.63,$57.00,$26.00,$26.00,,,,$3.39,,,$1.70,$8.59,,17,,,,,2026-01-07
11630714,Baseball Cards 2025 Topps Chrome Sapphire Update,Ryan Gusto [Orange] #USC107,,,,,,,,,,,,,,,,,,,0,,,,,2026-01-07
11630717,Baseball Cards 2025 Topps Chrome Sapphire Update,Ryan Gusto [Padparadscha] #USC107,,,,,,,,,,,,,,,,,,,0,,,,,2026-01-07
11630715,Baseball Cards 2025 Topps Chrome Sapphire Update,Ryan Gusto [Red] #USC107,$100.00,,,,,,,,,,,$55.00,$110.00,,,,,,1,,,,,2026-01-07
11630046,Baseball Cards 2025 Topps Chrome Sapphire Update,Ryan Helsley #USC12,$2.24,,$7.01,$13.48,$26.57,$39.90,$52.00,$24.00,$24.00,,,,$2.49,,,$1.50,$7.69,,5,,,,,2026-01-07
11630048,Baseball Cards 2025 Topps Chrome Sapphire Update,Ryan Helsley [Black] #USC12,$12.50,,,,,,,,,,,$3.50,$13.99,,,,,,1,,,,,2026-01-07
11631350,Baseball Cards 2025 Topps Chrome Sapphire Update,Ryan Helsley [Gold] #USC12,$0.99,,,,,,,,,,,,$1.09,,,,,,1,,,,,2026-01-07
11630047,Baseball Cards 2025 Topps Chrome Sapphire Update,Ryan Helsley [Green] #USC12,$5.47,,$9.91,$18.51,$36.09,$54.28,$71.00,$33.00,$33.00,,,$1.20,$5.99,,,$2.80,$10.99,,5,,,,,2026-01-07
11630049,Baseball Cards 2025 Topps Chrome Sapphire Update,Ryan Helsley [Orange] #USC12,,,,,,,,,,,,,,,,,,,0,,,,,2026-01-07
11630050,Baseball Cards 2025 Topps Chrome Sapphire Update,Ryan Helsley [Padparadscha] #USC12,,,,,,,,,,,,,,,,,,,0,,,,,2026-01-07
11631351,Baseball Cards 2025 Topps Chrome Sapphire Update,Ryan Helsley [Red] #USC12,,,,,,,,,,,,,,,,,,,0,,,,,2026-01-07
11630775,Baseball Cards 2025 Topps Chrome Sapphire Update,Ryan Johnson #USC116,$2.15,,$6.93,$13.33,$26.30,$39.47,$51.00,$24.00,$24.00,,,,$2.39,,,$1.50,$7.59,,27,,,,,2026-01-07
11630780,Baseball Cards 2025 Topps Chrome Sapphire Update,Ryan Johnson [Black] #USC116,$7.16,,,,,,,,,,,$1.60,$7.89,,,,,,1,,,,,2026-01-07
11630777,Baseball Cards 2025 Topps Chrome Sapphire Update,Ryan Johnson [Gold] #USC116,,,,,,,,,,,,,,,,,,,0,,,,,2026-01-07
11630776,Baseball Cards 2025 Topps Chrome Sapphire Update,Ryan Johnson [Green] #USC116,$1.45,,$7.81,$14.85,$29.17,$43.78,$57.00,$26.00,$26.00,,,,$1.59,,,$1.70,$8.59,,12,,,,,2026-01-07
11630778,Baseball Cards 2025 Topps Chrome Sapphire Update,Ryan Johnson [Orange] #USC116,$5.00,,$9.49,$17.77,$34.68,$52.11,$68.00,$31.00,$31.00,,,$1.10,$5.49,,,$2.00,$9.99,,9,,,,,2026-01-07
11630781,Baseball Cards 2025 Topps Chrome Sapphire Update,Ryan Johnson [Padparadscha] #USC116,,,,,,,,,,,,,,,,,,,0,,,,,2026-01-07
11630779,Baseball Cards 2025 Topps Chrome Sapphire Update,Ryan Johnson [Red] #USC116,,,,,,,,,,,,,,,,,,,0,,,,,2026-01-07
11630422,Baseball Cards 2025 Topps Chrome Sapphire Update,Ryan McMahon #USC66,$0.99,,$5.89,$11.53,$22.90,$34.35,$45.00,$21.00,$21.00,,,,$1.09,,,$1.30,$6.49,,20,,,,,2026-01-07
11630426,Baseball Cards 2025 Topps Chrome Sapphire Update,Ryan McMahon [Black] #USC66,$21.24,,$24.05,$42.94,$82.24,$123.57,$161.00,$74.00,$74.00,,,$6.90,$22.99,,,$7.80,$25.99,,19,,,,,2026-01-07
11630424,Baseball Cards 2025 Topps Chrome Sapphire Update,Ryan McMahon [Gold] #USC66,$5.50,,,,,,,,,,,$1.20,$6.09,,,,,,1,,,,,2026-01-07
11630423,Baseball Cards 2025 Topps Chrome Sapphire Update,Ryan McMahon [Green] #USC66,$3.95,,$8.39,$15.86,$31.06,$46.61,$61.00,$28.00,$28.00,,,$0.90,$4.39,,,$1.80,$9.19,,6,,,,,2026-01-07
11630425,Baseball Cards 2025 Topps Chrome Sapphire Update,Ryan McMahon [Orange] #USC66,$7.99,,,,,,,,,,,$1.80,$8.79,,,,,,1,,,,,2026-01-07
11630428,Baseball Cards 2025 Topps Chrome Sapphire Update,Ryan McMahon [Padparadscha] #USC66,$129.43,,,,,,,,,,,$71.00,$142.00,,,,,,1,,,,,2026-01-07
11630427,Baseball Cards 2025 Topps Chrome Sapphire Update,Ryan McMahon [Red] #USC66,$55.00,,,,,,,,,,,$24.40,$60.99,,,,,,1,,,,,2026-01-07
11630457,Baseball Cards 2025 Topps Chrome Sapphire Update,Ryan O'Hearn #USC71,$1.39,,,,,,,,,,,,$1.49,,,,,,5,,,,,2026-01-07
11630460,Baseball Cards 2025 Topps Chrome Sapphire Update,Ryan O'Hearn [Black] #USC71,,,,,,,,,,,,,,,,,,,0,,,,,2026-01-07
11630458,Baseball Cards 2025 Topps Chrome Sapphire Update,Ryan O'Hearn [Gold] #USC71,,,,,,,,,,,,,,,,,,,0,,,,,2026-01-07
11631362,Baseball Cards 2025 Topps Chrome Sapphire Update,Ryan O'Hearn [Green] #USC71,$4.99,,$9.48,$17.74,$34.62,$51.97,$68.00,$31.00,$31.00,,,$1.10,$5.49,,,$2.00,$9.99,,9,,,,,2026-01-07
11630459,Baseball Cards 2025 Topps Chrome Sapphire Update,Ryan O'Hearn [Orange] #USC71,$7.63,,,,,,,,,,,$1.70,$8.39,,,,,,1,,,,,2026-01-07
11630462,Baseball Cards 2025 Topps Chrome Sapphire Update,Ryan O'Hearn [Padparadscha] #USC71,,,,,,,,,,,,,,,,,,,0,,,,,2026-01-07
11630461,Baseball Cards 2025 Topps Chrome Sapphire Update,Ryan O'Hearn [Red] #USC71,,,,,,,,,,,,,,,,,,,0,,,,,2026-01-07
11630824,Baseball Cards 2025 Topps Chrome Sapphire Update,Ryan Rolison #USC123,$1.94,,$6.69,$12.92,$25.52,$38.31,$50.00,$23.00,$23.00,,,,$2.09,,,$1.50,$7.39,,9,,,,,2026-01-07
11630827,Baseball Cards 2025 Topps Chrome Sapphire Update,Ryan Rolison [Black] #USC123,$25.00,,,,,,,,,,,$8.40,$27.99,,,,,,1,,,,,2026-01-07
11630826,Baseball Cards 2025 Topps Chrome Sapphire Update,Ryan Rolison [Gold] #USC123,$0.99,,,,,,,,,,,,$1.09,,,,,,1,,,,,2026-01-07
11630825,Baseball Cards 2025 Topps Chrome Sapphire Update,Ryan Rolison [Green] #USC123,,,,,,,,,,,,,,,,,,,0,,,,,2026-01-07
11630828,Baseball Cards 2025 Topps Chrome Sapphire Update,Ryan Rolison [Orange] #USC123,,,,,,,,,,,,,,,,,,,0,,,,,2026-01-07
11630830,Baseball Cards 2025 Topps Chrome Sapphire Update,Ryan Rolison [Padparadscha] #USC123,,,,,,,,,,,,,,,,,,,0,,,,,2026-01-07
11630829,Baseball Cards 2025 Topps Chrome Sapphire Update,Ryan Rolison [Red] #USC123,,,,,,,,,,,,,,,,,,,0,,,,,2026-01-07
11631328,Baseball Cards 2025 Topps Chrome Sapphire Update,Sauryn Lao #USC198,$1.74,,$5.89,$11.54,$22.90,$34.36,$45.00,$21.00,$21.00,,,,$1.89,,,$1.30,$6.49,,8,,,,,2026-01-07
11631333,Baseball Cards 2025 Topps Chrome Sapphire Update,Sauryn Lao [Black] #USC198,$50.00,,,,,,,,,,,$22.00,$54.99,,,,,,1,,,,,2026-01-07
11631330,Baseball Cards 2025 Topps Chrome Sapphire Update,Sauryn Lao [Gold] #USC198,$3.98,,$8.57,$16.18,$31.69,$47.60,$62.00,$29.00,$29.00,,,$0.90,$4.39,,,$1.90,$9.39,,12,,,,,2026-01-07
11631329,Baseball Cards 2025 Topps Chrome Sapphire Update,Sauryn Lao [Green] #USC198,$1.25,,,,,,,,,,,,$1.39,,,,,,1,,,,,2026-01-07
11631332,Baseball Cards 2025 Topps Chrome Sapphire Update,Sauryn Lao [Orange] #USC198,$2.62,,,,,,,,,,,,$2.89,,,,,,5,,,,,2026-01-07
11631335,Baseball Cards 2025 Topps Chrome Sapphire Update,Sauryn Lao [Padparadscha] #USC198,$66.88,,,,,,,,,,,$29.60,$73.99,,,,,,1,,,,,2026-01-07
11631334,Baseball Cards 2025 Topps Chrome Sapphire Update,Sauryn Lao [Red] #USC198,,,,,,,,,,,,,,,,,,,0,,,,,2026-01-07
11630662,Baseball Cards 2025 Topps Chrome Sapphire Update,Seranthony Dominguez #USC100,$1.50,,$6.65,$12.85,$25.38,$38.09,$50.00,$23.00,$23.00,,,,$1.69,,,$1.50,$7.29,,9,,,,,2026-01-07
11630666,Baseball Cards 2025 Topps Chrome Sapphire Update,Seranthony Dominguez [Black] #USC100,,,,,,,,,,,,,,,,,,,0,,,,,2026-01-07
11630664,Baseball Cards 2025 Topps Chrome Sapphire Update,Seranthony Dominguez [Gold] #USC100,,,,,,,,,,,,,,,,,,,0,,,,,2026-01-07
11630663,Baseball Cards 2025 Topps Chrome Sapphire Update,Seranthony Dominguez [Green] #USC100,$1.29,,$5.90,$6.00,$22.93,$34.40,$45.00,$21.00,$21.00,,,,$1.39,,,$1.30,$6.49,,11,,,,,2026-01-07
11630665,Baseball Cards 2025 Topps Chrome Sapphire Update,Seranthony Dominguez [Orange] #USC100,$19.97,,,,,,,,,,,$6.60,$21.99,,,,,,5,,,,,2026-01-07
11630668,Baseball Cards 2025 Topps Chrome Sapphire Update,Seranthony Dominguez [Padparadscha] #USC100,,,,,,,,,,,,,,,,,,,0,,,,,2026-01-07
11630667,Baseball Cards 2025 Topps Chrome Sapphire Update,Seranthony Dominguez [Red] #USC100,,,,,,,,,,,,,,,,,,,0,,,,,2026-01-07
11630329,Baseball Cards 2025 Topps Chrome Sapphire Update,Shane Bieber #USC52,$1.50,,$6.53,$12.65,$25.01,$37.53,$49.00,$23.00,$23.00,,,,$1.69,,,$1.40,$7.19,,16,,,,,2026-01-07
11630332,Baseball Cards 2025 Topps Chrome Sapphire Update,Shane Bieber [Black] #USC52,,,,,,,,,,,,,,,,,,,0,,,,,2026-01-07
11630331,Baseball Cards 2025 Topps Chrome Sapphire Update,Shane Bieber [Gold] #USC52,$9.07,,$13.14,$24.07,$46.59,$70.00,$91.00,$42.00,$42.00,,,$2.00,$9.99,,,$3.50,$13.99,,9,,,,,2026-01-07
11630330,Baseball Cards 2025 Topps Chrome Sapphire Update,Shane Bieber [Green] #USC52,$3.80,,$8.41,$15.90,$31.16,$46.80,$61.00,$28.00,$28.00,,,$0.80,$4.19,,,$1.90,$9.29,,7,,,,,2026-01-07
11630333,Baseball Cards 2025 Topps Chrome Sapphire Update,Shane Bieber [Orange] #USC52,$15.00,,$18.45,$32.99,$63.95,$96.08,$125.00,$58.00,$58.00,,,$4.30,$16.99,,,$5.00,$19.99,,10,,,,,2026-01-07
11630335,Baseball Cards 2025 Topps Chrome Sapphire Update,Shane Bieber [Padparadscha] #USC52,,,,,,,,,,,,,,,,,,,0,,,,,2026-01-07
11630334,Baseball Cards 2025 Topps Chrome Sapphire Update,Shane Bieber [Red] #USC52,,,,,,,,,,,,,,,,,,,0,,,,,2026-01-07
11630128,Baseball Cards 2025 Topps Chrome Sapphire Update,Shane Smith #USC24,$2.05,,$6.84,$13.18,$26.00,$39.01,$51.00,$23.00,$23.00,,,,$2.29,,,$1.50,$7.49,,29,,,,,2026-01-07
11630133,Baseball Cards 2025 Topps Chrome Sapphire Update,Shane Smith [Black] #USC24,$76.00,,,,,,,,,,,$33.60,$83.99,,,,,,1,,,,,2026-01-07
11630130,Baseball Cards 2025 Topps Chrome Sapphire Update,Shane Smith [Gold] #USC24,,,,,,,,,,,,,,,,,,,0,,,,,2026-01-07
11630129,Baseball Cards 2025 Topps Chrome Sapphire Update,Shane Smith [Green] #USC24,$5.65,,$10.07,$18.76,$36.54,$54.84,$71.00,$33.00,$33.00,,,$1.20,$6.19,,,$2.80,$10.99,,7,,,,,2026-01-07
11630131,Baseball Cards 2025 Topps Chrome Sapphire Update,Shane Smith [Orange] #USC24,$8.62,,$12.73,$23.36,$45.22,$67.88,$88.00,$41.00,$41.00,,,$1.90,$9.49,,,$3.50,$13.99,,12,,,,,2026-01-07
11630135,Baseball Cards 2025 Topps Chrome Sapphire Update,Shane Smith [Padparadscha] #USC24,,,,,,,,,,,,,,,,,,,0,,,,,2026-01-07
11630132,Baseball Cards 2025 Topps Chrome Sapphire Update,Shane Smith [Red] #USC24,$108.50,,,,,,,,,,,$59.50,$119.00,,,,,,1,,,,,2026-01-07
11630886,Baseball Cards 2025 Topps Chrome Sapphire Update,Spencer Schwellenbach #USC132,$2.02,,$6.81,$13.13,$25.91,$38.88,$51.00,$23.00,$23.00,,,,$2.19,,,$1.50,$7.49,,62,,,,,2026-01-07
11630890,Baseball Cards 2025 Topps Chrome Sapphire Update,Spencer Schwellenbach [Black] #USC132,$84.35,,,,,$154.50,$201.00,$93.00,$93.00,,,$37.20,$92.99,,,,,,9,,,,,2026-01-07
11630888,Baseball Cards 2025 Topps Chrome Sapphire Update,Spencer Schwellenbach [Gold] #USC132,$27.12,,,,,,,,,,,$9.00,$29.99,,,,,,4,,,,,2026-01-07
11630887,Baseball Cards 2025 Topps Chrome Sapphire Update,Spencer Schwellenbach [Green] #USC132,$5.75,,$10.16,$18.91,$36.84,$55.30,$72.00,$33.00,$33.00,,,$1.30,$6.29,,,$2.80,$10.99,,7,,,,,2026-01-07
11630889,Baseball Cards 2025 Topps Chrome Sapphire Update,Spencer Schwellenbach [Orange] #USC132,,,,,,,,,,,,,,,,,,,0,,,,,2026-01-07
11630892,Baseball Cards 2025 Topps Chrome Sapphire Update,Spencer Schwellenbach [Padparadscha] #USC132,,,,,,,,,,,,,,,,,,,0,,,,,2026-01-07
11630891,Baseball Cards 2025 Topps Chrome Sapphire Update,Spencer Schwellenbach [Red] #USC132,,,,,,,,,,,,,,,,,,,0,,,,,2026-01-07
11631352,Baseball Cards 2025 Topps Chrome Sapphire Update,Spencer Torkelson #USC27,$1.99,,$6.78,$13.08,$25.83,$38.75,$50.00,$23.00,$23.00,,,,$2.19,,,$1.50,$7.49,,29,,,,,2026-01-07
11630153,Baseball Cards 2025 Topps Chrome Sapphire Update,Spencer Torkelson [Black] #USC27,,,,,,,,,,,,,,,,,,,0,,,,,2026-01-07
11630150,Baseball Cards 2025 Topps Chrome Sapphire Update,Spencer Torkelson [Gold] #USC27,$8.74,,$17.06,$30.86,$59.40,$89.27,$116.00,$54.00,$54.00,,,$1.90,$9.59,,,$4.80,$18.99,,9,,,,,2026-01-07
11630149,Baseball Cards 2025 Topps Chrome Sapphire Update,Spencer Torkelson [Green] #USC27,$5.50,,$9.94,$18.54,$36.14,$54.28,$71.00,$33.00,$33.00,,,$1.20,$6.09,,,$2.80,$10.99,,5,,,,,2026-01-07
11630151,Baseball Cards 2025 Topps Chrome Sapphire Update,Spencer Torkelson [Orange] #USC27,$14.99,,,,,,,,,,,$4.00,$15.99,,,,,,1,,,,,2026-01-07
11630154,Baseball Cards 2025 Topps Chrome Sapphire Update,Spencer Torkelson [Padparadscha] #USC27,,,,,,,,,,,,,,,,,,,0,,,,,2026-01-07
11630152,Baseball Cards 2025 Topps Chrome Sapphire Update,Spencer Torkelson [Red] #USC27,,,,,,,,,,,,,,,,,,,0,,,,,2026-01-07
11631369,Baseball Cards 2025 Topps Chrome Sapphire Update,Taylor Rogers #USC147,$0.99,,$5.89,$11.54,$22.91,$34.38,$45.00,$21.00,$21.00,,,,$1.09,,,$1.30,$6.49,,7,,,,,2026-01-07
11630992,Baseball Cards 2025 Topps Chrome Sapphire Update,Taylor Rogers [Black] #USC147,,,,,,,,,,,,,,,,,,,0,,,,,2026-01-07
11630989,Baseball Cards 2025 Topps Chrome Sapphire Update,Taylor Rogers [Gold] #USC147,$2.45,,,,,,,,,,,,$2.69,,,,,,1,,,,,2026-01-07
11630988,Baseball Cards 2025 Topps Chrome Sapphire Update,Taylor Rogers [Green] #USC147,,,,,,,,,,,,,,,,,,,0,,,,,2026-01-07
11630990,Baseball Cards 2025 Topps Chrome Sapphire Update,Taylor Rogers [Orange] #USC147,,,,,,,,,,,,,,,,,,,0,,,,,2026-01-07
11630994,Baseball Cards 2025 Topps Chrome Sapphire Update,Taylor Rogers [Padparadscha] #USC147,,,,,,,,,,,,,,,,,,,0,,,,,2026-01-07
11630991,Baseball Cards 2025 Topps Chrome Sapphire Update,Taylor Rogers [Red] #USC147,,,,,,,,,,,,,,,,,,,0,,,,,2026-01-07
11631184,Baseball Cards 2025 Topps Chrome Sapphire Update,Thomas Harrington #USC177,$1.49,,$6.60,$12.76,$25.21,$37.83,$49.00,$23.00,$23.00,,,,$1.59,,,$1.50,$7.29,,25,,,,,2026-01-07
11631188,Baseball Cards 2025 Topps Chrome Sapphire Update,Thomas Harrington [Black] #USC177,,,,,,,,,,,,,,,,,,,0,,,,,2026-01-07
11631186,Baseball Cards 2025 Topps Chrome Sapphire Update,Thomas Harrington [Gold] #USC177,$5.40,,$9.83,$18.34,$35.76,$53.70,$70.00,$32.00,$32.00,,,$1.20,$5.89,,,$2.80,$10.99,,19,,,,,2026-01-07
11631185,Baseball Cards 2025 Topps Chrome Sapphire Update,Thomas Harrington [Green] #USC177,$5.46,,$9.91,$18.50,$36.07,$54.24,$71.00,$33.00,$33.00,,,$1.20,$5.99,,,$2.80,$10.99,,5,,,,,2026-01-07
11631187,Baseball Cards 2025 Topps Chrome Sapphire Update,Thomas Harrington [Orange] #USC177,,,,,,,,,,,,,,,,,,,0,,,,,2026-01-07
11631190,Baseball Cards 2025 Topps Chrome Sapphire Update,Thomas Harrington [Padparadscha] #USC177,,,,,,,,,,,,,,,,,,,0,,,,,2026-01-07
11631189,Baseball Cards 2025 Topps Chrome Sapphire Update,Thomas Harrington [Red] #USC177,,,,,,,,,,,,,,,,,,,0,,,,,2026-01-07
11631053,Baseball Cards 2025 Topps Chrome Sapphire Update,Thomas Saggese #USC157,$1.21,,$7.01,$13.48,$26.57,$39.88,$52.00,$24.00,$24.00,,,,$1.29,,,$1.50,$7.69,,20,,,,,2026-01-07
11631057,Baseball Cards 2025 Topps Chrome Sapphire Update,Thomas Saggese [Black] #USC157,,,,,,,,,,,,,,,,,,,0,,,,,2026-01-07
11631055,Baseball Cards 2025 Topps Chrome Sapphire Update,Thomas Saggese [Gold] #USC157,$10.00,,,,,,,,,,,$2.80,$10.99,,,,,,4,,,,,2026-01-07
11631054,Baseball Cards 2025 Topps Chrome Sapphire Update,Thomas Saggese [Green] #USC157,$1.94,,$6.74,$13.01,$25.69,$38.57,$50.00,$23.00,$23.00,,,,$2.09,,,$1.50,$7.39,,10,,,,,2026-01-07
11631056,Baseball Cards 2025 Topps Chrome Sapphire Update,Thomas Saggese [Orange] #USC157,$12.00,,,,,,,,,,,$3.30,$12.99,,,,,,1,,,,,2026-01-07
11631059,Baseball Cards 2025 Topps Chrome Sapphire Update,Thomas Saggese [Padparadscha] #USC157,,,,,,,,,,,,,,,,,,,0,,,,,2026-01-07
11631058,Baseball Cards 2025 Topps Chrome Sapphire Update,Thomas Saggese [Red] #USC157,,,,,,,,,,,,,,,,,,,0,,,,,2026-01-07
11630511,Baseball Cards 2025 Topps Chrome Sapphire Update,Tim Elko #USC79,$1.18,,$6.06,$11.83,$23.45,$35.19,$46.00,$21.00,$21.00,,,,$1.29,,,$1.30,$6.69,,25,,,,,2026-01-07
11630514,Baseball Cards 2025 Topps Chrome Sapphire Update,Tim Elko [Black] #USC79,$50.00,,,,,,,,,,,$22.00,$54.99,,,,,,5,,,,,2026-01-07
11630512,Baseball Cards 2025 Topps Chrome Sapphire Update,Tim Elko [Gold] #USC79,$17.50,,,,,,,,,,,$4.80,$18.99,,,,,,5,,,,,2026-01-07
11630510,Baseball Cards 2025 Topps Chrome Sapphire Update,Tim Elko [Green] #USC79,$11.74,,,,,,,,,,,$3.30,$12.99,,,,,,1,,,,,2026-01-07
11630513,Baseball Cards 2025 Topps Chrome Sapphire Update,Tim Elko [Orange] #USC79,,,,,,,,,,,,,,,,,,,0,,,,,2026-01-07
11630516,Baseball Cards 2025 Topps Chrome Sapphire Update,Tim Elko [Padparadscha] #USC79,,,,,,,,,,,,,,,,,,,0,,,,,2026-01-07
11630515,Baseball Cards 2025 Topps Chrome Sapphire Update,Tim Elko [Red] #USC79,$35.00,,,,,,,,,,,$15.60,$38.99,,,,,,1,,,,,2026-01-07
11630690,Baseball Cards 2025 Topps Chrome Sapphire Update,Tim Tawa #USC104,$1.51,,$6.35,$12.34,$24.43,$36.65,$48.00,$22.00,$22.00,,,,$1.69,,,$1.40,$6.99,,9,,,,,2026-01-07
11630694,Baseball Cards 2025 Topps Chrome Sapphire Update,Tim Tawa [Black] #USC104,,,,,,,,,,,,,,,,,,,0,,,,,2026-01-07
11630692,Baseball Cards 2025 Topps Chrome Sapphire Update,Tim Tawa [Gold] #USC104,$4.52,,$9.05,$17.01,$33.25,$49.92,$65.00,$30.00,$30.00,,,$1.00,$4.99,,,$2.00,$9.99,,6,,,,,2026-01-07
11630691,Baseball Cards 2025 Topps Chrome Sapphire Update,Tim Tawa [Green] #USC104,$1.00,,$5.90,$11.55,$22.93,$34.40,$45.00,$21.00,$21.00,,,,$1.09,,,$1.30,$6.49,,9,,,,,2026-01-07
11630693,Baseball Cards 2025 Topps Chrome Sapphire Update,Tim Tawa [Orange] #USC104,,,,,,,,,,,,,,,,,,,0,,,,,2026-01-07
11630696,Baseball Cards 2025 Topps Chrome Sapphire Update,Tim Tawa [Padparadscha] #USC104,,,,,,,,,,,,,,,,,,,0,,,,,2026-01-07
11630695,Baseball Cards 2025 Topps Chrome Sapphire Update,Tim Tawa [Red] #USC104,,,,,,,,,,,,,,,,,,,0,,,,,2026-01-07
11630934,Baseball Cards 2025 Topps Chrome Sapphire Update,Tirso Ornelas #USC139,$1.52,,$6.36,$12.36,$24.46,$36.70,$48.00,$22.00,$22.00,,,,$1.69,,,$1.40,$6.99,,15,,,,,2026-01-07
11630937,Baseball Cards 2025 Topps Chrome Sapphire Update,Tirso Ornelas [Black] #USC139,,,,,,,,,,,,,,,,,,,0,,,,,2026-01-07
11631367,Baseball Cards 2025 Topps Chrome Sapphire Update,Tirso Ornelas [Gold] #USC139,,,,,,,,,,,,,,,,,,,0,,,,,2026-01-07
11630935,Baseball Cards 2025 Topps Chrome Sapphire Update,Tirso Ornelas [Green] #USC139,$1.25,,,,,,,,,,,,$1.39,,,,,,19,,,,,2026-01-07
11630936,Baseball Cards 2025 Topps Chrome Sapphire Update,Tirso Ornelas [Orange] #USC139,,,,,,,,,,,,,,,,,,,0,,,,,2026-01-07
11630938,Baseball Cards 2025 Topps Chrome Sapphire Update,Tirso Ornelas [Padparadscha] #USC139,,,,,,,,,,,,,,,,,,,0,,,,,2026-01-07
11630939,Baseball Cards 2025 Topps Chrome Sapphire Update,Tirso Ornelas [Red] #USC139,,,,,,,,,,,,,,,,,,,0,,,,,2026-01-07
11630266,Baseball Cards 2025 Topps Chrome Sapphire Update,Tommy Pham #USC45,$1.00,,$5.90,$11.55,$22.93,$34.41,$45.00,$21.00,$21.00,,,,$1.09,,,$1.30,$6.49,,8,,,,,2026-01-07
11630271,Baseball Cards 2025 Topps Chrome Sapphire Update,Tommy Pham [Black] #USC45,$15.00,,,,,,,,,,,$4.30,$16.99,,,,,,1,,,,,2026-01-07
11630269,Baseball Cards 2025 Topps Chrome Sapphire Update,Tommy Pham [Gold] #USC45,$9.05,,$14.20,$25.93,$50.10,$75.35,$98.00,$45.00,$45.00,,,$2.00,$9.99,,,$4.00,$15.99,,8,,,,,2026-01-07
11630267,Baseball Cards 2025 Topps Chrome Sapphire Update,Tommy Pham [Green] #USC45,$2.02,,$6.81,$13.13,$25.92,$38.89,$51.00,$23.00,$23.00,,,,$2.19,,,$1.50,$7.49,,13,,,,,2026-01-07
11630270,Baseball Cards 2025 Topps Chrome Sapphire Update,Tommy Pham [Orange] #USC45,,,,,,,,,,,,,,,,,,,0,,,,,2026-01-07
11630273,Baseball Cards 2025 Topps Chrome Sapphire Update,Tommy Pham [Padparadscha] #USC45,,,,,,,,,,,,,,,,,,,0,,,,,2026-01-07
11630272,Baseball Cards 2025 Topps Chrome Sapphire Update,Tommy Pham [Red] #USC45,,,,,,,,,,,,,,,,,,,0,,,,,2026-01-07
11630342,Baseball Cards 2025 Topps Chrome Sapphire Update,Trent Grisham #USC54,$2.25,,$7.02,$13.50,$26.61,$39.95,$52.00,$24.00,$24.00,,,,$2.49,,,$1.50,$7.69,,21,,,,,2026-01-07
11631355,Baseball Cards 2025 Topps Chrome Sapphire Update,Trent Grisham [Black] #USC54,,,,$75.00,$83.00,,,,,,,,,,,,,,1,,,,,2026-01-07
11630344,Baseball Cards 2025 Topps Chrome Sapphire Update,Trent Grisham [Gold] #USC54,$14.06,,$17.59,$31.80,$61.20,$92.09,$120.00,$55.00,$55.00,,,$3.80,$14.99,,,$4.80,$18.99,,11,,,,,2026-01-07
11630343,Baseball Cards 2025 Topps Chrome Sapphire Update,Trent Grisham [Green] #USC54,$4.25,,$8.81,$16.59,$32.45,$48.70,$63.00,$29.00,$29.00,,,$0.90,$4.69,,,$1.90,$9.69,,7,,,,,2026-01-07
11630345,Baseball Cards 2025 Topps Chrome Sapphire Update,Trent Grisham [Orange] #USC54,$21.52,,$24.31,$43.42,$83.15,$125.05,$163.00,$75.00,$75.00,,,$7.20,$23.99,,,$8.10,$26.99,,7,,,,,2026-01-07
11630347,Baseball Cards 2025 Topps Chrome Sapphire Update,Trent Grisham [Padparadscha] #USC54,,,,,,,,,,,,,,,,,,,0,,,,,2026-01-07
11630346,Baseball Cards 2025 Topps Chrome Sapphire Update,Trent Grisham [Red] #USC54,,,,,,,,,,,,,,,,,,,0,,,,,2026-01-07
11630476,Baseball Cards 2025 Topps Chrome Sapphire Update,Tsung-Che Cheng #USC74,$1.50,,$6.34,$12.32,$24.39,$36.59,$48.00,$22.00,$22.00,,,,$1.69,,,$1.40,$6.99,,45,,,,,2026-01-07
11630480,Baseball Cards 2025 Topps Chrome Sapphire Update,Tsung-Che Cheng [Black] #USC74,$78.69,,$75.57,$132.02,$250.51,$376.49,$489.00,$226.00,$226.00,,,$34.80,$86.99,,,$33.20,$82.99,,13,,,,,2026-01-07
11630478,Baseball Cards 2025 Topps Chrome Sapphire Update,Tsung-Che Cheng [Gold] #USC74,$15.00,,$18.46,$33.27,$63.97,$96.12,$125.00,$58.00,$58.00,,,$4.30,$16.99,,,$5.00,$19.99,,9,,,,,2026-01-07
11630477,Baseball Cards 2025 Topps Chrome Sapphire Update,Tsung-Che Cheng [Green] #USC74,$11.64,,$15.42,$28.02,$54.05,$81.18,$106.00,$49.00,$49.00,,,$3.30,$12.99,,,$4.30,$16.99,,9,,,,,2026-01-07
11630479,Baseball Cards 2025 Topps Chrome Sapphire Update,Tsung-Che Cheng [Orange] #USC74,$27.00,,$29.21,$51.85,$99.05,$148.76,$193.00,$89.00,$89.00,,,$9.00,$29.99,,,$9.60,$31.99,,6,,,,,2026-01-07
11630482,Baseball Cards 2025 Topps Chrome Sapphire Update,Tsung-Che Cheng [Padparadscha] #USC74,,,,,,,,,,,,,,,,,,,0,,,,,2026-01-07
11630481,Baseball Cards 2025 Topps Chrome Sapphire Update,Tsung-Che Cheng [Red] #USC74,,,,,,,,,,,,,,,,,,,0,,,,,2026-01-07
11631047,Baseball Cards 2025 Topps Chrome Sapphire Update,Tyler Callihan #USC156,$1.99,,$6.78,$13.08,$25.83,$38.75,$50.00,$23.00,$23.00,,,,$2.19,,,$1.50,$7.49,,35,,,,,2026-01-07
11631050,Baseball Cards 2025 Topps Chrome Sapphire Update,Tyler Callihan [Black] #USC156,,,,,,,,,,,,,,,,,,,0,,,,,2026-01-07
11631048,Baseball Cards 2025 Topps Chrome Sapphire Update,Tyler Callihan [Gold] #USC156,$13.99,,$13.96,$25.50,$49.28,$74.03,$96.00,$44.00,$44.00,,,$3.80,$14.99,,,$3.80,$14.99,,9,,,,,2026-01-07
11631374,Baseball Cards 2025 Topps Chrome Sapphire Update,Tyler Callihan [Green] #USC156,$1.00,,$5.90,$11.55,$22.93,$34.42,$45.00,$21.00,$21.00,,,,$1.09,,,$1.30,$6.49,,7,,,,,2026-01-07
11631049,Baseball Cards 2025 Topps Chrome Sapphire Update,Tyler Callihan [Orange] #USC156,$7.50,,$11.73,$21.65,$42.00,$63.12,$82.00,$38.00,$38.00,,,$1.70,$8.29,,,$3.30,$12.99,,7,,,,,2026-01-07
11631052,Baseball Cards 2025 Topps Chrome Sapphire Update,Tyler Callihan [Padparadscha] #USC156,,,,,,,,,,,,,,,,,,,0,,,,,2026-01-07
11631051,Baseball Cards 2025 Topps Chrome Sapphire Update,Tyler Callihan [Red] #USC156,$200.00,,,,,,,,,,,$110.00,$220.00,,,,,,1,,,,,2026-01-07
11630517,Baseball Cards 2025 Topps Chrome Sapphire Update,Tyler Locklear #USC80,$1.00,,$5.90,$11.55,$22.93,$34.42,$45.00,$21.00,$21.00,,,,$1.09,,,$1.30,$6.49,,17,,,,,2026-01-07
11630521,Baseball Cards 2025 Topps Chrome Sapphire Update,Tyler Locklear [Black] #USC80,,,,,,,,,,,,,,,,,,,0,,,,,2026-01-07
11630519,Baseball Cards 2025 Topps Chrome Sapphire Update,Tyler Locklear [Gold] #USC80,$4.24,,,,,,,,,,,$0.90,$4.69,,,,,,5,,,,,2026-01-07
11630518,Baseball Cards 2025 Topps Chrome Sapphire Update,Tyler Locklear [Green] #USC80,$3.40,,$7.99,$15.16,$29.75,$44.64,$58.00,$27.00,$27.00,,,,$3.69,,,$1.80,$8.79,,15,,,,,2026-01-07
11630520,Baseball Cards 2025 Topps Chrome Sapphire Update,Tyler Locklear [Orange] #USC80,$2.25,,,$16.50,$18.00,,,,,,,,$2.49,,,,,,2,,,,,2026-01-07
11630523,Baseball Cards 2025 Topps Chrome Sapphire Update,Tyler Locklear [Padparadscha] #USC80,,,,,,,,,,,,,,,,,,,0,,,,,2026-01-07
11630522,Baseball Cards 2025 Topps Chrome Sapphire Update,Tyler Locklear [Red] #USC80,$77.00,,,,,,,,,,,$34.00,$84.99,,,,,,1,,,,,2026-01-07
11630993,Baseball Cards 2025 Topps Chrome Sapphire Update,Tyler Rogers #USC148,$2.29,,$7.06,$13.56,$26.73,$40.13,$52.00,$24.00,$24.00,,,,$2.49,,,$1.60,$7.79,,7,,,,,2026-01-07
11630998,Baseball Cards 2025 Topps Chrome Sapphire Update,Tyler Rogers [Black] #USC148,,,,,,,,,,,,,,,,,,,0,,,,,2026-01-07
11630996,Baseball Cards 2025 Topps Chrome Sapphire Update,Tyler Rogers [Gold] #USC148,$2.26,,$7.03,$13.51,$26.64,$39.99,$52.00,$24.00,$24.00,,,,$2.49,,,$1.50,$7.69,,8,,,,,2026-01-07
11630995,Baseball Cards 2025 Topps Chrome Sapphire Update,Tyler Rogers [Green] #USC148,$1.75,,$5.92,$11.58,$22.99,$34.50,$45.00,$21.00,$21.00,,,,$1.89,,,$1.30,$6.49,,8,,,,,2026-01-07
11630997,Baseball Cards 2025 Topps Chrome Sapphire Update,Tyler Rogers [Orange] #USC148,$15.00,,,,,,,,,,,$4.30,$16.99,,,,,,1,,,,,2026-01-07
11631001,Baseball Cards 2025 Topps Chrome Sapphire Update,Tyler Rogers [Padparadscha] #USC148,,,,,,,,,,,,,,,,,,,0,,,,,2026-01-07
11630999,Baseball Cards 2025 Topps Chrome Sapphire Update,Tyler Rogers [Red] #USC148,$13.37,,,,,,,,,,,$3.80,$14.99,,,,,,1,,,,,2026-01-07
11630648,Baseball Cards 2025 Topps Chrome Sapphire Update,Tyler Tolbert #USC98,$1.71,,$6.88,$13.25,$26.13,$39.23,$51.00,$24.00,$24.00,,,,$1.89,,,$1.50,$7.59,,29,,,,,2026-01-07
11630652,Baseball Cards 2025 Topps Chrome Sapphire Update,Tyler Tolbert [Black] #USC98,$55.00,,,,,,,,,,,$24.40,$60.99,,,,,,1,,,,,2026-01-07
11630650,Baseball Cards 2025 Topps Chrome Sapphire Update,Tyler Tolbert [Gold] #USC98,,,,,,,,,,,,,,,,,,,0,,,,,2026-01-07
11630649,Baseball Cards 2025 Topps Chrome Sapphire Update,Tyler Tolbert [Green] #USC98,$2.98,,$7.66,$14.61,$28.71,$43.10,$56.00,$26.00,$26.00,,,,$3.29,,,$1.70,$8.39,,17,,,,,2026-01-07
11630651,Baseball Cards 2025 Topps Chrome Sapphire Update,Tyler Tolbert [Orange] #USC98,$13.99,,,,,,,,,,,$3.80,$14.99,,,,,,1,,,,,2026-01-07
11630654,Baseball Cards 2025 Topps Chrome Sapphire Update,Tyler Tolbert [Padparadscha] #USC98,,,,,,,,,,,,,,,,,,,0,,,,,2026-01-07
11630653,Baseball Cards 2025 Topps Chrome Sapphire Update,Tyler Tolbert [Red] #USC98,,,,,,,,,,,,,,,,,,,0,,,,,2026-01-07
11631027,Baseball Cards 2025 Topps Chrome Sapphire Update,Tylor Megill #USC153,,,,,,,,,,,,,,,,,,,0,,,,,2026-01-07
11631031,Baseball Cards 2025 Topps Chrome Sapphire Update,Tylor Megill [Black] #USC153,,,,,,,,,,,,,,,,,,,0,,,,,2026-01-07
11631029,Baseball Cards 2025 Topps Chrome Sapphire Update,Tylor Megill [Gold] #USC153,$6.51,,$10.84,$20.10,$39.08,$58.70,$76.00,$35.00,$35.00,,,$1.40,$7.19,,,$3.00,$11.99,,8,,,,,2026-01-07
11631028,Baseball Cards 2025 Topps Chrome Sapphire Update,Tylor Megill [Green] #USC153,$2.99,,,,,,,,,,,,$3.29,,,,,,1,,,,,2026-01-07
11631030,Baseball Cards 2025 Topps Chrome Sapphire Update,Tylor Megill [Orange] #USC153,$10.57,,,,,,,,,,,$3.00,$11.99,,,,,,4,,,,,2026-01-07
11631033,Baseball Cards 2025 Topps Chrome Sapphire Update,Tylor Megill [Padparadscha] #USC153,,,,,,,,,,,,,,,,,,,0,,,,,2026-01-07
11631032,Baseball Cards 2025 Topps Chrome Sapphire Update,Tylor Megill [Red] #USC153,,,,,,,,,,,,,,,,,,,0,,,,,2026-01-07
11630362,Baseball Cards 2025 Topps Chrome Sapphire Update,Victor Caratini #USC57,$0.99,,,,,,,,,,,,$1.09,,,,,,5,,,,,2026-01-07
11630365,Baseball Cards 2025 Topps Chrome Sapphire Update,Victor Caratini [Black] #USC57,$19.99,,,,,$22.50,$29.00,$14.00,$14.00,,,$6.60,$21.99,,,,,,2,,,,,2026-01-07
11630366,Baseball Cards 2025 Topps Chrome Sapphire Update,Victor Caratini [Gold] #USC57,$2.48,,$7.20,$13.80,$27.19,$40.81,$53.00,$24.00,$24.00,,,,$2.69,,,$1.60,$7.89,,13,,,,,2026-01-07
11630363,Baseball Cards 2025 Topps Chrome Sapphire Update,Victor Caratini [Green] #USC57,$1.00,,$5.90,$11.55,$22.93,$34.42,$45.00,$21.00,$21.00,,,,$1.09,,,$1.30,$6.49,,7,,,,,2026-01-07
11630364,Baseball Cards 2025 Topps Chrome Sapphire Update,Victor Caratini [Orange] #USC57,$3.54,,$8.18,$15.50,$30.40,$45.66,$59.00,$27.00,$27.00,,,$0.80,$3.89,,,$1.80,$8.99,,7,,,,,2026-01-07
11630368,Baseball Cards 2025 Topps Chrome Sapphire Update,Victor Caratini [Padparadscha] #USC57,,,,,,,,,,,,,,,,,,,0,,,,,2026-01-07
11630367,Baseball Cards 2025 Topps Chrome Sapphire Update,Victor Caratini [Red] #USC57,$39.99,,,,,,,,,,,$17.60,$43.99,,,,,,1,,,,,2026-01-07
11629991,Baseball Cards 2025 Topps Chrome Sapphire Update,Victor Mesa Jr. #USC4,$1.00,,$7.24,$13.87,$27.32,$40.99,$53.00,$25.00,$25.00,,,,$1.09,,,$1.60,$7.99,,12,,,,,2026-01-07
11629995,Baseball Cards 2025 Topps Chrome Sapphire Update,Victor Mesa Jr. [Black] #USC4,$19.50,,,,,,,,,,,$6.30,$20.99,,,,,,1,,,,,2026-01-07
11629993,Baseball Cards 2025 Topps Chrome Sapphire Update,Victor Mesa Jr. [Gold] #USC4,$6.50,,$10.84,$20.10,$39.09,$58.76,$76.00,$35.00,$35.00,,,$1.40,$7.19,,,$3.00,$11.99,,7,,,,,2026-01-07
11629992,Baseball Cards 2025 Topps Chrome Sapphire Update,Victor Mesa Jr. [Green] #USC4,$3.43,,$8.08,$15.32,$30.05,$45.11,$59.00,$27.00,$27.00,,,$0.80,$3.79,,,$1.80,$8.89,,15,,,,,2026-01-07
11629994,Baseball Cards 2025 Topps Chrome Sapphire Update,Victor Mesa Jr. [Orange] #USC4,$5.62,,$8.14,$15.43,$30.26,$45.43,$59.00,$27.00,$27.00,,,$1.20,$6.19,,,$1.80,$8.99,,19,,,,,2026-01-07
11629997,Baseball Cards 2025 Topps Chrome Sapphire Update,Victor Mesa Jr. [Padparadscha] #USC4,,,,,,,,,,,,,,,,,,,0,,,,,2026-01-07
11629996,Baseball Cards 2025 Topps Chrome Sapphire Update,Victor Mesa Jr. [Red] #USC4,,,,,,,,,,,,,,,,,,,0,,,,,2026-01-07
11630348,Baseball Cards 2025 Topps Chrome Sapphire Update,Walker Buehler #USC55,$1.69,,$6.52,$12.63,$24.97,$37.48,$49.00,$22.00,$22.00,,,,$1.89,,,$1.40,$7.19,,6,,,,,2026-01-07
11630352,Baseball Cards 2025 Topps Chrome Sapphire Update,Walker Buehler [Black] #USC55,$16.00,,$19.35,$34.82,$66.89,$100.50,$131.00,$60.00,$60.00,,,$4.50,$17.99,,,$6.30,$20.99,,5,,,,,2026-01-07
11630350,Baseball Cards 2025 Topps Chrome Sapphire Update,Walker Buehler [Gold] #USC55,$4.47,,$8.99,$16.90,$33.04,$49.60,$64.00,$30.00,$30.00,,,$1.00,$4.89,,,$2.00,$9.89,,8,,,,,2026-01-07
11630349,Baseball Cards 2025 Topps Chrome Sapphire Update,Walker Buehler [Green] #USC55,$2.99,,,,,,,,,,,,$3.29,,,,,,1,,,,,2026-01-07
11630351,Baseball Cards 2025 Topps Chrome Sapphire Update,Walker Buehler [Orange] #USC55,$1.50,,$6.35,$12.33,$24.40,$36.62,$48.00,$22.00,$22.00,,,,$1.69,,,$1.40,$6.99,,8,,,,,2026-01-07
11630354,Baseball Cards 2025 Topps Chrome Sapphire Update,Walker Buehler [Padparadscha] #USC55,,,,,,,,,,,,,,,,,,,0,,,,,2026-01-07
11630353,Baseball Cards 2025 Topps Chrome Sapphire Update,Walker Buehler [Red] #USC55,,,,,,,,,,,,,,,,,,,0,,,,,2026-01-07
11631313,Baseball Cards 2025 Topps Chrome Sapphire Update,Will Smith #USC196,$3.49,,$8.58,$16.19,$31.68,$47.56,$62.00,$29.00,$29.00,,,$0.80,$3.79,,,$1.90,$9.39,,49,,,,,2026-01-07
11631317,Baseball Cards 2025 Topps Chrome Sapphire Update,Will Smith [Black] #USC196,$78.35,,,,,,,,,,,$34.40,$85.99,,,,,,5,,,,,2026-01-07
11631316,Baseball Cards 2025 Topps Chrome Sapphire Update,Will Smith [Gold] #USC196,$18.04,,$25.66,$45.73,$87.49,$131.45,$171.00,$79.00,$79.00,,,$5.00,$19.99,,,$8.40,$27.99,,20,,,,,2026-01-07
11631315,Baseball Cards 2025 Topps Chrome Sapphire Update,Will Smith [Green] #USC196,$10.99,,,,,,,,,,,$3.00,$11.99,,,,,,7,,,,,2026-01-07
11631318,Baseball Cards 2025 Topps Chrome Sapphire Update,Will Smith [Orange] #USC196,$20.57,,$23.36,$41.74,$79.95,$120.05,$156.00,$72.00,$72.00,,,$6.90,$22.99,,,$7.80,$25.99,,9,,,,,2026-01-07
11631321,Baseball Cards 2025 Topps Chrome Sapphire Update,Will Smith [Padparadscha] #USC196,,,,,,,,,,,,,,,,,,,0,,,,,2026-01-07
11631319,Baseball Cards 2025 Topps Chrome Sapphire Update,Will Smith [Red] #USC196,,,,,,,,,,,,,,,,,,,0,,,,,2026-01-07
11630740,Baseball Cards 2025 Topps Chrome Sapphire Update,Will Wagner #USC111,$1.68,,$6.61,$12.78,$25.25,$37.89,$49.00,$23.00,$23.00,,,,$1.89,,,$1.50,$7.29,,13,,,,,2026-01-07
11630744,Baseball Cards 2025 Topps Chrome Sapphire Update,Will Wagner [Black] #USC111,$7.38,,$11.63,$21.48,$41.70,$62.71,$82.00,$38.00,$38.00,,,$1.60,$8.09,,,$3.30,$12.99,,9,,,,,2026-01-07
11630742,Baseball Cards 2025 Topps Chrome Sapphire Update,Will Wagner [Gold] #USC111,$7.33,,$10.40,$19.33,$37.62,$56.45,$73.00,$34.00,$34.00,,,$1.60,$8.09,,,$2.80,$10.99,,9,,,,,2026-01-07
11630741,Baseball Cards 2025 Topps Chrome Sapphire Update,Will Wagner [Green] #USC111,$1.75,,$6.57,$12.71,$25.12,$37.70,$49.00,$23.00,$23.00,,,,$1.89,,,$1.40,$7.19,,6,,,,,2026-01-07
11630743,Baseball Cards 2025 Topps Chrome Sapphire Update,Will Wagner [Orange] #USC111,$2.14,,,,,,,,,,,,$2.39,,,,,,1,,,,,2026-01-07
11630746,Baseball Cards 2025 Topps Chrome Sapphire Update,Will Wagner [Padparadscha] #USC111,,,,,,,,,,,,,,,,,,,0,,,,,2026-01-07
11630745,Baseball Cards 2025 Topps Chrome Sapphire Update,Will Wagner [Red] #USC111,,,,,,,,,,,,,,,,,,,0,,,,,2026-01-07
11631196,Baseball Cards 2025 Topps Chrome Sapphire Update,Will Wilson #USC187,$2.50,,$7.25,$13.89,$27.35,$41.08,$53.00,$25.00,$25.00,,,,$2.79,,,$1.60,$7.99,,7,,,,,2026-01-07
11631200,Baseball Cards 2025 Topps Chrome Sapphire Update,Will Wilson [Black] #USC187,$42.50,,$43.14,$76.00,$144.71,$217.72,$283.00,$131.00,$131.00,,,$18.80,$46.99,,,$18.80,$46.99,,5,,,,,2026-01-07
11631199,Baseball Cards 2025 Topps Chrome Sapphire Update,Will Wilson [Gold] #USC187,$1.26,,$6.21,$12.09,$23.96,$35.95,$47.00,$22.00,$22.00,,,,$1.39,,,$1.40,$6.79,,17,,,,,2026-01-07
11631198,Baseball Cards 2025 Topps Chrome Sapphire Update,Will Wilson [Green] #USC187,$1.57,,,,,,,,,,,,$1.69,,,,,,8,,,,,2026-01-07
11631202,Baseball Cards 2025 Topps Chrome Sapphire Update,Will Wilson [Orange] #USC187,,,,,,,,,,,,,,,,,,,0,,,,,2026-01-07
11631204,Baseball Cards 2025 Topps Chrome Sapphire Update,Will Wilson [Padparadscha] #USC187,,,,,,,,,,,,,,,,,,,0,,,,,2026-01-07
11631201,Baseball Cards 2025 Topps Chrome Sapphire Update,Will Wilson [Red] #USC187,$1.00,,,,,,,,,,,,$1.09,,,,,,1,,,,,2026-01-07
11630429,Baseball Cards 2025 Topps Chrome Sapphire Update,Willi Castro #USC67,$1.00,,$8.14,$15.43,$30.26,$45.44,$59.00,$27.00,$27.00,,,,$1.09,,,$1.80,$8.99,,9,,,,,2026-01-07
11630432,Baseball Cards 2025 Topps Chrome Sapphire Update,Willi Castro [Black] #USC67,$10.99,,$14.85,$27.03,$52.15,$78.29,$102.00,$47.00,$47.00,,,$3.00,$11.99,,,$4.00,$15.99,,7,,,,,2026-01-07
11630431,Baseball Cards 2025 Topps Chrome Sapphire Update,Willi Castro [Gold] #USC67,$0.99,,,,,,,,,,,,$1.09,,,,,,1,,,,,2026-01-07
11630430,Baseball Cards 2025 Topps Chrome Sapphire Update,Willi Castro [Green] #USC67,$1.63,,,,,$9.50,$12.00,$6.00,$6.00,,,,$1.79,,,,,,69,,,,,2026-01-07
11630433,Baseball Cards 2025 Topps Chrome Sapphire Update,Willi Castro [Orange] #USC67,$2.00,,,,,,,,,,,,$2.19,,,,,,1,,,,,2026-01-07
11630434,Baseball Cards 2025 Topps Chrome Sapphire Update,Willi Castro [Padparadscha] #USC67,,,,,,,,,,,,,,,,,,,0,,,,,2026-01-07
11630435,Baseball Cards 2025 Topps Chrome Sapphire Update,Willi Castro [Red] #USC67,$7.50,,,,,,,,,,,$1.70,$8.29,,,,,,1,,,,,2026-01-07
11630530,Baseball Cards 2025 Topps Chrome Sapphire Update,Willie MacIver #USC81,$1.49,,$6.34,$12.31,$24.36,$36.56,$48.00,$22.00,$22.00,,,,$1.59,,,$1.40,$6.99,,11,,,,,2026-01-07
11630534,Baseball Cards 2025 Topps Chrome Sapphire Update,Willie MacIver [Black] #USC81,$39.99,,,,,,,,,,,$17.60,$43.99,,,,,,1,,,,,2026-01-07
11630532,Baseball Cards 2025 Topps Chrome Sapphire Update,Willie MacIver [Gold] #USC81,$3.66,,$8.28,$15.67,$30.71,$46.09,$60.00,$28.00,$28.00,,,$0.80,$3.99,,,$1.80,$9.09,,14,,,,,2026-01-07
11630531,Baseball Cards 2025 Topps Chrome Sapphire Update,Willie MacIver [Green] #USC81,$2.75,,$7.47,$14.28,$28.09,$42.21,$55.00,$25.00,$25.00,,,,$2.99,,,$1.60,$8.19,,12,,,,,2026-01-07
11630533,Baseball Cards 2025 Topps Chrome Sapphire Update,Willie MacIver [Orange] #USC81,$4.31,,,,,,,,,,,$0.90,$4.69,,,,,,5,,,,,2026-01-07
11630536,Baseball Cards 2025 Topps Chrome Sapphire Update,Willie MacIver [Padparadscha] #USC81,,,,,,,,,,,,,,,,,,,0,,,,,2026-01-07
11630535,Baseball Cards 2025 Topps Chrome Sapphire Update,Willie MacIver [Red] #USC81,$85.00,,,,,,,,,,,$37.60,$93.99,,,,,,1,,,,,2026-01-07
11630789,Baseball Cards 2025 Topps Chrome Sapphire Update,Wilyer Abreu #USC118,$3.00,,$7.69,$14.66,$28.80,$43.24,$56.00,$26.00,$26.00,,,,$3.29,,,$1.70,$8.49,,27,,,,,2026-01-07
11630794,Baseball Cards 2025 Topps Chrome Sapphire Update,Wilyer Abreu [Black] #USC118,$29.00,,$31.03,$55.05,$105.14,$158.20,$206.00,$95.00,$95.00,,,$9.60,$31.99,,,$10.20,$33.99,,7,,,,,2026-01-07
11630791,Baseball Cards 2025 Topps Chrome Sapphire Update,Wilyer Abreu [Gold] #USC118,$14.88,,$18.35,$33.09,$63.62,$95.62,$124.00,$57.00,$57.00,,,$4.00,$15.99,,,$5.00,$19.99,,21,,,,,2026-01-07
11630790,Baseball Cards 2025 Topps Chrome Sapphire Update,Wilyer Abreu [Green] #USC118,$6.86,,$11.03,$20.42,$39.69,$59.61,$77.00,$36.00,$36.00,,,$1.50,$7.59,,,$3.00,$11.99,,14,,,,,2026-01-07
11630792,Baseball Cards 2025 Topps Chrome Sapphire Update,Wilyer Abreu [Orange] #USC118,$9.00,,,,,,,,,,,$2.00,$9.89,,,,,,1,,,,,2026-01-07
11630795,Baseball Cards 2025 Topps Chrome Sapphire Update,Wilyer Abreu [Padparadscha] #USC118,,,,,,,,,,,,,,,,,,,0,,,,,2026-01-07
11630793,Baseball Cards 2025 Topps Chrome Sapphire Update,Wilyer Abreu [Red] #USC118,$44.00,,,,,,,,,,,$19.20,$47.99,,,,,,1,,,,,2026-01-07
11630503,Baseball Cards 2025 Topps Chrome Sapphire Update,Yaramil Hiraldo #USC78,$1.09,,$5.98,$11.69,$23.20,$34.81,$45.00,$21.00,$21.00,,,,$1.19,,,$1.30,$6.59,,12,,,,,2026-01-07
11630507,Baseball Cards 2025 Topps Chrome Sapphire Update,Yaramil Hiraldo [Black] #USC78,,,,,,,,,,,,,,,,,,,0,,,,,2026-01-07
11630505,Baseball Cards 2025 Topps Chrome Sapphire Update,Yaramil Hiraldo [Gold] #USC78,,,,,,,,,,,,,,,,,,,0,,,,,2026-01-07
11630504,Baseball Cards 2025 Topps Chrome Sapphire Update,Yaramil Hiraldo [Green] #USC78,$3.20,,,,,,,,,,,,$3.49,,,,,,1,,,,,2026-01-07
11630506,Baseball Cards 2025 Topps Chrome Sapphire Update,Yaramil Hiraldo [Orange] #USC78,,,,,,,,,,,,,,,,,,,0,,,,,2026-01-07
11630509,Baseball Cards 2025 Topps Chrome Sapphire Update,Yaramil Hiraldo [Padparadscha] #USC78,,,,,,,,,,,,,,,,,,,0,,,,,2026-01-07
11630508,Baseball Cards 2025 Topps Chrome Sapphire Update,Yaramil Hiraldo [Red] #USC78,,,,,,,,,,,,,,,,,,,0,,,,,2026-01-07
11630112,Baseball Cards 2025 Topps Chrome Sapphire Update,Yoan Moncada #USC22,$2.79,,,,,,,,,,,,$3.09,,,,,,1,,,,,2026-01-07
11630118,Baseball Cards 2025 Topps Chrome Sapphire Update,Yoan Moncada [Black] #USC22,$18.00,,$21.16,$37.99,$72.90,$109.72,$143.00,$66.00,$66.00,,,$5.00,$19.99,,,$6.90,$22.99,,7,,,,,2026-01-07
11630116,Baseball Cards 2025 Topps Chrome Sapphire Update,Yoan Moncada [Gold] #USC22,$24.99,,,,,,,,,,,$8.10,$26.99,,,,,,1,,,,,2026-01-07
11630114,Baseball Cards 2025 Topps Chrome Sapphire Update,Yoan Moncada [Green] #USC22,$3.49,,$8.13,$15.43,$30.26,$45.47,$59.00,$27.00,$27.00,,,$0.80,$3.79,,,$1.80,$8.89,,9,,,,,2026-01-07
11630117,Baseball Cards 2025 Topps Chrome Sapphire Update,Yoan Moncada [Orange] #USC22,,,,,,,,,,,,,,,,,,,0,,,,,2026-01-07
11630120,Baseball Cards 2025 Topps Chrome Sapphire Update,Yoan Moncada [Padparadscha] #USC22,,,,,,,,,,,,,,,,,,,0,,,,,2026-01-07
11630119,Baseball Cards 2025 Topps Chrome Sapphire Update,Yoan Moncada [Red] #USC22,$30.50,,,,,,,,,,,$10.20,$33.99,,,,,,5,,,,,2026-01-07
11630376,Baseball Cards 2025 Topps Chrome Sapphire Update,Yusei Kikuchi #USC59,$0.99,,,,,,,,,,,,$1.09,,,,,,4,,,,,2026-01-07
11630379,Baseball Cards 2025 Topps Chrome Sapphire Update,Yusei Kikuchi [Black] #USC59,,,,,,,,,,,,,,,,,,,0,,,,,2026-01-07
11630377,Baseball Cards 2025 Topps Chrome Sapphire Update,Yusei Kikuchi [Gold] #USC59,$1.67,,$6.50,$12.59,$24.89,$37.35,$49.00,$22.00,$22.00,,,,$1.79,,,$1.40,$7.19,,5,,,,,2026-01-07
11631357,Baseball Cards 2025 Topps Chrome Sapphire Update,Yusei Kikuchi [Green] #USC59,$1.13,,$6.01,$11.75,$23.31,$34.99,$45.00,$21.00,$21.00,,,,$1.19,,,$1.30,$6.59,,6,,,,,2026-01-07
11630378,Baseball Cards 2025 Topps Chrome Sapphire Update,Yusei Kikuchi [Orange] #USC59,$7.00,,$11.29,$20.89,$40.59,$61.07,$79.00,$37.00,$37.00,,,$1.50,$7.69,,,$3.00,$11.99,,14,,,,,2026-01-07
11630380,Baseball Cards 2025 Topps Chrome Sapphire Update,Yusei Kikuchi [Padparadscha] #USC59,,,,,,,,,,,,,,,,,,,0,,,,,2026-01-07
11631356,Baseball Cards 2025 Topps Chrome Sapphire Update,Yusei Kikuchi [Red] #USC59,$21.50,,,,,,,,,,,$7.20,$23.99,,,,,,1,,,,,2026-01-07
11631300,Baseball Cards 2025 Topps Chrome Sapphire Update,Zac Veen #USC186,$2.00,,$6.74,$13.01,$25.68,$38.55,$50.00,$23.00,$23.00,,,,$2.19,,,$1.50,$7.39,,38,,,,,2026-01-07
11630155,Baseball Cards 2025 Topps Chrome Sapphire Update,Zac Veen #USC28,$1.24,,$6.11,$11.92,$23.64,$35.47,$46.00,$21.00,$21.00,,,,$1.39,,,$1.30,$6.69,,54,,,,,2026-01-07
11631305,Baseball Cards 2025 Topps Chrome Sapphire Update,Zac Veen [Black] #USC186,$47.00,,,,,,,,,,,$20.80,$51.99,,,,,,1,,,,,2026-01-07
11630160,Baseball Cards 2025 Topps Chrome Sapphire Update,Zac Veen [Black] #USC28,,,,,,,,,,,,,,,,,,,0,,,,,2026-01-07
11631301,Baseball Cards 2025 Topps Chrome Sapphire Update,Zac Veen [Gold] #USC186,$6.27,,,,,,,,,,,$1.40,$6.89,,,,,,1,,,,,2026-01-07
11630157,Baseball Cards 2025 Topps Chrome Sapphire Update,Zac Veen [Gold] #USC28,$17.25,,$20.46,$36.73,$70.49,$105.84,$138.00,$64.00,$64.00,,,$4.80,$18.99,,,$6.90,$22.99,,7,,,,,2026-01-07
11631378,Baseball Cards 2025 Topps Chrome Sapphire Update,Zac Veen [Green] #USC186,$2.40,,,,,,,,,,,,$2.59,,,,,,7,,,,,2026-01-07
11630156,Baseball Cards 2025 Topps Chrome Sapphire Update,Zac Veen [Green] #USC28,$7.99,,$12.16,$22.38,$43.39,$65.13,$85.00,$39.00,$39.00,,,$1.80,$8.79,,,$3.30,$12.99,,15,,,,,2026-01-07
11631303,Baseball Cards 2025 Topps Chrome Sapphire Update,Zac Veen [Orange] #USC186,,,,,,,,,,,,,,,,,,,0,,,,,2026-01-07
11630158,Baseball Cards 2025 Topps Chrome Sapphire Update,Zac Veen [Orange] #USC28,$24.50,,$26.97,$47.99,$91.77,$137.87,$179.00,$83.00,$83.00,,,$8.10,$26.99,,,$9.00,$29.99,,11,,,,,2026-01-07
11631194,Baseball Cards 2025 Topps Chrome Sapphire Update,Zac Veen [Padparadscha] #USC186,,,,,,,,,,,,,,,,,,,0,,,,,2026-01-07
11630161,Baseball Cards 2025 Topps Chrome Sapphire Update,Zac Veen [Padparadscha] #USC28,,,,,,,,,,,,,,,,,,,0,,,,,2026-01-07
11631191,Baseball Cards 2025 Topps Chrome Sapphire Update,Zac Veen [Red] #USC186,,,,,,,,,,,,,,,,,,,0,,,,,2026-01-07
11630159,Baseball Cards 2025 Topps Chrome Sapphire Update,Zac Veen [Red] #USC28,,,,,,,,,,,,,,,,,,,0,,,,,2026-01-07
11631161,Baseball Cards 2025 Topps Chrome Sapphire Update,Zebby Matthews #USC171,$0.99,,$5.89,$11.54,$22.91,$34.38,$45.00,$21.00,$21.00,,,,$1.09,,,$1.30,$6.49,,27,,,,,2026-01-07
11631165,Baseball Cards 2025 Topps Chrome Sapphire Update,Zebby Matthews [Black] #USC171,$20.51,,,,,,,,,,,$6.90,$22.99,,,,,,1,,,,,2026-01-07
11631163,Baseball Cards 2025 Topps Chrome Sapphire Update,Zebby Matthews [Gold] #USC171,$6.13,,$10.50,$19.53,$38.00,$57.12,$74.00,$34.00,$34.00,,,$1.30,$6.69,,,$3.00,$11.99,,8,,,,,2026-01-07
11631162,Baseball Cards 2025 Topps Chrome Sapphire Update,Zebby Matthews [Green] #USC171,$2.26,,$7.03,$13.50,$26.62,$39.94,$52.00,$24.00,$24.00,,,,$2.49,,,$1.50,$7.69,,12,,,,,2026-01-07
11631164,Baseball Cards 2025 Topps Chrome Sapphire Update,Zebby Matthews [Orange] #USC171,,,,,,,,,,,,,,,,,,,0,,,,,2026-01-07
11631167,Baseball Cards 2025 Topps Chrome Sapphire Update,Zebby Matthews [Padparadscha] #USC171,,,,,,,,,,,,,,,,,,,0,,,,,2026-01-07
11631166,Baseball Cards 2025 Topps Chrome Sapphire Update,Zebby Matthews [Red] #USC171,$30.00,,,,,,,,,,,$9.90,$32.99,,,,,,1,,,,,2026-01-07
