id,console-name,product-name,loose-price,cib-price,new-price,graded-price,box-only-price,manual-only-price,bgs-10-price,condition-17-price,condition-18-price,gamestop-price,gamestop-trade-price,retail-loose-buy,retail-loose-sell,retail-cib-buy,retail-cib-sell,retail-new-buy,retail-new-sell,upc,sales-volume,genre,tcg-id,asin,epid,release-date
3634549,Basketball Cards 2015 Panini Prizm,Aaron Brooks #87,$1.25,,,,,,,,,,,,$1.39,,,,,,1,,,,,2015-12-02
12272497,Basketball Cards 2015 Panini Prizm,Aaron Brooks [Black Prizm] #87,,,,,,,,,,,,,,,,,,,0,,,,,2015-12-02
3634871,Basketball Cards 2015 Panini Prizm,Aaron Brooks [Flash Prizm] #87,$1.13,,,,,,,,,,,,$1.19,,,,,,1,,,,,2015-12-02
3635132,Basketball Cards 2015 Panini Prizm,Aaron Brooks [Gold Prizm] #87,,,,,,,,,,,,,,,,,,,0,,,,,2015-12-02
3635402,Basketball Cards 2015 Panini Prizm,Aaron Brooks [Green Prizm] #87,$1.35,,,,,,,,,,,,$1.49,,,,,,1,,,,,2015-12-02
3635668,Basketball Cards 2015 Panini Prizm,Aaron Brooks [Light Blue Prizm] #87,$1.12,,,,,,,,,,,,$1.19,,,,,,1,,,,,2015-12-02
3635933,Basketball Cards 2015 Panini Prizm,Aaron Brooks [Mojo Prizm] #87,$12.32,,,,,,,,,,,$3.50,$13.99,,,,,,1,,,,,2015-12-02
3636197,Basketball Cards 2015 Panini Prizm,Aaron Brooks [Orange Prizm] #87,$1.35,,,,,,,,,,,,$1.49,,,,,,1,,,,,2015-12-02
3636471,Basketball Cards 2015 Panini Prizm,Aaron Brooks [Orange Wave Prizm] #87,$1.11,,,,,,,,,,,,$1.19,,,,,,1,,,,,2015-12-02
3636748,Basketball Cards 2015 Panini Prizm,Aaron Brooks [Purple Prizm] #87,$1.88,,,,,,,,,,,,$2.09,,,,,,1,,,,,2015-12-02
3637024,Basketball Cards 2015 Panini Prizm,"Aaron Brooks [Red, White, and Blue Prizm] #87",$0.25,,,,,,,,,,,,$0.99,,,,,,0,,,,,2015-12-02
3637282,Basketball Cards 2015 Panini Prizm,Aaron Brooks [Ruby Wave Prizm] #87,$1.65,,,,,,,,,,,,$1.79,,,,,,1,,,,,2015-12-02
3637531,Basketball Cards 2015 Panini Prizm,Aaron Brooks [Silver Prizm] #87,$1.24,,,,,,,,,,,,$1.39,,,,,,1,,,,,2015-12-02
3638017,Basketball Cards 2015 Panini Prizm,Aaron Brooks [White Sparkle Prizm] #87,,,,,,,,,,,,,,,,,,,0,,,,,2015-12-02
3634622,Basketball Cards 2015 Panini Prizm,Aaron Gordon #166,$1.28,,,,,,,,,,,,$1.39,,,,,,1,,,,,2015-12-02
12272507,Basketball Cards 2015 Panini Prizm,Aaron Gordon [Black Prizm] #166,,,,,,,,,,,,,,,,,,,0,,,,,2015-12-02
3634941,Basketball Cards 2015 Panini Prizm,Aaron Gordon [Flash Prizm] #166,$1.13,,,,,,,,,,,,$1.19,,,,,,1,,,,,2015-12-02
3635204,Basketball Cards 2015 Panini Prizm,Aaron Gordon [Gold Prizm] #166,,,,$167.50,$184.00,,,,,,,,,,,,,,2,,,,,2015-12-02
3635477,Basketball Cards 2015 Panini Prizm,Aaron Gordon [Green Prizm] #166,$1.40,,,,,,,,,,,,$1.49,,,,,,1,,,,,2015-12-02
3635738,Basketball Cards 2015 Panini Prizm,Aaron Gordon [Light Blue Prizm] #166,$7.81,,,,,,,,,,,$1.70,$8.59,,,,,,1,,,,,2015-12-02
3636001,Basketball Cards 2015 Panini Prizm,Aaron Gordon [Mojo Prizm] #166,,,,,,,,,,,,,,,,,,,0,,,,,2015-12-02
3636272,Basketball Cards 2015 Panini Prizm,Aaron Gordon [Orange Prizm] #166,$2.25,,,,,,,,,,,,$2.49,,,,,,1,,,,,2015-12-02
3636544,Basketball Cards 2015 Panini Prizm,Aaron Gordon [Orange Wave Prizm] #166,$2.99,,,,,,,,,,,,$3.29,,,,,,1,,,,,2015-12-02
3636823,Basketball Cards 2015 Panini Prizm,Aaron Gordon [Purple Prizm] #166,$7.43,,,,,,,,,,,$1.60,$8.19,,,,,,1,,,,,2015-12-02
3638988,Basketball Cards 2015 Panini Prizm,"Aaron Gordon [Red, White, and Blue Prizm] #166",$0.01,,,,,,,,,,,,$0.99,,,,,,2,,,,,2015-12-02
3637351,Basketball Cards 2015 Panini Prizm,Aaron Gordon [Ruby Wave Prizm] #166,$0.99,,,,$15.00,,,,,,,,$1.09,,,,,,2,,,,,2015-12-02
129946,Basketball Cards 2015 Panini Prizm,Aaron Gordon [Silver Prizm] #166,$0.99,,,,,$69.00,$90.00,$41.00,$41.00,,,,$1.09,,,,,,2,,,,,2015-12-02
3638087,Basketball Cards 2015 Panini Prizm,Aaron Gordon [White Sparkle Prizm] #166,,,,,,,,,,,,,,,,,,,0,,,,,2015-12-02
3634753,Basketball Cards 2015 Panini Prizm,Aaron Harrison #319,$1.00,,,,,,,,,,,,$1.09,,,,,,3,,,,,2015-12-02
12272465,Basketball Cards 2015 Panini Prizm,Aaron Harrison [Black Prizm] #319,,,,,,,,,,,,,,,,,,,0,,,,,2015-12-02
3638219,Basketball Cards 2015 Panini Prizm,Aaron Harrison [Flash Prizm] #319,$1.94,,,,,,,,,,,,$2.09,,,,,,1,,,,,2015-12-02
3638248,Basketball Cards 2015 Panini Prizm,Aaron Harrison [Gold Prizm] #319,,,,,,,,,,,,,,,,,,,0,,,,,2015-12-02
3638282,Basketball Cards 2015 Panini Prizm,Aaron Harrison [Green Prizm] #319,$1.94,,,,,,,,,,,,$2.09,,,,,,1,,,,,2015-12-02
3638311,Basketball Cards 2015 Panini Prizm,Aaron Harrison [Light Blue Prizm] #319,$4.14,,,,,,,,,,,$0.90,$4.59,,,,,,1,,,,,2015-12-02
3638336,Basketball Cards 2015 Panini Prizm,Aaron Harrison [Mojo Prizm] #319,$9.99,,,,,,,,,,,$2.80,$10.99,,,,,,1,,,,,2015-12-02
3638356,Basketball Cards 2015 Panini Prizm,Aaron Harrison [Orange Prizm] #319,$11.16,,,,,,,,,,,$3.00,$11.99,,,,,,1,,,,,2015-12-02
3638381,Basketball Cards 2015 Panini Prizm,Aaron Harrison [Orange Wave Prizm] #319,$1.50,,,,,,,,,,,,$1.69,,,,,,1,,,,,2015-12-02
3638411,Basketball Cards 2015 Panini Prizm,Aaron Harrison [Purple Prizm] #319,$7.44,,,,,,,,,,,$1.60,$8.19,,,,,,1,,,,,2015-12-02
3638438,Basketball Cards 2015 Panini Prizm,"Aaron Harrison [Red, White, and Blue Prizm] #319",$2.99,,,,,,,,,,,,$3.29,,,,,,2,,,,,2015-12-02
3638462,Basketball Cards 2015 Panini Prizm,Aaron Harrison [Ruby Wave Prizm] #319,$2.81,,,,,,,,,,,,$3.09,,,,,,1,,,,,2015-12-02
130291,Basketball Cards 2015 Panini Prizm,Aaron Harrison [Silver Prizm] #319,$1.35,,,,,,,,,,,,$1.49,,,,,,1,,,,,2015-12-02
130292,Basketball Cards 2015 Panini Prizm,Aaron Harrison [White Sparkle Prizm] #319,$13.25,,,,,,,,,,,$3.80,$14.99,,,,,,1,,,,,2015-12-02
3634495,Basketball Cards 2015 Panini Prizm,Al Horford #28,$1.30,,,,,,,,,,,,$1.39,,,,,,1,,,,,2015-12-02
3634767,Basketball Cards 2015 Panini Prizm,Al Horford #358,$1.10,,,,,,,,,,,,$1.19,,,,,,1,,,,,2015-12-02
12272357,Basketball Cards 2015 Panini Prizm,Al Horford [Black Prizm] #28,,,,,,,,,,,,,,,,,,,0,,,,,2015-12-02
12272618,Basketball Cards 2015 Panini Prizm,Al Horford [Black Prizm] #358,,,,,,,,,,,,,,,,,,,0,,,,,2015-12-02
3634820,Basketball Cards 2015 Panini Prizm,Al Horford [Flash Prizm] #28,$0.25,,,,,,,,,,,,$0.99,,,,,,0,,,,,2015-12-02
3638548,Basketball Cards 2015 Panini Prizm,Al Horford [Flash Prizm] #358,$0.25,,,,,,,,,,,,$0.99,,,,,,0,,,,,2015-12-02
3635081,Basketball Cards 2015 Panini Prizm,Al Horford [Gold Prizm] #28,$98.64,,,,,,,,,,,$54.50,$109.00,,,,,,1,,,,,2015-12-02
3638565,Basketball Cards 2015 Panini Prizm,Al Horford [Gold Prizm] #358,$44.24,,,,,,,,,,,$19.60,$48.99,,,,,,0,,,,,2015-12-02
3635347,Basketball Cards 2015 Panini Prizm,Al Horford [Green Prizm] #28,$1.98,,,,,,,,,,,,$2.19,,,,,,1,,,,,2015-12-02
3638586,Basketball Cards 2015 Panini Prizm,Al Horford [Green Prizm] #358,$3.69,,,,,,,,,,,$0.80,$4.09,,,,,,1,,,,,2015-12-02
3348629,Basketball Cards 2015 Panini Prizm,Al Horford [Light Blue Prizm] #28,$1.34,,,,,,,,,,,,$1.49,,,,,,2,,,,,2015-12-02
3638604,Basketball Cards 2015 Panini Prizm,Al Horford [Light Blue Prizm] #358,$1.23,,,,,,,,,,,,$1.39,,,,,,1,,,,,2015-12-02
3635880,Basketball Cards 2015 Panini Prizm,Al Horford [Mojo Prizm] #28,$10.80,,,,,,,,,,,$3.00,$11.99,,,,,,1,,,,,2015-12-02
3638620,Basketball Cards 2015 Panini Prizm,Al Horford [Mojo Prizm] #358,$3.35,,,,,,,,,,,,$3.69,,,,,,1,,,,,2015-12-02
3636147,Basketball Cards 2015 Panini Prizm,Al Horford [Orange Prizm] #28,$11.74,,,,,,,,,,,$3.30,$12.99,,,,,,1,,,,,2015-12-02
3638635,Basketball Cards 2015 Panini Prizm,Al Horford [Orange Prizm] #358,$0.25,,,,,,,,,,,,$0.99,,,,,,0,,,,,2015-12-02
3636417,Basketball Cards 2015 Panini Prizm,Al Horford [Orange Wave Prizm] #28,$2.27,,,,,,,,,,,,$2.49,,,,,,0,,,,,2015-12-02
3638653,Basketball Cards 2015 Panini Prizm,Al Horford [Orange Wave Prizm] #358,$1.34,,,,,,,,,,,,$1.49,,,,,,1,,,,,2015-12-02
3636695,Basketball Cards 2015 Panini Prizm,Al Horford [Purple Prizm] #28,$7.20,,,,,,,,,,,$1.60,$7.89,,,,,,0,,,,,2015-12-02
3638674,Basketball Cards 2015 Panini Prizm,Al Horford [Purple Prizm] #358,$2.10,,,,,,,,,,,,$2.29,,,,,,1,,,,,2015-12-02
3636972,Basketball Cards 2015 Panini Prizm,"Al Horford [Red, White, and Blue Prizm] #28",$0.62,,,,,,,,,,,,$0.99,,,,,,1,,,,,2015-12-02
3638692,Basketball Cards 2015 Panini Prizm,"Al Horford [Red, White, and Blue Prizm] #358",$2.02,,,,,,,,,,,,$2.19,,,,,,1,,,,,2015-12-02
3637229,Basketball Cards 2015 Panini Prizm,Al Horford [Ruby Wave Prizm] #28,$2.99,,,,,,,,,,,,$3.29,,,,,,1,,,,,2015-12-02
3348640,Basketball Cards 2015 Panini Prizm,Al Horford [Ruby Wave Prizm] #358,$3.99,,,,,,,,,,,$0.90,$4.39,,,,,,1,,,,,2015-12-02
3637488,Basketball Cards 2015 Panini Prizm,Al Horford [Silver Prizm] #28,$2.31,,,,,,,,,,,,$2.49,,,,,,1,,,,,2015-12-02
3638725,Basketball Cards 2015 Panini Prizm,Al Horford [Silver Prizm] #358,$1.09,,,,,,,,,,,,$1.19,,,,,,1,,,,,2015-12-02
3637962,Basketball Cards 2015 Panini Prizm,Al Horford [White Sparkle Prizm] #28,,,,,,,,,,,,,,,,,,,0,,,,,2015-12-02
3638760,Basketball Cards 2015 Panini Prizm,Al Horford [White Sparkle Prizm] #358,$16.47,,,,,,,,,,,$4.50,$17.99,,,,,,1,,,,,2015-12-02
3634480,Basketball Cards 2015 Panini Prizm,Al Jefferson #12,$0.99,,,,,,,,,,,,$1.09,,,,,,1,,,,,2015-12-02
12272348,Basketball Cards 2015 Panini Prizm,Al Jefferson [Black Prizm] #12,,,,,,,,,,,,,,,,,,,0,,,,,2015-12-02
3634804,Basketball Cards 2015 Panini Prizm,Al Jefferson [Flash Prizm] #12,$1.84,,,,,,,,,,,,$1.99,,,,,,1,,,,,2015-12-02
3635066,Basketball Cards 2015 Panini Prizm,Al Jefferson [Gold Prizm] #12,,,,,,,,,,,,,,,,,,,0,,,,,2015-12-02
3635333,Basketball Cards 2015 Panini Prizm,Al Jefferson [Green Prizm] #12,$1.00,,,,,,,,,,,,$1.09,,,,,,1,,,,,2015-12-02
3635607,Basketball Cards 2015 Panini Prizm,Al Jefferson [Light Blue Prizm] #12,$2.18,,,,,,,,,,,,$2.39,,,,,,1,,,,,2015-12-02
3635865,Basketball Cards 2015 Panini Prizm,Al Jefferson [Mojo Prizm] #12,,,,,,,,,,,,,,,,,,,0,,,,,2015-12-02
3636132,Basketball Cards 2015 Panini Prizm,Al Jefferson [Orange Prizm] #12,$1.20,,,,,,,,,,,,$1.29,,,,,,1,,,,,2015-12-02
3636401,Basketball Cards 2015 Panini Prizm,Al Jefferson [Orange Wave Prizm] #12,$1.99,,,,,,,,,,,,$2.19,,,,,,1,,,,,2015-12-02
3636680,Basketball Cards 2015 Panini Prizm,Al Jefferson [Purple Prizm] #12,$3.99,,,,,,,,,,,$0.90,$4.39,,,,,,1,,,,,2015-12-02
3636956,Basketball Cards 2015 Panini Prizm,"Al Jefferson [Red, White, and Blue Prizm] #12",$1.85,,,,,$280.00,$364.00,$168.00,$168.00,,,,$1.99,,,,,,2,,,,,2015-12-02
3637213,Basketball Cards 2015 Panini Prizm,Al Jefferson [Ruby Wave Prizm] #12,$1.49,,,,,,,,,,,,$1.59,,,,,,1,,,,,2015-12-02
3637478,Basketball Cards 2015 Panini Prizm,Al Jefferson [Silver Prizm] #12,$2.10,,,,,,,,,,,,$2.29,,,,,,2,,,,,2015-12-02
3637947,Basketball Cards 2015 Panini Prizm,Al Jefferson [White Sparkle Prizm] #12,$17.49,,,,,,,,,,,$4.80,$18.99,,,,,,0,,,,,2015-12-02
3634625,Basketball Cards 2015 Panini Prizm,Al-Farouq Aminu #169,$0.99,,,,,,,,,,,,$1.09,,,,,,1,,,,,2015-12-02
12272514,Basketball Cards 2015 Panini Prizm,Al-Farouq Aminu [Black Prizm] #169,,,,,,,,,,,,,,,,,,,0,,,,,2015-12-02
3634944,Basketball Cards 2015 Panini Prizm,Al-Farouq Aminu [Flash Prizm] #169,$1.22,,,,,,,,,,,,$1.29,,,,,,1,,,,,2015-12-02
3635207,Basketball Cards 2015 Panini Prizm,Al-Farouq Aminu [Gold Prizm] #169,$31.13,,,$14.00,$15.00,,,,,,,$10.20,$33.99,,,,,,2,,,,,2015-12-02
3635480,Basketball Cards 2015 Panini Prizm,Al-Farouq Aminu [Green Prizm] #169,,,,,,,,,,,,,,,,,,,0,,,,,2015-12-02
3635741,Basketball Cards 2015 Panini Prizm,Al-Farouq Aminu [Light Blue Prizm] #169,$0.99,,,,,,,,,,,,$1.09,,,,,,1,,,,,2015-12-02
3636004,Basketball Cards 2015 Panini Prizm,Al-Farouq Aminu [Mojo Prizm] #169,$14.99,,,,,,,,,,,$4.00,$15.99,,,,,,1,,,,,2015-12-02
3636275,Basketball Cards 2015 Panini Prizm,Al-Farouq Aminu [Orange Prizm] #169,$1.30,,,,,,,,,,,,$1.39,,,,,,1,,,,,2015-12-02
3636547,Basketball Cards 2015 Panini Prizm,Al-Farouq Aminu [Orange Wave Prizm] #169,$0.99,,,,,,,,,,,,$1.09,,,,,,1,,,,,2015-12-02
3636826,Basketball Cards 2015 Panini Prizm,Al-Farouq Aminu [Purple Prizm] #169,$1.95,,,,,,,,,,,,$2.19,,,,,,1,,,,,2015-12-02
3637093,Basketball Cards 2015 Panini Prizm,"Al-Farouq Aminu [Red, White, and Blue Prizm] #169",$1.99,,,,,,,,,,,,$2.19,,,,,,1,,,,,2015-12-02
3637354,Basketball Cards 2015 Panini Prizm,Al-Farouq Aminu [Ruby Wave Prizm] #169,$1.99,,,,,,,,,,,,$2.19,,,,,,1,,,,,2015-12-02
3637584,Basketball Cards 2015 Panini Prizm,Al-Farouq Aminu [Silver Prizm] #169,$1.99,,,,,,,,,,,,$2.19,,,,,,1,,,,,2015-12-02
3638090,Basketball Cards 2015 Panini Prizm,Al-Farouq Aminu [White Sparkle Prizm] #169,,,,,,,,,,,,,,,,,,,0,,,,,2015-12-02
3634604,Basketball Cards 2015 Panini Prizm,Alan Anderson #147,$0.25,,,,,,,,,,,,$0.99,,,,,,0,,,,,2015-12-02
12272430,Basketball Cards 2015 Panini Prizm,Alan Anderson [Black Prizm] #147,,,,,,,,,,,,,,,,,,,0,,,,,2015-12-02
3634923,Basketball Cards 2015 Panini Prizm,Alan Anderson [Flash Prizm] #147,$1.99,,,,,,,,,,,,$2.19,,,,,,1,,,,,2015-12-02
3635188,Basketball Cards 2015 Panini Prizm,Alan Anderson [Gold Prizm] #147,$145.00,,,,,,,,,,,$80.00,$160.00,,,,,,0,,,,,2015-12-02
3635458,Basketball Cards 2015 Panini Prizm,Alan Anderson [Green Prizm] #147,$0.25,,,,,,,,,,,,$0.99,,,,,,0,,,,,2015-12-02
3635720,Basketball Cards 2015 Panini Prizm,Alan Anderson [Light Blue Prizm] #147,$0.99,,,,,,,,,,,,$1.09,,,,,,1,,,,,2015-12-02
3635983,Basketball Cards 2015 Panini Prizm,Alan Anderson [Mojo Prizm] #147,$3.25,,,,,,,,,,,,$3.59,,,,,,1,,,,,2015-12-02
3636253,Basketball Cards 2015 Panini Prizm,Alan Anderson [Orange Prizm] #147,$3.00,,,,,,,,,,,,$3.29,,,,,,1,,,,,2015-12-02
3636525,Basketball Cards 2015 Panini Prizm,Alan Anderson [Orange Wave Prizm] #147,$1.39,,,,,,,,,,,,$1.49,,,,,,1,,,,,2015-12-02
3636804,Basketball Cards 2015 Panini Prizm,Alan Anderson [Purple Prizm] #147,$1.40,,,,,,,,,,,,$1.49,,,,,,1,,,,,2015-12-02
3637074,Basketball Cards 2015 Panini Prizm,"Alan Anderson [Red, White, and Blue Prizm] #147",$1.69,,,,,,,,,,,,$1.89,,,,,,1,,,,,2015-12-02
3637333,Basketball Cards 2015 Panini Prizm,Alan Anderson [Ruby Wave Prizm] #147,$2.99,,,,,,,,,,,,$3.29,,,,,,1,,,,,2015-12-02
3637569,Basketball Cards 2015 Panini Prizm,Alan Anderson [Silver Prizm] #147,$0.25,,,,,,,,,,,,$0.99,,,,,,0,,,,,2015-12-02
3638070,Basketball Cards 2015 Panini Prizm,Alan Anderson [White Sparkle Prizm] #147,$7.14,,,,,,,,,,,$1.60,$7.89,,,,,,1,,,,,2015-12-02
3634579,Basketball Cards 2015 Panini Prizm,Alex Len #119,$1.89,,,,,,,,,,,,$2.09,,,,,,1,,,,,2015-12-02
12272365,Basketball Cards 2015 Panini Prizm,Alex Len [Black Prizm] #119,,,,,,,,,,,,,,,,,,,0,,,,,2015-12-02
3634899,Basketball Cards 2015 Panini Prizm,Alex Len [Flash Prizm] #119,$0.25,,,,,,,,,,,,$0.99,,,,,,0,,,,,2015-12-02
3635161,Basketball Cards 2015 Panini Prizm,Alex Len [Gold Prizm] #119,$100.00,,,$136.00,$150.00,,,,,,,$55.00,$110.00,,,,,,2,,,,,2015-12-02
3635432,Basketball Cards 2015 Panini Prizm,Alex Len [Green Prizm] #119,$0.25,,,,,,,,,,,,$0.99,,,,,,0,,,,,2015-12-02
3635696,Basketball Cards 2015 Panini Prizm,Alex Len [Light Blue Prizm] #119,$0.99,,,,,,,,,,,,$1.09,,,,,,1,,,,,2015-12-02
3635959,Basketball Cards 2015 Panini Prizm,Alex Len [Mojo Prizm] #119,$7.25,,,,,,,,,,,$1.60,$7.99,,,,,,1,,,,,2015-12-02
3636227,Basketball Cards 2015 Panini Prizm,Alex Len [Orange Prizm] #119,$3.42,,,,,,,,,,,$0.80,$3.79,,,,,,1,,,,,2015-12-02
3636499,Basketball Cards 2015 Panini Prizm,Alex Len [Orange Wave Prizm] #119,$1.35,,,,,,,,,,,,$1.49,,,,,,1,,,,,2015-12-02
3636780,Basketball Cards 2015 Panini Prizm,Alex Len [Purple Prizm] #119,$3.70,,,,,,,,,,,$0.80,$4.09,,,,,,1,,,,,2015-12-02
3637049,Basketball Cards 2015 Panini Prizm,"Alex Len [Red, White, and Blue Prizm] #119",$0.25,,,,,,,,,,,,$0.99,,,,,,0,,,,,2015-12-02
3637310,Basketball Cards 2015 Panini Prizm,Alex Len [Ruby Wave Prizm] #119,$1.99,,,,,,,,,,,,$2.19,,,,,,1,,,,,2015-12-02
3637554,Basketball Cards 2015 Panini Prizm,Alex Len [Silver Prizm] #119,$0.25,,,,,,,,,,,,$0.99,,,,,,0,,,,,2015-12-02
3638047,Basketball Cards 2015 Panini Prizm,Alex Len [White Sparkle Prizm] #119,,,,,,,,,,,,,,,,,,,0,,,,,2015-12-02
3634567,Basketball Cards 2015 Panini Prizm,Alexis Ajinca #107,$0.25,,,,,,,,,,,,$0.99,,,,,,0,,,,,2015-12-02
12272332,Basketball Cards 2015 Panini Prizm,Alexis Ajinca [Black Prizm] #107,,,,,,,,,,,,,,,,,,,0,,,,,2015-12-02
3634888,Basketball Cards 2015 Panini Prizm,Alexis Ajinca [Flash Prizm] #107,$1.58,,,,,,,,,,,,$1.69,,,,,,1,,,,,2015-12-02
3635150,Basketball Cards 2015 Panini Prizm,Alexis Ajinca [Gold Prizm] #107,$27.47,,,,,,,,,,,$9.00,$29.99,,,,,,1,,,,,2015-12-02
3635421,Basketball Cards 2015 Panini Prizm,Alexis Ajinca [Green Prizm] #107,$1.39,,,,,,,,,,,,$1.49,,,,,,1,,,,,2015-12-02
3635685,Basketball Cards 2015 Panini Prizm,Alexis Ajinca [Light Blue Prizm] #107,$1.26,,,,,,,,,,,,$1.39,,,,,,1,,,,,2015-12-02
3635948,Basketball Cards 2015 Panini Prizm,Alexis Ajinca [Mojo Prizm] #107,,,,,,,,,,,,,,,,,,,0,,,,,2015-12-02
3636215,Basketball Cards 2015 Panini Prizm,Alexis Ajinca [Orange Prizm] #107,$4.00,,,,,,,,,,,$0.90,$4.39,,,,,,1,,,,,2015-12-02
3636488,Basketball Cards 2015 Panini Prizm,Alexis Ajinca [Orange Wave Prizm] #107,$3.41,,,,,,,,,,,$0.80,$3.79,,,,,,0,,,,,2015-12-02
3636768,Basketball Cards 2015 Panini Prizm,Alexis Ajinca [Purple Prizm] #107,$1.75,,,,,,,,,,,,$1.89,,,,,,1,,,,,2015-12-02
3637039,Basketball Cards 2015 Panini Prizm,"Alexis Ajinca [Red, White, and Blue Prizm] #107",$1.69,,,,,,,,,,,,$1.89,,,,,,1,,,,,2015-12-02
3637299,Basketball Cards 2015 Panini Prizm,Alexis Ajinca [Ruby Wave Prizm] #107,$2.49,,,,,,,,,,,,$2.69,,,,,,1,,,,,2015-12-02
3637545,Basketball Cards 2015 Panini Prizm,Alexis Ajinca [Silver Prizm] #107,$1.39,,,,,,,,,,,,$1.49,,,,,,1,,,,,2015-12-02
3638035,Basketball Cards 2015 Panini Prizm,Alexis Ajinca [White Sparkle Prizm] #107,,,,,,,,,,,,,,,,,,,0,,,,,2015-12-02
3634731,Basketball Cards 2015 Panini Prizm,Allen Iverson #286,$1.56,,,$3.64,$4.00,$29.99,$39.00,$18.00,$18.00,,,,$1.69,,,,,,8,,,,,2015-12-02
12272679,Basketball Cards 2015 Panini Prizm,Allen Iverson [Black Prizm] #286,,,,,,,,,,,,,,,,,,,0,,,,,2015-12-02
130160,Basketball Cards 2015 Panini Prizm,Allen Iverson [Flash Prizm] #286,$4.36,,,$87.65,$96.00,$105.00,$137.00,$63.00,$18.50,,,$1.00,$4.79,,,,,,4,,,,,2015-12-02
130161,Basketball Cards 2015 Panini Prizm,Allen Iverson [Gold Prizm] #286,$19.99,,,,,,,,,,,$6.60,$21.99,,,,,,1,,,,,2015-12-02
130163,Basketball Cards 2015 Panini Prizm,Allen Iverson [Green Prizm] #286,$3.00,,,$17.50,$19.00,,,,,,,,$3.29,,,,,,3,,,,,2015-12-02
3635842,Basketball Cards 2015 Panini Prizm,Allen Iverson [Light Blue Prizm] #286,$21.63,,$15.50,$27.51,$30.00,$199.99,$260.00,$120.00,$120.00,,,$7.20,$23.99,,,$4.30,$16.99,,6,,,,,2015-12-02
3636107,Basketball Cards 2015 Panini Prizm,Allen Iverson [Mojo Prizm] #286,,,,,$350.00,,,,,,,,,,,,,,1,,,,,2015-12-02
3636376,Basketball Cards 2015 Panini Prizm,Allen Iverson [Orange Prizm] #286,$19.99,,,,,$93.56,$122.00,$56.00,$56.00,,,$6.60,$21.99,,,,,,3,,,,,2015-12-02
130162,Basketball Cards 2015 Panini Prizm,Allen Iverson [Orange Wave Prizm] #286,$15.25,,,$75.00,$83.00,$115.07,$150.00,$69.00,$69.00,,,$4.30,$16.99,,,,,,5,,,,,2015-12-02
3636933,Basketball Cards 2015 Panini Prizm,Allen Iverson [Purple Prizm] #286,$19.05,,,$26.00,$29.00,,,,,,,$6.30,$20.99,,,,,,2,,,,,2015-12-02
130168,Basketball Cards 2015 Panini Prizm,"Allen Iverson [Red, White, and Blue Prizm] #286",$3.68,,,$34.97,$38.00,$61.73,$80.00,$37.00,$37.00,,,$0.80,$4.09,,,,,,6,,,,,2015-12-02
3637458,Basketball Cards 2015 Panini Prizm,Allen Iverson [Ruby Wave Prizm] #286,$9.12,,,$75.00,$83.00,$112.50,$146.00,$68.00,$68.00,,,$2.00,$9.99,,,,,,4,,,,,2015-12-02
130164,Basketball Cards 2015 Panini Prizm,Allen Iverson [Silver Prizm] #286,$7.14,,$12.28,$16.50,$32.56,$39.84,$52.00,$24.00,$24.00,,,$1.60,$7.89,,,$3.50,$13.99,,10,,,,,2015-12-02
3638194,Basketball Cards 2015 Panini Prizm,Allen Iverson [White Sparkle Prizm] #286,$260.00,,,$299.99,$330.00,$360.00,$468.00,$216.00,$216.00,,,$143.00,$286.00,,,,,,3,,,,,2015-12-02
3634692,Basketball Cards 2015 Panini Prizm,Alonzo Mourning #243,$1.16,,,$3.00,$3.00,$23.99,$31.00,$14.00,$14.00,,,,$1.29,,,,,,4,,,,,2015-12-02
12272591,Basketball Cards 2015 Panini Prizm,Alonzo Mourning [Black Prizm] #243,,,,,,,,,,,,,,,,,,,0,,,,,2015-12-02
3635011,Basketball Cards 2015 Panini Prizm,Alonzo Mourning [Flash Prizm] #243,$2.12,,,,,,,,,,,,$2.29,,,,,,1,,,,,2015-12-02
3635270,Basketball Cards 2015 Panini Prizm,Alonzo Mourning [Gold Prizm] #243,$191.30,,,,,$394.00,$512.00,$236.00,$236.00,,,$105.00,$210.00,,,,,,2,,,,,2015-12-02
3635548,Basketball Cards 2015 Panini Prizm,Alonzo Mourning [Green Prizm] #243,$8.12,,,,,,,,,,,$1.80,$8.89,,,,,,1,,,,,2015-12-02
3635804,Basketball Cards 2015 Panini Prizm,Alonzo Mourning [Light Blue Prizm] #243,$16.99,,,,,$26.05,$34.00,$16.00,$16.00,,,$4.80,$18.99,,,,,,3,,,,,2015-12-02
3636068,Basketball Cards 2015 Panini Prizm,Alonzo Mourning [Mojo Prizm] #243,$39.92,,,$18.50,$20.00,,,,,,,$17.60,$43.99,,,,,,2,,,,,2015-12-02
3636337,Basketball Cards 2015 Panini Prizm,Alonzo Mourning [Orange Prizm] #243,$2.25,,,,,,,,,,,,$2.49,,,,,,1,,,,,2015-12-02
3636615,Basketball Cards 2015 Panini Prizm,Alonzo Mourning [Orange Wave Prizm] #243,$1.81,,,,,,,,,,,,$1.99,,,,,,1,,,,,2015-12-02
3636892,Basketball Cards 2015 Panini Prizm,Alonzo Mourning [Purple Prizm] #243,$4.25,,,,,,,,,,,$0.90,$4.69,,,,,,1,,,,,2015-12-02
3637159,Basketball Cards 2015 Panini Prizm,"Alonzo Mourning [Red, White, and Blue Prizm] #243",$1.75,,,,,,,,,,,,$1.89,,,,,,1,,,,,2015-12-02
3637420,Basketball Cards 2015 Panini Prizm,Alonzo Mourning [Ruby Wave Prizm] #243,$4.38,,,,,,,,,,,$1.00,$4.79,,,,,,1,,,,,2015-12-02
130063,Basketball Cards 2015 Panini Prizm,Alonzo Mourning [Silver Prizm] #243,$2.29,,,$5.74,$6.00,$39.99,$52.00,$24.00,$24.00,,,,$2.49,,,,,,4,,,,,2015-12-02
130064,Basketball Cards 2015 Panini Prizm,Alonzo Mourning [White Sparkle Prizm] #243,$101.74,,,,,,,,,,,$56.00,$112.00,,,,,,1,,,,,2015-12-02
3634531,Basketball Cards 2015 Panini Prizm,Amar'e Stoudemire #67,$1.19,,$2.25,$2.61,$3.00,,,,,,,,$1.29,,,,$2.49,,4,,,,,2015-12-02
12272437,Basketball Cards 2015 Panini Prizm,Amar'e Stoudemire [Black Prizm] #67,,,,,,,,,,,,,,,,,,,0,,,,,2015-12-02
3634856,Basketball Cards 2015 Panini Prizm,Amar'e Stoudemire [Flash Prizm] #67,$0.25,,,,,$10.00,$13.00,$6.00,$6.00,,,,$0.99,,,,,,1,,,,,2015-12-02
3635113,Basketball Cards 2015 Panini Prizm,Amar'e Stoudemire [Gold Prizm] #67,,,,,,$215.00,$280.00,$129.00,$129.00,,,,,,,,,,1,,,,,2015-12-02
3635383,Basketball Cards 2015 Panini Prizm,Amar'e Stoudemire [Green Prizm] #67,$3.00,,,,,,,,,,,,$3.29,,,,,,0,,,,,2015-12-02
3635652,Basketball Cards 2015 Panini Prizm,Amar'e Stoudemire [Light Blue Prizm] #67,$1.25,,,,,,,,,,,,$1.39,,,,,,2,,,,,2015-12-02
3635915,Basketball Cards 2015 Panini Prizm,Amar'e Stoudemire [Mojo Prizm] #67,,,,$29.99,$33.00,,,,,,,,,,,,,,1,,,,,2015-12-02
3636179,Basketball Cards 2015 Panini Prizm,Amar'e Stoudemire [Orange Prizm] #67,$4.57,,,,,,,,,,,$1.00,$4.99,,,,,,1,,,,,2015-12-02
3636452,Basketball Cards 2015 Panini Prizm,Amar'e Stoudemire [Orange Wave Prizm] #67,$17.50,,,,,,,,,,,$4.80,$18.99,,,,,,0,,,,,2015-12-02
3636730,Basketball Cards 2015 Panini Prizm,Amar'e Stoudemire [Purple Prizm] #67,$6.90,,,,,,,,,,,$1.50,$7.59,,,,,,1,,,,,2015-12-02
3637004,Basketball Cards 2015 Panini Prizm,"Amar'e Stoudemire [Red, White, and Blue Prizm] #67",$2.00,,,,,,,,,,,,$2.19,,,,,,1,,,,,2015-12-02
3637264,Basketball Cards 2015 Panini Prizm,Amar'e Stoudemire [Ruby Wave Prizm] #67,$1.25,,,,,,,,,,,,$1.39,,,,,,2,,,,,2015-12-02
129819,Basketball Cards 2015 Panini Prizm,Amar'e Stoudemire [Silver Prizm] #67,$1.61,,,$4.12,$5.00,$20.07,$26.00,$12.00,$12.00,,,,$1.79,,,,,,3,,,,,2015-12-02
3637998,Basketball Cards 2015 Panini Prizm,Amar'e Stoudemire [White Sparkle Prizm] #67,$17.49,,,,,,,,,,,$4.80,$18.99,,,,,,0,,,,,2015-12-02
3634550,Basketball Cards 2015 Panini Prizm,Amir Johnson #88,$0.99,,,,,,,,,,,,$1.09,,,,,,1,,,,,2015-12-02
12272517,Basketball Cards 2015 Panini Prizm,Amir Johnson [Black Prizm] #88,,,,,,,,,,,,,,,,,,,0,,,,,2015-12-02
3634872,Basketball Cards 2015 Panini Prizm,Amir Johnson [Flash Prizm] #88,$0.99,,,,,,,,,,,,$1.09,,,,,,1,,,,,2015-12-02
3635134,Basketball Cards 2015 Panini Prizm,Amir Johnson [Gold Prizm] #88,,,,,,,,,,,,,,,,,,,0,,,,,2015-12-02
3635403,Basketball Cards 2015 Panini Prizm,Amir Johnson [Green Prizm] #88,$2.50,,,,,,,,,,,,$2.79,,,,,,0,,,,,2015-12-02
3635669,Basketball Cards 2015 Panini Prizm,Amir Johnson [Light Blue Prizm] #88,$2.13,,,,,,,,,,,,$2.29,,,,,,1,,,,,2015-12-02
3635934,Basketball Cards 2015 Panini Prizm,Amir Johnson [Mojo Prizm] #88,$11.54,,,,,,,,,,,$3.30,$12.99,,,,,,1,,,,,2015-12-02
3636198,Basketball Cards 2015 Panini Prizm,Amir Johnson [Orange Prizm] #88,$3.16,,,,,,,,,,,,$3.49,,,,,,1,,,,,2015-12-02
3348652,Basketball Cards 2015 Panini Prizm,Amir Johnson [Orange Wave Prizm] #88,$2.27,,,,,,,,,,,,$2.49,,,,,,1,,,,,2015-12-02
3636749,Basketball Cards 2015 Panini Prizm,Amir Johnson [Purple Prizm] #88,$1.21,,,,,,,,,,,,$1.29,,,,,,1,,,,,2015-12-02
3637025,Basketball Cards 2015 Panini Prizm,"Amir Johnson [Red, White, and Blue Prizm] #88",$0.25,,,,,,,,,,,,$0.99,,,,,,0,,,,,2015-12-02
3348641,Basketball Cards 2015 Panini Prizm,Amir Johnson [Ruby Wave Prizm] #88,$1.21,,,,,,,,,,,,$1.29,,,,,,1,,,,,2015-12-02
3637532,Basketball Cards 2015 Panini Prizm,Amir Johnson [Silver Prizm] #88,$1.39,,,,,,,,,,,,$1.49,,,,,,1,,,,,2015-12-02
3638018,Basketball Cards 2015 Panini Prizm,Amir Johnson [White Sparkle Prizm] #88,$11.74,,,,,,,,,,,$3.30,$12.99,,,,,,0,,,,,2015-12-02
3634598,Basketball Cards 2015 Panini Prizm,Andre Drummond #140,$1.49,,,,,,,,,,,,$1.59,,,,,,1,,,,,2015-12-02
12272414,Basketball Cards 2015 Panini Prizm,Andre Drummond [Black Prizm] #140,,,,,,,,,,,,,,,,,,,0,,,,,2015-12-02
3634918,Basketball Cards 2015 Panini Prizm,Andre Drummond [Flash Prizm] #140,$0.25,,,,,$15.99,$21.00,$10.00,$10.00,,,,$0.99,,,,,,1,,,,,2015-12-02
3635181,Basketball Cards 2015 Panini Prizm,Andre Drummond [Gold Prizm] #140,$79.91,,,,,$264.99,$344.00,$159.00,$159.00,,,$35.20,$87.99,,,,,,2,,,,,2015-12-02
3635452,Basketball Cards 2015 Panini Prizm,Andre Drummond [Green Prizm] #140,$9.99,,,,,,,,,,,$2.80,$10.99,,,,,,1,,,,,2015-12-02
3635715,Basketball Cards 2015 Panini Prizm,Andre Drummond [Light Blue Prizm] #140,$2.25,,,$17.95,$20.00,,,,,,,,$2.49,,,,,,2,,,,,2015-12-02
3635978,Basketball Cards 2015 Panini Prizm,Andre Drummond [Mojo Prizm] #140,$12.00,,,,,,,,,,,$3.30,$12.99,,,,,,1,,,,,2015-12-02
3636247,Basketball Cards 2015 Panini Prizm,Andre Drummond [Orange Prizm] #140,$4.64,,,,,,,,,,,$1.00,$5.09,,,,,,1,,,,,2015-12-02
3636519,Basketball Cards 2015 Panini Prizm,Andre Drummond [Orange Wave Prizm] #140,$0.25,,,,,,,,,,,,$0.99,,,,,,0,,,,,2015-12-02
3636799,Basketball Cards 2015 Panini Prizm,Andre Drummond [Purple Prizm] #140,$2.53,,,,,,,,,,,,$2.79,,,,,,1,,,,,2015-12-02
3637068,Basketball Cards 2015 Panini Prizm,"Andre Drummond [Red, White, and Blue Prizm] #140",$0.99,,,,,,,,,,,,$1.09,,,,,,1,,,,,2015-12-02
3379557,Basketball Cards 2015 Panini Prizm,Andre Drummond [Ruby Wave Prizm] #140,,,,,,,,,,,,,,,,,,,0,,,,,2015-12-02
129906,Basketball Cards 2015 Panini Prizm,Andre Drummond [Silver Prizm] #140,$1.40,,,,,,,,,,,,$1.49,,,,,,1,,,,,2015-12-02
129907,Basketball Cards 2015 Panini Prizm,Andre Drummond [White Sparkle Prizm] #140,$11.77,,,,,,,,,,,$3.30,$12.99,,,,,,1,,,,,2015-12-02
3634652,Basketball Cards 2015 Panini Prizm,Andre Iguodala #200,$1.83,,,,,,,,,,,,$1.99,,,,,,2,,,,,2015-12-02
12272584,Basketball Cards 2015 Panini Prizm,Andre Iguodala [Black Prizm] #200,,,,,,,,,,,,,,,,,,,0,,,,,2015-12-02
3634972,Basketball Cards 2015 Panini Prizm,Andre Iguodala [Flash Prizm] #200,$3.01,,,,,,,,,,,,$3.29,,,,,,2,,,,,2015-12-02
3635233,Basketball Cards 2015 Panini Prizm,Andre Iguodala [Gold Prizm] #200,,,,,,,,,,,,,,,,,,,0,,,,,2015-12-02
3635506,Basketball Cards 2015 Panini Prizm,Andre Iguodala [Green Prizm] #200,$0.77,,,,,,,,,,,,$0.99,,,,,,1,,,,,2015-12-02
3635766,Basketball Cards 2015 Panini Prizm,Andre Iguodala [Light Blue Prizm] #200,$4.49,,,$26.70,$29.00,,,,,,,$1.00,$4.89,,,,,,3,,,,,2015-12-02
3636028,Basketball Cards 2015 Panini Prizm,Andre Iguodala [Mojo Prizm] #200,$32.68,,,,,,,,,,,$14.40,$35.99,,,,,,2,,,,,2015-12-02
3636302,Basketball Cards 2015 Panini Prizm,Andre Iguodala [Orange Prizm] #200,$9.99,,,,,,,,,,,$2.80,$10.99,,,,,,1,,,,,2015-12-02
3636574,Basketball Cards 2015 Panini Prizm,Andre Iguodala [Orange Wave Prizm] #200,$1.00,,,,,,,,,,,,$1.09,,,,,,1,,,,,2015-12-02
3636852,Basketball Cards 2015 Panini Prizm,Andre Iguodala [Purple Prizm] #200,$8.59,,,,,,,,,,,$1.90,$9.49,,,,,,1,,,,,2015-12-02
3637120,Basketball Cards 2015 Panini Prizm,"Andre Iguodala [Red, White, and Blue Prizm] #200",$1.66,,,,,,,,,,,,$1.79,,,,,,1,,,,,2015-12-02
3637381,Basketball Cards 2015 Panini Prizm,Andre Iguodala [Ruby Wave Prizm] #200,$2.28,,,,,,,,,,,,$2.49,,,,,,2,,,,,2015-12-02
130013,Basketball Cards 2015 Panini Prizm,Andre Iguodala [Silver Prizm] #200,$1.59,,$7.99,$9.00,$10.00,$19.99,$26.00,$12.00,$12.00,,,,$1.79,,,$1.80,$8.79,,6,,,,,2015-12-02
3638117,Basketball Cards 2015 Panini Prizm,Andre Iguodala [White Sparkle Prizm] #200,,,,,,,,,,,,,,,,,,,0,,,,,2015-12-02
3634594,Basketball Cards 2015 Panini Prizm,Andre Roberson #136,$0.99,,,,,,,,,,,,$1.09,,,,,,1,,,,,2015-12-02
12272457,Basketball Cards 2015 Panini Prizm,Andre Roberson [Black Prizm] #136,,,,,,,,,,,,,,,,,,,0,,,,,2015-12-02
3634914,Basketball Cards 2015 Panini Prizm,Andre Roberson [Flash Prizm] #136,$1.99,,,,,,,,,,,,$2.19,,,,,,1,,,,,2015-12-02
3635177,Basketball Cards 2015 Panini Prizm,Andre Roberson [Gold Prizm] #136,,,,$49.00,$54.00,,,,,,,,,,,,,,1,,,,,2015-12-02
3635448,Basketball Cards 2015 Panini Prizm,Andre Roberson [Green Prizm] #136,$2.84,,,,,,,,,,,,$3.09,,,,,,0,,,,,2015-12-02
3635711,Basketball Cards 2015 Panini Prizm,Andre Roberson [Light Blue Prizm] #136,$1.99,,,,,,,,,,,,$2.19,,,,,,1,,,,,2015-12-02
3635974,Basketball Cards 2015 Panini Prizm,Andre Roberson [Mojo Prizm] #136,$6.00,,,,,,,,,,,$1.30,$6.59,,,,,,0,,,,,2015-12-02
3636243,Basketball Cards 2015 Panini Prizm,Andre Roberson [Orange Prizm] #136,$1.35,,,,,,,,,,,,$1.49,,,,,,1,,,,,2015-12-02
3636515,Basketball Cards 2015 Panini Prizm,Andre Roberson [Orange Wave Prizm] #136,$3.50,,,,,,,,,,,$0.80,$3.89,,,,,,1,,,,,2015-12-02
3636795,Basketball Cards 2015 Panini Prizm,Andre Roberson [Purple Prizm] #136,$2.50,,,,,,,,,,,,$2.79,,,,,,1,,,,,2015-12-02
3637064,Basketball Cards 2015 Panini Prizm,"Andre Roberson [Red, White, and Blue Prizm] #136",$1.25,,,,,,,,,,,,$1.39,,,,,,1,,,,,2015-12-02
3637324,Basketball Cards 2015 Panini Prizm,Andre Roberson [Ruby Wave Prizm] #136,$0.99,,,,,,,,,,,,$1.09,,,,,,1,,,,,2015-12-02
3637566,Basketball Cards 2015 Panini Prizm,Andre Roberson [Silver Prizm] #136,$0.99,,,,,,,,,,,,$1.09,,,,,,1,,,,,2015-12-02
3638062,Basketball Cards 2015 Panini Prizm,Andre Roberson [White Sparkle Prizm] #136,$11.74,,,,,,,,,,,$3.30,$12.99,,,,,,0,,,,,2015-12-02
3634662,Basketball Cards 2015 Panini Prizm,Andrew Bogut #210,$1.25,,,,,,,,,,,,$1.39,,,,,,1,,,,,2015-12-02
3634791,Basketball Cards 2015 Panini Prizm,Andrew Bogut #397,$1.67,,,,,,,,,,,,$1.79,,,,,,1,,,,,2015-12-02
12272405,Basketball Cards 2015 Panini Prizm,Andrew Bogut [Black Prizm] #210,,,,,,,,,,,,,,,,,,,0,,,,,2015-12-02
12272681,Basketball Cards 2015 Panini Prizm,Andrew Bogut [Black Prizm] #397,,,,,,,,,,,,,,,,,,,0,,,,,2015-12-02
3634982,Basketball Cards 2015 Panini Prizm,Andrew Bogut [Flash Prizm] #210,$1.40,,,,,,,,,,,,$1.49,,,,,,1,,,,,2015-12-02
3638788,Basketball Cards 2015 Panini Prizm,Andrew Bogut [Flash Prizm] #397,$1.99,,,,,,,,,,,,$2.19,,,,,,1,,,,,2015-12-02
3638980,Basketball Cards 2015 Panini Prizm,Andrew Bogut [Gold Prizm] #210,$110.01,,,,,,,,,,,$60.50,$121.00,,,,,,2,,,,,2015-12-02
3638806,Basketball Cards 2015 Panini Prizm,Andrew Bogut [Gold Prizm] #397,$50.00,$55.00,,,,,,,,,,$22.00,$54.99,$24.40,$60.99,,,,2,,,,,2015-12-02
3635517,Basketball Cards 2015 Panini Prizm,Andrew Bogut [Green Prizm] #210,$2.25,,,,,,,,,,,,$2.49,,,,,,1,,,,,2015-12-02
3638823,Basketball Cards 2015 Panini Prizm,Andrew Bogut [Green Prizm] #397,$2.99,,,,,,,,,,,,$3.29,,,,,,0,,,,,2015-12-02
3635775,Basketball Cards 2015 Panini Prizm,Andrew Bogut [Light Blue Prizm] #210,$4.58,,,,,,,,,,,$1.00,$4.99,,,,,,1,,,,,2015-12-02
3638835,Basketball Cards 2015 Panini Prizm,Andrew Bogut [Light Blue Prizm] #397,$3.99,,,,,,,,,,,$0.90,$4.39,,,,,,1,,,,,2015-12-02
3636037,Basketball Cards 2015 Panini Prizm,Andrew Bogut [Mojo Prizm] #210,,,,,,,,,,,,,,,,,,,0,,,,,2015-12-02
3638854,Basketball Cards 2015 Panini Prizm,Andrew Bogut [Mojo Prizm] #397,,,,,,,,,,,,,,,,,,,0,,,,,2015-12-02
3636310,Basketball Cards 2015 Panini Prizm,Andrew Bogut [Orange Prizm] #210,$5.95,,,,,,,,,,,$1.30,$6.59,,,,,,1,,,,,2015-12-02
3638869,Basketball Cards 2015 Panini Prizm,Andrew Bogut [Orange Prizm] #397,,,,,,,,,,,,,,,,,,,0,,,,,2015-12-02
3636583,Basketball Cards 2015 Panini Prizm,Andrew Bogut [Orange Wave Prizm] #210,$2.27,,,,,,,,,,,,$2.49,,,,,,0,,,,,2015-12-02
3638887,Basketball Cards 2015 Panini Prizm,Andrew Bogut [Orange Wave Prizm] #397,$2.84,,,,,,,,,,,,$3.09,,,,,,0,,,,,2015-12-02
3636862,Basketball Cards 2015 Panini Prizm,Andrew Bogut [Purple Prizm] #210,$7.20,,,,,,,,,,,$1.60,$7.89,,,,,,1,,,,,2015-12-02
3638906,Basketball Cards 2015 Panini Prizm,Andrew Bogut [Purple Prizm] #397,$3.33,,,,,,,,,,,,$3.69,,,,,,0,,,,,2015-12-02
3637129,Basketball Cards 2015 Panini Prizm,"Andrew Bogut [Red, White, and Blue Prizm] #210",$4.57,,,,,,,,,,,$1.00,$4.99,,,,,,0,,,,,2015-12-02
3638921,Basketball Cards 2015 Panini Prizm,"Andrew Bogut [Red, White, and Blue Prizm] #397",$2.80,,,,,,,,,,,,$3.09,,,,,,1,,,,,2015-12-02
3637391,Basketball Cards 2015 Panini Prizm,Andrew Bogut [Ruby Wave Prizm] #210,$3.49,,,,,,,,,,,$0.80,$3.79,,,,,,1,,,,,2015-12-02
3638932,Basketball Cards 2015 Panini Prizm,Andrew Bogut [Ruby Wave Prizm] #397,$3.42,,,,,,,,,,,$0.80,$3.79,,,,,,1,,,,,2015-12-02
3637611,Basketball Cards 2015 Panini Prizm,Andrew Bogut [Silver Prizm] #210,$2.13,,,,,,,,,,,,$2.29,,,,,,2,,,,,2015-12-02
3638939,Basketball Cards 2015 Panini Prizm,Andrew Bogut [Silver Prizm] #397,$0.81,,,,,,,,,,,,$0.99,,,,,,1,,,,,2015-12-02
3638127,Basketball Cards 2015 Panini Prizm,Andrew Bogut [White Sparkle Prizm] #210,$17.49,,,$20.58,$23.00,,,,,,,$4.80,$18.99,,,,,,2,,,,,2015-12-02
3638974,Basketball Cards 2015 Panini Prizm,Andrew Bogut [White Sparkle Prizm] #397,$7.50,,,,,,,,,,,$1.70,$8.29,,,,,,1,,,,,2015-12-02
3634759,Basketball Cards 2015 Panini Prizm,Andrew Harrison #343,$1.66,,,,,,,,,,,,$1.79,,,,,,3,,,,,2015-12-02
12272575,Basketball Cards 2015 Panini Prizm,Andrew Harrison [Black Prizm] #343,,,,,,,,,,,,,,,,,,,0,,,,,2015-12-02
3638232,Basketball Cards 2015 Panini Prizm,Andrew Harrison [Flash Prizm] #343,$2.75,,,,,,,,,,,,$2.99,,,,,,2,,,,,2015-12-02
3638265,Basketball Cards 2015 Panini Prizm,Andrew Harrison [Gold Prizm] #343,,,,,,,,,,,,,,,,,,,0,,,,,2015-12-02
3638294,Basketball Cards 2015 Panini Prizm,Andrew Harrison [Green Prizm] #343,$1.44,,,,,,,,,,,,$1.59,,,,,,1,,,,,2015-12-02
3638320,Basketball Cards 2015 Panini Prizm,Andrew Harrison [Light Blue Prizm] #343,$4.16,,,,,,,,,,,$0.90,$4.59,,,,,,1,,,,,2015-12-02
130473,Basketball Cards 2015 Panini Prizm,Andrew Harrison [Mojo Prizm] #343,$5.00,,,,,,,,,,,$1.10,$5.49,,,,,,1,,,,,2015-12-02
3638365,Basketball Cards 2015 Panini Prizm,Andrew Harrison [Orange Prizm] #343,$10.87,,,$20.71,$23.00,,,,,,,$3.00,$11.99,,,,,,2,,,,,2015-12-02
3638393,Basketball Cards 2015 Panini Prizm,Andrew Harrison [Orange Wave Prizm] #343,$3.69,,,,,,,,,,,$0.80,$4.09,,,,,,0,,,,,2015-12-02
3638423,Basketball Cards 2015 Panini Prizm,Andrew Harrison [Purple Prizm] #343,$5.59,,,,,,,,,,,$1.20,$6.19,,,,,,1,,,,,2015-12-02
3638448,Basketball Cards 2015 Panini Prizm,"Andrew Harrison [Red, White, and Blue Prizm] #343",$2.57,,,,,,,,,,,,$2.79,,,,,,1,,,,,2015-12-02
130474,Basketball Cards 2015 Panini Prizm,Andrew Harrison [Ruby Wave Prizm] #343,$1.12,,,,,,,,,,,,$1.19,,,,,,1,,,,,2015-12-02
130475,Basketball Cards 2015 Panini Prizm,Andrew Harrison [Silver Prizm] #343,$2.09,,,$33.60,$37.00,,,,,,,,$2.29,,,,,,3,,,,,2015-12-02
130476,Basketball Cards 2015 Panini Prizm,Andrew Harrison [White Sparkle Prizm] #343,$23.53,,,,,,,,,,,$7.80,$25.99,,,,,,0,,,,,2015-12-02
3634646,Basketball Cards 2015 Panini Prizm,Andrew Wiggins #194,$1.52,,$2.25,$12.99,$14.00,,,,,,,,$1.69,,,,$2.49,,4,,,,,2015-12-02
12272566,Basketball Cards 2015 Panini Prizm,Andrew Wiggins [Black Prizm] #194,,,,,,,,,,,,,,,,,,,0,,,,,2015-12-02
3634966,Basketball Cards 2015 Panini Prizm,Andrew Wiggins [Flash Prizm] #194,$2.99,,,,,,,,,,,,$3.29,,,,,,1,,,,,2015-12-02
130004,Basketball Cards 2015 Panini Prizm,Andrew Wiggins [Gold Prizm] #194,$75.00,,,$148.84,$164.00,$899.95,$1170.00,$540.00,$540.00,,,$33.20,$82.99,,,,,,3,,,,,2015-12-02
3635501,Basketball Cards 2015 Panini Prizm,Andrew Wiggins [Green Prizm] #194,$5.00,,,,,,,,,,,$1.10,$5.49,,,,,,0,,,,,2015-12-02
3635760,Basketball Cards 2015 Panini Prizm,Andrew Wiggins [Light Blue Prizm] #194,$3.00,,,,,,,,,,,,$3.29,,,,,,2,,,,,2015-12-02
130005,Basketball Cards 2015 Panini Prizm,Andrew Wiggins [Mojo Prizm] #194,$15.00,,,,,,,,,,,$4.30,$16.99,,,,,,1,,,,,2015-12-02
130006,Basketball Cards 2015 Panini Prizm,Andrew Wiggins [Orange Prizm] #194,$11.99,,,,,,,,,,,$3.30,$12.99,,,,,,1,,,,,2015-12-02
3636568,Basketball Cards 2015 Panini Prizm,Andrew Wiggins [Orange Wave Prizm] #194,$1.99,,,,,$50.00,$65.00,$30.00,$30.00,,,,$2.19,,,,,,2,,,,,2015-12-02
3636846,Basketball Cards 2015 Panini Prizm,Andrew Wiggins [Purple Prizm] #194,$5.50,,,,,,,,,,,$1.20,$6.09,,,,,,1,,,,,2015-12-02
3637114,Basketball Cards 2015 Panini Prizm,"Andrew Wiggins [Red, White, and Blue Prizm] #194",$0.25,,,,,,,,,,,,$0.99,,,,,,0,,,,,2015-12-02
130007,Basketball Cards 2015 Panini Prizm,Andrew Wiggins [Ruby Wave Prizm] #194,$2.94,,,,,,,,,,,,$3.19,,,,,,1,,,,,2015-12-02
130008,Basketball Cards 2015 Panini Prizm,Andrew Wiggins [Silver Prizm] #194,$1.99,,$4.50,$14.01,$15.00,$32.99,$43.00,$20.00,$20.00,,,,$2.19,,,$1.00,$4.99,,4,,,,,2015-12-02
130010,Basketball Cards 2015 Panini Prizm,Andrew Wiggins [White Sparkle Prizm] #194,$74.50,,,,$107.50,$269.78,$351.00,$162.00,$162.00,,,$32.80,$81.99,,,,,,3,,,,,2015-12-02
3634701,Basketball Cards 2015 Panini Prizm,Anfernee Hardaway #253,$1.84,,$2.50,$4.00,$4.00,$29.99,$39.00,$18.00,$18.00,,,,$1.99,,,,$2.79,,7,,,,,2015-12-02
12272607,Basketball Cards 2015 Panini Prizm,Anfernee Hardaway [Black Prizm] #253,,,,,,,,,,,,,,,,,,,0,,,,,2015-12-02
3635017,Basketball Cards 2015 Panini Prizm,Anfernee Hardaway [Flash Prizm] #253,$6.99,,,,,$50.00,$65.00,$30.00,$30.00,,,$1.50,$7.69,,,,,,2,,,,,2015-12-02
3635280,Basketball Cards 2015 Panini Prizm,Anfernee Hardaway [Gold Prizm] #253,,,,,,,,,,,,,,,,,,,0,,,,,2015-12-02
3635556,Basketball Cards 2015 Panini Prizm,Anfernee Hardaway [Green Prizm] #253,$6.37,,,,,,,,,,,$1.40,$6.99,,,,,,2,,,,,2015-12-02
3635813,Basketball Cards 2015 Panini Prizm,Anfernee Hardaway [Light Blue Prizm] #253,$14.95,,,$20.08,$22.00,$127.50,$166.00,$77.00,$77.00,,,$4.00,$15.99,,,,,,5,,,,,2015-12-02
130094,Basketball Cards 2015 Panini Prizm,Anfernee Hardaway [Mojo Prizm] #253,$33.28,,,$50.00,$55.00,$72.10,$94.00,$43.00,$43.00,,,$14.80,$36.99,,,,,,3,,,,,2015-12-02
130093,Basketball Cards 2015 Panini Prizm,Anfernee Hardaway [Orange Prizm] #253,$32.50,,,$11.50,$13.00,,,,,,,$14.40,$35.99,,,,,,3,,,,,2015-12-02
130095,Basketball Cards 2015 Panini Prizm,Anfernee Hardaway [Orange Wave Prizm] #253,$8.00,,,$13.38,$15.00,,,,,,,$1.80,$8.79,,,,,,2,,,,,2015-12-02
3636901,Basketball Cards 2015 Panini Prizm,Anfernee Hardaway [Purple Prizm] #253,$25.00,,,,,,,,,,,$8.40,$27.99,,,,,,1,,,,,2015-12-02
3637165,Basketball Cards 2015 Panini Prizm,"Anfernee Hardaway [Red, White, and Blue Prizm] #253",$3.70,,,,,,,,,,,$0.80,$4.09,,,,,,4,,,,,2015-12-02
130096,Basketball Cards 2015 Panini Prizm,Anfernee Hardaway [Ruby Wave Prizm] #253,$7.57,,,$35.00,$39.00,,,,,,,$1.70,$8.29,,,,,,4,,,,,2015-12-02
130097,Basketball Cards 2015 Panini Prizm,Anfernee Hardaway [Silver Prizm] #253,$3.50,,$7.79,$9.00,$24.82,$39.99,$52.00,$24.00,$24.00,,,$0.80,$3.89,,,$1.70,$8.59,,8,,,,,2015-12-02
130098,Basketball Cards 2015 Panini Prizm,Anfernee Hardaway [White Sparkle Prizm] #253,,,,,,,,,,,,,,,,,,,0,,,,,2015-12-02
3634747,Basketball Cards 2015 Panini Prizm,Anthony Brown #304,$1.21,,,,,,,,,,,,$1.29,,,,,,1,,,,,2015-12-02
12272700,Basketball Cards 2015 Panini Prizm,Anthony Brown [Black Prizm] #304,,,,,,,,,,,,,,,,,,,0,,,,,2015-12-02
3638208,Basketball Cards 2015 Panini Prizm,Anthony Brown [Flash Prizm] #304,$1.99,,,,,,,,,,,,$2.19,,,,,,1,,,,,2015-12-02
3638238,Basketball Cards 2015 Panini Prizm,Anthony Brown [Gold Prizm] #304,,,,,,,,,,,,,,,,,,,0,,,,,2015-12-02
3638273,Basketball Cards 2015 Panini Prizm,Anthony Brown [Green Prizm] #304,$0.25,,,,,,,,,,,,$0.99,,,,,,0,,,,,2015-12-02
3638303,Basketball Cards 2015 Panini Prizm,Anthony Brown [Light Blue Prizm] #304,$0.99,,,,,,,,,,,,$1.09,,,,,,1,,,,,2015-12-02
3638328,Basketball Cards 2015 Panini Prizm,Anthony Brown [Mojo Prizm] #304,$15.49,,,,,,,,,,,$4.30,$16.99,,,,,,1,,,,,2015-12-02
3638350,Basketball Cards 2015 Panini Prizm,Anthony Brown [Orange Prizm] #304,$6.06,,,,,,,,,,,$1.30,$6.69,,,,,,1,,,,,2015-12-02
3638372,Basketball Cards 2015 Panini Prizm,Anthony Brown [Orange Wave Prizm] #304,$2.13,,,,,,,,,,,,$2.29,,,,,,1,,,,,2015-12-02
3638401,Basketball Cards 2015 Panini Prizm,Anthony Brown [Purple Prizm] #304,$7.99,,,,,,,,,,,$1.80,$8.79,,,,,,1,,,,,2015-12-02
3638429,Basketball Cards 2015 Panini Prizm,"Anthony Brown [Red, White, and Blue Prizm] #304",$1.63,,,,,,,,,,,,$1.79,,,,,,1,,,,,2015-12-02
3638453,Basketball Cards 2015 Panini Prizm,Anthony Brown [Ruby Wave Prizm] #304,$1.79,,,,,,,,,,,,$1.99,,,,,,1,,,,,2015-12-02
130206,Basketball Cards 2015 Panini Prizm,Anthony Brown [Silver Prizm] #304,$1.98,,,,,,,,,,,,$2.19,,,,,,1,,,,,2015-12-02
3638526,Basketball Cards 2015 Panini Prizm,Anthony Brown [White Sparkle Prizm] #304,,,,,,,,,,,,,,,,,,,0,,,,,2015-12-02
130619,Basketball Cards 2015 Panini Prizm,Anthony Davis #376,$1.72,,$7.99,$12.24,$13.00,$14.99,$19.00,$9.00,$9.00,,,,$1.89,,,$1.80,$8.79,,8,,,,,2015-12-02
130709,Basketball Cards 2015 Panini Prizm,Anthony Davis #395,$1.00,,,$6.10,$7.00,$11.08,$14.00,$7.00,$7.00,,,,$1.09,,,,,,7,,,,,2015-12-02
129785,Basketball Cards 2015 Panini Prizm,Anthony Davis #55,$1.24,,$4.40,$6.76,$9.00,$8.75,$11.00,$5.00,$5.00,,,,$1.39,,,$1.00,$4.79,,13,,,,,2015-12-02
12272636,Basketball Cards 2015 Panini Prizm,Anthony Davis [Black Prizm] #376,,,,,,,,,,,,,,,,,,,0,,,,,2015-12-02
12272675,Basketball Cards 2015 Panini Prizm,Anthony Davis [Black Prizm] #395,,,,,,,,,,,,,,,,,,,0,,,,,2015-12-02
12272403,Basketball Cards 2015 Panini Prizm,Anthony Davis [Black Prizm] #55,,,,,,,,,,,,,,,,,,,0,,,,,2015-12-02
3638772,Basketball Cards 2015 Panini Prizm,Anthony Davis [Flash Prizm] #376,$2.23,,,$9.50,$10.00,$15.50,$20.00,$9.00,$9.00,,,,$2.49,,,,,,3,,,,,2015-12-02
130710,Basketball Cards 2015 Panini Prizm,Anthony Davis [Flash Prizm] #395,$1.77,,,$3.75,$4.00,,,,,,,,$1.99,,,,,,2,,,,,2015-12-02
129786,Basketball Cards 2015 Panini Prizm,Anthony Davis [Flash Prizm] #55,$2.75,,$9.34,$14.53,$16.00,$22.49,$29.00,$13.00,$13.00,,,,$2.99,,,$2.00,$9.99,,5,,,,,2015-12-02
3638790,Basketball Cards 2015 Panini Prizm,Anthony Davis [Gold Prizm] #376,,,,$88.00,$97.00,,,,,,,,,,,,,,1,,,,,2015-12-02
3638804,Basketball Cards 2015 Panini Prizm,Anthony Davis [Gold Prizm] #395,,,,$81.02,$89.00,$169.00,$220.00,$101.00,$101.00,,,,,,,,,,2,,,,,2015-12-02
129787,Basketball Cards 2015 Panini Prizm,Anthony Davis [Gold Prizm] #55,,,,$333.00,$366.00,$1525.00,$1983.00,$915.00,$915.00,,,,,,,,,,2,,,,,2015-12-02
3638809,Basketball Cards 2015 Panini Prizm,Anthony Davis [Green Prizm] #376,$4.00,,,,,,,,,,,$0.90,$4.39,,,,,,0,,,,,2015-12-02
130711,Basketball Cards 2015 Panini Prizm,Anthony Davis [Green Prizm] #395,$1.39,,,$10.50,$12.00,,,,,,,,$1.49,,,,,,2,,,,,2015-12-02
129788,Basketball Cards 2015 Panini Prizm,Anthony Davis [Green Prizm] #55,$6.49,,,$19.53,$21.00,,,,,,,$1.40,$7.09,,,,,,2,,,,,2015-12-02
130621,Basketball Cards 2015 Panini Prizm,Anthony Davis [Light Blue Prizm] #376,$6.19,,,$9.99,$11.00,,,,,,,$1.40,$6.79,,,,,,2,,,,,2015-12-02
130712,Basketball Cards 2015 Panini Prizm,Anthony Davis [Light Blue Prizm] #395,$4.99,,,$22.58,$25.00,$27.00,$35.00,$16.00,$16.00,,,$1.10,$5.49,,,,,,4,,,,,2015-12-02
129789,Basketball Cards 2015 Panini Prizm,Anthony Davis [Light Blue Prizm] #55,$6.76,$24.99,,$5.50,$6.00,,,,,,,$1.50,$7.39,$8.10,$26.99,,,,4,,,,,2015-12-02
3638837,Basketball Cards 2015 Panini Prizm,Anthony Davis [Mojo Prizm] #376,$79.95,,,$29.00,$32.00,,,,,,,$35.20,$87.99,,,,,,2,,,,,2015-12-02
130713,Basketball Cards 2015 Panini Prizm,Anthony Davis [Mojo Prizm] #395,$9.99,,,$22.12,$24.00,$55.00,$72.00,$33.00,$33.00,,,$2.80,$10.99,,,,,,3,,,,,2015-12-02
170188,Basketball Cards 2015 Panini Prizm,Anthony Davis [Mojo Prizm] #55,$92.58,,,$59.91,$66.00,,,,,,,$51.00,$102.00,,,,,,2,,,,,2015-12-02
130620,Basketball Cards 2015 Panini Prizm,Anthony Davis [Orange Prizm] #376,$8.99,,,,,,,,,,,$2.00,$9.89,,,,,,1,,,,,2015-12-02
130714,Basketball Cards 2015 Panini Prizm,Anthony Davis [Orange Prizm] #395,$20.37,,,,,$69.99,$91.00,$42.00,$42.00,,,$6.60,$21.99,,,,,,2,,,,,2015-12-02
129790,Basketball Cards 2015 Panini Prizm,Anthony Davis [Orange Prizm] #55,$60.36,,$48.39,$53.00,$62.00,,,,,,,$26.40,$65.99,,,$21.20,$52.99,,4,,,,,2015-12-02
130622,Basketball Cards 2015 Panini Prizm,Anthony Davis [Orange Wave Prizm] #376,$1.29,,,,,$80.00,$104.00,$48.00,$48.00,,,,$1.39,,,,,,2,,,,,2015-12-02
3638885,Basketball Cards 2015 Panini Prizm,Anthony Davis [Orange Wave Prizm] #395,$2.66,,,,,,,,,,,,$2.89,,,,,,1,,,,,2015-12-02
129791,Basketball Cards 2015 Panini Prizm,Anthony Davis [Orange Wave Prizm] #55,$5.98,,,$7.52,$8.00,,,,,,,$1.30,$6.59,,,,,,2,,,,,2015-12-02
130637,Basketball Cards 2015 Panini Prizm,Anthony Davis [Purple Prizm] #376,$3.28,,,,,$100.65,$131.00,$60.00,$60.00,,,,$3.59,,,,,,2,,,,,2015-12-02
130715,Basketball Cards 2015 Panini Prizm,Anthony Davis [Purple Prizm] #395,$1.91,,$9.99,$29.95,$33.00,$170.50,$222.00,$102.00,$102.00,,,,$2.09,,,$2.80,$10.99,,5,,,,,2015-12-02
129792,Basketball Cards 2015 Panini Prizm,Anthony Davis [Purple Prizm] #55,$9.65,,,$9.50,$10.00,,,,,,,$2.80,$10.99,,,,,,2,,,,,2015-12-02
3638909,Basketball Cards 2015 Panini Prizm,"Anthony Davis [Red, White, and Blue Prizm] #376",$2.50,,,$9.50,$10.00,$32.98,$43.00,$20.00,$4.85,,,,$2.79,,,,,,4,,,,,2015-12-02
130716,Basketball Cards 2015 Panini Prizm,"Anthony Davis [Red, White, and Blue Prizm] #395",$1.49,,,$12.04,$13.00,$15.39,$20.00,$9.00,$9.00,,,,$1.59,,,,,,3,,,,,2015-12-02
129793,Basketball Cards 2015 Panini Prizm,"Anthony Davis [Red, White, and Blue Prizm] #55",$1.35,,,$14.95,$16.00,$24.00,$31.00,$14.00,$14.00,,,,$1.49,,,,,,6,,,,,2015-12-02
130624,Basketball Cards 2015 Panini Prizm,Anthony Davis [Ruby Wave Prizm] #376,$3.95,,,$73.85,$81.00,$89.00,$116.00,$53.00,$53.00,,,$0.90,$4.39,,,,,,3,,,,,2015-12-02
130717,Basketball Cards 2015 Panini Prizm,Anthony Davis [Ruby Wave Prizm] #395,$8.00,,,$50.00,$55.00,$135.00,$176.00,$81.00,$81.00,,,$1.80,$8.79,,,,,,3,,,,,2015-12-02
129794,Basketball Cards 2015 Panini Prizm,Anthony Davis [Ruby Wave Prizm] #55,$5.00,,,$11.74,$13.00,$37.50,$49.00,$23.00,$23.00,,,$1.10,$5.49,,,,,,4,,,,,2015-12-02
130632,Basketball Cards 2015 Panini Prizm,Anthony Davis [Silver Prizm] #376,$2.53,,$1.25,$14.50,$16.00,$17.00,$22.00,$10.00,$10.00,,,,$2.79,,,,$1.39,,6,,,,,2015-12-02
130718,Basketball Cards 2015 Panini Prizm,Anthony Davis [Silver Prizm] #395,$2.53,,$11.50,$13.00,$14.00,$14.70,$48.00,$9.00,$9.00,,,,$2.79,,,$3.30,$12.99,,10,,,,,2015-12-02
129795,Basketball Cards 2015 Panini Prizm,Anthony Davis [Silver Prizm] #55,$4.60,,$24.87,$27.00,$30.00,$32.00,$42.00,$19.00,$19.00,,,$1.00,$5.09,,,$8.10,$26.99,,11,,,,,2015-12-02
130625,Basketball Cards 2015 Panini Prizm,Anthony Davis [White Sparkle Prizm] #376,$99.99,,,,$54.00,$55.25,$72.00,$33.00,$33.00,,,$55.00,$110.00,,,,,,2,,,,,2015-12-02
130719,Basketball Cards 2015 Panini Prizm,Anthony Davis [White Sparkle Prizm] #395,$75.00,,,$86.09,$95.00,$103.00,$134.00,$62.00,$62.00,,,$33.20,$82.99,,,,,,3,,,,,2015-12-02
129796,Basketball Cards 2015 Panini Prizm,Anthony Davis [White Sparkle Prizm] #55,,,,$109.95,$121.00,,,,,,,,,,,,,,1,,,,,2015-12-02
3634612,Basketball Cards 2015 Panini Prizm,Anthony Morrow #156,$1.69,,,,,,,,,,,,$1.89,,,,,,1,,,,,2015-12-02
12272466,Basketball Cards 2015 Panini Prizm,Anthony Morrow [Black Prizm] #156,,,,,,,,,,,,,,,,,,,0,,,,,2015-12-02
3634931,Basketball Cards 2015 Panini Prizm,Anthony Morrow [Flash Prizm] #156,$1.99,,,,,,,,,,,,$2.19,,,,,,1,,,,,2015-12-02
3635195,Basketball Cards 2015 Panini Prizm,Anthony Morrow [Gold Prizm] #156,$75.00,,,,,,,,,,,$33.20,$82.99,,,,,,0,,,,,2015-12-02
3635467,Basketball Cards 2015 Panini Prizm,Anthony Morrow [Green Prizm] #156,$1.69,,,,,,,,,,,,$1.89,,,,,,1,,,,,2015-12-02
3635728,Basketball Cards 2015 Panini Prizm,Anthony Morrow [Light Blue Prizm] #156,$2.29,,,,,,,,,,,,$2.49,,,,,,2,,,,,2015-12-02
3635992,Basketball Cards 2015 Panini Prizm,Anthony Morrow [Mojo Prizm] #156,$5.20,,,,,,,,,,,$1.10,$5.69,,,,,,1,,,,,2015-12-02
3636262,Basketball Cards 2015 Panini Prizm,Anthony Morrow [Orange Prizm] #156,$3.58,,,,,,,,,,,$0.80,$3.89,,,,,,1,,,,,2015-12-02
3636534,Basketball Cards 2015 Panini Prizm,Anthony Morrow [Orange Wave Prizm] #156,$1.57,,,,,,,,,,,,$1.69,,,,,,1,,,,,2015-12-02
3636813,Basketball Cards 2015 Panini Prizm,Anthony Morrow [Purple Prizm] #156,$2.46,,,,,,,,,,,,$2.69,,,,,,1,,,,,2015-12-02
3637082,Basketball Cards 2015 Panini Prizm,"Anthony Morrow [Red, White, and Blue Prizm] #156",$1.38,,,,,,,,,,,,$1.49,,,,,,1,,,,,2015-12-02
3637341,Basketball Cards 2015 Panini Prizm,Anthony Morrow [Ruby Wave Prizm] #156,$1.85,,,,,,,,,,,,$1.99,,,,,,2,,,,,2015-12-02
3637576,Basketball Cards 2015 Panini Prizm,Anthony Morrow [Silver Prizm] #156,$1.12,,,,,,,,,,,,$1.19,,,,,,4,,,,,2015-12-02
3638078,Basketball Cards 2015 Panini Prizm,Anthony Morrow [White Sparkle Prizm] #156,$46.24,,,,,,,,,,,$20.40,$50.99,,,,,,0,,,,,2015-12-02
3634708,Basketball Cards 2015 Panini Prizm,Antonio McDyess #263,$1.32,,,,,,,,,,,,$1.49,,,,,,2,,,,,2015-12-02
12272633,Basketball Cards 2015 Panini Prizm,Antonio McDyess [Black Prizm] #263,,,,,,,,,,,,,,,,,,,0,,,,,2015-12-02
3635025,Basketball Cards 2015 Panini Prizm,Antonio McDyess [Flash Prizm] #263,$1.55,,,,,,,,,,,,$1.69,,,,,,1,,,,,2015-12-02
3635290,Basketball Cards 2015 Panini Prizm,Antonio McDyess [Gold Prizm] #263,$34.48,,,,,,,,,,,$15.20,$37.99,,,,,,1,,,,,2015-12-02
3635565,Basketball Cards 2015 Panini Prizm,Antonio McDyess [Green Prizm] #263,$1.94,,,,$3.25,,,,,,,,$2.09,,,,,,2,,,,,2015-12-02
3635822,Basketball Cards 2015 Panini Prizm,Antonio McDyess [Light Blue Prizm] #263,$5.00,,$6.49,,,,,,,,,$1.10,$5.49,,,$1.40,$7.09,,3,,,,,2015-12-02
3636085,Basketball Cards 2015 Panini Prizm,Antonio McDyess [Mojo Prizm] #263,$60.00,,,,,,,,,,,$26.40,$65.99,,,,,,1,,,,,2015-12-02
3636355,Basketball Cards 2015 Panini Prizm,Antonio McDyess [Orange Prizm] #263,$13.48,,,,,,,,,,,$3.80,$14.99,,,,,,1,,,,,2015-12-02
3636634,Basketball Cards 2015 Panini Prizm,Antonio McDyess [Orange Wave Prizm] #263,$4.50,,,,,$12.50,$16.00,$8.00,$8.00,,,$1.00,$4.99,,,,,,2,,,,,2015-12-02
3636912,Basketball Cards 2015 Panini Prizm,Antonio McDyess [Purple Prizm] #263,$10.04,,,$9.50,$10.00,,,,,,,$2.80,$10.99,,,,,,2,,,,,2015-12-02
3637172,Basketball Cards 2015 Panini Prizm,"Antonio McDyess [Red, White, and Blue Prizm] #263",$1.12,,,,,,,,,,,,$1.19,,,,,,1,,,,,2015-12-02
3637437,Basketball Cards 2015 Panini Prizm,Antonio McDyess [Ruby Wave Prizm] #263,$2.64,,,$7.50,$8.00,,,,,,,,$2.89,,,,,,3,,,,,2015-12-02
130118,Basketball Cards 2015 Panini Prizm,Antonio McDyess [Silver Prizm] #263,$1.35,,,$4.39,$5.00,,,,,,,,$1.49,,,,,,2,,,,,2015-12-02
3638174,Basketball Cards 2015 Panini Prizm,Antonio McDyess [White Sparkle Prizm] #263,$46.82,,,,,,,,,,,$20.80,$51.99,,,,,,0,,,,,2015-12-02
3634475,Basketball Cards 2015 Panini Prizm,Aron Baynes #7,$0.99,,,$14.34,$16.00,,,,,,,,$1.09,,,,,,2,,,,,2015-12-02
12272316,Basketball Cards 2015 Panini Prizm,Aron Baynes [Black Prizm] #7,,,,,,,,,,,,,,,,,,,0,,,,,2015-12-02
3634799,Basketball Cards 2015 Panini Prizm,Aron Baynes [Flash Prizm] #7,$6.12,,,,,,,,,,,$1.30,$6.69,,,,,,1,,,,,2015-12-02
3635061,Basketball Cards 2015 Panini Prizm,Aron Baynes [Gold Prizm] #7,$85.79,,,,,,,,,,,$37.60,$93.99,,,,,,1,,,,,2015-12-02
3635329,Basketball Cards 2015 Panini Prizm,Aron Baynes [Green Prizm] #7,$3.99,,,,,,,,,,,$0.90,$4.39,,,,,,1,,,,,2015-12-02
3635602,Basketball Cards 2015 Panini Prizm,Aron Baynes [Light Blue Prizm] #7,$3.96,,,,,,,,,,,$0.90,$4.39,,,,,,1,,,,,2015-12-02
3635860,Basketball Cards 2015 Panini Prizm,Aron Baynes [Mojo Prizm] #7,$22.09,,,$16.17,$18.00,,,,,,,$7.20,$23.99,,,,,,2,,,,,2015-12-02
3636127,Basketball Cards 2015 Panini Prizm,Aron Baynes [Orange Prizm] #7,,,,,,,,,,,,,,,,,,,0,,,,,2015-12-02
3636396,Basketball Cards 2015 Panini Prizm,Aron Baynes [Orange Wave Prizm] #7,$2.55,,,,,,,,,,,,$2.79,,,,,,1,,,,,2015-12-02
3636675,Basketball Cards 2015 Panini Prizm,Aron Baynes [Purple Prizm] #7,$3.45,,,,,,,,,,,$0.80,$3.79,,,,,,1,,,,,2015-12-02
3636951,Basketball Cards 2015 Panini Prizm,"Aron Baynes [Red, White, and Blue Prizm] #7",$2.13,,,,,,,,,,,,$2.29,,,,,,1,,,,,2015-12-02
3637208,Basketball Cards 2015 Panini Prizm,Aron Baynes [Ruby Wave Prizm] #7,$4.00,,,,,,,,,,,$0.90,$4.39,,,,,,2,,,,,2015-12-02
129752,Basketball Cards 2015 Panini Prizm,Aron Baynes [Silver Prizm] #7,$1.89,,,,,,,,,,,,$2.09,,,,,,2,,,,,2015-12-02
3637942,Basketball Cards 2015 Panini Prizm,Aron Baynes [White Sparkle Prizm] #7,$15.50,,,,,,,,,,,$4.30,$16.99,,,,,,1,,,,,2015-12-02
3634493,Basketball Cards 2015 Panini Prizm,Arron Afflalo #26,$1.35,,,,,,,,,,,,$1.49,,,,,,1,,,,,2015-12-02
12272353,Basketball Cards 2015 Panini Prizm,Arron Afflalo [Black Prizm] #26,,,,,,,,,,,,,,,,,,,0,,,,,2015-12-02
3634818,Basketball Cards 2015 Panini Prizm,Arron Afflalo [Flash Prizm] #26,$0.99,,,,,,,,,,,,$1.09,,,,,,1,,,,,2015-12-02
3635079,Basketball Cards 2015 Panini Prizm,Arron Afflalo [Gold Prizm] #26,$54.17,,,,,,,,,,,$24.00,$59.99,,,,,,1,,,,,2015-12-02
2963688,Basketball Cards 2015 Panini Prizm,Arron Afflalo [Green Prizm] #26,$1.00,,,,,,,,,,,,$1.09,,,,,,1,,,,,2015-12-02
3635619,Basketball Cards 2015 Panini Prizm,Arron Afflalo [Light Blue Prizm] #26,$1.29,,,,,,,,,,,,$1.39,,,,,,1,,,,,2015-12-02
3635878,Basketball Cards 2015 Panini Prizm,Arron Afflalo [Mojo Prizm] #26,$14.99,,,,,,,,,,,$4.00,$15.99,,,,,,0,,,,,2015-12-02
3636145,Basketball Cards 2015 Panini Prizm,Arron Afflalo [Orange Prizm] #26,$2.84,,,,,,,,,,,,$3.09,,,,,,1,,,,,2015-12-02
3636415,Basketball Cards 2015 Panini Prizm,Arron Afflalo [Orange Wave Prizm] #26,$0.25,,,,,,,,,,,,$0.99,,,,,,0,,,,,2015-12-02
3636693,Basketball Cards 2015 Panini Prizm,Arron Afflalo [Purple Prizm] #26,$1.40,,,,,,,,,,,,$1.49,,,,,,1,,,,,2015-12-02
3636970,Basketball Cards 2015 Panini Prizm,"Arron Afflalo [Red, White, and Blue Prizm] #26",$0.25,,,,,,,,,,,,$0.99,,,,,,0,,,,,2015-12-02
3637227,Basketball Cards 2015 Panini Prizm,Arron Afflalo [Ruby Wave Prizm] #26,$1.99,,,,,,,,,,,,$2.19,,,,,,1,,,,,2015-12-02
3637486,Basketball Cards 2015 Panini Prizm,Arron Afflalo [Silver Prizm] #26,$1.24,,,,,,,,,,,,$1.39,,,,,,1,,,,,2015-12-02
3637961,Basketball Cards 2015 Panini Prizm,Arron Afflalo [White Sparkle Prizm] #26,,,,,,,,,,,,,,,,,,,0,,,,,2015-12-02
3634559,Basketball Cards 2015 Panini Prizm,Avery Bradley #98,$1.65,,,,,,,,,,,,$1.79,,,,,,1,,,,,2015-12-02
12272531,Basketball Cards 2015 Panini Prizm,Avery Bradley [Black Prizm] #98,,,,,,,,,,,,,,,,,,,0,,,,,2015-12-02
3634880,Basketball Cards 2015 Panini Prizm,Avery Bradley [Flash Prizm] #98,$1.50,,,,,,,,,,,,$1.69,,,,,,1,,,,,2015-12-02
3635141,Basketball Cards 2015 Panini Prizm,Avery Bradley [Gold Prizm] #98,,,,,,,,,,,,,,,,,,,0,,,,,2015-12-02
3635412,Basketball Cards 2015 Panini Prizm,Avery Bradley [Green Prizm] #98,$2.12,,,,,,,,,,,,$2.29,,,,,,1,,,,,2015-12-02
3635678,Basketball Cards 2015 Panini Prizm,Avery Bradley [Light Blue Prizm] #98,$3.09,,,,,,,,,,,,$3.39,,,,,,1,,,,,2015-12-02
3635942,Basketball Cards 2015 Panini Prizm,Avery Bradley [Mojo Prizm] #98,$18.99,,,,,,,,,,,$6.30,$20.99,,,,,,1,,,,,2015-12-02
3636207,Basketball Cards 2015 Panini Prizm,Avery Bradley [Orange Prizm] #98,$1.14,,,,,,,,,,,,$1.29,,,,,,1,,,,,2015-12-02
3636480,Basketball Cards 2015 Panini Prizm,Avery Bradley [Orange Wave Prizm] #98,$1.89,,,,,,,,,,,,$2.09,,,,,,1,,,,,2015-12-02
3636760,Basketball Cards 2015 Panini Prizm,Avery Bradley [Purple Prizm] #98,$2.27,,,,,,,,,,,,$2.49,,,,,,1,,,,,2015-12-02
3637032,Basketball Cards 2015 Panini Prizm,"Avery Bradley [Red, White, and Blue Prizm] #98",$0.25,,,,,,,,,,,,$0.99,,,,,,0,,,,,2015-12-02
3637291,Basketball Cards 2015 Panini Prizm,Avery Bradley [Ruby Wave Prizm] #98,$1.74,,,,,,,,,,,,$1.89,,,,,,1,,,,,2015-12-02
3637538,Basketball Cards 2015 Panini Prizm,Avery Bradley [Silver Prizm] #98,$1.50,,,,,,,,,,,,$1.69,,,,,,1,,,,,2015-12-02
3638027,Basketball Cards 2015 Panini Prizm,Avery Bradley [White Sparkle Prizm] #98,$23.54,,,,,,,,,,,$7.80,$25.99,,,,,,0,,,,,2015-12-02
3634679,Basketball Cards 2015 Panini Prizm,Ben McLemore #229,$0.25,,,,,,,,,,,,$0.99,,,,,,0,,,,,2015-12-02
12272546,Basketball Cards 2015 Panini Prizm,Ben McLemore [Black Prizm] #229,,,,,,,,,,,,,,,,,,,0,,,,,2015-12-02
3634999,Basketball Cards 2015 Panini Prizm,Ben McLemore [Flash Prizm] #229,$0.25,,,,,,,,,,,,$0.99,,,,,,0,,,,,2015-12-02
3635259,Basketball Cards 2015 Panini Prizm,Ben McLemore [Gold Prizm] #229,,,,,,,,,,,,,,,,,,,0,,,,,2015-12-02
3635535,Basketball Cards 2015 Panini Prizm,Ben McLemore [Green Prizm] #229,$1.39,,,,,,,,,,,,$1.49,,,,,,1,,,,,2015-12-02
3635791,Basketball Cards 2015 Panini Prizm,Ben McLemore [Light Blue Prizm] #229,$1.06,,,,,,,,,,,,$1.19,,,,,,1,,,,,2015-12-02
3636055,Basketball Cards 2015 Panini Prizm,Ben McLemore [Mojo Prizm] #229,,,,,,,,,,,,,,,,,,,0,,,,,2015-12-02
3636328,Basketball Cards 2015 Panini Prizm,Ben McLemore [Orange Prizm] #229,$0.99,,,,,,,,,,,,$1.09,,,,,,1,,,,,2015-12-02
3636602,Basketball Cards 2015 Panini Prizm,Ben McLemore [Orange Wave Prizm] #229,$1.99,,,,,,,,,,,,$2.19,,,,,,1,,,,,2015-12-02
3636880,Basketball Cards 2015 Panini Prizm,Ben McLemore [Purple Prizm] #229,$1.46,,,,,,,,,,,,$1.59,,,,,,1,,,,,2015-12-02
3637147,Basketball Cards 2015 Panini Prizm,"Ben McLemore [Red, White, and Blue Prizm] #229",$1.69,,,,,,,,,,,,$1.89,,,,,,1,,,,,2015-12-02
3637409,Basketball Cards 2015 Panini Prizm,Ben McLemore [Ruby Wave Prizm] #229,$1.08,,,,,,,,,,,,$1.19,,,,,,1,,,,,2015-12-02
3637625,Basketball Cards 2015 Panini Prizm,Ben McLemore [Silver Prizm] #229,$0.99,,,,,,,,,,,,$1.09,,,,,,1,,,,,2015-12-02
3638145,Basketball Cards 2015 Panini Prizm,Ben McLemore [White Sparkle Prizm] #229,,,,,,,,,,,,,,,,,,,0,,,,,2015-12-02
3634685,Basketball Cards 2015 Panini Prizm,Bismack Biyombo #235,$0.99,,,,,,,,,,,,$1.09,,,,,,1,,,,,2015-12-02
12272569,Basketball Cards 2015 Panini Prizm,Bismack Biyombo [Black Prizm] #235,,,,,,,,,,,,,,,,,,,0,,,,,2015-12-02
3635005,Basketball Cards 2015 Panini Prizm,Bismack Biyombo [Flash Prizm] #235,$0.25,,,,,,,,,,,,$0.99,,,,,,0,,,,,2015-12-02
3635265,Basketball Cards 2015 Panini Prizm,Bismack Biyombo [Gold Prizm] #235,,,,,,,,,,,,,,,,,,,0,,,,,2015-12-02
3635541,Basketball Cards 2015 Panini Prizm,Bismack Biyombo [Green Prizm] #235,$0.25,,,,,,,,,,,,$0.99,,,,,,0,,,,,2015-12-02
3635797,Basketball Cards 2015 Panini Prizm,Bismack Biyombo [Light Blue Prizm] #235,$1.94,,,,,,,,,,,,$2.09,,,,,,2,,,,,2015-12-02
3636061,Basketball Cards 2015 Panini Prizm,Bismack Biyombo [Mojo Prizm] #235,$10.59,,,,,,,,,,,$3.00,$11.99,,,,,,1,,,,,2015-12-02
3636332,Basketball Cards 2015 Panini Prizm,Bismack Biyombo [Orange Prizm] #235,$3.60,,,,,,,,,,,$0.80,$3.99,,,,,,1,,,,,2015-12-02
3636608,Basketball Cards 2015 Panini Prizm,Bismack Biyombo [Orange Wave Prizm] #235,$0.25,,,,,,,,,,,,$0.99,,,,,,0,,,,,2015-12-02
3636886,Basketball Cards 2015 Panini Prizm,Bismack Biyombo [Purple Prizm] #235,$2.09,,,,,,,,,,,,$2.29,,,,,,0,,,,,2015-12-02
3637153,Basketball Cards 2015 Panini Prizm,"Bismack Biyombo [Red, White, and Blue Prizm] #235",$1.39,,,,,,,,,,,,$1.49,,,,,,1,,,,,2015-12-02
3637414,Basketball Cards 2015 Panini Prizm,Bismack Biyombo [Ruby Wave Prizm] #235,$1.95,,,,,,,,,,,,$2.19,,,,,,1,,,,,2015-12-02
3637631,Basketball Cards 2015 Panini Prizm,Bismack Biyombo [Silver Prizm] #235,$1.89,,,,,,,,,,,,$2.09,,,,,,1,,,,,2015-12-02
3638151,Basketball Cards 2015 Panini Prizm,Bismack Biyombo [White Sparkle Prizm] #235,$17.25,,,,,,,,,,,$4.80,$18.99,,,,,,1,,,,,2015-12-02
3634572,Basketball Cards 2015 Panini Prizm,Blake Griffin #112,$1.84,,,,,,,,,,,,$1.99,,,,,,1,,,,,2015-12-02
3634782,Basketball Cards 2015 Panini Prizm,Blake Griffin #385,$1.99,,,,,,,,,,,,$2.19,,,,,,2,,,,,2015-12-02
12272343,Basketball Cards 2015 Panini Prizm,Blake Griffin [Black Prizm] #112,,,,,,,,,,,,,,,,,,,0,,,,,2015-12-02
12272657,Basketball Cards 2015 Panini Prizm,Blake Griffin [Black Prizm] #385,,,,,,,,,,,,,,,,,,,0,,,,,2015-12-02
3380296,Basketball Cards 2015 Panini Prizm,Blake Griffin [Flash Prizm] #112,$5.62,,,,,$5.99,$8.00,$4.00,$4.00,,,$1.20,$6.19,,,,,,2,,,,,2015-12-02
3638779,Basketball Cards 2015 Panini Prizm,Blake Griffin [Flash Prizm] #385,$1.20,,,,,$15.00,$20.00,$9.00,$9.00,,,,$1.29,,,,,,2,,,,,2015-12-02
129870,Basketball Cards 2015 Panini Prizm,Blake Griffin [Gold Prizm] #112,$174.95,,,,$100.00,,,,,,,$96.00,$192.00,,,,,,2,,,,,2015-12-02
130664,Basketball Cards 2015 Panini Prizm,Blake Griffin [Gold Prizm] #385,,,,,,,,,,,,,,,,,,,0,,,,,2015-12-02
3635426,Basketball Cards 2015 Panini Prizm,Blake Griffin [Green Prizm] #112,$1.68,,,,,,,,,,,,$1.89,,,,,,1,,,,,2015-12-02
130665,Basketball Cards 2015 Panini Prizm,Blake Griffin [Green Prizm] #385,$3.13,,,,,$3.25,$4.00,$2.00,$2.00,,,,$3.39,,,,,,2,,,,,2015-12-02
3635690,Basketball Cards 2015 Panini Prizm,Blake Griffin [Light Blue Prizm] #112,$4.58,,,,,,,,,,,$1.00,$4.99,,,,,,1,,,,,2015-12-02
3638830,Basketball Cards 2015 Panini Prizm,Blake Griffin [Light Blue Prizm] #385,$1.87,,,,,,,,,,,,$2.09,,,,,,3,,,,,2015-12-02
3635953,Basketball Cards 2015 Panini Prizm,Blake Griffin [Mojo Prizm] #112,,,,,,,,,,,,,,,,,,,0,,,,,2015-12-02
3638845,Basketball Cards 2015 Panini Prizm,Blake Griffin [Mojo Prizm] #385,$30.00,,$11.50,,,,,,,,,$9.90,$32.99,,,$3.30,$12.99,,2,,,,,2015-12-02
3636220,Basketball Cards 2015 Panini Prizm,Blake Griffin [Orange Prizm] #112,$5.50,,,,,$69.99,$91.00,$42.00,$42.00,,,$1.20,$6.09,,,,,,3,,,,,2015-12-02
3638860,Basketball Cards 2015 Panini Prizm,Blake Griffin [Orange Prizm] #385,$3.15,,,,,,,,,,,,$3.49,,,,,,1,,,,,2015-12-02
3636493,Basketball Cards 2015 Panini Prizm,Blake Griffin [Orange Wave Prizm] #112,$1.89,,,,,,,,,,,,$2.09,,,,,,1,,,,,2015-12-02
3638878,Basketball Cards 2015 Panini Prizm,Blake Griffin [Orange Wave Prizm] #385,$1.25,,,,,,,,,,,,$1.39,,,,,,1,,,,,2015-12-02
3636773,Basketball Cards 2015 Panini Prizm,Blake Griffin [Purple Prizm] #112,$5.31,,,,,,,,,,,$1.20,$5.79,,,,,,1,,,,,2015-12-02
3638897,Basketball Cards 2015 Panini Prizm,Blake Griffin [Purple Prizm] #385,$2.84,,,,,,,,,,,,$3.09,,,,,,1,,,,,2015-12-02
129871,Basketball Cards 2015 Panini Prizm,"Blake Griffin [Red, White, and Blue Prizm] #112",$1.20,,,,,$34.99,$45.00,$21.00,$21.00,,,,$1.29,,,,,,2,,,,,2015-12-02
130666,Basketball Cards 2015 Panini Prizm,"Blake Griffin [Red, White, and Blue Prizm] #385",$1.97,,,,,$16.99,$22.00,$10.00,$10.00,,,,$2.19,,,,,,2,,,,,2015-12-02
3637304,Basketball Cards 2015 Panini Prizm,Blake Griffin [Ruby Wave Prizm] #112,$1.57,,,,,,,,,,,,$1.69,,,,,,3,,,,,2015-12-02
3638927,Basketball Cards 2015 Panini Prizm,Blake Griffin [Ruby Wave Prizm] #385,$3.99,,,,,,,,,,,$0.90,$4.39,,,,,,2,,,,,2015-12-02
3637549,Basketball Cards 2015 Panini Prizm,Blake Griffin [Silver Prizm] #112,$2.50,,,,,$10.84,$14.00,$7.00,$7.00,,,,$2.79,,,,,,3,,,,,2015-12-02
130667,Basketball Cards 2015 Panini Prizm,Blake Griffin [Silver Prizm] #385,$3.10,,,$10.50,$12.00,$25.00,$33.00,$15.00,$15.00,,,,$3.39,,,,,,3,,,,,2015-12-02
3638040,Basketball Cards 2015 Panini Prizm,Blake Griffin [White Sparkle Prizm] #112,$11.50,,,,,$99.95,$130.00,$60.00,$60.00,,,$3.30,$12.99,,,,,,2,,,,,2015-12-02
3638969,Basketball Cards 2015 Panini Prizm,Blake Griffin [White Sparkle Prizm] #385,$23.24,,,,,,,,,,,$7.80,$25.99,,,,,,0,,,,,2015-12-02
353051,Basketball Cards 2015 Panini Prizm,Blaster Box,$341.72,,,,,,,,,,,$188.00,$376.00,,,,,,8,,,,,2015-12-02
130333,Basketball Cards 2015 Panini Prizm,Bobby Portis #326,$1.79,,$6.43,$8.00,$16.00,$16.50,$21.00,$10.00,$10.00,,,,$1.99,,,$1.40,$7.09,,17,,,,,2015-12-02
12272477,Basketball Cards 2015 Panini Prizm,Bobby Portis [Black Prizm] #326,,,,,,,,,,,,,,,,,,,0,,,,,2015-12-02
3638224,Basketball Cards 2015 Panini Prizm,Bobby Portis [Flash Prizm] #326,$4.20,,,,,,,,,,,$0.90,$4.59,,,,,,2,,,,,2015-12-02
3638253,Basketball Cards 2015 Panini Prizm,Bobby Portis [Gold Prizm] #326,,,,,$482.17,,,,,,,,,,,,,,1,,,,,2015-12-02
130334,Basketball Cards 2015 Panini Prizm,Bobby Portis [Green Prizm] #326,$4.31,,,$13.75,$15.00,$80.00,$104.00,$48.00,$48.00,,,$0.90,$4.69,,,,,,3,,,,,2015-12-02
130335,Basketball Cards 2015 Panini Prizm,Bobby Portis [Light Blue Prizm] #326,$15.00,,,$3.25,$4.00,$20.50,$27.00,$12.00,$12.00,,,$4.30,$16.99,,,,,,5,,,,,2015-12-02
130336,Basketball Cards 2015 Panini Prizm,Bobby Portis [Mojo Prizm] #326,$109.99,,,,$166.56,$500.00,$650.00,$300.00,$300.00,,,$60.50,$121.00,,,,,,2,,,,,2015-12-02
130337,Basketball Cards 2015 Panini Prizm,Bobby Portis [Orange Prizm] #326,$37.39,,$5.50,,,$145.71,$189.00,$87.00,$87.00,,,$16.40,$40.99,,,$1.20,$6.09,,3,,,,,2015-12-02
130338,Basketball Cards 2015 Panini Prizm,Bobby Portis [Orange Wave Prizm] #326,$4.75,,,,,$125.00,$163.00,$75.00,$75.00,,,$1.00,$5.19,,,,,,2,,,,,2015-12-02
130341,Basketball Cards 2015 Panini Prizm,Bobby Portis [Purple Prizm] #326,$24.20,,,,,$38.34,$50.00,$23.00,$23.00,,,$8.10,$26.99,,,,,,2,,,,,2015-12-02
130339,Basketball Cards 2015 Panini Prizm,"Bobby Portis [Red, White, and Blue Prizm] #326",$1.90,,,$13.50,$15.00,$42.27,$55.00,$25.00,$25.00,,,,$2.09,,,,,,7,,,,,2015-12-02
130340,Basketball Cards 2015 Panini Prizm,Bobby Portis [Ruby Wave Prizm] #326,$4.08,,$12.50,$20.00,$22.00,$60.00,$78.00,$36.00,$36.00,,,$0.90,$4.49,,,$3.50,$13.99,,6,,,,,2015-12-02
130342,Basketball Cards 2015 Panini Prizm,Bobby Portis [Silver Prizm] #326,$1.99,,$7.39,$14.67,$24.12,$35.90,$47.00,$22.00,$22.00,,,,$2.19,,,$1.60,$8.09,,11,,,,,2015-12-02
130343,Basketball Cards 2015 Panini Prizm,Bobby Portis [White Sparkle Prizm] #326,$32.00,,,,,,,,,,,$10.50,$34.99,,,,,,1,,,,,2015-12-02
3634660,Basketball Cards 2015 Panini Prizm,Bojan Bogdanovic #208,$0.25,,,,,,,,,,,,$0.99,,,,,,0,,,,,2015-12-02
12272358,Basketball Cards 2015 Panini Prizm,Bojan Bogdanovic [Black Prizm] #208,,,,,,,,,,,,,,,,,,,0,,,,,2015-12-02
3634980,Basketball Cards 2015 Panini Prizm,Bojan Bogdanovic [Flash Prizm] #208,$0.99,,,,,,,,,,,,$1.09,,,,,,1,,,,,2015-12-02
3635240,Basketball Cards 2015 Panini Prizm,Bojan Bogdanovic [Gold Prizm] #208,$75.00,,,,,,,,,,,$33.20,$82.99,,,,,,1,,,,,2015-12-02
3635515,Basketball Cards 2015 Panini Prizm,Bojan Bogdanovic [Green Prizm] #208,$2.15,,,,,,,,,,,,$2.39,,,,,,1,,,,,2015-12-02
3635773,Basketball Cards 2015 Panini Prizm,Bojan Bogdanovic [Light Blue Prizm] #208,$3.99,,,,,,,,,,,$0.90,$4.39,,,,,,0,,,,,2015-12-02
3636035,Basketball Cards 2015 Panini Prizm,Bojan Bogdanovic [Mojo Prizm] #208,$9.65,,,,,,,,,,,$2.80,$10.99,,,,,,1,,,,,2015-12-02
3636308,Basketball Cards 2015 Panini Prizm,Bojan Bogdanovic [Orange Prizm] #208,$1.25,,,,,,,,,,,,$1.39,,,,,,1,,,,,2015-12-02
3636581,Basketball Cards 2015 Panini Prizm,Bojan Bogdanovic [Orange Wave Prizm] #208,$2.00,,,,,,,,,,,,$2.19,,,,,,0,,,,,2015-12-02
3636860,Basketball Cards 2015 Panini Prizm,Bojan Bogdanovic [Purple Prizm] #208,$17.91,,,,,,,,,,,$5.00,$19.99,,,,,,1,,,,,2015-12-02
3637127,Basketball Cards 2015 Panini Prizm,"Bojan Bogdanovic [Red, White, and Blue Prizm] #208",$0.25,,,,,,,,,,,,$0.99,,,,,,0,,,,,2015-12-02
3637389,Basketball Cards 2015 Panini Prizm,Bojan Bogdanovic [Ruby Wave Prizm] #208,$0.99,,,,,,,,,,,,$1.09,,,,,,1,,,,,2015-12-02
3637609,Basketball Cards 2015 Panini Prizm,Bojan Bogdanovic [Silver Prizm] #208,$0.25,,,,,,,,,,,,$0.99,,,,,,0,,,,,2015-12-02
3638125,Basketball Cards 2015 Panini Prizm,Bojan Bogdanovic [White Sparkle Prizm] #208,$6.50,,,,,,,,,,,$1.40,$7.19,,,,,,1,,,,,2015-12-02
3634504,Basketball Cards 2015 Panini Prizm,Boris Diaw #37,$1.46,,,,,,,,,,,,$1.59,,,,,,3,,,,,2015-12-02
12272375,Basketball Cards 2015 Panini Prizm,Boris Diaw [Black Prizm] #37,,,,,,,,,,,,,,,,,,,0,,,,,2015-12-02
3634829,Basketball Cards 2015 Panini Prizm,Boris Diaw [Flash Prizm] #37,$1.68,,,,,,,,,,,,$1.89,,,,,,1,,,,,2015-12-02
3635088,Basketball Cards 2015 Panini Prizm,Boris Diaw [Gold Prizm] #37,,,,,,,,,,,,,,,,,,,0,,,,,2015-12-02
3635356,Basketball Cards 2015 Panini Prizm,Boris Diaw [Green Prizm] #37,$0.99,,,,,,,,,,,,$1.09,,,,,,1,,,,,2015-12-02
3635628,Basketball Cards 2015 Panini Prizm,Boris Diaw [Light Blue Prizm] #37,$3.99,,,,,,,,,,,$0.90,$4.39,,,,,,3,,,,,2015-12-02
3635889,Basketball Cards 2015 Panini Prizm,Boris Diaw [Mojo Prizm] #37,,,,,,,,,,,,,,,,,,,0,,,,,2015-12-02
3636155,Basketball Cards 2015 Panini Prizm,Boris Diaw [Orange Prizm] #37,,,,,,,,,,,,,,,,,,,0,,,,,2015-12-02
3636426,Basketball Cards 2015 Panini Prizm,Boris Diaw [Orange Wave Prizm] #37,$2.99,,,,,,,,,,,,$3.29,,,,,,1,,,,,2015-12-02
3636704,Basketball Cards 2015 Panini Prizm,Boris Diaw [Purple Prizm] #37,$3.41,,,,,,,,,,,$0.80,$3.79,,,,,,1,,,,,2015-12-02
3636981,Basketball Cards 2015 Panini Prizm,"Boris Diaw [Red, White, and Blue Prizm] #37",$1.99,,,,,,,,,,,,$2.19,,,,,,1,,,,,2015-12-02
3637238,Basketball Cards 2015 Panini Prizm,Boris Diaw [Ruby Wave Prizm] #37,$1.99,,,,,,,,,,,,$2.19,,,,,,1,,,,,2015-12-02
3637496,Basketball Cards 2015 Panini Prizm,Boris Diaw [Silver Prizm] #37,$1.98,,,,,,,,,,,,$2.19,,,,,,2,,,,,2015-12-02
3637972,Basketball Cards 2015 Panini Prizm,Boris Diaw [White Sparkle Prizm] #37,$29.29,,,,,,,,,,,$9.60,$31.99,,,,,,0,,,,,2015-12-02
3634490,Basketball Cards 2015 Panini Prizm,Bradley Beal #23,$0.13,,,$2.00,$2.00,$5.75,$7.00,$3.00,$3.00,,,,$0.99,,,,,,4,,,,,2015-12-02
12272342,Basketball Cards 2015 Panini Prizm,Bradley Beal [Black Prizm] #23,,,,,,,,,,,,,,,,,,,0,,,,,2015-12-02
3634815,Basketball Cards 2015 Panini Prizm,Bradley Beal [Flash Prizm] #23,$1.49,,$14.99,,,,,,,,,,$1.59,,,$4.00,$15.99,,2,,,,,2015-12-02
3635076,Basketball Cards 2015 Panini Prizm,Bradley Beal [Gold Prizm] #23,$215.95,,,,,,,,,,,$119.00,$238.00,,,,,,1,,,,,2015-12-02
3635343,Basketball Cards 2015 Panini Prizm,Bradley Beal [Green Prizm] #23,$7.44,,,,,,,,,,,$1.60,$8.19,,,,,,1,,,,,2015-12-02
3635617,Basketball Cards 2015 Panini Prizm,Bradley Beal [Light Blue Prizm] #23,$1.06,,,,,,,,,,,,$1.19,,,,,,1,,,,,2015-12-02
129760,Basketball Cards 2015 Panini Prizm,Bradley Beal [Mojo Prizm] #23,$33.89,,,$31.20,$34.00,,,,,,,$14.80,$36.99,,,,,,1,,,,,2015-12-02
129761,Basketball Cards 2015 Panini Prizm,Bradley Beal [Orange Prizm] #23,$12.90,,,$21.83,$24.00,,,,,,,$3.50,$13.99,,,,,,2,,,,,2015-12-02
3636412,Basketball Cards 2015 Panini Prizm,Bradley Beal [Orange Wave Prizm] #23,$2.00,,$24.95,,,,,,,,,,$2.19,,,$8.10,$26.99,,2,,,,,2015-12-02
3636690,Basketball Cards 2015 Panini Prizm,Bradley Beal [Purple Prizm] #23,$2.28,,,,,$39.99,$52.00,$24.00,$24.00,,,,$2.49,,,,,,2,,,,,2015-12-02
3636967,Basketball Cards 2015 Panini Prizm,"Bradley Beal [Red, White, and Blue Prizm] #23",$1.66,,,$10.50,$12.00,$24.95,$32.00,$15.00,$15.00,,,,$1.79,,,,,,3,,,,,2015-12-02
3637224,Basketball Cards 2015 Panini Prizm,Bradley Beal [Ruby Wave Prizm] #23,$0.99,,,,,,,,,,,,$1.09,,,,,,1,,,,,2015-12-02
129762,Basketball Cards 2015 Panini Prizm,Bradley Beal [Silver Prizm] #23,$1.16,,,$8.51,$9.00,$11.48,$15.00,$7.00,$7.00,,,,$1.29,,,,,,6,,,,,2015-12-02
3637958,Basketball Cards 2015 Panini Prizm,Bradley Beal [White Sparkle Prizm] #23,$37.00,,,$99.00,$109.00,,,,,,,$16.40,$40.99,,,,,,2,,,,,2015-12-02
3634682,Basketball Cards 2015 Panini Prizm,Brandan Wright #232,$0.99,,,,,,,,,,,,$1.09,,,,,,1,,,,,2015-12-02
12272558,Basketball Cards 2015 Panini Prizm,Brandan Wright [Black Prizm] #232,,,,,,,,,,,,,,,,,,,0,,,,,2015-12-02
3635002,Basketball Cards 2015 Panini Prizm,Brandan Wright [Flash Prizm] #232,$0.99,,,,,,,,,,,,$1.09,,,,,,1,,,,,2015-12-02
3635262,Basketball Cards 2015 Panini Prizm,Brandan Wright [Gold Prizm] #232,$98.00,,,,,,,,,,,$54.00,$108.00,,,,,,0,,,,,2015-12-02
3635538,Basketball Cards 2015 Panini Prizm,Brandan Wright [Green Prizm] #232,$0.25,,,,,,,,,,,,$0.99,,,,,,0,,,,,2015-12-02
3635794,Basketball Cards 2015 Panini Prizm,Brandan Wright [Light Blue Prizm] #232,$0.25,,,,,,,,,,,,$0.99,,,,,,0,,,,,2015-12-02
3636058,Basketball Cards 2015 Panini Prizm,Brandan Wright [Mojo Prizm] #232,$13.50,,,,,,,,,,,$3.80,$14.99,,,,,,0,,,,,2015-12-02
2963701,Basketball Cards 2015 Panini Prizm,Brandan Wright [Orange Prizm] #232,$3.00,,,,,,,,,,,,$3.29,,,,,,1,,,,,2015-12-02
3636605,Basketball Cards 2015 Panini Prizm,Brandan Wright [Orange Wave Prizm] #232,$1.28,,,,,,,,,,,,$1.39,,,,,,1,,,,,2015-12-02
3636883,Basketball Cards 2015 Panini Prizm,Brandan Wright [Purple Prizm] #232,$1.33,,,,,,,,,,,,$1.49,,,,,,1,,,,,2015-12-02
3637150,Basketball Cards 2015 Panini Prizm,"Brandan Wright [Red, White, and Blue Prizm] #232",$0.25,,,,,,,,,,,,$0.99,,,,,,0,,,,,2015-12-02
3637412,Basketball Cards 2015 Panini Prizm,Brandan Wright [Ruby Wave Prizm] #232,$0.99,,,,,,,,,,,,$1.09,,,,,,1,,,,,2015-12-02
3637628,Basketball Cards 2015 Panini Prizm,Brandan Wright [Silver Prizm] #232,$1.99,,,,,,,,,,,,$2.19,,,,,,1,,,,,2015-12-02
3638148,Basketball Cards 2015 Panini Prizm,Brandan Wright [White Sparkle Prizm] #232,$27.85,,,,,,,,,,,$9.30,$30.99,,,,,,0,,,,,2015-12-02
3634762,Basketball Cards 2015 Panini Prizm,Branden Dawson #347,$0.99,,,,,,,,,,,,$1.09,,,,,,1,,,,,2015-12-02
12272587,Basketball Cards 2015 Panini Prizm,Branden Dawson [Black Prizm] #347,,,,,,,,,,,,,,,,,,,0,,,,,2015-12-02
3638235,Basketball Cards 2015 Panini Prizm,Branden Dawson [Flash Prizm] #347,$0.99,,,,,,,,,,,,$1.09,,,,,,1,,,,,2015-12-02
3638269,Basketball Cards 2015 Panini Prizm,Branden Dawson [Gold Prizm] #347,$72.00,,,,,,,,,,,$31.60,$78.99,,,,,,1,,,,,2015-12-02
3638298,Basketball Cards 2015 Panini Prizm,Branden Dawson [Green Prizm] #347,$3.39,,,,,,,,,,,,$3.69,,,,,,1,,,,,2015-12-02
3638324,Basketball Cards 2015 Panini Prizm,Branden Dawson [Light Blue Prizm] #347,$1.49,,,,,,,,,,,,$1.59,,,,,,1,,,,,2015-12-02
3638347,Basketball Cards 2015 Panini Prizm,Branden Dawson [Mojo Prizm] #347,$23.24,,,,,,,,,,,$7.80,$25.99,,,,,,1,,,,,2015-12-02
3638368,Basketball Cards 2015 Panini Prizm,Branden Dawson [Orange Prizm] #347,$6.62,,,,,,,,,,,$1.50,$7.29,,,,,,1,,,,,2015-12-02
3638396,Basketball Cards 2015 Panini Prizm,Branden Dawson [Orange Wave Prizm] #347,$0.25,,,,,,,,,,,,$0.99,,,,,,0,,,,,2015-12-02
3638426,Basketball Cards 2015 Panini Prizm,Branden Dawson [Purple Prizm] #347,$5.86,,,,,,,,,,,$1.30,$6.49,,,,,,1,,,,,2015-12-02
3638451,Basketball Cards 2015 Panini Prizm,"Branden Dawson [Red, White, and Blue Prizm] #347",$1.49,,,,,,,,,,,,$1.59,,,,,,1,,,,,2015-12-02
3638473,Basketball Cards 2015 Panini Prizm,Branden Dawson [Ruby Wave Prizm] #347,$2.01,,,,,,,,,,,,$2.19,,,,,,1,,,,,2015-12-02
130491,Basketball Cards 2015 Panini Prizm,Branden Dawson [Silver Prizm] #347,$2.42,,,$2.44,$3.00,,,,,,,,$2.69,,,,,,2,,,,,2015-12-02
3638541,Basketball Cards 2015 Panini Prizm,Branden Dawson [White Sparkle Prizm] #347,,,,,,,,,,,,,,,,,,,0,,,,,2015-12-02
3634609,Basketball Cards 2015 Panini Prizm,Brandon Bass #152,$0.99,,,,,,,,,,,,$1.09,,,,,,1,,,,,2015-12-02
12272450,Basketball Cards 2015 Panini Prizm,Brandon Bass [Black Prizm] #152,,,,,,,,,,,,,,,,,,,0,,,,,2015-12-02
3634928,Basketball Cards 2015 Panini Prizm,Brandon Bass [Flash Prizm] #152,$0.25,,,,,,,,,,,,$0.99,,,,,,0,,,,,2015-12-02
3635193,Basketball Cards 2015 Panini Prizm,Brandon Bass [Gold Prizm] #152,,,,,,,,,,,,,,,,,,,0,,,,,2015-12-02
3635463,Basketball Cards 2015 Panini Prizm,Brandon Bass [Green Prizm] #152,$1.10,,,,,,,,,,,,$1.19,,,,,,1,,,,,2015-12-02
3635725,Basketball Cards 2015 Panini Prizm,Brandon Bass [Light Blue Prizm] #152,$1.09,,,,,,,,,,,,$1.19,,,,,,1,,,,,2015-12-02
3635988,Basketball Cards 2015 Panini Prizm,Brandon Bass [Mojo Prizm] #152,$7.44,,,,,,,,,,,$1.60,$8.19,,,,,,1,,,,,2015-12-02
3636258,Basketball Cards 2015 Panini Prizm,Brandon Bass [Orange Prizm] #152,$2.18,,,,,,,,,,,,$2.39,,,,,,1,,,,,2015-12-02
3636530,Basketball Cards 2015 Panini Prizm,Brandon Bass [Orange Wave Prizm] #152,$0.99,,,,,,,,,,,,$1.09,,,,,,1,,,,,2015-12-02
3636810,Basketball Cards 2015 Panini Prizm,Brandon Bass [Purple Prizm] #152,$2.54,,,,,,,,,,,,$2.79,,,,,,0,,,,,2015-12-02
3637079,Basketball Cards 2015 Panini Prizm,"Brandon Bass [Red, White, and Blue Prizm] #152",$0.25,,,,,,,,,,,,$0.99,,,,,,0,,,,,2015-12-02
3637338,Basketball Cards 2015 Panini Prizm,Brandon Bass [Ruby Wave Prizm] #152,$1.95,,,,,,,,,,,,$2.19,,,,,,1,,,,,2015-12-02
3637574,Basketball Cards 2015 Panini Prizm,Brandon Bass [Silver Prizm] #152,$0.25,,,,,,,,,,,,$0.99,,,,,,0,,,,,2015-12-02
3638075,Basketball Cards 2015 Panini Prizm,Brandon Bass [White Sparkle Prizm] #152,$6.00,,,,,,,,,,,$1.30,$6.59,,,,,,0,,,,,2015-12-02
3634607,Basketball Cards 2015 Panini Prizm,Brandon Jennings #150,$0.99,,,,,,,,,,,,$1.09,,,,,,1,,,,,2015-12-02
12272469,Basketball Cards 2015 Panini Prizm,Brandon Jennings [Black Prizm] #150,,,,,,,,,,,,,,,,,,,0,,,,,2015-12-02
3634926,Basketball Cards 2015 Panini Prizm,Brandon Jennings [Flash Prizm] #150,$1.19,,,,,,,,,,,,$1.29,,,,,,1,,,,,2015-12-02
3635191,Basketball Cards 2015 Panini Prizm,Brandon Jennings [Gold Prizm] #150,$98.00,,,$145.64,$160.00,,,,,,,$54.00,$108.00,,,,,,4,,,,,2015-12-02
3635461,Basketball Cards 2015 Panini Prizm,Brandon Jennings [Green Prizm] #150,$1.35,,,,,,,,,,,,$1.49,,,,,,1,,,,,2015-12-02
3635723,Basketball Cards 2015 Panini Prizm,Brandon Jennings [Light Blue Prizm] #150,$1.36,,,,,$11.50,$15.00,$7.00,$7.00,,,,$1.49,,,,,,2,,,,,2015-12-02
3635986,Basketball Cards 2015 Panini Prizm,Brandon Jennings [Mojo Prizm] #150,$8.29,,,,,,,,,,,$1.80,$9.09,,,,,,1,,,,,2015-12-02
3636256,Basketball Cards 2015 Panini Prizm,Brandon Jennings [Orange Prizm] #150,$1.22,,,,,,,,,,,,$1.29,,,,,,1,,,,,2015-12-02
3636528,Basketball Cards 2015 Panini Prizm,Brandon Jennings [Orange Wave Prizm] #150,$1.57,,,,,,,,,,,,$1.69,,,,,,1,,,,,2015-12-02
3636807,Basketball Cards 2015 Panini Prizm,Brandon Jennings [Purple Prizm] #150,$1.49,,,,,,,,,,,,$1.59,,,,,,1,,,,,2015-12-02
3637077,Basketball Cards 2015 Panini Prizm,"Brandon Jennings [Red, White, and Blue Prizm] #150",$1.18,,,,,,,,,,,,$1.29,,,,,,1,,,,,2015-12-02
3637336,Basketball Cards 2015 Panini Prizm,Brandon Jennings [Ruby Wave Prizm] #150,$1.95,,,,,,,,,,,,$2.19,,,,,,2,,,,,2015-12-02
3637572,Basketball Cards 2015 Panini Prizm,Brandon Jennings [Silver Prizm] #150,$1.69,,,,,,,,,,,,$1.89,,,,,,1,,,,,2015-12-02
3638073,Basketball Cards 2015 Panini Prizm,Brandon Jennings [White Sparkle Prizm] #150,,,,,,,,,,,,,,,,,,,0,,,,,2015-12-02
3634551,Basketball Cards 2015 Panini Prizm,Brandon Knight #89,$0.25,,,$350.00,$385.00,,,,,,,,$0.99,,,,,,1,,,,,2015-12-02
12272503,Basketball Cards 2015 Panini Prizm,Brandon Knight [Black Prizm] #89,,,,,,,,,,,,,,,,,,,0,,,,,2015-12-02
3634873,Basketball Cards 2015 Panini Prizm,Brandon Knight [Flash Prizm] #89,$0.99,,,,,,,,,,,,$1.09,,,,,,1,,,,,2015-12-02
3635133,Basketball Cards 2015 Panini Prizm,Brandon Knight [Gold Prizm] #89,,,,,,,,,,,,,,,,,,,0,,,,,2015-12-02
3635404,Basketball Cards 2015 Panini Prizm,Brandon Knight [Green Prizm] #89,$0.25,,,,,,,,,,,,$0.99,,,,,,0,,,,,2015-12-02
3635670,Basketball Cards 2015 Panini Prizm,Brandon Knight [Light Blue Prizm] #89,$1.13,,,,,,,,,,,,$1.19,,,,,,1,,,,,2015-12-02
3635935,Basketball Cards 2015 Panini Prizm,Brandon Knight [Mojo Prizm] #89,$4.49,,,,,,,,,,,$1.00,$4.89,,,,,,0,,,,,2015-12-02
3636199,Basketball Cards 2015 Panini Prizm,Brandon Knight [Orange Prizm] #89,$4.25,,,,,,,,,,,$0.90,$4.69,,,,,,1,,,,,2015-12-02
3636472,Basketball Cards 2015 Panini Prizm,Brandon Knight [Orange Wave Prizm] #89,$0.25,,,,,,,,,,,,$0.99,,,,,,0,,,,,2015-12-02
3636750,Basketball Cards 2015 Panini Prizm,Brandon Knight [Purple Prizm] #89,$3.95,,,,,,,,,,,$0.90,$4.39,,,,,,0,,,,,2015-12-02
3637026,Basketball Cards 2015 Panini Prizm,"Brandon Knight [Red, White, and Blue Prizm] #89",$0.25,,,,,,,,,,,,$0.99,,,,,,0,,,,,2015-12-02
3637283,Basketball Cards 2015 Panini Prizm,Brandon Knight [Ruby Wave Prizm] #89,$1.04,,,,,,,,,,,,$1.09,,,,,,2,,,,,2015-12-02
3637533,Basketball Cards 2015 Panini Prizm,Brandon Knight [Silver Prizm] #89,$1.75,,,,,,,,,,,,$1.89,,,,,,1,,,,,2015-12-02
3638019,Basketball Cards 2015 Panini Prizm,Brandon Knight [White Sparkle Prizm] #89,,,,,,,,,,,,,,,,,,,0,,,,,2015-12-02
3634641,Basketball Cards 2015 Panini Prizm,Brook Lopez #188,$0.99,,,,,,,,,,,,$1.09,,,,,,1,,,,,2015-12-02
12272552,Basketball Cards 2015 Panini Prizm,Brook Lopez [Black Prizm] #188,,,,,,,,,,,,,,,,,,,0,,,,,2015-12-02
3634960,Basketball Cards 2015 Panini Prizm,Brook Lopez [Flash Prizm] #188,$0.25,,,,,,,,,,,,$0.99,,,,,,0,,,,,2015-12-02
3635222,Basketball Cards 2015 Panini Prizm,Brook Lopez [Gold Prizm] #188,,,,,,$165.00,$215.00,$99.00,$99.00,,,,,,,,,,1,,,,,2015-12-02
3635495,Basketball Cards 2015 Panini Prizm,Brook Lopez [Green Prizm] #188,$0.25,,,,,,,,,,,,$0.99,,,,,,0,,,,,2015-12-02
3635755,Basketball Cards 2015 Panini Prizm,Brook Lopez [Light Blue Prizm] #188,$1.17,,,,,,,,,,,,$1.29,,,,,,2,,,,,2015-12-02
3636017,Basketball Cards 2015 Panini Prizm,Brook Lopez [Mojo Prizm] #188,,,,,,,,,,,,,,,,,,,0,,,,,2015-12-02
3636292,Basketball Cards 2015 Panini Prizm,Brook Lopez [Orange Prizm] #188,$3.42,,,,,,,,,,,$0.80,$3.79,,,,,,1,,,,,2015-12-02
3636563,Basketball Cards 2015 Panini Prizm,Brook Lopez [Orange Wave Prizm] #188,$2.99,,,,,,,,,,,,$3.29,,,,,,1,,,,,2015-12-02
3636841,Basketball Cards 2015 Panini Prizm,Brook Lopez [Purple Prizm] #188,$5.35,,,,,,,,,,,$1.20,$5.89,,,,,,1,,,,,2015-12-02
3637109,Basketball Cards 2015 Panini Prizm,"Brook Lopez [Red, White, and Blue Prizm] #188",$0.25,,,,,,,,,,,,$0.99,,,,,,0,,,,,2015-12-02
3637370,Basketball Cards 2015 Panini Prizm,Brook Lopez [Ruby Wave Prizm] #188,$1.51,,,,,,,,,,,,$1.69,,,,,,1,,,,,2015-12-02
3637597,Basketball Cards 2015 Panini Prizm,Brook Lopez [Silver Prizm] #188,$1.71,,,,,,,,,,,,$1.89,,,,,,1,,,,,2015-12-02
3638106,Basketball Cards 2015 Panini Prizm,Brook Lopez [White Sparkle Prizm] #188,,,,$40.00,$44.00,,,,,,,,,,,,,,1,,,,,2015-12-02
3634651,Basketball Cards 2015 Panini Prizm,C.J. McCollum #199,$2.50,,,,,,,,,,,,$2.79,,,,,,1,,,,,2015-12-02
12272579,Basketball Cards 2015 Panini Prizm,C.J. McCollum [Black Prizm] #199,,,,,,,,,,,,,,,,,,,0,,,,,2015-12-02
3634971,Basketball Cards 2015 Panini Prizm,C.J. McCollum [Flash Prizm] #199,$0.99,,,,,,,,,,,,$1.09,,,,,,1,,,,,2015-12-02
3635232,Basketball Cards 2015 Panini Prizm,C.J. McCollum [Gold Prizm] #199,$126.69,,,,,,,,,,,$69.50,$139.00,,,,,,1,,,,,2015-12-02
3635507,Basketball Cards 2015 Panini Prizm,C.J. McCollum [Green Prizm] #199,$5.99,,,,,,,,,,,$1.30,$6.59,,,,,,0,,,,,2015-12-02
3635765,Basketball Cards 2015 Panini Prizm,C.J. McCollum [Light Blue Prizm] #199,$1.50,,,,,,,,,,,,$1.69,,,,,,2,,,,,2015-12-02
3636027,Basketball Cards 2015 Panini Prizm,C.J. McCollum [Mojo Prizm] #199,,,,,,,,,,,,,,,,,,,0,,,,,2015-12-02
3636301,Basketball Cards 2015 Panini Prizm,C.J. McCollum [Orange Prizm] #199,$10.43,,,,,,,,,,,$2.80,$10.99,,,,,,0,,,,,2015-12-02
3636573,Basketball Cards 2015 Panini Prizm,C.J. McCollum [Orange Wave Prizm] #199,$5.62,,,,,,,,,,,$1.20,$6.19,,,,,,0,,,,,2015-12-02
3636851,Basketball Cards 2015 Panini Prizm,C.J. McCollum [Purple Prizm] #199,$1.99,,,,,,,,,,,,$2.19,,,,,,1,,,,,2015-12-02
3637119,Basketball Cards 2015 Panini Prizm,"C.J. McCollum [Red, White, and Blue Prizm] #199",$1.97,,,,,,,,,,,,$2.19,,,,,,1,,,,,2015-12-02
3637380,Basketball Cards 2015 Panini Prizm,C.J. McCollum [Ruby Wave Prizm] #199,$3.02,,,,,,,,,,,,$3.29,,,,,,3,,,,,2015-12-02
130012,Basketball Cards 2015 Panini Prizm,C.J. McCollum [Silver Prizm] #199,$1.49,,$2.99,$3.80,$4.00,$10.83,$14.00,$7.00,$7.00,,,,$1.59,,,,$3.29,,4,,,,,2015-12-02
3638116,Basketball Cards 2015 Panini Prizm,C.J. McCollum [White Sparkle Prizm] #199,,,,,,,,,,,,,,,,,,,0,,,,,2015-12-02
3634536,Basketball Cards 2015 Panini Prizm,C.J. Miles #72,$1.24,,,,,,,,,,,,$1.39,,,,,,1,,,,,2015-12-02
12272454,Basketball Cards 2015 Panini Prizm,C.J. Miles [Black Prizm] #72,,,,,,,,,,,,,,,,,,,0,,,,,2015-12-02
3634859,Basketball Cards 2015 Panini Prizm,C.J. Miles [Flash Prizm] #72,$0.25,,,,,,,,,,,,$0.99,,,,,,0,,,,,2015-12-02
3635118,Basketball Cards 2015 Panini Prizm,C.J. Miles [Gold Prizm] #72,$98.00,,,,,,,,,,,$54.00,$108.00,,,,,,0,,,,,2015-12-02
3635388,Basketball Cards 2015 Panini Prizm,C.J. Miles [Green Prizm] #72,$0.25,,,,,,,,,,,,$0.99,,,,,,0,,,,,2015-12-02
3348612,Basketball Cards 2015 Panini Prizm,C.J. Miles [Light Blue Prizm] #72,$1.18,,,,,,,,,,,,$1.29,,,,,,2,,,,,2015-12-02
3635919,Basketball Cards 2015 Panini Prizm,C.J. Miles [Mojo Prizm] #72,$9.99,,,,,,,,,,,$2.80,$10.99,,,,,,1,,,,,2015-12-02
3636184,Basketball Cards 2015 Panini Prizm,C.J. Miles [Orange Prizm] #72,$2.99,,,,,,,,,,,,$3.29,,,,,,1,,,,,2015-12-02
3636457,Basketball Cards 2015 Panini Prizm,C.J. Miles [Orange Wave Prizm] #72,$0.25,,,,,,,,,,,,$0.99,,,,,,0,,,,,2015-12-02
3636735,Basketball Cards 2015 Panini Prizm,C.J. Miles [Purple Prizm] #72,,,,,,,,,,,,,,,,,,,0,,,,,2015-12-02
3637009,Basketball Cards 2015 Panini Prizm,"C.J. Miles [Red, White, and Blue Prizm] #72",$0.25,,,,,,,,,,,,$0.99,,,,,,0,,,,,2015-12-02
3637269,Basketball Cards 2015 Panini Prizm,C.J. Miles [Ruby Wave Prizm] #72,,,,,,,,,,,,,,,,,,,0,,,,,2015-12-02
3637520,Basketball Cards 2015 Panini Prizm,C.J. Miles [Silver Prizm] #72,$2.19,,,,,,,,,,,,$2.39,,,,,,1,,,,,2015-12-02
3638003,Basketball Cards 2015 Panini Prizm,C.J. Miles [White Sparkle Prizm] #72,,,,,,,,,,,,,,,,,,,0,,,,,2015-12-02
2369002,Basketball Cards 2015 Panini Prizm,Cameron Payne #312,$2.10,,$6.68,$7.00,$22.89,$33.07,$43.00,$20.00,$20.00,,,,$2.29,,,$1.50,$7.39,,9,,,,,2015-12-02
12272436,Basketball Cards 2015 Panini Prizm,Cameron Payne [Black Prizm] #312,,,,,,,,,,,,,,,,,,,0,,,,,2015-12-02
3638214,Basketball Cards 2015 Panini Prizm,Cameron Payne [Flash Prizm] #312,$2.97,,,,,$70.00,$91.00,$42.00,$42.00,,,,$3.29,,,,,,2,,,,,2015-12-02
130251,Basketball Cards 2015 Panini Prizm,Cameron Payne [Gold Prizm] #312,$295.00,,,,,$500.00,$650.00,$300.00,$300.00,,,$162.50,$325.00,,,,,,2,,,,,2015-12-02
130252,Basketball Cards 2015 Panini Prizm,Cameron Payne [Green Prizm] #312,$3.00,,,,,,,,,,,,$3.29,,,,,,2,,,,,2015-12-02
130253,Basketball Cards 2015 Panini Prizm,Cameron Payne [Light Blue Prizm] #312,$19.99,,,$39.95,$44.00,,,,,,,$6.60,$21.99,,,,,,3,,,,,2015-12-02
3638332,Basketball Cards 2015 Panini Prizm,Cameron Payne [Mojo Prizm] #312,$299.99,,,,,,,,,,,$165.00,$330.00,,,,,,0,,,,,2015-12-02
3225552,Basketball Cards 2015 Panini Prizm,Cameron Payne [Orange Prizm] #312,$69.54,,,$1.04,$22.00,$22.80,$30.00,$14.00,$14.00,,,$30.40,$75.99,,,,,,3,,,,,2015-12-02
3638377,Basketball Cards 2015 Panini Prizm,Cameron Payne [Orange Wave Prizm] #312,$7.82,,,$9.45,$10.00,,,,,,,$1.70,$8.59,,,,,,2,,,,,2015-12-02
3638406,Basketball Cards 2015 Panini Prizm,Cameron Payne [Purple Prizm] #312,$2.31,,,$12.00,$13.00,,,,,,,,$2.49,,,,,,2,,,,,2015-12-02
3638434,Basketball Cards 2015 Panini Prizm,"Cameron Payne [Red, White, and Blue Prizm] #312",$3.99,,,,,,,,,,,$0.90,$4.39,,,,,,2,,,,,2015-12-02
3638458,Basketball Cards 2015 Panini Prizm,Cameron Payne [Ruby Wave Prizm] #312,$4.24,,,$25.00,$28.00,,,,,,,$0.90,$4.69,,,,,,5,,,,,2015-12-02
130254,Basketball Cards 2015 Panini Prizm,Cameron Payne [Silver Prizm] #312,$5.96,,$5.00,$33.55,$36.00,$40.00,$37.50,$24.00,$24.00,,,$1.30,$6.59,,,$1.10,$5.49,,10,,,,,2015-12-02
3638528,Basketball Cards 2015 Panini Prizm,Cameron Payne [White Sparkle Prizm] #312,$70.00,,,,,,,,,,,$30.80,$76.99,,,,,,2,,,,,2015-12-02
3634686,Basketball Cards 2015 Panini Prizm,Carl Landry #236,$1.25,,,,,,,,,,,,$1.39,,,,,,1,,,,,2015-12-02
12272576,Basketball Cards 2015 Panini Prizm,Carl Landry [Black Prizm] #236,,,,,,,,,,,,,,,,,,,0,,,,,2015-12-02
3635006,Basketball Cards 2015 Panini Prizm,Carl Landry [Flash Prizm] #236,$1.13,,,,,,,,,,,,$1.19,,,,,,1,,,,,2015-12-02
3635266,Basketball Cards 2015 Panini Prizm,Carl Landry [Gold Prizm] #236,$149.99,,,,,,,,,,,$82.50,$165.00,,,,,,0,,,,,2015-12-02
3635542,Basketball Cards 2015 Panini Prizm,Carl Landry [Green Prizm] #236,$0.25,,,,,,,,,,,,$0.99,,,,,,0,,,,,2015-12-02
3635798,Basketball Cards 2015 Panini Prizm,Carl Landry [Light Blue Prizm] #236,$1.06,,,,,,,,,,,,$1.19,,,,,,1,,,,,2015-12-02
3636062,Basketball Cards 2015 Panini Prizm,Carl Landry [Mojo Prizm] #236,$4.99,,,,,,,,,,,$1.10,$5.49,,,,,,0,,,,,2015-12-02
3636333,Basketball Cards 2015 Panini Prizm,Carl Landry [Orange Prizm] #236,$2.30,,,,,,,,,,,,$2.49,,,,,,1,,,,,2015-12-02
3636609,Basketball Cards 2015 Panini Prizm,Carl Landry [Orange Wave Prizm] #236,$1.68,,,,,,,,,,,,$1.89,,,,,,1,,,,,2015-12-02
3636887,Basketball Cards 2015 Panini Prizm,Carl Landry [Purple Prizm] #236,$1.41,,,,,,,,,,,,$1.59,,,,,,1,,,,,2015-12-02
3637154,Basketball Cards 2015 Panini Prizm,"Carl Landry [Red, White, and Blue Prizm] #236",$1.75,,,,,,,,,,,,$1.89,,,,,,4,,,,,2015-12-02
3637415,Basketball Cards 2015 Panini Prizm,Carl Landry [Ruby Wave Prizm] #236,$164.67,,,,,,,,,,,$90.50,$181.00,,,,,,1,,,,,2015-12-02
3637632,Basketball Cards 2015 Panini Prizm,Carl Landry [Silver Prizm] #236,$1.95,,,,,,,,,,,,$2.19,,,,,,1,,,,,2015-12-02
3638152,Basketball Cards 2015 Panini Prizm,Carl Landry [White Sparkle Prizm] #236,$6.58,,,,,,,,,,,$1.40,$7.19,,,,,,2,,,,,2015-12-02
3379554,Basketball Cards 2015 Panini Prizm,Carmelo Anthony #351,$1.63,,$10.99,$11.67,$22.25,$30.00,$39.00,$18.00,$18.00,,,,$1.79,,,$3.00,$11.99,,7,,,,,2015-12-02
3634520,Basketball Cards 2015 Panini Prizm,Carmelo Anthony #56,$1.78,$2.25,$5.78,$14.99,$16.00,,,,,,,,$1.99,,$2.49,$1.30,$6.39,,6,,,,,2015-12-02
12272599,Basketball Cards 2015 Panini Prizm,Carmelo Anthony [Black Prizm] #351,,,,,,,,,,,,,,,,,,,0,,,,,2015-12-02
12272406,Basketball Cards 2015 Panini Prizm,Carmelo Anthony [Black Prizm] #56,,,,,,,,,,,,,,,,,,,0,,,,,2015-12-02
3638542,Basketball Cards 2015 Panini Prizm,Carmelo Anthony [Flash Prizm] #351,$4.22,,,,,$20.10,$26.00,$12.00,$12.00,,,$0.90,$4.59,,,,,,3,,,,,2015-12-02
3634845,Basketball Cards 2015 Panini Prizm,Carmelo Anthony [Flash Prizm] #56,$3.01,,,,,,,,,,,,$3.29,,,,,,1,,,,,2015-12-02
3638559,Basketball Cards 2015 Panini Prizm,Carmelo Anthony [Gold Prizm] #351,$199.99,,,,,,,,,,,$110.00,$220.00,,,,,,1,,,,,2015-12-02
3635104,Basketball Cards 2015 Panini Prizm,Carmelo Anthony [Gold Prizm] #56,,,,,$538.42,$1030.00,$1339.00,$618.00,$618.00,,,,,,,,,,2,,,,,2015-12-02
3638580,Basketball Cards 2015 Panini Prizm,Carmelo Anthony [Green Prizm] #351,$4.00,,,,,,,,,,,$0.90,$4.39,,,,,,1,,,,,2015-12-02
3635373,Basketball Cards 2015 Panini Prizm,Carmelo Anthony [Green Prizm] #56,$1.90,,,$5.52,$6.00,,,,,,,,$2.09,,,,,,2,,,,,2015-12-02
3638598,Basketball Cards 2015 Panini Prizm,Carmelo Anthony [Light Blue Prizm] #351,$6.44,,$10.51,$12.50,$14.00,,,,,,,$1.40,$7.09,,,$3.00,$11.99,,3,,,,,2015-12-02
3635643,Basketball Cards 2015 Panini Prizm,Carmelo Anthony [Light Blue Prizm] #56,$11.99,,$6.50,$19.38,$21.00,,,,,,,$3.30,$12.99,,,$1.40,$7.19,,5,,,,,2015-12-02
3638616,Basketball Cards 2015 Panini Prizm,Carmelo Anthony [Mojo Prizm] #351,,,,$76.00,$84.00,,,,,,,,,,,,,,1,,,,,2015-12-02
3635906,Basketball Cards 2015 Panini Prizm,Carmelo Anthony [Mojo Prizm] #56,$40.00,,,,,,,,,,,$17.60,$43.99,,,,,,1,,,,,2015-12-02
3638630,Basketball Cards 2015 Panini Prizm,Carmelo Anthony [Orange Prizm] #351,$15.00,,,,,,,,,,,$4.30,$16.99,,,,,,2,,,,,2015-12-02
129797,Basketball Cards 2015 Panini Prizm,Carmelo Anthony [Orange Prizm] #56,$10.06,,,,,,,,,,,$2.80,$10.99,,,,,,1,,,,,2015-12-02
3638649,Basketball Cards 2015 Panini Prizm,Carmelo Anthony [Orange Wave Prizm] #351,$5.00,,,,,,,,,,,$1.10,$5.49,,,,,,1,,,,,2015-12-02
129798,Basketball Cards 2015 Panini Prizm,Carmelo Anthony [Orange Wave Prizm] #56,$3.25,,,,,,,,,,,,$3.59,,,,,,2,,,,,2015-12-02
3638668,Basketball Cards 2015 Panini Prizm,Carmelo Anthony [Purple Prizm] #351,$6.39,,,,,,,,,,,$1.40,$6.99,,,,,,1,,,,,2015-12-02
129799,Basketball Cards 2015 Panini Prizm,Carmelo Anthony [Purple Prizm] #56,$13.76,,,,,$100.00,$130.00,$60.00,$60.00,,,$3.80,$14.99,,,,,,3,,,,,2015-12-02
3638686,Basketball Cards 2015 Panini Prizm,"Carmelo Anthony [Red, White, and Blue Prizm] #351",$3.59,,,$19.99,$22.00,,,,,,,$0.80,$3.99,,,,,,2,,,,,2015-12-02
129800,Basketball Cards 2015 Panini Prizm,"Carmelo Anthony [Red, White, and Blue Prizm] #56",$1.00,,,$19.99,$22.00,$33.00,$43.00,$20.00,$20.00,,,,$1.09,,,,,,4,,,,,2015-12-02
3638701,Basketball Cards 2015 Panini Prizm,Carmelo Anthony [Ruby Wave Prizm] #351,$4.36,,$19.95,,,,,,,,,$1.00,$4.79,,,$6.60,$21.99,,4,,,,,2015-12-02
3637253,Basketball Cards 2015 Panini Prizm,Carmelo Anthony [Ruby Wave Prizm] #56,$3.53,,,$17.89,$20.00,,,,,,,$0.80,$3.89,,,,,,3,,,,,2015-12-02
130521,Basketball Cards 2015 Panini Prizm,Carmelo Anthony [Silver Prizm] #351,$3.25,,$14.99,$17.35,$19.00,$29.85,$39.00,$18.00,$18.00,,,,$3.59,,,$4.00,$15.99,,5,,,,,2015-12-02
129801,Basketball Cards 2015 Panini Prizm,Carmelo Anthony [Silver Prizm] #56,$3.99,,,$19.99,$22.00,$48.00,$62.00,$29.00,$29.00,,,$0.90,$4.39,,,,,,8,,,,,2015-12-02
3638755,Basketball Cards 2015 Panini Prizm,Carmelo Anthony [White Sparkle Prizm] #351,$26.00,,,,,,,,,,,$8.70,$28.99,,,,,,1,,,,,2015-12-02
129802,Basketball Cards 2015 Panini Prizm,Carmelo Anthony [White Sparkle Prizm] #56,$93.55,,,,,,,,,,,$51.50,$103.00,,,,,,1,,,,,2015-12-02
3634668,Basketball Cards 2015 Panini Prizm,Caron Butler #217,$0.99,,,,,,,,,,,,$1.09,,,,,,1,,,,,2015-12-02
12272496,Basketball Cards 2015 Panini Prizm,Caron Butler [Black Prizm] #217,,,,,,,,,,,,,,,,,,,0,,,,,2015-12-02
3634988,Basketball Cards 2015 Panini Prizm,Caron Butler [Flash Prizm] #217,$1.40,,,,,,,,,,,,$1.49,,,,,,1,,,,,2015-12-02
3635247,Basketball Cards 2015 Panini Prizm,Caron Butler [Gold Prizm] #217,$98.00,,,,,,,,,,,$54.00,$108.00,,,,,,0,,,,,2015-12-02
3635523,Basketball Cards 2015 Panini Prizm,Caron Butler [Green Prizm] #217,$1.39,,,,,,,,,,,,$1.49,,,,,,1,,,,,2015-12-02
3635781,Basketball Cards 2015 Panini Prizm,Caron Butler [Light Blue Prizm] #217,$1.00,,,,,,,,,,,,$1.09,,,,,,1,,,,,2015-12-02
3636043,Basketball Cards 2015 Panini Prizm,Caron Butler [Mojo Prizm] #217,,,,,,,,,,,,,,,,,,,0,,,,,2015-12-02
3636316,Basketball Cards 2015 Panini Prizm,Caron Butler [Orange Prizm] #217,$2.28,,,,,,,,,,,,$2.49,,,,,,1,,,,,2015-12-02
3636590,Basketball Cards 2015 Panini Prizm,Caron Butler [Orange Wave Prizm] #217,$1.12,,,,,,,,,,,,$1.19,,,,,,1,,,,,2015-12-02
3636868,Basketball Cards 2015 Panini Prizm,Caron Butler [Purple Prizm] #217,$3.18,,,,,,,,,,,,$3.49,,,,,,1,,,,,2015-12-02
3637135,Basketball Cards 2015 Panini Prizm,"Caron Butler [Red, White, and Blue Prizm] #217",$1.48,,,,,,,,,,,,$1.59,,,,,,1,,,,,2015-12-02
3637397,Basketball Cards 2015 Panini Prizm,Caron Butler [Ruby Wave Prizm] #217,$2.43,,,,,$5.50,$7.00,$3.00,$3.00,,,,$2.69,,,,,,2,,,,,2015-12-02
3637616,Basketball Cards 2015 Panini Prizm,Caron Butler [Silver Prizm] #217,$0.99,,,,,,,,,,,,$1.09,,,,,,1,,,,,2015-12-02
3638133,Basketball Cards 2015 Panini Prizm,Caron Butler [White Sparkle Prizm] #217,$9.49,,,,,,,,,,,$2.00,$9.99,,,,,,1,,,,,2015-12-02
3634524,Basketball Cards 2015 Panini Prizm,Chandler Parsons #60,$0.25,,,,,,,,,,,,$0.99,,,,,,0,,,,,2015-12-02
12272412,Basketball Cards 2015 Panini Prizm,Chandler Parsons [Black Prizm] #60,,,,,,,,,,,,,,,,,,,0,,,,,2015-12-02
3634849,Basketball Cards 2015 Panini Prizm,Chandler Parsons [Flash Prizm] #60,$0.25,,,,,,,,,,,,$0.99,,,,,,0,,,,,2015-12-02
3635108,Basketball Cards 2015 Panini Prizm,Chandler Parsons [Gold Prizm] #60,$19.79,,,,,,,,,,,$6.60,$21.99,,,,,,1,,,,,2015-12-02
3635377,Basketball Cards 2015 Panini Prizm,Chandler Parsons [Green Prizm] #60,$0.25,,,,,,,,,,,,$0.99,,,,,,0,,,,,2015-12-02
3635646,Basketball Cards 2015 Panini Prizm,Chandler Parsons [Light Blue Prizm] #60,$2.80,,,,,,,,,,,,$3.09,,,,,,1,,,,,2015-12-02
3635910,Basketball Cards 2015 Panini Prizm,Chandler Parsons [Mojo Prizm] #60,$1.31,,,,,,,,,,,,$1.39,,,,,,1,,,,,2015-12-02
3636173,Basketball Cards 2015 Panini Prizm,Chandler Parsons [Orange Prizm] #60,$3.96,,,,,,,,,,,$0.90,$4.39,,,,,,1,,,,,2015-12-02
3636445,Basketball Cards 2015 Panini Prizm,Chandler Parsons [Orange Wave Prizm] #60,$1.39,,,,,,,,,,,,$1.49,,,,,,1,,,,,2015-12-02
3636725,Basketball Cards 2015 Panini Prizm,Chandler Parsons [Purple Prizm] #60,$3.68,,,,,,,,,,,$0.80,$4.09,,,,,,1,,,,,2015-12-02
3637000,Basketball Cards 2015 Panini Prizm,"Chandler Parsons [Red, White, and Blue Prizm] #60",$0.25,,,,,,,,,,,,$0.99,,,,,,0,,,,,2015-12-02
3637257,Basketball Cards 2015 Panini Prizm,Chandler Parsons [Ruby Wave Prizm] #60,,,,,,,,,,,,,,,,,,,0,,,,,2015-12-02
3637513,Basketball Cards 2015 Panini Prizm,Chandler Parsons [Silver Prizm] #60,$0.25,,,,,,,,,,,,$0.99,,,,,,0,,,,,2015-12-02
3637992,Basketball Cards 2015 Panini Prizm,Chandler Parsons [White Sparkle Prizm] #60,$7.43,,,,,,,,,,,$1.60,$8.19,,,,,,0,,,,,2015-12-02
3634667,Basketball Cards 2015 Panini Prizm,Channing Frye #216,$1.79,,,,,,,,,,,,$1.99,,,,,,1,,,,,2015-12-02
12272409,Basketball Cards 2015 Panini Prizm,Channing Frye [Black Prizm] #216,,,,,,,,,,,,,,,,,,,0,,,,,2015-12-02
3634987,Basketball Cards 2015 Panini Prizm,Channing Frye [Flash Prizm] #216,$1.49,,,,,,,,,,,,$1.59,,,,,,1,,,,,2015-12-02
3635246,Basketball Cards 2015 Panini Prizm,Channing Frye [Gold Prizm] #216,$98.00,,,$30.56,$34.00,,,,,,,$54.00,$108.00,,,,,,1,,,,,2015-12-02
3635522,Basketball Cards 2015 Panini Prizm,Channing Frye [Green Prizm] #216,$0.25,,,,,,,,,,,,$0.99,,,,,,0,,,,,2015-12-02
3635780,Basketball Cards 2015 Panini Prizm,Channing Frye [Light Blue Prizm] #216,$2.25,,,,,,,,,,,,$2.49,,,,,,1,,,,,2015-12-02
3636042,Basketball Cards 2015 Panini Prizm,Channing Frye [Mojo Prizm] #216,$4.22,,,,,,,,,,,$0.90,$4.59,,,,,,1,,,,,2015-12-02
3636315,Basketball Cards 2015 Panini Prizm,Channing Frye [Orange Prizm] #216,$1.50,,,,,,,,,,,,$1.69,,,,,,1,,,,,2015-12-02
3636589,Basketball Cards 2015 Panini Prizm,Channing Frye [Orange Wave Prizm] #216,$3.42,,,,,,,,,,,$0.80,$3.79,,,,,,0,,,,,2015-12-02
3636867,Basketball Cards 2015 Panini Prizm,Channing Frye [Purple Prizm] #216,$1.57,,,,,,,,,,,,$1.69,,,,,,1,,,,,2015-12-02
3637134,Basketball Cards 2015 Panini Prizm,"Channing Frye [Red, White, and Blue Prizm] #216",$0.25,,,,,,,,,,,,$0.99,,,,,,0,,,,,2015-12-02
3637396,Basketball Cards 2015 Panini Prizm,Channing Frye [Ruby Wave Prizm] #216,$1.80,,,,,,,,,,,,$1.99,,,,,,1,,,,,2015-12-02
3637615,Basketball Cards 2015 Panini Prizm,Channing Frye [Silver Prizm] #216,$1.49,,,,,,,,,,,,$1.59,,,,,,1,,,,,2015-12-02
3638132,Basketball Cards 2015 Panini Prizm,Channing Frye [White Sparkle Prizm] #216,$0.99,,,,,,,,,,,,$1.09,,,,,,1,,,,,2015-12-02
3634499,Basketball Cards 2015 Panini Prizm,Chase Budinger #32,$2.31,,,,,,,,,,,,$2.49,,,,,,1,,,,,2015-12-02
129764,Basketball Cards 2015 Panini Prizm,Chase Budinger [Black Prizm] #32,,,,,,,,,,,,,,,,,,,0,,,,,2015-12-02
3634824,Basketball Cards 2015 Panini Prizm,Chase Budinger [Flash Prizm] #32,$0.25,,,,,,,,,,,,$0.99,,,,,,0,,,,,2015-12-02
3635085,Basketball Cards 2015 Panini Prizm,Chase Budinger [Gold Prizm] #32,$20.50,,,,,,,,,,,$6.90,$22.99,,,,,,1,,,,,2015-12-02
3635351,Basketball Cards 2015 Panini Prizm,Chase Budinger [Green Prizm] #32,$4.99,,,,,,,,,,,$1.10,$5.49,,,,,,0,,,,,2015-12-02
3635623,Basketball Cards 2015 Panini Prizm,Chase Budinger [Light Blue Prizm] #32,$0.25,,,,,,,,,,,,$0.99,,,,,,0,,,,,2015-12-02
3635884,Basketball Cards 2015 Panini Prizm,Chase Budinger [Mojo Prizm] #32,,,,,,,,,,,,,,,,,,,0,,,,,2015-12-02
3348644,Basketball Cards 2015 Panini Prizm,Chase Budinger [Orange Prizm] #32,$3.09,,,,,,,,,,,,$3.39,,,,,,1,,,,,2015-12-02
3636421,Basketball Cards 2015 Panini Prizm,Chase Budinger [Orange Wave Prizm] #32,$2.27,,,,,,,,,,,,$2.49,,,,,,1,,,,,2015-12-02
3636699,Basketball Cards 2015 Panini Prizm,Chase Budinger [Purple Prizm] #32,$5.30,,,,,,,,,,,$1.20,$5.79,,,,,,1,,,,,2015-12-02
3636976,Basketball Cards 2015 Panini Prizm,"Chase Budinger [Red, White, and Blue Prizm] #32",$0.25,,,,,,,,,,,,$0.99,,,,,,0,,,,,2015-12-02
3637233,Basketball Cards 2015 Panini Prizm,Chase Budinger [Ruby Wave Prizm] #32,$0.99,,,,,,,,,,,,$1.09,,,,,,1,,,,,2015-12-02
3637492,Basketball Cards 2015 Panini Prizm,Chase Budinger [Silver Prizm] #32,$1.71,,,,,,,,,,,,$1.89,,,,,,1,,,,,2015-12-02
3637967,Basketball Cards 2015 Panini Prizm,Chase Budinger [White Sparkle Prizm] #32,,,,,,,,,,,,,,,,,,,0,,,,,2015-12-02
3634698,Basketball Cards 2015 Panini Prizm,Chauncey Billups #250,$1.31,,$9.99,,,$2.47,$3.00,$1.00,$1.00,,,,$1.39,,,$2.80,$10.99,,4,,,,,2015-12-02
12272603,Basketball Cards 2015 Panini Prizm,Chauncey Billups [Black Prizm] #250,,,,$3203.72,$3524.00,,,,,,,,,,,,,,1,,,,,2015-12-02
3635015,Basketball Cards 2015 Panini Prizm,Chauncey Billups [Flash Prizm] #250,$1.22,,,,,,,,,,,,$1.29,,,,,,1,,,,,2015-12-02
3635277,Basketball Cards 2015 Panini Prizm,Chauncey Billups [Gold Prizm] #250,$345.00,,,$294.00,$323.00,,,,,,,$190.00,$380.00,,,,,,2,,,,,2015-12-02
3635553,Basketball Cards 2015 Panini Prizm,Chauncey Billups [Green Prizm] #250,$1.59,,,,,,,,,,,,$1.79,,,,,,1,,,,,2015-12-02
3635810,Basketball Cards 2015 Panini Prizm,Chauncey Billups [Light Blue Prizm] #250,$7.49,,,,$36.95,,,,,,,$1.60,$8.19,,,,,,2,,,,,2015-12-02
3636075,Basketball Cards 2015 Panini Prizm,Chauncey Billups [Mojo Prizm] #250,,,,,,,,,,,,,,,,,,,0,,,,,2015-12-02
3636343,Basketball Cards 2015 Panini Prizm,Chauncey Billups [Orange Prizm] #250,,,,,,,,,,,,,,,,,,,0,,,,,2015-12-02
3636621,Basketball Cards 2015 Panini Prizm,Chauncey Billups [Orange Wave Prizm] #250,$3.29,,,,,,,,,,,,$3.59,,,,,,0,,,,,2015-12-02
3636898,Basketball Cards 2015 Panini Prizm,Chauncey Billups [Purple Prizm] #250,$5.88,,,,,,,,,,,$1.30,$6.49,,,,,,1,,,,,2015-12-02
3637163,Basketball Cards 2015 Panini Prizm,"Chauncey Billups [Red, White, and Blue Prizm] #250",$3.30,,,,,,,,,,,,$3.59,,,,,,2,,,,,2015-12-02
3637426,Basketball Cards 2015 Panini Prizm,Chauncey Billups [Ruby Wave Prizm] #250,$2.47,,,$17.95,$20.00,$22.00,$29.00,$13.00,$13.00,,,,$2.69,,,,,,3,,,,,2015-12-02
130087,Basketball Cards 2015 Panini Prizm,Chauncey Billups [Silver Prizm] #250,$2.99,,$0.99,$11.99,$13.00,$27.99,$36.00,$17.00,$17.00,,,,$3.29,,,,$1.09,,5,,,,,2015-12-02
3638163,Basketball Cards 2015 Panini Prizm,Chauncey Billups [White Sparkle Prizm] #250,,,,,,,,,,,,,,,,,,,0,,,,,2015-12-02
3634574,Basketball Cards 2015 Panini Prizm,Chris Andersen #114,$1.50,,,,,,,,,,,,$1.69,,,,,,1,,,,,2015-12-02
12272351,Basketball Cards 2015 Panini Prizm,Chris Andersen [Black Prizm] #114,,,,,,,,,,,,,,,,,,,0,,,,,2015-12-02
3634894,Basketball Cards 2015 Panini Prizm,Chris Andersen [Flash Prizm] #114,$2.00,,,,,,,,,,,,$2.19,,,,,,2,,,,,2015-12-02
3635156,Basketball Cards 2015 Panini Prizm,Chris Andersen [Gold Prizm] #114,,,,,,$1000.00,$1300.00,$600.00,$600.00,,,,,,,,,,1,,,,,2015-12-02
3635428,Basketball Cards 2015 Panini Prizm,Chris Andersen [Green Prizm] #114,$3.24,,,,,,,,,,,,$3.59,,,,,,0,,,,,2015-12-02
3635692,Basketball Cards 2015 Panini Prizm,Chris Andersen [Light Blue Prizm] #114,$4.24,,,,,,,,,,,$0.90,$4.69,,,,,,1,,,,,2015-12-02
3635955,Basketball Cards 2015 Panini Prizm,Chris Andersen [Mojo Prizm] #114,$24.99,,,,,,,,,,,$8.10,$26.99,,,,,,1,,,,,2015-12-02
3636222,Basketball Cards 2015 Panini Prizm,Chris Andersen [Orange Prizm] #114,$19.99,,,$49.99,$55.00,$119.99,$156.00,$72.00,$72.00,,,$6.60,$21.99,,,,,,6,,,,,2015-12-02
3636495,Basketball Cards 2015 Panini Prizm,Chris Andersen [Orange Wave Prizm] #114,$2.99,,,,,,,,,,,,$3.29,,,,,,1,,,,,2015-12-02
3636775,Basketball Cards 2015 Panini Prizm,Chris Andersen [Purple Prizm] #114,$2.86,,,,,,,,,,,,$3.19,,,,,,1,,,,,2015-12-02
3637045,Basketball Cards 2015 Panini Prizm,"Chris Andersen [Red, White, and Blue Prizm] #114",$1.99,,,,,,,,,,,,$2.19,,,,,,2,,,,,2015-12-02
3637306,Basketball Cards 2015 Panini Prizm,Chris Andersen [Ruby Wave Prizm] #114,$5.98,,,,,,,,,,,$1.30,$6.59,,,,,,4,,,,,2015-12-02
3637551,Basketball Cards 2015 Panini Prizm,Chris Andersen [Silver Prizm] #114,$1.99,,,,,,,,,,,,$2.19,,,,,,2,,,,,2015-12-02
3638042,Basketball Cards 2015 Panini Prizm,Chris Andersen [White Sparkle Prizm] #114,,,,,,,,,,,,,,,,,,,0,,,,,2015-12-02
3380308,Basketball Cards 2015 Panini Prizm,Chris Bosh #356,$1.53,,,,,,,,,,,,$1.69,,,,,,2,,,,,2015-12-02
3634538,Basketball Cards 2015 Panini Prizm,Chris Bosh #74,$0.99,,,$1.99,$2.00,$7.38,$10.00,$4.00,$4.00,,,,$1.09,,,,,,3,,,,,2015-12-02
12272609,Basketball Cards 2015 Panini Prizm,Chris Bosh [Black Prizm] #356,,,,,,,,,,,,,,,,,,,0,,,,,2015-12-02
12272460,Basketball Cards 2015 Panini Prizm,Chris Bosh [Black Prizm] #74,,,,,,,,,,,,,,,,,,,0,,,,,2015-12-02
3638546,Basketball Cards 2015 Panini Prizm,Chris Bosh [Flash Prizm] #356,$3.41,,,,,,,,,,,$0.80,$3.79,,,,,,0,,,,,2015-12-02
3634861,Basketball Cards 2015 Panini Prizm,Chris Bosh [Flash Prizm] #74,$1.95,,,$10.75,$12.00,$13.00,$17.00,$8.00,$8.00,,,,$2.19,,,,,,3,,,,,2015-12-02
3638563,Basketball Cards 2015 Panini Prizm,Chris Bosh [Gold Prizm] #356,$31.05,,,,,,,,,,,$10.20,$33.99,,,,,,1,,,,,2015-12-02
3635120,Basketball Cards 2015 Panini Prizm,Chris Bosh [Gold Prizm] #74,$249.95,,,$171.50,$189.00,,,,,,,$137.50,$275.00,,,,,,2,,,,,2015-12-02
3638584,Basketball Cards 2015 Panini Prizm,Chris Bosh [Green Prizm] #356,$2.84,,,,,,,,,,,,$3.09,,,,,,0,,,,,2015-12-02
3635390,Basketball Cards 2015 Panini Prizm,Chris Bosh [Green Prizm] #74,$2.49,,,,,,,,,,,,$2.69,,,,,,1,,,,,2015-12-02
3638602,Basketball Cards 2015 Panini Prizm,Chris Bosh [Light Blue Prizm] #356,$3.08,,,,,,,,,,,,$3.39,,,,,,1,,,,,2015-12-02
129823,Basketball Cards 2015 Panini Prizm,Chris Bosh [Light Blue Prizm] #74,$3.68,,,,,,,,,,,$0.80,$4.09,,,,,,2,,,,,2015-12-02
3638619,Basketball Cards 2015 Panini Prizm,Chris Bosh [Mojo Prizm] #356,$8.50,,,,,,,,,,,$1.90,$9.39,,,,,,1,,,,,2015-12-02
3635921,Basketball Cards 2015 Panini Prizm,Chris Bosh [Mojo Prizm] #74,$25.65,,,$34.00,$37.00,,,,,,,$8.40,$27.99,,,,,,2,,,,,2015-12-02
3638634,Basketball Cards 2015 Panini Prizm,Chris Bosh [Orange Prizm] #356,$10.32,,,,,,,,,,,$2.80,$10.99,,,,,,1,,,,,2015-12-02
3636186,Basketball Cards 2015 Panini Prizm,Chris Bosh [Orange Prizm] #74,$2.42,,,$21.95,$24.00,,,,,,,,$2.69,,,,,,2,,,,,2015-12-02
3638651,Basketball Cards 2015 Panini Prizm,Chris Bosh [Orange Wave Prizm] #356,$2.75,,,,,,,,,,,,$2.99,,,,,,1,,,,,2015-12-02
3636459,Basketball Cards 2015 Panini Prizm,Chris Bosh [Orange Wave Prizm] #74,$1.54,,,,,,,,,,,,$1.69,,,,,,2,,,,,2015-12-02
3638672,Basketball Cards 2015 Panini Prizm,Chris Bosh [Purple Prizm] #356,$4.16,,,,,,,,,,,$0.90,$4.59,,,,,,1,,,,,2015-12-02
3636737,Basketball Cards 2015 Panini Prizm,Chris Bosh [Purple Prizm] #74,$14.05,,,,,,,,,,,$3.80,$14.99,,,,,,1,,,,,2015-12-02
3638690,Basketball Cards 2015 Panini Prizm,"Chris Bosh [Red, White, and Blue Prizm] #356",$1.63,,,,,,,,,,,,$1.79,,,,,,2,,,,,2015-12-02
3637011,Basketball Cards 2015 Panini Prizm,"Chris Bosh [Red, White, and Blue Prizm] #74",$2.00,,,,,,,,,,,,$2.19,,,,,,1,,,,,2015-12-02
3638705,Basketball Cards 2015 Panini Prizm,Chris Bosh [Ruby Wave Prizm] #356,$2.51,,,,,,,,,,,,$2.79,,,,,,1,,,,,2015-12-02
3637271,Basketball Cards 2015 Panini Prizm,Chris Bosh [Ruby Wave Prizm] #74,$4.43,,,,,,,,,,,$1.00,$4.89,,,,,,2,,,,,2015-12-02
3638724,Basketball Cards 2015 Panini Prizm,Chris Bosh [Silver Prizm] #356,$2.01,,,$6.97,$8.00,$21.95,$29.00,$13.00,$13.00,,,,$2.19,,,,,,4,,,,,2015-12-02
129824,Basketball Cards 2015 Panini Prizm,Chris Bosh [Silver Prizm] #74,$2.99,,,$6.60,$7.00,$24.72,$32.00,$15.00,$15.00,,,,$3.29,,,,,,5,,,,,2015-12-02
3638759,Basketball Cards 2015 Panini Prizm,Chris Bosh [White Sparkle Prizm] #356,$66.95,,,,,,,,,,,$29.60,$73.99,,,,,,1,,,,,2015-12-02
3638005,Basketball Cards 2015 Panini Prizm,Chris Bosh [White Sparkle Prizm] #74,$70.00,,,,,,,,,,,$30.80,$76.99,,,,,,1,,,,,2015-12-02
3634642,Basketball Cards 2015 Panini Prizm,Chris Kaman #189,$0.85,,,,,,,,,,,,$0.99,,,,,,1,,,,,2015-12-02
12272702,Basketball Cards 2015 Panini Prizm,Chris Kaman [Black Prizm] #189,,,,,,,,,,,,,,,,,,,0,,,,,2015-12-02
3634961,Basketball Cards 2015 Panini Prizm,Chris Kaman [Flash Prizm] #189,$1.79,,,,,,,,,,,,$1.99,,,,,,1,,,,,2015-12-02
3635223,Basketball Cards 2015 Panini Prizm,Chris Kaman [Gold Prizm] #189,$185.74,,,,,,,,,,,$102.00,$204.00,,,,,,1,,,,,2015-12-02
3635496,Basketball Cards 2015 Panini Prizm,Chris Kaman [Green Prizm] #189,$0.70,,,,,,,,,,,,$0.99,,,,,,1,,,,,2015-12-02
3635756,Basketball Cards 2015 Panini Prizm,Chris Kaman [Light Blue Prizm] #189,$0.99,,,,,,,,,,,,$1.09,,,,,,1,,,,,2015-12-02
3636018,Basketball Cards 2015 Panini Prizm,Chris Kaman [Mojo Prizm] #189,,,,,,,,,,,,,,,,,,,0,,,,,2015-12-02
3636293,Basketball Cards 2015 Panini Prizm,Chris Kaman [Orange Prizm] #189,$7.20,,,,,,,,,,,$1.60,$7.89,,,,,,0,,,,,2015-12-02
3636564,Basketball Cards 2015 Panini Prizm,Chris Kaman [Orange Wave Prizm] #189,$1.39,,,,,,,,,,,,$1.49,,,,,,1,,,,,2015-12-02
3348637,Basketball Cards 2015 Panini Prizm,Chris Kaman [Purple Prizm] #189,$1.95,,,,,,,,,,,,$2.19,,,,,,1,,,,,2015-12-02
3637110,Basketball Cards 2015 Panini Prizm,"Chris Kaman [Red, White, and Blue Prizm] #189",$0.99,,,,,,,,,,,,$1.09,,,,,,1,,,,,2015-12-02
3637371,Basketball Cards 2015 Panini Prizm,Chris Kaman [Ruby Wave Prizm] #189,$3.07,,,,,,,,,,,,$3.39,,,,,,2,,,,,2015-12-02
3637598,Basketball Cards 2015 Panini Prizm,Chris Kaman [Silver Prizm] #189,$1.94,,,,,,,,,,,,$2.09,,,,,,1,,,,,2015-12-02
3638107,Basketball Cards 2015 Panini Prizm,Chris Kaman [White Sparkle Prizm] #189,$11.74,,,,,,,,,,,$3.30,$12.99,,,,,,0,,,,,2015-12-02
3634754,Basketball Cards 2015 Panini Prizm,Chris McCullough #321,$0.99,,,,,,,,,,,,$1.09,,,,,,1,,,,,2015-12-02
12272491,Basketball Cards 2015 Panini Prizm,Chris McCullough [Black Prizm] #321,,,,,,,,,,,,,,,,,,,0,,,,,2015-12-02
3638220,Basketball Cards 2015 Panini Prizm,Chris McCullough [Flash Prizm] #321,$1.99,,,,,,,,,,,,$2.19,,,,,,1,,,,,2015-12-02
130304,Basketball Cards 2015 Panini Prizm,Chris McCullough [Gold Prizm] #321,$42.50,,,,,,,,,,,$18.80,$46.99,,,,,,1,,,,,2015-12-02
3638283,Basketball Cards 2015 Panini Prizm,Chris McCullough [Green Prizm] #321,$0.25,,,,,,,,,,,,$0.99,,,,,,0,,,,,2015-12-02
3638312,Basketball Cards 2015 Panini Prizm,Chris McCullough [Light Blue Prizm] #321,$3.69,,,,,,,,,,,$0.80,$4.09,,,,,,1,,,,,2015-12-02
3638338,Basketball Cards 2015 Panini Prizm,Chris McCullough [Mojo Prizm] #321,$5.99,,,,,,,,,,,$1.30,$6.59,,,,,,1,,,,,2015-12-02
130305,Basketball Cards 2015 Panini Prizm,Chris McCullough [Orange Prizm] #321,$2.49,,,,,,,,,,,,$2.69,,,,,,1,,,,,2015-12-02
3638382,Basketball Cards 2015 Panini Prizm,Chris McCullough [Orange Wave Prizm] #321,$1.96,,,,,,,,,,,,$2.19,,,,,,1,,,,,2015-12-02
3638412,Basketball Cards 2015 Panini Prizm,Chris McCullough [Purple Prizm] #321,$2.28,,,,,,,,,,,,$2.49,,,,,,1,,,,,2015-12-02
3638439,Basketball Cards 2015 Panini Prizm,"Chris McCullough [Red, White, and Blue Prizm] #321",$1.55,,,,,,,,,,,,$1.69,,,,,,1,,,,,2015-12-02
3638463,Basketball Cards 2015 Panini Prizm,Chris McCullough [Ruby Wave Prizm] #321,$2.29,,,,,,,,,,,,$2.49,,,,,,1,,,,,2015-12-02
130306,Basketball Cards 2015 Panini Prizm,Chris McCullough [Silver Prizm] #321,$1.65,,,,,,,,,,,,$1.79,,,,,,1,,,,,2015-12-02
3638533,Basketball Cards 2015 Panini Prizm,Chris McCullough [White Sparkle Prizm] #321,$10.91,$12.50,,,,,,,,,,$3.00,$11.99,$3.50,$13.99,,,,2,,,,,2015-12-02
3634718,Basketball Cards 2015 Panini Prizm,Chris Mullin #273,$1.82,,,$3.99,$4.00,$24.99,$32.00,$15.00,$15.00,,,,$1.99,,,,,,4,,,,,2015-12-02
12272676,Basketball Cards 2015 Panini Prizm,Chris Mullin [Black Prizm] #273,,,,,,,,,,,,,,,,,,,0,,,,,2015-12-02
3635034,Basketball Cards 2015 Panini Prizm,Chris Mullin [Flash Prizm] #273,$1.99,,,,,,,,,,,,$2.19,,,,,,1,,,,,2015-12-02
3635300,Basketball Cards 2015 Panini Prizm,Chris Mullin [Gold Prizm] #273,$66.00,,,,,,,,,,,$29.20,$72.99,,,,,,1,,,,,2015-12-02
3635574,Basketball Cards 2015 Panini Prizm,Chris Mullin [Green Prizm] #273,$1.15,,,,,,,,,,,,$1.29,,,,,,1,,,,,2015-12-02
3635831,Basketball Cards 2015 Panini Prizm,Chris Mullin [Light Blue Prizm] #273,$5.49,,,,,,,,,,,$1.20,$5.99,,,,,,2,,,,,2015-12-02
3636094,Basketball Cards 2015 Panini Prizm,Chris Mullin [Mojo Prizm] #273,$5.50,,,,,,,,,,,$1.20,$6.09,,,,,,1,,,,,2015-12-02
3636365,Basketball Cards 2015 Panini Prizm,Chris Mullin [Orange Prizm] #273,,,,,,,,,,,,,,,,,,,0,,,,,2015-12-02
3636644,Basketball Cards 2015 Panini Prizm,Chris Mullin [Orange Wave Prizm] #273,$1.98,,,,,,,,,,,,$2.19,,,,,,1,,,,,2015-12-02
3636922,Basketball Cards 2015 Panini Prizm,Chris Mullin [Purple Prizm] #273,$0.99,,,,,,,,,,,,$1.09,,,,,,1,,,,,2015-12-02
3637182,Basketball Cards 2015 Panini Prizm,"Chris Mullin [Red, White, and Blue Prizm] #273",$1.91,,,,,$25.40,$33.00,$15.00,$15.00,,,,$2.09,,,,,,3,,,,,2015-12-02
130132,Basketball Cards 2015 Panini Prizm,Chris Mullin [Ruby Wave Prizm] #273,$2.60,,,,,,,,,,,,$2.89,,,,,,2,,,,,2015-12-02
130133,Basketball Cards 2015 Panini Prizm,Chris Mullin [Silver Prizm] #273,$1.79,,,$13.50,$15.00,$18.50,$24.00,$11.00,$11.00,,,,$1.99,,,,,,3,,,,,2015-12-02
130134,Basketball Cards 2015 Panini Prizm,Chris Mullin [White Sparkle Prizm] #273,$32.93,,,,,,,,,,,$14.40,$35.99,,,,,,1,,,,,2015-12-02
3634563,Basketball Cards 2015 Panini Prizm,Chris Paul #102,$1.49,,,$2.75,$3.00,$9.93,$13.00,$6.00,$6.00,,,,$1.59,,,,,,3,,,,,2015-12-02
3380307,Basketball Cards 2015 Panini Prizm,Chris Paul #372,$1.99,,$2.25,$13.99,$15.00,$17.00,$22.00,$10.00,$10.00,,,,$2.19,,,,$2.49,,5,,,,,2015-12-02
3634780,Basketball Cards 2015 Panini Prizm,Chris Paul #383,$1.95,,,$3.35,$4.00,$11.26,$15.00,$7.00,$7.00,,,,$2.19,,,,,,4,,,,,2015-12-02
3634790,Basketball Cards 2015 Panini Prizm,Chris Paul #394,$1.99,,$9.99,$11.00,$12.00,$13.00,$17.00,$8.00,$8.00,,,,$2.19,,,$2.80,$10.99,,6,,,,,2015-12-02
12272322,Basketball Cards 2015 Panini Prizm,Chris Paul [Black Prizm] #102,,,,,,,,,,,,,,,,,,,0,,,,,2015-12-02
12272629,Basketball Cards 2015 Panini Prizm,Chris Paul [Black Prizm] #372,,,,,,,,,,,,,,,,,,,0,,,,,2015-12-02
12272658,Basketball Cards 2015 Panini Prizm,Chris Paul [Black Prizm] #383,,,,,,,,,,,,,,,,,,,0,,,,,2015-12-02
12272674,Basketball Cards 2015 Panini Prizm,Chris Paul [Black Prizm] #394,,,,,,,,,,,,,,,,,,,0,,,,,2015-12-02
3634883,Basketball Cards 2015 Panini Prizm,Chris Paul [Flash Prizm] #102,$0.99,,,$10.49,$12.00,$39.99,$52.00,$24.00,$24.00,,,,$1.09,,,,,,4,,,,,2015-12-02
3638558,Basketball Cards 2015 Panini Prizm,Chris Paul [Flash Prizm] #372,$4.25,,,,,,,,,,,$0.90,$4.69,,,,,,4,,,,,2015-12-02
3638777,Basketball Cards 2015 Panini Prizm,Chris Paul [Flash Prizm] #383,$1.35,,,,,$21.49,$28.00,$13.00,$13.00,,,,$1.49,,,,,,2,,,,,2015-12-02
3638786,Basketball Cards 2015 Panini Prizm,Chris Paul [Flash Prizm] #394,$9.99,,,,,$29.99,$39.00,$18.00,$18.00,,,$2.80,$10.99,,,,,,1,,,,,2015-12-02
3635145,Basketball Cards 2015 Panini Prizm,Chris Paul [Gold Prizm] #102,,,,,$525.00,,,,,,,,,,,,,,1,,,,,2015-12-02
3638577,Basketball Cards 2015 Panini Prizm,Chris Paul [Gold Prizm] #372,,,,,,,,,,,,,,,,,,,0,,,,,2015-12-02
130659,Basketball Cards 2015 Panini Prizm,Chris Paul [Gold Prizm] #383,$1.99,,,,,,,,,,,,$2.19,,,,,,1,,,,,2015-12-02
3638803,Basketball Cards 2015 Panini Prizm,Chris Paul [Gold Prizm] #394,$50.00,,$69.43,$140.50,$155.00,,,,,,,$22.00,$54.99,,,$30.40,$75.99,,7,,,,,2015-12-02
3635416,Basketball Cards 2015 Panini Prizm,Chris Paul [Green Prizm] #102,$2.09,,,,,,,,,,,,$2.29,,,,,,1,,,,,2015-12-02
3638595,Basketball Cards 2015 Panini Prizm,Chris Paul [Green Prizm] #372,$3.43,,,,,,,,,,,$0.80,$3.79,,,,,,1,,,,,2015-12-02
3638814,Basketball Cards 2015 Panini Prizm,Chris Paul [Green Prizm] #383,$7.00,,,,,,,,,,,$1.50,$7.69,,,,,,1,,,,,2015-12-02
3638821,Basketball Cards 2015 Panini Prizm,Chris Paul [Green Prizm] #394,$3.00,,,,,,,,,,,,$3.29,,,,,,0,,,,,2015-12-02
3635682,Basketball Cards 2015 Panini Prizm,Chris Paul [Light Blue Prizm] #102,$1.83,,,$29.99,$33.00,$50.00,$65.00,$30.00,$30.00,,,,$1.99,,,,,,5,,,,,2015-12-02
3638614,Basketball Cards 2015 Panini Prizm,Chris Paul [Light Blue Prizm] #372,$2.75,,,,,,,,,,,,$2.99,,,,,,2,,,,,2015-12-02
3638828,Basketball Cards 2015 Panini Prizm,Chris Paul [Light Blue Prizm] #383,$3.99,,,,,$43.00,$56.00,$26.00,$26.00,,,$0.90,$4.39,,,,,,2,,,,,2015-12-02
130705,Basketball Cards 2015 Panini Prizm,Chris Paul [Light Blue Prizm] #394,$4.17,,,,,$59.99,$78.00,$36.00,$36.00,,,$0.90,$4.59,,,,,,3,,,,,2015-12-02
129857,Basketball Cards 2015 Panini Prizm,Chris Paul [Mojo Prizm] #102,$66.07,,,,,,,,,,,$29.20,$72.99,,,,,,1,,,,,2015-12-02
3638629,Basketball Cards 2015 Panini Prizm,Chris Paul [Mojo Prizm] #372,$21.53,,,,,,,,,,,$7.20,$23.99,,,,,,0,,,,,2015-12-02
3638843,Basketball Cards 2015 Panini Prizm,Chris Paul [Mojo Prizm] #383,,,,$15.50,$17.00,,,,,,,,,,,,,,1,,,,,2015-12-02
3638852,Basketball Cards 2015 Panini Prizm,Chris Paul [Mojo Prizm] #394,$86.50,,,$26.00,$29.00,$35.16,$46.00,$21.00,$21.00,,,$38.00,$94.99,,,,,,3,,,,,2015-12-02
3636211,Basketball Cards 2015 Panini Prizm,Chris Paul [Orange Prizm] #102,$14.34,,,,,$76.07,$99.00,$46.00,$46.00,,,$4.00,$15.99,,,,,,1,,,,,2015-12-02
3638648,Basketball Cards 2015 Panini Prizm,Chris Paul [Orange Prizm] #372,$14.99,,,,,,,,,,,$4.00,$15.99,,,,,,1,,,,,2015-12-02
3638858,Basketball Cards 2015 Panini Prizm,Chris Paul [Orange Prizm] #383,$5.50,,,,,,,,,,,$1.20,$6.09,,,,,,1,,,,,2015-12-02
3638867,Basketball Cards 2015 Panini Prizm,Chris Paul [Orange Prizm] #394,$0.99,,,,,,,,,,,,$1.09,,,,,,2,,,,,2015-12-02
3636484,Basketball Cards 2015 Panini Prizm,Chris Paul [Orange Wave Prizm] #102,$2.24,,,,,,,,,,,,$2.49,,,,,,1,,,,,2015-12-02
3638876,Basketball Cards 2015 Panini Prizm,Chris Paul [Orange Wave Prizm] #383,$3.61,,,,,,,,,,,$0.80,$3.99,,,,,,2,,,,,2015-12-02
3638884,Basketball Cards 2015 Panini Prizm,Chris Paul [Orange Wave Prizm] #394,$9.16,,,,,,,,,,,$2.00,$9.99,,,,,,1,,,,,2015-12-02
2418501,Basketball Cards 2015 Panini Prizm,Chris Paul [Orange Wave] #372,$0.99,,,,,,,,,,,,$1.09,,,,,,1,,,,,2015-12-02
3636764,Basketball Cards 2015 Panini Prizm,Chris Paul [Purple Prizm] #102,$1.49,,,,,,,,,,,,$1.59,,,,,,1,,,,,2015-12-02
3638683,Basketball Cards 2015 Panini Prizm,Chris Paul [Purple Prizm] #372,$2.46,,,,,,,,,,,,$2.69,,,,,,1,,,,,2015-12-02
3638895,Basketball Cards 2015 Panini Prizm,Chris Paul [Purple Prizm] #383,$6.77,,,,,,,,,,,$1.50,$7.49,,,,,,1,,,,,2015-12-02
130706,Basketball Cards 2015 Panini Prizm,Chris Paul [Purple Prizm] #394,$3.12,,,,,,,,,,,,$3.39,,,,,,2,,,,,2015-12-02
129858,Basketball Cards 2015 Panini Prizm,"Chris Paul [Red, White, and Blue Prizm] #102",$3.99,,,,,$45.25,$59.00,$27.00,$27.00,,,$0.90,$4.39,,,,,,2,,,,,2015-12-02
130593,Basketball Cards 2015 Panini Prizm,"Chris Paul [Red, White, and Blue Prizm] #372",$0.99,,,,,,,,,,,,$1.09,,,,,,1,,,,,2015-12-02
130660,Basketball Cards 2015 Panini Prizm,"Chris Paul [Red, White, and Blue Prizm] #383",$2.71,,,$10.00,$11.00,$29.00,$38.00,$17.00,$17.00,,,,$2.99,,,,,,3,,,,,2015-12-02
3638919,Basketball Cards 2015 Panini Prizm,"Chris Paul [Red, White, and Blue Prizm] #394",$3.77,,,,,,,,,,,$0.80,$4.19,,,,,,1,,,,,2015-12-02
129859,Basketball Cards 2015 Panini Prizm,Chris Paul [Ruby Wave Prizm] #102,$2.50,,,,,$22.58,$29.00,$14.00,$14.00,,,,$2.79,,,,,,3,,,,,2015-12-02
3638720,Basketball Cards 2015 Panini Prizm,Chris Paul [Ruby Wave Prizm] #372,$4.02,,,,,,,,,,,$0.90,$4.39,,,,,,1,,,,,2015-12-02
3638925,Basketball Cards 2015 Panini Prizm,Chris Paul [Ruby Wave Prizm] #383,$1.08,,,$2.04,$2.00,,,,,,,,$1.19,,,,,,4,,,,,2015-12-02
130707,Basketball Cards 2015 Panini Prizm,Chris Paul [Ruby Wave Prizm] #394,$4.00,,,$6.51,$7.00,$39.99,$52.00,$24.00,$24.00,,,$0.90,$4.39,,,,,,4,,,,,2015-12-02
129860,Basketball Cards 2015 Panini Prizm,Chris Paul [Silver Prizm] #102,$2.99,,$3.95,$13.98,$15.00,$17.18,$22.00,$10.00,$10.00,,,,$3.29,,,$0.90,$4.39,,7,,,,,2015-12-02
130594,Basketball Cards 2015 Panini Prizm,Chris Paul [Silver Prizm] #372,$1.99,,,$12.64,$14.00,$29.95,$39.00,$18.00,$18.00,,,,$2.19,,,,,,3,,,,,2015-12-02
130663,Basketball Cards 2015 Panini Prizm,Chris Paul [Silver Prizm] #383,$1.89,,,$11.29,$12.00,$19.13,$25.00,$11.00,$11.00,,,,$2.09,,,,,,4,,,,,2015-12-02
130708,Basketball Cards 2015 Panini Prizm,Chris Paul [Silver Prizm] #394,$1.77,,,$11.89,$13.00,$29.99,$39.00,$18.00,$18.00,,,,$1.99,,,,,,4,,,,,2015-12-02
3638031,Basketball Cards 2015 Panini Prizm,Chris Paul [White Sparkle Prizm] #102,$60.00,,,,,,,,,,,$26.40,$65.99,,,,,,1,,,,,2015-12-02
130595,Basketball Cards 2015 Panini Prizm,Chris Paul [White Sparkle Prizm] #372,$63.50,$12.50,,,,,,,,,,$28.00,$69.99,$3.50,$13.99,,,,1,,,,,2015-12-02
130661,Basketball Cards 2015 Panini Prizm,Chris Paul [White Sparkle Prizm] #383,$86.50,,,,,,,,,,,$38.00,$94.99,,,,,,0,,,,,2015-12-02
3638973,Basketball Cards 2015 Panini Prizm,Chris Paul [White Sparkle Prizm] #394,,,,,,$29.00,$38.00,$17.00,$17.00,,,,,,,,,,1,,,,,2015-12-02
3634737,Basketball Cards 2015 Panini Prizm,Clifford Robinson #292,$1.39,,,,,,,,,,,,$1.49,,,,,,1,,,,,2015-12-02
12272689,Basketball Cards 2015 Panini Prizm,Clifford Robinson [Black Prizm] #292,,,,,,,,,,,,,,,,,,,0,,,,,2015-12-02
3635049,Basketball Cards 2015 Panini Prizm,Clifford Robinson [Flash Prizm] #292,$1.50,,,,,,,,,,,,$1.69,,,,,,1,,,,,2015-12-02
3635316,Basketball Cards 2015 Panini Prizm,Clifford Robinson [Gold Prizm] #292,$18.50,,,,,,,,,,,$5.00,$19.99,,,,,,1,,,,,2015-12-02
3635590,Basketball Cards 2015 Panini Prizm,Clifford Robinson [Green Prizm] #292,$1.12,,,,,,,,,,,,$1.19,,,,,,1,,,,,2015-12-02
3635848,Basketball Cards 2015 Panini Prizm,Clifford Robinson [Light Blue Prizm] #292,$1.95,,,,,,,,,,,,$2.19,,,,,,1,,,,,2015-12-02
3636113,Basketball Cards 2015 Panini Prizm,Clifford Robinson [Mojo Prizm] #292,$2.35,,,,,,,,,,,,$2.59,,,,,,1,,,,,2015-12-02
3636382,Basketball Cards 2015 Panini Prizm,Clifford Robinson [Orange Prizm] #292,$9.99,,,,,,,,,,,$2.80,$10.99,,,,,,1,,,,,2015-12-02
3636662,Basketball Cards 2015 Panini Prizm,Clifford Robinson [Orange Wave Prizm] #292,$2.98,,,$0.99,$1.00,,,,,,,,$3.29,,,,,,2,,,,,2015-12-02
3636939,Basketball Cards 2015 Panini Prizm,Clifford Robinson [Purple Prizm] #292,$1.89,,,,,,,,,,,,$2.09,,,,,,1,,,,,2015-12-02
3637195,Basketball Cards 2015 Panini Prizm,"Clifford Robinson [Red, White, and Blue Prizm] #292",$0.99,,,,,,,,,,,,$1.09,,,,,,1,,,,,2015-12-02
3637464,Basketball Cards 2015 Panini Prizm,Clifford Robinson [Ruby Wave Prizm] #292,$2.37,,,,,,,,,,,,$2.59,,,,,,1,,,,,2015-12-02
130175,Basketball Cards 2015 Panini Prizm,Clifford Robinson [Silver Prizm] #292,$1.99,,,$2.61,$3.00,$5.07,$7.00,$3.00,$3.00,,,,$2.19,,,,,,3,,,,,2015-12-02
3638198,Basketball Cards 2015 Panini Prizm,Clifford Robinson [White Sparkle Prizm] #292,$12.03,,,,,,,,,,,$3.30,$12.99,,,,,,1,,,,,2015-12-02
3634728,Basketball Cards 2015 Panini Prizm,Clyde Drexler #283,$1.25,,$2.57,,,$29.99,$39.00,$18.00,$18.00,,,,$1.39,,,,$2.79,,4,,,,,2015-12-02
12272669,Basketball Cards 2015 Panini Prizm,Clyde Drexler [Black Prizm] #283,,,,,,,,,,,,,,,,,,,0,,,,,2015-12-02
3635043,Basketball Cards 2015 Panini Prizm,Clyde Drexler [Flash Prizm] #283,$2.58,,,,,,,,,,,,$2.79,,,,,,1,,,,,2015-12-02
3635308,Basketball Cards 2015 Panini Prizm,Clyde Drexler [Gold Prizm] #283,,,,,,,,,,,,,,,,,,,0,,,,,2015-12-02
3635583,Basketball Cards 2015 Panini Prizm,Clyde Drexler [Green Prizm] #283,$1.68,,,,,,,,,,,,$1.89,,,,,,1,,,,,2015-12-02
3635839,Basketball Cards 2015 Panini Prizm,Clyde Drexler [Light Blue Prizm] #283,$4.31,,,,,,,,,,,$0.90,$4.69,,,,,,2,,,,,2015-12-02
3636104,Basketball Cards 2015 Panini Prizm,Clyde Drexler [Mojo Prizm] #283,$21.50,,,,,,,,,,,$7.20,$23.99,,,,,,1,,,,,2015-12-02
3636374,Basketball Cards 2015 Panini Prizm,Clyde Drexler [Orange Prizm] #283,$8.43,,,$24.50,$27.00,,,,,,,$1.90,$9.29,,,,,,2,,,,,2015-12-02
3636654,Basketball Cards 2015 Panini Prizm,Clyde Drexler [Orange Wave Prizm] #283,$3.68,,,,,,,,,,,$0.80,$4.09,,,,,,1,,,,,2015-12-02
3636931,Basketball Cards 2015 Panini Prizm,Clyde Drexler [Purple Prizm] #283,$7.99,,,,,,,,,,,$1.80,$8.79,,,,,,1,,,,,2015-12-02
3637190,Basketball Cards 2015 Panini Prizm,"Clyde Drexler [Red, White, and Blue Prizm] #283",$2.57,,,,,,,,,,,,$2.79,,,,,,2,,,,,2015-12-02
3637456,Basketball Cards 2015 Panini Prizm,Clyde Drexler [Ruby Wave Prizm] #283,$3.00,,,,,,,,,,,,$3.29,,,,,,2,,,,,2015-12-02
130151,Basketball Cards 2015 Panini Prizm,Clyde Drexler [Silver Prizm] #283,$2.67,,,$7.25,$8.00,$26.00,$34.00,$16.00,$16.00,,,,$2.89,,,,,,4,,,,,2015-12-02
3638191,Basketball Cards 2015 Panini Prizm,Clyde Drexler [White Sparkle Prizm] #283,,,,,,,,,,,,,,,,,,,0,,,,,2015-12-02
3634494,Basketball Cards 2015 Panini Prizm,Cody Zeller #27,$0.99,,,,,,,,,,,,$1.09,,,,,,1,,,,,2015-12-02
12272355,Basketball Cards 2015 Panini Prizm,Cody Zeller [Black Prizm] #27,,,,,,,,,,,,,,,,,,,0,,,,,2015-12-02
3634819,Basketball Cards 2015 Panini Prizm,Cody Zeller [Flash Prizm] #27,$1.99,,,,,,,,,,,,$2.19,,,,,,1,,,,,2015-12-02
3635080,Basketball Cards 2015 Panini Prizm,Cody Zeller [Gold Prizm] #27,,,,,,,,,,,,,,,,,,,0,,,,,2015-12-02
3635346,Basketball Cards 2015 Panini Prizm,Cody Zeller [Green Prizm] #27,$2.25,,,,,,,,,,,,$2.49,,,,,,0,,,,,2015-12-02
3635620,Basketball Cards 2015 Panini Prizm,Cody Zeller [Light Blue Prizm] #27,$1.05,,,,,,,,,,,,$1.19,,,,,,1,,,,,2015-12-02
3635879,Basketball Cards 2015 Panini Prizm,Cody Zeller [Mojo Prizm] #27,$10.00,,,,,,,,,,,$2.80,$10.99,,,,,,1,,,,,2015-12-02
3636146,Basketball Cards 2015 Panini Prizm,Cody Zeller [Orange Prizm] #27,$5.14,,,,,,,,,,,$1.10,$5.69,,,,,,1,,,,,2015-12-02
3636416,Basketball Cards 2015 Panini Prizm,Cody Zeller [Orange Wave Prizm] #27,$1.99,,,,,,,,,,,,$2.19,,,,,,1,,,,,2015-12-02
3636694,Basketball Cards 2015 Panini Prizm,Cody Zeller [Purple Prizm] #27,$3.71,,,,,,,,,,,$0.80,$4.09,,,,,,1,,,,,2015-12-02
3636971,Basketball Cards 2015 Panini Prizm,"Cody Zeller [Red, White, and Blue Prizm] #27",$0.25,,,,,,,,,,,,$0.99,,,,,,0,,,,,2015-12-02
3637228,Basketball Cards 2015 Panini Prizm,Cody Zeller [Ruby Wave Prizm] #27,$1.99,,,,,,,,,,,,$2.19,,,,,,1,,,,,2015-12-02
3637487,Basketball Cards 2015 Panini Prizm,Cody Zeller [Silver Prizm] #27,$0.25,,,,,,,,,,,,$0.99,,,,,,0,,,,,2015-12-02
3637963,Basketball Cards 2015 Panini Prizm,Cody Zeller [White Sparkle Prizm] #27,,,,,,,,,,,,,,,,,,,0,,,,,2015-12-02
3634647,Basketball Cards 2015 Panini Prizm,Cory Joseph #195,$0.99,,,,,,,,,,,,$1.09,,,,,,1,,,,,2015-12-02
12272567,Basketball Cards 2015 Panini Prizm,Cory Joseph [Black Prizm] #195,,,,,,,,,,,,,,,,,,,0,,,,,2015-12-02
3634967,Basketball Cards 2015 Panini Prizm,Cory Joseph [Flash Prizm] #195,$0.25,,,,,,,,,,,,$0.99,,,,,,0,,,,,2015-12-02
3635228,Basketball Cards 2015 Panini Prizm,Cory Joseph [Gold Prizm] #195,$36.00,,,$120.00,$132.00,,,,,,,$16.00,$39.99,,,,,,2,,,,,2015-12-02
3635502,Basketball Cards 2015 Panini Prizm,Cory Joseph [Green Prizm] #195,$0.25,,,,,,,,,,,,$0.99,,,,,,0,,,,,2015-12-02
3635761,Basketball Cards 2015 Panini Prizm,Cory Joseph [Light Blue Prizm] #195,$1.12,,,,,,,,,,,,$1.19,,,,,,1,,,,,2015-12-02
3636023,Basketball Cards 2015 Panini Prizm,Cory Joseph [Mojo Prizm] #195,$4.99,,,,,,,,,,,$1.10,$5.49,,,,,,1,,,,,2015-12-02
3636297,Basketball Cards 2015 Panini Prizm,Cory Joseph [Orange Prizm] #195,$1.40,,,,,,,,,,,,$1.49,,,,,,1,,,,,2015-12-02
3636569,Basketball Cards 2015 Panini Prizm,Cory Joseph [Orange Wave Prizm] #195,$0.25,,,,,,,,,,,,$0.99,,,,,,0,,,,,2015-12-02
3636847,Basketball Cards 2015 Panini Prizm,Cory Joseph [Purple Prizm] #195,$3.75,,,,,,,,,,,$0.80,$4.09,,,,,,0,,,,,2015-12-02
3637115,Basketball Cards 2015 Panini Prizm,"Cory Joseph [Red, White, and Blue Prizm] #195",$0.25,,,,,,,,,,,,$0.99,,,,,,0,,,,,2015-12-02
3637376,Basketball Cards 2015 Panini Prizm,Cory Joseph [Ruby Wave Prizm] #195,,,,,,,,,,,,,,,,,,,0,,,,,2015-12-02
3637601,Basketball Cards 2015 Panini Prizm,Cory Joseph [Silver Prizm] #195,$0.25,,,,,,,,,,,,$0.99,,,,,,0,,,,,2015-12-02
3638112,Basketball Cards 2015 Panini Prizm,Cory Joseph [White Sparkle Prizm] #195,,,,,,,,,,,,,,,,,,,0,,,,,2015-12-02
3634511,Basketball Cards 2015 Panini Prizm,Courtney Lee #44,$1.49,,,,,,,,,,,,$1.59,,,,,,1,,,,,2015-12-02
12272401,Basketball Cards 2015 Panini Prizm,Courtney Lee [Black Prizm] #44,,,,,,,,,,,,,,,,,,,0,,,,,2015-12-02
3634836,Basketball Cards 2015 Panini Prizm,Courtney Lee [Flash Prizm] #44,$0.99,,,,,,,,,,,,$1.09,,,,,,1,,,,,2015-12-02
129771,Basketball Cards 2015 Panini Prizm,Courtney Lee [Gold Prizm] #44,,,,,,$41.50,$54.00,$25.00,$25.00,,,,,,,,,,1,,,,,2015-12-02
3635363,Basketball Cards 2015 Panini Prizm,Courtney Lee [Green Prizm] #44,$1.39,,,,,,,,,,,,$1.49,,,,,,1,,,,,2015-12-02
3635635,Basketball Cards 2015 Panini Prizm,Courtney Lee [Light Blue Prizm] #44,$2.24,,,,,,,,,,,,$2.49,,,,,,0,,,,,2015-12-02
3635896,Basketball Cards 2015 Panini Prizm,Courtney Lee [Mojo Prizm] #44,,,,,,,,,,,,,,,,,,,0,,,,,2015-12-02
3636162,Basketball Cards 2015 Panini Prizm,Courtney Lee [Orange Prizm] #44,$1.92,,,,,,,,,,,,$2.09,,,,,,1,,,,,2015-12-02
3636433,Basketball Cards 2015 Panini Prizm,Courtney Lee [Orange Wave Prizm] #44,$0.25,,,,,,,,,,,,$0.99,,,,,,0,,,,,2015-12-02
3636711,Basketball Cards 2015 Panini Prizm,Courtney Lee [Purple Prizm] #44,$2.25,,,,,,,,,,,,$2.49,,,,,,1,,,,,2015-12-02
3636987,Basketball Cards 2015 Panini Prizm,"Courtney Lee [Red, White, and Blue Prizm] #44",$2.05,,,,,,,,,,,,$2.29,,,,,,0,,,,,2015-12-02
3637245,Basketball Cards 2015 Panini Prizm,Courtney Lee [Ruby Wave Prizm] #44,$2.95,,,,,,,,,,,,$3.29,,,,,,1,,,,,2015-12-02
3637502,Basketball Cards 2015 Panini Prizm,Courtney Lee [Silver Prizm] #44,$1.69,,,,,,,,,,,,$1.89,,,,,,1,,,,,2015-12-02
3637979,Basketball Cards 2015 Panini Prizm,Courtney Lee [White Sparkle Prizm] #44,$4.25,,,,,,,,,,,$0.90,$4.69,,,,,,1,,,,,2015-12-02
130307,Basketball Cards 2015 Panini Prizm,D'Angelo Russell #322,$2.96,$2.25,$4.99,$6.82,$8.00,$17.34,$208.50,$10.00,$30.00,,,,$3.29,,$2.49,$1.10,$5.49,,57,,,,,2015-12-02
12272467,Basketball Cards 2015 Panini Prizm,D'Angelo Russell [Black Prizm] #322,,,,,,,,,,,,,,,,,,,0,,,,,2015-12-02
130308,Basketball Cards 2015 Panini Prizm,D'Angelo Russell [Flash Prizm] #322,$17.31,,,$28.75,$40.00,$129.46,$168.00,$78.00,$78.00,,,$4.80,$18.99,,,,,,8,,,,,2015-12-02
130309,Basketball Cards 2015 Panini Prizm,D'Angelo Russell [Gold Prizm] #322,$82.00,,,$898.00,$1524.00,,,,,,,$36.00,$89.99,,,,,,3,,,,,2015-12-02
130310,Basketball Cards 2015 Panini Prizm,D'Angelo Russell [Green Prizm] #322,$6.41,,$4.25,$11.78,$46.00,$96.77,$126.00,$58.00,$58.00,,,$1.40,$7.09,,,$0.90,$4.69,,9,,,,,2015-12-02
130311,Basketball Cards 2015 Panini Prizm,D'Angelo Russell [Light Blue Prizm] #322,$15.00,,$73.64,$81.00,$91.63,$275.00,$358.00,$165.00,$165.00,,,$4.30,$16.99,,,$32.40,$80.99,,8,,,,,2015-12-02
130312,Basketball Cards 2015 Panini Prizm,D'Angelo Russell [Mojo Prizm] #322,,,$374.00,,,,,,,,,,,,,$205.50,$411.00,,1,,,,,2015-12-02
130313,Basketball Cards 2015 Panini Prizm,D'Angelo Russell [Orange Prizm] #322,$28.00,,$42.00,$135.00,$183.05,$401.25,$522.00,$241.00,$241.00,,,$9.30,$30.99,,,$18.40,$45.99,,5,,,,,2015-12-02
130314,Basketball Cards 2015 Panini Prizm,D'Angelo Russell [Orange Wave Prizm] #322,$9.99,,,$28.00,$33.00,$34.00,$44.00,$20.00,$20.00,,,$2.80,$10.99,,,,,,5,,,,,2015-12-02
130315,Basketball Cards 2015 Panini Prizm,D'Angelo Russell [Purple Prizm] #322,$150.01,,$9.99,$61.02,$152.49,$562.49,$731.00,$337.00,$337.00,,,$82.50,$165.00,,,$2.80,$10.99,,5,,,,,2015-12-02
130316,Basketball Cards 2015 Panini Prizm,"D'Angelo Russell [Red, White, and Blue Prizm] #322",$5.28,,$1.13,$12.93,$19.00,$19.01,$25.00,$11.00,$11.00,,,$1.20,$5.79,,,,$1.19,,13,,,,,2015-12-02
130317,Basketball Cards 2015 Panini Prizm,D'Angelo Russell [Ruby Wave Prizm] #322,$4.69,,$36.00,$40.00,$44.00,$87.64,$174.27,$53.00,$53.00,,,$1.00,$5.19,,,$16.00,$39.99,,11,,,,,2015-12-02
130318,Basketball Cards 2015 Panini Prizm,D'Angelo Russell [Silver Prizm] #322,$4.25,$3.25,$5.60,$13.62,$18.03,$47.00,$61.00,$28.00,$28.00,,,$0.90,$4.69,,$3.59,$1.20,$6.19,,31,,,,,2015-12-02
130319,Basketball Cards 2015 Panini Prizm,D'Angelo Russell [White Sparkle Prizm] #322,,,,,,$317.37,$413.00,$190.00,$190.00,,,,,,,,,,1,,,,,2015-12-02
3634751,Basketball Cards 2015 Panini Prizm,Dakari Johnson #315,$1.79,,,,,,,,,,,,$1.99,,,,,,3,,,,,2015-12-02
12272446,Basketball Cards 2015 Panini Prizm,Dakari Johnson [Black Prizm] #315,,,,,,,,,,,,,,,,,,,0,,,,,2015-12-02
3638216,Basketball Cards 2015 Panini Prizm,Dakari Johnson [Flash Prizm] #315,$5.75,,,,,,,,,,,$1.30,$6.29,,,,,,1,,,,,2015-12-02
3638246,Basketball Cards 2015 Panini Prizm,Dakari Johnson [Gold Prizm] #315,,,,,,,,,,,,,,,,,,,0,,,,,2015-12-02
3638280,Basketball Cards 2015 Panini Prizm,Dakari Johnson [Green Prizm] #315,$3.99,,,,,,,,,,,$0.90,$4.39,,,,,,1,,,,,2015-12-02
3638309,Basketball Cards 2015 Panini Prizm,Dakari Johnson [Light Blue Prizm] #315,$5.14,,,,,,,,,,,$1.10,$5.69,,,,,,1,,,,,2015-12-02
3638334,Basketball Cards 2015 Panini Prizm,Dakari Johnson [Mojo Prizm] #315,$14.99,,,,,,,,,,,$4.00,$15.99,,,,,,1,,,,,2015-12-02
3638354,Basketball Cards 2015 Panini Prizm,Dakari Johnson [Orange Prizm] #315,$3.86,,,,,,,,,,,$0.90,$4.29,,,,,,1,,,,,2015-12-02
3638379,Basketball Cards 2015 Panini Prizm,Dakari Johnson [Orange Wave Prizm] #315,$3.41,,,,,,,,,,,$0.80,$3.79,,,,,,1,,,,,2015-12-02
3638409,Basketball Cards 2015 Panini Prizm,Dakari Johnson [Purple Prizm] #315,$4.28,,,,,,,,,,,$0.90,$4.69,,,,,,1,,,,,2015-12-02
3638436,Basketball Cards 2015 Panini Prizm,"Dakari Johnson [Red, White, and Blue Prizm] #315",$1.77,,,,,,,,,,,,$1.99,,,,,,1,,,,,2015-12-02
3638460,Basketball Cards 2015 Panini Prizm,Dakari Johnson [Ruby Wave Prizm] #315,$3.32,,,,,,,,,,,,$3.69,,,,,,1,,,,,2015-12-02
130265,Basketball Cards 2015 Panini Prizm,Dakari Johnson [Silver Prizm] #315,$2.14,,,,,$4.99,$6.00,$3.00,$3.00,,,,$2.39,,,,,,3,,,,,2015-12-02
3638530,Basketball Cards 2015 Panini Prizm,Dakari Johnson [White Sparkle Prizm] #315,,,,,,,,,,,,,,,,,,,0,,,,,2015-12-02
129971,Basketball Cards 2015 Panini Prizm,Damian Lillard #179,$2.13,,$3.89,$3.99,$15.00,$15.51,$20.00,$9.00,$9.00,,,,$2.29,,,$0.90,$4.29,,10,,,,,2015-12-02
3634776,Basketball Cards 2015 Panini Prizm,Damian Lillard #370,$1.74,,$1.99,$2.83,$3.00,$10.00,$13.00,$6.00,$6.00,,,,$1.89,,,,$2.19,,5,,,,,2015-12-02
12272553,Basketball Cards 2015 Panini Prizm,Damian Lillard [Black Prizm] #179,,,,,,,,,,,,,,,,,,,0,,,,,2015-12-02
12272627,Basketball Cards 2015 Panini Prizm,Damian Lillard [Black Prizm] #370,,,,,,,,,,,,,,,,,,,0,,,,,2015-12-02
129974,Basketball Cards 2015 Panini Prizm,Damian Lillard [Flash Prizm] #179,$2.98,,$11.50,$21.22,$23.00,$49.99,$65.00,$30.00,$30.00,,,,$3.29,,,$3.30,$12.99,,4,,,,,2015-12-02
3638557,Basketball Cards 2015 Panini Prizm,Damian Lillard [Flash Prizm] #370,$3.16,,,,,$23.49,$31.00,$14.00,$14.00,,,,$3.49,,,,,,2,,,,,2015-12-02
3635214,Basketball Cards 2015 Panini Prizm,Damian Lillard [Gold Prizm] #179,,,,$450.00,$495.00,,,,,,,,,,,,,,1,,,,,2015-12-02
3638575,Basketball Cards 2015 Panini Prizm,Damian Lillard [Gold Prizm] #370,,,,$200.22,$220.00,,,,,,,,,,,,,,1,,,,,2015-12-02
3635489,Basketball Cards 2015 Panini Prizm,Damian Lillard [Green Prizm] #179,$9.56,,,$21.99,$24.00,$67.77,$88.00,$41.00,$41.00,,,$2.80,$10.99,,,,,,3,,,,,2015-12-02
130584,Basketball Cards 2015 Panini Prizm,Damian Lillard [Green Prizm] #370,$3.42,,,,,,,,,,,$0.80,$3.79,,,,,,1,,,,,2015-12-02
129972,Basketball Cards 2015 Panini Prizm,Damian Lillard [Light Blue Prizm] #179,$5.25,,$15.00,,,$117.50,$153.00,$71.00,$71.00,,,$1.20,$5.79,,,$4.30,$16.99,,4,,,,,2015-12-02
130585,Basketball Cards 2015 Panini Prizm,Damian Lillard [Light Blue Prizm] #370,$4.75,,,$20.49,$23.00,,,,,,,$1.00,$5.19,,,,,,3,,,,,2015-12-02
129973,Basketball Cards 2015 Panini Prizm,Damian Lillard [Mojo Prizm] #179,,,,$126.29,$139.00,$224.50,$292.00,$135.00,$135.00,,,,,,,,,,3,,,,,2015-12-02
3638628,Basketball Cards 2015 Panini Prizm,Damian Lillard [Mojo Prizm] #370,$52.00,,,$44.53,$49.00,,,,,,,$22.80,$56.99,,,,,,1,,,,,2015-12-02
3636284,Basketball Cards 2015 Panini Prizm,Damian Lillard [Orange Prizm] #179,$15.89,,,$23.50,$26.00,$62.00,$81.00,$37.00,$37.00,,,$4.30,$16.99,,,,,,3,,,,,2015-12-02
3638646,Basketball Cards 2015 Panini Prizm,Damian Lillard [Orange Prizm] #370,$8.00,,$9.49,,,,,,,,,$1.80,$8.79,,,$2.00,$9.99,,2,,,,,2015-12-02
3636556,Basketball Cards 2015 Panini Prizm,Damian Lillard [Orange Wave Prizm] #179,$9.24,,$3.85,$32.00,$35.00,,,,,,,$2.00,$9.99,,,$0.80,$4.19,,4,,,,,2015-12-02
3638664,Basketball Cards 2015 Panini Prizm,Damian Lillard [Orange Wave Prizm] #370,$1.04,,,,,,,,,,,,$1.09,,,,,,2,,,,,2015-12-02
3313938,Basketball Cards 2015 Panini Prizm,Damian Lillard [Purple Prizm] #179,$4.25,,,,,$160.00,$208.00,$96.00,$96.00,,,$0.90,$4.69,,,,,,2,,,,,2015-12-02
3638681,Basketball Cards 2015 Panini Prizm,Damian Lillard [Purple Prizm] #370,$1.67,,,,,,,,,,,,$1.79,,,,,,1,,,,,2015-12-02
129975,Basketball Cards 2015 Panini Prizm,"Damian Lillard [Red, White, and Blue Prizm] #179",$4.00,,$10.95,$14.95,$16.00,$21.22,$28.00,$13.00,$13.00,,,$0.90,$4.39,,,$3.00,$11.99,,5,,,,,2015-12-02
3638699,Basketball Cards 2015 Panini Prizm,"Damian Lillard [Red, White, and Blue Prizm] #370",$1.45,$5.95,,$14.95,$16.00,$20.50,$27.00,$12.00,$12.00,,,,$1.59,$1.30,$6.59,,,,5,,,,,2015-12-02
3637363,Basketball Cards 2015 Panini Prizm,Damian Lillard [Ruby Wave Prizm] #179,$7.39,,$10.19,$12.99,$49.00,$49.99,$65.00,$30.00,$30.00,,,$1.60,$8.09,,,$2.80,$10.99,,8,,,,,2015-12-02
3638718,Basketball Cards 2015 Panini Prizm,Damian Lillard [Ruby Wave Prizm] #370,$4.39,,$14.95,,,,,,,,,$1.00,$4.79,,,$4.00,$15.99,,4,,,,,2015-12-02
129976,Basketball Cards 2015 Panini Prizm,Damian Lillard [Silver Prizm] #179,$4.00,,$5.50,$9.40,$25.51,$111.79,$145.00,$67.00,$67.00,,,$0.90,$4.39,,,$1.20,$6.09,,12,,,,,2015-12-02
130586,Basketball Cards 2015 Panini Prizm,Damian Lillard [Silver Prizm] #370,$2.62,,,$16.99,$19.00,$27.99,$36.00,$17.00,$17.00,,,,$2.89,,,,,,5,,,,,2015-12-02
3638098,Basketball Cards 2015 Panini Prizm,Damian Lillard [White Sparkle Prizm] #179,,,,$249.00,$299.99,,,,,,,,,,,,,,2,,,,,2015-12-02
130587,Basketball Cards 2015 Panini Prizm,Damian Lillard [White Sparkle Prizm] #370,$83.00,,,$84.00,$92.00,,,,$69.65,,,$36.40,$90.99,,,,,,2,,,,,2015-12-02
3634743,Basketball Cards 2015 Panini Prizm,Dan Majerle #299,$1.34,,,,,,,,,,,,$1.49,,,,,,1,,,,,2015-12-02
130190,Basketball Cards 2015 Panini Prizm,Dan Majerle [Black Prizm] #299,,,,,,,,,,,,,,,,,,,0,,,,,2015-12-02
3635055,Basketball Cards 2015 Panini Prizm,Dan Majerle [Flash Prizm] #299,$1.99,,,,,,,,,,,,$2.19,,,,,,1,,,,,2015-12-02
3635322,Basketball Cards 2015 Panini Prizm,Dan Majerle [Gold Prizm] #299,,,,,,,,,,,,,,,,,,,0,,,,,2015-12-02
3635595,Basketball Cards 2015 Panini Prizm,Dan Majerle [Green Prizm] #299,$1.94,,,,,,,,,,,,$2.09,,,,,,1,,,,,2015-12-02
3635854,Basketball Cards 2015 Panini Prizm,Dan Majerle [Light Blue Prizm] #299,$4.51,,,,,,,,,,,$1.00,$4.99,,,,,,1,,,,,2015-12-02
3636120,Basketball Cards 2015 Panini Prizm,Dan Majerle [Mojo Prizm] #299,,,,,,,,,,,,,,,,,,,0,,,,,2015-12-02
3636388,Basketball Cards 2015 Panini Prizm,Dan Majerle [Orange Prizm] #299,$19.83,,,,,,,,,,,$6.60,$21.99,,,,,,1,,,,,2015-12-02
3636667,Basketball Cards 2015 Panini Prizm,Dan Majerle [Orange Wave Prizm] #299,$4.03,,,,,,,,,,,$0.90,$4.39,,,,,,1,,,,,2015-12-02
3636945,Basketball Cards 2015 Panini Prizm,Dan Majerle [Purple Prizm] #299,$114.10,,,,,,,,,,,$63.00,$126.00,,,,,,1,,,,,2015-12-02
3637200,Basketball Cards 2015 Panini Prizm,"Dan Majerle [Red, White, and Blue Prizm] #299",$1.99,,,,,,,,,,,,$2.19,,,,,,1,,,,,2015-12-02
3637469,Basketball Cards 2015 Panini Prizm,Dan Majerle [Ruby Wave Prizm] #299,$3.27,,,,,,,,,,,,$3.59,,,,,,3,,,,,2015-12-02
3637641,Basketball Cards 2015 Panini Prizm,Dan Majerle [Silver Prizm] #299,$2.23,,$4.50,$18.99,$21.00,$23.00,$30.00,$14.00,$14.00,,,,$2.49,,,$1.00,$4.99,,5,,,,,2015-12-02
3638204,Basketball Cards 2015 Panini Prizm,Dan Majerle [White Sparkle Prizm] #299,,,,,,,,,,,,,,,,,,,0,,,,,2015-12-02
3634564,Basketball Cards 2015 Panini Prizm,Danilo Gallinari #103,$0.99,,,,,,,,,,,,$1.09,,,,,,1,,,,,2015-12-02
12272323,Basketball Cards 2015 Panini Prizm,Danilo Gallinari [Black Prizm] #103,,,,,,,,,,,,,,,,,,,0,,,,,2015-12-02
3634884,Basketball Cards 2015 Panini Prizm,Danilo Gallinari [Flash Prizm] #103,$1.49,,,,,,,,,,,,$1.59,,,,,,1,,,,,2015-12-02
3635146,Basketball Cards 2015 Panini Prizm,Danilo Gallinari [Gold Prizm] #103,,,,,,,,,,,,,,,,,,,0,,,,,2015-12-02
3635417,Basketball Cards 2015 Panini Prizm,Danilo Gallinari [Green Prizm] #103,$0.25,,,,,,,,,,,,$0.99,,,,,,0,,,,,2015-12-02
3635683,Basketball Cards 2015 Panini Prizm,Danilo Gallinari [Light Blue Prizm] #103,$3.92,,,,,,,,,,,$0.90,$4.29,,,,,,1,,,,,2015-12-02
3635945,Basketball Cards 2015 Panini Prizm,Danilo Gallinari [Mojo Prizm] #103,,,,,,,,,,,,,,,,,,,0,,,,,2015-12-02
3636212,Basketball Cards 2015 Panini Prizm,Danilo Gallinari [Orange Prizm] #103,$18.65,,,,,,,,,,,$6.30,$20.99,,,,,,1,,,,,2015-12-02
3636485,Basketball Cards 2015 Panini Prizm,Danilo Gallinari [Orange Wave Prizm] #103,$1.39,,,,,,,,,,,,$1.49,,,,,,1,,,,,2015-12-02
3636765,Basketball Cards 2015 Panini Prizm,Danilo Gallinari [Purple Prizm] #103,$2.49,,,,,,,,,,,,$2.69,,,,,,1,,,,,2015-12-02
3637036,Basketball Cards 2015 Panini Prizm,"Danilo Gallinari [Red, White, and Blue Prizm] #103",$1.25,,,,,,,,,,,,$1.39,,,,,,1,,,,,2015-12-02
3637295,Basketball Cards 2015 Panini Prizm,Danilo Gallinari [Ruby Wave Prizm] #103,$0.99,,,,,,,,,,,,$1.09,,,,,,1,,,,,2015-12-02
3637542,Basketball Cards 2015 Panini Prizm,Danilo Gallinari [Silver Prizm] #103,$0.99,,,,,,,,,,,,$1.09,,,,,,1,,,,,2015-12-02
3638032,Basketball Cards 2015 Panini Prizm,Danilo Gallinari [White Sparkle Prizm] #103,,,,,,,,,,,,,,,,,,,0,,,,,2015-12-02
3634553,Basketball Cards 2015 Panini Prizm,Danny Green #91,,,,,,,,,,,,,,,,,,,0,,,,,2015-12-02
12272512,Basketball Cards 2015 Panini Prizm,Danny Green [Black Prizm] #91,,,,,,,,,,,,,,,,,,,0,,,,,2015-12-02
3634874,Basketball Cards 2015 Panini Prizm,Danny Green [Flash Prizm] #91,,,,,,,,,,,,,,,,,,,0,,,,,2015-12-02
3635136,Basketball Cards 2015 Panini Prizm,Danny Green [Gold Prizm] #91,,,,,,,,,,,,,,,,,,,0,,,,,2015-12-02
3635406,Basketball Cards 2015 Panini Prizm,Danny Green [Green Prizm] #91,$1.67,,,,,,,,,,,,$1.79,,,,,,3,,,,,2015-12-02
3635672,Basketball Cards 2015 Panini Prizm,Danny Green [Light Blue Prizm] #91,$0.99,,,,,,,,,,,,$1.09,,,,,,1,,,,,2015-12-02
3635937,Basketball Cards 2015 Panini Prizm,Danny Green [Mojo Prizm] #91,,,,,,,,,,,,,,,,,,,0,,,,,2015-12-02
3636201,Basketball Cards 2015 Panini Prizm,Danny Green [Orange Prizm] #91,$2.50,,,,,,,,,,,,$2.79,,,,,,1,,,,,2015-12-02
3636474,Basketball Cards 2015 Panini Prizm,Danny Green [Orange Wave Prizm] #91,$2.00,,,,,,,,,,,,$2.19,,,,,,1,,,,,2015-12-02
3636752,Basketball Cards 2015 Panini Prizm,Danny Green [Purple Prizm] #91,$3.24,,,,,,,,,,,,$3.59,,,,,,1,,,,,2015-12-02
3637028,Basketball Cards 2015 Panini Prizm,"Danny Green [Red, White, and Blue Prizm] #91",$1.99,,,,,$5.60,$7.00,$3.00,$3.00,,,,$2.19,,,,,,2,,,,,2015-12-02
3637285,Basketball Cards 2015 Panini Prizm,Danny Green [Ruby Wave Prizm] #91,$1.99,,,,,,,,,,,,$2.19,,,,,,2,,,,,2015-12-02
2963692,Basketball Cards 2015 Panini Prizm,Danny Green [Silver Prizm] #91,$1.60,,,,,,,,,,,,$1.79,,,,,,1,,,,,2015-12-02
3638021,Basketball Cards 2015 Panini Prizm,Danny Green [White Sparkle Prizm] #91,,,,,,,,,,,,,,,,,,,0,,,,,2015-12-02
3634653,Basketball Cards 2015 Panini Prizm,Dante Exum #201,$0.99,,,,,,,,,,,,$1.09,,,,,,1,,,,,2015-12-02
12272586,Basketball Cards 2015 Panini Prizm,Dante Exum [Black Prizm] #201,,,,,,,,,,,,,,,,,,,0,,,,,2015-12-02
3634973,Basketball Cards 2015 Panini Prizm,Dante Exum [Flash Prizm] #201,$0.25,,,,,,,,,,,,$0.99,,,,,,0,,,,,2015-12-02
3635234,Basketball Cards 2015 Panini Prizm,Dante Exum [Gold Prizm] #201,$68.71,,,,,,,,,,,$30.40,$75.99,,,,,,1,,,,,2015-12-02
3635508,Basketball Cards 2015 Panini Prizm,Dante Exum [Green Prizm] #201,$2.25,,,,,,,,,,,,$2.49,,,,,,0,,,,,2015-12-02
3635767,Basketball Cards 2015 Panini Prizm,Dante Exum [Light Blue Prizm] #201,$2.50,,,,,,,,,,,,$2.79,,,,,,0,,,,,2015-12-02
3636029,Basketball Cards 2015 Panini Prizm,Dante Exum [Mojo Prizm] #201,$17.50,,,,,,,,,,,$4.80,$18.99,,,,,,1,,,,,2015-12-02
3348648,Basketball Cards 2015 Panini Prizm,Dante Exum [Orange Prizm] #201,$5.76,,,,,,,,,,,$1.30,$6.29,,,,,,1,,,,,2015-12-02
3638986,Basketball Cards 2015 Panini Prizm,Dante Exum [Orange Wave Prizm] #201,$0.25,,,,,,,,,,,,$0.99,,,,,,0,,,,,2015-12-02
3636853,Basketball Cards 2015 Panini Prizm,Dante Exum [Purple Prizm] #201,$0.99,,,,,,,,,,,,$1.09,,,,,,1,,,,,2015-12-02
3637121,Basketball Cards 2015 Panini Prizm,"Dante Exum [Red, White, and Blue Prizm] #201",$1.92,,,,,,,,,,,,$2.09,,,,,,1,,,,,2015-12-02
3637382,Basketball Cards 2015 Panini Prizm,Dante Exum [Ruby Wave Prizm] #201,,,,,,,,,,,,,,,,,,,0,,,,,2015-12-02
3637604,Basketball Cards 2015 Panini Prizm,Dante Exum [Silver Prizm] #201,$3.06,,,,,,,,,,,,$3.39,,,,,,3,,,,,2015-12-02
3638118,Basketball Cards 2015 Panini Prizm,Dante Exum [White Sparkle Prizm] #201,$49.99,,,,,,,,,,,$22.00,$54.99,,,,,,1,,,,,2015-12-02
3634479,Basketball Cards 2015 Panini Prizm,Darren Collison #11,$0.99,,,,,,,,,,,,$1.09,,,,,,1,,,,,2015-12-02
12272319,Basketball Cards 2015 Panini Prizm,Darren Collison [Black Prizm] #11,,,,,,,,,,,,,,,,,,,0,,,,,2015-12-02
3634803,Basketball Cards 2015 Panini Prizm,Darren Collison [Flash Prizm] #11,$0.25,,,,,,,,,,,,$0.99,,,,,,0,,,,,2015-12-02
3635065,Basketball Cards 2015 Panini Prizm,Darren Collison [Gold Prizm] #11,,,,,,,,,,,,,,,,,,,0,,,,,2015-12-02
3635332,Basketball Cards 2015 Panini Prizm,Darren Collison [Green Prizm] #11,$0.25,,,,,,,,,,,,$0.99,,,,,,0,,,,,2015-12-02
3635606,Basketball Cards 2015 Panini Prizm,Darren Collison [Light Blue Prizm] #11,$0.83,,,,,,,,,,,,$0.99,,,,,,1,,,,,2015-12-02
3635864,Basketball Cards 2015 Panini Prizm,Darren Collison [Mojo Prizm] #11,$4.42,,,,,,,,,,,$1.00,$4.89,,,,,,1,,,,,2015-12-02
3636131,Basketball Cards 2015 Panini Prizm,Darren Collison [Orange Prizm] #11,$4.50,,,,,,,,,,,$1.00,$4.99,,,,,,1,,,,,2015-12-02
3636400,Basketball Cards 2015 Panini Prizm,Darren Collison [Orange Wave Prizm] #11,$0.25,,,,,,,,,,,,$0.99,,,,,,0,,,,,2015-12-02
3636679,Basketball Cards 2015 Panini Prizm,Darren Collison [Purple Prizm] #11,$3.39,,,,,,,,,,,,$3.69,,,,,,1,,,,,2015-12-02
3636955,Basketball Cards 2015 Panini Prizm,"Darren Collison [Red, White, and Blue Prizm] #11",$3.11,,,,,,,,,,,,$3.39,,,,,,1,,,,,2015-12-02
3637212,Basketball Cards 2015 Panini Prizm,Darren Collison [Ruby Wave Prizm] #11,,,,,,,,,,,,,,,,,,,0,,,,,2015-12-02
3637477,Basketball Cards 2015 Panini Prizm,Darren Collison [Silver Prizm] #11,$0.25,,,,,,,,,,,,$0.99,,,,,,0,,,,,2015-12-02
3637946,Basketball Cards 2015 Panini Prizm,Darren Collison [White Sparkle Prizm] #11,,,,,,,,,,,,,,,,,,,0,,,,,2015-12-02
3634761,Basketball Cards 2015 Panini Prizm,Darrun Hilliard #345,$0.99,,,,,,,,,,,,$1.09,,,,,,1,,,,,2015-12-02
12272583,Basketball Cards 2015 Panini Prizm,Darrun Hilliard [Black Prizm] #345,,,,,,,,,,,,,,,,,,,0,,,,,2015-12-02
3638234,Basketball Cards 2015 Panini Prizm,Darrun Hilliard [Flash Prizm] #345,$1.40,,,,,,,,,,,,$1.49,,,,,,1,,,,,2015-12-02
3638267,Basketball Cards 2015 Panini Prizm,Darrun Hilliard [Gold Prizm] #345,,,,,,,,,,,,,,,,,,,0,,,,,2015-12-02
3638296,Basketball Cards 2015 Panini Prizm,Darrun Hilliard [Green Prizm] #345,$2.27,,,,,,,,,,,,$2.49,,,,,,1,,,,,2015-12-02
3638322,Basketball Cards 2015 Panini Prizm,Darrun Hilliard [Light Blue Prizm] #345,$1.50,,,,,,,,,,,,$1.69,,,,,,1,,,,,2015-12-02
3638346,Basketball Cards 2015 Panini Prizm,Darrun Hilliard [Mojo Prizm] #345,$6.48,,,,,,,,,,,$1.40,$7.09,,,,,,1,,,,,2015-12-02
3638367,Basketball Cards 2015 Panini Prizm,Darrun Hilliard [Orange Prizm] #345,$7.49,,,,$9.00,,,,,,,$1.60,$8.19,,,,,,2,,,,,2015-12-02
3638395,Basketball Cards 2015 Panini Prizm,Darrun Hilliard [Orange Wave Prizm] #345,$1.40,,,,,,,,,,,,$1.49,,,,,,1,,,,,2015-12-02
3638425,Basketball Cards 2015 Panini Prizm,Darrun Hilliard [Purple Prizm] #345,$6.28,,,,,,,,,,,$1.40,$6.89,,,,,,1,,,,,2015-12-02
3638450,Basketball Cards 2015 Panini Prizm,"Darrun Hilliard [Red, White, and Blue Prizm] #345",$1.12,,,,,,,,,,,,$1.19,,,,,,1,,,,,2015-12-02
3638472,Basketball Cards 2015 Panini Prizm,Darrun Hilliard [Ruby Wave Prizm] #345,$2.22,,,,,,,,,,,,$2.39,,,,,,1,,,,,2015-12-02
130479,Basketball Cards 2015 Panini Prizm,Darrun Hilliard [Silver Prizm] #345,$1.75,,,$26.52,$29.00,,,,,,,,$1.89,,,,,,2,,,,,2015-12-02
130480,Basketball Cards 2015 Panini Prizm,Darrun Hilliard [White Sparkle Prizm] #345,,,,,,,,,,,,,,,,,,,0,,,,,2015-12-02
3634719,Basketball Cards 2015 Panini Prizm,Darryl Dawkins #274,$1.93,,,,,,,,,,,,$2.09,,,,,,3,,,,,2015-12-02
12272653,Basketball Cards 2015 Panini Prizm,Darryl Dawkins [Black Prizm] #274,,,,,,,,,,,,,,,,,,,0,,,,,2015-12-02
3635035,Basketball Cards 2015 Panini Prizm,Darryl Dawkins [Flash Prizm] #274,$3.15,,,,,$2.99,$4.00,$2.00,$2.00,,,,$3.49,,,,,,2,,,,,2015-12-02
130135,Basketball Cards 2015 Panini Prizm,Darryl Dawkins [Gold Prizm] #274,,,,,,,,,,,,,,,,,,,0,,,,,2015-12-02
3635575,Basketball Cards 2015 Panini Prizm,Darryl Dawkins [Green Prizm] #274,$1.85,,,,,,,,,,,,$1.99,,,,,,1,,,,,2015-12-02
3635832,Basketball Cards 2015 Panini Prizm,Darryl Dawkins [Light Blue Prizm] #274,$4.49,,,,,,,,,,,$1.00,$4.89,,,,,,2,,,,,2015-12-02
3636095,Basketball Cards 2015 Panini Prizm,Darryl Dawkins [Mojo Prizm] #274,$7.50,,,,,,,,,,,$1.70,$8.29,,,,,,1,,,,,2015-12-02
3636366,Basketball Cards 2015 Panini Prizm,Darryl Dawkins [Orange Prizm] #274,$4.58,,,,,,,,,,,$1.00,$4.99,,,,,,1,,,,,2015-12-02
3636645,Basketball Cards 2015 Panini Prizm,Darryl Dawkins [Orange Wave Prizm] #274,$2.99,,,,,,,,,,,,$3.29,,,,,,1,,,,,2015-12-02
3636923,Basketball Cards 2015 Panini Prizm,Darryl Dawkins [Purple Prizm] #274,$9.99,,,,,,,,,,,$2.80,$10.99,,,,,,1,,,,,2015-12-02
3637183,Basketball Cards 2015 Panini Prizm,"Darryl Dawkins [Red, White, and Blue Prizm] #274",$1.99,,,,,,,,,,,,$2.19,,,,,,2,,,,,2015-12-02
3637447,Basketball Cards 2015 Panini Prizm,Darryl Dawkins [Ruby Wave Prizm] #274,$3.26,,,,,,,,,,,,$3.59,,,,,,1,,,,,2015-12-02
130136,Basketball Cards 2015 Panini Prizm,Darryl Dawkins [Silver Prizm] #274,$2.47,,,$13.49,$15.00,$29.71,$39.00,$18.00,$18.00,,,,$2.69,,,,,,4,,,,,2015-12-02
3638182,Basketball Cards 2015 Panini Prizm,Darryl Dawkins [White Sparkle Prizm] #274,,,,,,,,,,,,,,,,,,,0,,,,,2015-12-02
3634542,Basketball Cards 2015 Panini Prizm,David Lee #78,$0.99,,,,,,,,,,,,$1.09,,,,,,1,,,,,2015-12-02
12272485,Basketball Cards 2015 Panini Prizm,David Lee [Black Prizm] #78,,,,,,,,,,,,,,,,,,,0,,,,,2015-12-02
3634864,Basketball Cards 2015 Panini Prizm,David Lee [Flash Prizm] #78,$0.25,,,,,,,,,,,,$0.99,,,,,,0,,,,,2015-12-02
3635124,Basketball Cards 2015 Panini Prizm,David Lee [Gold Prizm] #78,,,,,,,,,,,,,,,,,,,0,,,,,2015-12-02
3635394,Basketball Cards 2015 Panini Prizm,David Lee [Green Prizm] #78,$1.99,,,,,,,,,,,,$2.19,,,,,,1,,,,,2015-12-02
3635661,Basketball Cards 2015 Panini Prizm,David Lee [Light Blue Prizm] #78,$0.99,,,,,,,,,,,,$1.09,,,,,,1,,,,,2015-12-02
3635925,Basketball Cards 2015 Panini Prizm,David Lee [Mojo Prizm] #78,$7.99,,,,,,,,,,,$1.80,$8.79,,,,,,1,,,,,2015-12-02
3636190,Basketball Cards 2015 Panini Prizm,David Lee [Orange Prizm] #78,$3.98,,,,,,,,,,,$0.90,$4.39,,,,,,0,,,,,2015-12-02
3636463,Basketball Cards 2015 Panini Prizm,David Lee [Orange Wave Prizm] #78,$1.89,,,,,,,,,,,,$2.09,,,,,,1,,,,,2015-12-02
3636740,Basketball Cards 2015 Panini Prizm,David Lee [Purple Prizm] #78,$2.90,,,,,,,,,,,,$3.19,,,,,,0,,,,,2015-12-02
3637015,Basketball Cards 2015 Panini Prizm,"David Lee [Red, White, and Blue Prizm] #78",$0.25,,,,,,,,,,,,$0.99,,,,,,0,,,,,2015-12-02
3637275,Basketball Cards 2015 Panini Prizm,David Lee [Ruby Wave Prizm] #78,$1.99,,,,,,,,,,,,$2.19,,,,,,1,,,,,2015-12-02
3637525,Basketball Cards 2015 Panini Prizm,David Lee [Silver Prizm] #78,$1.99,,,,,,,,,,,,$2.19,,,,,,1,,,,,2015-12-02
3638009,Basketball Cards 2015 Panini Prizm,David Lee [White Sparkle Prizm] #78,$11.74,,,,,,,,,,,$3.30,$12.99,,,,,,0,,,,,2015-12-02
3634738,Basketball Cards 2015 Panini Prizm,David Robinson #293,$1.63,,,$3.74,$4.00,$21.74,$28.00,$13.00,$13.00,,,,$1.79,,,,,,5,,,,,2015-12-02
12272691,Basketball Cards 2015 Panini Prizm,David Robinson [Black Prizm] #293,,,,,,,,,,,,,,,,,,,0,,,,,2015-12-02
3635050,Basketball Cards 2015 Panini Prizm,David Robinson [Flash Prizm] #293,$2.74,,,$15.00,$17.00,$19.99,$26.00,$12.00,$12.00,,,,$2.99,,,,,,3,,,,,2015-12-02
3635317,Basketball Cards 2015 Panini Prizm,David Robinson [Gold Prizm] #293,,,,$500.00,$550.00,,,,,,,,,,,,,,1,,,,,2015-12-02
130174,Basketball Cards 2015 Panini Prizm,David Robinson [Green Prizm] #293,$4.99,,,$14.95,$16.00,$29.99,$39.00,$18.00,$18.00,,,$1.10,$5.49,,,,,,3,,,,,2015-12-02
3635849,Basketball Cards 2015 Panini Prizm,David Robinson [Light Blue Prizm] #293,$9.63,,,,,,,,,,,$2.80,$10.99,,,,,,3,,,,,2015-12-02
3636114,Basketball Cards 2015 Panini Prizm,David Robinson [Mojo Prizm] #293,$108.50,,,,,,,,,,,$59.50,$119.00,,,,,,1,,,,,2015-12-02
3636383,Basketball Cards 2015 Panini Prizm,David Robinson [Orange Prizm] #293,$2.25,,,,,$50.19,$65.00,$30.00,$30.00,,,,$2.49,,,,,,2,,,,,2015-12-02
3636663,Basketball Cards 2015 Panini Prizm,David Robinson [Orange Wave Prizm] #293,$7.82,,,,,,,,,,,$1.70,$8.59,,,,,,1,,,,,2015-12-02
3636940,Basketball Cards 2015 Panini Prizm,David Robinson [Purple Prizm] #293,$18.04,,,$24.40,$27.00,,,,,,,$5.00,$19.99,,,,,,2,,,,,2015-12-02
130177,Basketball Cards 2015 Panini Prizm,"David Robinson [Red, White, and Blue Prizm] #293",$2.44,,,$12.95,$19.95,$47.62,$62.00,$29.00,$29.00,,,,$2.69,,,,,,5,,,,,2015-12-02
3637465,Basketball Cards 2015 Panini Prizm,David Robinson [Ruby Wave Prizm] #293,$3.79,,$10.95,$12.00,$13.00,,,,,,,$0.80,$4.19,,,$3.00,$11.99,,3,,,,,2015-12-02
130180,Basketball Cards 2015 Panini Prizm,David Robinson [Silver Prizm] #293,$2.74,,,$11.35,$12.00,$17.43,$23.00,$10.00,$10.00,,,,$2.99,,,,,,7,,,,,2015-12-02
3638199,Basketball Cards 2015 Panini Prizm,David Robinson [White Sparkle Prizm] #293,$238.50,,,,,,,,,,,$131.00,$262.00,,,,,,1,,,,,2015-12-02
3634498,Basketball Cards 2015 Panini Prizm,David West #31,$0.99,,,,,,,,,,,,$1.09,,,,,,1,,,,,2015-12-02
12272363,Basketball Cards 2015 Panini Prizm,David West [Black Prizm] #31,,,,,,,,,,,,,,,,,,,0,,,,,2015-12-02
3634823,Basketball Cards 2015 Panini Prizm,David West [Flash Prizm] #31,$1.80,,,,,,,,,,,,$1.99,,,,,,1,,,,,2015-12-02
3635084,Basketball Cards 2015 Panini Prizm,David West [Gold Prizm] #31,$72.00,,,$24.50,$27.00,,,,,,,$31.60,$78.99,,,,,,2,,,,,2015-12-02
3635350,Basketball Cards 2015 Panini Prizm,David West [Green Prizm] #31,$1.76,,,,,,,,,,,,$1.89,,,,,,1,,,,,2015-12-02
3635622,Basketball Cards 2015 Panini Prizm,David West [Light Blue Prizm] #31,$1.75,,,,,,,,,,,,$1.89,,,,,,1,,,,,2015-12-02
3635883,Basketball Cards 2015 Panini Prizm,David West [Mojo Prizm] #31,$18.00,,,,,,,,,,,$5.00,$19.99,,,,,,1,,,,,2015-12-02
3636150,Basketball Cards 2015 Panini Prizm,David West [Orange Prizm] #31,$3.75,,,,,,,,,,,$0.80,$4.09,,,,,,1,,,,,2015-12-02
3636420,Basketball Cards 2015 Panini Prizm,David West [Orange Wave Prizm] #31,$1.97,,,,,,,,,,,,$2.19,,,,,,1,,,,,2015-12-02
3636698,Basketball Cards 2015 Panini Prizm,David West [Purple Prizm] #31,$3.33,,,,,,,,,,,,$3.69,,,,,,1,,,,,2015-12-02
3636975,Basketball Cards 2015 Panini Prizm,"David West [Red, White, and Blue Prizm] #31",$1.69,,,,,,,,,,,,$1.89,,,,,,1,,,,,2015-12-02
3637232,Basketball Cards 2015 Panini Prizm,David West [Ruby Wave Prizm] #31,$3.60,,,,,,,,,,,$0.80,$3.99,,,,,,1,,,,,2015-12-02
3637491,Basketball Cards 2015 Panini Prizm,David West [Silver Prizm] #31,$2.80,,,,,,,,,,,,$3.09,,,,,,1,,,,,2015-12-02
3637966,Basketball Cards 2015 Panini Prizm,David West [White Sparkle Prizm] #31,,,,,,,,,,,,,,,,,,,0,,,,,2015-12-02
3634582,Basketball Cards 2015 Panini Prizm,DeAndre Jordan #122,$0.99,,,,,,,,,,,,$1.09,,,,,,1,,,,,2015-12-02
3634786,Basketball Cards 2015 Panini Prizm,DeAndre Jordan #389,$0.99,,,,,,,,,,,,$1.09,,,,,,1,,,,,2015-12-02
3634789,Basketball Cards 2015 Panini Prizm,DeAndre Jordan #393,$0.99,,,,,,,,,,,,$1.09,,,,,,1,,,,,2015-12-02
12272371,Basketball Cards 2015 Panini Prizm,DeAndre Jordan [Black Prizm] #122,,,,,,,,,,,,,,,,,,,0,,,,,2015-12-02
12272664,Basketball Cards 2015 Panini Prizm,DeAndre Jordan [Black Prizm] #389,,,,,,,,,,,,,,,,,,,0,,,,,2015-12-02
12272672,Basketball Cards 2015 Panini Prizm,DeAndre Jordan [Black Prizm] #393,,,,,,,,,,,,,,,,,,,0,,,,,2015-12-02
3634901,Basketball Cards 2015 Panini Prizm,DeAndre Jordan [Flash Prizm] #122,$0.25,,,,,,,,,,,,$0.99,,,,,,0,,,,,2015-12-02
3638782,Basketball Cards 2015 Panini Prizm,DeAndre Jordan [Flash Prizm] #389,$0.25,,,,,,,,,,,,$0.99,,,,,,0,,,,,2015-12-02
3638785,Basketball Cards 2015 Panini Prizm,DeAndre Jordan [Flash Prizm] #393,$2.25,,,,,,,,,,,,$2.49,,,,,,1,,,,,2015-12-02
3635164,Basketball Cards 2015 Panini Prizm,DeAndre Jordan [Gold Prizm] #122,$76.50,,,,,$231.50,$301.00,$139.00,$139.00,,,$33.60,$83.99,,,,,,2,,,,,2015-12-02
3638799,Basketball Cards 2015 Panini Prizm,DeAndre Jordan [Gold Prizm] #389,$40.79,,,$26.00,$29.00,,,,,,,$18.00,$44.99,,,,,,1,,,,,2015-12-02
3638802,Basketball Cards 2015 Panini Prizm,DeAndre Jordan [Gold Prizm] #393,$44.24,,,,,,,,,,,$19.60,$48.99,,,,,,0,,,,,2015-12-02
3635435,Basketball Cards 2015 Panini Prizm,DeAndre Jordan [Green Prizm] #122,$0.25,,,,,,,,,,,,$0.99,,,,,,0,,,,,2015-12-02
3638818,Basketball Cards 2015 Panini Prizm,DeAndre Jordan [Green Prizm] #389,$0.25,,,,,,,,,,,,$0.99,,,,,,0,,,,,2015-12-02
3638820,Basketball Cards 2015 Panini Prizm,DeAndre Jordan [Green Prizm] #393,$1.92,,,,,,,,,,,,$2.09,,,,,,1,,,,,2015-12-02
129881,Basketball Cards 2015 Panini Prizm,DeAndre Jordan [Light Blue Prizm] #122,$3.51,,,,,,,,,,,$0.80,$3.89,,,,,,1,,,,,2015-12-02
3638832,Basketball Cards 2015 Panini Prizm,DeAndre Jordan [Light Blue Prizm] #389,$1.79,,,,,,,,,,,,$1.99,,,,,,1,,,,,2015-12-02
3348627,Basketball Cards 2015 Panini Prizm,DeAndre Jordan [Light Blue Prizm] #393,$0.99,,,,,,,,,,,,$1.09,,,,,,3,,,,,2015-12-02
129882,Basketball Cards 2015 Panini Prizm,DeAndre Jordan [Mojo Prizm] #122,$4.99,,,,,,,,,,,$1.10,$5.49,,,,,,1,,,,,2015-12-02
3638848,Basketball Cards 2015 Panini Prizm,DeAndre Jordan [Mojo Prizm] #389,$11.75,,,,,,,,,,,$3.30,$12.99,,,,,,1,,,,,2015-12-02
130703,Basketball Cards 2015 Panini Prizm,DeAndre Jordan [Mojo Prizm] #393,$9.72,,,$7.25,$8.00,,,,,,,$2.80,$10.99,,,,,,2,,,,,2015-12-02
3636230,Basketball Cards 2015 Panini Prizm,DeAndre Jordan [Orange Prizm] #122,$5.99,,,,,,,,,,,$1.30,$6.59,,,,,,1,,,,,2015-12-02
3638863,Basketball Cards 2015 Panini Prizm,DeAndre Jordan [Orange Prizm] #389,$19.99,,,,,,,,,,,$6.60,$21.99,,,,,,1,,,,,2015-12-02
3638866,Basketball Cards 2015 Panini Prizm,DeAndre Jordan [Orange Prizm] #393,$4.27,,,,,,,,,,,$0.90,$4.69,,,,,,1,,,,,2015-12-02
3636502,Basketball Cards 2015 Panini Prizm,DeAndre Jordan [Orange Wave Prizm] #122,$1.44,,,,,,,,,,,,$1.59,,,,,,2,,,,,2015-12-02
3638880,Basketball Cards 2015 Panini Prizm,DeAndre Jordan [Orange Wave Prizm] #389,$3.16,,,,,,,,,,,,$3.49,,,,,,1,,,,,2015-12-02
3638883,Basketball Cards 2015 Panini Prizm,DeAndre Jordan [Orange Wave Prizm] #393,$0.25,,,,,,,,,,,,$0.99,,,,,,0,,,,,2015-12-02
3636783,Basketball Cards 2015 Panini Prizm,DeAndre Jordan [Purple Prizm] #122,$3.59,,,,,,,,,,,$0.80,$3.99,,,,,,1,,,,,2015-12-02
3638901,Basketball Cards 2015 Panini Prizm,DeAndre Jordan [Purple Prizm] #389,$2.99,,,,,,,,,,,,$3.29,,,,,,1,,,,,2015-12-02
3638904,Basketball Cards 2015 Panini Prizm,DeAndre Jordan [Purple Prizm] #393,$4.47,,,,,,,,,,,$1.00,$4.89,,,,,,1,,,,,2015-12-02
3637052,Basketball Cards 2015 Panini Prizm,"DeAndre Jordan [Red, White, and Blue Prizm] #122",$1.25,,,,,$9.00,$12.00,$5.00,$5.00,,,,$1.39,,,,,,2,,,,,2015-12-02
3638915,Basketball Cards 2015 Panini Prizm,"DeAndre Jordan [Red, White, and Blue Prizm] #389",$1.25,,,,,$6.96,$9.00,$4.00,$4.00,,,,$1.39,,,,,,2,,,,,2015-12-02
3638918,Basketball Cards 2015 Panini Prizm,"DeAndre Jordan [Red, White, and Blue Prizm] #393",$0.25,,,,,,,,,,,,$0.99,,,,,,0,,,,,2015-12-02
3637313,Basketball Cards 2015 Panini Prizm,DeAndre Jordan [Ruby Wave Prizm] #122,$1.46,,,,,$6.65,$9.00,$4.00,$4.00,,,,$1.59,,,,,,6,,,,,2015-12-02
3638929,Basketball Cards 2015 Panini Prizm,DeAndre Jordan [Ruby Wave Prizm] #389,$1.29,,,,,,,,,,,,$1.39,,,,,,1,,,,,2015-12-02
3638931,Basketball Cards 2015 Panini Prizm,DeAndre Jordan [Ruby Wave Prizm] #393,$0.50,,,,,,,,,,,,$0.99,,,,,,1,,,,,2015-12-02
129883,Basketball Cards 2015 Panini Prizm,DeAndre Jordan [Silver Prizm] #122,$0.99,,,,,$7.97,$10.00,$5.00,$5.00,,,,$1.09,,,,,,2,,,,,2015-12-02
3638937,Basketball Cards 2015 Panini Prizm,DeAndre Jordan [Silver Prizm] #389,$2.85,,,,,,,,,,,,$3.09,,,,,,1,,,,,2015-12-02
130704,Basketball Cards 2015 Panini Prizm,DeAndre Jordan [Silver Prizm] #393,$0.99,,,,,,,,,,,,$1.09,,,,,,1,,,,,2015-12-02
3638050,Basketball Cards 2015 Panini Prizm,DeAndre Jordan [White Sparkle Prizm] #122,$8.39,,,,,,,,,,,$1.80,$9.19,,,,,,1,,,,,2015-12-02
130686,Basketball Cards 2015 Panini Prizm,DeAndre Jordan [White Sparkle Prizm] #389,,,,,,$23.25,$30.00,$14.00,$14.00,,,,,,,,,,1,,,,,2015-12-02
3638972,Basketball Cards 2015 Panini Prizm,DeAndre Jordan [White Sparkle Prizm] #393,$10.32,,,,,,,,,,,$2.80,$10.99,,,,,,0,,,,,2015-12-02
3634599,Basketball Cards 2015 Panini Prizm,DeMar DeRozan #141,$1.69,,$9.99,$11.00,$12.00,$13.00,$17.00,$8.00,$8.00,,,,$1.89,,,$2.80,$10.99,,5,,,,,2015-12-02
12272432,Basketball Cards 2015 Panini Prizm,DeMar DeRozan [Black Prizm] #141,,,,,,,,,,,,,,,,,,,0,,,,,2015-12-02
3634919,Basketball Cards 2015 Panini Prizm,DeMar DeRozan [Flash Prizm] #141,$0.99,,,,,,,,,,,,$1.09,,,,,,2,,,,,2015-12-02
3635182,Basketball Cards 2015 Panini Prizm,DeMar DeRozan [Gold Prizm] #141,,,,,,,,,,,,,,,,,,,0,,,,,2015-12-02
3635453,Basketball Cards 2015 Panini Prizm,DeMar DeRozan [Green Prizm] #141,$2.00,,,$14.95,$16.00,,,,,,,,$2.19,,,,,,2,,,,,2015-12-02
129908,Basketball Cards 2015 Panini Prizm,DeMar DeRozan [Light Blue Prizm] #141,$4.38,,,,,$37.74,$49.00,$23.00,$23.00,,,$1.00,$4.79,,,,,,2,,,,,2015-12-02
3635979,Basketball Cards 2015 Panini Prizm,DeMar DeRozan [Mojo Prizm] #141,$129.99,,,,,,,,,,,$71.50,$143.00,,,,,,1,,,,,2015-12-02
3636248,Basketball Cards 2015 Panini Prizm,DeMar DeRozan [Orange Prizm] #141,$3.25,,,,,,,,,,,,$3.59,,,,,,2,,,,,2015-12-02
3636520,Basketball Cards 2015 Panini Prizm,DeMar DeRozan [Orange Wave Prizm] #141,$1.12,,,,,,,,,,,,$1.19,,,,,,3,,,,,2015-12-02
129909,Basketball Cards 2015 Panini Prizm,DeMar DeRozan [Purple Prizm] #141,$2.25,,,$35.00,$39.00,,,,,,,,$2.49,,,,,,2,,,,,2015-12-02
3637069,Basketball Cards 2015 Panini Prizm,"DeMar DeRozan [Red, White, and Blue Prizm] #141",$1.00,,,,,,,,,,,,$1.09,,,,,,1,,,,,2015-12-02
3637328,Basketball Cards 2015 Panini Prizm,DeMar DeRozan [Ruby Wave Prizm] #141,$1.88,,,,,$14.99,$19.00,$9.00,$9.00,,,,$2.09,,,,,,4,,,,,2015-12-02
129910,Basketball Cards 2015 Panini Prizm,DeMar DeRozan [Silver Prizm] #141,$2.39,,$14.95,$16.00,$18.00,$28.88,$38.00,$17.00,$17.00,,,,$2.59,,,$4.00,$15.99,,6,,,,,2015-12-02
3638066,Basketball Cards 2015 Panini Prizm,DeMar DeRozan [White Sparkle Prizm] #141,$20.50,,,,,,,,,,,$6.90,$22.99,,,,,,1,,,,,2015-12-02
3634469,Basketball Cards 2015 Panini Prizm,DeMarcus Cousins #1,$1.42,,,,,,,,,,,,$1.59,,,,,,3,,,,,2015-12-02
3634774,Basketball Cards 2015 Panini Prizm,DeMarcus Cousins #366,$1.34,,,,,,,,,,,,$1.49,,,,,,2,,,,,2015-12-02
3634779,Basketball Cards 2015 Panini Prizm,DeMarcus Cousins #381,$1.69,,,,,,,,,,,,$1.89,,,,,,1,,,,,2015-12-02
12272310,Basketball Cards 2015 Panini Prizm,DeMarcus Cousins [Black Prizm] #1,,,,,,,,,,,,,,,,,,,0,,,,,2015-12-02
12272621,Basketball Cards 2015 Panini Prizm,DeMarcus Cousins [Black Prizm] #366,,,,,,,,,,,,,,,,,,,0,,,,,2015-12-02
12272648,Basketball Cards 2015 Panini Prizm,DeMarcus Cousins [Black Prizm] #381,,,,,,,,,,,,,,,,,,,0,,,,,2015-12-02
3634793,Basketball Cards 2015 Panini Prizm,DeMarcus Cousins [Flash Prizm] #1,$0.25,,,,,,,,,,,,$0.99,,,,,,0,,,,,2015-12-02
3638555,Basketball Cards 2015 Panini Prizm,DeMarcus Cousins [Flash Prizm] #366,$0.35,,,,,,,,,,,,$0.99,,,,,,1,,,,,2015-12-02
3638775,Basketball Cards 2015 Panini Prizm,DeMarcus Cousins [Flash Prizm] #381,$0.25,,,,,,,,,,,,$0.99,,,,,,0,,,,,2015-12-02
3635057,Basketball Cards 2015 Panini Prizm,DeMarcus Cousins [Gold Prizm] #1,$144.95,,,,,,,,,,,$79.50,$159.00,,,,,,1,,,,,2015-12-02
3638573,Basketball Cards 2015 Panini Prizm,DeMarcus Cousins [Gold Prizm] #366,$20.00,,,,,$85.00,$111.00,$51.00,$51.00,,,$6.60,$21.99,,,,,,2,,,,,2015-12-02
3638794,Basketball Cards 2015 Panini Prizm,DeMarcus Cousins [Gold Prizm] #381,$65.00,,,,,,,,,,,$28.80,$71.99,,,,,,1,,,,,2015-12-02
3635324,Basketball Cards 2015 Panini Prizm,DeMarcus Cousins [Green Prizm] #1,$2.00,,,,,,,,,,,,$2.19,,,,,,1,,,,,2015-12-02
3638593,Basketball Cards 2015 Panini Prizm,DeMarcus Cousins [Green Prizm] #366,$2.50,,,,,,,,,,,,$2.79,,,,,,1,,,,,2015-12-02
3638812,Basketball Cards 2015 Panini Prizm,DeMarcus Cousins [Green Prizm] #381,$1.50,,,,,,,,,,,,$1.69,,,,,,1,,,,,2015-12-02
3635597,Basketball Cards 2015 Panini Prizm,DeMarcus Cousins [Light Blue Prizm] #1,$1.99,,,,,,,,,,,,$2.19,,,,,,2,,,,,2015-12-02
3638611,Basketball Cards 2015 Panini Prizm,DeMarcus Cousins [Light Blue Prizm] #366,$2.78,,,,,,,,,,,,$3.09,,,,,,1,,,,,2015-12-02
130649,Basketball Cards 2015 Panini Prizm,DeMarcus Cousins [Light Blue Prizm] #381,$1.23,,,,,,,,,,,,$1.39,,,,,,1,,,,,2015-12-02
129741,Basketball Cards 2015 Panini Prizm,DeMarcus Cousins [Mojo Prizm] #1,$3.25,,,,,$49.99,$65.00,$30.00,$30.00,,,,$3.59,,,,,,2,,,,,2015-12-02
130559,Basketball Cards 2015 Panini Prizm,DeMarcus Cousins [Mojo Prizm] #366,$19.99,,,,,,,,,,,$6.60,$21.99,,,,,,1,,,,,2015-12-02
3638841,Basketball Cards 2015 Panini Prizm,DeMarcus Cousins [Mojo Prizm] #381,$3.25,,,,,,,,,,,,$3.59,,,,,,1,,,,,2015-12-02
3636122,Basketball Cards 2015 Panini Prizm,DeMarcus Cousins [Orange Prizm] #1,$2.13,,,,,,,,,,,,$2.29,,,,,,1,,,,,2015-12-02
3638643,Basketball Cards 2015 Panini Prizm,DeMarcus Cousins [Orange Prizm] #366,$2.58,,,,,,,,,,,,$2.79,,,,,,1,,,,,2015-12-02
3348649,Basketball Cards 2015 Panini Prizm,DeMarcus Cousins [Orange Prizm] #381,$2.30,,,,,,,,,,,,$2.49,,,,,,2,,,,,2015-12-02
3636390,Basketball Cards 2015 Panini Prizm,DeMarcus Cousins [Orange Wave Prizm] #1,$0.25,,,,,,,,,,,,$0.99,,,,,,0,,,,,2015-12-02
3638660,Basketball Cards 2015 Panini Prizm,DeMarcus Cousins [Orange Wave Prizm] #366,$0.25,,,,,,,,,,,,$0.99,,,,,,0,,,,,2015-12-02
130650,Basketball Cards 2015 Panini Prizm,DeMarcus Cousins [Orange Wave Prizm] #381,$2.27,,,,,,,,,,,,$2.49,,,,,,1,,,,,2015-12-02
3636669,Basketball Cards 2015 Panini Prizm,DeMarcus Cousins [Purple Prizm] #1,$6.57,,,,,,,,,,,$1.40,$7.19,,,,,,1,,,,,2015-12-02
3638679,Basketball Cards 2015 Panini Prizm,DeMarcus Cousins [Purple Prizm] #366,$2.20,,,,,,,,,,,,$2.39,,,,,,1,,,,,2015-12-02
3638893,Basketball Cards 2015 Panini Prizm,DeMarcus Cousins [Purple Prizm] #381,$5.42,,,,,,,,,,,$1.20,$5.99,,,,,,1,,,,,2015-12-02
3636947,Basketball Cards 2015 Panini Prizm,"DeMarcus Cousins [Red, White, and Blue Prizm] #1",$1.99,,,,,,,,,,,,$2.19,,,,,,1,,,,,2015-12-02
3638698,Basketball Cards 2015 Panini Prizm,"DeMarcus Cousins [Red, White, and Blue Prizm] #366",$1.89,,,,,,,,,,,,$2.09,,,,,,2,,,,,2015-12-02
3638912,Basketball Cards 2015 Panini Prizm,"DeMarcus Cousins [Red, White, and Blue Prizm] #381",$0.25,,,,,,,,,,,,$0.99,,,,,,0,,,,,2015-12-02
3637202,Basketball Cards 2015 Panini Prizm,DeMarcus Cousins [Ruby Wave Prizm] #1,$2.85,,,,,,,,,,,,$3.09,,,,,,1,,,,,2015-12-02
3348643,Basketball Cards 2015 Panini Prizm,DeMarcus Cousins [Ruby Wave Prizm] #366,$3.00,,,,,,,,,,,,$3.29,,,,,,1,,,,,2015-12-02
3638924,Basketball Cards 2015 Panini Prizm,DeMarcus Cousins [Ruby Wave Prizm] #381,$1.87,,,,,,,,,,,,$2.09,,,,,,1,,,,,2015-12-02
3637471,Basketball Cards 2015 Panini Prizm,DeMarcus Cousins [Silver Prizm] #1,$2.49,,$3.25,$3.99,$4.00,,,,,,,,$2.69,,,,$3.59,,3,,,,,2015-12-02
3638731,Basketball Cards 2015 Panini Prizm,DeMarcus Cousins [Silver Prizm] #366,$1.94,,,,,,,,,,,,$2.09,,,,,,1,,,,,2015-12-02
3638936,Basketball Cards 2015 Panini Prizm,DeMarcus Cousins [Silver Prizm] #381,$2.25,,,,,,,,,,,,$2.49,,,,,,1,,,,,2015-12-02
3637938,Basketball Cards 2015 Panini Prizm,DeMarcus Cousins [White Sparkle Prizm] #1,$14.88,,,,,,,,,,,$4.00,$15.99,,,,,,1,,,,,2015-12-02
3638768,Basketball Cards 2015 Panini Prizm,DeMarcus Cousins [White Sparkle Prizm] #366,,,,,,,,,,,,,,,,,,,0,,,,,2015-12-02
3638967,Basketball Cards 2015 Panini Prizm,DeMarcus Cousins [White Sparkle Prizm] #381,,,,,,,,,,,,,,,,,,,0,,,,,2015-12-02
3634562,Basketball Cards 2015 Panini Prizm,DeMarre Carroll #101,$1.65,,,,,,,,,,,,$1.79,,,,,,1,,,,,2015-12-02
12272578,Basketball Cards 2015 Panini Prizm,DeMarre Carroll [Black Prizm] #101,,,,,,,,,,,,,,,,,,,0,,,,,2015-12-02
3634882,Basketball Cards 2015 Panini Prizm,DeMarre Carroll [Flash Prizm] #101,$0.25,,,,,,,,,,,,$0.99,,,,,,0,,,,,2015-12-02
3635144,Basketball Cards 2015 Panini Prizm,DeMarre Carroll [Gold Prizm] #101,$20.50,,,,,,,,,,,$6.90,$22.99,,,,,,1,,,,,2015-12-02
3635415,Basketball Cards 2015 Panini Prizm,DeMarre Carroll [Green Prizm] #101,$3.11,,,,,,,,,,,,$3.39,,,,,,0,,,,,2015-12-02
3635681,Basketball Cards 2015 Panini Prizm,DeMarre Carroll [Light Blue Prizm] #101,$1.14,,,,,,,,,,,,$1.29,,,,,,1,,,,,2015-12-02
3635944,Basketball Cards 2015 Panini Prizm,DeMarre Carroll [Mojo Prizm] #101,$11.74,,,,,,,,,,,$3.30,$12.99,,,,,,1,,,,,2015-12-02
3636210,Basketball Cards 2015 Panini Prizm,DeMarre Carroll [Orange Prizm] #101,$2.50,,,,,,,,,,,,$2.79,,,,,,1,,,,,2015-12-02
3636483,Basketball Cards 2015 Panini Prizm,DeMarre Carroll [Orange Wave Prizm] #101,$0.99,,,,,,,,,,,,$1.09,,,,,,1,,,,,2015-12-02
3636763,Basketball Cards 2015 Panini Prizm,DeMarre Carroll [Purple Prizm] #101,$0.25,,,,,,,,,,,,$0.99,,,,,,0,,,,,2015-12-02
3637035,Basketball Cards 2015 Panini Prizm,"DeMarre Carroll [Red, White, and Blue Prizm] #101",$0.25,,,,,,,,,,,,$0.99,,,,,,0,,,,,2015-12-02
3637294,Basketball Cards 2015 Panini Prizm,DeMarre Carroll [Ruby Wave Prizm] #101,$1.95,,,,,,,,,,,,$2.19,,,,,,1,,,,,2015-12-02
3637541,Basketball Cards 2015 Panini Prizm,DeMarre Carroll [Silver Prizm] #101,$0.25,,,,,,,,,,,,$0.99,,,,,,0,,,,,2015-12-02
3638030,Basketball Cards 2015 Panini Prizm,DeMarre Carroll [White Sparkle Prizm] #101,,,,,,,,,,,,,,,,,,,0,,,,,2015-12-02
130241,Basketball Cards 2015 Panini Prizm,Delon Wright #310,$1.99,,,$12.25,$13.00,,,,,,,,$2.19,,,,,,6,,,,,2015-12-02
12272433,Basketball Cards 2015 Panini Prizm,Delon Wright [Black Prizm] #310,,,,,,,,,,,,,,,,,,,0,,,,,2015-12-02
3638212,Basketball Cards 2015 Panini Prizm,Delon Wright [Flash Prizm] #310,$2.72,,,,,,,,,,,,$2.99,,,,,,1,,,,,2015-12-02
3638243,Basketball Cards 2015 Panini Prizm,Delon Wright [Gold Prizm] #310,,,,,$45.54,,,,,,,,,,,,,,1,,,,,2015-12-02
3638276,Basketball Cards 2015 Panini Prizm,Delon Wright [Green Prizm] #310,$2.99,,,,,,,,,,,,$3.29,,,,,,1,,,,,2015-12-02
3638307,Basketball Cards 2015 Panini Prizm,Delon Wright [Light Blue Prizm] #310,$7.37,,,,,,,,,,,$1.60,$8.09,,,,,,1,,,,,2015-12-02
130242,Basketball Cards 2015 Panini Prizm,Delon Wright [Mojo Prizm] #310,$6.33,,,$65.00,$64.00,$65.00,$85.00,$39.00,$39.00,,,$1.40,$6.99,,,,,,3,,,,,2015-12-02
130243,Basketball Cards 2015 Panini Prizm,Delon Wright [Orange Prizm] #310,$5.93,,,$17.24,$25.00,,,,,,,$1.30,$6.49,,,,,,3,,,,,2015-12-02
3638375,Basketball Cards 2015 Panini Prizm,Delon Wright [Orange Wave Prizm] #310,$4.06,,,,,,,,,,,$0.90,$4.49,,,,,,1,,,,,2015-12-02
3638404,Basketball Cards 2015 Panini Prizm,Delon Wright [Purple Prizm] #310,$4.00,,,,,,,,,,,$0.90,$4.39,,,,,,1,,,,,2015-12-02
3638432,Basketball Cards 2015 Panini Prizm,"Delon Wright [Red, White, and Blue Prizm] #310",$2.45,,,,,$108.30,$141.00,$65.00,$65.00,,,,$2.69,,,,,,2,,,,,2015-12-02
130244,Basketball Cards 2015 Panini Prizm,Delon Wright [Ruby Wave Prizm] #310,$2.78,,,,,$22.46,$29.00,$13.00,$13.00,,,,$3.09,,,,,,3,,,,,2015-12-02
130245,Basketball Cards 2015 Panini Prizm,Delon Wright [Silver Prizm] #310,$4.75,,,$46.24,$51.00,$55.00,$72.00,$33.00,$33.00,,,$1.00,$5.19,,,,,,6,,,,,2015-12-02
130246,Basketball Cards 2015 Panini Prizm,Delon Wright [White Sparkle Prizm] #310,$3.80,,,,$12.13,,,,,,,$0.80,$4.19,,,,,,2,,,,,2015-12-02
3634694,Basketball Cards 2015 Panini Prizm,Dennis Rodman #245,$1.83,$4.86,$9.99,$15.99,$22.05,$95.05,$124.00,$57.00,$57.00,,,,$1.99,$1.10,$5.39,$2.80,$10.99,,13,,,,,2015-12-02
12272593,Basketball Cards 2015 Panini Prizm,Dennis Rodman [Black Prizm] #245,,,,,,,,,,,,,,,,,,,0,,,,,2015-12-02
3635012,Basketball Cards 2015 Panini Prizm,Dennis Rodman [Flash Prizm] #245,$22.75,,,,,$39.99,$52.00,$24.00,$24.00,,,$7.50,$24.99,,,,,,2,,,,,2015-12-02
3635272,Basketball Cards 2015 Panini Prizm,Dennis Rodman [Gold Prizm] #245,,,,$1502.77,$1653.00,,,,,,,,,,,,,,1,,,,,2015-12-02
3635549,Basketball Cards 2015 Panini Prizm,Dennis Rodman [Green Prizm] #245,$7.65,,,,,,,,,,,$1.70,$8.39,,,,,,3,,,,,2015-12-02
130068,Basketball Cards 2015 Panini Prizm,Dennis Rodman [Light Blue Prizm] #245,$14.91,,,,,,,,,,,$4.00,$15.99,,,,,,2,,,,,2015-12-02
3636070,Basketball Cards 2015 Panini Prizm,Dennis Rodman [Mojo Prizm] #245,$58.00,,,,,,,,,,,$25.60,$63.99,,,,,,1,,,,,2015-12-02
3636339,Basketball Cards 2015 Panini Prizm,Dennis Rodman [Orange Prizm] #245,$35.00,,,$21.76,$24.00,,,,,,,$15.60,$38.99,,,,,,4,,,,,2015-12-02
3636617,Basketball Cards 2015 Panini Prizm,Dennis Rodman [Orange Wave Prizm] #245,$7.88,,,$16.50,$18.00,,,,,,,$1.70,$8.69,,,,,,4,,,,,2015-12-02
3636894,Basketball Cards 2015 Panini Prizm,Dennis Rodman [Purple Prizm] #245,$26.14,,,$34.69,$38.00,,,,,,,$8.70,$28.99,,,,,,2,,,,,2015-12-02
130069,Basketball Cards 2015 Panini Prizm,"Dennis Rodman [Red, White, and Blue Prizm] #245",$9.00,,,,,,,,,,,$2.00,$9.89,,,,,,3,,,,,2015-12-02
3637422,Basketball Cards 2015 Panini Prizm,Dennis Rodman [Ruby Wave Prizm] #245,$14.80,,,$24.75,$27.00,,,,,,,$4.00,$15.99,,,,,,3,,,,,2015-12-02
130070,Basketball Cards 2015 Panini Prizm,Dennis Rodman [Silver Prizm] #245,$8.24,,$11.50,$29.84,$29.00,$30.00,$39.00,$18.00,$18.00,,,$1.80,$9.09,,,$3.30,$12.99,,11,,,,,2015-12-02
3638159,Basketball Cards 2015 Panini Prizm,Dennis Rodman [White Sparkle Prizm] #245,$299.99,,,,,,,,,,,$165.00,$330.00,,,,,,1,,,,,2015-12-02
3634532,Basketball Cards 2015 Panini Prizm,Dennis Schroder #68,$0.99,,,,,,,,,,,,$1.09,,,,,,1,,,,,2015-12-02
12272439,Basketball Cards 2015 Panini Prizm,Dennis Schroder [Black Prizm] #68,,,,,,,,,,,,,,,,,,,0,,,,,2015-12-02
3634857,Basketball Cards 2015 Panini Prizm,Dennis Schroder [Flash Prizm] #68,$2.55,,,,,,,,,,,,$2.79,,,,,,1,,,,,2015-12-02
3635114,Basketball Cards 2015 Panini Prizm,Dennis Schroder [Gold Prizm] #68,,,,,,,,,,,,,,,,,,,0,,,,,2015-12-02
3635384,Basketball Cards 2015 Panini Prizm,Dennis Schroder [Green Prizm] #68,$4.00,,,,,,,,,,,$0.90,$4.39,,,,,,1,,,,,2015-12-02
3635653,Basketball Cards 2015 Panini Prizm,Dennis Schroder [Light Blue Prizm] #68,$3.99,,,,,,,,,,,$0.90,$4.39,,,,,,1,,,,,2015-12-02
3635916,Basketball Cards 2015 Panini Prizm,Dennis Schroder [Mojo Prizm] #68,$19.48,,,$30.00,$33.00,,,,,,,$6.30,$20.99,,,,,,2,,,,,2015-12-02
3636180,Basketball Cards 2015 Panini Prizm,Dennis Schroder [Orange Prizm] #68,$5.49,,,,,,,,,,,$1.20,$5.99,,,,,,1,,,,,2015-12-02
3636453,Basketball Cards 2015 Panini Prizm,Dennis Schroder [Orange Wave Prizm] #68,$2.99,,,,,,,,,,,,$3.29,,,,,,0,,,,,2015-12-02
3636731,Basketball Cards 2015 Panini Prizm,Dennis Schroder [Purple Prizm] #68,$3.99,,,,,$10.50,$14.00,$6.00,$6.00,,,$0.90,$4.39,,,,,,2,,,,,2015-12-02
3637005,Basketball Cards 2015 Panini Prizm,"Dennis Schroder [Red, White, and Blue Prizm] #68",$1.39,,,,,,,,,,,,$1.49,,,,,,1,,,,,2015-12-02
3637265,Basketball Cards 2015 Panini Prizm,Dennis Schroder [Ruby Wave Prizm] #68,$2.99,,,,,,,,,,,,$3.29,,,,,,1,,,,,2015-12-02
3637517,Basketball Cards 2015 Panini Prizm,Dennis Schroder [Silver Prizm] #68,$0.25,,,,,$8.50,$11.00,$5.00,$5.00,,,,$0.99,,,,,,1,,,,,2015-12-02
3637999,Basketball Cards 2015 Panini Prizm,Dennis Schroder [White Sparkle Prizm] #68,,,,,,,,,,,,,,,,,,,0,,,,,2015-12-02
3634497,Basketball Cards 2015 Panini Prizm,Deron Williams #30,$0.99,,,,,,,,,,,,$1.09,,,,,,1,,,,,2015-12-02
12272361,Basketball Cards 2015 Panini Prizm,Deron Williams [Black Prizm] #30,,,,,,,,,,,,,,,,,,,0,,,,,2015-12-02
3634822,Basketball Cards 2015 Panini Prizm,Deron Williams [Flash Prizm] #30,$1.49,,,,,,,,,,,,$1.59,,,,,,1,,,,,2015-12-02
3635083,Basketball Cards 2015 Panini Prizm,Deron Williams [Gold Prizm] #30,$104.50,,,,,,,,,,,$57.50,$115.00,,,,,,1,,,,,2015-12-02
3635349,Basketball Cards 2015 Panini Prizm,Deron Williams [Green Prizm] #30,$0.25,,,,,,,,,,,,$0.99,,,,,,0,,,,,2015-12-02
3635621,Basketball Cards 2015 Panini Prizm,Deron Williams [Light Blue Prizm] #30,$2.69,,,,,,,,,,,,$2.99,,,,,,1,,,,,2015-12-02
3635882,Basketball Cards 2015 Panini Prizm,Deron Williams [Mojo Prizm] #30,$10.89,,,,,,,,,,,$3.00,$11.99,,,,,,0,,,,,2015-12-02
3636149,Basketball Cards 2015 Panini Prizm,Deron Williams [Orange Prizm] #30,$3.73,,,,,,,,,,,$0.80,$4.09,,,,,,1,,,,,2015-12-02
3636419,Basketball Cards 2015 Panini Prizm,Deron Williams [Orange Wave Prizm] #30,$1.98,,,,,,,,,,,,$2.19,,,,,,1,,,,,2015-12-02
3636697,Basketball Cards 2015 Panini Prizm,Deron Williams [Purple Prizm] #30,$5.42,,,,,,,,,,,$1.20,$5.99,,,,,,1,,,,,2015-12-02
3636974,Basketball Cards 2015 Panini Prizm,"Deron Williams [Red, White, and Blue Prizm] #30",$2.99,,,,,,,,,,,,$3.29,,,,,,1,,,,,2015-12-02
3637231,Basketball Cards 2015 Panini Prizm,Deron Williams [Ruby Wave Prizm] #30,$1.99,,,,,,,,,,,,$2.19,,,,,,1,,,,,2015-12-02
3637490,Basketball Cards 2015 Panini Prizm,Deron Williams [Silver Prizm] #30,$0.25,,,,,,,,,,,,$0.99,,,,,,0,,,,,2015-12-02
3637965,Basketball Cards 2015 Panini Prizm,Deron Williams [White Sparkle Prizm] #30,,,,,,,,,,,,,,,,,,,0,,,,,2015-12-02
3634643,Basketball Cards 2015 Panini Prizm,Derrick Favors #191,$0.24,,,,,,,,,,,,$0.99,,,,,,1,,,,,2015-12-02
12272559,Basketball Cards 2015 Panini Prizm,Derrick Favors [Black Prizm] #191,,,,,,,,,,,,,,,,,,,0,,,,,2015-12-02
3634963,Basketball Cards 2015 Panini Prizm,Derrick Favors [Flash Prizm] #191,$0.25,,,,,,,,,,,,$0.99,,,,,,0,,,,,2015-12-02
3635225,Basketball Cards 2015 Panini Prizm,Derrick Favors [Gold Prizm] #191,$71.00,,,,,,,,,,,$31.20,$77.99,,,,,,1,,,,,2015-12-02
3635498,Basketball Cards 2015 Panini Prizm,Derrick Favors [Green Prizm] #191,$0.25,,,,,,,,,,,,$0.99,,,,,,0,,,,,2015-12-02
3635757,Basketball Cards 2015 Panini Prizm,Derrick Favors [Light Blue Prizm] #191,$0.99,,,,,,,,,,,,$1.09,,,,,,1,,,,,2015-12-02
3636020,Basketball Cards 2015 Panini Prizm,Derrick Favors [Mojo Prizm] #191,$12.00,,,,,,,,,,,$3.30,$12.99,,,,,,1,,,,,2015-12-02
3636294,Basketball Cards 2015 Panini Prizm,Derrick Favors [Orange Prizm] #191,$3.39,,,,,,,,,,,,$3.69,,,,,,1,,,,,2015-12-02
130002,Basketball Cards 2015 Panini Prizm,Derrick Favors [Orange Wave Prizm] #191,$0.99,,,,,,,,,,,,$1.09,,,,,,1,,,,,2015-12-02
3636843,Basketball Cards 2015 Panini Prizm,Derrick Favors [Purple Prizm] #191,$1.47,,,,,,,,,,,,$1.59,,,,,,1,,,,,2015-12-02
3637111,Basketball Cards 2015 Panini Prizm,"Derrick Favors [Red, White, and Blue Prizm] #191",$0.25,,,,,,,,,,,,$0.99,,,,,,0,,,,,2015-12-02
3637373,Basketball Cards 2015 Panini Prizm,Derrick Favors [Ruby Wave Prizm] #191,,,,,,,,,,,,,,,,,,,0,,,,,2015-12-02
3637599,Basketball Cards 2015 Panini Prizm,Derrick Favors [Silver Prizm] #191,$0.25,,,,,,,,,,,,$0.99,,,,,,0,,,,,2015-12-02
3638109,Basketball Cards 2015 Panini Prizm,Derrick Favors [White Sparkle Prizm] #191,,,,,,,,,,,,,,,,,,,0,,,,,2015-12-02
3634628,Basketball Cards 2015 Panini Prizm,Derrick Rose #173,$3.26,,$6.32,$24.49,$27.00,,,,,,,,$3.59,,,$1.40,$6.99,,6,,,,,2015-12-02
12272551,Basketball Cards 2015 Panini Prizm,Derrick Rose [Black Prizm] #173,,,,,,,,,,,,,,,,,,,0,,,,,2015-12-02
3634947,Basketball Cards 2015 Panini Prizm,Derrick Rose [Flash Prizm] #173,$8.50,,,,,$130.00,$169.00,$78.00,$78.00,,,$1.90,$9.39,,,,,,3,,,,,2015-12-02
3635209,Basketball Cards 2015 Panini Prizm,Derrick Rose [Gold Prizm] #173,,,$1576.00,$1734.00,$1907.00,,,,,,,,,,,$1040.40,$1734.00,,2,,,,,2015-12-02
3635483,Basketball Cards 2015 Panini Prizm,Derrick Rose [Green Prizm] #173,$6.99,,,,,,,,,,,$1.50,$7.69,,,,,,1,,,,,2015-12-02
3635743,Basketball Cards 2015 Panini Prizm,Derrick Rose [Light Blue Prizm] #173,$25.03,,,,,$90.59,$118.00,$54.00,$54.00,,,$8.40,$27.99,,,,,,4,,,,,2015-12-02
129968,Basketball Cards 2015 Panini Prizm,Derrick Rose [Mojo Prizm] #173,$71.00,,,$102.50,$113.00,$450.00,$585.00,$270.00,$270.00,,,$31.20,$77.99,,,,,,3,,,,,2015-12-02
3636278,Basketball Cards 2015 Panini Prizm,Derrick Rose [Orange Prizm] #173,,,,,,,,,,,,,,,,,,,0,,,,,2015-12-02
3636550,Basketball Cards 2015 Panini Prizm,Derrick Rose [Orange Wave Prizm] #173,$5.55,,,,,,,,,,,$1.20,$6.09,,,,,,1,,,,,2015-12-02
3636828,Basketball Cards 2015 Panini Prizm,Derrick Rose [Purple Prizm] #173,$42.72,,,,,,,,,,,$18.80,$46.99,,,,,,2,,,,,2015-12-02
3637096,Basketball Cards 2015 Panini Prizm,"Derrick Rose [Red, White, and Blue Prizm] #173",$4.81,,,,,,,,,,,$1.10,$5.29,,,,,,6,,,,,2015-12-02
3637357,Basketball Cards 2015 Panini Prizm,Derrick Rose [Ruby Wave Prizm] #173,$24.23,,,$64.99,$71.00,$174.99,$227.00,$105.00,$105.00,,,$8.10,$26.99,,,,,,7,,,,,2015-12-02
129969,Basketball Cards 2015 Panini Prizm,Derrick Rose [Silver Prizm] #173,$10.33,,$8.50,$26.19,$34.27,$95.96,$125.00,$58.00,$58.00,,,$2.80,$10.99,,,$1.90,$9.39,,9,,,,,2015-12-02
3638092,Basketball Cards 2015 Panini Prizm,Derrick Rose [White Sparkle Prizm] #173,$216.89,,,$75.03,$83.00,$179.00,$233.00,$107.00,$107.00,,,$119.50,$239.00,,,,,,3,,,,,2015-12-02
3634513,Basketball Cards 2015 Panini Prizm,Derrick Williams #46,$0.99,,,,,,,,,,,,$1.09,,,,,,1,,,,,2015-12-02
12272389,Basketball Cards 2015 Panini Prizm,Derrick Williams [Black Prizm] #46,,,,,,,,,,,,,,,,,,,0,,,,,2015-12-02
3634838,Basketball Cards 2015 Panini Prizm,Derrick Williams [Flash Prizm] #46,$0.99,,,,,,,,,,,,$1.09,,,,,,1,,,,,2015-12-02
3635095,Basketball Cards 2015 Panini Prizm,Derrick Williams [Gold Prizm] #46,$29.29,,,,,,,,,,,$9.60,$31.99,,,,,,0,,,,,2015-12-02
3635365,Basketball Cards 2015 Panini Prizm,Derrick Williams [Green Prizm] #46,$3.70,,,,,,,,,,,$0.80,$4.09,,,,,,0,,,,,2015-12-02
3635637,Basketball Cards 2015 Panini Prizm,Derrick Williams [Light Blue Prizm] #46,$70.00,,,,,,,,,,,$30.80,$76.99,,,,,,1,,,,,2015-12-02
3635898,Basketball Cards 2015 Panini Prizm,Derrick Williams [Mojo Prizm] #46,$5.99,,,,,,,,,,,$1.30,$6.59,,,,,,1,,,,,2015-12-02
3636164,Basketball Cards 2015 Panini Prizm,Derrick Williams [Orange Prizm] #46,$3.55,,,,,,,,,,,$0.80,$3.89,,,,,,1,,,,,2015-12-02
3636435,Basketball Cards 2015 Panini Prizm,Derrick Williams [Orange Wave Prizm] #46,$1.99,,,,,,,,,,,,$2.19,,,,,,1,,,,,2015-12-02
3636713,Basketball Cards 2015 Panini Prizm,Derrick Williams [Purple Prizm] #46,$3.11,,,,,,,,,,,,$3.39,,,,,,1,,,,,2015-12-02
3636989,Basketball Cards 2015 Panini Prizm,"Derrick Williams [Red, White, and Blue Prizm] #46",$1.62,,,,,,,,,,,,$1.79,,,,,,1,,,,,2015-12-02
3637247,Basketball Cards 2015 Panini Prizm,Derrick Williams [Ruby Wave Prizm] #46,$0.99,,,,,,,,,,,,$1.09,,,,,,1,,,,,2015-12-02
3637504,Basketball Cards 2015 Panini Prizm,Derrick Williams [Silver Prizm] #46,$1.34,,,,,,,,,,,,$1.49,,,,,,1,,,,,2015-12-02
3637981,Basketball Cards 2015 Panini Prizm,Derrick Williams [White Sparkle Prizm] #46,,,,,,,,,,,,,,,,,,,0,,,,,2015-12-02
130218,Basketball Cards 2015 Panini Prizm,Devin Booker #308,$18.82,$20.00,$24.83,$37.82,$55.00,$92.00,$173.00,$55.00,$42.00,,,$6.30,$20.99,$6.60,$21.99,$8.10,$26.99,,341,,,,,2015-12-02
12272425,Basketball Cards 2015 Panini Prizm,Devin Booker [Black Prizm] #308,,,,,,,,,,,,,,,,,,,0,,,,,2015-12-02
130219,Basketball Cards 2015 Panini Prizm,Devin Booker [Flash Prizm] #308,$100.88,,$97.98,$132.21,$173.45,$347.98,$452.00,$209.00,$209.00,,,$55.50,$111.00,,,$54.00,$108.00,,23,,,,,2015-12-02
3177918,Basketball Cards 2015 Panini Prizm,Devin Booker [Gold Prizm] #308,$299.00,,,,,,,,,,,$164.50,$329.00,,,,,,1,,,,,2015-12-02
130221,Basketball Cards 2015 Panini Prizm,Devin Booker [Green Prizm] #308,$96.42,,$141.19,$155.00,$290.18,$326.69,$425.00,$196.00,$196.00,,,$53.00,$106.00,,,$77.50,$155.00,,23,,,,,2015-12-02
130220,Basketball Cards 2015 Panini Prizm,Devin Booker [Light Blue Prizm] #308,$224.11,$152.00,$189.99,$282.00,$527.50,$765.49,$995.00,$459.00,$459.00,,,$123.50,$247.00,$83.50,$167.00,$104.50,$209.00,,14,,,,,2015-12-02
130222,Basketball Cards 2015 Panini Prizm,Devin Booker [Mojo Prizm] #308,,,,$2096.94,$8808.08,,,,,,,,,,,,,,7,,,,,2015-12-02
130223,Basketball Cards 2015 Panini Prizm,Devin Booker [Orange Prizm] #308,$610.00,,$1275.50,$1279.00,$3639.02,$14999.99,$24999.00,$9000.00,$9000.00,,,$402.60,$671.00,,,$841.80,$1403.00,,5,,,,,2015-12-02
130224,Basketball Cards 2015 Panini Prizm,Devin Booker [Orange Wave Prizm] #308,$172.50,,$205.00,$226.00,$338.00,$700.57,$911.00,$420.00,$420.00,,,$95.00,$190.00,,,$113.00,$226.00,,20,,,,,2015-12-02
130225,Basketball Cards 2015 Panini Prizm,Devin Booker [Purple Prizm] #308,$781.01,,$937.00,$939.78,$1538.50,$8801.00,$11441.00,$5281.00,$5281.00,,,$515.40,$859.00,,,$618.60,$1031.00,,6,,,,,2015-12-02
131497,Basketball Cards 2015 Panini Prizm,"Devin Booker [Red, White, and Blue Prizm] #308",$115.75,,$92.21,$111.19,$153.88,$207.25,$816.50,$124.00,$140.00,,,$63.50,$127.00,,,$50.50,$101.00,,36,,,,,2015-12-02
130226,Basketball Cards 2015 Panini Prizm,Devin Booker [Ruby Wave Prizm] #308,$125.84,,$62.00,$170.38,$200.25,$376.75,$1299.01,$226.00,$226.00,,,$69.00,$138.00,,,$27.20,$67.99,,24,,,,,2015-12-02
130227,Basketball Cards 2015 Panini Prizm,Devin Booker [Silver Prizm] #308,$131.79,$108.76,$169.28,$181.68,$209.41,$584.94,$5915.43,$300.00,$255.00,,,$72.50,$145.00,$60.00,$120.00,$93.00,$186.00,,55,,,,,2015-12-02
130228,Basketball Cards 2015 Panini Prizm,Devin Booker [White Sparkle Prizm] #308,,,,$2592.76,$2849.99,,,,,,,,,,,,,,3,,,,,2015-12-02
3634534,Basketball Cards 2015 Panini Prizm,Devin Harris #70,$1.58,,,,,,,,,,,,$1.69,,,,,,1,,,,,2015-12-02
12272448,Basketball Cards 2015 Panini Prizm,Devin Harris [Black Prizm] #70,,,,,,,,,,,,,,,,,,,0,,,,,2015-12-02
3634858,Basketball Cards 2015 Panini Prizm,Devin Harris [Flash Prizm] #70,$0.99,,,,,,,,,,,,$1.09,,,,,,1,,,,,2015-12-02
3635116,Basketball Cards 2015 Panini Prizm,Devin Harris [Gold Prizm] #70,$40.63,,,,,,,,,,,$18.00,$44.99,,,,,,1,,,,,2015-12-02
3635386,Basketball Cards 2015 Panini Prizm,Devin Harris [Green Prizm] #70,$3.41,,,,,,,,,,,$0.80,$3.79,,,,,,0,,,,,2015-12-02
3635655,Basketball Cards 2015 Panini Prizm,Devin Harris [Light Blue Prizm] #70,$1.99,,,,,,,,,,,,$2.19,,,,,,1,,,,,2015-12-02
3635918,Basketball Cards 2015 Panini Prizm,Devin Harris [Mojo Prizm] #70,$5.14,,,,,,,,,,,$1.10,$5.69,,,,,,1,,,,,2015-12-02
3636182,Basketball Cards 2015 Panini Prizm,Devin Harris [Orange Prizm] #70,$4.22,,,,,,,,,,,$0.90,$4.59,,,,,,1,,,,,2015-12-02
3636455,Basketball Cards 2015 Panini Prizm,Devin Harris [Orange Wave Prizm] #70,$2.49,,,,,,,,,,,,$2.69,,,,,,1,,,,,2015-12-02
3636733,Basketball Cards 2015 Panini Prizm,Devin Harris [Purple Prizm] #70,$2.25,,,,,,,,,,,,$2.49,,,,,,1,,,,,2015-12-02
3637007,Basketball Cards 2015 Panini Prizm,"Devin Harris [Red, White, and Blue Prizm] #70",$1.69,,,,,,,,,,,,$1.89,,,,,,1,,,,,2015-12-02
3637267,Basketball Cards 2015 Panini Prizm,Devin Harris [Ruby Wave Prizm] #70,$1.95,,,,,,,,,,,,$2.19,,,,,,1,,,,,2015-12-02
3637519,Basketball Cards 2015 Panini Prizm,Devin Harris [Silver Prizm] #70,$1.15,,,,,,,,,,,,$1.29,,,,,,1,,,,,2015-12-02
3638001,Basketball Cards 2015 Panini Prizm,Devin Harris [White Sparkle Prizm] #70,$9.99,,,,,,,,,,,$2.80,$10.99,,,,,,1,,,,,2015-12-02
3638978,Basketball Cards 2015 Panini Prizm,Dikembe Mutombo #255,$1.63,$1.00,$1.67,$3.99,$4.00,$13.50,$18.00,$8.00,$8.00,,,,$1.79,,$1.09,,$1.79,,6,,,,,2015-12-02
12272610,Basketball Cards 2015 Panini Prizm,Dikembe Mutombo [Black Prizm] #255,,,,,,,,,,,,,,,,,,,0,,,,,2015-12-02
3635019,Basketball Cards 2015 Panini Prizm,Dikembe Mutombo [Flash Prizm] #255,$1.80,,,,,,,,,,,,$1.99,,,,,,1,,,,,2015-12-02
3635282,Basketball Cards 2015 Panini Prizm,Dikembe Mutombo [Gold Prizm] #255,,,,,,,,,,,,,,,,,,,0,,,,,2015-12-02
3635558,Basketball Cards 2015 Panini Prizm,Dikembe Mutombo [Green Prizm] #255,$0.99,,,,,,,,,,,,$1.09,,,,,,1,,,,,2015-12-02
3635815,Basketball Cards 2015 Panini Prizm,Dikembe Mutombo [Light Blue Prizm] #255,$3.13,,,,,,,,,,,,$3.39,,,,,,2,,,,,2015-12-02
3636077,Basketball Cards 2015 Panini Prizm,Dikembe Mutombo [Mojo Prizm] #255,$21.93,,,,,,,,,,,$7.20,$23.99,,,,,,1,,,,,2015-12-02
3636347,Basketball Cards 2015 Panini Prizm,Dikembe Mutombo [Orange Prizm] #255,$12.00,,,,,,,,,,,$3.30,$12.99,,,,,,1,,,,,2015-12-02
3636625,Basketball Cards 2015 Panini Prizm,Dikembe Mutombo [Orange Wave Prizm] #255,$2.53,,,,,,,,,,,,$2.79,,,,,,2,,,,,2015-12-02
3636903,Basketball Cards 2015 Panini Prizm,Dikembe Mutombo [Purple Prizm] #255,$1.99,,,,,,,,,,,,$2.19,,,,,,1,,,,,2015-12-02
3637166,Basketball Cards 2015 Panini Prizm,"Dikembe Mutombo [Red, White, and Blue Prizm] #255",$1.08,,,,,,,,,,,,$1.19,,,,,,2,,,,,2015-12-02
3637431,Basketball Cards 2015 Panini Prizm,Dikembe Mutombo [Ruby Wave Prizm] #255,$3.50,,,$29.99,$33.00,,,,,,,$0.80,$3.89,,,,,,3,,,,,2015-12-02
130101,Basketball Cards 2015 Panini Prizm,Dikembe Mutombo [Silver Prizm] #255,$0.99,$0.99,$7.27,,,,,,,,,,$1.09,,$1.09,$1.60,$7.99,,4,,,,,2015-12-02
3638167,Basketball Cards 2015 Panini Prizm,Dikembe Mutombo [White Sparkle Prizm] #255,,,,,,,,,,,,,,,,,,,0,,,,,2015-12-02
3634711,Basketball Cards 2015 Panini Prizm,Dino Radja #266,$1.60,,,,,,,,,,,,$1.79,,,,,,1,,,,,2015-12-02
12272635,Basketball Cards 2015 Panini Prizm,Dino Radja [Black Prizm] #266,,,,,,,,,,,,,,,,,,,0,,,,,2015-12-02
3635028,Basketball Cards 2015 Panini Prizm,Dino Radja [Flash Prizm] #266,$1.08,,,,,,,,,,,,$1.19,,,,,,1,,,,,2015-12-02
3635293,Basketball Cards 2015 Panini Prizm,Dino Radja [Gold Prizm] #266,$52.69,,,,,,,,,,,$23.20,$57.99,,,,,,1,,,,,2015-12-02
3635568,Basketball Cards 2015 Panini Prizm,Dino Radja [Green Prizm] #266,$3.92,,,,,,,,,,,$0.90,$4.29,,,,,,1,,,,,2015-12-02
3635825,Basketball Cards 2015 Panini Prizm,Dino Radja [Light Blue Prizm] #266,$7.64,,,,,,,,,,,$1.70,$8.39,,,,,,1,,,,,2015-12-02
3636088,Basketball Cards 2015 Panini Prizm,Dino Radja [Mojo Prizm] #266,$49.99,,,,,,,,,,,$22.00,$54.99,,,,,,1,,,,,2015-12-02
3636358,Basketball Cards 2015 Panini Prizm,Dino Radja [Orange Prizm] #266,$15.99,,,,,,,,,,,$4.50,$17.99,,,,,,1,,,,,2015-12-02
3636637,Basketball Cards 2015 Panini Prizm,Dino Radja [Orange Wave Prizm] #266,$2.50,,,,,,,,,,,,$2.79,,,,,,1,,,,,2015-12-02
3636915,Basketball Cards 2015 Panini Prizm,Dino Radja [Purple Prizm] #266,$7.15,,,,,,,,,,,$1.60,$7.89,,,,,,1,,,,,2015-12-02
3637175,Basketball Cards 2015 Panini Prizm,"Dino Radja [Red, White, and Blue Prizm] #266",$2.12,,,,,,,,,,,,$2.29,,,,,,1,,,,,2015-12-02
3637440,Basketball Cards 2015 Panini Prizm,Dino Radja [Ruby Wave Prizm] #266,$1.99,,,,,,,,,,,,$2.19,,,,,,1,,,,,2015-12-02
130121,Basketball Cards 2015 Panini Prizm,Dino Radja [Silver Prizm] #266,$1.99,,,,,,,,,,,,$2.19,,,,,,1,,,,,2015-12-02
3638177,Basketball Cards 2015 Panini Prizm,Dino Radja [White Sparkle Prizm] #266,$12.50,,,,,,,,,,,$3.50,$13.99,,,,,,1,,,,,2015-12-02
129897,Basketball Cards 2015 Panini Prizm,Dion Waiters #126,$1.02,,,,,,,,,,,,$1.09,,,,,,3,,,,,2015-12-02
12272380,Basketball Cards 2015 Panini Prizm,Dion Waiters [Black Prizm] #126,,,,,,,,,,,,,,,,,,,0,,,,,2015-12-02
3634904,Basketball Cards 2015 Panini Prizm,Dion Waiters [Flash Prizm] #126,$1.12,,,,,,,,,,,,$1.19,,,,,,1,,,,,2015-12-02
3635167,Basketball Cards 2015 Panini Prizm,Dion Waiters [Gold Prizm] #126,,,,,,,,,,,,,,,,,,,0,,,,,2015-12-02
3635438,Basketball Cards 2015 Panini Prizm,Dion Waiters [Green Prizm] #126,$1.53,,,,,,,,,,,,$1.69,,,,,,1,,,,,2015-12-02
3635701,Basketball Cards 2015 Panini Prizm,Dion Waiters [Light Blue Prizm] #126,$2.00,,,,,,,,,,,,$2.19,,,,,,1,,,,,2015-12-02
3635964,Basketball Cards 2015 Panini Prizm,Dion Waiters [Mojo Prizm] #126,$4.99,,,,,,,,,,,$1.10,$5.49,,,,,,1,,,,,2015-12-02
3636233,Basketball Cards 2015 Panini Prizm,Dion Waiters [Orange Prizm] #126,$0.25,,,,,,,,,,,,$0.99,,,,,,0,,,,,2015-12-02
3636505,Basketball Cards 2015 Panini Prizm,Dion Waiters [Orange Wave Prizm] #126,$2.60,,,,,,,,,,,,$2.89,,,,,,0,,,,,2015-12-02
3636786,Basketball Cards 2015 Panini Prizm,Dion Waiters [Purple Prizm] #126,$1.90,,,,,,,,,,,,$2.09,,,,,,1,,,,,2015-12-02
3637055,Basketball Cards 2015 Panini Prizm,"Dion Waiters [Red, White, and Blue Prizm] #126",$1.62,,,,,,,,,,,,$1.79,,,,,,2,,,,,2015-12-02
3637316,Basketball Cards 2015 Panini Prizm,Dion Waiters [Ruby Wave Prizm] #126,$1.99,,,,,,,,,,,,$2.19,,,,,,4,,,,,2015-12-02
3637559,Basketball Cards 2015 Panini Prizm,Dion Waiters [Silver Prizm] #126,$2.00,,,,,,,,,,,,$2.19,,,,,,1,,,,,2015-12-02
3638053,Basketball Cards 2015 Panini Prizm,Dion Waiters [White Sparkle Prizm] #126,$49.99,,,,,,,,,,,$22.00,$54.99,,,,,,0,,,,,2015-12-02
130588,Basketball Cards 2015 Panini Prizm,Dirk Nowitzki #371,$2.00,,$9.99,$11.00,$12.00,$17.48,$23.00,$10.00,$10.00,,,,$2.19,,,$2.80,$10.99,,9,,,,,2015-12-02
957742,Basketball Cards 2015 Panini Prizm,Dirk Nowitzki #50,$1.75,$8.77,,$7.52,$8.00,$19.42,$25.00,$12.00,$12.00,,,,$1.89,$1.90,$9.69,,,,8,,,,,2015-12-02
12272628,Basketball Cards 2015 Panini Prizm,Dirk Nowitzki [Black Prizm] #371,,,,,,,,,,,,,,,,,,,0,,,,,2015-12-02
12272394,Basketball Cards 2015 Panini Prizm,Dirk Nowitzki [Black Prizm] #50,,,,,,,,,,,,,,,,,,,0,,,,,2015-12-02
130589,Basketball Cards 2015 Panini Prizm,Dirk Nowitzki [Flash Prizm] #371,$4.10,,,,,,,,,,,$0.90,$4.49,,,,,,2,,,,,2015-12-02
129772,Basketball Cards 2015 Panini Prizm,Dirk Nowitzki [Flash Prizm] #50,$1.99,,,,,$45.25,$59.00,$27.00,$27.00,,,,$2.19,,,,,,2,,,,,2015-12-02
3638576,Basketball Cards 2015 Panini Prizm,Dirk Nowitzki [Gold Prizm] #371,,,,$288.00,$317.00,,,,,,,,,,,,,,1,,,,,2015-12-02
3635099,Basketball Cards 2015 Panini Prizm,Dirk Nowitzki [Gold Prizm] #50,,,,,$2961.29,,,,,,,,,,,,,,1,,,,,2015-12-02
3638594,Basketball Cards 2015 Panini Prizm,Dirk Nowitzki [Green Prizm] #371,$2.12,,,,,,,,,,,,$2.29,,,,,,1,,,,,2015-12-02
3635369,Basketball Cards 2015 Panini Prizm,Dirk Nowitzki [Green Prizm] #50,$4.99,,$4.46,$13.26,$15.00,,,,,,,$1.10,$5.49,,,$1.00,$4.89,,3,,,,,2015-12-02
3638613,Basketball Cards 2015 Panini Prizm,Dirk Nowitzki [Light Blue Prizm] #371,$9.72,,,$26.95,$30.00,$85.00,$111.00,$51.00,$51.00,,,$2.80,$10.99,,,,,,4,,,,,2015-12-02
129773,Basketball Cards 2015 Panini Prizm,Dirk Nowitzki [Light Blue Prizm] #50,$13.76,,,$35.44,$39.00,$95.34,$124.00,$57.00,$57.00,,,$3.80,$14.99,,,,,,3,,,,,2015-12-02
130590,Basketball Cards 2015 Panini Prizm,Dirk Nowitzki [Mojo Prizm] #371,$15.50,,,,,,,,,,,$4.30,$16.99,,,,,,1,,,,,2015-12-02
3635902,Basketball Cards 2015 Panini Prizm,Dirk Nowitzki [Mojo Prizm] #50,,,,$58.28,$102.52,,,,,,,,,,,,,,3,,,,,2015-12-02
3638647,Basketball Cards 2015 Panini Prizm,Dirk Nowitzki [Orange Prizm] #371,$26.13,,$16.50,,,,,,,,,$8.70,$28.99,,,$4.50,$17.99,,2,,,,,2015-12-02
3636168,Basketball Cards 2015 Panini Prizm,Dirk Nowitzki [Orange Prizm] #50,$39.99,,,,$228.53,,,,,,,$17.60,$43.99,,,,,,2,,,,,2015-12-02
3638665,Basketball Cards 2015 Panini Prizm,Dirk Nowitzki [Orange Wave Prizm] #371,$3.18,,,$18.50,$20.00,,,,,,,,$3.49,,,,,,3,,,,,2015-12-02
3636439,Basketball Cards 2015 Panini Prizm,Dirk Nowitzki [Orange Wave Prizm] #50,$6.67,,,$26.37,$29.00,$39.36,$51.00,$24.00,$24.00,,,$1.50,$7.29,,,,,,4,,,,,2015-12-02
3638682,Basketball Cards 2015 Panini Prizm,Dirk Nowitzki [Purple Prizm] #371,$2.25,,,$28.97,$32.00,,,,,,,,$2.49,,,,,,2,,,,,2015-12-02
3636717,Basketball Cards 2015 Panini Prizm,Dirk Nowitzki [Purple Prizm] #50,$9.50,,,$26.00,$29.00,,,,,,,$2.00,$9.99,,,,,,2,,,,,2015-12-02
3638700,Basketball Cards 2015 Panini Prizm,"Dirk Nowitzki [Red, White, and Blue Prizm] #371",$3.14,,,$15.95,$18.00,$32.17,$42.00,$19.00,$19.00,,,,$3.49,,,,,,6,,,,,2015-12-02
3636993,Basketball Cards 2015 Panini Prizm,"Dirk Nowitzki [Red, White, and Blue Prizm] #50",$2.99,,,$9.07,$10.00,,,,,,,,$3.29,,,,,,5,,,,,2015-12-02
3638719,Basketball Cards 2015 Panini Prizm,Dirk Nowitzki [Ruby Wave Prizm] #371,$4.24,,,$18.50,$20.00,$51.00,$66.00,$31.00,$31.00,,,$0.90,$4.69,,,,,,4,,,,,2015-12-02
3637250,Basketball Cards 2015 Panini Prizm,Dirk Nowitzki [Ruby Wave Prizm] #50,$1.25,,,$79.99,$88.00,$96.00,$125.00,$58.00,$58.00,,,,$1.39,,,,,,4,,,,,2015-12-02
130591,Basketball Cards 2015 Panini Prizm,Dirk Nowitzki [Silver Prizm] #371,$2.75,,$2.99,$8.88,$10.00,$39.95,$52.00,$24.00,$24.00,,,,$2.99,,,,$3.29,,6,,,,,2015-12-02
129774,Basketball Cards 2015 Panini Prizm,Dirk Nowitzki [Silver Prizm] #50,$5.01,,$17.02,$26.57,$26.96,$62.79,$82.00,$38.00,$38.00,,,$1.10,$5.49,,,$4.80,$18.99,,11,,,,,2015-12-02
130592,Basketball Cards 2015 Panini Prizm,Dirk Nowitzki [White Sparkle Prizm] #371,$3.50,,,$81.00,$89.00,$199.99,$260.00,$120.00,$120.00,,,$0.80,$3.89,,,,,,3,,,,,2015-12-02
3637985,Basketball Cards 2015 Panini Prizm,Dirk Nowitzki [White Sparkle Prizm] #50,$133.84,,,,,,,,,,,$73.50,$147.00,,,,,,1,,,,,2015-12-02
3634720,Basketball Cards 2015 Panini Prizm,Dominique Wilkins #275,$1.28,,$9.99,$11.00,$12.00,,,,,,,,$1.39,,,$2.80,$10.99,,6,,,,,2015-12-02
12272655,Basketball Cards 2015 Panini Prizm,Dominique Wilkins [Black Prizm] #275,,,,,,,,,,,,,,,,,,,0,,,,,2015-12-02
3635036,Basketball Cards 2015 Panini Prizm,Dominique Wilkins [Flash Prizm] #275,$1.46,,,$9.62,$11.00,,,,,,,,$1.59,,,,,,2,,,,,2015-12-02
3635301,Basketball Cards 2015 Panini Prizm,Dominique Wilkins [Gold Prizm] #275,,,,$362.25,$398.00,,,,,,,,,,,,,,5,,,,,2015-12-02
3635576,Basketball Cards 2015 Panini Prizm,Dominique Wilkins [Green Prizm] #275,$2.83,,,,,,,,,,,,$3.09,,,,,,2,,,,,2015-12-02
3638984,Basketball Cards 2015 Panini Prizm,Dominique Wilkins [Light Blue Prizm] #275,$5.12,,,$16.99,$19.00,,,,,,,$1.10,$5.59,,,,,,4,,,,,2015-12-02
3636096,Basketball Cards 2015 Panini Prizm,Dominique Wilkins [Mojo Prizm] #275,,,,,,$53.00,$69.00,$32.00,$32.00,,,,,,,,,,1,,,,,2015-12-02
3636367,Basketball Cards 2015 Panini Prizm,Dominique Wilkins [Orange Prizm] #275,$5.00,,,,,,,,,,,$1.10,$5.49,,,,,,1,,,,,2015-12-02
3636646,Basketball Cards 2015 Panini Prizm,Dominique Wilkins [Orange Wave Prizm] #275,$5.15,,,,,,,,,,,$1.10,$5.69,,,,,,1,,,,,2015-12-02
3636924,Basketball Cards 2015 Panini Prizm,Dominique Wilkins [Purple Prizm] #275,$3.08,,,,,$33.96,$44.00,$20.00,$20.00,,,,$3.39,,,,,,2,,,,,2015-12-02
130137,Basketball Cards 2015 Panini Prizm,"Dominique Wilkins [Red, White, and Blue Prizm] #275",$1.79,,,$12.95,$14.00,$29.95,$39.00,$18.00,$18.00,,,,$1.99,,,,,,3,,,,,2015-12-02
3637448,Basketball Cards 2015 Panini Prizm,Dominique Wilkins [Ruby Wave Prizm] #275,$3.99,,$18.35,$29.99,$62.00,$63.08,$82.00,$38.00,$38.00,,,$0.90,$4.39,,,$5.00,$19.99,,13,,,,,2015-12-02
130138,Basketball Cards 2015 Panini Prizm,Dominique Wilkins [Silver Prizm] #275,$2.32,,,$22.79,$25.00,$27.00,$35.00,$16.00,$16.00,,,,$2.59,,,,,,5,,,,,2015-12-02
3638183,Basketball Cards 2015 Panini Prizm,Dominique Wilkins [White Sparkle Prizm] #275,$46.54,,,$42.97,$47.00,,,,,,,$20.40,$50.99,,,,,,1,,,,,2015-12-02
3634473,Basketball Cards 2015 Panini Prizm,Donatas Motiejunas #5,$0.99,,,,,,,,,,,,$1.09,,,,,,1,,,,,2015-12-02
12272314,Basketball Cards 2015 Panini Prizm,Donatas Motiejunas [Black Prizm] #5,,,,,,,,,,,,,,,,,,,0,,,,,2015-12-02
3634797,Basketball Cards 2015 Panini Prizm,Donatas Motiejunas [Flash Prizm] #5,$1.50,,,,,,,,,,,,$1.69,,,,,,1,,,,,2015-12-02
3635060,Basketball Cards 2015 Panini Prizm,Donatas Motiejunas [Gold Prizm] #5,$74.70,,,,,,,,,,,$32.80,$81.99,,,,,,1,,,,,2015-12-02
3635328,Basketball Cards 2015 Panini Prizm,Donatas Motiejunas [Green Prizm] #5,,,,,,,,,,,,,,,,,,,0,,,,,2015-12-02
3635600,Basketball Cards 2015 Panini Prizm,Donatas Motiejunas [Light Blue Prizm] #5,$1.13,,,,,,,,,,,,$1.19,,,,,,1,,,,,2015-12-02
3635859,Basketball Cards 2015 Panini Prizm,Donatas Motiejunas [Mojo Prizm] #5,,,,,,,,,,,,,,,,,,,0,,,,,2015-12-02
3636126,Basketball Cards 2015 Panini Prizm,Donatas Motiejunas [Orange Prizm] #5,$1.99,,,,,,,,,,,,$2.19,,,,,,1,,,,,2015-12-02
3636394,Basketball Cards 2015 Panini Prizm,Donatas Motiejunas [Orange Wave Prizm] #5,$1.41,,,,,,,,,,,,$1.59,,,,,,1,,,,,2015-12-02
3636673,Basketball Cards 2015 Panini Prizm,Donatas Motiejunas [Purple Prizm] #5,$3.66,,,,,,,,,,,$0.80,$3.99,,,,,,1,,,,,2015-12-02
3636950,Basketball Cards 2015 Panini Prizm,"Donatas Motiejunas [Red, White, and Blue Prizm] #5",$0.25,,,,,,,,,,,,$0.99,,,,,,0,,,,,2015-12-02
3637206,Basketball Cards 2015 Panini Prizm,Donatas Motiejunas [Ruby Wave Prizm] #5,$1.99,,,,,,,,,,,,$2.19,,,,,,1,,,,,2015-12-02
3637473,Basketball Cards 2015 Panini Prizm,Donatas Motiejunas [Silver Prizm] #5,$1.94,,,,,,,,,,,,$2.09,,,,,,1,,,,,2015-12-02
3637940,Basketball Cards 2015 Panini Prizm,Donatas Motiejunas [White Sparkle Prizm] #5,,,,,,,,,,,,,,,,,,,0,,,,,2015-12-02
129997,Basketball Cards 2015 Panini Prizm,Draymond Green #190,$1.69,,,,,,,,,,,,$1.89,,,,,,2,,,,,2015-12-02
3634787,Basketball Cards 2015 Panini Prizm,Draymond Green #391,$2.24,,,$3.42,$4.00,,,,,,,,$2.49,,,,,,5,,,,,2015-12-02
12272557,Basketball Cards 2015 Panini Prizm,Draymond Green [Black Prizm] #190,,,,,,,,,,,,,,,,,,,0,,,,,2015-12-02
12272665,Basketball Cards 2015 Panini Prizm,Draymond Green [Black Prizm] #391,,,,,,,,,,,,,,,,,,,0,,,,,2015-12-02
3634962,Basketball Cards 2015 Panini Prizm,Draymond Green [Flash Prizm] #190,$2.10,,,$18.00,$20.00,$44.99,$58.00,$27.00,$27.00,,,,$2.29,,,,,,3,,,,,2015-12-02
3638783,Basketball Cards 2015 Panini Prizm,Draymond Green [Flash Prizm] #391,$2.65,,,,,,,,,,,,$2.89,,,,,,1,,,,,2015-12-02
3635224,Basketball Cards 2015 Panini Prizm,Draymond Green [Gold Prizm] #190,,,,,$350.65,,,,,,,,,,,,,,1,,,,,2015-12-02
130698,Basketball Cards 2015 Panini Prizm,Draymond Green [Gold Prizm] #391,$150.00,,,,,,,,,,,$82.50,$165.00,,,,,,1,,,,,2015-12-02
3635497,Basketball Cards 2015 Panini Prizm,Draymond Green [Green Prizm] #190,$3.00,,,,,,,,,,,,$3.29,,,,,,1,,,,,2015-12-02
130699,Basketball Cards 2015 Panini Prizm,Draymond Green [Green Prizm] #391,$1.00,,,,,,,,,,,,$1.09,,,,,,1,,,,,2015-12-02
129998,Basketball Cards 2015 Panini Prizm,Draymond Green [Light Blue Prizm] #190,$2.75,,,,,$14.01,$18.00,$8.00,$8.00,,,,$2.99,,,,,,2,,,,,2015-12-02
130700,Basketball Cards 2015 Panini Prizm,Draymond Green [Light Blue Prizm] #391,$4.75,,,,$16.50,$41.82,$54.00,$25.00,$25.00,,,$1.00,$5.19,,,,,,3,,,,,2015-12-02
3636019,Basketball Cards 2015 Panini Prizm,Draymond Green [Mojo Prizm] #190,,,,$93.40,$103.00,,,,,,,,,,,,,,1,,,,,2015-12-02
3638850,Basketball Cards 2015 Panini Prizm,Draymond Green [Mojo Prizm] #391,,,,$57.74,$64.00,,,,,,,,,,,,,,1,,,,,2015-12-02
129999,Basketball Cards 2015 Panini Prizm,Draymond Green [Orange Prizm] #190,$24.82,,,$38.00,$42.00,,,,,,,$8.10,$26.99,,,,,,2,,,,,2015-12-02
3638864,Basketball Cards 2015 Panini Prizm,Draymond Green [Orange Prizm] #391,$3.06,,,,,,,,,,,,$3.39,,,,,,1,,,,,2015-12-02
3636565,Basketball Cards 2015 Panini Prizm,Draymond Green [Orange Wave Prizm] #190,$3.99,,,$15.00,$17.00,,,,,,,$0.90,$4.39,,,,,,2,,,,,2015-12-02
3638881,Basketball Cards 2015 Panini Prizm,Draymond Green [Orange Wave Prizm] #391,$0.99,,,,,,,,,,,,$1.09,,,,,,1,,,,,2015-12-02
3636842,Basketball Cards 2015 Panini Prizm,Draymond Green [Purple Prizm] #190,$11.37,,$9.99,,,,,,,,,$3.30,$12.99,,,$2.80,$10.99,,2,,,,,2015-12-02
3638902,Basketball Cards 2015 Panini Prizm,Draymond Green [Purple Prizm] #391,$4.99,,,,,,,,,,,$1.10,$5.49,,,,,,1,,,,,2015-12-02
130000,Basketball Cards 2015 Panini Prizm,"Draymond Green [Red, White, and Blue Prizm] #190",$1.38,,,$13.30,$15.00,,,,,,,,$1.49,,,,,,2,,,,,2015-12-02
3638916,Basketball Cards 2015 Panini Prizm,"Draymond Green [Red, White, and Blue Prizm] #391",$0.71,,,,,$24.99,$32.00,$15.00,$15.00,,,,$0.99,,,,,,2,,,,,2015-12-02
3637372,Basketball Cards 2015 Panini Prizm,Draymond Green [Ruby Wave Prizm] #190,$4.29,,,$5.50,$6.00,,,,,,,$0.90,$4.69,,,,,,3,,,,,2015-12-02
130701,Basketball Cards 2015 Panini Prizm,Draymond Green [Ruby Wave Prizm] #391,$1.38,,,,,,,,,,,,$1.49,,,,,,1,,,,,2015-12-02
130001,Basketball Cards 2015 Panini Prizm,Draymond Green [Silver Prizm] #190,$2.83,,$4.25,$75.00,$74.00,$75.00,$98.00,$45.00,$45.00,,,,$3.09,,,$0.90,$4.69,,5,,,,,2015-12-02
130702,Basketball Cards 2015 Panini Prizm,Draymond Green [Silver Prizm] #391,$2.14,,,$9.50,$10.00,$32.99,$43.00,$20.00,$20.00,,,,$2.39,,,,,,3,,,,,2015-12-02
3638108,Basketball Cards 2015 Panini Prizm,Draymond Green [White Sparkle Prizm] #190,,,,,$200.00,$250.00,$325.00,$150.00,$150.00,,,,,,,,,,2,,,,,2015-12-02
3638970,Basketball Cards 2015 Panini Prizm,Draymond Green [White Sparkle Prizm] #391,$20.50,,,,,,,,,,,$6.90,$22.99,,,,,,1,,,,,2015-12-02
3634699,Basketball Cards 2015 Panini Prizm,Drazen Petrovic #251,$1.95,,$6.69,$7.00,$8.00,,,,,,,,$2.19,,,$1.50,$7.39,,5,,,,,2015-12-02
12272604,Basketball Cards 2015 Panini Prizm,Drazen Petrovic [Black Prizm] #251,,,,,,,,,,,,,,,,,,,0,,,,,2015-12-02
3380299,Basketball Cards 2015 Panini Prizm,Drazen Petrovic [Flash Prizm] #251,$1.81,,,,,,,,,,,,$1.99,,,,,,1,,,,,2015-12-02
3635278,Basketball Cards 2015 Panini Prizm,Drazen Petrovic [Gold Prizm] #251,,,,,,,,,,,,,,,,,,,0,,,,,2015-12-02
3635554,Basketball Cards 2015 Panini Prizm,Drazen Petrovic [Green Prizm] #251,$3.70,,,,,,,,,,,$0.80,$4.09,,,,,,1,,,,,2015-12-02
3635811,Basketball Cards 2015 Panini Prizm,Drazen Petrovic [Light Blue Prizm] #251,$5.50,,,,,,,,,,,$1.20,$6.09,,,,,,1,,,,,2015-12-02
130088,Basketball Cards 2015 Panini Prizm,Drazen Petrovic [Mojo Prizm] #251,,,,,,,,,,,,,,,,,,,0,,,,,2015-12-02
3636344,Basketball Cards 2015 Panini Prizm,Drazen Petrovic [Orange Prizm] #251,,,,$92.99,$102.00,,,,,,,,,,,,,,1,,,,,2015-12-02
3636622,Basketball Cards 2015 Panini Prizm,Drazen Petrovic [Orange Wave Prizm] #251,$9.99,,,,,,,,,,,$2.80,$10.99,,,,,,1,,,,,2015-12-02
3636899,Basketball Cards 2015 Panini Prizm,Drazen Petrovic [Purple Prizm] #251,$4.99,,,,,,,,,,,$1.10,$5.49,,,,,,2,,,,,2015-12-02
130089,Basketball Cards 2015 Panini Prizm,"Drazen Petrovic [Red, White, and Blue Prizm] #251",$3.39,,,,,$120.00,$156.00,$72.00,$72.00,,,,$3.69,,,,,,4,,,,,2015-12-02
3637427,Basketball Cards 2015 Panini Prizm,Drazen Petrovic [Ruby Wave Prizm] #251,$16.40,,,$12.50,$14.00,,,,,,,$4.50,$17.99,,,,,,3,,,,,2015-12-02
130090,Basketball Cards 2015 Panini Prizm,Drazen Petrovic [Silver Prizm] #251,$3.98,,,$27.00,$30.00,,,,,,,$0.90,$4.39,,,,,,4,,,,,2015-12-02
3638164,Basketball Cards 2015 Panini Prizm,Drazen Petrovic [White Sparkle Prizm] #251,$56.21,,,,,,,,,,,$24.80,$61.99,,,,,,1,,,,,2015-12-02
3634674,Basketball Cards 2015 Panini Prizm,Dwight Howard #223,$1.12,,,$6.46,$7.00,$8.00,$10.00,$5.00,$5.00,,,,$1.19,,,,,,3,,,,,2015-12-02
12272520,Basketball Cards 2015 Panini Prizm,Dwight Howard [Black Prizm] #223,,,,,,,,,,,,,,,,,,,0,,,,,2015-12-02
3634993,Basketball Cards 2015 Panini Prizm,Dwight Howard [Flash Prizm] #223,$2.99,,,,,,,,,,,,$3.29,,,,,,1,,,,,2015-12-02
3635253,Basketball Cards 2015 Panini Prizm,Dwight Howard [Gold Prizm] #223,,,,,,,,,,,,,,,,,,,0,,,,,2015-12-02
3635529,Basketball Cards 2015 Panini Prizm,Dwight Howard [Green Prizm] #223,$1.81,,,,,,,,,,,,$1.99,,,,,,1,,,,,2015-12-02
3635786,Basketball Cards 2015 Panini Prizm,Dwight Howard [Light Blue Prizm] #223,$1.52,,,$20.00,$22.00,,,,,,,,$1.69,,,,,,7,,,,,2015-12-02
3636049,Basketball Cards 2015 Panini Prizm,Dwight Howard [Mojo Prizm] #223,$10.18,,,,,,,,,,,$2.80,$10.99,,,,,,1,,,,,2015-12-02
3636322,Basketball Cards 2015 Panini Prizm,Dwight Howard [Orange Prizm] #223,$3.25,,,$12.50,$14.00,,,,,,,,$3.59,,,,,,3,,,,,2015-12-02
3636596,Basketball Cards 2015 Panini Prizm,Dwight Howard [Orange Wave Prizm] #223,$1.95,,,,,,,,,,,,$2.19,,,,,,1,,,,,2015-12-02
3636874,Basketball Cards 2015 Panini Prizm,Dwight Howard [Purple Prizm] #223,$4.56,,,,,,,,,,,$1.00,$4.99,,,,,,2,,,,,2015-12-02
3637141,Basketball Cards 2015 Panini Prizm,"Dwight Howard [Red, White, and Blue Prizm] #223",$0.99,,,,,,,,,,,,$1.09,,,,,,1,,,,,2015-12-02
3637403,Basketball Cards 2015 Panini Prizm,Dwight Howard [Ruby Wave Prizm] #223,$2.25,,,,,,,,,,,,$2.49,,,,,,3,,,,,2015-12-02
130036,Basketball Cards 2015 Panini Prizm,Dwight Howard [Silver Prizm] #223,$2.01,,,$8.25,$9.00,$28.10,$37.00,$17.00,$17.00,,,,$2.19,,,,,,3,,,,,2015-12-02
3638139,Basketball Cards 2015 Panini Prizm,Dwight Howard [White Sparkle Prizm] #223,,,,,,$52.00,$68.00,$31.00,$31.00,,,,,,,,,,1,,,,,2015-12-02
3634528,Basketball Cards 2015 Panini Prizm,Dwyane Wade #64,$1.68,,,$6.50,$7.00,$11.50,$15.00,$7.00,$7.00,,,,$1.89,,,,,,6,,,,,2015-12-02
12272426,Basketball Cards 2015 Panini Prizm,Dwyane Wade [Black Prizm] #64,,,,,,,,,,,,,,,,,,,0,,,,,2015-12-02
3634853,Basketball Cards 2015 Panini Prizm,Dwyane Wade [Flash Prizm] #64,$3.99,,,$14.99,$16.00,$16.50,$21.00,$10.00,$10.00,,,$0.90,$4.39,,,,,,4,,,,,2015-12-02
3635111,Basketball Cards 2015 Panini Prizm,Dwyane Wade [Gold Prizm] #64,,,,,,$1716.37,$2231.00,$1030.00,$1030.00,,,,,,,,,,1,,,,,2015-12-02
129811,Basketball Cards 2015 Panini Prizm,Dwyane Wade [Green Prizm] #64,$3.56,$1.00,$10.64,$35.75,$39.00,$70.50,$92.00,$42.00,$42.00,,,$0.80,$3.89,,$1.09,$3.00,$11.99,,6,,,,,2015-12-02
129812,Basketball Cards 2015 Panini Prizm,Dwyane Wade [Light Blue Prizm] #64,$4.80,,,$28.99,$32.00,$61.25,$80.00,$37.00,$37.00,,,$1.10,$5.29,,,,,,4,,,,,2015-12-02
129813,Basketball Cards 2015 Panini Prizm,Dwyane Wade [Mojo Prizm] #64,$54.61,,,$106.01,$117.00,$167.47,$218.00,$100.00,$100.00,,,$24.00,$59.99,,,,,,3,,,,,2015-12-02
129814,Basketball Cards 2015 Panini Prizm,Dwyane Wade [Orange Prizm] #64,$78.00,,,$37.00,$41.00,$87.69,$114.00,$53.00,$53.00,,,$34.40,$85.99,,,,,,3,,,,,2015-12-02
3636449,Basketball Cards 2015 Panini Prizm,Dwyane Wade [Orange Wave Prizm] #64,$7.33,,,$9.00,$10.00,,,,,,,$1.60,$8.09,,,,,,2,,,,,2015-12-02
129815,Basketball Cards 2015 Panini Prizm,Dwyane Wade [Purple Prizm] #64,$24.16,,,$115.00,$122.00,$124.25,$162.00,$75.00,$75.00,,,$8.10,$26.99,,,,,,3,,,,,2015-12-02
129816,Basketball Cards 2015 Panini Prizm,"Dwyane Wade [Red, White, and Blue Prizm] #64",$3.99,,$19.95,$19.99,$22.00,$24.94,$32.00,$15.00,$15.00,,,$0.90,$4.39,,,$6.60,$21.99,,6,,,,,2015-12-02
3637261,Basketball Cards 2015 Panini Prizm,Dwyane Wade [Ruby Wave Prizm] #64,$8.21,,$23.99,$29.99,$33.00,$40.00,$52.00,$24.00,$24.00,,,$1.80,$8.99,,,$7.80,$25.99,,8,,,,,2015-12-02
129817,Basketball Cards 2015 Panini Prizm,Dwyane Wade [Silver Prizm] #64,$3.50,,$8.88,$17.76,$25.00,$25.00,$45.13,$15.00,$15.00,,,$0.80,$3.89,,,$2.00,$9.79,,14,,,,,2015-12-02
3637995,Basketball Cards 2015 Panini Prizm,Dwyane Wade [White Sparkle Prizm] #64,$95.38,,,,,$252.50,$328.00,$152.00,$152.00,,,$52.50,$105.00,,,,,,2,,,,,2015-12-02
3634638,Basketball Cards 2015 Panini Prizm,Ed Davis #185,$0.99,,,,,,,,,,,,$1.09,,,,,,1,,,,,2015-12-02
12272556,Basketball Cards 2015 Panini Prizm,Ed Davis [Black Prizm] #185,,,,,,,,,,,,,,,,,,,0,,,,,2015-12-02
3634957,Basketball Cards 2015 Panini Prizm,Ed Davis [Flash Prizm] #185,$1.99,,,,,,,,,,,,$2.19,,,,,,1,,,,,2015-12-02
3635219,Basketball Cards 2015 Panini Prizm,Ed Davis [Gold Prizm] #185,,,,,,,,,,,,,,,,,,,0,,,,,2015-12-02
3635492,Basketball Cards 2015 Panini Prizm,Ed Davis [Green Prizm] #185,$1.99,,,,,,,,,,,,$2.19,,,,,,1,,,,,2015-12-02
3635752,Basketball Cards 2015 Panini Prizm,Ed Davis [Light Blue Prizm] #185,$1.00,,,,,,,,,,,,$1.09,,,,,,1,,,,,2015-12-02
3636014,Basketball Cards 2015 Panini Prizm,Ed Davis [Mojo Prizm] #185,,,,,,,,,,,,,,,,,,,0,,,,,2015-12-02
3636289,Basketball Cards 2015 Panini Prizm,Ed Davis [Orange Prizm] #185,$1.23,,,,,,,,,,,,$1.39,,,,,,1,,,,,2015-12-02
3636560,Basketball Cards 2015 Panini Prizm,Ed Davis [Orange Wave Prizm] #185,$2.05,,,,,,,,,,,,$2.29,,,,,,1,,,,,2015-12-02
3636838,Basketball Cards 2015 Panini Prizm,Ed Davis [Purple Prizm] #185,$1.96,,,,,,,,,,,,$2.19,,,,,,1,,,,,2015-12-02
3637106,Basketball Cards 2015 Panini Prizm,"Ed Davis [Red, White, and Blue Prizm] #185",$0.25,,,,,,,,,,,,$0.99,,,,,,0,,,,,2015-12-02
3637367,Basketball Cards 2015 Panini Prizm,Ed Davis [Ruby Wave Prizm] #185,$2.15,,,,,,,,,,,,$2.39,,,,,,1,,,,,2015-12-02
3637594,Basketball Cards 2015 Panini Prizm,Ed Davis [Silver Prizm] #185,$0.99,,,,,,,,,,,,$1.09,,,,,,1,,,,,2015-12-02
3638103,Basketball Cards 2015 Panini Prizm,Ed Davis [White Sparkle Prizm] #185,,,,,,,,,,,,,,,,,,,0,,,,,2015-12-02
3634742,Basketball Cards 2015 Panini Prizm,Eddie Jones #298,$1.79,,,$0.06,,,,,,,,,$1.99,,,,,,2,,,,,2015-12-02
12272696,Basketball Cards 2015 Panini Prizm,Eddie Jones [Black Prizm] #298,,,,,,,,,,,,,,,,,,,0,,,,,2015-12-02
3635054,Basketball Cards 2015 Panini Prizm,Eddie Jones [Flash Prizm] #298,$2.26,,,,,,,,,,,,$2.49,,,,,,2,,,,,2015-12-02
3635321,Basketball Cards 2015 Panini Prizm,Eddie Jones [Gold Prizm] #298,,,,,,,,,,,,,,,,,,,0,,,,,2015-12-02
3635593,Basketball Cards 2015 Panini Prizm,Eddie Jones [Green Prizm] #298,$1.25,,,,,,,,,,,,$1.39,,,,,,1,,,,,2015-12-02
3635853,Basketball Cards 2015 Panini Prizm,Eddie Jones [Light Blue Prizm] #298,$6.99,,,,,,,,,,,$1.50,$7.69,,,,,,2,,,,,2015-12-02
3636119,Basketball Cards 2015 Panini Prizm,Eddie Jones [Mojo Prizm] #298,$27.95,,,,,,,,,,,$9.30,$30.99,,,,,,1,,,,,2015-12-02
3636387,Basketball Cards 2015 Panini Prizm,Eddie Jones [Orange Prizm] #298,$3.70,,,,,,,,,,,$0.80,$4.09,,,,,,1,,,,,2015-12-02
3636666,Basketball Cards 2015 Panini Prizm,Eddie Jones [Orange Wave Prizm] #298,$2.49,,,,,,,,,,,,$2.69,,,,,,1,,,,,2015-12-02
3636944,Basketball Cards 2015 Panini Prizm,Eddie Jones [Purple Prizm] #298,$6.15,,,,,,,,,,,$1.40,$6.79,,,,,,1,,,,,2015-12-02
3637199,Basketball Cards 2015 Panini Prizm,"Eddie Jones [Red, White, and Blue Prizm] #298",$1.92,,,,,,,,,,,,$2.09,,,,,,1,,,,,2015-12-02
3637468,Basketball Cards 2015 Panini Prizm,Eddie Jones [Ruby Wave Prizm] #298,$2.99,,,,,,,,,,,,$3.29,,,,,,1,,,,,2015-12-02
3637640,Basketball Cards 2015 Panini Prizm,Eddie Jones [Silver Prizm] #298,$1.12,,,,,,,,,,,,$1.19,,,,,,1,,,,,2015-12-02
3638203,Basketball Cards 2015 Panini Prizm,Eddie Jones [White Sparkle Prizm] #298,,,,,,,,,,,,,,,,,,,0,,,,,2015-12-02
3634631,Basketball Cards 2015 Panini Prizm,Elfrid Payton #176,$1.34,,,,,,,,,,,,$1.49,,,,,,1,,,,,2015-12-02
12272539,Basketball Cards 2015 Panini Prizm,Elfrid Payton [Black Prizm] #176,,,,,,,,,,,,,,,,,,,0,,,,,2015-12-02
3634950,Basketball Cards 2015 Panini Prizm,Elfrid Payton [Flash Prizm] #176,$0.25,,,,,,,,,,,,$0.99,,,,,,0,,,,,2015-12-02
3635211,Basketball Cards 2015 Panini Prizm,Elfrid Payton [Gold Prizm] #176,,,,,,,,,,,,,,,,,,,0,,,,,2015-12-02
3635486,Basketball Cards 2015 Panini Prizm,Elfrid Payton [Green Prizm] #176,$1.50,,,,,,,,,,,,$1.69,,,,,,1,,,,,2015-12-02
3635746,Basketball Cards 2015 Panini Prizm,Elfrid Payton [Light Blue Prizm] #176,$0.25,,,,,,,,,,,,$0.99,,,,,,0,,,,,2015-12-02
3636008,Basketball Cards 2015 Panini Prizm,Elfrid Payton [Mojo Prizm] #176,,,,,,,,,,,,,,,,,,,0,,,,,2015-12-02
3636281,Basketball Cards 2015 Panini Prizm,Elfrid Payton [Orange Prizm] #176,$0.99,,,,,,,,,,,,$1.09,,,,,,1,,,,,2015-12-02
3636553,Basketball Cards 2015 Panini Prizm,Elfrid Payton [Orange Wave Prizm] #176,$0.25,,,,,,,,,,,,$0.99,,,,,,0,,,,,2015-12-02
3636831,Basketball Cards 2015 Panini Prizm,Elfrid Payton [Purple Prizm] #176,$1.92,,,,,,,,,,,,$2.09,,,,,,1,,,,,2015-12-02
3637099,Basketball Cards 2015 Panini Prizm,"Elfrid Payton [Red, White, and Blue Prizm] #176",$1.80,,,,,,,,,,,,$1.99,,,,,,1,,,,,2015-12-02
3637360,Basketball Cards 2015 Panini Prizm,Elfrid Payton [Ruby Wave Prizm] #176,,,,,,,,,,,,,,,,,,,0,,,,,2015-12-02
3637588,Basketball Cards 2015 Panini Prizm,Elfrid Payton [Silver Prizm] #176,$0.25,,,,,,,,,,,,$0.99,,,,,,0,,,,,2015-12-02
3638095,Basketball Cards 2015 Panini Prizm,Elfrid Payton [White Sparkle Prizm] #176,$23.54,,,,,,,,,,,$7.80,$25.99,,,,,,1,,,,,2015-12-02
130266,Basketball Cards 2015 Panini Prizm,Emmanuel Mudiay #316,$1.15,,,$2.75,$3.00,$3.30,$5.63,$2.00,$2.00,,,,$1.29,,,,,,9,,,,,2015-12-02
12272449,Basketball Cards 2015 Panini Prizm,Emmanuel Mudiay [Black Prizm] #316,,,,,,,,,,,,,,,,,,,0,,,,,2015-12-02
130267,Basketball Cards 2015 Panini Prizm,Emmanuel Mudiay [Flash Prizm] #316,$2.95,,,,$4.00,$3.99,$5.00,$2.00,$2.00,,,,$3.29,,,,,,3,,,,,2015-12-02
130268,Basketball Cards 2015 Panini Prizm,Emmanuel Mudiay [Gold Prizm] #316,$400.00,,,,,,,,,,,$220.00,$440.00,,,,,,1,,,,,2015-12-02
130269,Basketball Cards 2015 Panini Prizm,Emmanuel Mudiay [Green Prizm] #316,$7.14,,,,,$4.64,$6.00,$3.00,$3.00,,,$1.60,$7.89,,,,,,1,,,,,2015-12-02
130270,Basketball Cards 2015 Panini Prizm,Emmanuel Mudiay [Light Blue Prizm] #316,$3.55,,,$3.00,$6.00,,,,,,,$0.80,$3.89,,,,,,3,,,,,2015-12-02
130271,Basketball Cards 2015 Panini Prizm,Emmanuel Mudiay [Mojo Prizm] #316,$11.99,,,,,,,,,,,$3.30,$12.99,,,,,,1,,,,,2015-12-02
130272,Basketball Cards 2015 Panini Prizm,Emmanuel Mudiay [Orange Prizm] #316,$5.99,,,,,,,,,,,$1.30,$6.59,,,,,,1,,,,,2015-12-02
130273,Basketball Cards 2015 Panini Prizm,Emmanuel Mudiay [Orange Wave Prizm] #316,$2.78,,,,,,,,,,,,$3.09,,,,,,0,,,,,2015-12-02
130274,Basketball Cards 2015 Panini Prizm,Emmanuel Mudiay [Purple Prizm] #316,$5.00,,,$4.25,$5.00,,,,,,,$1.10,$5.49,,,,,,2,,,,,2015-12-02
130275,Basketball Cards 2015 Panini Prizm,"Emmanuel Mudiay [Red, White, and Blue Prizm] #316",$1.85,,,,$3.25,,,,,,,,$1.99,,,,,,2,,,,,2015-12-02
130276,Basketball Cards 2015 Panini Prizm,Emmanuel Mudiay [Ruby Wave Prizm] #316,$1.17,,,,,,,,,,,,$1.29,,,,,,1,,,,,2015-12-02
130277,Basketball Cards 2015 Panini Prizm,Emmanuel Mudiay [Silver Prizm] #316,$1.42,,,$1.32,$5.64,$9.42,$12.00,$6.00,$6.00,,,,$1.59,,,,,,6,,,,,2015-12-02
3638531,Basketball Cards 2015 Panini Prizm,Emmanuel Mudiay [White Sparkle Prizm] #316,$14.99,,,,,,$250.00,,,,,$4.00,$15.99,,,,,,1,,,,,2015-12-02
3634543,Basketball Cards 2015 Panini Prizm,Eric Bledsoe #79,$0.99,,,,,,,,,,,,$1.09,,,,,,1,,,,,2015-12-02
12272474,Basketball Cards 2015 Panini Prizm,Eric Bledsoe [Black Prizm] #79,,,,,,,,,,,,,,,,,,,0,,,,,2015-12-02
3634865,Basketball Cards 2015 Panini Prizm,Eric Bledsoe [Flash Prizm] #79,$1.69,,,,,,,,,,,,$1.89,,,,,,1,,,,,2015-12-02
3635125,Basketball Cards 2015 Panini Prizm,Eric Bledsoe [Gold Prizm] #79,$98.00,,,,,$35.00,$46.00,$21.00,$21.00,,,$54.00,$108.00,,,,,,1,,,,,2015-12-02
3635395,Basketball Cards 2015 Panini Prizm,Eric Bledsoe [Green Prizm] #79,$2.25,,,,,,,,,,,,$2.49,,,,,,0,,,,,2015-12-02
3635662,Basketball Cards 2015 Panini Prizm,Eric Bledsoe [Light Blue Prizm] #79,$0.25,,,,,,,,,,,,$0.99,,,,,,0,,,,,2015-12-02
3635926,Basketball Cards 2015 Panini Prizm,Eric Bledsoe [Mojo Prizm] #79,$9.45,,,,,,,,,,,$2.00,$9.99,,,,,,0,,,,,2015-12-02
3348647,Basketball Cards 2015 Panini Prizm,Eric Bledsoe [Orange Prizm] #79,$0.96,,,,,,,,,,,,$1.09,,,,,,1,,,,,2015-12-02
3636464,Basketball Cards 2015 Panini Prizm,Eric Bledsoe [Orange Wave Prizm] #79,$0.25,,,,,,,,,,,,$0.99,,,,,,0,,,,,2015-12-02
3636741,Basketball Cards 2015 Panini Prizm,Eric Bledsoe [Purple Prizm] #79,$2.06,,,,,,,,,,,,$2.29,,,,,,1,,,,,2015-12-02
3637016,Basketball Cards 2015 Panini Prizm,"Eric Bledsoe [Red, White, and Blue Prizm] #79",$1.65,,,,,,,,,,,,$1.79,,,,,,1,,,,,2015-12-02
3637276,Basketball Cards 2015 Panini Prizm,Eric Bledsoe [Ruby Wave Prizm] #79,$2.25,,,,,,,,,,,,$2.49,,,,,,1,,,,,2015-12-02
129825,Basketball Cards 2015 Panini Prizm,Eric Bledsoe [Silver Prizm] #79,$1.39,,,,,$95.00,$124.00,$57.00,$57.00,,,,$1.49,,,,,,2,,,,,2015-12-02
3638010,Basketball Cards 2015 Panini Prizm,Eric Bledsoe [White Sparkle Prizm] #79,$27.85,,,,,,,,,,,$9.30,$30.99,,,,,,0,,,,,2015-12-02
3634529,Basketball Cards 2015 Panini Prizm,Eric Gordon #65,$0.99,,,,,,,,,,,,$1.09,,,,,,1,,,,,2015-12-02
12272429,Basketball Cards 2015 Panini Prizm,Eric Gordon [Black Prizm] #65,,,,,,,,,,,,,,,,,,,0,,,,,2015-12-02
3634854,Basketball Cards 2015 Panini Prizm,Eric Gordon [Flash Prizm] #65,$1.50,,,,,,,,,,,,$1.69,,,,,,1,,,,,2015-12-02
3635112,Basketball Cards 2015 Panini Prizm,Eric Gordon [Gold Prizm] #65,$71.30,,,,,,,,,,,$31.20,$77.99,,,,,,1,,,,,2015-12-02
3635381,Basketball Cards 2015 Panini Prizm,Eric Gordon [Green Prizm] #65,$1.50,,,,,,,,,,,,$1.69,,,,,,1,,,,,2015-12-02
3635650,Basketball Cards 2015 Panini Prizm,Eric Gordon [Light Blue Prizm] #65,$1.40,,,,,,,,,,,,$1.49,,,,,,1,,,,,2015-12-02
3635913,Basketball Cards 2015 Panini Prizm,Eric Gordon [Mojo Prizm] #65,,,,,,,,,,,,,,,,,,,0,,,,,2015-12-02
3636177,Basketball Cards 2015 Panini Prizm,Eric Gordon [Orange Prizm] #65,$1.14,,,,,,,,,,,,$1.29,,,,,,1,,,,,2015-12-02
3636450,Basketball Cards 2015 Panini Prizm,Eric Gordon [Orange Wave Prizm] #65,$1.00,,,,,,,,,,,,$1.09,,,,,,1,,,,,2015-12-02
3636728,Basketball Cards 2015 Panini Prizm,Eric Gordon [Purple Prizm] #65,$1.73,,,,,,,,,,,,$1.89,,,,,,1,,,,,2015-12-02
3637002,Basketball Cards 2015 Panini Prizm,"Eric Gordon [Red, White, and Blue Prizm] #65",$1.05,,,,,,,,,,,,$1.19,,,,,,1,,,,,2015-12-02
3637262,Basketball Cards 2015 Panini Prizm,Eric Gordon [Ruby Wave Prizm] #65,,,,,,,,,,,,,,,,,,,0,,,,,2015-12-02
3637515,Basketball Cards 2015 Panini Prizm,Eric Gordon [Silver Prizm] #65,$0.99,,,,,,,,,,,,$1.09,,,,,,1,,,,,2015-12-02
3637996,Basketball Cards 2015 Panini Prizm,Eric Gordon [White Sparkle Prizm] #65,,,,,,,,,,,,,,,,,,,0,,,,,2015-12-02
3634561,Basketball Cards 2015 Panini Prizm,Ersan Ilyasova #100,$0.25,,,,,,,,,,,,$0.99,,,,,,0,,,,,2015-12-02
12272589,Basketball Cards 2015 Panini Prizm,Ersan Ilyasova [Black Prizm] #100,,,,,,,,,,,,,,,,,,,0,,,,,2015-12-02
3634881,Basketball Cards 2015 Panini Prizm,Ersan Ilyasova [Flash Prizm] #100,$1.69,,,,,,,,,,,,$1.89,,,,,,1,,,,,2015-12-02
3635143,Basketball Cards 2015 Panini Prizm,Ersan Ilyasova [Gold Prizm] #100,,,$40.00,$52.00,$57.00,,,,,,,,,,,$17.60,$43.99,,2,,,,,2015-12-02
3635414,Basketball Cards 2015 Panini Prizm,Ersan Ilyasova [Green Prizm] #100,$1.99,,,,,,,,,,,,$2.19,,,,,,1,,,,,2015-12-02
3635680,Basketball Cards 2015 Panini Prizm,Ersan Ilyasova [Light Blue Prizm] #100,$2.45,,,,,,,,,,,,$2.69,,,,,,1,,,,,2015-12-02
3635943,Basketball Cards 2015 Panini Prizm,Ersan Ilyasova [Mojo Prizm] #100,$28.14,,,,,,,,,,,$9.30,$30.99,,,,,,0,,,,,2015-12-02
3636209,Basketball Cards 2015 Panini Prizm,Ersan Ilyasova [Orange Prizm] #100,$2.26,,,,,,,,,,,,$2.49,,,,,,1,,,,,2015-12-02
3636482,Basketball Cards 2015 Panini Prizm,Ersan Ilyasova [Orange Wave Prizm] #100,$7.48,,,,,,,,,,,$1.60,$8.19,,,,,,1,,,,,2015-12-02
3636762,Basketball Cards 2015 Panini Prizm,Ersan Ilyasova [Purple Prizm] #100,$6.00,,,,,,,,,,,$1.30,$6.59,,,,,,0,,,,,2015-12-02
3637034,Basketball Cards 2015 Panini Prizm,"Ersan Ilyasova [Red, White, and Blue Prizm] #100",$1.40,,,,,,,,,,,,$1.49,,,,,,1,,,,,2015-12-02
3637293,Basketball Cards 2015 Panini Prizm,Ersan Ilyasova [Ruby Wave Prizm] #100,$1.61,,,,,,,,,,,,$1.79,,,,,,1,,,,,2015-12-02
3637540,Basketball Cards 2015 Panini Prizm,Ersan Ilyasova [Silver Prizm] #100,$0.25,,,,,,,,,,,,$0.99,,,,,,0,,,,,2015-12-02
3638029,Basketball Cards 2015 Panini Prizm,Ersan Ilyasova [White Sparkle Prizm] #100,,,,,,,,,,,,,,,,,,,0,,,,,2015-12-02
3634677,Basketball Cards 2015 Panini Prizm,Evan Fournier #226,$1.97,,,,,,,,,,,,$2.19,,,,,,1,,,,,2015-12-02
12272542,Basketball Cards 2015 Panini Prizm,Evan Fournier [Black Prizm] #226,,,,,,,,,,,,,,,,,,,0,,,,,2015-12-02
3634996,Basketball Cards 2015 Panini Prizm,Evan Fournier [Flash Prizm] #226,$0.25,,,,,$6.00,$8.00,$4.00,$4.00,,,,$0.99,,,,,,1,,,,,2015-12-02
3635256,Basketball Cards 2015 Panini Prizm,Evan Fournier [Gold Prizm] #226,,,,,,,,,,,,,,,,,,,0,,,,,2015-12-02
3635532,Basketball Cards 2015 Panini Prizm,Evan Fournier [Green Prizm] #226,$1.39,,,,,,,,,,,,$1.49,,,,,,1,,,,,2015-12-02
3635789,Basketball Cards 2015 Panini Prizm,Evan Fournier [Light Blue Prizm] #226,$2.24,,,,,,,,,,,,$2.49,,,,,,1,,,,,2015-12-02
3636052,Basketball Cards 2015 Panini Prizm,Evan Fournier [Mojo Prizm] #226,$57.74,,,,,,,,,,,$25.60,$63.99,,,,,,0,,,,,2015-12-02
3636325,Basketball Cards 2015 Panini Prizm,Evan Fournier [Orange Prizm] #226,$3.71,,,,,,,,,,,$0.80,$4.09,,,,,,1,,,,,2015-12-02
3636599,Basketball Cards 2015 Panini Prizm,Evan Fournier [Orange Wave Prizm] #226,$2.25,,,,,,,,,,,,$2.49,,,,,,1,,,,,2015-12-02
3636877,Basketball Cards 2015 Panini Prizm,Evan Fournier [Purple Prizm] #226,$1.95,,,,,,,,,,,,$2.19,,,,,,1,,,,,2015-12-02
3637144,Basketball Cards 2015 Panini Prizm,"Evan Fournier [Red, White, and Blue Prizm] #226",$2.27,,,,,,,,,,,,$2.49,,,,,,1,,,,,2015-12-02
3637406,Basketball Cards 2015 Panini Prizm,Evan Fournier [Ruby Wave Prizm] #226,$1.78,,,,,,,,,,,,$1.99,,,,,,1,,,,,2015-12-02
3637622,Basketball Cards 2015 Panini Prizm,Evan Fournier [Silver Prizm] #226,$1.75,,,,,,,,,,,,$1.89,,,,,,1,,,,,2015-12-02
3638142,Basketball Cards 2015 Panini Prizm,Evan Fournier [White Sparkle Prizm] #226,,,,,,,,,,,,,,,,,,,0,,,,,2015-12-02
3634578,Basketball Cards 2015 Panini Prizm,Evan Turner #118,$1.86,,,,,,,,,,,,$2.09,,,,,,1,,,,,2015-12-02
12272362,Basketball Cards 2015 Panini Prizm,Evan Turner [Black Prizm] #118,,,,,,,,,,,,,,,,,,,0,,,,,2015-12-02
3634898,Basketball Cards 2015 Panini Prizm,Evan Turner [Flash Prizm] #118,$1.19,,,,,,,,,,,,$1.29,,,,,,1,,,,,2015-12-02
3635160,Basketball Cards 2015 Panini Prizm,Evan Turner [Gold Prizm] #118,$157.50,,,,,,,,,,,$86.50,$173.00,,,,,,1,,,,,2015-12-02
3635431,Basketball Cards 2015 Panini Prizm,Evan Turner [Green Prizm] #118,$2.50,,,,,,,,,,,,$2.79,,,,,,1,,,,,2015-12-02
3635695,Basketball Cards 2015 Panini Prizm,Evan Turner [Light Blue Prizm] #118,$2.99,,,,,,,,,,,,$3.29,,,,,,1,,,,,2015-12-02
3635958,Basketball Cards 2015 Panini Prizm,Evan Turner [Mojo Prizm] #118,,,,,,,,,,,,,,,,,,,0,,,,,2015-12-02
3636226,Basketball Cards 2015 Panini Prizm,Evan Turner [Orange Prizm] #118,$19.55,,,,,,,,,,,$6.60,$21.99,,,,,,1,,,,,2015-12-02
3636498,Basketball Cards 2015 Panini Prizm,Evan Turner [Orange Wave Prizm] #118,$2.03,,,,,,,,,,,,$2.19,,,,,,1,,,,,2015-12-02
3636779,Basketball Cards 2015 Panini Prizm,Evan Turner [Purple Prizm] #118,$4.99,,,,,,,,,,,$1.10,$5.49,,,,,,1,,,,,2015-12-02
3637048,Basketball Cards 2015 Panini Prizm,"Evan Turner [Red, White, and Blue Prizm] #118",$1.06,,,,,,,,,,,,$1.19,,,,,,1,,,,,2015-12-02
3637309,Basketball Cards 2015 Panini Prizm,Evan Turner [Ruby Wave Prizm] #118,$2.99,,,,,,,,,,,,$3.29,,,,,,1,,,,,2015-12-02
2963697,Basketball Cards 2015 Panini Prizm,Evan Turner [Silver Prizm] #118,$0.99,,,,,,,,,,,,$1.09,,,,,,1,,,,,2015-12-02
3638046,Basketball Cards 2015 Panini Prizm,Evan Turner [White Sparkle Prizm] #118,$8.25,,,,,,,,,,,$1.80,$9.09,,,,,,0,,,,,2015-12-02
130256,Basketball Cards 2015 Panini Prizm,Frank Kaminsky #314,$1.12,,,$9.54,$10.00,$10.94,$14.00,$7.00,$7.00,,,,$1.19,,,,,,6,,,,,2015-12-02
12272441,Basketball Cards 2015 Panini Prizm,Frank Kaminsky [Black Prizm] #314,,,,,,,,,,,,,,,,,,,0,,,,,2015-12-02
130257,Basketball Cards 2015 Panini Prizm,Frank Kaminsky [Flash Prizm] #314,$3.30,,$6.59,,,,,,,,,,$3.59,,,$1.50,$7.29,,2,,,,,2015-12-02
3638245,Basketball Cards 2015 Panini Prizm,Frank Kaminsky [Gold Prizm] #314,,,,,$141.76,,,,,,,,,,,,,,1,,,,,2015-12-02
3638279,Basketball Cards 2015 Panini Prizm,Frank Kaminsky [Green Prizm] #314,$2.99,,,$10.03,$11.00,,,,,,,,$3.29,,,,,,2,,,,,2015-12-02
130258,Basketball Cards 2015 Panini Prizm,Frank Kaminsky [Light Blue Prizm] #314,$7.00,,,$6.50,$7.00,,,,,,,$1.50,$7.69,,,,,,3,,,,,2015-12-02
161263,Basketball Cards 2015 Panini Prizm,Frank Kaminsky [Mojo Prizm] #314,$17.00,,,,,,,,,,,$4.80,$18.99,,,,,,1,,,,,2015-12-02
130259,Basketball Cards 2015 Panini Prizm,Frank Kaminsky [Orange Prizm] #314,$5.77,,,,$10.00,$10.00,$13.00,$6.00,$6.00,,,$1.30,$6.39,,,,,,3,,,,,2015-12-02
130260,Basketball Cards 2015 Panini Prizm,Frank Kaminsky [Orange Wave Prizm] #314,$3.99,,,,,,,,,,,$0.90,$4.39,,,,,,2,,,,,2015-12-02
3638408,Basketball Cards 2015 Panini Prizm,Frank Kaminsky [Purple Prizm] #314,$8.00,,$5.08,,,,,,,,,$1.80,$8.79,,,$1.10,$5.59,,2,,,,,2015-12-02
130261,Basketball Cards 2015 Panini Prizm,"Frank Kaminsky [Red, White, and Blue Prizm] #314",$4.38,,,,,$13.27,$17.00,$8.00,$8.00,,,$1.00,$4.79,,,,,,3,,,,,2015-12-02
130262,Basketball Cards 2015 Panini Prizm,Frank Kaminsky [Ruby Wave Prizm] #314,$7.02,,,,$39.52,$45.00,$59.00,$27.00,$27.00,,,$1.50,$7.69,,,,,,3,,,,,2015-12-02
130263,Basketball Cards 2015 Panini Prizm,Frank Kaminsky [Silver Prizm] #314,$3.83,,,$13.61,$15.00,$16.00,$21.00,$10.00,$10.00,,,$0.80,$4.19,,,,,,5,,,,,2015-12-02
130264,Basketball Cards 2015 Panini Prizm,Frank Kaminsky [White Sparkle Prizm] #314,$12.50,,,,,,,,,,,$3.50,$13.99,,,,,,1,,,,,2015-12-02
3634730,Basketball Cards 2015 Panini Prizm,Gary Payton #285,$1.49,,$4.50,$5.00,$6.00,$7.95,$10.00,$5.00,$5.00,,,,$1.59,,,$1.00,$4.99,,4,,,,,2015-12-02
12272673,Basketball Cards 2015 Panini Prizm,Gary Payton [Black Prizm] #285,,,,,,,,,,,,,,,,,,,0,,,,,2015-12-02
3635044,Basketball Cards 2015 Panini Prizm,Gary Payton [Flash Prizm] #285,$1.75,,,,,,,,,,,,$1.89,,,,,,2,,,,,2015-12-02
3635310,Basketball Cards 2015 Panini Prizm,Gary Payton [Gold Prizm] #285,$345.00,,,,$470.01,,,,,,,$190.00,$380.00,,,,,,1,,,,,2015-12-02
3635585,Basketball Cards 2015 Panini Prizm,Gary Payton [Green Prizm] #285,$3.65,,,$9.20,$10.00,,,,$10.00,,,$0.80,$3.99,,,,,,2,,,,,2015-12-02
3635841,Basketball Cards 2015 Panini Prizm,Gary Payton [Light Blue Prizm] #285,$5.49,,,,,,,,,,,$1.20,$5.99,,,,,,1,,,,,2015-12-02
3636106,Basketball Cards 2015 Panini Prizm,Gary Payton [Mojo Prizm] #285,$28.00,,,,,,,,,,,$9.30,$30.99,,,,,,1,,,,,2015-12-02
3636375,Basketball Cards 2015 Panini Prizm,Gary Payton [Orange Prizm] #285,$29.99,,,,,,,,,,,$9.90,$32.99,,,,,,1,,,,,2015-12-02
3636656,Basketball Cards 2015 Panini Prizm,Gary Payton [Orange Wave Prizm] #285,$4.35,,,,,,,,,,,$1.00,$4.79,,,,,,1,,,,,2015-12-02
3636932,Basketball Cards 2015 Panini Prizm,Gary Payton [Purple Prizm] #285,$3.99,,,,,,,,,,,$0.90,$4.39,,,,,,1,,,,,2015-12-02
130158,Basketball Cards 2015 Panini Prizm,"Gary Payton [Red, White, and Blue Prizm] #285",$1.75,,,,,,,,,,,,$1.89,,,,,,2,,,,,2015-12-02
3637457,Basketball Cards 2015 Panini Prizm,Gary Payton [Ruby Wave Prizm] #285,$1.19,,,,,,,,,,,,$1.29,,,,,,2,,,,,2015-12-02
130159,Basketball Cards 2015 Panini Prizm,Gary Payton [Silver Prizm] #285,$1.99,,,$12.39,$14.00,$33.60,$44.00,$20.00,$20.00,,,,$2.19,,,,,,5,,,,,2015-12-02
3638193,Basketball Cards 2015 Panini Prizm,Gary Payton [White Sparkle Prizm] #285,$123.50,,,,,,,,,,,$68.00,$136.00,,,,,,1,,,,,2015-12-02
3634519,Basketball Cards 2015 Panini Prizm,Gerald Green #54,,,,,,,,,,,,,,,,,,,0,,,,,2015-12-02
12272440,Basketball Cards 2015 Panini Prizm,Gerald Green [Black Prizm] #54,,,,,,,,,,,,,,,,,,,0,,,,,2015-12-02
3634844,Basketball Cards 2015 Panini Prizm,Gerald Green [Flash Prizm] #54,,,,,,,,,,,,,,,,,,,0,,,,,2015-12-02
3635103,Basketball Cards 2015 Panini Prizm,Gerald Green [Gold Prizm] #54,,,,,,,,,,,,,,,,,,,0,,,,,2015-12-02
3635372,Basketball Cards 2015 Panini Prizm,Gerald Green [Green Prizm] #54,$1.62,,,,,,,,,,,,$1.79,,,,,,1,,,,,2015-12-02
3635642,Basketball Cards 2015 Panini Prizm,Gerald Green [Light Blue Prizm] #54,$1.20,,,,,,,,,,,,$1.29,,,,,,1,,,,,2015-12-02
3635905,Basketball Cards 2015 Panini Prizm,Gerald Green [Mojo Prizm] #54,,,,,,,,,,,,,,,,,,,0,,,,,2015-12-02
3636170,Basketball Cards 2015 Panini Prizm,Gerald Green [Orange Prizm] #54,$4.64,,,,,,,,,,,$1.00,$5.09,,,,,,2,,,,,2015-12-02
3636442,Basketball Cards 2015 Panini Prizm,Gerald Green [Orange Wave Prizm] #54,$1.86,,,,,,,,,,,,$2.09,,,,,,1,,,,,2015-12-02
3636721,Basketball Cards 2015 Panini Prizm,Gerald Green [Purple Prizm] #54,$1.97,,,,,,,,,,,,$2.19,,,,,,1,,,,,2015-12-02
3636996,Basketball Cards 2015 Panini Prizm,"Gerald Green [Red, White, and Blue Prizm] #54",$0.25,,,,,,,,,,,,$0.99,,,,,,0,,,,,2015-12-02
3637252,Basketball Cards 2015 Panini Prizm,Gerald Green [Ruby Wave Prizm] #54,$1.83,,,,,,,,,,,,$1.99,,,,,,1,,,,,2015-12-02
3637509,Basketball Cards 2015 Panini Prizm,Gerald Green [Silver Prizm] #54,$0.99,,,,,,,,,,,,$1.09,,,,,,1,,,,,2015-12-02
3637988,Basketball Cards 2015 Panini Prizm,Gerald Green [White Sparkle Prizm] #54,$8.68,,,,,,,,,,,$1.90,$9.59,,,,,,1,,,,,2015-12-02
3634606,Basketball Cards 2015 Panini Prizm,Gerald Henderson #149,$0.99,,,,,,,,,,,,$1.09,,,,,,1,,,,,2015-12-02
12272438,Basketball Cards 2015 Panini Prizm,Gerald Henderson [Black Prizm] #149,,,,,,,,,,,,,,,,,,,0,,,,,2015-12-02
3634925,Basketball Cards 2015 Panini Prizm,Gerald Henderson [Flash Prizm] #149,$0.25,,,,,,,,,,,,$0.99,,,,,,0,,,,,2015-12-02
3635190,Basketball Cards 2015 Panini Prizm,Gerald Henderson [Gold Prizm] #149,,,,$12.00,$13.00,,,,,,,,,,,,,,1,,,,,2015-12-02
3635460,Basketball Cards 2015 Panini Prizm,Gerald Henderson [Green Prizm] #149,$1.35,,,,,,,,,,,,$1.49,,,,,,1,,,,,2015-12-02
3635722,Basketball Cards 2015 Panini Prizm,Gerald Henderson [Light Blue Prizm] #149,$1.25,,,,,,,,,,,,$1.39,,,,,,1,,,,,2015-12-02
3635985,Basketball Cards 2015 Panini Prizm,Gerald Henderson [Mojo Prizm] #149,$11.74,,,,,,,,,,,$3.30,$12.99,,,,,,1,,,,,2015-12-02
3636255,Basketball Cards 2015 Panini Prizm,Gerald Henderson [Orange Prizm] #149,$2.27,,,,,,,,,,,,$2.49,,,,,,1,,,,,2015-12-02
3636527,Basketball Cards 2015 Panini Prizm,Gerald Henderson [Orange Wave Prizm] #149,$0.25,,,,,,,,,,,,$0.99,,,,,,0,,,,,2015-12-02
3636806,Basketball Cards 2015 Panini Prizm,Gerald Henderson [Purple Prizm] #149,$3.70,,,,,,,,,,,$0.80,$4.09,,,,,,0,,,,,2015-12-02
3637076,Basketball Cards 2015 Panini Prizm,"Gerald Henderson [Red, White, and Blue Prizm] #149",$0.25,,,,,,,,,,,,$0.99,,,,,,0,,,,,2015-12-02
3637335,Basketball Cards 2015 Panini Prizm,Gerald Henderson [Ruby Wave Prizm] #149,$1.32,,,,,,,,,,,,$1.49,,,,,,1,,,,,2015-12-02
3637571,Basketball Cards 2015 Panini Prizm,Gerald Henderson [Silver Prizm] #149,$1.53,,,,,,,,,,,,$1.69,,,,,,1,,,,,2015-12-02
3638072,Basketball Cards 2015 Panini Prizm,Gerald Henderson [White Sparkle Prizm] #149,,,,,,,,,,,,,,,,,,,0,,,,,2015-12-02
129914,Basketball Cards 2015 Panini Prizm,Giannis Antetokounmpo #144,$2.75,$5.00,$6.50,$6.79,$24.00,$24.99,$32.00,$15.00,$5.50,,,,$2.99,$1.10,$5.49,$1.40,$7.19,,39,,,,,2015-12-02
12272486,Basketball Cards 2015 Panini Prizm,Giannis Antetokounmpo [Black Prizm] #144,,,,,,,,,,,,,,,,,,,0,,,,,2015-12-02
129915,Basketball Cards 2015 Panini Prizm,Giannis Antetokounmpo [Flash Prizm] #144,$7.38,,$9.99,$30.21,$79.00,$80.50,$105.00,$48.00,$48.00,,,$1.60,$8.09,,,$2.80,$10.99,,6,,,,,2015-12-02
3635185,Basketball Cards 2015 Panini Prizm,Giannis Antetokounmpo [Gold Prizm] #144,,,,,$16255.00,,,,,,,,,,,,,,1,,,,,2015-12-02
129916,Basketball Cards 2015 Panini Prizm,Giannis Antetokounmpo [Green Prizm] #144,$26.66,,$22.00,$30.77,$34.00,$325.00,$423.00,$195.00,$195.00,,,$8.70,$28.99,,,$7.20,$23.99,,9,,,,,2015-12-02
129917,Basketball Cards 2015 Panini Prizm,Giannis Antetokounmpo [Light Blue Prizm] #144,$91.00,,,$61.24,$118.71,$194.06,$252.00,$116.00,$116.00,,,$40.00,$100.00,,,,,,8,,,,,2015-12-02
129918,Basketball Cards 2015 Panini Prizm,Giannis Antetokounmpo [Mojo Prizm] #144,,,,$149.05,$599.85,$1519.50,$1975.00,$912.00,$912.00,,,,,,,,,,3,,,,,2015-12-02
129919,Basketball Cards 2015 Panini Prizm,Giannis Antetokounmpo [Orange Prizm] #144,$295.00,,$90.00,$207.25,$597.50,,,,,,,$162.50,$325.00,,,$39.60,$98.99,,4,,,,,2015-12-02
129920,Basketball Cards 2015 Panini Prizm,Giannis Antetokounmpo [Orange Wave Prizm] #144,$26.00,,$80.00,$88.00,$97.00,$200.34,$260.00,$120.00,$120.00,,,$8.70,$28.99,,,$35.20,$87.99,,4,,,,,2015-12-02
129921,Basketball Cards 2015 Panini Prizm,Giannis Antetokounmpo [Purple Prizm] #144,$132.00,,,$81.00,$89.00,$340.67,$443.00,$204.00,$204.00,,,$72.50,$145.00,,,,,,3,,,,,2015-12-02
129922,Basketball Cards 2015 Panini Prizm,"Giannis Antetokounmpo [Red, White, and Blue Prizm] #144",$11.60,,$10.74,$16.02,$36.20,$72.25,$94.00,$43.00,$43.00,,,$3.30,$12.99,,,$3.00,$11.99,,15,,,,,2015-12-02
129923,Basketball Cards 2015 Panini Prizm,Giannis Antetokounmpo [Ruby Wave Prizm] #144,$17.50,,,$36.99,$41.00,$190.00,$247.00,$114.00,$114.00,,,$4.80,$18.99,,,,,,8,,,,,2015-12-02
129924,Basketball Cards 2015 Panini Prizm,Giannis Antetokounmpo [Silver Prizm] #144,$19.35,,$14.66,$25.74,$35.00,$146.58,$191.00,$88.00,$88.00,,,$6.30,$20.99,,,$4.00,$15.99,,27,,,,,2015-12-02
129925,Basketball Cards 2015 Panini Prizm,Giannis Antetokounmpo [White Sparkle Prizm] #144,$300.00,,,$330.99,$980.00,$999.99,$1300.00,$600.00,$600.00,,,$165.00,$330.00,,,,,,4,,,,,2015-12-02
3634626,Basketball Cards 2015 Panini Prizm,Gordon Hayward #171,$0.99,,,,,,,,,,,,$1.09,,,,,,1,,,,,2015-12-02
12272701,Basketball Cards 2015 Panini Prizm,Gordon Hayward [Black Prizm] #171,,,,,,,,,,,,,,,,,,,0,,,,,2015-12-02
3634945,Basketball Cards 2015 Panini Prizm,Gordon Hayward [Flash Prizm] #171,$1.99,,,,,,,,,,,,$2.19,,,,,,1,,,,,2015-12-02
129962,Basketball Cards 2015 Panini Prizm,Gordon Hayward [Gold Prizm] #171,,,,,,,,,,,,,,,,,,,0,,,,,2015-12-02
3635481,Basketball Cards 2015 Panini Prizm,Gordon Hayward [Green Prizm] #171,$1.24,,,,,,,,,,,,$1.39,,,,,,1,,,,,2015-12-02
3635742,Basketball Cards 2015 Panini Prizm,Gordon Hayward [Light Blue Prizm] #171,$3.98,,,,,,,,,,,$0.90,$4.39,,,,,,1,,,,,2015-12-02
129963,Basketball Cards 2015 Panini Prizm,Gordon Hayward [Mojo Prizm] #171,$7.00,,,,,,,,,,,$1.50,$7.69,,,,,,1,,,,,2015-12-02
3636276,Basketball Cards 2015 Panini Prizm,Gordon Hayward [Orange Prizm] #171,$6.66,,,,,,,,,,,$1.50,$7.29,,,,,,1,,,,,2015-12-02
3636548,Basketball Cards 2015 Panini Prizm,Gordon Hayward [Orange Wave Prizm] #171,$1.99,,,,,,,,,,,,$2.19,,,,,,1,,,,,2015-12-02
3636827,Basketball Cards 2015 Panini Prizm,Gordon Hayward [Purple Prizm] #171,$3.00,,,$4.25,$5.00,,,,,,,,$3.29,,,,,,2,,,,,2015-12-02
3637094,Basketball Cards 2015 Panini Prizm,"Gordon Hayward [Red, White, and Blue Prizm] #171",$0.25,,,,,,,,,,,,$0.99,,,,,,0,,,,,2015-12-02
3637355,Basketball Cards 2015 Panini Prizm,Gordon Hayward [Ruby Wave Prizm] #171,$2.31,,,,,,,,,,,,$2.49,,,,,,1,,,,,2015-12-02
129964,Basketball Cards 2015 Panini Prizm,Gordon Hayward [Silver Prizm] #171,$2.74,,$4.70,,,,,,,,,,$2.99,,,$1.00,$5.19,,2,,,,,2015-12-02
3638091,Basketball Cards 2015 Panini Prizm,Gordon Hayward [White Sparkle Prizm] #171,$35.04,,,,$24.99,,,,,,,$15.60,$38.99,,,,,,1,,,,,2015-12-02
3634665,Basketball Cards 2015 Panini Prizm,Gorgui Dieng #214,$0.99,,,,,,,,,,,,$1.09,,,,,,1,,,,,2015-12-02
130033,Basketball Cards 2015 Panini Prizm,Gorgui Dieng [Black Prizm] #214,,,,,,,,,,,,,,,,,,,0,,,,,2015-12-02
3634985,Basketball Cards 2015 Panini Prizm,Gorgui Dieng [Flash Prizm] #214,$0.25,,,,,,,,,,,,$0.99,,,,,,0,,,,,2015-12-02
3635244,Basketball Cards 2015 Panini Prizm,Gorgui Dieng [Gold Prizm] #214,$46.14,,,,,,,,,,,$20.40,$50.99,,,,,,1,,,,,2015-12-02
3635520,Basketball Cards 2015 Panini Prizm,Gorgui Dieng [Green Prizm] #214,$5.14,,,,,,,,,,,$1.10,$5.69,,,,,,1,,,,,2015-12-02
3635778,Basketball Cards 2015 Panini Prizm,Gorgui Dieng [Light Blue Prizm] #214,$2.00,,,,,,,,,,,,$2.19,,,,,,2,,,,,2015-12-02
3636040,Basketball Cards 2015 Panini Prizm,Gorgui Dieng [Mojo Prizm] #214,$14.34,,,,,,,,,,,$4.00,$15.99,,,,,,1,,,,,2015-12-02
3636313,Basketball Cards 2015 Panini Prizm,Gorgui Dieng [Orange Prizm] #214,$3.10,,,,,,,,,,,,$3.39,,,,,,1,,,,,2015-12-02
3636587,Basketball Cards 2015 Panini Prizm,Gorgui Dieng [Orange Wave Prizm] #214,$0.25,,,,,,,,,,,,$0.99,,,,,,0,,,,,2015-12-02
3636865,Basketball Cards 2015 Panini Prizm,Gorgui Dieng [Purple Prizm] #214,$2.26,,,,,,,,,,,,$2.49,,,,,,1,,,,,2015-12-02
3637132,Basketball Cards 2015 Panini Prizm,"Gorgui Dieng [Red, White, and Blue Prizm] #214",$0.25,,,,,,,,,,,,$0.99,,,,,,0,,,,,2015-12-02
3637394,Basketball Cards 2015 Panini Prizm,Gorgui Dieng [Ruby Wave Prizm] #214,,,,,,,,,,,,,,,,,,,0,,,,,2015-12-02
3637613,Basketball Cards 2015 Panini Prizm,Gorgui Dieng [Silver Prizm] #214,$0.25,,,,,,,,,,,,$0.99,,,,,,0,,,,,2015-12-02
3638130,Basketball Cards 2015 Panini Prizm,Gorgui Dieng [White Sparkle Prizm] #214,,,,,,,,,,,,,,,,,,,0,,,,,2015-12-02
3634740,Basketball Cards 2015 Panini Prizm,Grant Hill #295,$1.07,,$9.99,$11.00,$12.00,$13.00,$17.00,$8.00,$8.00,,,,$1.19,,,$2.80,$10.99,,6,,,,,2015-12-02
12272693,Basketball Cards 2015 Panini Prizm,Grant Hill [Black Prizm] #295,,,,,,,,,,,,,,,,,,,0,,,,,2015-12-02
3635052,Basketball Cards 2015 Panini Prizm,Grant Hill [Flash Prizm] #295,$2.99,,,,,,,,,,,,$3.29,,,,,,1,,,,,2015-12-02
130178,Basketball Cards 2015 Panini Prizm,Grant Hill [Gold Prizm] #295,,,,$380.00,$418.00,,,,,,,,,,,,,,1,,,,,2015-12-02
3635592,Basketball Cards 2015 Panini Prizm,Grant Hill [Green Prizm] #295,$1.99,,,,,,,,,,,,$2.19,,,,,,1,,,,,2015-12-02
3635851,Basketball Cards 2015 Panini Prizm,Grant Hill [Light Blue Prizm] #295,$13.64,,,,,,,,,,,$3.80,$14.99,,,,,,1,,,,,2015-12-02
3636116,Basketball Cards 2015 Panini Prizm,Grant Hill [Mojo Prizm] #295,$69.25,,,,,,,,,,,$30.40,$75.99,,,,,,1,,,,,2015-12-02
3636385,Basketball Cards 2015 Panini Prizm,Grant Hill [Orange Prizm] #295,$15.43,,,$45.00,$50.00,,,,,,,$4.30,$16.99,,,,,,2,,,,,2015-12-02
130181,Basketball Cards 2015 Panini Prizm,Grant Hill [Orange Wave Prizm] #295,$1.99,,,,,,,,,,,,$2.19,,,,,,1,,,,,2015-12-02
3636942,Basketball Cards 2015 Panini Prizm,Grant Hill [Purple Prizm] #295,$15.48,,,,,,,,,,,$4.30,$16.99,,,,,,1,,,,,2015-12-02
3637197,Basketball Cards 2015 Panini Prizm,"Grant Hill [Red, White, and Blue Prizm] #295",$3.10,,,,,,,,,,,,$3.39,,,,,,2,,,,,2015-12-02
130179,Basketball Cards 2015 Panini Prizm,Grant Hill [Ruby Wave Prizm] #295,$3.97,,,,,$23.50,$31.00,$14.00,$14.00,,,$0.90,$4.39,,,,,,2,,,,,2015-12-02
130182,Basketball Cards 2015 Panini Prizm,Grant Hill [Silver Prizm] #295,$2.00,,,$19.99,$24.00,$24.00,$31.00,$14.00,$14.00,,,,$2.19,,,,,,6,,,,,2015-12-02
3638201,Basketball Cards 2015 Panini Prizm,Grant Hill [White Sparkle Prizm] #295,,,,,,,,,,,,,,,,,,,0,,,,,2015-12-02
3634584,Basketball Cards 2015 Panini Prizm,Greg Monroe #124,$0.99,,,,,,,,,,,,$1.09,,,,,,1,,,,,2015-12-02
12272376,Basketball Cards 2015 Panini Prizm,Greg Monroe [Black Prizm] #124,,,,,,,,,,,,,,,,,,,0,,,,,2015-12-02
3634903,Basketball Cards 2015 Panini Prizm,Greg Monroe [Flash Prizm] #124,$0.25,,,,,,,,,,,,$0.99,,,,,,0,,,,,2015-12-02
3635166,Basketball Cards 2015 Panini Prizm,Greg Monroe [Gold Prizm] #124,$36.55,,,,,,,,,,,$16.00,$39.99,,,,,,1,,,,,2015-12-02
3635437,Basketball Cards 2015 Panini Prizm,Greg Monroe [Green Prizm] #124,$0.25,,,,,,,,,,,,$0.99,,,,,,0,,,,,2015-12-02
3635700,Basketball Cards 2015 Panini Prizm,Greg Monroe [Light Blue Prizm] #124,$1.35,,,,,,,,,,,,$1.49,,,,,,1,,,,,2015-12-02
3635963,Basketball Cards 2015 Panini Prizm,Greg Monroe [Mojo Prizm] #124,$6.29,,,,,,,,,,,$1.40,$6.89,,,,,,1,,,,,2015-12-02
3636232,Basketball Cards 2015 Panini Prizm,Greg Monroe [Orange Prizm] #124,$3.49,,,,,,,,,,,$0.80,$3.79,,,,,,1,,,,,2015-12-02
3636504,Basketball Cards 2015 Panini Prizm,Greg Monroe [Orange Wave Prizm] #124,$1.22,,,,,,,,,,,,$1.29,,,,,,1,,,,,2015-12-02
3636785,Basketball Cards 2015 Panini Prizm,Greg Monroe [Purple Prizm] #124,$1.98,,,,,,,,,,,,$2.19,,,,,,1,,,,,2015-12-02
3637054,Basketball Cards 2015 Panini Prizm,"Greg Monroe [Red, White, and Blue Prizm] #124",$1.05,,,,,,,,,,,,$1.19,,,,,,1,,,,,2015-12-02
3637315,Basketball Cards 2015 Panini Prizm,Greg Monroe [Ruby Wave Prizm] #124,,,,,,,,,,,,,,,,,,,0,,,,,2015-12-02
3637558,Basketball Cards 2015 Panini Prizm,Greg Monroe [Silver Prizm] #124,$1.89,,,,,,,,,,,,$2.09,,,,,,1,,,,,2015-12-02
3638052,Basketball Cards 2015 Panini Prizm,Greg Monroe [White Sparkle Prizm] #124,$3.25,,,,,,,,,,,,$3.59,,,,,,1,,,,,2015-12-02
3634592,Basketball Cards 2015 Panini Prizm,Greivis Vasquez #134,$4.39,,,,,,,,,,,$1.00,$4.79,,,,,,1,,,,,2015-12-02
12272399,Basketball Cards 2015 Panini Prizm,Greivis Vasquez [Black Prizm] #134,,,,,,,,,,,,,,,,,,,0,,,,,2015-12-02
3634912,Basketball Cards 2015 Panini Prizm,Greivis Vasquez [Flash Prizm] #134,$0.25,,,,,,,,,,,,$0.99,,,,,,0,,,,,2015-12-02
3635175,Basketball Cards 2015 Panini Prizm,Greivis Vasquez [Gold Prizm] #134,,,,,,,,,,,,,,,,,,,0,,,,,2015-12-02
3635445,Basketball Cards 2015 Panini Prizm,Greivis Vasquez [Green Prizm] #134,$2.00,,,,,,,,,,,,$2.19,,,,,,1,,,,,2015-12-02
3635709,Basketball Cards 2015 Panini Prizm,Greivis Vasquez [Light Blue Prizm] #134,$3.57,,,,,,,,,,,$0.80,$3.89,,,,,,1,,,,,2015-12-02
3635972,Basketball Cards 2015 Panini Prizm,Greivis Vasquez [Mojo Prizm] #134,,,,,,,,,,,,,,,,,,,0,,,,,2015-12-02
3636241,Basketball Cards 2015 Panini Prizm,Greivis Vasquez [Orange Prizm] #134,$7.44,,,,,,,,,,,$1.60,$8.19,,,,,,1,,,,,2015-12-02
3636513,Basketball Cards 2015 Panini Prizm,Greivis Vasquez [Orange Wave Prizm] #134,$2.84,,,,,,,,,,,,$3.09,,,,,,0,,,,,2015-12-02
3636793,Basketball Cards 2015 Panini Prizm,Greivis Vasquez [Purple Prizm] #134,$4.28,,,,,,,,,,,$0.90,$4.69,,,,,,1,,,,,2015-12-02
3637063,Basketball Cards 2015 Panini Prizm,"Greivis Vasquez [Red, White, and Blue Prizm] #134",$1.79,,,,,,,,,,,,$1.99,,,,,,1,,,,,2015-12-02
3348639,Basketball Cards 2015 Panini Prizm,Greivis Vasquez [Ruby Wave Prizm] #134,$1.50,,,,,,,,,,,,$1.69,,,,,,5,,,,,2015-12-02
3637565,Basketball Cards 2015 Panini Prizm,Greivis Vasquez [Silver Prizm] #134,$1.71,,,,,,,,,,,,$1.89,,,,,,1,,,,,2015-12-02
3638061,Basketball Cards 2015 Panini Prizm,Greivis Vasquez [White Sparkle Prizm] #134,$4.95,,,,,,,,,,,$1.10,$5.49,,,,,,1,,,,,2015-12-02
3634696,Basketball Cards 2015 Panini Prizm,Hakeem Olajuwon #247,$1.62,,$1.31,$3.99,$4.00,$17.97,$23.00,$11.00,$11.00,,,,$1.79,,,,$1.39,,6,,,,,2015-12-02
12272598,Basketball Cards 2015 Panini Prizm,Hakeem Olajuwon [Black Prizm] #247,,,,,,,,,,,,,,,,,,,0,,,,,2015-12-02
3635014,Basketball Cards 2015 Panini Prizm,Hakeem Olajuwon [Flash Prizm] #247,$3.40,,,,,,,,,,,,$3.69,,,,,,2,,,,,2015-12-02
3635274,Basketball Cards 2015 Panini Prizm,Hakeem Olajuwon [Gold Prizm] #247,$550.00,,,,,,,,,,,$363.00,$605.00,,,,,,1,,,,,2015-12-02
3635551,Basketball Cards 2015 Panini Prizm,Hakeem Olajuwon [Green Prizm] #247,$9.58,,,,,$42.39,$55.00,$25.00,$25.00,,,$2.80,$10.99,,,,,,2,,,,,2015-12-02
3635807,Basketball Cards 2015 Panini Prizm,Hakeem Olajuwon [Light Blue Prizm] #247,$6.50,,,$19.99,$22.00,,,,,,,$1.40,$7.19,,,,,,3,,,,,2015-12-02
3636072,Basketball Cards 2015 Panini Prizm,Hakeem Olajuwon [Mojo Prizm] #247,$47.50,,,$51.61,$57.00,,,,,,,$20.80,$51.99,,,,,,2,,,,,2015-12-02
3636341,Basketball Cards 2015 Panini Prizm,Hakeem Olajuwon [Orange Prizm] #247,$1.65,,,,,,,,,,,,$1.79,,,,,,1,,,,,2015-12-02
3636619,Basketball Cards 2015 Panini Prizm,Hakeem Olajuwon [Orange Wave Prizm] #247,$2.42,,,,,$51.00,$66.00,$31.00,$31.00,,,,$2.69,,,,,,2,,,,,2015-12-02
3636896,Basketball Cards 2015 Panini Prizm,Hakeem Olajuwon [Purple Prizm] #247,$3.34,,,$200.00,$220.00,$240.00,$312.00,$144.00,$144.00,,,,$3.69,,,,,,3,,,,,2015-12-02
130072,Basketball Cards 2015 Panini Prizm,"Hakeem Olajuwon [Red, White, and Blue Prizm] #247",$4.20,,,,,$38.95,$51.00,$23.00,$23.00,,,$0.90,$4.59,,,,,,5,,,,,2015-12-02
3637424,Basketball Cards 2015 Panini Prizm,Hakeem Olajuwon [Ruby Wave Prizm] #247,$4.95,,$23.68,$26.00,$29.00,$35.65,$46.00,$21.00,$21.00,,,$1.10,$5.49,,,$7.80,$25.99,,6,,,,,2015-12-02
130073,Basketball Cards 2015 Panini Prizm,Hakeem Olajuwon [Silver Prizm] #247,$1.52,,,$11.50,$13.00,$82.99,$108.00,$50.00,$50.00,,,,$1.69,,,,,,6,,,,,2015-12-02
3638161,Basketball Cards 2015 Panini Prizm,Hakeem Olajuwon [White Sparkle Prizm] #247,,,,,,,,,,,,,,,,,,,0,,,,,2015-12-02
3634556,Basketball Cards 2015 Panini Prizm,Hassan Whiteside #94,$0.99,,,,,,,,,,,,$1.09,,,,,,1,,,,,2015-12-02
12272522,Basketball Cards 2015 Panini Prizm,Hassan Whiteside [Black Prizm] #94,,,,,,,,,,,,,,,,,,,0,,,,,2015-12-02
3634877,Basketball Cards 2015 Panini Prizm,Hassan Whiteside [Flash Prizm] #94,$0.25,,,,,,,,,,,,$0.99,,,,,,0,,,,,2015-12-02
129842,Basketball Cards 2015 Panini Prizm,Hassan Whiteside [Gold Prizm] #94,$78.29,,,$33.75,$37.00,$225.00,$293.00,$135.00,$135.00,,,$34.40,$85.99,,,,,,3,,,,,2015-12-02
3635409,Basketball Cards 2015 Panini Prizm,Hassan Whiteside [Green Prizm] #94,$3.16,,,,,,,,,,,,$3.49,,,,,,0,,,,,2015-12-02
3635675,Basketball Cards 2015 Panini Prizm,Hassan Whiteside [Light Blue Prizm] #94,$2.01,,,,,,,,,,,,$2.19,,,,,,1,,,,,2015-12-02
3635940,Basketball Cards 2015 Panini Prizm,Hassan Whiteside [Mojo Prizm] #94,$5.65,,,,,,,,,,,$1.20,$6.19,,,,,,1,,,,,2015-12-02
3636204,Basketball Cards 2015 Panini Prizm,Hassan Whiteside [Orange Prizm] #94,$5.83,,,,,,,,,,,$1.30,$6.39,,,,,,1,,,,,2015-12-02
3636477,Basketball Cards 2015 Panini Prizm,Hassan Whiteside [Orange Wave Prizm] #94,$0.25,,,,,,,,,,,,$0.99,,,,,,0,,,,,2015-12-02
3636755,Basketball Cards 2015 Panini Prizm,Hassan Whiteside [Purple Prizm] #94,$3.99,,,,,,,,,,,$0.90,$4.39,,,,,,1,,,,,2015-12-02
129843,Basketball Cards 2015 Panini Prizm,"Hassan Whiteside [Red, White, and Blue Prizm] #94",$0.25,,,,,,,,,,,,$0.99,,,,,,0,,,,,2015-12-02
3637288,Basketball Cards 2015 Panini Prizm,Hassan Whiteside [Ruby Wave Prizm] #94,$2.23,,,,,,,,,,,,$2.49,,,,,,1,,,,,2015-12-02
129844,Basketball Cards 2015 Panini Prizm,Hassan Whiteside [Silver Prizm] #94,$2.11,,,,,$16.00,$21.00,$10.00,$10.00,,,,$2.29,,,,,,2,,,,,2015-12-02
3638024,Basketball Cards 2015 Panini Prizm,Hassan Whiteside [White Sparkle Prizm] #94,$35.04,,,,,,,,,,,$15.60,$38.99,,,,,,0,,,,,2015-12-02
156429,Basketball Cards 2015 Panini Prizm,Hobby Box,$1865.07,,,,,,,,,,,$1231.20,$2052.00,,,,,,2,,,,,2015-12-02
3634632,Basketball Cards 2015 Panini Prizm,Hollis Thompson #177,$1.00,,,,,,,,,,,,$1.09,,,,,,1,,,,,2015-12-02
12272537,Basketball Cards 2015 Panini Prizm,Hollis Thompson [Black Prizm] #177,,,,,,,,,,,,,,,,,,,0,,,,,2015-12-02
3634951,Basketball Cards 2015 Panini Prizm,Hollis Thompson [Flash Prizm] #177,$0.99,,,,,,,,,,,,$1.09,,,,,,1,,,,,2015-12-02
3635212,Basketball Cards 2015 Panini Prizm,Hollis Thompson [Gold Prizm] #177,$18.26,,,,,,,,,,,$5.00,$19.99,,,,,,1,,,,,2015-12-02
3635487,Basketball Cards 2015 Panini Prizm,Hollis Thompson [Green Prizm] #177,$1.45,,,,,,,,,,,,$1.59,,,,,,1,,,,,2015-12-02
3635747,Basketball Cards 2015 Panini Prizm,Hollis Thompson [Light Blue Prizm] #177,$0.99,,,,,,,,,,,,$1.09,,,,,,1,,,,,2015-12-02
3636009,Basketball Cards 2015 Panini Prizm,Hollis Thompson [Mojo Prizm] #177,,,,,,,,,,,,,,,,,,,0,,,,,2015-12-02
3636282,Basketball Cards 2015 Panini Prizm,Hollis Thompson [Orange Prizm] #177,$2.91,,,,,,,,,,,,$3.19,,,,,,1,,,,,2015-12-02
3636554,Basketball Cards 2015 Panini Prizm,Hollis Thompson [Orange Wave Prizm] #177,$0.25,,,,,,,,,,,,$0.99,,,,,,0,,,,,2015-12-02
3636832,Basketball Cards 2015 Panini Prizm,Hollis Thompson [Purple Prizm] #177,$1.99,,,,,,,,,,,,$2.19,,,,,,1,,,,,2015-12-02
3637100,Basketball Cards 2015 Panini Prizm,"Hollis Thompson [Red, White, and Blue Prizm] #177",$0.25,,,,,,,,,,,,$0.99,,,,,,0,,,,,2015-12-02
3637361,Basketball Cards 2015 Panini Prizm,Hollis Thompson [Ruby Wave Prizm] #177,$0.99,,,,,,,,,,,,$1.09,,,,,,1,,,,,2015-12-02
3637589,Basketball Cards 2015 Panini Prizm,Hollis Thompson [Silver Prizm] #177,$1.64,,,,,,,,,,,,$1.79,,,,,,1,,,,,2015-12-02
3638096,Basketball Cards 2015 Panini Prizm,Hollis Thompson [White Sparkle Prizm] #177,,,,,,,,,,,,,,,,,,,0,,,,,2015-12-02
3634704,Basketball Cards 2015 Panini Prizm,Isiah Thomas #257,$0.71,,$7.34,$8.00,$9.00,,,,,,,,$0.99,,,$1.60,$8.09,,3,,,,,2015-12-02
12272614,Basketball Cards 2015 Panini Prizm,Isiah Thomas [Black Prizm] #257,,,,,,,,,,,,,,,,,,,0,,,,,2015-12-02
3635021,Basketball Cards 2015 Panini Prizm,Isiah Thomas [Flash Prizm] #257,$2.49,,,,,,,,,,,,$2.69,,,,,,1,,,,,2015-12-02
3635284,Basketball Cards 2015 Panini Prizm,Isiah Thomas [Gold Prizm] #257,$100.00,,,,,,,,,,,$55.00,$110.00,,,,,,1,,,,,2015-12-02
3635560,Basketball Cards 2015 Panini Prizm,Isiah Thomas [Green Prizm] #257,$2.07,,,,,,,,$19.99,,,,$2.29,,,,,,1,,,,,2015-12-02
3635817,Basketball Cards 2015 Panini Prizm,Isiah Thomas [Light Blue Prizm] #257,$5.92,,,,,,,,,,,$1.30,$6.49,,,,,,2,,,,,2015-12-02
3636079,Basketball Cards 2015 Panini Prizm,Isiah Thomas [Mojo Prizm] #257,$11.50,,,,,,,,,,,$3.30,$12.99,,,,,,1,,,,,2015-12-02
3636349,Basketball Cards 2015 Panini Prizm,Isiah Thomas [Orange Prizm] #257,$4.25,,,,,,,,,,,$0.90,$4.69,,,,,,2,,,,,2015-12-02
3636627,Basketball Cards 2015 Panini Prizm,Isiah Thomas [Orange Wave Prizm] #257,$1.75,,,,,,,,,,,,$1.89,,,,,,1,,,,,2015-12-02
3636905,Basketball Cards 2015 Panini Prizm,Isiah Thomas [Purple Prizm] #257,$9.79,,,,,,,,,,,$2.80,$10.99,,,,,,1,,,,,2015-12-02
3637167,Basketball Cards 2015 Panini Prizm,"Isiah Thomas [Red, White, and Blue Prizm] #257",$2.28,,,$7.50,$8.00,,,,,,,,$2.49,,,,,,3,,,,,2015-12-02
3637433,Basketball Cards 2015 Panini Prizm,Isiah Thomas [Ruby Wave Prizm] #257,$2.65,,,,,,,,,,,,$2.89,,,,,,2,,,,,2015-12-02
130104,Basketball Cards 2015 Panini Prizm,Isiah Thomas [Silver Prizm] #257,$1.69,,,$13.46,$15.00,$29.51,$38.00,$18.00,$18.00,,,,$1.89,,,,,,5,,,,,2015-12-02
3638169,Basketball Cards 2015 Panini Prizm,Isiah Thomas [White Sparkle Prizm] #257,$27.00,,,,,,,,,,,$9.00,$29.99,,,,,,1,,,,,2015-12-02
3634544,Basketball Cards 2015 Panini Prizm,J.J. Barea #80,$1.15,,,,,,,,,,,,$1.29,,,,,,2,,,,,2015-12-02
12272476,Basketball Cards 2015 Panini Prizm,J.J. Barea [Black Prizm] #80,,,,,,,,,,,,,,,,,,,0,,,,,2015-12-02
3634866,Basketball Cards 2015 Panini Prizm,J.J. Barea [Flash Prizm] #80,$2.55,,,,,,,,,,,,$2.79,,,,,,1,,,,,2015-12-02
3635126,Basketball Cards 2015 Panini Prizm,J.J. Barea [Gold Prizm] #80,$141.97,,,,,,,,,,,$78.00,$156.00,,,,,,1,,,,,2015-12-02
3635396,Basketball Cards 2015 Panini Prizm,J.J. Barea [Green Prizm] #80,,,,,,,,,,,,,,,,,,,0,,,,,2015-12-02
3635663,Basketball Cards 2015 Panini Prizm,J.J. Barea [Light Blue Prizm] #80,$4.74,,,,,,,,,,,$1.00,$5.19,,,,,,3,,,,,2015-12-02
3635927,Basketball Cards 2015 Panini Prizm,J.J. Barea [Mojo Prizm] #80,$15.00,,,,,,,,,,,$4.30,$16.99,,,,,,1,,,,,2015-12-02
3636191,Basketball Cards 2015 Panini Prizm,J.J. Barea [Orange Prizm] #80,,,,,,,,,,,,,,,,,,,0,,,,,2015-12-02
3636465,Basketball Cards 2015 Panini Prizm,J.J. Barea [Orange Wave Prizm] #80,$1.99,,,,,,,,,,,,$2.19,,,,,,1,,,,,2015-12-02
3636742,Basketball Cards 2015 Panini Prizm,J.J. Barea [Purple Prizm] #80,,,,,,,,,,,,,,,,,,,0,,,,,2015-12-02
3637017,Basketball Cards 2015 Panini Prizm,"J.J. Barea [Red, White, and Blue Prizm] #80",$1.39,,,,,,,,,,,,$1.49,,,,,,1,,,,,2015-12-02
3637277,Basketball Cards 2015 Panini Prizm,J.J. Barea [Ruby Wave Prizm] #80,$5.78,,,,,,,,,,,$1.30,$6.39,,,,,,2,,,,,2015-12-02
129826,Basketball Cards 2015 Panini Prizm,J.J. Barea [Silver Prizm] #80,$2.00,,,,,$38.81,$50.00,$23.00,$23.00,,,,$2.19,,,,,,3,,,,,2015-12-02
3638011,Basketball Cards 2015 Panini Prizm,J.J. Barea [White Sparkle Prizm] #80,$80.00,,,,,,,,,,,$35.20,$87.99,,,,,,0,,,,,2015-12-02
3634573,Basketball Cards 2015 Panini Prizm,J.J. Hickson #113,$0.25,,,,,,,,,,,,$0.99,,,,,,0,,,,,2015-12-02
12272345,Basketball Cards 2015 Panini Prizm,J.J. Hickson [Black Prizm] #113,,,,,,,,,,,,,,,,,,,0,,,,,2015-12-02
3634893,Basketball Cards 2015 Panini Prizm,J.J. Hickson [Flash Prizm] #113,$0.25,,,,,,,,,,,,$0.99,,,,,,0,,,,,2015-12-02
3635155,Basketball Cards 2015 Panini Prizm,J.J. Hickson [Gold Prizm] #113,,,,,,,,,,,,,,,,,,,0,,,,,2015-12-02
3635427,Basketball Cards 2015 Panini Prizm,J.J. Hickson [Green Prizm] #113,$1.13,,,,,,,,,,,,$1.19,,,,,,1,,,,,2015-12-02
3635691,Basketball Cards 2015 Panini Prizm,J.J. Hickson [Light Blue Prizm] #113,$1.13,,,,,,,,,,,,$1.19,,,,,,1,,,,,2015-12-02
3635954,Basketball Cards 2015 Panini Prizm,J.J. Hickson [Mojo Prizm] #113,$6.00,,,,,,,,,,,$1.30,$6.59,,,,,,1,,,,,2015-12-02
3636221,Basketball Cards 2015 Panini Prizm,J.J. Hickson [Orange Prizm] #113,$2.84,,,,,,,,,,,,$3.09,,,,,,0,,,,,2015-12-02
3636494,Basketball Cards 2015 Panini Prizm,J.J. Hickson [Orange Wave Prizm] #113,$0.25,,,,,,,,,,,,$0.99,,,,,,0,,,,,2015-12-02
3636774,Basketball Cards 2015 Panini Prizm,J.J. Hickson [Purple Prizm] #113,$2.26,,,,,,,,,,,,$2.49,,,,,,1,,,,,2015-12-02
3637044,Basketball Cards 2015 Panini Prizm,"J.J. Hickson [Red, White, and Blue Prizm] #113",$0.25,,,,,,,,,,,,$0.99,,,,,,0,,,,,2015-12-02
3637305,Basketball Cards 2015 Panini Prizm,J.J. Hickson [Ruby Wave Prizm] #113,$0.30,,,,,,,,,,,,$0.99,,,,,,1,,,,,2015-12-02
3637550,Basketball Cards 2015 Panini Prizm,J.J. Hickson [Silver Prizm] #113,$0.25,,,,,,,,,,,,$0.99,,,,,,0,,,,,2015-12-02
3638041,Basketball Cards 2015 Panini Prizm,J.J. Hickson [White Sparkle Prizm] #113,$11.74,,,,,,,,,,,$3.30,$12.99,,,,,,0,,,,,2015-12-02
3634590,Basketball Cards 2015 Panini Prizm,J.J. Redick #132,$1.69,,,,,,,,,,,,$1.89,,,,,,1,,,,,2015-12-02
12272395,Basketball Cards 2015 Panini Prizm,J.J. Redick [Black Prizm] #132,,,,,,,,,,,,,,,,,,,0,,,,,2015-12-02
3634910,Basketball Cards 2015 Panini Prizm,J.J. Redick [Flash Prizm] #132,$2.54,,,,,,,,,,,,$2.79,,,,,,0,,,,,2015-12-02
3635173,Basketball Cards 2015 Panini Prizm,J.J. Redick [Gold Prizm] #132,$199.99,,,,,,,,,,,$110.00,$220.00,,,,,,1,,,,,2015-12-02
3635444,Basketball Cards 2015 Panini Prizm,J.J. Redick [Green Prizm] #132,$0.99,,,,,,,,,,,,$1.09,,,,,,1,,,,,2015-12-02
3635707,Basketball Cards 2015 Panini Prizm,J.J. Redick [Light Blue Prizm] #132,$4.36,,,,,,,,,,,$1.00,$4.79,,,,,,2,,,,,2015-12-02
3635970,Basketball Cards 2015 Panini Prizm,J.J. Redick [Mojo Prizm] #132,,,,,,,,,,,,,,,,,,,0,,,,,2015-12-02
3636239,Basketball Cards 2015 Panini Prizm,J.J. Redick [Orange Prizm] #132,$28.99,,,,,,,,,,,$9.60,$31.99,,,,,,1,,,,,2015-12-02
3636511,Basketball Cards 2015 Panini Prizm,J.J. Redick [Orange Wave Prizm] #132,$2.01,,,,,,,,,,,,$2.19,,,,,,1,,,,,2015-12-02
3348636,Basketball Cards 2015 Panini Prizm,J.J. Redick [Purple Prizm] #132,$5.99,,,,,,,,,,,$1.30,$6.59,,,,,,1,,,,,2015-12-02
3637061,Basketball Cards 2015 Panini Prizm,"J.J. Redick [Red, White, and Blue Prizm] #132",$1.67,,,,,$17.50,$23.00,$11.00,$11.00,,,,$1.79,,,,,,2,,,,,2015-12-02
3637321,Basketball Cards 2015 Panini Prizm,J.J. Redick [Ruby Wave Prizm] #132,$1.00,,,,,,,,,,,,$1.09,,,,,,1,,,,,2015-12-02
129899,Basketball Cards 2015 Panini Prizm,J.J. Redick [Silver Prizm] #132,$3.42,,$7.99,,,,,,,,,$0.80,$3.79,,,$1.80,$8.79,,3,,,,,2015-12-02
3638059,Basketball Cards 2015 Panini Prizm,J.J. Redick [White Sparkle Prizm] #132,,,,,,$124.99,$162.00,$75.00,$75.00,,,,,,,,,,1,,,,,2015-12-02
3634611,Basketball Cards 2015 Panini Prizm,J.R. Smith #155,$1.67,,,,,,,,,,,,$1.79,,,,,,1,,,,,2015-12-02
12272458,Basketball Cards 2015 Panini Prizm,J.R. Smith [Black Prizm] #155,,,,,,,,,,,,,,,,,,,0,,,,,2015-12-02
3634930,Basketball Cards 2015 Panini Prizm,J.R. Smith [Flash Prizm] #155,,,,,,,,,,,,,,,,,,,0,,,,,2015-12-02
129938,Basketball Cards 2015 Panini Prizm,J.R. Smith [Gold Prizm] #155,$2.94,,,$177.50,$195.00,,,,,,,,$3.19,,,,,,4,,,,,2015-12-02
3635466,Basketball Cards 2015 Panini Prizm,J.R. Smith [Green Prizm] #155,,,,,,,,,,,,,,,,,,,0,,,,,2015-12-02
3635727,Basketball Cards 2015 Panini Prizm,J.R. Smith [Light Blue Prizm] #155,$5.14,,,,,,,,,,,$1.10,$5.69,,,,,,1,,,,,2015-12-02
3635991,Basketball Cards 2015 Panini Prizm,J.R. Smith [Mojo Prizm] #155,,,,,,,,,,,,,,,,,,,0,,,,,2015-12-02
3636261,Basketball Cards 2015 Panini Prizm,J.R. Smith [Orange Prizm] #155,,,,,,,,,,,,,,,,,,,0,,,,,2015-12-02
3636533,Basketball Cards 2015 Panini Prizm,J.R. Smith [Orange Wave Prizm] #155,$3.42,,,,,,,,,,,$0.80,$3.79,,,,,,1,,,,,2015-12-02
3636812,Basketball Cards 2015 Panini Prizm,J.R. Smith [Purple Prizm] #155,,,,,,,,,,,,,,,,,,,0,,,,,2015-12-02
3637081,Basketball Cards 2015 Panini Prizm,"J.R. Smith [Red, White, and Blue Prizm] #155",$1.49,,,,,,,,,,,,$1.59,,,,,,2,,,,,2015-12-02
3637340,Basketball Cards 2015 Panini Prizm,J.R. Smith [Ruby Wave Prizm] #155,,,,,,,,,,,,,,,,,,,0,,,,,2015-12-02
3637575,Basketball Cards 2015 Panini Prizm,J.R. Smith [Silver Prizm] #155,$2.67,,,,,,,,,,,,$2.89,,,,,,17,,,,,2015-12-02
3638077,Basketball Cards 2015 Panini Prizm,J.R. Smith [White Sparkle Prizm] #155,,,,,,,,,,,,,,,,,,,0,,,,,2015-12-02
3634620,Basketball Cards 2015 Panini Prizm,Jabari Parker #164,$1.99,,,,,,,,,,,,$2.19,,,,,,1,,,,,2015-12-02
12272499,Basketball Cards 2015 Panini Prizm,Jabari Parker [Black Prizm] #164,$1200.00,,,,,,,,,,,$792.00,$1320.00,,,,,,1,,,,,2015-12-02
3634939,Basketball Cards 2015 Panini Prizm,Jabari Parker [Flash Prizm] #164,$0.25,,,,,,,,,,,,$0.99,,,,,,0,,,,,2015-12-02
3635202,Basketball Cards 2015 Panini Prizm,Jabari Parker [Gold Prizm] #164,$3.25,,,,,,,,,,,,$3.59,,,,,,0,,,,,2015-12-02
3635475,Basketball Cards 2015 Panini Prizm,Jabari Parker [Green Prizm] #164,$0.25,,,,,,,,,,,,$0.99,,,,,,0,,,,,2015-12-02
3635736,Basketball Cards 2015 Panini Prizm,Jabari Parker [Light Blue Prizm] #164,$0.25,,,,,,,,,,,,$0.99,,,,,,0,,,,,2015-12-02
129943,Basketball Cards 2015 Panini Prizm,Jabari Parker [Mojo Prizm] #164,$6.00,,,,,,,,,,,$1.30,$6.59,,,,,,1,,,,,2015-12-02
3636270,Basketball Cards 2015 Panini Prizm,Jabari Parker [Orange Prizm] #164,$1.19,,,,,,,,,,,,$1.29,,,,,,1,,,,,2015-12-02
3636542,Basketball Cards 2015 Panini Prizm,Jabari Parker [Orange Wave Prizm] #164,$5.14,,,,,,,,,,,$1.10,$5.69,,,,,,1,,,,,2015-12-02
3636821,Basketball Cards 2015 Panini Prizm,Jabari Parker [Purple Prizm] #164,$2.16,,,,,,,,,,,,$2.39,,,,,,1,,,,,2015-12-02
3637090,Basketball Cards 2015 Panini Prizm,"Jabari Parker [Red, White, and Blue Prizm] #164",$1.39,,,,,,,,,,,,$1.49,,,,,,1,,,,,2015-12-02
3637349,Basketball Cards 2015 Panini Prizm,Jabari Parker [Ruby Wave Prizm] #164,$1.00,,,,,,,,,,,,$1.09,,,,,,1,,,,,2015-12-02
129944,Basketball Cards 2015 Panini Prizm,Jabari Parker [Silver Prizm] #164,$0.25,,,,,,,,,,,,$0.99,,,,,,0,,,,,2015-12-02
3638086,Basketball Cards 2015 Panini Prizm,Jabari Parker [White Sparkle Prizm] #164,$12.00,,,,,,,,,,,$3.30,$12.99,,,,,,0,,,,,2015-12-02
3634484,Basketball Cards 2015 Panini Prizm,Jae Crowder #17,$0.99,,,,,,,,,,,,$1.09,,,,,,1,,,,,2015-12-02
12272330,Basketball Cards 2015 Panini Prizm,Jae Crowder [Black Prizm] #17,,,,,,,,,,,,,,,,,,,0,,,,,2015-12-02
3634809,Basketball Cards 2015 Panini Prizm,Jae Crowder [Flash Prizm] #17,$1.86,,,,,,,,,,,,$2.09,,,,,,1,,,,,2015-12-02
3635070,Basketball Cards 2015 Panini Prizm,Jae Crowder [Gold Prizm] #17,,,,,,$231.50,$301.00,$139.00,$139.00,,,,,,,,,,1,,,,,2015-12-02
3635337,Basketball Cards 2015 Panini Prizm,Jae Crowder [Green Prizm] #17,,,,,,,,,,,,,,,,,,,0,,,,,2015-12-02
3635611,Basketball Cards 2015 Panini Prizm,Jae Crowder [Light Blue Prizm] #17,$0.99,,,,,,,,,,,,$1.09,,,,,,1,,,,,2015-12-02
3635870,Basketball Cards 2015 Panini Prizm,Jae Crowder [Mojo Prizm] #17,$9.74,,,,,,,,,,,$2.80,$10.99,,,,,,1,,,,,2015-12-02
3636137,Basketball Cards 2015 Panini Prizm,Jae Crowder [Orange Prizm] #17,$4.99,,,,,,,,,,,$1.10,$5.49,,,,,,1,,,,,2015-12-02
3636406,Basketball Cards 2015 Panini Prizm,Jae Crowder [Orange Wave Prizm] #17,,,,,,,,,,,,,,,,,,,0,,,,,2015-12-02
3636685,Basketball Cards 2015 Panini Prizm,Jae Crowder [Purple Prizm] #17,$2.29,,,,,,,,,,,,$2.49,,,,,,1,,,,,2015-12-02
3636961,Basketball Cards 2015 Panini Prizm,"Jae Crowder [Red, White, and Blue Prizm] #17",$0.67,,,,,,,,,,,,$0.99,,,,,,1,,,,,2015-12-02
3637218,Basketball Cards 2015 Panini Prizm,Jae Crowder [Ruby Wave Prizm] #17,$2.09,,,,,,,,,,,,$2.29,,,,,,2,,,,,2015-12-02
129758,Basketball Cards 2015 Panini Prizm,Jae Crowder [Silver Prizm] #17,$1.47,,,,,,,,,,,,$1.59,,,,,,1,,,,,2015-12-02
3637952,Basketball Cards 2015 Panini Prizm,Jae Crowder [White Sparkle Prizm] #17,$29.29,,,,,,,,,,,$9.60,$31.99,,,,,,0,,,,,2015-12-02
130358,Basketball Cards 2015 Panini Prizm,Jahlil Okafor #329,$1.15,,$5.92,$7.00,$8.00,$8.00,$10.00,$5.00,$5.00,,,,$1.29,,,$1.30,$6.49,,11,,,,,2015-12-02
12272494,Basketball Cards 2015 Panini Prizm,Jahlil Okafor [Black Prizm] #329,,,,,,,,,,,,,,,,,,,0,,,,,2015-12-02
130359,Basketball Cards 2015 Panini Prizm,Jahlil Okafor [Flash Prizm] #329,$2.98,,,$5.50,$6.00,,,,,,,,$3.29,,,,,,3,,,,,2015-12-02
3638255,Basketball Cards 2015 Panini Prizm,Jahlil Okafor [Gold Prizm] #329,,,,,,,,,,,,,,,,,,,0,,,,,2015-12-02
130360,Basketball Cards 2015 Panini Prizm,Jahlil Okafor [Green Prizm] #329,$3.75,,,$1.98,$31.00,,,,,,,$0.80,$4.09,,,,,,3,,,,,2015-12-02
130362,Basketball Cards 2015 Panini Prizm,Jahlil Okafor [Light Blue Prizm] #329,$17.77,,,$2.25,$6.00,$6.50,$8.00,$4.00,$4.00,,,$5.00,$19.99,,,,,,4,,,,,2015-12-02
3638342,Basketball Cards 2015 Panini Prizm,Jahlil Okafor [Mojo Prizm] #329,$19.99,,,,$34.00,$34.92,$45.00,$21.00,$21.00,,,$6.60,$21.99,,,,,,3,,,,,2015-12-02
130361,Basketball Cards 2015 Panini Prizm,Jahlil Okafor [Orange Prizm] #329,$2.25,,,$15.50,$46.86,,$20.35,,,,,,$2.49,,,,,,3,,,,,2015-12-02
130363,Basketball Cards 2015 Panini Prizm,Jahlil Okafor [Orange Wave Prizm] #329,$2.47,,,$8.50,$9.00,,,,,,,,$2.69,,,,,,4,,,,,2015-12-02
130364,Basketball Cards 2015 Panini Prizm,Jahlil Okafor [Purple Prizm] #329,$9.17,,$8.50,,$23.91,,,,,,,$2.00,$9.99,,,$1.90,$9.39,,3,,,,,2015-12-02
130365,Basketball Cards 2015 Panini Prizm,"Jahlil Okafor [Red, White, and Blue Prizm] #329",$2.18,,,,$5.00,$4.79,$6.00,$3.00,$3.00,,,,$2.39,,,,,,3,,,,,2015-12-02
130366,Basketball Cards 2015 Panini Prizm,Jahlil Okafor [Ruby Wave Prizm] #329,$2.54,,,,$4.24,,,,,,,,$2.79,,,,,,4,,,,,2015-12-02
130367,Basketball Cards 2015 Panini Prizm,Jahlil Okafor [Silver Prizm] #329,$2.84,,,$12.00,$13.00,$14.00,$33.33,$8.00,$8.00,,,,$3.09,,,,,,5,,,,,2015-12-02
130368,Basketball Cards 2015 Panini Prizm,Jahlil Okafor [White Sparkle Prizm] #329,,,,,,,,,,,,,,,,,,,0,,,,,2015-12-02
3634725,Basketball Cards 2015 Panini Prizm,Jalen Rose #280,$1.69,,,,,,,,,,,,$1.89,,,,,,2,,,,,2015-12-02
12272670,Basketball Cards 2015 Panini Prizm,Jalen Rose [Black Prizm] #280,,,,,,,,,,,,,,,,,,,0,,,,,2015-12-02
3635040,Basketball Cards 2015 Panini Prizm,Jalen Rose [Flash Prizm] #280,$2.75,,,,,,,,,,,,$2.99,,,,,,1,,,,,2015-12-02
3635305,Basketball Cards 2015 Panini Prizm,Jalen Rose [Gold Prizm] #280,,,,,$79.00,,,,,,,,,,,,,,1,,,,,2015-12-02
3635580,Basketball Cards 2015 Panini Prizm,Jalen Rose [Green Prizm] #280,$2.31,,,,,,,,,,,,$2.49,,,,,,1,,,,,2015-12-02
3635836,Basketball Cards 2015 Panini Prizm,Jalen Rose [Light Blue Prizm] #280,$1.80,,,,,,,,,,,,$1.99,,,,,,1,,,,,2015-12-02
3636101,Basketball Cards 2015 Panini Prizm,Jalen Rose [Mojo Prizm] #280,$23.25,,,,,,,,,,,$7.80,$25.99,,,,,,1,,,,,2015-12-02
3636371,Basketball Cards 2015 Panini Prizm,Jalen Rose [Orange Prizm] #280,$5.99,,,,,,,,,,,$1.30,$6.59,,,,,,1,,,,,2015-12-02
3636651,Basketball Cards 2015 Panini Prizm,Jalen Rose [Orange Wave Prizm] #280,$1.59,,,,,,,,,,,,$1.79,,,,,,1,,,,,2015-12-02
3636928,Basketball Cards 2015 Panini Prizm,Jalen Rose [Purple Prizm] #280,$11.70,,,$15.99,$18.00,,,,,,,$3.30,$12.99,,,,,,2,,,,,2015-12-02
3637187,Basketball Cards 2015 Panini Prizm,"Jalen Rose [Red, White, and Blue Prizm] #280",$1.25,,,,,,,,,,,,$1.39,,,,,,1,,,,,2015-12-02
3637453,Basketball Cards 2015 Panini Prizm,Jalen Rose [Ruby Wave Prizm] #280,$1.82,,,,,,,,,,,,$1.99,,,,,,2,,,,,2015-12-02
130149,Basketball Cards 2015 Panini Prizm,Jalen Rose [Silver Prizm] #280,$1.62,,,$4.25,$5.00,$6.29,$8.00,$4.00,$4.00,,,,$1.79,,,,,,3,,,,,2015-12-02
3638188,Basketball Cards 2015 Panini Prizm,Jalen Rose [White Sparkle Prizm] #280,,,,,,,,,,,,,,,,,,,0,,,,,2015-12-02
3634600,Basketball Cards 2015 Panini Prizm,Jamal Crawford #142,$1.67,,,,,$21.99,$29.00,$13.00,$13.00,,,,$1.79,,,,,,2,,,,,2015-12-02
12272417,Basketball Cards 2015 Panini Prizm,Jamal Crawford [Black Prizm] #142,,,,,,,,,,,,,,,,,,,0,,,,,2015-12-02
3634920,Basketball Cards 2015 Panini Prizm,Jamal Crawford [Flash Prizm] #142,$1.84,,,,,,,,,,,,$1.99,,,,,,1,,,,,2015-12-02
3635183,Basketball Cards 2015 Panini Prizm,Jamal Crawford [Gold Prizm] #142,$150.00,,,,,,,,,,,$82.50,$165.00,,,,,,1,,,,,2015-12-02
3635454,Basketball Cards 2015 Panini Prizm,Jamal Crawford [Green Prizm] #142,$2.99,,,,,,,,,,,,$3.29,,,,,,1,,,,,2015-12-02
3635716,Basketball Cards 2015 Panini Prizm,Jamal Crawford [Light Blue Prizm] #142,$2.98,,,$14.06,$15.00,,,,,,,,$3.29,,,,,,2,,,,,2015-12-02
3635980,Basketball Cards 2015 Panini Prizm,Jamal Crawford [Mojo Prizm] #142,$42.80,,,$45.25,$50.00,,,,,,,$18.80,$46.99,,,,,,2,,,,,2015-12-02
3636249,Basketball Cards 2015 Panini Prizm,Jamal Crawford [Orange Prizm] #142,$14.99,,,,,,,,,,,$4.00,$15.99,,,,,,1,,,,,2015-12-02
3636521,Basketball Cards 2015 Panini Prizm,Jamal Crawford [Orange Wave Prizm] #142,$2.75,,,,,,,,,,,,$2.99,,,,,,1,,,,,2015-12-02
3636800,Basketball Cards 2015 Panini Prizm,Jamal Crawford [Purple Prizm] #142,$5.26,,,,,,,,,,,$1.20,$5.79,,,,,,1,,,,,2015-12-02
3637070,Basketball Cards 2015 Panini Prizm,"Jamal Crawford [Red, White, and Blue Prizm] #142",$2.99,,,,,,,,,,,,$3.29,,,,,,2,,,,,2015-12-02
3637329,Basketball Cards 2015 Panini Prizm,Jamal Crawford [Ruby Wave Prizm] #142,$6.36,,,,,,,,,,,$1.40,$6.99,,,,,,2,,,,,2015-12-02
129911,Basketball Cards 2015 Panini Prizm,Jamal Crawford [Silver Prizm] #142,$0.97,,,$4.58,$5.00,$27.56,$36.00,$17.00,$17.00,,,,$1.09,,,,,,3,,,,,2015-12-02
129912,Basketball Cards 2015 Panini Prizm,Jamal Crawford [White Sparkle Prizm] #142,,,,,,,,,,,,,,,,,,,0,,,,,2015-12-02
3348623,Basketball Cards 2015 Panini Prizm,Jameer Nelson #227,$0.99,,,,,,,,,,,,$1.09,,,,,,1,,,,,2015-12-02
12272543,Basketball Cards 2015 Panini Prizm,Jameer Nelson [Black Prizm] #227,,,,,,,,,,,,,,,,,,,0,,,,,2015-12-02
3634997,Basketball Cards 2015 Panini Prizm,Jameer Nelson [Flash Prizm] #227,$0.99,,,,,,,,,,,,$1.09,,,,,,1,,,,,2015-12-02
3635257,Basketball Cards 2015 Panini Prizm,Jameer Nelson [Gold Prizm] #227,,,,,,,,,,,,,,,,,,,0,,,,,2015-12-02
3635533,Basketball Cards 2015 Panini Prizm,Jameer Nelson [Green Prizm] #227,$2.99,,,,,,,,,,,,$3.29,,,,,,0,,,,,2015-12-02
3348625,Basketball Cards 2015 Panini Prizm,Jameer Nelson [Light Blue Prizm] #227,$1.68,,,,,,,,,,,,$1.89,,,,,,1,,,,,2015-12-02
3636053,Basketball Cards 2015 Panini Prizm,Jameer Nelson [Mojo Prizm] #227,,,,,,,,,,,,,,,,,,,0,,,,,2015-12-02
3636326,Basketball Cards 2015 Panini Prizm,Jameer Nelson [Orange Prizm] #227,$3.41,,,,,,,,,,,$0.80,$3.79,,,,,,1,,,,,2015-12-02
3636600,Basketball Cards 2015 Panini Prizm,Jameer Nelson [Orange Wave Prizm] #227,$2.00,,,,,,,,,,,,$2.19,,,,,,0,,,,,2015-12-02
3636878,Basketball Cards 2015 Panini Prizm,Jameer Nelson [Purple Prizm] #227,$1.64,,,,,,,,,,,,$1.79,,,,,,1,,,,,2015-12-02
3637145,Basketball Cards 2015 Panini Prizm,"Jameer Nelson [Red, White, and Blue Prizm] #227",$0.25,,,,,,,,,,,,$0.99,,,,,,0,,,,,2015-12-02
3637407,Basketball Cards 2015 Panini Prizm,Jameer Nelson [Ruby Wave Prizm] #227,,,,$1999.95,$2200.00,,,,,,,,,,,,,,1,,,,,2015-12-02
3637623,Basketball Cards 2015 Panini Prizm,Jameer Nelson [Silver Prizm] #227,$2.50,,,,,,,,,,,,$2.79,,,,,,1,,,,,2015-12-02
3638143,Basketball Cards 2015 Panini Prizm,Jameer Nelson [White Sparkle Prizm] #227,,,,,,,,,,,,,,,,,,,0,,,,,2015-12-02
130022,Basketball Cards 2015 Panini Prizm,James Harden #213,$1.75,,,$8.85,$10.00,$11.00,$14.00,$7.00,$7.00,,,,$1.89,,,,,,7,,,,,2015-12-02
130574,Basketball Cards 2015 Panini Prizm,James Harden #369,$1.12,,$9.99,$11.00,$12.00,$36.77,$48.00,$22.00,$22.00,,,,$1.19,,,$2.80,$10.99,,5,,,,,2015-12-02
130638,Basketball Cards 2015 Panini Prizm,James Harden #378,$1.25,,,$6.76,$7.00,$9.87,$13.00,$6.00,$6.00,,,,$1.39,,,,,,4,,,,,2015-12-02
130023,Basketball Cards 2015 Panini Prizm,James Harden [Black Prizm] #213,,,,,,,,,,,,,,,,,,,0,,,,,2015-12-02
130575,Basketball Cards 2015 Panini Prizm,James Harden [Black Prizm] #369,,,,,,,,,,,,,,,,,,,0,,,,,2015-12-02
12272640,Basketball Cards 2015 Panini Prizm,James Harden [Black Prizm] #378,,,,,,,,,,,,,,,,,,,0,,,,,2015-12-02
130024,Basketball Cards 2015 Panini Prizm,James Harden [Flash Prizm] #213,$1.19,,,$24.56,$27.00,$29.00,$38.00,$17.00,$17.00,,,,$1.29,,,,,,3,,,,,2015-12-02
3638556,Basketball Cards 2015 Panini Prizm,James Harden [Flash Prizm] #369,$1.53,,$15.99,,,,,,,,,,$1.69,,,$4.50,$17.99,,2,,,,,2015-12-02
130639,Basketball Cards 2015 Panini Prizm,James Harden [Flash Prizm] #378,$0.99,,,$29.99,$33.00,$36.00,$47.00,$22.00,$22.00,,,,$1.09,,,,,,3,,,,,2015-12-02
130025,Basketball Cards 2015 Panini Prizm,James Harden [Gold Prizm] #213,$462.97,,,,,,,,,,,$305.40,$509.00,,,,,,1,,,,,2015-12-02
130576,Basketball Cards 2015 Panini Prizm,James Harden [Gold Prizm] #369,,,,,,,,,,,,,,,,,,,0,,,,,2015-12-02
130640,Basketball Cards 2015 Panini Prizm,James Harden [Gold Prizm] #378,,,,$209.00,$230.00,,,,,,,,,,,,,,1,,,,,2015-12-02
130026,Basketball Cards 2015 Panini Prizm,James Harden [Green Prizm] #213,$0.50,,,$5.09,$6.00,$67.50,$88.00,$41.00,$41.00,,,,$0.99,,,,,,3,,,,,2015-12-02
130577,Basketball Cards 2015 Panini Prizm,James Harden [Green Prizm] #369,$2.13,,,,,,,,,,,,$2.29,,,,,,1,,,,,2015-12-02
130641,Basketball Cards 2015 Panini Prizm,James Harden [Green Prizm] #378,$5.83,,,,,$15.50,$20.00,$9.00,$9.00,,,$1.30,$6.39,,,,,,2,,,,,2015-12-02
130027,Basketball Cards 2015 Panini Prizm,James Harden [Light Blue Prizm] #213,$9.75,,$7.37,$8.00,$9.00,$55.00,$72.00,$33.00,$33.00,,,$2.80,$10.99,,,$1.60,$8.09,,5,,,,,2015-12-02
130578,Basketball Cards 2015 Panini Prizm,James Harden [Light Blue Prizm] #369,$5.99,,,,,,,,,,,$1.30,$6.59,,,,,,1,,,,,2015-12-02
130642,Basketball Cards 2015 Panini Prizm,James Harden [Light Blue Prizm] #378,$7.58,,,$22.49,$25.00,,,,,,,$1.70,$8.29,,,,,,3,,,,,2015-12-02
3636039,Basketball Cards 2015 Panini Prizm,James Harden [Mojo Prizm] #213,,,,,,,,,,,,,,,,,,,0,,,,,2015-12-02
130579,Basketball Cards 2015 Panini Prizm,James Harden [Mojo Prizm] #369,,,,,,$150.00,$195.00,$90.00,$90.00,,,,,,,,,,1,,,,,2015-12-02
130643,Basketball Cards 2015 Panini Prizm,James Harden [Mojo Prizm] #378,$24.02,,,$16.50,$18.00,$85.00,$111.00,$51.00,$51.00,,,$7.80,$25.99,,,,,,3,,,,,2015-12-02
130028,Basketball Cards 2015 Panini Prizm,James Harden [Orange Prizm] #213,$2.76,,,,,$221.50,$288.00,$133.00,$133.00,,,,$2.99,,,,,,2,,,,,2015-12-02
3638645,Basketball Cards 2015 Panini Prizm,James Harden [Orange Prizm] #369,$14.99,,,$20.50,$23.00,,,,,,,$4.00,$15.99,,,,,,2,,,,,2015-12-02
130644,Basketball Cards 2015 Panini Prizm,James Harden [Orange Prizm] #378,$175.28,,,,$40.00,$63.00,$82.00,$38.00,$38.00,,,$96.50,$193.00,,,,,,2,,,,,2015-12-02
3636586,Basketball Cards 2015 Panini Prizm,James Harden [Orange Wave Prizm] #213,$3.23,,,$21.93,$24.00,$99.95,$130.00,$60.00,$60.00,,,,$3.59,,,,,,4,,,,,2015-12-02
3638663,Basketball Cards 2015 Panini Prizm,James Harden [Orange Wave Prizm] #369,$1.88,,,,,,,,,,,,$2.09,,,,,,2,,,,,2015-12-02
3638872,Basketball Cards 2015 Panini Prizm,James Harden [Orange Wave Prizm] #378,$1.35,,,,,$125.00,$163.00,$75.00,$75.00,,,,$1.49,,,,,,2,,,,,2015-12-02
130029,Basketball Cards 2015 Panini Prizm,James Harden [Purple Prizm] #213,$14.50,,,,$42.00,$43.00,$56.00,$26.00,$26.00,,,$4.00,$15.99,,,,,,3,,,,,2015-12-02
130580,Basketball Cards 2015 Panini Prizm,James Harden [Purple Prizm] #369,$23.24,,,,,,,,,,,$7.80,$25.99,,,,,,1,,,,,2015-12-02
3638890,Basketball Cards 2015 Panini Prizm,James Harden [Purple Prizm] #378,$2.80,,,,,,,,,,,,$3.09,,,,,,1,,,,,2015-12-02
130030,Basketball Cards 2015 Panini Prizm,"James Harden [Red, White, and Blue Prizm] #213",$1.71,,,$8.25,$9.00,$22.47,$29.00,$13.00,$13.00,,,,$1.89,,,,,,4,,,,,2015-12-02
130581,Basketball Cards 2015 Panini Prizm,"James Harden [Red, White, and Blue Prizm] #369",$1.02,,,,,,,,,,,,$1.09,,,,,,2,,,,,2015-12-02
130645,Basketball Cards 2015 Panini Prizm,"James Harden [Red, White, and Blue Prizm] #378",$2.81,,,$9.21,$10.00,$24.95,$32.00,$15.00,$15.00,,,,$3.09,,,,,,3,,,,,2015-12-02
130031,Basketball Cards 2015 Panini Prizm,James Harden [Ruby Wave Prizm] #213,$8.52,,,$19.99,$22.00,$85.00,$111.00,$51.00,$51.00,,,$1.90,$9.39,,,,,,5,,,,,2015-12-02
3638717,Basketball Cards 2015 Panini Prizm,James Harden [Ruby Wave Prizm] #369,$3.90,,,$9.99,$11.00,,,,,,,$0.90,$4.29,,,,,,3,,,,,2015-12-02
3638923,Basketball Cards 2015 Panini Prizm,James Harden [Ruby Wave Prizm] #378,$2.37,,,$4.34,$5.00,$20.36,$26.00,$12.00,$12.00,,,,$2.59,,,,,,5,,,,,2015-12-02
130032,Basketball Cards 2015 Panini Prizm,James Harden [Silver Prizm] #213,$2.31,,,$6.76,$7.00,$50.00,$65.00,$30.00,$30.00,,,,$2.49,,,,,,10,,,,,2015-12-02
130582,Basketball Cards 2015 Panini Prizm,James Harden [Silver Prizm] #369,$1.97,,$5.00,$17.62,$19.00,,,,,,,,$2.19,,,$1.10,$5.49,,5,,,,,2015-12-02
130648,Basketball Cards 2015 Panini Prizm,James Harden [Silver Prizm] #378,$1.80,,$10.89,$14.75,$16.00,$32.31,$42.00,$19.00,$19.00,,,,$1.99,,,$3.00,$11.99,,6,,,,,2015-12-02
3638129,Basketball Cards 2015 Panini Prizm,James Harden [White Sparkle Prizm] #213,$165.21,,,,,,,,,,,$91.00,$182.00,,,,,,1,,,,,2015-12-02
130583,Basketball Cards 2015 Panini Prizm,James Harden [White Sparkle Prizm] #369,,,,$226.50,$249.00,,,,,,,,,,,,,,2,,,,,2015-12-02
3638965,Basketball Cards 2015 Panini Prizm,James Harden [White Sparkle Prizm] #378,,,,,,,,,,,,,,,,,,,0,,,,,2015-12-02
3634676,Basketball Cards 2015 Panini Prizm,James Johnson #225,$1.84,,,,,,,,,,,,$1.99,,,,,,1,,,,,2015-12-02
12272535,Basketball Cards 2015 Panini Prizm,James Johnson [Black Prizm] #225,,,,,,,,,,,,,,,,,,,0,,,,,2015-12-02
3634995,Basketball Cards 2015 Panini Prizm,James Johnson [Flash Prizm] #225,$0.99,,,,,,,,,,,,$1.09,,,,,,1,,,,,2015-12-02
3635255,Basketball Cards 2015 Panini Prizm,James Johnson [Gold Prizm] #225,$98.00,,,,,,,,,,,$54.00,$108.00,,,,,,0,,,,,2015-12-02
3635531,Basketball Cards 2015 Panini Prizm,James Johnson [Green Prizm] #225,$1.39,,,,,,,,,,,,$1.49,,,,,,1,,,,,2015-12-02
3635788,Basketball Cards 2015 Panini Prizm,James Johnson [Light Blue Prizm] #225,$1.99,,,,,,,,,,,,$2.19,,,,,,1,,,,,2015-12-02
3636051,Basketball Cards 2015 Panini Prizm,James Johnson [Mojo Prizm] #225,$3.33,,,,,,,,,,,,$3.69,,,,,,1,,,,,2015-12-02
3636324,Basketball Cards 2015 Panini Prizm,James Johnson [Orange Prizm] #225,$1.98,,,,,,,,,,,,$2.19,,,,,,1,,,,,2015-12-02
3636598,Basketball Cards 2015 Panini Prizm,James Johnson [Orange Wave Prizm] #225,$2.96,,,,,,,,,,,,$3.29,,,,,,0,,,,,2015-12-02
3636876,Basketball Cards 2015 Panini Prizm,James Johnson [Purple Prizm] #225,$1.39,,,,,,,,,,,,$1.49,,,,,,1,,,,,2015-12-02
3637143,Basketball Cards 2015 Panini Prizm,"James Johnson [Red, White, and Blue Prizm] #225",$0.25,,,,,,,,,,,,$0.99,,,,,,0,,,,,2015-12-02
3637405,Basketball Cards 2015 Panini Prizm,James Johnson [Ruby Wave Prizm] #225,$1.28,,,,,,,,,,,,$1.39,,,,,,1,,,,,2015-12-02
3637621,Basketball Cards 2015 Panini Prizm,James Johnson [Silver Prizm] #225,$0.25,,,,,,,,,,,,$0.99,,,,,,0,,,,,2015-12-02
3638141,Basketball Cards 2015 Panini Prizm,James Johnson [White Sparkle Prizm] #225,$11.74,,,,,,,,,,,$3.30,$12.99,,,,,,0,,,,,2015-12-02
3634723,Basketball Cards 2015 Panini Prizm,James Worthy #278,$1.00,,$8.99,$10.00,$11.00,$13.99,$18.00,$8.00,$8.00,,,,$1.09,,,$2.00,$9.89,,5,,,,,2015-12-02
12272660,Basketball Cards 2015 Panini Prizm,James Worthy [Black Prizm] #278,,,,,,,,,,,,,,,,,,,0,,,,,2015-12-02
3635038,Basketball Cards 2015 Panini Prizm,James Worthy [Flash Prizm] #278,$1.99,,,,,,,,,,,,$2.19,,,,,,1,,,,,2015-12-02
3635303,Basketball Cards 2015 Panini Prizm,James Worthy [Gold Prizm] #278,$124.50,,,,,,,,,,,$68.50,$137.00,,,,,,1,,,,,2015-12-02
130147,Basketball Cards 2015 Panini Prizm,James Worthy [Green Prizm] #278,$2.39,,,,,$37.99,$49.00,$23.00,$23.00,,,,$2.59,,,,,,2,,,,,2015-12-02
3635834,Basketball Cards 2015 Panini Prizm,James Worthy [Light Blue Prizm] #278,$2.54,,,,,,,,,,,,$2.79,,,,,,2,,,,,2015-12-02
3636099,Basketball Cards 2015 Panini Prizm,James Worthy [Mojo Prizm] #278,,,,,,,,,,,,,,,,,,,0,,,,,2015-12-02
3636369,Basketball Cards 2015 Panini Prizm,James Worthy [Orange Prizm] #278,$5.00,,,$5.50,$6.00,,,,,,,$1.10,$5.49,,,,,,2,,,,,2015-12-02
3636649,Basketball Cards 2015 Panini Prizm,James Worthy [Orange Wave Prizm] #278,$3.02,,,,,$27.00,$35.00,$16.00,$16.00,,,,$3.29,,,,,,2,,,,,2015-12-02
3636926,Basketball Cards 2015 Panini Prizm,James Worthy [Purple Prizm] #278,$1.56,,,$11.00,$12.00,,,,,,,,$1.69,,,,,,2,,,,,2015-12-02
3637185,Basketball Cards 2015 Panini Prizm,"James Worthy [Red, White, and Blue Prizm] #278",$1.58,,,,,,,,,,,,$1.69,,,,,,2,,,,,2015-12-02
3637451,Basketball Cards 2015 Panini Prizm,James Worthy [Ruby Wave Prizm] #278,$2.95,,,,,,,,,,,,$3.29,,,,,,1,,,,,2015-12-02
130148,Basketball Cards 2015 Panini Prizm,James Worthy [Silver Prizm] #278,$2.81,,$5.78,$6.00,$7.00,$8.75,$11.00,$5.00,$5.00,,,,$3.09,,,$1.30,$6.39,,6,,,,,2015-12-02
3638186,Basketball Cards 2015 Panini Prizm,James Worthy [White Sparkle Prizm] #278,,,,,,,,,,,,,,,,,,,0,,,,,2015-12-02
3634666,Basketball Cards 2015 Panini Prizm,Jared Dudley #215,$1.00,,,,,,,,,,,,$1.09,,,,,,1,,,,,2015-12-02
12272413,Basketball Cards 2015 Panini Prizm,Jared Dudley [Black Prizm] #215,,,,,,,,,,,,,,,,,,,0,,,,,2015-12-02
3634986,Basketball Cards 2015 Panini Prizm,Jared Dudley [Flash Prizm] #215,$1.49,,,,,,,,,,,,$1.59,,,,,,1,,,,,2015-12-02
3635245,Basketball Cards 2015 Panini Prizm,Jared Dudley [Gold Prizm] #215,,,,,,,,,,,,,,,,,,,0,,,,,2015-12-02
3635521,Basketball Cards 2015 Panini Prizm,Jared Dudley [Green Prizm] #215,$0.25,,,,,,,,,,,,$0.99,,,,,,0,,,,,2015-12-02
3635779,Basketball Cards 2015 Panini Prizm,Jared Dudley [Light Blue Prizm] #215,$1.79,,,,,,,,,,,,$1.99,,,,,,1,,,,,2015-12-02
3636041,Basketball Cards 2015 Panini Prizm,Jared Dudley [Mojo Prizm] #215,$19.99,,,,,,,,,,,$6.60,$21.99,,,,,,0,,,,,2015-12-02
3636314,Basketball Cards 2015 Panini Prizm,Jared Dudley [Orange Prizm] #215,$1.38,,,,,,,,,,,,$1.49,,,,,,1,,,,,2015-12-02
3636588,Basketball Cards 2015 Panini Prizm,Jared Dudley [Orange Wave Prizm] #215,$0.25,,,,,,,,,,,,$0.99,,,,,,0,,,,,2015-12-02
3636866,Basketball Cards 2015 Panini Prizm,Jared Dudley [Purple Prizm] #215,$3.67,,,,,,,,,,,$0.80,$3.99,,,,,,1,,,,,2015-12-02
3637133,Basketball Cards 2015 Panini Prizm,"Jared Dudley [Red, White, and Blue Prizm] #215",$1.89,,,,,,,,,,,,$2.09,,,,,,1,,,,,2015-12-02
3637395,Basketball Cards 2015 Panini Prizm,Jared Dudley [Ruby Wave Prizm] #215,$0.99,,,,,,,,,,,,$1.09,,,,,,1,,,,,2015-12-02
3637614,Basketball Cards 2015 Panini Prizm,Jared Dudley [Silver Prizm] #215,$0.25,,,,,,,,,,,,$0.99,,,,,,0,,,,,2015-12-02
3638131,Basketball Cards 2015 Panini Prizm,Jared Dudley [White Sparkle Prizm] #215,$23.25,,,,,,,,,,,$7.80,$25.99,,,,,,0,,,,,2015-12-02
3634586,Basketball Cards 2015 Panini Prizm,Jared Sullinger #128,$1.25,,,,,,,,,,,,$1.39,,,,,,1,,,,,2015-12-02
12272383,Basketball Cards 2015 Panini Prizm,Jared Sullinger [Black Prizm] #128,,,,,,,,,,,,,,,,,,,0,,,,,2015-12-02
3634906,Basketball Cards 2015 Panini Prizm,Jared Sullinger [Flash Prizm] #128,$0.25,,,,,,,,,,,,$0.99,,,,,,0,,,,,2015-12-02
3635169,Basketball Cards 2015 Panini Prizm,Jared Sullinger [Gold Prizm] #128,$41.99,,,,,,,,,,,$18.40,$45.99,,,,,,1,,,,,2015-12-02
3635440,Basketball Cards 2015 Panini Prizm,Jared Sullinger [Green Prizm] #128,$1.38,,,,,,,,,,,,$1.49,,,,,,1,,,,,2015-12-02
3635703,Basketball Cards 2015 Panini Prizm,Jared Sullinger [Light Blue Prizm] #128,$1.99,,,,,,,,,,,,$2.19,,,,,,1,,,,,2015-12-02
3635966,Basketball Cards 2015 Panini Prizm,Jared Sullinger [Mojo Prizm] #128,,,,,,,,,,,,,,,,,,,0,,,,,2015-12-02
3636235,Basketball Cards 2015 Panini Prizm,Jared Sullinger [Orange Prizm] #128,$3.00,,,,,,,,,,,,$3.29,,,,,,1,,,,,2015-12-02
3636507,Basketball Cards 2015 Panini Prizm,Jared Sullinger [Orange Wave Prizm] #128,$1.30,,,,,,,,,,,,$1.39,,,,,,1,,,,,2015-12-02
3636788,Basketball Cards 2015 Panini Prizm,Jared Sullinger [Purple Prizm] #128,$2.52,,,,,,,,,,,,$2.79,,,,,,0,,,,,2015-12-02
3637057,Basketball Cards 2015 Panini Prizm,"Jared Sullinger [Red, White, and Blue Prizm] #128",$0.25,,,,,,,,,,,,$0.99,,,,,,0,,,,,2015-12-02
3637318,Basketball Cards 2015 Panini Prizm,Jared Sullinger [Ruby Wave Prizm] #128,$1.50,,,,,,,,,,,,$1.69,,,,,,3,,,,,2015-12-02
3637561,Basketball Cards 2015 Panini Prizm,Jared Sullinger [Silver Prizm] #128,$0.25,,,,,,,,,,,,$0.99,,,,,,0,,,,,2015-12-02
3638055,Basketball Cards 2015 Panini Prizm,Jared Sullinger [White Sparkle Prizm] #128,$9.99,,,,,,,,,,,$2.80,$10.99,,,,,,1,,,,,2015-12-02
3634745,Basketball Cards 2015 Panini Prizm,Jarell Martin #301,$1.29,,,,,,,,,,,,$1.39,,,,,,2,,,,,2015-12-02
12272698,Basketball Cards 2015 Panini Prizm,Jarell Martin [Black Prizm] #301,,,,,,,,,,,,,,,,,,,0,,,,,2015-12-02
3638206,Basketball Cards 2015 Panini Prizm,Jarell Martin [Flash Prizm] #301,$0.25,,,,,,,,,,,,$0.99,,,,,,0,,,,,2015-12-02
3638237,Basketball Cards 2015 Panini Prizm,Jarell Martin [Gold Prizm] #301,,,,,,,,,,,,,,,,,,,0,,,,,2015-12-02
3638271,Basketball Cards 2015 Panini Prizm,Jarell Martin [Green Prizm] #301,$0.99,,,,,,,,,,,,$1.09,,,,,,1,,,,,2015-12-02
3638300,Basketball Cards 2015 Panini Prizm,Jarell Martin [Light Blue Prizm] #301,$1.98,,,,,,,,,,,,$2.19,,,,,,1,,,,,2015-12-02
3638326,Basketball Cards 2015 Panini Prizm,Jarell Martin [Mojo Prizm] #301,$27.00,,,,,,,,,,,$9.00,$29.99,,,,,,0,,,,,2015-12-02
3638349,Basketball Cards 2015 Panini Prizm,Jarell Martin [Orange Prizm] #301,$8.36,,,,,,,,,,,$1.80,$9.19,,,,,,1,,,,,2015-12-02
3638370,Basketball Cards 2015 Panini Prizm,Jarell Martin [Orange Wave Prizm] #301,$0.25,,,,,,,,,,,,$0.99,,,,,,0,,,,,2015-12-02
3638398,Basketball Cards 2015 Panini Prizm,Jarell Martin [Purple Prizm] #301,$2.74,,,,,,,,,,,,$2.99,,,,,,1,,,,,2015-12-02
3638428,Basketball Cards 2015 Panini Prizm,"Jarell Martin [Red, White, and Blue Prizm] #301",$1.25,,,,,,,,,,,,$1.39,,,,,,1,,,,,2015-12-02
3638452,Basketball Cards 2015 Panini Prizm,Jarell Martin [Ruby Wave Prizm] #301,$1.80,,,,,,,,,,,,$1.99,,,,,,1,,,,,2015-12-02
130188,Basketball Cards 2015 Panini Prizm,Jarell Martin [Silver Prizm] #301,$1.04,,,,$2.01,,,,,,,,$1.09,,,,,,3,,,,,2015-12-02
3638524,Basketball Cards 2015 Panini Prizm,Jarell Martin [White Sparkle Prizm] #301,$40.79,,,,,,,,,,,$18.00,$44.99,,,,,,0,,,,,2015-12-02
3634623,Basketball Cards 2015 Panini Prizm,Jarrett Jack #167,$0.99,,,,,,,,,,,,$1.09,,,,,,1,,,,,2015-12-02
12272508,Basketball Cards 2015 Panini Prizm,Jarrett Jack [Black Prizm] #167,,,,,,,,,,,,,,,,,,,0,,,,,2015-12-02
3634942,Basketball Cards 2015 Panini Prizm,Jarrett Jack [Flash Prizm] #167,$0.25,,,,,,,,,,,,$0.99,,,,,,0,,,,,2015-12-02
3635205,Basketball Cards 2015 Panini Prizm,Jarrett Jack [Gold Prizm] #167,$49.99,,,,,,,,,,,$22.00,$54.99,,,,,,1,,,,,2015-12-02
3635478,Basketball Cards 2015 Panini Prizm,Jarrett Jack [Green Prizm] #167,$0.25,,,,,,,,,,,,$0.99,,,,,,0,,,,,2015-12-02
3635739,Basketball Cards 2015 Panini Prizm,Jarrett Jack [Light Blue Prizm] #167,$1.00,,,,,,,,,,,,$1.09,,,,,,1,,,,,2015-12-02
3636002,Basketball Cards 2015 Panini Prizm,Jarrett Jack [Mojo Prizm] #167,$3.42,,,,,,,,,,,$0.80,$3.79,,,,,,1,,,,,2015-12-02
3636273,Basketball Cards 2015 Panini Prizm,Jarrett Jack [Orange Prizm] #167,$2.77,,,,,,,,,,,,$3.09,,,,,,1,,,,,2015-12-02
3636545,Basketball Cards 2015 Panini Prizm,Jarrett Jack [Orange Wave Prizm] #167,$0.99,,,,,,,,,,,,$1.09,,,,,,1,,,,,2015-12-02
3636824,Basketball Cards 2015 Panini Prizm,Jarrett Jack [Purple Prizm] #167,$1.92,,,,,,,,,,,,$2.09,,,,,,1,,,,,2015-12-02
3637092,Basketball Cards 2015 Panini Prizm,"Jarrett Jack [Red, White, and Blue Prizm] #167",$0.25,,,,,,,,,,,,$0.99,,,,,,0,,,,,2015-12-02
3637352,Basketball Cards 2015 Panini Prizm,Jarrett Jack [Ruby Wave Prizm] #167,$0.99,,,,,,,,,,,,$1.09,,,,,,1,,,,,2015-12-02
3637583,Basketball Cards 2015 Panini Prizm,Jarrett Jack [Silver Prizm] #167,$1.39,,,,,,,,,,,,$1.49,,,,,,1,,,,,2015-12-02
3638088,Basketball Cards 2015 Panini Prizm,Jarrett Jack [White Sparkle Prizm] #167,$14.34,,,,,,,,,,,$4.00,$15.99,,,,,,0,,,,,2015-12-02
3634712,Basketball Cards 2015 Panini Prizm,Jason Kidd #267,$1.30,,$2.12,$4.25,$5.00,$10.07,$13.00,$6.00,$6.00,,,,$1.39,,,,$2.29,,5,,,,,2015-12-02
12272639,Basketball Cards 2015 Panini Prizm,Jason Kidd [Black Prizm] #267,,,,,,,,,,,,,,,,,,,0,,,,,2015-12-02
3635029,Basketball Cards 2015 Panini Prizm,Jason Kidd [Flash Prizm] #267,$1.25,,,,,$20.50,$27.00,$12.00,$12.00,,,,$1.39,,,,,,2,,,,,2015-12-02
3635294,Basketball Cards 2015 Panini Prizm,Jason Kidd [Gold Prizm] #267,,,,,,,,,,,,,,,,,,,0,,,,,2015-12-02
3635569,Basketball Cards 2015 Panini Prizm,Jason Kidd [Green Prizm] #267,$1.40,,,,,,,,,,,,$1.49,,,,,,1,,,,,2015-12-02
3635826,Basketball Cards 2015 Panini Prizm,Jason Kidd [Light Blue Prizm] #267,$2.53,,,,,,,,,,,,$2.79,,,,,,1,,,,,2015-12-02
3636089,Basketball Cards 2015 Panini Prizm,Jason Kidd [Mojo Prizm] #267,,,,,,,,,,,,,,,,,,,0,,,,,2015-12-02
3636359,Basketball Cards 2015 Panini Prizm,Jason Kidd [Orange Prizm] #267,$3.25,,,,,,,,,,,,$3.59,,,,,,1,,,,,2015-12-02
3636638,Basketball Cards 2015 Panini Prizm,Jason Kidd [Orange Wave Prizm] #267,$1.99,,,,,,,,,,,,$2.19,,,,,,1,,,,,2015-12-02
3636916,Basketball Cards 2015 Panini Prizm,Jason Kidd [Purple Prizm] #267,$57.74,,,,,,,,,,,$25.60,$63.99,,,,,,1,,,,,2015-12-02
3637176,Basketball Cards 2015 Panini Prizm,"Jason Kidd [Red, White, and Blue Prizm] #267",$5.42,,,,,,,,,,,$1.20,$5.99,,,,,,1,,,,,2015-12-02
3637441,Basketball Cards 2015 Panini Prizm,Jason Kidd [Ruby Wave Prizm] #267,$2.96,,,,,$54.99,$71.00,$33.00,$33.00,,,,$3.29,,,,,,3,,,,,2015-12-02
130122,Basketball Cards 2015 Panini Prizm,Jason Kidd [Silver Prizm] #267,$1.85,,,$5.11,$6.00,$16.00,$21.00,$10.00,$10.00,,,,$1.99,,,,,,5,,,,,2015-12-02
130123,Basketball Cards 2015 Panini Prizm,Jason Kidd [White Sparkle Prizm] #267,$41.08,,,,,,,,,,,$18.00,$44.99,,,,,,1,,,,,2015-12-02
3634502,Basketball Cards 2015 Panini Prizm,Jason Terry #35,$0.99,,,,,,,,,,,,$1.09,,,,,,1,,,,,2015-12-02
12272369,Basketball Cards 2015 Panini Prizm,Jason Terry [Black Prizm] #35,,,,,,,,,,,,,,,,,,,0,,,,,2015-12-02
3634827,Basketball Cards 2015 Panini Prizm,Jason Terry [Flash Prizm] #35,$0.25,,,,,,,,,,,,$0.99,,,,,,0,,,,,2015-12-02
3635086,Basketball Cards 2015 Panini Prizm,Jason Terry [Gold Prizm] #35,$53.00,,,,,,,,,,,$23.20,$57.99,,,,,,1,,,,,2015-12-02
3635354,Basketball Cards 2015 Panini Prizm,Jason Terry [Green Prizm] #35,$0.25,,,,,,,,,,,,$0.99,,,,,,0,,,,,2015-12-02
3635626,Basketball Cards 2015 Panini Prizm,Jason Terry [Light Blue Prizm] #35,$1.19,,,,,,,,,,,,$1.29,,,,,,1,,,,,2015-12-02
3635887,Basketball Cards 2015 Panini Prizm,Jason Terry [Mojo Prizm] #35,$5.50,,,,,,,,,,,$1.20,$6.09,,,,,,1,,,,,2015-12-02
3636153,Basketball Cards 2015 Panini Prizm,Jason Terry [Orange Prizm] #35,$5.59,,,,,,,,,,,$1.20,$6.19,,,,,,1,,,,,2015-12-02
3636424,Basketball Cards 2015 Panini Prizm,Jason Terry [Orange Wave Prizm] #35,$3.99,,,,,,,,,,,$0.90,$4.39,,,,,,1,,,,,2015-12-02
3636702,Basketball Cards 2015 Panini Prizm,Jason Terry [Purple Prizm] #35,$5.99,,,,,,,,,,,$1.30,$6.59,,,,,,2,,,,,2015-12-02
3636979,Basketball Cards 2015 Panini Prizm,"Jason Terry [Red, White, and Blue Prizm] #35",$1.25,,,,,,,,,,,,$1.39,,,,,,1,,,,,2015-12-02
3637236,Basketball Cards 2015 Panini Prizm,Jason Terry [Ruby Wave Prizm] #35,$2.50,,,,,,,,,,,,$2.79,,,,,,3,,,,,2015-12-02
3637494,Basketball Cards 2015 Panini Prizm,Jason Terry [Silver Prizm] #35,$1.49,,,,,,,,,,,,$1.59,,,,,,1,,,,,2015-12-02
3637970,Basketball Cards 2015 Panini Prizm,Jason Terry [White Sparkle Prizm] #35,$15.19,,,,,,,,,,,$4.30,$16.99,,,,,,0,,,,,2015-12-02
3634486,Basketball Cards 2015 Panini Prizm,Jason Thompson #19,$0.25,,,,,,,,,,,,$0.99,,,,,,0,,,,,2015-12-02
12272333,Basketball Cards 2015 Panini Prizm,Jason Thompson [Black Prizm] #19,,,,,,,,,,,,,,,,,,,0,,,,,2015-12-02
3634811,Basketball Cards 2015 Panini Prizm,Jason Thompson [Flash Prizm] #19,$0.25,,,,,,,,,,,,$0.99,,,,,,0,,,,,2015-12-02
3635072,Basketball Cards 2015 Panini Prizm,Jason Thompson [Gold Prizm] #19,$31.25,,,,,,,,,,,$10.20,$33.99,,,,,,0,,,,,2015-12-02
3635339,Basketball Cards 2015 Panini Prizm,Jason Thompson [Green Prizm] #19,$1.38,,,,,,,,,,,,$1.49,,,,,,1,,,,,2015-12-02
3635613,Basketball Cards 2015 Panini Prizm,Jason Thompson [Light Blue Prizm] #19,$0.99,,,,,,,,,,,,$1.09,,,,,,1,,,,,2015-12-02
3635872,Basketball Cards 2015 Panini Prizm,Jason Thompson [Mojo Prizm] #19,$3.99,,,,,,,,,,,$0.90,$4.39,,,,,,1,,,,,2015-12-02
3636139,Basketball Cards 2015 Panini Prizm,Jason Thompson [Orange Prizm] #19,$2.30,,,,,,,,,,,,$2.49,,,,,,1,,,,,2015-12-02
3636408,Basketball Cards 2015 Panini Prizm,Jason Thompson [Orange Wave Prizm] #19,$0.25,,,,,,,,,,,,$0.99,,,,,,0,,,,,2015-12-02
3636687,Basketball Cards 2015 Panini Prizm,Jason Thompson [Purple Prizm] #19,$3.61,,,,,,,,,,,$0.80,$3.99,,,,,,1,,,,,2015-12-02
3636963,Basketball Cards 2015 Panini Prizm,"Jason Thompson [Red, White, and Blue Prizm] #19",$1.50,,,,,,,,,,,,$1.69,,,,,,1,,,,,2015-12-02
3637220,Basketball Cards 2015 Panini Prizm,Jason Thompson [Ruby Wave Prizm] #19,$1.25,,,,,,,,,,,,$1.39,,,,,,1,,,,,2015-12-02
3637482,Basketball Cards 2015 Panini Prizm,Jason Thompson [Silver Prizm] #19,$0.99,,,,,,,,,,,,$1.09,,,,,,1,,,,,2015-12-02
3637954,Basketball Cards 2015 Panini Prizm,Jason Thompson [White Sparkle Prizm] #19,$7.99,,,,,,,,,,,$1.80,$8.79,,,,,,0,,,,,2015-12-02
3634705,Basketball Cards 2015 Panini Prizm,Jason Williams #258,$1.99,,$9.99,$11.00,$12.00,,,,,,,,$2.19,,,$2.80,$10.99,,5,,,,,2015-12-02
12272638,Basketball Cards 2015 Panini Prizm,Jason Williams [Black Prizm] #258,,,,,,,,,,,,,,,,,,,0,,,,,2015-12-02
3401932,Basketball Cards 2015 Panini Prizm,Jason Williams [Flash Prizm] #258,$2.98,,,$25.00,$28.00,,,,,,,,$3.29,,,,,,3,,,,,2015-12-02
3635285,Basketball Cards 2015 Panini Prizm,Jason Williams [Gold Prizm] #258,$525.88,,,,,,,,,,,$346.80,$578.00,,,,,,1,,,,,2015-12-02
3635561,Basketball Cards 2015 Panini Prizm,Jason Williams [Green Prizm] #258,$3.56,,,,,,,,,,,$0.80,$3.89,,,,,,1,,,,,2015-12-02
3635818,Basketball Cards 2015 Panini Prizm,Jason Williams [Light Blue Prizm] #258,$9.99,,,,,,,,,,,$2.80,$10.99,,,,,,1,,,,,2015-12-02
3636080,Basketball Cards 2015 Panini Prizm,Jason Williams [Mojo Prizm] #258,$45.00,,,,,,,,,,,$20.00,$49.99,,,,,,1,,,,,2015-12-02
3636350,Basketball Cards 2015 Panini Prizm,Jason Williams [Orange Prizm] #258,$22.99,,,$11.01,$12.00,,,,,,,$7.50,$24.99,,,,,,2,,,,,2015-12-02
3636628,Basketball Cards 2015 Panini Prizm,Jason Williams [Orange Wave Prizm] #258,$14.72,,,,,,,,,,,$4.00,$15.99,,,,,,2,,,,,2015-12-02
3636907,Basketball Cards 2015 Panini Prizm,Jason Williams [Purple Prizm] #258,$10.03,,,,,,,,,,,$2.80,$10.99,,,,,,2,,,,,2015-12-02
3637168,Basketball Cards 2015 Panini Prizm,"Jason Williams [Red, White, and Blue Prizm] #258",$2.84,,,,,,,,,,,,$3.09,,,,,,2,,,,,2015-12-02
3637434,Basketball Cards 2015 Panini Prizm,Jason Williams [Ruby Wave Prizm] #258,$3.00,,,,,,,,,,,,$3.29,,,,,,1,,,,,2015-12-02
130105,Basketball Cards 2015 Panini Prizm,Jason Williams [Silver Prizm] #258,$2.99,,,$12.27,$14.00,$19.99,$26.00,$12.00,$12.00,,,,$3.29,,,,,,6,,,,,2015-12-02
3638170,Basketball Cards 2015 Panini Prizm,Jason Williams [White Sparkle Prizm] #258,$107.50,,,,,,,,,,,$59.00,$118.00,,,,,,1,,,,,2015-12-02
3634771,Basketball Cards 2015 Panini Prizm,Jeff Teague #362,$0.15,,,,,,,,,,,,$0.99,,,,,,1,,,,,2015-12-02
3634522,Basketball Cards 2015 Panini Prizm,Jeff Teague #58,$1.06,,,,,,,,,,,,$1.19,,,,,,1,,,,,2015-12-02
12272624,Basketball Cards 2015 Panini Prizm,Jeff Teague [Black Prizm] #362,,,,,,,,,,,,,,,,,,,0,,,,,2015-12-02
12272410,Basketball Cards 2015 Panini Prizm,Jeff Teague [Black Prizm] #58,,,,,,,,,,,,,,,,,,,0,,,,,2015-12-02
3638552,Basketball Cards 2015 Panini Prizm,Jeff Teague [Flash Prizm] #362,$0.99,,,,,,,,,,,,$1.09,,,,,,1,,,,,2015-12-02
3634847,Basketball Cards 2015 Panini Prizm,Jeff Teague [Flash Prizm] #58,$1.39,,,,,,,,,,,,$1.49,,,,,,1,,,,,2015-12-02
3638569,Basketball Cards 2015 Panini Prizm,Jeff Teague [Gold Prizm] #362,,,,,,,,,,,,,,,,,,,0,,,,,2015-12-02
3635106,Basketball Cards 2015 Panini Prizm,Jeff Teague [Gold Prizm] #58,$80.00,,,,,,,,,,,$35.20,$87.99,,,,,,3,,,,,2015-12-02
3638590,Basketball Cards 2015 Panini Prizm,Jeff Teague [Green Prizm] #362,$0.25,,,,,,,,,,,,$0.99,,,,,,0,,,,,2015-12-02
3635375,Basketball Cards 2015 Panini Prizm,Jeff Teague [Green Prizm] #58,$1.99,,,,,,,,,,,,$2.19,,,,,,1,,,,,2015-12-02
3638608,Basketball Cards 2015 Panini Prizm,Jeff Teague [Light Blue Prizm] #362,$2.24,,,,,,,,,,,,$2.49,,,,,,1,,,,,2015-12-02
3348626,Basketball Cards 2015 Panini Prizm,Jeff Teague [Light Blue Prizm] #58,$2.50,,,,,,,,,,,,$2.79,,,,,,1,,,,,2015-12-02
3638624,Basketball Cards 2015 Panini Prizm,Jeff Teague [Mojo Prizm] #362,$19.99,,,,,,,,,,,$6.60,$21.99,,,,,,1,,,,,2015-12-02
3635908,Basketball Cards 2015 Panini Prizm,Jeff Teague [Mojo Prizm] #58,,,,,,,,,,,,,,,,,,,0,,,,,2015-12-02
3638639,Basketball Cards 2015 Panini Prizm,Jeff Teague [Orange Prizm] #362,$4.14,,,,,,,,,,,$0.90,$4.59,,,,,,1,,,,,2015-12-02
3636171,Basketball Cards 2015 Panini Prizm,Jeff Teague [Orange Prizm] #58,$4.99,,,,,,,,,,,$1.10,$5.49,,,,,,1,,,,,2015-12-02
3638657,Basketball Cards 2015 Panini Prizm,Jeff Teague [Orange Wave Prizm] #362,$1.39,,,,,,,,,,,,$1.49,,,,,,1,,,,,2015-12-02
3636444,Basketball Cards 2015 Panini Prizm,Jeff Teague [Orange Wave Prizm] #58,$1.75,,,,,,,,,,,,$1.89,,,,,,1,,,,,2015-12-02
3638676,Basketball Cards 2015 Panini Prizm,Jeff Teague [Purple Prizm] #362,$2.50,,,,,,,,,,,,$2.79,,,,,,1,,,,,2015-12-02
3636723,Basketball Cards 2015 Panini Prizm,Jeff Teague [Purple Prizm] #58,$3.22,,,,,,,,,,,,$3.49,,,,,,2,,,,,2015-12-02
3638695,Basketball Cards 2015 Panini Prizm,"Jeff Teague [Red, White, and Blue Prizm] #362",$1.99,,,,,,,,,,,,$2.19,,,,,,1,,,,,2015-12-02
3636998,Basketball Cards 2015 Panini Prizm,"Jeff Teague [Red, White, and Blue Prizm] #58",$0.25,,,,,,,,,,,,$0.99,,,,,,0,,,,,2015-12-02
3638711,Basketball Cards 2015 Panini Prizm,Jeff Teague [Ruby Wave Prizm] #362,$1.75,,,,,,,,,,,,$1.89,,,,,,1,,,,,2015-12-02
3637255,Basketball Cards 2015 Panini Prizm,Jeff Teague [Ruby Wave Prizm] #58,$2.51,,,,,,,,,,,,$2.79,,,,,,2,,,,,2015-12-02
3638728,Basketball Cards 2015 Panini Prizm,Jeff Teague [Silver Prizm] #362,$1.21,,,,,,,,,,,,$1.29,,,,,,1,,,,,2015-12-02
3637511,Basketball Cards 2015 Panini Prizm,Jeff Teague [Silver Prizm] #58,$1.49,,,,,,,,,,,,$1.59,,,,,,1,,,,,2015-12-02
3638764,Basketball Cards 2015 Panini Prizm,Jeff Teague [White Sparkle Prizm] #362,$5.50,,,,,,,,,,,$1.20,$6.09,,,,,,1,,,,,2015-12-02
3637990,Basketball Cards 2015 Panini Prizm,Jeff Teague [White Sparkle Prizm] #58,$11.74,,,,,,,,,,,$3.30,$12.99,,,,,,0,,,,,2015-12-02
3634487,Basketball Cards 2015 Panini Prizm,Jeremy Lin #20,$1.49,$7.00,,,,,,,,,,,$1.59,$1.50,$7.69,,,,4,,,,,2015-12-02
12272335,Basketball Cards 2015 Panini Prizm,Jeremy Lin [Black Prizm] #20,,,,,,,,,,,,,,,,,,,0,,,,,2015-12-02
3634812,Basketball Cards 2015 Panini Prizm,Jeremy Lin [Flash Prizm] #20,$5.06,,,,,,,,,,,$1.10,$5.59,,,,,,2,,,,,2015-12-02
3635073,Basketball Cards 2015 Panini Prizm,Jeremy Lin [Gold Prizm] #20,$277.32,,$499.99,,,,,,,,,$152.50,$305.00,,,$330.00,$550.00,,2,,,,,2015-12-02
3635340,Basketball Cards 2015 Panini Prizm,Jeremy Lin [Green Prizm] #20,$3.50,,,,,,,,,,,$0.80,$3.89,,,,,,1,,,,,2015-12-02
3635614,Basketball Cards 2015 Panini Prizm,Jeremy Lin [Light Blue Prizm] #20,$5.69,,$60.00,,,,,,,,,$1.30,$6.29,,,$26.40,$65.99,,4,,,,,2015-12-02
3635873,Basketball Cards 2015 Panini Prizm,Jeremy Lin [Mojo Prizm] #20,,,,,,,,,,,,,,,,,,,0,,,,,2015-12-02
3636140,Basketball Cards 2015 Panini Prizm,Jeremy Lin [Orange Prizm] #20,$22.50,,,,,,,,,,,$7.50,$24.99,,,,,,1,,,,,2015-12-02
3636409,Basketball Cards 2015 Panini Prizm,Jeremy Lin [Orange Wave Prizm] #20,$2.99,,,,,,,,,,,,$3.29,,,,,,2,,,,,2015-12-02
3636688,Basketball Cards 2015 Panini Prizm,Jeremy Lin [Purple Prizm] #20,$15.11,,,$94.00,$103.00,,,,,,,$4.30,$16.99,,,,,,2,,,,,2015-12-02
3636964,Basketball Cards 2015 Panini Prizm,"Jeremy Lin [Red, White, and Blue Prizm] #20",$2.75,,,$12.26,$13.00,,,,,,,,$2.99,,,,,,3,,,,,2015-12-02
3637221,Basketball Cards 2015 Panini Prizm,Jeremy Lin [Ruby Wave Prizm] #20,$4.53,,,,,,,,,,,$1.00,$4.99,,,,,,2,,,,,2015-12-02
129759,Basketball Cards 2015 Panini Prizm,Jeremy Lin [Silver Prizm] #20,$3.66,,,$16.26,$18.00,,,,,,,$0.80,$3.99,,,,,,5,,,,,2015-12-02
3637955,Basketball Cards 2015 Panini Prizm,Jeremy Lin [White Sparkle Prizm] #20,$95.18,,,$144.66,$159.00,$283.46,$369.00,$170.00,$170.00,,,$52.50,$105.00,,,,,,3,,,,,2015-12-02
130210,Basketball Cards 2015 Panini Prizm,Jerian Grant #306,$1.00,,,$2.10,$2.00,$3.49,$5.00,$2.00,$2.00,,,,$1.09,,,,,,8,,,,,2015-12-02
12272422,Basketball Cards 2015 Panini Prizm,Jerian Grant [Black Prizm] #306,,,,,,,,,,,,,,,,,,,0,,,,,2015-12-02
3638210,Basketball Cards 2015 Panini Prizm,Jerian Grant [Flash Prizm] #306,$1.78,,,,,,,,,,,,$1.99,,,,,,1,,,,,2015-12-02
3638240,Basketball Cards 2015 Panini Prizm,Jerian Grant [Gold Prizm] #306,$69.99,,,,,,,,,,,$30.80,$76.99,,,,,,1,,,,,2015-12-02
130211,Basketball Cards 2015 Panini Prizm,Jerian Grant [Green Prizm] #306,$1.17,,,,,$49.99,$65.00,$30.00,$30.00,,,,$1.29,,,,,,2,,,,,2015-12-02
3638305,Basketball Cards 2015 Panini Prizm,Jerian Grant [Light Blue Prizm] #306,$2.38,,,$15.00,$17.00,,,,,,,,$2.59,,,,,,3,,,,,2015-12-02
3638329,Basketball Cards 2015 Panini Prizm,Jerian Grant [Mojo Prizm] #306,$49.00,,,,,,,,,,,$21.60,$53.99,,,,,,0,,,,,2015-12-02
3638351,Basketball Cards 2015 Panini Prizm,Jerian Grant [Orange Prizm] #306,$5.03,,,,$16.50,,,,,,,$1.10,$5.49,,,,,,2,,,,,2015-12-02
3638373,Basketball Cards 2015 Panini Prizm,Jerian Grant [Orange Wave Prizm] #306,$1.77,,,,,,,,,,,,$1.99,,,,,,1,,,,,2015-12-02
130213,Basketball Cards 2015 Panini Prizm,Jerian Grant [Purple Prizm] #306,$3.41,,,$5.00,$6.00,,,,,,,$0.80,$3.79,,,,,,2,,,,,2015-12-02
130214,Basketball Cards 2015 Panini Prizm,"Jerian Grant [Red, White, and Blue Prizm] #306",$1.87,,$5.00,,,,,,,,,,$2.09,,,$1.10,$5.49,,2,,,,,2015-12-02
3638455,Basketball Cards 2015 Panini Prizm,Jerian Grant [Ruby Wave Prizm] #306,$4.11,,,,,,,,,,,$0.90,$4.49,,,,,,1,,,,,2015-12-02
130215,Basketball Cards 2015 Panini Prizm,Jerian Grant [Silver Prizm] #306,$1.77,,,,,$20.48,$27.00,$12.00,$12.00,,,,$1.99,,,,,,3,,,,,2015-12-02
130216,Basketball Cards 2015 Panini Prizm,Jerian Grant [White Sparkle Prizm] #306,,,,,,,,,,,,,,,,,,,0,,,,,2015-12-02
3634716,Basketball Cards 2015 Panini Prizm,Jerry Stackhouse #271,$1.23,,,$3.12,$3.00,,,,,,,,$1.39,,,,,,2,,,,,2015-12-02
12272652,Basketball Cards 2015 Panini Prizm,Jerry Stackhouse [Black Prizm] #271,,,,,,,,,,,,,,,,,,,0,,,,,2015-12-02
3635032,Basketball Cards 2015 Panini Prizm,Jerry Stackhouse [Flash Prizm] #271,$0.99,,,,,$29.99,$39.00,$18.00,$18.00,,,,$1.09,,,,,,2,,,,,2015-12-02
3635298,Basketball Cards 2015 Panini Prizm,Jerry Stackhouse [Gold Prizm] #271,,,,,,,,,,,,,,,,,,,0,,,,,2015-12-02
3635572,Basketball Cards 2015 Panini Prizm,Jerry Stackhouse [Green Prizm] #271,$2.49,,,,,$24.99,$32.00,$15.00,$15.00,,,,$2.69,,,,,,2,,,,,2015-12-02
3635829,Basketball Cards 2015 Panini Prizm,Jerry Stackhouse [Light Blue Prizm] #271,$6.52,,,,,,,,,,,$1.40,$7.19,,,,,,1,,,,,2015-12-02
3636092,Basketball Cards 2015 Panini Prizm,Jerry Stackhouse [Mojo Prizm] #271,,,,,,,,,,,,,,,,,,,0,,,,,2015-12-02
3636363,Basketball Cards 2015 Panini Prizm,Jerry Stackhouse [Orange Prizm] #271,,,,,,,,,,,,,,,,,,,0,,,,,2015-12-02
3636642,Basketball Cards 2015 Panini Prizm,Jerry Stackhouse [Orange Wave Prizm] #271,$1.99,,,,,,,,,,,,$2.19,,,,,,1,,,,,2015-12-02
3636920,Basketball Cards 2015 Panini Prizm,Jerry Stackhouse [Purple Prizm] #271,$4.80,,,,,,,,,,,$1.10,$5.29,,,,,,1,,,,,2015-12-02
3637180,Basketball Cards 2015 Panini Prizm,"Jerry Stackhouse [Red, White, and Blue Prizm] #271",$2.00,,,,,,,,,,,,$2.19,,,,,,1,,,,,2015-12-02
3637445,Basketball Cards 2015 Panini Prizm,Jerry Stackhouse [Ruby Wave Prizm] #271,$2.89,,,,,,,,,,,,$3.19,,,,,,2,,,,,2015-12-02
130130,Basketball Cards 2015 Panini Prizm,Jerry Stackhouse [Silver Prizm] #271,$2.13,,$7.99,$9.00,$10.00,$11.06,$14.00,$7.00,$7.00,,,,$2.29,,,$1.80,$8.79,,4,,,,,2015-12-02
3638180,Basketball Cards 2015 Panini Prizm,Jerry Stackhouse [White Sparkle Prizm] #271,$9.00,,,,,,,,,,,$2.00,$9.89,,,,,,1,,,,,2015-12-02
129929,Basketball Cards 2015 Panini Prizm,Jimmy Butler #153,$1.98,,,$14.12,$14.00,$14.69,$19.00,$9.00,$9.00,,,,$2.19,,,,,,5,,,,,2015-12-02
130540,Basketball Cards 2015 Panini Prizm,Jimmy Butler #357,$1.44,,,$3.97,$4.00,,,,,,,,$1.59,,,,,,3,,,,,2015-12-02
130720,Basketball Cards 2015 Panini Prizm,Jimmy Butler #396,$1.60,,,$4.56,$5.00,,,,,,,,$1.79,,,,,,6,,,,,2015-12-02
12272452,Basketball Cards 2015 Panini Prizm,Jimmy Butler [Black Prizm] #153,,,,,,,,,,,,,,,,,,,0,,,,,2015-12-02
12272641,Basketball Cards 2015 Panini Prizm,Jimmy Butler [Black Prizm] #357,,,,,,,,,,,,,,,,,,,0,,,,,2015-12-02
12272678,Basketball Cards 2015 Panini Prizm,Jimmy Butler [Black Prizm] #396,,,,,,,,,,,,,,,,,,,0,,,,,2015-12-02
129930,Basketball Cards 2015 Panini Prizm,Jimmy Butler [Flash Prizm] #153,$6.00,,,$17.48,$19.00,,,,,,,$1.30,$6.59,,,,,,2,,,,,2015-12-02
3638547,Basketball Cards 2015 Panini Prizm,Jimmy Butler [Flash Prizm] #357,$1.24,,,,,$31.32,$41.00,$19.00,$19.00,,,,$1.39,,,,,,2,,,,,2015-12-02
3638787,Basketball Cards 2015 Panini Prizm,Jimmy Butler [Flash Prizm] #396,$1.80,,$12.99,,$12.00,$12.29,$16.00,$7.00,$7.00,,,,$1.99,,,$3.50,$13.99,,4,,,,,2015-12-02
129931,Basketball Cards 2015 Panini Prizm,Jimmy Butler [Gold Prizm] #153,$299.99,,,,,$899.95,$1170.00,$540.00,$540.00,,,$165.00,$330.00,,,,,,2,,,,,2015-12-02
3638564,Basketball Cards 2015 Panini Prizm,Jimmy Butler [Gold Prizm] #357,$66.00,,,,,,,,,,,$29.20,$72.99,,,,,,1,,,,,2015-12-02
3638805,Basketball Cards 2015 Panini Prizm,Jimmy Butler [Gold Prizm] #396,$255.00,,,$613.87,$675.00,,,,,,,$140.50,$281.00,,,,,,2,,,,,2015-12-02
3635464,Basketball Cards 2015 Panini Prizm,Jimmy Butler [Green Prizm] #153,$4.30,,,$19.95,$22.00,,,,,,,$0.90,$4.69,,,,,,2,,,,,2015-12-02
3638585,Basketball Cards 2015 Panini Prizm,Jimmy Butler [Green Prizm] #357,$3.40,,,,,,,,,,,,$3.69,,,,,,1,,,,,2015-12-02
3638822,Basketball Cards 2015 Panini Prizm,Jimmy Butler [Green Prizm] #396,$1.71,,,,,,,,,,,,$1.89,,,,,,1,,,,,2015-12-02
129932,Basketball Cards 2015 Panini Prizm,Jimmy Butler [Light Blue Prizm] #153,$4.19,,,$20.61,$23.00,$109.94,$143.00,$66.00,$66.00,,,$0.90,$4.59,,,,,,4,,,,,2015-12-02
3638603,Basketball Cards 2015 Panini Prizm,Jimmy Butler [Light Blue Prizm] #357,$6.87,,,,,,,,,,,$1.50,$7.59,,,,,,1,,,,,2015-12-02
3638834,Basketball Cards 2015 Panini Prizm,Jimmy Butler [Light Blue Prizm] #396,$3.61,,,$34.99,$38.00,,,,,,,$0.80,$3.99,,,,,,3,,,,,2015-12-02
3635989,Basketball Cards 2015 Panini Prizm,Jimmy Butler [Mojo Prizm] #153,$80.00,,,$55.00,$61.00,,,,,,,$35.20,$87.99,,,,,,2,,,,,2015-12-02
130541,Basketball Cards 2015 Panini Prizm,Jimmy Butler [Mojo Prizm] #357,$10.50,,,,,$46.00,$60.00,$28.00,$28.00,,,$3.00,$11.99,,,,,,3,,,,,2015-12-02
3638853,Basketball Cards 2015 Panini Prizm,Jimmy Butler [Mojo Prizm] #396,$9.50,,,,,,,,,,,$2.00,$9.99,,,,,,1,,,,,2015-12-02
3636259,Basketball Cards 2015 Panini Prizm,Jimmy Butler [Orange Prizm] #153,$17.27,,,,,,,,,,,$4.80,$18.99,,,,,,1,,,,,2015-12-02
130542,Basketball Cards 2015 Panini Prizm,Jimmy Butler [Orange Prizm] #357,$3.25,,,,,,,,,,,,$3.59,,,,,,1,,,,,2015-12-02
3638868,Basketball Cards 2015 Panini Prizm,Jimmy Butler [Orange Prizm] #396,$9.12,,,,,,,,,,,$2.00,$9.99,,,,,,1,,,,,2015-12-02
3636531,Basketball Cards 2015 Panini Prizm,Jimmy Butler [Orange Wave Prizm] #153,$3.69,,,,,,,,,,,$0.80,$4.09,,,,,,2,,,,,2015-12-02
3638652,Basketball Cards 2015 Panini Prizm,Jimmy Butler [Orange Wave Prizm] #357,$2.31,,,,,,,,,,,,$2.49,,,,,,1,,,,,2015-12-02
3638886,Basketball Cards 2015 Panini Prizm,Jimmy Butler [Orange Wave Prizm] #396,$3.10,,,,,,,,,,,,$3.39,,,,,,1,,,,,2015-12-02
129933,Basketball Cards 2015 Panini Prizm,Jimmy Butler [Purple Prizm] #153,$18.70,,,$35.00,$39.00,$42.00,$55.00,$25.00,$25.00,,,$6.30,$20.99,,,,,,3,,,,,2015-12-02
3638673,Basketball Cards 2015 Panini Prizm,Jimmy Butler [Purple Prizm] #357,,,,,,,,,,,,,,,,,,,0,,,,,2015-12-02
3638905,Basketball Cards 2015 Panini Prizm,Jimmy Butler [Purple Prizm] #396,$1.29,,,,,,,,,,,,$1.39,,,,,,1,,,,,2015-12-02
129934,Basketball Cards 2015 Panini Prizm,"Jimmy Butler [Red, White, and Blue Prizm] #153",$1.02,,,$15.95,$18.00,$19.00,$25.00,$11.00,$11.00,,,,$1.09,,,,,,5,,,,,2015-12-02
3638691,Basketball Cards 2015 Panini Prizm,"Jimmy Butler [Red, White, and Blue Prizm] #357",$1.89,,,,,,,,,,,,$2.09,,,,,,2,,,,,2015-12-02
3638920,Basketball Cards 2015 Panini Prizm,"Jimmy Butler [Red, White, and Blue Prizm] #396",$0.80,,,,,,,,,,,,$0.99,,,,,,2,,,,,2015-12-02
162062,Basketball Cards 2015 Panini Prizm,Jimmy Butler [Ruby Wave Prizm] #153,$6.87,,,,,$22.61,$29.00,$14.00,$14.00,,,$1.50,$7.59,,,,,,3,,,,,2015-12-02
3638706,Basketball Cards 2015 Panini Prizm,Jimmy Butler [Ruby Wave Prizm] #357,$4.12,,,$9.99,$11.00,,,,,,,$0.90,$4.49,,,,,,4,,,,,2015-12-02
130724,Basketball Cards 2015 Panini Prizm,Jimmy Butler [Ruby Wave Prizm] #396,$7.49,,,,,$20.50,$27.00,$12.00,$12.00,,,$1.60,$8.19,,,,,,4,,,,,2015-12-02
129935,Basketball Cards 2015 Panini Prizm,Jimmy Butler [Silver Prizm] #153,$1.48,,$9.95,$11.00,$12.00,$53.00,$69.00,$32.00,$32.00,,,,$1.59,,,$2.80,$10.99,,8,,,,,2015-12-02
130543,Basketball Cards 2015 Panini Prizm,Jimmy Butler [Silver Prizm] #357,$1.24,,,$9.99,$11.00,$25.75,$33.00,$15.00,$15.00,,,,$1.39,,,,,,4,,,,,2015-12-02
130721,Basketball Cards 2015 Panini Prizm,Jimmy Butler [Silver Prizm] #396,$2.19,,,$6.34,$7.00,$15.25,$20.00,$9.00,$9.00,,,,$2.39,,,,,,4,,,,,2015-12-02
129936,Basketball Cards 2015 Panini Prizm,Jimmy Butler [White Sparkle Prizm] #153,,,,,$91.59,$358.45,$466.00,$215.00,$215.00,,,,,,,,,,2,,,,,2015-12-02
130544,Basketball Cards 2015 Panini Prizm,Jimmy Butler [White Sparkle Prizm] #357,$35.02,,,,,$50.79,$66.00,$30.00,$30.00,,,$15.60,$38.99,,,,,,2,,,,,2015-12-02
130722,Basketball Cards 2015 Panini Prizm,Jimmy Butler [White Sparkle Prizm] #396,$18.52,,,,,$36.00,$47.00,$22.00,$22.00,,,$5.00,$19.99,,,,,,2,,,,,2015-12-02
3634619,Basketball Cards 2015 Panini Prizm,Joakim Noah #163,$1.25,,,,,,,,,,,,$1.39,,,,,,1,,,,,2015-12-02
12272511,Basketball Cards 2015 Panini Prizm,Joakim Noah [Black Prizm] #163,,,,,,,,,,,,,,,,,,,0,,,,,2015-12-02
3634938,Basketball Cards 2015 Panini Prizm,Joakim Noah [Flash Prizm] #163,$1.69,,,,,,,,,,,,$1.89,,,,,,1,,,,,2015-12-02
3635201,Basketball Cards 2015 Panini Prizm,Joakim Noah [Gold Prizm] #163,,,,,,,,,,,,,,,,,,,0,,,,,2015-12-02
3635474,Basketball Cards 2015 Panini Prizm,Joakim Noah [Green Prizm] #163,$2.47,,,,,,,,,,,,$2.69,,,,,,1,,,,,2015-12-02
3635735,Basketball Cards 2015 Panini Prizm,Joakim Noah [Light Blue Prizm] #163,$2.94,,,,,,,,,,,,$3.19,,,,,,2,,,,,2015-12-02
3635999,Basketball Cards 2015 Panini Prizm,Joakim Noah [Mojo Prizm] #163,$46.54,,,,,,,,,,,$20.40,$50.99,,,,,,0,,,,,2015-12-02
3636269,Basketball Cards 2015 Panini Prizm,Joakim Noah [Orange Prizm] #163,$5.00,,,,,,,,,,,$1.10,$5.49,,,,,,1,,,,,2015-12-02
3636541,Basketball Cards 2015 Panini Prizm,Joakim Noah [Orange Wave Prizm] #163,$2.62,,,,,,,,,,,,$2.89,,,,,,1,,,,,2015-12-02
3636820,Basketball Cards 2015 Panini Prizm,Joakim Noah [Purple Prizm] #163,$2.67,,,,,,,,,,,,$2.89,,,,,,1,,,,,2015-12-02
3637089,Basketball Cards 2015 Panini Prizm,"Joakim Noah [Red, White, and Blue Prizm] #163",$1.52,,,,,,,,,,,,$1.69,,,,,,1,,,,,2015-12-02
3637348,Basketball Cards 2015 Panini Prizm,Joakim Noah [Ruby Wave Prizm] #163,$2.99,,,,,,,,,,,,$3.29,,,,,,2,,,,,2015-12-02
129942,Basketball Cards 2015 Panini Prizm,Joakim Noah [Silver Prizm] #163,$1.80,,,$12.17,$13.00,,,,,,,,$1.99,,,,,,3,,,,,2015-12-02
3638085,Basketball Cards 2015 Panini Prizm,Joakim Noah [White Sparkle Prizm] #163,,,,,,,,,,,,,,,,,,,0,,,,,2015-12-02
3634588,Basketball Cards 2015 Panini Prizm,Jodie Meeks #130,$1.00,,,,,,,,,,,,$1.09,,,,,,1,,,,,2015-12-02
12272387,Basketball Cards 2015 Panini Prizm,Jodie Meeks [Black Prizm] #130,,,,,,,,,,,,,,,,,,,0,,,,,2015-12-02
3634908,Basketball Cards 2015 Panini Prizm,Jodie Meeks [Flash Prizm] #130,$0.99,,,,,,,,,,,,$1.09,,,,,,1,,,,,2015-12-02
3635171,Basketball Cards 2015 Panini Prizm,Jodie Meeks [Gold Prizm] #130,$71.00,,,,,,,,,,,$31.20,$77.99,,,,,,1,,,,,2015-12-02
3635442,Basketball Cards 2015 Panini Prizm,Jodie Meeks [Green Prizm] #130,$1.39,,,,,,,,,,,,$1.49,,,,,,1,,,,,2015-12-02
3635705,Basketball Cards 2015 Panini Prizm,Jodie Meeks [Light Blue Prizm] #130,$2.30,,,,,,,,,,,,$2.49,,,,,,1,,,,,2015-12-02
3635968,Basketball Cards 2015 Panini Prizm,Jodie Meeks [Mojo Prizm] #130,$12.99,,,,,,,,,,,$3.50,$13.99,,,,,,1,,,,,2015-12-02
3636237,Basketball Cards 2015 Panini Prizm,Jodie Meeks [Orange Prizm] #130,$3.00,,,,,,,,,,,,$3.29,,,,,,1,,,,,2015-12-02
3636509,Basketball Cards 2015 Panini Prizm,Jodie Meeks [Orange Wave Prizm] #130,$1.89,,,,,,,,,,,,$2.09,,,,,,1,,,,,2015-12-02
3636790,Basketball Cards 2015 Panini Prizm,Jodie Meeks [Purple Prizm] #130,$0.99,,,,,,,,,,,,$1.09,,,,,,1,,,,,2015-12-02
3637059,Basketball Cards 2015 Panini Prizm,"Jodie Meeks [Red, White, and Blue Prizm] #130",$1.99,,,,,,,,,,,,$2.19,,,,,,1,,,,,2015-12-02
3637319,Basketball Cards 2015 Panini Prizm,Jodie Meeks [Ruby Wave Prizm] #130,$1.59,,,,,,,,,,,,$1.79,,,,,,1,,,,,2015-12-02
3637562,Basketball Cards 2015 Panini Prizm,Jodie Meeks [Silver Prizm] #130,$2.19,,,,,,,,,,,,$2.39,,,,,,1,,,,,2015-12-02
3638057,Basketball Cards 2015 Panini Prizm,Jodie Meeks [White Sparkle Prizm] #130,,,,,,,,,,,,,,,,,,,0,,,,,2015-12-02
3634736,Basketball Cards 2015 Panini Prizm,Joe Dumars #291,$1.62,,,,,$7.50,$10.00,$5.00,$5.00,,,,$1.79,,,,,,3,,,,,2015-12-02
12272688,Basketball Cards 2015 Panini Prizm,Joe Dumars [Black Prizm] #291,,,,,,,,,,,,,,,,,,,0,,,,,2015-12-02
3635048,Basketball Cards 2015 Panini Prizm,Joe Dumars [Flash Prizm] #291,$1.83,,,,,,,,,,,,$1.99,,,,,,1,,,,,2015-12-02
3635315,Basketball Cards 2015 Panini Prizm,Joe Dumars [Gold Prizm] #291,,,,,,,,,,,,,,,,,,,0,,,,,2015-12-02
3635589,Basketball Cards 2015 Panini Prizm,Joe Dumars [Green Prizm] #291,$2.64,,,,,,,,,,,,$2.89,,,,,,1,,,,,2015-12-02
3635847,Basketball Cards 2015 Panini Prizm,Joe Dumars [Light Blue Prizm] #291,$3.94,,,,,,,,,,,$0.90,$4.29,,,,,,1,,,,,2015-12-02
3636112,Basketball Cards 2015 Panini Prizm,Joe Dumars [Mojo Prizm] #291,$15.22,,,,,,,,,,,$4.30,$16.99,,,,,,1,,,,,2015-12-02
3636381,Basketball Cards 2015 Panini Prizm,Joe Dumars [Orange Prizm] #291,$6.29,,,,,,,,,,,$1.40,$6.89,,,,,,1,,,,,2015-12-02
3636661,Basketball Cards 2015 Panini Prizm,Joe Dumars [Orange Wave Prizm] #291,$6.50,,,,,,,,,,,$1.40,$7.19,,,,,,1,,,,,2015-12-02
3636938,Basketball Cards 2015 Panini Prizm,Joe Dumars [Purple Prizm] #291,$1.56,,,$5.00,$6.00,,,,,,,,$1.69,,,,,,2,,,,,2015-12-02
3637194,Basketball Cards 2015 Panini Prizm,"Joe Dumars [Red, White, and Blue Prizm] #291",$2.19,,,,,,,,,,,,$2.39,,,,,,1,,,,,2015-12-02
3637463,Basketball Cards 2015 Panini Prizm,Joe Dumars [Ruby Wave Prizm] #291,$2.48,,,,,,,,,,,,$2.69,,,,,,2,,,,,2015-12-02
130172,Basketball Cards 2015 Panini Prizm,Joe Dumars [Silver Prizm] #291,$0.99,,,$2.76,$3.00,$7.90,$10.00,$5.00,$5.00,,,,$1.09,,,,,,3,,,,,2015-12-02
130173,Basketball Cards 2015 Panini Prizm,Joe Dumars [White Sparkle Prizm] #291,$13.22,,,,,,,,,,,$3.80,$14.99,,,,,,1,,,,,2015-12-02
3634687,Basketball Cards 2015 Panini Prizm,Joe Ingles #237,$0.45,,,,,,,,,,,,$0.99,,,,,,2,,,,,2015-12-02
12272574,Basketball Cards 2015 Panini Prizm,Joe Ingles [Black Prizm] #237,,,,,,,,,,,,,,,,,,,0,,,,,2015-12-02
3635007,Basketball Cards 2015 Panini Prizm,Joe Ingles [Flash Prizm] #237,$2.27,,,,,,,,,,,,$2.49,,,,,,0,,,,,2015-12-02
3635267,Basketball Cards 2015 Panini Prizm,Joe Ingles [Gold Prizm] #237,,,,,,$138.50,$180.00,$83.00,$83.00,,,,,,,,,,1,,,,,2015-12-02
3635543,Basketball Cards 2015 Panini Prizm,Joe Ingles [Green Prizm] #237,$1.00,,,,,,,,,,,,$1.09,,,,,,1,,,,,2015-12-02
3635799,Basketball Cards 2015 Panini Prizm,Joe Ingles [Light Blue Prizm] #237,$4.73,,,,,,,,,,,$1.00,$5.19,,,,,,1,,,,,2015-12-02
3636063,Basketball Cards 2015 Panini Prizm,Joe Ingles [Mojo Prizm] #237,$69.00,,,,,,,,,,,$30.40,$75.99,,,,,,0,,,,,2015-12-02
3636334,Basketball Cards 2015 Panini Prizm,Joe Ingles [Orange Prizm] #237,$1.47,,,,,,,,,,,,$1.59,,,,,,1,,,,,2015-12-02
3636610,Basketball Cards 2015 Panini Prizm,Joe Ingles [Orange Wave Prizm] #237,$2.27,,,,,,,,,,,,$2.49,,,,,,1,,,,,2015-12-02
3636888,Basketball Cards 2015 Panini Prizm,Joe Ingles [Purple Prizm] #237,$8.59,,,,,,,,,,,$1.90,$9.49,,,,,,1,,,,,2015-12-02
3637155,Basketball Cards 2015 Panini Prizm,"Joe Ingles [Red, White, and Blue Prizm] #237",$1.25,,,,,,,,,,,,$1.39,,,,,,1,,,,,2015-12-02
3637416,Basketball Cards 2015 Panini Prizm,Joe Ingles [Ruby Wave Prizm] #237,$1.99,,,,,,,,,,,,$2.19,,,,,,1,,,,,2015-12-02
130039,Basketball Cards 2015 Panini Prizm,Joe Ingles [Silver Prizm] #237,$2.99,,,,,,,,,,,,$3.29,,,,,,1,,,,,2015-12-02
3638153,Basketball Cards 2015 Panini Prizm,Joe Ingles [White Sparkle Prizm] #237,,,,,,,,,,,,,,,,,,,0,,,,,2015-12-02
3634634,Basketball Cards 2015 Panini Prizm,Joe Johnson #178,$1.17,,,,,,,,,,,,$1.29,,,,,,2,,,,,2015-12-02
12272538,Basketball Cards 2015 Panini Prizm,Joe Johnson [Black Prizm] #178,,,,,,,,,,,,,,,,,,,0,,,,,2015-12-02
3634952,Basketball Cards 2015 Panini Prizm,Joe Johnson [Flash Prizm] #178,$2.00,,,,,,,,,,,,$2.19,,,,,,0,,,,,2015-12-02
3635213,Basketball Cards 2015 Panini Prizm,Joe Johnson [Gold Prizm] #178,$202.50,,,$224.50,$247.00,,,,,,,$111.50,$223.00,,,,,,1,,,,,2015-12-02
3635488,Basketball Cards 2015 Panini Prizm,Joe Johnson [Green Prizm] #178,$2.50,,,,,,,,,,,,$2.79,,,,,,0,,,,,2015-12-02
3635748,Basketball Cards 2015 Panini Prizm,Joe Johnson [Light Blue Prizm] #178,$3.78,,,,,,,,,,,$0.80,$4.19,,,,,,2,,,,,2015-12-02
3636010,Basketball Cards 2015 Panini Prizm,Joe Johnson [Mojo Prizm] #178,$7.80,,,,,,,,,,,$1.70,$8.59,,,,,,1,,,,,2015-12-02
3636283,Basketball Cards 2015 Panini Prizm,Joe Johnson [Orange Prizm] #178,$1.92,,,,,,,,,,,,$2.09,,,,,,2,,,,,2015-12-02
3636555,Basketball Cards 2015 Panini Prizm,Joe Johnson [Orange Wave Prizm] #178,$2.25,,,,,,,,,,,,$2.49,,,,,,1,,,,,2015-12-02
3636833,Basketball Cards 2015 Panini Prizm,Joe Johnson [Purple Prizm] #178,$1.62,,,,,,,,,,,,$1.79,,,,,,1,,,,,2015-12-02
3637101,Basketball Cards 2015 Panini Prizm,"Joe Johnson [Red, White, and Blue Prizm] #178",$3.38,,,,,,,,,,,,$3.69,,,,,,1,,,,,2015-12-02
3637362,Basketball Cards 2015 Panini Prizm,Joe Johnson [Ruby Wave Prizm] #178,$2.34,,,,,,,,,,,,$2.59,,,,,,1,,,,,2015-12-02
3637590,Basketball Cards 2015 Panini Prizm,Joe Johnson [Silver Prizm] #178,$0.25,,,,,,,,,,,,$0.99,,,,,,0,,,,,2015-12-02
3638097,Basketball Cards 2015 Panini Prizm,Joe Johnson [White Sparkle Prizm] #178,$28.00,,,,,,,,,,,$9.30,$30.99,,,,,,1,,,,,2015-12-02
3634748,Basketball Cards 2015 Panini Prizm,Joe Young #305,$1.12,,$1.07,,,,,,,,,,$1.19,,,,$1.19,,2,,,,,2015-12-02
12272418,Basketball Cards 2015 Panini Prizm,Joe Young [Black Prizm] #305,,,,,,,,,,,,,,,,,,,0,,,,,2015-12-02
3638209,Basketball Cards 2015 Panini Prizm,Joe Young [Flash Prizm] #305,$1.64,,,,,,,,,,,,$1.79,,,,,,1,,,,,2015-12-02
3638239,Basketball Cards 2015 Panini Prizm,Joe Young [Gold Prizm] #305,,,,,,,,,,,,,,,,,,,0,,,,,2015-12-02
3638274,Basketball Cards 2015 Panini Prizm,Joe Young [Green Prizm] #305,$1.79,,,,,,,,,,,,$1.99,,,,,,1,,,,,2015-12-02
3638304,Basketball Cards 2015 Panini Prizm,Joe Young [Light Blue Prizm] #305,$0.25,,,,,,,,,,,,$0.99,,,,,,0,,,,,2015-12-02
130205,Basketball Cards 2015 Panini Prizm,Joe Young [Mojo Prizm] #305,,,,,,,,,,,,,,,,,,,0,,,,,2015-12-02
130207,Basketball Cards 2015 Panini Prizm,Joe Young [Orange Prizm] #305,$6.29,,,$18.50,$20.00,,,,,,,$1.40,$6.89,,,,,,2,,,,,2015-12-02
130208,Basketball Cards 2015 Panini Prizm,Joe Young [Orange Wave Prizm] #305,$1.19,,,$5.00,$6.00,,,,,,,,$1.29,,,,,,2,,,,,2015-12-02
3638402,Basketball Cards 2015 Panini Prizm,Joe Young [Purple Prizm] #305,$0.25,,,,,,,,,,,,$0.99,,,,,,0,,,,,2015-12-02
3638430,Basketball Cards 2015 Panini Prizm,"Joe Young [Red, White, and Blue Prizm] #305",$1.69,,,,,,,,,,,,$1.89,,,,,,1,,,,,2015-12-02
3638454,Basketball Cards 2015 Panini Prizm,Joe Young [Ruby Wave Prizm] #305,$2.00,,,,,,,,,,,,$2.19,,,,,,1,,,,,2015-12-02
130209,Basketball Cards 2015 Panini Prizm,Joe Young [Silver Prizm] #305,$1.30,,,$6.36,$7.00,,,,,,,,$1.39,,,,,,2,,,,,2015-12-02
130212,Basketball Cards 2015 Panini Prizm,Joe Young [White Sparkle Prizm] #305,,,,,,,,,,,,,,,,,,,0,,,,,2015-12-02
3634514,Basketball Cards 2015 Panini Prizm,John Henson #47,$0.99,,,,,,,,,,,,$1.09,,,,,,1,,,,,2015-12-02
12272390,Basketball Cards 2015 Panini Prizm,John Henson [Black Prizm] #47,,,,,,,,,,,,,,,,,,,0,,,,,2015-12-02
3634839,Basketball Cards 2015 Panini Prizm,John Henson [Flash Prizm] #47,$0.25,,,,,,,,,,,,$0.99,,,,,,0,,,,,2015-12-02
3635096,Basketball Cards 2015 Panini Prizm,John Henson [Gold Prizm] #47,$54.99,,,,,,,,,,,$24.00,$59.99,,,,,,2,,,,,2015-12-02
3635366,Basketball Cards 2015 Panini Prizm,John Henson [Green Prizm] #47,$1.13,,,,,,,,,,,,$1.19,,,,,,1,,,,,2015-12-02
3348628,Basketball Cards 2015 Panini Prizm,John Henson [Light Blue Prizm] #47,$1.27,,,,,,,,,,,,$1.39,,,,,,1,,,,,2015-12-02
3635899,Basketball Cards 2015 Panini Prizm,John Henson [Mojo Prizm] #47,$7.15,,,,,,,,,,,$1.60,$7.89,,,,,,1,,,,,2015-12-02
3636165,Basketball Cards 2015 Panini Prizm,John Henson [Orange Prizm] #47,$1.83,,,,,,,,,,,,$1.99,,,,,,1,,,,,2015-12-02
3636436,Basketball Cards 2015 Panini Prizm,John Henson [Orange Wave Prizm] #47,$1.35,,,,,,,,,,,,$1.49,,,,,,1,,,,,2015-12-02
3636714,Basketball Cards 2015 Panini Prizm,John Henson [Purple Prizm] #47,$2.70,,,,,,,,,,,,$2.99,,,,,,1,,,,,2015-12-02
3636990,Basketball Cards 2015 Panini Prizm,"John Henson [Red, White, and Blue Prizm] #47",$1.28,,,,,,,,,,,,$1.39,,,,,,1,,,,,2015-12-02
3380286,Basketball Cards 2015 Panini Prizm,John Henson [Ruby Wave Prizm] #47,$1.49,,,,,,,,,,,,$1.59,,,,,,2,,,,,2015-12-02
3637505,Basketball Cards 2015 Panini Prizm,John Henson [Silver Prizm] #47,$0.99,,,,,,,,,,,,$1.09,,,,,,1,,,,,2015-12-02
3637982,Basketball Cards 2015 Panini Prizm,John Henson [White Sparkle Prizm] #47,$38.20,,,,,,,,,,,$16.80,$41.99,,,,,,0,,,,,2015-12-02
3634722,Basketball Cards 2015 Panini Prizm,John Stockton #277,$1.32,,$2.98,$3.00,$3.00,,,,,,,,$1.49,,,,$3.29,,4,,,,,2015-12-02
12272659,Basketball Cards 2015 Panini Prizm,John Stockton [Black Prizm] #277,,,,,,,,,,,,,,,,,,,0,,,,,2015-12-02
3635037,Basketball Cards 2015 Panini Prizm,John Stockton [Flash Prizm] #277,$7.15,,,,,,,,,,,$1.60,$7.89,,,,,,1,,,,,2015-12-02
3635302,Basketball Cards 2015 Panini Prizm,John Stockton [Gold Prizm] #277,,,,,,,,,,,,,,,,,,,0,,,,,2015-12-02
3635578,Basketball Cards 2015 Panini Prizm,John Stockton [Green Prizm] #277,$2.99,,,,,,,,,,,,$3.29,,,,,,1,,,,,2015-12-02
130143,Basketball Cards 2015 Panini Prizm,John Stockton [Light Blue Prizm] #277,$5.04,,,,,,,,,,,$1.10,$5.49,,,,,,1,,,,,2015-12-02
3636098,Basketball Cards 2015 Panini Prizm,John Stockton [Mojo Prizm] #277,$20.50,,,,,,,,,,,$6.90,$22.99,,,,,,1,,,,,2015-12-02
130144,Basketball Cards 2015 Panini Prizm,John Stockton [Orange Prizm] #277,$4.00,,,,,,,,,,,$0.90,$4.39,,,,,,1,,,,,2015-12-02
3636648,Basketball Cards 2015 Panini Prizm,John Stockton [Orange Wave Prizm] #277,$4.99,,,,,$46.32,$60.00,$28.00,$28.00,,,$1.10,$5.49,,,,,,3,,,,,2015-12-02
3636925,Basketball Cards 2015 Panini Prizm,John Stockton [Purple Prizm] #277,$4.21,,,$79.99,$88.00,,,,,,,$0.90,$4.59,,,,,,2,,,,,2015-12-02
130145,Basketball Cards 2015 Panini Prizm,"John Stockton [Red, White, and Blue Prizm] #277",$3.00,,,,,$35.99,$47.00,$22.00,$22.00,,,,$3.29,,,,,,3,,,,,2015-12-02
3637450,Basketball Cards 2015 Panini Prizm,John Stockton [Ruby Wave Prizm] #277,$14.88,,,,,$70.00,$91.00,$42.00,$42.00,,,$4.00,$15.99,,,,,,2,,,,,2015-12-02
130146,Basketball Cards 2015 Panini Prizm,John Stockton [Silver Prizm] #277,$1.89,,,$10.35,$11.00,$42.99,$56.00,$26.00,$26.00,,,,$2.09,,,,,,6,,,,,2015-12-02
3638185,Basketball Cards 2015 Panini Prizm,John Stockton [White Sparkle Prizm] #277,,,,,,,,,,,,,,,,,,,0,,,,,2015-12-02
3634470,Basketball Cards 2015 Panini Prizm,John Wall #3,$1.25,,$3.99,$4.00,$4.00,,,,,,,,$1.39,,,$0.90,$4.39,,3,,,,,2015-12-02
3634765,Basketball Cards 2015 Panini Prizm,John Wall #354,$1.65,,,,,,,,,,,,$1.79,,,,,,2,,,,,2015-12-02
3380306,Basketball Cards 2015 Panini Prizm,John Wall #398,$1.31,,,,,,,,,,,,$1.39,,,,,,3,,,,,2015-12-02
12272312,Basketball Cards 2015 Panini Prizm,John Wall [Black Prizm] #3,,,,,,,,,,,,,,,,,,,0,,,,,2015-12-02
12272605,Basketball Cards 2015 Panini Prizm,John Wall [Black Prizm] #354,,,,,,,,,,,,,,,,,,,0,,,,,2015-12-02
12272683,Basketball Cards 2015 Panini Prizm,John Wall [Black Prizm] #398,,,,,,,,,,,,,,,,,,,0,,,,,2015-12-02
3634795,Basketball Cards 2015 Panini Prizm,John Wall [Flash Prizm] #3,$2.44,,,$7.38,$8.00,,,,,,,,$2.69,,,,,,3,,,,,2015-12-02
3638544,Basketball Cards 2015 Panini Prizm,John Wall [Flash Prizm] #354,$1.99,,,,,,,,,,,,$2.19,,,,,,1,,,,,2015-12-02
3638789,Basketball Cards 2015 Panini Prizm,John Wall [Flash Prizm] #398,$1.79,,,$10.00,$11.00,$29.99,$39.00,$18.00,$18.00,,,,$1.99,,,,,,3,,,,,2015-12-02
3635059,Basketball Cards 2015 Panini Prizm,John Wall [Gold Prizm] #3,,,,,,,,,,,,,,,,,,,0,,,,,2015-12-02
3638561,Basketball Cards 2015 Panini Prizm,John Wall [Gold Prizm] #354,,,,,,,,,,,,,,,,,,,0,,,,,2015-12-02
3638807,Basketball Cards 2015 Panini Prizm,John Wall [Gold Prizm] #398,$44.24,,,,$265.00,,,,,,,$19.60,$48.99,,,,,,1,,,,,2015-12-02
3635326,Basketball Cards 2015 Panini Prizm,John Wall [Green Prizm] #3,$0.99,,,,,,,,,,,,$1.09,,,,,,1,,,,,2015-12-02
3638582,Basketball Cards 2015 Panini Prizm,John Wall [Green Prizm] #354,$1.74,,,,,,,,,,,,$1.89,,,,,,1,,,,,2015-12-02
3638824,Basketball Cards 2015 Panini Prizm,John Wall [Green Prizm] #398,$2.01,,,,,,,,,,,,$2.19,,,,,,1,,,,,2015-12-02
3635599,Basketball Cards 2015 Panini Prizm,John Wall [Light Blue Prizm] #3,$3.48,,,,,,,,,,,$0.80,$3.79,,,,,,3,,,,,2015-12-02
3638600,Basketball Cards 2015 Panini Prizm,John Wall [Light Blue Prizm] #354,$3.41,,,,,,,,,,,$0.80,$3.79,,,,,,2,,,,,2015-12-02
3638836,Basketball Cards 2015 Panini Prizm,John Wall [Light Blue Prizm] #398,$3.99,,,,,,,,,,,$0.90,$4.39,,,,,,2,,,,,2015-12-02
3635857,Basketball Cards 2015 Panini Prizm,John Wall [Mojo Prizm] #3,,,,,,,,,,,,,,,,,,,0,,,,,2015-12-02
3638618,Basketball Cards 2015 Panini Prizm,John Wall [Mojo Prizm] #354,$2.17,,,,,,,,,,,,$2.39,,,,,,1,,,,,2015-12-02
130723,Basketball Cards 2015 Panini Prizm,John Wall [Mojo Prizm] #398,$15.15,,,,,$10.50,$14.00,$6.00,$6.00,,,$4.30,$16.99,,,,,,2,,,,,2015-12-02
3636124,Basketball Cards 2015 Panini Prizm,John Wall [Orange Prizm] #3,$2.62,,,,,,,,,,,,$2.89,,,,,,1,,,,,2015-12-02
3638632,Basketball Cards 2015 Panini Prizm,John Wall [Orange Prizm] #354,$12.03,,,,,,,,,,,$3.30,$12.99,,,,,,0,,,,,2015-12-02
3638870,Basketball Cards 2015 Panini Prizm,John Wall [Orange Prizm] #398,$9.72,,,,,,,,,,,$2.80,$10.99,,,,,,1,,,,,2015-12-02
3636392,Basketball Cards 2015 Panini Prizm,John Wall [Orange Wave Prizm] #3,$1.99,,,,,,,,,,,,$2.19,,,,,,1,,,,,2015-12-02
130535,Basketball Cards 2015 Panini Prizm,John Wall [Orange Wave Prizm] #354,$1.23,,,,,$49.95,$65.00,$30.00,$30.00,,,,$1.39,,,,,,2,,,,,2015-12-02
3638888,Basketball Cards 2015 Panini Prizm,John Wall [Orange Wave Prizm] #398,$0.25,,,,,,,,,,,,$0.99,,,,,,0,,,,,2015-12-02
3636671,Basketball Cards 2015 Panini Prizm,John Wall [Purple Prizm] #3,$5.72,,,$20.00,$22.00,,,,,,,$1.30,$6.29,,,,,,1,,,,,2015-12-02
3638670,Basketball Cards 2015 Panini Prizm,John Wall [Purple Prizm] #354,$3.14,,,,,,,,,,,,$3.49,,,,,,2,,,,,2015-12-02
3638907,Basketball Cards 2015 Panini Prizm,John Wall [Purple Prizm] #398,$4.99,,,$7.01,$8.00,,,,,,,$1.10,$5.49,,,,,,2,,,,,2015-12-02
3636949,Basketball Cards 2015 Panini Prizm,"John Wall [Red, White, and Blue Prizm] #3",$1.00,,,,,$19.63,$26.00,$12.00,$12.00,,,,$1.09,,,,,,3,,,,,2015-12-02
3638688,Basketball Cards 2015 Panini Prizm,"John Wall [Red, White, and Blue Prizm] #354",$1.52,,,,,$9.50,$12.00,$6.00,$6.00,,,,$1.69,,,,,,2,,,,,2015-12-02
3638922,Basketball Cards 2015 Panini Prizm,"John Wall [Red, White, and Blue Prizm] #398",$2.12,,,,,,,,,,,,$2.29,,,,,,1,,,,,2015-12-02
3637204,Basketball Cards 2015 Panini Prizm,John Wall [Ruby Wave Prizm] #3,$4.74,,,$4.69,$5.00,,,,,,,$1.00,$5.19,,,,,,2,,,,,2015-12-02
3638703,Basketball Cards 2015 Panini Prizm,John Wall [Ruby Wave Prizm] #354,$2.76,,,,,,,,,,,,$2.99,,,,,,2,,,,,2015-12-02
3638933,Basketball Cards 2015 Panini Prizm,John Wall [Ruby Wave Prizm] #398,$0.99,,,,,,,,,,,,$1.09,,,,,,1,,,,,2015-12-02
129744,Basketball Cards 2015 Panini Prizm,John Wall [Silver Prizm] #3,$1.87,$1.25,,$11.50,$13.00,$14.00,$18.00,$8.00,$8.00,,,,$2.09,,$1.39,,,,5,,,,,2015-12-02
130536,Basketball Cards 2015 Panini Prizm,John Wall [Silver Prizm] #354,$1.25,,,$8.00,$9.00,,,,,,,,$1.39,,,,,,2,,,,,2015-12-02
130725,Basketball Cards 2015 Panini Prizm,John Wall [Silver Prizm] #398,$2.46,,,$11.74,$13.00,$29.99,$39.00,$18.00,$18.00,,,,$2.69,,,,,,3,,,,,2015-12-02
129742,Basketball Cards 2015 Panini Prizm,John Wall [White Sparkle Prizm] #3,,,,,,,,,,,,,,,,,,,0,,,,,2015-12-02
3638757,Basketball Cards 2015 Panini Prizm,John Wall [White Sparkle Prizm] #354,$10.00,,,,,,,,,,,$2.80,$10.99,,,,,,1,,,,,2015-12-02
130726,Basketball Cards 2015 Panini Prizm,John Wall [White Sparkle Prizm] #398,,,,,,$36.88,$48.00,$22.00,$22.00,,,,,,,,,,1,,,,,2015-12-02
3634608,Basketball Cards 2015 Panini Prizm,Jonas Valanciunas #151,$1.11,,,,,,,,,,,,$1.19,,,,,,1,,,,,2015-12-02
12272447,Basketball Cards 2015 Panini Prizm,Jonas Valanciunas [Black Prizm] #151,,,,,,,,,,,,,,,,,,,0,,,,,2015-12-02
3634927,Basketball Cards 2015 Panini Prizm,Jonas Valanciunas [Flash Prizm] #151,$2.35,,,,,,,,,,,,$2.59,,,,,,1,,,,,2015-12-02
3635192,Basketball Cards 2015 Panini Prizm,Jonas Valanciunas [Gold Prizm] #151,,,,,,,,,,,,,,,,,,,0,,,,,2015-12-02
3635462,Basketball Cards 2015 Panini Prizm,Jonas Valanciunas [Green Prizm] #151,$0.25,,,,,,,,,,,,$0.99,,,,,,0,,,,,2015-12-02
3635724,Basketball Cards 2015 Panini Prizm,Jonas Valanciunas [Light Blue Prizm] #151,$2.74,,,,,,,,,,,,$2.99,,,,,,1,,,,,2015-12-02
3635987,Basketball Cards 2015 Panini Prizm,Jonas Valanciunas [Mojo Prizm] #151,,,,,,,,,,,,,,,,,,,0,,,,,2015-12-02
3636257,Basketball Cards 2015 Panini Prizm,Jonas Valanciunas [Orange Prizm] #151,$12.21,,,,,,,,,,,$3.30,$12.99,,,,,,1,,,,,2015-12-02
3636529,Basketball Cards 2015 Panini Prizm,Jonas Valanciunas [Orange Wave Prizm] #151,$3.60,,,,,,,,,,,$0.80,$3.99,,,,,,1,,,,,2015-12-02
3636809,Basketball Cards 2015 Panini Prizm,Jonas Valanciunas [Purple Prizm] #151,$2.50,,,,,,,,,,,,$2.79,,,,,,1,,,,,2015-12-02
3637078,Basketball Cards 2015 Panini Prizm,"Jonas Valanciunas [Red, White, and Blue Prizm] #151",$1.45,,,,,$9.99,$13.00,$6.00,$6.00,,,,$1.59,,,,,,2,,,,,2015-12-02
3637337,Basketball Cards 2015 Panini Prizm,Jonas Valanciunas [Ruby Wave Prizm] #151,$1.89,,,$8.99,$10.00,,,,,,,,$2.09,,,,,,2,,,,,2015-12-02
3637573,Basketball Cards 2015 Panini Prizm,Jonas Valanciunas [Silver Prizm] #151,$1.38,,,,,,,,,,,,$1.49,,,,,,1,,,,,2015-12-02
3638074,Basketball Cards 2015 Panini Prizm,Jonas Valanciunas [White Sparkle Prizm] #151,$4.55,,,,,,,,,,,$1.00,$4.99,,,,,,1,,,,,2015-12-02
3634654,Basketball Cards 2015 Panini Prizm,Jordan Clarkson #202,$1.52,,,,,,,,,,,,$1.69,,,,,,1,,,,,2015-12-02
12272338,Basketball Cards 2015 Panini Prizm,Jordan Clarkson [Black Prizm] #202,,,,,,,,,,,,,,,,,,,0,,,,,2015-12-02
3634974,Basketball Cards 2015 Panini Prizm,Jordan Clarkson [Flash Prizm] #202,$1.99,,,,,,,,,,,,$2.19,,,,,,1,,,,,2015-12-02
3635235,Basketball Cards 2015 Panini Prizm,Jordan Clarkson [Gold Prizm] #202,$99.99,,,,,,,,,,,$55.00,$110.00,,,,,,1,,,,,2015-12-02
3635509,Basketball Cards 2015 Panini Prizm,Jordan Clarkson [Green Prizm] #202,$2.99,,,,,,,,,,,,$3.29,,,,,,0,,,,,2015-12-02
3635768,Basketball Cards 2015 Panini Prizm,Jordan Clarkson [Light Blue Prizm] #202,$1.09,,,,,,,,,,,,$1.19,,,,,,1,,,,,2015-12-02
3636030,Basketball Cards 2015 Panini Prizm,Jordan Clarkson [Mojo Prizm] #202,,,,,,,,,,,,,,,,,,,0,,,,,2015-12-02
3636303,Basketball Cards 2015 Panini Prizm,Jordan Clarkson [Orange Prizm] #202,,,,,,,,,,,,,,,,,,,0,,,,,2015-12-02
3636575,Basketball Cards 2015 Panini Prizm,Jordan Clarkson [Orange Wave Prizm] #202,$0.99,,,,,,,,,,,,$1.09,,,,,,1,,,,,2015-12-02
3636854,Basketball Cards 2015 Panini Prizm,Jordan Clarkson [Purple Prizm] #202,$9.73,,,,,,,,,,,$2.80,$10.99,,,,,,1,,,,,2015-12-02
3637122,Basketball Cards 2015 Panini Prizm,"Jordan Clarkson [Red, White, and Blue Prizm] #202",$2.00,,,,,,,,,,,,$2.19,,,,,,1,,,,,2015-12-02
3637383,Basketball Cards 2015 Panini Prizm,Jordan Clarkson [Ruby Wave Prizm] #202,$2.04,,,,,,,,,,,,$2.19,,,,,,2,,,,,2015-12-02
3637605,Basketball Cards 2015 Panini Prizm,Jordan Clarkson [Silver Prizm] #202,$1.99,,,,,,,,,,,,$2.19,,,,,,2,,,,,2015-12-02
3638119,Basketball Cards 2015 Panini Prizm,Jordan Clarkson [White Sparkle Prizm] #202,$15.50,,,,,,,,,,,$4.30,$16.99,,,,,,1,,,,,2015-12-02
3634489,Basketball Cards 2015 Panini Prizm,Jordan Hill #22,$1.25,,,,,,,,,,,,$1.39,,,,,,1,,,,,2015-12-02
12272339,Basketball Cards 2015 Panini Prizm,Jordan Hill [Black Prizm] #22,,,,,,,,,,,,,,,,,,,0,,,,,2015-12-02
3634814,Basketball Cards 2015 Panini Prizm,Jordan Hill [Flash Prizm] #22,$1.54,,,,,,,,,,,,$1.69,,,,,,1,,,,,2015-12-02
3635075,Basketball Cards 2015 Panini Prizm,Jordan Hill [Gold Prizm] #22,,,,,,,,,,,,,,,,,,,0,,,,,2015-12-02
3635342,Basketball Cards 2015 Panini Prizm,Jordan Hill [Green Prizm] #22,$1.35,,,,,,,,,,,,$1.49,,,,,,1,,,,,2015-12-02
3635616,Basketball Cards 2015 Panini Prizm,Jordan Hill [Light Blue Prizm] #22,$1.52,,,,,,,,,,,,$1.69,,,,,,1,,,,,2015-12-02
3635875,Basketball Cards 2015 Panini Prizm,Jordan Hill [Mojo Prizm] #22,$13.50,,,,,,,,,,,$3.80,$14.99,,,,,,1,,,,,2015-12-02
3636142,Basketball Cards 2015 Panini Prizm,Jordan Hill [Orange Prizm] #22,$3.00,,,,,,,,,,,,$3.29,,,,,,1,,,,,2015-12-02
3636411,Basketball Cards 2015 Panini Prizm,Jordan Hill [Orange Wave Prizm] #22,$1.96,,,,,,,,,,,,$2.19,,,,,,1,,,,,2015-12-02
3638987,Basketball Cards 2015 Panini Prizm,Jordan Hill [Purple Prizm] #22,$1.34,,,,,,,,,,,,$1.49,,,,,,1,,,,,2015-12-02
3636966,Basketball Cards 2015 Panini Prizm,"Jordan Hill [Red, White, and Blue Prizm] #22",$1.28,,,,,,,,,,,,$1.39,,,,,,1,,,,,2015-12-02
3637223,Basketball Cards 2015 Panini Prizm,Jordan Hill [Ruby Wave Prizm] #22,$1.39,,,,,,,,,,,,$1.49,,,,,,1,,,,,2015-12-02
3637484,Basketball Cards 2015 Panini Prizm,Jordan Hill [Silver Prizm] #22,$2.50,,,,,,,,,,,,$2.79,,,,,,1,,,,,2015-12-02
3637957,Basketball Cards 2015 Panini Prizm,Jordan Hill [White Sparkle Prizm] #22,$49.99,,,,,,,,,,,$22.00,$54.99,,,,,,1,,,,,2015-12-02
130466,Basketball Cards 2015 Panini Prizm,Jordan Mickey #341,$1.39,,,,,,,,,,,,$1.49,,,,,,2,,,,,2015-12-02
12272565,Basketball Cards 2015 Panini Prizm,Jordan Mickey [Black Prizm] #341,,,,,,,,,,,,,,,,,,,0,,,,,2015-12-02
3638230,Basketball Cards 2015 Panini Prizm,Jordan Mickey [Flash Prizm] #341,$1.25,,,,,,,,,,,,$1.39,,,,,,1,,,,,2015-12-02
3638263,Basketball Cards 2015 Panini Prizm,Jordan Mickey [Gold Prizm] #341,$8.50,,,,$22.50,,,,,,,$1.90,$9.39,,,,,,2,,,,,2015-12-02
3638293,Basketball Cards 2015 Panini Prizm,Jordan Mickey [Green Prizm] #341,$4.22,,,,,,,,,,,$0.90,$4.59,,,,,,1,,,,,2015-12-02
3638318,Basketball Cards 2015 Panini Prizm,Jordan Mickey [Light Blue Prizm] #341,$1.82,,,,,,,,,,,,$1.99,,,,,,1,,,,,2015-12-02
3638344,Basketball Cards 2015 Panini Prizm,Jordan Mickey [Mojo Prizm] #341,,,,,,,,,,,,,,,,,,,0,,,,,2015-12-02
3638364,Basketball Cards 2015 Panini Prizm,Jordan Mickey [Orange Prizm] #341,$3.99,,,,,,,,,,,$0.90,$4.39,,,,,,0,,,,,2015-12-02
3638391,Basketball Cards 2015 Panini Prizm,Jordan Mickey [Orange Wave Prizm] #341,$1.96,,,,,,,,,,,,$2.19,,,,,,1,,,,,2015-12-02
3638421,Basketball Cards 2015 Panini Prizm,Jordan Mickey [Purple Prizm] #341,$5.02,,,,,,,,,,,$1.10,$5.49,,,,,,1,,,,,2015-12-02
3638446,Basketball Cards 2015 Panini Prizm,"Jordan Mickey [Red, White, and Blue Prizm] #341",$0.99,,,,,,,,,,,,$1.09,,,,,,1,,,,,2015-12-02
3638469,Basketball Cards 2015 Panini Prizm,Jordan Mickey [Ruby Wave Prizm] #341,$1.95,,,,,,,,,,,,$2.19,,,,,,1,,,,,2015-12-02
130467,Basketball Cards 2015 Panini Prizm,Jordan Mickey [Silver Prizm] #341,$2.19,,,,,,,,,,,,$2.39,,,,,,1,,,,,2015-12-02
130465,Basketball Cards 2015 Panini Prizm,Jordan Mickey [White Sparkle Prizm] #341,$21.04,,,,,,,,,,,$6.90,$22.99,,,,,,0,,,,,2015-12-02
3634540,Basketball Cards 2015 Panini Prizm,Jose Calderon #76,$0.25,,,,,,,,,,,,$0.99,,,,,,0,,,,,2015-12-02
12272464,Basketball Cards 2015 Panini Prizm,Jose Calderon [Black Prizm] #76,,,,,,,,,,,,,,,,,,,0,,,,,2015-12-02
3634862,Basketball Cards 2015 Panini Prizm,Jose Calderon [Flash Prizm] #76,$0.99,,,,,,,,,,,,$1.09,,,,,,1,,,,,2015-12-02
3635122,Basketball Cards 2015 Panini Prizm,Jose Calderon [Gold Prizm] #76,$67.66,,,,,,,,,,,$29.60,$73.99,,,,,,1,,,,,2015-12-02
3635392,Basketball Cards 2015 Panini Prizm,Jose Calderon [Green Prizm] #76,$1.69,,,,,,,,,,,,$1.89,,,,,,1,,,,,2015-12-02
3635659,Basketball Cards 2015 Panini Prizm,Jose Calderon [Light Blue Prizm] #76,$0.99,,,,,,,,,,,,$1.09,,,,,,1,,,,,2015-12-02
3635923,Basketball Cards 2015 Panini Prizm,Jose Calderon [Mojo Prizm] #76,,,,,,,,,,,,,,,,,,,0,,,,,2015-12-02
3636188,Basketball Cards 2015 Panini Prizm,Jose Calderon [Orange Prizm] #76,$3.41,,,,,,,,,,,$0.80,$3.79,,,,,,1,,,,,2015-12-02
3636461,Basketball Cards 2015 Panini Prizm,Jose Calderon [Orange Wave Prizm] #76,$2.59,,,,,,,,,,,,$2.89,,,,,,0,,,,,2015-12-02
3636738,Basketball Cards 2015 Panini Prizm,Jose Calderon [Purple Prizm] #76,$2.34,,,,,,,,,,,,$2.59,,,,,,1,,,,,2015-12-02
3637013,Basketball Cards 2015 Panini Prizm,"Jose Calderon [Red, White, and Blue Prizm] #76",$1.40,,,,,,,,,,,,$1.49,,,,,,1,,,,,2015-12-02
3637273,Basketball Cards 2015 Panini Prizm,Jose Calderon [Ruby Wave Prizm] #76,$2.06,,,,,,,,,,,,$2.29,,,,,,1,,,,,2015-12-02
3637523,Basketball Cards 2015 Panini Prizm,Jose Calderon [Silver Prizm] #76,$1.25,,,,,,,,,,,,$1.39,,,,,,1,,,,,2015-12-02
3638007,Basketball Cards 2015 Panini Prizm,Jose Calderon [White Sparkle Prizm] #76,,,,,,,,,,,,,,,,,,,0,,,,,2015-12-02
130278,Basketball Cards 2015 Panini Prizm,Josh Richardson #317,$1.58,,$2.94,$3.49,$10.00,$10.25,$13.00,$6.00,$6.00,,,,$1.69,,,,$3.19,,15,,,,,2015-12-02
12272453,Basketball Cards 2015 Panini Prizm,Josh Richardson [Black Prizm] #317,,,,,,,,,,,,,,,,,,,0,,,,,2015-12-02
3638217,Basketball Cards 2015 Panini Prizm,Josh Richardson [Flash Prizm] #317,$2.21,,,$3.63,$4.00,$6.05,$8.00,$4.00,$4.00,,,,$2.39,,,,,,3,,,,,2015-12-02
130279,Basketball Cards 2015 Panini Prizm,Josh Richardson [Gold Prizm] #317,$299.95,,,,,,,,,,,$165.00,$330.00,,,,,,1,,,,,2015-12-02
130280,Basketball Cards 2015 Panini Prizm,Josh Richardson [Green Prizm] #317,$3.50,,,$0.99,$4.00,$4.00,$5.00,$2.00,$2.00,,,$0.80,$3.89,,,,,,4,,,,,2015-12-02
130281,Basketball Cards 2015 Panini Prizm,Josh Richardson [Light Blue Prizm] #317,$4.00,,,,$27.03,$54.79,$71.00,$33.00,$33.00,,,$0.90,$4.39,,,,,,3,,,,,2015-12-02
130282,Basketball Cards 2015 Panini Prizm,Josh Richardson [Mojo Prizm] #317,$26.00,,,$33.90,$47.51,,,,,,,$8.70,$28.99,,,,,,3,,,,,2015-12-02
130283,Basketball Cards 2015 Panini Prizm,Josh Richardson [Orange Prizm] #317,$3.25,,,,,$100.00,$130.00,$60.00,$60.00,,,,$3.59,,,,,,2,,,,,2015-12-02
130284,Basketball Cards 2015 Panini Prizm,Josh Richardson [Orange Wave Prizm] #317,$2.76,,,$12.43,$14.00,,,,,,,,$2.99,,,,,,2,,,,,2015-12-02
130285,Basketball Cards 2015 Panini Prizm,Josh Richardson [Purple Prizm] #317,$7.00,,,,,$5.99,$8.00,$4.00,$4.00,,,$1.50,$7.69,,,,,,2,,,,,2015-12-02
130286,Basketball Cards 2015 Panini Prizm,"Josh Richardson [Red, White, and Blue Prizm] #317",$2.77,,$0.99,$7.95,$18.95,$19.00,$25.00,$11.00,$11.00,,,,$3.09,,,,$1.09,,7,,,,,2015-12-02
130287,Basketball Cards 2015 Panini Prizm,Josh Richardson [Ruby Wave Prizm] #317,$4.20,,,$8.00,$41.00,$41.63,$54.00,$25.00,$25.00,,,$0.90,$4.59,,,,,,5,,,,,2015-12-02
130288,Basketball Cards 2015 Panini Prizm,Josh Richardson [Silver Prizm] #317,$2.36,,,$7.53,$9.25,$11.99,$16.00,$7.00,$7.00,,,,$2.59,,,,,,10,,,,,2015-12-02
130289,Basketball Cards 2015 Panini Prizm,Josh Richardson [White Sparkle Prizm] #317,$285.28,,,$56.00,$66.40,,,,,,,$157.00,$314.00,,,,,,2,,,,,2015-12-02
3634492,Basketball Cards 2015 Panini Prizm,Josh Smith #25,$0.99,,,,,,,,,,,,$1.09,,,,,,1,,,,,2015-12-02
12272349,Basketball Cards 2015 Panini Prizm,Josh Smith [Black Prizm] #25,,,,,,,,,,,,,,,,,,,0,,,,,2015-12-02
3634817,Basketball Cards 2015 Panini Prizm,Josh Smith [Flash Prizm] #25,$1.84,,,,,,,,,,,,$1.99,,,,,,1,,,,,2015-12-02
3635078,Basketball Cards 2015 Panini Prizm,Josh Smith [Gold Prizm] #25,$74.95,,,,,,,,,,,$32.80,$81.99,,,,,,1,,,,,2015-12-02
3635345,Basketball Cards 2015 Panini Prizm,Josh Smith [Green Prizm] #25,$1.39,,,,,,,,,,,,$1.49,,,,,,1,,,,,2015-12-02
3635618,Basketball Cards 2015 Panini Prizm,Josh Smith [Light Blue Prizm] #25,$0.99,,,,,,,,,,,,$1.09,,,,,,1,,,,,2015-12-02
3635877,Basketball Cards 2015 Panini Prizm,Josh Smith [Mojo Prizm] #25,$9.65,,,,,,,,,,,$2.80,$10.99,,,,,,0,,,,,2015-12-02
3636144,Basketball Cards 2015 Panini Prizm,Josh Smith [Orange Prizm] #25,$2.76,,,,,,,,,,,,$2.99,,,,,,1,,,,,2015-12-02
3636414,Basketball Cards 2015 Panini Prizm,Josh Smith [Orange Wave Prizm] #25,$1.35,,,,,,,,,,,,$1.49,,,,,,1,,,,,2015-12-02
3636692,Basketball Cards 2015 Panini Prizm,Josh Smith [Purple Prizm] #25,$2.55,,,,,,,,,,,,$2.79,,,,,,3,,,,,2015-12-02
3636969,Basketball Cards 2015 Panini Prizm,"Josh Smith [Red, White, and Blue Prizm] #25",$1.69,,,,,,,,,,,,$1.89,,,,,,1,,,,,2015-12-02
3637226,Basketball Cards 2015 Panini Prizm,Josh Smith [Ruby Wave Prizm] #25,$1.96,,,,,,,,,,,,$2.19,,,,,,1,,,,,2015-12-02
3637485,Basketball Cards 2015 Panini Prizm,Josh Smith [Silver Prizm] #25,$0.25,,,,,,,,,,,,$0.99,,,,,,0,,,,,2015-12-02
3637960,Basketball Cards 2015 Panini Prizm,Josh Smith [White Sparkle Prizm] #25,$17.79,,,,,,,,,,,$5.00,$19.99,,,,,,1,,,,,2015-12-02
3634557,Basketball Cards 2015 Panini Prizm,Jrue Holiday #95,$1.97,,,,,,,,,,,,$2.19,,,,,,2,,,,,2015-12-02
12272525,Basketball Cards 2015 Panini Prizm,Jrue Holiday [Black Prizm] #95,,,,,,,,,,,,,,,,,,,0,,,,,2015-12-02
3634878,Basketball Cards 2015 Panini Prizm,Jrue Holiday [Flash Prizm] #95,$2.13,,,,,,,,,,,,$2.29,,,,,,1,,,,,2015-12-02
3635139,Basketball Cards 2015 Panini Prizm,Jrue Holiday [Gold Prizm] #95,$104.50,,,$99.95,$110.00,,,,,,,$57.50,$115.00,,,,,,2,,,,,2015-12-02
3635410,Basketball Cards 2015 Panini Prizm,Jrue Holiday [Green Prizm] #95,$1.50,,,,,,,,,,,,$1.69,,,,,,3,,,,,2015-12-02
3635676,Basketball Cards 2015 Panini Prizm,Jrue Holiday [Light Blue Prizm] #95,$5.60,,,,,,,,,,,$1.20,$6.19,,,,,,2,,,,,2015-12-02
129845,Basketball Cards 2015 Panini Prizm,Jrue Holiday [Mojo Prizm] #95,$10.50,,,,,,,,,,,$3.00,$11.99,,,,,,1,,,,,2015-12-02
3636205,Basketball Cards 2015 Panini Prizm,Jrue Holiday [Orange Prizm] #95,$9.00,,,,,,,,,,,$2.00,$9.89,,,,,,1,,,,,2015-12-02
3636478,Basketball Cards 2015 Panini Prizm,Jrue Holiday [Orange Wave Prizm] #95,$1.99,,,,,,,,,,,,$2.19,,,,,,1,,,,,2015-12-02
3636756,Basketball Cards 2015 Panini Prizm,Jrue Holiday [Purple Prizm] #95,$10.00,,,,,,,,,,,$2.80,$10.99,,,,,,2,,,,,2015-12-02
3637030,Basketball Cards 2015 Panini Prizm,"Jrue Holiday [Red, White, and Blue Prizm] #95",$1.62,,,,,$10.50,$14.00,$6.00,$6.00,,,,$1.79,,,,,,2,,,,,2015-12-02
3637289,Basketball Cards 2015 Panini Prizm,Jrue Holiday [Ruby Wave Prizm] #95,$1.99,,,$14.99,$16.00,,,,,,,,$2.19,,,,,,4,,,,,2015-12-02
3637536,Basketball Cards 2015 Panini Prizm,Jrue Holiday [Silver Prizm] #95,$2.12,,,,,,,,,,,,$2.29,,,,,,4,,,,,2015-12-02
129846,Basketball Cards 2015 Panini Prizm,Jrue Holiday [White Sparkle Prizm] #95,,,,,,,,,,,,,,,,,,,0,,,,,2015-12-02
3634733,Basketball Cards 2015 Panini Prizm,Julius Erving #288,$1.75,,$9.99,$15.99,$22.41,$25.99,$34.00,$16.00,$16.00,,,,$1.89,,,$2.80,$10.99,,10,,,,,2015-12-02
12272684,Basketball Cards 2015 Panini Prizm,Julius Erving [Black Prizm] #288,,,,,,,,,,,,,,,,,,,0,,,,,2015-12-02
130165,Basketball Cards 2015 Panini Prizm,Julius Erving [Flash Prizm] #288,$1.94,,,$30.25,$33.00,$49.99,$65.00,$30.00,$30.00,,,,$2.09,,,,,,4,,,,,2015-12-02
3635312,Basketball Cards 2015 Panini Prizm,Julius Erving [Gold Prizm] #288,,,,,,,,,,,,,,,,,,,0,,,,,2015-12-02
130166,Basketball Cards 2015 Panini Prizm,Julius Erving [Green Prizm] #288,$5.00,,,$29.95,$33.00,$49.95,$65.00,$30.00,$30.00,,,$1.10,$5.49,,,,,,4,,,,,2015-12-02
3635844,Basketball Cards 2015 Panini Prizm,Julius Erving [Light Blue Prizm] #288,$24.93,,,$39.52,$43.00,,,,,,,$8.10,$26.99,,,,,,3,,,,,2015-12-02
3636109,Basketball Cards 2015 Panini Prizm,Julius Erving [Mojo Prizm] #288,$52.00,,,,,,,,,,,$22.80,$56.99,,,,,,1,,,,,2015-12-02
3636378,Basketball Cards 2015 Panini Prizm,Julius Erving [Orange Prizm] #288,$32.25,,,,,$50.00,$65.00,$30.00,$30.00,,,$10.50,$34.99,,,,,,2,,,,,2015-12-02
3636658,Basketball Cards 2015 Panini Prizm,Julius Erving [Orange Wave Prizm] #288,$5.00,,,,,$26.00,$34.00,$16.00,$16.00,,,$1.10,$5.49,,,,,,2,,,,,2015-12-02
3636935,Basketball Cards 2015 Panini Prizm,Julius Erving [Purple Prizm] #288,$22.29,,,,,$51.00,$66.00,$31.00,$31.00,,,$7.50,$24.99,,,,,,3,,,,,2015-12-02
130169,Basketball Cards 2015 Panini Prizm,"Julius Erving [Red, White, and Blue Prizm] #288",$4.52,,,,,$69.00,$90.00,$41.00,$41.00,,,$1.00,$4.99,,,,,,5,,,,,2015-12-02
3637460,Basketball Cards 2015 Panini Prizm,Julius Erving [Ruby Wave Prizm] #288,$8.43,,,$29.95,$33.00,$50.00,$65.00,$30.00,$39.99,,,$1.90,$9.29,,,,,,5,,,,,2015-12-02
130183,Basketball Cards 2015 Panini Prizm,Julius Erving [Silver Prizm] #288,$6.91,,$12.95,$14.00,$29.53,$61.59,$80.00,$37.00,$37.00,,,$1.50,$7.59,,,$3.50,$13.99,,10,,,,,2015-12-02
130170,Basketball Cards 2015 Panini Prizm,Julius Erving [White Sparkle Prizm] #288,$104.04,,,$218.88,$241.00,$263.00,$342.00,$158.00,$158.00,,,$57.00,$114.00,,,,,,2,,,,,2015-12-02
3634644,Basketball Cards 2015 Panini Prizm,Julius Randle #192,$2.25,,,$5.50,$6.00,,,,,,,,$2.49,,,,,,2,,,,,2015-12-02
12272562,Basketball Cards 2015 Panini Prizm,Julius Randle [Black Prizm] #192,,,,,,,,,,,,,,,,,,,0,,,,,2015-12-02
3634964,Basketball Cards 2015 Panini Prizm,Julius Randle [Flash Prizm] #192,$1.73,,,,,,,,,,,,$1.89,,,,,,1,,,,,2015-12-02
3635226,Basketball Cards 2015 Panini Prizm,Julius Randle [Gold Prizm] #192,$90.71,,,,,,,,,,,$40.00,$99.99,,,,,,1,,,,,2015-12-02
3635499,Basketball Cards 2015 Panini Prizm,Julius Randle [Green Prizm] #192,$0.25,,,,,,,,,,,,$0.99,,,,,,0,,,,,2015-12-02
3635758,Basketball Cards 2015 Panini Prizm,Julius Randle [Light Blue Prizm] #192,$1.56,,,,,,,,,,,,$1.69,,,,,,1,,,,,2015-12-02
3636021,Basketball Cards 2015 Panini Prizm,Julius Randle [Mojo Prizm] #192,,,,,,,,,,,,,,,,,,,0,,,,,2015-12-02
3636295,Basketball Cards 2015 Panini Prizm,Julius Randle [Orange Prizm] #192,$7.99,,,$9.00,$10.00,,,,,,,$1.80,$8.79,,,,,,2,,,,,2015-12-02
3636566,Basketball Cards 2015 Panini Prizm,Julius Randle [Orange Wave Prizm] #192,$4.93,,,,,$31.74,$41.00,$19.00,$19.00,,,$1.10,$5.39,,,,,,2,,,,,2015-12-02
3636844,Basketball Cards 2015 Panini Prizm,Julius Randle [Purple Prizm] #192,$8.29,,,,,,,,,,,$1.80,$9.09,,,,,,1,,,,,2015-12-02
3637112,Basketball Cards 2015 Panini Prizm,"Julius Randle [Red, White, and Blue Prizm] #192",$3.59,,,,,,,,,,,$0.80,$3.99,,,,,,1,,,,,2015-12-02
3637374,Basketball Cards 2015 Panini Prizm,Julius Randle [Ruby Wave Prizm] #192,$0.99,,,,,,,,,,,,$1.09,,,,,,1,,,,,2015-12-02
130003,Basketball Cards 2015 Panini Prizm,Julius Randle [Silver Prizm] #192,$1.13,,,,,,,,,,,,$1.19,,,,,,2,,,,,2015-12-02
3638110,Basketball Cards 2015 Panini Prizm,Julius Randle [White Sparkle Prizm] #192,,,,$20.50,$23.00,,,,,,,,,,,,,,1,,,,,2015-12-02
3634746,Basketball Cards 2015 Panini Prizm,Justin Anderson #303,$0.76,,,,,,,,,,,,$0.99,,,,,,1,,,,,2015-12-02
12272715,Basketball Cards 2015 Panini Prizm,Justin Anderson [Black Prizm] #303,,,,,,,,,,,,,,,,,,,0,,,,,2015-12-02
130197,Basketball Cards 2015 Panini Prizm,Justin Anderson [Flash Prizm] #303,$2.53,,,,,$28.99,$38.00,$17.00,$17.00,,,,$2.79,,,,,,2,,,,,2015-12-02
130199,Basketball Cards 2015 Panini Prizm,Justin Anderson [Gold Prizm] #303,$8.39,,,,,,,,,,,$1.80,$9.19,,,,,,1,,,,,2015-12-02
3638272,Basketball Cards 2015 Panini Prizm,Justin Anderson [Green Prizm] #303,$1.39,,,,,,,,,,,,$1.49,,,,,,1,,,,,2015-12-02
3638302,Basketball Cards 2015 Panini Prizm,Justin Anderson [Light Blue Prizm] #303,$3.74,,,,,,,,,,,$0.80,$4.09,,,,,,1,,,,,2015-12-02
130200,Basketball Cards 2015 Panini Prizm,Justin Anderson [Mojo Prizm] #303,$25.00,,,,,,,,,,,$8.40,$27.99,,,,,,1,,,,,2015-12-02
130202,Basketball Cards 2015 Panini Prizm,Justin Anderson [Orange Prizm] #303,$2.50,,,,,,,,,,,,$2.79,,,,,,1,,,,,2015-12-02
3638371,Basketball Cards 2015 Panini Prizm,Justin Anderson [Orange Wave Prizm] #303,$0.99,,,,,,,,,,,,$1.09,,,,,,1,,,,,2015-12-02
3638400,Basketball Cards 2015 Panini Prizm,Justin Anderson [Purple Prizm] #303,$1.31,,,,,,,,,,,,$1.39,,,,,,1,,,,,2015-12-02
130201,Basketball Cards 2015 Panini Prizm,"Justin Anderson [Red, White, and Blue Prizm] #303",$3.00,,,,,,,,,,,,$3.29,,,,,,1,,,,,2015-12-02
130204,Basketball Cards 2015 Panini Prizm,Justin Anderson [Ruby Wave Prizm] #303,$2.10,,,,,,,,,,,,$2.29,,,,,,1,,,,,2015-12-02
130203,Basketball Cards 2015 Panini Prizm,Justin Anderson [Silver Prizm] #303,$1.99,,,,$24.39,,,,,,,,$2.19,,,,,,3,,,,,2015-12-02
131488,Basketball Cards 2015 Panini Prizm,Justin Anderson [White Sparkle Prizm] #303,,,,,,,,,,,,,,,,,,,0,,,,,2015-12-02
130412,Basketball Cards 2015 Panini Prizm,Justise Winslow #336,$1.79,,$6.39,$7.45,$8.75,$21.50,$28.00,$13.00,$13.00,,,,$1.99,,,$1.40,$6.99,,8,,,,,2015-12-02
12272524,Basketball Cards 2015 Panini Prizm,Justise Winslow [Black Prizm] #336,,,,,,,,,,,,,,,,,,,0,,,,,2015-12-02
3638229,Basketball Cards 2015 Panini Prizm,Justise Winslow [Flash Prizm] #336,$4.28,,,$14.99,$64.65,,,,,,,$0.90,$4.69,,,,,,3,,,,,2015-12-02
3638258,Basketball Cards 2015 Panini Prizm,Justise Winslow [Gold Prizm] #336,$32.33,,,,,,,,,,,$14.40,$35.99,,,,,,1,,,,,2015-12-02
130413,Basketball Cards 2015 Panini Prizm,Justise Winslow [Green Prizm] #336,$4.79,,,$7.00,$8.00,,,,,,,$1.10,$5.29,,,,,,2,,,,,2015-12-02
130414,Basketball Cards 2015 Panini Prizm,Justise Winslow [Light Blue Prizm] #336,$2.27,,,$9.55,$11.00,,,,,,,,$2.49,,,,,,3,,,,,2015-12-02
130415,Basketball Cards 2015 Panini Prizm,Justise Winslow [Mojo Prizm] #336,$20.00,,$7.51,,,,,,,,,$6.60,$21.99,,,$1.70,$8.29,,2,,,,,2015-12-02
130416,Basketball Cards 2015 Panini Prizm,Justise Winslow [Orange Prizm] #336,$2.25,,,$41.65,$46.00,$50.00,$65.00,$30.00,$30.00,,,,$2.49,,,,,,3,,,,,2015-12-02
130417,Basketball Cards 2015 Panini Prizm,Justise Winslow [Orange Wave Prizm] #336,$2.55,,,$1.76,$2.00,,,,,,,,$2.79,,,,,,2,,,,,2015-12-02
130418,Basketball Cards 2015 Panini Prizm,Justise Winslow [Purple Prizm] #336,$9.88,,,$19.80,$22.00,,,,,,,$2.80,$10.99,,,,,,3,,,,,2015-12-02
130419,Basketball Cards 2015 Panini Prizm,"Justise Winslow [Red, White, and Blue Prizm] #336",$2.67,,,$12.50,$14.00,,,,,,,,$2.89,,,,,,2,,,,,2015-12-02
258091,Basketball Cards 2015 Panini Prizm,Justise Winslow [Ruby Wave Prizm] #336,$5.99,,,$39.99,$44.00,$48.00,$62.00,$29.00,$29.00,,,$1.30,$6.59,,,,,,4,,,,,2015-12-02
130420,Basketball Cards 2015 Panini Prizm,Justise Winslow [Silver Prizm] #336,$3.48,,$5.13,$15.96,$18.65,$19.00,$25.00,$11.00,$11.00,,,$0.80,$3.79,,,$1.10,$5.59,,9,,,,,2015-12-02
130421,Basketball Cards 2015 Panini Prizm,Justise Winslow [White Sparkle Prizm] #336,,,,,,,,,,,,,,,,,,,0,,,,,2015-12-02
3634583,Basketball Cards 2015 Panini Prizm,Jusuf Nurkic #123,$1.45,,,,,,,,,,,,$1.59,,,,,,1,,,,,2015-12-02
12272374,Basketball Cards 2015 Panini Prizm,Jusuf Nurkic [Black Prizm] #123,,,,,,,,,,,,,,,,,,,0,,,,,2015-12-02
3634902,Basketball Cards 2015 Panini Prizm,Jusuf Nurkic [Flash Prizm] #123,$6.00,,,,,,,,,,,$1.30,$6.59,,,,,,1,,,,,2015-12-02
3635165,Basketball Cards 2015 Panini Prizm,Jusuf Nurkic [Gold Prizm] #123,$70.00,,,,,,,,,,,$30.80,$76.99,,,,,,1,,,,,2015-12-02
3635436,Basketball Cards 2015 Panini Prizm,Jusuf Nurkic [Green Prizm] #123,$4.16,,,,,,,,,,,$0.90,$4.59,,,,,,0,,,,,2015-12-02
3635699,Basketball Cards 2015 Panini Prizm,Jusuf Nurkic [Light Blue Prizm] #123,$2.15,,,,,,,,,,,,$2.39,,,,,,1,,,,,2015-12-02
3635962,Basketball Cards 2015 Panini Prizm,Jusuf Nurkic [Mojo Prizm] #123,,,,,,,,,,,,,,,,,,,0,,,,,2015-12-02
3636231,Basketball Cards 2015 Panini Prizm,Jusuf Nurkic [Orange Prizm] #123,$3.77,,,,,,,,,,,$0.80,$4.19,,,,,,1,,,,,2015-12-02
3636503,Basketball Cards 2015 Panini Prizm,Jusuf Nurkic [Orange Wave Prizm] #123,$1.49,,,,,,,,,,,,$1.59,,,,,,1,,,,,2015-12-02
3636784,Basketball Cards 2015 Panini Prizm,Jusuf Nurkic [Purple Prizm] #123,$5.14,,,,,,,,,,,$1.10,$5.69,,,,,,1,,,,,2015-12-02
3637053,Basketball Cards 2015 Panini Prizm,"Jusuf Nurkic [Red, White, and Blue Prizm] #123",$0.75,,,,,,,,,,,,$0.99,,,,,,1,,,,,2015-12-02
3637314,Basketball Cards 2015 Panini Prizm,Jusuf Nurkic [Ruby Wave Prizm] #123,$2.15,,,,,,,,,,,,$2.39,,,,,,1,,,,,2015-12-02
3637557,Basketball Cards 2015 Panini Prizm,Jusuf Nurkic [Silver Prizm] #123,$3.42,,,$3.24,$4.00,$9.50,$12.00,$6.00,$6.00,,,$0.80,$3.79,,,,,,3,,,,,2015-12-02
3638051,Basketball Cards 2015 Panini Prizm,Jusuf Nurkic [White Sparkle Prizm] #123,$7.69,,,,,,,,,,,$1.70,$8.49,,,,,,1,,,,,2015-12-02
131485,Basketball Cards 2015 Panini Prizm,Kareem Abdul-Jabbar #297,$2.49,,$6.99,$12.04,$23.43,$39.24,$51.00,$24.00,$24.00,,,,$2.69,,,$1.50,$7.69,,9,,,,,2015-12-02
12272695,Basketball Cards 2015 Panini Prizm,Kareem Abdul-Jabbar [Black Prizm] #297,,,,,,,,,,,,,,,,,,,0,,,,,2015-12-02
130185,Basketball Cards 2015 Panini Prizm,Kareem Abdul-Jabbar [Flash Prizm] #297,$3.25,,,$24.99,$27.00,$56.87,$74.00,$34.00,$34.00,,,,$3.59,,,,,,5,,,,,2015-12-02
3635320,Basketball Cards 2015 Panini Prizm,Kareem Abdul-Jabbar [Gold Prizm] #297,,,,$616.28,$678.00,,,,,,,,,,,,,,1,,,,,2015-12-02
3233528,Basketball Cards 2015 Panini Prizm,Kareem Abdul-Jabbar [Green Prizm] #297,$3.00,,,,,$34.99,$45.00,$21.00,$21.00,,,,$3.29,,,,,,3,,,,,2015-12-02
3233529,Basketball Cards 2015 Panini Prizm,Kareem Abdul-Jabbar [Light Blue Prizm] #297,$8.50,,,,,,,,,,,$1.90,$9.39,,,,,,2,,,,,2015-12-02
3636118,Basketball Cards 2015 Panini Prizm,Kareem Abdul-Jabbar [Mojo Prizm] #297,$38.35,,,,$118.27,,,,,,,$16.80,$41.99,,,,,,2,,,,,2015-12-02
3233523,Basketball Cards 2015 Panini Prizm,Kareem Abdul-Jabbar [Orange Prizm] #297,$39.88,,,,,,,,,,,$17.60,$43.99,,,,,,1,,,,,2015-12-02
3233530,Basketball Cards 2015 Panini Prizm,Kareem Abdul-Jabbar [Orange Wave Prizm] #297,$10.56,,,$17.25,$19.00,$39.99,$52.00,$24.00,$24.00,,,$3.00,$11.99,,,,,,3,,,,,2015-12-02
130184,Basketball Cards 2015 Panini Prizm,Kareem Abdul-Jabbar [Purple Prizm] #297,$33.69,,,$66.00,$73.00,$352.47,$458.00,$211.00,$211.00,,,$14.80,$36.99,,,,,,4,,,,,2015-12-02
130186,Basketball Cards 2015 Panini Prizm,"Kareem Abdul-Jabbar [Red, White, and Blue Prizm] #297",$3.62,,,,,,,,,,,$0.80,$3.99,,,,,,3,,,,,2015-12-02
131487,Basketball Cards 2015 Panini Prizm,Kareem Abdul-Jabbar [Ruby Wave Prizm] #297,$6.73,,,,$92.00,$94.09,$122.00,$56.00,$56.00,,,$1.50,$7.39,,,,,,4,,,,,2015-12-02
130189,Basketball Cards 2015 Panini Prizm,Kareem Abdul-Jabbar [Silver Prizm] #297,$4.51,$7.99,$10.27,$13.24,$29.10,$67.73,$88.00,$41.00,$22.38,,,$1.00,$4.99,$1.80,$8.79,$2.80,$10.99,,12,,,,,2015-12-02
130187,Basketball Cards 2015 Panini Prizm,Kareem Abdul-Jabbar [White Sparkle Prizm] #297,$210.00,,,$136.49,$150.00,,,,,,,$115.50,$231.00,,,,,,2,,,,,2015-12-02
3634706,Basketball Cards 2015 Panini Prizm,Karl Malone #259,$1.37,,$3.00,$3.99,$4.00,,,,,,,,$1.49,,,,$3.29,,4,,,,,2015-12-02
12272617,Basketball Cards 2015 Panini Prizm,Karl Malone [Black Prizm] #259,,,,,,,,,,,,,,,,,,,0,,,,,2015-12-02
3635022,Basketball Cards 2015 Panini Prizm,Karl Malone [Flash Prizm] #259,$1.41,,,$10.00,$11.00,,,,,,,,$1.59,,,,,,2,,,,,2015-12-02
3635286,Basketball Cards 2015 Panini Prizm,Karl Malone [Gold Prizm] #259,$213.60,,,,,,,,,,,$117.50,$235.00,,,,,,1,,,,,2015-12-02
3635562,Basketball Cards 2015 Panini Prizm,Karl Malone [Green Prizm] #259,$1.53,,,,,,,,,,,,$1.69,,,,,,1,,,,,2015-12-02
3635819,Basketball Cards 2015 Panini Prizm,Karl Malone [Light Blue Prizm] #259,$2.83,,,,,,,,,,,,$3.09,,,,,,1,,,,,2015-12-02
3636081,Basketball Cards 2015 Panini Prizm,Karl Malone [Mojo Prizm] #259,$23.94,,,,,,,,,,,$7.80,$25.99,,,,,,1,,,,,2015-12-02
3636351,Basketball Cards 2015 Panini Prizm,Karl Malone [Orange Prizm] #259,$4.25,,,,,,,,,,,$0.90,$4.69,,,,,,1,,,,,2015-12-02
3636629,Basketball Cards 2015 Panini Prizm,Karl Malone [Orange Wave Prizm] #259,$1.50,,,,,,,,,,,,$1.69,,,,,,2,,,,,2015-12-02
3636908,Basketball Cards 2015 Panini Prizm,Karl Malone [Purple Prizm] #259,$6.43,,,,,,,,,,,$1.40,$7.09,,,,,,1,,,,,2015-12-02
3637169,Basketball Cards 2015 Panini Prizm,"Karl Malone [Red, White, and Blue Prizm] #259",$0.99,,,,,,,,,,,,$1.09,,,,,,2,,,,,2015-12-02
3637435,Basketball Cards 2015 Panini Prizm,Karl Malone [Ruby Wave Prizm] #259,$2.49,,,,,,,,,,,,$2.69,,,,,,3,,,,,2015-12-02
130106,Basketball Cards 2015 Panini Prizm,Karl Malone [Silver Prizm] #259,$2.37,,$19.95,$22.00,$24.00,$149.00,$194.00,$89.00,$89.00,,,,$2.59,,,$6.60,$21.99,,5,,,,,2015-12-02
130107,Basketball Cards 2015 Panini Prizm,Karl Malone [White Sparkle Prizm] #259,$58.04,,,,,,,,,,,$25.60,$63.99,,,,,,0,,,,,2015-12-02
130345,Basketball Cards 2015 Panini Prizm,Karl-Anthony Towns #328,$10.38,$6.66,$16.80,$32.98,$36.00,$67.40,$95.00,$40.00,$10.61,,,$2.80,$10.99,$1.50,$7.29,$4.50,$17.99,,1507,,,,,2015-12-02
12272492,Basketball Cards 2015 Panini Prizm,Karl-Anthony Towns [Black Prizm] #328,,,,,,,,,,,,,,,,,,,0,,,,,2015-12-02
130346,Basketball Cards 2015 Panini Prizm,Karl-Anthony Towns [Flash Prizm] #328,$19.89,,$33.14,$59.99,$89.99,$225.00,$293.00,$135.00,$175.00,,,$6.60,$21.99,,,$14.40,$35.99,,21,,,,,2015-12-02
130347,Basketball Cards 2015 Panini Prizm,Karl-Anthony Towns [Gold Prizm] #328,,,,,$374.00,$475.00,$618.00,$285.00,$285.00,,,,,,,,,,2,,,,,2015-12-02
130348,Basketball Cards 2015 Panini Prizm,Karl-Anthony Towns [Green Prizm] #328,$45.55,,$45.00,$49.99,$53.15,$260.25,$338.00,$156.00,$156.00,,,$20.00,$49.99,,,$20.00,$49.99,,41,,,,,2015-12-02
130349,Basketball Cards 2015 Panini Prizm,Karl-Anthony Towns [Light Blue Prizm] #328,$103.07,,$145.00,$160.00,$302.57,$329.43,$401.20,$198.00,$198.00,,,$56.50,$113.00,,,$80.00,$160.00,,14,,,,,2015-12-02
130350,Basketball Cards 2015 Panini Prizm,Karl-Anthony Towns [Mojo Prizm] #328,$1035.00,,,$700.00,$930.00,,,,,,,$683.40,$1139.00,,,,,,4,,,,,2015-12-02
130351,Basketball Cards 2015 Panini Prizm,Karl-Anthony Towns [Orange Prizm] #328,$84.00,,,,$249.75,$1401.52,$1822.00,$841.00,$841.00,,,$36.80,$91.99,,,,,,4,,,,,2015-12-02
130352,Basketball Cards 2015 Panini Prizm,Karl-Anthony Towns [Orange Wave Prizm] #328,$54.39,,$42.00,$69.86,$77.00,$249.87,$325.00,$150.00,$150.00,,,$24.00,$59.99,,,$18.40,$45.99,,20,,,,,2015-12-02
130353,Basketball Cards 2015 Panini Prizm,Karl-Anthony Towns [Purple Prizm] #328,$131.25,,$93.20,$160.91,$228.44,$992.89,$1291.00,$596.00,$596.00,,,$72.00,$144.00,,,$51.50,$103.00,,8,,,,,2015-12-02
130354,Basketball Cards 2015 Panini Prizm,"Karl-Anthony Towns [Red, White, and Blue Prizm] #328",$31.00,,$29.77,$45.00,$62.50,$135.26,$176.00,$81.00,$81.00,,,$10.20,$33.99,,,$9.90,$32.99,,43,,,,,2015-12-02
130355,Basketball Cards 2015 Panini Prizm,Karl-Anthony Towns [Ruby Wave Prizm] #328,$98.00,,$15.50,$51.22,$84.19,$193.62,$252.00,$116.00,$116.00,,,$54.00,$108.00,,,$4.30,$16.99,,25,,,,,2015-12-02
130356,Basketball Cards 2015 Panini Prizm,Karl-Anthony Towns [Silver Prizm] #328,$49.44,,$28.00,$99.99,$100.00,$328.97,$460.00,$197.00,$56.56,,,$21.60,$53.99,,,$9.30,$30.99,,96,,,,,2015-12-02
130357,Basketball Cards 2015 Panini Prizm,Karl-Anthony Towns [White Sparkle Prizm] #328,$1489.78,,,,$196.00,$200.00,$260.00,$120.00,$120.00,,,$983.40,$1639.00,,,,,,3,,,,,2015-12-02
130687,Basketball Cards 2015 Panini Prizm,Kawhi Leonard #390,$1.29,,$3.99,$6.57,$7.00,$16.65,$22.00,$10.00,$10.00,,,,$1.39,,,$0.90,$4.39,,9,,,,,2015-12-02
129827,Basketball Cards 2015 Panini Prizm,Kawhi Leonard #81,$1.99,,$6.95,$8.00,$8.36,$19.53,$25.00,$12.00,$12.00,,,,$2.19,,,$1.50,$7.69,,17,,,,,2015-12-02
12272685,Basketball Cards 2015 Panini Prizm,Kawhi Leonard [Black Prizm] #390,,,,,,,,,,,,,,,,,,,0,,,,,2015-12-02
12272480,Basketball Cards 2015 Panini Prizm,Kawhi Leonard [Black Prizm] #81,,,,,,,,,,,,,,,,,,,0,,,,,2015-12-02
130688,Basketball Cards 2015 Panini Prizm,Kawhi Leonard [Flash Prizm] #390,$2.52,,,$10.50,$12.00,$18.50,$24.00,$11.00,$11.00,,,,$2.79,,,,,,4,,,,,2015-12-02
129828,Basketball Cards 2015 Panini Prizm,Kawhi Leonard [Flash Prizm] #81,$0.99,,,$13.25,$15.00,$40.99,$53.00,$25.00,$25.00,,,,$1.09,,,,,,3,,,,,2015-12-02
3638800,Basketball Cards 2015 Panini Prizm,Kawhi Leonard [Gold Prizm] #390,,,,$337.00,$371.00,,,,,,,,,,,,,,1,,,,,2015-12-02
129829,Basketball Cards 2015 Panini Prizm,Kawhi Leonard [Gold Prizm] #81,$3073.51,,$3350.00,,,,,,,,,$2028.60,$3381.00,,,$2211.00,$3685.00,,2,,,,,2015-12-02
130689,Basketball Cards 2015 Panini Prizm,Kawhi Leonard [Green Prizm] #390,$3.56,,$11.32,,,$17.50,$23.00,$11.00,$11.00,,,$0.80,$3.89,,,$3.00,$11.99,,3,,,,,2015-12-02
129830,Basketball Cards 2015 Panini Prizm,Kawhi Leonard [Green Prizm] #81,$5.47,,,$17.95,$37.00,$65.65,$85.00,$39.00,$39.00,,,$1.20,$5.99,,,,,,5,,,,,2015-12-02
130690,Basketball Cards 2015 Panini Prizm,Kawhi Leonard [Light Blue Prizm] #390,$3.96,,,$26.84,$30.00,$66.00,$86.00,$40.00,$40.00,,,$0.90,$4.39,,,,,,3,,,,,2015-12-02
129831,Basketball Cards 2015 Panini Prizm,Kawhi Leonard [Light Blue Prizm] #81,$9.75,,,$29.47,$32.00,$201.22,$262.00,$121.00,$121.00,,,$2.80,$10.99,,,,,,3,,,,,2015-12-02
3638849,Basketball Cards 2015 Panini Prizm,Kawhi Leonard [Mojo Prizm] #390,$147.50,,,,$99.00,,,,,,,$81.00,$162.00,,,,,,2,,,,,2015-12-02
129832,Basketball Cards 2015 Panini Prizm,Kawhi Leonard [Mojo Prizm] #81,,,,,,$124.99,$162.00,$75.00,$75.00,,,,,,,,,,2,,,,,2015-12-02
130691,Basketball Cards 2015 Panini Prizm,Kawhi Leonard [Orange Prizm] #390,$9.99,,,,,,,,,,,$2.80,$10.99,,,,,,1,,,,,2015-12-02
129833,Basketball Cards 2015 Panini Prizm,Kawhi Leonard [Orange Prizm] #81,$49.84,,,$55.00,$61.00,$70.00,$91.00,$42.00,$42.00,,,$22.00,$54.99,,,,,,3,,,,,2015-12-02
130692,Basketball Cards 2015 Panini Prizm,Kawhi Leonard [Orange Wave Prizm] #390,$1.45,,,$32.00,$35.00,,,,,,,,$1.59,,,,,,3,,,,,2015-12-02
129834,Basketball Cards 2015 Panini Prizm,Kawhi Leonard [Orange Wave Prizm] #81,$2.00,,,$17.86,$20.00,$55.13,$72.00,$33.00,$33.00,,,,$2.19,,,,,,5,,,,,2015-12-02
130693,Basketball Cards 2015 Panini Prizm,Kawhi Leonard [Purple Prizm] #390,$7.99,,,$32.03,$35.00,,,,,,,$1.80,$8.79,,,,,,2,,,,,2015-12-02
129835,Basketball Cards 2015 Panini Prizm,Kawhi Leonard [Purple Prizm] #81,$13.15,,,$41.00,$45.00,,,,,,,$3.50,$13.99,,,,,,2,,,,,2015-12-02
130694,Basketball Cards 2015 Panini Prizm,"Kawhi Leonard [Red, White, and Blue Prizm] #390",$1.50,,,$6.50,$7.00,$32.48,$42.00,$19.00,$19.00,,,,$1.69,,,,,,4,,,,,2015-12-02
129836,Basketball Cards 2015 Panini Prizm,"Kawhi Leonard [Red, White, and Blue Prizm] #81",$2.74,,$9.99,$19.29,$21.00,$23.49,$31.00,$14.00,$14.00,,,,$2.99,,,$2.80,$10.99,,9,,,,,2015-12-02
130695,Basketball Cards 2015 Panini Prizm,Kawhi Leonard [Ruby Wave Prizm] #390,$2.51,,,$19.92,$22.00,$52.69,$69.00,$32.00,$32.00,,,,$2.79,,,,,,3,,,,,2015-12-02
129837,Basketball Cards 2015 Panini Prizm,Kawhi Leonard [Ruby Wave Prizm] #81,$2.25,,,$10.93,$12.00,$32.46,$42.00,$19.00,$19.00,,,,$2.49,,,,,,4,,,,,2015-12-02
130696,Basketball Cards 2015 Panini Prizm,Kawhi Leonard [Silver Prizm] #390,$1.99,,$11.99,$13.00,$14.00,$19.95,$26.00,$12.00,$12.00,,,,$2.19,,,$3.30,$12.99,,10,,,,,2015-12-02
129838,Basketball Cards 2015 Panini Prizm,Kawhi Leonard [Silver Prizm] #81,$3.66,,$6.99,$17.75,$25.00,$41.88,$54.00,$25.00,$25.00,,,$0.80,$3.99,,,$1.50,$7.69,,18,,,,,2015-12-02
130697,Basketball Cards 2015 Panini Prizm,Kawhi Leonard [White Sparkle Prizm] #390,$28.99,,,$50.00,$55.00,$299.72,$390.00,$180.00,$180.00,,,$9.60,$31.99,,,,,,2,,,,,2015-12-02
129839,Basketball Cards 2015 Panini Prizm,Kawhi Leonard [White Sparkle Prizm] #81,$115.71,,,,$405.00,,,,,,,$63.50,$127.00,,,,,,2,,,,,2015-12-02
3634521,Basketball Cards 2015 Panini Prizm,Kelly Olynyk #57,$1.43,,,,,,,,,,,,$1.59,,,,,,1,,,,,2015-12-02
12272408,Basketball Cards 2015 Panini Prizm,Kelly Olynyk [Black Prizm] #57,,,,,,,,,,,,,,,,,,,0,,,,,2015-12-02
3634846,Basketball Cards 2015 Panini Prizm,Kelly Olynyk [Flash Prizm] #57,$0.25,,,,,,,,,,,,$0.99,,,,,,0,,,,,2015-12-02
3635105,Basketball Cards 2015 Panini Prizm,Kelly Olynyk [Gold Prizm] #57,,,,,,,,,,,,,,,,,,,0,,,,,2015-12-02
3635374,Basketball Cards 2015 Panini Prizm,Kelly Olynyk [Green Prizm] #57,$3.95,,,,,,,,,,,$0.90,$4.39,,,,,,1,,,,,2015-12-02
3635644,Basketball Cards 2015 Panini Prizm,Kelly Olynyk [Light Blue Prizm] #57,$1.38,,,,,,,,,,,,$1.49,,,,,,1,,,,,2015-12-02
3635907,Basketball Cards 2015 Panini Prizm,Kelly Olynyk [Mojo Prizm] #57,$11.74,,,,,,,,,,,$3.30,$12.99,,,,,,1,,,,,2015-12-02
3348646,Basketball Cards 2015 Panini Prizm,Kelly Olynyk [Orange Prizm] #57,$1.25,,,,,,,,,,,,$1.39,,,,,,1,,,,,2015-12-02
3636443,Basketball Cards 2015 Panini Prizm,Kelly Olynyk [Orange Wave Prizm] #57,$1.00,,,,,,,,,,,,$1.09,,,,,,1,,,,,2015-12-02
3636722,Basketball Cards 2015 Panini Prizm,Kelly Olynyk [Purple Prizm] #57,$1.59,,,,,,,,,,,,$1.79,,,,,,1,,,,,2015-12-02
3636997,Basketball Cards 2015 Panini Prizm,"Kelly Olynyk [Red, White, and Blue Prizm] #57",$0.25,,,,,,,,,,,,$0.99,,,,,,0,,,,,2015-12-02
3637254,Basketball Cards 2015 Panini Prizm,Kelly Olynyk [Ruby Wave Prizm] #57,$1.75,,,,,,,,,,,,$1.89,,,,,,3,,,,,2015-12-02
3637510,Basketball Cards 2015 Panini Prizm,Kelly Olynyk [Silver Prizm] #57,$2.49,,,,,,,,,,,,$2.69,,,,,,1,,,,,2015-12-02
3637989,Basketball Cards 2015 Panini Prizm,Kelly Olynyk [White Sparkle Prizm] #57,,,,,,,,,,,,,,,,,,,0,,,,,2015-12-02
130229,Basketball Cards 2015 Panini Prizm,Kelly Oubre Jr. #309,$2.75,$3.25,$3.50,$5.50,$20.00,$19.99,$26.00,$12.00,$12.00,,,,$2.99,,$3.59,$0.80,$3.89,,37,,,,,2015-12-02
12272427,Basketball Cards 2015 Panini Prizm,Kelly Oubre Jr. [Black Prizm] #309,,,,,,,,,,,,,,,,,,,0,,,,,2015-12-02
130230,Basketball Cards 2015 Panini Prizm,Kelly Oubre Jr. [Flash Prizm] #309,$4.79,,$2.25,$7.61,$8.00,$178.53,$232.00,$107.00,$107.00,,,$1.10,$5.29,,,,$2.49,,7,,,,,2015-12-02
3638242,Basketball Cards 2015 Panini Prizm,Kelly Oubre Jr. [Gold Prizm] #309,$217.50,,$1499.95,,,,,,,,,$119.50,$239.00,,,$990.00,$1650.00,,2,,,,,2015-12-02
130231,Basketball Cards 2015 Panini Prizm,Kelly Oubre Jr. [Green Prizm] #309,$0.94,,,$6.99,$8.00,$86.72,$113.00,$52.00,$52.00,,,,$0.99,,,,,,5,,,,,2015-12-02
130232,Basketball Cards 2015 Panini Prizm,Kelly Oubre Jr. [Light Blue Prizm] #309,$17.50,,$30.99,$109.61,$121.00,$271.99,$354.00,$163.00,$163.00,,,$4.80,$18.99,,,$10.20,$33.99,,4,,,,,2015-12-02
130233,Basketball Cards 2015 Panini Prizm,Kelly Oubre Jr. [Mojo Prizm] #309,,,,,$470.00,,,,,,,,,,,,,,1,,,,,2015-12-02
130234,Basketball Cards 2015 Panini Prizm,Kelly Oubre Jr. [Orange Prizm] #309,$40.99,,,$39.00,$249.99,$575.44,$748.00,$345.00,$345.00,,,$18.00,$44.99,,,,,,4,,,,,2015-12-02
130235,Basketball Cards 2015 Panini Prizm,Kelly Oubre Jr. [Orange Wave Prizm] #309,$5.93,,$8.20,$9.00,$10.00,$200.00,$260.00,$120.00,$120.00,,,$1.30,$6.49,,,$1.80,$8.99,,7,,,,,2015-12-02
130236,Basketball Cards 2015 Panini Prizm,Kelly Oubre Jr. [Purple Prizm] #309,$79.25,,,$104.75,$115.00,$126.00,$164.00,$76.00,$76.00,,,$34.80,$86.99,,,,,,4,,,,,2015-12-02
130237,Basketball Cards 2015 Panini Prizm,"Kelly Oubre Jr. [Red, White, and Blue Prizm] #309",$5.00,,,$14.95,$17.76,$26.88,$35.00,$16.00,$16.00,,,$1.10,$5.49,,,,,,10,,,,,2015-12-02
130238,Basketball Cards 2015 Panini Prizm,Kelly Oubre Jr. [Ruby Wave Prizm] #309,$5.99,,,$8.37,$53.00,$53.89,$70.00,$32.00,$32.00,,,$1.30,$6.59,,,,,,7,,,,,2015-12-02
130239,Basketball Cards 2015 Panini Prizm,Kelly Oubre Jr. [Silver Prizm] #309,$2.77,,$10.77,$12.00,$45.00,$46.35,$212.68,$28.00,$28.00,,,,$3.09,,,$3.00,$11.99,,16,,,,,2015-12-02
130240,Basketball Cards 2015 Panini Prizm,Kelly Oubre Jr. [White Sparkle Prizm] #309,$74.86,,,,$290.00,$599.99,$780.00,$360.00,$360.00,,,$32.80,$81.99,,,,,,3,,,,,2015-12-02
130040,Basketball Cards 2015 Panini Prizm,Kemba Walker #238,$2.00,,,,,$27.95,$36.00,$17.00,$17.00,,,,$2.19,,,,,,3,,,,,2015-12-02
12272577,Basketball Cards 2015 Panini Prizm,Kemba Walker [Black Prizm] #238,,,,,,,,,,,,,,,,,,,0,,,,,2015-12-02
3635008,Basketball Cards 2015 Panini Prizm,Kemba Walker [Flash Prizm] #238,$1.99,,$7.13,,,,,,,,,,$2.19,,,$1.60,$7.79,,2,,,,,2015-12-02
130042,Basketball Cards 2015 Panini Prizm,Kemba Walker [Gold Prizm] #238,,,,$42.00,$46.00,,,,,,,,,,,,,,1,,,,,2015-12-02
3635544,Basketball Cards 2015 Panini Prizm,Kemba Walker [Green Prizm] #238,$3.61,,,,,$16.95,$22.00,$10.00,$10.00,,,$0.80,$3.99,,,,,,2,,,,,2015-12-02
3635800,Basketball Cards 2015 Panini Prizm,Kemba Walker [Light Blue Prizm] #238,$6.46,,,$3.99,$4.00,,,,,,,$1.40,$7.09,,,,,,2,,,,,2015-12-02
3636064,Basketball Cards 2015 Panini Prizm,Kemba Walker [Mojo Prizm] #238,$11.75,,,,,,,,,,,$3.30,$12.99,,,,,,1,,,,,2015-12-02
130041,Basketball Cards 2015 Panini Prizm,Kemba Walker [Orange Prizm] #238,$3.27,,,,,,,,,,,,$3.59,,,,,,1,,,,,2015-12-02
3636611,Basketball Cards 2015 Panini Prizm,Kemba Walker [Orange Wave Prizm] #238,$3.32,,$6.99,,,,,,,,,,$3.69,,,$1.50,$7.69,,2,,,,,2015-12-02
130043,Basketball Cards 2015 Panini Prizm,Kemba Walker [Purple Prizm] #238,$1.63,,,,,,,,,,,,$1.79,,,,,,1,,,,,2015-12-02
3637156,Basketball Cards 2015 Panini Prizm,"Kemba Walker [Red, White, and Blue Prizm] #238",$1.25,,,,,$14.36,$19.00,$9.00,$9.00,,,,$1.39,,,,,,2,,,,,2015-12-02
130044,Basketball Cards 2015 Panini Prizm,Kemba Walker [Ruby Wave Prizm] #238,$2.13,,,,,$21.56,$28.00,$13.00,$13.00,,,,$2.29,,,,,,2,,,,,2015-12-02
130045,Basketball Cards 2015 Panini Prizm,Kemba Walker [Silver Prizm] #238,$2.25,,$1.99,$8.50,$9.00,$10.57,$14.00,$6.00,$6.00,,,,$2.49,,,,$2.19,,5,,,,,2015-12-02
3638154,Basketball Cards 2015 Panini Prizm,Kemba Walker [White Sparkle Prizm] #238,$49.99,,,,$42.00,$85.00,$111.00,$51.00,$51.00,,,$22.00,$54.99,,,,,,2,,,,,2015-12-02
3634555,Basketball Cards 2015 Panini Prizm,Kenneth Faried #93,$0.99,,,,,,,,,,,,$1.09,,,,,,1,,,,,2015-12-02
12272521,Basketball Cards 2015 Panini Prizm,Kenneth Faried [Black Prizm] #93,,,,,,,,,,,,,,,,,,,0,,,,,2015-12-02
3634876,Basketball Cards 2015 Panini Prizm,Kenneth Faried [Flash Prizm] #93,$1.49,,,,,,,,,,,,$1.59,,,,,,4,,,,,2015-12-02
3635138,Basketball Cards 2015 Panini Prizm,Kenneth Faried [Gold Prizm] #93,,,,,,,,,,,,,,,,,,,0,,,,,2015-12-02
3635408,Basketball Cards 2015 Panini Prizm,Kenneth Faried [Green Prizm] #93,$1.50,,,,,,,,,,,,$1.69,,,,,,1,,,,,2015-12-02
3635674,Basketball Cards 2015 Panini Prizm,Kenneth Faried [Light Blue Prizm] #93,$3.75,,,,,,,,,,,$0.80,$4.09,,,,,,2,,,,,2015-12-02
3635939,Basketball Cards 2015 Panini Prizm,Kenneth Faried [Mojo Prizm] #93,$16.64,,,,,,,,,,,$4.50,$17.99,,,,,,0,,,,,2015-12-02
3636203,Basketball Cards 2015 Panini Prizm,Kenneth Faried [Orange Prizm] #93,$3.75,,,,,,,,,,,$0.80,$4.09,,,,,,1,,,,,2015-12-02
3636476,Basketball Cards 2015 Panini Prizm,Kenneth Faried [Orange Wave Prizm] #93,$1.80,,,,,,,,,,,,$1.99,,,,,,1,,,,,2015-12-02
3636754,Basketball Cards 2015 Panini Prizm,Kenneth Faried [Purple Prizm] #93,$1.23,,,,,,,,,,,,$1.39,,,,,,1,,,,,2015-12-02
3637029,Basketball Cards 2015 Panini Prizm,"Kenneth Faried [Red, White, and Blue Prizm] #93",$0.99,,,,,,,,,,,,$1.09,,,,,,1,,,,,2015-12-02
3637287,Basketball Cards 2015 Panini Prizm,Kenneth Faried [Ruby Wave Prizm] #93,$2.24,,,,,,,,,,,,$2.49,,,,,,1,,,,,2015-12-02
3637535,Basketball Cards 2015 Panini Prizm,Kenneth Faried [Silver Prizm] #93,$1.74,,,,,,,,,,,,$1.89,,,,,,1,,,,,2015-12-02
3638023,Basketball Cards 2015 Panini Prizm,Kenneth Faried [White Sparkle Prizm] #93,,,,,,,,,,,,,,,,,,,0,,,,,2015-12-02
3634580,Basketball Cards 2015 Panini Prizm,Kentavious Caldwell-Pope #120,$0.99,,,,,,,,,,,,$1.09,,,,,,1,,,,,2015-12-02
12272366,Basketball Cards 2015 Panini Prizm,Kentavious Caldwell-Pope [Black Prizm] #120,,,,,,,,,,,,,,,,,,,0,,,,,2015-12-02
3634900,Basketball Cards 2015 Panini Prizm,Kentavious Caldwell-Pope [Flash Prizm] #120,$0.25,,,,,,,,,,,,$0.99,,,,,,0,,,,,2015-12-02
3635162,Basketball Cards 2015 Panini Prizm,Kentavious Caldwell-Pope [Gold Prizm] #120,$56.00,,,,,,,,,,,$24.80,$61.99,,,,,,1,,,,,2015-12-02
3635433,Basketball Cards 2015 Panini Prizm,Kentavious Caldwell-Pope [Green Prizm] #120,$0.25,,,,,,,,,,,,$0.99,,,,,,0,,,,,2015-12-02
3635697,Basketball Cards 2015 Panini Prizm,Kentavious Caldwell-Pope [Light Blue Prizm] #120,$2.50,,,,,,,,,,,,$2.79,,,,,,2,,,,,2015-12-02
3635960,Basketball Cards 2015 Panini Prizm,Kentavious Caldwell-Pope [Mojo Prizm] #120,$10.88,,,,,,,,,,,$3.00,$11.99,,,,,,1,,,,,2015-12-02
3636228,Basketball Cards 2015 Panini Prizm,Kentavious Caldwell-Pope [Orange Prizm] #120,$2.50,,,,,,,,,,,,$2.79,,,,,,1,,,,,2015-12-02
3636500,Basketball Cards 2015 Panini Prizm,Kentavious Caldwell-Pope [Orange Wave Prizm] #120,$0.25,,,,,,,,,,,,$0.99,,,,,,0,,,,,2015-12-02
3636781,Basketball Cards 2015 Panini Prizm,Kentavious Caldwell-Pope [Purple Prizm] #120,$2.27,,,,,,,,,,,,$2.49,,,,,,1,,,,,2015-12-02
3637050,Basketball Cards 2015 Panini Prizm,"Kentavious Caldwell-Pope [Red, White, and Blue Prizm] #120",$1.89,,,,,,,,,,,,$2.09,,,,,,1,,,,,2015-12-02
3637311,Basketball Cards 2015 Panini Prizm,Kentavious Caldwell-Pope [Ruby Wave Prizm] #120,$0.99,,,,,,,,,,,,$1.09,,,,,,3,,,,,2015-12-02
3637555,Basketball Cards 2015 Panini Prizm,Kentavious Caldwell-Pope [Silver Prizm] #120,$1.76,,,,,,,,,,,,$1.89,,,,,,1,,,,,2015-12-02
3638048,Basketball Cards 2015 Panini Prizm,Kentavious Caldwell-Pope [White Sparkle Prizm] #120,,,,,,,,,,,,,,,,,,,0,,,,,2015-12-02
130565,Basketball Cards 2015 Panini Prizm,Kevin Durant #368,$2.22,,$9.33,$10.00,$11.00,$19.97,$812.00,$12.00,$12.00,,,,$2.39,,,$2.00,$9.99,,13,,,,,2015-12-02
129847,Basketball Cards 2015 Panini Prizm,Kevin Durant #96,$2.34,$4.44,$14.99,$16.00,$26.00,$30.99,$40.00,$19.00,$19.00,,,,$2.59,$1.00,$4.89,$4.00,$15.99,,22,,,,,2015-12-02
12272625,Basketball Cards 2015 Panini Prizm,Kevin Durant [Black Prizm] #368,,,,,,,,,,,,,,,,,,,0,,,,,2015-12-02
12272528,Basketball Cards 2015 Panini Prizm,Kevin Durant [Black Prizm] #96,,,,,,,,,,,,,,,,,,,0,,,,,2015-12-02
130566,Basketball Cards 2015 Panini Prizm,Kevin Durant [Flash Prizm] #368,$4.00,,,$20.76,$23.00,$59.99,$78.00,$4.80,$36.00,,,$0.90,$4.39,,,,,,5,,,,,2015-12-02
129848,Basketball Cards 2015 Panini Prizm,Kevin Durant [Flash Prizm] #96,$10.69,,,$30.64,$34.00,$249.95,$325.00,$150.00,$150.00,,,$3.00,$11.99,,,,,,3,,,,,2015-12-02
3638574,Basketball Cards 2015 Panini Prizm,Kevin Durant [Gold Prizm] #368,$2.25,,,,$310.00,$316.71,$412.00,$190.00,$190.00,,,,$2.49,,,,,,3,,,,,2015-12-02
129849,Basketball Cards 2015 Panini Prizm,Kevin Durant [Gold Prizm] #96,,,,,$1500.00,,,,,,,,,,,,,,1,,,,,2015-12-02
130567,Basketball Cards 2015 Panini Prizm,Kevin Durant [Green Prizm] #368,$2.97,,,$18.95,$21.00,$27.39,$36.00,$16.00,$16.00,,,,$3.29,,,,,,4,,,,,2015-12-02
129850,Basketball Cards 2015 Panini Prizm,Kevin Durant [Green Prizm] #96,$9.38,,$6.78,$29.00,$32.00,$60.00,$78.00,$36.00,$36.00,,,$2.00,$9.99,,,$1.50,$7.49,,5,,,,,2015-12-02
130568,Basketball Cards 2015 Panini Prizm,Kevin Durant [Light Blue Prizm] #368,$6.14,,$26.95,$26.98,$30.00,$96.31,$125.00,$58.00,$58.00,,,$1.40,$6.79,,,$9.00,$29.99,,5,,,,,2015-12-02
3232812,Basketball Cards 2015 Panini Prizm,Kevin Durant [Light Blue Prizm] #96,$23.12,,$40.00,$150.00,$165.00,$180.00,$234.00,$108.00,$108.00,,,$7.50,$24.99,,,$17.60,$43.99,,6,,,,,2015-12-02
130569,Basketball Cards 2015 Panini Prizm,Kevin Durant [Mojo Prizm] #368,$41.21,,,$24.13,$100.00,$355.00,$462.00,$213.00,$213.00,,,$18.00,$44.99,,,,,,4,,,,,2015-12-02
129851,Basketball Cards 2015 Panini Prizm,Kevin Durant [Mojo Prizm] #96,$120.00,,,,$275.00,$280.82,$328.75,$168.00,$168.00,,,$66.00,$132.00,,,,,,3,,,,,2015-12-02
131491,Basketball Cards 2015 Panini Prizm,Kevin Durant [Orange Prizm] #368,$4.28,,,,$61.91,$80.85,$105.00,$49.00,$49.00,,,$0.90,$4.69,,,,,,3,,,,,2015-12-02
129852,Basketball Cards 2015 Panini Prizm,Kevin Durant [Orange Prizm] #96,$41.61,,,$43.00,$47.00,,,,,,,$18.40,$45.99,,,,,,2,,,,,2015-12-02
3638662,Basketball Cards 2015 Panini Prizm,Kevin Durant [Orange Wave Prizm] #368,$2.26,,,,,$30.00,$39.00,$18.00,$18.00,,,,$2.49,,,,,,3,,,,,2015-12-02
3636479,Basketball Cards 2015 Panini Prizm,Kevin Durant [Orange Wave Prizm] #96,$12.45,,$5.75,$25.00,$28.00,$101.37,$132.00,$61.00,$90.00,,,$3.50,$13.99,,,$1.30,$6.29,,7,,,,,2015-12-02
130570,Basketball Cards 2015 Panini Prizm,Kevin Durant [Purple Prizm] #368,$14.62,,,,,$142.50,$185.00,$86.00,$86.00,,,$4.00,$15.99,,,,,,2,,,,,2015-12-02
3636758,Basketball Cards 2015 Panini Prizm,Kevin Durant [Purple Prizm] #96,$25.74,,,$21.25,$36.99,$280.04,$364.00,$168.00,$168.00,,,$8.40,$27.99,,,,,,4,,,,,2015-12-02
130571,Basketball Cards 2015 Panini Prizm,"Kevin Durant [Red, White, and Blue Prizm] #368",$4.00,,,$13.99,$15.00,$33.26,$43.00,$20.00,$20.00,,,$0.90,$4.39,,,,,,6,,,,,2015-12-02
129853,Basketball Cards 2015 Panini Prizm,"Kevin Durant [Red, White, and Blue Prizm] #96",$4.48,,,$15.50,$17.05,$37.00,$48.00,$22.00,$22.00,,,$1.00,$4.89,,,,,,9,,,,,2015-12-02
130572,Basketball Cards 2015 Panini Prizm,Kevin Durant [Ruby Wave Prizm] #368,$11.25,,,$18.59,$40.00,$41.24,$54.00,$25.00,$25.00,,,$3.00,$11.99,,,,,,5,,,,,2015-12-02
129854,Basketball Cards 2015 Panini Prizm,Kevin Durant [Ruby Wave Prizm] #96,$6.23,,,$12.50,$14.00,$56.00,$73.00,$34.00,$34.00,,,$1.40,$6.89,,,,,,5,,,,,2015-12-02
130573,Basketball Cards 2015 Panini Prizm,Kevin Durant [Silver Prizm] #368,$3.00,,$7.84,$20.03,$24.91,$138.60,$180.00,$83.00,$83.00,,,,$3.29,,,$1.70,$8.59,,9,,,,,2015-12-02
129855,Basketball Cards 2015 Panini Prizm,Kevin Durant [Silver Prizm] #96,$16.13,,$5.08,$28.35,$31.00,$59.20,$77.00,$36.00,$55.00,,,$4.50,$17.99,,,$1.10,$5.59,,20,,,,,2015-12-02
3638770,Basketball Cards 2015 Panini Prizm,Kevin Durant [White Sparkle Prizm] #368,$160.00,,,,,,,,,,,$88.00,$176.00,,,,,,1,,,,,2015-12-02
3638025,Basketball Cards 2015 Panini Prizm,Kevin Durant [White Sparkle Prizm] #96,$185.51,,,,$735.00,$750.00,$975.00,$450.00,$450.00,,,$102.00,$204.00,,,,,,3,,,,,2015-12-02
3634474,Basketball Cards 2015 Panini Prizm,Kevin Garnett #6,$1.57,,$2.12,$2.00,$21.00,$21.49,$28.00,$13.00,$13.00,,,,$1.69,,,,$2.29,,9,,,,,2015-12-02
12272315,Basketball Cards 2015 Panini Prizm,Kevin Garnett [Black Prizm] #6,,,,,,,,,,,,,,,,,,,0,,,,,2015-12-02
3634798,Basketball Cards 2015 Panini Prizm,Kevin Garnett [Flash Prizm] #6,$5.50,,,,,,,,,,,$1.20,$6.09,,,,,,2,,,,,2015-12-02
129748,Basketball Cards 2015 Panini Prizm,Kevin Garnett [Gold Prizm] #6,,,,,$3383.00,,,,,,,,,,,,,,1,,,,,2015-12-02
129750,Basketball Cards 2015 Panini Prizm,Kevin Garnett [Green Prizm] #6,$4.44,,,,,,,,,,,$1.00,$4.89,,,,,,1,,,,,2015-12-02
3635601,Basketball Cards 2015 Panini Prizm,Kevin Garnett [Light Blue Prizm] #6,$22.50,,,$52.04,$57.00,$94.99,$123.00,$57.00,$57.00,,,$7.50,$24.99,,,,,,6,,,,,2015-12-02
131484,Basketball Cards 2015 Panini Prizm,Kevin Garnett [Mojo Prizm] #6,,,,,,$218.36,$284.00,$131.00,$131.00,,,,,,,,,,1,,,,,2015-12-02
129754,Basketball Cards 2015 Panini Prizm,Kevin Garnett [Orange Prizm] #6,$16.00,,,,,$112.38,$146.00,$67.00,$67.00,,,$4.50,$17.99,,,,,,2,,,,,2015-12-02
3636395,Basketball Cards 2015 Panini Prizm,Kevin Garnett [Orange Wave Prizm] #6,$7.91,,,,,$75.00,$98.00,$45.00,$45.00,,,$1.70,$8.69,,,,,,3,,,,,2015-12-02
3636674,Basketball Cards 2015 Panini Prizm,Kevin Garnett [Purple Prizm] #6,$20.45,,,$50.00,$53.00,$54.28,$71.00,$33.00,$33.00,,,$6.90,$22.99,,,,,,3,,,,,2015-12-02
3229122,Basketball Cards 2015 Panini Prizm,"Kevin Garnett [Red, White, and Blue Prizm] #6",$2.25,$1.00,$0.99,$49.82,$55.00,,,,,,,,$2.49,,$1.09,,$1.09,,7,,,,,2015-12-02
3637207,Basketball Cards 2015 Panini Prizm,Kevin Garnett [Ruby Wave Prizm] #6,$6.03,,,,,,,,,,,$1.30,$6.59,,,,,,3,,,,,2015-12-02
129751,Basketball Cards 2015 Panini Prizm,Kevin Garnett [Silver Prizm] #6,$3.54,,$7.83,$24.98,$27.00,$52.36,$68.00,$31.00,$31.00,,,$0.80,$3.89,,,$1.70,$8.59,,10,,,,,2015-12-02
3637941,Basketball Cards 2015 Panini Prizm,Kevin Garnett [White Sparkle Prizm] #6,$156.05,,,$349.00,$384.00,,,,,,,$86.00,$172.00,,,,,,2,,,,,2015-12-02
3634593,Basketball Cards 2015 Panini Prizm,Kevin Love #135,$1.34,,,$2.13,$2.00,,,,,,,,$1.49,,,,,,3,,,,,2015-12-02
12272402,Basketball Cards 2015 Panini Prizm,Kevin Love [Black Prizm] #135,,,,,,,,,,,,,,,,,,,0,,,,,2015-12-02
3634913,Basketball Cards 2015 Panini Prizm,Kevin Love [Flash Prizm] #135,$1.92,,,,,,,,,,,,$2.09,,,,,,1,,,,,2015-12-02
3635176,Basketball Cards 2015 Panini Prizm,Kevin Love [Gold Prizm] #135,$200.00,,,,,$398.00,$517.00,$239.00,$239.00,,,$110.00,$220.00,,,,,,2,,,,,2015-12-02
3635447,Basketball Cards 2015 Panini Prizm,Kevin Love [Green Prizm] #135,$3.99,,,,,,,,,,,$0.90,$4.39,,,,,,1,,,,,2015-12-02
3635710,Basketball Cards 2015 Panini Prizm,Kevin Love [Light Blue Prizm] #135,$4.99,,,,,,,,,,,$1.10,$5.49,,,,,,1,,,,,2015-12-02
3635973,Basketball Cards 2015 Panini Prizm,Kevin Love [Mojo Prizm] #135,$16.75,,,,,,,,,,,$4.50,$17.99,,,,,,1,,,,,2015-12-02
3636242,Basketball Cards 2015 Panini Prizm,Kevin Love [Orange Prizm] #135,$14.74,,,,,,,,,,,$4.00,$15.99,,,,,,1,,,,,2015-12-02
3636514,Basketball Cards 2015 Panini Prizm,Kevin Love [Orange Wave Prizm] #135,$1.96,,,,,,,,,,,,$2.19,,,,,,2,,,,,2015-12-02
3636794,Basketball Cards 2015 Panini Prizm,Kevin Love [Purple Prizm] #135,$4.15,,,,,,,,,,,$0.90,$4.59,,,,,,2,,,,,2015-12-02
129900,Basketball Cards 2015 Panini Prizm,"Kevin Love [Red, White, and Blue Prizm] #135",$1.61,,,,,,,,,,,,$1.79,,,,,,2,,,,,2015-12-02
3637323,Basketball Cards 2015 Panini Prizm,Kevin Love [Ruby Wave Prizm] #135,$2.55,,,,,,,,,,,,$2.79,,,,,,3,,,,,2015-12-02
129901,Basketball Cards 2015 Panini Prizm,Kevin Love [Silver Prizm] #135,$4.00,,,$12.99,$14.00,,,,,,,$0.90,$4.39,,,,,,2,,,,,2015-12-02
129902,Basketball Cards 2015 Panini Prizm,Kevin Love [White Sparkle Prizm] #135,$7.85,,,,,,,,,,,$1.70,$8.59,,,,,,1,,,,,2015-12-02
3634684,Basketball Cards 2015 Panini Prizm,Kevin Martin #234,$0.06,,$5.05,$10.06,$20.08,$30.09,$39.00,$18.00,$18.00,,,,$0.99,,,$1.10,$5.59,,8,,,,,2015-12-02
12272564,Basketball Cards 2015 Panini Prizm,Kevin Martin [Black Prizm] #234,,,,,,,,,,,,,,,,,,,0,,,,,2015-12-02
3635004,Basketball Cards 2015 Panini Prizm,Kevin Martin [Flash Prizm] #234,$0.25,,,,,,,,,,,,$0.99,,,,,,0,,,,,2015-12-02
3635264,Basketball Cards 2015 Panini Prizm,Kevin Martin [Gold Prizm] #234,$40.69,,,,,,,,,,,$18.00,$44.99,,,,,,1,,,,,2015-12-02
3635540,Basketball Cards 2015 Panini Prizm,Kevin Martin [Green Prizm] #234,$1.00,,,,,,,,,,,,$1.09,,,,,,1,,,,,2015-12-02
3635796,Basketball Cards 2015 Panini Prizm,Kevin Martin [Light Blue Prizm] #234,$0.99,,,,,,,,,,,,$1.09,,,,,,2,,,,,2015-12-02
3636060,Basketball Cards 2015 Panini Prizm,Kevin Martin [Mojo Prizm] #234,$4.00,,,,,,,,,,,$0.90,$4.39,,,,,,1,,,,,2015-12-02
3636331,Basketball Cards 2015 Panini Prizm,Kevin Martin [Orange Prizm] #234,$5.25,,,,,,,,,,,$1.20,$5.79,,,,,,1,,,,,2015-12-02
3636607,Basketball Cards 2015 Panini Prizm,Kevin Martin [Orange Wave Prizm] #234,$0.99,,,,,,,,,,,,$1.09,,,,,,1,,,,,2015-12-02
3636885,Basketball Cards 2015 Panini Prizm,Kevin Martin [Purple Prizm] #234,$3.17,,,,,,,,,,,,$3.49,,,,,,1,,,,,2015-12-02
3637152,Basketball Cards 2015 Panini Prizm,"Kevin Martin [Red, White, and Blue Prizm] #234",$0.25,,,,,,,,,,,,$0.99,,,,,,0,,,,,2015-12-02
3348642,Basketball Cards 2015 Panini Prizm,Kevin Martin [Ruby Wave Prizm] #234,$1.95,,,,,,,,,,,,$2.19,,,,,,1,,,,,2015-12-02
3637629,Basketball Cards 2015 Panini Prizm,Kevin Martin [Silver Prizm] #234,$0.25,,,,,,,,,,,,$0.99,,,,,,0,,,,,2015-12-02
3638150,Basketball Cards 2015 Panini Prizm,Kevin Martin [White Sparkle Prizm] #234,,,,,,,,,,,,,,,,,,,0,,,,,2015-12-02
3634697,Basketball Cards 2015 Panini Prizm,Kevin McHale #249,$1.79,$0.99,$1.90,$3.26,$4.00,$21.99,$29.00,$13.00,$13.00,,,,$1.99,,$1.09,,$2.09,,7,,,,,2015-12-02
12272677,Basketball Cards 2015 Panini Prizm,Kevin McHale [Black Prizm] #249,,,,,,,,,,,,,,,,,,,0,,,,,2015-12-02
130084,Basketball Cards 2015 Panini Prizm,Kevin McHale [Flash Prizm] #249,$3.99,,,$2.99,$3.00,$17.11,$22.00,$10.00,$10.00,,,$0.90,$4.39,,,,,,3,,,,,2015-12-02
3635276,Basketball Cards 2015 Panini Prizm,Kevin McHale [Gold Prizm] #249,,,,,,,,,,,,,,,,,,,0,,,,,2015-12-02
130085,Basketball Cards 2015 Panini Prizm,Kevin McHale [Green Prizm] #249,$5.00,,,,,$32.00,$42.00,$19.00,$19.00,,,$1.10,$5.49,,,,,,2,,,,,2015-12-02
3635809,Basketball Cards 2015 Panini Prizm,Kevin McHale [Light Blue Prizm] #249,$2.49,,,,,,,,,,,,$2.69,,,,,,2,,,,,2015-12-02
3636074,Basketball Cards 2015 Panini Prizm,Kevin McHale [Mojo Prizm] #249,$9.99,,,,,,,,,,,$2.80,$10.99,,,,,,1,,,,,2015-12-02
3636342,Basketball Cards 2015 Panini Prizm,Kevin McHale [Orange Prizm] #249,$3.27,,,,,,,,,,,,$3.59,,,,,,1,,,,,2015-12-02
3636620,Basketball Cards 2015 Panini Prizm,Kevin McHale [Orange Wave Prizm] #249,$3.25,,,,,,,,,,,,$3.59,,,,,,1,,,,,2015-12-02
3636897,Basketball Cards 2015 Panini Prizm,Kevin McHale [Purple Prizm] #249,$3.93,,,,,,,,,,,$0.90,$4.29,,,,,,1,,,,,2015-12-02
3637162,Basketball Cards 2015 Panini Prizm,"Kevin McHale [Red, White, and Blue Prizm] #249",$1.88,,,,,,,,,,,,$2.09,,,,,,2,,,,,2015-12-02
3637425,Basketball Cards 2015 Panini Prizm,Kevin McHale [Ruby Wave Prizm] #249,$2.33,,,,,,,,,,,,$2.59,,,,,,3,,,,,2015-12-02
130086,Basketball Cards 2015 Panini Prizm,Kevin McHale [Silver Prizm] #249,$2.68,,,$3.25,$4.00,,,,,,,,$2.99,,,,,,4,,,,,2015-12-02
3638162,Basketball Cards 2015 Panini Prizm,Kevin McHale [White Sparkle Prizm] #249,$21.50,,,,,,,,,,,$7.20,$23.99,,,,,,1,,,,,2015-12-02
130478,Basketball Cards 2015 Panini Prizm,Kevon Looney #346,$1.99,,$6.33,$23.94,$26.00,$31.58,$41.00,$19.00,$19.00,,,,$2.19,,,$1.40,$6.99,,13,,,,,2015-12-02
12272585,Basketball Cards 2015 Panini Prizm,Kevon Looney [Black Prizm] #346,,,,,,,,,,,,,,,,,,,0,,,,,2015-12-02
130482,Basketball Cards 2015 Panini Prizm,Kevon Looney [Flash Prizm] #346,$9.83,,,$40.00,$44.00,,,,,,,$2.80,$10.99,,,,,,2,,,,,2015-12-02
3638268,Basketball Cards 2015 Panini Prizm,Kevon Looney [Gold Prizm] #346,,,,,,,,,,,,,,,,,,,0,,,,,2015-12-02
3638297,Basketball Cards 2015 Panini Prizm,Kevon Looney [Green Prizm] #346,$2.42,,,$65.00,$72.00,,,,,,,,$2.69,,,,,,3,,,,,2015-12-02
3638323,Basketball Cards 2015 Panini Prizm,Kevon Looney [Light Blue Prizm] #346,$17.11,,,$150.00,$165.00,$180.00,$234.00,$108.00,$108.00,,,$4.80,$18.99,,,,,,5,,,,,2015-12-02
130483,Basketball Cards 2015 Panini Prizm,Kevon Looney [Mojo Prizm] #346,$74.23,,,,,$103.57,$135.00,$62.00,$62.00,,,$32.80,$81.99,,,,,,2,,,,,2015-12-02
130484,Basketball Cards 2015 Panini Prizm,Kevon Looney [Orange Prizm] #346,$19.50,,,$31.00,$34.00,,,,,,,$6.30,$20.99,,,,,,2,,,,,2015-12-02
130485,Basketball Cards 2015 Panini Prizm,Kevon Looney [Orange Wave Prizm] #346,$4.00,,,,,$200.00,$260.00,$120.00,$120.00,,,$0.90,$4.39,,,,,,3,,,,,2015-12-02
130486,Basketball Cards 2015 Panini Prizm,Kevon Looney [Purple Prizm] #346,$28.99,,,,,,,,,,,$9.60,$31.99,,,,,,1,,,,,2015-12-02
130487,Basketball Cards 2015 Panini Prizm,"Kevon Looney [Red, White, and Blue Prizm] #346",$6.10,,,,,$74.99,$97.00,$45.00,$45.00,,,$1.30,$6.69,,,,,,3,,,,,2015-12-02
130488,Basketball Cards 2015 Panini Prizm,Kevon Looney [Ruby Wave Prizm] #346,$5.50,,,$30.00,$33.00,,,,,,,$1.20,$6.09,,,,,,4,,,,,2015-12-02
130489,Basketball Cards 2015 Panini Prizm,Kevon Looney [Silver Prizm] #346,$2.82,$6.00,$7.05,$22.87,$23.54,$70.29,$91.00,$42.00,$42.00,,,,$3.09,$1.30,$6.59,$1.60,$7.79,,15,,,,,2015-12-02
130490,Basketball Cards 2015 Panini Prizm,Kevon Looney [White Sparkle Prizm] #346,$66.00,,,$70.86,$78.00,$85.00,$111.00,$51.00,$51.00,,,$29.20,$72.99,,,,,,3,,,,,2015-12-02
3634610,Basketball Cards 2015 Panini Prizm,Khris Middleton #154,$1.60,,,$2.74,$3.00,,,,,,,,$1.79,,,,,,4,,,,,2015-12-02
12272455,Basketball Cards 2015 Panini Prizm,Khris Middleton [Black Prizm] #154,,,,,,,,,,,,,,,,,,,0,,,,,2015-12-02
3634929,Basketball Cards 2015 Panini Prizm,Khris Middleton [Flash Prizm] #154,$3.00,,,,,$12.36,$16.00,$7.00,$7.00,,,,$3.29,,,,,,2,,,,,2015-12-02
3635194,Basketball Cards 2015 Panini Prizm,Khris Middleton [Gold Prizm] #154,$249.99,,,,,,,,,,,$137.50,$275.00,,,,,,1,,,,,2015-12-02
3635465,Basketball Cards 2015 Panini Prizm,Khris Middleton [Green Prizm] #154,$2.99,,,,,,,,,,,,$3.29,,,,,,1,,,,,2015-12-02
3635726,Basketball Cards 2015 Panini Prizm,Khris Middleton [Light Blue Prizm] #154,$1.55,,$9.50,,,,,,,,,,$1.69,,,$2.00,$9.99,,2,,,,,2015-12-02
3635990,Basketball Cards 2015 Panini Prizm,Khris Middleton [Mojo Prizm] #154,,,,,,,,,,,,,,,,,,,0,,,,,2015-12-02
3636260,Basketball Cards 2015 Panini Prizm,Khris Middleton [Orange Prizm] #154,$8.58,,,$24.99,$27.00,,,,,,,$1.90,$9.39,,,,,,2,,,,,2015-12-02
3636532,Basketball Cards 2015 Panini Prizm,Khris Middleton [Orange Wave Prizm] #154,$3.13,,,,,,,,,,,,$3.39,,,,,,1,,,,,2015-12-02
3636811,Basketball Cards 2015 Panini Prizm,Khris Middleton [Purple Prizm] #154,$5.12,,,,,,,,,,,$1.10,$5.59,,,,,,1,,,,,2015-12-02
3637080,Basketball Cards 2015 Panini Prizm,"Khris Middleton [Red, White, and Blue Prizm] #154",$2.10,,,,,,,,,,,,$2.29,,,,,,1,,,,,2015-12-02
3637339,Basketball Cards 2015 Panini Prizm,Khris Middleton [Ruby Wave Prizm] #154,$2.49,,,,,$69.99,$91.00,$42.00,$42.00,,,,$2.69,,,,,,2,,,,,2015-12-02
129937,Basketball Cards 2015 Panini Prizm,Khris Middleton [Silver Prizm] #154,$2.00,,,$16.10,$18.00,$27.40,$36.00,$16.00,$16.00,,,,$2.19,,,,,,4,,,,,2015-12-02
3638076,Basketball Cards 2015 Panini Prizm,Khris Middleton [White Sparkle Prizm] #154,$46.54,,,,,,,,,,,$20.40,$50.99,,,,,,1,,,,,2015-12-02
129977,Basketball Cards 2015 Panini Prizm,Klay Thompson #180,$1.74,,,$22.49,$25.00,$37.48,$49.00,$22.00,$22.00,,,,$1.89,,,,,,6,,,,,2015-12-02
130596,Basketball Cards 2015 Panini Prizm,Klay Thompson #373,$1.63,,,,,$15.00,$20.00,$9.00,$9.00,,,,$1.79,,,,,,5,,,,,2015-12-02
3634785,Basketball Cards 2015 Panini Prizm,Klay Thompson #388,$1.67,,,,,,,,,,,,$1.79,,,,,,5,,,,,2015-12-02
12272540,Basketball Cards 2015 Panini Prizm,Klay Thompson [Black Prizm] #180,,,,,,,,,,,,,,,,,,,0,,,,,2015-12-02
12272630,Basketball Cards 2015 Panini Prizm,Klay Thompson [Black Prizm] #373,,,,,,,,,,,,,,,,,,,0,,,,,2015-12-02
12272663,Basketball Cards 2015 Panini Prizm,Klay Thompson [Black Prizm] #388,,,,,,,,,,,,,,,,,,,0,,,,,2015-12-02
3634953,Basketball Cards 2015 Panini Prizm,Klay Thompson [Flash Prizm] #180,$3.00,,,$18.18,$20.00,,,,,,,,$3.29,,,,,,2,,,,,2015-12-02
130597,Basketball Cards 2015 Panini Prizm,Klay Thompson [Flash Prizm] #373,$3.69,,,,,$24.90,$32.00,$15.00,$15.00,,,$0.80,$4.09,,,,,,2,,,,,2015-12-02
130679,Basketball Cards 2015 Panini Prizm,Klay Thompson [Flash Prizm] #388,$3.00,,,$18.88,$21.00,,,,,,,,$3.29,,,,,,2,,,,,2015-12-02
3635215,Basketball Cards 2015 Panini Prizm,Klay Thompson [Gold Prizm] #180,,,,$599.00,$2627.55,,,,,,,,,,,,,,2,,,,,2015-12-02
3638578,Basketball Cards 2015 Panini Prizm,Klay Thompson [Gold Prizm] #373,,,,,,,,,,,,,,,,,,,0,,,,,2015-12-02
3638798,Basketball Cards 2015 Panini Prizm,Klay Thompson [Gold Prizm] #388,,,,,,,,,,,,,,,,,,,0,,,,,2015-12-02
129978,Basketball Cards 2015 Panini Prizm,Klay Thompson [Green Prizm] #180,$2.99,,$12.99,$14.00,$15.00,$46.00,$60.00,$28.00,$28.00,,,,$3.29,,,$3.50,$13.99,,4,,,,,2015-12-02
3638596,Basketball Cards 2015 Panini Prizm,Klay Thompson [Green Prizm] #373,$5.02,,,,,,,,,,,$1.10,$5.49,,,,,,1,,,,,2015-12-02
3638817,Basketball Cards 2015 Panini Prizm,Klay Thompson [Green Prizm] #388,$1.99,,,,,$22.50,$29.00,$14.00,$14.00,,,,$2.19,,,,,,3,,,,,2015-12-02
3635749,Basketball Cards 2015 Panini Prizm,Klay Thompson [Light Blue Prizm] #180,$2.25,,,$34.13,$147.00,$150.00,$195.00,$90.00,$90.00,,,,$2.49,,,,,,5,,,,,2015-12-02
3407696,Basketball Cards 2015 Panini Prizm,Klay Thompson [Light Blue Prizm] #373,$6.98,,,$10.11,$11.00,,,,,,,$1.50,$7.69,,,,,,2,,,,,2015-12-02
130680,Basketball Cards 2015 Panini Prizm,Klay Thompson [Light Blue Prizm] #388,$15.50,,,$14.00,$15.00,$29.52,$38.00,$18.00,$18.00,,,$4.30,$16.99,,,,,,3,,,,,2015-12-02
129979,Basketball Cards 2015 Panini Prizm,Klay Thompson [Mojo Prizm] #180,$91.00,,,,,$102.50,$133.00,$62.00,$62.00,,,$40.00,$100.00,,,,,,2,,,,,2015-12-02
130598,Basketball Cards 2015 Panini Prizm,Klay Thompson [Mojo Prizm] #373,,,,,,,,,,,,,,,,,,,0,,,,,2015-12-02
3638847,Basketball Cards 2015 Panini Prizm,Klay Thompson [Mojo Prizm] #388,$27.34,,,,,,,,,,,$9.00,$29.99,,,,,,1,,,,,2015-12-02
3636285,Basketball Cards 2015 Panini Prizm,Klay Thompson [Orange Prizm] #180,$9.99,,,$51.61,$57.00,,,,,,,$2.80,$10.99,,,,,,2,,,,,2015-12-02
3407319,Basketball Cards 2015 Panini Prizm,Klay Thompson [Orange Prizm] #373,$7.12,,,,,$26.00,$34.00,$16.00,$16.00,,,$1.60,$7.79,,,,,,2,,,,,2015-12-02
130681,Basketball Cards 2015 Panini Prizm,Klay Thompson [Orange Prizm] #388,$12.42,,,,,,,,,,,$3.50,$13.99,,,,,,1,,,,,2015-12-02
129980,Basketball Cards 2015 Panini Prizm,Klay Thompson [Orange Wave Prizm] #180,$4.02,,$6.39,$18.61,$20.00,,,,,,,$0.90,$4.39,,,$1.40,$6.99,,3,,,,,2015-12-02
3638666,Basketball Cards 2015 Panini Prizm,Klay Thompson [Orange Wave Prizm] #373,$1.50,,,,,,,,,,,,$1.69,,,,,,1,,,,,2015-12-02
130682,Basketball Cards 2015 Panini Prizm,Klay Thompson [Orange Wave Prizm] #388,$8.50,,,$18.99,$21.00,,,,,,,$1.90,$9.39,,,,,,2,,,,,2015-12-02
3636834,Basketball Cards 2015 Panini Prizm,Klay Thompson [Purple Prizm] #180,$15.00,,,,,$30.00,$39.00,$18.00,$18.00,,,$4.30,$16.99,,,,,,2,,,,,2015-12-02
3638684,Basketball Cards 2015 Panini Prizm,Klay Thompson [Purple Prizm] #373,$3.06,,,,,,,,,,,,$3.39,,,,,,1,,,,,2015-12-02
3638900,Basketball Cards 2015 Panini Prizm,Klay Thompson [Purple Prizm] #388,$12.04,,,,,,,,,,,$3.30,$12.99,,,,,,1,,,,,2015-12-02
129981,Basketball Cards 2015 Panini Prizm,"Klay Thompson [Red, White, and Blue Prizm] #180",$2.84,,$16.05,,,$17.50,$23.00,$11.00,$11.00,,,,$3.09,,,$4.50,$17.99,,5,,,,,2015-12-02
130599,Basketball Cards 2015 Panini Prizm,"Klay Thompson [Red, White, and Blue Prizm] #373",$1.75,,,,,,,,,,,,$1.89,,,,,,1,,,,,2015-12-02
130683,Basketball Cards 2015 Panini Prizm,"Klay Thompson [Red, White, and Blue Prizm] #388",$1.39,,,,,$27.81,$36.00,$17.00,$17.00,,,,$1.49,,,,,,2,,,,,2015-12-02
161608,Basketball Cards 2015 Panini Prizm,Klay Thompson [Ruby Wave Prizm] #180,$4.99,$5.60,$10.83,,,,,,,,,$1.10,$5.49,$1.20,$6.19,$3.00,$11.99,,4,,,,,2015-12-02
3638721,Basketball Cards 2015 Panini Prizm,Klay Thompson [Ruby Wave Prizm] #373,$2.99,,,,,,,,,,,,$3.29,,,,,,3,,,,,2015-12-02
3638928,Basketball Cards 2015 Panini Prizm,Klay Thompson [Ruby Wave Prizm] #388,$6.00,,,,,,,,,,,$1.30,$6.59,,,,,,1,,,,,2015-12-02
129982,Basketball Cards 2015 Panini Prizm,Klay Thompson [Silver Prizm] #180,$2.48,,,$14.95,$16.00,$134.29,$175.00,$81.00,$81.00,,,,$2.69,,,,,,7,,,,,2015-12-02
130600,Basketball Cards 2015 Panini Prizm,Klay Thompson [Silver Prizm] #373,$2.24,,,$18.69,$21.00,$36.99,$48.00,$22.00,$22.00,,,,$2.49,,,,,,4,,,,,2015-12-02
130684,Basketball Cards 2015 Panini Prizm,Klay Thompson [Silver Prizm] #388,$1.55,,$0.99,$17.20,$18.00,$18.74,$24.00,$11.00,$11.00,,,,$1.69,,,,$1.09,,6,,,,,2015-12-02
3638099,Basketball Cards 2015 Panini Prizm,Klay Thompson [White Sparkle Prizm] #180,,,,,,,,,,,,,,,,,,,0,,,,,2015-12-02
130601,Basketball Cards 2015 Panini Prizm,Klay Thompson [White Sparkle Prizm] #373,$260.09,,,,,$49.99,$65.00,$30.00,$30.00,,,$143.00,$286.00,,,,,,2,,,,,2015-12-02
130685,Basketball Cards 2015 Panini Prizm,Klay Thompson [White Sparkle Prizm] #388,,,,,,$170.00,$221.00,$102.00,$102.00,,,,,,,,,,1,,,,,2015-12-02
129983,Basketball Cards 2015 Panini Prizm,Kobe Bryant #182,$15.00,,$25.25,$44.43,$61.43,$150.00,$195.00,$90.00,$47.27,,,$4.30,$16.99,,,$8.40,$27.99,,160,,,,,2015-12-02
12272555,Basketball Cards 2015 Panini Prizm,Kobe Bryant [Black Prizm] #182,$224.99,,,,,,,,,,,$123.50,$247.00,,,,,,1,,,,,2015-12-02
129984,Basketball Cards 2015 Panini Prizm,Kobe Bryant [Flash Prizm] #182,$115.50,,$82.99,$177.20,$195.00,$477.75,$621.00,$287.00,$287.00,,,$63.50,$127.00,,,$36.40,$90.99,,8,,,,,2015-12-02
129985,Basketball Cards 2015 Panini Prizm,Kobe Bryant [Gold Prizm] #182,,,,,,,,,,,,,,,,,,,0,,,,,2015-12-02
129986,Basketball Cards 2015 Panini Prizm,Kobe Bryant [Green Prizm] #182,$92.19,,$55.33,$61.00,$67.00,$156.00,$203.00,$94.00,$94.00,,,$50.50,$101.00,,,$24.40,$60.99,,5,,,,,2015-12-02
129987,Basketball Cards 2015 Panini Prizm,Kobe Bryant [Light Blue Prizm] #182,$190.77,,,$162.50,$448.00,$457.50,$595.00,$275.00,$275.00,,,$105.00,$210.00,,,,,,7,,,,,2015-12-02
129988,Basketball Cards 2015 Panini Prizm,Kobe Bryant [Mojo Prizm] #182,$1500.00,,,$1400.00,$1540.00,$4050.00,$5265.00,$2430.00,$2430.00,,,$990.00,$1650.00,,,,,,3,,,,,2015-12-02
129989,Basketball Cards 2015 Panini Prizm,Kobe Bryant [Orange Prizm] #182,$499.00,,,$1000.00,$1100.00,$1184.68,$1540.00,$711.00,$711.00,,,$329.40,$549.00,,,,,,4,,,,,2015-12-02
129990,Basketball Cards 2015 Panini Prizm,Kobe Bryant [Orange Wave Prizm] #182,$145.00,,$120.85,$224.72,$480.00,$490.17,$637.00,$294.00,$294.00,,,$80.00,$160.00,,,$66.50,$133.00,,12,,,,,2015-12-02
129991,Basketball Cards 2015 Panini Prizm,Kobe Bryant [Purple Prizm] #182,$334.15,,$427.50,$728.81,$1350.00,$2500.00,$3250.00,$1500.00,$1500.00,,,$184.00,$368.00,,,$235.00,$470.00,,6,,,,,2015-12-02
129992,Basketball Cards 2015 Panini Prizm,"Kobe Bryant [Red, White, and Blue Prizm] #182",$80.00,,$70.76,$150.00,$165.00,$350.00,$455.00,$210.00,$210.00,,,$35.20,$87.99,,,$31.20,$77.99,,18,,,,,2015-12-02
129993,Basketball Cards 2015 Panini Prizm,Kobe Bryant [Ruby Wave Prizm] #182,$143.63,,$103.50,$233.37,$250.00,$280.00,$364.00,$168.00,$168.00,,,$79.00,$158.00,,,$57.00,$114.00,,12,,,,,2015-12-02
129994,Basketball Cards 2015 Panini Prizm,Kobe Bryant [Silver Prizm] #182,$174.77,,$75.44,$294.00,$372.94,$435.57,$566.00,$261.00,$261.00,,,$96.00,$192.00,,,$33.20,$82.99,,30,,,,,2015-12-02
129995,Basketball Cards 2015 Panini Prizm,Kobe Bryant [White Sparkle Prizm] #182,,,,$8527.50,$9380.00,,,,,,,,,,,,,,6,,,,,2015-12-02
3634558,Basketball Cards 2015 Panini Prizm,Kosta Koufos #97,$0.99,,,,,,,,,,,,$1.09,,,,,,1,,,,,2015-12-02
12272529,Basketball Cards 2015 Panini Prizm,Kosta Koufos [Black Prizm] #97,,,,,,,,,,,,,,,,,,,0,,,,,2015-12-02
3634879,Basketball Cards 2015 Panini Prizm,Kosta Koufos [Flash Prizm] #97,$1.49,,,,,,,,,,,,$1.59,,,,,,1,,,,,2015-12-02
3635140,Basketball Cards 2015 Panini Prizm,Kosta Koufos [Gold Prizm] #97,$98.00,,,,,,,,,,,$54.00,$108.00,,,,,,0,,,,,2015-12-02
3635411,Basketball Cards 2015 Panini Prizm,Kosta Koufos [Green Prizm] #97,$1.13,,,,,,,,,,,,$1.19,,,,,,1,,,,,2015-12-02
3635677,Basketball Cards 2015 Panini Prizm,Kosta Koufos [Light Blue Prizm] #97,$0.99,,,,,,,,,,,,$1.09,,,,,,1,,,,,2015-12-02
3635941,Basketball Cards 2015 Panini Prizm,Kosta Koufos [Mojo Prizm] #97,,,,,,,,,,,,,,,,,,,0,,,,,2015-12-02
3636206,Basketball Cards 2015 Panini Prizm,Kosta Koufos [Orange Prizm] #97,$2.75,,,,,,,,,,,,$2.99,,,,,,0,,,,,2015-12-02
3348650,Basketball Cards 2015 Panini Prizm,Kosta Koufos [Orange Wave Prizm] #97,$1.49,,,,,,,,,,,,$1.59,,,,,,1,,,,,2015-12-02
3636759,Basketball Cards 2015 Panini Prizm,Kosta Koufos [Purple Prizm] #97,$1.88,,,,,,,,,,,,$2.09,,,,,,1,,,,,2015-12-02
3637031,Basketball Cards 2015 Panini Prizm,"Kosta Koufos [Red, White, and Blue Prizm] #97",$1.40,,,,,,,,,,,,$1.49,,,,,,1,,,,,2015-12-02
3637290,Basketball Cards 2015 Panini Prizm,Kosta Koufos [Ruby Wave Prizm] #97,,,,,,,,,,,,,,,,,,,0,,,,,2015-12-02
3637537,Basketball Cards 2015 Panini Prizm,Kosta Koufos [Silver Prizm] #97,$0.25,,,,,,,,,,,,$0.99,,,,,,0,,,,,2015-12-02
3638026,Basketball Cards 2015 Panini Prizm,Kosta Koufos [White Sparkle Prizm] #97,,,,,,,,,,,,,,,,,,,0,,,,,2015-12-02
3634527,Basketball Cards 2015 Panini Prizm,Kris Humphries #63,$0.99,,,,,,,,,,,,$1.09,,,,,,1,,,,,2015-12-02
12272423,Basketball Cards 2015 Panini Prizm,Kris Humphries [Black Prizm] #63,,,,,,,,,,,,,,,,,,,0,,,,,2015-12-02
3634852,Basketball Cards 2015 Panini Prizm,Kris Humphries [Flash Prizm] #63,$0.25,,,,,,,,,,,,$0.99,,,,,,0,,,,,2015-12-02
3635110,Basketball Cards 2015 Panini Prizm,Kris Humphries [Gold Prizm] #63,,,,,,,,,,,,,,,,,,,0,,,,,2015-12-02
3635380,Basketball Cards 2015 Panini Prizm,Kris Humphries [Green Prizm] #63,$0.25,,,,,,,,,,,,$0.99,,,,,,0,,,,,2015-12-02
3635649,Basketball Cards 2015 Panini Prizm,Kris Humphries [Light Blue Prizm] #63,$0.25,,,,,,,,,,,,$0.99,,,,,,0,,,,,2015-12-02
3635912,Basketball Cards 2015 Panini Prizm,Kris Humphries [Mojo Prizm] #63,,,,,,,,,,,,,,,,,,,0,,,,,2015-12-02
3636176,Basketball Cards 2015 Panini Prizm,Kris Humphries [Orange Prizm] #63,$3.59,,,,,,,,,,,$0.80,$3.99,,,,,,0,,,,,2015-12-02
3636448,Basketball Cards 2015 Panini Prizm,Kris Humphries [Orange Wave Prizm] #63,$0.25,,,,,,,,,,,,$0.99,,,,,,0,,,,,2015-12-02
3636727,Basketball Cards 2015 Panini Prizm,Kris Humphries [Purple Prizm] #63,$3.49,,,,,,,,,,,$0.80,$3.79,,,,,,1,,,,,2015-12-02
3637001,Basketball Cards 2015 Panini Prizm,"Kris Humphries [Red, White, and Blue Prizm] #63",$1.00,,,,,,,,,,,,$1.09,,,,,,1,,,,,2015-12-02
3637260,Basketball Cards 2015 Panini Prizm,Kris Humphries [Ruby Wave Prizm] #63,$1.25,,,,,,,,,,,,$1.39,,,,,,1,,,,,2015-12-02
3637514,Basketball Cards 2015 Panini Prizm,Kris Humphries [Silver Prizm] #63,$2.49,,,,,,,,,,,,$2.69,,,,,,0,,,,,2015-12-02
3637994,Basketball Cards 2015 Panini Prizm,Kris Humphries [White Sparkle Prizm] #63,,,,,,,,,,,,,,,,,,,0,,,,,2015-12-02
3399604,Basketball Cards 2015 Panini Prizm,Kristaps Porzingis #348,$3.99,$4.36,$6.13,$8.75,$10.00,$13.87,$29.95,$8.00,$21.46,,,$0.90,$4.39,$1.00,$4.79,$1.30,$6.69,,129,,,,,2015-12-02
12272594,Basketball Cards 2015 Panini Prizm,Kristaps Porzingis [Black Prizm] #348,,,,,,,,,,,,,,,,,,,0,,,,,2015-12-02
130493,Basketball Cards 2015 Panini Prizm,Kristaps Porzingis [Flash Prizm] #348,$8.50,,$3.15,$23.15,$25.00,$63.00,$82.00,$38.00,$61.82,,,$1.90,$9.39,,,,$3.49,,13,,,,,2015-12-02
130494,Basketball Cards 2015 Panini Prizm,Kristaps Porzingis [Gold Prizm] #348,,,,$2827.00,$3110.00,,,,,,,,,,,,,,2,,,,,2015-12-02
130495,Basketball Cards 2015 Panini Prizm,Kristaps Porzingis [Green Prizm] #348,$15.20,,,$22.50,$38.00,$38.35,$50.00,$23.00,$23.00,,,$4.30,$16.99,,,,,,7,,,,,2015-12-02
130497,Basketball Cards 2015 Panini Prizm,Kristaps Porzingis [Light Blue Prizm] #348,$5.19,,$69.26,$86.25,$202.75,$480.97,$625.00,$289.00,$289.00,,,$1.10,$5.69,,,$30.40,$75.99,,9,,,,,2015-12-02
130499,Basketball Cards 2015 Panini Prizm,Kristaps Porzingis [Mojo Prizm] #348,,,$546.50,$601.00,$632.00,$721.00,$937.00,$433.00,$433.00,,,,,,,$360.60,$601.00,,4,,,,,2015-12-02
130496,Basketball Cards 2015 Panini Prizm,Kristaps Porzingis [Orange Prizm] #348,$262.73,,$173.00,$190.00,$262.77,,,,,,,$144.50,$289.00,,,$95.00,$190.00,,4,,,,,2015-12-02
130498,Basketball Cards 2015 Panini Prizm,Kristaps Porzingis [Orange Wave Prizm] #348,$19.99,,$21.06,$23.00,$61.00,$68.50,$89.00,$41.00,$41.00,,,$6.60,$21.99,,,$6.90,$22.99,,10,,,,,2015-12-02
130500,Basketball Cards 2015 Panini Prizm,Kristaps Porzingis [Purple Prizm] #348,$15.99,,,$102.50,$113.00,$300.00,$390.00,$180.00,$180.00,,,$4.50,$17.99,,,,,,5,,,,,2015-12-02
130501,Basketball Cards 2015 Panini Prizm,"Kristaps Porzingis [Red, White, and Blue Prizm] #348",$10.25,,$13.19,$15.00,$15.50,$36.50,$384.51,$22.00,$22.00,,,$2.80,$10.99,,,$3.80,$14.99,,20,,,,,2015-12-02
130502,Basketball Cards 2015 Panini Prizm,Kristaps Porzingis [Ruby Wave Prizm] #348,$14.84,,,$64.95,$386.00,$394.01,$512.00,$236.00,$236.00,,,$4.00,$15.99,,,,,,10,,,,,2015-12-02
130503,Basketball Cards 2015 Panini Prizm,Kristaps Porzingis [Silver Prizm] #348,$12.50,,$23.39,$26.00,$29.76,$63.00,$100.00,$38.00,$38.00,,,$3.50,$13.99,,,$7.80,$25.99,,49,,,,,2015-12-02
130504,Basketball Cards 2015 Panini Prizm,Kristaps Porzingis [White Sparkle Prizm] #348,$565.88,,,$270.00,$690.00,$703.72,$915.00,$422.00,$422.00,,,$373.20,$622.00,,,,,,4,,,,,2015-12-02
3634769,Basketball Cards 2015 Panini Prizm,Kyle Korver #360,$1.50,,,,,,,,,,,,$1.69,,,,,,2,,,,,2015-12-02
3634505,Basketball Cards 2015 Panini Prizm,Kyle Korver #38,$0.99,,,,,,,,,,,,$1.09,,,,,,1,,,,,2015-12-02
12272651,Basketball Cards 2015 Panini Prizm,Kyle Korver [Black Prizm] #360,,,,,,,,,,,,,,,,,,,0,,,,,2015-12-02
12272377,Basketball Cards 2015 Panini Prizm,Kyle Korver [Black Prizm] #38,,,,,,,,,,,,,,,,,,,0,,,,,2015-12-02
3638550,Basketball Cards 2015 Panini Prizm,Kyle Korver [Flash Prizm] #360,$3.00,,,,,,,,,,,,$3.29,,,,,,1,,,,,2015-12-02
3634830,Basketball Cards 2015 Panini Prizm,Kyle Korver [Flash Prizm] #38,$1.25,,,,,,,,,,,,$1.39,,,,,,1,,,,,2015-12-02
3638567,Basketball Cards 2015 Panini Prizm,Kyle Korver [Gold Prizm] #360,,,,,,,,,,,,,,,,,,,0,,,,,2015-12-02
3635089,Basketball Cards 2015 Panini Prizm,Kyle Korver [Gold Prizm] #38,$224.50,,,,,,,,,,,$123.50,$247.00,,,,,,1,,,,,2015-12-02
3638588,Basketball Cards 2015 Panini Prizm,Kyle Korver [Green Prizm] #360,$1.99,,,,,,,,,,,,$2.19,,,,,,2,,,,,2015-12-02
3635357,Basketball Cards 2015 Panini Prizm,Kyle Korver [Green Prizm] #38,$2.51,,,,,,,,,,,,$2.79,,,,,,1,,,,,2015-12-02
3638606,Basketball Cards 2015 Panini Prizm,Kyle Korver [Light Blue Prizm] #360,$2.99,,,,,,,,,,,,$3.29,,,,,,2,,,,,2015-12-02
3635629,Basketball Cards 2015 Panini Prizm,Kyle Korver [Light Blue Prizm] #38,$4.38,,,,,,,,,,,$1.00,$4.79,,,,,,1,,,,,2015-12-02
3638622,Basketball Cards 2015 Panini Prizm,Kyle Korver [Mojo Prizm] #360,$31.75,,,,,,,,,,,$10.50,$34.99,,,,,,1,,,,,2015-12-02
3635890,Basketball Cards 2015 Panini Prizm,Kyle Korver [Mojo Prizm] #38,$20.50,,,,,,,,,,,$6.90,$22.99,,,,,,1,,,,,2015-12-02
3638637,Basketball Cards 2015 Panini Prizm,Kyle Korver [Orange Prizm] #360,$2.05,,,,,,,,,,,,$2.29,,,,,,1,,,,,2015-12-02
3636156,Basketball Cards 2015 Panini Prizm,Kyle Korver [Orange Prizm] #38,$2.25,,,,,,,,,,,,$2.49,,,,,,1,,,,,2015-12-02
3638655,Basketball Cards 2015 Panini Prizm,Kyle Korver [Orange Wave Prizm] #360,$1.11,,,,,,,,,,,,$1.19,,,,,,2,,,,,2015-12-02
3636427,Basketball Cards 2015 Panini Prizm,Kyle Korver [Orange Wave Prizm] #38,$1.49,,,,,,,,,,,,$1.59,,,,,,1,,,,,2015-12-02
3638675,Basketball Cards 2015 Panini Prizm,Kyle Korver [Purple Prizm] #360,$4.47,,,,,,,,,,,$1.00,$4.89,,,,,,1,,,,,2015-12-02
3636705,Basketball Cards 2015 Panini Prizm,Kyle Korver [Purple Prizm] #38,$4.99,,,,,,,,,,,$1.10,$5.49,,,,,,3,,,,,2015-12-02
3638693,Basketball Cards 2015 Panini Prizm,"Kyle Korver [Red, White, and Blue Prizm] #360",$1.64,,,,,,,,,,,,$1.79,,,,,,3,,,,,2015-12-02
3636982,Basketball Cards 2015 Panini Prizm,"Kyle Korver [Red, White, and Blue Prizm] #38",$1.38,,,,,,,,,,,,$1.49,,,,,,3,,,,,2015-12-02
3638709,Basketball Cards 2015 Panini Prizm,Kyle Korver [Ruby Wave Prizm] #360,$2.83,,,,,,,,,,,,$3.09,,,,,,3,,,,,2015-12-02
3637239,Basketball Cards 2015 Panini Prizm,Kyle Korver [Ruby Wave Prizm] #38,$2.49,,,,,,,,,,,,$2.69,,,,,,2,,,,,2015-12-02
3638726,Basketball Cards 2015 Panini Prizm,Kyle Korver [Silver Prizm] #360,$1.49,,,,,,,,,,,,$1.59,,,,,,2,,,,,2015-12-02
3637497,Basketball Cards 2015 Panini Prizm,Kyle Korver [Silver Prizm] #38,$1.99,,,,,,,,,,,,$2.19,,,,,,1,,,,,2015-12-02
3638762,Basketball Cards 2015 Panini Prizm,Kyle Korver [White Sparkle Prizm] #360,,,,,,,,,,,,,,,,,,,0,,,,,2015-12-02
3637973,Basketball Cards 2015 Panini Prizm,Kyle Korver [White Sparkle Prizm] #38,$9.43,,,,,,,,,,,$2.00,$9.99,,,,,,1,,,,,2015-12-02
3634581,Basketball Cards 2015 Panini Prizm,Kyle Lowry #121,$1.00,,$1.99,$2.00,$2.00,,,,,,,,$1.09,,,,$2.19,,3,,,,,2015-12-02
3634766,Basketball Cards 2015 Panini Prizm,Kyle Lowry #355,$0.86,,,,,,,,,,,,$0.99,,,,,,1,,,,,2015-12-02
12272388,Basketball Cards 2015 Panini Prizm,Kyle Lowry [Black Prizm] #121,,,,,,,,,,,,,,,,,,,0,,,,,2015-12-02
130537,Basketball Cards 2015 Panini Prizm,Kyle Lowry [Black Prizm] #355,,,,,,,,,,,,,,,,,,,0,,,,,2015-12-02
3380297,Basketball Cards 2015 Panini Prizm,Kyle Lowry [Flash Prizm] #121,$3.41,,,,,,,,,,,$0.80,$3.79,,,,,,1,,,,,2015-12-02
3638545,Basketball Cards 2015 Panini Prizm,Kyle Lowry [Flash Prizm] #355,$1.98,,,,,$9.37,$12.00,$6.00,$6.00,,,,$2.19,,,,,,2,,,,,2015-12-02
3635163,Basketball Cards 2015 Panini Prizm,Kyle Lowry [Gold Prizm] #121,,,,,,,,,,,,,,,,,,,0,,,,,2015-12-02
3638562,Basketball Cards 2015 Panini Prizm,Kyle Lowry [Gold Prizm] #355,,,,,,,,,,,,,,,,,,,0,,,,,2015-12-02
3635434,Basketball Cards 2015 Panini Prizm,Kyle Lowry [Green Prizm] #121,$0.38,,,,,,,,,,,,$0.99,,,,,,1,,,,,2015-12-02
3638583,Basketball Cards 2015 Panini Prizm,Kyle Lowry [Green Prizm] #355,$1.06,,,,,,,,,,,,$1.19,,,,,,1,,,,,2015-12-02
3635698,Basketball Cards 2015 Panini Prizm,Kyle Lowry [Light Blue Prizm] #121,$3.14,,,,,,,,,,,,$3.49,,,,,,1,,,,,2015-12-02
3638601,Basketball Cards 2015 Panini Prizm,Kyle Lowry [Light Blue Prizm] #355,$4.00,,,$7.51,$8.00,,,,,,,$0.90,$4.39,,,,,,2,,,,,2015-12-02
3635961,Basketball Cards 2015 Panini Prizm,Kyle Lowry [Mojo Prizm] #121,$102.89,,,,,,,,,,,$56.50,$113.00,,,,,,0,,,,,2015-12-02
130538,Basketball Cards 2015 Panini Prizm,Kyle Lowry [Mojo Prizm] #355,$7.30,,,,,,,,,,,$1.60,$7.99,,,,,,2,,,,,2015-12-02
3636229,Basketball Cards 2015 Panini Prizm,Kyle Lowry [Orange Prizm] #121,$13.72,,,$10.50,$12.00,,,,,,,$3.80,$14.99,,,,,,2,,,,,2015-12-02
3638633,Basketball Cards 2015 Panini Prizm,Kyle Lowry [Orange Prizm] #355,$11.74,,,,,,,,,,,$3.30,$12.99,,,,,,1,,,,,2015-12-02
3636501,Basketball Cards 2015 Panini Prizm,Kyle Lowry [Orange Wave Prizm] #121,$3.46,,,,,,,,,,,$0.80,$3.79,,,,,,1,,,,,2015-12-02
130539,Basketball Cards 2015 Panini Prizm,Kyle Lowry [Orange Wave Prizm] #355,$2.80,,,,,,,,,,,,$3.09,,,,,,1,,,,,2015-12-02
3636782,Basketball Cards 2015 Panini Prizm,Kyle Lowry [Purple Prizm] #121,$4.95,,,,,,,,,,,$1.10,$5.49,,,,,,1,,,,,2015-12-02
3638671,Basketball Cards 2015 Panini Prizm,Kyle Lowry [Purple Prizm] #355,$1.29,,,$9.19,$10.00,,,,,,,,$1.39,,,,,,2,,,,,2015-12-02
3637051,Basketball Cards 2015 Panini Prizm,"Kyle Lowry [Red, White, and Blue Prizm] #121",$1.25,,,,,,,,,,,,$1.39,,,,,,1,,,,,2015-12-02
3638689,Basketball Cards 2015 Panini Prizm,"Kyle Lowry [Red, White, and Blue Prizm] #355",$1.75,,,,,$12.99,$17.00,$8.00,$8.00,,,,$1.89,,,,,,2,,,,,2015-12-02
3637312,Basketball Cards 2015 Panini Prizm,Kyle Lowry [Ruby Wave Prizm] #121,$2.47,,,,,,,,,,,,$2.69,,,,,,3,,,,,2015-12-02
3638704,Basketball Cards 2015 Panini Prizm,Kyle Lowry [Ruby Wave Prizm] #355,$2.13,,,$20.00,$22.00,,,,,,,,$2.29,,,,,,3,,,,,2015-12-02
3637556,Basketball Cards 2015 Panini Prizm,Kyle Lowry [Silver Prizm] #121,$2.75,,,$2.99,$3.00,$5.50,$7.00,$3.00,$3.00,,,,$2.99,,,,,,3,,,,,2015-12-02
3638723,Basketball Cards 2015 Panini Prizm,Kyle Lowry [Silver Prizm] #355,$1.11,,,$2.99,$3.00,$7.76,$10.00,$5.00,$5.00,,,,$1.19,,,,,,3,,,,,2015-12-02
3638049,Basketball Cards 2015 Panini Prizm,Kyle Lowry [White Sparkle Prizm] #121,,,,,,,,,,,,,,,,,,,0,,,,,2015-12-02
3638758,Basketball Cards 2015 Panini Prizm,Kyle Lowry [White Sparkle Prizm] #355,$0.25,,,,,,,,,,,,$0.99,,,,,,0,,,,,2015-12-02
3634575,Basketball Cards 2015 Panini Prizm,Kyrie Irving #115,$1.89,,$5.49,$6.00,$7.00,$24.99,$32.00,$15.00,$15.00,,,,$2.09,,,$1.20,$5.99,,9,,,,,2015-12-02
3634768,Basketball Cards 2015 Panini Prizm,Kyrie Irving #359,$1.69,,$9.99,$11.00,$12.00,,,,,,,,$1.89,,,$2.80,$10.99,,7,,,,,2015-12-02
3634784,Basketball Cards 2015 Panini Prizm,Kyrie Irving #387,$1.99,,,$14.99,$16.00,$32.00,$42.00,$19.00,$19.00,,,,$2.19,,,,,,5,,,,,2015-12-02
12272398,Basketball Cards 2015 Panini Prizm,Kyrie Irving [Black Prizm] #115,,,,,,,,,,,,,,,,,,,0,,,,,2015-12-02
12272611,Basketball Cards 2015 Panini Prizm,Kyrie Irving [Black Prizm] #359,,,,,,,,,,,,,,,,,,,0,,,,,2015-12-02
12272668,Basketball Cards 2015 Panini Prizm,Kyrie Irving [Black Prizm] #387,,,,,,,,,,,,,,,,,,,0,,,,,2015-12-02
3634895,Basketball Cards 2015 Panini Prizm,Kyrie Irving [Flash Prizm] #115,$9.49,,,,,,,,,,,$2.00,$9.99,,,,,,1,,,,,2015-12-02
3638549,Basketball Cards 2015 Panini Prizm,Kyrie Irving [Flash Prizm] #359,$2.31,,,$17.00,$19.00,,,,,,,,$2.49,,,,,,2,,,,,2015-12-02
3638781,Basketball Cards 2015 Panini Prizm,Kyrie Irving [Flash Prizm] #387,$3.98,,,,,$15.50,$20.00,$9.00,$9.00,,,$0.90,$4.39,,,,,,1,,,,,2015-12-02
3635157,Basketball Cards 2015 Panini Prizm,Kyrie Irving [Gold Prizm] #115,$481.00,,,,,$1247.00,$1621.00,$748.00,$748.00,,,$317.40,$529.00,,,,,,2,,,,,2015-12-02
3638566,Basketball Cards 2015 Panini Prizm,Kyrie Irving [Gold Prizm] #359,,,,$275.00,$303.00,,,,,,,,,,,,,,1,,,,,2015-12-02
3638797,Basketball Cards 2015 Panini Prizm,Kyrie Irving [Gold Prizm] #387,,,,,,,,,,,,,,,,,,,0,,,,,2015-12-02
129873,Basketball Cards 2015 Panini Prizm,Kyrie Irving [Green Prizm] #115,$1.47,,,,,$20.05,$26.00,$12.00,$12.00,,,,$1.59,,,,,,2,,,,,2015-12-02
3638587,Basketball Cards 2015 Panini Prizm,Kyrie Irving [Green Prizm] #359,$6.23,,,,,,,,,,,$1.40,$6.89,,,,,,1,,,,,2015-12-02
3638816,Basketball Cards 2015 Panini Prizm,Kyrie Irving [Green Prizm] #387,$1.35,,,,,$39.95,$52.00,$24.00,$24.00,,,,$1.49,,,,,,2,,,,,2015-12-02
129874,Basketball Cards 2015 Panini Prizm,Kyrie Irving [Light Blue Prizm] #115,$1.99,,$29.95,$33.00,$36.00,,,,,,,,$2.19,,,$9.90,$32.99,,4,,,,,2015-12-02
3638605,Basketball Cards 2015 Panini Prizm,Kyrie Irving [Light Blue Prizm] #359,$8.50,,,,,,,,,,,$1.90,$9.39,,,,,,3,,,,,2015-12-02
130672,Basketball Cards 2015 Panini Prizm,Kyrie Irving [Light Blue Prizm] #387,$8.00,,,$24.58,$27.00,,,,,,,$1.80,$8.79,,,,,,4,,,,,2015-12-02
129875,Basketball Cards 2015 Panini Prizm,Kyrie Irving [Mojo Prizm] #115,,,,$120.00,$132.00,,,,,,,,,,,,,,1,,,,,2015-12-02
3638621,Basketball Cards 2015 Panini Prizm,Kyrie Irving [Mojo Prizm] #359,,,$29.99,,,,,,,,,,,,,$9.90,$32.99,,1,,,,,2015-12-02
130673,Basketball Cards 2015 Panini Prizm,Kyrie Irving [Mojo Prizm] #387,$29.28,,,,,,,,,,,$9.60,$31.99,,,,,,1,,,,,2015-12-02
3636223,Basketball Cards 2015 Panini Prizm,Kyrie Irving [Orange Prizm] #115,$17.78,,,,,,,,,,,$5.00,$19.99,,,,,,1,,,,,2015-12-02
3638636,Basketball Cards 2015 Panini Prizm,Kyrie Irving [Orange Prizm] #359,$15.83,,,,,,,,,,,$4.30,$16.99,,,,,,2,,,,,2015-12-02
3638862,Basketball Cards 2015 Panini Prizm,Kyrie Irving [Orange Prizm] #387,$11.50,,,,,,,,,,,$3.30,$12.99,,,,,,1,,,,,2015-12-02
129876,Basketball Cards 2015 Panini Prizm,Kyrie Irving [Orange Wave Prizm] #115,$4.49,,,,,,,,,,,$1.00,$4.89,,,,,,2,,,,,2015-12-02
3638654,Basketball Cards 2015 Panini Prizm,Kyrie Irving [Orange Wave Prizm] #359,$2.95,,,,,,,,,,,,$3.29,,,,,,2,,,,,2015-12-02
130674,Basketball Cards 2015 Panini Prizm,Kyrie Irving [Orange Wave Prizm] #387,$7.99,,,,,,,,,,,$1.80,$8.79,,,,,,2,,,,,2015-12-02
3636776,Basketball Cards 2015 Panini Prizm,Kyrie Irving [Purple Prizm] #115,$3.88,,,$60.00,$66.00,,,,,,,$0.90,$4.29,,,,,,2,,,,,2015-12-02
130545,Basketball Cards 2015 Panini Prizm,Kyrie Irving [Purple Prizm] #359,$3.00,,,$28.00,$31.00,,,,,,,,$3.29,,,,,,2,,,,,2015-12-02
3638899,Basketball Cards 2015 Panini Prizm,Kyrie Irving [Purple Prizm] #387,$19.35,,$8.50,$9.50,$10.00,,,,,,,$6.30,$20.99,,,$1.90,$9.39,,4,,,,,2015-12-02
129877,Basketball Cards 2015 Panini Prizm,"Kyrie Irving [Red, White, and Blue Prizm] #115",$6.00,,,$5.93,$6.62,$21.00,$27.00,$13.00,$13.00,,,$1.30,$6.59,,,,,,7,,,,,2015-12-02
130546,Basketball Cards 2015 Panini Prizm,"Kyrie Irving [Red, White, and Blue Prizm] #359",$3.50,,,,,$34.00,$44.00,$20.00,$20.00,,,$0.80,$3.89,,,,,,3,,,,,2015-12-02
130675,Basketball Cards 2015 Panini Prizm,"Kyrie Irving [Red, White, and Blue Prizm] #387",$1.44,,,,,$35.72,$46.00,$21.00,$21.00,,,,$1.59,,,,,,3,,,,,2015-12-02
129878,Basketball Cards 2015 Panini Prizm,Kyrie Irving [Ruby Wave Prizm] #115,$9.01,,$14.95,,,$74.99,$97.00,$45.00,$45.00,,,$2.00,$9.89,,,$4.00,$15.99,,4,,,,,2015-12-02
3638708,Basketball Cards 2015 Panini Prizm,Kyrie Irving [Ruby Wave Prizm] #359,$4.00,,,,,,,,,,,$0.90,$4.39,,,,,,3,,,,,2015-12-02
130676,Basketball Cards 2015 Panini Prizm,Kyrie Irving [Ruby Wave Prizm] #387,$3.25,,,,$31.00,$40.14,$52.00,$24.00,$24.00,,,,$3.59,,,,,,6,,,,,2015-12-02
129879,Basketball Cards 2015 Panini Prizm,Kyrie Irving [Silver Prizm] #115,$7.25,,,$19.93,$22.00,$29.21,$38.00,$18.00,$18.00,,,$1.60,$7.99,,,,,,10,,,,,2015-12-02
130547,Basketball Cards 2015 Panini Prizm,Kyrie Irving [Silver Prizm] #359,$1.85,,,,,$37.17,$48.00,$22.00,$22.00,,,,$1.99,,,,,,4,,,,,2015-12-02
130677,Basketball Cards 2015 Panini Prizm,Kyrie Irving [Silver Prizm] #387,$3.33,,,$18.99,$19.00,$19.25,$25.00,$12.00,$12.00,,,,$3.69,,,,,,6,,,,,2015-12-02
3638043,Basketball Cards 2015 Panini Prizm,Kyrie Irving [White Sparkle Prizm] #115,$357.00,,,,,,,,,,,$196.50,$393.00,,,,,,1,,,,,2015-12-02
3638761,Basketball Cards 2015 Panini Prizm,Kyrie Irving [White Sparkle Prizm] #359,$57.00,,,,,$275.00,$358.00,$165.00,$165.00,,,$25.20,$62.99,,,,,,2,,,,,2015-12-02
130678,Basketball Cards 2015 Panini Prizm,Kyrie Irving [White Sparkle Prizm] #387,,,,$44.28,$49.00,,,,,,,,,,,,,,1,,,,,2015-12-02
3634773,Basketball Cards 2015 Panini Prizm,LaMarcus Aldridge #365,$1.49,,,,,,,,,,,,$1.59,,,,,,1,,,,,2015-12-02
3634778,Basketball Cards 2015 Panini Prizm,LaMarcus Aldridge #380,$1.69,,,,,,,,,,,,$1.89,,,,,,2,,,,,2015-12-02
3634508,Basketball Cards 2015 Panini Prizm,LaMarcus Aldridge #41,$1.25,,,,,,,,,,,,$1.39,,,,,,1,,,,,2015-12-02
12272619,Basketball Cards 2015 Panini Prizm,LaMarcus Aldridge [Black Prizm] #365,,,,,,,,,,,,,,,,,,,0,,,,,2015-12-02
12272646,Basketball Cards 2015 Panini Prizm,LaMarcus Aldridge [Black Prizm] #380,,,,,,,,,,,,,,,,,,,0,,,,,2015-12-02
12272400,Basketball Cards 2015 Panini Prizm,LaMarcus Aldridge [Black Prizm] #41,,,,,,,,,,,,,,,,,,,0,,,,,2015-12-02
3638554,Basketball Cards 2015 Panini Prizm,LaMarcus Aldridge [Flash Prizm] #365,$0.59,,,,,,,,,,,,$0.99,,,,,,1,,,,,2015-12-02
3638774,Basketball Cards 2015 Panini Prizm,LaMarcus Aldridge [Flash Prizm] #380,$1.99,,,,,,,,,,,,$2.19,,,,,,1,,,,,2015-12-02
3634833,Basketball Cards 2015 Panini Prizm,LaMarcus Aldridge [Flash Prizm] #41,$0.99,,,,,,,,,,,,$1.09,,,,,,1,,,,,2015-12-02
3638572,Basketball Cards 2015 Panini Prizm,LaMarcus Aldridge [Gold Prizm] #365,,,,,,,,,,,,,,,,,,,0,,,,,2015-12-02
3638793,Basketball Cards 2015 Panini Prizm,LaMarcus Aldridge [Gold Prizm] #380,,,,,,,,,,,,,,,,,,,0,,,,,2015-12-02
129768,Basketball Cards 2015 Panini Prizm,LaMarcus Aldridge [Gold Prizm] #41,,,,,,,,,,,,,,,,,,,0,,,,,2015-12-02
3638592,Basketball Cards 2015 Panini Prizm,LaMarcus Aldridge [Green Prizm] #365,$3.99,,,,,,,,,,,$0.90,$4.39,,,,,,1,,,,,2015-12-02
3638811,Basketball Cards 2015 Panini Prizm,LaMarcus Aldridge [Green Prizm] #380,$2.25,,,,,,,,,,,,$2.49,,,,,,1,,,,,2015-12-02
3635360,Basketball Cards 2015 Panini Prizm,LaMarcus Aldridge [Green Prizm] #41,$4.05,,,,,,,,,,,$0.90,$4.49,,,,,,0,,,,,2015-12-02
3638610,Basketball Cards 2015 Panini Prizm,LaMarcus Aldridge [Light Blue Prizm] #365,$1.22,,,,,,,,,,,,$1.29,,,,,,1,,,,,2015-12-02
3638827,Basketball Cards 2015 Panini Prizm,LaMarcus Aldridge [Light Blue Prizm] #380,$1.57,,,,,,,,,,,,$1.69,,,,,,1,,,,,2015-12-02
3635632,Basketball Cards 2015 Panini Prizm,LaMarcus Aldridge [Light Blue Prizm] #41,$1.09,,,,,,,,,,,,$1.19,,,,,,1,,,,,2015-12-02
3638626,Basketball Cards 2015 Panini Prizm,LaMarcus Aldridge [Mojo Prizm] #365,,,,,,,,,,,,,,,,,,,0,,,,,2015-12-02
3638840,Basketball Cards 2015 Panini Prizm,LaMarcus Aldridge [Mojo Prizm] #380,$3.00,,,,,,,,,,,,$3.29,,,,,,1,,,,,2015-12-02
3635893,Basketball Cards 2015 Panini Prizm,LaMarcus Aldridge [Mojo Prizm] #41,,,,,$50.00,,,,,,,,,,,,,,1,,,,,2015-12-02
3638642,Basketball Cards 2015 Panini Prizm,LaMarcus Aldridge [Orange Prizm] #365,$12.03,,,,,,,,,,,$3.30,$12.99,,,,,,1,,,,,2015-12-02
3638857,Basketball Cards 2015 Panini Prizm,LaMarcus Aldridge [Orange Prizm] #380,$5.50,,,,,,,,,,,$1.20,$6.09,,,,,,1,,,,,2015-12-02
3636159,Basketball Cards 2015 Panini Prizm,LaMarcus Aldridge [Orange Prizm] #41,$5.64,,,,,,,,,,,$1.20,$6.19,,,,,,1,,,,,2015-12-02
3638659,Basketball Cards 2015 Panini Prizm,LaMarcus Aldridge [Orange Wave Prizm] #365,$1.84,,,,,,,,,,,,$1.99,,,,,,1,,,,,2015-12-02
3638874,Basketball Cards 2015 Panini Prizm,LaMarcus Aldridge [Orange Wave Prizm] #380,$14.05,,,,,,,,,,,$3.80,$14.99,,,,,,0,,,,,2015-12-02
3636430,Basketball Cards 2015 Panini Prizm,LaMarcus Aldridge [Orange Wave Prizm] #41,$3.00,,,,,,,,,,,,$3.29,,,,,,1,,,,,2015-12-02
3638678,Basketball Cards 2015 Panini Prizm,LaMarcus Aldridge [Purple Prizm] #365,$7.44,,,,,,,,,,,$1.60,$8.19,,,,,,1,,,,,2015-12-02
3638892,Basketball Cards 2015 Panini Prizm,LaMarcus Aldridge [Purple Prizm] #380,$1.98,,,,,,,,,,,,$2.19,,,,,,1,,,,,2015-12-02
3636708,Basketball Cards 2015 Panini Prizm,LaMarcus Aldridge [Purple Prizm] #41,$1.00,,,,,,,,,,,,$1.09,,,,,,1,,,,,2015-12-02
3638697,Basketball Cards 2015 Panini Prizm,"LaMarcus Aldridge [Red, White, and Blue Prizm] #365",$4.00,,,,,$8.50,$11.00,$5.00,$5.00,,,$0.90,$4.39,,,,,,1,,,,,2015-12-02
3638911,Basketball Cards 2015 Panini Prizm,"LaMarcus Aldridge [Red, White, and Blue Prizm] #380",$0.99,,,,,,,,,,,,$1.09,,,,,,1,,,,,2015-12-02
129769,Basketball Cards 2015 Panini Prizm,"LaMarcus Aldridge [Red, White, and Blue Prizm] #41",$0.01,,,,,,,,,,,,$0.99,,,,,,1,,,,,2015-12-02
3638715,Basketball Cards 2015 Panini Prizm,LaMarcus Aldridge [Ruby Wave Prizm] #365,$1.50,,,,,,,,,,,,$1.69,,,,,,1,,,,,2015-12-02
3379556,Basketball Cards 2015 Panini Prizm,LaMarcus Aldridge [Ruby Wave Prizm] #380,$2.57,,,,,,,,,,,,$2.79,,,,,,1,,,,,2015-12-02
3637242,Basketball Cards 2015 Panini Prizm,LaMarcus Aldridge [Ruby Wave Prizm] #41,$2.49,,,,,,,,,,,,$2.69,,,,,,2,,,,,2015-12-02
3638730,Basketball Cards 2015 Panini Prizm,LaMarcus Aldridge [Silver Prizm] #365,$1.33,,,,,,,,,,,,$1.49,,,,,,1,,,,,2015-12-02
3638935,Basketball Cards 2015 Panini Prizm,LaMarcus Aldridge [Silver Prizm] #380,$2.39,,,,,,,,,,,,$2.59,,,,,,1,,,,,2015-12-02
129770,Basketball Cards 2015 Panini Prizm,LaMarcus Aldridge [Silver Prizm] #41,$1.73,,,$16.84,$19.00,$64.50,$84.00,$39.00,$39.00,,,,$1.89,,,,,,3,,,,,2015-12-02
3638766,Basketball Cards 2015 Panini Prizm,LaMarcus Aldridge [White Sparkle Prizm] #365,,,,,,,,,,,,,,,,,,,0,,,,,2015-12-02
130647,Basketball Cards 2015 Panini Prizm,LaMarcus Aldridge [White Sparkle Prizm] #380,,,,,,,,,,,,,,,,,,,0,,,,,2015-12-02
3637976,Basketball Cards 2015 Panini Prizm,LaMarcus Aldridge [White Sparkle Prizm] #41,,,,,,,,,,,,,,,,,,,0,,,,,2015-12-02
3634545,Basketball Cards 2015 Panini Prizm,Lance Stephenson #82,$1.00,,,,,,,,,,,,$1.09,,,,,,1,,,,,2015-12-02
12272481,Basketball Cards 2015 Panini Prizm,Lance Stephenson [Black Prizm] #82,,,,,,,,,,,,,,,,,,,0,,,,,2015-12-02
3380293,Basketball Cards 2015 Panini Prizm,Lance Stephenson [Flash Prizm] #82,$1.13,,,,,,,,,,,,$1.19,,,,,,1,,,,,2015-12-02
3635127,Basketball Cards 2015 Panini Prizm,Lance Stephenson [Gold Prizm] #82,$78.29,,,,,,,,,,,$34.40,$85.99,,,,,,1,,,,,2015-12-02
3635397,Basketball Cards 2015 Panini Prizm,Lance Stephenson [Green Prizm] #82,$0.25,,,,,,,,,,,,$0.99,,,,,,0,,,,,2015-12-02
3635664,Basketball Cards 2015 Panini Prizm,Lance Stephenson [Light Blue Prizm] #82,$1.00,,,,,,,,,,,,$1.09,,,,,,1,,,,,2015-12-02
3635928,Basketball Cards 2015 Panini Prizm,Lance Stephenson [Mojo Prizm] #82,$1.61,,,,,,,,,,,,$1.79,,,,,,1,,,,,2015-12-02
3636192,Basketball Cards 2015 Panini Prizm,Lance Stephenson [Orange Prizm] #82,$3.41,,,,,,,,,,,$0.80,$3.79,,,,,,0,,,,,2015-12-02
3636466,Basketball Cards 2015 Panini Prizm,Lance Stephenson [Orange Wave Prizm] #82,$1.39,,,,,,,,,,,,$1.49,,,,,,1,,,,,2015-12-02
3636743,Basketball Cards 2015 Panini Prizm,Lance Stephenson [Purple Prizm] #82,$2.25,,,,,,,,,,,,$2.49,,,,,,1,,,,,2015-12-02
3637018,Basketball Cards 2015 Panini Prizm,"Lance Stephenson [Red, White, and Blue Prizm] #82",$2.89,,,,,,,,,,,,$3.19,,,,,,1,,,,,2015-12-02
3637278,Basketball Cards 2015 Panini Prizm,Lance Stephenson [Ruby Wave Prizm] #82,,,,,,,,,,,,,,,,,,,0,,,,,2015-12-02
3637526,Basketball Cards 2015 Panini Prizm,Lance Stephenson [Silver Prizm] #82,$2.40,,,,,,,,,,,,$2.59,,,,,,1,,,,,2015-12-02
3638012,Basketball Cards 2015 Panini Prizm,Lance Stephenson [White Sparkle Prizm] #82,$6.37,,,,,,,,,,,$1.40,$6.99,,,,,,1,,,,,2015-12-02
3634530,Basketball Cards 2015 Panini Prizm,Langston Galloway #66,$0.40,,,,,,,,,,,,$0.99,,,,,,1,,,,,2015-12-02
12272472,Basketball Cards 2015 Panini Prizm,Langston Galloway [Black Prizm] #66,,,,,,,,,,,,,,,,,,,0,,,,,2015-12-02
3634855,Basketball Cards 2015 Panini Prizm,Langston Galloway [Flash Prizm] #66,$0.25,,,,,,,,,,,,$0.99,,,,,,0,,,,,2015-12-02
129818,Basketball Cards 2015 Panini Prizm,Langston Galloway [Gold Prizm] #66,$80.00,,,,,$90.00,$117.00,$54.00,$54.00,,,$35.20,$87.99,,,,,,2,,,,,2015-12-02
3635382,Basketball Cards 2015 Panini Prizm,Langston Galloway [Green Prizm] #66,,,,,,,,,,,,,,,,,,,0,,,,,2015-12-02
3635651,Basketball Cards 2015 Panini Prizm,Langston Galloway [Light Blue Prizm] #66,$1.46,,,,,,,,,,,,$1.59,,,,,,1,,,,,2015-12-02
3635914,Basketball Cards 2015 Panini Prizm,Langston Galloway [Mojo Prizm] #66,$12.04,,,,,,,,,,,$3.30,$12.99,,,,,,0,,,,,2015-12-02
3636178,Basketball Cards 2015 Panini Prizm,Langston Galloway [Orange Prizm] #66,$3.71,,,,,,,,,,,$0.80,$4.09,,,,,,1,,,,,2015-12-02
3636451,Basketball Cards 2015 Panini Prizm,Langston Galloway [Orange Wave Prizm] #66,$1.81,,,,,,,,,,,,$1.99,,,,,,1,,,,,2015-12-02
3636729,Basketball Cards 2015 Panini Prizm,Langston Galloway [Purple Prizm] #66,$1.88,,,,,,,,,,,,$2.09,,,,,,1,,,,,2015-12-02
3637003,Basketball Cards 2015 Panini Prizm,"Langston Galloway [Red, White, and Blue Prizm] #66",$2.78,,,,,,,,,,,,$3.09,,,,,,1,,,,,2015-12-02
3637263,Basketball Cards 2015 Panini Prizm,Langston Galloway [Ruby Wave Prizm] #66,$1.13,,,,,,,,,,,,$1.19,,,,,,1,,,,,2015-12-02
3637516,Basketball Cards 2015 Panini Prizm,Langston Galloway [Silver Prizm] #66,$1.25,,,,,,,,,,,,$1.39,,,,,,1,,,,,2015-12-02
3637997,Basketball Cards 2015 Panini Prizm,Langston Galloway [White Sparkle Prizm] #66,,,,,,,,,,,,,,,,,,,0,,,,,2015-12-02
130110,Basketball Cards 2015 Panini Prizm,Larry Bird #261,$1.99,,$7.99,$18.23,$22.74,$28.99,$38.00,$17.00,$40.00,,,,$2.19,,,$1.80,$8.79,,14,,,,,2015-12-02
12272623,Basketball Cards 2015 Panini Prizm,Larry Bird [Black Prizm] #261,,,,,$11712.00,,,,,,,,,,,,,,1,,,,,2015-12-02
130111,Basketball Cards 2015 Panini Prizm,Larry Bird [Flash Prizm] #261,$6.50,,,$14.38,$16.00,,,,,,,$1.40,$7.19,,,,,,3,,,,,2015-12-02
3635288,Basketball Cards 2015 Panini Prizm,Larry Bird [Gold Prizm] #261,$405.00,,,$698.56,$768.00,,,,,,,$223.00,$446.00,,,,,,2,,,,,2015-12-02
130112,Basketball Cards 2015 Panini Prizm,Larry Bird [Green Prizm] #261,$24.75,,,$26.00,$29.00,$199.95,$260.00,$120.00,$120.00,,,$8.10,$26.99,,,,,,3,,,,,2015-12-02
3289020,Basketball Cards 2015 Panini Prizm,Larry Bird [Light Blue Prizm] #261,$20.75,,$20.50,,,$105.50,$137.00,$63.00,$63.00,,,$6.90,$22.99,,,$6.90,$22.99,,4,,,,,2015-12-02
3636083,Basketball Cards 2015 Panini Prizm,Larry Bird [Mojo Prizm] #261,$30.21,,,$92.43,$139.52,,,,,,,$9.90,$32.99,,,,,,3,,,,,2015-12-02
3636353,Basketball Cards 2015 Panini Prizm,Larry Bird [Orange Prizm] #261,$7.25,,,$41.00,$45.00,,,,,,,$1.60,$7.99,,,,,,3,,,,,2015-12-02
3636631,Basketball Cards 2015 Panini Prizm,Larry Bird [Orange Wave Prizm] #261,$7.00,,$10.50,,,$100.00,$130.00,$60.00,$60.00,,,$1.50,$7.69,,,$3.00,$11.99,,4,,,,,2015-12-02
3636910,Basketball Cards 2015 Panini Prizm,Larry Bird [Purple Prizm] #261,$13.50,,,,,,,,,,,$3.80,$14.99,,,,,,1,,,,,2015-12-02
130113,Basketball Cards 2015 Panini Prizm,"Larry Bird [Red, White, and Blue Prizm] #261",$9.99,,$15.95,$28.02,$31.00,$83.02,$108.00,$50.00,$50.00,,,$2.80,$10.99,,,$4.50,$17.99,,7,,,,,2015-12-02
130114,Basketball Cards 2015 Panini Prizm,Larry Bird [Ruby Wave Prizm] #261,$5.50,,$17.95,$18.29,$29.12,$107.13,$139.00,$64.00,$64.00,,,$1.20,$6.09,,,$5.00,$19.99,,12,,,,,2015-12-02
130115,Basketball Cards 2015 Panini Prizm,Larry Bird [Silver Prizm] #261,$7.19,,$10.74,$20.00,$29.91,$71.00,$92.00,$43.00,$43.00,,,$1.60,$7.89,,,$3.00,$11.99,,12,,,,,2015-12-02
3638172,Basketball Cards 2015 Panini Prizm,Larry Bird [White Sparkle Prizm] #261,$60.00,$300.00,,$644.79,$709.00,,,,,,,$26.40,$65.99,$165.00,$330.00,,,,3,,,,,2015-12-02
130194,Basketball Cards 2015 Panini Prizm,Larry Nance Jr. #302,$1.60,,$15.01,$17.00,$20.00,$20.00,$26.00,$12.00,$12.00,,,,$1.79,,,$4.30,$16.99,,11,,,,,2015-12-02
12272699,Basketball Cards 2015 Panini Prizm,Larry Nance Jr. [Black Prizm] #302,,,,,,,,,,,,,,,,,,,0,,,,,2015-12-02
3638207,Basketball Cards 2015 Panini Prizm,Larry Nance Jr. [Flash Prizm] #302,$3.93,,,,,,,,,,,$0.90,$4.29,,,,,,1,,,,,2015-12-02
130192,Basketball Cards 2015 Panini Prizm,Larry Nance Jr. [Gold Prizm] #302,$84.79,,,,,,,,,,,$37.20,$92.99,,,,,,1,,,,,2015-12-02
130193,Basketball Cards 2015 Panini Prizm,Larry Nance Jr. [Green Prizm] #302,$1.04,,,,,$11.74,$15.00,$7.00,$7.00,,,,$1.09,,,,,,2,,,,,2015-12-02
3638301,Basketball Cards 2015 Panini Prizm,Larry Nance Jr. [Light Blue Prizm] #302,$6.99,,,,,,,,,,,$1.50,$7.69,,,,,,1,,,,,2015-12-02
3638327,Basketball Cards 2015 Panini Prizm,Larry Nance Jr. [Mojo Prizm] #302,$104.04,,,,,,,,,,,$57.00,$114.00,,,,,,0,,,,,2015-12-02
130191,Basketball Cards 2015 Panini Prizm,Larry Nance Jr. [Orange Prizm] #302,$8.59,,,,,$84.50,$110.00,$51.00,$51.00,,,$1.90,$9.49,,,,,,2,,,,,2015-12-02
131489,Basketball Cards 2015 Panini Prizm,Larry Nance Jr. [Orange Wave Prizm] #302,$8.58,,,$23.50,$26.00,,,,,,,$1.90,$9.39,,,,,,2,,,,,2015-12-02
3638399,Basketball Cards 2015 Panini Prizm,Larry Nance Jr. [Purple Prizm] #302,$24.69,,,,,,,,,,,$8.10,$26.99,,,,,,1,,,,,2015-12-02
130195,Basketball Cards 2015 Panini Prizm,"Larry Nance Jr. [Red, White, and Blue Prizm] #302",$3.75,,,$3.25,$4.00,$20.00,$26.00,$12.00,$12.00,,,$0.80,$4.09,,,,,,3,,,,,2015-12-02
130196,Basketball Cards 2015 Panini Prizm,Larry Nance Jr. [Ruby Wave Prizm] #302,$6.07,,,,$15.50,$121.09,$157.00,$73.00,$73.00,,,$1.30,$6.69,,,,,,4,,,,,2015-12-02
130198,Basketball Cards 2015 Panini Prizm,Larry Nance Jr. [Silver Prizm] #302,$5.19,,$9.99,$19.65,$22.00,$24.00,$31.00,$14.00,$14.00,,,$1.10,$5.69,,,$2.80,$10.99,,10,,,,,2015-12-02
3638525,Basketball Cards 2015 Panini Prizm,Larry Nance Jr. [White Sparkle Prizm] #302,$10.50,,,,,,,,,,,$3.00,$11.99,,,,,,1,,,,,2015-12-02
3634702,Basketball Cards 2015 Panini Prizm,Latrell Sprewell #254,$1.66,$0.99,,$2.33,$3.00,,,,,,,,$1.79,,$1.09,,,,5,,,,,2015-12-02
12272608,Basketball Cards 2015 Panini Prizm,Latrell Sprewell [Black Prizm] #254,,,,,,,,,,,,,,,,,,,0,,,,,2015-12-02
3635018,Basketball Cards 2015 Panini Prizm,Latrell Sprewell [Flash Prizm] #254,$3.99,,,,,,,,,,,$0.90,$4.39,,,,,,1,,,,,2015-12-02
3635281,Basketball Cards 2015 Panini Prizm,Latrell Sprewell [Gold Prizm] #254,,,,$500.00,$550.00,,,,,,,,,,,,,,1,,,,,2015-12-02
3635557,Basketball Cards 2015 Panini Prizm,Latrell Sprewell [Green Prizm] #254,$1.99,,,,,,,,,,,,$2.19,,,,,,1,,,,,2015-12-02
3635814,Basketball Cards 2015 Panini Prizm,Latrell Sprewell [Light Blue Prizm] #254,$5.22,,,,,$53.28,$69.00,$32.00,$32.00,,,$1.10,$5.69,,,,,,3,,,,,2015-12-02
3636076,Basketball Cards 2015 Panini Prizm,Latrell Sprewell [Mojo Prizm] #254,,,,,,,,,,,,,,,,,,,0,,,,,2015-12-02
3636346,Basketball Cards 2015 Panini Prizm,Latrell Sprewell [Orange Prizm] #254,$10.00,,,$35.90,$39.00,,,,,,,$2.80,$10.99,,,,,,2,,,,,2015-12-02
3636624,Basketball Cards 2015 Panini Prizm,Latrell Sprewell [Orange Wave Prizm] #254,$5.50,,,,,,,,,,,$1.20,$6.09,,,,,,1,,,,,2015-12-02
3636902,Basketball Cards 2015 Panini Prizm,Latrell Sprewell [Purple Prizm] #254,$3.51,,,,,,,,,,,$0.80,$3.89,,,,,,1,,,,,2015-12-02
130099,Basketball Cards 2015 Panini Prizm,"Latrell Sprewell [Red, White, and Blue Prizm] #254",$1.99,,,,,,,,,,,,$2.19,,,,,,1,,,,,2015-12-02
3637430,Basketball Cards 2015 Panini Prizm,Latrell Sprewell [Ruby Wave Prizm] #254,$3.95,,,,,$41.00,$53.00,$25.00,$25.00,,,$0.90,$4.39,,,,,,3,,,,,2015-12-02
130100,Basketball Cards 2015 Panini Prizm,Latrell Sprewell [Silver Prizm] #254,$2.62,,,$10.62,$12.00,$26.99,$35.00,$16.00,$16.00,,,,$2.89,,,,,,5,,,,,2015-12-02
3638166,Basketball Cards 2015 Panini Prizm,Latrell Sprewell [White Sparkle Prizm] #254,,,,,,,,,,,,,,,,,,,0,,,,,2015-12-02
3634585,Basketball Cards 2015 Panini Prizm,Lavoy Allen #127,$0.25,,,,,,,,,,,,$0.99,,,,,,0,,,,,2015-12-02
12272382,Basketball Cards 2015 Panini Prizm,Lavoy Allen [Black Prizm] #127,,,,,,,,,,,,,,,,,,,0,,,,,2015-12-02
3634905,Basketball Cards 2015 Panini Prizm,Lavoy Allen [Flash Prizm] #127,$1.69,,,,,,,,,,,,$1.89,,,,,,1,,,,,2015-12-02
3635168,Basketball Cards 2015 Panini Prizm,Lavoy Allen [Gold Prizm] #127,,,,,,$26.00,$34.00,$16.00,$16.00,,,,,,,,,,1,,,,,2015-12-02
3635439,Basketball Cards 2015 Panini Prizm,Lavoy Allen [Green Prizm] #127,$3.18,,,,,,,,,,,,$3.49,,,,,,1,,,,,2015-12-02
3635702,Basketball Cards 2015 Panini Prizm,Lavoy Allen [Light Blue Prizm] #127,$1.70,,,,,,,,,,,,$1.89,,,,,,1,,,,,2015-12-02
3635965,Basketball Cards 2015 Panini Prizm,Lavoy Allen [Mojo Prizm] #127,,,,,,,,,,,,,,,,,,,0,,,,,2015-12-02
3636234,Basketball Cards 2015 Panini Prizm,Lavoy Allen [Orange Prizm] #127,$2.81,,,,,,,,,,,,$3.09,,,,,,1,,,,,2015-12-02
3636506,Basketball Cards 2015 Panini Prizm,Lavoy Allen [Orange Wave Prizm] #127,$0.25,,,,,,,,,,,,$0.99,,,,,,0,,,,,2015-12-02
3636787,Basketball Cards 2015 Panini Prizm,Lavoy Allen [Purple Prizm] #127,$1.44,,,,,,,,,,,,$1.59,,,,,,1,,,,,2015-12-02
3637056,Basketball Cards 2015 Panini Prizm,"Lavoy Allen [Red, White, and Blue Prizm] #127",$0.25,,,,,,,,,,,,$0.99,,,,,,0,,,,,2015-12-02
3637317,Basketball Cards 2015 Panini Prizm,Lavoy Allen [Ruby Wave Prizm] #127,$1.37,,,,,,,,,,,,$1.49,,,,,,3,,,,,2015-12-02
3637560,Basketball Cards 2015 Panini Prizm,Lavoy Allen [Silver Prizm] #127,$0.25,,,,,,,,,,,,$0.99,,,,,,0,,,,,2015-12-02
3638054,Basketball Cards 2015 Panini Prizm,Lavoy Allen [White Sparkle Prizm] #127,$2.99,,,,,,,,,,,,$3.29,,,,,,1,,,,,2015-12-02
129884,Basketball Cards 2015 Panini Prizm,LeBron James #125,$7.15,$10.55,$13.63,$23.27,$27.11,$114.74,$149.00,$69.00,$15.50,,,$1.60,$7.89,$3.00,$11.99,$3.80,$14.99,,130,,,,,2015-12-02
130522,Basketball Cards 2015 Panini Prizm,LeBron James #352,$3.35,$5.00,$5.99,$16.50,$32.06,$45.00,$59.00,$27.00,$27.00,,,,$3.69,$1.10,$5.49,$1.30,$6.59,,45,,,,,2015-12-02
130606,Basketball Cards 2015 Panini Prizm,LeBron James #375,$3.67,$7.16,$13.36,$16.76,$39.92,$43.42,$56.00,$26.00,$23.50,,,$0.80,$3.99,$1.60,$7.89,$3.80,$14.99,,54,,,,,2015-12-02
12272378,Basketball Cards 2015 Panini Prizm,LeBron James [Black Prizm] #125,,,,,,,,,,,,,,,,,,,0,,,,,2015-12-02
12272601,Basketball Cards 2015 Panini Prizm,LeBron James [Black Prizm] #352,,,,,,,,,,,,,,,,,,,0,,,,,2015-12-02
12272649,Basketball Cards 2015 Panini Prizm,LeBron James [Black Prizm] #375,,,,,,,,,,,,,,,,,,,0,,,,,2015-12-02
129885,Basketball Cards 2015 Panini Prizm,LeBron James [Flash Prizm] #125,$17.16,,$54.89,$100.00,$110.00,$150.00,$195.00,$90.00,$90.00,,,$4.80,$18.99,,,$24.00,$59.99,,8,,,,,2015-12-02
130523,Basketball Cards 2015 Panini Prizm,LeBron James [Flash Prizm] #352,$19.99,,,$29.95,$33.00,$81.88,$106.00,$49.00,$18.73,,,$6.60,$21.99,,,,,,9,,,,,2015-12-02
130609,Basketball Cards 2015 Panini Prizm,LeBron James [Flash Prizm] #375,$19.28,,$10.76,$27.25,$30.00,$74.95,$149.99,$45.00,$64.00,,,$6.30,$20.99,,,$3.00,$11.99,,9,,,,,2015-12-02
129886,Basketball Cards 2015 Panini Prizm,LeBron James [Gold Prizm] #125,,,,,,,,,,,,,,,,,,,0,,,,,2015-12-02
130524,Basketball Cards 2015 Panini Prizm,LeBron James [Gold Prizm] #352,,,,,,,,,,,,,,,,,,,0,,,,,2015-12-02
130610,Basketball Cards 2015 Panini Prizm,LeBron James [Gold Prizm] #375,,,,$2025.00,$2228.00,,,,,,,,,,,,,,2,,,,,2015-12-02
129887,Basketball Cards 2015 Panini Prizm,LeBron James [Green Prizm] #125,$26.00,$42.00,$52.00,$57.00,$63.00,$250.00,$325.00,$150.00,$150.00,,,$8.70,$28.99,$18.40,$45.99,$22.80,$56.99,,9,,,,,2015-12-02
130525,Basketball Cards 2015 Panini Prizm,LeBron James [Green Prizm] #352,$12.47,,,$42.22,$46.00,$50.50,$255.25,$30.00,$30.00,,,$3.50,$13.99,,,,,,4,,,,,2015-12-02
130612,Basketball Cards 2015 Panini Prizm,LeBron James [Green Prizm] #375,$18.90,,,$31.87,$35.00,$85.62,$111.00,$51.00,$51.00,,,$6.30,$20.99,,,,,,4,,,,,2015-12-02
129888,Basketball Cards 2015 Panini Prizm,LeBron James [Light Blue Prizm] #125,$162.50,,$152.73,$218.75,$272.34,$750.00,$975.00,$450.00,$450.00,,,$89.50,$179.00,,,$84.00,$168.00,,9,,,,,2015-12-02
130526,Basketball Cards 2015 Panini Prizm,LeBron James [Light Blue Prizm] #352,$41.30,,$349.99,$385.00,$424.00,$462.00,$601.00,$277.00,$277.00,,,$18.00,$44.99,,,$192.50,$385.00,,6,,,,,2015-12-02
130616,Basketball Cards 2015 Panini Prizm,LeBron James [Light Blue Prizm] #375,$68.67,,,$77.72,$157.77,$161.68,$210.00,$97.00,$97.00,,,$30.40,$75.99,,,,,,7,,,,,2015-12-02
129889,Basketball Cards 2015 Panini Prizm,LeBron James [Mojo Prizm] #125,$175.00,,,,,$1550.00,$2015.00,$930.00,$930.00,,,$96.50,$193.00,,,,,,2,,,,,2015-12-02
130527,Basketball Cards 2015 Panini Prizm,LeBron James [Mojo Prizm] #352,$148.04,,,$221.75,$244.00,$611.23,$795.00,$367.00,$367.00,,,$81.50,$163.00,,,,,,3,,,,,2015-12-02
130611,Basketball Cards 2015 Panini Prizm,LeBron James [Mojo Prizm] #375,$142.50,,,$225.00,$568.00,$579.52,$753.00,$348.00,$348.00,,,$78.50,$157.00,,,,,,4,,,,,2015-12-02
129890,Basketball Cards 2015 Panini Prizm,LeBron James [Orange Prizm] #125,$482.70,,$130.00,$345.24,$673.00,$686.90,$893.00,$412.00,$412.00,,,$318.60,$531.00,,,$71.50,$143.00,,5,,,,,2015-12-02
130528,Basketball Cards 2015 Panini Prizm,LeBron James [Orange Prizm] #352,$40.00,,,,,$226.75,$295.00,$136.00,$136.00,,,$17.60,$43.99,,,,,,2,,,,,2015-12-02
130614,Basketball Cards 2015 Panini Prizm,LeBron James [Orange Prizm] #375,$68.00,,,$113.50,$236.00,$240.50,$313.00,$144.00,$144.00,,,$30.00,$74.99,,,,,,4,,,,,2015-12-02
129891,Basketball Cards 2015 Panini Prizm,LeBron James [Orange Wave Prizm] #125,$71.02,,$70.00,$99.12,$369.99,$480.25,$624.00,$288.00,$288.00,,,$31.20,$77.99,,,$30.80,$76.99,,10,,,,,2015-12-02
130529,Basketball Cards 2015 Panini Prizm,LeBron James [Orange Wave Prizm] #352,$31.00,,,$159.99,$176.00,$192.00,$250.00,$115.00,$115.00,,,$10.20,$33.99,,,,,,6,,,,,2015-12-02
130623,Basketball Cards 2015 Panini Prizm,LeBron James [Orange Wave Prizm] #375,$28.00,,,$40.62,$45.00,$222.02,$289.00,$133.00,$133.00,,,$9.30,$30.99,,,,,,6,,,,,2015-12-02
129892,Basketball Cards 2015 Panini Prizm,LeBron James [Purple Prizm] #125,$381.85,,,$202.50,$509.98,$734.04,$954.00,$440.00,$470.00,,,$210.00,$420.00,,,,,,4,,,,,2015-12-02
130533,Basketball Cards 2015 Panini Prizm,LeBron James [Purple Prizm] #352,$66.40,$49.00,$60.45,$67.00,$123.17,$305.00,$397.00,$183.00,$183.00,,,$29.20,$72.99,$21.60,$53.99,$26.80,$66.99,,6,,,,,2015-12-02
130613,Basketball Cards 2015 Panini Prizm,LeBron James [Purple Prizm] #375,$88.04,,,$116.75,$128.00,$234.58,$305.00,$141.00,$141.00,,,$38.80,$96.99,,,,,,3,,,,,2015-12-02
129893,Basketball Cards 2015 Panini Prizm,"LeBron James [Red, White, and Blue Prizm] #125",$34.21,,$19.50,$45.00,$77.50,$94.25,$123.00,$57.00,$57.00,,,$15.20,$37.99,,,$6.30,$20.99,,21,,,,,2015-12-02
130532,Basketball Cards 2015 Panini Prizm,"LeBron James [Red, White, and Blue Prizm] #352",$17.74,,$13.57,$38.00,$42.00,$88.00,$114.00,$53.00,$53.00,,,$5.00,$19.99,,,$3.80,$14.99,,14,,,,,2015-12-02
130615,Basketball Cards 2015 Panini Prizm,"LeBron James [Red, White, and Blue Prizm] #375",$10.06,,$15.52,$49.99,$71.00,$106.50,$138.00,$64.00,$24.73,,,$2.80,$10.99,,,$4.30,$16.99,,16,,,,,2015-12-02
129894,Basketball Cards 2015 Panini Prizm,LeBron James [Ruby Wave Prizm] #125,$53.55,,$189.73,$209.00,$230.00,$379.76,$494.00,$228.00,$228.00,,,$23.60,$58.99,,,$104.50,$209.00,,14,,,,,2015-12-02
130530,Basketball Cards 2015 Panini Prizm,LeBron James [Ruby Wave Prizm] #352,$30.51,,$23.09,$54.31,$84.01,$91.00,$118.00,$55.00,$55.00,,,$10.20,$33.99,,,$7.50,$24.99,,8,,,,,2015-12-02
131493,Basketball Cards 2015 Panini Prizm,LeBron James [Ruby Wave Prizm] #375,$30.25,,$17.50,$53.55,$87.48,$102.50,$133.00,$62.00,$62.00,,,$9.90,$32.99,,,$4.80,$18.99,,10,,,,,2015-12-02
129895,Basketball Cards 2015 Panini Prizm,LeBron James [Silver Prizm] #125,$80.00,$31.00,$80.95,$148.35,$305.21,$544.62,$708.00,$327.00,$327.00,,,$35.20,$87.99,$10.20,$33.99,$35.60,$88.99,,40,,,,,2015-12-02
130531,Basketball Cards 2015 Panini Prizm,LeBron James [Silver Prizm] #352,$15.98,,$12.70,$27.24,$60.00,$63.50,$83.00,$38.00,$38.00,,,$4.50,$17.99,,,$3.50,$13.99,,19,,,,,2015-12-02
130618,Basketball Cards 2015 Panini Prizm,LeBron James [Silver Prizm] #375,$15.30,,$10.38,$29.49,$137.00,$140.00,$182.00,$84.00,$84.00,,,$4.30,$16.99,,,$2.80,$10.99,,19,,,,,2015-12-02
129896,Basketball Cards 2015 Panini Prizm,LeBron James [White Sparkle Prizm] #125,,,,,,,,,,,,,,,,,,,0,,,,,2015-12-02
130534,Basketball Cards 2015 Panini Prizm,LeBron James [White Sparkle Prizm] #352,$355.01,,,$605.25,$1000.00,$1499.99,$1950.00,$900.00,$900.00,,,$195.50,$391.00,,,,,,4,,,,,2015-12-02
130617,Basketball Cards 2015 Panini Prizm,LeBron James [White Sparkle Prizm] #375,$182.79,,,,$330.07,$1600.00,$2080.00,$960.00,$960.00,,,$100.50,$201.00,,,,,,3,,,,,2015-12-02
3634595,Basketball Cards 2015 Panini Prizm,Leandro Barbosa #137,$1.99,,,,,,,,,,,,$2.19,,,,,,2,,,,,2015-12-02
12272407,Basketball Cards 2015 Panini Prizm,Leandro Barbosa [Black Prizm] #137,,,,,,,,,,,,,,,,,,,0,,,,,2015-12-02
3634915,Basketball Cards 2015 Panini Prizm,Leandro Barbosa [Flash Prizm] #137,$1.63,,,,,,,,,,,,$1.79,,,,,,2,,,,,2015-12-02
3635178,Basketball Cards 2015 Panini Prizm,Leandro Barbosa [Gold Prizm] #137,,,,,,,,,,,,,,,,,,,0,,,,,2015-12-02
3635449,Basketball Cards 2015 Panini Prizm,Leandro Barbosa [Green Prizm] #137,$0.25,,,,,,,,,,,,$0.99,,,,,,0,,,,,2015-12-02
3635712,Basketball Cards 2015 Panini Prizm,Leandro Barbosa [Light Blue Prizm] #137,$1.48,,,,,,,,,,,,$1.59,,,,,,1,,,,,2015-12-02
3635975,Basketball Cards 2015 Panini Prizm,Leandro Barbosa [Mojo Prizm] #137,$2.38,,$57.50,,,,,,,,,,$2.59,,,$25.20,$62.99,,2,,,,,2015-12-02
3636244,Basketball Cards 2015 Panini Prizm,Leandro Barbosa [Orange Prizm] #137,$10.00,,,,,,,,,,,$2.80,$10.99,,,,,,1,,,,,2015-12-02
3636516,Basketball Cards 2015 Panini Prizm,Leandro Barbosa [Orange Wave Prizm] #137,$0.25,,,,,,,,,,,,$0.99,,,,,,0,,,,,2015-12-02
3636796,Basketball Cards 2015 Panini Prizm,Leandro Barbosa [Purple Prizm] #137,$4.46,,,,,,,,,,,$1.00,$4.89,,,,,,1,,,,,2015-12-02
3637065,Basketball Cards 2015 Panini Prizm,"Leandro Barbosa [Red, White, and Blue Prizm] #137",$1.25,,,,,,,,,,,,$1.39,,,,,,1,,,,,2015-12-02
3637325,Basketball Cards 2015 Panini Prizm,Leandro Barbosa [Ruby Wave Prizm] #137,$1.99,,,,,,,,,,,,$2.19,,,,,,2,,,,,2015-12-02
3637567,Basketball Cards 2015 Panini Prizm,Leandro Barbosa [Silver Prizm] #137,$1.19,,,,,,,,,,,,$1.29,,,,,,1,,,,,2015-12-02
3638063,Basketball Cards 2015 Panini Prizm,Leandro Barbosa [White Sparkle Prizm] #137,$49.99,,,,,$20.50,$27.00,$12.00,$12.00,,,$22.00,$54.99,,,,,,2,,,,,2015-12-02
3634627,Basketball Cards 2015 Panini Prizm,Lou Williams #172,$0.99,,,,,,,,,,,,$1.09,,,,,,1,,,,,2015-12-02
12272571,Basketball Cards 2015 Panini Prizm,Lou Williams [Black Prizm] #172,,,,,,,,,,,,,,,,,,,0,,,,,2015-12-02
3634946,Basketball Cards 2015 Panini Prizm,Lou Williams [Flash Prizm] #172,$0.25,,,,,,,,,,,,$0.99,,,,,,0,,,,,2015-12-02
3635208,Basketball Cards 2015 Panini Prizm,Lou Williams [Gold Prizm] #172,$37.00,,,,,,,,,,,$16.40,$40.99,,,,,,1,,,,,2015-12-02
3635482,Basketball Cards 2015 Panini Prizm,Lou Williams [Green Prizm] #172,$2.49,,,,,,,,,,,,$2.69,,,,,,0,,,,,2015-12-02
129965,Basketball Cards 2015 Panini Prizm,Lou Williams [Light Blue Prizm] #172,$2.40,,,,,$25.28,$33.00,$15.00,$15.00,,,,$2.59,,,,,,2,,,,,2015-12-02
3636005,Basketball Cards 2015 Panini Prizm,Lou Williams [Mojo Prizm] #172,$3.26,,,,,,,,,,,,$3.59,,,,,,1,,,,,2015-12-02
3636277,Basketball Cards 2015 Panini Prizm,Lou Williams [Orange Prizm] #172,$6.00,,,,,,,,,,,$1.30,$6.59,,,,,,1,,,,,2015-12-02
3636549,Basketball Cards 2015 Panini Prizm,Lou Williams [Orange Wave Prizm] #172,$1.99,,,,,,,,,,,,$2.19,,,,,,1,,,,,2015-12-02
129966,Basketball Cards 2015 Panini Prizm,Lou Williams [Purple Prizm] #172,$3.99,,,,,$55.36,$72.00,$33.00,$33.00,,,$0.90,$4.39,,,,,,2,,,,,2015-12-02
3637095,Basketball Cards 2015 Panini Prizm,"Lou Williams [Red, White, and Blue Prizm] #172",$3.99,,,,,,,,,,,$0.90,$4.39,,,,,,1,,,,,2015-12-02
3637356,Basketball Cards 2015 Panini Prizm,Lou Williams [Ruby Wave Prizm] #172,$6.63,,,,,,,,,,,$1.50,$7.29,,,,,,2,,,,,2015-12-02
3637585,Basketball Cards 2015 Panini Prizm,Lou Williams [Silver Prizm] #172,$1.89,,,,,$11.29,$15.00,$7.00,$7.00,,,,$2.09,,,,,,2,,,,,2015-12-02
129967,Basketball Cards 2015 Panini Prizm,Lou Williams [White Sparkle Prizm] #172,,,,,,,,,,,,,,,,,,,0,,,,,2015-12-02
3634571,Basketball Cards 2015 Panini Prizm,Luis Scola #111,$1.69,,,,,,,,,,,,$1.89,,,,,,1,,,,,2015-12-02
12272341,Basketball Cards 2015 Panini Prizm,Luis Scola [Black Prizm] #111,,,,,,,,,,,,,,,,,,,0,,,,,2015-12-02
3634891,Basketball Cards 2015 Panini Prizm,Luis Scola [Flash Prizm] #111,$0.25,,,,,,,,,,,,$0.99,,,,,,0,,,,,2015-12-02
3635154,Basketball Cards 2015 Panini Prizm,Luis Scola [Gold Prizm] #111,,,,,,,,,,,,,,,,,,,0,,,,,2015-12-02
3635425,Basketball Cards 2015 Panini Prizm,Luis Scola [Green Prizm] #111,$5.04,,,,,,,,,,,$1.10,$5.49,,,,,,0,,,,,2015-12-02
3635689,Basketball Cards 2015 Panini Prizm,Luis Scola [Light Blue Prizm] #111,$2.25,,,,,,,,,,,,$2.49,,,,,,1,,,,,2015-12-02
3635952,Basketball Cards 2015 Panini Prizm,Luis Scola [Mojo Prizm] #111,$14.99,,,,,,,,,,,$4.00,$15.99,,,,,,1,,,,,2015-12-02
3636219,Basketball Cards 2015 Panini Prizm,Luis Scola [Orange Prizm] #111,$1.75,,,,,,,,,,,,$1.89,,,,,,1,,,,,2015-12-02
3636492,Basketball Cards 2015 Panini Prizm,Luis Scola [Orange Wave Prizm] #111,$0.69,,,,,,,,,,,,$0.99,,,,,,1,,,,,2015-12-02
3636772,Basketball Cards 2015 Panini Prizm,Luis Scola [Purple Prizm] #111,$2.49,,,,,,,,,,,,$2.69,,,,,,0,,,,,2015-12-02
3637043,Basketball Cards 2015 Panini Prizm,"Luis Scola [Red, White, and Blue Prizm] #111",$1.89,,,,,,,,,,,,$2.09,,,,,,1,,,,,2015-12-02
3637303,Basketball Cards 2015 Panini Prizm,Luis Scola [Ruby Wave Prizm] #111,,,,,,,,,,,,,,,,,,,0,,,,,2015-12-02
3637548,Basketball Cards 2015 Panini Prizm,Luis Scola [Silver Prizm] #111,$1.00,,,,,,,,,,,,$1.09,,,,,,1,,,,,2015-12-02
3638039,Basketball Cards 2015 Panini Prizm,Luis Scola [White Sparkle Prizm] #111,$11.74,,,,,,,,,,,$3.30,$12.99,,,,,,0,,,,,2015-12-02
3634546,Basketball Cards 2015 Panini Prizm,Luol Deng #84,$1.24,,,,,,,,,,,,$1.39,,,,,,1,,,,,2015-12-02
12272487,Basketball Cards 2015 Panini Prizm,Luol Deng [Black Prizm] #84,,,,,,,,,,,,,,,,,,,0,,,,,2015-12-02
3634868,Basketball Cards 2015 Panini Prizm,Luol Deng [Flash Prizm] #84,$1.35,,,,,,,,,,,,$1.49,,,,,,1,,,,,2015-12-02
3635129,Basketball Cards 2015 Panini Prizm,Luol Deng [Gold Prizm] #84,,,,,,,,,,,,,,,,,,,0,,,,,2015-12-02
3635399,Basketball Cards 2015 Panini Prizm,Luol Deng [Green Prizm] #84,$0.25,,,,,,,,,,,,$0.99,,,,,,0,,,,,2015-12-02
3635666,Basketball Cards 2015 Panini Prizm,Luol Deng [Light Blue Prizm] #84,$3.88,,,,,,,,,,,$0.90,$4.29,,,,,,1,,,,,2015-12-02
3635930,Basketball Cards 2015 Panini Prizm,Luol Deng [Mojo Prizm] #84,$8.79,,,,,,,,,,,$1.90,$9.69,,,,,,1,,,,,2015-12-02
3636194,Basketball Cards 2015 Panini Prizm,Luol Deng [Orange Prizm] #84,$3.42,,,,,,,,,,,$0.80,$3.79,,,,,,1,,,,,2015-12-02
3636468,Basketball Cards 2015 Panini Prizm,Luol Deng [Orange Wave Prizm] #84,$2.25,,,,,,,,,,,,$2.49,,,,,,1,,,,,2015-12-02
3636745,Basketball Cards 2015 Panini Prizm,Luol Deng [Purple Prizm] #84,$2.42,,,,,,,,,,,,$2.69,,,,,,1,,,,,2015-12-02
3637021,Basketball Cards 2015 Panini Prizm,"Luol Deng [Red, White, and Blue Prizm] #84",$1.79,,,,,,,,,,,,$1.99,,,,,,1,,,,,2015-12-02
3637280,Basketball Cards 2015 Panini Prizm,Luol Deng [Ruby Wave Prizm] #84,$2.99,,,,,,,,,,,,$3.29,,,,,,1,,,,,2015-12-02
3637528,Basketball Cards 2015 Panini Prizm,Luol Deng [Silver Prizm] #84,$0.99,,,,,,,,,,,,$1.09,,,,,,1,,,,,2015-12-02
3638014,Basketball Cards 2015 Panini Prizm,Luol Deng [White Sparkle Prizm] #84,$9.99,,,,,,,,,,,$2.80,$10.99,,,,,,1,,,,,2015-12-02
130074,Basketball Cards 2015 Panini Prizm,Magic Johnson #248,$1.95,,$6.56,$8.73,$22.69,$24.99,$30.00,$15.00,$15.00,,,,$2.19,,,$1.40,$7.19,,10,,,,,2015-12-02
12272600,Basketball Cards 2015 Panini Prizm,Magic Johnson [Black Prizm] #248,,,,,,,,,,,,,,,,,,,0,,,,,2015-12-02
130075,Basketball Cards 2015 Panini Prizm,Magic Johnson [Flash Prizm] #248,$3.99,,$18.65,$21.00,$21.00,$21.02,$27.00,$13.00,$13.00,,,$0.90,$4.39,,,$6.30,$20.99,,6,,,,,2015-12-02
3635275,Basketball Cards 2015 Panini Prizm,Magic Johnson [Gold Prizm] #248,,,,$1200.00,$1250.00,$1275.03,$1658.00,$765.00,$765.00,,,,,,,,,,2,,,,,2015-12-02
3635552,Basketball Cards 2015 Panini Prizm,Magic Johnson [Green Prizm] #248,$10.00,,,$24.95,$27.00,$89.20,$116.00,$54.00,$54.00,,,$2.80,$10.99,,,,,,3,,,,,2015-12-02
3635808,Basketball Cards 2015 Panini Prizm,Magic Johnson [Light Blue Prizm] #248,$12.76,,,$18.00,$20.00,$67.50,$88.00,$41.00,$41.00,,,$3.50,$13.99,,,,,,4,,,,,2015-12-02
3636073,Basketball Cards 2015 Panini Prizm,Magic Johnson [Mojo Prizm] #248,$50.00,,,,,$479.00,$623.00,$287.00,$287.00,,,$22.00,$54.99,,,,,,2,,,,,2015-12-02
130076,Basketball Cards 2015 Panini Prizm,Magic Johnson [Orange Prizm] #248,$13.50,,$26.00,,,$65.97,$86.00,$40.00,$40.00,,,$3.80,$14.99,,,$8.70,$28.99,,3,,,,,2015-12-02
130077,Basketball Cards 2015 Panini Prizm,Magic Johnson [Orange Wave Prizm] #248,$5.00,,,,,$68.00,$88.00,$41.00,$41.00,,,$1.10,$5.49,,,,,,3,,,,,2015-12-02
130078,Basketball Cards 2015 Panini Prizm,Magic Johnson [Purple Prizm] #248,$21.34,,,,,,$72.00,,,,,$6.90,$22.99,,,,,,2,,,,,2015-12-02
130079,Basketball Cards 2015 Panini Prizm,"Magic Johnson [Red, White, and Blue Prizm] #248",$3.00,,$8.05,$9.00,$86.00,$87.48,$114.00,$52.00,$52.00,,,,$3.29,,,$1.80,$8.89,,6,,,,,2015-12-02
130080,Basketball Cards 2015 Panini Prizm,Magic Johnson [Ruby Wave Prizm] #248,$8.27,,$34.95,$38.00,$42.00,$148.75,$193.00,$89.00,$89.00,,,$1.80,$9.09,,,$15.20,$37.99,,5,,,,,2015-12-02
130081,Basketball Cards 2015 Panini Prizm,Magic Johnson [Silver Prizm] #248,$2.99,,$10.41,$13.98,$15.00,$80.83,$105.00,$49.00,$49.00,,,,$3.29,,,$2.80,$10.99,,12,,,,,2015-12-02
130083,Basketball Cards 2015 Panini Prizm,Magic Johnson [White Sparkle Prizm] #248,$62.22,,,$164.44,$181.00,,,,,,,$27.20,$67.99,,,,,,2,,,,,2015-12-02
3634535,Basketball Cards 2015 Panini Prizm,Manu Ginobili #71,$1.39,,$5.68,$14.99,$16.00,$24.99,$32.00,$15.00,$15.00,,,,$1.49,,,$1.30,$6.29,,6,,,,,2015-12-02
12272451,Basketball Cards 2015 Panini Prizm,Manu Ginobili [Black Prizm] #71,,,,,,,,,,,,,,,,,,,0,,,,,2015-12-02
129820,Basketball Cards 2015 Panini Prizm,Manu Ginobili [Flash Prizm] #71,$7.01,,,$9.50,$10.00,$41.00,$53.00,$25.00,$25.00,,,$1.50,$7.69,,,,,,3,,,,,2015-12-02
3635117,Basketball Cards 2015 Panini Prizm,Manu Ginobili [Gold Prizm] #71,,,,,,,,,,,,,,,,,,,0,,,,,2015-12-02
3635387,Basketball Cards 2015 Panini Prizm,Manu Ginobili [Green Prizm] #71,$3.99,,,,,,,,,,,$0.90,$4.39,,,,,,3,,,,,2015-12-02
3635656,Basketball Cards 2015 Panini Prizm,Manu Ginobili [Light Blue Prizm] #71,$3.91,,,,,$74.99,$97.00,$45.00,$45.00,,,$0.90,$4.29,,,,,,3,,,,,2015-12-02
129821,Basketball Cards 2015 Panini Prizm,Manu Ginobili [Mojo Prizm] #71,,,,,,,,,,,,,,,,,,,0,,,,,2015-12-02
3636183,Basketball Cards 2015 Panini Prizm,Manu Ginobili [Orange Prizm] #71,$19.99,,,,,,,,,,,$6.60,$21.99,,,,,,1,,,,,2015-12-02
3636456,Basketball Cards 2015 Panini Prizm,Manu Ginobili [Orange Wave Prizm] #71,$3.99,,,,,,,,,,,$0.90,$4.39,,,,,,2,,,,,2015-12-02
3636734,Basketball Cards 2015 Panini Prizm,Manu Ginobili [Purple Prizm] #71,$12.04,,,$30.00,$33.00,,,,,,,$3.30,$12.99,,,,,,2,,,,,2015-12-02
3637008,Basketball Cards 2015 Panini Prizm,"Manu Ginobili [Red, White, and Blue Prizm] #71",$3.99,,,,,,,,,,,$0.90,$4.39,,,,,,3,,,,,2015-12-02
3637268,Basketball Cards 2015 Panini Prizm,Manu Ginobili [Ruby Wave Prizm] #71,$3.94,,,,,,,,,,,$0.90,$4.29,,,,,,3,,,,,2015-12-02
129822,Basketball Cards 2015 Panini Prizm,Manu Ginobili [Silver Prizm] #71,$1.49,,,$15.96,$18.00,,,,,,,,$1.59,,,,,,6,,,,,2015-12-02
3638002,Basketball Cards 2015 Panini Prizm,Manu Ginobili [White Sparkle Prizm] #71,,,,,,,,,,,,,,,,,,,0,,,,,2015-12-02
3634501,Basketball Cards 2015 Panini Prizm,Marc Gasol #34,$1.25,,,$3.99,$4.00,,,,,,,,$1.39,,,,,,2,,,,,2015-12-02
3634772,Basketball Cards 2015 Panini Prizm,Marc Gasol #363,$0.99,,,,,,,,,,,,$1.09,,,,,,2,,,,,2015-12-02
3634777,Basketball Cards 2015 Panini Prizm,Marc Gasol #379,$1.06,,,,,,,,,,,,$1.19,,,,,,2,,,,,2015-12-02
12272368,Basketball Cards 2015 Panini Prizm,Marc Gasol [Black Prizm] #34,,,,,,,,,,,,,,,,,,,0,,,,,2015-12-02
12272615,Basketball Cards 2015 Panini Prizm,Marc Gasol [Black Prizm] #363,,,,,,,,,,,,,,,,,,,0,,,,,2015-12-02
12272645,Basketball Cards 2015 Panini Prizm,Marc Gasol [Black Prizm] #379,,,,,,,,,,,,,,,,,,,0,,,,,2015-12-02
3634826,Basketball Cards 2015 Panini Prizm,Marc Gasol [Flash Prizm] #34,$1.24,,,,,,,,,,,,$1.39,,,,,,1,,,,,2015-12-02
3638553,Basketball Cards 2015 Panini Prizm,Marc Gasol [Flash Prizm] #363,$1.80,,,,,,,,,,,,$1.99,,,,,,1,,,,,2015-12-02
3638773,Basketball Cards 2015 Panini Prizm,Marc Gasol [Flash Prizm] #379,$2.70,,,,,,,,,,,,$2.99,,,,,,1,,,,,2015-12-02
129766,Basketball Cards 2015 Panini Prizm,Marc Gasol [Gold Prizm] #34,$58.00,,,$80.00,$88.00,,,,,,,$25.60,$63.99,,,,,,2,,,,,2015-12-02
3638570,Basketball Cards 2015 Panini Prizm,Marc Gasol [Gold Prizm] #363,$44.24,,,,,,,,,,,$19.60,$48.99,,,,,,0,,,,,2015-12-02
3638792,Basketball Cards 2015 Panini Prizm,Marc Gasol [Gold Prizm] #379,,,,$150.00,$165.00,,,,,,,,,,,,,,1,,,,,2015-12-02
3635353,Basketball Cards 2015 Panini Prizm,Marc Gasol [Green Prizm] #34,$2.00,,,,,,,,,,,,$2.19,,,,,,0,,,,,2015-12-02
3638591,Basketball Cards 2015 Panini Prizm,Marc Gasol [Green Prizm] #363,$2.25,,,,,,,,,,,,$2.49,,,,,,1,,,,,2015-12-02
3638810,Basketball Cards 2015 Panini Prizm,Marc Gasol [Green Prizm] #379,$2.84,,,,,,,,,,,,$3.09,,,,,,0,,,,,2015-12-02
3635625,Basketball Cards 2015 Panini Prizm,Marc Gasol [Light Blue Prizm] #34,$4.99,,,,,,,,,,,$1.10,$5.49,,,,,,1,,,,,2015-12-02
3638609,Basketball Cards 2015 Panini Prizm,Marc Gasol [Light Blue Prizm] #363,$3.99,,,,,,,,,,,$0.90,$4.39,,,,,,1,,,,,2015-12-02
3638826,Basketball Cards 2015 Panini Prizm,Marc Gasol [Light Blue Prizm] #379,$3.99,,,,,,,,,,,$0.90,$4.39,,,,,,1,,,,,2015-12-02
3635886,Basketball Cards 2015 Panini Prizm,Marc Gasol [Mojo Prizm] #34,$10.00,,,,,,,,,,,$2.80,$10.99,,,,,,1,,,,,2015-12-02
3638625,Basketball Cards 2015 Panini Prizm,Marc Gasol [Mojo Prizm] #363,,,,,,,,,,,,,,,,,,,0,,,,,2015-12-02
3638839,Basketball Cards 2015 Panini Prizm,Marc Gasol [Mojo Prizm] #379,$15.19,,,,,,,,,,,$4.30,$16.99,,,,,,1,,,,,2015-12-02
3636152,Basketball Cards 2015 Panini Prizm,Marc Gasol [Orange Prizm] #34,$2.02,,,,,,,,,,,,$2.19,,,,,,1,,,,,2015-12-02
3638640,Basketball Cards 2015 Panini Prizm,Marc Gasol [Orange Prizm] #363,$5.00,,,,,,,,,,,$1.10,$5.49,,,,,,1,,,,,2015-12-02
3638856,Basketball Cards 2015 Panini Prizm,Marc Gasol [Orange Prizm] #379,$2.99,,,,,,,,,,,,$3.29,,,,,,1,,,,,2015-12-02
3636423,Basketball Cards 2015 Panini Prizm,Marc Gasol [Orange Wave Prizm] #34,$2.79,,,,,,,,,,,,$3.09,,,,,,1,,,,,2015-12-02
3638658,Basketball Cards 2015 Panini Prizm,Marc Gasol [Orange Wave Prizm] #363,$0.25,,,,,,,,,,,,$0.99,,,,,,0,,,,,2015-12-02
3638873,Basketball Cards 2015 Panini Prizm,Marc Gasol [Orange Wave Prizm] #379,$2.99,,,,,,,,,,,,$3.29,,,,,,1,,,,,2015-12-02
3636701,Basketball Cards 2015 Panini Prizm,Marc Gasol [Purple Prizm] #34,$3.00,,,,,,,,,,,,$3.29,,,,,,1,,,,,2015-12-02
3638677,Basketball Cards 2015 Panini Prizm,Marc Gasol [Purple Prizm] #363,$4.89,,,,,,,,,,,$1.10,$5.39,,,,,,1,,,,,2015-12-02
3638891,Basketball Cards 2015 Panini Prizm,Marc Gasol [Purple Prizm] #379,$3.23,,,,,,,,,,,,$3.59,,,,,,1,,,,,2015-12-02
3636978,Basketball Cards 2015 Panini Prizm,"Marc Gasol [Red, White, and Blue Prizm] #34",$1.88,,,,,,,,,,,,$2.09,,,,,,2,,,,,2015-12-02
3638696,Basketball Cards 2015 Panini Prizm,"Marc Gasol [Red, White, and Blue Prizm] #363",$1.99,,,,,,,,,,,,$2.19,,,,,,1,,,,,2015-12-02
3638910,Basketball Cards 2015 Panini Prizm,"Marc Gasol [Red, White, and Blue Prizm] #379",$1.77,,,,,,,,,,,,$1.99,,,,,,1,,,,,2015-12-02
3637235,Basketball Cards 2015 Panini Prizm,Marc Gasol [Ruby Wave Prizm] #34,$1.69,,,,,,,,,,,,$1.89,,,,,,1,,,,,2015-12-02
3638714,Basketball Cards 2015 Panini Prizm,Marc Gasol [Ruby Wave Prizm] #363,$2.49,,,,,,,,,,,,$2.69,,,,,,2,,,,,2015-12-02
130646,Basketball Cards 2015 Panini Prizm,Marc Gasol [Ruby Wave Prizm] #379,$1.00,,,,,,,,,,,,$1.09,,,,,,1,,,,,2015-12-02
129767,Basketball Cards 2015 Panini Prizm,Marc Gasol [Silver Prizm] #34,$1.97,,,$3.25,$4.00,,,,,,,,$2.19,,,,,,2,,,,,2015-12-02
3638729,Basketball Cards 2015 Panini Prizm,Marc Gasol [Silver Prizm] #363,$2.08,,,,,$19.99,$26.00,$12.00,$12.00,,,,$2.29,,,,,,2,,,,,2015-12-02
3638934,Basketball Cards 2015 Panini Prizm,Marc Gasol [Silver Prizm] #379,$1.12,,$0.99,,,$10.03,$13.00,$6.00,$6.00,,,,$1.19,,,,$1.09,,3,,,,,2015-12-02
3637969,Basketball Cards 2015 Panini Prizm,Marc Gasol [White Sparkle Prizm] #34,$20.50,,,,$76.00,,,,,,,$6.90,$22.99,,,,,,2,,,,,2015-12-02
3638765,Basketball Cards 2015 Panini Prizm,Marc Gasol [White Sparkle Prizm] #363,,,,,,,,,,,,,,,,,,,0,,,,,2015-12-02
3638966,Basketball Cards 2015 Panini Prizm,Marc Gasol [White Sparkle Prizm] #379,$7.50,,,,$49.00,,,,,,,$1.70,$8.29,,,,,,2,,,,,2015-12-02
3634481,Basketball Cards 2015 Panini Prizm,Marcin Gortat #13,$0.99,,,,,,,,,,,,$1.09,,,,,,1,,,,,2015-12-02
12272321,Basketball Cards 2015 Panini Prizm,Marcin Gortat [Black Prizm] #13,,,,,,,,,,,,,,,,,,,0,,,,,2015-12-02
3634805,Basketball Cards 2015 Panini Prizm,Marcin Gortat [Flash Prizm] #13,$1.25,,,,,,,,,,,,$1.39,,,,,,1,,,,,2015-12-02
3635067,Basketball Cards 2015 Panini Prizm,Marcin Gortat [Gold Prizm] #13,,,,,,,,,,,,,,,,,,,0,,,,,2015-12-02
3635334,Basketball Cards 2015 Panini Prizm,Marcin Gortat [Green Prizm] #13,$4.84,,,,,,,,,,,$1.10,$5.29,,,,,,0,,,,,2015-12-02
3635608,Basketball Cards 2015 Panini Prizm,Marcin Gortat [Light Blue Prizm] #13,$0.99,,,,,,,,,,,,$1.09,,,,,,1,,,,,2015-12-02
3635866,Basketball Cards 2015 Panini Prizm,Marcin Gortat [Mojo Prizm] #13,,,,,,,,,,,,,,,,,,,0,,,,,2015-12-02
3636133,Basketball Cards 2015 Panini Prizm,Marcin Gortat [Orange Prizm] #13,$1.29,,,,,,,,,,,,$1.39,,,,,,1,,,,,2015-12-02
3636402,Basketball Cards 2015 Panini Prizm,Marcin Gortat [Orange Wave Prizm] #13,$1.35,,,,,,,,,,,,$1.49,,,,,,1,,,,,2015-12-02
3636681,Basketball Cards 2015 Panini Prizm,Marcin Gortat [Purple Prizm] #13,$4.99,,,,,,,,,,,$1.10,$5.49,,,,,,1,,,,,2015-12-02
3636957,Basketball Cards 2015 Panini Prizm,"Marcin Gortat [Red, White, and Blue Prizm] #13",$0.25,,,,,,,,,,,,$0.99,,,,,,0,,,,,2015-12-02
3637214,Basketball Cards 2015 Panini Prizm,Marcin Gortat [Ruby Wave Prizm] #13,$2.00,,,,,,,,,,,,$2.19,,,,,,1,,,,,2015-12-02
3637479,Basketball Cards 2015 Panini Prizm,Marcin Gortat [Silver Prizm] #13,$0.25,,,,,,,,,,,,$0.99,,,,,,0,,,,,2015-12-02
3637948,Basketball Cards 2015 Panini Prizm,Marcin Gortat [White Sparkle Prizm] #13,$10.00,,,,,,,,,,,$2.80,$10.99,,,,,,1,,,,,2015-12-02
3634670,Basketball Cards 2015 Panini Prizm,Marco Belinelli #219,$1.39,,,,,,,,,,,,$1.49,,,,,,1,,,,,2015-12-02
12272489,Basketball Cards 2015 Panini Prizm,Marco Belinelli [Black Prizm] #219,,,,,,,,,,,,,,,,,,,0,,,,,2015-12-02
3380298,Basketball Cards 2015 Panini Prizm,Marco Belinelli [Flash Prizm] #219,$1.50,,,,,,,,,,,,$1.69,,,,,,1,,,,,2015-12-02
3635249,Basketball Cards 2015 Panini Prizm,Marco Belinelli [Gold Prizm] #219,$102.50,,,,,,,,,,,$56.50,$113.00,,,,,,1,,,,,2015-12-02
3635525,Basketball Cards 2015 Panini Prizm,Marco Belinelli [Green Prizm] #219,$0.25,,,,,,,,,,,,$0.99,,,,,,0,,,,,2015-12-02
3635783,Basketball Cards 2015 Panini Prizm,Marco Belinelli [Light Blue Prizm] #219,$1.08,,,,,,,,,,,,$1.19,,,,,,1,,,,,2015-12-02
3636045,Basketball Cards 2015 Panini Prizm,Marco Belinelli [Mojo Prizm] #219,,,,,,,,,,,,,,,,,,,0,,,,,2015-12-02
3636318,Basketball Cards 2015 Panini Prizm,Marco Belinelli [Orange Prizm] #219,$2.84,,,,,,,,,,,,$3.09,,,,,,1,,,,,2015-12-02
3636592,Basketball Cards 2015 Panini Prizm,Marco Belinelli [Orange Wave Prizm] #219,$0.25,,,,,,,,,,,,$0.99,,,,,,0,,,,,2015-12-02
3636870,Basketball Cards 2015 Panini Prizm,Marco Belinelli [Purple Prizm] #219,$2.99,,,,,,,,,,,,$3.29,,,,,,1,,,,,2015-12-02
3637137,Basketball Cards 2015 Panini Prizm,"Marco Belinelli [Red, White, and Blue Prizm] #219",$1.50,,,,,,,,,,,,$1.69,,,,,,1,,,,,2015-12-02
3637399,Basketball Cards 2015 Panini Prizm,Marco Belinelli [Ruby Wave Prizm] #219,$1.99,,,,,,,,,,,,$2.19,,,,,,1,,,,,2015-12-02
3637618,Basketball Cards 2015 Panini Prizm,Marco Belinelli [Silver Prizm] #219,$0.25,,,,,,,,,,,,$0.99,,,,,,0,,,,,2015-12-02
3638135,Basketball Cards 2015 Panini Prizm,Marco Belinelli [White Sparkle Prizm] #219,,,,,,,,,,,,,,,,,,,0,,,,,2015-12-02
3634570,Basketball Cards 2015 Panini Prizm,Marcus Morris #110,$1.00,,,,,,,,,,,,$1.09,,,,,,1,,,,,2015-12-02
12272352,Basketball Cards 2015 Panini Prizm,Marcus Morris [Black Prizm] #110,,,,,,,,,,,,,,,,,,,0,,,,,2015-12-02
3634892,Basketball Cards 2015 Panini Prizm,Marcus Morris [Flash Prizm] #110,$0.25,,,,,,,,,,,,$0.99,,,,,,0,,,,,2015-12-02
3635153,Basketball Cards 2015 Panini Prizm,Marcus Morris [Gold Prizm] #110,$23.27,,,$77.79,$86.00,,,,,,,$7.80,$25.99,,,,,,2,,,,,2015-12-02
3635424,Basketball Cards 2015 Panini Prizm,Marcus Morris [Green Prizm] #110,$0.25,,,,,,,,,,,,$0.99,,,,,,0,,,,,2015-12-02
3635688,Basketball Cards 2015 Panini Prizm,Marcus Morris [Light Blue Prizm] #110,$3.41,,,,,,,,,,,$0.80,$3.79,,,,,,1,,,,,2015-12-02
3635951,Basketball Cards 2015 Panini Prizm,Marcus Morris [Mojo Prizm] #110,$2.77,,,,,,,,,,,,$3.09,,,,,,1,,,,,2015-12-02
3636218,Basketball Cards 2015 Panini Prizm,Marcus Morris [Orange Prizm] #110,$1.30,,,,,,,,,,,,$1.39,,,,,,1,,,,,2015-12-02
3636491,Basketball Cards 2015 Panini Prizm,Marcus Morris [Orange Wave Prizm] #110,$2.84,,,,,,,,,,,,$3.09,,,,,,1,,,,,2015-12-02
3636771,Basketball Cards 2015 Panini Prizm,Marcus Morris [Purple Prizm] #110,$2.12,,,,,,,,,,,,$2.29,,,,,,1,,,,,2015-12-02
3637042,Basketball Cards 2015 Panini Prizm,"Marcus Morris [Red, White, and Blue Prizm] #110",$0.99,,,,,,,,,,,,$1.09,,,,,,1,,,,,2015-12-02
3637302,Basketball Cards 2015 Panini Prizm,Marcus Morris [Ruby Wave Prizm] #110,$1.88,,,,,,,,,,,,$2.09,,,,,,1,,,,,2015-12-02
3637547,Basketball Cards 2015 Panini Prizm,Marcus Morris [Silver Prizm] #110,$0.99,,,,,,,,,,,,$1.09,,,,,,1,,,,,2015-12-02
3638038,Basketball Cards 2015 Panini Prizm,Marcus Morris [White Sparkle Prizm] #110,,,,,,,,,,,,,,,,,,,0,,,,,2015-12-02
3634596,Basketball Cards 2015 Panini Prizm,Marcus Smart #138,$0.99,,,,,,,,,,,,$1.09,,,,,,2,,,,,2015-12-02
12272420,Basketball Cards 2015 Panini Prizm,Marcus Smart [Black Prizm] #138,,,,,,,,,,,,,,,,,,,0,,,,,2015-12-02
3634916,Basketball Cards 2015 Panini Prizm,Marcus Smart [Flash Prizm] #138,$3.53,,,,,,,,,,,$0.80,$3.89,,,,,,1,,,,,2015-12-02
3635179,Basketball Cards 2015 Panini Prizm,Marcus Smart [Gold Prizm] #138,$100.00,,,,,,,,,,,$55.00,$110.00,,,,,,1,,,,,2015-12-02
3635450,Basketball Cards 2015 Panini Prizm,Marcus Smart [Green Prizm] #138,$3.77,,,,,,,,,,,$0.80,$4.19,,,,,,1,,,,,2015-12-02
3635713,Basketball Cards 2015 Panini Prizm,Marcus Smart [Light Blue Prizm] #138,$3.87,,,,,,,,,,,$0.90,$4.29,,,,,,2,,,,,2015-12-02
3635976,Basketball Cards 2015 Panini Prizm,Marcus Smart [Mojo Prizm] #138,$3.99,,,,,,,,,,,$0.90,$4.39,,,,,,1,,,,,2015-12-02
3636245,Basketball Cards 2015 Panini Prizm,Marcus Smart [Orange Prizm] #138,$18.81,,,,,,,,,,,$6.30,$20.99,,,,,,1,,,,,2015-12-02
3636517,Basketball Cards 2015 Panini Prizm,Marcus Smart [Orange Wave Prizm] #138,$1.49,,,,,,,,,,,,$1.59,,,,,,1,,,,,2015-12-02
3636797,Basketball Cards 2015 Panini Prizm,Marcus Smart [Purple Prizm] #138,$1.92,,,,,,,,,,,,$2.09,,,,,,1,,,,,2015-12-02
3637066,Basketball Cards 2015 Panini Prizm,"Marcus Smart [Red, White, and Blue Prizm] #138",$1.55,,,,,,,,,,,,$1.69,,,,,,1,,,,,2015-12-02
3637326,Basketball Cards 2015 Panini Prizm,Marcus Smart [Ruby Wave Prizm] #138,$3.60,,,,,$27.99,$36.00,$17.00,$17.00,,,$0.80,$3.99,,,,,,3,,,,,2015-12-02
129903,Basketball Cards 2015 Panini Prizm,Marcus Smart [Silver Prizm] #138,$1.00,,,$13.49,$15.00,$35.99,$47.00,$22.00,$22.00,,,,$1.09,,,,,,3,,,,,2015-12-02
3638064,Basketball Cards 2015 Panini Prizm,Marcus Smart [White Sparkle Prizm] #138,$15.00,,,$43.67,$48.00,,,,,,,$4.30,$16.99,,,,,,1,,,,,2015-12-02
3634565,Basketball Cards 2015 Panini Prizm,Mario Chalmers #104,$2.13,,,,,,,,,,,,$2.29,,,,,,1,,,,,2015-12-02
12272325,Basketball Cards 2015 Panini Prizm,Mario Chalmers [Black Prizm] #104,,,,,,,,,,,,,,,,,,,0,,,,,2015-12-02
3634885,Basketball Cards 2015 Panini Prizm,Mario Chalmers [Flash Prizm] #104,$1.00,,,,,,,,,,,,$1.09,,,,,,1,,,,,2015-12-02
3635147,Basketball Cards 2015 Panini Prizm,Mario Chalmers [Gold Prizm] #104,,,,,,,,,,,,,,,,,,,0,,,,,2015-12-02
3635418,Basketball Cards 2015 Panini Prizm,Mario Chalmers [Green Prizm] #104,$0.25,,,,,,,,,,,,$0.99,,,,,,0,,,,,2015-12-02
3348617,Basketball Cards 2015 Panini Prizm,Mario Chalmers [Light Blue Prizm] #104,$1.99,,,,,,,,,,,,$2.19,,,,,,2,,,,,2015-12-02
3635946,Basketball Cards 2015 Panini Prizm,Mario Chalmers [Mojo Prizm] #104,$10.10,,,,,,,,,,,$2.80,$10.99,,,,,,1,,,,,2015-12-02
3636213,Basketball Cards 2015 Panini Prizm,Mario Chalmers [Orange Prizm] #104,$3.41,,,,,,,,,,,$0.80,$3.79,,,,,,1,,,,,2015-12-02
3636486,Basketball Cards 2015 Panini Prizm,Mario Chalmers [Orange Wave Prizm] #104,$1.44,,,,,,,,,,,,$1.59,,,,,,1,,,,,2015-12-02
3636766,Basketball Cards 2015 Panini Prizm,Mario Chalmers [Purple Prizm] #104,$10.97,,,,,,,,,,,$3.00,$11.99,,,,,,4,,,,,2015-12-02
3637037,Basketball Cards 2015 Panini Prizm,"Mario Chalmers [Red, White, and Blue Prizm] #104",$1.59,,,,,,,,,,,,$1.79,,,,,,1,,,,,2015-12-02
3637297,Basketball Cards 2015 Panini Prizm,Mario Chalmers [Ruby Wave Prizm] #104,$2.13,,,,,,,,,,,,$2.29,,,,,,2,,,,,2015-12-02
3637543,Basketball Cards 2015 Panini Prizm,Mario Chalmers [Silver Prizm] #104,$1.25,,,,,,,,,,,,$1.39,,,,,,1,,,,,2015-12-02
3638033,Basketball Cards 2015 Panini Prizm,Mario Chalmers [White Sparkle Prizm] #104,,,,,,,,,,,,,,,,,,,0,,,,,2015-12-02
130469,Basketball Cards 2015 Panini Prizm,Mario Hezonja #342,$1.37,,,$14.00,$15.00,,,,,,,,$1.49,,,,,,3,,,,,2015-12-02
12272561,Basketball Cards 2015 Panini Prizm,Mario Hezonja [Black Prizm] #342,,,,,,,,,,,,,,,,,,,0,,,,,2015-12-02
3638231,Basketball Cards 2015 Panini Prizm,Mario Hezonja [Flash Prizm] #342,$0.98,,,$9.99,$11.00,,,,,,,,$1.09,,,,,,2,,,,,2015-12-02
3638264,Basketball Cards 2015 Panini Prizm,Mario Hezonja [Gold Prizm] #342,$36.01,,,,,,,,,,,$16.00,$39.99,,,,,,1,,,,,2015-12-02
130468,Basketball Cards 2015 Panini Prizm,Mario Hezonja [Green Prizm] #342,$0.25,,,,,,,,,,,,$0.99,,,,,,0,,,,,2015-12-02
3638319,Basketball Cards 2015 Panini Prizm,Mario Hezonja [Light Blue Prizm] #342,$6.19,,,$7.50,$8.00,,,,,,,$1.40,$6.79,,,,,,2,,,,,2015-12-02
130470,Basketball Cards 2015 Panini Prizm,Mario Hezonja [Mojo Prizm] #342,$5.50,,,,$10.50,,,,,,,$1.20,$6.09,,,,,,2,,,,,2015-12-02
130471,Basketball Cards 2015 Panini Prizm,Mario Hezonja [Orange Prizm] #342,$4.00,,,,,$16.83,$22.00,$10.00,$10.00,,,$0.90,$4.39,,,,,,2,,,,,2015-12-02
3638392,Basketball Cards 2015 Panini Prizm,Mario Hezonja [Orange Wave Prizm] #342,$3.00,,,,,,,,,,,,$3.29,,,,,,0,,,,,2015-12-02
3638422,Basketball Cards 2015 Panini Prizm,Mario Hezonja [Purple Prizm] #342,$11.74,,,$15.50,$17.00,,,,,,,$3.30,$12.99,,,,,,1,,,,,2015-12-02
3638447,Basketball Cards 2015 Panini Prizm,"Mario Hezonja [Red, White, and Blue Prizm] #342",$1.25,,,,,,,,,,,,$1.39,,,,,,1,,,,,2015-12-02
3638470,Basketball Cards 2015 Panini Prizm,Mario Hezonja [Ruby Wave Prizm] #342,$2.00,,,,,,,,,,,,$2.19,,,,,,1,,,,,2015-12-02
130472,Basketball Cards 2015 Panini Prizm,Mario Hezonja [Silver Prizm] #342,$1.84,,,$10.02,$11.00,$45.17,$59.00,$27.00,$27.00,,,,$1.99,,,,,,6,,,,,2015-12-02
3638540,Basketball Cards 2015 Panini Prizm,Mario Hezonja [White Sparkle Prizm] #342,$9.99,,,,$36.00,,,,,,,$2.80,$10.99,,,,,,2,,,,,2015-12-02
3634724,Basketball Cards 2015 Panini Prizm,Mark Eaton #279,$1.00,,$3.99,$4.00,$4.00,$4.25,$6.00,$3.00,$3.00,,,,$1.09,,,$0.90,$4.39,,4,,,,,2015-12-02
12272662,Basketball Cards 2015 Panini Prizm,Mark Eaton [Black Prizm] #279,,,,,,,,,,,,,,,,,,,0,,,,,2015-12-02
3635039,Basketball Cards 2015 Panini Prizm,Mark Eaton [Flash Prizm] #279,$0.72,,,,,,,,,,,,$0.99,,,,,,1,,,,,2015-12-02
3635304,Basketball Cards 2015 Panini Prizm,Mark Eaton [Gold Prizm] #279,$27.76,,,,,,,,,,,$9.30,$30.99,,,,,,1,,,,,2015-12-02
3635579,Basketball Cards 2015 Panini Prizm,Mark Eaton [Green Prizm] #279,$1.39,,,,,,,,,,,,$1.49,,,,,,1,,,,,2015-12-02
3635835,Basketball Cards 2015 Panini Prizm,Mark Eaton [Light Blue Prizm] #279,$1.84,,,,,,,,,,,,$1.99,,,,,,1,,,,,2015-12-02
3636100,Basketball Cards 2015 Panini Prizm,Mark Eaton [Mojo Prizm] #279,$9.74,,,,,,,,,,,$2.80,$10.99,,,,,,1,,,,,2015-12-02
3636370,Basketball Cards 2015 Panini Prizm,Mark Eaton [Orange Prizm] #279,$2.99,,,,,,,,,,,,$3.29,,,,,,1,,,,,2015-12-02
3636650,Basketball Cards 2015 Panini Prizm,Mark Eaton [Orange Wave Prizm] #279,$0.99,,,,,,,,,,,,$1.09,,,,,,1,,,,,2015-12-02
3636927,Basketball Cards 2015 Panini Prizm,Mark Eaton [Purple Prizm] #279,$5.55,,,,,,,,,,,$1.20,$6.09,,,,,,1,,,,,2015-12-02
3637186,Basketball Cards 2015 Panini Prizm,"Mark Eaton [Red, White, and Blue Prizm] #279",$0.25,,,,,,,,,,,,$0.99,,,,,,0,,,,,2015-12-02
3637452,Basketball Cards 2015 Panini Prizm,Mark Eaton [Ruby Wave Prizm] #279,$1.99,,,,,,,,,,,,$2.19,,,,,,1,,,,,2015-12-02
3637636,Basketball Cards 2015 Panini Prizm,Mark Eaton [Silver Prizm] #279,$1.96,,,,,,,,,,,,$2.19,,,,,,1,,,,,2015-12-02
3638187,Basketball Cards 2015 Panini Prizm,Mark Eaton [White Sparkle Prizm] #279,$14.34,,,,,,,,,,,$4.00,$15.99,,,,,,0,,,,,2015-12-02
3634739,Basketball Cards 2015 Panini Prizm,Mark Jackson #294,$1.21,,,,,,,,,,,,$1.29,,,,,,2,,,,,2015-12-02
12272692,Basketball Cards 2015 Panini Prizm,Mark Jackson [Black Prizm] #294,,,,,,,,,,,,,,,,,,,0,,,,,2015-12-02
3635051,Basketball Cards 2015 Panini Prizm,Mark Jackson [Flash Prizm] #294,$0.25,,,,,,,,,,,,$0.99,,,,,,0,,,,,2015-12-02
3635318,Basketball Cards 2015 Panini Prizm,Mark Jackson [Gold Prizm] #294,,,,$53.00,$58.00,,,,,,,,,,,,,,1,,,,,2015-12-02
3635591,Basketball Cards 2015 Panini Prizm,Mark Jackson [Green Prizm] #294,$1.80,,,,,,,,,,,,$1.99,,,,,,1,,,,,2015-12-02
3635850,Basketball Cards 2015 Panini Prizm,Mark Jackson [Light Blue Prizm] #294,$1.75,,,,,,,,,,,,$1.89,,,,,,1,,,,,2015-12-02
3636115,Basketball Cards 2015 Panini Prizm,Mark Jackson [Mojo Prizm] #294,$5.97,,,,,,,,,,,$1.30,$6.59,,,,,,2,,,,,2015-12-02
3636384,Basketball Cards 2015 Panini Prizm,Mark Jackson [Orange Prizm] #294,$5.14,,,,,$29.99,$39.00,$18.00,$18.00,,,$1.10,$5.69,,,,,,2,,,,,2015-12-02
3636664,Basketball Cards 2015 Panini Prizm,Mark Jackson [Orange Wave Prizm] #294,$3.00,,,,,,,,,,,,$3.29,,,,,,1,,,,,2015-12-02
3636941,Basketball Cards 2015 Panini Prizm,Mark Jackson [Purple Prizm] #294,$1.44,,,,,,,,,,,,$1.59,,,,,,1,,,,,2015-12-02
3637196,Basketball Cards 2015 Panini Prizm,"Mark Jackson [Red, White, and Blue Prizm] #294",$0.25,,,,,,,,,,,,$0.99,,,,,,0,,,,,2015-12-02
3637466,Basketball Cards 2015 Panini Prizm,Mark Jackson [Ruby Wave Prizm] #294,$0.99,,,,,,,,,,,,$1.09,,,,,,3,,,,,2015-12-02
3637638,Basketball Cards 2015 Panini Prizm,Mark Jackson [Silver Prizm] #294,$0.99,,,,,,,,,,,,$1.09,,,,,,1,,,,,2015-12-02
3638200,Basketball Cards 2015 Panini Prizm,Mark Jackson [White Sparkle Prizm] #294,$9.00,,,,,,,,,,,$2.00,$9.89,,,,,,1,,,,,2015-12-02
3634650,Basketball Cards 2015 Panini Prizm,Markel Brown #198,$0.11,,,,,,,,,,,,$0.99,,,,,,1,,,,,2015-12-02
12272573,Basketball Cards 2015 Panini Prizm,Markel Brown [Black Prizm] #198,,,,,,,,,,,,,,,,,,,0,,,,,2015-12-02
3634970,Basketball Cards 2015 Panini Prizm,Markel Brown [Flash Prizm] #198,$0.25,,,,,,,,,,,,$0.99,,,,,,0,,,,,2015-12-02
3635231,Basketball Cards 2015 Panini Prizm,Markel Brown [Gold Prizm] #198,$23.35,,,,,,,,,,,$7.80,$25.99,,,,,,1,,,,,2015-12-02
3635505,Basketball Cards 2015 Panini Prizm,Markel Brown [Green Prizm] #198,$0.11,,,,,,,,,,,,$0.99,,,,,,1,,,,,2015-12-02
3635764,Basketball Cards 2015 Panini Prizm,Markel Brown [Light Blue Prizm] #198,$1.39,,,,,,,,,,,,$1.49,,,,,,1,,,,,2015-12-02
3636026,Basketball Cards 2015 Panini Prizm,Markel Brown [Mojo Prizm] #198,$3.42,,,,,,,,,,,$0.80,$3.79,,,,,,0,,,,,2015-12-02
3636300,Basketball Cards 2015 Panini Prizm,Markel Brown [Orange Prizm] #198,$2.55,,,,,,,,,,,,$2.79,,,,,,1,,,,,2015-12-02
3636572,Basketball Cards 2015 Panini Prizm,Markel Brown [Orange Wave Prizm] #198,$1.28,,,,,,,,,,,,$1.39,,,,,,1,,,,,2015-12-02
3636850,Basketball Cards 2015 Panini Prizm,Markel Brown [Purple Prizm] #198,$1.40,,,,,,,,,,,,$1.49,,,,,,1,,,,,2015-12-02
3637118,Basketball Cards 2015 Panini Prizm,"Markel Brown [Red, White, and Blue Prizm] #198",$0.25,,,,,,,,,,,,$0.99,,,,,,0,,,,,2015-12-02
3637379,Basketball Cards 2015 Panini Prizm,Markel Brown [Ruby Wave Prizm] #198,,,,,,,,,,,,,,,,,,,0,,,,,2015-12-02
3637603,Basketball Cards 2015 Panini Prizm,Markel Brown [Silver Prizm] #198,$0.25,,,,,,,,,,,,$0.99,,,,,,0,,,,,2015-12-02
3638115,Basketball Cards 2015 Panini Prizm,Markel Brown [White Sparkle Prizm] #198,$19.00,,,,,,,,,,,$6.30,$20.99,,,,,,1,,,,,2015-12-02
3634560,Basketball Cards 2015 Panini Prizm,Markieff Morris #99,$0.99,,,,,,,,,,,,$1.09,,,,,,1,,,,,2015-12-02
12272534,Basketball Cards 2015 Panini Prizm,Markieff Morris [Black Prizm] #99,,,,,,,,,,,,,,,,,,,0,,,,,2015-12-02
3380295,Basketball Cards 2015 Panini Prizm,Markieff Morris [Flash Prizm] #99,$0.99,,,,,,,,,,,,$1.09,,,,,,1,,,,,2015-12-02
3635142,Basketball Cards 2015 Panini Prizm,Markieff Morris [Gold Prizm] #99,$35.00,,,,,,,,,,,$15.60,$38.99,,,,,,1,,,,,2015-12-02
3635413,Basketball Cards 2015 Panini Prizm,Markieff Morris [Green Prizm] #99,$2.27,,,,,,,,,,,,$2.49,,,,,,0,,,,,2015-12-02
3635679,Basketball Cards 2015 Panini Prizm,Markieff Morris [Light Blue Prizm] #99,$1.19,,,,,,,,,,,,$1.29,,,,,,1,,,,,2015-12-02
129856,Basketball Cards 2015 Panini Prizm,Markieff Morris [Mojo Prizm] #99,$4.52,,,,,,,,,,,$1.00,$4.99,,,,,,1,,,,,2015-12-02
3636208,Basketball Cards 2015 Panini Prizm,Markieff Morris [Orange Prizm] #99,$10.89,,,,,,,,,,,$3.00,$11.99,,,,,,0,,,,,2015-12-02
3636481,Basketball Cards 2015 Panini Prizm,Markieff Morris [Orange Wave Prizm] #99,$0.25,,,,,,,,,,,,$0.99,,,,,,0,,,,,2015-12-02
3636761,Basketball Cards 2015 Panini Prizm,Markieff Morris [Purple Prizm] #99,$3.00,,,,,,,,,,,,$3.29,,,,,,0,,,,,2015-12-02
3637033,Basketball Cards 2015 Panini Prizm,"Markieff Morris [Red, White, and Blue Prizm] #99",$1.79,,,,,,,,,,,,$1.99,,,,,,1,,,,,2015-12-02
3637292,Basketball Cards 2015 Panini Prizm,Markieff Morris [Ruby Wave Prizm] #99,$0.99,,,,,,,,,,,,$1.09,,,,,,1,,,,,2015-12-02
3637539,Basketball Cards 2015 Panini Prizm,Markieff Morris [Silver Prizm] #99,$1.76,,,,,,,,,,,,$1.89,,,,,,1,,,,,2015-12-02
3638028,Basketball Cards 2015 Panini Prizm,Markieff Morris [White Sparkle Prizm] #99,,,,,,,,,,,,,,,,,,,0,,,,,2015-12-02
3634680,Basketball Cards 2015 Panini Prizm,Marreese Speights #230,$1.99,,,,,,,,,,,,$2.19,,,,,,4,,,,,2015-12-02
12272550,Basketball Cards 2015 Panini Prizm,Marreese Speights [Black Prizm] #230,,,,,,,,,,,,,,,,,,,0,,,,,2015-12-02
3635000,Basketball Cards 2015 Panini Prizm,Marreese Speights [Flash Prizm] #230,$1.39,,,,,,,,,,,,$1.49,,,,,,1,,,,,2015-12-02
3635260,Basketball Cards 2015 Panini Prizm,Marreese Speights [Gold Prizm] #230,,,,,,,,,,,,,,,,,,,0,,,,,2015-12-02
3635536,Basketball Cards 2015 Panini Prizm,Marreese Speights [Green Prizm] #230,$0.99,,,,,,,,,,,,$1.09,,,,,,1,,,,,2015-12-02
3635792,Basketball Cards 2015 Panini Prizm,Marreese Speights [Light Blue Prizm] #230,$1.69,,,,,,,,,,,,$1.89,,,,,,1,,,,,2015-12-02
3636056,Basketball Cards 2015 Panini Prizm,Marreese Speights [Mojo Prizm] #230,,,,,,,,,,,,,,,,,,,0,,,,,2015-12-02
3636329,Basketball Cards 2015 Panini Prizm,Marreese Speights [Orange Prizm] #230,$3.42,,,,,,,,,,,$0.80,$3.79,,,,,,1,,,,,2015-12-02
3636603,Basketball Cards 2015 Panini Prizm,Marreese Speights [Orange Wave Prizm] #230,$0.25,,,,,,,,,,,,$0.99,,,,,,0,,,,,2015-12-02
3636881,Basketball Cards 2015 Panini Prizm,Marreese Speights [Purple Prizm] #230,$3.00,,,,,,,,,,,,$3.29,,,,,,1,,,,,2015-12-02
3637148,Basketball Cards 2015 Panini Prizm,"Marreese Speights [Red, White, and Blue Prizm] #230",$1.99,,,,,,,,,,,,$2.19,,,,,,1,,,,,2015-12-02
3637410,Basketball Cards 2015 Panini Prizm,Marreese Speights [Ruby Wave Prizm] #230,$1.23,,,,,,,,,,,,$1.39,,,,,,1,,,,,2015-12-02
3637626,Basketball Cards 2015 Panini Prizm,Marreese Speights [Silver Prizm] #230,$1.90,,$6.52,$11.95,$22.62,$32.79,$43.00,$20.00,$20.00,,,,$2.09,,,$1.40,$7.19,,8,,,,,2015-12-02
3638146,Basketball Cards 2015 Panini Prizm,Marreese Speights [White Sparkle Prizm] #230,$19.99,,,,,$37.00,$48.00,$22.00,$22.00,,,$6.60,$21.99,,,,,,2,,,,,2015-12-02
3634471,Basketball Cards 2015 Panini Prizm,Marvin Williams #2,$0.99,,,,,,,,,,,,$1.09,,,,,,1,,,,,2015-12-02
12272311,Basketball Cards 2015 Panini Prizm,Marvin Williams [Black Prizm] #2,,,,,,,,,,,,,,,,,,,0,,,,,2015-12-02
3634794,Basketball Cards 2015 Panini Prizm,Marvin Williams [Flash Prizm] #2,$0.25,,,,,,,,,,,,$0.99,,,,,,0,,,,,2015-12-02
3635058,Basketball Cards 2015 Panini Prizm,Marvin Williams [Gold Prizm] #2,$49.99,,,,,,,,,,,$22.00,$54.99,,,,,,2,,,,,2015-12-02
3635325,Basketball Cards 2015 Panini Prizm,Marvin Williams [Green Prizm] #2,$0.25,,,,,,,,,,,,$0.99,,,,,,0,,,,,2015-12-02
3635598,Basketball Cards 2015 Panini Prizm,Marvin Williams [Light Blue Prizm] #2,$0.99,,,,,,,,,,,,$1.09,,,,,,1,,,,,2015-12-02
3635856,Basketball Cards 2015 Panini Prizm,Marvin Williams [Mojo Prizm] #2,$14.99,,,,,,,,,,,$4.00,$15.99,,,,,,1,,,,,2015-12-02
3636123,Basketball Cards 2015 Panini Prizm,Marvin Williams [Orange Prizm] #2,$3.21,,,,,,,,,,,,$3.49,,,,,,1,,,,,2015-12-02
3636391,Basketball Cards 2015 Panini Prizm,Marvin Williams [Orange Wave Prizm] #2,$1.99,,,,,,,,,,,,$2.19,,,,,,1,,,,,2015-12-02
3636670,Basketball Cards 2015 Panini Prizm,Marvin Williams [Purple Prizm] #2,$2.20,,,,,,,,,,,,$2.39,,,,,,1,,,,,2015-12-02
3636948,Basketball Cards 2015 Panini Prizm,"Marvin Williams [Red, White, and Blue Prizm] #2",$0.25,,,,,,,,,,,,$0.99,,,,,,0,,,,,2015-12-02
3637203,Basketball Cards 2015 Panini Prizm,Marvin Williams [Ruby Wave Prizm] #2,,,,,,,,,,,,,,,,,,,0,,,,,2015-12-02
3637472,Basketball Cards 2015 Panini Prizm,Marvin Williams [Silver Prizm] #2,$0.99,,,,,,,,,,,,$1.09,,,,,,1,,,,,2015-12-02
3637939,Basketball Cards 2015 Panini Prizm,Marvin Williams [White Sparkle Prizm] #2,$12.00,,,,,,,,,,,$3.30,$12.99,,,,,,1,,,,,2015-12-02
3634597,Basketball Cards 2015 Panini Prizm,Mason Plumlee #139,$1.68,,,,,,,,,,,,$1.89,,,,,,2,,,,,2015-12-02
12272415,Basketball Cards 2015 Panini Prizm,Mason Plumlee [Black Prizm] #139,,,,,,,,,,,,,,,,,,,0,,,,,2015-12-02
3634917,Basketball Cards 2015 Panini Prizm,Mason Plumlee [Flash Prizm] #139,$0.25,,,,,,,,,,,,$0.99,,,,,,0,,,,,2015-12-02
3635180,Basketball Cards 2015 Panini Prizm,Mason Plumlee [Gold Prizm] #139,$199.99,,,,,$51.00,$66.00,$31.00,$31.00,,,$110.00,$220.00,,,,,,1,,,,,2015-12-02
3635451,Basketball Cards 2015 Panini Prizm,Mason Plumlee [Green Prizm] #139,$0.25,,,,,,,,,,,,$0.99,,,,,,0,,,,,2015-12-02
3635714,Basketball Cards 2015 Panini Prizm,Mason Plumlee [Light Blue Prizm] #139,$1.45,,,,,,,,,,,,$1.59,,,,,,1,,,,,2015-12-02
3635977,Basketball Cards 2015 Panini Prizm,Mason Plumlee [Mojo Prizm] #139,,,,,,,,,,,,,,,,,,,0,,,,,2015-12-02
3636246,Basketball Cards 2015 Panini Prizm,Mason Plumlee [Orange Prizm] #139,$2.60,,,,,,,,,,,,$2.89,,,,,,1,,,,,2015-12-02
3636518,Basketball Cards 2015 Panini Prizm,Mason Plumlee [Orange Wave Prizm] #139,$1.28,,,,,,,,,,,,$1.39,,,,,,1,,,,,2015-12-02
3636798,Basketball Cards 2015 Panini Prizm,Mason Plumlee [Purple Prizm] #139,$2.45,,,,,,,,,,,,$2.69,,,,,,2,,,,,2015-12-02
3637067,Basketball Cards 2015 Panini Prizm,"Mason Plumlee [Red, White, and Blue Prizm] #139",$1.36,,,,,,,,,,,,$1.49,,,,,,1,,,,,2015-12-02
3637327,Basketball Cards 2015 Panini Prizm,Mason Plumlee [Ruby Wave Prizm] #139,$1.39,,,,,,,,,,,,$1.49,,,,,,1,,,,,2015-12-02
129905,Basketball Cards 2015 Panini Prizm,Mason Plumlee [Silver Prizm] #139,$1.38,,,,,$0.99,$1.00,$1.00,$1.00,,,,$1.49,,,,,,3,,,,,2015-12-02
3638065,Basketball Cards 2015 Panini Prizm,Mason Plumlee [White Sparkle Prizm] #139,$7.50,,,,,,,,,,,$1.70,$8.29,,,,,,1,,,,,2015-12-02
3634673,Basketball Cards 2015 Panini Prizm,Matt Barnes #222,$0.99,,,,,,,,,,,,$1.09,,,,,,1,,,,,2015-12-02
12272515,Basketball Cards 2015 Panini Prizm,Matt Barnes [Black Prizm] #222,,,,,,,,,,,,,,,,,,,0,,,,,2015-12-02
3634992,Basketball Cards 2015 Panini Prizm,Matt Barnes [Flash Prizm] #222,$0.99,,,,,,,,,,,,$1.09,,,,,,1,,,,,2015-12-02
3635252,Basketball Cards 2015 Panini Prizm,Matt Barnes [Gold Prizm] #222,$19.99,,,,,,,,,,,$6.60,$21.99,,,,,,1,,,,,2015-12-02
3635528,Basketball Cards 2015 Panini Prizm,Matt Barnes [Green Prizm] #222,$0.25,,,,,,,,,,,,$0.99,,,,,,0,,,,,2015-12-02
3635785,Basketball Cards 2015 Panini Prizm,Matt Barnes [Light Blue Prizm] #222,$1.42,,,,,,,,,,,,$1.59,,,,,,1,,,,,2015-12-02
3636048,Basketball Cards 2015 Panini Prizm,Matt Barnes [Mojo Prizm] #222,$8.50,,,,,,,,,,,$1.90,$9.39,,,,,,1,,,,,2015-12-02
3636321,Basketball Cards 2015 Panini Prizm,Matt Barnes [Orange Prizm] #222,$1.49,,,,,,,,,,,,$1.59,,,,,,1,,,,,2015-12-02
3636595,Basketball Cards 2015 Panini Prizm,Matt Barnes [Orange Wave Prizm] #222,$1.04,,,,,,,,,,,,$1.09,,,,,,1,,,,,2015-12-02
3636873,Basketball Cards 2015 Panini Prizm,Matt Barnes [Purple Prizm] #222,$1.97,,,,,,,,,,,,$2.19,,,,,,1,,,,,2015-12-02
3637140,Basketball Cards 2015 Panini Prizm,"Matt Barnes [Red, White, and Blue Prizm] #222",$1.25,,,,,,,,,,,,$1.39,,,,,,1,,,,,2015-12-02
3637402,Basketball Cards 2015 Panini Prizm,Matt Barnes [Ruby Wave Prizm] #222,$2.32,,,,,,,,,,,,$2.59,,,,,,2,,,,,2015-12-02
3637620,Basketball Cards 2015 Panini Prizm,Matt Barnes [Silver Prizm] #222,$1.16,,,,,,,,,,,,$1.29,,,,,,1,,,,,2015-12-02
3638138,Basketball Cards 2015 Panini Prizm,Matt Barnes [White Sparkle Prizm] #222,$9.99,,,,,,,,,,,$2.80,$10.99,,,,,,1,,,,,2015-12-02
3634621,Basketball Cards 2015 Panini Prizm,Matthew Dellavedova #165,$1.48,,,,,,,,,,,,$1.59,,,,,,2,,,,,2015-12-02
12272501,Basketball Cards 2015 Panini Prizm,Matthew Dellavedova [Black Prizm] #165,,,,,,,,,,,,,,,,,,,0,,,,,2015-12-02
3634940,Basketball Cards 2015 Panini Prizm,Matthew Dellavedova [Flash Prizm] #165,$1.40,,,,,,,,,,,,$1.49,,,,,,1,,,,,2015-12-02
3635203,Basketball Cards 2015 Panini Prizm,Matthew Dellavedova [Gold Prizm] #165,$159.50,,,,,,,,,,,$87.50,$175.00,,,,,,1,,,,,2015-12-02
3635476,Basketball Cards 2015 Panini Prizm,Matthew Dellavedova [Green Prizm] #165,$4.22,,,,,,,,,,,$0.90,$4.59,,,,,,1,,,,,2015-12-02
3635737,Basketball Cards 2015 Panini Prizm,Matthew Dellavedova [Light Blue Prizm] #165,$5.01,,,,,,,,,,,$1.10,$5.49,,,,,,2,,,,,2015-12-02
3636000,Basketball Cards 2015 Panini Prizm,Matthew Dellavedova [Mojo Prizm] #165,,,,,,,,,,,,,,,,,,,0,,,,,2015-12-02
3636271,Basketball Cards 2015 Panini Prizm,Matthew Dellavedova [Orange Prizm] #165,$6.23,,,,,,,,,,,$1.40,$6.89,,,,,,0,,,,,2015-12-02
3636543,Basketball Cards 2015 Panini Prizm,Matthew Dellavedova [Orange Wave Prizm] #165,$1.98,,,,,,,,,,,,$2.19,,,,,,1,,,,,2015-12-02
3636822,Basketball Cards 2015 Panini Prizm,Matthew Dellavedova [Purple Prizm] #165,$1.79,,,,,,,,,,,,$1.99,,,,,,1,,,,,2015-12-02
3637091,Basketball Cards 2015 Panini Prizm,"Matthew Dellavedova [Red, White, and Blue Prizm] #165",$2.01,,,,,,,,,,,,$2.19,,,,,,1,,,,,2015-12-02
3637350,Basketball Cards 2015 Panini Prizm,Matthew Dellavedova [Ruby Wave Prizm] #165,$1.99,,,,,,,,,,,,$2.19,,,,,,1,,,,,2015-12-02
3637582,Basketball Cards 2015 Panini Prizm,Matthew Dellavedova [Silver Prizm] #165,$1.97,,,,,,,,,,,,$2.19,,,,,,2,,,,,2015-12-02
129945,Basketball Cards 2015 Panini Prizm,Matthew Dellavedova [White Sparkle Prizm] #165,,,,,,,,,,,,,,,,,,,0,,,,,2015-12-02
3634744,Basketball Cards 2015 Panini Prizm,Maurice Cheeks #300,$0.82,,,,,,,,,,,,$0.99,,,,,,2,,,,,2015-12-02
12272697,Basketball Cards 2015 Panini Prizm,Maurice Cheeks [Black Prizm] #300,,,,,,,,,,,,,,,,,,,0,,,,,2015-12-02
3635056,Basketball Cards 2015 Panini Prizm,Maurice Cheeks [Flash Prizm] #300,$1.17,,,,,,,,,,,,$1.29,,,,,,1,,,,,2015-12-02
3635323,Basketball Cards 2015 Panini Prizm,Maurice Cheeks [Gold Prizm] #300,$157.50,,$199.38,,,,,,,,,$86.50,$173.00,,,$109.50,$219.00,,2,,,,,2015-12-02
3635596,Basketball Cards 2015 Panini Prizm,Maurice Cheeks [Green Prizm] #300,$1.39,,,,,,,,,,,,$1.49,,,,,,1,,,,,2015-12-02
3635855,Basketball Cards 2015 Panini Prizm,Maurice Cheeks [Light Blue Prizm] #300,$2.26,,,,,,,,,,,,$2.49,,,,,,2,,,,,2015-12-02
3636121,Basketball Cards 2015 Panini Prizm,Maurice Cheeks [Mojo Prizm] #300,$17.99,,,,,,,,,,,$5.00,$19.99,,,,,,1,,,,,2015-12-02
3636389,Basketball Cards 2015 Panini Prizm,Maurice Cheeks [Orange Prizm] #300,$3.13,,,,,,,,,,,,$3.39,,,,,,1,,,,,2015-12-02
3636668,Basketball Cards 2015 Panini Prizm,Maurice Cheeks [Orange Wave Prizm] #300,$1.50,,,,,,,,,,,,$1.69,,,,,,1,,,,,2015-12-02
3636946,Basketball Cards 2015 Panini Prizm,Maurice Cheeks [Purple Prizm] #300,$2.18,,,,,,,,,,,,$2.39,,,,,,1,,,,,2015-12-02
3637201,Basketball Cards 2015 Panini Prizm,"Maurice Cheeks [Red, White, and Blue Prizm] #300",$0.25,,,,,,,,,,,,$0.99,,,,,,0,,,,,2015-12-02
3637470,Basketball Cards 2015 Panini Prizm,Maurice Cheeks [Ruby Wave Prizm] #300,$2.86,,,,,,,,,,,,$3.19,,,,,,1,,,,,2015-12-02
3637642,Basketball Cards 2015 Panini Prizm,Maurice Cheeks [Silver Prizm] #300,$1.25,,$3.25,$4.00,$4.00,$5.06,$7.00,$3.00,$3.00,,,,$1.39,,,,$3.59,,5,,,,,2015-12-02
3638205,Basketball Cards 2015 Panini Prizm,Maurice Cheeks [White Sparkle Prizm] #300,$46.25,,,,,,,,,,,$20.40,$50.99,,,,,,1,,,,,2015-12-02
3634637,Basketball Cards 2015 Panini Prizm,Michael Carter-Williams #184,$0.25,,,,,,,,,,,,$0.99,,,,,,0,,,,,2015-12-02
12272547,Basketball Cards 2015 Panini Prizm,Michael Carter-Williams [Black Prizm] #184,,,,,,,,,,,,,,,,,,,0,,,,,2015-12-02
3634956,Basketball Cards 2015 Panini Prizm,Michael Carter-Williams [Flash Prizm] #184,$0.25,,,,,,,,,,,,$0.99,,,,,,0,,,,,2015-12-02
3635218,Basketball Cards 2015 Panini Prizm,Michael Carter-Williams [Gold Prizm] #184,$71.00,,,,,,,,,,,$31.20,$77.99,,,,,,1,,,,,2015-12-02
129996,Basketball Cards 2015 Panini Prizm,Michael Carter-Williams [Green Prizm] #184,$1.80,,,,,,,,,,,,$1.99,,,,,,1,,,,,2015-12-02
3635751,Basketball Cards 2015 Panini Prizm,Michael Carter-Williams [Light Blue Prizm] #184,$1.00,,,,,,,,,,,,$1.09,,,,,,1,,,,,2015-12-02
3636013,Basketball Cards 2015 Panini Prizm,Michael Carter-Williams [Mojo Prizm] #184,$7.15,,,,,,,,,,,$1.60,$7.89,,,,,,1,,,,,2015-12-02
3636288,Basketball Cards 2015 Panini Prizm,Michael Carter-Williams [Orange Prizm] #184,$3.61,,,,,,,,,,,$0.80,$3.99,,,,,,1,,,,,2015-12-02
3636559,Basketball Cards 2015 Panini Prizm,Michael Carter-Williams [Orange Wave Prizm] #184,$0.25,,,,,,,,,,,,$0.99,,,,,,0,,,,,2015-12-02
3636837,Basketball Cards 2015 Panini Prizm,Michael Carter-Williams [Purple Prizm] #184,$2.21,,,,,,,,,,,,$2.39,,,,,,1,,,,,2015-12-02
3637105,Basketball Cards 2015 Panini Prizm,"Michael Carter-Williams [Red, White, and Blue Prizm] #184",$0.25,,,,,,,,,,,,$0.99,,,,,,0,,,,,2015-12-02
3637366,Basketball Cards 2015 Panini Prizm,Michael Carter-Williams [Ruby Wave Prizm] #184,$1.50,,,,,,,,,,,,$1.69,,,,,,1,,,,,2015-12-02
3637593,Basketball Cards 2015 Panini Prizm,Michael Carter-Williams [Silver Prizm] #184,$1.80,,,,,,,,,,,,$1.99,,,,,,1,,,,,2015-12-02
3638102,Basketball Cards 2015 Panini Prizm,Michael Carter-Williams [White Sparkle Prizm] #184,,,,,,,,,,,,,,,,,,,0,,,,,2015-12-02
3634721,Basketball Cards 2015 Panini Prizm,Michael Finley #276,$0.99,,$1.00,$1.75,$2.00,,,,,,,,$1.09,,,,$1.09,,3,,,,,2015-12-02
12272656,Basketball Cards 2015 Panini Prizm,Michael Finley [Black Prizm] #276,,,,,,,,,,,,,,,,,,,0,,,,,2015-12-02
130139,Basketball Cards 2015 Panini Prizm,Michael Finley [Flash Prizm] #276,$2.13,,,,,,,,,,,,$2.29,,,,,,1,,,,,2015-12-02
130140,Basketball Cards 2015 Panini Prizm,Michael Finley [Gold Prizm] #276,$111.50,,,,,,,,,,,$61.50,$123.00,,,,,,1,,,,,2015-12-02
3635577,Basketball Cards 2015 Panini Prizm,Michael Finley [Green Prizm] #276,$1.20,,,,,,,,,,,,$1.29,,,,,,1,,,,,2015-12-02
3635833,Basketball Cards 2015 Panini Prizm,Michael Finley [Light Blue Prizm] #276,$3.39,,,,,,,,,,,,$3.69,,,,,,1,,,,,2015-12-02
3636097,Basketball Cards 2015 Panini Prizm,Michael Finley [Mojo Prizm] #276,,,,,,,,,,,,,,,,,,,0,,,,,2015-12-02
3636368,Basketball Cards 2015 Panini Prizm,Michael Finley [Orange Prizm] #276,$9.99,,,,,,,,,,,$2.80,$10.99,,,,,,1,,,,,2015-12-02
3636647,Basketball Cards 2015 Panini Prizm,Michael Finley [Orange Wave Prizm] #276,$0.99,,,,,,,,,,,,$1.09,,,,,,1,,,,,2015-12-02
130141,Basketball Cards 2015 Panini Prizm,Michael Finley [Purple Prizm] #276,$8.99,,,,,,,,,,,$2.00,$9.89,,,,,,1,,,,,2015-12-02
3637184,Basketball Cards 2015 Panini Prizm,"Michael Finley [Red, White, and Blue Prizm] #276",$0.25,,,,,,,,,,,,$0.99,,,,,,0,,,,,2015-12-02
3637449,Basketball Cards 2015 Panini Prizm,Michael Finley [Ruby Wave Prizm] #276,$1.75,,,,,,,,,,,,$1.89,,,,,,1,,,,,2015-12-02
130142,Basketball Cards 2015 Panini Prizm,Michael Finley [Silver Prizm] #276,$1.06,,,,,$3.55,$5.00,$2.00,$2.00,,,,$1.19,,,,,,2,,,,,2015-12-02
3638184,Basketball Cards 2015 Panini Prizm,Michael Finley [White Sparkle Prizm] #276,$24.99,,,,,,,,,,,$8.10,$26.99,,,,,,1,,,,,2015-12-02
3634478,Basketball Cards 2015 Panini Prizm,Michael Kidd-Gilchrist #10,$0.99,,,,,,,,,,,,$1.09,,,,,,1,,,,,2015-12-02
12272318,Basketball Cards 2015 Panini Prizm,Michael Kidd-Gilchrist [Black Prizm] #10,,,,,,,,,,,,,,,,,,,0,,,,,2015-12-02
3634802,Basketball Cards 2015 Panini Prizm,Michael Kidd-Gilchrist [Flash Prizm] #10,$0.25,,,,,,,,,,,,$0.99,,,,,,0,,,,,2015-12-02
3635064,Basketball Cards 2015 Panini Prizm,Michael Kidd-Gilchrist [Gold Prizm] #10,$16.50,,,,,,,,,,,$4.50,$17.99,,,,,,1,,,,,2015-12-02
3638981,Basketball Cards 2015 Panini Prizm,Michael Kidd-Gilchrist [Green Prizm] #10,$1.37,,,,,,,,,,,,$1.49,,,,,,1,,,,,2015-12-02
3635605,Basketball Cards 2015 Panini Prizm,Michael Kidd-Gilchrist [Light Blue Prizm] #10,$1.00,,,,,,,,,,,,$1.09,,,,,,1,,,,,2015-12-02
3635863,Basketball Cards 2015 Panini Prizm,Michael Kidd-Gilchrist [Mojo Prizm] #10,$11.75,,,,,,,,,,,$3.30,$12.99,,,,,,0,,,,,2015-12-02
3636130,Basketball Cards 2015 Panini Prizm,Michael Kidd-Gilchrist [Orange Prizm] #10,$3.00,,,,,,,,,,,,$3.29,,,,,,1,,,,,2015-12-02
3636399,Basketball Cards 2015 Panini Prizm,Michael Kidd-Gilchrist [Orange Wave Prizm] #10,$1.28,,,,,,,,,,,,$1.39,,,,,,1,,,,,2015-12-02
3636678,Basketball Cards 2015 Panini Prizm,Michael Kidd-Gilchrist [Purple Prizm] #10,$1.95,,,,,,,,,,,,$2.19,,,,,,1,,,,,2015-12-02
3636954,Basketball Cards 2015 Panini Prizm,"Michael Kidd-Gilchrist [Red, White, and Blue Prizm] #10",$2.38,,,,,,,,,,,,$2.59,,,,,,1,,,,,2015-12-02
3637211,Basketball Cards 2015 Panini Prizm,Michael Kidd-Gilchrist [Ruby Wave Prizm] #10,,,,,,,,,,,,,,,,,,,0,,,,,2015-12-02
3637476,Basketball Cards 2015 Panini Prizm,Michael Kidd-Gilchrist [Silver Prizm] #10,$0.25,,,,,,,,,,,,$0.99,,,,,,0,,,,,2015-12-02
3637945,Basketball Cards 2015 Panini Prizm,Michael Kidd-Gilchrist [White Sparkle Prizm] #10,,,,,,,,,,,,,,,,,,,0,,,,,2015-12-02
3634741,Basketball Cards 2015 Panini Prizm,Michael Redd #296,$1.13,,,,,,,,,,,,$1.19,,,,,,1,,,,,2015-12-02
12272694,Basketball Cards 2015 Panini Prizm,Michael Redd [Black Prizm] #296,,,,,,,,,,,,,,,,,,,0,,,,,2015-12-02
3635053,Basketball Cards 2015 Panini Prizm,Michael Redd [Flash Prizm] #296,$1.14,,,,,,,,,,,,$1.29,,,,,,1,,,,,2015-12-02
3635319,Basketball Cards 2015 Panini Prizm,Michael Redd [Gold Prizm] #296,,,,,,,,,,,,,,,,,,,0,,,,,2015-12-02
3635594,Basketball Cards 2015 Panini Prizm,Michael Redd [Green Prizm] #296,$2.42,,,,,,,,,,,,$2.69,,,,,,2,,,,,2015-12-02
3635852,Basketball Cards 2015 Panini Prizm,Michael Redd [Light Blue Prizm] #296,$10.99,,,$35.00,$39.00,$100.00,$130.00,$60.00,$60.00,,,$3.00,$11.99,,,,,,5,,,,,2015-12-02
3636117,Basketball Cards 2015 Panini Prizm,Michael Redd [Mojo Prizm] #296,$12.05,,,,,,,,,,,$3.30,$12.99,,,,,,1,,,,,2015-12-02
3636386,Basketball Cards 2015 Panini Prizm,Michael Redd [Orange Prizm] #296,$4.24,,,,,$200.00,$260.00,$120.00,$120.00,,,$0.90,$4.69,,,,,,2,,,,,2015-12-02
3636665,Basketball Cards 2015 Panini Prizm,Michael Redd [Orange Wave Prizm] #296,$2.99,,,,,,,,,,,,$3.29,,,,,,1,,,,,2015-12-02
3636943,Basketball Cards 2015 Panini Prizm,Michael Redd [Purple Prizm] #296,$11.75,,,,,,,,,,,$3.30,$12.99,,,,,,1,,,,,2015-12-02
3637198,Basketball Cards 2015 Panini Prizm,"Michael Redd [Red, White, and Blue Prizm] #296",$1.59,,,,,,,,,,,,$1.79,,,,,,1,,,,,2015-12-02
3637467,Basketball Cards 2015 Panini Prizm,Michael Redd [Ruby Wave Prizm] #296,$7.59,,,,,,,,,,,$1.70,$8.39,,,,,,1,,,,,2015-12-02
3637639,Basketball Cards 2015 Panini Prizm,Michael Redd [Silver Prizm] #296,$2.22,,,,,,,,,,,,$2.39,,,,,,2,,,,,2015-12-02
3638202,Basketball Cards 2015 Panini Prizm,Michael Redd [White Sparkle Prizm] #296,$10.99,,,,,,,,,,,$3.00,$11.99,,,,,,1,,,,,2015-12-02
3634710,Basketball Cards 2015 Panini Prizm,Mike Bibby #265,$1.25,,,,,,,,,,,,$1.39,,,,,,1,,,,,2015-12-02
12272632,Basketball Cards 2015 Panini Prizm,Mike Bibby [Black Prizm] #265,,,,,,,,,,,,,,,,,,,0,,,,,2015-12-02
3635027,Basketball Cards 2015 Panini Prizm,Mike Bibby [Flash Prizm] #265,$1.99,,,,,,,,,,,,$2.19,,,,,,1,,,,,2015-12-02
3635292,Basketball Cards 2015 Panini Prizm,Mike Bibby [Gold Prizm] #265,$200.00,,$106.86,,,,,,,,,$110.00,$220.00,,,$59.00,$118.00,,2,,,,,2015-12-02
3635567,Basketball Cards 2015 Panini Prizm,Mike Bibby [Green Prizm] #265,$2.07,,,,,,,,,,,,$2.29,,,,,,1,,,,,2015-12-02
3635824,Basketball Cards 2015 Panini Prizm,Mike Bibby [Light Blue Prizm] #265,$1.68,,,$35.00,$39.00,,,,,,,,$1.89,,,,,,2,,,,,2015-12-02
3636087,Basketball Cards 2015 Panini Prizm,Mike Bibby [Mojo Prizm] #265,$18.99,,$20.16,$29.46,$46.15,$57.96,$75.00,$35.00,$35.00,,,$6.30,$20.99,,,$6.60,$21.99,,11,,,,,2015-12-02
3636357,Basketball Cards 2015 Panini Prizm,Mike Bibby [Orange Prizm] #265,$10.89,,,,,,,,,,,$3.00,$11.99,,,,,,1,,,,,2015-12-02
3636636,Basketball Cards 2015 Panini Prizm,Mike Bibby [Orange Wave Prizm] #265,$10.00,,,,,,,,,,,$2.80,$10.99,,,,,,0,,,,,2015-12-02
3636914,Basketball Cards 2015 Panini Prizm,Mike Bibby [Purple Prizm] #265,$11.00,,,,,,,,,,,$3.00,$11.99,,,,,,1,,,,,2015-12-02
3637174,Basketball Cards 2015 Panini Prizm,"Mike Bibby [Red, White, and Blue Prizm] #265",$1.58,,,,,,,,,,,,$1.69,,,,,,1,,,,,2015-12-02
3637439,Basketball Cards 2015 Panini Prizm,Mike Bibby [Ruby Wave Prizm] #265,$2.25,,,,,,,,,,,,$2.49,,,,,,2,,,,,2015-12-02
130120,Basketball Cards 2015 Panini Prizm,Mike Bibby [Silver Prizm] #265,$2.57,,,$3.99,$4.00,$15.50,$20.00,$9.00,$9.00,,,,$2.79,,,,,,4,,,,,2015-12-02
3638176,Basketball Cards 2015 Panini Prizm,Mike Bibby [White Sparkle Prizm] #265,$110.00,,,,,,,,,,,$60.50,$121.00,,,,,,1,,,,,2015-12-02
3634482,Basketball Cards 2015 Panini Prizm,Mike Conley #14,$1.69,$1.04,$1.29,$1.00,$1.00,$1.99,$3.00,$1.00,$1.00,,,,$1.89,,$1.09,,$1.39,,6,,,,,2015-12-02
12272324,Basketball Cards 2015 Panini Prizm,Mike Conley [Black Prizm] #14,,,,,,,,,,,,,,,,,,,0,,,,,2015-12-02
3634806,Basketball Cards 2015 Panini Prizm,Mike Conley [Flash Prizm] #14,$2.34,,,,,,,,,,,,$2.59,,,,,,1,,,,,2015-12-02
3635068,Basketball Cards 2015 Panini Prizm,Mike Conley [Gold Prizm] #14,,,,$77.11,$85.00,,,,,,,,,,,,,,1,,,,,2015-12-02
129753,Basketball Cards 2015 Panini Prizm,Mike Conley [Green Prizm] #14,$1.51,,,,,,,,,,,,$1.69,,,,,,1,,,,,2015-12-02
3635609,Basketball Cards 2015 Panini Prizm,Mike Conley [Light Blue Prizm] #14,$2.85,,,,,,,,,,,,$3.09,,,,,,1,,,,,2015-12-02
3635867,Basketball Cards 2015 Panini Prizm,Mike Conley [Mojo Prizm] #14,,,,,,,,,,,,,,,,,,,0,,,,,2015-12-02
3636134,Basketball Cards 2015 Panini Prizm,Mike Conley [Orange Prizm] #14,$3.49,,,,,,,,,,,$0.80,$3.79,,,,,,1,,,,,2015-12-02
3636403,Basketball Cards 2015 Panini Prizm,Mike Conley [Orange Wave Prizm] #14,$1.00,,,,,,,,,,,,$1.09,,,,,,1,,,,,2015-12-02
3636682,Basketball Cards 2015 Panini Prizm,Mike Conley [Purple Prizm] #14,$3.99,,,,,,,,,,,$0.90,$4.39,,,,,,1,,,,,2015-12-02
3636958,Basketball Cards 2015 Panini Prizm,"Mike Conley [Red, White, and Blue Prizm] #14",$1.25,,,,,$9.38,$12.00,$6.00,$6.00,,,,$1.39,,,,,,2,,,,,2015-12-02
3637215,Basketball Cards 2015 Panini Prizm,Mike Conley [Ruby Wave Prizm] #14,$1.39,,,,,,,,,,,,$1.49,,,,,,1,,,,,2015-12-02
129755,Basketball Cards 2015 Panini Prizm,Mike Conley [Silver Prizm] #14,$0.99,,,,,$11.00,$14.00,$7.00,$7.00,,,,$1.09,,,,,,2,,,,,2015-12-02
3637949,Basketball Cards 2015 Panini Prizm,Mike Conley [White Sparkle Prizm] #14,,,,,,$41.00,$53.00,$25.00,$25.00,,,,,,,,,,1,,,,,2015-12-02
3634636,Basketball Cards 2015 Panini Prizm,Mike Dunleavy Jr. #183,$1.47,,,,,,,,,,,,$1.59,,,,,,1,,,,,2015-12-02
12272544,Basketball Cards 2015 Panini Prizm,Mike Dunleavy Jr. [Black Prizm] #183,,,,,,,,,,,,,,,,,,,0,,,,,2015-12-02
3634955,Basketball Cards 2015 Panini Prizm,Mike Dunleavy Jr. [Flash Prizm] #183,$0.25,,,,,,,,,,,,$0.99,,,,,,0,,,,,2015-12-02
3635217,Basketball Cards 2015 Panini Prizm,Mike Dunleavy Jr. [Gold Prizm] #183,$86.00,,,,,,,,,,,$38.00,$94.99,,,,,,1,,,,,2015-12-02
3635491,Basketball Cards 2015 Panini Prizm,Mike Dunleavy Jr. [Green Prizm] #183,$1.12,,,,,,,,,,,,$1.19,,,,,,1,,,,,2015-12-02
3635750,Basketball Cards 2015 Panini Prizm,Mike Dunleavy Jr. [Light Blue Prizm] #183,$1.51,,,,,,,,,,,,$1.69,,,,,,1,,,,,2015-12-02
3636012,Basketball Cards 2015 Panini Prizm,Mike Dunleavy Jr. [Mojo Prizm] #183,$15.00,,,,,,,,,,,$4.30,$16.99,,,,,,0,,,,,2015-12-02
3636287,Basketball Cards 2015 Panini Prizm,Mike Dunleavy Jr. [Orange Prizm] #183,$2.63,,,,,,,,,,,,$2.89,,,,,,1,,,,,2015-12-02
3636558,Basketball Cards 2015 Panini Prizm,Mike Dunleavy Jr. [Orange Wave Prizm] #183,$2.54,,,,,,,,,,,,$2.79,,,,,,0,,,,,2015-12-02
3636836,Basketball Cards 2015 Panini Prizm,Mike Dunleavy Jr. [Purple Prizm] #183,$1.61,,,,,,,,,,,,$1.79,,,,,,1,,,,,2015-12-02
3637104,Basketball Cards 2015 Panini Prizm,"Mike Dunleavy Jr. [Red, White, and Blue Prizm] #183",$0.25,,,,,,,,,,,,$0.99,,,,,,0,,,,,2015-12-02
3637365,Basketball Cards 2015 Panini Prizm,Mike Dunleavy Jr. [Ruby Wave Prizm] #183,$1.82,,,,,,,,,,,,$1.99,,,,,,1,,,,,2015-12-02
3637592,Basketball Cards 2015 Panini Prizm,Mike Dunleavy Jr. [Silver Prizm] #183,$1.94,,,,,,,,,,,,$2.09,,,,,,1,,,,,2015-12-02
3638101,Basketball Cards 2015 Panini Prizm,Mike Dunleavy Jr. [White Sparkle Prizm] #183,,,,,,,,,,,,,,,,,,,0,,,,,2015-12-02
3634689,Basketball Cards 2015 Panini Prizm,Monta Ellis #240,$0.99,,,,,,,,,,,,$1.09,,,,,,1,,,,,2015-12-02
12272582,Basketball Cards 2015 Panini Prizm,Monta Ellis [Black Prizm] #240,,,,,,,,,,,,,,,,,,,0,,,,,2015-12-02
3635010,Basketball Cards 2015 Panini Prizm,Monta Ellis [Flash Prizm] #240,$0.99,,,,,,,,,,,,$1.09,,,,,,1,,,,,2015-12-02
3635268,Basketball Cards 2015 Panini Prizm,Monta Ellis [Gold Prizm] #240,,,,,,,,,,,,,,,,,,,0,,,,,2015-12-02
3635546,Basketball Cards 2015 Panini Prizm,Monta Ellis [Green Prizm] #240,$0.25,,,,,,,,,,,,$0.99,,,,,,0,,,,,2015-12-02
3635802,Basketball Cards 2015 Panini Prizm,Monta Ellis [Light Blue Prizm] #240,$1.75,,,,,,,,,,,,$1.89,,,,,,2,,,,,2015-12-02
3636066,Basketball Cards 2015 Panini Prizm,Monta Ellis [Mojo Prizm] #240,,,,,,,,,,,,,,,,,,,0,,,,,2015-12-02
3636336,Basketball Cards 2015 Panini Prizm,Monta Ellis [Orange Prizm] #240,$2.84,,,,,,,,,,,,$3.09,,,,,,1,,,,,2015-12-02
3636613,Basketball Cards 2015 Panini Prizm,Monta Ellis [Orange Wave Prizm] #240,$1.13,,,,,,,,,,,,$1.19,,,,,,1,,,,,2015-12-02
3636890,Basketball Cards 2015 Panini Prizm,Monta Ellis [Purple Prizm] #240,$3.13,,,,,,,,,,,,$3.39,,,,,,1,,,,,2015-12-02
3637158,Basketball Cards 2015 Panini Prizm,"Monta Ellis [Red, White, and Blue Prizm] #240",$0.25,,,,,,,,,,,,$0.99,,,,,,0,,,,,2015-12-02
3637418,Basketball Cards 2015 Panini Prizm,Monta Ellis [Ruby Wave Prizm] #240,$1.98,,,,,,,,,,,,$2.19,,,,,,1,,,,,2015-12-02
3637634,Basketball Cards 2015 Panini Prizm,Monta Ellis [Silver Prizm] #240,$4.32,,,,,,,,,,,$1.00,$4.79,,,,,,1,,,,,2015-12-02
3638156,Basketball Cards 2015 Panini Prizm,Monta Ellis [White Sparkle Prizm] #240,,,,,,,,,,,,,,,,,,,0,,,,,2015-12-02
130376,Basketball Cards 2015 Panini Prizm,Montrezl Harrell #331,$1.98,$2.00,$3.01,$5.59,$10.00,$9.99,$13.00,$6.00,$6.00,,,,$2.19,,$2.19,,$3.29,,26,,,,,2015-12-02
12272502,Basketball Cards 2015 Panini Prizm,Montrezl Harrell [Black Prizm] #331,,,,,,,,,,,,,,,,,,,0,,,,,2015-12-02
130377,Basketball Cards 2015 Panini Prizm,Montrezl Harrell [Flash Prizm] #331,$4.99,,,$3.94,$15.50,$38.44,$50.00,$23.00,$23.00,,,$1.10,$5.49,,,,,,5,,,,,2015-12-02
130380,Basketball Cards 2015 Panini Prizm,Montrezl Harrell [Gold Prizm] #331,,,,$177.47,$202.50,,,,,,,,,,,,,,2,,,,,2015-12-02
130378,Basketball Cards 2015 Panini Prizm,Montrezl Harrell [Green Prizm] #331,$4.74,,,$28.95,$32.00,$35.00,$46.00,$21.00,$21.00,,,$1.00,$5.19,,,,,,4,,,,,2015-12-02
130379,Basketball Cards 2015 Panini Prizm,Montrezl Harrell [Light Blue Prizm] #331,$11.00,,,$8.34,$9.00,$137.50,$179.00,$83.00,$83.00,,,$3.00,$11.99,,,,,,4,,,,,2015-12-02
130381,Basketball Cards 2015 Panini Prizm,Montrezl Harrell [Mojo Prizm] #331,,,,,,,,,,,,,,,,,,,0,,,,,2015-12-02
130382,Basketball Cards 2015 Panini Prizm,Montrezl Harrell [Orange Prizm] #331,$11.99,,,$20.50,$23.00,,,,,,,$3.30,$12.99,,,,,,2,,,,,2015-12-02
130383,Basketball Cards 2015 Panini Prizm,Montrezl Harrell [Orange Wave Prizm] #331,$13.42,,,$3.97,$4.00,,,,,,,$3.80,$14.99,,,,,,3,,,,,2015-12-02
130384,Basketball Cards 2015 Panini Prizm,Montrezl Harrell [Purple Prizm] #331,$22.00,,,,$18.65,$58.54,$76.00,$35.00,$35.00,,,$7.20,$23.99,,,,,,3,,,,,2015-12-02
130385,Basketball Cards 2015 Panini Prizm,"Montrezl Harrell [Red, White, and Blue Prizm] #331",$3.11,,,$3.25,$4.00,$27.60,$36.00,$17.00,$17.00,,,,$3.39,,,,,,7,,,,,2015-12-02
130386,Basketball Cards 2015 Panini Prizm,Montrezl Harrell [Ruby Wave Prizm] #331,$10.19,,,$5.54,$6.00,$17.60,$23.00,$11.00,$11.00,,,$2.80,$10.99,,,,,,5,,,,,2015-12-02
130387,Basketball Cards 2015 Panini Prizm,Montrezl Harrell [Silver Prizm] #331,$3.90,,$0.99,$24.89,$27.00,$30.00,$39.00,$18.00,$18.00,,,$0.90,$4.29,,,,$1.09,,14,,,,,2015-12-02
3638536,Basketball Cards 2015 Panini Prizm,Montrezl Harrell [White Sparkle Prizm] #331,$49.99,,,,$85.00,,,,,,,$22.00,$54.99,,,,,,2,,,,,2015-12-02
3634707,Basketball Cards 2015 Panini Prizm,Moses Malone #260,$1.25,,,,,,,,,,,,$1.39,,,,,,2,,,,,2015-12-02
12272620,Basketball Cards 2015 Panini Prizm,Moses Malone [Black Prizm] #260,,,,,,,,,,,,,,,,,,,0,,,,,2015-12-02
3635023,Basketball Cards 2015 Panini Prizm,Moses Malone [Flash Prizm] #260,$1.70,,,,,,,,,,,,$1.89,,,,,,1,,,,,2015-12-02
3635287,Basketball Cards 2015 Panini Prizm,Moses Malone [Gold Prizm] #260,$104.19,,,$110.00,$121.00,,,,,,,$57.50,$115.00,,,,,,2,,,,,2015-12-02
3635563,Basketball Cards 2015 Panini Prizm,Moses Malone [Green Prizm] #260,$2.49,,,,,,,,,,,,$2.69,,,,,,2,,,,,2015-12-02
3635820,Basketball Cards 2015 Panini Prizm,Moses Malone [Light Blue Prizm] #260,$2.47,,,,,,,,,,,,$2.69,,,,,,1,,,,,2015-12-02
3636082,Basketball Cards 2015 Panini Prizm,Moses Malone [Mojo Prizm] #260,$19.71,,,$32.00,$35.00,,,,,,,$6.60,$21.99,,,,,,2,,,,,2015-12-02
3636352,Basketball Cards 2015 Panini Prizm,Moses Malone [Orange Prizm] #260,$7.25,,,,,,,,,,,$1.60,$7.99,,,,,,1,,,,,2015-12-02
3636630,Basketball Cards 2015 Panini Prizm,Moses Malone [Orange Wave Prizm] #260,$1.29,,,,,,,,,,,,$1.39,,,,,,2,,,,,2015-12-02
3636909,Basketball Cards 2015 Panini Prizm,Moses Malone [Purple Prizm] #260,$6.00,,,,,,,,,,,$1.30,$6.59,,,,,,1,,,,,2015-12-02
3637170,Basketball Cards 2015 Panini Prizm,"Moses Malone [Red, White, and Blue Prizm] #260",$1.98,,,,,,,,,,,,$2.19,,,,,,2,,,,,2015-12-02
3637436,Basketball Cards 2015 Panini Prizm,Moses Malone [Ruby Wave Prizm] #260,$3.91,,,,$14.94,,,,,,,$0.90,$4.29,,,,,,4,,,,,2015-12-02
130109,Basketball Cards 2015 Panini Prizm,Moses Malone [Silver Prizm] #260,$0.67,,$1.99,$3.25,$4.00,$25.84,$34.00,$16.00,$16.00,,,,$0.99,,,,$2.19,,4,,,,,2015-12-02
3638171,Basketball Cards 2015 Panini Prizm,Moses Malone [White Sparkle Prizm] #260,$124.99,,,,,$34.00,$44.00,$20.00,$20.00,,,$68.50,$137.00,,,,,,1,,,,,2015-12-02
130453,Basketball Cards 2015 Panini Prizm,Myles Turner #340,$2.49,$5.00,$5.99,$9.99,$12.00,$12.00,$16.00,$7.00,$7.00,,,,$2.69,$1.10,$5.49,$1.30,$6.59,,43,,,,,2015-12-02
12272545,Basketball Cards 2015 Panini Prizm,Myles Turner [Black Prizm] #340,,,,,,,,,,,,,,,,,,,0,,,,,2015-12-02
130454,Basketball Cards 2015 Panini Prizm,Myles Turner [Flash Prizm] #340,$6.89,,,$17.75,$22.00,$22.38,$29.00,$13.00,$13.00,,,$1.50,$7.59,,,,,,5,,,,,2015-12-02
3638262,Basketball Cards 2015 Panini Prizm,Myles Turner [Gold Prizm] #340,$551.39,,,,,,,,,,,$364.20,$607.00,,,,,,1,,,,,2015-12-02
130455,Basketball Cards 2015 Panini Prizm,Myles Turner [Green Prizm] #340,$9.44,,,$11.56,$19.50,$80.75,$105.00,$48.00,$48.00,,,$2.00,$9.99,,,,,,5,,,,,2015-12-02
130456,Basketball Cards 2015 Panini Prizm,Myles Turner [Light Blue Prizm] #340,$18.23,,,$25.65,$28.00,,,,,,,$5.00,$19.99,,,,,,4,,,,,2015-12-02
130457,Basketball Cards 2015 Panini Prizm,Myles Turner [Mojo Prizm] #340,$51.61,,,,$127.29,,,,,,,$22.80,$56.99,,,,,,2,,,,,2015-12-02
130458,Basketball Cards 2015 Panini Prizm,Myles Turner [Orange Prizm] #340,$46.45,,,$119.44,$131.00,,,,,,,$20.40,$50.99,,,,,,2,,,,,2015-12-02
130459,Basketball Cards 2015 Panini Prizm,Myles Turner [Orange Wave Prizm] #340,$4.12,$12.00,,$10.00,$30.00,$42.57,$55.00,$26.00,$26.00,,,$0.90,$4.49,$3.30,$12.99,,,,6,,,,,2015-12-02
130460,Basketball Cards 2015 Panini Prizm,Myles Turner [Purple Prizm] #340,$16.79,,,$8.50,$9.00,,,,,,,$4.50,$17.99,,,,,,3,,,,,2015-12-02
130461,Basketball Cards 2015 Panini Prizm,"Myles Turner [Red, White, and Blue Prizm] #340",$4.10,,,$17.12,$19.00,$27.07,$35.00,$16.00,$16.00,,,$0.90,$4.49,,,,,,11,,,,,2015-12-02
130462,Basketball Cards 2015 Panini Prizm,Myles Turner [Ruby Wave Prizm] #340,$5.39,,$44.99,$49.00,$54.00,$212.81,$277.00,$128.00,$128.00,,,$1.20,$5.89,,,$19.60,$48.99,,7,,,,,2015-12-02
130463,Basketball Cards 2015 Panini Prizm,Myles Turner [Silver Prizm] #340,$6.22,,$21.87,$24.00,$32.15,$44.26,$58.00,$27.00,$27.00,,,$1.40,$6.79,,,$7.20,$23.99,,19,,,,,2015-12-02
130464,Basketball Cards 2015 Panini Prizm,Myles Turner [White Sparkle Prizm] #340,$137.00,,,$63.35,$70.00,,,,,,,$75.50,$151.00,,,,,,2,,,,,2015-12-02
3634764,Basketball Cards 2015 Panini Prizm,Nemanja Bjelica #350,$0.75,,,,,,,,,,,,$0.99,,,,,,2,,,,,2015-12-02
12272597,Basketball Cards 2015 Panini Prizm,Nemanja Bjelica [Black Prizm] #350,,,,,,,,,,,,,,,,,,,0,,,,,2015-12-02
3638236,Basketball Cards 2015 Panini Prizm,Nemanja Bjelica [Flash Prizm] #350,$4.64,,,,,,,,,,,$1.00,$5.09,,,,,,1,,,,,2015-12-02
3638270,Basketball Cards 2015 Panini Prizm,Nemanja Bjelica [Gold Prizm] #350,,,,$107.00,$118.00,,,,,,,,,,,,,,1,,,,,2015-12-02
3638299,Basketball Cards 2015 Panini Prizm,Nemanja Bjelica [Green Prizm] #350,$3.80,,,,,,,,,,,$0.80,$4.19,,,,,,1,,,,,2015-12-02
3638325,Basketball Cards 2015 Panini Prizm,Nemanja Bjelica [Light Blue Prizm] #350,$10.36,,,,,,,,,,,$2.80,$10.99,,,,,,0,,,,,2015-12-02
3638348,Basketball Cards 2015 Panini Prizm,Nemanja Bjelica [Mojo Prizm] #350,,,,,,,,,,,,,,,,,,,0,,,,,2015-12-02
3638369,Basketball Cards 2015 Panini Prizm,Nemanja Bjelica [Orange Prizm] #350,$17.78,,,,,,,,,,,$5.00,$19.99,,,,,,0,,,,,2015-12-02
3638397,Basketball Cards 2015 Panini Prizm,Nemanja Bjelica [Orange Wave Prizm] #350,$29.00,,,,,,,,,,,$9.60,$31.99,,,,,,1,,,,,2015-12-02
3638427,Basketball Cards 2015 Panini Prizm,Nemanja Bjelica [Purple Prizm] #350,$19.80,,,,,,,,,,,$6.60,$21.99,,,,,,0,,,,,2015-12-02
131490,Basketball Cards 2015 Panini Prizm,"Nemanja Bjelica [Red, White, and Blue Prizm] #350",$3.94,,,,,,,,,,,$0.90,$4.29,,,,,,1,,,,,2015-12-02
130518,Basketball Cards 2015 Panini Prizm,Nemanja Bjelica [Ruby Wave Prizm] #350,$6.99,,,$5.50,$6.00,,,,,,,$1.50,$7.69,,,,,,2,,,,,2015-12-02
130519,Basketball Cards 2015 Panini Prizm,Nemanja Bjelica [Silver Prizm] #350,$3.39,,,$31.00,$34.00,$37.00,$48.00,$22.00,$22.00,,,,$3.69,,,,,,4,,,,,2015-12-02
130520,Basketball Cards 2015 Panini Prizm,Nemanja Bjelica [White Sparkle Prizm] #350,,,,,,,,,,,,,,,,,,,0,,,,,2015-12-02
3634500,Basketball Cards 2015 Panini Prizm,Nene #33,$0.99,,,,,,,,,,,,$1.09,,,,,,1,,,,,2015-12-02
12272370,Basketball Cards 2015 Panini Prizm,Nene [Black Prizm] #33,,,,,,,,,,,,,,,,,,,0,,,,,2015-12-02
3634825,Basketball Cards 2015 Panini Prizm,Nene [Flash Prizm] #33,$0.99,,,,$0.99,,,,,,,,$1.09,,,,,,2,,,,,2015-12-02
129765,Basketball Cards 2015 Panini Prizm,Nene [Gold Prizm] #33,,,,,,,,,,,,,,,,,,,0,,,,,2015-12-02
3635352,Basketball Cards 2015 Panini Prizm,Nene [Green Prizm] #33,$3.36,,,,,,,,,,,,$3.69,,,,,,0,,,,,2015-12-02
3635624,Basketball Cards 2015 Panini Prizm,Nene [Light Blue Prizm] #33,$2.97,,,,,,,,,,,,$3.29,,,,,,1,,,,,2015-12-02
3635885,Basketball Cards 2015 Panini Prizm,Nene [Mojo Prizm] #33,,,,,,,,,,,,,,,,,,,0,,,,,2015-12-02
3636151,Basketball Cards 2015 Panini Prizm,Nene [Orange Prizm] #33,$3.70,,,,,,,,,,,$0.80,$4.09,,,,,,0,,,,,2015-12-02
3636422,Basketball Cards 2015 Panini Prizm,Nene [Orange Wave Prizm] #33,$0.25,,,,,,,,,,,,$0.99,,,,,,0,,,,,2015-12-02
3636700,Basketball Cards 2015 Panini Prizm,Nene [Purple Prizm] #33,$3.23,,,,,,,,,,,,$3.59,,,,,,2,,,,,2015-12-02
3636977,Basketball Cards 2015 Panini Prizm,"Nene [Red, White, and Blue Prizm] #33",$1.62,,,,,,,,,,,,$1.79,,,,,,1,,,,,2015-12-02
3637234,Basketball Cards 2015 Panini Prizm,Nene [Ruby Wave Prizm] #33,,,,,,,,,,,,,,,,,,,0,,,,,2015-12-02
3637493,Basketball Cards 2015 Panini Prizm,Nene [Silver Prizm] #33,$0.25,,,,,,,,,,,,$0.99,,,,,,0,,,,,2015-12-02
3637968,Basketball Cards 2015 Panini Prizm,Nene [White Sparkle Prizm] #33,,,,,,,,,,,,,,,,,,,0,,,,,2015-12-02
3634506,Basketball Cards 2015 Panini Prizm,Nerlens Noel #39,$0.99,,,,,,,,,,,,$1.09,,,,,,1,,,,,2015-12-02
12272379,Basketball Cards 2015 Panini Prizm,Nerlens Noel [Black Prizm] #39,,,,,,,,,,,,,,,,,,,0,,,,,2015-12-02
3634831,Basketball Cards 2015 Panini Prizm,Nerlens Noel [Flash Prizm] #39,$0.25,,,,,,,,,,,,$0.99,,,,,,0,,,,,2015-12-02
3635090,Basketball Cards 2015 Panini Prizm,Nerlens Noel [Gold Prizm] #39,,,,,,,,,,,,,,,,,,,0,,,,,2015-12-02
3635358,Basketball Cards 2015 Panini Prizm,Nerlens Noel [Green Prizm] #39,$1.59,,,,,,,,,,,,$1.79,,,,,,1,,,,,2015-12-02
3635630,Basketball Cards 2015 Panini Prizm,Nerlens Noel [Light Blue Prizm] #39,$2.17,,,,,,,,,,,,$2.39,,,,,,1,,,,,2015-12-02
3635891,Basketball Cards 2015 Panini Prizm,Nerlens Noel [Mojo Prizm] #39,$12.03,,,,,,,,,,,$3.30,$12.99,,,,,,0,,,,,2015-12-02
3636157,Basketball Cards 2015 Panini Prizm,Nerlens Noel [Orange Prizm] #39,$2.64,,,,,,,,,,,,$2.89,,,,,,1,,,,,2015-12-02
3636428,Basketball Cards 2015 Panini Prizm,Nerlens Noel [Orange Wave Prizm] #39,$1.39,,,,,,,,,,,,$1.49,,,,,,1,,,,,2015-12-02
3636706,Basketball Cards 2015 Panini Prizm,Nerlens Noel [Purple Prizm] #39,$2.55,,,,,,,,,,,,$2.79,,,,,,1,,,,,2015-12-02
3636983,Basketball Cards 2015 Panini Prizm,"Nerlens Noel [Red, White, and Blue Prizm] #39",$0.25,,,,,,,,,,,,$0.99,,,,,,0,,,,,2015-12-02
3637240,Basketball Cards 2015 Panini Prizm,Nerlens Noel [Ruby Wave Prizm] #39,$1.79,,,,,,,,,,,,$1.99,,,,,,1,,,,,2015-12-02
3637498,Basketball Cards 2015 Panini Prizm,Nerlens Noel [Silver Prizm] #39,$1.40,,,,,,,,,,,,$1.49,,,,,,1,,,,,2015-12-02
3637974,Basketball Cards 2015 Panini Prizm,Nerlens Noel [White Sparkle Prizm] #39,,,,,,,,,,,,,,,,,,,0,,,,,2015-12-02
3634649,Basketball Cards 2015 Panini Prizm,Nick Collison #197,$0.99,,,,,,,,,,,,$1.09,,,,,,2,,,,,2015-12-02
12272570,Basketball Cards 2015 Panini Prizm,Nick Collison [Black Prizm] #197,,,,,,,,,,,,,,,,,,,0,,,,,2015-12-02
3634969,Basketball Cards 2015 Panini Prizm,Nick Collison [Flash Prizm] #197,$3.65,,,,,,,,,,,$0.80,$3.99,,,,,,1,,,,,2015-12-02
3635230,Basketball Cards 2015 Panini Prizm,Nick Collison [Gold Prizm] #197,,,,,,,,,,,,,,,,,,,0,,,,,2015-12-02
3635504,Basketball Cards 2015 Panini Prizm,Nick Collison [Green Prizm] #197,$1.25,,,,,,,,,,,,$1.39,,,,,,1,,,,,2015-12-02
3635763,Basketball Cards 2015 Panini Prizm,Nick Collison [Light Blue Prizm] #197,$6.12,,,,,,,,,,,$1.30,$6.69,,,,,,1,,,,,2015-12-02
3636025,Basketball Cards 2015 Panini Prizm,Nick Collison [Mojo Prizm] #197,,,,,,,,,,,,,,,,,,,0,,,,,2015-12-02
3636299,Basketball Cards 2015 Panini Prizm,Nick Collison [Orange Prizm] #197,$3.49,,,,,,,,,,,$0.80,$3.79,,,,,,1,,,,,2015-12-02
3636571,Basketball Cards 2015 Panini Prizm,Nick Collison [Orange Wave Prizm] #197,$6.99,,,,,,,,,,,$1.50,$7.69,,,,,,1,,,,,2015-12-02
3636849,Basketball Cards 2015 Panini Prizm,Nick Collison [Purple Prizm] #197,$2.03,,,,,,,,,,,,$2.19,,,,,,1,,,,,2015-12-02
3637117,Basketball Cards 2015 Panini Prizm,"Nick Collison [Red, White, and Blue Prizm] #197",$2.00,,,,,,,,,,,,$2.19,,,,,,2,,,,,2015-12-02
3637378,Basketball Cards 2015 Panini Prizm,Nick Collison [Ruby Wave Prizm] #197,$2.34,,,,,,,,,,,,$2.59,,,,,,1,,,,,2015-12-02
3637602,Basketball Cards 2015 Panini Prizm,Nick Collison [Silver Prizm] #197,$1.69,,,,,,,,,,,,$1.89,,,,,,1,,,,,2015-12-02
3638114,Basketball Cards 2015 Panini Prizm,Nick Collison [White Sparkle Prizm] #197,$17.49,,,,,,,,,,,$4.80,$18.99,,,,,,0,,,,,2015-12-02
3634664,Basketball Cards 2015 Panini Prizm,Nick Young #212,$1.33,,,,,,,,,,,,$1.49,,,,,,1,,,,,2015-12-02
12272372,Basketball Cards 2015 Panini Prizm,Nick Young [Black Prizm] #212,,,,,,,,,,,,,,,,,,,0,,,,,2015-12-02
3634984,Basketball Cards 2015 Panini Prizm,Nick Young [Flash Prizm] #212,$0.99,,,,,,,,,,,,$1.09,,,,,,1,,,,,2015-12-02
3635243,Basketball Cards 2015 Panini Prizm,Nick Young [Gold Prizm] #212,,,,,,$113.50,$148.00,$68.00,$68.00,,,,,,,,,,1,,,,,2015-12-02
3635519,Basketball Cards 2015 Panini Prizm,Nick Young [Green Prizm] #212,$1.99,,,,,,,,,,,,$2.19,,,,,,1,,,,,2015-12-02
3635777,Basketball Cards 2015 Panini Prizm,Nick Young [Light Blue Prizm] #212,$4.50,,,,,,,,,,,$1.00,$4.99,,,,,,1,,,,,2015-12-02
3636038,Basketball Cards 2015 Panini Prizm,Nick Young [Mojo Prizm] #212,$7.50,,,,,,,,,,,$1.70,$8.29,,,,,,1,,,,,2015-12-02
3636312,Basketball Cards 2015 Panini Prizm,Nick Young [Orange Prizm] #212,$8.59,,,,,,,,,,,$1.90,$9.49,,,,,,1,,,,,2015-12-02
3636585,Basketball Cards 2015 Panini Prizm,Nick Young [Orange Wave Prizm] #212,$0.25,,,,,,,,,,,,$0.99,,,,,,0,,,,,2015-12-02
3636864,Basketball Cards 2015 Panini Prizm,Nick Young [Purple Prizm] #212,$4.95,,,,,,,,,,,$1.10,$5.49,,,,,,1,,,,,2015-12-02
3637131,Basketball Cards 2015 Panini Prizm,"Nick Young [Red, White, and Blue Prizm] #212",$2.84,,,,,,,,,,,,$3.09,,,,,,1,,,,,2015-12-02
3637393,Basketball Cards 2015 Panini Prizm,Nick Young [Ruby Wave Prizm] #212,$1.37,,,,,,,,,,,,$1.49,,,,,,1,,,,,2015-12-02
3637612,Basketball Cards 2015 Panini Prizm,Nick Young [Silver Prizm] #212,$1.10,,,,,,,,,,,,$1.19,,,,,,1,,,,,2015-12-02
3638128,Basketball Cards 2015 Panini Prizm,Nick Young [White Sparkle Prizm] #212,,,,,,,,,,,,,,,,,,,0,,,,,2015-12-02
3634678,Basketball Cards 2015 Panini Prizm,Nicolas Batum #228,$1.34,,,,,,,,,,,,$1.49,,,,,,2,,,,,2015-12-02
12272568,Basketball Cards 2015 Panini Prizm,Nicolas Batum [Black Prizm] #228,,,,,,,,,,,,,,,,,,,0,,,,,2015-12-02
3634998,Basketball Cards 2015 Panini Prizm,Nicolas Batum [Flash Prizm] #228,$0.99,,,,,,,,,,,,$1.09,,,,,,1,,,,,2015-12-02
3635258,Basketball Cards 2015 Panini Prizm,Nicolas Batum [Gold Prizm] #228,,,,,,,,,,,,,,,,,,,0,,,,,2015-12-02
3635534,Basketball Cards 2015 Panini Prizm,Nicolas Batum [Green Prizm] #228,$0.25,,,,,,,,,,,,$0.99,,,,,,0,,,,,2015-12-02
3635790,Basketball Cards 2015 Panini Prizm,Nicolas Batum [Light Blue Prizm] #228,$2.26,,,,,,,,,,,,$2.49,,,,,,1,,,,,2015-12-02
3636054,Basketball Cards 2015 Panini Prizm,Nicolas Batum [Mojo Prizm] #228,,,,,,,,,,,,,,,,,,,0,,,,,2015-12-02
3636327,Basketball Cards 2015 Panini Prizm,Nicolas Batum [Orange Prizm] #228,$3.61,,,,,,,,,,,$0.80,$3.99,,,,,,1,,,,,2015-12-02
3636601,Basketball Cards 2015 Panini Prizm,Nicolas Batum [Orange Wave Prizm] #228,$2.50,,,,,,,,,,,,$2.79,,,,,,1,,,,,2015-12-02
3636879,Basketball Cards 2015 Panini Prizm,Nicolas Batum [Purple Prizm] #228,$1.98,,,,,,,,,,,,$2.19,,,,,,1,,,,,2015-12-02
3637146,Basketball Cards 2015 Panini Prizm,"Nicolas Batum [Red, White, and Blue Prizm] #228",$1.17,,,,,,,,,,,,$1.29,,,,,,1,,,,,2015-12-02
3637408,Basketball Cards 2015 Panini Prizm,Nicolas Batum [Ruby Wave Prizm] #228,$0.99,,,,,,,,,,,,$1.09,,,,,,1,,,,,2015-12-02
3637624,Basketball Cards 2015 Panini Prizm,Nicolas Batum [Silver Prizm] #228,$0.99,,,,,,,,,,,,$1.09,,,,,,1,,,,,2015-12-02
3638144,Basketball Cards 2015 Panini Prizm,Nicolas Batum [White Sparkle Prizm] #228,$23.25,,,,,,,,,,,$7.80,$25.99,,,,,,1,,,,,2015-12-02
3634477,Basketball Cards 2015 Panini Prizm,Nik Stauskas #9,$1.31,,,,,,,,,,,,$1.39,,,,,,1,,,,,2015-12-02
12272320,Basketball Cards 2015 Panini Prizm,Nik Stauskas [Black Prizm] #9,,,,,,,,,,,,,,,,,,,0,,,,,2015-12-02
3634801,Basketball Cards 2015 Panini Prizm,Nik Stauskas [Flash Prizm] #9,$1.99,,,,,,,,,,,,$2.19,,,,,,1,,,,,2015-12-02
3635063,Basketball Cards 2015 Panini Prizm,Nik Stauskas [Gold Prizm] #9,$28.00,,,,$50.97,,,,,,,$9.30,$30.99,,,,,,2,,,,,2015-12-02
3635331,Basketball Cards 2015 Panini Prizm,Nik Stauskas [Green Prizm] #9,$5.14,,,,,,,,,,,$1.10,$5.69,,,,,,0,,,,,2015-12-02
3635604,Basketball Cards 2015 Panini Prizm,Nik Stauskas [Light Blue Prizm] #9,$2.50,,,,,,,,,,,,$2.79,,,,,,1,,,,,2015-12-02
3635862,Basketball Cards 2015 Panini Prizm,Nik Stauskas [Mojo Prizm] #9,$4.99,,,,,,,,,,,$1.10,$5.49,,,,,,1,,,,,2015-12-02
3636128,Basketball Cards 2015 Panini Prizm,Nik Stauskas [Orange Prizm] #9,$3.47,,,,,,,,,,,$0.80,$3.79,,,,,,1,,,,,2015-12-02
3636398,Basketball Cards 2015 Panini Prizm,Nik Stauskas [Orange Wave Prizm] #9,$0.25,,,,,,,,,,,,$0.99,,,,,,0,,,,,2015-12-02
3636677,Basketball Cards 2015 Panini Prizm,Nik Stauskas [Purple Prizm] #9,$3.00,,,,,,,,,,,,$3.29,,,,,,1,,,,,2015-12-02
3636953,Basketball Cards 2015 Panini Prizm,"Nik Stauskas [Red, White, and Blue Prizm] #9",$0.25,,,,,,,,,,,,$0.99,,,,,,0,,,,,2015-12-02
3637210,Basketball Cards 2015 Panini Prizm,Nik Stauskas [Ruby Wave Prizm] #9,$1.99,,,,,,,,,,,,$2.19,,,,,,1,,,,,2015-12-02
3637475,Basketball Cards 2015 Panini Prizm,Nik Stauskas [Silver Prizm] #9,$1.89,,,,,,,,,,,,$2.09,,,,,,1,,,,,2015-12-02
3637944,Basketball Cards 2015 Panini Prizm,Nik Stauskas [White Sparkle Prizm] #9,,,,,,,,,,,,,,,,,,,0,,,,,2015-12-02
130400,Basketball Cards 2015 Panini Prizm,Nikola Jokic #335,$177.90,$105.87,$229.37,$317.00,$445.00,$850.50,$1106.00,$499.99,$530.00,,,$98.00,$196.00,$58.00,$116.00,$126.00,$252.00,,581,,,,,2015-12-02
12272523,Basketball Cards 2015 Panini Prizm,Nikola Jokic [Black Prizm] #335,,,,,,,,,,,,,,,,,,,0,,,,,2015-12-02
130401,Basketball Cards 2015 Panini Prizm,Nikola Jokic [Flash Prizm] #335,$663.58,,$488.13,$998.72,$1239.71,$3038.00,$3949.00,$1823.00,$1823.00,,,$438.00,$730.00,,,$322.20,$537.00,,26,,,,,2015-12-02
130403,Basketball Cards 2015 Panini Prizm,Nikola Jokic [Gold Prizm] #335,,,$136640.00,,$319640.00,,,,,,,,,,,$90182.40,$150304.00,,2,,,,,2015-12-02
130405,Basketball Cards 2015 Panini Prizm,Nikola Jokic [Green Prizm] #335,$781.00,$378.56,$460.00,$860.00,$1289.50,$2775.59,$2760.00,$1665.00,$1665.00,,,$515.40,$859.00,$208.00,$416.00,$303.60,$506.00,,25,,,,,2015-12-02
130407,Basketball Cards 2015 Panini Prizm,Nikola Jokic [Light Blue Prizm] #335,$808.40,$533.00,$665.93,$3786.72,$4165.00,$9772.29,$12704.00,$5863.00,$5863.00,,,$533.40,$889.00,$351.60,$586.00,$439.80,$733.00,,20,,,,,2015-12-02
130402,Basketball Cards 2015 Panini Prizm,Nikola Jokic [Mojo Prizm] #335,,,,$10994.50,$12094.00,$39999.99,$52000.00,$24000.00,$24000.00,,,,,,,,,,4,,,,,2015-12-02
130404,Basketball Cards 2015 Panini Prizm,Nikola Jokic [Orange Prizm] #335,$4000.00,$4999.99,,$4915.76,$5781.00,$5899.00,$7669.00,$3539.00,$3539.00,,,$2640.00,$4400.00,$3300.00,$5500.00,,,,6,,,,,2015-12-02
130406,Basketball Cards 2015 Panini Prizm,Nikola Jokic [Orange Wave Prizm] #335,$850.50,,$610.62,$884.81,$1464.75,$3087.96,$4014.00,$1853.00,$1853.00,,,$561.60,$936.00,,,$403.20,$672.00,,25,,,,,2015-12-02
130408,Basketball Cards 2015 Panini Prizm,Nikola Jokic [Purple Prizm] #335,$2668.49,,$2274.00,$4998.00,$5498.00,$8500.00,$11050.00,$5100.00,$5100.00,,,$1761.00,$2935.00,,,$1500.60,$2501.00,,5,,,,,2015-12-02
130409,Basketball Cards 2015 Panini Prizm,"Nikola Jokic [Red, White, and Blue Prizm] #335",$541.36,$324.00,$404.94,$871.07,$958.00,$2044.96,$2658.00,$719.00,$1227.00,,,$357.60,$596.00,$178.00,$356.00,$222.50,$445.00,,50,,,,,2015-12-02
130410,Basketball Cards 2015 Panini Prizm,Nikola Jokic [Ruby Wave Prizm] #335,$958.50,,$1326.06,$1799.99,$1977.71,$4348.88,$5654.00,$2609.00,$2609.00,,,$632.40,$1054.00,,,$875.40,$1459.00,,25,,,,,2015-12-02
130411,Basketball Cards 2015 Panini Prizm,Nikola Jokic [Silver Prizm] #335,$846.41,$279.99,$911.11,$1303.49,$2038.47,$5100.00,$4348.91,$3060.00,$3060.00,,,$558.60,$931.00,$154.00,$308.00,$601.20,$1002.00,,105,,,,,2015-12-02
3638539,Basketball Cards 2015 Panini Prizm,Nikola Jokic [White Sparkle Prizm] #335,$17500.00,,,,,,,,,,,$11550.00,$19250.00,,,,,,0,,,,,2015-12-02
3634655,Basketball Cards 2015 Panini Prizm,Nikola Mirotic #203,$0.40,,,,,,,,,,,,$0.99,,,,,,2,,,,,2015-12-02
12272340,Basketball Cards 2015 Panini Prizm,Nikola Mirotic [Black Prizm] #203,,,,,,,,,,,,,,,,,,,0,,,,,2015-12-02
3634975,Basketball Cards 2015 Panini Prizm,Nikola Mirotic [Flash Prizm] #203,$2.00,,,,,,,,,,,,$2.19,,,,,,1,,,,,2015-12-02
3635236,Basketball Cards 2015 Panini Prizm,Nikola Mirotic [Gold Prizm] #203,,,,,,,,,,,,,,,,,,,0,,,,,2015-12-02
3635510,Basketball Cards 2015 Panini Prizm,Nikola Mirotic [Green Prizm] #203,$0.25,,,,,,,,,,,,$0.99,,,,,,0,,,,,2015-12-02
3635769,Basketball Cards 2015 Panini Prizm,Nikola Mirotic [Light Blue Prizm] #203,$0.99,,,,,,,,,,,,$1.09,,,,,,1,,,,,2015-12-02
3636031,Basketball Cards 2015 Panini Prizm,Nikola Mirotic [Mojo Prizm] #203,$6.28,,,,,,,,,,,$1.40,$6.89,,,,,,0,,,,,2015-12-02
3636304,Basketball Cards 2015 Panini Prizm,Nikola Mirotic [Orange Prizm] #203,$4.12,,,,,,,,,,,$0.90,$4.49,,,,,,1,,,,,2015-12-02
3636576,Basketball Cards 2015 Panini Prizm,Nikola Mirotic [Orange Wave Prizm] #203,$1.70,,,,,,,,,,,,$1.89,,,,,,1,,,,,2015-12-02
3636855,Basketball Cards 2015 Panini Prizm,Nikola Mirotic [Purple Prizm] #203,$2.25,,,,,,,,,,,,$2.49,,,,,,1,,,,,2015-12-02
3637123,Basketball Cards 2015 Panini Prizm,"Nikola Mirotic [Red, White, and Blue Prizm] #203",$1.25,,,,,,,,,,,,$1.39,,,,,,1,,,,,2015-12-02
3637384,Basketball Cards 2015 Panini Prizm,Nikola Mirotic [Ruby Wave Prizm] #203,$1.94,,,,,,,,,,,,$2.09,,,,,,2,,,,,2015-12-02
3637606,Basketball Cards 2015 Panini Prizm,Nikola Mirotic [Silver Prizm] #203,$1.39,,,,,,,,,,,,$1.49,,,,,,1,,,,,2015-12-02
3638120,Basketball Cards 2015 Panini Prizm,Nikola Mirotic [White Sparkle Prizm] #203,$17.49,,,,,,,,,,,$4.80,$18.99,,,,,,0,,,,,2015-12-02
3634648,Basketball Cards 2015 Panini Prizm,Nikola Vucevic #196,$1.65,,$0.30,,,,,,,,,,$1.79,,,,$0.99,,2,,,,,2015-12-02
12272572,Basketball Cards 2015 Panini Prizm,Nikola Vucevic [Black Prizm] #196,,,,,,,,,,,,,,,,,,,0,,,,,2015-12-02
3634968,Basketball Cards 2015 Panini Prizm,Nikola Vucevic [Flash Prizm] #196,$0.25,,,,,,,,,,,,$0.99,,,,,,0,,,,,2015-12-02
3635229,Basketball Cards 2015 Panini Prizm,Nikola Vucevic [Gold Prizm] #196,,,,,,$248.94,$324.00,$149.00,$149.00,,,,,,,,,,1,,,,,2015-12-02
3635503,Basketball Cards 2015 Panini Prizm,Nikola Vucevic [Green Prizm] #196,$7.15,,,,,,,,,,,$1.60,$7.89,,,,,,1,,,,,2015-12-02
3635762,Basketball Cards 2015 Panini Prizm,Nikola Vucevic [Light Blue Prizm] #196,$2.75,,,$14.95,$16.00,$26.95,$35.00,$16.00,$16.00,,,,$2.99,,,,,,4,,,,,2015-12-02
3636024,Basketball Cards 2015 Panini Prizm,Nikola Vucevic [Mojo Prizm] #196,$19.43,,,,,,,,,,,$6.30,$20.99,,,,,,1,,,,,2015-12-02
3636298,Basketball Cards 2015 Panini Prizm,Nikola Vucevic [Orange Prizm] #196,$5.85,,,,,,,,,,,$1.30,$6.39,,,,,,1,,,,,2015-12-02
3636570,Basketball Cards 2015 Panini Prizm,Nikola Vucevic [Orange Wave Prizm] #196,$0.25,,,,,,,,,,,,$0.99,,,,,,0,,,,,2015-12-02
3636848,Basketball Cards 2015 Panini Prizm,Nikola Vucevic [Purple Prizm] #196,$4.57,,,$14.95,$16.00,,,,,,,$1.00,$4.99,,,,,,2,,,,,2015-12-02
3637116,Basketball Cards 2015 Panini Prizm,"Nikola Vucevic [Red, White, and Blue Prizm] #196",$1.05,,,,,,,,,,,,$1.19,,,,,,1,,,,,2015-12-02
3637377,Basketball Cards 2015 Panini Prizm,Nikola Vucevic [Ruby Wave Prizm] #196,$2.34,,,,,,,,,,,,$2.59,,,,,,1,,,,,2015-12-02
130011,Basketball Cards 2015 Panini Prizm,Nikola Vucevic [Silver Prizm] #196,$1.25,,,$2.99,$3.00,$89.00,$116.00,$53.00,$53.00,,,,$1.39,,,,,,3,,,,,2015-12-02
3638113,Basketball Cards 2015 Panini Prizm,Nikola Vucevic [White Sparkle Prizm] #196,$17.49,,,,,,,,,,,$4.80,$18.99,,,,,,0,,,,,2015-12-02
3634615,Basketball Cards 2015 Panini Prizm,Noah Vonleh #159,$1.00,,,,,,,,,,,,$1.09,,,,,,1,,,,,2015-12-02
12272475,Basketball Cards 2015 Panini Prizm,Noah Vonleh [Black Prizm] #159,,,,,,,,,,,,,,,,,,,0,,,,,2015-12-02
3634934,Basketball Cards 2015 Panini Prizm,Noah Vonleh [Flash Prizm] #159,$1.88,,,,,,,,,,,,$2.09,,,,,,1,,,,,2015-12-02
3635197,Basketball Cards 2015 Panini Prizm,Noah Vonleh [Gold Prizm] #159,$15.50,,$20.75,,,,,,,,,$4.30,$16.99,,,$6.90,$22.99,,2,,,,,2015-12-02
3635470,Basketball Cards 2015 Panini Prizm,Noah Vonleh [Green Prizm] #159,$0.25,,,,,,,,,,,,$0.99,,,,,,0,,,,,2015-12-02
3635731,Basketball Cards 2015 Panini Prizm,Noah Vonleh [Light Blue Prizm] #159,$2.18,,,,,,,,,,,,$2.39,,,,,,1,,,,,2015-12-02
3635995,Basketball Cards 2015 Panini Prizm,Noah Vonleh [Mojo Prizm] #159,,,,,,,,,,,,,,,,,,,0,,,,,2015-12-02
3636265,Basketball Cards 2015 Panini Prizm,Noah Vonleh [Orange Prizm] #159,$0.85,,,,,,,,,,,,$0.99,,,,,,1,,,,,2015-12-02
3636537,Basketball Cards 2015 Panini Prizm,Noah Vonleh [Orange Wave Prizm] #159,$0.25,,,,,,,,,,,,$0.99,,,,,,0,,,,,2015-12-02
3636816,Basketball Cards 2015 Panini Prizm,Noah Vonleh [Purple Prizm] #159,$1.40,,,,,,,,,,,,$1.49,,,,,,1,,,,,2015-12-02
3637085,Basketball Cards 2015 Panini Prizm,"Noah Vonleh [Red, White, and Blue Prizm] #159",$0.99,,,,,,,,,,,,$1.09,,,,,,1,,,,,2015-12-02
3637344,Basketball Cards 2015 Panini Prizm,Noah Vonleh [Ruby Wave Prizm] #159,$1.46,,,,,,,,,,,,$1.59,,,,,,1,,,,,2015-12-02
129940,Basketball Cards 2015 Panini Prizm,Noah Vonleh [Silver Prizm] #159,$0.99,,,,,,,,,,,,$1.09,,,,,,1,,,,,2015-12-02
3638081,Basketball Cards 2015 Panini Prizm,Noah Vonleh [White Sparkle Prizm] #159,$6.00,,,,,,,,,,,$1.30,$6.59,,,,,,1,,,,,2015-12-02
130422,Basketball Cards 2015 Panini Prizm,Norman Powell #337,$1.11,,$8.41,$9.00,$18.78,$34.82,$45.00,$21.00,$21.00,,,,$1.19,,,$1.90,$9.29,,32,,,,,2015-12-02
12272527,Basketball Cards 2015 Panini Prizm,Norman Powell [Black Prizm] #337,,,,,,,,,,,,,,,,,,,0,,,,,2015-12-02
130423,Basketball Cards 2015 Panini Prizm,Norman Powell [Flash Prizm] #337,$6.74,,,$18.77,$179.95,,,,,,,$1.50,$7.39,,,,,,5,,,,,2015-12-02
3638259,Basketball Cards 2015 Panini Prizm,Norman Powell [Gold Prizm] #337,,,,,,,,,,,,,,,,,,,0,,,,,2015-12-02
130424,Basketball Cards 2015 Panini Prizm,Norman Powell [Green Prizm] #337,$4.91,,,$5.50,$6.00,,,,,,,$1.10,$5.39,,,,,,3,,,,,2015-12-02
130425,Basketball Cards 2015 Panini Prizm,Norman Powell [Light Blue Prizm] #337,$22.50,,,$17.81,$55.50,,,,,,,$7.50,$24.99,,,,,,5,,,,,2015-12-02
130426,Basketball Cards 2015 Panini Prizm,Norman Powell [Mojo Prizm] #337,$118.88,,,$58.32,$160.00,$163.00,$212.00,$98.00,$98.00,,,$65.50,$131.00,,,,,,8,,,,,2015-12-02
3464978,Basketball Cards 2015 Panini Prizm,Norman Powell [Orange Prizm] #337,$11.05,,,,,,,,,,,$3.00,$11.99,,,,,,1,,,,,2015-12-02
130427,Basketball Cards 2015 Panini Prizm,Norman Powell [Orange Wave Prizm] #337,$8.50,,$10.00,$37.99,$42.00,$66.29,$86.00,$40.00,$40.00,,,$1.90,$9.39,,,$2.80,$10.99,,6,,,,,2015-12-02
130428,Basketball Cards 2015 Panini Prizm,Norman Powell [Purple Prizm] #337,$11.74,,$11.31,$45.85,$50.00,,,,,,,$3.30,$12.99,,,$3.00,$11.99,,4,,,,,2015-12-02
130429,Basketball Cards 2015 Panini Prizm,"Norman Powell [Red, White, and Blue Prizm] #337",$1.04,,,$32.30,$36.00,$60.01,$78.00,$36.00,$36.00,,,,$1.09,,,,,,8,,,,,2015-12-02
130430,Basketball Cards 2015 Panini Prizm,Norman Powell [Ruby Wave Prizm] #337,$4.99,,,$24.05,$26.00,$123.50,$161.00,$74.00,$74.00,,,$1.10,$5.49,,,,,,5,,,,,2015-12-02
130431,Basketball Cards 2015 Panini Prizm,Norman Powell [Silver Prizm] #337,$5.69,,$10.57,$13.49,$20.11,$79.95,$104.00,$48.00,$48.00,,,$1.30,$6.29,,,$3.00,$11.99,,15,,,,,2015-12-02
130432,Basketball Cards 2015 Panini Prizm,Norman Powell [White Sparkle Prizm] #337,$105.28,,,$146.00,$161.00,$179.95,$234.00,$108.00,$108.00,,,$58.00,$116.00,,,,,,3,,,,,2015-12-02
3634629,Basketball Cards 2015 Panini Prizm,O.J. Mayo #174,$1.25,,,,,,,,,,,,$1.39,,,,,,1,,,,,2015-12-02
12272530,Basketball Cards 2015 Panini Prizm,O.J. Mayo [Black Prizm] #174,,,,,,,,,,,,,,,,,,,0,,,,,2015-12-02
3634948,Basketball Cards 2015 Panini Prizm,O.J. Mayo [Flash Prizm] #174,$0.25,,,,,,,,,,,,$0.99,,,,,,0,,,,,2015-12-02
3635210,Basketball Cards 2015 Panini Prizm,O.J. Mayo [Gold Prizm] #174,,,,,,,,,,,,,,,,,,,0,,,,,2015-12-02
3635484,Basketball Cards 2015 Panini Prizm,O.J. Mayo [Green Prizm] #174,$2.54,,,,,,,,,,,,$2.79,,,,,,3,,,,,2015-12-02
3635744,Basketball Cards 2015 Panini Prizm,O.J. Mayo [Light Blue Prizm] #174,$1.54,,,,,,,,,,,,$1.69,,,,,,1,,,,,2015-12-02
3636006,Basketball Cards 2015 Panini Prizm,O.J. Mayo [Mojo Prizm] #174,$8.78,,,,,,,,,,,$1.90,$9.69,,,,,,1,,,,,2015-12-02
3636279,Basketball Cards 2015 Panini Prizm,O.J. Mayo [Orange Prizm] #174,$3.60,,,,,,,,,,,$0.80,$3.99,,,,,,1,,,,,2015-12-02
3636551,Basketball Cards 2015 Panini Prizm,O.J. Mayo [Orange Wave Prizm] #174,$0.25,,,,,,,,,,,,$0.99,,,,,,0,,,,,2015-12-02
3636829,Basketball Cards 2015 Panini Prizm,O.J. Mayo [Purple Prizm] #174,$1.92,,,,,,,,,,,,$2.09,,,,,,1,,,,,2015-12-02
3637097,Basketball Cards 2015 Panini Prizm,"O.J. Mayo [Red, White, and Blue Prizm] #174",$0.99,,,,,,,,,,,,$1.09,,,,,,1,,,,,2015-12-02
3637358,Basketball Cards 2015 Panini Prizm,O.J. Mayo [Ruby Wave Prizm] #174,,,,,,,,,,,,,,,,,,,0,,,,,2015-12-02
3637586,Basketball Cards 2015 Panini Prizm,O.J. Mayo [Silver Prizm] #174,$0.25,,,,,,,,,,,,$0.99,,,,,,0,,,,,2015-12-02
3638093,Basketball Cards 2015 Panini Prizm,O.J. Mayo [White Sparkle Prizm] #174,,,$3.25,,,,,,,,,,,,,,$3.59,,1,,,,,2015-12-02
3634539,Basketball Cards 2015 Panini Prizm,Omer Asik #75,$0.99,,,,,,,,,,,,$1.09,,,,,,1,,,,,2015-12-02
12272462,Basketball Cards 2015 Panini Prizm,Omer Asik [Black Prizm] #75,,,,,,,,,,,,,,,,,,,0,,,,,2015-12-02
3380292,Basketball Cards 2015 Panini Prizm,Omer Asik [Flash Prizm] #75,$0.25,,,,,,,,,,,,$0.99,,,,,,0,,,,,2015-12-02
3635121,Basketball Cards 2015 Panini Prizm,Omer Asik [Gold Prizm] #75,,,,,,,,,,,,,,,,,,,0,,,,,2015-12-02
3635391,Basketball Cards 2015 Panini Prizm,Omer Asik [Green Prizm] #75,$2.15,,,,,,,,,,,,$2.39,,,,,,0,,,,,2015-12-02
3635658,Basketball Cards 2015 Panini Prizm,Omer Asik [Light Blue Prizm] #75,$1.13,,,,,,,,,,,,$1.19,,,,,,1,,,,,2015-12-02
3635922,Basketball Cards 2015 Panini Prizm,Omer Asik [Mojo Prizm] #75,$3.99,,,,,,,,,,,$0.90,$4.39,,,,,,0,,,,,2015-12-02
3636187,Basketball Cards 2015 Panini Prizm,Omer Asik [Orange Prizm] #75,$2.14,,,,,,,,,,,,$2.39,,,,,,1,,,,,2015-12-02
3636460,Basketball Cards 2015 Panini Prizm,Omer Asik [Orange Wave Prizm] #75,$2.84,,,,,,,,,,,,$3.09,,,,,,1,,,,,2015-12-02
3379559,Basketball Cards 2015 Panini Prizm,Omer Asik [Purple Prizm] #75,$0.25,,,,,,,,,,,,$0.99,,,,,,0,,,,,2015-12-02
3637012,Basketball Cards 2015 Panini Prizm,"Omer Asik [Red, White, and Blue Prizm] #75",$0.99,,,,,,,,,,,,$1.09,,,,,,1,,,,,2015-12-02
3637272,Basketball Cards 2015 Panini Prizm,Omer Asik [Ruby Wave Prizm] #75,$2.70,,,,,,,,,,,,$2.99,,,,,,1,,,,,2015-12-02
3637522,Basketball Cards 2015 Panini Prizm,Omer Asik [Silver Prizm] #75,$0.25,,,,,,,,,,,,$0.99,,,,,,0,,,,,2015-12-02
3638006,Basketball Cards 2015 Panini Prizm,Omer Asik [White Sparkle Prizm] #75,$7.11,,,,,,,,,,,$1.60,$7.79,,,,,,1,,,,,2015-12-02
3634488,Basketball Cards 2015 Panini Prizm,Omri Casspi #21,$0.99,,,,,,,,,,,,$1.09,,,,,,1,,,,,2015-12-02
12272337,Basketball Cards 2015 Panini Prizm,Omri Casspi [Black Prizm] #21,,,,,,,,,,,,,,,,,,,0,,,,,2015-12-02
3634813,Basketball Cards 2015 Panini Prizm,Omri Casspi [Flash Prizm] #21,$1.34,,,,,,,,,,,,$1.49,,,,,,1,,,,,2015-12-02
3635074,Basketball Cards 2015 Panini Prizm,Omri Casspi [Gold Prizm] #21,,,,,,,,,,,,,,,,,,,0,,,,,2015-12-02
3635341,Basketball Cards 2015 Panini Prizm,Omri Casspi [Green Prizm] #21,$2.09,,,,,,,,,,,,$2.29,,,,,,2,,,,,2015-12-02
3635615,Basketball Cards 2015 Panini Prizm,Omri Casspi [Light Blue Prizm] #21,$2.09,,,,,,,,,,,,$2.29,,,,,,1,,,,,2015-12-02
3635874,Basketball Cards 2015 Panini Prizm,Omri Casspi [Mojo Prizm] #21,$8.99,,,,,,,,,,,$2.00,$9.89,,,,,,0,,,,,2015-12-02
3636141,Basketball Cards 2015 Panini Prizm,Omri Casspi [Orange Prizm] #21,$1.89,,,,,,,,,,,,$2.09,,,,,,2,,,,,2015-12-02
3636410,Basketball Cards 2015 Panini Prizm,Omri Casspi [Orange Wave Prizm] #21,$1.21,,,,,,,,,,,,$1.29,,,,,,1,,,,,2015-12-02
3636689,Basketball Cards 2015 Panini Prizm,Omri Casspi [Purple Prizm] #21,$2.44,,,,,,,,,,,,$2.69,,,,,,1,,,,,2015-12-02
3636965,Basketball Cards 2015 Panini Prizm,"Omri Casspi [Red, White, and Blue Prizm] #21",$1.79,,,,,,,,,,,,$1.99,,,,,,1,,,,,2015-12-02
3637222,Basketball Cards 2015 Panini Prizm,Omri Casspi [Ruby Wave Prizm] #21,$3.49,,,,,,,,,,,$0.80,$3.79,,,,,,2,,,,,2015-12-02
3637483,Basketball Cards 2015 Panini Prizm,Omri Casspi [Silver Prizm] #21,$2.27,,,,,,,,,,,,$2.49,,,,,,1,,,,,2015-12-02
3637956,Basketball Cards 2015 Panini Prizm,Omri Casspi [White Sparkle Prizm] #21,$15.00,,,,,,,,,,,$4.30,$16.99,,,,,,1,,,,,2015-12-02
3634518,Basketball Cards 2015 Panini Prizm,Otto Porter #53,$1.00,,,,,,,,,,,,$1.09,,,,,,1,,,,,2015-12-02
12272397,Basketball Cards 2015 Panini Prizm,Otto Porter [Black Prizm] #53,,,,,,,,,,,,,,,,,,,0,,,,,2015-12-02
3634843,Basketball Cards 2015 Panini Prizm,Otto Porter [Flash Prizm] #53,$0.25,,,,,,,,,,,,$0.99,,,,,,0,,,,,2015-12-02
3635102,Basketball Cards 2015 Panini Prizm,Otto Porter [Gold Prizm] #53,$29.10,,,,,,,,,,,$9.60,$31.99,,,,,,1,,,,,2015-12-02
3635371,Basketball Cards 2015 Panini Prizm,Otto Porter [Green Prizm] #53,$1.04,,,,,,,,,,,,$1.09,,,,,,1,,,,,2015-12-02
3635641,Basketball Cards 2015 Panini Prizm,Otto Porter [Light Blue Prizm] #53,$1.21,,,,,,,,,,,,$1.29,,,,,,1,,,,,2015-12-02
129783,Basketball Cards 2015 Panini Prizm,Otto Porter [Mojo Prizm] #53,,,,,,$26.26,$34.00,$16.00,$16.00,,,,,,,,,,1,,,,,2015-12-02
3636169,Basketball Cards 2015 Panini Prizm,Otto Porter [Orange Prizm] #53,$2.02,,,,,,,,,,,,$2.19,,,,,,1,,,,,2015-12-02
3636441,Basketball Cards 2015 Panini Prizm,Otto Porter [Orange Wave Prizm] #53,$1.35,,,,,,,,,,,,$1.49,,,,,,1,,,,,2015-12-02
3636720,Basketball Cards 2015 Panini Prizm,Otto Porter [Purple Prizm] #53,$1.02,,,,,,,,,,,,$1.09,,,,,,4,,,,,2015-12-02
3636995,Basketball Cards 2015 Panini Prizm,"Otto Porter [Red, White, and Blue Prizm] #53",$1.38,,,,,,,,,,,,$1.49,,,,,,1,,,,,2015-12-02
3380288,Basketball Cards 2015 Panini Prizm,Otto Porter [Ruby Wave Prizm] #53,$0.99,,,,,,,,,,,,$1.09,,,,,,1,,,,,2015-12-02
129784,Basketball Cards 2015 Panini Prizm,Otto Porter [Silver Prizm] #53,$0.25,,,,,$4.01,$5.00,$2.00,$2.00,,,,$0.99,,,,,,1,,,,,2015-12-02
3637987,Basketball Cards 2015 Panini Prizm,Otto Porter [White Sparkle Prizm] #53,$17.49,,,,,$15.50,$20.00,$9.00,$9.00,,,$4.80,$18.99,,,,,,1,,,,,2015-12-02
3634569,Basketball Cards 2015 Panini Prizm,P.J. Tucker #109,$0.16,,,,,,,,,,,,$0.99,,,,,,1,,,,,2015-12-02
12272336,Basketball Cards 2015 Panini Prizm,P.J. Tucker [Black Prizm] #109,,,,,,,,,,,,,,,,,,,0,,,,,2015-12-02
3634890,Basketball Cards 2015 Panini Prizm,P.J. Tucker [Flash Prizm] #109,$0.99,,,,,,,,,,,,$1.09,,,,,,1,,,,,2015-12-02
3635152,Basketball Cards 2015 Panini Prizm,P.J. Tucker [Gold Prizm] #109,,,,,,,,,,,,,,,,,,,0,,,,,2015-12-02
3635423,Basketball Cards 2015 Panini Prizm,P.J. Tucker [Green Prizm] #109,$1.79,,,,,,,,,,,,$1.99,,,,,,1,,,,,2015-12-02
3635687,Basketball Cards 2015 Panini Prizm,P.J. Tucker [Light Blue Prizm] #109,$1.17,,,,,,,,,,,,$1.29,,,,,,1,,,,,2015-12-02
3635950,Basketball Cards 2015 Panini Prizm,P.J. Tucker [Mojo Prizm] #109,$4.99,,,,,,,,,,,$1.10,$5.49,,,,,,1,,,,,2015-12-02
3636217,Basketball Cards 2015 Panini Prizm,P.J. Tucker [Orange Prizm] #109,$3.93,,,,,,,,,,,$0.90,$4.29,,,,,,1,,,,,2015-12-02
3636490,Basketball Cards 2015 Panini Prizm,P.J. Tucker [Orange Wave Prizm] #109,$1.40,,,,,,,,,,,,$1.49,,,,,,1,,,,,2015-12-02
3636770,Basketball Cards 2015 Panini Prizm,P.J. Tucker [Purple Prizm] #109,$3.88,,,,,,,,,,,$0.90,$4.29,,,,,,1,,,,,2015-12-02
3637041,Basketball Cards 2015 Panini Prizm,"P.J. Tucker [Red, White, and Blue Prizm] #109",$1.64,,,,,,,,,,,,$1.79,,,,,,1,,,,,2015-12-02
3637301,Basketball Cards 2015 Panini Prizm,P.J. Tucker [Ruby Wave Prizm] #109,$1.95,,,,,,,,,,,,$2.19,,,,,,1,,,,,2015-12-02
3637546,Basketball Cards 2015 Panini Prizm,P.J. Tucker [Silver Prizm] #109,$0.25,,,,,,,,,,,,$0.99,,,,,,0,,,,,2015-12-02
3638037,Basketball Cards 2015 Panini Prizm,P.J. Tucker [White Sparkle Prizm] #109,$17.49,,,,,,,,,,,$4.80,$18.99,,,,,,0,,,,,2015-12-02
130390,Basketball Cards 2015 Panini Prizm,Pat Connaughton #333,$1.51,,$6.21,$11.99,$22.08,$32.22,$42.00,$19.00,$19.00,,,,$1.69,,,$1.40,$6.79,,8,,,,,2015-12-02
12272509,Basketball Cards 2015 Panini Prizm,Pat Connaughton [Black Prizm] #333,,,,,,,,,,,,,,,,,,,0,,,,,2015-12-02
3638227,Basketball Cards 2015 Panini Prizm,Pat Connaughton [Flash Prizm] #333,$7.50,,,,,,,,,,,$1.70,$8.29,,,,,,1,,,,,2015-12-02
3332155,Basketball Cards 2015 Panini Prizm,Pat Connaughton [Gold Prizm] #333,$94.73,,,,,,,,,,,$52.00,$104.00,,,,,,1,,,,,2015-12-02
3638290,Basketball Cards 2015 Panini Prizm,Pat Connaughton [Green Prizm] #333,$4.99,,,,,,,,,,,$1.10,$5.49,,,,,,2,,,,,2015-12-02
3638317,Basketball Cards 2015 Panini Prizm,Pat Connaughton [Light Blue Prizm] #333,$17.80,,,,,,,,,,,$5.00,$19.99,,,,,,1,,,,,2015-12-02
130391,Basketball Cards 2015 Panini Prizm,Pat Connaughton [Mojo Prizm] #333,$230.21,,,,,,,,,,,$126.50,$253.00,,,,,,1,,,,,2015-12-02
3638361,Basketball Cards 2015 Panini Prizm,Pat Connaughton [Orange Prizm] #333,$8.00,,,,,,,,,,,$1.80,$8.79,,,,,,1,,,,,2015-12-02
3638388,Basketball Cards 2015 Panini Prizm,Pat Connaughton [Orange Wave Prizm] #333,$4.66,,,,,$48.00,$62.00,$29.00,$29.00,,,$1.00,$5.09,,,,,,2,,,,,2015-12-02
3638419,Basketball Cards 2015 Panini Prizm,Pat Connaughton [Purple Prizm] #333,$7.75,,,,,,,,,,,$1.70,$8.49,,,,,,1,,,,,2015-12-02
3638445,Basketball Cards 2015 Panini Prizm,"Pat Connaughton [Red, White, and Blue Prizm] #333",$3.49,,,,,$150.00,$195.00,$90.00,$90.00,,,$0.80,$3.79,,,,,,3,,,,,2015-12-02
130392,Basketball Cards 2015 Panini Prizm,Pat Connaughton [Ruby Wave Prizm] #333,$3.36,,,,,,,,,,,,$3.69,,,,,,2,,,,,2015-12-02
130393,Basketball Cards 2015 Panini Prizm,Pat Connaughton [Silver Prizm] #333,$4.99,,$8.98,$12.00,$26.88,$175.00,$228.00,$105.00,$105.00,,,$1.10,$5.49,,,$2.00,$9.89,,9,,,,,2015-12-02
3638538,Basketball Cards 2015 Panini Prizm,Pat Connaughton [White Sparkle Prizm] #333,$9.50,,,$199.00,$219.00,,,,,,,$2.00,$9.99,,,,,,2,,,,,2015-12-02
3348614,Basketball Cards 2015 Panini Prizm,Patrick Beverley #15,$1.60,,,,,,,,,,,,$1.79,,,,,,1,,,,,2015-12-02
12272326,Basketball Cards 2015 Panini Prizm,Patrick Beverley [Black Prizm] #15,,,,,,,,,,,,,,,,,,,0,,,,,2015-12-02
3634807,Basketball Cards 2015 Panini Prizm,Patrick Beverley [Flash Prizm] #15,$0.25,,,,,,,,,,,,$0.99,,,,,,0,,,,,2015-12-02
129756,Basketball Cards 2015 Panini Prizm,Patrick Beverley [Gold Prizm] #15,,,,,,,,,,,,,,,,,,,0,,,,,2015-12-02
3635335,Basketball Cards 2015 Panini Prizm,Patrick Beverley [Green Prizm] #15,,,,,,,,,,,,,,,,,,,0,,,,,2015-12-02
3348620,Basketball Cards 2015 Panini Prizm,Patrick Beverley [Light Blue Prizm] #15,$1.17,,,,,,,,,,,,$1.29,,,,,,2,,,,,2015-12-02
3635868,Basketball Cards 2015 Panini Prizm,Patrick Beverley [Mojo Prizm] #15,$10.59,,,,,,,,,,,$3.00,$11.99,,,,,,0,,,,,2015-12-02
3636135,Basketball Cards 2015 Panini Prizm,Patrick Beverley [Orange Prizm] #15,$5.99,,,,,,,,,,,$1.30,$6.59,,,,,,1,,,,,2015-12-02
3636404,Basketball Cards 2015 Panini Prizm,Patrick Beverley [Orange Wave Prizm] #15,$0.25,,,,,,,,,,,,$0.99,,,,,,0,,,,,2015-12-02
3636683,Basketball Cards 2015 Panini Prizm,Patrick Beverley [Purple Prizm] #15,$0.25,,,,,,,,,,,,$0.99,,,,,,0,,,,,2015-12-02
3636959,Basketball Cards 2015 Panini Prizm,"Patrick Beverley [Red, White, and Blue Prizm] #15",$2.53,,,,,,,,,,,,$2.79,,,,,,1,,,,,2015-12-02
3637216,Basketball Cards 2015 Panini Prizm,Patrick Beverley [Ruby Wave Prizm] #15,$2.82,,,,,,,,,,,,$3.09,,,,,,1,,,,,2015-12-02
129757,Basketball Cards 2015 Panini Prizm,Patrick Beverley [Silver Prizm] #15,$0.40,,,$4.03,$4.00,$6.72,$9.00,$4.00,$4.00,,,,$0.99,,,,,,3,,,,,2015-12-02
3637950,Basketball Cards 2015 Panini Prizm,Patrick Beverley [White Sparkle Prizm] #15,$17.49,,,,,,,,,,,$4.80,$18.99,,,,,,0,,,,,2015-12-02
3634690,Basketball Cards 2015 Panini Prizm,Patrick Ewing #241,$1.93,,$2.87,$3.24,$4.00,$18.02,$23.00,$11.00,$11.00,,,,$2.09,,,,$3.19,,7,,,,,2015-12-02
12272588,Basketball Cards 2015 Panini Prizm,Patrick Ewing [Black Prizm] #241,,,,,,,,,,,,,,,,,,,0,,,,,2015-12-02
130047,Basketball Cards 2015 Panini Prizm,Patrick Ewing [Flash Prizm] #241,$0.99,,$7.99,,,,,,,,,,$1.09,,,$1.80,$8.79,,2,,,,,2015-12-02
130048,Basketball Cards 2015 Panini Prizm,Patrick Ewing [Gold Prizm] #241,$360.75,,,,$381.33,$590.00,$767.00,$354.00,$354.00,,,$198.50,$397.00,,,,,,3,,,,,2015-12-02
130049,Basketball Cards 2015 Panini Prizm,Patrick Ewing [Green Prizm] #241,$3.24,,,,,$45.99,$60.00,$28.00,$28.00,,,,$3.59,,,,,,2,,,,,2015-12-02
130050,Basketball Cards 2015 Panini Prizm,Patrick Ewing [Light Blue Prizm] #241,$4.01,,,,,$39.00,$51.00,$23.00,$23.00,,,$0.90,$4.39,,,,,,4,,,,,2015-12-02
130051,Basketball Cards 2015 Panini Prizm,Patrick Ewing [Mojo Prizm] #241,,,,,,,,,,,,,,,,,,,0,,,,,2015-12-02
130052,Basketball Cards 2015 Panini Prizm,Patrick Ewing [Orange Prizm] #241,$23.76,,,,,,,,,,,$7.80,$25.99,,,,,,1,,,,,2015-12-02
130053,Basketball Cards 2015 Panini Prizm,Patrick Ewing [Orange Wave Prizm] #241,$5.36,,,,,,,,,,,$1.20,$5.89,,,,,,2,,,,,2015-12-02
130054,Basketball Cards 2015 Panini Prizm,Patrick Ewing [Purple Prizm] #241,$6.49,,,,,,,,,,,$1.40,$7.09,,,,,,1,,,,,2015-12-02
130055,Basketball Cards 2015 Panini Prizm,"Patrick Ewing [Red, White, and Blue Prizm] #241",$3.99,,,,,,,,$35.39,,,$0.90,$4.39,,,,,,2,,,,,2015-12-02
130056,Basketball Cards 2015 Panini Prizm,Patrick Ewing [Ruby Wave Prizm] #241,$2.42,,,,,$24.49,$32.00,$15.00,$15.00,,,,$2.69,,,,,,2,,,,,2015-12-02
130057,Basketball Cards 2015 Panini Prizm,Patrick Ewing [Silver Prizm] #241,$2.71,,$3.25,$7.07,$8.00,$26.00,$34.00,$16.00,$16.00,,,,$2.99,,,,$3.59,,6,,,,,2015-12-02
130058,Basketball Cards 2015 Panini Prizm,Patrick Ewing [White Sparkle Prizm] #241,$30.00,,,,,,,,,,,$9.90,$32.99,,,,,,1,,,,,2015-12-02
3634589,Basketball Cards 2015 Panini Prizm,Patrick Patterson #131,$0.25,,,,,,,,,,,,$0.99,,,,,,0,,,,,2015-12-02
12272392,Basketball Cards 2015 Panini Prizm,Patrick Patterson [Black Prizm] #131,,,,,,,,,,,,,,,,,,,0,,,,,2015-12-02
3634909,Basketball Cards 2015 Panini Prizm,Patrick Patterson [Flash Prizm] #131,$1.16,,,,,,,,,,,,$1.29,,,,,,1,,,,,2015-12-02
3635172,Basketball Cards 2015 Panini Prizm,Patrick Patterson [Gold Prizm] #131,,,,,,,,,,,,,,,,,,,0,,,,,2015-12-02
3635443,Basketball Cards 2015 Panini Prizm,Patrick Patterson [Green Prizm] #131,$0.25,,,,,,,,,,,,$0.99,,,,,,0,,,,,2015-12-02
3635706,Basketball Cards 2015 Panini Prizm,Patrick Patterson [Light Blue Prizm] #131,$1.00,,,,,,,,,,,,$1.09,,,,,,1,,,,,2015-12-02
3635969,Basketball Cards 2015 Panini Prizm,Patrick Patterson [Mojo Prizm] #131,$12.04,,,,,,,,,,,$3.30,$12.99,,,,,,0,,,,,2015-12-02
3636238,Basketball Cards 2015 Panini Prizm,Patrick Patterson [Orange Prizm] #131,$2.27,,,,,,,,,,,,$2.49,,,,,,1,,,,,2015-12-02
3636510,Basketball Cards 2015 Panini Prizm,Patrick Patterson [Orange Wave Prizm] #131,$0.25,,,,,,,,,,,,$0.99,,,,,,0,,,,,2015-12-02
3636791,Basketball Cards 2015 Panini Prizm,Patrick Patterson [Purple Prizm] #131,$2.04,,,,,,,,,,,,$2.19,,,,,,1,,,,,2015-12-02
3637060,Basketball Cards 2015 Panini Prizm,"Patrick Patterson [Red, White, and Blue Prizm] #131",$0.25,,,,,,,,,,,,$0.99,,,,,,0,,,,,2015-12-02
3637320,Basketball Cards 2015 Panini Prizm,Patrick Patterson [Ruby Wave Prizm] #131,$1.13,,,,,,,,,,,,$1.19,,,,,,1,,,,,2015-12-02
3637563,Basketball Cards 2015 Panini Prizm,Patrick Patterson [Silver Prizm] #131,$1.25,,,,,,,,,,,,$1.39,,,,,,1,,,,,2015-12-02
3638058,Basketball Cards 2015 Panini Prizm,Patrick Patterson [White Sparkle Prizm] #131,$17.49,,,,,,,,,,,$4.80,$18.99,,,,,,0,,,,,2015-12-02
3634601,Basketball Cards 2015 Panini Prizm,Pau Gasol #143,$1.69,,$3.99,,,,,,,,,,$1.89,,,$0.90,$4.39,,2,,,,,2015-12-02
3634763,Basketball Cards 2015 Panini Prizm,Pau Gasol #353,$1.10,,,,,,,,,,,,$1.19,,,,,,3,,,,,2015-12-02
3634781,Basketball Cards 2015 Panini Prizm,Pau Gasol #384,$1.44,,,$1.99,$2.00,,,,,,,,$1.59,,,,,,3,,,,,2015-12-02
12272421,Basketball Cards 2015 Panini Prizm,Pau Gasol [Black Prizm] #143,,,,,,,,,,,,,,,,,,,0,,,,,2015-12-02
12272602,Basketball Cards 2015 Panini Prizm,Pau Gasol [Black Prizm] #353,,,,,,,,,,,,,,,,,,,0,,,,,2015-12-02
12272654,Basketball Cards 2015 Panini Prizm,Pau Gasol [Black Prizm] #384,,,,,,,,,,,,,,,,,,,0,,,,,2015-12-02
3634921,Basketball Cards 2015 Panini Prizm,Pau Gasol [Flash Prizm] #143,$2.24,,,,,,,,,,,,$2.49,,,,,,1,,,,,2015-12-02
3638543,Basketball Cards 2015 Panini Prizm,Pau Gasol [Flash Prizm] #353,$1.02,,,,,,,,,,,,$1.09,,,,,,1,,,,,2015-12-02
3638778,Basketball Cards 2015 Panini Prizm,Pau Gasol [Flash Prizm] #384,$0.99,,,,,,,,,,,,$1.09,,,,,,1,,,,,2015-12-02
3635184,Basketball Cards 2015 Panini Prizm,Pau Gasol [Gold Prizm] #143,$179.50,,,,,,,,,,,$98.50,$197.00,,,,,,1,,,,,2015-12-02
3638560,Basketball Cards 2015 Panini Prizm,Pau Gasol [Gold Prizm] #353,,,,,,,,,,,,,,,,,,,0,,,,,2015-12-02
3638795,Basketball Cards 2015 Panini Prizm,Pau Gasol [Gold Prizm] #384,$40.00,,,,,,,,,,,$17.60,$43.99,,,,,,1,,,,,2015-12-02
3635455,Basketball Cards 2015 Panini Prizm,Pau Gasol [Green Prizm] #143,$13.35,,,,,,,,,,,$3.80,$14.99,,,,,,1,,,,,2015-12-02
3638581,Basketball Cards 2015 Panini Prizm,Pau Gasol [Green Prizm] #353,$3.30,,,,,,,,,,,,$3.59,,,,,,1,,,,,2015-12-02
3638815,Basketball Cards 2015 Panini Prizm,Pau Gasol [Green Prizm] #384,$1.25,,,,,,,,,,,,$1.39,,,,,,1,,,,,2015-12-02
3635717,Basketball Cards 2015 Panini Prizm,Pau Gasol [Light Blue Prizm] #143,$1.30,,,,,,,,,,,,$1.39,,,,,,1,,,,,2015-12-02
3638599,Basketball Cards 2015 Panini Prizm,Pau Gasol [Light Blue Prizm] #353,$4.50,,,,,,,,,,,$1.00,$4.99,,,,,,2,,,,,2015-12-02
3638829,Basketball Cards 2015 Panini Prizm,Pau Gasol [Light Blue Prizm] #384,$4.99,,,,,,,,,,,$1.10,$5.49,,,,,,0,,,,,2015-12-02
3635981,Basketball Cards 2015 Panini Prizm,Pau Gasol [Mojo Prizm] #143,$4.25,,,,,,,,,,,$0.90,$4.69,,,,,,1,,,,,2015-12-02
3638617,Basketball Cards 2015 Panini Prizm,Pau Gasol [Mojo Prizm] #353,,,,,,,,,,,,,,,,,,,0,,,,,2015-12-02
3638844,Basketball Cards 2015 Panini Prizm,Pau Gasol [Mojo Prizm] #384,$7.50,,,,,,,,,,,$1.70,$8.29,,,,,,1,,,,,2015-12-02
3636250,Basketball Cards 2015 Panini Prizm,Pau Gasol [Orange Prizm] #143,$9.74,,,,,,,,,,,$2.80,$10.99,,,,,,1,,,,,2015-12-02
3638631,Basketball Cards 2015 Panini Prizm,Pau Gasol [Orange Prizm] #353,$0.99,,,$16.50,$18.00,,,,,,,,$1.09,,,,,,2,,,,,2015-12-02
3638859,Basketball Cards 2015 Panini Prizm,Pau Gasol [Orange Prizm] #384,$1.60,,,,,,,,,,,,$1.79,,,,,,1,,,,,2015-12-02
3636522,Basketball Cards 2015 Panini Prizm,Pau Gasol [Orange Wave Prizm] #143,$0.99,,,,,,,,,,,,$1.09,,,,,,1,,,,,2015-12-02
3638650,Basketball Cards 2015 Panini Prizm,Pau Gasol [Orange Wave Prizm] #353,$0.99,,,,,,,,,,,,$1.09,,,,,,1,,,,,2015-12-02
3638877,Basketball Cards 2015 Panini Prizm,Pau Gasol [Orange Wave Prizm] #384,$1.00,,,,,,,,,,,,$1.09,,,,,,1,,,,,2015-12-02
3636801,Basketball Cards 2015 Panini Prizm,Pau Gasol [Purple Prizm] #143,$9.99,,,,,,,,,,,$2.80,$10.99,,,,,,1,,,,,2015-12-02
3638669,Basketball Cards 2015 Panini Prizm,Pau Gasol [Purple Prizm] #353,$3.39,,,,,,,,,,,,$3.69,,,,,,1,,,,,2015-12-02
3638896,Basketball Cards 2015 Panini Prizm,Pau Gasol [Purple Prizm] #384,$4.95,,,,,,,,,,,$1.10,$5.49,,,,,,1,,,,,2015-12-02
3637071,Basketball Cards 2015 Panini Prizm,"Pau Gasol [Red, White, and Blue Prizm] #143",$1.99,,,,,,,,,,,,$2.19,,,,,,1,,,,,2015-12-02
3638687,Basketball Cards 2015 Panini Prizm,"Pau Gasol [Red, White, and Blue Prizm] #353",$0.86,,,,,,,,,,,,$0.99,,,,,,1,,,,,2015-12-02
3638913,Basketball Cards 2015 Panini Prizm,"Pau Gasol [Red, White, and Blue Prizm] #384",$1.25,,,,,,,,,,,,$1.39,,,,,,1,,,,,2015-12-02
3637330,Basketball Cards 2015 Panini Prizm,Pau Gasol [Ruby Wave Prizm] #143,$5.60,,,,,$44.95,$58.00,$27.00,$27.00,,,$1.20,$6.19,,,,,,2,,,,,2015-12-02
3638702,Basketball Cards 2015 Panini Prizm,Pau Gasol [Ruby Wave Prizm] #353,$5.23,,,,,,,,,,,$1.20,$5.79,,,,,,1,,,,,2015-12-02
3638926,Basketball Cards 2015 Panini Prizm,Pau Gasol [Ruby Wave Prizm] #384,$1.75,,,,,,,,,,,,$1.89,,,,,,1,,,,,2015-12-02
129913,Basketball Cards 2015 Panini Prizm,Pau Gasol [Silver Prizm] #143,$2.72,,,$2.62,$3.00,$6.50,$8.00,$4.00,$4.00,,,,$2.99,,,,,,3,,,,,2015-12-02
3638722,Basketball Cards 2015 Panini Prizm,Pau Gasol [Silver Prizm] #353,$1.94,,,$5.50,$6.00,$23.69,$31.00,$14.00,$14.00,,,,$2.09,,,,,,3,,,,,2015-12-02
130662,Basketball Cards 2015 Panini Prizm,Pau Gasol [Silver Prizm] #384,$3.60,,,$3.99,$4.00,$13.00,$17.00,$8.00,$8.00,,,$0.80,$3.99,,,,,,3,,,,,2015-12-02
3638067,Basketball Cards 2015 Panini Prizm,Pau Gasol [White Sparkle Prizm] #143,$15.50,,,,,,,,,,,$4.30,$16.99,,,,,,1,,,,,2015-12-02
3638756,Basketball Cards 2015 Panini Prizm,Pau Gasol [White Sparkle Prizm] #353,,,,,,,,,,,,,,,,,,,0,,,,,2015-12-02
3638968,Basketball Cards 2015 Panini Prizm,Pau Gasol [White Sparkle Prizm] #384,,,,,,,,,,,,,,,,,,,0,,,,,2015-12-02
3634526,Basketball Cards 2015 Panini Prizm,Paul George #62,$1.25,,$5.56,$6.09,$7.00,$24.99,$32.00,$15.00,$15.00,,,,$1.39,,,$1.20,$6.09,,5,,,,,2015-12-02
12272419,Basketball Cards 2015 Panini Prizm,Paul George [Black Prizm] #62,,,,,,,,,,,,,,,,,,,0,,,,,2015-12-02
3634851,Basketball Cards 2015 Panini Prizm,Paul George [Flash Prizm] #62,$0.69,,,$6.00,$7.00,,,,,,,,$0.99,,,,,,2,,,,,2015-12-02
129806,Basketball Cards 2015 Panini Prizm,Paul George [Gold Prizm] #62,,,,$299.99,$330.00,$1500.00,$1950.00,$900.00,$900.00,,,,,,,,,,2,,,,,2015-12-02
3635379,Basketball Cards 2015 Panini Prizm,Paul George [Green Prizm] #62,$0.78,,,,,$20.53,$27.00,$12.00,$12.00,,,,$0.99,,,,,,4,,,,,2015-12-02
3635648,Basketball Cards 2015 Panini Prizm,Paul George [Light Blue Prizm] #62,$4.14,,$9.99,$29.00,$29.00,$30.03,$39.00,$18.00,$18.00,,,$0.90,$4.59,,,$2.80,$10.99,,6,,,,,2015-12-02
129807,Basketball Cards 2015 Panini Prizm,Paul George [Mojo Prizm] #62,,,,,,$77.78,$101.00,$47.00,$47.00,,,,,,,,,,1,,,,,2015-12-02
3636175,Basketball Cards 2015 Panini Prizm,Paul George [Orange Prizm] #62,$14.34,,$13.50,,,$121.57,$158.00,$73.00,$73.00,,,$4.00,$15.99,,,$3.80,$14.99,,3,,,,,2015-12-02
3636447,Basketball Cards 2015 Panini Prizm,Paul George [Orange Wave Prizm] #62,$0.99,,,,,,,,,,,,$1.09,,,,,,1,,,,,2015-12-02
3636726,Basketball Cards 2015 Panini Prizm,Paul George [Purple Prizm] #62,$34.75,,,,,,,,,,,$15.20,$37.99,,,,,,1,,,,,2015-12-02
129810,Basketball Cards 2015 Panini Prizm,"Paul George [Red, White, and Blue Prizm] #62",$2.26,,,,,$63.49,$83.00,$38.00,$38.00,,,,$2.49,,,,,,3,,,,,2015-12-02
3637259,Basketball Cards 2015 Panini Prizm,Paul George [Ruby Wave Prizm] #62,$1.75,,,$19.95,$22.00,,,,,,,,$1.89,,,,,,3,,,,,2015-12-02
129808,Basketball Cards 2015 Panini Prizm,Paul George [Silver Prizm] #62,$1.62,,$4.25,$15.95,$18.00,,,,,,,,$1.79,,,$0.90,$4.69,,5,,,,,2015-12-02
129809,Basketball Cards 2015 Panini Prizm,Paul George [White Sparkle Prizm] #62,$40.00,,,,$38.53,$415.00,$540.00,$249.00,$249.00,,,$17.60,$43.99,,,,,,3,,,,,2015-12-02
3634770,Basketball Cards 2015 Panini Prizm,Paul Millsap #361,$0.99,,,,,,,,,,,,$1.09,,,,,,1,,,,,2015-12-02
3634515,Basketball Cards 2015 Panini Prizm,Paul Millsap #48,$0.99,,,,,,,,,,,,$1.09,,,,,,1,,,,,2015-12-02
12272613,Basketball Cards 2015 Panini Prizm,Paul Millsap [Black Prizm] #361,,,,,,,,,,,,,,,,,,,0,,,,,2015-12-02
12272391,Basketball Cards 2015 Panini Prizm,Paul Millsap [Black Prizm] #48,,,,,,,,,,,,,,,,,,,0,,,,,2015-12-02
3638551,Basketball Cards 2015 Panini Prizm,Paul Millsap [Flash Prizm] #361,$1.99,,,,,,,,,,,,$2.19,,,,,,1,,,,,2015-12-02
3634840,Basketball Cards 2015 Panini Prizm,Paul Millsap [Flash Prizm] #48,$0.25,,,,,,,,,,,,$0.99,,,,,,0,,,,,2015-12-02
3638568,Basketball Cards 2015 Panini Prizm,Paul Millsap [Gold Prizm] #361,,,,,,,,,,,,,,,,,,,0,,,,,2015-12-02
3635097,Basketball Cards 2015 Panini Prizm,Paul Millsap [Gold Prizm] #48,$96.00,,,,,,,,,,,$53.00,$106.00,,,,,,1,,,,,2015-12-02
3638589,Basketball Cards 2015 Panini Prizm,Paul Millsap [Green Prizm] #361,$0.25,,,,,,,,,,,,$0.99,,,,,,0,,,,,2015-12-02
3635367,Basketball Cards 2015 Panini Prizm,Paul Millsap [Green Prizm] #48,$2.27,,,,,,,,,,,,$2.49,,,,,,0,,,,,2015-12-02
3638607,Basketball Cards 2015 Panini Prizm,Paul Millsap [Light Blue Prizm] #361,$3.99,,,,,,,,,,,$0.90,$4.39,,,,,,1,,,,,2015-12-02
3635638,Basketball Cards 2015 Panini Prizm,Paul Millsap [Light Blue Prizm] #48,$1.25,,,,,,,,,,,,$1.39,,,,,,1,,,,,2015-12-02
3638623,Basketball Cards 2015 Panini Prizm,Paul Millsap [Mojo Prizm] #361,$3.99,,,,,$10.65,$14.00,$6.00,$6.00,,,$0.90,$4.39,,,,,,2,,,,,2015-12-02
3635900,Basketball Cards 2015 Panini Prizm,Paul Millsap [Mojo Prizm] #48,$9.95,,,,,,,,,,,$2.80,$10.99,,,,,,1,,,,,2015-12-02
3638638,Basketball Cards 2015 Panini Prizm,Paul Millsap [Orange Prizm] #361,$2.09,,,,,,,,,,,,$2.29,,,,,,1,,,,,2015-12-02
3636166,Basketball Cards 2015 Panini Prizm,Paul Millsap [Orange Prizm] #48,$4.49,,,,,,,,,,,$1.00,$4.89,,,,,,1,,,,,2015-12-02
3638656,Basketball Cards 2015 Panini Prizm,Paul Millsap [Orange Wave Prizm] #361,$2.99,,,,,,,,,,,,$3.29,,,,,,1,,,,,2015-12-02
3636437,Basketball Cards 2015 Panini Prizm,Paul Millsap [Orange Wave Prizm] #48,$1.89,,,,,,,,,,,,$2.09,,,,,,1,,,,,2015-12-02
3348635,Basketball Cards 2015 Panini Prizm,Paul Millsap [Purple Prizm] #361,$4.20,,,,,,,,,,,$0.90,$4.59,,,,,,0,,,,,2015-12-02
3636715,Basketball Cards 2015 Panini Prizm,Paul Millsap [Purple Prizm] #48,$2.25,,,,,,,,,,,,$2.49,,,,,,1,,,,,2015-12-02
3638694,Basketball Cards 2015 Panini Prizm,"Paul Millsap [Red, White, and Blue Prizm] #361",$1.25,,,,,,,,,,,,$1.39,,,,,,1,,,,,2015-12-02
3636991,Basketball Cards 2015 Panini Prizm,"Paul Millsap [Red, White, and Blue Prizm] #48",$1.24,,,,,,,,,,,,$1.39,,,,,,1,,,,,2015-12-02
3638713,Basketball Cards 2015 Panini Prizm,Paul Millsap [Ruby Wave Prizm] #361,$2.49,,,,,,,,,,,,$2.69,,,,,,1,,,,,2015-12-02
3637248,Basketball Cards 2015 Panini Prizm,Paul Millsap [Ruby Wave Prizm] #48,$2.09,,$6.67,$12.14,$22.88,$33.07,$43.00,$20.00,$20.00,,,,$2.29,,,$1.50,$7.29,,6,,,,,2015-12-02
3638727,Basketball Cards 2015 Panini Prizm,Paul Millsap [Silver Prizm] #361,$0.99,,,,,,,,,,,,$1.09,,,,,,1,,,,,2015-12-02
3637506,Basketball Cards 2015 Panini Prizm,Paul Millsap [Silver Prizm] #48,$1.79,,,,,,,,,,,,$1.99,,,,,,1,,,,,2015-12-02
3638763,Basketball Cards 2015 Panini Prizm,Paul Millsap [White Sparkle Prizm] #361,$14.34,,,,,,,,,,,$4.00,$15.99,,,,,,0,,,,,2015-12-02
3637983,Basketball Cards 2015 Panini Prizm,Paul Millsap [White Sparkle Prizm] #48,,,,,,,,,,,,,,,,,,,0,,,,,2015-12-02
3634554,Basketball Cards 2015 Panini Prizm,Paul Pierce #92,$1.12,,,$2.12,$2.00,$5.85,$8.00,$4.00,$4.00,,,,$1.19,,,,,,3,,,,,2015-12-02
12272518,Basketball Cards 2015 Panini Prizm,Paul Pierce [Black Prizm] #92,,,,,,,,,,,,,,,,,,,0,,,,,2015-12-02
3634875,Basketball Cards 2015 Panini Prizm,Paul Pierce [Flash Prizm] #92,$1.49,,,,,,,,,,,,$1.59,,,,,,3,,,,,2015-12-02
3635137,Basketball Cards 2015 Panini Prizm,Paul Pierce [Gold Prizm] #92,,,,,,,,,,,,,,,,,,,0,,,,,2015-12-02
3635407,Basketball Cards 2015 Panini Prizm,Paul Pierce [Green Prizm] #92,$2.52,,,,,,,,,,,,$2.79,,,,,,0,,,,,2015-12-02
3635673,Basketball Cards 2015 Panini Prizm,Paul Pierce [Light Blue Prizm] #92,$2.11,,,,,,,,,,,,$2.29,,,,,,1,,,,,2015-12-02
3635938,Basketball Cards 2015 Panini Prizm,Paul Pierce [Mojo Prizm] #92,$11.83,,,,,,,,,,,$3.30,$12.99,,,,,,1,,,,,2015-12-02
3636202,Basketball Cards 2015 Panini Prizm,Paul Pierce [Orange Prizm] #92,$2.15,,,,,,,,,,,,$2.39,,,,,,2,,,,,2015-12-02
3636475,Basketball Cards 2015 Panini Prizm,Paul Pierce [Orange Wave Prizm] #92,$1.23,,,,,,,,,,,,$1.39,,,,,,1,,,,,2015-12-02
3636753,Basketball Cards 2015 Panini Prizm,Paul Pierce [Purple Prizm] #92,$1.63,,$7.08,,,,,,,,,,$1.79,,,$1.60,$7.79,,3,,,,,2015-12-02
129840,Basketball Cards 2015 Panini Prizm,"Paul Pierce [Red, White, and Blue Prizm] #92",$1.25,,,$12.95,$14.00,$17.80,$23.00,$11.00,$11.00,,,,$1.39,,,,,,3,,,,,2015-12-02
3637286,Basketball Cards 2015 Panini Prizm,Paul Pierce [Ruby Wave Prizm] #92,$2.72,,,$11.95,$13.00,,,,,,,,$2.99,,,,,,2,,,,,2015-12-02
129841,Basketball Cards 2015 Panini Prizm,Paul Pierce [Silver Prizm] #92,$1.36,,,$6.27,$7.00,$12.50,$16.00,$8.00,$8.00,,,,$1.49,,,,,,6,,,,,2015-12-02
3638022,Basketball Cards 2015 Panini Prizm,Paul Pierce [White Sparkle Prizm] #92,$40.51,,,,,,,,,,,$18.00,$44.99,,,,,,3,,,,,2015-12-02
3634548,Basketball Cards 2015 Panini Prizm,Quincy Acy #86,$1.99,,,,,,,,,,,,$2.19,,,,,,2,,,,,2015-12-02
12272493,Basketball Cards 2015 Panini Prizm,Quincy Acy [Black Prizm] #86,,,,,,,,,,,,,,,,,,,0,,,,,2015-12-02
3634870,Basketball Cards 2015 Panini Prizm,Quincy Acy [Flash Prizm] #86,$2.49,,,,,,,,,,,,$2.69,,,,,,1,,,,,2015-12-02
3635131,Basketball Cards 2015 Panini Prizm,Quincy Acy [Gold Prizm] #86,,,,,,,,,,,,,,,,,,,0,,,,,2015-12-02
3635401,Basketball Cards 2015 Panini Prizm,Quincy Acy [Green Prizm] #86,$0.25,,,,,,,,,,,,$0.99,,,,,,0,,,,,2015-12-02
3348621,Basketball Cards 2015 Panini Prizm,Quincy Acy [Light Blue Prizm] #86,$1.84,,,,,,,,,,,,$1.99,,,,,,1,,,,,2015-12-02
3635932,Basketball Cards 2015 Panini Prizm,Quincy Acy [Mojo Prizm] #86,$1.99,,,,,,,,,,,,$2.19,,,,,,1,,,,,2015-12-02
3636196,Basketball Cards 2015 Panini Prizm,Quincy Acy [Orange Prizm] #86,$5.12,,,,,,,,,,,$1.10,$5.59,,,,,,1,,,,,2015-12-02
3636470,Basketball Cards 2015 Panini Prizm,Quincy Acy [Orange Wave Prizm] #86,$1.69,,,,,,,,,,,,$1.89,,,,,,1,,,,,2015-12-02
3636747,Basketball Cards 2015 Panini Prizm,Quincy Acy [Purple Prizm] #86,$2.99,,,,,,,,,,,,$3.29,,,,,,2,,,,,2015-12-02
3637023,Basketball Cards 2015 Panini Prizm,"Quincy Acy [Red, White, and Blue Prizm] #86",$1.94,,,,,,,,,,,,$2.09,,,,,,1,,,,,2015-12-02
3637281,Basketball Cards 2015 Panini Prizm,Quincy Acy [Ruby Wave Prizm] #86,$2.00,,,,,,,,,,,,$2.19,,,,,,2,,,,,2015-12-02
3637530,Basketball Cards 2015 Panini Prizm,Quincy Acy [Silver Prizm] #86,$1.99,,,,,,,,,,,,$2.19,,,,,,1,,,,,2015-12-02
3638016,Basketball Cards 2015 Panini Prizm,Quincy Acy [White Sparkle Prizm] #86,,,,,,,,,,,,,,,,,,,0,,,,,2015-12-02
3634566,Basketball Cards 2015 Panini Prizm,Quincy Pondexter #105,$0.99,,,,,,,,,,,,$1.09,,,,,,1,,,,,2015-12-02
12272328,Basketball Cards 2015 Panini Prizm,Quincy Pondexter [Black Prizm] #105,,,,,,,,,,,,,,,,,,,0,,,,,2015-12-02
3634886,Basketball Cards 2015 Panini Prizm,Quincy Pondexter [Flash Prizm] #105,$1.34,,,,,,,,,,,,$1.49,,,,,,1,,,,,2015-12-02
3635148,Basketball Cards 2015 Panini Prizm,Quincy Pondexter [Gold Prizm] #105,,,,,,,,,,,,,,,,,,,0,,,,,2015-12-02
3635419,Basketball Cards 2015 Panini Prizm,Quincy Pondexter [Green Prizm] #105,$2.89,,,,,,,,,,,,$3.19,,,,,,1,,,,,2015-12-02
3635684,Basketball Cards 2015 Panini Prizm,Quincy Pondexter [Light Blue Prizm] #105,$1.70,,,,,,,,,,,,$1.89,,,,,,1,,,,,2015-12-02
3635947,Basketball Cards 2015 Panini Prizm,Quincy Pondexter [Mojo Prizm] #105,$3.78,,,,,,,,,,,$0.80,$4.19,,,,,,1,,,,,2015-12-02
3636214,Basketball Cards 2015 Panini Prizm,Quincy Pondexter [Orange Prizm] #105,$2.99,,,,,,,,,,,,$3.29,,,,,,1,,,,,2015-12-02
3636487,Basketball Cards 2015 Panini Prizm,Quincy Pondexter [Orange Wave Prizm] #105,$0.25,,,,,,,,,,,,$0.99,,,,,,0,,,,,2015-12-02
3636767,Basketball Cards 2015 Panini Prizm,Quincy Pondexter [Purple Prizm] #105,$3.00,,,,,,,,,,,,$3.29,,,,,,1,,,,,2015-12-02
3637038,Basketball Cards 2015 Panini Prizm,"Quincy Pondexter [Red, White, and Blue Prizm] #105",$1.69,,,,,,,,,,,,$1.89,,,,,,1,,,,,2015-12-02
3637296,Basketball Cards 2015 Panini Prizm,Quincy Pondexter [Ruby Wave Prizm] #105,$1.04,,,,,,,,,,,,$1.09,,,,,,1,,,,,2015-12-02
3637544,Basketball Cards 2015 Panini Prizm,Quincy Pondexter [Silver Prizm] #105,$1.89,,,,,,,,,,,,$2.09,,,,,,1,,,,,2015-12-02
3638034,Basketball Cards 2015 Panini Prizm,Quincy Pondexter [White Sparkle Prizm] #105,,,,,,,,,,,,,,,,,,,0,,,,,2015-12-02
130247,Basketball Cards 2015 Panini Prizm,R.J. Hunter #311,$1.00,,,,,,,,,,,,$1.09,,,,,,2,,,,,2015-12-02
12272434,Basketball Cards 2015 Panini Prizm,R.J. Hunter [Black Prizm] #311,,,,,,,,,,,,,,,,,,,0,,,,,2015-12-02
3638213,Basketball Cards 2015 Panini Prizm,R.J. Hunter [Flash Prizm] #311,,,,,,,,,,,,,,,,,,,0,,,,,2015-12-02
130248,Basketball Cards 2015 Panini Prizm,R.J. Hunter [Gold Prizm] #311,$32.01,,,$49.99,$55.00,,,,,,,$10.50,$34.99,,,,,,2,,,,,2015-12-02
3638277,Basketball Cards 2015 Panini Prizm,R.J. Hunter [Green Prizm] #311,,,,,,,,,,,,,,,,,,,0,,,,,2015-12-02
161968,Basketball Cards 2015 Panini Prizm,R.J. Hunter [Light Blue Prizm] #311,$2.69,,,,,,,,,,,,$2.99,,,,,,1,,,,,2015-12-02
3638331,Basketball Cards 2015 Panini Prizm,R.J. Hunter [Mojo Prizm] #311,,,,,,,,,,,,,,,,,,,0,,,,,2015-12-02
161969,Basketball Cards 2015 Panini Prizm,R.J. Hunter [Orange Prizm] #311,$3.15,,,,,,,,,,,,$3.49,,,,,,1,,,,,2015-12-02
3638376,Basketball Cards 2015 Panini Prizm,R.J. Hunter [Orange Wave Prizm] #311,,,,,,,,,,,,,,,,,,,0,,,,,2015-12-02
3638405,Basketball Cards 2015 Panini Prizm,R.J. Hunter [Purple Prizm] #311,,,,,,,,,,,,,,,,,,,0,,,,,2015-12-02
3638433,Basketball Cards 2015 Panini Prizm,"R.J. Hunter [Red, White, and Blue Prizm] #311",$0.99,,,,,,,,,,,,$1.09,,,,,,1,,,,,2015-12-02
3638457,Basketball Cards 2015 Panini Prizm,R.J. Hunter [Ruby Wave Prizm] #311,$2.84,,,,,,,,,,,,$3.09,,,,,,1,,,,,2015-12-02
130249,Basketball Cards 2015 Panini Prizm,R.J. Hunter [Silver Prizm] #311,$1.99,,,$1.62,$2.00,$35.00,$46.00,$21.00,$21.00,,,,$2.19,,,,,,3,,,,,2015-12-02
130250,Basketball Cards 2015 Panini Prizm,R.J. Hunter [White Sparkle Prizm] #311,,,,,,,,,,,,,,,,,,,0,,,,,2015-12-02
3634661,Basketball Cards 2015 Panini Prizm,Rajon Rondo #209,$1.34,,,,,,,,,,,,$1.49,,,,,,2,,,,,2015-12-02
12272364,Basketball Cards 2015 Panini Prizm,Rajon Rondo [Black Prizm] #209,,,,,,,,,,,,,,,,,,,0,,,,,2015-12-02
3634981,Basketball Cards 2015 Panini Prizm,Rajon Rondo [Flash Prizm] #209,$2.25,,,,,,,,,,,,$2.49,,,,,,1,,,,,2015-12-02
3635241,Basketball Cards 2015 Panini Prizm,Rajon Rondo [Gold Prizm] #209,,,,,,,,,,,,,,,,,,,0,,,,,2015-12-02
3635516,Basketball Cards 2015 Panini Prizm,Rajon Rondo [Green Prizm] #209,$2.22,,,,,,,,,,,,$2.39,,,,,,1,,,,,2015-12-02
3635774,Basketball Cards 2015 Panini Prizm,Rajon Rondo [Light Blue Prizm] #209,$0.99,,,,,$23.50,$31.00,$14.00,$14.00,,,,$1.09,,,,,,3,,,,,2015-12-02
3636036,Basketball Cards 2015 Panini Prizm,Rajon Rondo [Mojo Prizm] #209,$20.00,,,,,,,,,,,$6.60,$21.99,,,,,,1,,,,,2015-12-02
3636309,Basketball Cards 2015 Panini Prizm,Rajon Rondo [Orange Prizm] #209,$17.99,,,,,,,,,,,$5.00,$19.99,,,,,,0,,,,,2015-12-02
3636582,Basketball Cards 2015 Panini Prizm,Rajon Rondo [Orange Wave Prizm] #209,$2.24,,,,,,,,,,,,$2.49,,,,,,1,,,,,2015-12-02
3636861,Basketball Cards 2015 Panini Prizm,Rajon Rondo [Purple Prizm] #209,$8.59,,,,,,,,,,,$1.90,$9.49,,,,,,2,,,,,2015-12-02
3637128,Basketball Cards 2015 Panini Prizm,"Rajon Rondo [Red, White, and Blue Prizm] #209",$2.69,,,,,,,,,,,,$2.99,,,,,,1,,,,,2015-12-02
3637390,Basketball Cards 2015 Panini Prizm,Rajon Rondo [Ruby Wave Prizm] #209,$1.12,,,,,,,,,,,,$1.19,,,,,,1,,,,,2015-12-02
3637610,Basketball Cards 2015 Panini Prizm,Rajon Rondo [Silver Prizm] #209,$1.62,,,,,,,,,,,,$1.79,,,,,,1,,,,,2015-12-02
3638126,Basketball Cards 2015 Panini Prizm,Rajon Rondo [White Sparkle Prizm] #209,,,,,,,,,,,,,,,,,,,0,,,,,2015-12-02
3634750,Basketball Cards 2015 Panini Prizm,Rakeem Christmas #313,$1.37,,,,,,,,,,,,$1.49,,,,,,1,,,,,2015-12-02
12272445,Basketball Cards 2015 Panini Prizm,Rakeem Christmas [Black Prizm] #313,,,,,,,,,,,,,,,,,,,0,,,,,2015-12-02
3638215,Basketball Cards 2015 Panini Prizm,Rakeem Christmas [Flash Prizm] #313,$1.81,,,,,,,,,,,,$1.99,,,,,,1,,,,,2015-12-02
3638244,Basketball Cards 2015 Panini Prizm,Rakeem Christmas [Gold Prizm] #313,,,,,,,,,,,,,,,,,,,0,,,,,2015-12-02
3638278,Basketball Cards 2015 Panini Prizm,Rakeem Christmas [Green Prizm] #313,$0.99,,,,,,,,,,,,$1.09,,,,,,1,,,,,2015-12-02
3638308,Basketball Cards 2015 Panini Prizm,Rakeem Christmas [Light Blue Prizm] #313,$1.64,,,,,,,,,,,,$1.79,,,,,,1,,,,,2015-12-02
3638333,Basketball Cards 2015 Panini Prizm,Rakeem Christmas [Mojo Prizm] #313,,,,,,,,,,,,,,,,,,,0,,,,,2015-12-02
3638353,Basketball Cards 2015 Panini Prizm,Rakeem Christmas [Orange Prizm] #313,$2.17,,,,$10.00,,,,,,,,$2.39,,,,,,2,,,,,2015-12-02
3638378,Basketball Cards 2015 Panini Prizm,Rakeem Christmas [Orange Wave Prizm] #313,$3.60,,,,,,,,,,,$0.80,$3.99,,,,,,1,,,,,2015-12-02
3638407,Basketball Cards 2015 Panini Prizm,Rakeem Christmas [Purple Prizm] #313,$3.00,,,,,,,,,,,,$3.29,,,,,,1,,,,,2015-12-02
3638435,Basketball Cards 2015 Panini Prizm,"Rakeem Christmas [Red, White, and Blue Prizm] #313",$1.75,,,,,,,,,,,,$1.89,,,,,,1,,,,,2015-12-02
3638459,Basketball Cards 2015 Panini Prizm,Rakeem Christmas [Ruby Wave Prizm] #313,$2.00,,,,,,,,,,,,$2.19,,,,,,1,,,,,2015-12-02
130255,Basketball Cards 2015 Panini Prizm,Rakeem Christmas [Silver Prizm] #313,$0.99,,,,,,,,,,,,$1.09,,,,,,1,,,,,2015-12-02
3638529,Basketball Cards 2015 Panini Prizm,Rakeem Christmas [White Sparkle Prizm] #313,$24.99,,,,,,,,,,,$8.10,$26.99,,,,,,1,,,,,2015-12-02
3634591,Basketball Cards 2015 Panini Prizm,Randy Foye #133,$0.99,,,,,,,,,,,,$1.09,,,,,,1,,,,,2015-12-02
12272443,Basketball Cards 2015 Panini Prizm,Randy Foye [Black Prizm] #133,,,,,,,,,,,,,,,,,,,0,,,,,2015-12-02
3634911,Basketball Cards 2015 Panini Prizm,Randy Foye [Flash Prizm] #133,$1.25,,,,,,,,,,,,$1.39,,,,,,1,,,,,2015-12-02
3635174,Basketball Cards 2015 Panini Prizm,Randy Foye [Gold Prizm] #133,,,,,,,,,,,,,,,,,,,0,,,,,2015-12-02
3635446,Basketball Cards 2015 Panini Prizm,Randy Foye [Green Prizm] #133,$1.37,,,,,,,,,,,,$1.49,,,,,,1,,,,,2015-12-02
3635708,Basketball Cards 2015 Panini Prizm,Randy Foye [Light Blue Prizm] #133,$1.55,,,,,,,,,,,,$1.69,,,,,,1,,,,,2015-12-02
3635971,Basketball Cards 2015 Panini Prizm,Randy Foye [Mojo Prizm] #133,$5.71,,,,,,,,,,,$1.30,$6.29,,,,,,1,,,,,2015-12-02
3636240,Basketball Cards 2015 Panini Prizm,Randy Foye [Orange Prizm] #133,$2.27,,,,,,,,,,,,$2.49,,,,,,1,,,,,2015-12-02
3636512,Basketball Cards 2015 Panini Prizm,Randy Foye [Orange Wave Prizm] #133,$0.25,,,,,,,,,,,,$0.99,,,,,,0,,,,,2015-12-02
3636792,Basketball Cards 2015 Panini Prizm,Randy Foye [Purple Prizm] #133,$2.49,,,,,,,,,,,,$2.69,,,,,,1,,,,,2015-12-02
3637062,Basketball Cards 2015 Panini Prizm,"Randy Foye [Red, White, and Blue Prizm] #133",$3.93,,,,,,,,,,,$0.90,$4.29,,,,,,0,,,,,2015-12-02
3637322,Basketball Cards 2015 Panini Prizm,Randy Foye [Ruby Wave Prizm] #133,$2.48,,,,,,,,,,,,$2.69,,,,,,1,,,,,2015-12-02
3637564,Basketball Cards 2015 Panini Prizm,Randy Foye [Silver Prizm] #133,$0.99,,,,,,,,,,,,$1.09,,,,,,1,,,,,2015-12-02
3638060,Basketball Cards 2015 Panini Prizm,Randy Foye [White Sparkle Prizm] #133,$4.25,,,,,,,,,,,$0.90,$4.69,,,,,,1,,,,,2015-12-02
3634757,Basketball Cards 2015 Panini Prizm,Rashad Vaughn #332,$1.25,,,,,,,,,,,,$1.39,,,,,,1,,,,,2015-12-02
12272505,Basketball Cards 2015 Panini Prizm,Rashad Vaughn [Black Prizm] #332,,,,,,,,,,,,,,,,,,,0,,,,,2015-12-02
3638226,Basketball Cards 2015 Panini Prizm,Rashad Vaughn [Flash Prizm] #332,$0.25,,,,,,,,,,,,$0.99,,,,,,0,,,,,2015-12-02
3638257,Basketball Cards 2015 Panini Prizm,Rashad Vaughn [Gold Prizm] #332,$31.01,,,,,,,,,,,$10.20,$33.99,,,,,,1,,,,,2015-12-02
3638289,Basketball Cards 2015 Panini Prizm,Rashad Vaughn [Green Prizm] #332,$1.99,,,,,,,,,,,,$2.19,,,,,,1,,,,,2015-12-02
3638316,Basketball Cards 2015 Panini Prizm,Rashad Vaughn [Light Blue Prizm] #332,$0.25,,,,,,,,,,,,$0.99,,,,,,0,,,,,2015-12-02
130388,Basketball Cards 2015 Panini Prizm,Rashad Vaughn [Mojo Prizm] #332,$6.99,,,,,,,,,,,$1.50,$7.69,,,,,,1,,,,,2015-12-02
3638360,Basketball Cards 2015 Panini Prizm,Rashad Vaughn [Orange Prizm] #332,$5.14,,,,$10.00,,,,,,,$1.10,$5.69,,,,,,2,,,,,2015-12-02
3638387,Basketball Cards 2015 Panini Prizm,Rashad Vaughn [Orange Wave Prizm] #332,$2.84,,,,,,,,,,,,$3.09,,,,,,0,,,,,2015-12-02
3638418,Basketball Cards 2015 Panini Prizm,Rashad Vaughn [Purple Prizm] #332,$3.13,,,,,,,,,,,,$3.39,,,,,,1,,,,,2015-12-02
3638444,Basketball Cards 2015 Panini Prizm,"Rashad Vaughn [Red, White, and Blue Prizm] #332",$1.47,,,,,,,,,,,,$1.59,,,,,,1,,,,,2015-12-02
3638467,Basketball Cards 2015 Panini Prizm,Rashad Vaughn [Ruby Wave Prizm] #332,$1.49,,,,,,,,,,,,$1.59,,,,,,1,,,,,2015-12-02
130389,Basketball Cards 2015 Panini Prizm,Rashad Vaughn [Silver Prizm] #332,$1.99,,,,,$19.00,$25.00,$11.00,$11.00,,,,$2.19,,,,,,2,,,,,2015-12-02
3638537,Basketball Cards 2015 Panini Prizm,Rashad Vaughn [White Sparkle Prizm] #332,$12.99,,,,,,,,,,,$3.50,$13.99,,,,,,0,,,,,2015-12-02
3634510,Basketball Cards 2015 Panini Prizm,Rasual Butler #43,$0.99,,,,,,,,,,,,$1.09,,,,,,1,,,,,2015-12-02
12272386,Basketball Cards 2015 Panini Prizm,Rasual Butler [Black Prizm] #43,,,,,,,,,,,,,,,,,,,0,,,,,2015-12-02
3634835,Basketball Cards 2015 Panini Prizm,Rasual Butler [Flash Prizm] #43,$0.25,,,,,,,,,,,,$0.99,,,,,,0,,,,,2015-12-02
3635093,Basketball Cards 2015 Panini Prizm,Rasual Butler [Gold Prizm] #43,$41.00,,,,,,,,,,,$18.00,$44.99,,,,,,1,,,,,2015-12-02
3635362,Basketball Cards 2015 Panini Prizm,Rasual Butler [Green Prizm] #43,$0.25,,,,,,,,,,,,$0.99,,,,,,0,,,,,2015-12-02
3635634,Basketball Cards 2015 Panini Prizm,Rasual Butler [Light Blue Prizm] #43,$0.99,,,,,,,,,,,,$1.09,,,,,,1,,,,,2015-12-02
3635895,Basketball Cards 2015 Panini Prizm,Rasual Butler [Mojo Prizm] #43,,,,,,,,,,,,,,,,,,,0,,,,,2015-12-02
3636161,Basketball Cards 2015 Panini Prizm,Rasual Butler [Orange Prizm] #43,$1.40,,,,,,,,,,,,$1.49,,,,,,1,,,,,2015-12-02
3636432,Basketball Cards 2015 Panini Prizm,Rasual Butler [Orange Wave Prizm] #43,$1.03,,,,,,,,,,,,$1.09,,,,,,1,,,,,2015-12-02
3636710,Basketball Cards 2015 Panini Prizm,Rasual Butler [Purple Prizm] #43,$1.95,,,,,,,,,,,,$2.19,,,,,,1,,,,,2015-12-02
3636986,Basketball Cards 2015 Panini Prizm,"Rasual Butler [Red, White, and Blue Prizm] #43",$0.25,,,,,,,,,,,,$0.99,,,,,,0,,,,,2015-12-02
3637244,Basketball Cards 2015 Panini Prizm,Rasual Butler [Ruby Wave Prizm] #43,$2.25,,,,,,,,,,,,$2.49,,,,,,1,,,,,2015-12-02
3637501,Basketball Cards 2015 Panini Prizm,Rasual Butler [Silver Prizm] #43,$0.25,,,,,,,,,,,,$0.99,,,,,,0,,,,,2015-12-02
3637978,Basketball Cards 2015 Panini Prizm,Rasual Butler [White Sparkle Prizm] #43,$11.74,,,,,,,,,,,$3.30,$12.99,,,,,,0,,,,,2015-12-02
3634752,Basketball Cards 2015 Panini Prizm,Raul Neto #318,$1.51,,,,,$21.99,$29.00,$13.00,$13.00,,,,$1.69,,,,,,4,,,,,2015-12-02
12272456,Basketball Cards 2015 Panini Prizm,Raul Neto [Black Prizm] #318,,,,,,,,,,,,,,,,,,,0,,,,,2015-12-02
3638218,Basketball Cards 2015 Panini Prizm,Raul Neto [Flash Prizm] #318,$8.71,,,,,,,,,,,$1.90,$9.59,,,,,,1,,,,,2015-12-02
3638247,Basketball Cards 2015 Panini Prizm,Raul Neto [Gold Prizm] #318,$135.00,,,$138.00,$152.00,,,,,,,$74.50,$149.00,,,,,,2,,,,,2015-12-02
3638281,Basketball Cards 2015 Panini Prizm,Raul Neto [Green Prizm] #318,$0.99,,,,,,,,,,,,$1.09,,,,,,1,,,,,2015-12-02
3638310,Basketball Cards 2015 Panini Prizm,Raul Neto [Light Blue Prizm] #318,$1.75,,,,,,,,,,,,$1.89,,,,,,1,,,,,2015-12-02
3638335,Basketball Cards 2015 Panini Prizm,Raul Neto [Mojo Prizm] #318,$28.42,,,,,,,,,,,$9.30,$30.99,,,,,,0,,,,,2015-12-02
3638355,Basketball Cards 2015 Panini Prizm,Raul Neto [Orange Prizm] #318,$2.00,,,,,,,,,,,,$2.19,,,,,,1,,,,,2015-12-02
3638380,Basketball Cards 2015 Panini Prizm,Raul Neto [Orange Wave Prizm] #318,$2.84,,,,,,,,,,,,$3.09,,,,,,1,,,,,2015-12-02
3638410,Basketball Cards 2015 Panini Prizm,Raul Neto [Purple Prizm] #318,$5.64,,,,,,,,,,,$1.20,$6.19,,,,,,1,,,,,2015-12-02
3638437,Basketball Cards 2015 Panini Prizm,"Raul Neto [Red, White, and Blue Prizm] #318",$1.82,,,,,,,,,,,,$1.99,,,,,,1,,,,,2015-12-02
3638461,Basketball Cards 2015 Panini Prizm,Raul Neto [Ruby Wave Prizm] #318,$3.23,,,,,$12.00,$16.00,$7.00,$7.00,,,,$3.59,,,,,,2,,,,,2015-12-02
130290,Basketball Cards 2015 Panini Prizm,Raul Neto [Silver Prizm] #318,$1.47,,,,,$9.95,$13.00,$6.00,$6.00,,,,$1.59,,,,,,3,,,,,2015-12-02
3638532,Basketball Cards 2015 Panini Prizm,Raul Neto [White Sparkle Prizm] #318,$9.99,,,,,,,,,,,$2.80,$10.99,,,,,,1,,,,,2015-12-02
3634616,Basketball Cards 2015 Panini Prizm,Reggie Jackson #160,$0.99,,,,,,,,,,,,$1.09,,,,,,1,,,,,2015-12-02
12272479,Basketball Cards 2015 Panini Prizm,Reggie Jackson [Black Prizm] #160,,,,,,,,,,,,,,,,,,,0,,,,,2015-12-02
3634935,Basketball Cards 2015 Panini Prizm,Reggie Jackson [Flash Prizm] #160,$0.99,,,,,,,,,,,,$1.09,,,,,,1,,,,,2015-12-02
3635198,Basketball Cards 2015 Panini Prizm,Reggie Jackson [Gold Prizm] #160,$89.00,,,,,$81.00,$105.00,$49.00,$49.00,,,$39.20,$97.99,,,,,,2,,,,,2015-12-02
3635471,Basketball Cards 2015 Panini Prizm,Reggie Jackson [Green Prizm] #160,$1.80,,,,,,,,,,,,$1.99,,,,,,1,,,,,2015-12-02
3635732,Basketball Cards 2015 Panini Prizm,Reggie Jackson [Light Blue Prizm] #160,$1.40,,,,,,,,,,,,$1.49,,,,,,1,,,,,2015-12-02
3635996,Basketball Cards 2015 Panini Prizm,Reggie Jackson [Mojo Prizm] #160,$20.00,,,,,,,,,,,$6.60,$21.99,,,,,,1,,,,,2015-12-02
3636266,Basketball Cards 2015 Panini Prizm,Reggie Jackson [Orange Prizm] #160,$3.16,,,,,,,,,,,,$3.49,,,,,,1,,,,,2015-12-02
3636538,Basketball Cards 2015 Panini Prizm,Reggie Jackson [Orange Wave Prizm] #160,$1.60,,,,,,,,,,,,$1.79,,,,,,1,,,,,2015-12-02
3636817,Basketball Cards 2015 Panini Prizm,Reggie Jackson [Purple Prizm] #160,$2.05,,,,,,,,,,,,$2.29,,,,,,1,,,,,2015-12-02
3637086,Basketball Cards 2015 Panini Prizm,"Reggie Jackson [Red, White, and Blue Prizm] #160",$1.39,,,,,,,,,,,,$1.49,,,,,,1,,,,,2015-12-02
3637345,Basketball Cards 2015 Panini Prizm,Reggie Jackson [Ruby Wave Prizm] #160,$1.94,,,,,,,,,,,,$2.09,,,,,,2,,,,,2015-12-02
3637579,Basketball Cards 2015 Panini Prizm,Reggie Jackson [Silver Prizm] #160,$0.78,,,,,,,,,,,,$0.99,,,,,,1,,,,,2015-12-02
3638082,Basketball Cards 2015 Panini Prizm,Reggie Jackson [White Sparkle Prizm] #160,$29.99,,,,,,,,,,,$9.90,$32.99,,,,,,1,,,,,2015-12-02
3634727,Basketball Cards 2015 Panini Prizm,Richard Hamilton #282,$1.31,,,$1.63,$2.00,,,,,,,,$1.39,,,,,,3,,,,,2015-12-02
12272666,Basketball Cards 2015 Panini Prizm,Richard Hamilton [Black Prizm] #282,,,,,,,,,,,,,,,,,,,0,,,,,2015-12-02
3635042,Basketball Cards 2015 Panini Prizm,Richard Hamilton [Flash Prizm] #282,$2.14,,,,,,,,,,,,$2.39,,,,,,1,,,,,2015-12-02
3635307,Basketball Cards 2015 Panini Prizm,Richard Hamilton [Gold Prizm] #282,,$285.00,,,,,,,,,,,,$157.00,$314.00,,,,1,,,,,2015-12-02
3635582,Basketball Cards 2015 Panini Prizm,Richard Hamilton [Green Prizm] #282,$2.49,,,,,,,,,,,,$2.69,,,,,,1,,,,,2015-12-02
3635838,Basketball Cards 2015 Panini Prizm,Richard Hamilton [Light Blue Prizm] #282,$6.46,,,$9.38,$10.00,,,,,,,$1.40,$7.09,,,,,,3,,,,,2015-12-02
3636103,Basketball Cards 2015 Panini Prizm,Richard Hamilton [Mojo Prizm] #282,,,,,,,,,,,,,,,,,,,0,,,,,2015-12-02
3636373,Basketball Cards 2015 Panini Prizm,Richard Hamilton [Orange Prizm] #282,$2.87,,,,,,,,,,,,$3.19,,,,,,1,,,,,2015-12-02
3636653,Basketball Cards 2015 Panini Prizm,Richard Hamilton [Orange Wave Prizm] #282,$1.25,,,,,,,,,,,,$1.39,,,,,,1,,,,,2015-12-02
3636930,Basketball Cards 2015 Panini Prizm,Richard Hamilton [Purple Prizm] #282,$9.49,,,,,,,,,,,$2.00,$9.99,,,,,,1,,,,,2015-12-02
3637189,Basketball Cards 2015 Panini Prizm,"Richard Hamilton [Red, White, and Blue Prizm] #282",$2.50,,,,,,,,,,,,$2.79,,,,,,2,,,,,2015-12-02
3637455,Basketball Cards 2015 Panini Prizm,Richard Hamilton [Ruby Wave Prizm] #282,$4.49,,,,,$35.46,$46.00,$21.00,$21.00,,,$1.00,$4.89,,,,,,5,,,,,2015-12-02
130150,Basketball Cards 2015 Panini Prizm,Richard Hamilton [Silver Prizm] #282,$2.49,$9.99,,$15.19,$17.00,$20.50,$27.00,$12.00,$12.00,,,,$2.69,$2.80,$10.99,,,,6,,,,,2015-12-02
3638190,Basketball Cards 2015 Panini Prizm,Richard Hamilton [White Sparkle Prizm] #282,,,,,,,,,,,,,,,,,,,0,,,,,2015-12-02
130320,Basketball Cards 2015 Panini Prizm,Richaun Holmes #323,$2.41,,$2.25,$17.99,$20.00,$24.40,$32.00,$15.00,$15.00,,,,$2.69,,,,$2.49,,10,,,,,2015-12-02
12272470,Basketball Cards 2015 Panini Prizm,Richaun Holmes [Black Prizm] #323,,,,,,,,,,,,,,,,,,,0,,,,,2015-12-02
3638221,Basketball Cards 2015 Panini Prizm,Richaun Holmes [Flash Prizm] #323,$3.00,,,,,,,,,,,,$3.29,,,,,,1,,,,,2015-12-02
3638250,Basketball Cards 2015 Panini Prizm,Richaun Holmes [Gold Prizm] #323,,,,$204.07,$224.00,,,,,,,,,,,,,,1,,,,,2015-12-02
3638284,Basketball Cards 2015 Panini Prizm,Richaun Holmes [Green Prizm] #323,$2.99,,,,,,,,,,,,$3.29,,,,,,1,,,,,2015-12-02
130321,Basketball Cards 2015 Panini Prizm,Richaun Holmes [Light Blue Prizm] #323,$10.00,,,,,$125.00,$163.00,$75.00,$75.00,,,$2.80,$10.99,,,,,,3,,,,,2015-12-02
3638339,Basketball Cards 2015 Panini Prizm,Richaun Holmes [Mojo Prizm] #323,$75.00,,,,,,,,,,,$33.20,$82.99,,,,,,0,,,,,2015-12-02
130322,Basketball Cards 2015 Panini Prizm,Richaun Holmes [Orange Prizm] #323,$2.26,,,,,,,,,,,,$2.49,,,,,,1,,,,,2015-12-02
3638383,Basketball Cards 2015 Panini Prizm,Richaun Holmes [Orange Wave Prizm] #323,$7.83,,,$1.32,$1.00,,,,,,,$1.70,$8.59,,,,,,2,,,,,2015-12-02
3638413,Basketball Cards 2015 Panini Prizm,Richaun Holmes [Purple Prizm] #323,$4.20,,,,,,,,,,,$0.90,$4.59,,,,,,1,,,,,2015-12-02
3638440,Basketball Cards 2015 Panini Prizm,"Richaun Holmes [Red, White, and Blue Prizm] #323",$4.00,,,,,$36.69,$48.00,$22.00,$22.00,,,$0.90,$4.39,,,,,,2,,,,,2015-12-02
615457,Basketball Cards 2015 Panini Prizm,Richaun Holmes [Ruby Wave Prizm] #323,$3.99,,,,,$20.00,$26.00,$12.00,$12.00,,,$0.90,$4.39,,,,,,2,,,,,2015-12-02
130323,Basketball Cards 2015 Panini Prizm,Richaun Holmes [Silver Prizm] #323,$4.00,,$34.74,$38.00,$42.00,$46.00,$60.00,$28.00,$28.00,,,$0.90,$4.39,,,$15.20,$37.99,,7,,,,,2015-12-02
130324,Basketball Cards 2015 Panini Prizm,Richaun Holmes [White Sparkle Prizm] #323,,,,,,,,,,,,,,,,,,,0,,,,,2015-12-02
3634717,Basketball Cards 2015 Panini Prizm,Rick Fox #272,$1.25,,,,,,,,,,,,$1.39,,,,,,1,,,,,2015-12-02
12272647,Basketball Cards 2015 Panini Prizm,Rick Fox [Black Prizm] #272,,,,,,,,,,,,,,,,,,,0,,,,,2015-12-02
3635033,Basketball Cards 2015 Panini Prizm,Rick Fox [Flash Prizm] #272,$2.16,,,,,,,,,,,,$2.39,,,,,,1,,,,,2015-12-02
3635299,Basketball Cards 2015 Panini Prizm,Rick Fox [Gold Prizm] #272,$71.96,,,,,,,,,,,$31.60,$78.99,,,,,,1,,,,,2015-12-02
3635573,Basketball Cards 2015 Panini Prizm,Rick Fox [Green Prizm] #272,$2.00,,,,,,,,,,,,$2.19,,,,,,0,,,,,2015-12-02
3635830,Basketball Cards 2015 Panini Prizm,Rick Fox [Light Blue Prizm] #272,$3.18,,,,,,,,,,,,$3.49,,,,,,1,,,,,2015-12-02
3636093,Basketball Cards 2015 Panini Prizm,Rick Fox [Mojo Prizm] #272,$11.75,,,,,,,,,,,$3.30,$12.99,,,,,,0,,,,,2015-12-02
3636364,Basketball Cards 2015 Panini Prizm,Rick Fox [Orange Prizm] #272,$3.51,,,,,,,,,,,$0.80,$3.89,,,,,,1,,,,,2015-12-02
3636643,Basketball Cards 2015 Panini Prizm,Rick Fox [Orange Wave Prizm] #272,$1.83,,,,,,,,,,,,$1.99,,,,,,1,,,,,2015-12-02
3636921,Basketball Cards 2015 Panini Prizm,Rick Fox [Purple Prizm] #272,$2.90,,,,,,,,,,,,$3.19,,,,,,1,,,,,2015-12-02
3637181,Basketball Cards 2015 Panini Prizm,"Rick Fox [Red, White, and Blue Prizm] #272",$1.69,,,,,,,,,,,,$1.89,,,,,,1,,,,,2015-12-02
3637446,Basketball Cards 2015 Panini Prizm,Rick Fox [Ruby Wave Prizm] #272,$2.08,,,,,,,,,,,,$2.29,,,,,,1,,,,,2015-12-02
130131,Basketball Cards 2015 Panini Prizm,Rick Fox [Silver Prizm] #272,$1.31,,,,,$8.50,$11.00,$5.00,$5.00,,,,$1.39,,,,,,2,,,,,2015-12-02
3638181,Basketball Cards 2015 Panini Prizm,Rick Fox [White Sparkle Prizm] #272,$8.66,,,,,,,,,,,$1.90,$9.49,,,,,,1,,,,,2015-12-02
3634675,Basketball Cards 2015 Panini Prizm,Ricky Rubio #224,$2.22,,,,,,,,,,,,$2.39,,,,,,2,,,,,2015-12-02
12272533,Basketball Cards 2015 Panini Prizm,Ricky Rubio [Black Prizm] #224,,,,,,,,,,,,,,,,,,,0,,,,,2015-12-02
3634994,Basketball Cards 2015 Panini Prizm,Ricky Rubio [Flash Prizm] #224,$2.60,,,,,,,,,,,,$2.89,,,,,,1,,,,,2015-12-02
3635254,Basketball Cards 2015 Panini Prizm,Ricky Rubio [Gold Prizm] #224,,,,,,,,,,,,,,,,,,,0,,,,,2015-12-02
3635530,Basketball Cards 2015 Panini Prizm,Ricky Rubio [Green Prizm] #224,$1.12,,,,,,,,,,,,$1.19,,,,,,1,,,,,2015-12-02
3635787,Basketball Cards 2015 Panini Prizm,Ricky Rubio [Light Blue Prizm] #224,$6.50,,,$15.00,$17.00,,,,,,,$1.40,$7.19,,,,,,3,,,,,2015-12-02
3636050,Basketball Cards 2015 Panini Prizm,Ricky Rubio [Mojo Prizm] #224,$6.50,,,,,,,,,,,$1.40,$7.19,,,,,,1,,,,,2015-12-02
3636323,Basketball Cards 2015 Panini Prizm,Ricky Rubio [Orange Prizm] #224,$7.46,,,,,,,,,,,$1.60,$8.19,,,,,,1,,,,,2015-12-02
3636597,Basketball Cards 2015 Panini Prizm,Ricky Rubio [Orange Wave Prizm] #224,$1.99,,,,,,,,,,,,$2.19,,,,,,1,,,,,2015-12-02
3636875,Basketball Cards 2015 Panini Prizm,Ricky Rubio [Purple Prizm] #224,,,,,,,,,,,,,,,,,,,0,,,,,2015-12-02
3637142,Basketball Cards 2015 Panini Prizm,"Ricky Rubio [Red, White, and Blue Prizm] #224",$0.99,,,,,,,,,,,,$1.09,,,,,,1,,,,,2015-12-02
3637404,Basketball Cards 2015 Panini Prizm,Ricky Rubio [Ruby Wave Prizm] #224,$1.85,,,,,,,,,,,,$1.99,,,,,,1,,,,,2015-12-02
130037,Basketball Cards 2015 Panini Prizm,Ricky Rubio [Silver Prizm] #224,$1.10,,,,,$37.50,$49.00,$23.00,$23.00,,,,$1.19,,,,,,2,,,,,2015-12-02
3638140,Basketball Cards 2015 Panini Prizm,Ricky Rubio [White Sparkle Prizm] #224,,,,,,,,,,,,,,,,,,,0,,,,,2015-12-02
3634735,Basketball Cards 2015 Panini Prizm,Rik Smits #290,$1.12,,$1.75,$1.75,$2.00,,,,,,,,$1.19,,,,$1.89,,4,,,,,2015-12-02
12272686,Basketball Cards 2015 Panini Prizm,Rik Smits [Black Prizm] #290,,,,,,,,,,,,,,,,,,,0,,,,,2015-12-02
3635047,Basketball Cards 2015 Panini Prizm,Rik Smits [Flash Prizm] #290,$2.09,,,,,,,,,,,,$2.29,,,,,,1,,,,,2015-12-02
3635314,Basketball Cards 2015 Panini Prizm,Rik Smits [Gold Prizm] #290,,,,,,,,,,,,,,,,,,,0,,,,,2015-12-02
3635588,Basketball Cards 2015 Panini Prizm,Rik Smits [Green Prizm] #290,$2.16,,,,,,,,,,,,$2.39,,,,,,1,,,,,2015-12-02
3635846,Basketball Cards 2015 Panini Prizm,Rik Smits [Light Blue Prizm] #290,$3.50,,,,,,,,,,,$0.80,$3.89,,,,,,1,,,,,2015-12-02
3636111,Basketball Cards 2015 Panini Prizm,Rik Smits [Mojo Prizm] #290,$12.99,,,,,,,,,,,$3.50,$13.99,,,,,,1,,,,,2015-12-02
3636380,Basketball Cards 2015 Panini Prizm,Rik Smits [Orange Prizm] #290,$3.92,,,,,,,,,,,$0.90,$4.29,,,,,,1,,,,,2015-12-02
3636660,Basketball Cards 2015 Panini Prizm,Rik Smits [Orange Wave Prizm] #290,$8.25,,,,,,,,,,,$1.80,$9.09,,,,,,1,,,,,2015-12-02
3636937,Basketball Cards 2015 Panini Prizm,Rik Smits [Purple Prizm] #290,$2.85,,,,,,,,,,,,$3.09,,,,,,1,,,,,2015-12-02
3637193,Basketball Cards 2015 Panini Prizm,"Rik Smits [Red, White, and Blue Prizm] #290",$1.87,,,,,,,,,,,,$2.09,,,,,,2,,,,,2015-12-02
3637462,Basketball Cards 2015 Panini Prizm,Rik Smits [Ruby Wave Prizm] #290,$2.84,,,,,,,,,,,,$3.09,,,,,,1,,,,,2015-12-02
130171,Basketball Cards 2015 Panini Prizm,Rik Smits [Silver Prizm] #290,$1.69,,,,,$4.00,$5.00,$2.00,$2.00,,,,$1.89,,,,,,2,,,,,2015-12-02
3638197,Basketball Cards 2015 Panini Prizm,Rik Smits [White Sparkle Prizm] #290,$48.84,,,,,,,,,,,$21.60,$53.99,,,,,,0,,,,,2015-12-02
3634516,Basketball Cards 2015 Panini Prizm,Robert Covington #49,$0.99,,,,,,,,,,,,$1.09,,,,,,1,,,,,2015-12-02
12272393,Basketball Cards 2015 Panini Prizm,Robert Covington [Black Prizm] #49,,,,,,,,,,,,,,,,,,,0,,,,,2015-12-02
3634841,Basketball Cards 2015 Panini Prizm,Robert Covington [Flash Prizm] #49,$0.25,,,,,,,,,,,,$0.99,,,,,,0,,,,,2015-12-02
3635098,Basketball Cards 2015 Panini Prizm,Robert Covington [Gold Prizm] #49,$149.99,,,,,,,,,,,$82.50,$165.00,,,,,,1,,,,,2015-12-02
3635368,Basketball Cards 2015 Panini Prizm,Robert Covington [Green Prizm] #49,$1.58,,,,,,,,,,,,$1.69,,,,,,1,,,,,2015-12-02
3635639,Basketball Cards 2015 Panini Prizm,Robert Covington [Light Blue Prizm] #49,$1.27,,,,,,,,,,,,$1.39,,,,,,1,,,,,2015-12-02
3635901,Basketball Cards 2015 Panini Prizm,Robert Covington [Mojo Prizm] #49,,,,,,,,,,,,,,,,,,,0,,,,,2015-12-02
3636167,Basketball Cards 2015 Panini Prizm,Robert Covington [Orange Prizm] #49,$20.78,,,,,,,,,,,$6.90,$22.99,,,,,,0,,,,,2015-12-02
3636438,Basketball Cards 2015 Panini Prizm,Robert Covington [Orange Wave Prizm] #49,$0.25,,,,,,,,,,,,$0.99,,,,,,0,,,,,2015-12-02
3636716,Basketball Cards 2015 Panini Prizm,Robert Covington [Purple Prizm] #49,,,,,,,,,,,,,,,,,,,0,,,,,2015-12-02
3636992,Basketball Cards 2015 Panini Prizm,"Robert Covington [Red, White, and Blue Prizm] #49",$2.87,,,,,,,,,,,,$3.19,,,,,,0,,,,,2015-12-02
3637249,Basketball Cards 2015 Panini Prizm,Robert Covington [Ruby Wave Prizm] #49,$2.24,,,,,,,,,,,,$2.49,,,,,,1,,,,,2015-12-02
3637507,Basketball Cards 2015 Panini Prizm,Robert Covington [Silver Prizm] #49,$1.99,,,,,,,,,,,,$2.19,,,,,,1,,,,,2015-12-02
3637984,Basketball Cards 2015 Panini Prizm,Robert Covington [White Sparkle Prizm] #49,,,,,,,,,,,,,,,,,,,0,,,,,2015-12-02
3634703,Basketball Cards 2015 Panini Prizm,Robert Horry #256,$1.50,,$2.26,$2.00,$2.00,,,,,,,,$1.69,,,,$2.49,,4,,,,,2015-12-02
12272612,Basketball Cards 2015 Panini Prizm,Robert Horry [Black Prizm] #256,,,,,,,,,,,,,,,,,,,0,,,,,2015-12-02
3635020,Basketball Cards 2015 Panini Prizm,Robert Horry [Flash Prizm] #256,$1.58,,,,,,,,,,,,$1.69,,,,,,2,,,,,2015-12-02
3635283,Basketball Cards 2015 Panini Prizm,Robert Horry [Gold Prizm] #256,,,,,,,,,,,,,,,,,,,0,,,,,2015-12-02
3635559,Basketball Cards 2015 Panini Prizm,Robert Horry [Green Prizm] #256,$3.59,,,,,,,,,,,$0.80,$3.99,,,,,,1,,,,,2015-12-02
3635816,Basketball Cards 2015 Panini Prizm,Robert Horry [Light Blue Prizm] #256,$5.50,,,,,,,,,,,$1.20,$6.09,,,,,,1,,,,,2015-12-02
3636078,Basketball Cards 2015 Panini Prizm,Robert Horry [Mojo Prizm] #256,$17.79,,,,,,,,,,,$5.00,$19.99,,,,,,0,,,,,2015-12-02
3636348,Basketball Cards 2015 Panini Prizm,Robert Horry [Orange Prizm] #256,$10.50,,,,,,,,,,,$3.00,$11.99,,,,,,1,,,,,2015-12-02
3636626,Basketball Cards 2015 Panini Prizm,Robert Horry [Orange Wave Prizm] #256,$2.50,,,,,,,,,,,,$2.79,,,,,,1,,,,,2015-12-02
3636904,Basketball Cards 2015 Panini Prizm,Robert Horry [Purple Prizm] #256,$2.00,,,$49.99,$55.00,,,,,,,,$2.19,,,,,,2,,,,,2015-12-02
130102,Basketball Cards 2015 Panini Prizm,"Robert Horry [Red, White, and Blue Prizm] #256",$1.62,,,,,,,,,,,,$1.79,,,,,,1,,,,,2015-12-02
3637432,Basketball Cards 2015 Panini Prizm,Robert Horry [Ruby Wave Prizm] #256,$1.68,,,,,,,,,,,,$1.89,,,,,,1,,,,,2015-12-02
130103,Basketball Cards 2015 Panini Prizm,Robert Horry [Silver Prizm] #256,$0.99,,,$3.49,$4.00,$34.68,$45.00,$21.00,$21.00,,,,$1.09,,,,,,4,,,,,2015-12-02
3638168,Basketball Cards 2015 Panini Prizm,Robert Horry [White Sparkle Prizm] #256,,,,$30.00,$33.00,,,,,,,,,,,,,,2,,,,,2015-12-02
3634709,Basketball Cards 2015 Panini Prizm,Robert Parish #264,$3.47,,$0.06,,,$21.99,$29.00,$13.00,$13.00,,,$0.80,$3.79,,,,$0.99,,5,,,,,2015-12-02
12272631,Basketball Cards 2015 Panini Prizm,Robert Parish [Black Prizm] #264,,,,,,,,,,,,,,,,,,,0,,,,,2015-12-02
3635026,Basketball Cards 2015 Panini Prizm,Robert Parish [Flash Prizm] #264,$2.96,,,,,,,,,,,,$3.29,,,,,,2,,,,,2015-12-02
3635291,Basketball Cards 2015 Panini Prizm,Robert Parish [Gold Prizm] #264,,,,,,,,,,,,,,,,,,,0,,,,,2015-12-02
3635566,Basketball Cards 2015 Panini Prizm,Robert Parish [Green Prizm] #264,$3.92,,,,,,,,,,,$0.90,$4.29,,,,,,2,,,,,2015-12-02
3635823,Basketball Cards 2015 Panini Prizm,Robert Parish [Light Blue Prizm] #264,$4.76,,,,,,,,,,,$1.00,$5.19,,,,,,2,,,,,2015-12-02
3636086,Basketball Cards 2015 Panini Prizm,Robert Parish [Mojo Prizm] #264,$3.25,,,,,,,,,,,,$3.59,,,,,,1,,,,,2015-12-02
3636356,Basketball Cards 2015 Panini Prizm,Robert Parish [Orange Prizm] #264,$6.95,,,,,,,,,,,$1.50,$7.69,,,,,,1,,,,,2015-12-02
3636635,Basketball Cards 2015 Panini Prizm,Robert Parish [Orange Wave Prizm] #264,$1.49,,,,,,,,,,,,$1.59,,,,,,1,,,,,2015-12-02
3636913,Basketball Cards 2015 Panini Prizm,Robert Parish [Purple Prizm] #264,$2.17,,,,,,,,,,,,$2.39,,,,,,1,,,,,2015-12-02
3637173,Basketball Cards 2015 Panini Prizm,"Robert Parish [Red, White, and Blue Prizm] #264",$2.48,,,,,,,,,,,,$2.69,,,,,,2,,,,,2015-12-02
3637438,Basketball Cards 2015 Panini Prizm,Robert Parish [Ruby Wave Prizm] #264,$2.50,,,,,,,,,,,,$2.79,,,,,,2,,,,,2015-12-02
130119,Basketball Cards 2015 Panini Prizm,Robert Parish [Silver Prizm] #264,$2.49,,,$17.99,$18.00,$18.29,$24.00,$11.00,$11.00,,,,$2.69,,,,,,4,,,,,2015-12-02
3638175,Basketball Cards 2015 Panini Prizm,Robert Parish [White Sparkle Prizm] #264,$70.92,,,,,,,,,,,$31.20,$77.99,,,,,,0,,,,,2015-12-02
3634503,Basketball Cards 2015 Panini Prizm,Robin Lopez #36,$0.14,,,,,,,,,,,,$0.99,,,,,,2,,,,,2015-12-02
12272373,Basketball Cards 2015 Panini Prizm,Robin Lopez [Black Prizm] #36,,,,,,,,,,,,,,,,,,,0,,,,,2015-12-02
3634828,Basketball Cards 2015 Panini Prizm,Robin Lopez [Flash Prizm] #36,$0.99,,,,,,,,,,,,$1.09,,,,,,1,,,,,2015-12-02
3635087,Basketball Cards 2015 Panini Prizm,Robin Lopez [Gold Prizm] #36,,,,,,,,,,,,,,,,,,,0,,,,,2015-12-02
3635355,Basketball Cards 2015 Panini Prizm,Robin Lopez [Green Prizm] #36,$1.13,,,,,,,,,,,,$1.19,,,,,,1,,,,,2015-12-02
3635627,Basketball Cards 2015 Panini Prizm,Robin Lopez [Light Blue Prizm] #36,$1.34,,,,,,,,,,,,$1.49,,,,,,1,,,,,2015-12-02
3635888,Basketball Cards 2015 Panini Prizm,Robin Lopez [Mojo Prizm] #36,$5.08,,,,,,,,,,,$1.10,$5.59,,,,,,1,,,,,2015-12-02
3636154,Basketball Cards 2015 Panini Prizm,Robin Lopez [Orange Prizm] #36,$4.50,,,,,,,,,,,$1.00,$4.99,,,,,,1,,,,,2015-12-02
3636425,Basketball Cards 2015 Panini Prizm,Robin Lopez [Orange Wave Prizm] #36,$0.25,,,,,,,,,,,,$0.99,,,,,,0,,,,,2015-12-02
3636703,Basketball Cards 2015 Panini Prizm,Robin Lopez [Purple Prizm] #36,$2.42,,,,,,,,,,,,$2.69,,,,,,1,,,,,2015-12-02
3636980,Basketball Cards 2015 Panini Prizm,"Robin Lopez [Red, White, and Blue Prizm] #36",$1.12,,,,,,,,,,,,$1.19,,,,,,1,,,,,2015-12-02
3637237,Basketball Cards 2015 Panini Prizm,Robin Lopez [Ruby Wave Prizm] #36,$1.48,,,,,,,,,,,,$1.59,,,,,,2,,,,,2015-12-02
3637495,Basketball Cards 2015 Panini Prizm,Robin Lopez [Silver Prizm] #36,$1.80,,,,,,,,,,,,$1.99,,,,,,2,,,,,2015-12-02
3637971,Basketball Cards 2015 Panini Prizm,Robin Lopez [White Sparkle Prizm] #36,$4.04,,,,,,,,,,,$0.90,$4.39,,,,,,1,,,,,2015-12-02
3634681,Basketball Cards 2015 Panini Prizm,Rodney Hood #231,$0.99,,,,,,,,,,,,$1.09,,,,,,1,,,,,2015-12-02
12272554,Basketball Cards 2015 Panini Prizm,Rodney Hood [Black Prizm] #231,,,,,,,,,,,,,,,,,,,0,,,,,2015-12-02
3635001,Basketball Cards 2015 Panini Prizm,Rodney Hood [Flash Prizm] #231,$0.25,,,,,,,,,,,,$0.99,,,,,,0,,,,,2015-12-02
3635261,Basketball Cards 2015 Panini Prizm,Rodney Hood [Gold Prizm] #231,$20.50,,,,,,,,,,,$6.90,$22.99,,,,,,1,,,,,2015-12-02
3635537,Basketball Cards 2015 Panini Prizm,Rodney Hood [Green Prizm] #231,$0.99,,,,,,,,,,,,$1.09,,,,,,1,,,,,2015-12-02
3635793,Basketball Cards 2015 Panini Prizm,Rodney Hood [Light Blue Prizm] #231,$1.59,,,,,,,,,,,,$1.79,,,,,,1,,,,,2015-12-02
3636057,Basketball Cards 2015 Panini Prizm,Rodney Hood [Mojo Prizm] #231,,,,,,,,,,,,,,,,,,,0,,,,,2015-12-02
130038,Basketball Cards 2015 Panini Prizm,Rodney Hood [Orange Prizm] #231,$3.36,,,,,,,,,,,,$3.69,,,,,,1,,,,,2015-12-02
3636604,Basketball Cards 2015 Panini Prizm,Rodney Hood [Orange Wave Prizm] #231,$1.38,,,,,,,,,,,,$1.49,,,,,,1,,,,,2015-12-02
3636882,Basketball Cards 2015 Panini Prizm,Rodney Hood [Purple Prizm] #231,$0.25,,,,,,,,,,,,$0.99,,,,,,0,,,,,2015-12-02
3637149,Basketball Cards 2015 Panini Prizm,"Rodney Hood [Red, White, and Blue Prizm] #231",$0.25,,,,,,,,,,,,$0.99,,,,,,0,,,,,2015-12-02
3637411,Basketball Cards 2015 Panini Prizm,Rodney Hood [Ruby Wave Prizm] #231,$1.20,,,,,$1499.95,$1950.00,$900.00,$900.00,,,,$1.29,,,,,,2,,,,,2015-12-02
3637627,Basketball Cards 2015 Panini Prizm,Rodney Hood [Silver Prizm] #231,$0.99,,,,,,,,,,,,$1.09,,,,,,1,,,,,2015-12-02
3638147,Basketball Cards 2015 Panini Prizm,Rodney Hood [White Sparkle Prizm] #231,,,,$22.00,$24.00,,,,,,,,,,,,,,1,,,,,2015-12-02
3634517,Basketball Cards 2015 Panini Prizm,Rodney Stuckey #52,$0.99,,,,,,,,,,,,$1.09,,,,,,1,,,,,2015-12-02
12272431,Basketball Cards 2015 Panini Prizm,Rodney Stuckey [Black Prizm] #52,,,,,,,,,,,,,,,,,,,0,,,,,2015-12-02
3634842,Basketball Cards 2015 Panini Prizm,Rodney Stuckey [Flash Prizm] #52,$0.25,,,,,,,,,,,,$0.99,,,,,,0,,,,,2015-12-02
3635101,Basketball Cards 2015 Panini Prizm,Rodney Stuckey [Gold Prizm] #52,,$74.00,,,,,,,,,,,,$32.40,$80.99,,,,1,,,,,2015-12-02
3635370,Basketball Cards 2015 Panini Prizm,Rodney Stuckey [Green Prizm] #52,$1.39,,,,,,,,,,,,$1.49,,,,,,1,,,,,2015-12-02
3635640,Basketball Cards 2015 Panini Prizm,Rodney Stuckey [Light Blue Prizm] #52,$0.99,,,,,,,,,,,,$1.09,,,,,,1,,,,,2015-12-02
3635904,Basketball Cards 2015 Panini Prizm,Rodney Stuckey [Mojo Prizm] #52,,,,,,,,,,,,,,,,,,,0,,,,,2015-12-02
3348645,Basketball Cards 2015 Panini Prizm,Rodney Stuckey [Orange Prizm] #52,$1.69,,,,,,,,,,,,$1.89,,,,,,1,,,,,2015-12-02
3636440,Basketball Cards 2015 Panini Prizm,Rodney Stuckey [Orange Wave Prizm] #52,$0.99,,,,,,,,,,,,$1.09,,,,,,1,,,,,2015-12-02
3636719,Basketball Cards 2015 Panini Prizm,Rodney Stuckey [Purple Prizm] #52,$1.69,,,,,,,,,,,,$1.89,,,,,,1,,,,,2015-12-02
3636994,Basketball Cards 2015 Panini Prizm,"Rodney Stuckey [Red, White, and Blue Prizm] #52",$0.25,,,,,,,,,,,,$0.99,,,,,,0,,,,,2015-12-02
3637251,Basketball Cards 2015 Panini Prizm,Rodney Stuckey [Ruby Wave Prizm] #52,$0.99,,,,,,,,,,,,$1.09,,,,,,1,,,,,2015-12-02
3637508,Basketball Cards 2015 Panini Prizm,Rodney Stuckey [Silver Prizm] #52,$0.99,,,,,,,,,,,,$1.09,,,,,,1,,,,,2015-12-02
3637986,Basketball Cards 2015 Panini Prizm,Rodney Stuckey [White Sparkle Prizm] #52,$4.00,,,,,,,,,,,$0.90,$4.39,,,,,,1,,,,,2015-12-02
130369,Basketball Cards 2015 Panini Prizm,Rondae Hollis-Jefferson #330,$1.69,,,$4.25,$5.00,,,,,,,,$1.89,,,,,,5,,,,,2015-12-02
12272498,Basketball Cards 2015 Panini Prizm,Rondae Hollis-Jefferson [Black Prizm] #330,,,,,,,,,,,,,,,,,,,0,,,,,2015-12-02
130370,Basketball Cards 2015 Panini Prizm,Rondae Hollis-Jefferson [Flash Prizm] #330,$3.76,,,,,,,,,,,$0.80,$4.09,,,,,,1,,,,,2015-12-02
3638256,Basketball Cards 2015 Panini Prizm,Rondae Hollis-Jefferson [Gold Prizm] #330,$30.00,,,,,,$66.00,,,,,$9.90,$32.99,,,,,,1,,,,,2015-12-02
3638288,Basketball Cards 2015 Panini Prizm,Rondae Hollis-Jefferson [Green Prizm] #330,$6.19,,,,,,,,,,,$1.40,$6.79,,,,,,1,,,,,2015-12-02
3638315,Basketball Cards 2015 Panini Prizm,Rondae Hollis-Jefferson [Light Blue Prizm] #330,$5.56,,,,,,,,,,,$1.20,$6.09,,,,,,1,,,,,2015-12-02
130371,Basketball Cards 2015 Panini Prizm,Rondae Hollis-Jefferson [Mojo Prizm] #330,$39.99,,,,,,,,,,,$17.60,$43.99,,,,,,1,,,,,2015-12-02
130372,Basketball Cards 2015 Panini Prizm,Rondae Hollis-Jefferson [Orange Prizm] #330,$10.50,,,$24.99,$27.00,,,,,,,$3.00,$11.99,,,,,,2,,,,,2015-12-02
3638386,Basketball Cards 2015 Panini Prizm,Rondae Hollis-Jefferson [Orange Wave Prizm] #330,$2.71,,,,,,,,,,,,$2.99,,,,,,1,,,,,2015-12-02
3638417,Basketball Cards 2015 Panini Prizm,Rondae Hollis-Jefferson [Purple Prizm] #330,$60.46,,,,,,,,,,,$26.80,$66.99,,,,,,0,,,,,2015-12-02
3638443,Basketball Cards 2015 Panini Prizm,"Rondae Hollis-Jefferson [Red, White, and Blue Prizm] #330",$0.99,,,,,,,,,,,,$1.09,,,,,,1,,,,,2015-12-02
130373,Basketball Cards 2015 Panini Prizm,Rondae Hollis-Jefferson [Ruby Wave Prizm] #330,$2.98,,,,,$5.50,$7.00,$3.00,$3.00,,,,$3.29,,,,,,3,,,,,2015-12-02
130374,Basketball Cards 2015 Panini Prizm,Rondae Hollis-Jefferson [Silver Prizm] #330,$4.99,,,$12.48,$14.00,$69.40,$90.00,$42.00,$42.00,,,$1.10,$5.49,,,,,,4,,,,,2015-12-02
130375,Basketball Cards 2015 Panini Prizm,Rondae Hollis-Jefferson [White Sparkle Prizm] #330,,,,,,,,,,,,,,,,,,,0,,,,,2015-12-02
3634726,Basketball Cards 2015 Panini Prizm,Rony Seikaly #281,$4.89,,,,,,,,,,,$1.10,$5.39,,,,,,1,,,,,2015-12-02
12272680,Basketball Cards 2015 Panini Prizm,Rony Seikaly [Black Prizm] #281,,,,,,,,,,,,,,,,,,,0,,,,,2015-12-02
3635041,Basketball Cards 2015 Panini Prizm,Rony Seikaly [Flash Prizm] #281,$1.75,,,,,,,,,,,,$1.89,,,,,,1,,,,,2015-12-02
3635306,Basketball Cards 2015 Panini Prizm,Rony Seikaly [Gold Prizm] #281,$47.00,,,$76.00,$84.00,,,,,,,$20.80,$51.99,,,,,,2,,,,,2015-12-02
3635581,Basketball Cards 2015 Panini Prizm,Rony Seikaly [Green Prizm] #281,$1.06,,,,,,,,,,,,$1.19,,,,,,1,,,,,2015-12-02
3635837,Basketball Cards 2015 Panini Prizm,Rony Seikaly [Light Blue Prizm] #281,$1.99,,,,,,,,,,,,$2.19,,,,,,2,,,,,2015-12-02
3636102,Basketball Cards 2015 Panini Prizm,Rony Seikaly [Mojo Prizm] #281,,,,,,,,,,,,,,,,,,,0,,,,,2015-12-02
3636372,Basketball Cards 2015 Panini Prizm,Rony Seikaly [Orange Prizm] #281,$8.99,,,,,,,,,,,$2.00,$9.89,,,,,,1,,,,,2015-12-02
3636652,Basketball Cards 2015 Panini Prizm,Rony Seikaly [Orange Wave Prizm] #281,$1.57,,,,,,,,,,,,$1.69,,,,,,1,,,,,2015-12-02
3636929,Basketball Cards 2015 Panini Prizm,Rony Seikaly [Purple Prizm] #281,$2.83,,$18.00,,,,,,,,,,$3.09,,,$5.00,$19.99,,2,,,,,2015-12-02
3637188,Basketball Cards 2015 Panini Prizm,"Rony Seikaly [Red, White, and Blue Prizm] #281",$0.99,,,,,,,,,,,,$1.09,,,,,,1,,,,,2015-12-02
3637454,Basketball Cards 2015 Panini Prizm,Rony Seikaly [Ruby Wave Prizm] #281,$1.64,,,,,,,,,,,,$1.79,,,,,,2,,,,,2015-12-02
3637637,Basketball Cards 2015 Panini Prizm,Rony Seikaly [Silver Prizm] #281,$1.89,,$10.00,,,,,,,,,,$2.09,,,$2.80,$10.99,,2,,,,,2015-12-02
3638189,Basketball Cards 2015 Panini Prizm,Rony Seikaly [White Sparkle Prizm] #281,,,,,,,,,,,,,,,,,,,0,,,,,2015-12-02
3634618,Basketball Cards 2015 Panini Prizm,Roy Hibbert #162,$1.68,,,,,,,,,,,,$1.89,,,,,,1,,,,,2015-12-02
12272490,Basketball Cards 2015 Panini Prizm,Roy Hibbert [Black Prizm] #162,,,,,,,,,,,,,,,,,,,0,,,,,2015-12-02
3634937,Basketball Cards 2015 Panini Prizm,Roy Hibbert [Flash Prizm] #162,$2.25,,,,,,,,,,,,$2.49,,,,,,1,,,,,2015-12-02
3635200,Basketball Cards 2015 Panini Prizm,Roy Hibbert [Gold Prizm] #162,$24.50,,,,,,,,,,,$8.10,$26.99,,,,,,1,,,,,2015-12-02
3635473,Basketball Cards 2015 Panini Prizm,Roy Hibbert [Green Prizm] #162,$0.25,,,,,,,,,,,,$0.99,,,,,,0,,,,,2015-12-02
3635734,Basketball Cards 2015 Panini Prizm,Roy Hibbert [Light Blue Prizm] #162,$1.12,,,,,,,,,,,,$1.19,,,,,,1,,,,,2015-12-02
3635998,Basketball Cards 2015 Panini Prizm,Roy Hibbert [Mojo Prizm] #162,$12.00,,,,,,,,,,,$3.30,$12.99,,,,,,0,,,,,2015-12-02
3636268,Basketball Cards 2015 Panini Prizm,Roy Hibbert [Orange Prizm] #162,$5.60,,,,,,,,,,,$1.20,$6.19,,,,,,0,,,,,2015-12-02
3636540,Basketball Cards 2015 Panini Prizm,Roy Hibbert [Orange Wave Prizm] #162,$1.40,,,,,,,,,,,,$1.49,,,,,,1,,,,,2015-12-02
3636819,Basketball Cards 2015 Panini Prizm,Roy Hibbert [Purple Prizm] #162,$1.69,,,,,,,,,,,,$1.89,,,,,,1,,,,,2015-12-02
3637088,Basketball Cards 2015 Panini Prizm,"Roy Hibbert [Red, White, and Blue Prizm] #162",$1.89,,,,,,,,,,,,$2.09,,,,,,1,,,,,2015-12-02
3637347,Basketball Cards 2015 Panini Prizm,Roy Hibbert [Ruby Wave Prizm] #162,$1.37,,,,,,,,,,,,$1.49,,,,,,1,,,,,2015-12-02
3637581,Basketball Cards 2015 Panini Prizm,Roy Hibbert [Silver Prizm] #162,$0.99,,,,,,,,,,,,$1.09,,,,,,1,,,,,2015-12-02
3638084,Basketball Cards 2015 Panini Prizm,Roy Hibbert [White Sparkle Prizm] #162,$2.99,,,,,$119.99,$156.00,$72.00,$72.00,,,,$3.29,,,,,,2,,,,,2015-12-02
3634688,Basketball Cards 2015 Panini Prizm,Rudy Gay #239,$1.99,,,,,,,,,,,,$2.19,,,,,,1,,,,,2015-12-02
12272581,Basketball Cards 2015 Panini Prizm,Rudy Gay [Black Prizm] #239,,,,,,,,,,,,,,,,,,,0,,,,,2015-12-02
3635009,Basketball Cards 2015 Panini Prizm,Rudy Gay [Flash Prizm] #239,$1.57,,,,,,,,,,,,$1.69,,,,,,1,,,,,2015-12-02
130046,Basketball Cards 2015 Panini Prizm,Rudy Gay [Gold Prizm] #239,,,,,,,,,,,,,,,,,,,0,,,,,2015-12-02
3635545,Basketball Cards 2015 Panini Prizm,Rudy Gay [Green Prizm] #239,$1.50,,,,,,,,,,,,$1.69,,,,,,1,,,,,2015-12-02
3635801,Basketball Cards 2015 Panini Prizm,Rudy Gay [Light Blue Prizm] #239,$2.23,,,,,,,,,,,,$2.49,,,,,,0,,,,,2015-12-02
3636065,Basketball Cards 2015 Panini Prizm,Rudy Gay [Mojo Prizm] #239,$12.04,,,,,,,,,,,$3.30,$12.99,,,,,,0,,,,,2015-12-02
3636335,Basketball Cards 2015 Panini Prizm,Rudy Gay [Orange Prizm] #239,$9.17,,,,,,,,,,,$2.00,$9.99,,,,,,1,,,,,2015-12-02
3636612,Basketball Cards 2015 Panini Prizm,Rudy Gay [Orange Wave Prizm] #239,$1.40,,,,,,,,,,,,$1.49,,,,,,1,,,,,2015-12-02
3636889,Basketball Cards 2015 Panini Prizm,Rudy Gay [Purple Prizm] #239,$2.63,,,,,,,,,,,,$2.89,,,,,,1,,,,,2015-12-02
3637157,Basketball Cards 2015 Panini Prizm,"Rudy Gay [Red, White, and Blue Prizm] #239",$1.25,,,,,,,,,,,,$1.39,,,,,,1,,,,,2015-12-02
3637417,Basketball Cards 2015 Panini Prizm,Rudy Gay [Ruby Wave Prizm] #239,$1.75,,,,,,,,,,,,$1.89,,,,,,1,,,,,2015-12-02
3637633,Basketball Cards 2015 Panini Prizm,Rudy Gay [Silver Prizm] #239,$0.25,,,,,,,,,,,,$0.99,,,,,,0,,,,,2015-12-02
3638155,Basketball Cards 2015 Panini Prizm,Rudy Gay [White Sparkle Prizm] #239,$13.19,,,,,,,,,,,$3.80,$14.99,,,,,,1,,,,,2015-12-02
3634663,Basketball Cards 2015 Panini Prizm,Rudy Gobert #211,$0.72,,,,,,,,,,,,$0.99,,,,,,1,,,,,2015-12-02
12272367,Basketball Cards 2015 Panini Prizm,Rudy Gobert [Black Prizm] #211,,,,,,,,,,,,,,,,,,,0,,,,,2015-12-02
3634983,Basketball Cards 2015 Panini Prizm,Rudy Gobert [Flash Prizm] #211,$4.36,,,,,,,,,,,$1.00,$4.79,,,,,,1,,,,,2015-12-02
3635242,Basketball Cards 2015 Panini Prizm,Rudy Gobert [Gold Prizm] #211,$120.00,,$100.00,,,$80.00,$104.00,$48.00,$48.00,,,$66.00,$132.00,,,$55.00,$110.00,,3,,,,,2015-12-02
3635518,Basketball Cards 2015 Panini Prizm,Rudy Gobert [Green Prizm] #211,$4.84,,,,,,,,,,,$1.10,$5.29,,,,,,1,,,,,2015-12-02
3635776,Basketball Cards 2015 Panini Prizm,Rudy Gobert [Light Blue Prizm] #211,$86.50,,,,,,,,,,,$38.00,$94.99,,,,,,1,,,,,2015-12-02
130019,Basketball Cards 2015 Panini Prizm,Rudy Gobert [Mojo Prizm] #211,$34.03,,,$10.50,$12.00,,,,,,,$14.80,$36.99,,,,,,2,,,,,2015-12-02
3636311,Basketball Cards 2015 Panini Prizm,Rudy Gobert [Orange Prizm] #211,$3.97,,,$6.75,$7.00,,,,,,,$0.90,$4.39,,,,,,2,,,,,2015-12-02
3636584,Basketball Cards 2015 Panini Prizm,Rudy Gobert [Orange Wave Prizm] #211,$1.69,,,,,,,,,,,,$1.89,,,,,,1,,,,,2015-12-02
3636863,Basketball Cards 2015 Panini Prizm,Rudy Gobert [Purple Prizm] #211,$9.97,,,,,,,,,,,$2.80,$10.99,,,,,,1,,,,,2015-12-02
3637130,Basketball Cards 2015 Panini Prizm,"Rudy Gobert [Red, White, and Blue Prizm] #211",$9.65,,,,,,,,,,,$2.80,$10.99,,,,,,1,,,,,2015-12-02
3637392,Basketball Cards 2015 Panini Prizm,Rudy Gobert [Ruby Wave Prizm] #211,$1.00,,,,,,,,,,,,$1.09,,,,,,1,,,,,2015-12-02
130020,Basketball Cards 2015 Panini Prizm,Rudy Gobert [Silver Prizm] #211,$4.85,,,$6.40,$7.00,$9.55,$12.00,$6.00,$6.00,,,$1.10,$5.29,,,,,,5,,,,,2015-12-02
130021,Basketball Cards 2015 Panini Prizm,Rudy Gobert [White Sparkle Prizm] #211,$56.59,,,$82.99,$91.00,,,,,,,$24.80,$61.99,,,,,,2,,,,,2015-12-02
129861,Basketball Cards 2015 Panini Prizm,Russell Westbrook #106,$1.62,,,$14.99,$16.00,$19.20,$25.00,$12.00,$12.00,,,,$1.79,,,,,,6,,,,,2015-12-02
130602,Basketball Cards 2015 Panini Prizm,Russell Westbrook #374,$1.52,,,$2.44,$3.00,$25.99,$34.00,$16.00,$16.00,,,,$1.69,,,,,,6,,,,,2015-12-02
130651,Basketball Cards 2015 Panini Prizm,Russell Westbrook #382,$1.15,,,,,,,,,,,,$1.29,,,,,,3,,,,,2015-12-02
12272329,Basketball Cards 2015 Panini Prizm,Russell Westbrook [Black Prizm] #106,,,,,,,,,,,,,,,,,,,0,,,,,2015-12-02
12272634,Basketball Cards 2015 Panini Prizm,Russell Westbrook [Black Prizm] #374,,,,,,,,,,,,,,,,,,,0,,,,,2015-12-02
12272650,Basketball Cards 2015 Panini Prizm,Russell Westbrook [Black Prizm] #382,,,,,,,,,,,,,,,,,,,0,,,,,2015-12-02
3634887,Basketball Cards 2015 Panini Prizm,Russell Westbrook [Flash Prizm] #106,$2.26,,$11.99,$13.02,$14.00,,,,,,,,$2.49,,,$3.30,$12.99,,3,,,,,2015-12-02
130603,Basketball Cards 2015 Panini Prizm,Russell Westbrook [Flash Prizm] #374,$2.99,,,$18.99,$21.00,,,,,,,,$3.29,,,,,,2,,,,,2015-12-02
3638776,Basketball Cards 2015 Panini Prizm,Russell Westbrook [Flash Prizm] #382,$2.07,,,$22.99,$25.00,,,,,,,,$2.29,,,,,,2,,,,,2015-12-02
3635149,Basketball Cards 2015 Panini Prizm,Russell Westbrook [Gold Prizm] #106,,,,,$2500.00,,,,,,,,,,,,,,1,,,,,2015-12-02
3638579,Basketball Cards 2015 Panini Prizm,Russell Westbrook [Gold Prizm] #374,$136.35,,,,,,,,,,,$75.00,$150.00,,,,,,1,,,,,2015-12-02
130652,Basketball Cards 2015 Panini Prizm,Russell Westbrook [Gold Prizm] #382,,,,,$283.00,$567.36,$738.00,$340.00,$340.00,,,,,,,,,,2,,,,,2015-12-02
3635420,Basketball Cards 2015 Panini Prizm,Russell Westbrook [Green Prizm] #106,$2.50,,,,,$8.52,$11.00,$5.00,$5.00,,,,$2.79,,,,,,2,,,,,2015-12-02
3638597,Basketball Cards 2015 Panini Prizm,Russell Westbrook [Green Prizm] #374,$1.62,,,,,$26.95,$35.00,$16.00,$16.00,,,,$1.79,,,,,,2,,,,,2015-12-02
3638813,Basketball Cards 2015 Panini Prizm,Russell Westbrook [Green Prizm] #382,$1.44,,$2.39,,$24.90,,,,,,,,$1.59,,,,$2.59,,3,,,,,2015-12-02
129862,Basketball Cards 2015 Panini Prizm,Russell Westbrook [Light Blue Prizm] #106,$18.91,,,$19.99,$22.00,$43.01,$56.00,$26.00,$26.00,,,$6.30,$20.99,,,,,,5,,,,,2015-12-02
3638615,Basketball Cards 2015 Panini Prizm,Russell Westbrook [Light Blue Prizm] #374,$1.77,,,,,,,,,,,,$1.99,,,,,,1,,,,,2015-12-02
130653,Basketball Cards 2015 Panini Prizm,Russell Westbrook [Light Blue Prizm] #382,$5.89,,$11.50,$22.52,$31.01,,,,,,,$1.30,$6.49,,,$3.30,$12.99,,4,,,,,2015-12-02
129868,Basketball Cards 2015 Panini Prizm,Russell Westbrook [Mojo Prizm] #106,$60.00,,,$112.41,$118.00,$120.00,$156.00,$72.00,$72.00,,,$26.40,$65.99,,,,,,3,,,,,2015-12-02
130607,Basketball Cards 2015 Panini Prizm,Russell Westbrook [Mojo Prizm] #374,,,,$34.99,$38.00,,,,,,,,,,,,,,1,,,,,2015-12-02
3638842,Basketball Cards 2015 Panini Prizm,Russell Westbrook [Mojo Prizm] #382,,,,,,,,,,,,,,,,,,,0,,,,,2015-12-02
129863,Basketball Cards 2015 Panini Prizm,Russell Westbrook [Orange Prizm] #106,$11.50,,,$78.50,$86.00,$94.00,$122.00,$56.00,$56.00,,,$3.30,$12.99,,,,,,3,,,,,2015-12-02
130604,Basketball Cards 2015 Panini Prizm,Russell Westbrook [Orange Prizm] #374,$13.52,,,,,,,,,,,$3.80,$14.99,,,,,,1,,,,,2015-12-02
130654,Basketball Cards 2015 Panini Prizm,Russell Westbrook [Orange Prizm] #382,$4.51,,$13.86,,$50.00,$56.00,$73.00,$34.00,$34.00,,,$1.00,$4.99,,,$3.80,$14.99,,4,,,,,2015-12-02
129864,Basketball Cards 2015 Panini Prizm,Russell Westbrook [Orange Wave Prizm] #106,$5.50,,$4.36,$37.39,$47.00,$48.00,$62.00,$29.00,$29.00,,,$1.20,$6.09,,,$1.00,$4.79,,5,,,,,2015-12-02
3638667,Basketball Cards 2015 Panini Prizm,Russell Westbrook [Orange Wave Prizm] #374,$1.72,,,,,$58.00,$75.00,$35.00,$35.00,,,,$1.89,,,,,,2,,,,,2015-12-02
3638875,Basketball Cards 2015 Panini Prizm,Russell Westbrook [Orange Wave Prizm] #382,$4.72,,,,,,,,,,,$1.00,$5.19,,,,,,1,,,,,2015-12-02
129865,Basketball Cards 2015 Panini Prizm,Russell Westbrook [Purple Prizm] #106,$11.75,,,$39.99,$44.00,$61.02,$79.00,$37.00,$37.00,,,$3.30,$12.99,,,,,,3,,,,,2015-12-02
3638685,Basketball Cards 2015 Panini Prizm,Russell Westbrook [Purple Prizm] #374,$12.25,,,,,,,,,,,$3.30,$12.99,,,,,,1,,,,,2015-12-02
3638894,Basketball Cards 2015 Panini Prizm,Russell Westbrook [Purple Prizm] #382,$2.52,,,,,,,,,,,,$2.79,,,,,,1,,,,,2015-12-02
129866,Basketball Cards 2015 Panini Prizm,"Russell Westbrook [Red, White, and Blue Prizm] #106",$2.91,,,,,$35.23,$46.00,$21.00,$21.00,,,,$3.19,,,,,,2,,,,,2015-12-02
130608,Basketball Cards 2015 Panini Prizm,"Russell Westbrook [Red, White, and Blue Prizm] #374",$2.00,,,,,$24.95,$32.00,$15.00,$15.00,,,,$2.19,,,,,,2,,,,,2015-12-02
130655,Basketball Cards 2015 Panini Prizm,"Russell Westbrook [Red, White, and Blue Prizm] #382",$3.33,,,,,,,,,,,,$3.69,,,,,,2,,,,,2015-12-02
3637298,Basketball Cards 2015 Panini Prizm,Russell Westbrook [Ruby Wave Prizm] #106,$7.11,,,$19.00,$21.00,,,,,,,$1.60,$7.79,,,,,,3,,,,,2015-12-02
131492,Basketball Cards 2015 Panini Prizm,Russell Westbrook [Ruby Wave Prizm] #374,$2.04,,,$35.00,$39.00,,,,,,,,$2.19,,,,,,4,,,,,2015-12-02
130656,Basketball Cards 2015 Panini Prizm,Russell Westbrook [Ruby Wave Prizm] #382,$5.99,,,,$25.00,$25.00,$33.00,$15.00,$15.00,,,$1.30,$6.59,,,,,,6,,,,,2015-12-02
129867,Basketball Cards 2015 Panini Prizm,Russell Westbrook [Silver Prizm] #106,$7.42,,,$14.99,$38.00,$38.46,$50.00,$23.00,$23.00,,,$1.60,$8.19,,,,,,12,,,,,2015-12-02
130605,Basketball Cards 2015 Panini Prizm,Russell Westbrook [Silver Prizm] #374,$2.79,,,$15.85,$17.00,$49.99,$65.00,$30.00,$30.00,,,,$3.09,,,,,,5,,,,,2015-12-02
130657,Basketball Cards 2015 Panini Prizm,Russell Westbrook [Silver Prizm] #382,$2.34,,$3.99,$7.62,$8.00,$30.09,$39.00,$18.00,$18.00,,,,$2.59,,,$0.90,$4.39,,5,,,,,2015-12-02
129869,Basketball Cards 2015 Panini Prizm,Russell Westbrook [White Sparkle Prizm] #106,,,,,$299.99,,,,,,,,,,,,,,1,,,,,2015-12-02
3638771,Basketball Cards 2015 Panini Prizm,Russell Westbrook [White Sparkle Prizm] #374,,,$70.00,,,,,,,,,,,,,$30.80,$76.99,,1,,,,,2015-12-02
130658,Basketball Cards 2015 Panini Prizm,Russell Westbrook [White Sparkle Prizm] #382,,,,,,$194.85,$253.00,$117.00,$117.00,,,,,,,,,,1,,,,,2015-12-02
3634547,Basketball Cards 2015 Panini Prizm,Ryan Anderson #85,$0.99,,,,,,,,,,,,$1.09,,,,,,1,,,,,2015-12-02
12272504,Basketball Cards 2015 Panini Prizm,Ryan Anderson [Black Prizm] #85,,,,,,,,,,,,,,,,,,,0,,,,,2015-12-02
3634869,Basketball Cards 2015 Panini Prizm,Ryan Anderson [Flash Prizm] #85,$0.25,,,,,,,,,,,,$0.99,,,,,,0,,,,,2015-12-02
3635130,Basketball Cards 2015 Panini Prizm,Ryan Anderson [Gold Prizm] #85,,,,,,,,,,,,,,,,,,,0,,,,,2015-12-02
3635400,Basketball Cards 2015 Panini Prizm,Ryan Anderson [Green Prizm] #85,$5.14,,,,,,,,,,,$1.10,$5.69,,,,,,0,,,,,2015-12-02
3635667,Basketball Cards 2015 Panini Prizm,Ryan Anderson [Light Blue Prizm] #85,$1.43,,,,,,,,,,,,$1.59,,,,,,1,,,,,2015-12-02
3635931,Basketball Cards 2015 Panini Prizm,Ryan Anderson [Mojo Prizm] #85,$5.99,,,,,,,,,,,$1.30,$6.59,,,,,,1,,,,,2015-12-02
3636195,Basketball Cards 2015 Panini Prizm,Ryan Anderson [Orange Prizm] #85,$2.55,,,,,,,,,,,,$2.79,,,,,,0,,,,,2015-12-02
3636469,Basketball Cards 2015 Panini Prizm,Ryan Anderson [Orange Wave Prizm] #85,$1.00,,,,,,,,,,,,$1.09,,,,,,1,,,,,2015-12-02
3636746,Basketball Cards 2015 Panini Prizm,Ryan Anderson [Purple Prizm] #85,$1.88,,,,,,,,,,,,$2.09,,,,,,1,,,,,2015-12-02
3637022,Basketball Cards 2015 Panini Prizm,"Ryan Anderson [Red, White, and Blue Prizm] #85",$0.25,,,,,,,,,,,,$0.99,,,,,,0,,,,,2015-12-02
3380287,Basketball Cards 2015 Panini Prizm,Ryan Anderson [Ruby Wave Prizm] #85,$0.99,,,,,,,,,,,,$1.09,,,,,,1,,,,,2015-12-02
3637529,Basketball Cards 2015 Panini Prizm,Ryan Anderson [Silver Prizm] #85,$1.56,,,,,,,,,,,,$1.69,,,,,,1,,,,,2015-12-02
3638015,Basketball Cards 2015 Panini Prizm,Ryan Anderson [White Sparkle Prizm] #85,,,,,,,,,,,,,,,,,,,0,,,,,2015-12-02
3634749,Basketball Cards 2015 Panini Prizm,Ryan Boatright #307,$1.67,,,,,,,,,,,,$1.79,,,,,,4,,,,,2015-12-02
12272463,Basketball Cards 2015 Panini Prizm,Ryan Boatright [Black Prizm] #307,,,,,,,,,,,,,,,,,,,0,,,,,2015-12-02
3638211,Basketball Cards 2015 Panini Prizm,Ryan Boatright [Flash Prizm] #307,$1.05,,,,,,,,,,,,$1.19,,,,,,1,,,,,2015-12-02
3638241,Basketball Cards 2015 Panini Prizm,Ryan Boatright [Gold Prizm] #307,$45.00,,,,,,,,,,,$20.00,$49.99,,,,,,1,,,,,2015-12-02
3638275,Basketball Cards 2015 Panini Prizm,Ryan Boatright [Green Prizm] #307,$2.00,,,,,,,,,,,,$2.19,,,,,,1,,,,,2015-12-02
3638306,Basketball Cards 2015 Panini Prizm,Ryan Boatright [Light Blue Prizm] #307,$3.41,,,,,,,,,,,$0.80,$3.79,,,,,,2,,,,,2015-12-02
3638330,Basketball Cards 2015 Panini Prizm,Ryan Boatright [Mojo Prizm] #307,$15.00,,,,,,,,,,,$4.30,$16.99,,,,,,1,,,,,2015-12-02
3638352,Basketball Cards 2015 Panini Prizm,Ryan Boatright [Orange Prizm] #307,$1.64,,,,,,,,,,,,$1.79,,,,,,1,,,,,2015-12-02
3638374,Basketball Cards 2015 Panini Prizm,Ryan Boatright [Orange Wave Prizm] #307,$2.99,,,,,,,,,,,,$3.29,,,,,,1,,,,,2015-12-02
3638403,Basketball Cards 2015 Panini Prizm,Ryan Boatright [Purple Prizm] #307,$10.42,,,,,,,,,,,$2.80,$10.99,,,,,,1,,,,,2015-12-02
3638431,Basketball Cards 2015 Panini Prizm,"Ryan Boatright [Red, White, and Blue Prizm] #307",$2.18,,,,,,,,,,,,$2.39,,,,,,1,,,,,2015-12-02
3638456,Basketball Cards 2015 Panini Prizm,Ryan Boatright [Ruby Wave Prizm] #307,$4.69,,,,,,,,,,,$1.00,$5.19,,,,,,1,,,,,2015-12-02
130217,Basketball Cards 2015 Panini Prizm,Ryan Boatright [Silver Prizm] #307,$0.99,,,$6.36,$7.00,,,,,,,,$1.09,,,,,,2,,,,,2015-12-02
3638527,Basketball Cards 2015 Panini Prizm,Ryan Boatright [White Sparkle Prizm] #307,$5.50,,,,,,,,,,,$1.20,$6.09,,,,,,1,,,,,2015-12-02
3634713,Basketball Cards 2015 Panini Prizm,Sam Bowie #268,$1.86,,,,,,,,,,,,$2.09,,,,,,2,,,,,2015-12-02
12272643,Basketball Cards 2015 Panini Prizm,Sam Bowie [Black Prizm] #268,,,,,,,,,,,,,,,,,,,0,,,,,2015-12-02
3635030,Basketball Cards 2015 Panini Prizm,Sam Bowie [Flash Prizm] #268,$1.90,,,,,,,,,,,,$2.09,,,,,,2,,,,,2015-12-02
3635295,Basketball Cards 2015 Panini Prizm,Sam Bowie [Gold Prizm] #268,$82.69,,,,,,,,,,,$36.40,$90.99,,,,,,1,,,,,2015-12-02
3635570,Basketball Cards 2015 Panini Prizm,Sam Bowie [Green Prizm] #268,$2.75,,,,,,,,,,,,$2.99,,,,,,1,,,,,2015-12-02
3635827,Basketball Cards 2015 Panini Prizm,Sam Bowie [Light Blue Prizm] #268,$0.99,,,,,,,,,,,,$1.09,,,,,,1,,,,,2015-12-02
3636090,Basketball Cards 2015 Panini Prizm,Sam Bowie [Mojo Prizm] #268,$28.14,,,,,,,,,,,$9.30,$30.99,,,,,,0,,,,,2015-12-02
3636360,Basketball Cards 2015 Panini Prizm,Sam Bowie [Orange Prizm] #268,$2.99,,,,,,,,,,,,$3.29,,,,,,1,,,,,2015-12-02
3636639,Basketball Cards 2015 Panini Prizm,Sam Bowie [Orange Wave Prizm] #268,$0.99,,,,,,,,,,,,$1.09,,,,,,1,,,,,2015-12-02
3636917,Basketball Cards 2015 Panini Prizm,Sam Bowie [Purple Prizm] #268,$2.49,,,,,,,,,,,,$2.69,,,,,,1,,,,,2015-12-02
3637177,Basketball Cards 2015 Panini Prizm,"Sam Bowie [Red, White, and Blue Prizm] #268",$1.99,,,,,,,,,,,,$2.19,,,,,,1,,,,,2015-12-02
3637442,Basketball Cards 2015 Panini Prizm,Sam Bowie [Ruby Wave Prizm] #268,$1.25,,,,,,,,,,,,$1.39,,,,,,2,,,,,2015-12-02
3637635,Basketball Cards 2015 Panini Prizm,Sam Bowie [Silver Prizm] #268,$1.98,,,,,,,,,,,,$2.19,,,,,,1,,,,,2015-12-02
3638178,Basketball Cards 2015 Panini Prizm,Sam Bowie [White Sparkle Prizm] #268,,,,,,,,,,,,,,,,,,,0,,,,,2015-12-02
3634758,Basketball Cards 2015 Panini Prizm,Sam Dekker #339,$1.99,,,,,,,,,,,,$2.19,,,,,,3,,,,,2015-12-02
130445,Basketball Cards 2015 Panini Prizm,Sam Dekker [Black Prizm] #339,,,,,,,,,,,,,,,,,,,0,,,,,2015-12-02
130448,Basketball Cards 2015 Panini Prizm,Sam Dekker [Flash Prizm] #339,$5.14,,$9.04,$22.19,$26.98,$37.46,$49.00,$22.00,$22.00,,,$1.10,$5.69,,,$2.00,$9.89,,7,,,,,2015-12-02
3638261,Basketball Cards 2015 Panini Prizm,Sam Dekker [Gold Prizm] #339,,,,,,,,,,,,,,,,,,,0,,,,,2015-12-02
3638292,Basketball Cards 2015 Panini Prizm,Sam Dekker [Green Prizm] #339,$3.89,,,,,,,,,,,$0.90,$4.29,,,,,,2,,,,,2015-12-02
130446,Basketball Cards 2015 Panini Prizm,Sam Dekker [Light Blue Prizm] #339,$5.10,,,,,,,,,,,$1.10,$5.59,,,,,,3,,,,,2015-12-02
130447,Basketball Cards 2015 Panini Prizm,Sam Dekker [Mojo Prizm] #339,$16.49,,,,,,,,,,,$4.50,$17.99,,,,,,1,,,,,2015-12-02
3638363,Basketball Cards 2015 Panini Prizm,Sam Dekker [Orange Prizm] #339,$8.59,,,,,,,,,,,$1.90,$9.49,,,,,,1,,,,,2015-12-02
3638390,Basketball Cards 2015 Panini Prizm,Sam Dekker [Orange Wave Prizm] #339,$4.49,,,,,,,,,,,$1.00,$4.89,,,,,,2,,,,,2015-12-02
3638420,Basketball Cards 2015 Panini Prizm,Sam Dekker [Purple Prizm] #339,$12.68,,,,,,,,,,,$3.50,$13.99,,,,,,1,,,,,2015-12-02
130449,Basketball Cards 2015 Panini Prizm,"Sam Dekker [Red, White, and Blue Prizm] #339",$2.77,,,,,,,,,,,,$3.09,,,,,,1,,,,,2015-12-02
130450,Basketball Cards 2015 Panini Prizm,Sam Dekker [Ruby Wave Prizm] #339,$5.08,,,$24.95,$27.00,,,,,,,$1.10,$5.59,,,,,,3,,,,,2015-12-02
130451,Basketball Cards 2015 Panini Prizm,Sam Dekker [Silver Prizm] #339,$3.09,,$14.99,$16.00,$18.00,$35.90,$47.00,$22.00,$22.00,,,,$3.39,,,$4.00,$15.99,,6,,,,,2015-12-02
130452,Basketball Cards 2015 Panini Prizm,Sam Dekker [White Sparkle Prizm] #339,,,,,$33.00,$34.00,$44.00,$20.00,$20.00,,,,,,,,,,2,,,,,2015-12-02
3634691,Basketball Cards 2015 Panini Prizm,Scottie Pippen #242,$2.05,,$10.93,$11.50,$13.00,$14.00,$18.00,$8.00,$8.00,,,,$2.29,,,$3.00,$11.99,,9,,,,,2015-12-02
12272590,Basketball Cards 2015 Panini Prizm,Scottie Pippen [Black Prizm] #242,,,,,,,,,,,,,,,,,,,0,,,,,2015-12-02
130059,Basketball Cards 2015 Panini Prizm,Scottie Pippen [Flash Prizm] #242,$4.49,,,$9.15,$10.00,,,,,,,$1.00,$4.89,,,,,,3,,,,,2015-12-02
3635269,Basketball Cards 2015 Panini Prizm,Scottie Pippen [Gold Prizm] #242,,,,,,$876.26,$1139.00,$526.00,$526.00,,,,,,,,,,1,,,,,2015-12-02
3635547,Basketball Cards 2015 Panini Prizm,Scottie Pippen [Green Prizm] #242,$6.00,,,,,,,,,,,$1.30,$6.59,,,,,,1,,,,,2015-12-02
3635803,Basketball Cards 2015 Panini Prizm,Scottie Pippen [Light Blue Prizm] #242,$6.25,,,,,,,,,,,$1.40,$6.89,,,,,,2,,,,,2015-12-02
3636067,Basketball Cards 2015 Panini Prizm,Scottie Pippen [Mojo Prizm] #242,$72.00,,,,,,,,,,,$31.60,$78.99,,,,,,1,,,,,2015-12-02
130060,Basketball Cards 2015 Panini Prizm,Scottie Pippen [Orange Prizm] #242,$20.55,,,,,,,,,,,$6.90,$22.99,,,,,,1,,,,,2015-12-02
3636614,Basketball Cards 2015 Panini Prizm,Scottie Pippen [Orange Wave Prizm] #242,$4.68,,$5.50,,,,,,,,,$1.00,$5.19,,,$1.20,$6.09,,2,,,,,2015-12-02
3636891,Basketball Cards 2015 Panini Prizm,Scottie Pippen [Purple Prizm] #242,$29.00,,,$84.87,$93.00,,,,,,,$9.60,$31.99,,,,,,2,,,,,2015-12-02
130061,Basketball Cards 2015 Panini Prizm,"Scottie Pippen [Red, White, and Blue Prizm] #242",$1.73,,,$19.50,$23.00,$23.00,$30.00,$14.00,$14.00,,,,$1.89,,,,,,6,,,,,2015-12-02
3637419,Basketball Cards 2015 Panini Prizm,Scottie Pippen [Ruby Wave Prizm] #242,$10.46,,,,,$90.00,$117.00,$54.00,$54.00,,,$3.00,$11.99,,,,,,4,,,,,2015-12-02
130062,Basketball Cards 2015 Panini Prizm,Scottie Pippen [Silver Prizm] #242,$3.60,,,$13.50,$15.00,$21.50,$28.00,$13.00,$13.00,,,$0.80,$3.99,,,,,,6,,,,,2015-12-02
3638157,Basketball Cards 2015 Panini Prizm,Scottie Pippen [White Sparkle Prizm] #242,$125.00,,,,,$215.50,$280.00,$129.00,$129.00,,,$69.00,$138.00,,,,,,2,,,,,2015-12-02
3634576,Basketball Cards 2015 Panini Prizm,Serge Ibaka #116,$1.25,,,,,,,,,,,,$1.39,,,,,,1,,,,,2015-12-02
12272356,Basketball Cards 2015 Panini Prizm,Serge Ibaka [Black Prizm] #116,,,,,,,,,,,,,,,,,,,0,,,,,2015-12-02
3634896,Basketball Cards 2015 Panini Prizm,Serge Ibaka [Flash Prizm] #116,$0.25,,,,,,,,,,,,$0.99,,,,,,0,,,,,2015-12-02
3635158,Basketball Cards 2015 Panini Prizm,Serge Ibaka [Gold Prizm] #116,,,,$28.88,$32.00,,,,,,,,,,,,,,1,,,,,2015-12-02
3635429,Basketball Cards 2015 Panini Prizm,Serge Ibaka [Green Prizm] #116,$1.99,,,,,,,,,,,,$2.19,,,,,,1,,,,,2015-12-02
3635693,Basketball Cards 2015 Panini Prizm,Serge Ibaka [Light Blue Prizm] #116,$1.79,,,,,,,,,,,,$1.99,,,,,,3,,,,,2015-12-02
3635956,Basketball Cards 2015 Panini Prizm,Serge Ibaka [Mojo Prizm] #116,$7.44,,,,,,,,,,,$1.60,$8.19,,,,,,1,,,,,2015-12-02
3636224,Basketball Cards 2015 Panini Prizm,Serge Ibaka [Orange Prizm] #116,$4.36,,,,,,,,,,,$1.00,$4.79,,,,,,1,,,,,2015-12-02
3636496,Basketball Cards 2015 Panini Prizm,Serge Ibaka [Orange Wave Prizm] #116,$0.30,,,,,,,,,,,,$0.99,,,,,,1,,,,,2015-12-02
3636777,Basketball Cards 2015 Panini Prizm,Serge Ibaka [Purple Prizm] #116,$2.09,,,,,,,,,,,,$2.29,,,,,,2,,,,,2015-12-02
3637046,Basketball Cards 2015 Panini Prizm,"Serge Ibaka [Red, White, and Blue Prizm] #116",$1.89,,,,,,,,,,,,$2.09,,,,,,1,,,,,2015-12-02
3637307,Basketball Cards 2015 Panini Prizm,Serge Ibaka [Ruby Wave Prizm] #116,$1.12,,,,,,,,,,,,$1.19,,,,,,4,,,,,2015-12-02
3637552,Basketball Cards 2015 Panini Prizm,Serge Ibaka [Silver Prizm] #116,$1.49,,,,,,,,,,,,$1.59,,,,,,1,,,,,2015-12-02
3638044,Basketball Cards 2015 Panini Prizm,Serge Ibaka [White Sparkle Prizm] #116,$17.49,,,,,,,,,,,$4.80,$18.99,,,,,,1,,,,,2015-12-02
3634483,Basketball Cards 2015 Panini Prizm,Shabazz Muhammad #16,$1.24,,,,,,,,,,,,$1.39,,,,,,1,,,,,2015-12-02
12272327,Basketball Cards 2015 Panini Prizm,Shabazz Muhammad [Black Prizm] #16,,,,,,,,,,,,,,,,,,,0,,,,,2015-12-02
3634808,Basketball Cards 2015 Panini Prizm,Shabazz Muhammad [Flash Prizm] #16,$1.13,,,,,,,,,,,,$1.19,,,,,,1,,,,,2015-12-02
3635069,Basketball Cards 2015 Panini Prizm,Shabazz Muhammad [Gold Prizm] #16,$18.02,,,,,,,,,,,$5.00,$19.99,,,,,,1,,,,,2015-12-02
3635336,Basketball Cards 2015 Panini Prizm,Shabazz Muhammad [Green Prizm] #16,$2.27,,,,,,,,,,,,$2.49,,,,,,0,,,,,2015-12-02
3635610,Basketball Cards 2015 Panini Prizm,Shabazz Muhammad [Light Blue Prizm] #16,$2.68,,,,,,,,,,,,$2.99,,,,,,1,,,,,2015-12-02
3635869,Basketball Cards 2015 Panini Prizm,Shabazz Muhammad [Mojo Prizm] #16,$0.99,,,,,,,,,,,,$1.09,,,,,,1,,,,,2015-12-02
3636136,Basketball Cards 2015 Panini Prizm,Shabazz Muhammad [Orange Prizm] #16,$4.34,,,,,,,,,,,$1.00,$4.79,,,,,,1,,,,,2015-12-02
3636405,Basketball Cards 2015 Panini Prizm,Shabazz Muhammad [Orange Wave Prizm] #16,$1.57,,,,,,,,,,,,$1.69,,,,,,1,,,,,2015-12-02
3636684,Basketball Cards 2015 Panini Prizm,Shabazz Muhammad [Purple Prizm] #16,$1.99,,,,,,,,,,,,$2.19,,,,,,2,,,,,2015-12-02
3636960,Basketball Cards 2015 Panini Prizm,"Shabazz Muhammad [Red, White, and Blue Prizm] #16",$0.25,,,,,,,,,,,,$0.99,,,,,,0,,,,,2015-12-02
3637217,Basketball Cards 2015 Panini Prizm,Shabazz Muhammad [Ruby Wave Prizm] #16,$0.99,,,,,,,,,,,,$1.09,,,,,,1,,,,,2015-12-02
3637480,Basketball Cards 2015 Panini Prizm,Shabazz Muhammad [Silver Prizm] #16,$1.88,,,,,,,,,,,,$2.09,,,,,,1,,,,,2015-12-02
3637951,Basketball Cards 2015 Panini Prizm,Shabazz Muhammad [White Sparkle Prizm] #16,,,,,,,,,,,,,,,,,,,0,,,,,2015-12-02
3634614,Basketball Cards 2015 Panini Prizm,Shane Larkin #158,$1.96,,,,,,,,,,,,$2.19,,,,,,1,,,,,2015-12-02
12272471,Basketball Cards 2015 Panini Prizm,Shane Larkin [Black Prizm] #158,,,,,,,,,,,,,,,,,,,0,,,,,2015-12-02
3634933,Basketball Cards 2015 Panini Prizm,Shane Larkin [Flash Prizm] #158,$1.59,,,,,,,,,,,,$1.79,,,,,,1,,,,,2015-12-02
3635196,Basketball Cards 2015 Panini Prizm,Shane Larkin [Gold Prizm] #158,,,,,,,,,,,,,,,,,,,0,,,,,2015-12-02
3635469,Basketball Cards 2015 Panini Prizm,Shane Larkin [Green Prizm] #158,$3.39,,,,,,,,,,,,$3.69,,,,,,0,,,,,2015-12-02
3635730,Basketball Cards 2015 Panini Prizm,Shane Larkin [Light Blue Prizm] #158,$0.25,,,,,,,,,,,,$0.99,,,,,,0,,,,,2015-12-02
3635994,Basketball Cards 2015 Panini Prizm,Shane Larkin [Mojo Prizm] #158,$8.99,,,,,,,,,,,$2.00,$9.89,,,,,,1,,,,,2015-12-02
3636264,Basketball Cards 2015 Panini Prizm,Shane Larkin [Orange Prizm] #158,$4.23,,,,,,,,,,,$0.90,$4.69,,,,,,1,,,,,2015-12-02
3636536,Basketball Cards 2015 Panini Prizm,Shane Larkin [Orange Wave Prizm] #158,$0.25,,,,,,,,,,,,$0.99,,,,,,0,,,,,2015-12-02
3636815,Basketball Cards 2015 Panini Prizm,Shane Larkin [Purple Prizm] #158,$1.98,,,,,,,,,,,,$2.19,,,,,,1,,,,,2015-12-02
3637084,Basketball Cards 2015 Panini Prizm,"Shane Larkin [Red, White, and Blue Prizm] #158",$1.39,,,,,,,,,,,,$1.49,,,,,,1,,,,,2015-12-02
3637343,Basketball Cards 2015 Panini Prizm,Shane Larkin [Ruby Wave Prizm] #158,$1.97,,,,,,,,,,,,$2.19,,,,,,1,,,,,2015-12-02
3637578,Basketball Cards 2015 Panini Prizm,Shane Larkin [Silver Prizm] #158,$0.25,,,,,,,,,,,,$0.99,,,,,,0,,,,,2015-12-02
3638080,Basketball Cards 2015 Panini Prizm,Shane Larkin [White Sparkle Prizm] #158,$34.58,,,,,,,,,,,$15.20,$37.99,,,,,,0,,,,,2015-12-02
3634729,Basketball Cards 2015 Panini Prizm,Shaquille O'Neal #284,$2.49,,$9.99,$11.00,$23.43,$25.99,$34.00,$16.00,$16.00,,,,$2.69,,,$2.80,$10.99,,12,,,,,2015-12-02
12272671,Basketball Cards 2015 Panini Prizm,Shaquille O'Neal [Black Prizm] #284,,,,,,,,,,,,,,,,,,,0,,,,,2015-12-02
130152,Basketball Cards 2015 Panini Prizm,Shaquille O'Neal [Flash Prizm] #284,$6.99,,$10.99,$25.32,$28.00,,,,,,,$1.50,$7.69,,,$3.00,$11.99,,4,,,,,2015-12-02
3635309,Basketball Cards 2015 Panini Prizm,Shaquille O'Neal [Gold Prizm] #284,,,,,,,,,,,,,,,,,,,0,,,,,2015-12-02
3635584,Basketball Cards 2015 Panini Prizm,Shaquille O'Neal [Green Prizm] #284,$6.75,,,,,,,,,,,$1.50,$7.39,,,,,,1,,,,,2015-12-02
3635840,Basketball Cards 2015 Panini Prizm,Shaquille O'Neal [Light Blue Prizm] #284,$6.71,,,,,,,,,,,$1.50,$7.39,,,,,,2,,,,,2015-12-02
3636105,Basketball Cards 2015 Panini Prizm,Shaquille O'Neal [Mojo Prizm] #284,$60.00,,,,,,,,,,,$26.40,$65.99,,,,,,1,,,,,2015-12-02
130153,Basketball Cards 2015 Panini Prizm,Shaquille O'Neal [Orange Prizm] #284,$6.00,,,,,,,,,,,$1.30,$6.59,,,,,,1,,,,,2015-12-02
3636655,Basketball Cards 2015 Panini Prizm,Shaquille O'Neal [Orange Wave Prizm] #284,$4.96,,,$57.32,$63.00,$69.00,$90.00,$41.00,$41.00,,,$1.10,$5.49,,,,,,5,,,,,2015-12-02
130154,Basketball Cards 2015 Panini Prizm,Shaquille O'Neal [Purple Prizm] #284,$15.64,,,$26.00,$29.00,,,,,,,$4.30,$16.99,,,,,,2,,,,,2015-12-02
130155,Basketball Cards 2015 Panini Prizm,"Shaquille O'Neal [Red, White, and Blue Prizm] #284",$4.25,,,$32.75,$36.00,$54.95,$71.00,$33.00,$33.00,,,$0.90,$4.69,,,,,,5,,,,,2015-12-02
130156,Basketball Cards 2015 Panini Prizm,Shaquille O'Neal [Ruby Wave Prizm] #284,$7.50,,,$34.39,$38.00,$60.00,$78.00,$36.00,$36.00,,,$1.70,$8.29,,,,,,4,,,,,2015-12-02
130157,Basketball Cards 2015 Panini Prizm,Shaquille O'Neal [Silver Prizm] #284,$5.00,,$7.00,$19.25,$26.89,$60.12,$78.00,$36.00,$36.00,,,$1.10,$5.49,,,$1.50,$7.69,,13,,,,,2015-12-02
3638192,Basketball Cards 2015 Panini Prizm,Shaquille O'Neal [White Sparkle Prizm] #284,,,,,,,,,,,,,,,,,,,0,,,,,2015-12-02
3634734,Basketball Cards 2015 Panini Prizm,Shareef Abdur-Rahim #289,$1.12,,,,,,,,,,,,$1.19,,,,,,1,,,,,2015-12-02
12272687,Basketball Cards 2015 Panini Prizm,Shareef Abdur-Rahim [Black Prizm] #289,,,,,,,,,,,,,,,,,,,0,,,,,2015-12-02
3635046,Basketball Cards 2015 Panini Prizm,Shareef Abdur-Rahim [Flash Prizm] #289,$1.28,,,,,,,,,,,,$1.39,,,,,,1,,,,,2015-12-02
3635313,Basketball Cards 2015 Panini Prizm,Shareef Abdur-Rahim [Gold Prizm] #289,$106.45,,,,,,,,,,,$58.50,$117.00,,,,,,1,,,,,2015-12-02
3635587,Basketball Cards 2015 Panini Prizm,Shareef Abdur-Rahim [Green Prizm] #289,$1.66,,,,,,,,,,,,$1.79,,,,,,1,,,,,2015-12-02
3635845,Basketball Cards 2015 Panini Prizm,Shareef Abdur-Rahim [Light Blue Prizm] #289,$3.41,,,,,,,,,,,$0.80,$3.79,,,,,,2,,,,,2015-12-02
3636110,Basketball Cards 2015 Panini Prizm,Shareef Abdur-Rahim [Mojo Prizm] #289,$7.91,,,,,,,,,,,$1.70,$8.69,,,,,,1,,,,,2015-12-02
3636379,Basketball Cards 2015 Panini Prizm,Shareef Abdur-Rahim [Orange Prizm] #289,$9.99,,,,,,,,,,,$2.80,$10.99,,,,,,1,,,,,2015-12-02
3636659,Basketball Cards 2015 Panini Prizm,Shareef Abdur-Rahim [Orange Wave Prizm] #289,$1.00,,,,,,,,,,,,$1.09,,,,,,1,,,,,2015-12-02
3636936,Basketball Cards 2015 Panini Prizm,Shareef Abdur-Rahim [Purple Prizm] #289,$1.78,,,$29.88,$33.00,,,,,,,,$1.99,,,,,,2,,,,,2015-12-02
3637192,Basketball Cards 2015 Panini Prizm,"Shareef Abdur-Rahim [Red, White, and Blue Prizm] #289",$1.62,,,,,,,,,,,,$1.79,,,,,,1,,,,,2015-12-02
3637461,Basketball Cards 2015 Panini Prizm,Shareef Abdur-Rahim [Ruby Wave Prizm] #289,$3.50,,,,,,,,,,,$0.80,$3.89,,,,,,2,,,,,2015-12-02
131486,Basketball Cards 2015 Panini Prizm,Shareef Abdur-Rahim [Silver Prizm] #289,$1.75,,,$9.44,$10.00,,,,,,,,$1.89,,,,,,2,,,,,2015-12-02
3638196,Basketball Cards 2015 Panini Prizm,Shareef Abdur-Rahim [White Sparkle Prizm] #289,$13.01,,,,,,,,,,,$3.50,$13.99,,,,,,1,,,,,2015-12-02
3634671,Basketball Cards 2015 Panini Prizm,Shaun Livingston #220,$1.60,,,,,,,,,,,,$1.79,,,,,,2,,,,,2015-12-02
12272495,Basketball Cards 2015 Panini Prizm,Shaun Livingston [Black Prizm] #220,,,,,,,,,,,,,,,,,,,0,,,,,2015-12-02
3634990,Basketball Cards 2015 Panini Prizm,Shaun Livingston [Flash Prizm] #220,$2.84,,,,,,,,,,,,$3.09,,,,,,1,,,,,2015-12-02
3635250,Basketball Cards 2015 Panini Prizm,Shaun Livingston [Gold Prizm] #220,$113.50,,,,,$201.50,$262.00,$121.00,$121.00,,,$62.50,$125.00,,,,,,2,,,,,2015-12-02
3635526,Basketball Cards 2015 Panini Prizm,Shaun Livingston [Green Prizm] #220,$1.81,,,,,,,,,,,,$1.99,,,,,,1,,,,,2015-12-02
130034,Basketball Cards 2015 Panini Prizm,Shaun Livingston [Light Blue Prizm] #220,$2.72,,,,,,,,,,,,$2.99,,,,,,1,,,,,2015-12-02
3636046,Basketball Cards 2015 Panini Prizm,Shaun Livingston [Mojo Prizm] #220,$14.00,,,,,,,,,,,$3.80,$14.99,,,,,,1,,,,,2015-12-02
3636319,Basketball Cards 2015 Panini Prizm,Shaun Livingston [Orange Prizm] #220,$3.98,,,,,,,,,,,$0.90,$4.39,,,,,,1,,,,,2015-12-02
3636593,Basketball Cards 2015 Panini Prizm,Shaun Livingston [Orange Wave Prizm] #220,$16.21,,$17.95,$26.62,$42.35,$53.83,$70.00,$32.00,$32.00,,,$4.50,$17.99,,,$5.00,$19.99,,61,,,,,2015-12-02
3636871,Basketball Cards 2015 Panini Prizm,Shaun Livingston [Purple Prizm] #220,$4.99,,,,,,,,,,,$1.10,$5.49,,,,,,1,,,,,2015-12-02
3637138,Basketball Cards 2015 Panini Prizm,"Shaun Livingston [Red, White, and Blue Prizm] #220",$1.99,,,,,,,,,,,,$2.19,,,,,,1,,,,,2015-12-02
3637400,Basketball Cards 2015 Panini Prizm,Shaun Livingston [Ruby Wave Prizm] #220,$1.52,,,,,,,,,,,,$1.69,,,,,,1,,,,,2015-12-02
130035,Basketball Cards 2015 Panini Prizm,Shaun Livingston [Silver Prizm] #220,$1.76,,,$7.56,$8.00,$9.00,$12.00,$5.00,$5.00,,,,$1.89,,,,,,5,,,,,2015-12-02
3638136,Basketball Cards 2015 Panini Prizm,Shaun Livingston [White Sparkle Prizm] #220,,,,,,,,,,,,,,,,,,,0,,,,,2015-12-02
3634715,Basketball Cards 2015 Panini Prizm,Shawn Kemp #270,$1.99,,$3.99,$5.50,$6.00,$14.99,$19.00,$9.00,$9.00,,,,$2.19,,,$0.90,$4.39,,8,,,,,2015-12-02
12272644,Basketball Cards 2015 Panini Prizm,Shawn Kemp [Black Prizm] #270,,,,,,,,,,,,,,,,,,,0,,,,,2015-12-02
3380300,Basketball Cards 2015 Panini Prizm,Shawn Kemp [Flash Prizm] #270,$9.50,,,$43.50,$48.00,$52.00,$68.00,$31.00,$31.00,,,$2.00,$9.99,,,,,,3,,,,,2015-12-02
3635297,Basketball Cards 2015 Panini Prizm,Shawn Kemp [Gold Prizm] #270,,,,$300.00,$733.22,,,,,,,,,,,,,,2,,,,,2015-12-02
130125,Basketball Cards 2015 Panini Prizm,Shawn Kemp [Green Prizm] #270,$19.99,,,,,,$77.00,,,,,$6.60,$21.99,,,,,,1,,,,,2015-12-02
130126,Basketball Cards 2015 Panini Prizm,Shawn Kemp [Light Blue Prizm] #270,$7.75,,,,,,,,,,,$1.70,$8.49,,,,,,2,,,,,2015-12-02
130127,Basketball Cards 2015 Panini Prizm,Shawn Kemp [Mojo Prizm] #270,,,,,,,,,,,,,,,,,,,0,,,,,2015-12-02
3636362,Basketball Cards 2015 Panini Prizm,Shawn Kemp [Orange Prizm] #270,$25.24,,,,,,,,,,,$8.40,$27.99,,,,,,1,,,,,2015-12-02
3636641,Basketball Cards 2015 Panini Prizm,Shawn Kemp [Orange Wave Prizm] #270,$7.98,,,,,,,,,,,$1.80,$8.79,,,,,,2,,,,,2015-12-02
3636919,Basketball Cards 2015 Panini Prizm,Shawn Kemp [Purple Prizm] #270,$27.07,,,,,$29.99,$39.00,$18.00,$18.00,,,$9.00,$29.99,,,,,,2,,,,,2015-12-02
3637179,Basketball Cards 2015 Panini Prizm,"Shawn Kemp [Red, White, and Blue Prizm] #270",$1.78,,,,,,,,,,,,$1.99,,,,,,2,,,,,2015-12-02
3637444,Basketball Cards 2015 Panini Prizm,Shawn Kemp [Ruby Wave Prizm] #270,$9.51,,,$21.99,$24.00,,,,,,,$2.00,$9.99,,,,,,3,,,,,2015-12-02
130128,Basketball Cards 2015 Panini Prizm,Shawn Kemp [Silver Prizm] #270,$4.58,,$12.01,$13.00,$14.00,$45.00,$59.00,$27.00,$27.00,,,$1.00,$4.99,,,$3.30,$12.99,,8,,,,,2015-12-02
130129,Basketball Cards 2015 Panini Prizm,Shawn Kemp [White Sparkle Prizm] #270,,,,,,,,,,,,,,,,,,,0,,,,,2015-12-02
3634509,Basketball Cards 2015 Panini Prizm,Solomon Hill #42,$1.25,,,,,,,,,,,,$1.39,,,,,,1,,,,,2015-12-02
12272384,Basketball Cards 2015 Panini Prizm,Solomon Hill [Black Prizm] #42,,,,,,,,,,,,,,,,,,,0,,,,,2015-12-02
3634834,Basketball Cards 2015 Panini Prizm,Solomon Hill [Flash Prizm] #42,$0.25,,,,,,,,,,,,$0.99,,,,,,0,,,,,2015-12-02
3635092,Basketball Cards 2015 Panini Prizm,Solomon Hill [Gold Prizm] #42,$98.00,,,,,,,,,,,$54.00,$108.00,,,,,,0,,,,,2015-12-02
3635361,Basketball Cards 2015 Panini Prizm,Solomon Hill [Green Prizm] #42,$0.25,,,,,,,,,,,,$0.99,,,,,,0,,,,,2015-12-02
3635633,Basketball Cards 2015 Panini Prizm,Solomon Hill [Light Blue Prizm] #42,$0.99,,,,,,,,,,,,$1.09,,,,,,1,,,,,2015-12-02
3635894,Basketball Cards 2015 Panini Prizm,Solomon Hill [Mojo Prizm] #42,$4.99,,,,,,,,,,,$1.10,$5.49,,,,,,0,,,,,2015-12-02
3636160,Basketball Cards 2015 Panini Prizm,Solomon Hill [Orange Prizm] #42,$2.20,,,,,,,,,,,,$2.39,,,,,,0,,,,,2015-12-02
3636431,Basketball Cards 2015 Panini Prizm,Solomon Hill [Orange Wave Prizm] #42,$0.25,,,,,,,,,,,,$0.99,,,,,,0,,,,,2015-12-02
3636709,Basketball Cards 2015 Panini Prizm,Solomon Hill [Purple Prizm] #42,$1.78,,,,,,,,,,,,$1.99,,,,,,2,,,,,2015-12-02
3636985,Basketball Cards 2015 Panini Prizm,"Solomon Hill [Red, White, and Blue Prizm] #42",$0.25,,,,,,,,,,,,$0.99,,,,,,0,,,,,2015-12-02
3637243,Basketball Cards 2015 Panini Prizm,Solomon Hill [Ruby Wave Prizm] #42,,,,,,,,,,,,,,,,,,,0,,,,,2015-12-02
3637500,Basketball Cards 2015 Panini Prizm,Solomon Hill [Silver Prizm] #42,$0.25,,,,,,,,,,,,$0.99,,,,,,0,,,,,2015-12-02
3637977,Basketball Cards 2015 Panini Prizm,Solomon Hill [White Sparkle Prizm] #42,$11.74,,,,,,,,,,,$3.30,$12.99,,,,,,0,,,,,2015-12-02
3634669,Basketball Cards 2015 Panini Prizm,Spencer Hawes #218,$0.06,,,,,,,,,,,,$0.99,,,,,,1,,,,,2015-12-02
12272500,Basketball Cards 2015 Panini Prizm,Spencer Hawes [Black Prizm] #218,,,,,,,,,,,,,,,,,,,0,,,,,2015-12-02
3634989,Basketball Cards 2015 Panini Prizm,Spencer Hawes [Flash Prizm] #218,$0.99,,,,,,,,,,,,$1.09,,,,,,1,,,,,2015-12-02
3635248,Basketball Cards 2015 Panini Prizm,Spencer Hawes [Gold Prizm] #218,$98.00,,,,,$149.99,$195.00,$90.00,$90.00,,,$54.00,$108.00,,,,,,1,,,,,2015-12-02
3635524,Basketball Cards 2015 Panini Prizm,Spencer Hawes [Green Prizm] #218,$0.25,,,,,,,,,,,,$0.99,,,,,,0,,,,,2015-12-02
3635782,Basketball Cards 2015 Panini Prizm,Spencer Hawes [Light Blue Prizm] #218,$0.25,,,,,,,,,,,,$0.99,,,,,,0,,,,,2015-12-02
3636044,Basketball Cards 2015 Panini Prizm,Spencer Hawes [Mojo Prizm] #218,,,,,,,,,,,,,,,,,,,0,,,,,2015-12-02
3636317,Basketball Cards 2015 Panini Prizm,Spencer Hawes [Orange Prizm] #218,$3.00,,,,,,,,,,,,$3.29,,,,,,1,,,,,2015-12-02
3636591,Basketball Cards 2015 Panini Prizm,Spencer Hawes [Orange Wave Prizm] #218,$0.99,,,,,,,,,,,,$1.09,,,,,,1,,,,,2015-12-02
3636869,Basketball Cards 2015 Panini Prizm,Spencer Hawes [Purple Prizm] #218,$0.25,,,,,,,,,,,,$0.99,,,,,,0,,,,,2015-12-02
3637136,Basketball Cards 2015 Panini Prizm,"Spencer Hawes [Red, White, and Blue Prizm] #218",$0.25,,,,,,,,,,,,$0.99,,,,,,0,,,,,2015-12-02
3637398,Basketball Cards 2015 Panini Prizm,Spencer Hawes [Ruby Wave Prizm] #218,,,,,,,,,,,,,,,,,,,0,,,,,2015-12-02
3637617,Basketball Cards 2015 Panini Prizm,Spencer Hawes [Silver Prizm] #218,$0.25,,,,,,,,,,,,$0.99,,,,,,0,,,,,2015-12-02
3638134,Basketball Cards 2015 Panini Prizm,Spencer Hawes [White Sparkle Prizm] #218,$11.74,,,,,,,,,,,$3.30,$12.99,,,,,,0,,,,,2015-12-02
130293,Basketball Cards 2015 Panini Prizm,Stanley Johnson #320,$1.99,,,$9.99,$11.00,,,,,,,,$2.19,,,,,,5,,,,,2015-12-02
12272461,Basketball Cards 2015 Panini Prizm,Stanley Johnson [Black Prizm] #320,,,,,,,,,,,,,,,,,,,0,,,,,2015-12-02
130294,Basketball Cards 2015 Panini Prizm,Stanley Johnson [Flash Prizm] #320,$2.72,,,,,,,,,,,,$2.99,,,,,,1,,,,,2015-12-02
3638249,Basketball Cards 2015 Panini Prizm,Stanley Johnson [Gold Prizm] #320,$81.00,,,$350.00,$385.00,,,,,,,$35.60,$88.99,,,,,,3,,,,,2015-12-02
130295,Basketball Cards 2015 Panini Prizm,Stanley Johnson [Green Prizm] #320,$7.67,,,$2.25,$2.00,,,,,,,$1.70,$8.39,,,,,,2,,,,,2015-12-02
130296,Basketball Cards 2015 Panini Prizm,Stanley Johnson [Light Blue Prizm] #320,$3.72,,,,$49.99,$81.01,$105.00,$49.00,$49.00,,,$0.80,$4.09,,,,,,3,,,,,2015-12-02
3638337,Basketball Cards 2015 Panini Prizm,Stanley Johnson [Mojo Prizm] #320,,,,,,,,,,,,,,,,,,,0,,,,,2015-12-02
130297,Basketball Cards 2015 Panini Prizm,Stanley Johnson [Orange Prizm] #320,$4.99,,,,$54.99,,,,,,,$1.10,$5.49,,,,,,2,,,,,2015-12-02
130298,Basketball Cards 2015 Panini Prizm,Stanley Johnson [Orange Wave Prizm] #320,$3.50,,,,,,,,,,,$0.80,$3.89,,,,,,1,,,,,2015-12-02
130299,Basketball Cards 2015 Panini Prizm,Stanley Johnson [Purple Prizm] #320,$6.51,,,,$22.00,$22.00,$29.00,$13.00,$13.00,,,$1.40,$7.19,,,,,,3,,,,,2015-12-02
130300,Basketball Cards 2015 Panini Prizm,"Stanley Johnson [Red, White, and Blue Prizm] #320",$1.26,,,,,,,,,,,,$1.39,,,,,,1,,,,,2015-12-02
130301,Basketball Cards 2015 Panini Prizm,Stanley Johnson [Ruby Wave Prizm] #320,$1.99,,,,,,,,,,,,$2.19,,,,,,2,,,,,2015-12-02
130302,Basketball Cards 2015 Panini Prizm,Stanley Johnson [Silver Prizm] #320,$5.88,,,$21.59,$24.00,$52.60,$68.00,$32.00,$32.00,,,$1.30,$6.49,,,,,,9,,,,,2015-12-02
130303,Basketball Cards 2015 Panini Prizm,Stanley Johnson [White Sparkle Prizm] #320,,,,$114.19,$126.00,$137.00,$178.00,$82.00,$82.00,,,,,,,,,,2,,,,,2015-12-02
129949,Basketball Cards 2015 Panini Prizm,Stephen Curry #170,$5.00,$12.00,$17.27,$36.00,$40.00,$102.12,$133.00,$61.00,$13.00,,,$1.10,$5.49,$3.30,$12.99,$4.80,$18.99,,97,,,,,2015-12-02
130548,Basketball Cards 2015 Panini Prizm,Stephen Curry #364,$4.99,,$8.99,$20.00,$33.76,$46.80,$237.67,$28.00,$28.00,,,$1.10,$5.49,,,$2.00,$9.89,,41,,,,,2015-12-02
130633,Basketball Cards 2015 Panini Prizm,Stephen Curry #377,$3.49,,$8.26,$14.61,$27.00,$38.66,$50.00,$23.00,$23.00,,,$0.80,$3.79,,,$1.80,$9.09,,31,,,,,2015-12-02
130734,Basketball Cards 2015 Panini Prizm,Stephen Curry #400,$3.25,,$9.99,$22.63,$80.30,$86.00,$78.50,$52.00,$52.00,,,,$3.59,,,$2.80,$10.99,,66,,,,,2015-12-02
12272526,Basketball Cards 2015 Panini Prizm,Stephen Curry [Black Prizm] #170,,,,,,,,,,,,,,,,,,,0,,,,,2015-12-02
12272616,Basketball Cards 2015 Panini Prizm,Stephen Curry [Black Prizm] #364,,,,,,,,,,,,,,,,,,,0,,,,,2015-12-02
12272637,Basketball Cards 2015 Panini Prizm,Stephen Curry [Black Prizm] #377,,,,,,,,,,,,,,,,,,,0,,,,,2015-12-02
12272690,Basketball Cards 2015 Panini Prizm,Stephen Curry [Black Prizm] #400,,,,,,,,,,,,,,,,,,,0,,,,,2015-12-02
129950,Basketball Cards 2015 Panini Prizm,Stephen Curry [Flash Prizm] #170,$29.00,,,$40.00,$44.00,$201.56,$262.00,$121.00,$121.00,,,$9.60,$31.99,,,,,,6,,,,,2015-12-02
130549,Basketball Cards 2015 Panini Prizm,Stephen Curry [Flash Prizm] #364,$13.00,,$13.30,$47.75,$53.00,$65.10,$85.00,$39.00,$39.00,,,$3.50,$13.99,,,$3.80,$14.99,,9,,,,,2015-12-02
130629,Basketball Cards 2015 Panini Prizm,Stephen Curry [Flash Prizm] #377,$13.20,,$15.04,,,$70.16,$91.00,$42.00,$42.00,,,$3.80,$14.99,,,$4.30,$16.99,,4,,,,,2015-12-02
130736,Basketball Cards 2015 Panini Prizm,Stephen Curry [Flash Prizm] #400,$21.70,,,$17.50,$130.12,,,,$195.00,,,$7.20,$23.99,,,,,,5,,,,,2015-12-02
129951,Basketball Cards 2015 Panini Prizm,Stephen Curry [Gold Prizm] #170,,,,,$103.00,$105.00,$137.00,$63.00,$63.00,,,,,,,,,,2,,,,,2015-12-02
3638571,Basketball Cards 2015 Panini Prizm,Stephen Curry [Gold Prizm] #364,,,,$2900.00,$3190.00,$13422.44,$17449.00,$8053.00,$8053.00,,,,,,,,,,2,,,,,2015-12-02
3638791,Basketball Cards 2015 Panini Prizm,Stephen Curry [Gold Prizm] #377,,,,$6500.00,$7150.00,,,,,,,,,,,,,,1,,,,,2015-12-02
3638975,Basketball Cards 2015 Panini Prizm,Stephen Curry [Gold Prizm] #400,,,,$24.00,$26.00,,,,,,,,,,,,,,1,,,,,2015-12-02
129952,Basketball Cards 2015 Panini Prizm,Stephen Curry [Green Prizm] #170,$30.00,,,$30.00,$33.00,$499.99,$650.00,$300.00,$300.00,,,$9.90,$32.99,,,,,,7,,,,,2015-12-02
130550,Basketball Cards 2015 Panini Prizm,Stephen Curry [Green Prizm] #364,$6.02,,,$23.29,$79.99,$93.70,$122.00,$56.00,$56.00,,,$1.30,$6.59,,,,,,5,,,,,2015-12-02
130626,Basketball Cards 2015 Panini Prizm,Stephen Curry [Green Prizm] #377,$19.99,,,$33.30,$37.00,$99.99,$130.00,$60.00,$60.00,,,$6.60,$21.99,,,,,,6,,,,,2015-12-02
130735,Basketball Cards 2015 Panini Prizm,Stephen Curry [Green Prizm] #400,$18.85,,$24.53,$41.07,$45.00,$625.00,$813.00,$375.00,$375.00,,,$6.30,$20.99,,,$8.10,$26.99,,7,,,,,2015-12-02
129953,Basketball Cards 2015 Panini Prizm,Stephen Curry [Light Blue Prizm] #170,$120.50,,,$194.61,$214.00,$475.00,$618.00,$285.00,$285.00,,,$66.50,$133.00,,,,,,5,,,,,2015-12-02
130551,Basketball Cards 2015 Panini Prizm,Stephen Curry [Light Blue Prizm] #364,$109.07,,$1200.00,$1320.00,$1452.00,$1584.00,$2059.00,$950.00,$950.00,,,$60.00,$120.00,,,$792.00,$1320.00,,7,,,,,2015-12-02
130627,Basketball Cards 2015 Panini Prizm,Stephen Curry [Light Blue Prizm] #377,$43.42,,$49.00,$79.54,$85.00,$259.99,$338.00,$156.00,$156.00,,,$19.20,$47.99,,,$21.60,$53.99,,8,,,,,2015-12-02
130737,Basketball Cards 2015 Panini Prizm,Stephen Curry [Light Blue Prizm] #400,$115.00,,$49.88,$205.84,$245.81,$380.00,$494.00,$228.00,$228.00,,,$63.50,$127.00,,,$22.00,$54.99,,7,,,,,2015-12-02
129954,Basketball Cards 2015 Panini Prizm,Stephen Curry [Mojo Prizm] #170,$7.95,,,$670.00,$1900.00,,,,,,,$1.80,$8.79,,,,,,3,,,,,2015-12-02
130552,Basketball Cards 2015 Panini Prizm,Stephen Curry [Mojo Prizm] #364,,,,$165.52,$182.00,,,,,,,,,,,,,,1,,,,,2015-12-02
3638838,Basketball Cards 2015 Panini Prizm,Stephen Curry [Mojo Prizm] #377,,,,$896.98,$987.00,,,,,,,,,,,,,,4,,,,,2015-12-02
130738,Basketball Cards 2015 Panini Prizm,Stephen Curry [Mojo Prizm] #400,,,,$360.00,$396.00,$1063.50,$1383.00,$638.00,$638.00,,,,,,,,,,2,,,,,2015-12-02
129955,Basketball Cards 2015 Panini Prizm,Stephen Curry [Orange Prizm] #170,$325.29,,$202.55,$610.00,$599.00,$611.04,$794.00,$367.00,$367.00,,,$179.00,$358.00,,,$111.50,$223.00,,5,,,,,2015-12-02
3638641,Basketball Cards 2015 Panini Prizm,Stephen Curry [Orange Prizm] #364,$19.99,,,,$188.21,$190.50,$248.00,$114.00,$114.00,,,$6.60,$21.99,,,,,,3,,,,,2015-12-02
130628,Basketball Cards 2015 Panini Prizm,Stephen Curry [Orange Prizm] #377,$147.73,,$48.00,,,$330.00,$429.00,$198.00,$198.00,,,$81.50,$163.00,,,$21.20,$52.99,,3,,,,,2015-12-02
130739,Basketball Cards 2015 Panini Prizm,Stephen Curry [Orange Prizm] #400,$202.07,,$35.00,$317.99,$331.00,$338.11,$440.00,$203.00,$203.00,,,$111.00,$222.00,,,$15.60,$38.99,,5,,,,,2015-12-02
129956,Basketball Cards 2015 Panini Prizm,Stephen Curry [Orange Wave Prizm] #170,$59.85,,$50.37,$61.50,$68.00,$291.95,$380.00,$175.00,$175.00,,,$26.40,$65.99,,,$22.00,$54.99,,7,,,,,2015-12-02
130553,Basketball Cards 2015 Panini Prizm,Stephen Curry [Orange Wave Prizm] #364,$21.50,,,$32.40,$103.00,$105.29,$137.00,$63.00,$63.00,,,$7.20,$23.99,,,,,,7,,,,,2015-12-02
3638871,Basketball Cards 2015 Panini Prizm,Stephen Curry [Orange Wave Prizm] #377,$22.49,$19.99,,$50.45,$56.00,,,,,,,$7.50,$24.99,$6.60,$21.99,,,,6,,,,,2015-12-02
3638976,Basketball Cards 2015 Panini Prizm,Stephen Curry [Orange Wave Prizm] #400,$25.63,,$41.00,$41.67,$46.00,$98.25,$128.00,$59.00,$59.00,,,$8.40,$27.99,,,$18.00,$44.99,,8,,,,,2015-12-02
129957,Basketball Cards 2015 Panini Prizm,Stephen Curry [Purple Prizm] #170,$81.00,,,$81.00,$89.00,$425.00,$553.00,$255.00,$255.00,,,$35.60,$88.99,,,,,,3,,,,,2015-12-02
130554,Basketball Cards 2015 Panini Prizm,Stephen Curry [Purple Prizm] #364,$63.50,,,$97.75,$108.00,$391.62,$509.00,$235.00,$235.00,,,$28.00,$69.99,,,,,,4,,,,,2015-12-02
130630,Basketball Cards 2015 Panini Prizm,Stephen Curry [Purple Prizm] #377,$14.50,,$99.00,$109.00,$120.00,$276.44,$359.00,$166.00,$166.00,,,$4.00,$15.99,,,$54.50,$109.00,,4,,,,,2015-12-02
130740,Basketball Cards 2015 Panini Prizm,Stephen Curry [Purple Prizm] #400,$122.67,,,$151.65,$263.03,$296.75,$386.00,$178.00,$178.00,,,$67.50,$135.00,,,,,,4,,,,,2015-12-02
129958,Basketball Cards 2015 Panini Prizm,"Stephen Curry [Red, White, and Blue Prizm] #170",$20.49,,$22.05,$39.95,$55.44,$62.00,$81.00,$37.00,$37.00,,,$6.90,$22.99,,,$7.20,$23.99,,15,,,,,2015-12-02
130555,Basketball Cards 2015 Panini Prizm,"Stephen Curry [Red, White, and Blue Prizm] #364",$20.00,,,$59.95,$66.00,$103.03,$134.00,$62.00,$62.00,,,$6.60,$21.99,,,,,,9,,,,,2015-12-02
130631,Basketball Cards 2015 Panini Prizm,"Stephen Curry [Red, White, and Blue Prizm] #377",$20.06,,,$27.52,$30.00,$107.50,$140.00,$65.00,$65.00,,,$6.60,$21.99,,,,,,7,,,,,2015-12-02
130741,Basketball Cards 2015 Panini Prizm,"Stephen Curry [Red, White, and Blue Prizm] #400",$29.50,,$21.54,$45.00,$50.00,$145.00,$189.00,$87.00,$87.00,,,$9.60,$31.99,,,$7.20,$23.99,,17,,,,,2015-12-02
129959,Basketball Cards 2015 Panini Prizm,Stephen Curry [Ruby Wave Prizm] #170,$64.01,,$36.06,$40.00,$44.00,$98.25,$128.00,$59.00,$59.00,,,$28.00,$69.99,,,$16.00,$39.99,,8,,,,,2015-12-02
130556,Basketball Cards 2015 Panini Prizm,Stephen Curry [Ruby Wave Prizm] #364,$30.37,,,$66.29,$73.00,$138.40,$180.00,$83.00,$83.00,,,$9.90,$32.99,,,,,,5,,,,,2015-12-02
130635,Basketball Cards 2015 Panini Prizm,Stephen Curry [Ruby Wave Prizm] #377,$25.00,,,$69.99,$77.00,$152.26,$198.00,$91.00,$91.00,,,$8.40,$27.99,,,,,,7,,,,,2015-12-02
130742,Basketball Cards 2015 Panini Prizm,Stephen Curry [Ruby Wave Prizm] #400,$86.25,$16.00,$19.70,$63.00,$72.00,$290.00,$377.00,$174.00,$174.00,,,$38.00,$94.99,$4.50,$17.99,$6.60,$21.99,,9,,,,,2015-12-02
129960,Basketball Cards 2015 Panini Prizm,Stephen Curry [Silver Prizm] #170,$81.50,,$54.60,$137.50,$277.05,$750.00,$975.00,$450.00,$450.00,,,$36.00,$89.99,,,$24.00,$59.99,,31,,,,,2015-12-02
130557,Basketball Cards 2015 Panini Prizm,Stephen Curry [Silver Prizm] #364,$21.25,,$21.98,$50.00,$121.00,$123.75,$161.00,$74.00,$50.00,,,$6.90,$22.99,,,$7.20,$23.99,,17,,,,,2015-12-02
130634,Basketball Cards 2015 Panini Prizm,Stephen Curry [Silver Prizm] #377,$14.36,,$31.47,$40.00,$44.00,$89.49,$116.00,$54.00,$54.00,,,$4.00,$15.99,,,$10.50,$34.99,,17,,,,,2015-12-02
130743,Basketball Cards 2015 Panini Prizm,Stephen Curry [Silver Prizm] #400,$68.99,,$31.41,$46.72,$87.80,$187.50,$244.00,$113.00,$134.99,,,$30.40,$75.99,,,$10.50,$34.99,,17,,,,,2015-12-02
129961,Basketball Cards 2015 Panini Prizm,Stephen Curry [White Sparkle Prizm] #170,,,$2025.00,,,,,,,,,,,,,$1336.80,$2228.00,,1,,,,,2015-12-02
130558,Basketball Cards 2015 Panini Prizm,Stephen Curry [White Sparkle Prizm] #364,,,,,,$2000.00,$2600.00,$1200.00,$1200.00,,,,,,,,,,1,,,,,2015-12-02
130636,Basketball Cards 2015 Panini Prizm,Stephen Curry [White Sparkle Prizm] #377,,,,$243.50,$268.00,,,,,,,,,,,,,,1,,,,,2015-12-02
130744,Basketball Cards 2015 Panini Prizm,Stephen Curry [White Sparkle Prizm] #400,$240.49,,$565.00,$622.00,$684.00,,,,,,,$132.50,$265.00,,,$373.20,$622.00,,3,,,,,2015-12-02
3634714,Basketball Cards 2015 Panini Prizm,Steve Francis #269,$1.60,,,,,,,,,,,,$1.79,,,,,,2,,,,,2015-12-02
12272642,Basketball Cards 2015 Panini Prizm,Steve Francis [Black Prizm] #269,,,,,,,,,,,,,,,,,,,0,,,,,2015-12-02
3635031,Basketball Cards 2015 Panini Prizm,Steve Francis [Flash Prizm] #269,$1.99,,,,,,,,,,,,$2.19,,,,,,1,,,,,2015-12-02
3635296,Basketball Cards 2015 Panini Prizm,Steve Francis [Gold Prizm] #269,,,,,,,,,,,,,,,,,,,0,,,,,2015-12-02
3635571,Basketball Cards 2015 Panini Prizm,Steve Francis [Green Prizm] #269,$3.05,,,,,,,,,,,,$3.39,,,,,,1,,,,,2015-12-02
3635828,Basketball Cards 2015 Panini Prizm,Steve Francis [Light Blue Prizm] #269,$2.52,,,,,,,,,,,,$2.79,,,,,,2,,,,,2015-12-02
3636091,Basketball Cards 2015 Panini Prizm,Steve Francis [Mojo Prizm] #269,,,,,,,,,,,,,,,,,,,0,,,,,2015-12-02
3636361,Basketball Cards 2015 Panini Prizm,Steve Francis [Orange Prizm] #269,$7.37,,,,,,,,,,,$1.60,$8.09,,,,,,1,,,,,2015-12-02
3636640,Basketball Cards 2015 Panini Prizm,Steve Francis [Orange Wave Prizm] #269,$1.65,,,,,,,,,,,,$1.79,,,,,,1,,,,,2015-12-02
3636918,Basketball Cards 2015 Panini Prizm,Steve Francis [Purple Prizm] #269,$4.31,,,,,,,,,,,$0.90,$4.69,,,,,,1,,,,,2015-12-02
3637178,Basketball Cards 2015 Panini Prizm,"Steve Francis [Red, White, and Blue Prizm] #269",$2.12,,,,,,,,,,,,$2.29,,,,,,1,,,,,2015-12-02
3637443,Basketball Cards 2015 Panini Prizm,Steve Francis [Ruby Wave Prizm] #269,$2.84,,,,,,,,,,,,$3.09,,,,,,3,,,,,2015-12-02
130124,Basketball Cards 2015 Panini Prizm,Steve Francis [Silver Prizm] #269,$1.89,,$2.25,$11.08,$12.00,$13.00,$17.00,$8.00,$8.00,,,,$2.09,,,,$2.49,,5,,,,,2015-12-02
3638179,Basketball Cards 2015 Panini Prizm,Steve Francis [White Sparkle Prizm] #269,$14.34,,,$50.00,$55.00,,,,,,,$4.00,$15.99,,,,,,2,,,,,2015-12-02
3634695,Basketball Cards 2015 Panini Prizm,Steve Nash #246,$1.99,,$2.63,$3.12,$3.00,$10.51,$14.00,$6.00,$6.00,,,,$2.19,,,,$2.89,,4,,,,,2015-12-02
12272595,Basketball Cards 2015 Panini Prizm,Steve Nash [Black Prizm] #246,,,,,,,,,,,,,,,,,,,0,,,,,2015-12-02
3635013,Basketball Cards 2015 Panini Prizm,Steve Nash [Flash Prizm] #246,$2.72,,,,,,,,,,,,$2.99,,,,,,1,,,,,2015-12-02
3635273,Basketball Cards 2015 Panini Prizm,Steve Nash [Gold Prizm] #246,,,$999.99,$1100.00,$1100.00,,,,,,,,,,,$660.00,$1100.00,,4,,,,,2015-12-02
3635550,Basketball Cards 2015 Panini Prizm,Steve Nash [Green Prizm] #246,$4.00,,,,,,,,,,,$0.90,$4.39,,,,,,1,,,,,2015-12-02
3635806,Basketball Cards 2015 Panini Prizm,Steve Nash [Light Blue Prizm] #246,$5.99,,,,,,,,,,,$1.30,$6.59,,,,,,2,,,,,2015-12-02
3636071,Basketball Cards 2015 Panini Prizm,Steve Nash [Mojo Prizm] #246,,,,,,$182.50,$237.00,$110.00,$110.00,,,,,,,,,,1,,,,,2015-12-02
3636340,Basketball Cards 2015 Panini Prizm,Steve Nash [Orange Prizm] #246,$8.99,,,,,,,,,,,$2.00,$9.89,,,,,,1,,,,,2015-12-02
3636618,Basketball Cards 2015 Panini Prizm,Steve Nash [Orange Wave Prizm] #246,$7.00,,,,,,,,,,,$1.50,$7.69,,,,,,1,,,,,2015-12-02
3636895,Basketball Cards 2015 Panini Prizm,Steve Nash [Purple Prizm] #246,$6.00,,,$35.00,$39.00,,,,,,,$1.30,$6.59,,,,,,2,,,,,2015-12-02
3637161,Basketball Cards 2015 Panini Prizm,"Steve Nash [Red, White, and Blue Prizm] #246",$2.34,,,,,,,,,,,,$2.59,,,,,,1,,,,,2015-12-02
3637423,Basketball Cards 2015 Panini Prizm,Steve Nash [Ruby Wave Prizm] #246,$2.94,,,,,,,,,,,,$3.19,,,,,,3,,,,,2015-12-02
130071,Basketball Cards 2015 Panini Prizm,Steve Nash [Silver Prizm] #246,$2.61,,,$11.50,$13.00,$37.00,$48.00,$22.00,$22.00,,,,$2.89,,,,,,4,,,,,2015-12-02
3638160,Basketball Cards 2015 Panini Prizm,Steve Nash [White Sparkle Prizm] #246,,,,,,,,,,,,,,,,,,,0,,,,,2015-12-02
3634603,Basketball Cards 2015 Panini Prizm,Steven Adams #146,$1.39,,$1.99,,,,,,,,,,$1.49,,,,$2.19,,2,,,,,2015-12-02
12272428,Basketball Cards 2015 Panini Prizm,Steven Adams [Black Prizm] #146,,,,,,,,,,,,,,,,,,,0,,,,,2015-12-02
129926,Basketball Cards 2015 Panini Prizm,Steven Adams [Flash Prizm] #146,$1.25,,,$5.50,$6.00,,,,,,,,$1.39,,,,,,2,,,,,2015-12-02
3635187,Basketball Cards 2015 Panini Prizm,Steven Adams [Gold Prizm] #146,$204.50,,,,,,,,,,,$112.50,$225.00,,,,,,1,,,,,2015-12-02
3635457,Basketball Cards 2015 Panini Prizm,Steven Adams [Green Prizm] #146,$1.96,,,,,,,,,,,,$2.19,,,,,,1,,,,,2015-12-02
3635719,Basketball Cards 2015 Panini Prizm,Steven Adams [Light Blue Prizm] #146,$5.57,,,,,,,,,,,$1.20,$6.09,,,,,,1,,,,,2015-12-02
129927,Basketball Cards 2015 Panini Prizm,Steven Adams [Mojo Prizm] #146,$6.50,,,,,,,,,,,$1.40,$7.19,,,,,,1,,,,,2015-12-02
3636252,Basketball Cards 2015 Panini Prizm,Steven Adams [Orange Prizm] #146,$5.25,,,,,,,,,,,$1.20,$5.79,,,,,,1,,,,,2015-12-02
3636524,Basketball Cards 2015 Panini Prizm,Steven Adams [Orange Wave Prizm] #146,$2.64,,,,,,,,,,,,$2.89,,,,,,1,,,,,2015-12-02
3636803,Basketball Cards 2015 Panini Prizm,Steven Adams [Purple Prizm] #146,$6.60,,,,,,,,,,,$1.50,$7.29,,,,,,1,,,,,2015-12-02
3637073,Basketball Cards 2015 Panini Prizm,"Steven Adams [Red, White, and Blue Prizm] #146",$1.79,,,,,,,,,,,,$1.99,,,,,,2,,,,,2015-12-02
3637332,Basketball Cards 2015 Panini Prizm,Steven Adams [Ruby Wave Prizm] #146,$2.68,,,,,,,,,,,,$2.99,,,,,,1,,,,,2015-12-02
129928,Basketball Cards 2015 Panini Prizm,Steven Adams [Silver Prizm] #146,$1.99,,,$16.23,$18.00,,,,,,,,$2.19,,,,,,3,,,,,2015-12-02
3638069,Basketball Cards 2015 Panini Prizm,Steven Adams [White Sparkle Prizm] #146,,,,,,,,,,,,,,,,,,,0,,,,,2015-12-02
3634587,Basketball Cards 2015 Panini Prizm,T.J. Warren #129,$0.25,,,,,,,,,,,,$0.99,,,,,,0,,,,,2015-12-02
12272385,Basketball Cards 2015 Panini Prizm,T.J. Warren [Black Prizm] #129,,,,,,,,,,,,,,,,,,,0,,,,,2015-12-02
3634907,Basketball Cards 2015 Panini Prizm,T.J. Warren [Flash Prizm] #129,$5.13,,,,,,,,,,,$1.10,$5.59,,,,,,0,,,,,2015-12-02
3635170,Basketball Cards 2015 Panini Prizm,T.J. Warren [Gold Prizm] #129,$98.00,,,,,,,,,,,$54.00,$108.00,,,,,,0,,,,,2015-12-02
3635441,Basketball Cards 2015 Panini Prizm,T.J. Warren [Green Prizm] #129,$3.42,,,,,,,,,,,$0.80,$3.79,,,,,,0,,,,,2015-12-02
3635704,Basketball Cards 2015 Panini Prizm,T.J. Warren [Light Blue Prizm] #129,$9.97,,,,,,,,,,,$2.80,$10.99,,,,,,1,,,,,2015-12-02
3635967,Basketball Cards 2015 Panini Prizm,T.J. Warren [Mojo Prizm] #129,,,,,,,,,,,,,,,,,,,0,,,,,2015-12-02
3636236,Basketball Cards 2015 Panini Prizm,T.J. Warren [Orange Prizm] #129,$9.00,,,,,,,,,,,$2.00,$9.89,,,,,,1,,,,,2015-12-02
3636508,Basketball Cards 2015 Panini Prizm,T.J. Warren [Orange Wave Prizm] #129,$5.02,,,,,,,,,,,$1.10,$5.49,,,,,,1,,,,,2015-12-02
3636789,Basketball Cards 2015 Panini Prizm,T.J. Warren [Purple Prizm] #129,$2.99,,,,,,,,,,,,$3.29,,,,,,1,,,,,2015-12-02
3637058,Basketball Cards 2015 Panini Prizm,"T.J. Warren [Red, White, and Blue Prizm] #129",$1.89,,,,,,,,,,,,$2.09,,,,,,1,,,,,2015-12-02
3379558,Basketball Cards 2015 Panini Prizm,T.J. Warren [Ruby Wave Prizm] #129,$3.83,,,,,,,,,,,$0.80,$4.19,,,,,,1,,,,,2015-12-02
129898,Basketball Cards 2015 Panini Prizm,T.J. Warren [Silver Prizm] #129,$4.99,,,,,$4.80,$6.00,$3.00,$3.00,,,$1.10,$5.49,,,,,,2,,,,,2015-12-02
3638056,Basketball Cards 2015 Panini Prizm,T.J. Warren [White Sparkle Prizm] #129,$17.49,,$21.50,,,,,,,,,$4.80,$18.99,,,$7.20,$23.99,,1,,,,,2015-12-02
3634645,Basketball Cards 2015 Panini Prizm,Taj Gibson #193,$1.23,,,,,,,,,,,,$1.39,,,,,,1,,,,,2015-12-02
12272563,Basketball Cards 2015 Panini Prizm,Taj Gibson [Black Prizm] #193,,,,,,,,,,,,,,,,,,,0,,,,,2015-12-02
3634965,Basketball Cards 2015 Panini Prizm,Taj Gibson [Flash Prizm] #193,$0.25,,,,,,,,,,,,$0.99,,,,,,0,,,,,2015-12-02
3635227,Basketball Cards 2015 Panini Prizm,Taj Gibson [Gold Prizm] #193,$42.75,,,,,,,,,,,$18.80,$46.99,,,,,,1,,,,,2015-12-02
3635500,Basketball Cards 2015 Panini Prizm,Taj Gibson [Green Prizm] #193,$1.35,,,,,,,,,,,,$1.49,,,,,,1,,,,,2015-12-02
3635759,Basketball Cards 2015 Panini Prizm,Taj Gibson [Light Blue Prizm] #193,$0.99,,,,,,,,,,,,$1.09,,,,,,1,,,,,2015-12-02
3636022,Basketball Cards 2015 Panini Prizm,Taj Gibson [Mojo Prizm] #193,$5.99,,,,,,,,,,,$1.30,$6.59,,,,,,1,,,,,2015-12-02
3636296,Basketball Cards 2015 Panini Prizm,Taj Gibson [Orange Prizm] #193,$2.73,,,,,,,,,,,,$2.99,,,,,,1,,,,,2015-12-02
3636567,Basketball Cards 2015 Panini Prizm,Taj Gibson [Orange Wave Prizm] #193,$1.35,,,,,,,,,,,,$1.49,,,,,,1,,,,,2015-12-02
3636845,Basketball Cards 2015 Panini Prizm,Taj Gibson [Purple Prizm] #193,$1.40,,,,,,,,,,,,$1.49,,,,,,1,,,,,2015-12-02
3637113,Basketball Cards 2015 Panini Prizm,"Taj Gibson [Red, White, and Blue Prizm] #193",$1.40,,,,,,,,,,,,$1.49,,,,,,1,,,,,2015-12-02
3637375,Basketball Cards 2015 Panini Prizm,Taj Gibson [Ruby Wave Prizm] #193,$1.79,,,,,,,,,,,,$1.99,,,,,,1,,,,,2015-12-02
3637600,Basketball Cards 2015 Panini Prizm,Taj Gibson [Silver Prizm] #193,$2.25,,,,,,,,,,,,$2.49,,,,,,1,,,,,2015-12-02
3638111,Basketball Cards 2015 Panini Prizm,Taj Gibson [White Sparkle Prizm] #193,$23.25,,,,,,,,,,,$7.80,$25.99,,,,,,0,,,,,2015-12-02
3634577,Basketball Cards 2015 Panini Prizm,Tarik Black #117,$1.00,,,,,,,,,,,,$1.09,,,,,,1,,,,,2015-12-02
12272360,Basketball Cards 2015 Panini Prizm,Tarik Black [Black Prizm] #117,,,,,,,,,,,,,,,,,,,0,,,,,2015-12-02
3634897,Basketball Cards 2015 Panini Prizm,Tarik Black [Flash Prizm] #117,$0.25,,,,,,,,,,,,$0.99,,,,,,0,,,,,2015-12-02
3635159,Basketball Cards 2015 Panini Prizm,Tarik Black [Gold Prizm] #117,,,,,,,,,,,,,,,,,,,0,,,,,2015-12-02
3635430,Basketball Cards 2015 Panini Prizm,Tarik Black [Green Prizm] #117,$2.25,,,,,,,,,,,,$2.49,,,,,,1,,,,,2015-12-02
3635694,Basketball Cards 2015 Panini Prizm,Tarik Black [Light Blue Prizm] #117,$2.35,,,,,,,,,,,,$2.59,,,,,,1,,,,,2015-12-02
3635957,Basketball Cards 2015 Panini Prizm,Tarik Black [Mojo Prizm] #117,$13.50,,,,,,,,,,,$3.80,$14.99,,,,,,0,,,,,2015-12-02
3636225,Basketball Cards 2015 Panini Prizm,Tarik Black [Orange Prizm] #117,$1.00,,,,,,,,,,,,$1.09,,,,,,1,,,,,2015-12-02
3636497,Basketball Cards 2015 Panini Prizm,Tarik Black [Orange Wave Prizm] #117,$2.03,,,,,,,,,,,,$2.19,,,,,,0,,,,,2015-12-02
3636778,Basketball Cards 2015 Panini Prizm,Tarik Black [Purple Prizm] #117,$1.66,,,,,,,,,,,,$1.79,,,,,,1,,,,,2015-12-02
3637047,Basketball Cards 2015 Panini Prizm,"Tarik Black [Red, White, and Blue Prizm] #117",$2.84,,,,,,,,,,,,$3.09,,,,,,1,,,,,2015-12-02
3637308,Basketball Cards 2015 Panini Prizm,Tarik Black [Ruby Wave Prizm] #117,$2.00,,,,,,,,,,,,$2.19,,,,,,1,,,,,2015-12-02
3637553,Basketball Cards 2015 Panini Prizm,Tarik Black [Silver Prizm] #117,$1.60,,,,,,,,,,,,$1.79,,,,,,1,,,,,2015-12-02
3638045,Basketball Cards 2015 Panini Prizm,Tarik Black [White Sparkle Prizm] #117,$3.13,,,,,,,,,,,,$3.39,,,,,,1,,,,,2015-12-02
3634640,Basketball Cards 2015 Panini Prizm,Tayshaun Prince #187,$1.25,,,,,,,,,,,,$1.39,,,,,,1,,,,,2015-12-02
12272549,Basketball Cards 2015 Panini Prizm,Tayshaun Prince [Black Prizm] #187,,,,,,,,,,,,,,,,,,,0,,,,,2015-12-02
3634959,Basketball Cards 2015 Panini Prizm,Tayshaun Prince [Flash Prizm] #187,$2.19,,,,,,,,,,,,$2.39,,,,,,0,,,,,2015-12-02
3635221,Basketball Cards 2015 Panini Prizm,Tayshaun Prince [Gold Prizm] #187,$199.99,,,,,,,,,,,$110.00,$220.00,,,,,,1,,,,,2015-12-02
3635494,Basketball Cards 2015 Panini Prizm,Tayshaun Prince [Green Prizm] #187,$1.75,,,,,,,,,,,,$1.89,,,,,,1,,,,,2015-12-02
3635754,Basketball Cards 2015 Panini Prizm,Tayshaun Prince [Light Blue Prizm] #187,$0.99,,,,,,,,,,,,$1.09,,,,,,1,,,,,2015-12-02
3636016,Basketball Cards 2015 Panini Prizm,Tayshaun Prince [Mojo Prizm] #187,$14.99,,,,,,,,,,,$4.00,$15.99,,,,,,1,,,,,2015-12-02
3636291,Basketball Cards 2015 Panini Prizm,Tayshaun Prince [Orange Prizm] #187,$7.43,,,,,,,,,,,$1.60,$8.19,,,,,,1,,,,,2015-12-02
3636562,Basketball Cards 2015 Panini Prizm,Tayshaun Prince [Orange Wave Prizm] #187,$4.09,,,,,,,,,,,$0.90,$4.49,,,,,,1,,,,,2015-12-02
3636840,Basketball Cards 2015 Panini Prizm,Tayshaun Prince [Purple Prizm] #187,$7.14,,,,,,,,,,,$1.60,$7.89,,,,,,1,,,,,2015-12-02
3637108,Basketball Cards 2015 Panini Prizm,"Tayshaun Prince [Red, White, and Blue Prizm] #187",$1.27,,,,,,,,,,,,$1.39,,,,,,2,,,,,2015-12-02
3637369,Basketball Cards 2015 Panini Prizm,Tayshaun Prince [Ruby Wave Prizm] #187,$1.74,,,,,,,,,,,,$1.89,,,,,,4,,,,,2015-12-02
3637596,Basketball Cards 2015 Panini Prizm,Tayshaun Prince [Silver Prizm] #187,$2.95,,,,,$15.00,$20.00,$9.00,$9.00,,,,$3.29,,,,,,4,,,,,2015-12-02
3638105,Basketball Cards 2015 Panini Prizm,Tayshaun Prince [White Sparkle Prizm] #187,$23.60,,,,,,,,,,,$7.80,$25.99,,,,,,1,,,,,2015-12-02
3634756,Basketball Cards 2015 Panini Prizm,Terran Petteway #327,$1.39,,,,,,,,,,,,$1.49,,,,,,1,,,,,2015-12-02
12272488,Basketball Cards 2015 Panini Prizm,Terran Petteway [Black Prizm] #327,,,,,,,,,,,,,,,,,,,0,,,,,2015-12-02
3638225,Basketball Cards 2015 Panini Prizm,Terran Petteway [Flash Prizm] #327,$2.99,,,,,,,,,,,,$3.29,,,,,,1,,,,,2015-12-02
3638254,Basketball Cards 2015 Panini Prizm,Terran Petteway [Gold Prizm] #327,,$20.75,,,,,,,,,,,,$6.90,$22.99,,,,1,,,,,2015-12-02
3638287,Basketball Cards 2015 Panini Prizm,Terran Petteway [Green Prizm] #327,$2.99,,,,,,,,,,,,$3.29,,,,,,1,,,,,2015-12-02
3638314,Basketball Cards 2015 Panini Prizm,Terran Petteway [Light Blue Prizm] #327,$2.29,,,,,,,,,,,,$2.49,,,,,,1,,,,,2015-12-02
3638341,Basketball Cards 2015 Panini Prizm,Terran Petteway [Mojo Prizm] #327,$43.21,,,,,,,,,,,$19.20,$47.99,,,,,,0,,,,,2015-12-02
3638359,Basketball Cards 2015 Panini Prizm,Terran Petteway [Orange Prizm] #327,$13.57,,,,,,,,,,,$3.80,$14.99,,,,,,1,,,,,2015-12-02
3638385,Basketball Cards 2015 Panini Prizm,Terran Petteway [Orange Wave Prizm] #327,$0.25,,,,,,,,,,,,$0.99,,,,,,0,,,,,2015-12-02
3638416,Basketball Cards 2015 Panini Prizm,Terran Petteway [Purple Prizm] #327,$3.99,,,,,,,,,,,$0.90,$4.39,,,,,,1,,,,,2015-12-02
3638442,Basketball Cards 2015 Panini Prizm,"Terran Petteway [Red, White, and Blue Prizm] #327",$2.13,,,,,,,,,,,,$2.29,,,,,,1,,,,,2015-12-02
3638466,Basketball Cards 2015 Panini Prizm,Terran Petteway [Ruby Wave Prizm] #327,$1.00,,,,,,,,,,,,$1.09,,,,,,1,,,,,2015-12-02
130344,Basketball Cards 2015 Panini Prizm,Terran Petteway [Silver Prizm] #327,$1.50,,,,,,,,,,,,$1.69,,,,,,1,,,,,2015-12-02
3638535,Basketball Cards 2015 Panini Prizm,Terran Petteway [White Sparkle Prizm] #327,,,,,,,,,,,,,,,,,,,0,,,,,2015-12-02
3634617,Basketball Cards 2015 Panini Prizm,Terrence Ross #161,$1.40,,,,,,,,,,,,$1.49,,,,,,1,,,,,2015-12-02
12272484,Basketball Cards 2015 Panini Prizm,Terrence Ross [Black Prizm] #161,,,,,,,,,,,,,,,,,,,0,,,,,2015-12-02
3634936,Basketball Cards 2015 Panini Prizm,Terrence Ross [Flash Prizm] #161,$0.99,,,,,,,,,,,,$1.09,,,,,,1,,,,,2015-12-02
3635199,Basketball Cards 2015 Panini Prizm,Terrence Ross [Gold Prizm] #161,,,,,,,,,,,,,,,,,,,0,,,,,2015-12-02
3635472,Basketball Cards 2015 Panini Prizm,Terrence Ross [Green Prizm] #161,$2.83,,,,,,,,,,,,$3.09,,,,,,0,,,,,2015-12-02
3635733,Basketball Cards 2015 Panini Prizm,Terrence Ross [Light Blue Prizm] #161,$1.00,,,,,,,,,,,,$1.09,,,,,,1,,,,,2015-12-02
3635997,Basketball Cards 2015 Panini Prizm,Terrence Ross [Mojo Prizm] #161,$3.20,,,,,,,,,,,,$3.49,,,,,,1,,,,,2015-12-02
3636267,Basketball Cards 2015 Panini Prizm,Terrence Ross [Orange Prizm] #161,$2.50,,,,,,,,,,,,$2.79,,,,,,1,,,,,2015-12-02
3636539,Basketball Cards 2015 Panini Prizm,Terrence Ross [Orange Wave Prizm] #161,$2.49,,,,,,,,,,,,$2.69,,,,,,1,,,,,2015-12-02
3636818,Basketball Cards 2015 Panini Prizm,Terrence Ross [Purple Prizm] #161,$2.27,,,,,,,,,,,,$2.49,,,,,,1,,,,,2015-12-02
3637087,Basketball Cards 2015 Panini Prizm,"Terrence Ross [Red, White, and Blue Prizm] #161",$0.25,,,,,,,,,,,,$0.99,,,,,,0,,,,,2015-12-02
3637346,Basketball Cards 2015 Panini Prizm,Terrence Ross [Ruby Wave Prizm] #161,$1.51,,,,,,,,,,,,$1.69,,,,,,3,,,,,2015-12-02
3637580,Basketball Cards 2015 Panini Prizm,Terrence Ross [Silver Prizm] #161,$0.25,,,,,,,,,,,,$0.99,,,,,,0,,,,,2015-12-02
3638083,Basketball Cards 2015 Panini Prizm,Terrence Ross [White Sparkle Prizm] #161,$2.73,,,,,,,,,,,,$2.99,,,,,,1,,,,,2015-12-02
130433,Basketball Cards 2015 Panini Prizm,Terry Rozier #338,$1.38,$5.00,$6.21,$7.00,$14.29,$19.20,$25.00,$12.00,$12.00,,,,$1.49,$1.10,$5.49,$1.40,$6.79,,30,,,,,2015-12-02
12272536,Basketball Cards 2015 Panini Prizm,Terry Rozier [Black Prizm] #338,,,,,,,,,,,,,,,,,,,0,,,,,2015-12-02
130434,Basketball Cards 2015 Panini Prizm,Terry Rozier [Flash Prizm] #338,$4.97,,$11.00,$11.28,$12.00,$130.21,$169.00,$78.00,$78.00,,,$1.10,$5.49,,,$3.00,$11.99,,7,,,,,2015-12-02
3638260,Basketball Cards 2015 Panini Prizm,Terry Rozier [Gold Prizm] #338,,,,$500.00,$585.00,,,,,,,,,,,,,,2,,,,,2015-12-02
130435,Basketball Cards 2015 Panini Prizm,Terry Rozier [Green Prizm] #338,$15.58,,$2.54,$16.98,$19.00,$69.53,$90.00,$42.00,$42.00,,,$4.30,$16.99,,,,$2.79,,9,,,,,2015-12-02
130436,Basketball Cards 2015 Panini Prizm,Terry Rozier [Light Blue Prizm] #338,$12.69,,,,,,,,,,,$3.50,$13.99,,,,,,3,,,,,2015-12-02
130437,Basketball Cards 2015 Panini Prizm,Terry Rozier [Mojo Prizm] #338,,,,,$171.49,,,,,,,,,,,,,,1,,,,,2015-12-02
130438,Basketball Cards 2015 Panini Prizm,Terry Rozier [Orange Prizm] #338,$19.99,,$29.70,,$76.00,$164.00,$213.00,$98.00,$98.00,,,$6.60,$21.99,,,$9.90,$32.99,,4,,,,,2015-12-02
130439,Basketball Cards 2015 Panini Prizm,Terry Rozier [Orange Wave Prizm] #338,$4.00,,,$10.50,$20.50,$55.50,$72.00,$33.00,$33.00,,,$0.90,$4.39,,,,,,5,,,,,2015-12-02
130440,Basketball Cards 2015 Panini Prizm,Terry Rozier [Purple Prizm] #338,$43.97,,,$13.50,$75.00,,,,,,,$19.20,$47.99,,,,,,3,,,,,2015-12-02
130441,Basketball Cards 2015 Panini Prizm,"Terry Rozier [Red, White, and Blue Prizm] #338",$6.29,,$2.55,$28.34,$31.00,$49.99,$65.00,$30.00,$30.00,,,$1.40,$6.89,,,,$2.79,,9,,,,,2015-12-02
130442,Basketball Cards 2015 Panini Prizm,Terry Rozier [Ruby Wave Prizm] #338,$3.25,,,$8.99,$9.00,$9.50,$12.00,$6.00,$6.00,,,,$3.59,,,,,,8,,,,,2015-12-02
130443,Basketball Cards 2015 Panini Prizm,Terry Rozier [Silver Prizm] #338,$3.39,$0.99,$4.38,$11.49,$28.00,$29.00,$38.00,$17.00,$17.00,,,,$3.69,,$1.09,$1.00,$4.79,,16,,,,,2015-12-02
130444,Basketball Cards 2015 Panini Prizm,Terry Rozier [White Sparkle Prizm] #338,$66.47,,,$67.67,$74.00,,,,,,,$29.20,$72.99,,,,,,2,,,,,2015-12-02
3634613,Basketball Cards 2015 Panini Prizm,Thabo Sefolosha #157,$0.99,,,,,,,,,,,,$1.09,,,,,,1,,,,,2015-12-02
12272468,Basketball Cards 2015 Panini Prizm,Thabo Sefolosha [Black Prizm] #157,,,,,,,,,,,,,,,,,,,0,,,,,2015-12-02
3634932,Basketball Cards 2015 Panini Prizm,Thabo Sefolosha [Flash Prizm] #157,$0.25,,,,,,,,,,,,$0.99,,,,,,0,,,,,2015-12-02
129939,Basketball Cards 2015 Panini Prizm,Thabo Sefolosha [Gold Prizm] #157,$20.50,,,$10.50,$12.00,,,,,,,$6.90,$22.99,,,,,,2,,,,,2015-12-02
3635468,Basketball Cards 2015 Panini Prizm,Thabo Sefolosha [Green Prizm] #157,$2.08,,,,,,,,,,,,$2.29,,,,,,0,,,,,2015-12-02
3635729,Basketball Cards 2015 Panini Prizm,Thabo Sefolosha [Light Blue Prizm] #157,$1.44,,,,,,,,,,,,$1.59,,,,,,1,,,,,2015-12-02
3635993,Basketball Cards 2015 Panini Prizm,Thabo Sefolosha [Mojo Prizm] #157,$6.29,,,,,,,,,,,$1.40,$6.89,,,,,,0,,,,,2015-12-02
3636263,Basketball Cards 2015 Panini Prizm,Thabo Sefolosha [Orange Prizm] #157,$3.51,,,,,,,,,,,$0.80,$3.89,,,,,,1,,,,,2015-12-02
3636535,Basketball Cards 2015 Panini Prizm,Thabo Sefolosha [Orange Wave Prizm] #157,$1.13,,,,,,,,,,,,$1.19,,,,,,1,,,,,2015-12-02
3636814,Basketball Cards 2015 Panini Prizm,Thabo Sefolosha [Purple Prizm] #157,$1.39,,,,,,,,,,,,$1.49,,,,,,1,,,,,2015-12-02
3637083,Basketball Cards 2015 Panini Prizm,"Thabo Sefolosha [Red, White, and Blue Prizm] #157",$0.10,,,,,,,,,,,,$0.99,,,,,,1,,,,,2015-12-02
3637342,Basketball Cards 2015 Panini Prizm,Thabo Sefolosha [Ruby Wave Prizm] #157,,,,,,,,,,,,,,,,,,,0,,,,,2015-12-02
3637577,Basketball Cards 2015 Panini Prizm,Thabo Sefolosha [Silver Prizm] #157,$0.25,,,,,,,,,,,,$0.99,,,,,,0,,,,,2015-12-02
3638079,Basketball Cards 2015 Panini Prizm,Thabo Sefolosha [White Sparkle Prizm] #157,$20.09,,,,,,,,,,,$6.60,$21.99,,,,,,0,,,,,2015-12-02
3634624,Basketball Cards 2015 Panini Prizm,Thomas Robinson #168,$1.69,,,,,,,,,,,,$1.89,,,,,,1,,,,,2015-12-02
12272513,Basketball Cards 2015 Panini Prizm,Thomas Robinson [Black Prizm] #168,,,,,,,,,,,,,,,,,,,0,,,,,2015-12-02
3634943,Basketball Cards 2015 Panini Prizm,Thomas Robinson [Flash Prizm] #168,$1.54,,,,,,,,,,,,$1.69,,,,,,1,,,,,2015-12-02
3635206,Basketball Cards 2015 Panini Prizm,Thomas Robinson [Gold Prizm] #168,$42.56,,,,,,,,,,,$18.80,$46.99,,,,,,2,,,,,2015-12-02
3635479,Basketball Cards 2015 Panini Prizm,Thomas Robinson [Green Prizm] #168,$1.93,,,,,,,,,,,,$2.09,,,,,,1,,,,,2015-12-02
3635740,Basketball Cards 2015 Panini Prizm,Thomas Robinson [Light Blue Prizm] #168,$0.99,,,,,,,,,,,,$1.09,,,,,,1,,,,,2015-12-02
3636003,Basketball Cards 2015 Panini Prizm,Thomas Robinson [Mojo Prizm] #168,$6.00,,,,,,,,,,,$1.30,$6.59,,,,,,0,,,,,2015-12-02
3636274,Basketball Cards 2015 Panini Prizm,Thomas Robinson [Orange Prizm] #168,$1.99,,,,,,,,,,,,$2.19,,,,,,1,,,,,2015-12-02
3636546,Basketball Cards 2015 Panini Prizm,Thomas Robinson [Orange Wave Prizm] #168,$1.35,,,,,,,,,,,,$1.49,,,,,,1,,,,,2015-12-02
3636825,Basketball Cards 2015 Panini Prizm,Thomas Robinson [Purple Prizm] #168,$2.55,,,,,,,,,,,,$2.79,,,,,,1,,,,,2015-12-02
3638989,Basketball Cards 2015 Panini Prizm,"Thomas Robinson [Red, White, and Blue Prizm] #168",$1.35,,,,,,,,,,,,$1.49,,,,,,1,,,,,2015-12-02
3637353,Basketball Cards 2015 Panini Prizm,Thomas Robinson [Ruby Wave Prizm] #168,,,,,,,,,,,,,,,,,,,0,,,,,2015-12-02
129948,Basketball Cards 2015 Panini Prizm,Thomas Robinson [Silver Prizm] #168,$0.99,,,,,$9.95,$13.00,$6.00,$6.00,,,,$1.09,,,,,,2,,,,,2015-12-02
3638089,Basketball Cards 2015 Panini Prizm,Thomas Robinson [White Sparkle Prizm] #168,,,,,,,,,,,,,,,,,,,0,,,,,2015-12-02
3634485,Basketball Cards 2015 Panini Prizm,Tiago Splitter #18,$0.99,,,,,,,,,,,,$1.09,,,,,,1,,,,,2015-12-02
12272331,Basketball Cards 2015 Panini Prizm,Tiago Splitter [Black Prizm] #18,,,,,,,,,,,,,,,,,,,0,,,,,2015-12-02
3634810,Basketball Cards 2015 Panini Prizm,Tiago Splitter [Flash Prizm] #18,$2.00,,,,,,,,,,,,$2.19,,,,,,1,,,,,2015-12-02
3635071,Basketball Cards 2015 Panini Prizm,Tiago Splitter [Gold Prizm] #18,,,,,,,,,,,,,,,,,,,0,,,,,2015-12-02
3635338,Basketball Cards 2015 Panini Prizm,Tiago Splitter [Green Prizm] #18,$1.35,,,,,,,,,,,,$1.49,,,,,,1,,,,,2015-12-02
3635612,Basketball Cards 2015 Panini Prizm,Tiago Splitter [Light Blue Prizm] #18,$0.99,,,,,,,,,,,,$1.09,,,,,,1,,,,,2015-12-02
3635871,Basketball Cards 2015 Panini Prizm,Tiago Splitter [Mojo Prizm] #18,$9.43,,,,,,,,,,,$2.00,$9.99,,,,,,0,,,,,2015-12-02
3636138,Basketball Cards 2015 Panini Prizm,Tiago Splitter [Orange Prizm] #18,$2.99,,,,,,,,,,,,$3.29,,,,,,1,,,,,2015-12-02
3636407,Basketball Cards 2015 Panini Prizm,Tiago Splitter [Orange Wave Prizm] #18,$3.69,,,,,,,,,,,$0.80,$4.09,,,,,,0,,,,,2015-12-02
3636686,Basketball Cards 2015 Panini Prizm,Tiago Splitter [Purple Prizm] #18,$1.50,,,,,,,,,,,,$1.69,,,,,,1,,,,,2015-12-02
3636962,Basketball Cards 2015 Panini Prizm,"Tiago Splitter [Red, White, and Blue Prizm] #18",$0.25,,,,,,,,,,,,$0.99,,,,,,0,,,,,2015-12-02
3637219,Basketball Cards 2015 Panini Prizm,Tiago Splitter [Ruby Wave Prizm] #18,$1.92,,,,,,,,,,,,$2.09,,,,,,1,,,,,2015-12-02
3637481,Basketball Cards 2015 Panini Prizm,Tiago Splitter [Silver Prizm] #18,$0.99,,,,,,,,,,,,$1.09,,,,,,1,,,,,2015-12-02
3637953,Basketball Cards 2015 Panini Prizm,Tiago Splitter [White Sparkle Prizm] #18,,,,,,,,,,,,,,,,,,,0,,,,,2015-12-02
3634775,Basketball Cards 2015 Panini Prizm,Tim Duncan #367,$1.43,,$5.50,$6.00,$7.00,$26.99,$35.00,$16.00,$16.00,,,,$1.59,,,$1.20,$6.09,,6,,,,,2015-12-02
3634783,Basketball Cards 2015 Panini Prizm,Tim Duncan #386,$1.99,,$2.25,$5.50,$6.00,$26.99,$35.00,$16.00,$16.00,,,,$2.19,,,,$2.49,,7,,,,,2015-12-02
3634792,Basketball Cards 2015 Panini Prizm,Tim Duncan #399,$1.39,,,$3.99,$4.00,$24.99,$32.00,$15.00,$15.00,,,,$1.49,,,,,,4,,,,,2015-12-02
129775,Basketball Cards 2015 Panini Prizm,Tim Duncan #51,$1.49,,,$4.89,$5.00,$19.40,$25.00,$12.00,$12.00,,,,$1.59,,,,,,8,,,,,2015-12-02
12272622,Basketball Cards 2015 Panini Prizm,Tim Duncan [Black Prizm] #367,,,,,,,,,,,,,,,,,,,0,,,,,2015-12-02
12272661,Basketball Cards 2015 Panini Prizm,Tim Duncan [Black Prizm] #386,,,,,,,,,,,,,,,,,,,0,,,,,2015-12-02
12272720,Basketball Cards 2015 Panini Prizm,Tim Duncan [Black Prizm] #399,,,,,,,,,,,,,,,,,,,0,,,,,2015-12-02
12272396,Basketball Cards 2015 Panini Prizm,Tim Duncan [Black Prizm] #51,,,,,,,,,,,,,,,,,,,0,,,,,2015-12-02
130560,Basketball Cards 2015 Panini Prizm,Tim Duncan [Flash Prizm] #367,$3.17,,,,,$39.99,$52.00,$24.00,$24.00,,,,$3.49,,,,,,3,,,,,2015-12-02
3638780,Basketball Cards 2015 Panini Prizm,Tim Duncan [Flash Prizm] #386,$2.08,,,,,$22.99,$30.00,$14.00,$14.00,,,,$2.29,,,,,,2,,,,,2015-12-02
130727,Basketball Cards 2015 Panini Prizm,Tim Duncan [Flash Prizm] #399,$4.51,,,,,$18.81,$24.00,$11.00,$11.00,,,$1.00,$4.99,,,,,,2,,,,,2015-12-02
129776,Basketball Cards 2015 Panini Prizm,Tim Duncan [Flash Prizm] #51,$1.36,,,$13.33,$15.00,$42.16,$55.00,$25.00,$25.00,,,,$1.49,,,,,,3,,,,,2015-12-02
130561,Basketball Cards 2015 Panini Prizm,Tim Duncan [Gold Prizm] #367,,,,$307.21,$338.00,,,,,,,,,,,,,,1,,,,,2015-12-02
3638796,Basketball Cards 2015 Panini Prizm,Tim Duncan [Gold Prizm] #386,,,,,,$402.00,$523.00,$241.00,$241.00,,,,,,,,,,1,,,,,2015-12-02
3638808,Basketball Cards 2015 Panini Prizm,Tim Duncan [Gold Prizm] #399,$599.00,,,,,,,,,,,$395.40,$659.00,,,,,,0,,,,,2015-12-02
3635100,Basketball Cards 2015 Panini Prizm,Tim Duncan [Gold Prizm] #51,,,,,,$2175.00,$2828.00,$1305.00,$1305.00,,,,,,,,,,1,,,,,2015-12-02
130562,Basketball Cards 2015 Panini Prizm,Tim Duncan [Green Prizm] #367,$2.96,,,,,,,,,,,,$3.29,,,,,,1,,,,,2015-12-02
130668,Basketball Cards 2015 Panini Prizm,Tim Duncan [Green Prizm] #386,$6.43,,,,,,,,,,,$1.40,$7.09,,,,,,1,,,,,2015-12-02
3638825,Basketball Cards 2015 Panini Prizm,Tim Duncan [Green Prizm] #399,$1.25,,,,,$59.95,$78.00,$36.00,$36.00,,,,$1.39,,,,,,3,,,,,2015-12-02
129777,Basketball Cards 2015 Panini Prizm,Tim Duncan [Green Prizm] #51,$3.37,,,,$45.95,$62.06,$81.00,$37.00,$37.00,,,,$3.69,,,,,,3,,,,,2015-12-02
3638612,Basketball Cards 2015 Panini Prizm,Tim Duncan [Light Blue Prizm] #367,$4.69,,$15.95,,,$46.77,$61.00,$28.00,$28.00,,,$1.00,$5.19,,,$4.50,$17.99,,4,,,,,2015-12-02
3638831,Basketball Cards 2015 Panini Prizm,Tim Duncan [Light Blue Prizm] #386,$8.99,,,,,,,,,,,$2.00,$9.89,,,,,,2,,,,,2015-12-02
130728,Basketball Cards 2015 Panini Prizm,Tim Duncan [Light Blue Prizm] #399,$4.54,,,$14.50,$16.00,$71.00,$92.00,$43.00,$43.00,,,$1.00,$4.99,,,,,,4,,,,,2015-12-02
3179263,Basketball Cards 2015 Panini Prizm,Tim Duncan [Light Blue Prizm] #51,$3.43,,,$20.00,$22.00,$74.14,$96.00,$44.00,$44.00,,,$0.80,$3.79,,,,,,4,,,,,2015-12-02
3638627,Basketball Cards 2015 Panini Prizm,Tim Duncan [Mojo Prizm] #367,,,,,,,,,,,,,,,,,,,0,,,,,2015-12-02
3638846,Basketball Cards 2015 Panini Prizm,Tim Duncan [Mojo Prizm] #386,,,,,,,,,,,,,,,,,,,0,,,,,2015-12-02
3638855,Basketball Cards 2015 Panini Prizm,Tim Duncan [Mojo Prizm] #399,,,,,,,,,,,,,,,,,,,0,,,,,2015-12-02
3635903,Basketball Cards 2015 Panini Prizm,Tim Duncan [Mojo Prizm] #51,$40.00,,,,,,,,,,,$17.60,$43.99,,,,,,1,,,,,2015-12-02
3638644,Basketball Cards 2015 Panini Prizm,Tim Duncan [Orange Prizm] #367,$18.69,,,,,$60.00,$78.00,$36.00,$36.00,,,$6.30,$20.99,,,,,,2,,,,,2015-12-02
3638861,Basketball Cards 2015 Panini Prizm,Tim Duncan [Orange Prizm] #386,$12.19,,,,,,,,,,,$3.30,$12.99,,,,,,1,,,,,2015-12-02
130729,Basketball Cards 2015 Panini Prizm,Tim Duncan [Orange Prizm] #399,$3.83,,,$30.76,$34.00,$88.00,$114.00,$53.00,$53.00,,,$0.80,$4.19,,,,,,3,,,,,2015-12-02
3168454,Basketball Cards 2015 Panini Prizm,Tim Duncan [Orange Prizm] #51,$20.73,,,$69.99,$77.00,,,,,,,$6.90,$22.99,,,,,,2,,,,,2015-12-02
3638661,Basketball Cards 2015 Panini Prizm,Tim Duncan [Orange Wave Prizm] #367,$1.58,,,,,,,,,,,,$1.69,,,,,,2,,,,,2015-12-02
3638879,Basketball Cards 2015 Panini Prizm,Tim Duncan [Orange Wave Prizm] #386,$3.99,,,,,,,,,,,$0.90,$4.39,,,,,,1,,,,,2015-12-02
3638889,Basketball Cards 2015 Panini Prizm,Tim Duncan [Orange Wave Prizm] #399,$3.00,,,,,,,,,,,,$3.29,,,,,,1,,,,,2015-12-02
129778,Basketball Cards 2015 Panini Prizm,Tim Duncan [Orange Wave Prizm] #51,$4.25,,,$50.00,$55.00,,,,,,,$0.90,$4.69,,,,,,2,,,,,2015-12-02
3638680,Basketball Cards 2015 Panini Prizm,Tim Duncan [Purple Prizm] #367,$35.75,,,,,,,,,,,$15.60,$38.99,,,,,,1,,,,,2015-12-02
3638898,Basketball Cards 2015 Panini Prizm,Tim Duncan [Purple Prizm] #386,$3.92,,,,,,,,,,,$0.90,$4.29,,,,,,1,,,,,2015-12-02
3638908,Basketball Cards 2015 Panini Prizm,Tim Duncan [Purple Prizm] #399,$16.04,,,,,,,,,,,$4.50,$17.99,,,,,,2,,,,,2015-12-02
3636718,Basketball Cards 2015 Panini Prizm,Tim Duncan [Purple Prizm] #51,$169.99,,,$45.00,$50.00,$125.00,$163.00,$75.00,$75.00,,,$93.50,$187.00,,,,,,3,,,,,2015-12-02
130563,Basketball Cards 2015 Panini Prizm,"Tim Duncan [Red, White, and Blue Prizm] #367",$3.67,,,$13.78,$15.00,$26.97,$35.00,$16.00,$16.00,,,$0.80,$3.99,,,,,,3,,,,,2015-12-02
3638914,Basketball Cards 2015 Panini Prizm,"Tim Duncan [Red, White, and Blue Prizm] #386",$1.55,,,$15.28,$17.00,,,,,,,,$1.69,,,,,,4,,,,,2015-12-02
130730,Basketball Cards 2015 Panini Prizm,"Tim Duncan [Red, White, and Blue Prizm] #399",$3.00,,,$15.45,$17.00,$46.00,$60.00,$28.00,$28.00,,,,$3.29,,,,,,4,,,,,2015-12-02
129779,Basketball Cards 2015 Panini Prizm,"Tim Duncan [Red, White, and Blue Prizm] #51",$3.65,,,$18.95,$21.00,$44.95,$58.00,$27.00,$27.00,,,$0.80,$3.99,,,,,,6,,,,,2015-12-02
3638716,Basketball Cards 2015 Panini Prizm,Tim Duncan [Ruby Wave Prizm] #367,$9.13,,,,,,,,,,,$2.00,$9.99,,,,,,2,,,,,2015-12-02
130669,Basketball Cards 2015 Panini Prizm,Tim Duncan [Ruby Wave Prizm] #386,$4.05,,,$20.00,$22.00,$39.99,$52.00,$24.00,$24.00,,,$0.90,$4.49,,,,,,4,,,,,2015-12-02
130731,Basketball Cards 2015 Panini Prizm,Tim Duncan [Ruby Wave Prizm] #399,$7.85,,,$17.44,$19.00,$39.00,$51.00,$23.00,$23.00,,,$1.70,$8.59,,,,,,4,,,,,2015-12-02
129780,Basketball Cards 2015 Panini Prizm,Tim Duncan [Ruby Wave Prizm] #51,$4.25,,,$31.52,$35.00,,,,,,,$0.90,$4.69,,,,,,2,,,,,2015-12-02
130564,Basketball Cards 2015 Panini Prizm,Tim Duncan [Silver Prizm] #367,$2.50,,,$14.25,$23.89,$30.75,$40.00,$18.00,$18.00,,,,$2.79,,,,,,6,,,,,2015-12-02
130670,Basketball Cards 2015 Panini Prizm,Tim Duncan [Silver Prizm] #386,$1.72,,,$18.95,$21.00,$32.99,$43.00,$20.00,$20.00,,,,$1.89,,,,,,4,,,,,2015-12-02
130732,Basketball Cards 2015 Panini Prizm,Tim Duncan [Silver Prizm] #399,$2.29,,,$15.95,$18.00,$50.00,$65.00,$30.00,$30.00,,,,$2.49,,,,,,4,,,,,2015-12-02
129781,Basketball Cards 2015 Panini Prizm,Tim Duncan [Silver Prizm] #51,$6.12,,$9.89,$24.76,$28.44,$44.39,$58.00,$27.00,$27.00,,,$1.30,$6.69,,,$2.80,$10.99,,15,,,,,2015-12-02
3638769,Basketball Cards 2015 Panini Prizm,Tim Duncan [White Sparkle Prizm] #367,$39.00,,,,,,,,,,,$17.20,$42.99,,,,,,1,,,,,2015-12-02
130671,Basketball Cards 2015 Panini Prizm,Tim Duncan [White Sparkle Prizm] #386,$61.00,,,,,,,,,,,$26.80,$66.99,,,,,,1,,,,,2015-12-02
130733,Basketball Cards 2015 Panini Prizm,Tim Duncan [White Sparkle Prizm] #399,,,,,,$71.00,$92.00,$43.00,$43.00,,,,,,,,,,1,,,,,2015-12-02
129782,Basketball Cards 2015 Panini Prizm,Tim Duncan [White Sparkle Prizm] #51,$364.31,,,,,$600.00,$780.00,$360.00,$360.00,,,$200.50,$401.00,,,,,,2,,,,,2015-12-02
3634700,Basketball Cards 2015 Panini Prizm,Tim Hardaway #252,$1.25,,,$1.88,$2.00,$21.99,$29.00,$13.00,$13.00,,,,$1.39,,,,,,5,,,,,2015-12-02
3634476,Basketball Cards 2015 Panini Prizm,Tim Hardaway Jr. #8,$1.12,,,,,,,,,,,,$1.19,,,,,,1,,,,,2015-12-02
12272317,Basketball Cards 2015 Panini Prizm,Tim Hardaway Jr. [Black Prizm] #8,,,,,,,,,,,,,,,,,,,0,,,,,2015-12-02
3634800,Basketball Cards 2015 Panini Prizm,Tim Hardaway Jr. [Flash Prizm] #8,$0.25,,,,,,,,,,,,$0.99,,,,,,0,,,,,2015-12-02
3635062,Basketball Cards 2015 Panini Prizm,Tim Hardaway Jr. [Gold Prizm] #8,$46.00,,,,,,,,,,,$20.40,$50.99,,,,,,1,,,,,2015-12-02
3635330,Basketball Cards 2015 Panini Prizm,Tim Hardaway Jr. [Green Prizm] #8,$1.86,,,,,,,,,,,,$2.09,,,,,,1,,,,,2015-12-02
3635603,Basketball Cards 2015 Panini Prizm,Tim Hardaway Jr. [Light Blue Prizm] #8,$1.15,,,,,,,,,,,,$1.29,,,,,,1,,,,,2015-12-02
3635861,Basketball Cards 2015 Panini Prizm,Tim Hardaway Jr. [Mojo Prizm] #8,,,,,,,,,,,,,,,,,,,0,,,,,2015-12-02
3636129,Basketball Cards 2015 Panini Prizm,Tim Hardaway Jr. [Orange Prizm] #8,$3.24,,,,,,,,,,,,$3.59,,,,,,1,,,,,2015-12-02
3636397,Basketball Cards 2015 Panini Prizm,Tim Hardaway Jr. [Orange Wave Prizm] #8,$3.11,,,,,,,,,,,,$3.39,,,,,,0,,,,,2015-12-02
3636676,Basketball Cards 2015 Panini Prizm,Tim Hardaway Jr. [Purple Prizm] #8,$2.73,,,,,,,,,,,,$2.99,,,,,,1,,,,,2015-12-02
3636952,Basketball Cards 2015 Panini Prizm,"Tim Hardaway Jr. [Red, White, and Blue Prizm] #8",$0.25,,,,,,,,,,,,$0.99,,,,,,0,,,,,2015-12-02
3637209,Basketball Cards 2015 Panini Prizm,Tim Hardaway Jr. [Ruby Wave Prizm] #8,$1.49,,,,,,,,,,,,$1.59,,,,,,1,,,,,2015-12-02
3637474,Basketball Cards 2015 Panini Prizm,Tim Hardaway Jr. [Silver Prizm] #8,$2.89,,,,,,,,,,,,$3.19,,,,,,1,,,,,2015-12-02
3637943,Basketball Cards 2015 Panini Prizm,Tim Hardaway Jr. [White Sparkle Prizm] #8,$6.89,,,,,,,,,,,$1.50,$7.59,,,,,,1,,,,,2015-12-02
12272606,Basketball Cards 2015 Panini Prizm,Tim Hardaway [Black Prizm] #252,,,,,,,,,,,,,,,,,,,0,,,,,2015-12-02
3635016,Basketball Cards 2015 Panini Prizm,Tim Hardaway [Flash Prizm] #252,$2.27,,,,,,,,,,,,$2.49,,,,,,1,,,,,2015-12-02
3635279,Basketball Cards 2015 Panini Prizm,Tim Hardaway [Gold Prizm] #252,,,,,,,,,,,,,,,,,,,0,,,,,2015-12-02
3635555,Basketball Cards 2015 Panini Prizm,Tim Hardaway [Green Prizm] #252,$1.95,,,,,,,,,,,,$2.19,,,,,,1,,,,,2015-12-02
3635812,Basketball Cards 2015 Panini Prizm,Tim Hardaway [Light Blue Prizm] #252,$5.85,,,,,,,,,,,$1.30,$6.39,,,,,,1,,,,,2015-12-02
130092,Basketball Cards 2015 Panini Prizm,Tim Hardaway [Mojo Prizm] #252,$4.21,,,,,,,,,,,$0.90,$4.59,,,,,,1,,,,,2015-12-02
3636345,Basketball Cards 2015 Panini Prizm,Tim Hardaway [Orange Prizm] #252,$26.99,,,,,,,,,,,$9.00,$29.99,,,,,,0,,,,,2015-12-02
3636623,Basketball Cards 2015 Panini Prizm,Tim Hardaway [Orange Wave Prizm] #252,$2.99,,,,,$29.99,$39.00,$18.00,$18.00,,,,$3.29,,,,,,2,,,,,2015-12-02
3636900,Basketball Cards 2015 Panini Prizm,Tim Hardaway [Purple Prizm] #252,$5.01,,,,,,,,,,,$1.10,$5.49,,,,,,1,,,,,2015-12-02
3637164,Basketball Cards 2015 Panini Prizm,"Tim Hardaway [Red, White, and Blue Prizm] #252",$1.75,,,,,$19.80,$26.00,$12.00,$12.00,,,,$1.89,,,,,,4,,,,,2015-12-02
3637429,Basketball Cards 2015 Panini Prizm,Tim Hardaway [Ruby Wave Prizm] #252,$120.00,,,,,,,,,,,$66.00,$132.00,,,,,,1,,,,,2015-12-02
130091,Basketball Cards 2015 Panini Prizm,Tim Hardaway [Silver Prizm] #252,$1.99,,,$18.64,$21.00,$45.00,$59.00,$27.00,$27.00,,,,$2.19,,,,,,4,,,,,2015-12-02
3638165,Basketball Cards 2015 Panini Prizm,Tim Hardaway [White Sparkle Prizm] #252,,,,,,,,,,,,,,,,,,,0,,,,,2015-12-02
3634630,Basketball Cards 2015 Panini Prizm,Timofey Mozgov #175,$1.25,,,,,,,,,,,,$1.39,,,,,,1,,,,,2015-12-02
12272532,Basketball Cards 2015 Panini Prizm,Timofey Mozgov [Black Prizm] #175,,,,,,,,,,,,,,,,,,,0,,,,,2015-12-02
3634949,Basketball Cards 2015 Panini Prizm,Timofey Mozgov [Flash Prizm] #175,$0.65,,,,,,,,,,,,$0.99,,,,,,1,,,,,2015-12-02
129970,Basketball Cards 2015 Panini Prizm,Timofey Mozgov [Gold Prizm] #175,$29.39,,,,,$285.94,$372.00,$172.00,$172.00,,,$9.60,$31.99,,,,,,2,,,,,2015-12-02
3635485,Basketball Cards 2015 Panini Prizm,Timofey Mozgov [Green Prizm] #175,$2.00,,,,,,,,,,,,$2.19,,,,,,1,,,,,2015-12-02
3635745,Basketball Cards 2015 Panini Prizm,Timofey Mozgov [Light Blue Prizm] #175,$1.52,,,,,,,,,,,,$1.69,,,,,,1,,,,,2015-12-02
3636007,Basketball Cards 2015 Panini Prizm,Timofey Mozgov [Mojo Prizm] #175,$3.25,,,,,,,,,,,,$3.59,,,,,,1,,,,,2015-12-02
3636280,Basketball Cards 2015 Panini Prizm,Timofey Mozgov [Orange Prizm] #175,$1.79,,,,,,,,,,,,$1.99,,,,,,1,,,,,2015-12-02
3636552,Basketball Cards 2015 Panini Prizm,Timofey Mozgov [Orange Wave Prizm] #175,$1.54,,,,,,,,,,,,$1.69,,,,,,1,,,,,2015-12-02
3636830,Basketball Cards 2015 Panini Prizm,Timofey Mozgov [Purple Prizm] #175,$2.56,,,,,,,,,,,,$2.79,,,,,,1,,,,,2015-12-02
3637098,Basketball Cards 2015 Panini Prizm,"Timofey Mozgov [Red, White, and Blue Prizm] #175",$1.13,,,,,,,,,,,,$1.19,,,,,,1,,,,,2015-12-02
3637359,Basketball Cards 2015 Panini Prizm,Timofey Mozgov [Ruby Wave Prizm] #175,$2.11,,,,,,,,,,,,$2.29,,,,,,1,,,,,2015-12-02
3637587,Basketball Cards 2015 Panini Prizm,Timofey Mozgov [Silver Prizm] #175,$1.65,,,,,,,,,,,,$1.79,,,,,,1,,,,,2015-12-02
3638094,Basketball Cards 2015 Panini Prizm,Timofey Mozgov [White Sparkle Prizm] #175,,,,,,,,,,,,,,,,,,,0,,,,,2015-12-02
3634639,Basketball Cards 2015 Panini Prizm,Tobias Harris #186,$1.54,,,,,,,,,,,,$1.69,,,,,,1,,,,,2015-12-02
12272548,Basketball Cards 2015 Panini Prizm,Tobias Harris [Black Prizm] #186,,,,,,,,,,,,,,,,,,,0,,,,,2015-12-02
3634958,Basketball Cards 2015 Panini Prizm,Tobias Harris [Flash Prizm] #186,$1.69,,,,,,,,,,,,$1.89,,,,,,1,,,,,2015-12-02
3635220,Basketball Cards 2015 Panini Prizm,Tobias Harris [Gold Prizm] #186,$31.33,,,,,,,,,,,$10.20,$33.99,,,,,,1,,,,,2015-12-02
3635493,Basketball Cards 2015 Panini Prizm,Tobias Harris [Green Prizm] #186,$1.53,,,,,,,,,,,,$1.69,,,,,,1,,,,,2015-12-02
3635753,Basketball Cards 2015 Panini Prizm,Tobias Harris [Light Blue Prizm] #186,$2.37,,,,,,,,,,,,$2.59,,,,,,1,,,,,2015-12-02
3636015,Basketball Cards 2015 Panini Prizm,Tobias Harris [Mojo Prizm] #186,$13.63,,,,,,,,,,,$3.80,$14.99,,,,,,0,,,,,2015-12-02
3636290,Basketball Cards 2015 Panini Prizm,Tobias Harris [Orange Prizm] #186,$4.49,,,,,,,,,,,$1.00,$4.89,,,,,,1,,,,,2015-12-02
3636561,Basketball Cards 2015 Panini Prizm,Tobias Harris [Orange Wave Prizm] #186,$1.49,,,,,,,,,,,,$1.59,,,,,,1,,,,,2015-12-02
3636839,Basketball Cards 2015 Panini Prizm,Tobias Harris [Purple Prizm] #186,$1.50,,,,,,,,,,,,$1.69,,,,,,1,,,,,2015-12-02
3637107,Basketball Cards 2015 Panini Prizm,"Tobias Harris [Red, White, and Blue Prizm] #186",$0.25,,,,,,,,,,,,$0.99,,,,,,0,,,,,2015-12-02
3637368,Basketball Cards 2015 Panini Prizm,Tobias Harris [Ruby Wave Prizm] #186,$2.78,,,,,,,,,,,,$3.09,,,,,,2,,,,,2015-12-02
3637595,Basketball Cards 2015 Panini Prizm,Tobias Harris [Silver Prizm] #186,$0.01,,,,,,,,,,,,$0.99,,,,,,1,,,,,2015-12-02
3638104,Basketball Cards 2015 Panini Prizm,Tobias Harris [White Sparkle Prizm] #186,$7.50,,,,,,,,,,,$1.70,$8.29,,,,,,1,,,,,2015-12-02
3634657,Basketball Cards 2015 Panini Prizm,Tony Allen #205,$1.40,,,,,,,,,,,,$1.49,,,,,,1,,,,,2015-12-02
3634788,Basketball Cards 2015 Panini Prizm,Tony Allen #392,$1.11,,,,,,,,,,,,$1.19,,,,,,2,,,,,2015-12-02
12272347,Basketball Cards 2015 Panini Prizm,Tony Allen [Black Prizm] #205,,,,,,,,,,,,,,,,,,,0,,,,,2015-12-02
12272667,Basketball Cards 2015 Panini Prizm,Tony Allen [Black Prizm] #392,,,,,,,,,,,,,,,,,,,0,,,,,2015-12-02
3634977,Basketball Cards 2015 Panini Prizm,Tony Allen [Flash Prizm] #205,$1.69,,,,,,,,,,,,$1.89,,,,,,1,,,,,2015-12-02
3638784,Basketball Cards 2015 Panini Prizm,Tony Allen [Flash Prizm] #392,$1.68,,,,,,,,,,,,$1.89,,,,,,1,,,,,2015-12-02
3635238,Basketball Cards 2015 Panini Prizm,Tony Allen [Gold Prizm] #205,,,,,,,,,,,,,,,,,,,0,,,,,2015-12-02
3638801,Basketball Cards 2015 Panini Prizm,Tony Allen [Gold Prizm] #392,,,,,,,,,,,,,,,,,,,0,,,,,2015-12-02
3635512,Basketball Cards 2015 Panini Prizm,Tony Allen [Green Prizm] #205,$2.54,,,,,,,,,,,,$2.79,,,,,,0,,,,,2015-12-02
3638819,Basketball Cards 2015 Panini Prizm,Tony Allen [Green Prizm] #392,$1.27,,,,,,,,,,,,$1.39,,,,,,1,,,,,2015-12-02
3348622,Basketball Cards 2015 Panini Prizm,Tony Allen [Light Blue Prizm] #205,$1.64,,,,,,,,,,,,$1.79,,,,,,1,,,,,2015-12-02
3638833,Basketball Cards 2015 Panini Prizm,Tony Allen [Light Blue Prizm] #392,$2.00,,,,,,,,,,,,$2.19,,,,,,1,,,,,2015-12-02
3636033,Basketball Cards 2015 Panini Prizm,Tony Allen [Mojo Prizm] #205,$15.54,,,,,,,,,,,$4.30,$16.99,,,,,,1,,,,,2015-12-02
3638851,Basketball Cards 2015 Panini Prizm,Tony Allen [Mojo Prizm] #392,,,,,,,,,,,,,,,,,,,0,,,,,2015-12-02
3636305,Basketball Cards 2015 Panini Prizm,Tony Allen [Orange Prizm] #205,$4.81,,,,,,,,,,,$1.10,$5.29,,,,,,1,,,,,2015-12-02
3638865,Basketball Cards 2015 Panini Prizm,Tony Allen [Orange Prizm] #392,$2.60,,,,,,,,,,,,$2.89,,,,,,1,,,,,2015-12-02
3636578,Basketball Cards 2015 Panini Prizm,Tony Allen [Orange Wave Prizm] #205,,,,,,,,,,,,,,,,,,,0,,,,,2015-12-02
3638882,Basketball Cards 2015 Panini Prizm,Tony Allen [Orange Wave Prizm] #392,$4.57,,,,,,,,,,,$1.00,$4.99,,,,,,0,,,,,2015-12-02
3636857,Basketball Cards 2015 Panini Prizm,Tony Allen [Purple Prizm] #205,$2.01,,,,,,,,,,,,$2.19,,,,,,2,,,,,2015-12-02
3638903,Basketball Cards 2015 Panini Prizm,Tony Allen [Purple Prizm] #392,$2.50,,,,,,,,,,,,$2.79,,,,,,1,,,,,2015-12-02
3637125,Basketball Cards 2015 Panini Prizm,"Tony Allen [Red, White, and Blue Prizm] #205",$1.75,,,,,,,,,,,,$1.89,,,,,,1,,,,,2015-12-02
3638917,Basketball Cards 2015 Panini Prizm,"Tony Allen [Red, White, and Blue Prizm] #392",$1.39,,,,,,,,,,,,$1.49,,,,,,1,,,,,2015-12-02
3637386,Basketball Cards 2015 Panini Prizm,Tony Allen [Ruby Wave Prizm] #205,$1.97,,,,,,,,,,,,$2.19,,,,,,1,,,,,2015-12-02
3638930,Basketball Cards 2015 Panini Prizm,Tony Allen [Ruby Wave Prizm] #392,$1.29,,,,,,,,,,,,$1.39,,,,,,1,,,,,2015-12-02
3637607,Basketball Cards 2015 Panini Prizm,Tony Allen [Silver Prizm] #205,$1.49,,,,,,,,,,,,$1.59,,,,,,1,,,,,2015-12-02
3638938,Basketball Cards 2015 Panini Prizm,Tony Allen [Silver Prizm] #392,$1.93,,,,,,,,,,,,$2.09,,,,,,1,,,,,2015-12-02
3638122,Basketball Cards 2015 Panini Prizm,Tony Allen [White Sparkle Prizm] #205,,,,,,,,,,,,,,,,,,,0,,,,,2015-12-02
3638971,Basketball Cards 2015 Panini Prizm,Tony Allen [White Sparkle Prizm] #392,,,,,,,,,,,,,,,,,,,0,,,,,2015-12-02
3634525,Basketball Cards 2015 Panini Prizm,Tony Parker #61,$1.34,$0.99,$1.50,$2.50,$3.00,$10.50,$14.00,$6.00,$6.00,,,,$1.49,,$1.09,,$1.69,,7,,,,,2015-12-02
12272416,Basketball Cards 2015 Panini Prizm,Tony Parker [Black Prizm] #61,,,,,,,,,,,,,,,,,,,0,,,,,2015-12-02
3634850,Basketball Cards 2015 Panini Prizm,Tony Parker [Flash Prizm] #61,$1.34,,,,,$29.99,$39.00,$18.00,$18.00,,,,$1.49,,,,,,2,,,,,2015-12-02
3635109,Basketball Cards 2015 Panini Prizm,Tony Parker [Gold Prizm] #61,,,,,,,,,,,,,,,,,,,0,,,,,2015-12-02
3635378,Basketball Cards 2015 Panini Prizm,Tony Parker [Green Prizm] #61,$2.50,,,,,,,,,,,,$2.79,,,,,,2,,,,,2015-12-02
3635647,Basketball Cards 2015 Panini Prizm,Tony Parker [Light Blue Prizm] #61,$4.25,,,,,,,,,,,$0.90,$4.69,,,,,,4,,,,,2015-12-02
3635911,Basketball Cards 2015 Panini Prizm,Tony Parker [Mojo Prizm] #61,$8.00,,,,,,,,,,,$1.80,$8.79,,,,,,1,,,,,2015-12-02
3636174,Basketball Cards 2015 Panini Prizm,Tony Parker [Orange Prizm] #61,$6.67,,,$30.15,$33.00,,,,,,,$1.50,$7.29,,,,,,2,,,,,2015-12-02
3636446,Basketball Cards 2015 Panini Prizm,Tony Parker [Orange Wave Prizm] #61,$2.54,,,,,,,,,,,,$2.79,,,,,,1,,,,,2015-12-02
129803,Basketball Cards 2015 Panini Prizm,Tony Parker [Purple Prizm] #61,$7.99,,,,,,,,,,,$1.80,$8.79,,,,,,1,,,,,2015-12-02
129804,Basketball Cards 2015 Panini Prizm,"Tony Parker [Red, White, and Blue Prizm] #61",$2.50,,,,,$25.99,$34.00,$16.00,$16.00,,,,$2.79,,,,,,2,,,,,2015-12-02
3637258,Basketball Cards 2015 Panini Prizm,Tony Parker [Ruby Wave Prizm] #61,$2.63,,,,$22.95,,,,,,,,$2.89,,,,,,3,,,,,2015-12-02
129805,Basketball Cards 2015 Panini Prizm,Tony Parker [Silver Prizm] #61,$1.99,,$7.99,$17.95,$18.00,$18.52,$24.00,$11.00,$11.00,,,,$2.19,,,$1.80,$8.79,,6,,,,,2015-12-02
3637993,Basketball Cards 2015 Panini Prizm,Tony Parker [White Sparkle Prizm] #61,$32.00,,,$51.09,$56.00,,,,,,,$10.50,$34.99,,,,,,2,,,,,2015-12-02
3634659,Basketball Cards 2015 Panini Prizm,Tony Snell #207,$1.22,,,,,,,,,,,,$1.29,,,,,,2,,,,,2015-12-02
12272354,Basketball Cards 2015 Panini Prizm,Tony Snell [Black Prizm] #207,,,,,,,,,,,,,,,,,,,0,,,,,2015-12-02
3634979,Basketball Cards 2015 Panini Prizm,Tony Snell [Flash Prizm] #207,$0.25,,,,,,,,,,,,$0.99,,,,,,0,,,,,2015-12-02
3635239,Basketball Cards 2015 Panini Prizm,Tony Snell [Gold Prizm] #207,,,,,,,,,,,,,,,,,,,0,,,,,2015-12-02
3635514,Basketball Cards 2015 Panini Prizm,Tony Snell [Green Prizm] #207,$6.29,,,,,,,,,,,$1.40,$6.89,,,,,,1,,,,,2015-12-02
3635772,Basketball Cards 2015 Panini Prizm,Tony Snell [Light Blue Prizm] #207,$1.51,,,,,,,,,,,,$1.69,,,,,,1,,,,,2015-12-02
3636034,Basketball Cards 2015 Panini Prizm,Tony Snell [Mojo Prizm] #207,,,,,,,,,,,,,,,,,,,0,,,,,2015-12-02
3636307,Basketball Cards 2015 Panini Prizm,Tony Snell [Orange Prizm] #207,$2.80,,,,,,,,,,,,$3.09,,,,,,1,,,,,2015-12-02
3636580,Basketball Cards 2015 Panini Prizm,Tony Snell [Orange Wave Prizm] #207,$1.35,,,,,,,,,,,,$1.49,,,,,,1,,,,,2015-12-02
3636859,Basketball Cards 2015 Panini Prizm,Tony Snell [Purple Prizm] #207,$2.25,,,,,,,,,,,,$2.49,,,,,,1,,,,,2015-12-02
3637126,Basketball Cards 2015 Panini Prizm,"Tony Snell [Red, White, and Blue Prizm] #207",$1.35,,,,,,,,,,,,$1.49,,,,,,1,,,,,2015-12-02
3637388,Basketball Cards 2015 Panini Prizm,Tony Snell [Ruby Wave Prizm] #207,$1.35,,,,,,,,,,,,$1.49,,,,,,1,,,,,2015-12-02
3637608,Basketball Cards 2015 Panini Prizm,Tony Snell [Silver Prizm] #207,$1.80,,,,,,,,,,,,$1.99,,,,,,1,,,,,2015-12-02
3638124,Basketball Cards 2015 Panini Prizm,Tony Snell [White Sparkle Prizm] #207,$9.99,,,,,,,,,,,$2.80,$10.99,,,,,,1,,,,,2015-12-02
3634496,Basketball Cards 2015 Panini Prizm,Tony Wroten #29,$0.35,,,,,,,,,,,,$0.99,,,,,,1,,,,,2015-12-02
12272359,Basketball Cards 2015 Panini Prizm,Tony Wroten [Black Prizm] #29,,,,,,,,,,,,,,,,,,,0,,,,,2015-12-02
3634821,Basketball Cards 2015 Panini Prizm,Tony Wroten [Flash Prizm] #29,$0.30,,,,,,,,,,,,$0.99,,,,,,1,,,,,2015-12-02
3635082,Basketball Cards 2015 Panini Prizm,Tony Wroten [Gold Prizm] #29,,,,,,,,,,,,,,,,,,,0,,,,,2015-12-02
3635348,Basketball Cards 2015 Panini Prizm,Tony Wroten [Green Prizm] #29,$0.99,,,,,,,,,,,,$1.09,,,,,,1,,,,,2015-12-02
3348613,Basketball Cards 2015 Panini Prizm,Tony Wroten [Light Blue Prizm] #29,$1.69,,,,,,,,,,,,$1.89,,,,,,1,,,,,2015-12-02
3635881,Basketball Cards 2015 Panini Prizm,Tony Wroten [Mojo Prizm] #29,$7.09,,,,,,,,,,,$1.60,$7.79,,,,,,1,,,,,2015-12-02
3636148,Basketball Cards 2015 Panini Prizm,Tony Wroten [Orange Prizm] #29,$3.36,,,,,,,,,,,,$3.69,,,,,,1,,,,,2015-12-02
3636418,Basketball Cards 2015 Panini Prizm,Tony Wroten [Orange Wave Prizm] #29,$0.25,,,,,,,,,,,,$0.99,,,,,,0,,,,,2015-12-02
3636696,Basketball Cards 2015 Panini Prizm,Tony Wroten [Purple Prizm] #29,$3.00,,,,,,,,,,,,$3.29,,,,,,2,,,,,2015-12-02
3636973,Basketball Cards 2015 Panini Prizm,"Tony Wroten [Red, White, and Blue Prizm] #29",$0.25,,,,,,,,,,,,$0.99,,,,,,0,,,,,2015-12-02
3637230,Basketball Cards 2015 Panini Prizm,Tony Wroten [Ruby Wave Prizm] #29,,,,,,,,,,,,,,,,,,,0,,,,,2015-12-02
3637489,Basketball Cards 2015 Panini Prizm,Tony Wroten [Silver Prizm] #29,$0.99,,,,,,,,,,,,$1.09,,,,,,1,,,,,2015-12-02
3637964,Basketball Cards 2015 Panini Prizm,Tony Wroten [White Sparkle Prizm] #29,$11.74,,,,,,,,,,,$3.30,$12.99,,,,,,0,,,,,2015-12-02
3634693,Basketball Cards 2015 Panini Prizm,Tracy McGrady #244,$1.37,,,$14.99,$16.00,$26.43,$34.00,$16.00,$16.00,,,,$1.49,,,,,,3,,,,,2015-12-02
12272592,Basketball Cards 2015 Panini Prizm,Tracy McGrady [Black Prizm] #244,,,,,,,,,,,,,,,,,,,0,,,,,2015-12-02
130065,Basketball Cards 2015 Panini Prizm,Tracy McGrady [Flash Prizm] #244,$1.66,,,$19.99,$22.00,$24.06,$31.00,$14.00,$14.00,,,,$1.79,,,,,,3,,,,,2015-12-02
3635271,Basketball Cards 2015 Panini Prizm,Tracy McGrady [Gold Prizm] #244,$1999.99,,$750.00,,,,,,,,,$1320.00,$2200.00,,,$495.00,$825.00,,1,,,,,2015-12-02
130066,Basketball Cards 2015 Panini Prizm,Tracy McGrady [Green Prizm] #244,$1.02,,,,,,,,,,,,$1.09,,,,,,1,,,,,2015-12-02
3635805,Basketball Cards 2015 Panini Prizm,Tracy McGrady [Light Blue Prizm] #244,$9.51,,,,,$42.00,$55.00,$25.00,$25.00,,,$2.00,$9.99,,,,,,2,,,,,2015-12-02
3636069,Basketball Cards 2015 Panini Prizm,Tracy McGrady [Mojo Prizm] #244,,,,,,,,,,,,,,,,,,,0,,,,,2015-12-02
3636338,Basketball Cards 2015 Panini Prizm,Tracy McGrady [Orange Prizm] #244,$8.51,,,$64.99,$71.00,,,,,,,$1.90,$9.39,,,,,,2,,,,,2015-12-02
3636616,Basketball Cards 2015 Panini Prizm,Tracy McGrady [Orange Wave Prizm] #244,$2.20,,,,,,,,,,,,$2.39,,,,,,1,,,,,2015-12-02
3636893,Basketball Cards 2015 Panini Prizm,Tracy McGrady [Purple Prizm] #244,$9.55,,,,,$59.00,$77.00,$35.00,$35.00,,,$2.80,$10.99,,,,,,2,,,,,2015-12-02
3637160,Basketball Cards 2015 Panini Prizm,"Tracy McGrady [Red, White, and Blue Prizm] #244",$1.78,,,,,$11.90,$15.00,$7.00,$7.00,,,,$1.99,,,,,,3,,,,,2015-12-02
3637421,Basketball Cards 2015 Panini Prizm,Tracy McGrady [Ruby Wave Prizm] #244,$4.26,,$55.00,,,,,,,,,$0.90,$4.69,,,$24.40,$60.99,,2,,,,,2015-12-02
130067,Basketball Cards 2015 Panini Prizm,Tracy McGrady [Silver Prizm] #244,$1.88,,,$15.00,$17.00,$38.50,$50.00,$23.00,$23.00,,,,$2.09,,,,,,8,,,,,2015-12-02
3638158,Basketball Cards 2015 Panini Prizm,Tracy McGrady [White Sparkle Prizm] #244,,,,,,$999.99,$1300.00,$600.00,$600.00,,,,,,,,,,1,,,,,2015-12-02
3634683,Basketball Cards 2015 Panini Prizm,Trevor Ariza #233,$1.45,,,,,,,,,,,,$1.59,,,,,,1,,,,,2015-12-02
12272560,Basketball Cards 2015 Panini Prizm,Trevor Ariza [Black Prizm] #233,,,,,,,,,,,,,,,,,,,0,,,,,2015-12-02
3635003,Basketball Cards 2015 Panini Prizm,Trevor Ariza [Flash Prizm] #233,$0.25,,,,,,,,,,,,$0.99,,,,,,0,,,,,2015-12-02
3635263,Basketball Cards 2015 Panini Prizm,Trevor Ariza [Gold Prizm] #233,$75.28,,,,,,,,,,,$33.20,$82.99,,,,,,0,,,,,2015-12-02
3635539,Basketball Cards 2015 Panini Prizm,Trevor Ariza [Green Prizm] #233,$0.25,,,,,,,,,,,,$0.99,,,,,,0,,,,,2015-12-02
3635795,Basketball Cards 2015 Panini Prizm,Trevor Ariza [Light Blue Prizm] #233,$1.83,,,,,,,,,,,,$1.99,,,,,,1,,,,,2015-12-02
3636059,Basketball Cards 2015 Panini Prizm,Trevor Ariza [Mojo Prizm] #233,,,,,,,,,,,,,,,,,,,0,,,,,2015-12-02
3636330,Basketball Cards 2015 Panini Prizm,Trevor Ariza [Orange Prizm] #233,$1.40,,,,,,,,,,,,$1.49,,,,,,1,,,,,2015-12-02
3636606,Basketball Cards 2015 Panini Prizm,Trevor Ariza [Orange Wave Prizm] #233,$1.69,,,,,,,,,,,,$1.89,,,,,,1,,,,,2015-12-02
3636884,Basketball Cards 2015 Panini Prizm,Trevor Ariza [Purple Prizm] #233,$1.47,,,,,,,,,,,,$1.59,,,,,,1,,,,,2015-12-02
3637151,Basketball Cards 2015 Panini Prizm,"Trevor Ariza [Red, White, and Blue Prizm] #233",$0.25,,,,,,,,,,,,$0.99,,,,,,0,,,,,2015-12-02
3637413,Basketball Cards 2015 Panini Prizm,Trevor Ariza [Ruby Wave Prizm] #233,$2.49,,,,,,,,,,,,$2.69,,,,,,1,,,,,2015-12-02
3637630,Basketball Cards 2015 Panini Prizm,Trevor Ariza [Silver Prizm] #233,$0.99,,,,,,,,,,,,$1.09,,,,,,1,,,,,2015-12-02
3638149,Basketball Cards 2015 Panini Prizm,Trevor Ariza [White Sparkle Prizm] #233,$10.00,,,,,,,,,,,$2.80,$10.99,,,,,,1,,,,,2015-12-02
3634672,Basketball Cards 2015 Panini Prizm,Trevor Booker #221,$1.69,,,,,,,,,,,,$1.89,,,,,,1,,,,,2015-12-02
12272510,Basketball Cards 2015 Panini Prizm,Trevor Booker [Black Prizm] #221,,,,,,,,,,,,,,,,,,,0,,,,,2015-12-02
3634991,Basketball Cards 2015 Panini Prizm,Trevor Booker [Flash Prizm] #221,$0.99,,,,,,,,,,,,$1.09,,,,,,1,,,,,2015-12-02
3635251,Basketball Cards 2015 Panini Prizm,Trevor Booker [Gold Prizm] #221,$16.50,,,,,,,,,,,$4.50,$17.99,,,,,,1,,,,,2015-12-02
3635527,Basketball Cards 2015 Panini Prizm,Trevor Booker [Green Prizm] #221,$0.25,,,,,,,,,,,,$0.99,,,,,,0,,,,,2015-12-02
3635784,Basketball Cards 2015 Panini Prizm,Trevor Booker [Light Blue Prizm] #221,$1.14,,,,,,,,,,,,$1.29,,,,,,1,,,,,2015-12-02
3636047,Basketball Cards 2015 Panini Prizm,Trevor Booker [Mojo Prizm] #221,,,,,,,,,,,,,,,,,,,0,,,,,2015-12-02
3636320,Basketball Cards 2015 Panini Prizm,Trevor Booker [Orange Prizm] #221,$3.00,,,,,,,,,,,,$3.29,,,,,,1,,,,,2015-12-02
3636594,Basketball Cards 2015 Panini Prizm,Trevor Booker [Orange Wave Prizm] #221,$0.25,,,,,,,,,,,,$0.99,,,,,,0,,,,,2015-12-02
3636872,Basketball Cards 2015 Panini Prizm,Trevor Booker [Purple Prizm] #221,$2.50,,,,,,,,,,,,$2.79,,,,,,1,,,,,2015-12-02
3637139,Basketball Cards 2015 Panini Prizm,"Trevor Booker [Red, White, and Blue Prizm] #221",$0.25,,,,,,,,,,,,$0.99,,,,,,0,,,,,2015-12-02
3637401,Basketball Cards 2015 Panini Prizm,Trevor Booker [Ruby Wave Prizm] #221,$0.99,,,,,,,,,,,,$1.09,,,,,,1,,,,,2015-12-02
3637619,Basketball Cards 2015 Panini Prizm,Trevor Booker [Silver Prizm] #221,$1.80,,,,,,,,,,,,$1.99,,,,,,1,,,,,2015-12-02
3638137,Basketball Cards 2015 Panini Prizm,Trevor Booker [White Sparkle Prizm] #221,,,,,,,,,,,,,,,,,,,0,,,,,2015-12-02
3634635,Basketball Cards 2015 Panini Prizm,Trey Burke #181,$1.50,,,,,,,,,,,,$1.69,,,,,,1,,,,,2015-12-02
12272541,Basketball Cards 2015 Panini Prizm,Trey Burke [Black Prizm] #181,,,,,,,,,,,,,,,,,,,0,,,,,2015-12-02
3634954,Basketball Cards 2015 Panini Prizm,Trey Burke [Flash Prizm] #181,$0.25,,,,,,,,,,,,$0.99,,,,,,0,,,,,2015-12-02
3635216,Basketball Cards 2015 Panini Prizm,Trey Burke [Gold Prizm] #181,$33.14,,,,,,,,,,,$14.40,$35.99,,,,,,1,,,,,2015-12-02
3635490,Basketball Cards 2015 Panini Prizm,Trey Burke [Green Prizm] #181,$0.62,,,,,,,,,,,,$0.99,,,,,,1,,,,,2015-12-02
3638983,Basketball Cards 2015 Panini Prizm,Trey Burke [Light Blue Prizm] #181,$0.99,,,,,,,,,,,,$1.09,,,,,,1,,,,,2015-12-02
3636011,Basketball Cards 2015 Panini Prizm,Trey Burke [Mojo Prizm] #181,$6.00,,,,,,,,,,,$1.30,$6.59,,,,,,1,,,,,2015-12-02
3636286,Basketball Cards 2015 Panini Prizm,Trey Burke [Orange Prizm] #181,$1.92,,,,,,,,,,,,$2.09,,,,,,1,,,,,2015-12-02
3636557,Basketball Cards 2015 Panini Prizm,Trey Burke [Orange Wave Prizm] #181,$2.83,,,,,,,,,,,,$3.09,,,,,,1,,,,,2015-12-02
3636835,Basketball Cards 2015 Panini Prizm,Trey Burke [Purple Prizm] #181,$3.70,,,,,,,,,,,$0.80,$4.09,,,,,,1,,,,,2015-12-02
3637103,Basketball Cards 2015 Panini Prizm,"Trey Burke [Red, White, and Blue Prizm] #181",$1.79,,,,,,,,,,,,$1.99,,,,,,1,,,,,2015-12-02
3637364,Basketball Cards 2015 Panini Prizm,Trey Burke [Ruby Wave Prizm] #181,$1.99,,,,,,,,,,,,$2.19,,,,,,1,,,,,2015-12-02
3637591,Basketball Cards 2015 Panini Prizm,Trey Burke [Silver Prizm] #181,$3.50,,,,,,,,,,,$0.80,$3.89,,,,,,1,,,,,2015-12-02
3638100,Basketball Cards 2015 Panini Prizm,Trey Burke [White Sparkle Prizm] #181,$5.99,,$13.50,,,,,,,,,$1.30,$6.59,,,$3.80,$14.99,,2,,,,,2015-12-02
130394,Basketball Cards 2015 Panini Prizm,Trey Lyles #334,$2.05,,$8.99,$10.00,$11.00,$21.99,$29.00,$13.00,$13.00,,,,$2.29,,,$2.00,$9.89,,7,,,,,2015-12-02
12272519,Basketball Cards 2015 Panini Prizm,Trey Lyles [Black Prizm] #334,,,,,,,,,,,,,,,,,,,0,,,,,2015-12-02
3638228,Basketball Cards 2015 Panini Prizm,Trey Lyles [Flash Prizm] #334,$1.99,,,,,$29.99,$39.00,$18.00,$18.00,,,,$2.19,,,,,,2,,,,,2015-12-02
130395,Basketball Cards 2015 Panini Prizm,Trey Lyles [Gold Prizm] #334,,,,,,,,,,,,,,,,,,,0,,,,,2015-12-02
3638291,Basketball Cards 2015 Panini Prizm,Trey Lyles [Green Prizm] #334,$1.72,,,,,,,,,,,,$1.89,,,,,,1,,,,,2015-12-02
130396,Basketball Cards 2015 Panini Prizm,Trey Lyles [Light Blue Prizm] #334,$5.99,,,,,,,,,,,$1.30,$6.59,,,,,,1,,,,,2015-12-02
3638343,Basketball Cards 2015 Panini Prizm,Trey Lyles [Mojo Prizm] #334,$23.54,,,,$31.00,,,,,,,$7.80,$25.99,,,,,,2,,,,,2015-12-02
3638362,Basketball Cards 2015 Panini Prizm,Trey Lyles [Orange Prizm] #334,$11.25,,,,,,,,,,,$3.00,$11.99,,,,,,1,,,,,2015-12-02
3638389,Basketball Cards 2015 Panini Prizm,Trey Lyles [Orange Wave Prizm] #334,$2.00,,$5.50,,,,,,,,,,$2.19,,,$1.20,$6.09,,2,,,,,2015-12-02
3268722,Basketball Cards 2015 Panini Prizm,Trey Lyles [Purple Prizm] #334,$7.19,,,,,,,,,,,$1.60,$7.89,,,,,,1,,,,,2015-12-02
130397,Basketball Cards 2015 Panini Prizm,"Trey Lyles [Red, White, and Blue Prizm] #334",$1.54,,,,,,,,,,,,$1.69,,,,,,1,,,,,2015-12-02
3638468,Basketball Cards 2015 Panini Prizm,Trey Lyles [Ruby Wave Prizm] #334,$2.98,,,,,,,,,,,,$3.29,,,,,,1,,,,,2015-12-02
130398,Basketball Cards 2015 Panini Prizm,Trey Lyles [Silver Prizm] #334,$5.75,,$7.19,$14.99,$16.00,$19.13,$25.00,$11.00,$11.00,,,$1.30,$6.29,,,$1.60,$7.89,,8,,,,,2015-12-02
130399,Basketball Cards 2015 Panini Prizm,Trey Lyles [White Sparkle Prizm] #334,,,,,,,,,,,,,,,,,,,0,,,,,2015-12-02
3634602,Basketball Cards 2015 Panini Prizm,Tristan Thompson #145,$1.47,,,,,,,,,,,,$1.59,,,,,,1,,,,,2015-12-02
12272424,Basketball Cards 2015 Panini Prizm,Tristan Thompson [Black Prizm] #145,,,,,,,,,,,,,,,,,,,0,,,,,2015-12-02
3634922,Basketball Cards 2015 Panini Prizm,Tristan Thompson [Flash Prizm] #145,$0.25,,,,,,,,,,,,$0.99,,,,,,0,,,,,2015-12-02
3635186,Basketball Cards 2015 Panini Prizm,Tristan Thompson [Gold Prizm] #145,$131.47,,,,,$94.00,$122.00,$56.00,$56.00,,,$72.50,$145.00,,,,,,2,,,,,2015-12-02
3635456,Basketball Cards 2015 Panini Prizm,Tristan Thompson [Green Prizm] #145,$2.59,,,,,,,,,,,,$2.89,,,,,,1,,,,,2015-12-02
3635718,Basketball Cards 2015 Panini Prizm,Tristan Thompson [Light Blue Prizm] #145,$2.62,,,,$10.25,,,,,,,,$2.89,,,,,,3,,,,,2015-12-02
3635982,Basketball Cards 2015 Panini Prizm,Tristan Thompson [Mojo Prizm] #145,$11.75,,,,,,,,,,,$3.30,$12.99,,,,,,1,,,,,2015-12-02
3636251,Basketball Cards 2015 Panini Prizm,Tristan Thompson [Orange Prizm] #145,$4.57,,,,,,,,,,,$1.00,$4.99,,,,,,1,,,,,2015-12-02
3636523,Basketball Cards 2015 Panini Prizm,Tristan Thompson [Orange Wave Prizm] #145,$2.75,,,,,,,,,,,,$2.99,,,,,,1,,,,,2015-12-02
3636802,Basketball Cards 2015 Panini Prizm,Tristan Thompson [Purple Prizm] #145,$2.55,,,,,,,,,,,,$2.79,,,,,,1,,,,,2015-12-02
3637072,Basketball Cards 2015 Panini Prizm,"Tristan Thompson [Red, White, and Blue Prizm] #145",$2.14,,,,,,,,,,,,$2.39,,,,,,1,,,,,2015-12-02
3637331,Basketball Cards 2015 Panini Prizm,Tristan Thompson [Ruby Wave Prizm] #145,$1.72,,,,,,,,,,,,$1.89,,,,,,1,,,,,2015-12-02
3637568,Basketball Cards 2015 Panini Prizm,Tristan Thompson [Silver Prizm] #145,$1.44,,,,,,,,,,,,$1.59,,,,,,1,,,,,2015-12-02
3638068,Basketball Cards 2015 Panini Prizm,Tristan Thompson [White Sparkle Prizm] #145,,,,,,,,,,,,,,,,,,,0,,,,,2015-12-02
3634537,Basketball Cards 2015 Panini Prizm,Ty Lawson #73,$1.65,,,,,,,,,,,,$1.79,,,,,,1,,,,,2015-12-02
12272516,Basketball Cards 2015 Panini Prizm,Ty Lawson [Black Prizm] #73,,,,,,,,,,,,,,,,,,,0,,,,,2015-12-02
3634860,Basketball Cards 2015 Panini Prizm,Ty Lawson [Flash Prizm] #73,$0.25,,,,,,,,,,,,$0.99,,,,,,0,,,,,2015-12-02
3635119,Basketball Cards 2015 Panini Prizm,Ty Lawson [Gold Prizm] #73,,,,,,,,,,,,,,,,,,,0,,,,,2015-12-02
3635389,Basketball Cards 2015 Panini Prizm,Ty Lawson [Green Prizm] #73,$0.25,,,,,,,,,,,,$0.99,,,,,,0,,,,,2015-12-02
3635657,Basketball Cards 2015 Panini Prizm,Ty Lawson [Light Blue Prizm] #73,$1.52,,,,,,,,,,,,$1.69,,,,,,1,,,,,2015-12-02
3635920,Basketball Cards 2015 Panini Prizm,Ty Lawson [Mojo Prizm] #73,,,,,,,,,,,,,,,,,,,0,,,,,2015-12-02
3636185,Basketball Cards 2015 Panini Prizm,Ty Lawson [Orange Prizm] #73,$3.00,,,,,,,,,,,,$3.29,,,,,,1,,,,,2015-12-02
3636458,Basketball Cards 2015 Panini Prizm,Ty Lawson [Orange Wave Prizm] #73,$1.13,,,,,,,,,,,,$1.19,,,,,,1,,,,,2015-12-02
3636736,Basketball Cards 2015 Panini Prizm,Ty Lawson [Purple Prizm] #73,$1.44,,,,,,,,,,,,$1.59,,,,,,1,,,,,2015-12-02
3637010,Basketball Cards 2015 Panini Prizm,"Ty Lawson [Red, White, and Blue Prizm] #73",$1.79,,,,,,,,,,,,$1.99,,,,,,1,,,,,2015-12-02
3637270,Basketball Cards 2015 Panini Prizm,Ty Lawson [Ruby Wave Prizm] #73,$1.95,,,,,,,,,,,,$2.19,,,,,,1,,,,,2015-12-02
3637521,Basketball Cards 2015 Panini Prizm,Ty Lawson [Silver Prizm] #73,$1.80,,,,,,,,,,,,$1.99,,,,,,1,,,,,2015-12-02
3638004,Basketball Cards 2015 Panini Prizm,Ty Lawson [White Sparkle Prizm] #73,,,,,,,,,,,,,,,,,,,0,,,,,2015-12-02
3634541,Basketball Cards 2015 Panini Prizm,Tyler Hansbrough #77,$2.46,,,,,,,,,,,,$2.69,,,,,,1,,,,,2015-12-02
12272482,Basketball Cards 2015 Panini Prizm,Tyler Hansbrough [Black Prizm] #77,,,,,,,,,,,,,,,,,,,0,,,,,2015-12-02
3634863,Basketball Cards 2015 Panini Prizm,Tyler Hansbrough [Flash Prizm] #77,$1.99,,,,,,,,,,,,$2.19,,,,,,1,,,,,2015-12-02
3635123,Basketball Cards 2015 Panini Prizm,Tyler Hansbrough [Gold Prizm] #77,$21.26,,,,,,,,,,,$6.90,$22.99,,,,,,1,,,,,2015-12-02
3635393,Basketball Cards 2015 Panini Prizm,Tyler Hansbrough [Green Prizm] #77,$1.39,,,,,,,,,,,,$1.49,,,,,,1,,,,,2015-12-02
3635660,Basketball Cards 2015 Panini Prizm,Tyler Hansbrough [Light Blue Prizm] #77,$3.17,,,,,,,,,,,,$3.49,,,,,,1,,,,,2015-12-02
3635924,Basketball Cards 2015 Panini Prizm,Tyler Hansbrough [Mojo Prizm] #77,$11.75,,,,,,,,,,,$3.30,$12.99,,,,,,1,,,,,2015-12-02
3636189,Basketball Cards 2015 Panini Prizm,Tyler Hansbrough [Orange Prizm] #77,,,,$10.50,$12.00,,,,,,,,,,,,,,1,,,,,2015-12-02
3636462,Basketball Cards 2015 Panini Prizm,Tyler Hansbrough [Orange Wave Prizm] #77,$2.78,,,,,,,,,,,,$3.09,,,,,,1,,,,,2015-12-02
3636739,Basketball Cards 2015 Panini Prizm,Tyler Hansbrough [Purple Prizm] #77,$2.00,,,,,,,,,,,,$2.19,,,,,,1,,,,,2015-12-02
3637014,Basketball Cards 2015 Panini Prizm,"Tyler Hansbrough [Red, White, and Blue Prizm] #77",$1.88,,,,,$34.00,$44.00,$20.00,$20.00,,,,$2.09,,,,,,2,,,,,2015-12-02
3637274,Basketball Cards 2015 Panini Prizm,Tyler Hansbrough [Ruby Wave Prizm] #77,$1.99,,,,,,,,,,,,$2.19,,,,,,3,,,,,2015-12-02
3637524,Basketball Cards 2015 Panini Prizm,Tyler Hansbrough [Silver Prizm] #77,$0.25,,,,,,,,,,,,$0.99,,,,,,0,,,,,2015-12-02
3638008,Basketball Cards 2015 Panini Prizm,Tyler Hansbrough [White Sparkle Prizm] #77,,,,,,$21.50,$28.00,$13.00,$13.00,,,,,,,,,,1,,,,,2015-12-02
3634755,Basketball Cards 2015 Panini Prizm,Tyler Harvey #325,$1.26,,,,,,,,,,,,$1.39,,,,,,2,,,,,2015-12-02
12272478,Basketball Cards 2015 Panini Prizm,Tyler Harvey [Black Prizm] #325,,,,,,,,,,,,,,,,,,,0,,,,,2015-12-02
3638223,Basketball Cards 2015 Panini Prizm,Tyler Harvey [Flash Prizm] #325,$2.24,,,,,,,,,,,,$2.49,,,,,,1,,,,,2015-12-02
3638252,Basketball Cards 2015 Panini Prizm,Tyler Harvey [Gold Prizm] #325,$5.50,,,,,,,,,,,$1.20,$6.09,,,,,,1,,,,,2015-12-02
3638286,Basketball Cards 2015 Panini Prizm,Tyler Harvey [Green Prizm] #325,$2.99,,,,,,,,,,,,$3.29,,,,,,1,,,,,2015-12-02
3638313,Basketball Cards 2015 Panini Prizm,Tyler Harvey [Light Blue Prizm] #325,$2.99,,,,,,,,,,,,$3.29,,,,,,1,,,,,2015-12-02
3638340,Basketball Cards 2015 Panini Prizm,Tyler Harvey [Mojo Prizm] #325,,,,,,,,,,,,,,,,,,,0,,,,,2015-12-02
3638358,Basketball Cards 2015 Panini Prizm,Tyler Harvey [Orange Prizm] #325,$2.49,,,,,,,,,,,,$2.69,,,,,,1,,,,,2015-12-02
3638384,Basketball Cards 2015 Panini Prizm,Tyler Harvey [Orange Wave Prizm] #325,$3.53,,,,,,,,,,,$0.80,$3.89,,,,,,1,,,,,2015-12-02
3638415,Basketball Cards 2015 Panini Prizm,Tyler Harvey [Purple Prizm] #325,$4.99,,,,,,,,,,,$1.10,$5.49,,,,,,1,,,,,2015-12-02
3638441,Basketball Cards 2015 Panini Prizm,"Tyler Harvey [Red, White, and Blue Prizm] #325",$1.75,,,,,,,,,,,,$1.89,,,,,,1,,,,,2015-12-02
3638465,Basketball Cards 2015 Panini Prizm,Tyler Harvey [Ruby Wave Prizm] #325,$1.54,,,,,,,,,,,,$1.69,,,,,,1,,,,,2015-12-02
130332,Basketball Cards 2015 Panini Prizm,Tyler Harvey [Silver Prizm] #325,$1.70,,,$6.36,$7.00,,,,,,,,$1.89,,,,,,2,,,,,2015-12-02
3638534,Basketball Cards 2015 Panini Prizm,Tyler Harvey [White Sparkle Prizm] #325,$9.74,,,$20.50,$23.00,,,,,,,$2.80,$10.99,,,,,,1,,,,,2015-12-02
3634568,Basketball Cards 2015 Panini Prizm,Tyler Zeller #108,$0.99,,,,,,,,,,,,$1.09,,,,,,1,,,,,2015-12-02
12272334,Basketball Cards 2015 Panini Prizm,Tyler Zeller [Black Prizm] #108,,,,,,,,,,,,,,,,,,,0,,,,,2015-12-02
3634889,Basketball Cards 2015 Panini Prizm,Tyler Zeller [Flash Prizm] #108,$0.25,,,,,,,,,,,,$0.99,,,,,,0,,,,,2015-12-02
3635151,Basketball Cards 2015 Panini Prizm,Tyler Zeller [Gold Prizm] #108,$99.99,,,,,,,,,,,$55.00,$110.00,,,,,,1,,,,,2015-12-02
3635422,Basketball Cards 2015 Panini Prizm,Tyler Zeller [Green Prizm] #108,$1.13,,,,,,,,,,,,$1.19,,,,,,1,,,,,2015-12-02
3635686,Basketball Cards 2015 Panini Prizm,Tyler Zeller [Light Blue Prizm] #108,$1.89,,,,,,,,,,,,$2.09,,,,,,1,,,,,2015-12-02
3635949,Basketball Cards 2015 Panini Prizm,Tyler Zeller [Mojo Prizm] #108,$0.99,,,,,,,,,,,,$1.09,,,,,,1,,,,,2015-12-02
3636216,Basketball Cards 2015 Panini Prizm,Tyler Zeller [Orange Prizm] #108,$3.49,,,,,,,,,,,$0.80,$3.79,,,,,,1,,,,,2015-12-02
3636489,Basketball Cards 2015 Panini Prizm,Tyler Zeller [Orange Wave Prizm] #108,$2.00,,,,,,,,,,,,$2.19,,,,,,1,,,,,2015-12-02
3636769,Basketball Cards 2015 Panini Prizm,Tyler Zeller [Purple Prizm] #108,$3.36,,,,,,,,,,,,$3.69,,,,,,1,,,,,2015-12-02
3637040,Basketball Cards 2015 Panini Prizm,"Tyler Zeller [Red, White, and Blue Prizm] #108",$1.86,,,,,,,,,,,,$2.09,,,,,,1,,,,,2015-12-02
3637300,Basketball Cards 2015 Panini Prizm,Tyler Zeller [Ruby Wave Prizm] #108,,,,,,,,,,,,,,,,,,,0,,,,,2015-12-02
2963695,Basketball Cards 2015 Panini Prizm,Tyler Zeller [Silver Prizm] #108,$0.25,,,,,,,,,,,,$0.99,,,,,,0,,,,,2015-12-02
3638036,Basketball Cards 2015 Panini Prizm,Tyler Zeller [White Sparkle Prizm] #108,$9.99,,,,,,,,,,,$2.80,$10.99,,,,,,1,,,,,2015-12-02
3634512,Basketball Cards 2015 Panini Prizm,Tyreke Evans #45,$0.16,,,,,,,,,,,,$0.99,,,,,,1,,,,,2015-12-02
12272435,Basketball Cards 2015 Panini Prizm,Tyreke Evans [Black Prizm] #45,,,,,,,,,,,,,,,,,,,0,,,,,2015-12-02
3634837,Basketball Cards 2015 Panini Prizm,Tyreke Evans [Flash Prizm] #45,$0.25,,,,,,,,,,,,$0.99,,,,,,0,,,,,2015-12-02
3635094,Basketball Cards 2015 Panini Prizm,Tyreke Evans [Gold Prizm] #45,$79.00,,,,,,,,,,,$34.80,$86.99,,,,,,1,,,,,2015-12-02
3635364,Basketball Cards 2015 Panini Prizm,Tyreke Evans [Green Prizm] #45,$1.39,,,,,,,,,,,,$1.49,,,,,,1,,,,,2015-12-02
3635636,Basketball Cards 2015 Panini Prizm,Tyreke Evans [Light Blue Prizm] #45,$1.77,,,,,,,,,,,,$1.99,,,,,,3,,,,,2015-12-02
3635897,Basketball Cards 2015 Panini Prizm,Tyreke Evans [Mojo Prizm] #45,$7.15,,,,,,,,,,,$1.60,$7.89,,,,,,1,,,,,2015-12-02
3636163,Basketball Cards 2015 Panini Prizm,Tyreke Evans [Orange Prizm] #45,$3.90,,,,,,,,,,,$0.90,$4.29,,,,,,1,,,,,2015-12-02
3636434,Basketball Cards 2015 Panini Prizm,Tyreke Evans [Orange Wave Prizm] #45,$1.34,,,,,,,,,,,,$1.49,,,,,,1,,,,,2015-12-02
3636712,Basketball Cards 2015 Panini Prizm,Tyreke Evans [Purple Prizm] #45,$5.04,,,,,,,,,,,$1.10,$5.49,,,,,,1,,,,,2015-12-02
3636988,Basketball Cards 2015 Panini Prizm,"Tyreke Evans [Red, White, and Blue Prizm] #45",$0.25,,,,,,,,,,,,$0.99,,,,,,0,,,,,2015-12-02
3637246,Basketball Cards 2015 Panini Prizm,Tyreke Evans [Ruby Wave Prizm] #45,$1.40,,,,,,,,,,,,$1.49,,,,,,1,,,,,2015-12-02
3637503,Basketball Cards 2015 Panini Prizm,Tyreke Evans [Silver Prizm] #45,$1.08,,,,,,,,,,,,$1.19,,,,,,1,,,,,2015-12-02
3637980,Basketball Cards 2015 Panini Prizm,Tyreke Evans [White Sparkle Prizm] #45,$23.25,,,,,,,,,,,$7.80,$25.99,,,,,,0,,,,,2015-12-02
3634533,Basketball Cards 2015 Panini Prizm,Tyson Chandler #69,$1.29,,,,,,,,,,,,$1.39,,,,,,1,,,,,2015-12-02
12272444,Basketball Cards 2015 Panini Prizm,Tyson Chandler [Black Prizm] #69,,,,,,,,,,,,,,,,,,,0,,,,,2015-12-02
3380294,Basketball Cards 2015 Panini Prizm,Tyson Chandler [Flash Prizm] #69,$0.25,,,,,,,,,,,,$0.99,,,,,,0,,,,,2015-12-02
3635115,Basketball Cards 2015 Panini Prizm,Tyson Chandler [Gold Prizm] #69,$20.51,,,$32.00,$35.00,,,,,,,$6.90,$22.99,,,,,,2,,,,,2015-12-02
3635385,Basketball Cards 2015 Panini Prizm,Tyson Chandler [Green Prizm] #69,$0.25,,,,,,,,,,,,$0.99,,,,,,0,,,,,2015-12-02
3635654,Basketball Cards 2015 Panini Prizm,Tyson Chandler [Light Blue Prizm] #69,$0.25,,,,,,,,,,,,$0.99,,,,,,0,,,,,2015-12-02
3635917,Basketball Cards 2015 Panini Prizm,Tyson Chandler [Mojo Prizm] #69,,,,,,,,,,,,,,,,,,,0,,,,,2015-12-02
3636181,Basketball Cards 2015 Panini Prizm,Tyson Chandler [Orange Prizm] #69,$2.63,,,,,,,,,,,,$2.89,,,,,,1,,,,,2015-12-02
3636454,Basketball Cards 2015 Panini Prizm,Tyson Chandler [Orange Wave Prizm] #69,$1.99,,,,,,,,,,,,$2.19,,,,,,1,,,,,2015-12-02
3636732,Basketball Cards 2015 Panini Prizm,Tyson Chandler [Purple Prizm] #69,$2.03,,,,,,,,,,,,$2.19,,,,,,1,,,,,2015-12-02
3637006,Basketball Cards 2015 Panini Prizm,"Tyson Chandler [Red, White, and Blue Prizm] #69",$0.99,,,,,,,,,,,,$1.09,,,,,,1,,,,,2015-12-02
3637266,Basketball Cards 2015 Panini Prizm,Tyson Chandler [Ruby Wave Prizm] #69,$1.00,,,,,,,,,,,,$1.09,,,,,,1,,,,,2015-12-02
3637518,Basketball Cards 2015 Panini Prizm,Tyson Chandler [Silver Prizm] #69,$0.99,,,,,,,,,,,,$1.09,,,,,,1,,,,,2015-12-02
3638000,Basketball Cards 2015 Panini Prizm,Tyson Chandler [White Sparkle Prizm] #69,$2.25,,,,,,,,,,,,$2.49,,,,,,1,,,,,2015-12-02
130325,Basketball Cards 2015 Panini Prizm,Tyus Jones #324,$2.03,,$6.62,$10.50,$18.00,$18.31,$24.00,$11.00,$11.00,,,,$2.19,,,$1.50,$7.29,,8,,,,,2015-12-02
12272473,Basketball Cards 2015 Panini Prizm,Tyus Jones [Black Prizm] #324,,,,,,,,,,,,,,,,,,,0,,,,,2015-12-02
3638222,Basketball Cards 2015 Panini Prizm,Tyus Jones [Flash Prizm] #324,$4.35,,,,,$48.50,$63.00,$29.00,$29.00,,,$1.00,$4.79,,,,,,4,,,,,2015-12-02
3638251,Basketball Cards 2015 Panini Prizm,Tyus Jones [Gold Prizm] #324,,,,,,,,,,,,,,,,,,,0,,,,,2015-12-02
3638285,Basketball Cards 2015 Panini Prizm,Tyus Jones [Green Prizm] #324,$8.00,,,,,,,,,,,$1.80,$8.79,,,,,,2,,,,,2015-12-02
130326,Basketball Cards 2015 Panini Prizm,Tyus Jones [Light Blue Prizm] #324,$6.65,,,,,$75.29,$98.00,$45.00,$45.00,,,$1.50,$7.29,,,,,,4,,,,,2015-12-02
130327,Basketball Cards 2015 Panini Prizm,Tyus Jones [Mojo Prizm] #324,,,,,$100.00,$102.50,$133.00,$62.00,$62.00,,,,,,,,,,2,,,,,2015-12-02
3638357,Basketball Cards 2015 Panini Prizm,Tyus Jones [Orange Prizm] #324,$30.51,,$8.57,$134.99,$148.00,,,,,,,$10.20,$33.99,,,$1.90,$9.39,,4,,,,,2015-12-02
130328,Basketball Cards 2015 Panini Prizm,Tyus Jones [Orange Wave Prizm] #324,$2.49,,,,,,,,,,,,$2.69,,,,,,3,,,,,2015-12-02
3638414,Basketball Cards 2015 Panini Prizm,Tyus Jones [Purple Prizm] #324,$7.98,,,$12.50,$14.00,,,,,,,$1.80,$8.79,,,,,,3,,,,,2015-12-02
130329,Basketball Cards 2015 Panini Prizm,"Tyus Jones [Red, White, and Blue Prizm] #324",$5.50,,,$5.00,$6.00,$79.43,$103.00,$48.00,$48.00,,,$1.20,$6.09,,,,,,5,,,,,2015-12-02
3638464,Basketball Cards 2015 Panini Prizm,Tyus Jones [Ruby Wave Prizm] #324,$1.13,,,,,,,,,,,,$1.19,,,,,,4,,,,,2015-12-02
130330,Basketball Cards 2015 Panini Prizm,Tyus Jones [Silver Prizm] #324,$6.34,,$10.05,$16.49,$28.73,$43.00,$56.00,$26.00,$26.00,,,$1.40,$6.99,,,$2.80,$10.99,,11,,,,,2015-12-02
130331,Basketball Cards 2015 Panini Prizm,Tyus Jones [White Sparkle Prizm] #324,$26.32,,,$86.00,$95.00,,,,,,,$8.70,$28.99,,,,,,2,,,,,2015-12-02
3634658,Basketball Cards 2015 Panini Prizm,Victor Oladipo #206,$1.10,,,,,$7.38,$10.00,$4.00,$4.00,,,,$1.19,,,,,,4,,,,,2015-12-02
12272350,Basketball Cards 2015 Panini Prizm,Victor Oladipo [Black Prizm] #206,,,,,,,,,,,,,,,,,,,0,,,,,2015-12-02
3634978,Basketball Cards 2015 Panini Prizm,Victor Oladipo [Flash Prizm] #206,$2.70,,,,,,,,,,,,$2.99,,,,,,1,,,,,2015-12-02
130016,Basketball Cards 2015 Panini Prizm,Victor Oladipo [Gold Prizm] #206,$48.33,,,$132.50,$146.00,,,,,,,$21.20,$52.99,,,,,,2,,,,,2015-12-02
3635513,Basketball Cards 2015 Panini Prizm,Victor Oladipo [Green Prizm] #206,$1.99,,,,,,,,,,,,$2.19,,,,,,1,,,,,2015-12-02
3635771,Basketball Cards 2015 Panini Prizm,Victor Oladipo [Light Blue Prizm] #206,$3.00,,,$2.47,$3.00,,,,,,,,$3.29,,,,,,3,,,,,2015-12-02
130017,Basketball Cards 2015 Panini Prizm,Victor Oladipo [Mojo Prizm] #206,$4.99,,,,,,,,,,,$1.10,$5.49,,,,,,1,,,,,2015-12-02
3636306,Basketball Cards 2015 Panini Prizm,Victor Oladipo [Orange Prizm] #206,$4.57,,,,,,,,,,,$1.00,$4.99,,,,,,1,,,,,2015-12-02
3636579,Basketball Cards 2015 Panini Prizm,Victor Oladipo [Orange Wave Prizm] #206,$2.13,,,,,,,,,,,,$2.29,,,,,,1,,,,,2015-12-02
3636858,Basketball Cards 2015 Panini Prizm,Victor Oladipo [Purple Prizm] #206,$2.99,,,,,$12.00,$16.00,$7.00,$7.00,,,,$3.29,,,,,,2,,,,,2015-12-02
3295750,Basketball Cards 2015 Panini Prizm,"Victor Oladipo [Red, White, and Blue Prizm] #206",$0.25,,,,,,,,,,,,$0.99,,,,,,0,,,,,2015-12-02
3637387,Basketball Cards 2015 Panini Prizm,Victor Oladipo [Ruby Wave Prizm] #206,$2.79,,,,,,,,,,,,$3.09,,,,,,1,,,,,2015-12-02
130018,Basketball Cards 2015 Panini Prizm,Victor Oladipo [Silver Prizm] #206,$2.47,,,$3.50,$4.00,$3.75,$5.00,$2.00,$2.00,,,,$2.69,,,,,,3,,,,,2015-12-02
3638123,Basketball Cards 2015 Panini Prizm,Victor Oladipo [White Sparkle Prizm] #206,$9.99,,,,,,,,,,,$2.80,$10.99,,,,,,1,,,,,2015-12-02
3634472,Basketball Cards 2015 Panini Prizm,Vince Carter #4,$1.98,,,$5.53,$6.00,$10.08,$13.00,$6.00,$6.00,,,,$2.19,,,,,,7,,,,,2015-12-02
12272313,Basketball Cards 2015 Panini Prizm,Vince Carter [Black Prizm] #4,,,,,,,,,,,,,,,,,,,0,,,,,2015-12-02
3634796,Basketball Cards 2015 Panini Prizm,Vince Carter [Flash Prizm] #4,$2.00,,,,,$17.47,$23.00,$10.00,$10.00,,,,$2.19,,,,,,2,,,,,2015-12-02
129743,Basketball Cards 2015 Panini Prizm,Vince Carter [Gold Prizm] #4,,,,,,$2350.00,$3055.00,$1410.00,$1410.00,,,,,,,,,,1,,,,,2015-12-02
3635327,Basketball Cards 2015 Panini Prizm,Vince Carter [Green Prizm] #4,$7.30,,,$19.99,$22.00,,,,,,,$1.60,$7.99,,,,,,2,,,,,2015-12-02
129745,Basketball Cards 2015 Panini Prizm,Vince Carter [Light Blue Prizm] #4,$8.20,,,$16.90,$19.00,,,,,,,$1.80,$8.99,,,,,,2,,,,,2015-12-02
3635858,Basketball Cards 2015 Panini Prizm,Vince Carter [Mojo Prizm] #4,$149.99,,,,,,,,,,,$82.50,$165.00,,,,,,1,,,,,2015-12-02
3636125,Basketball Cards 2015 Panini Prizm,Vince Carter [Orange Prizm] #4,$4.99,,,$32.50,$36.00,,,,,,,$1.10,$5.49,,,,,,2,,,,,2015-12-02
3636393,Basketball Cards 2015 Panini Prizm,Vince Carter [Orange Wave Prizm] #4,$0.99,,,,,,,,,,,,$1.09,,,,,,1,,,,,2015-12-02
3636672,Basketball Cards 2015 Panini Prizm,Vince Carter [Purple Prizm] #4,$5.50,,,,,,,,,,,$1.20,$6.09,,,,,,1,,,,,2015-12-02
129746,Basketball Cards 2015 Panini Prizm,"Vince Carter [Red, White, and Blue Prizm] #4",$1.29,,,,,$49.98,$65.00,$30.00,$30.00,,,,$1.39,,,,,,3,,,,,2015-12-02
3637205,Basketball Cards 2015 Panini Prizm,Vince Carter [Ruby Wave Prizm] #4,$3.36,,,$69.99,$77.00,,,,,,,,$3.69,,,,,,4,,,,,2015-12-02
129747,Basketball Cards 2015 Panini Prizm,Vince Carter [Silver Prizm] #4,$2.57,,$10.40,$38.35,$42.00,$68.00,$88.00,$41.00,$41.00,,,,$2.79,,,$2.80,$10.99,,8,,,,,2015-12-02
129749,Basketball Cards 2015 Panini Prizm,Vince Carter [White Sparkle Prizm] #4,$186.04,,,,,,,,,,,$102.50,$205.00,,,,,,1,,,,,2015-12-02
3634732,Basketball Cards 2015 Panini Prizm,Vlade Divac #287,$1.12,,,$1.50,$2.00,,,,,,,,$1.19,,,,,,2,,,,,2015-12-02
12272682,Basketball Cards 2015 Panini Prizm,Vlade Divac [Black Prizm] #287,,,,,,,,,,,,,,,,,,,0,,,,,2015-12-02
3635045,Basketball Cards 2015 Panini Prizm,Vlade Divac [Flash Prizm] #287,$2.45,,,,,,,,,,,,$2.69,,,,,,1,,,,,2015-12-02
3635311,Basketball Cards 2015 Panini Prizm,Vlade Divac [Gold Prizm] #287,,,,$45.90,$50.00,,,,,,,,,,,,,,2,,,,,2015-12-02
3635586,Basketball Cards 2015 Panini Prizm,Vlade Divac [Green Prizm] #287,$0.25,,,,,,,,,,,,$0.99,,,,,,0,,,,,2015-12-02
3635843,Basketball Cards 2015 Panini Prizm,Vlade Divac [Light Blue Prizm] #287,$2.99,$14.99,,,,,,,,,,,$3.29,$4.00,$15.99,,,,2,,,,,2015-12-02
3636108,Basketball Cards 2015 Panini Prizm,Vlade Divac [Mojo Prizm] #287,$9.40,,,,,,,,,,,$2.00,$9.99,,,,,,1,,,,,2015-12-02
3636377,Basketball Cards 2015 Panini Prizm,Vlade Divac [Orange Prizm] #287,$5.50,,,,,,,,,,,$1.20,$6.09,,,,,,1,,,,,2015-12-02
3636657,Basketball Cards 2015 Panini Prizm,Vlade Divac [Orange Wave Prizm] #287,$1.25,,,,,,,,,,,,$1.39,,,,,,1,,,,,2015-12-02
3636934,Basketball Cards 2015 Panini Prizm,Vlade Divac [Purple Prizm] #287,$2.74,,,,,,,,,,,,$2.99,,,,,,1,,,,,2015-12-02
3637191,Basketball Cards 2015 Panini Prizm,"Vlade Divac [Red, White, and Blue Prizm] #287",$0.25,,,,,,,,,,,,$0.99,,,,,,0,,,,,2015-12-02
3637459,Basketball Cards 2015 Panini Prizm,Vlade Divac [Ruby Wave Prizm] #287,$1.42,,,,,,,,,,,,$1.59,,,,,,1,,,,,2015-12-02
130167,Basketball Cards 2015 Panini Prizm,Vlade Divac [Silver Prizm] #287,$1.43,,,$9.99,$11.00,$19.25,$25.00,$12.00,$12.00,,,,$1.59,,,,,,3,,,,,2015-12-02
3638195,Basketball Cards 2015 Panini Prizm,Vlade Divac [White Sparkle Prizm] #287,,,,,,,,,,,,,,,,,,,0,,,,,2015-12-02
3634760,Basketball Cards 2015 Panini Prizm,Walter Tavares #344,$1.51,,,,,,,,,,,,$1.69,,,,,,1,,,,,2015-12-02
12272580,Basketball Cards 2015 Panini Prizm,Walter Tavares [Black Prizm] #344,,,,,,,,,,,,,,,,,,,0,,,,,2015-12-02
3638233,Basketball Cards 2015 Panini Prizm,Walter Tavares [Flash Prizm] #344,$0.25,,,,,,,,,,,,$0.99,,,,,,0,,,,,2015-12-02
3638266,Basketball Cards 2015 Panini Prizm,Walter Tavares [Gold Prizm] #344,,,,$199.95,$220.00,,,,,,,,,,,,,,1,,,,,2015-12-02
3638295,Basketball Cards 2015 Panini Prizm,Walter Tavares [Green Prizm] #344,$2.80,,,,,,,,,,,,$3.09,,,,,,0,,,,,2015-12-02
3638321,Basketball Cards 2015 Panini Prizm,Walter Tavares [Light Blue Prizm] #344,$3.01,,,,,,,,,,,,$3.29,,,,,,1,,,,,2015-12-02
3638345,Basketball Cards 2015 Panini Prizm,Walter Tavares [Mojo Prizm] #344,$3.25,,,,,,,,,,,,$3.59,,,,,,1,,,,,2015-12-02
3638366,Basketball Cards 2015 Panini Prizm,Walter Tavares [Orange Prizm] #344,$7.52,,,,,,,,,,,$1.70,$8.29,,,,,,1,,,,,2015-12-02
3638394,Basketball Cards 2015 Panini Prizm,Walter Tavares [Orange Wave Prizm] #344,$1.35,,,,,,,,,,,,$1.49,,,,,,1,,,,,2015-12-02
3638424,Basketball Cards 2015 Panini Prizm,Walter Tavares [Purple Prizm] #344,$2.67,,,,,,,,,,,,$2.89,,,,,,1,,,,,2015-12-02
3638449,Basketball Cards 2015 Panini Prizm,"Walter Tavares [Red, White, and Blue Prizm] #344",$0.33,,,,,,,,,,,,$0.99,,,,,,1,,,,,2015-12-02
3638471,Basketball Cards 2015 Panini Prizm,Walter Tavares [Ruby Wave Prizm] #344,$2.33,,,,,,,,,,,,$2.59,,,,,,1,,,,,2015-12-02
130477,Basketball Cards 2015 Panini Prizm,Walter Tavares [Silver Prizm] #344,$1.19,,,,,$5.51,$7.00,$3.00,$3.00,,,,$1.29,,,,,,2,,,,,2015-12-02
130481,Basketball Cards 2015 Panini Prizm,Walter Tavares [White Sparkle Prizm] #344,$17.49,,,,,$24.50,$32.00,$15.00,$15.00,,,$4.80,$18.99,,,,,,1,,,,,2015-12-02
3634605,Basketball Cards 2015 Panini Prizm,Wayne Ellington #148,$1.43,,,,,,,,,,,,$1.59,,,,,,2,,,,,2015-12-02
12272442,Basketball Cards 2015 Panini Prizm,Wayne Ellington [Black Prizm] #148,,,,,,,,,,,,,,,,,,,0,,,,,2015-12-02
3634924,Basketball Cards 2015 Panini Prizm,Wayne Ellington [Flash Prizm] #148,$1.99,,,,,,,,,,,,$2.19,,,,,,1,,,,,2015-12-02
3635189,Basketball Cards 2015 Panini Prizm,Wayne Ellington [Gold Prizm] #148,$90.00,,,,,,,,,,,$39.60,$98.99,,,,,,1,,,,,2015-12-02
3635459,Basketball Cards 2015 Panini Prizm,Wayne Ellington [Green Prizm] #148,$0.25,,,,,,,,,,,,$0.99,,,,,,0,,,,,2015-12-02
3635721,Basketball Cards 2015 Panini Prizm,Wayne Ellington [Light Blue Prizm] #148,$0.99,,,,,,,,,,,,$1.09,,,,,,1,,,,,2015-12-02
3635984,Basketball Cards 2015 Panini Prizm,Wayne Ellington [Mojo Prizm] #148,$5.00,,,,,,,,,,,$1.10,$5.49,,,,,,1,,,,,2015-12-02
3636254,Basketball Cards 2015 Panini Prizm,Wayne Ellington [Orange Prizm] #148,$1.00,,,,,,,,,,,,$1.09,,,,,,1,,,,,2015-12-02
3636526,Basketball Cards 2015 Panini Prizm,Wayne Ellington [Orange Wave Prizm] #148,$0.25,,,,,,,,,,,,$0.99,,,,,,0,,,,,2015-12-02
3636805,Basketball Cards 2015 Panini Prizm,Wayne Ellington [Purple Prizm] #148,$3.36,,,,,,,,,,,,$3.69,,,,,,4,,,,,2015-12-02
3637075,Basketball Cards 2015 Panini Prizm,"Wayne Ellington [Red, White, and Blue Prizm] #148",$3.99,,,,,,,,,,,$0.90,$4.39,,,,,,1,,,,,2015-12-02
3637334,Basketball Cards 2015 Panini Prizm,Wayne Ellington [Ruby Wave Prizm] #148,$0.99,,,,,,,,,,,,$1.09,,,,,,1,,,,,2015-12-02
3637570,Basketball Cards 2015 Panini Prizm,Wayne Ellington [Silver Prizm] #148,$0.99,,,,,,,,,,,,$1.09,,,,,,1,,,,,2015-12-02
3638071,Basketball Cards 2015 Panini Prizm,Wayne Ellington [White Sparkle Prizm] #148,$9.99,,,,,$10.50,$14.00,$6.00,$6.00,,,$2.80,$10.99,,,,,,2,,,,,2015-12-02
3634523,Basketball Cards 2015 Panini Prizm,Wesley Johnson #59,$0.99,,,,,,,,,,,,$1.09,,,,,,1,,,,,2015-12-02
12272411,Basketball Cards 2015 Panini Prizm,Wesley Johnson [Black Prizm] #59,,,,,,,,,,,,,,,,,,,0,,,,,2015-12-02
3634848,Basketball Cards 2015 Panini Prizm,Wesley Johnson [Flash Prizm] #59,$1.06,,,,,,,,,,,,$1.19,,,,,,1,,,,,2015-12-02
3635107,Basketball Cards 2015 Panini Prizm,Wesley Johnson [Gold Prizm] #59,$41.00,,,,,,,,,,,$18.00,$44.99,,,,,,1,,,,,2015-12-02
3635376,Basketball Cards 2015 Panini Prizm,Wesley Johnson [Green Prizm] #59,$0.25,,,,,,,,,,,,$0.99,,,,,,0,,,,,2015-12-02
3635645,Basketball Cards 2015 Panini Prizm,Wesley Johnson [Light Blue Prizm] #59,$2.49,,,,,,,,,,,,$2.69,,,,,,1,,,,,2015-12-02
3635909,Basketball Cards 2015 Panini Prizm,Wesley Johnson [Mojo Prizm] #59,$5.00,,,,,,,,,,,$1.10,$5.49,,,,,,1,,,,,2015-12-02
3636172,Basketball Cards 2015 Panini Prizm,Wesley Johnson [Orange Prizm] #59,$0.25,,,,,,,,,,,,$0.99,,,,,,0,,,,,2015-12-02
3348651,Basketball Cards 2015 Panini Prizm,Wesley Johnson [Orange Wave Prizm] #59,$0.99,,,,,,,,,,,,$1.09,,,,,,1,,,,,2015-12-02
3636724,Basketball Cards 2015 Panini Prizm,Wesley Johnson [Purple Prizm] #59,$2.49,,,,,,,,,,,,$2.69,,,,,,1,,,,,2015-12-02
3636999,Basketball Cards 2015 Panini Prizm,"Wesley Johnson [Red, White, and Blue Prizm] #59",$2.00,,,,,,,,,,,,$2.19,,,,,,1,,,,,2015-12-02
3637256,Basketball Cards 2015 Panini Prizm,Wesley Johnson [Ruby Wave Prizm] #59,$1.80,,,,,,,,,,,,$1.99,,,,,,1,,,,,2015-12-02
3637512,Basketball Cards 2015 Panini Prizm,Wesley Johnson [Silver Prizm] #59,$2.50,,,,,,,,,,,,$2.79,,,,,,1,,,,,2015-12-02
3637991,Basketball Cards 2015 Panini Prizm,Wesley Johnson [White Sparkle Prizm] #59,$9.99,,,,,,,,,,,$2.80,$10.99,,,,,,0,,,,,2015-12-02
3634507,Basketball Cards 2015 Panini Prizm,Wesley Matthews #40,$1.28,,,,,,,,,,,,$1.39,,,,,,1,,,,,2015-12-02
12272381,Basketball Cards 2015 Panini Prizm,Wesley Matthews [Black Prizm] #40,,,,,,,,,,,,,,,,,,,0,,,,,2015-12-02
3634832,Basketball Cards 2015 Panini Prizm,Wesley Matthews [Flash Prizm] #40,$0.25,,,,,,,,,,,,$0.99,,,,,,0,,,,,2015-12-02
3635091,Basketball Cards 2015 Panini Prizm,Wesley Matthews [Gold Prizm] #40,$98.00,,,,,,,,,,,$54.00,$108.00,,,,,,0,,,,,2015-12-02
3635359,Basketball Cards 2015 Panini Prizm,Wesley Matthews [Green Prizm] #40,$0.25,,,,,,,,,,,,$0.99,,,,,,0,,,,,2015-12-02
3635631,Basketball Cards 2015 Panini Prizm,Wesley Matthews [Light Blue Prizm] #40,$1.75,,,,,,,,,,,,$1.89,,,,,,1,,,,,2015-12-02
3635892,Basketball Cards 2015 Panini Prizm,Wesley Matthews [Mojo Prizm] #40,$7.99,,,,,,,,,,,$1.80,$8.79,,,,,,1,,,,,2015-12-02
3636158,Basketball Cards 2015 Panini Prizm,Wesley Matthews [Orange Prizm] #40,$4.34,,,,,,,,,,,$1.00,$4.79,,,,,,1,,,,,2015-12-02
3636429,Basketball Cards 2015 Panini Prizm,Wesley Matthews [Orange Wave Prizm] #40,$0.25,,,,,,,,,,,,$0.99,,,,,,0,,,,,2015-12-02
3636707,Basketball Cards 2015 Panini Prizm,Wesley Matthews [Purple Prizm] #40,$2.44,,,,,,,,,,,,$2.69,,,,,,1,,,,,2015-12-02
3636984,Basketball Cards 2015 Panini Prizm,"Wesley Matthews [Red, White, and Blue Prizm] #40",$0.25,,,,,,,,,,,,$0.99,,,,,,0,,,,,2015-12-02
3637241,Basketball Cards 2015 Panini Prizm,Wesley Matthews [Ruby Wave Prizm] #40,,,,,,,,,,,,,,,,,,,0,,,,,2015-12-02
3637499,Basketball Cards 2015 Panini Prizm,Wesley Matthews [Silver Prizm] #40,$0.99,,,,,,,,,,,,$1.09,,,,,,1,,,,,2015-12-02
3637975,Basketball Cards 2015 Panini Prizm,Wesley Matthews [White Sparkle Prizm] #40,$2.25,,,,,,,,,,,,$2.49,,,,,,1,,,,,2015-12-02
130505,Basketball Cards 2015 Panini Prizm,Willie Cauley-Stein #349,$1.37,,$6.09,$7.00,$16.00,$15.92,$21.00,$10.00,$10.00,,,,$1.49,,,$1.30,$6.69,,9,,,,,2015-12-02
12272596,Basketball Cards 2015 Panini Prizm,Willie Cauley-Stein [Black Prizm] #349,,,,,,,,,,,,,,,,,,,0,,,,,2015-12-02
130506,Basketball Cards 2015 Panini Prizm,Willie Cauley-Stein [Flash Prizm] #349,$2.95,,,$15.00,$17.00,$18.00,$23.00,$11.00,$11.00,,,,$3.29,,,,,,3,,,,,2015-12-02
130507,Basketball Cards 2015 Panini Prizm,Willie Cauley-Stein [Gold Prizm] #349,$4.00,,,,$165.10,$304.00,$395.00,$182.00,$182.00,,,$0.90,$4.39,,,,,,3,,,,,2015-12-02
130508,Basketball Cards 2015 Panini Prizm,Willie Cauley-Stein [Green Prizm] #349,$2.40,,,$11.32,$12.00,,,,,,,,$2.59,,,,,,2,,,,,2015-12-02
130509,Basketball Cards 2015 Panini Prizm,Willie Cauley-Stein [Light Blue Prizm] #349,$0.99,,,$7.50,$8.00,$30.00,$39.00,$18.00,$18.00,,,,$1.09,,,,,,3,,,,,2015-12-02
130510,Basketball Cards 2015 Panini Prizm,Willie Cauley-Stein [Mojo Prizm] #349,$39.99,,,,,,,,,,,$17.60,$43.99,,,,,,1,,,,,2015-12-02
130511,Basketball Cards 2015 Panini Prizm,Willie Cauley-Stein [Orange Prizm] #349,$9.00,,$12.90,$14.00,$15.00,,,,,,,$2.00,$9.89,,,$3.50,$13.99,,3,,,,,2015-12-02
130512,Basketball Cards 2015 Panini Prizm,Willie Cauley-Stein [Orange Wave Prizm] #349,$4.99,,,,,$48.92,$64.00,$29.00,$29.00,,,$1.10,$5.49,,,,,,2,,,,,2015-12-02
130513,Basketball Cards 2015 Panini Prizm,Willie Cauley-Stein [Purple Prizm] #349,$6.62,,,$13.80,$15.00,,,,,,,$1.50,$7.29,,,,,,2,,,,,2015-12-02
130514,Basketball Cards 2015 Panini Prizm,"Willie Cauley-Stein [Red, White, and Blue Prizm] #349",$2.00,,,,,$38.27,$50.00,$23.00,$23.00,,,,$2.19,,,,,,2,,,,,2015-12-02
130516,Basketball Cards 2015 Panini Prizm,Willie Cauley-Stein [Ruby Wave Prizm] #349,$7.27,,,,,,,,,,,$1.60,$7.99,,,,,,1,,,,,2015-12-02
130517,Basketball Cards 2015 Panini Prizm,Willie Cauley-Stein [Silver Prizm] #349,$3.58,,,$9.47,$10.00,$34.91,$199.95,$21.00,$21.00,,,$0.80,$3.89,,,,,,7,,,,,2015-12-02
130515,Basketball Cards 2015 Panini Prizm,Willie Cauley-Stein [White Sparkle Prizm] #349,,,,,,,,,,,,,,,,,,,0,,,,,2015-12-02
2963689,Basketball Cards 2015 Panini Prizm,Wilson Chandler #83,$0.99,,,,,,,,,,,,$1.09,,,,,,1,,,,,2015-12-02
12272483,Basketball Cards 2015 Panini Prizm,Wilson Chandler [Black Prizm] #83,,,,,,,,,,,,,,,,,,,0,,,,,2015-12-02
3634867,Basketball Cards 2015 Panini Prizm,Wilson Chandler [Flash Prizm] #83,$0.25,,,,,,,,,,,,$0.99,,,,,,0,,,,,2015-12-02
3635128,Basketball Cards 2015 Panini Prizm,Wilson Chandler [Gold Prizm] #83,,,,,,,,,,,,,,,,,,,0,,,,,2015-12-02
3635398,Basketball Cards 2015 Panini Prizm,Wilson Chandler [Green Prizm] #83,$1.80,,,,,,,,,,,,$1.99,,,,,,1,,,,,2015-12-02
3635665,Basketball Cards 2015 Panini Prizm,Wilson Chandler [Light Blue Prizm] #83,$1.50,,,,,,,,,,,,$1.69,,,,,,1,,,,,2015-12-02
3635929,Basketball Cards 2015 Panini Prizm,Wilson Chandler [Mojo Prizm] #83,$16.64,,,,,,,,,,,$4.50,$17.99,,,,,,0,,,,,2015-12-02
3636193,Basketball Cards 2015 Panini Prizm,Wilson Chandler [Orange Prizm] #83,$3.75,,,,,,,,,,,$0.80,$4.09,,,,,,1,,,,,2015-12-02
3636467,Basketball Cards 2015 Panini Prizm,Wilson Chandler [Orange Wave Prizm] #83,$0.57,,,,,,,,,,,,$0.99,,,,,,1,,,,,2015-12-02
3636744,Basketball Cards 2015 Panini Prizm,Wilson Chandler [Purple Prizm] #83,$2.25,,,,,,,,,,,,$2.49,,,,,,1,,,,,2015-12-02
3637020,Basketball Cards 2015 Panini Prizm,"Wilson Chandler [Red, White, and Blue Prizm] #83",$0.25,,,,,,,,,,,,$0.99,,,,,,0,,,,,2015-12-02
3637279,Basketball Cards 2015 Panini Prizm,Wilson Chandler [Ruby Wave Prizm] #83,$0.99,,,,,,,,,,,,$1.09,,,,,,1,,,,,2015-12-02
3637527,Basketball Cards 2015 Panini Prizm,Wilson Chandler [Silver Prizm] #83,$0.25,,,,,,,,,,,,$0.99,,,,,,0,,,,,2015-12-02
3638013,Basketball Cards 2015 Panini Prizm,Wilson Chandler [White Sparkle Prizm] #83,$3.65,,,,,,,,,,,$0.80,$3.99,,,,,,1,,,,,2015-12-02
130116,Basketball Cards 2015 Panini Prizm,Yao Ming #262,$1.29,,$9.99,$11.00,$12.00,$29.99,$39.00,$18.00,$18.00,,,,$1.39,,,$2.80,$10.99,,5,,,,,2015-12-02
12272626,Basketball Cards 2015 Panini Prizm,Yao Ming [Black Prizm] #262,,,,,,,,,,,,,,,,,,,0,,,,,2015-12-02
3635024,Basketball Cards 2015 Panini Prizm,Yao Ming [Flash Prizm] #262,$3.99,,,,,,,,,,,$0.90,$4.39,,,,,,1,,,,,2015-12-02
3635289,Basketball Cards 2015 Panini Prizm,Yao Ming [Gold Prizm] #262,,,,,,,,,,,,,,,,,,,0,,,,,2015-12-02
3635564,Basketball Cards 2015 Panini Prizm,Yao Ming [Green Prizm] #262,$4.24,,,$8.50,$9.00,,,,,,,$0.90,$4.69,,,,,,3,,,,,2015-12-02
3635821,Basketball Cards 2015 Panini Prizm,Yao Ming [Light Blue Prizm] #262,$22.03,,,,,,,,,,,$7.20,$23.99,,,,,,1,,,,,2015-12-02
3636084,Basketball Cards 2015 Panini Prizm,Yao Ming [Mojo Prizm] #262,$274.14,,,,,,,,,,,$151.00,$302.00,,,,,,1,,,,,2015-12-02
3636354,Basketball Cards 2015 Panini Prizm,Yao Ming [Orange Prizm] #262,$24.50,,,,,$100.00,$130.00,$60.00,$60.00,,,$8.10,$26.99,,,,,,2,,,,,2015-12-02
3636632,Basketball Cards 2015 Panini Prizm,Yao Ming [Orange Wave Prizm] #262,$4.99,,,,,,,,,,,$1.10,$5.49,,,,,,1,,,,,2015-12-02
3636911,Basketball Cards 2015 Panini Prizm,Yao Ming [Purple Prizm] #262,$45.00,,,,,,,,,,,$20.00,$49.99,,,,,,1,,,,,2015-12-02
3637171,Basketball Cards 2015 Panini Prizm,"Yao Ming [Red, White, and Blue Prizm] #262",$2.26,,,$18.01,$20.00,$25.00,$33.00,$15.00,$15.00,,,,$2.49,,,,,,4,,,,,2015-12-02
162063,Basketball Cards 2015 Panini Prizm,Yao Ming [Ruby Wave Prizm] #262,$18.49,,,$31.25,$34.00,$250.00,$325.00,$150.00,$51.00,,,$5.00,$19.99,,,,,,5,,,,,2015-12-02
130117,Basketball Cards 2015 Panini Prizm,Yao Ming [Silver Prizm] #262,$1.00,,$21.05,$23.00,$25.00,$85.00,$111.00,$51.00,$51.00,,,,$1.09,,,$6.90,$22.99,,9,,,,,2015-12-02
3638173,Basketball Cards 2015 Panini Prizm,Yao Ming [White Sparkle Prizm] #262,$133.38,,,,,,,,,,,$73.50,$147.00,,,,,,1,,,,,2015-12-02
3634656,Basketball Cards 2015 Panini Prizm,Zach LaVine #204,$1.60,,$0.99,$8.97,$10.00,$28.58,$37.00,$17.00,$17.00,,,,$1.79,,,,$1.09,,5,,,,,2015-12-02
12272344,Basketball Cards 2015 Panini Prizm,Zach LaVine [Black Prizm] #204,,,,,,,,,,,,,,,,,,,0,,,,,2015-12-02
3634976,Basketball Cards 2015 Panini Prizm,Zach LaVine [Flash Prizm] #204,$2.06,,,,,$12.50,$16.00,$8.00,$8.00,,,,$2.29,,,,,,2,,,,,2015-12-02
3635237,Basketball Cards 2015 Panini Prizm,Zach LaVine [Gold Prizm] #204,,,,$293.00,$322.00,,,,,,,,,,,,,,1,,,,,2015-12-02
3635511,Basketball Cards 2015 Panini Prizm,Zach LaVine [Green Prizm] #204,$1.02,,,$4.52,$5.00,,,,,,,,$1.09,,,,,,3,,,,,2015-12-02
3635770,Basketball Cards 2015 Panini Prizm,Zach LaVine [Light Blue Prizm] #204,$5.15,,$6.50,$13.75,$15.00,,,,,,,$1.10,$5.69,,,$1.40,$7.19,,4,,,,,2015-12-02
3636032,Basketball Cards 2015 Panini Prizm,Zach LaVine [Mojo Prizm] #204,$46.54,,,,,,,,,,,$20.40,$50.99,,,,,,0,,,,,2015-12-02
130014,Basketball Cards 2015 Panini Prizm,Zach LaVine [Orange Prizm] #204,$9.99,,,$21.22,$23.00,,,,,,,$2.80,$10.99,,,,,,3,,,,,2015-12-02
3636577,Basketball Cards 2015 Panini Prizm,Zach LaVine [Orange Wave Prizm] #204,$1.99,,,,,,,,,,,,$2.19,,,,,,1,,,,,2015-12-02
3636856,Basketball Cards 2015 Panini Prizm,Zach LaVine [Purple Prizm] #204,$5.99,,,$30.00,$33.00,$36.00,$47.00,$22.00,$22.00,,,$1.30,$6.59,,,,,,3,,,,,2015-12-02
3637124,Basketball Cards 2015 Panini Prizm,"Zach LaVine [Red, White, and Blue Prizm] #204",$1.05,,,,,,,,,,,,$1.19,,,,,,2,,,,,2015-12-02
3637385,Basketball Cards 2015 Panini Prizm,Zach LaVine [Ruby Wave Prizm] #204,$3.92,,,$8.50,$9.00,$41.00,$53.00,$25.00,$25.00,,,$0.90,$4.29,,,,,,5,,,,,2015-12-02
130015,Basketball Cards 2015 Panini Prizm,Zach LaVine [Silver Prizm] #204,$3.23,,,$4.25,$5.00,$18.67,$24.00,$11.00,$11.00,,,,$3.59,,,,,,6,,,,,2015-12-02
3638121,Basketball Cards 2015 Panini Prizm,Zach LaVine [White Sparkle Prizm] #204,,,,,$119.64,$319.99,$416.00,$192.00,$192.00,,,,,,,,,,2,,,,,2015-12-02
3634491,Basketball Cards 2015 Panini Prizm,Zach Randolph #24,$1.38,,,,,,,,,,,,$1.49,,,,,,1,,,,,2015-12-02
12272346,Basketball Cards 2015 Panini Prizm,Zach Randolph [Black Prizm] #24,,,,,,,,,,,,,,,,,,,0,,,,,2015-12-02
3634816,Basketball Cards 2015 Panini Prizm,Zach Randolph [Flash Prizm] #24,$1.39,,,,,,,,,,,,$1.49,,,,,,1,,,,,2015-12-02
3635077,Basketball Cards 2015 Panini Prizm,Zach Randolph [Gold Prizm] #24,,,,$204.29,$225.00,$665.00,$865.00,$399.00,$399.00,,,,,,,,,,2,,,,,2015-12-02
3635344,Basketball Cards 2015 Panini Prizm,Zach Randolph [Green Prizm] #24,$2.82,,,,,,,,,,,,$3.09,,,,,,1,,,,,2015-12-02
3348630,Basketball Cards 2015 Panini Prizm,Zach Randolph [Light Blue Prizm] #24,$2.55,,,,,,,,,,,,$2.79,,,,,,1,,,,,2015-12-02
3635876,Basketball Cards 2015 Panini Prizm,Zach Randolph [Mojo Prizm] #24,$19.99,,,,,$22.50,$29.00,$14.00,$14.00,,,$6.60,$21.99,,,,,,2,,,,,2015-12-02
3636143,Basketball Cards 2015 Panini Prizm,Zach Randolph [Orange Prizm] #24,$3.75,,,,,,,,,,,$0.80,$4.09,,,,,,1,,,,,2015-12-02
3636413,Basketball Cards 2015 Panini Prizm,Zach Randolph [Orange Wave Prizm] #24,$2.99,,,,,,,,,,,,$3.29,,,,,,1,,,,,2015-12-02
3636691,Basketball Cards 2015 Panini Prizm,Zach Randolph [Purple Prizm] #24,$6.00,,,,,,,,,,,$1.30,$6.59,,,,,,1,,,,,2015-12-02
3636968,Basketball Cards 2015 Panini Prizm,"Zach Randolph [Red, White, and Blue Prizm] #24",$1.23,,,,,,,,,,,,$1.39,,,,,,1,,,,,2015-12-02
3637225,Basketball Cards 2015 Panini Prizm,Zach Randolph [Ruby Wave Prizm] #24,$2.00,,,,,,,,,,,,$2.19,,,,,,1,,,,,2015-12-02
129763,Basketball Cards 2015 Panini Prizm,Zach Randolph [Silver Prizm] #24,$1.89,,,$6.14,$7.00,,,,,,,,$2.09,,,,,,2,,,,,2015-12-02
3637959,Basketball Cards 2015 Panini Prizm,Zach Randolph [White Sparkle Prizm] #24,$14.34,,,,,,,,,,,$4.00,$15.99,,,,,,1,,,,,2015-12-02
3634552,Basketball Cards 2015 Panini Prizm,Zaza Pachulia #90,$0.99,,,,,,,,,,,,$1.09,,,,,,1,,,,,2015-12-02
12272506,Basketball Cards 2015 Panini Prizm,Zaza Pachulia [Black Prizm] #90,,,,,,,,,,,,,,,,,,,0,,,,,2015-12-02
3380290,Basketball Cards 2015 Panini Prizm,Zaza Pachulia [Flash Prizm] #90,$0.25,,,,,,,,,,,,$0.99,,,,,,0,,,,,2015-12-02
3635135,Basketball Cards 2015 Panini Prizm,Zaza Pachulia [Gold Prizm] #90,$29.95,,,$19.99,$22.00,,,,,,,$9.90,$32.99,,,,,,2,,,,,2015-12-02
3635405,Basketball Cards 2015 Panini Prizm,Zaza Pachulia [Green Prizm] #90,$2.84,,,,,,,,,,,,$3.09,,,,,,0,,,,,2015-12-02
3635671,Basketball Cards 2015 Panini Prizm,Zaza Pachulia [Light Blue Prizm] #90,$1.82,,,,,,,,,,,,$1.99,,,,,,1,,,,,2015-12-02
3635936,Basketball Cards 2015 Panini Prizm,Zaza Pachulia [Mojo Prizm] #90,,,,,,,,,,,,,,,,,,,0,,,,,2015-12-02
3636200,Basketball Cards 2015 Panini Prizm,Zaza Pachulia [Orange Prizm] #90,$3.51,,,,,,,,,,,$0.80,$3.89,,,,,,1,,,,,2015-12-02
3636473,Basketball Cards 2015 Panini Prizm,Zaza Pachulia [Orange Wave Prizm] #90,$0.99,,,,,,,,,,,,$1.09,,,,,,1,,,,,2015-12-02
3636751,Basketball Cards 2015 Panini Prizm,Zaza Pachulia [Purple Prizm] #90,$2.25,,,,,,,,,,,,$2.49,,,,,,1,,,,,2015-12-02
3637027,Basketball Cards 2015 Panini Prizm,"Zaza Pachulia [Red, White, and Blue Prizm] #90",$1.69,,,,,,,,,,,,$1.89,,,,,,1,,,,,2015-12-02
3637284,Basketball Cards 2015 Panini Prizm,Zaza Pachulia [Ruby Wave Prizm] #90,$0.99,,,,,,,,,,,,$1.09,,,,,,1,,,,,2015-12-02
3637534,Basketball Cards 2015 Panini Prizm,Zaza Pachulia [Silver Prizm] #90,$0.25,,,,,,,,,,,,$0.99,,,,,,0,,,,,2015-12-02
3638020,Basketball Cards 2015 Panini Prizm,Zaza Pachulia [White Sparkle Prizm] #90,$23.25,,,,,,,,,,,$7.80,$25.99,,,,,,0,,,,,2015-12-02
