id,console-name,product-name,loose-price,cib-price,new-price,graded-price,box-only-price,manual-only-price,bgs-10-price,condition-17-price,condition-18-price,gamestop-price,gamestop-trade-price,retail-loose-buy,retail-loose-sell,retail-cib-buy,retail-cib-sell,retail-new-buy,retail-new-sell,upc,sales-volume,genre,tcg-id,asin,epid,release-date
83172,Basketball Cards 1995 Finest,A.C. Green  [Refractor] #103,$1.76,,,,,,,,,,,,$1.89,,,,,,2,,,,,1995-06-01
5694085,Basketball Cards 1995 Finest,A.C. Green #103,$3.23,,,,,,,,,,,,$3.59,,,,,,1,,,,,1995-06-01
12247103,Basketball Cards 1995 Finest,A.C. Green [Refractor w/ Coating] #103,$3.19,,,,,,,,,,,,$3.49,,,,,,1,,,,,1995-06-01
12246911,Basketball Cards 1995 Finest,A.C. Green [w/ Coating] #103,,,,,,,,,,,,,,,,,,,0,,,,,1995-06-01
12246582,Basketball Cards 1995 Finest,Aaron McKie #196,,,,,,,,,,,,,,,,,,,0,,,,,1995-06-01
83267,Basketball Cards 1995 Finest,Aaron McKie [Refractor w/ Coating] #196,$0.99,$20.00,,,,,,,,,,,$1.09,$6.60,$21.99,,,,2,,,,,1995-06-01
12246754,Basketball Cards 1995 Finest,Aaron McKie [Refractor] #196,$0.99,,$7.40,$15.06,$28.13,$59.86,$78.00,$36.00,$36.00,,,,$1.09,,,$1.60,$8.09,,8,,,,,1995-06-01
12246938,Basketball Cards 1995 Finest,Aaron McKie [w/ Coating] #196,,,,,,,,,,,,,,,,,,,0,,,,,1995-06-01
12246533,Basketball Cards 1995 Finest,Adam Keefe #73,,,,,,,,,,,,,,,,,,,0,,,,,1995-06-01
12247077,Basketball Cards 1995 Finest,Adam Keefe [Refractor w/ Coating] #73,$0.99,,,,,,,,,,,,$1.09,,,,,,1,,,,,1995-06-01
12246700,Basketball Cards 1995 Finest,Adam Keefe [Refractor] #73,$1.25,,,,,,,,,,,,$1.39,,,,,,1,,,,,1995-06-01
12246858,Basketball Cards 1995 Finest,Adam Keefe [w/ Coating] #73,,,,,,,,,,,,,,,,,,,0,,,,,1995-06-01
12246603,Basketball Cards 1995 Finest,Alan Henderson #126,$1.04,,,,,,,,,,,,$1.09,,,,,,1,,,,,1995-06-01
83204,Basketball Cards 1995 Finest,Alan Henderson [w/ Coating] #126,$1.49,,,,,,,,,,,,$1.59,,,,,,1,,,,,1995-06-01
12246620,Basketball Cards 1995 Finest,Allan Houston #153,$1.87,,$9.53,$19.55,$35.36,$86.43,$112.00,$52.00,$52.00,,,,$2.09,,,$2.00,$9.99,,7,,,,,1995-06-01
83226,Basketball Cards 1995 Finest,Allan Houston [Refractor w/ Coating] #153,$2.49,,,,,,,,,,,,$2.69,,,,,,1,,,,,1995-06-01
83225,Basketball Cards 1995 Finest,Allan Houston [Refractor] #153,$5.95,,,,,,,,,,,$1.30,$6.59,,,,,,3,,,,,1995-06-01
83227,Basketball Cards 1995 Finest,Allan Houston [w/ Coating] #153,$0.25,,,,,,,,,,,,$0.99,,,,,,0,,,,,1995-06-01
12246636,Basketball Cards 1995 Finest,Alonzo Mourning #247,$1.86,,$9.82,$11.00,$36.36,$81.00,$105.00,$49.00,$49.00,,,,$2.09,,,$2.80,$10.99,,21,,,,,1995-06-01
83314,Basketball Cards 1995 Finest,Alonzo Mourning [Refractor w/ Coating] #247,$3.50,$1.00,$0.99,,,,,,,,,$0.80,$3.89,,$1.09,,$1.09,,4,,,,,1995-06-01
83313,Basketball Cards 1995 Finest,Alonzo Mourning [Refractor] #247,$6.75,,$35.65,$82.50,$91.00,$233.95,$304.00,$140.00,$140.00,,,$1.50,$7.39,,,$15.60,$38.99,,8,,,,,1995-06-01
83315,Basketball Cards 1995 Finest,Alonzo Mourning [w/ Coating] #247,$1.37,$5.63,$9.99,$10.29,$11.00,,,,,,,,$1.49,$1.20,$6.19,$2.80,$10.99,,6,,,,,1995-06-01
12246543,Basketball Cards 1995 Finest,Andrew Lang #88,,,,,,,,,,,,,,,,,,,0,,,,,1995-06-01
12247092,Basketball Cards 1995 Finest,Andrew Lang [Refractor w/ Coating] #88,,$20.00,,,,,,,,,,,,$6.60,$21.99,,,,1,,,,,1995-06-01
12246709,Basketball Cards 1995 Finest,Andrew Lang [Refractor] #88,$0.99,,,,,,,,,,,,$1.09,,,,,,1,,,,,1995-06-01
12246881,Basketball Cards 1995 Finest,Andrew Lang [w/ Coating] #88,,,,,,,,,,,,,,,,,,,0,,,,,1995-06-01
83295,Basketball Cards 1995 Finest,Anfernee Hardaway #234,$2.07,,$7.74,$50.16,$55.00,$64.08,$83.00,$38.00,$38.00,,,,$2.29,,,$1.70,$8.49,,80,,,,,1995-06-01
83297,Basketball Cards 1995 Finest,Anfernee Hardaway [Refractor w/ Coating] #234,$19.24,$24.36,$99.95,$359.00,$395.00,,,,,,,$6.30,$20.99,$8.10,$26.99,$55.00,$110.00,,6,,,,,1995-06-01
83296,Basketball Cards 1995 Finest,Anfernee Hardaway [Refractor] #234,$28.57,$39.00,$59.69,$170.00,$255.00,$893.47,$1162.00,$536.00,$536.00,,,$9.30,$30.99,$17.20,$42.99,$26.40,$65.99,,13,,,,,1995-06-01
83298,Basketball Cards 1995 Finest,Anfernee Hardaway [w/ Coating] #234,$2.97,$6.00,$7.04,$10.56,$40.20,$104.22,$135.00,$63.00,$63.00,,,,$3.29,$1.30,$6.59,$1.50,$7.69,,11,,,,,1995-06-01
12246567,Basketball Cards 1995 Finest,Anthony Mason #184,$1.75,,$11.48,$18.89,$34.29,$82.49,$107.00,$49.00,$49.00,,,,$1.89,,,$3.30,$12.99,,30,,,,,1995-06-01
83253,Basketball Cards 1995 Finest,Anthony Mason [Refractor w/ Coating] #184,$3.43,,,$49.99,$55.00,,,,,,,$0.80,$3.79,,,,,,6,,,,,1995-06-01
12246748,Basketball Cards 1995 Finest,Anthony Mason [Refractor] #184,$9.64,,$28.33,$112.50,$124.00,$320.86,$417.00,$193.00,$193.00,,,$2.80,$10.99,,,$9.30,$30.99,,9,,,,,1995-06-01
12246926,Basketball Cards 1995 Finest,Anthony Mason [w/ Coating] #184,,,,,,,,,,,,,,,,,,,0,,,,,1995-06-01
12246571,Basketball Cards 1995 Finest,Anthony Peeler #187,,,,,,,,,,,,,,,,,,,0,,,,,1995-06-01
12247022,Basketball Cards 1995 Finest,Anthony Peeler [Refractor w/ Coating] #187,,,,,,,,,,,,,,,,,,,0,,,,,1995-06-01
12246750,Basketball Cards 1995 Finest,Anthony Peeler [Refractor] #187,$1.37,,$8.31,$16.99,$31.24,$71.31,$93.00,$43.00,$43.00,,,,$1.49,,,$1.80,$9.09,,15,,,,,1995-06-01
12246929,Basketball Cards 1995 Finest,Anthony Peeler [w/ Coating] #187,,,,,,,,,,,,,,,,,,,0,,,,,1995-06-01
12246601,Basketball Cards 1995 Finest,Antonio Davis #211,$1.75,,,,,,,,,,,,$1.89,,,,,,1,,,,,1995-06-01
12247044,Basketball Cards 1995 Finest,Antonio Davis [Refractor w/ Coating] #211,,,,,,,,,,,,,,,,,,,0,,,,,1995-06-01
83276,Basketball Cards 1995 Finest,Antonio Davis [Refractor] #211,$2.50,,,$24.50,$27.00,,,,,,,,$2.79,,,,,,3,,,,,1995-06-01
12246952,Basketball Cards 1995 Finest,Antonio Davis [w/ Coating] #211,,,,,,,,,,,,,,,,,,,0,,,,,1995-06-01
83182,Basketball Cards 1995 Finest,Antonio McDyess #112,$1.19,$4.00,$4.92,$7.13,$29.20,$51.13,$66.00,$31.00,$31.00,,,,$1.29,$0.90,$4.39,$1.10,$5.39,,29,,,,,1995-06-01
83183,Basketball Cards 1995 Finest,Antonio McDyess [w/ Coating] #112,$1.57,,$4.88,$10.00,$11.00,$78.22,$102.00,$47.00,$47.00,,,,$1.69,,,$1.10,$5.39,,8,,,,,1995-06-01
5695035,Basketball Cards 1995 Finest,Armon Gilliam #71,$3.20,,,$12.09,$13.00,,,,,,,,$3.49,,,,,,2,,,,,1995-06-01
12247072,Basketball Cards 1995 Finest,Armon Gilliam [Refractor w/ Coating] #71,$9.99,,,,,,,,,,,$2.80,$10.99,,,,,,1,,,,,1995-06-01
12246698,Basketball Cards 1995 Finest,Armon Gilliam [Refractor] #71,$1.33,,$8.22,$16.79,$30.92,$70.11,$91.00,$42.00,$42.00,,,,$1.49,,,$1.80,$8.99,,11,,,,,1995-06-01
12246854,Basketball Cards 1995 Finest,Armon Gilliam [w/ Coating] #71,,,,,,,,,,,,,,,,,,,0,,,,,1995-06-01
11711781,Basketball Cards 1995 Finest,Avery Johnson #97,$1.79,,$9.33,$19.15,$34.70,$84.03,$109.00,$50.00,$50.00,,,,$1.99,,,$2.00,$9.99,,9,,,,,1995-06-01
12247097,Basketball Cards 1995 Finest,Avery Johnson [Refractor w/ Coating] #97,$5.00,,,,,,,,,,,$1.10,$5.49,,,,,,1,,,,,1995-06-01
12246714,Basketball Cards 1995 Finest,Avery Johnson [Refractor] #97,$2.02,,,,,,,,,,,,$2.19,,,,,,1,,,,,1995-06-01
12246901,Basketball Cards 1995 Finest,Avery Johnson [w/ Coating] #97,,,,,,,,,,,,,,,,,,,0,,,,,1995-06-01
5694631,Basketball Cards 1995 Finest,B.J. Armstrong #81,$1.12,,,,,,,,,,,,$1.19,,,,,,1,,,,,1995-06-01
12247087,Basketball Cards 1995 Finest,B.J. Armstrong [Refractor w/ Coating] #81,$4.79,,,,,,,,,,,$1.10,$5.29,,,,,,1,,,,,1995-06-01
83158,Basketball Cards 1995 Finest,B.J. Armstrong [Refractor] #81,$3.25,,,$99.99,$110.00,,,,,,,,$3.59,,,,,,4,,,,,1995-06-01
12246869,Basketball Cards 1995 Finest,B.J. Armstrong [w/ Coating] #81,,,,,,,,,,,,,,,,,,,0,,,,,1995-06-01
12246586,Basketball Cards 1995 Finest,B.J. Tyler #202,,,,,,,,,,,,,,,,,,,0,,,,,1995-06-01
12247036,Basketball Cards 1995 Finest,B.J. Tyler [Refractor w/ Coating] #202,,,,,,,,,,,,,,,,,,,0,,,,,1995-06-01
12246759,Basketball Cards 1995 Finest,B.J. Tyler [Refractor] #202,$2.49,,,,,,,,,,,,$2.69,,,,,,1,,,,,1995-06-01
12246944,Basketball Cards 1995 Finest,B.J. Tyler [w/ Coating] #202,,,,,,,,,,,,,,,,,,,0,,,,,1995-06-01
12246552,Basketball Cards 1995 Finest,Benoit Benjamin #93,,,,,,,,,,,,,,,,,,,0,,,,,1995-06-01
12247095,Basketball Cards 1995 Finest,Benoit Benjamin [Refractor w/ Coating] #93,,,,,,,,,,,,,,,,,,,0,,,,,1995-06-01
12246712,Basketball Cards 1995 Finest,Benoit Benjamin [Refractor] #93,,,,,,,,,,,,,,,,,,,0,,,,,1995-06-01
12246892,Basketball Cards 1995 Finest,Benoit Benjamin [w/ Coating] #93,,,,,,,,,,,,,,,,,,,0,,,,,1995-06-01
12246564,Basketball Cards 1995 Finest,Billy Owens #99,,,,,,,,,,,,,,,,,,,0,,,,,1995-06-01
12247099,Basketball Cards 1995 Finest,Billy Owens [Refractor w/ Coating] #99,$4.99,,,,,,,,,,,$1.10,$5.49,,,,,,1,,,,,1995-06-01
12246715,Basketball Cards 1995 Finest,Billy Owens [Refractor] #99,$1.19,,$2.55,$16.07,$29.76,$65.86,$86.00,$40.00,$40.00,,,,$1.29,,,,$2.79,,9,,,,,1995-06-01
12246905,Basketball Cards 1995 Finest,Billy Owens [w/ Coating] #99,,,,,,,,,,,,,,,,,,,0,,,,,1995-06-01
12246502,Basketball Cards 1995 Finest,Bimbo Coles #27,,,,,,,,,,,,,,,,,,,0,,,,,1995-06-01
12246999,Basketball Cards 1995 Finest,Bimbo Coles [Refractor w/ Coating] #27,,,,,,,,,,,,,,,,,,,0,,,,,1995-06-01
12246678,Basketball Cards 1995 Finest,Bimbo Coles [Refractor] #27,$1.62,,$8.92,$35.00,$39.00,$78.84,$102.00,$47.00,$47.00,,,,$1.79,,,$2.00,$9.79,,9,,,,,1995-06-01
12246803,Basketball Cards 1995 Finest,Bimbo Coles [w/ Coating] #27,$4.87,,,,,,,,,,,$1.10,$5.39,,,,,,1,,,,,1995-06-01
12246627,Basketball Cards 1995 Finest,Blue Edwards #158,,,,,,,,,,,,,,,,,,,0,,,,,1995-06-01
12246515,Basketball Cards 1995 Finest,Blue Edwards #47,,,,,,,,,,,,,,,,,,,0,,,,,1995-06-01
12247120,Basketball Cards 1995 Finest,Blue Edwards [Refractor w/ Coating] #158,,,,,,,,,,,,,,,,,,,0,,,,,1995-06-01
12247021,Basketball Cards 1995 Finest,Blue Edwards [Refractor w/ Coating] #47,,,,,,,,,,,,,,,,,,,0,,,,,1995-06-01
83231,Basketball Cards 1995 Finest,Blue Edwards [Refractor] #158,$1.77,,,,,,,,,,,,$1.99,,,,,,1,,,,,1995-06-01
12246686,Basketball Cards 1995 Finest,Blue Edwards [Refractor] #47,,,,,,,,,,,,,,,,,,,0,,,,,1995-06-01
12246884,Basketball Cards 1995 Finest,Blue Edwards [w/ Coating] #158,,,,,,,,,,,,,,,,,,,0,,,,,1995-06-01
12246821,Basketball Cards 1995 Finest,Blue Edwards [w/ Coating] #47,,,,,,,,,,,,,,,,,,,0,,,,,1995-06-01
83205,Basketball Cards 1995 Finest,Bob Sura #127,$1.63,,,$7.50,$8.00,,,,,,,,$1.79,,,,,,6,,,,,1995-06-01
83206,Basketball Cards 1995 Finest,Bob Sura [w/ Coating] #127,$3.35,$12.99,$20.00,,,,,,,,,,$3.69,$3.50,$13.99,$6.60,$21.99,,3,,,,,1995-06-01
12246493,Basketball Cards 1995 Finest,Bobby Hurley #17,,,,,,,,,,,,,,,,,,,0,,,,,1995-06-01
12246993,Basketball Cards 1995 Finest,Bobby Hurley [Refractor w/ Coating] #17,$5.27,,,,,,,,,,,$1.20,$5.79,,,,,,1,,,,,1995-06-01
12246668,Basketball Cards 1995 Finest,Bobby Hurley [Refractor] #17,$3.74,,$13.99,$28.97,$50.50,$142.05,$185.00,$85.00,$85.00,,,$0.80,$4.09,,,$3.80,$14.99,,8,,,,,1995-06-01
7960367,Basketball Cards 1995 Finest,Bobby Hurley [w/ Coating] #17,$4.58,,,,,,,,,,,$1.00,$4.99,,,,,,1,,,,,1995-06-01
7108573,Basketball Cards 1995 Finest,Bobby Phills #198,$2.30,,$26.78,,,$14.99,$19.00,$9.00,$9.00,,,,$2.49,,,$8.70,$28.99,,7,,,,,1995-06-01
12247033,Basketball Cards 1995 Finest,Bobby Phills [Refractor w/ Coating] #198,,,,,,,,,,,,,,,,,,,0,,,,,1995-06-01
12246756,Basketball Cards 1995 Finest,Bobby Phills [Refractor] #198,$0.99,,$7.40,$15.06,$28.14,$59.90,$78.00,$36.00,$36.00,,,,$1.09,,,$1.60,$8.09,,11,,,,,1995-06-01
12246940,Basketball Cards 1995 Finest,Bobby Phills [w/ Coating] #198,,,,,,,,,,,,,,,,,,,0,,,,,1995-06-01
83202,Basketball Cards 1995 Finest,Brent Barry #125,$1.32,,$8.73,$18.52,$32.67,$53.08,$69.00,$32.00,$32.00,,,,$1.49,,,$1.90,$9.59,,8,,,,,1995-06-01
83203,Basketball Cards 1995 Finest,Brent Barry [w/ Coating] #125,$1.52,,,,,,,,,,,,$1.69,,,,,,2,,,,,1995-06-01
12246506,Basketball Cards 1995 Finest,Brian Grant #33,,,,,,,,,,,,,,,,,,,0,,,,,1995-06-01
12247002,Basketball Cards 1995 Finest,Brian Grant [Refractor w/ Coating] #33,$1.60,,,,,,,,,,,,$1.79,,,,,,1,,,,,1995-06-01
12246684,Basketball Cards 1995 Finest,Brian Grant [Refractor] #33,$1.44,,,,,,,,,,,,$1.59,,,,,,1,,,,,1995-06-01
12246807,Basketball Cards 1995 Finest,Brian Grant [w/ Coating] #33,,,,,,,,,,,,,,,,,,,0,,,,,1995-06-01
12246555,Basketball Cards 1995 Finest,Brian Shaw #167,,,,,,,,,,,,,,,,,,,0,,,,,1995-06-01
12247008,Basketball Cards 1995 Finest,Brian Shaw [Refractor w/ Coating] #167,$2.00,,,,,,,,,,,,$2.19,,,,,,1,,,,,1995-06-01
12246734,Basketball Cards 1995 Finest,Brian Shaw [Refractor] #167,$1.99,,$25.00,$28.00,$36.36,$90.10,$117.00,$54.00,$54.00,,,,$2.19,,,$8.40,$27.99,,12,,,,,1995-06-01
12246898,Basketball Cards 1995 Finest,Brian Shaw [w/ Coating] #167,,,,,,,,,,,,,,,,,,,0,,,,,1995-06-01
11184877,Basketball Cards 1995 Finest,Brian Williams #147,$2.55,,,,,,,,,,,,$2.79,,,,,,2,,,,,1995-06-01
12247113,Basketball Cards 1995 Finest,Brian Williams [Refractor w/ Coating] #147,,,,,,,,,,,,,,,,,,,0,,,,,1995-06-01
12246722,Basketball Cards 1995 Finest,Brian Williams [Refractor] #147,,,,,,,,,,,,,,,,,,,0,,,,,1995-06-01
12246863,Basketball Cards 1995 Finest,Brian Williams [w/ Coating] #147,,,,,,,,,,,,,,,,,,,0,,,,,1995-06-01
83190,Basketball Cards 1995 Finest,Bryant Reeves #116,$1.48,,$10.00,$34.99,$38.00,,,,,,,,$1.59,,,$2.80,$10.99,,7,,,,,1995-06-01
83191,Basketball Cards 1995 Finest,Bryant Reeves [w/ Coating] #116,$2.49,,,,,,,,,,,,$2.69,,,,,,1,,,,,1995-06-01
7108578,Basketball Cards 1995 Finest,Bryant Stith #227,$0.80,,,,,,,,,,,,$0.99,,,,,,3,,,,,1995-06-01
12247059,Basketball Cards 1995 Finest,Bryant Stith [Refractor w/ Coating] #227,,,,,,,,,,,,,,,,,,,0,,,,,1995-06-01
12246657,Basketball Cards 1995 Finest,Bryant Stith [Refractor] #227,,,,,,,,,,,,,,,,,,,0,,,,,1995-06-01
12246965,Basketball Cards 1995 Finest,Bryant Stith [w/ Coating] #227,,,,,,,,,,,,,,,,,,,0,,,,,1995-06-01
6741102,Basketball Cards 1995 Finest,Buck Williams #152,$1.50,$25.00,,$10.50,$12.00,,,,,,,,$1.69,$8.40,$27.99,,,,7,,,,,1995-06-01
12247118,Basketball Cards 1995 Finest,Buck Williams [Refractor w/ Coating] #152,,,,,,,,,,,,,,,,,,,0,,,,,1995-06-01
12246725,Basketball Cards 1995 Finest,Buck Williams [Refractor] #152,,,,,,,,,,,,,,,,,,,0,,,,,1995-06-01
12246874,Basketball Cards 1995 Finest,Buck Williams [w/ Coating] #152,,,,,,,,,,,,,,,,,,,0,,,,,1995-06-01
12246548,Basketball Cards 1995 Finest,Byron Scott #162,,,,,,,,,,,,,,,,,,,0,,,,,1995-06-01
12247124,Basketball Cards 1995 Finest,Byron Scott [Refractor w/ Coating] #162,,,,,,,,,,,,,,,,,,,0,,,,,1995-06-01
12246731,Basketball Cards 1995 Finest,Byron Scott [Refractor] #162,$2.24,,$8.61,$17.61,$32.24,$74.98,$97.00,$45.00,$45.00,,,,$2.49,,,$1.90,$9.49,,11,,,,,1995-06-01
12246890,Basketball Cards 1995 Finest,Byron Scott [w/ Coating] #162,,,,,,,,,,,,,,,,,,,0,,,,,1995-06-01
12246536,Basketball Cards 1995 Finest,Calbert Cheaney #77,,,,,,,,,,,,,,,,,,,0,,,,,1995-06-01
12247083,Basketball Cards 1995 Finest,Calbert Cheaney [Refractor w/ Coating] #77,,,,,,,,,,,,,,,,,,,0,,,,,1995-06-01
12246703,Basketball Cards 1995 Finest,Calbert Cheaney [Refractor] #77,$1.50,,$8.63,$17.67,$32.33,$75.30,$98.00,$45.00,$45.00,,,,$1.69,,,$1.90,$9.49,,15,,,,,1995-06-01
12246865,Basketball Cards 1995 Finest,Calbert Cheaney [w/ Coating] #77,,,,,,,,,,,,,,,,,,,0,,,,,1995-06-01
12246617,Basketball Cards 1995 Finest,Carlos Rogers #145,,,,,,,,,,,,,,,,,,,0,,,,,1995-06-01
12247111,Basketball Cards 1995 Finest,Carlos Rogers [Refractor w/ Coating] #145,,,,,,,,,,,,,,,,,,,0,,,,,1995-06-01
12246720,Basketball Cards 1995 Finest,Carlos Rogers [Refractor] #145,,,$25.00,,,,,,,,,,,,,$8.40,$27.99,,1,,,,,1995-06-01
12246855,Basketball Cards 1995 Finest,Carlos Rogers [w/ Coating] #145,,,,,,,,,,,,,,,,,,,0,,,,,1995-06-01
12246507,Basketball Cards 1995 Finest,Cedric Ceballos #35,$1.25,,,,,,,,,,,,$1.39,,,,,,1,,,,,1995-06-01
12247003,Basketball Cards 1995 Finest,Cedric Ceballos [Refractor w/ Coating] #35,,,,,,,,,,,,,,,,,,,0,,,,,1995-06-01
12246685,Basketball Cards 1995 Finest,Cedric Ceballos [Refractor] #35,$2.25,,$10.45,$21.50,$38.49,$97.92,$127.00,$59.00,$59.00,,,,$2.49,,,$3.00,$11.99,,12,,,,,1995-06-01
12246809,Basketball Cards 1995 Finest,Cedric Ceballos [w/ Coating] #35,,,,,,,,,,,,,,,,,,,0,,,,,1995-06-01
83124,Basketball Cards 1995 Finest,Charles Barkley #34,$2.50,,$29.39,$32.00,$38.57,$237.68,$309.00,$143.00,$143.00,,,,$2.79,,,$9.60,$31.99,,19,,,,,1995-06-01
83126,Basketball Cards 1995 Finest,Charles Barkley [Refractor w/ Coating] #34,$3.49,,$45.27,$50.00,$55.00,,,,,,,$0.80,$3.79,,,$20.00,$49.99,,4,,,,,1995-06-01
83125,Basketball Cards 1995 Finest,Charles Barkley [Refractor] #34,$25.03,,$22.00,$76.10,$84.00,$102.51,$133.00,$62.00,$62.00,,,$8.40,$27.99,,,$7.20,$23.99,,8,,,,,1995-06-01
12246808,Basketball Cards 1995 Finest,Charles Barkley [w/ Coating] #34,$2.99,,,,,,,,,,,,$3.29,,,,,,1,,,,,1995-06-01
12246542,Basketball Cards 1995 Finest,Charles Oakley #87,$3.89,,,,,,,,,,,$0.90,$4.29,,,,,,1,,,,,1995-06-01
12247091,Basketball Cards 1995 Finest,Charles Oakley [Refractor w/ Coating] #87,$8.00,,,,,,,,,,,$1.80,$8.79,,,,,,1,,,,,1995-06-01
12246708,Basketball Cards 1995 Finest,Charles Oakley [Refractor] #87,$4.99,,$15.66,$32.50,$56.17,$162.91,$212.00,$98.00,$98.00,,,$1.10,$5.49,,,$4.30,$16.99,,15,,,,,1995-06-01
12246880,Basketball Cards 1995 Finest,Charles Oakley [w/ Coating] #87,,,,,,,,,,,,,,,,,,,0,,,,,1995-06-01
12246623,Basketball Cards 1995 Finest,Charles Smith #155,,,,,,,,,,,,,,,,,,,0,,,,,1995-06-01
83230,Basketball Cards 1995 Finest,Charles Smith [Refractor w/ Coating] #155,$2.99,,,,,,,,,,,,$3.29,,,,,,1,,,,,1995-06-01
83229,Basketball Cards 1995 Finest,Charles Smith [Refractor] #155,$1.99,,,,,,,,,,,,$2.19,,,,,,1,,,,,1995-06-01
12246878,Basketball Cards 1995 Finest,Charles Smith [w/ Coating] #155,,,,,,,,,,,,,,,,,,,0,,,,,1995-06-01
12246611,Basketball Cards 1995 Finest,Checklist 1-110 #140,$1.25,,$8.03,$16.39,$30.27,$67.74,$88.00,$41.00,$41.00,,,,$1.39,,,$1.80,$8.79,,10,,,,,1995-06-01
12246847,Basketball Cards 1995 Finest,Checklist 1-110 [w/ Coating] #140,,,,,,,,,,,,,,,,,,,0,,,,,1995-06-01
12246581,Basketball Cards 1995 Finest,Cherokee Parks #122,$0.99,,,,,,,,,,,,$1.09,,,,,,1,,,,,1995-06-01
83199,Basketball Cards 1995 Finest,Cherokee Parks [w/ Coating] #122,$0.99,,,,,,,,,,,,$1.09,,,,,,1,,,,,1995-06-01
11184886,Basketball Cards 1995 Finest,Chris Childs #188,$0.99,,,,,,,,,,,,$1.09,,,,,,1,,,,,1995-06-01
12247025,Basketball Cards 1995 Finest,Chris Childs [Refractor w/ Coating] #188,,,,,,,,,,,,,,,,,,,0,,,,,1995-06-01
12246751,Basketball Cards 1995 Finest,Chris Childs [Refractor] #188,$2.75,,$11.66,$24.05,$42.58,$112.97,$147.00,$68.00,$68.00,,,,$2.99,,,$3.30,$12.99,,11,,,,,1995-06-01
12246930,Basketball Cards 1995 Finest,Chris Childs [w/ Coating] #188,,,,,,,,,,,,,,,,,,,0,,,,,1995-06-01
6741099,Basketball Cards 1995 Finest,Chris Dudley #74,$2.34,,$4.44,$8.50,$9.00,,,,,,,,$2.59,,,$1.00,$4.89,,4,,,,,1995-06-01
12247079,Basketball Cards 1995 Finest,Chris Dudley [Refractor w/ Coating] #74,,,,,,,,,,,,,,,,,,,0,,,,,1995-06-01
12246702,Basketball Cards 1995 Finest,Chris Dudley [Refractor] #74,$2.25,,,,,,,,,,,,$2.49,,,,,,1,,,,,1995-06-01
12246860,Basketball Cards 1995 Finest,Chris Dudley [w/ Coating] #74,,,,,,,,,,,,,,,,,,,0,,,,,1995-06-01
7108565,Basketball Cards 1995 Finest,Chris Gatling #156,$1.75,,,,,,,,,,,,$1.89,,,,,,1,,,,,1995-06-01
12247117,Basketball Cards 1995 Finest,Chris Gatling [Refractor w/ Coating] #156,,,,,,,,,,,,,,,,,,,0,,,,,1995-06-01
12246727,Basketball Cards 1995 Finest,Chris Gatling [Refractor] #156,$1.30,,,,,,,,,,,,$1.39,,,,,,1,,,,,1995-06-01
12246879,Basketball Cards 1995 Finest,Chris Gatling [w/ Coating] #156,,,,,,,,,,,,,,,,,,,0,,,,,1995-06-01
5694124,Basketball Cards 1995 Finest,Chris Mills #86,$0.48,,,,,,,,,,,,$0.99,,,,,,1,,,,,1995-06-01
12247090,Basketball Cards 1995 Finest,Chris Mills [Refractor w/ Coating] #86,,,,,,,,,,,,,,,,,,,0,,,,,1995-06-01
83162,Basketball Cards 1995 Finest,Chris Mills [Refractor] #86,$1.97,,,,,,,,,,,,$2.19,,,,,,1,,,,,1995-06-01
12246877,Basketball Cards 1995 Finest,Chris Mills [w/ Coating] #86,,,,,,,,,,,,,,,,,,,0,,,,,1995-06-01
12246640,Basketball Cards 1995 Finest,Chris Morris #250,$1.23,,$7.97,$16.27,$30.08,$67.03,$87.00,$40.00,$40.00,,,,$1.39,,,$1.80,$8.79,,5,,,,,1995-06-01
83319,Basketball Cards 1995 Finest,Chris Morris [Refractor w/ Coating] #250,$1.44,$8.00,$9.99,,,,,,,,,,$1.59,$1.80,$8.79,$2.80,$10.99,,4,,,,,1995-06-01
12246683,Basketball Cards 1995 Finest,Chris Morris [Refractor] #250,$0.99,,$7.39,$15.05,$28.11,$59.80,$78.00,$36.00,$36.00,,,,$1.09,,,$1.60,$8.09,,12,,,,,1995-06-01
12246980,Basketball Cards 1995 Finest,Chris Morris [w/ Coating] #250,,,,,,,,,,,,,,,,,,,0,,,,,1995-06-01
12246637,Basketball Cards 1995 Finest,Chris Mullin #246,$1.99,,$9.82,$20.18,$36.36,$90.12,$117.00,$54.00,$54.00,,,,$2.19,,,$2.80,$10.99,,7,,,,,1995-06-01
12247082,Basketball Cards 1995 Finest,Chris Mullin [Refractor w/ Coating] #246,$10.25,,$29.81,$62.36,$104.19,$339.31,$441.00,$204.00,$204.00,,,$2.80,$10.99,,,$9.90,$32.99,,7,,,,,1995-06-01
83312,Basketball Cards 1995 Finest,Chris Mullin [Refractor] #246,$6.81,$9.30,$19.99,$100.00,$110.00,,,,,,,$1.50,$7.49,$2.00,$9.99,$6.60,$21.99,,8,,,,,1995-06-01
12246977,Basketball Cards 1995 Finest,Chris Mullin [w/ Coating] #246,$2.99,,$12.24,$25.27,$44.56,$120.22,$156.00,$72.00,$72.00,,,,$3.29,,,$3.30,$12.99,,9,,,,,1995-06-01
12246615,Basketball Cards 1995 Finest,Chris Webber #144,$1.69,,$9.10,$18.65,$33.90,$81.09,$105.00,$49.00,$49.00,,,,$1.89,,,$2.00,$9.99,,18,,,,,1995-06-01
83217,Basketball Cards 1995 Finest,Chris Webber [Refractor w/ Coating] #144,$12.50,,$23.88,$120.00,$132.00,$437.50,$569.00,$263.00,$263.00,,,$3.50,$13.99,,,$7.80,$25.99,,5,,,,,1995-06-01
83216,Basketball Cards 1995 Finest,Chris Webber [Refractor] #144,$13.02,,$22.72,$76.48,$126.89,$422.71,$550.00,$254.00,$254.00,,,$3.50,$13.99,,,$7.50,$24.99,,7,,,,,1995-06-01
83219,Basketball Cards 1995 Finest,Chris Webber [w/ Coating] #144,$0.99,,,,,,,,,,,,$1.09,,,,,,1,,,,,1995-06-01
12246573,Basketball Cards 1995 Finest,Christian Laettner #104,$1.99,,,,,,,,,,,,$2.19,,,,,,1,,,,,1995-06-01
83174,Basketball Cards 1995 Finest,Christian Laettner [Refractor w/ Coating] #104,$4.14,,,,,,,,,,,$0.90,$4.59,,,,,,3,,,,,1995-06-01
83173,Basketball Cards 1995 Finest,Christian Laettner [Refractor] #104,$3.99,,,,,,,,,,,$0.90,$4.39,,,,,,3,,,,,1995-06-01
12246913,Basketball Cards 1995 Finest,Christian Laettner [w/ Coating] #104,,,,,,,,,,,,,,,,,,,0,,,,,1995-06-01
12246618,Basketball Cards 1995 Finest,Chuck Person #146,$1.75,,,,,,,,,,,,$1.89,,,,,,1,,,,,1995-06-01
12247112,Basketball Cards 1995 Finest,Chuck Person [Refractor w/ Coating] #146,,,,,,,,,,,,,,,,,,,0,,,,,1995-06-01
12246721,Basketball Cards 1995 Finest,Chuck Person [Refractor] #146,$1.58,,,$56.45,$62.00,,,,,,,,$1.69,,,,,,2,,,,,1995-06-01
12246859,Basketball Cards 1995 Finest,Chuck Person [w/ Coating] #146,,,,,,,,,,,,,,,,,,,0,,,,,1995-06-01
12246612,Basketball Cards 1995 Finest,Chucky Brown #141,,,,,,,,,,,,,,,,,,,0,,,,,1995-06-01
83218,Basketball Cards 1995 Finest,Chucky Brown [Refractor w/ Coating] #141,$3.72,,,$21.27,$23.00,,,,,,,$0.80,$4.09,,,,,,2,,,,,1995-06-01
12246717,Basketball Cards 1995 Finest,Chucky Brown [Refractor] #141,,,,$45.00,$50.00,,,,,,,,,,,,,,1,,,,,1995-06-01
12246849,Basketball Cards 1995 Finest,Chucky Brown [w/ Coating] #141,,,,,,,,,,,,,,,,,,,0,,,,,1995-06-01
12246607,Basketball Cards 1995 Finest,Clarence Weatherspoon #221,,,,,,,,,,,,,,,,,,,0,,,,,1995-06-01
83285,Basketball Cards 1995 Finest,Clarence Weatherspoon [Refractor w/ Coating] #221,$1.99,,,$36.92,$41.00,,,,,,,,$2.19,,,,,,3,,,,,1995-06-01
12246650,Basketball Cards 1995 Finest,Clarence Weatherspoon [Refractor] #221,,,,$31.00,$34.00,,,,,,,,,,,,,,1,,,,,1995-06-01
12246959,Basketball Cards 1995 Finest,Clarence Weatherspoon [w/ Coating] #221,,,,,,,,,,,,,,,,,,,0,,,,,1995-06-01
5694083,Basketball Cards 1995 Finest,Clifford Robinson #110,$0.25,,,,,,,,,,,,$0.99,,,,,,0,,,,,1995-06-01
12247108,Basketball Cards 1995 Finest,Clifford Robinson [Refractor w/ Coating] #110,$3.99,,,,,,,,,,,$0.90,$4.39,,,,,,1,,,,,1995-06-01
83179,Basketball Cards 1995 Finest,Clifford Robinson [Refractor] #110,$5.48,,,,,$48.50,$63.00,$29.00,$29.00,,,$1.20,$5.99,,,,,,4,,,,,1995-06-01
12246834,Basketball Cards 1995 Finest,Clifford Robinson [w/ Coating] #110,,,,,,,,,,,,,,,,,,,0,,,,,1995-06-01
7108571,Basketball Cards 1995 Finest,Clifford Rozier #193,$0.99,,,$47.34,$52.00,,,,,,,,$1.09,,,,,,4,,,,,1995-06-01
12247028,Basketball Cards 1995 Finest,Clifford Rozier [Refractor w/ Coating] #193,,,,,,,,,,,,,,,,,,,0,,,,,1995-06-01
12246753,Basketball Cards 1995 Finest,Clifford Rozier [Refractor] #193,$1.80,,,,,,,,,,,,$1.99,,,,,,1,,,,,1995-06-01
12246935,Basketball Cards 1995 Finest,Clifford Rozier [w/ Coating] #193,,,,,,,,,,,,,,,,,,,0,,,,,1995-06-01
12246534,Basketball Cards 1995 Finest,Clyde Drexler #75,$2.98,,$12.21,$25.22,$44.47,$119.92,$156.00,$72.00,$72.00,,,,$3.29,,,$3.30,$12.99,,13,,,,,1995-06-01
83152,Basketball Cards 1995 Finest,Clyde Drexler [Refractor w/ Coating] #75,$6.00,,$16.50,$58.00,$64.00,,,,,,,$1.30,$6.59,,,$4.50,$17.99,,5,,,,,1995-06-01
83151,Basketball Cards 1995 Finest,Clyde Drexler [Refractor] #75,$10.94,,$11.33,$24.99,$27.00,,,,,,,$3.00,$11.99,,,$3.00,$11.99,,7,,,,,1995-06-01
12246861,Basketball Cards 1995 Finest,Clyde Drexler [w/ Coating] #75,,,,,,,,,,,,,,,,,,,0,,,,,1995-06-01
83200,Basketball Cards 1995 Finest,Corliss Williamson #123,$2.46,,$10.95,$22.56,$40.20,$65.99,$86.00,$40.00,$40.00,,,,$2.69,,,$3.00,$11.99,,10,,,,,1995-06-01
83201,Basketball Cards 1995 Finest,Corliss Williamson [w/ Coating] #123,$1.72,,,$27.00,$30.00,,,,,,,,$1.89,,,,,,3,,,,,1995-06-01
12246605,Basketball Cards 1995 Finest,Cory Alexander #139,,,,,,,,,,,,,,,,,,,0,,,,,1995-06-01
12246845,Basketball Cards 1995 Finest,Cory Alexander [w/ Coating] #139,,,,,,,,,,,,,,,,,,,0,,,,,1995-06-01
12246532,Basketball Cards 1995 Finest,Craig Ehlo #72,$1.00,,,,,,,,,,,,$1.09,,,,,,1,,,,,1995-06-01
12247075,Basketball Cards 1995 Finest,Craig Ehlo [Refractor w/ Coating] #72,,,,,,,,,,,,,,,,,,,0,,,,,1995-06-01
12246699,Basketball Cards 1995 Finest,Craig Ehlo [Refractor] #72,$4.95,,$16.99,$35.30,$60.68,$179.45,$233.00,$108.00,$108.00,,,$1.10,$5.49,,,$4.80,$18.99,,11,,,,,1995-06-01
12246857,Basketball Cards 1995 Finest,Craig Ehlo [w/ Coating] #72,,,,,,,,,,,,,,,,,,,0,,,,,1995-06-01
12246570,Basketball Cards 1995 Finest,Dale Davis #101,,,,,,,,,,,,,,,,,,,0,,,,,1995-06-01
12247101,Basketball Cards 1995 Finest,Dale Davis [Refractor w/ Coating] #101,,,,,,,,,,,,,,,,,,,0,,,,,1995-06-01
83171,Basketball Cards 1995 Finest,Dale Davis [Refractor] #101,$3.90,,$6.50,,,,,,,,,$0.90,$4.29,,,$1.40,$7.19,,4,,,,,1995-06-01
12246908,Basketball Cards 1995 Finest,Dale Davis [w/ Coating] #101,,,,,,,,,,,,,,,,,,,0,,,,,1995-06-01
12246501,Basketball Cards 1995 Finest,Dale Ellis #26,,,,,,,,,,,,,,,,,,,0,,,,,1995-06-01
83114,Basketball Cards 1995 Finest,Dale Ellis [Refractor w/ Coating] #26,$4.00,$20.00,,$33.85,$37.00,,,,,,,$0.90,$4.39,$6.60,$21.99,,,,4,,,,,1995-06-01
12246677,Basketball Cards 1995 Finest,Dale Ellis [Refractor] #26,$1.25,,,,,,,,,,,,$1.39,,,,,,1,,,,,1995-06-01
12246802,Basketball Cards 1995 Finest,Dale Ellis [w/ Coating] #26,,,,,,,,,,,,,,,,,,,0,,,,,1995-06-01
83192,Basketball Cards 1995 Finest,Damon Stoudamire #117,$1.50,,$9.31,$22.49,$32.33,$81.90,$106.00,$49.00,$49.00,,,,$1.69,,,$2.00,$9.99,,39,,,,,1995-06-01
83193,Basketball Cards 1995 Finest,Damon Stoudamire [w/ Coating] #117,$1.25,$3.00,$11.55,$13.00,$14.00,,,,,,,,$1.39,,$3.29,$3.30,$12.99,,8,,,,,1995-06-01
12246638,Basketball Cards 1995 Finest,Dan Majerle #248,$1.72,,,,,,,,,,,,$1.89,,,,,,5,,,,,1995-06-01
12247084,Basketball Cards 1995 Finest,Dan Majerle [Refractor w/ Coating] #248,$2.40,,,,,,,,,,,,$2.59,,,,,,1,,,,,1995-06-01
83316,Basketball Cards 1995 Finest,Dan Majerle [Refractor] #248,$3.51,,,,,,,,,,,$0.80,$3.89,,,,,,3,,,,,1995-06-01
12246978,Basketball Cards 1995 Finest,Dan Majerle [w/ Coating] #248,,,,,,,,,,,,,,,,,,,0,,,,,1995-06-01
7108570,Basketball Cards 1995 Finest,Dana Barros #181,$1.99,,,,,,,,,,,,$2.19,,,,,,5,,,,,1995-06-01
12247015,Basketball Cards 1995 Finest,Dana Barros [Refractor w/ Coating] #181,,,,,,,,,,,,,,,,,,,0,,,,,1995-06-01
12246744,Basketball Cards 1995 Finest,Dana Barros [Refractor] #181,$2.50,,,,,,,,,,,,$2.79,,,,,,1,,,,,1995-06-01
12246923,Basketball Cards 1995 Finest,Dana Barros [w/ Coating] #181,,,,,,,,,,,,,,,,,,,0,,,,,1995-06-01
7108577,Basketball Cards 1995 Finest,Danny Ferry #225,$2.99,,$25.00,,,,,,,,,,$3.29,,,$8.40,$27.99,,2,,,,,1995-06-01
12247054,Basketball Cards 1995 Finest,Danny Ferry [Refractor w/ Coating] #225,,,,,,,,,,,,,,,,,,,0,,,,,1995-06-01
12246654,Basketball Cards 1995 Finest,Danny Ferry [Refractor] #225,$0.99,,,,,,,,,,,,$1.09,,,,,,1,,,,,1995-06-01
12246963,Basketball Cards 1995 Finest,Danny Ferry [w/ Coating] #225,,,,,,,,,,,,,,,,,,,0,,,,,1995-06-01
12246604,Basketball Cards 1995 Finest,Danny Manning #217,,,,,,,,,,,,,,,,,,,0,,,,,1995-06-01
83280,Basketball Cards 1995 Finest,Danny Manning [Refractor w/ Coating] #217,$2.79,,$26.00,,,,,,,,,,$3.09,,,$8.70,$28.99,,3,,,,,1995-06-01
12246646,Basketball Cards 1995 Finest,Danny Manning [Refractor] #217,$1.16,,$7.81,$15.93,$29.53,$65.03,$85.00,$39.00,$39.00,,,,$1.29,,,$1.70,$8.59,,7,,,,,1995-06-01
12246957,Basketball Cards 1995 Finest,Danny Manning [w/ Coating] #217,,,,,,,,,,,,,,,,,,,0,,,,,1995-06-01
12246626,Basketball Cards 1995 Finest,Darrin Hancock #157,$1.59,,,,,,,,,,,,$1.79,,,,,,1,,,,,1995-06-01
12247119,Basketball Cards 1995 Finest,Darrin Hancock [Refractor w/ Coating] #157,,,,,,,,,,,,,,,,,,,0,,,,,1995-06-01
12246728,Basketball Cards 1995 Finest,Darrin Hancock [Refractor] #157,$1.99,,,,,,,,,,,,$2.19,,,,,,1,,,,,1995-06-01
12246883,Basketball Cards 1995 Finest,Darrin Hancock [w/ Coating] #157,,,,,,,,,,,,,,,,,,,0,,,,,1995-06-01
83308,Basketball Cards 1995 Finest,David Robinson #245,$1.94,$4.00,$5.00,$19.96,$36.01,$37.01,$48.00,$22.00,$22.00,,,,$2.09,$0.90,$4.39,$1.10,$5.49,,24,,,,,1995-06-01
83310,Basketball Cards 1995 Finest,David Robinson [Refractor w/ Coating] #245,$21.19,$8.49,$45.00,$72.63,$80.00,$831.25,$1081.00,$499.00,$499.00,,,$6.90,$22.99,$1.90,$9.29,$20.00,$49.99,,6,,,,,1995-06-01
83309,Basketball Cards 1995 Finest,David Robinson [Refractor] #245,$25.00,,$26.00,$62.83,$225.52,$236.50,$307.00,$142.00,$142.00,,,$8.40,$27.99,,,$8.70,$28.99,,10,,,,,1995-06-01
83311,Basketball Cards 1995 Finest,David Robinson [w/ Coating] #245,$3.04,$2.00,$2.40,$25.58,$45.05,$122.05,$159.00,$73.00,$73.00,,,,$3.29,,$2.19,,$2.59,,10,,,,,1995-06-01
12246594,Basketball Cards 1995 Finest,David Vaughn #135,,,,,,,,,,,,,,,,,,,0,,,,,1995-06-01
5158517,Basketball Cards 1995 Finest,David Vaughn [w/ Coating] #135,$1.99,,$3.25,,,,,,,,,,$2.19,,,,$3.59,,2,,,,,1995-06-01
12246504,Basketball Cards 1995 Finest,Dee Brown #29,$3.99,,,,,,,,,,,$0.90,$4.39,,,,,,1,,,,,1995-06-01
12247000,Basketball Cards 1995 Finest,Dee Brown [Refractor w/ Coating] #29,,,,,,,,,,,,,,,,,,,0,,,,,1995-06-01
12246680,Basketball Cards 1995 Finest,Dee Brown [Refractor] #29,$0.99,,,,,,,,,,,,$1.09,,,,,,1,,,,,1995-06-01
12246804,Basketball Cards 1995 Finest,Dee Brown [w/ Coating] #29,,,,,,,,,,,,,,,,,,,0,,,,,1995-06-01
12246519,Basketball Cards 1995 Finest,Dell Curry #51,$1.39,,$8.37,$17.11,$31.43,$72.01,$94.00,$43.00,$43.00,,,,$1.49,,,$1.80,$9.19,,18,,,,,1995-06-01
12247030,Basketball Cards 1995 Finest,Dell Curry [Refractor w/ Coating] #51,,,,,,,,,,,,,,,,,,,0,,,,,1995-06-01
12246689,Basketball Cards 1995 Finest,Dell Curry [Refractor] #51,$3.90,,$14.44,$29.93,$52.06,$147.78,$192.00,$89.00,$89.00,,,$0.90,$4.29,,,$4.00,$15.99,,13,,,,,1995-06-01
12246823,Basketball Cards 1995 Finest,Dell Curry [w/ Coating] #51,,,,,,,,,,,,,,,,,,,0,,,,,1995-06-01
83220,Basketball Cards 1995 Finest,Dennis Rodman #149,$3.74,$14.75,$17.27,$33.00,$50.01,$106.25,$138.00,$64.00,$64.00,,,$0.80,$4.09,$4.00,$15.99,$4.80,$18.99,,106,,,,,1995-06-01
83222,Basketball Cards 1995 Finest,Dennis Rodman [Refractor w/ Coating] #149,$68.72,$50.00,$199.99,$220.00,$242.00,,,,,,,$30.40,$75.99,$22.00,$54.99,$110.00,$220.00,,8,,,,,1995-06-01
83221,Basketball Cards 1995 Finest,Dennis Rodman [Refractor] #149,$47.92,$42.00,$52.03,$144.99,$159.00,,,,,,,$21.20,$52.99,$18.40,$45.99,$22.80,$56.99,,8,,,,,1995-06-01
83223,Basketball Cards 1995 Finest,Dennis Rodman [w/ Coating] #149,$3.19,$11.99,$21.58,$36.42,$46.23,$126.36,$164.00,$76.00,$76.00,,,,$3.49,$3.30,$12.99,$7.20,$23.99,,21,,,,,1995-06-01
12246584,Basketball Cards 1995 Finest,Dennis Scott #199,,,,,,,,,,,,,,,,,,,0,,,,,1995-06-01
12247031,Basketball Cards 1995 Finest,Dennis Scott [Refractor w/ Coating] #199,,,,,,,,,,,,,,,,,,,0,,,,,1995-06-01
10855176,Basketball Cards 1995 Finest,Dennis Scott [Refractor] #199,$3.15,,$12.63,$26.10,$45.89,$125.11,$163.00,$75.00,$75.00,,,,$3.49,,,$3.50,$13.99,,14,,,,,1995-06-01
12246941,Basketball Cards 1995 Finest,Dennis Scott [w/ Coating] #199,,,,,,,,,,,,,,,,,,,0,,,,,1995-06-01
12246521,Basketball Cards 1995 Finest,Derek Harper #54,,,,,,,,,,,,,,,,,,,0,,,,,1995-06-01
12247040,Basketball Cards 1995 Finest,Derek Harper [Refractor w/ Coating] #54,,,,,,,,,,,,,,,,,,,0,,,,,1995-06-01
83144,Basketball Cards 1995 Finest,Derek Harper [Refractor] #54,$3.99,,$9.01,$82.00,$90.00,,,,,,,$0.90,$4.39,,,$2.00,$9.89,,4,,,,,1995-06-01
12246826,Basketball Cards 1995 Finest,Derek Harper [w/ Coating] #54,,,,,,,,,,,,,,,,,,,0,,,,,1995-06-01
12246629,Basketball Cards 1995 Finest,Derrick Coleman #240,$1.99,,,,,,,,,,,,$2.19,,,,,,1,,,,,1995-06-01
12247076,Basketball Cards 1995 Finest,Derrick Coleman [Refractor w/ Coating] #240,,,,,,,,,,,,,,,,,,,0,,,,,1995-06-01
83302,Basketball Cards 1995 Finest,Derrick Coleman [Refractor] #240,$2.92,,,$35.00,$39.00,,,,,,,,$3.19,,,,,,3,,,,,1995-06-01
12246973,Basketball Cards 1995 Finest,Derrick Coleman [w/ Coating] #240,,,,,,,,,,,,,,,,,,,0,,,,,1995-06-01
7108579,Basketball Cards 1995 Finest,Derrick McKey #228,$1.92,,,,,,,,,,,,$2.09,,,,,,2,,,,,1995-06-01
12247061,Basketball Cards 1995 Finest,Derrick McKey [Refractor w/ Coating] #228,,,,,,,,,,,,,,,,,,,0,,,,,1995-06-01
12246658,Basketball Cards 1995 Finest,Derrick McKey [Refractor] #228,$0.99,,,,,,,,,,,,$1.09,,,,,,1,,,,,1995-06-01
12246966,Basketball Cards 1995 Finest,Derrick McKey [w/ Coating] #228,,,,,,,,,,,,,,,,,,,0,,,,,1995-06-01
7108580,Basketball Cards 1995 Finest,Detlef Schrempf #239,$3.18,,,,,$35.00,$46.00,$21.00,$21.00,,,,$3.49,,,,,,5,,,,,1995-06-01
12247074,Basketball Cards 1995 Finest,Detlef Schrempf [Refractor w/ Coating] #239,,,,,,,,,,,,,,,,,,,0,,,,,1995-06-01
12246674,Basketball Cards 1995 Finest,Detlef Schrempf [Refractor] #239,$3.25,,,,,,,,,,,,$3.59,,,,,,1,,,,,1995-06-01
12246972,Basketball Cards 1995 Finest,Detlef Schrempf [w/ Coating] #239,,,,,,,,,,,,,,,,,,,0,,,,,1995-06-01
12246525,Basketball Cards 1995 Finest,Dickey Simpkins #62,$1.00,,,,,,,,,,,,$1.09,,,,,,1,,,,,1995-06-01
12247055,Basketball Cards 1995 Finest,Dickey Simpkins [Refractor w/ Coating] #62,$5.27,,,,,,,,,,,$1.20,$5.79,,,,,,1,,,,,1995-06-01
83149,Basketball Cards 1995 Finest,Dickey Simpkins [Refractor] #62,$1.76,,,$19.99,$22.00,,,,,,,,$1.89,,,,,,4,,,,,1995-06-01
12246835,Basketball Cards 1995 Finest,Dickey Simpkins [w/ Coating] #62,$3.40,,,,,,,,,,,,$3.69,,,,,,5,,,,,1995-06-01
5696386,Basketball Cards 1995 Finest,Dikembe Mutombo #55,$1.79,,,,,$37.99,$49.00,$23.00,$23.00,,,,$1.99,,,,,,4,,,,,1995-06-01
83145,Basketball Cards 1995 Finest,Dikembe Mutombo [Refractor w/ Coating] #55,$6.50,,$20.00,$22.00,$24.00,,,,,,,$1.40,$7.19,,,$6.60,$21.99,,7,,,,,1995-06-01
12246691,Basketball Cards 1995 Finest,Dikembe Mutombo [Refractor] #55,$10.99,,$33.31,$37.00,$110.32,$361.85,$470.00,$217.00,$217.00,,,$3.00,$11.99,,,$14.80,$36.99,,11,,,,,1995-06-01
12246827,Basketball Cards 1995 Finest,Dikembe Mutombo [w/ Coating] #55,,,,,,,,,,,,,,,,,,,0,,,,,1995-06-01
12246528,Basketball Cards 1995 Finest,Dino Radja #65,,,,,,,,,,,,,,,,,,,0,,,,,1995-06-01
12247060,Basketball Cards 1995 Finest,Dino Radja [Refractor w/ Coating] #65,,,,,,,,,,,,,,,,,,,0,,,,,1995-06-01
12246696,Basketball Cards 1995 Finest,Dino Radja [Refractor] #65,$1.25,,$8.03,$16.39,$30.27,$67.75,$88.00,$41.00,$41.00,,,,$1.39,,,$1.80,$8.79,,15,,,,,1995-06-01
12246841,Basketball Cards 1995 Finest,Dino Radja [w/ Coating] #65,,,,,,,,,,,,,,,,,,,0,,,,,1995-06-01
12246633,Basketball Cards 1995 Finest,Doc Rivers #212,$1.38,,$8.34,$26.99,$31.34,$71.68,$93.00,$43.00,$43.00,,,,$1.49,,,$1.80,$9.19,,23,,,,,1995-06-01
12247046,Basketball Cards 1995 Finest,Doc Rivers [Refractor w/ Coating] #212,,,,,,,,,,,,,,,,,,,0,,,,,1995-06-01
12246767,Basketball Cards 1995 Finest,Doc Rivers [Refractor] #212,$1.40,,$8.39,$17.16,$31.52,$72.31,$94.00,$43.00,$43.00,,,,$1.49,,,$1.80,$9.19,,9,,,,,1995-06-01
83277,Basketball Cards 1995 Finest,Doc Rivers [w/ Coating] #212,$2.63,,,,,,,,,,,,$2.89,,,,,,3,,,,,1995-06-01
12246559,Basketball Cards 1995 Finest,Donald Royal #170,,,,,,,,,,,,,,,,,,,0,,,,,1995-06-01
12247023,Basketball Cards 1995 Finest,Donald Royal [Refractor w/ Coating] #170,,,,,,,,,,,,,,,,,,,0,,,,,1995-06-01
83240,Basketball Cards 1995 Finest,Donald Royal [Refractor] #170,$1.77,,,$8.50,$9.00,,,,,,,,$1.99,,,,,,2,,,,,1995-06-01
12246902,Basketball Cards 1995 Finest,Donald Royal [w/ Coating] #170,$0.99,,,,,,,,,,,,$1.09,,,,,,1,,,,,1995-06-01
7108575,Basketball Cards 1995 Finest,Donyell Marshall #215,$1.75,,,,,,,,,,,,$1.89,,,,,,1,,,,,1995-06-01
12247050,Basketball Cards 1995 Finest,Donyell Marshall [Refractor w/ Coating] #215,,,,,,,,,,,,,,,,,,,0,,,,,1995-06-01
12246647,Basketball Cards 1995 Finest,Donyell Marshall [Refractor] #215,$0.99,,,,,,,,,,,,$1.09,,,,,,1,,,,,1995-06-01
12246954,Basketball Cards 1995 Finest,Donyell Marshall [w/ Coating] #215,,,,,,,,,,,,,,,,,,,0,,,,,1995-06-01
5694248,Basketball Cards 1995 Finest,Doug West #84,$2.81,,$34.99,,,$338.00,$439.00,$203.00,$203.00,,,,$3.09,,,$15.20,$37.99,,6,,,,,1995-06-01
12247088,Basketball Cards 1995 Finest,Doug West [Refractor w/ Coating] #84,,,,,,,,,,,,,,,,,,,0,,,,,1995-06-01
12246707,Basketball Cards 1995 Finest,Doug West [Refractor] #84,$0.99,,$9.24,$18.95,$34.39,$338.00,$439.00,$203.00,$203.00,,,,$1.09,,,$2.00,$9.99,,12,,,,,1995-06-01
12246873,Basketball Cards 1995 Finest,Doug West [w/ Coating] #84,,,,,,,,,,,,,,,,,,,0,,,,,1995-06-01
12246524,Basketball Cards 1995 Finest,Duane Ferrell #61,,,,,,,,,,,,,,,,,,,0,,,,,1995-06-01
12247052,Basketball Cards 1995 Finest,Duane Ferrell [Refractor w/ Coating] #61,,,,,,,,,,,,,,,,,,,0,,,,,1995-06-01
12246693,Basketball Cards 1995 Finest,Duane Ferrell [Refractor] #61,,,$25.00,,,,,,,,,,,,,$8.40,$27.99,,1,,,,,1995-06-01
12246832,Basketball Cards 1995 Finest,Duane Ferrell [w/ Coating] #61,,,,,,,,,,,,,,,,,,,0,,,,,1995-06-01
5694082,Basketball Cards 1995 Finest,Ed O'Bannon #119,$1.43,,,,$1.65,,,,,,,,$1.59,,,,,,5,,,,,1995-06-01
83194,Basketball Cards 1995 Finest,Ed O'Bannon [w/ Coating] #119,$1.56,,,,,,,,,,,,$1.69,,,,,,1,,,,,1995-06-01
12246554,Basketball Cards 1995 Finest,Eddie Jones #95,$1.00,,,,,,,,,,,,$1.09,,,,,,1,,,,,1995-06-01
83167,Basketball Cards 1995 Finest,Eddie Jones [Refractor w/ Coating] #95,$3.25,,$5.01,,,,,,,,,,$3.59,,,$1.10,$5.49,,2,,,,,1995-06-01
83166,Basketball Cards 1995 Finest,Eddie Jones [Refractor] #95,$14.99,,,$61.94,$68.00,,,,,,,$4.00,$15.99,,,,,,3,,,,,1995-06-01
12246896,Basketball Cards 1995 Finest,Eddie Jones [w/ Coating] #95,,,,,,,,,,,,,,,,,,,0,,,,,1995-06-01
12246495,Basketball Cards 1995 Finest,Elden Campbell #19,$3.25,,,,,,,,,,,,$3.59,,,,,,1,,,,,1995-06-01
12246995,Basketball Cards 1995 Finest,Elden Campbell [Refractor w/ Coating] #19,,,,,,,,,,,,,,,,,,,0,,,,,1995-06-01
12246671,Basketball Cards 1995 Finest,Elden Campbell [Refractor] #19,,,,,,,,,,,,,,,,,,,0,,,,,1995-06-01
12246797,Basketball Cards 1995 Finest,Elden Campbell [w/ Coating] #19,,,,,,,,,,,,,,,,,,,0,,,,,1995-06-01
7108567,Basketball Cards 1995 Finest,Elliot Perry #163,$3.60,$20.00,,,,$14.99,$19.00,$9.00,$9.00,,,$0.80,$3.99,$6.60,$21.99,,,,4,,,,,1995-06-01
12247123,Basketball Cards 1995 Finest,Elliot Perry [Refractor w/ Coating] #163,,,,,,,,,,,,,,,,,,,0,,,,,1995-06-01
12246732,Basketball Cards 1995 Finest,Elliot Perry [Refractor] #163,$1.93,,$9.67,$19.86,$35.85,$88.22,$115.00,$53.00,$53.00,,,,$2.09,,,$2.80,$10.99,,11,,,,,1995-06-01
12246891,Basketball Cards 1995 Finest,Elliot Perry [w/ Coating] #163,,,,,,,,,,,,,,,,,,,0,,,,,1995-06-01
7108563,Basketball Cards 1995 Finest,Eric Mobley #142,$2.99,,,,,,,,,,,,$3.29,,,,,,1,,,,,1995-06-01
12247109,Basketball Cards 1995 Finest,Eric Mobley [Refractor w/ Coating] #142,,,,,,,,,,,,,,,,,,,0,,,,,1995-06-01
12246719,Basketball Cards 1995 Finest,Eric Mobley [Refractor] #142,$1.34,,$8.25,$16.85,$31.02,$70.50,$92.00,$42.00,$42.00,,,,$1.49,,,$1.80,$9.09,,7,,,,,1995-06-01
12246851,Basketball Cards 1995 Finest,Eric Mobley [w/ Coating] #142,,,,,,,,,,,,,,,,,,,0,,,,,1995-06-01
12246597,Basketball Cards 1995 Finest,Eric Montross #206,,,,,,,,,,,,,,,,,,,0,,,,,1995-06-01
12247041,Basketball Cards 1995 Finest,Eric Montross [Refractor w/ Coating] #206,,,,,,,,,,,,,,,,,,,0,,,,,1995-06-01
12246762,Basketball Cards 1995 Finest,Eric Montross [Refractor] #206,,,,$35.00,$39.00,,,,,,,,,,,,,,1,,,,,1995-06-01
12246948,Basketball Cards 1995 Finest,Eric Montross [w/ Coating] #206,,,,,,,,,,,,,,,,,,,0,,,,,1995-06-01
12246566,Basketball Cards 1995 Finest,Eric Murdock #183,$0.16,,,,,,,,,,,,$0.99,,,,,,1,,,,,1995-06-01
83252,Basketball Cards 1995 Finest,Eric Murdock [Refractor w/ Coating] #183,$1.67,,$1.99,,,,,,,,,,$1.79,,,,$2.19,,3,,,,,1995-06-01
12246747,Basketball Cards 1995 Finest,Eric Murdock [Refractor] #183,,,$50.00,,,,,,,,,,,,,$22.00,$54.99,,1,,,,,1995-06-01
12246925,Basketball Cards 1995 Finest,Eric Murdock [w/ Coating] #183,,,,,,,,,,,,,,,,,,,0,,,,,1995-06-01
12246561,Basketball Cards 1995 Finest,Eric Piatkowski #172,,,,,,,,,,,,,,,,,,,0,,,,,1995-06-01
12247010,Basketball Cards 1995 Finest,Eric Piatkowski [Refractor w/ Coating] #172,,,,,,,,,,,,,,,,,,,0,,,,,1995-06-01
12246737,Basketball Cards 1995 Finest,Eric Piatkowski [Refractor] #172,,,,,,,,,,,,,,,,,,,0,,,,,1995-06-01
12246907,Basketball Cards 1995 Finest,Eric Piatkowski [w/ Coating] #172,,,,,,,,,,,,,,,,,,,0,,,,,1995-06-01
12246583,Basketball Cards 1995 Finest,Eric Williams #124,,,,,,,,,,,,,,,,,,,0,,,,,1995-06-01
12246838,Basketball Cards 1995 Finest,Eric Williams [w/ Coating] #124,$1.99,,,,,,,,,,,,$2.19,,,,,,1,,,,,1995-06-01
12246494,Basketball Cards 1995 Finest,Ervin Johnson #18,,,,,,,,,,,,,,,,,,,0,,,,,1995-06-01
12246994,Basketball Cards 1995 Finest,Ervin Johnson [Refractor w/ Coating] #18,$5.01,,,,,,,,,,,$1.10,$5.49,,,,,,1,,,,,1995-06-01
12246669,Basketball Cards 1995 Finest,Ervin Johnson [Refractor] #18,,,,$29.00,$32.00,,,,,,,,,,,,,,1,,,,,1995-06-01
12246796,Basketball Cards 1995 Finest,Ervin Johnson [w/ Coating] #18,,,,,,,,,,,,,,,,,,,0,,,,,1995-06-01
7108569,Basketball Cards 1995 Finest,Felton Spencer #176,$2.27,,$20.00,,,,,,,,,,$2.49,,,$6.60,$21.99,,2,,,,,1995-06-01
12247014,Basketball Cards 1995 Finest,Felton Spencer [Refractor w/ Coating] #176,,,,,,,,,,,,,,,,,,,0,,,,,1995-06-01
12246741,Basketball Cards 1995 Finest,Felton Spencer [Refractor] #176,$1.85,,,,,,,,,,,,$1.99,,,,,,1,,,,,1995-06-01
12246916,Basketball Cards 1995 Finest,Felton Spencer [w/ Coating] #176,,,,,,,,,,,,,,,,,,,0,,,,,1995-06-01
83131,Basketball Cards 1995 Finest,Gary Payton #40,$1.34,,$11.50,$12.99,$14.00,$37.17,$48.00,$22.00,$22.00,,,,$1.49,,,$3.30,$12.99,,8,,,,,1995-06-01
83133,Basketball Cards 1995 Finest,Gary Payton [Refractor w/ Coating] #40,$2.36,,$16.75,$132.06,$145.00,,,,,,,,$2.59,,,$4.50,$17.99,,6,,,,,1995-06-01
83132,Basketball Cards 1995 Finest,Gary Payton [Refractor] #40,$20.50,,$18.05,$99.99,$207.15,$717.64,$933.00,$431.00,$431.00,,,$6.90,$22.99,,,$5.00,$19.99,,8,,,,,1995-06-01
12246814,Basketball Cards 1995 Finest,Gary Payton [w/ Coating] #40,$2.69,,,,,,,,,,,,$2.99,,,,,,1,,,,,1995-06-01
83197,Basketball Cards 1995 Finest,Gary Trent #121,$1.82,,,,,$24.95,$32.00,$15.00,$15.00,,,,$1.99,,,,,,3,,,,,1995-06-01
83198,Basketball Cards 1995 Finest,Gary Trent [w/ Coating] #121,$0.84,,,,,,,,,,,,$0.99,,,,,,5,,,,,1995-06-01
12246585,Basketball Cards 1995 Finest,George McCloud #201,$0.11,,,,,,,,,,,,$0.99,,,,,,1,,,,,1995-06-01
12247035,Basketball Cards 1995 Finest,George McCloud [Refractor w/ Coating] #201,,,,,,,,,,,,,,,,,,,0,,,,,1995-06-01
12246758,Basketball Cards 1995 Finest,George McCloud [Refractor] #201,$1.74,,$9.23,$18.93,$34.36,$82.75,$108.00,$50.00,$50.00,,,,$1.89,,,$2.00,$9.99,,16,,,,,1995-06-01
12246943,Basketball Cards 1995 Finest,George McCloud [w/ Coating] #201,,,,,,,,,,,,,,,,,,,0,,,,,1995-06-01
12246591,Basketball Cards 1995 Finest,George Zidek #132,,,,,,,,,,,,,,,,,,,0,,,,,1995-06-01
83212,Basketball Cards 1995 Finest,George Zidek [w/ Coating] #132,$2.00,,,$15.99,$18.00,,,,,,,,$2.19,,,,,,2,,,,,1995-06-01
5696513,Basketball Cards 1995 Finest,Gheorghe Muresan #46,$0.99,,,$4.12,$5.00,,,,,,,,$1.09,,,,,,4,,,,,1995-06-01
12247019,Basketball Cards 1995 Finest,Gheorghe Muresan [Refractor w/ Coating] #46,,,,,,,,,,,,,,,,,,,0,,,,,1995-06-01
83139,Basketball Cards 1995 Finest,Gheorghe Muresan [Refractor] #46,$4.89,,$19.99,$57.70,$63.00,,,,,,,$1.10,$5.39,,,$6.60,$21.99,,4,,,,,1995-06-01
12246819,Basketball Cards 1995 Finest,Gheorghe Muresan [w/ Coating] #46,,,,,,,,,,,,,,,,,,,0,,,,,1995-06-01
12246572,Basketball Cards 1995 Finest,Glen Rice #189,$1.65,,$9.00,$18.43,$33.56,$79.82,$104.00,$48.00,$48.00,,,,$1.79,,,$2.00,$9.89,,13,,,,,1995-06-01
83256,Basketball Cards 1995 Finest,Glen Rice [Refractor w/ Coating] #189,$3.30,,,,,,,,,,,,$3.59,,,,,,1,,,,,1995-06-01
83255,Basketball Cards 1995 Finest,Glen Rice [Refractor] #189,$4.20,,,$35.00,$39.00,,,,,,,$0.90,$4.59,,,,,,5,,,,,1995-06-01
12246931,Basketball Cards 1995 Finest,Glen Rice [w/ Coating] #189,$2.49,,,,,,,,,,,,$2.69,,,,,,1,,,,,1995-06-01
12246518,Basketball Cards 1995 Finest,Glenn Robinson #50,$1.99,,,,,,,,,,,,$2.19,,,,,,1,,,,,1995-06-01
83142,Basketball Cards 1995 Finest,Glenn Robinson [Refractor w/ Coating] #50,$6.93,,,,,,,,,,,$1.50,$7.59,,,,,,1,,,,,1995-06-01
83141,Basketball Cards 1995 Finest,Glenn Robinson [Refractor] #50,$6.67,,,$15.50,$17.00,$176.75,$230.00,$106.00,$106.00,,,$1.50,$7.29,,,,,,5,,,,,1995-06-01
5158510,Basketball Cards 1995 Finest,Glenn Robinson [w/ Coating] #50,$1.10,,$7.60,,,,,,,,,,$1.19,,,$1.70,$8.39,,2,,,,,1995-06-01
83257,Basketball Cards 1995 Finest,Grant Hill #190,$2.00,$6.50,$20.00,$22.00,$35.94,$47.55,$62.00,$29.00,$29.00,,,,$2.19,$1.40,$7.19,$6.60,$21.99,,40,,,,,1995-06-01
83259,Basketball Cards 1995 Finest,Grant Hill [Refractor w/ Coating] #190,$14.49,$15.63,$48.91,$87.98,$97.00,$130.35,$169.00,$78.00,$78.00,,,$4.00,$15.99,$4.30,$16.99,$21.60,$53.99,,7,,,,,1995-06-01
83258,Basketball Cards 1995 Finest,Grant Hill [Refractor] #190,$12.07,$20.00,$24.88,$50.36,$117.78,$223.18,$290.00,$134.00,$134.00,,,$3.30,$12.99,$6.60,$21.99,$8.10,$26.99,,10,,,,,1995-06-01
83260,Basketball Cards 1995 Finest,Grant Hill [w/ Coating] #190,$1.74,$5.50,$13.38,$15.00,$34.31,$82.59,$107.00,$50.00,$50.00,,,,$1.89,$1.20,$6.09,$3.80,$14.99,,10,,,,,1995-06-01
12246634,Basketball Cards 1995 Finest,Grant Long #244,,,,,,,,,,,,,,,,,,,0,,,,,1995-06-01
83307,Basketball Cards 1995 Finest,Grant Long [Refractor w/ Coating] #244,$1.25,,,,,,,,,,,,$1.39,,,,,,1,,,,,1995-06-01
83306,Basketball Cards 1995 Finest,Grant Long [Refractor] #244,$2.61,,,,,,,,,,,,$2.89,,,,,,1,,,,,1995-06-01
12246976,Basketball Cards 1995 Finest,Grant Long [w/ Coating] #244,,,,,,,,,,,,,,,,,,,0,,,,,1995-06-01
5697199,Basketball Cards 1995 Finest,Greg Anthony #12,$3.23,,,,,,,,,,,,$3.59,,,,,,1,,,,,1995-06-01
12246989,Basketball Cards 1995 Finest,Greg Anthony [Refractor w/ Coating] #12,,,,,,,,,,,,,,,,,,,0,,,,,1995-06-01
83101,Basketball Cards 1995 Finest,Greg Anthony [Refractor] #12,$1.25,,,$4.04,$4.00,,,,,,,,$1.39,,,,,,3,,,,,1995-06-01
12246791,Basketball Cards 1995 Finest,Greg Anthony [w/ Coating] #12,,,,,,,,,,,,,,,,,,,0,,,,,1995-06-01
12246520,Basketball Cards 1995 Finest,Greg Graham #52,,,,,,,,,,,,,,,,,,,0,,,,,1995-06-01
12247032,Basketball Cards 1995 Finest,Greg Graham [Refractor w/ Coating] #52,,,,,,,,,,,,,,,,,,,0,,,,,1995-06-01
12246688,Basketball Cards 1995 Finest,Greg Graham [Refractor] #52,$1.80,,,,,,,,,,,,$1.99,,,,,,19,,,,,1995-06-01
12246824,Basketball Cards 1995 Finest,Greg Graham [w/ Coating] #52,,,,,,,,,,,,,,,,,,,0,,,,,1995-06-01
12246598,Basketball Cards 1995 Finest,Greg Ostertag #138,$1.74,,,,,,,,,,,,$1.89,,,,,,1,,,,,1995-06-01
83215,Basketball Cards 1995 Finest,Greg Ostertag [w/ Coating] #138,$1.99,,,,,,,,,,,,$2.19,,,,,,1,,,,,1995-06-01
83090,Basketball Cards 1995 Finest,Hakeem Olajuwon #1,$1.99,$9.00,$11.11,$32.99,$40.73,$76.50,$99.00,$46.00,$46.00,,,,$2.19,$2.00,$9.89,$3.00,$11.99,,27,,,,,1995-06-01
83092,Basketball Cards 1995 Finest,Hakeem Olajuwon [Refractor w/ Coating] #1,$17.21,$43.14,$188.88,,,,,,,,,$4.80,$18.99,$18.80,$46.99,$104.00,$208.00,,6,,,,,1995-06-01
83091,Basketball Cards 1995 Finest,Hakeem Olajuwon [Refractor] #1,$18.60,,$33.00,$140.00,$154.00,$950.00,$1235.00,$570.00,$570.00,,,$5.00,$19.99,,,$14.40,$35.99,,8,,,,,1995-06-01
83093,Basketball Cards 1995 Finest,Hakeem Olajuwon [w/ Coating] #1,$1.05,,$5.55,,,,,,,,,,$1.19,,,$1.20,$6.09,,4,,,,,1995-06-01
12246511,Basketball Cards 1995 Finest,Harvey Grant #39,,,,,,,,,,,,,,,,,,,0,,,,,1995-06-01
12247007,Basketball Cards 1995 Finest,Harvey Grant [Refractor w/ Coating] #39,,,,,,,,,,,,,,,,,,,0,,,,,1995-06-01
83130,Basketball Cards 1995 Finest,Harvey Grant [Refractor] #39,$2.56,,,$11.09,$12.00,,,,,,,,$2.79,,,,,,3,,,,,1995-06-01
12246813,Basketball Cards 1995 Finest,Harvey Grant [w/ Coating] #39,,,,,,,,,,,,,,,,,,,0,,,,,1995-06-01
12246556,Basketball Cards 1995 Finest,Haywoode Workman #168,,,,,,,,,,,,,,,,,,,0,,,,,1995-06-01
83238,Basketball Cards 1995 Finest,Haywoode Workman [Refractor w/ Coating] #168,$1.32,,,,,,,,,,,,$1.49,,,,,,1,,,,,1995-06-01
83237,Basketball Cards 1995 Finest,Haywoode Workman [Refractor] #168,$2.49,,,,,,,,,,,,$2.69,,,,,,1,,,,,1995-06-01
12246899,Basketball Cards 1995 Finest,Haywoode Workman [w/ Coating] #168,,,,,,,,,,,,,,,,,,,0,,,,,1995-06-01
6741115,Basketball Cards 1995 Finest,Hersey Hawkins #235,$1.20,,,,,,,,,,,,$1.29,,,,,,5,,,,,1995-06-01
12247069,Basketball Cards 1995 Finest,Hersey Hawkins [Refractor w/ Coating] #235,$5.27,,,,,,,,,,,$1.20,$5.79,,,,,,1,,,,,1995-06-01
3197111,Basketball Cards 1995 Finest,Hersey Hawkins [Refractor] #235,$2.49,,,,,,,,,,,,$2.69,,,,,,3,,,,,1995-06-01
12246970,Basketball Cards 1995 Finest,Hersey Hawkins [w/ Coating] #235,,,,,,,,,,,,,,,,,,,0,,,,,1995-06-01
214326,Basketball Cards 1995 Finest,Hobby Box [Series 1],$1025.00,,,,,,,,,,,$676.80,$1128.00,,,,,,3,,,,,1995-06-01
214319,Basketball Cards 1995 Finest,Hobby Box [Series 2],$1175.00,,,,,,,,,,,$775.80,$1293.00,,,,,,3,,,,,1995-06-01
12246574,Basketball Cards 1995 Finest,Horace Grant #105,$1.50,,,,,,,,,,,,$1.69,,,,,,1,,,,,1995-06-01
12247104,Basketball Cards 1995 Finest,Horace Grant [Refractor w/ Coating] #105,$8.00,,,,,,,,,,,$1.80,$8.79,,,,,,1,,,,,1995-06-01
83175,Basketball Cards 1995 Finest,Horace Grant [Refractor] #105,$3.14,,,,,,,,,,,,$3.49,,,,,,3,,,,,1995-06-01
12246915,Basketball Cards 1995 Finest,Horace Grant [w/ Coating] #105,,,,,,,,,,,,,,,,,,,0,,,,,1995-06-01
7108574,Basketball Cards 1995 Finest,Hubert Davis #213,$2.87,,,,,,,,,,,,$3.19,,,,,,4,,,,,1995-06-01
12247048,Basketball Cards 1995 Finest,Hubert Davis [Refractor w/ Coating] #213,,,,,,,,,,,,,,,,,,,0,,,,,1995-06-01
12246764,Basketball Cards 1995 Finest,Hubert Davis [Refractor] #213,,,,$49.99,$55.00,,,,,,,,,,,,,,1,,,,,1995-06-01
12246953,Basketball Cards 1995 Finest,Hubert Davis [w/ Coating] #213,,,,,,,,,,,,,,,,,,,0,,,,,1995-06-01
12246514,Basketball Cards 1995 Finest,Isaiah Rider #45,,,,,,,,,,,,,,,,,,,0,,,,,1995-06-01
12247017,Basketball Cards 1995 Finest,Isaiah Rider [Refractor w/ Coating] #45,,,,,,,,,,,,,,,,,,,0,,,,,1995-06-01
83138,Basketball Cards 1995 Finest,Isaiah Rider [Refractor] #45,$5.87,,,,,$112.50,$146.00,$68.00,$68.00,,,$1.30,$6.49,,,,,,3,,,,,1995-06-01
12246818,Basketball Cards 1995 Finest,Isaiah Rider [w/ Coating] #45,,,,,,,,,,,,,,,,,,,0,,,,,1995-06-01
12246517,Basketball Cards 1995 Finest,J.R. Reid #49,,,,,,,,,,,,,,,,,,,0,,,,,1995-06-01
12247026,Basketball Cards 1995 Finest,J.R. Reid [Refractor w/ Coating] #49,,,,,,,,,,,,,,,,,,,0,,,,,1995-06-01
12246687,Basketball Cards 1995 Finest,J.R. Reid [Refractor] #49,$3.26,,$25.00,$26.65,$46.77,$128.35,$167.00,$77.00,$77.00,,,,$3.59,,,$8.40,$27.99,,10,,,,,1995-06-01
12246822,Basketball Cards 1995 Finest,J.R. Reid [w/ Coating] #49,,,,,,,,,,,,,,,,,,,0,,,,,1995-06-01
12246541,Basketball Cards 1995 Finest,Jalen Rose #85,$1.40,,$8.39,$17.16,$31.51,$72.30,$94.00,$43.00,$43.00,,,,$1.49,,,$1.80,$9.19,,7,,,,,1995-06-01
83161,Basketball Cards 1995 Finest,Jalen Rose [Refractor w/ Coating] #85,$3.12,,$13.99,,,,,,,,,,$3.39,,,$3.80,$14.99,,4,,,,,1995-06-01
83160,Basketball Cards 1995 Finest,Jalen Rose [Refractor] #85,$5.27,,$39.99,$45.18,$50.00,,,,,,,$1.20,$5.79,,,$17.60,$43.99,,4,,,,,1995-06-01
12246875,Basketball Cards 1995 Finest,Jalen Rose [w/ Coating] #85,,,,,,,,,,,,,,,,,,,0,,,,,1995-06-01
12246602,Basketball Cards 1995 Finest,Jamal Mashburn #214,$1.85,,$9.48,$19.45,$35.20,$85.86,$112.00,$52.00,$52.00,,,,$1.99,,,$2.00,$9.99,,9,,,,,1995-06-01
83278,Basketball Cards 1995 Finest,Jamal Mashburn [Refractor w/ Coating] #214,$5.00,,,,,,,,,,,$1.10,$5.49,,,,,,4,,,,,1995-06-01
12246643,Basketball Cards 1995 Finest,Jamal Mashburn [Refractor] #214,$3.99,,,,,,,,,,,$0.90,$4.39,,,,,,1,,,,,1995-06-01
12246955,Basketball Cards 1995 Finest,Jamal Mashburn [w/ Coating] #214,,,,,,,,,,,,,,,,,,,0,,,,,1995-06-01
12246487,Basketball Cards 1995 Finest,James Robinson #8,,,,,,,,,,,,,,,,,,,0,,,,,1995-06-01
83100,Basketball Cards 1995 Finest,James Robinson [Refractor w/ Coating] #8,$3.01,,,$25.00,$28.00,,,,,,,,$3.29,,,,,,2,,,,,1995-06-01
12246652,Basketball Cards 1995 Finest,James Robinson [Refractor] #8,$2.99,,,,,,,,,,,,$3.29,,,,,,1,,,,,1995-06-01
12246787,Basketball Cards 1995 Finest,James Robinson [w/ Coating] #8,,,,,,,,,,,,,,,,,,,0,,,,,1995-06-01
12246616,Basketball Cards 1995 Finest,Jamie Watson #230,$1.49,,,,,,,,,,,,$1.59,,,,,,1,,,,,1995-06-01
12247063,Basketball Cards 1995 Finest,Jamie Watson [Refractor w/ Coating] #230,,,,,,,,,,,,,,,,,,,0,,,,,1995-06-01
12246660,Basketball Cards 1995 Finest,Jamie Watson [Refractor] #230,$2.13,,$10.15,$20.87,$37.47,$94.20,$122.00,$57.00,$57.00,,,,$2.29,,,$2.80,$10.99,,14,,,,,1995-06-01
12246967,Basketball Cards 1995 Finest,Jamie Watson [w/ Coating] #230,,,,,,,,,,,,,,,,,,,0,,,,,1995-06-01
12246589,Basketball Cards 1995 Finest,Jason Caffey #130,$1.10,,$7.67,$15.63,$29.05,$63.25,$82.00,$38.00,$38.00,,,,$1.19,,,$1.70,$8.39,,18,,,,,1995-06-01
83209,Basketball Cards 1995 Finest,Jason Caffey [w/ Coating] #130,$1.99,,,,,,,,,,,,$2.19,,,,,,1,,,,,1995-06-01
12246484,Basketball Cards 1995 Finest,Jason Kidd #5,$1.69,,$14.55,$18.63,$33.88,$81.00,$105.00,$49.00,$49.00,,,,$1.89,,,$4.00,$15.99,,16,,,,,1995-06-01
83097,Basketball Cards 1995 Finest,Jason Kidd [Refractor w/ Coating] #5,$13.12,,$6.81,$56.09,$62.00,,,,,,,$3.50,$13.99,,,$1.50,$7.49,,4,,,,,1995-06-01
83096,Basketball Cards 1995 Finest,Jason Kidd [Refractor] #5,$19.00,$10.00,$12.06,$130.00,$143.00,,,,,,,$6.30,$20.99,$2.80,$10.99,$3.30,$12.99,,6,,,,,1995-06-01
83098,Basketball Cards 1995 Finest,Jason Kidd [w/ Coating] #5,$2.79,,,$14.99,$16.00,,,,,,,,$3.09,,,,,,6,,,,,1995-06-01
10619421,Basketball Cards 1995 Finest,Jayson Williams #151,$0.25,,,,,,,,,,,,$0.99,,,,,,0,,,,,1995-06-01
12247116,Basketball Cards 1995 Finest,Jayson Williams [Refractor w/ Coating] #151,,,,,,,,,,,,,,,,,,,0,,,,,1995-06-01
83224,Basketball Cards 1995 Finest,Jayson Williams [Refractor] #151,$5.95,,$0.99,$35.00,$39.00,,,,,,,$1.30,$6.59,,,,$1.09,,3,,,,,1995-06-01
12246871,Basketball Cards 1995 Finest,Jayson Williams [w/ Coating] #151,,,,,,,,,,,,,,,,,,,0,,,,,1995-06-01
12246516,Basketball Cards 1995 Finest,Jeff Hornacek #48,$1.80,,,,,,,,,,,,$1.99,,,,,,1,,,,,1995-06-01
12247024,Basketball Cards 1995 Finest,Jeff Hornacek [Refractor w/ Coating] #48,$5.99,,,,,,,,,,,$1.30,$6.59,,,,,,1,,,,,1995-06-01
83140,Basketball Cards 1995 Finest,Jeff Hornacek [Refractor] #48,$3.70,,,$16.50,$18.00,,,,,,,$0.80,$4.09,,,,,,4,,,,,1995-06-01
12246820,Basketball Cards 1995 Finest,Jeff Hornacek [w/ Coating] #48,,,,,,,,,,,,,,,,,,,0,,,,,1995-06-01
12246569,Basketball Cards 1995 Finest,Jeff Malone #186,$0.16,,,,,,,,,,,,$0.99,,,,,,1,,,,,1995-06-01
12247020,Basketball Cards 1995 Finest,Jeff Malone [Refractor w/ Coating] #186,,,,,,,,,,,,,,,,,,,0,,,,,1995-06-01
83254,Basketball Cards 1995 Finest,Jeff Malone [Refractor] #186,$0.99,,$25.00,,,,,,,,,,$1.09,,,$8.40,$27.99,,3,,,,,1995-06-01
12246928,Basketball Cards 1995 Finest,Jeff Malone [w/ Coating] #186,,,,,,,,,,,,,,,,,,,0,,,,,1995-06-01
12246535,Basketball Cards 1995 Finest,Jeff Turner #76,$0.81,,$6.96,$14.14,$26.66,$54.48,$71.00,$33.00,$33.00,,,,$0.99,,,$1.50,$7.69,,5,,,,,1995-06-01
12247081,Basketball Cards 1995 Finest,Jeff Turner [Refractor w/ Coating] #76,,,,,,,,,,,,,,,,,,,0,,,,,1995-06-01
83153,Basketball Cards 1995 Finest,Jeff Turner [Refractor] #76,$1.30,,,$15.50,$17.00,,,,,,,,$1.39,,,,,,3,,,,,1995-06-01
12246862,Basketball Cards 1995 Finest,Jeff Turner [w/ Coating] #76,,,,,,,,,,,,,,,,,,,0,,,,,1995-06-01
83184,Basketball Cards 1995 Finest,Jerry Stackhouse #113,$1.54,$5.00,$8.99,$14.27,$32.91,$47.41,$62.00,$28.00,$28.00,,,,$1.69,$1.10,$5.49,$2.00,$9.89,,53,,,,,1995-06-01
83185,Basketball Cards 1995 Finest,Jerry Stackhouse [w/ Coating] #113,$2.37,$0.99,$4.73,$11.04,$40.48,$60.14,$78.00,$36.00,$36.00,,,,$2.59,,$1.09,$1.00,$5.19,,15,,,,,1995-06-01
12246549,Basketball Cards 1995 Finest,Jim Jackson #164,$1.99,,,,,,,,,,,,$2.19,,,,,,1,,,,,1995-06-01
12247125,Basketball Cards 1995 Finest,Jim Jackson [Refractor w/ Coating] #164,$3.99,,,,,,,,,,,$0.90,$4.39,,,,,,1,,,,,1995-06-01
83235,Basketball Cards 1995 Finest,Jim Jackson [Refractor] #164,$3.99,,$9.50,$35.00,$39.00,,,,,,,$0.90,$4.39,,,$2.00,$9.99,,4,,,,,1995-06-01
12246893,Basketball Cards 1995 Finest,Jim Jackson [w/ Coating] #164,,,,,,,,,,,,,,,,,,,0,,,,,1995-06-01
83111,Basketball Cards 1995 Finest,Joe Dumars #25,$1.59,,,,,,,,,,,,$1.79,,,,,,3,,,,,1995-06-01
12246998,Basketball Cards 1995 Finest,Joe Dumars [Refractor w/ Coating] #25,$5.27,,,,,,,,,,,$1.20,$5.79,,,,,,1,,,,,1995-06-01
83112,Basketball Cards 1995 Finest,Joe Dumars [Refractor] #25,$4.50,$10.00,$12.99,$56.55,$62.00,$224.50,$292.00,$135.00,$135.00,,,$1.00,$4.99,$2.80,$10.99,$3.50,$13.99,,8,,,,,1995-06-01
83113,Basketball Cards 1995 Finest,Joe Dumars [w/ Coating] #25,$2.29,,,,,,,,,,,,$2.49,,,,,,1,,,,,1995-06-01
12246530,Basketball Cards 1995 Finest,Joe Kleine #68,,,,,,,,,,,,,,,,,,,0,,,,,1995-06-01
12247066,Basketball Cards 1995 Finest,Joe Kleine [Refractor w/ Coating] #68,,,,,,,,,,,,,,,,,,,0,,,,,1995-06-01
12246701,Basketball Cards 1995 Finest,Joe Kleine [Refractor] #68,$4.99,,$25.00,,,,,,,,,$1.10,$5.49,,,$8.40,$27.99,,2,,,,,1995-06-01
12246848,Basketball Cards 1995 Finest,Joe Kleine [w/ Coating] #68,,,,,,,,,,,,,,,,,,,0,,,,,1995-06-01
83180,Basketball Cards 1995 Finest,Joe Smith #111,$2.20,,$9.49,$10.00,$36.35,$47.70,$62.00,$29.00,$29.00,,,,$2.39,,,$2.00,$9.99,,15,,,,,1995-06-01
83181,Basketball Cards 1995 Finest,Joe Smith [w/ Coating] #111,$1.77,,$8.99,$19.39,$21.00,$52.45,$68.00,$31.00,$31.00,,,,$1.99,,,$2.00,$9.89,,4,,,,,1995-06-01
11184882,Basketball Cards 1995 Finest,John Salley #177,$1.62,,,,,,,,,,,,$1.79,,,,,,3,,,,,1995-06-01
83244,Basketball Cards 1995 Finest,John Salley [Refractor w/ Coating] #177,$2.99,,$25.00,,,,,,,,,,$3.29,,,$8.40,$27.99,,5,,,,,1995-06-01
12246742,Basketball Cards 1995 Finest,John Salley [Refractor] #177,$3.75,,$14.08,$29.17,$50.82,$143.25,$186.00,$86.00,$86.00,,,$0.80,$4.09,,,$3.80,$14.99,,9,,,,,1995-06-01
12246918,Basketball Cards 1995 Finest,John Salley [w/ Coating] #177,,,,,,,,,,,,,,,,,,,0,,,,,1995-06-01
12246483,Basketball Cards 1995 Finest,John Starks #3,$1.00,,,,,,,,,,,,$1.09,,,,,,1,,,,,1995-06-01
83095,Basketball Cards 1995 Finest,John Starks [Refractor w/ Coating] #3,$4.20,,,$37.45,$41.00,,,,,,,$0.90,$4.59,,,,,,2,,,,,1995-06-01
83094,Basketball Cards 1995 Finest,John Starks [Refractor] #3,$6.95,,$25.99,$89.00,$98.00,,,,,,,$1.50,$7.69,,,$8.70,$28.99,,6,,,,,1995-06-01
12246783,Basketball Cards 1995 Finest,John Starks [w/ Coating] #3,$1.25,,$8.03,$16.39,$30.28,$67.76,$88.00,$41.00,$41.00,,,,$1.39,,,$1.80,$8.79,,19,,,,,1995-06-01
83103,Basketball Cards 1995 Finest,John Stockton #15,$1.49,$7.00,$8.39,$17.15,$31.50,$38.00,$49.00,$23.00,$23.00,,,,$1.59,$1.50,$7.69,$1.80,$9.19,,12,,,,,1995-06-01
83105,Basketball Cards 1995 Finest,John Stockton [Refractor w/ Coating] #15,$1.99,,,$219.99,$242.00,,,,,,,,$2.19,,,,,,5,,,,,1995-06-01
83104,Basketball Cards 1995 Finest,John Stockton [Refractor] #15,$14.99,$15.00,$36.00,$87.50,$96.00,,,,,,,$4.00,$15.99,$4.30,$16.99,$16.00,$39.99,,7,,,,,1995-06-01
12246794,Basketball Cards 1995 Finest,John Stockton [w/ Coating] #15,$2.00,,$9.85,$20.23,$36.45,$90.44,$118.00,$54.00,$54.00,,,,$2.19,,,$2.80,$10.99,,7,,,,,1995-06-01
12246512,Basketball Cards 1995 Finest,John Williams #41,,,,,,,,,,,,,,,,,,,0,,,,,1995-06-01
12247009,Basketball Cards 1995 Finest,John Williams [Refractor w/ Coating] #41,,,,,,,,,,,,,,,,,,,0,,,,,1995-06-01
83134,Basketball Cards 1995 Finest,John Williams [Refractor] #41,$2.58,,,$15.50,$17.00,,,,,,,,$2.79,,,,,,4,,,,,1995-06-01
12246815,Basketball Cards 1995 Finest,John Williams [w/ Coating] #41,,,,,,,,,,,,,,,,,,,0,,,,,1995-06-01
12246639,Basketball Cards 1995 Finest,Johnny Newman #249,$1.49,,,,,,,,,,,,$1.59,,,,,,1,,,,,1995-06-01
83317,Basketball Cards 1995 Finest,Johnny Newman [Refractor w/ Coating] #249,$1.12,,,,,,,,,,,,$1.19,,,,,,1,,,,,1995-06-01
12246681,Basketball Cards 1995 Finest,Johnny Newman [Refractor] #249,$0.99,,,,,,,,,,,,$1.09,,,,,,1,,,,,1995-06-01
12246979,Basketball Cards 1995 Finest,Johnny Newman [w/ Coating] #249,,,,,,,,,,,,,,,,,,,0,,,,,1995-06-01
12246610,Basketball Cards 1995 Finest,Juwan Howard #224,,,,,,,,,,,,,,,,,,,0,,,,,1995-06-01
83287,Basketball Cards 1995 Finest,Juwan Howard [Refractor w/ Coating] #224,$3.32,,,$65.00,$72.00,,,,,,,,$3.69,,,,,,4,,,,,1995-06-01
12246655,Basketball Cards 1995 Finest,Juwan Howard [Refractor] #224,$2.99,,,,,,,,,,,,$3.29,,,,,,1,,,,,1995-06-01
5158522,Basketball Cards 1995 Finest,Juwan Howard [w/ Coating] #224,$2.91,,,,,,,,,,,,$3.19,,,,,,1,,,,,1995-06-01
83273,Basketball Cards 1995 Finest,Karl Malone #209,$1.00,,$15.99,$16.99,$28.22,$56.55,$74.00,$34.00,$34.00,,,,$1.09,,,$4.50,$17.99,,13,,,,,1995-06-01
83275,Basketball Cards 1995 Finest,Karl Malone [Refractor w/ Coating] #209,$10.99,$9.99,$75.00,$83.00,$91.00,,,,,,,$3.00,$11.99,$2.80,$10.99,$33.20,$82.99,,6,,,,,1995-06-01
83274,Basketball Cards 1995 Finest,Karl Malone [Refractor] #209,$9.18,,$25.13,$35.35,$39.00,$442.74,$576.00,$266.00,$266.00,,,$2.00,$9.99,,,$8.40,$27.99,,8,,,,,1995-06-01
5158520,Basketball Cards 1995 Finest,Karl Malone [w/ Coating] #209,$1.69,,,,,,,,,,,,$1.89,,,,,,4,,,,,1995-06-01
10619424,Basketball Cards 1995 Finest,Ken Norman #210,$1.34,,$31.00,,,,,,,,,,$1.49,,,$10.20,$33.99,,4,,,,,1995-06-01
12247043,Basketball Cards 1995 Finest,Ken Norman [Refractor w/ Coating] #210,,,,,,,,,,,,,,,,,,,0,,,,,1995-06-01
12246763,Basketball Cards 1995 Finest,Ken Norman [Refractor] #210,$1.39,,,,,,,,,,,,$1.49,,,,,,1,,,,,1995-06-01
12246951,Basketball Cards 1995 Finest,Ken Norman [w/ Coating] #210,,,,,,,,,,,,,,,,,,,0,,,,,1995-06-01
5696991,Basketball Cards 1995 Finest,Kendall Gill #13,$1.87,,,,,,,,,,,,$2.09,,,,,,1,,,,,1995-06-01
12246991,Basketball Cards 1995 Finest,Kendall Gill [Refractor w/ Coating] #13,,,,,,,,,,,,,,,,,,,0,,,,,1995-06-01
83102,Basketball Cards 1995 Finest,Kendall Gill [Refractor] #13,$3.16,,$7.50,,,,,,,,,,$3.49,,,$1.70,$8.29,,3,,,,,1995-06-01
12246792,Basketball Cards 1995 Finest,Kendall Gill [w/ Coating] #13,,,,,,,,,,,,,,,,,,,0,,,,,1995-06-01
12246486,Basketball Cards 1995 Finest,Kenny Anderson #7,,,,,,,,,,,,,,,,,,,0,,,,,1995-06-01
12246984,Basketball Cards 1995 Finest,Kenny Anderson [Refractor w/ Coating] #7,,,,,,,,,,,,,,,,,,,0,,,,,1995-06-01
12246644,Basketball Cards 1995 Finest,Kenny Anderson [Refractor] #7,$4.64,,$16.24,$18.50,$58.14,$170.15,$221.00,$102.00,$102.00,,,$1.00,$5.09,,,$4.50,$17.99,,14,,,,,1995-06-01
12246786,Basketball Cards 1995 Finest,Kenny Anderson [w/ Coating] #7,,,,,,,,,,,,,,,,,,,0,,,,,1995-06-01
12246599,Basketball Cards 1995 Finest,Kenny Gattison #207,,,,,,,,,,,,,,,,,,,0,,,,,1995-06-01
5695326,Basketball Cards 1995 Finest,Kenny Gattison #67,$2.04,,,,,,,,,,,,$2.19,,,,,,2,,,,,1995-06-01
83270,Basketball Cards 1995 Finest,Kenny Gattison [Refractor w/ Coating] #207,$1.25,,$9.99,,,,,,,,,,$1.39,,,$2.80,$10.99,,2,,,,,1995-06-01
12247065,Basketball Cards 1995 Finest,Kenny Gattison [Refractor w/ Coating] #67,,,,,,,,,,,,,,,,,,,0,,,,,1995-06-01
83269,Basketball Cards 1995 Finest,Kenny Gattison [Refractor] #207,$2.25,,,$15.50,$17.00,,,,,,,,$2.49,,,,,,3,,,,,1995-06-01
12246697,Basketball Cards 1995 Finest,Kenny Gattison [Refractor] #67,$1.26,,$8.05,$16.42,$30.33,$67.94,$88.00,$41.00,$41.00,,,,$1.39,,,$1.80,$8.89,,10,,,,,1995-06-01
12246949,Basketball Cards 1995 Finest,Kenny Gattison [w/ Coating] #207,,,,,,,,,,,,,,,,,,,0,,,,,1995-06-01
12246846,Basketball Cards 1995 Finest,Kenny Gattison [w/ Coating] #67,,,,,,,,,,,,,,,,,,,0,,,,,1995-06-01
12246509,Basketball Cards 1995 Finest,Kenny Smith #37,,,,,,,,,,,,,,,,,,,0,,,,,1995-06-01
83128,Basketball Cards 1995 Finest,Kenny Smith [Refractor w/ Coating] #37,$5.17,,,,,,,,,,,$1.10,$5.69,,,,,,1,,,,,1995-06-01
83127,Basketball Cards 1995 Finest,Kenny Smith [Refractor] #37,$4.58,,,,,,,,,,,$1.00,$4.99,,,,,,3,,,,,1995-06-01
12246811,Basketball Cards 1995 Finest,Kenny Smith [w/ Coating] #37,,,,,,,,,,,,,,,,,,,0,,,,,1995-06-01
12246499,Basketball Cards 1995 Finest,Kevin Duckworth #23,,,,,,,,,,,,,,,,,,,0,,,,,1995-06-01
12246997,Basketball Cards 1995 Finest,Kevin Duckworth [Refractor w/ Coating] #23,,,,,,,,,,,,,,,,,,,0,,,,,1995-06-01
12246676,Basketball Cards 1995 Finest,Kevin Duckworth [Refractor] #23,$2.49,,,,,,,,,,,,$2.69,,,,,,1,,,,,1995-06-01
12246800,Basketball Cards 1995 Finest,Kevin Duckworth [w/ Coating] #23,,,,,,,,,,,,,,,,,,,0,,,,,1995-06-01
12246592,Basketball Cards 1995 Finest,Kevin Edwards #205,,,,,,,,,,,,,,,,,,,0,,,,,1995-06-01
83268,Basketball Cards 1995 Finest,Kevin Edwards [Refractor w/ Coating] #205,$2.79,,,,,,,,,,,,$3.09,,,,,,0,,,,,1995-06-01
12246761,Basketball Cards 1995 Finest,Kevin Edwards [Refractor] #205,,,,,,,,,,,,,,,,,,,0,,,,,1995-06-01
12246947,Basketball Cards 1995 Finest,Kevin Edwards [w/ Coating] #205,,,,,,,,,,,,,,,,,,,0,,,,,1995-06-01
10619419,Basketball Cards 1995 Finest,Kevin Gamble #148,$1.50,,,,,,,,,,,,$1.69,,,,,,1,,,,,1995-06-01
12247114,Basketball Cards 1995 Finest,Kevin Gamble [Refractor w/ Coating] #148,,,,,,,,,,,,,,,,,,,0,,,,,1995-06-01
12246723,Basketball Cards 1995 Finest,Kevin Gamble [Refractor] #148,$1.64,,,$4.00,$4.00,,,,,,,,$1.79,,,,,,2,,,,,1995-06-01
12246866,Basketball Cards 1995 Finest,Kevin Gamble [w/ Coating] #148,,,,,,,,,,,,,,,,,,,0,,,,,1995-06-01
83188,Basketball Cards 1995 Finest,Kevin Garnett #115,$50.00,$33.00,$41.60,$77.25,$152.68,$465.00,$661.37,$279.00,$176.75,,,$22.00,$54.99,$14.40,$35.99,$18.40,$45.99,,329,,,,,1995-06-01
83189,Basketball Cards 1995 Finest,Kevin Garnett [w/ Coating] #115,$42.20,$42.44,$49.99,$112.93,$191.60,$615.99,$801.00,$370.00,$370.00,,,$18.40,$45.99,$18.80,$46.99,$22.00,$54.99,,189,,,,,1995-06-01
12246625,Basketball Cards 1995 Finest,Kevin Johnson #237,$0.43,,,,,,,,,,,,$0.99,,,,,,5,,,,,1995-06-01
83300,Basketball Cards 1995 Finest,Kevin Johnson [Refractor w/ Coating] #237,$4.92,,,,,,,,,,,$1.10,$5.39,,,,,,2,,,,,1995-06-01
12246666,Basketball Cards 1995 Finest,Kevin Johnson [Refractor] #237,$2.90,,$12.02,$24.81,$43.82,$117.52,$153.00,$71.00,$71.00,,,,$3.19,,,$3.30,$12.99,,13,,,,,1995-06-01
12246971,Basketball Cards 1995 Finest,Kevin Johnson [w/ Coating] #237,,,,,,,,,,,,,,,,,,,0,,,,,1995-06-01
12246513,Basketball Cards 1995 Finest,Kevin Willis #44,,,,,,,,,,,,,,,,,,,0,,,,,1995-06-01
5619394,Basketball Cards 1995 Finest,Kevin Willis [Refractor w/ Coating] #44,$5.27,,,,,,,,,,,$1.20,$5.79,,,,,,0,,,,,1995-06-01
83137,Basketball Cards 1995 Finest,Kevin Willis [Refractor] #44,$1.70,,,$22.89,$25.00,,,,,,,,$1.89,,,,,,3,,,,,1995-06-01
12246816,Basketball Cards 1995 Finest,Kevin Willis [w/ Coating] #44,,,,,,,,,,,,,,,,,,,0,,,,,1995-06-01
12246527,Basketball Cards 1995 Finest,Khalid Reeves #64,,,,,,,,,,,,,,,,,,,0,,,,,1995-06-01
12247058,Basketball Cards 1995 Finest,Khalid Reeves [Refractor w/ Coating] #64,,,,,,,,,,,,,,,,,,,0,,,,,1995-06-01
12246695,Basketball Cards 1995 Finest,Khalid Reeves [Refractor] #64,,,,,,,,,,,,,,,,,,,0,,,,,1995-06-01
12246839,Basketball Cards 1995 Finest,Khalid Reeves [w/ Coating] #64,,,,,,,,,,,,,,,,,,,0,,,,,1995-06-01
83195,Basketball Cards 1995 Finest,Kurt Thomas #120,$1.10,,,,$4.32,,,,,,,,$1.19,,,,,,6,,,,,1995-06-01
83196,Basketball Cards 1995 Finest,Kurt Thomas [w/ Coating] #120,$0.70,,,,,,,,,,,,$0.99,,,,,,1,,,,,1995-06-01
12246631,Basketball Cards 1995 Finest,LaPhonso Ellis #242,$1.56,,$8.78,$17.97,$32.81,$77.08,$100.00,$46.00,$46.00,,,,$1.69,,,$1.90,$9.69,,6,,,,,1995-06-01
12247080,Basketball Cards 1995 Finest,LaPhonso Ellis [Refractor w/ Coating] #242,$2.95,,,,,,,,,,,,$3.29,,,,,,1,,,,,1995-06-01
12246679,Basketball Cards 1995 Finest,LaPhonso Ellis [Refractor] #242,$2.99,,$12.24,$25.29,$44.59,$120.37,$156.00,$72.00,$72.00,,,,$3.29,,,$3.30,$12.99,,9,,,,,1995-06-01
12246975,Basketball Cards 1995 Finest,LaPhonso Ellis [w/ Coating] #242,,,,,,,,,,,,,,,,,,,0,,,,,1995-06-01
12246485,Basketball Cards 1995 Finest,Lamond Murray #6,,,,,,,,,,,,,,,,,,,0,,,,,1995-06-01
12246985,Basketball Cards 1995 Finest,Lamond Murray [Refractor w/ Coating] #6,,,,,,,,,,,,,,,,,,,0,,,,,1995-06-01
83099,Basketball Cards 1995 Finest,Lamond Murray [Refractor] #6,$4.06,,$26.00,,,,,,,,,$0.90,$4.49,,,$8.70,$28.99,,6,,,,,1995-06-01
12246785,Basketball Cards 1995 Finest,Lamond Murray [w/ Coating] #6,,,,,,,,,,,,,,,,,,,0,,,,,1995-06-01
12246621,Basketball Cards 1995 Finest,Larry Johnson #233,$1.65,,$8.92,$53.00,$58.00,$78.86,$103.00,$47.00,$47.00,,,,$1.79,,,$2.00,$9.79,,22,,,,,1995-06-01
12247067,Basketball Cards 1995 Finest,Larry Johnson [Refractor w/ Coating] #233,$16.00,,,,,,,,,,,$4.50,$17.99,,,,,,1,,,,,1995-06-01
83294,Basketball Cards 1995 Finest,Larry Johnson [Refractor] #233,$10.52,,$24.24,$27.71,$106.35,$224.50,$292.00,$135.00,$135.00,,,$3.00,$11.99,,,$8.10,$26.99,,10,,,,,1995-06-01
5158524,Basketball Cards 1995 Finest,Larry Johnson [w/ Coating] #233,$2.05,,,,,,,,,,,,$2.29,,,,,,3,,,,,1995-06-01
12246489,Basketball Cards 1995 Finest,Latrell Sprewell #10,$2.30,,,,,,,,,,,,$2.49,,,,,,1,,,,,1995-06-01
12246987,Basketball Cards 1995 Finest,Latrell Sprewell [Refractor w/ Coating] #10,,,,,,,,,,,,,,,,,,,0,,,,,1995-06-01
12246662,Basketball Cards 1995 Finest,Latrell Sprewell [Refractor] #10,$11.99,,,,,,,,,,,$3.30,$12.99,,,,,,1,,,,,1995-06-01
12246789,Basketball Cards 1995 Finest,Latrell Sprewell [w/ Coating] #10,,,,,,,,,,,,,,,,,,,0,,,,,1995-06-01
12246529,Basketball Cards 1995 Finest,Lee Mayberry #66,,$30.00,,,,,,,,,,,,$9.90,$32.99,,,,1,,,,,1995-06-01
12247062,Basketball Cards 1995 Finest,Lee Mayberry [Refractor w/ Coating] #66,,,,,,,,,,,,,,,,,,,0,,,,,1995-06-01
5695678,Basketball Cards 1995 Finest,Lee Mayberry [Refractor] #66,$0.99,,,,,$393.50,$512.00,$236.00,$236.00,,,,$1.09,,,,,,7,,,,,1995-06-01
12246842,Basketball Cards 1995 Finest,Lee Mayberry [w/ Coating] #66,,,,,,,,,,,,,,,,,,,0,,,,,1995-06-01
12246562,Basketball Cards 1995 Finest,Lindsey Hunter #98,,,,,,,,,,,,,,,,,,,0,,,,,1995-06-01
12247098,Basketball Cards 1995 Finest,Lindsey Hunter [Refractor w/ Coating] #98,,,,,,,,,,,,,,,,,,,0,,,,,1995-06-01
83169,Basketball Cards 1995 Finest,Lindsey Hunter [Refractor] #98,$3.80,,,$10.51,$12.00,,,,,,,$0.80,$4.19,,,,,,2,,,,,1995-06-01
12246903,Basketball Cards 1995 Finest,Lindsey Hunter [w/ Coating] #98,,,,,,,,,,,,,,,,,,,0,,,,,1995-06-01
12246588,Basketball Cards 1995 Finest,Lionel Simmons #203,,,,,,,,,,,,,,,,,,,0,,,,,1995-06-01
12247038,Basketball Cards 1995 Finest,Lionel Simmons [Refractor w/ Coating] #203,$0.99,,,,,,,,,,,,$1.09,,,,,,1,,,,,1995-06-01
12246760,Basketball Cards 1995 Finest,Lionel Simmons [Refractor] #203,$1.20,,,$35.00,$39.00,,,,,,,,$1.29,,,,,,2,,,,,1995-06-01
12246945,Basketball Cards 1995 Finest,Lionel Simmons [w/ Coating] #203,,,,,,,,,,,,,,,,,,,0,,,,,1995-06-01
12246593,Basketball Cards 1995 Finest,Loren Meyer #134,$1.90,,,,,,,,,,,,$2.09,,,,,,1,,,,,1995-06-01
12246840,Basketball Cards 1995 Finest,Loren Meyer [w/ Coating] #134,,,,,,,,,,,,,,,,,,,0,,,,,1995-06-01
12246560,Basketball Cards 1995 Finest,Lorenzo Williams #171,$1.69,,,,,,,,,,,,$1.89,,,,,,1,,,,,1995-06-01
83241,Basketball Cards 1995 Finest,Lorenzo Williams [Refractor w/ Coating] #171,$1.50,,,,,,,,,,,,$1.69,,,,,,1,,,,,1995-06-01
12246736,Basketball Cards 1995 Finest,Lorenzo Williams [Refractor] #171,$1.54,,,,,,,,,,,,$1.69,,,,,,1,,,,,1995-06-01
12246904,Basketball Cards 1995 Finest,Lorenzo Williams [w/ Coating] #171,,,,,,,,,,,,,,,,,,,0,,,,,1995-06-01
12246590,Basketball Cards 1995 Finest,Loy Vaught #204,,,,,,,,,,,,,,,,,,,0,,,,,1995-06-01
12247039,Basketball Cards 1995 Finest,Loy Vaught [Refractor w/ Coating] #204,,,,,,,,,,,,,,,,,,,0,,,,,1995-06-01
12246766,Basketball Cards 1995 Finest,Loy Vaught [Refractor] #204,,,,$29.99,$33.00,,,,,,,,,,,,,,1,,,,,1995-06-01
12246946,Basketball Cards 1995 Finest,Loy Vaught [w/ Coating] #204,,,,,,,,,,,,,,,,,,,0,,,,,1995-06-01
12246609,Basketball Cards 1995 Finest,Luc Longley #223,$1.69,,$8.61,$17.61,$32.24,$74.98,$97.00,$45.00,$45.00,,,,$1.89,,,$1.90,$9.49,,13,,,,,1995-06-01
83286,Basketball Cards 1995 Finest,Luc Longley [Refractor w/ Coating] #223,$7.99,$4.81,,$67.95,$75.00,,,,,,,$1.80,$8.79,$1.10,$5.29,,,,5,,,,,1995-06-01
12246653,Basketball Cards 1995 Finest,Luc Longley [Refractor] #223,$7.29,,$22.63,$47.19,$79.79,$249.66,$325.00,$150.00,$150.00,,,$1.60,$7.99,,,$7.50,$24.99,,8,,,,,1995-06-01
12246962,Basketball Cards 1995 Finest,Luc Longley [w/ Coating] #223,,,$24.88,,,,,,,,,,,,,$8.10,$26.99,,1,,,,,1995-06-01
83320,Basketball Cards 1995 Finest,Magic Johnson #252,$3.74,$8.50,$14.96,$21.46,$52.14,$95.98,$125.00,$58.00,$58.00,,,$0.80,$4.09,$1.90,$9.39,$4.00,$15.99,,120,,,,,1995-06-01
83322,Basketball Cards 1995 Finest,Magic Johnson [Refractor w/ Coating] #252,$30.00,$18.35,$49.99,$101.06,$252.16,$883.01,$1148.00,$530.00,$530.00,,,$9.90,$32.99,$5.00,$19.99,$22.00,$54.99,,34,,,,,1995-06-01
83321,Basketball Cards 1995 Finest,Magic Johnson [Refractor] #252,$26.55,$20.00,$34.45,$88.52,$196.55,$616.00,$801.00,$370.00,$370.00,,,$8.70,$28.99,$6.60,$21.99,$15.20,$37.99,,112,,,,,1995-06-01
83323,Basketball Cards 1995 Finest,Magic Johnson [w/ Coating] #252,$4.24,$9.13,$19.63,$32.66,$53.33,$152.45,$198.00,$91.00,$91.00,,,$0.90,$4.69,$2.00,$9.99,$6.60,$21.99,,48,,,,,1995-06-01
12246565,Basketball Cards 1995 Finest,Mahmoud Abdul-Rauf #182,$1.75,,$9.16,$18.79,$34.13,$81.91,$106.00,$49.00,$49.00,,,,$1.89,,,$2.00,$9.99,,28,,,,,1995-06-01
12247016,Basketball Cards 1995 Finest,Mahmoud Abdul-Rauf [Refractor w/ Coating] #182,,,,,,,,,,,,,,,,,,,0,,,,,1995-06-01
12246745,Basketball Cards 1995 Finest,Mahmoud Abdul-Rauf [Refractor] #182,$5.56,,,,,,,,,,,$1.20,$6.09,,,,,,1,,,,,1995-06-01
12246924,Basketball Cards 1995 Finest,Mahmoud Abdul-Rauf [w/ Coating] #182,,,,,,,,,,,,,,,,,,,0,,,,,1995-06-01
12246522,Basketball Cards 1995 Finest,Malik Sealy #58,,,,,,,,,,,,,,,,,,,0,,,,,1995-06-01
12247047,Basketball Cards 1995 Finest,Malik Sealy [Refractor w/ Coating] #58,,,,,,,,,,,,,,,,,,,0,,,,,1995-06-01
12246692,Basketball Cards 1995 Finest,Malik Sealy [Refractor] #58,$3.80,,,,,,,,,,,$0.80,$4.19,,,,,,1,,,,,1995-06-01
12246830,Basketball Cards 1995 Finest,Malik Sealy [w/ Coating] #58,,,,,,,,,,,,,,,,,,,0,,,,,1995-06-01
11711782,Basketball Cards 1995 Finest,Mario Bennett #137,,,,,,,,,,,,,,,,,,,0,,,,,1995-06-01
12246844,Basketball Cards 1995 Finest,Mario Bennett [w/ Coating] #137,$4.90,,,,,,,,,,,$1.10,$5.39,,,,,,1,,,,,1995-06-01
12246600,Basketball Cards 1995 Finest,Mario Elie #208,$1.69,,,,,,,,,,,,$1.89,,,,,,1,,,,,1995-06-01
83272,Basketball Cards 1995 Finest,Mario Elie [Refractor w/ Coating] #208,$4.99,,,,,,,,,,,$1.10,$5.49,,,,,,1,,,,,1995-06-01
83271,Basketball Cards 1995 Finest,Mario Elie [Refractor] #208,$2.20,,$2.00,$19.99,$22.00,,,,,,,,$2.39,,,,$2.19,,4,,,,,1995-06-01
12246950,Basketball Cards 1995 Finest,Mario Elie [w/ Coating] #208,,,,,,,,,,,,,,,,,,,0,,,,,1995-06-01
12246491,Basketball Cards 1995 Finest,Mark Jackson #14,$1.00,,,,,,,,,,,,$1.09,,,,,,1,,,,,1995-06-01
12246990,Basketball Cards 1995 Finest,Mark Jackson [Refractor w/ Coating] #14,,,,,,,,,,,,,,,,,,,0,,,,,1995-06-01
12246665,Basketball Cards 1995 Finest,Mark Jackson [Refractor] #14,,,,,,,,,,,,,,,,,,,0,,,,,1995-06-01
12246793,Basketball Cards 1995 Finest,Mark Jackson [w/ Coating] #14,,,,,,,,,,,,,,,,,,,0,,,,,1995-06-01
12246540,Basketball Cards 1995 Finest,Mark Macon #83,,,,,,,,,,,,,,,,,,,0,,,,,1995-06-01
12247089,Basketball Cards 1995 Finest,Mark Macon [Refractor w/ Coating] #83,,,,,,,,,,,,,,,,,,,0,,,,,1995-06-01
12246706,Basketball Cards 1995 Finest,Mark Macon [Refractor] #83,$0.99,,,,,,,,,,,,$1.09,,,,,,1,,,,,1995-06-01
12246872,Basketball Cards 1995 Finest,Mark Macon [w/ Coating] #83,$0.70,,,,,,,,,,,,$0.99,,,,,,1,,,,,1995-06-01
10619423,Basketball Cards 1995 Finest,Mark West #200,$1.49,$25.00,,,,,,,,,,,$1.59,$8.40,$27.99,,,,2,,,,,1995-06-01
12247034,Basketball Cards 1995 Finest,Mark West [Refractor w/ Coating] #200,,,,,,,,,,,,,,,,,,,0,,,,,1995-06-01
12246757,Basketball Cards 1995 Finest,Mark West [Refractor] #200,$1.62,,$8.93,$18.29,$33.33,$78.97,$103.00,$47.00,$47.00,,,,$1.79,,,$2.00,$9.79,,10,,,,,1995-06-01
12246942,Basketball Cards 1995 Finest,Mark West [w/ Coating] #200,,,,,,,,,,,,,,,,,,,0,,,,,1995-06-01
11184889,Basketball Cards 1995 Finest,Marty Conlon #220,,,,,,,,,,,,,,,,,,,0,,,,,1995-06-01
83284,Basketball Cards 1995 Finest,Marty Conlon [Refractor w/ Coating] #220,$2.34,,,,,$22.50,$29.00,$14.00,$14.00,,,,$2.59,,,,,,2,,,,,1995-06-01
12246649,Basketball Cards 1995 Finest,Marty Conlon [Refractor] #220,$0.99,,,,,,,,,,,,$1.09,,,,,,1,,,,,1995-06-01
12246960,Basketball Cards 1995 Finest,Marty Conlon [w/ Coating] #220,,,,,,,,,,,,,,,,,,,0,,,,,1995-06-01
7108566,Basketball Cards 1995 Finest,Michael Cage #160,$1.98,,$25.00,,,,,,,,,,$2.19,,,$8.40,$27.99,,4,,,,,1995-06-01
12247121,Basketball Cards 1995 Finest,Michael Cage [Refractor w/ Coating] #160,,,,,,,,,,,,,,,,,,,0,,,,,1995-06-01
12246729,Basketball Cards 1995 Finest,Michael Cage [Refractor] #160,$1.79,,$28.99,,,,,,,,,,$1.99,,,$9.60,$31.99,,1,,,,,1995-06-01
12246886,Basketball Cards 1995 Finest,Michael Cage [w/ Coating] #160,,,,,,,,,,,,,,,,,,,0,,,,,1995-06-01
83210,Basketball Cards 1995 Finest,Michael Finley #131,$1.89,,$4.00,$14.54,$25.74,$44.00,$57.00,$26.00,$26.00,,,,$2.09,,,$0.90,$4.39,,25,,,,,1995-06-01
83211,Basketball Cards 1995 Finest,Michael Finley [w/ Coating] #131,$1.43,,$1.74,$4.96,$5.00,$31.00,$40.00,$19.00,$19.00,,,,$1.59,,,,$1.89,,8,,,,,1995-06-01
83289,Basketball Cards 1995 Finest,Michael Jordan #229,$91.25,$61.90,$136.65,$300.00,$330.00,$1447.32,$1882.00,$868.00,$868.00,,,$40.00,$100.00,$27.20,$67.99,$75.00,$150.00,,525,,,,,1995-06-01
83291,Basketball Cards 1995 Finest,Michael Jordan [Refractor w/ Coating] #229,$837.50,$787.16,$1175.50,$1767.80,$1945.00,$13632.99,$17723.00,$8180.00,$8180.00,,,$552.60,$921.00,$519.60,$866.00,$775.80,$1293.00,,18,,,,,1995-06-01
83290,Basketball Cards 1995 Finest,Michael Jordan [Refractor] #229,$666.48,$803.72,$1564.60,$2323.00,$7173.67,$26314.29,$34209.00,$15789.00,$15789.00,,,$439.80,$733.00,$530.40,$884.00,$1032.60,$1721.00,,20,,,,,1995-06-01
83292,Basketball Cards 1995 Finest,Michael Jordan [w/ Coating] #229,$105.50,$94.39,$156.55,$348.53,$651.00,$664.75,$864.00,$399.00,$399.00,,,$58.00,$116.00,$52.00,$104.00,$86.00,$172.00,,507,,,,,1995-06-01
12246575,Basketball Cards 1995 Finest,Michael Smith #191,,,,,,,,,,,,,,,,,,,0,,,,,1995-06-01
12247027,Basketball Cards 1995 Finest,Michael Smith [Refractor w/ Coating] #191,,,,,,,,,,,,,,,,,,,0,,,,,1995-06-01
83261,Basketball Cards 1995 Finest,Michael Smith [Refractor] #191,$1.56,,,$35.00,$39.00,,,,,,,,$1.69,,,,,,2,,,,,1995-06-01
12246932,Basketball Cards 1995 Finest,Michael Smith [w/ Coating] #191,,,,,,,,,,,,,,,,,,,0,,,,,1995-06-01
12246497,Basketball Cards 1995 Finest,Micheal Williams #21,,,,,,,,,,,,,,,,,,,0,,,,,1995-06-01
12246996,Basketball Cards 1995 Finest,Micheal Williams [Refractor w/ Coating] #21,,,,,,,,,,,,,,,,,,,0,,,,,1995-06-01
12246673,Basketball Cards 1995 Finest,Micheal Williams [Refractor] #21,$2.28,,$10.52,$21.65,$38.73,$98.83,$128.00,$59.00,$59.00,,,,$2.49,,,$3.00,$11.99,,9,,,,,1995-06-01
9554847,Basketball Cards 1995 Finest,Micheal Williams [w/ Coating] #21,,,,,,,,,,,,,,,,,,,0,,,,,1995-06-01
12246523,Basketball Cards 1995 Finest,Mitch Richmond #60,,,,,,,,,,,,,,,,,,,0,,,,,1995-06-01
12247049,Basketball Cards 1995 Finest,Mitch Richmond [Refractor w/ Coating] #60,,,,,,,,,,,,,,,,,,,0,,,,,1995-06-01
83148,Basketball Cards 1995 Finest,Mitch Richmond [Refractor] #60,$6.00,,,$60.00,$66.00,,,,,,,$1.30,$6.59,,,,,,3,,,,,1995-06-01
12246833,Basketball Cards 1995 Finest,Mitch Richmond [w/ Coating] #60,,,,,,,,,,,,,,,,,,,0,,,,,1995-06-01
12246558,Basketball Cards 1995 Finest,Mookie Blaylock #169,$1.49,,,,,,,,,,,,$1.59,,,,,,1,,,,,1995-06-01
4124863,Basketball Cards 1995 Finest,Mookie Blaylock [Refractor w/ Coating] #169,$3.99,,,$35.00,$39.00,,,,,,,$0.90,$4.39,,,,,,4,,,,,1995-06-01
12246735,Basketball Cards 1995 Finest,Mookie Blaylock [Refractor] #169,$1.51,,,,,,,,,,,,$1.69,,,,,,1,,,,,1995-06-01
83239,Basketball Cards 1995 Finest,Mookie Blaylock [w/ Coating] #169,,,,,,,,,,,,,,,,,,,0,,,,,1995-06-01
12246539,Basketball Cards 1995 Finest,Muggsy Bogues #82,$1.06,,$7.56,$15.41,$28.70,$61.95,$81.00,$37.00,$37.00,,,,$1.19,,,$1.70,$8.29,,15,,,,,1995-06-01
83159,Basketball Cards 1995 Finest,Muggsy Bogues [Refractor w/ Coating] #82,$7.40,,$14.00,,,,,,,,,$1.60,$8.09,,,$3.80,$14.99,,4,,,,,1995-06-01
12246705,Basketball Cards 1995 Finest,Muggsy Bogues [Refractor] #82,$4.25,,,,,,,,,,,$0.90,$4.69,,,,,,1,,,,,1995-06-01
12246870,Basketball Cards 1995 Finest,Muggsy Bogues [w/ Coating] #82,,,,,,,,,,,,,,,,,,,0,,,,,1995-06-01
12247029,Basketball Cards 1995 Finest,Nate McMillan [Refractor w/ Coating] #197,$4.75,,,,,,,,,,,$1.00,$5.19,,,,,,1,,,,,1995-06-01
12246755,Basketball Cards 1995 Finest,Nate McMillan [Refractor] #197,$0.99,,,,,,,,,,,,$1.09,,,,,,1,,,,,1995-06-01
12246939,Basketball Cards 1995 Finest,Nate McMillan [w/ Coating] #197,,,,,,,,,,,,,,,,,,,0,,,,,1995-06-01
7108572,Basketball Cards 1995 Finest,Nate Mcmillan #197,$1.69,,,$44.00,$48.00,,,,,,,,$1.89,,,,,,3,,,,,1995-06-01
12246503,Basketball Cards 1995 Finest,Nick Anderson #28,$1.00,,,,,,,,,,,,$1.09,,,,,,1,,,,,1995-06-01
5619393,Basketball Cards 1995 Finest,Nick Anderson [Refractor w/ Coating] #28,$5.27,,,,,,,,,,,$1.20,$5.79,,,,,,1,,,,,1995-06-01
83115,Basketball Cards 1995 Finest,Nick Anderson [Refractor] #28,$3.88,,,$100.00,$110.00,,,,,,,$0.90,$4.29,,,,,,4,,,,,1995-06-01
12246805,Basketball Cards 1995 Finest,Nick Anderson [w/ Coating] #28,,,,,,,,,,,,,,,,,,,0,,,,,1995-06-01
12246531,Basketball Cards 1995 Finest,Nick Van Exel #70,,,,,,,,,,,,,,,,,,,0,,,,,1995-06-01
12247071,Basketball Cards 1995 Finest,Nick Van Exel [Refractor w/ Coating] #70,,,,,,,,,,,,,,,,,,,0,,,,,1995-06-01
83150,Basketball Cards 1995 Finest,Nick Van Exel [Refractor] #70,$3.65,,$25.00,,,,,,,,,$0.80,$3.99,,,$8.40,$27.99,,6,,,,,1995-06-01
12246852,Basketball Cards 1995 Finest,Nick Van Exel [w/ Coating] #70,,,,,,,,,,,,,,,,,,,0,,,,,1995-06-01
12246544,Basketball Cards 1995 Finest,Olden Polynice #89,$0.70,,,,,,,,,,,,$0.99,,,,,,1,,,,,1995-06-01
12247093,Basketball Cards 1995 Finest,Olden Polynice [Refractor w/ Coating] #89,,,,,,,,,,,,,,,,,,,0,,,,,1995-06-01
83163,Basketball Cards 1995 Finest,Olden Polynice [Refractor] #89,$1.25,,$26.00,,,,,,,,,,$1.39,,,$8.70,$28.99,,3,,,,,1995-06-01
12246882,Basketball Cards 1995 Finest,Olden Polynice [w/ Coating] #89,,,,,,,,,,,,,,,,,,,0,,,,,1995-06-01
5696700,Basketball Cards 1995 Finest,Oliver Miller #43,$0.73,,,,,,,,,,,,$0.99,,,,,,1,,,,,1995-06-01
12247013,Basketball Cards 1995 Finest,Oliver Miller [Refractor w/ Coating] #43,,,,,,,,,,,,,,,,,,,0,,,,,1995-06-01
83136,Basketball Cards 1995 Finest,Oliver Miller [Refractor] #43,$4.69,,,,,,,,,,,$1.00,$5.19,,,,,,1,,,,,1995-06-01
12246817,Basketball Cards 1995 Finest,Oliver Miller [w/ Coating] #43,,,,,,,,,,,,,,,,,,,0,,,,,1995-06-01
7108568,Basketball Cards 1995 Finest,Otis Thorpe #174,$1.40,,,,,,,,,,,,$1.49,,,,,,3,,,,,1995-06-01
12247012,Basketball Cards 1995 Finest,Otis Thorpe [Refractor w/ Coating] #174,,,,,,,,,,,,,,,,,,,0,,,,,1995-06-01
12246738,Basketball Cards 1995 Finest,Otis Thorpe [Refractor] #174,,,,,,,,,,,,,,,,,,,0,,,,,1995-06-01
12246912,Basketball Cards 1995 Finest,Otis Thorpe [w/ Coating] #174,,,,,,,,,,,,,,,,,,,0,,,,,1995-06-01
12246547,Basketball Cards 1995 Finest,P.J. Brown #92,,,,,,,,,,,,,,,,,,,0,,,,,1995-06-01
12247094,Basketball Cards 1995 Finest,P.J. Brown [Refractor w/ Coating] #92,,,,,,,,,,,,,,,,,,,0,,,,,1995-06-01
83164,Basketball Cards 1995 Finest,P.J. Brown [Refractor] #92,$2.55,,$25.00,,,,,,,,,,$2.79,,,$8.40,$27.99,,2,,,,,1995-06-01
12246889,Basketball Cards 1995 Finest,P.J. Brown [w/ Coating] #92,,,,,,,,,,,,,,,,,,,0,,,,,1995-06-01
12246635,Basketball Cards 1995 Finest,Patrick Ewing #243,$1.75,,$30.00,$33.00,$33.89,$81.04,$105.00,$49.00,$49.00,,,,$1.89,,,$9.90,$32.99,,42,,,,,1995-06-01
83304,Basketball Cards 1995 Finest,Patrick Ewing [Refractor w/ Coating] #243,$7.00,$21.06,$29.99,$147.61,$162.00,$831.25,$1081.00,$499.00,$499.00,,,$1.50,$7.69,$6.90,$22.99,$9.90,$32.99,,6,,,,,1995-06-01
83303,Basketball Cards 1995 Finest,Patrick Ewing [Refractor] #243,$9.25,,$17.59,$116.38,$128.00,$309.30,$402.00,$186.00,$186.00,,,$2.00,$9.99,,,$4.80,$18.99,,11,,,,,1995-06-01
83305,Basketball Cards 1995 Finest,Patrick Ewing [w/ Coating] #243,$2.99,$5.50,,,,,,,,,,,$3.29,$1.20,$6.09,,,,6,,,,,1995-06-01
7108564,Basketball Cards 1995 Finest,Pervis Ellison #150,$1.49,,,,,,,,,,,,$1.59,,,,,,2,,,,,1995-06-01
12247115,Basketball Cards 1995 Finest,Pervis Ellison [Refractor w/ Coating] #150,,,,,,,,,,,,,,,,,,,0,,,,,1995-06-01
12246724,Basketball Cards 1995 Finest,Pervis Ellison [Refractor] #150,$1.25,,,,,,,,,,,,$1.39,,,,,,1,,,,,1995-06-01
12246867,Basketball Cards 1995 Finest,Pervis Ellison [w/ Coating] #150,,,,,,,,,,,,,,,,,,,0,,,,,1995-06-01
11184885,Basketball Cards 1995 Finest,Pete Chilcutt #178,$1.42,,,,,,,,,,,,$1.59,,,,,,4,,,,,1995-06-01
83245,Basketball Cards 1995 Finest,Pete Chilcutt [Refractor w/ Coating] #178,$1.66,,,,,,,,,,,,$1.79,,,,,,2,,,,,1995-06-01
12246743,Basketball Cards 1995 Finest,Pete Chilcutt [Refractor] #178,$1.99,,,,,,,,,,,,$2.19,,,,,,1,,,,,1995-06-01
12246920,Basketball Cards 1995 Finest,Pete Chilcutt [w/ Coating] #178,$4.79,,,,,,,,,,,$1.10,$5.29,,,,,,1,,,,,1995-06-01
12246526,Basketball Cards 1995 Finest,Pooh Richardson #63,$0.73,,,,,,,,,,,,$0.99,,,,,,1,,,,,1995-06-01
12247056,Basketball Cards 1995 Finest,Pooh Richardson [Refractor w/ Coating] #63,,,,,,,,,,,,,,,,,,,0,,,,,1995-06-01
12246694,Basketball Cards 1995 Finest,Pooh Richardson [Refractor] #63,$2.30,,,,,,,,,,,,$2.49,,,,,,7,,,,,1995-06-01
12246837,Basketball Cards 1995 Finest,Pooh Richardson [w/ Coating] #63,,,,,,,,,,,,,,,,,,,0,,,,,1995-06-01
12246510,Basketball Cards 1995 Finest,Popeye Jones #38,$0.01,,,,,,,,,,,,$0.99,,,,,,1,,,,,1995-06-01
12247005,Basketball Cards 1995 Finest,Popeye Jones [Refractor w/ Coating] #38,,,,,,,,,,,,,,,,,,,0,,,,,1995-06-01
83129,Basketball Cards 1995 Finest,Popeye Jones [Refractor] #38,$2.25,,,$35.00,$39.00,,,,,,,,$2.49,,,,,,3,,,,,1995-06-01
12246812,Basketball Cards 1995 Finest,Popeye Jones [w/ Coating] #38,,,,,,,,,,,,,,,,,,,0,,,,,1995-06-01
11184887,Basketball Cards 1995 Finest,Predrag Danilovic #216,$0.11,,,,,,,,,,,,$0.99,,,,,,1,,,,,1995-06-01
83279,Basketball Cards 1995 Finest,Predrag Danilovic [Refractor w/ Coating] #216,$2.99,,$21.88,,,,,,,,,,$3.29,,,$7.20,$23.99,,16,,,,,1995-06-01
12246645,Basketball Cards 1995 Finest,Predrag Danilovic [Refractor] #216,$0.99,,,,,,,,,,,,$1.09,,,,,,1,,,,,1995-06-01
12246956,Basketball Cards 1995 Finest,Predrag Danilovic [w/ Coating] #216,,,,,,,,,,,,,,,,,,,0,,,,,1995-06-01
12246587,Basketball Cards 1995 Finest,Randolph Childress #129,,,,,,,,,,,,,,,,,,,0,,,,,1995-06-01
5158514,Basketball Cards 1995 Finest,Randolph Childress [w/ Coating] #129,$1.99,,,,,,,,,,,,$2.19,,,,,,1,,,,,1995-06-01
83186,Basketball Cards 1995 Finest,Rasheed Wallace #114,$3.88,$6.56,$12.73,$26.25,$56.00,$85.90,$112.00,$52.00,$52.00,,,$0.90,$4.29,$1.40,$7.19,$3.50,$13.99,,83,,,,,1995-06-01
83187,Basketball Cards 1995 Finest,Rasheed Wallace [w/ Coating] #114,$4.97,$4.08,$11.28,$25.36,$55.83,$109.49,$142.00,$66.00,$66.00,,,$1.10,$5.49,$0.90,$4.49,$3.00,$11.99,,20,,,,,1995-06-01
83116,Basketball Cards 1995 Finest,Reggie Miller #31,$2.37,$3.25,$9.82,$20.18,$36.37,$90.16,$117.00,$54.00,$54.00,,,,$2.59,,$3.59,$2.80,$10.99,,15,,,,,1995-06-01
83118,Basketball Cards 1995 Finest,Reggie Miller [Refractor w/ Coating] #31,$23.07,$18.45,$33.13,$33.50,$37.00,,,,,,,$7.50,$24.99,$5.00,$19.99,$14.40,$35.99,,7,,,,,1995-06-01
83117,Basketball Cards 1995 Finest,Reggie Miller [Refractor] #31,$20.50,$32.00,$70.00,$194.99,$214.00,,,,,,,$6.90,$22.99,$10.50,$34.99,$30.80,$76.99,,7,,,,,1995-06-01
83119,Basketball Cards 1995 Finest,Reggie Miller [w/ Coating] #31,$2.97,,$4.56,$4.99,$5.00,$43.44,$56.00,$26.00,$26.00,,,,$3.29,,,$1.00,$4.99,,6,,,,,1995-06-01
12246578,Basketball Cards 1995 Finest,Reggie Williams #107,,,,,,,,,,,,,,,,,,,0,,,,,1995-06-01
11049064,Basketball Cards 1995 Finest,Reggie Williams [Refractor w/ Coating] #107,,,,,,,,,,,,,,,,,,,0,,,,,1995-06-01
83177,Basketball Cards 1995 Finest,Reggie Williams [Refractor] #107,$3.99,,$6.00,,,$4.69,$6.00,$3.00,$3.00,,,$0.90,$4.39,,,$1.30,$6.59,,4,,,,,1995-06-01
12246919,Basketball Cards 1995 Finest,Reggie Williams [w/ Coating] #107,,,,,,,,,,,,,,,,,,,0,,,,,1995-06-01
11184880,Basketball Cards 1995 Finest,Rex Chapman #175,$1.69,,$9.09,$18.63,$33.87,$80.96,$105.00,$49.00,$49.00,,,,$1.89,,,$2.00,$9.99,,22,,,,,1995-06-01
83243,Basketball Cards 1995 Finest,Rex Chapman [Refractor w/ Coating] #175,$2.99,,,,,,,,,,,,$3.29,,,,,,3,,,,,1995-06-01
12246740,Basketball Cards 1995 Finest,Rex Chapman [Refractor] #175,$5.03,,,,,,,,,,,$1.10,$5.49,,,,,,1,,,,,1995-06-01
12246914,Basketball Cards 1995 Finest,Rex Chapman [w/ Coating] #175,,,,,,,,,,,,,,,,,,,0,,,,,1995-06-01
12246508,Basketball Cards 1995 Finest,Rex Walters #36,,,,,,,,,,,,,,,,,,,0,,,,,1995-06-01
12247004,Basketball Cards 1995 Finest,Rex Walters [Refractor w/ Coating] #36,,,,,,,,,,,,,,,,,,,0,,,,,1995-06-01
10045438,Basketball Cards 1995 Finest,Rex Walters [Refractor] #36,$2.08,,,,,,,,,,,,$2.29,,,,,,3,,,,,1995-06-01
12246810,Basketball Cards 1995 Finest,Rex Walters [w/ Coating] #36,,,,,,,,,,,,,,,,,,,0,,,,,1995-06-01
10619426,Basketball Cards 1995 Finest,Rick Fox #231,$1.74,,,,,,,,,,,,$1.89,,,,,,2,,,,,1995-06-01
12247064,Basketball Cards 1995 Finest,Rick Fox [Refractor w/ Coating] #231,,,,,,,,,,,,,,,,,,,0,,,,,1995-06-01
12246661,Basketball Cards 1995 Finest,Rick Fox [Refractor] #231,$1.84,,$9.45,$19.40,$35.11,$85.50,$111.00,$51.00,$51.00,,,,$1.99,,,$2.00,$9.99,,8,,,,,1995-06-01
12246968,Basketball Cards 1995 Finest,Rick Fox [w/ Coating] #231,,,,,,,,,,,,,,,,,,,0,,,,,1995-06-01
12246577,Basketball Cards 1995 Finest,Rik Smits #194,$1.42,,$7.93,$16.18,$29.94,$66.53,$86.00,$40.00,$40.00,,,,$1.59,,,$1.70,$8.69,,9,,,,,1995-06-01
83264,Basketball Cards 1995 Finest,Rik Smits [Refractor w/ Coating] #194,$2.46,,,,,,,,,,,,$2.69,,,,,,1,,,,,1995-06-01
83263,Basketball Cards 1995 Finest,Rik Smits [Refractor] #194,$4.00,,,,,,,,,,,$0.90,$4.39,,,,,,2,,,,,1995-06-01
12246936,Basketball Cards 1995 Finest,Rik Smits [w/ Coating] #194,,,,,,,,,,,,,,,,,,,0,,,,,1995-06-01
12246624,Basketball Cards 1995 Finest,Robert Horry #236,$1.29,,$9.50,$16.58,$30.57,$68.84,$89.00,$41.00,$41.00,,,,$1.39,,,$2.00,$9.99,,9,,,,,1995-06-01
12247070,Basketball Cards 1995 Finest,Robert Horry [Refractor w/ Coating] #236,,,,,,,,,,,,,,,,,,,0,,,,,1995-06-01
12246664,Basketball Cards 1995 Finest,Robert Horry [Refractor] #236,$4.99,,$30.09,$35.47,$60.95,$180.46,$235.00,$108.00,$108.00,,,$1.10,$5.49,,,$9.90,$32.99,,14,,,,,1995-06-01
83299,Basketball Cards 1995 Finest,Robert Horry [w/ Coating] #236,$5.14,$8.50,,,,,,,,,,$1.10,$5.69,$1.90,$9.39,,,,2,,,,,1995-06-01
12246563,Basketball Cards 1995 Finest,Robert Pack #180,,,,,,,,,,,,,,,,,,,0,,,,,1995-06-01
83251,Basketball Cards 1995 Finest,Robert Pack [Refractor w/ Coating] #180,$2.99,,,,,,,,,,,,$3.29,,,,,,1,,,,,1995-06-01
83250,Basketball Cards 1995 Finest,Robert Pack [Refractor] #180,$1.64,,,,,,,,,,,,$1.79,,,,,,1,,,,,1995-06-01
12246921,Basketball Cards 1995 Finest,Robert Pack [w/ Coating] #180,,,,,,,,,,,,,,,,,,,0,,,,,1995-06-01
12246557,Basketball Cards 1995 Finest,Robert Parish #96,,,,,,,,,,,,,,,,,,,0,,,,,1995-06-01
12247096,Basketball Cards 1995 Finest,Robert Parish [Refractor w/ Coating] #96,$5.00,,,,,,,,,,,$1.10,$5.49,,,,,,1,,,,,1995-06-01
83168,Basketball Cards 1995 Finest,Robert Parish [Refractor] #96,$3.30,$10.50,$11.50,$12.57,$14.00,,,,,,,,$3.59,$3.00,$11.99,$3.30,$12.99,,6,,,,,1995-06-01
12246900,Basketball Cards 1995 Finest,Robert Parish [w/ Coating] #96,,,,,,,,,,,,,,,,,,,0,,,,,1995-06-01
12246613,Basketball Cards 1995 Finest,Rod Strickland #226,$1.00,,$7.42,$15.12,$28.23,$60.22,$78.00,$36.00,$36.00,,,,$1.09,,,$1.60,$8.19,,21,,,,,1995-06-01
12247057,Basketball Cards 1995 Finest,Rod Strickland [Refractor w/ Coating] #226,$1.60,,,,,,,,,,,,$1.79,,,,,,1,,,,,1995-06-01
12246656,Basketball Cards 1995 Finest,Rod Strickland [Refractor] #226,$3.00,,$12.27,$49.99,$55.00,$120.67,$157.00,$72.00,$72.00,,,,$3.29,,,$3.50,$13.99,,7,,,,,1995-06-01
12246964,Basketball Cards 1995 Finest,Rod Strickland [w/ Coating] #226,$1.49,,,,,,,,,,,,$1.59,,,,,,1,,,,,1995-06-01
12246628,Basketball Cards 1995 Finest,Rodney Rogers #238,$0.16,,,,,,,,,,,,$0.99,,,,,,1,,,,,1995-06-01
12247073,Basketball Cards 1995 Finest,Rodney Rogers [Refractor w/ Coating] #238,,,,,,,,,,,,,,,,,,,0,,,,,1995-06-01
12246670,Basketball Cards 1995 Finest,Rodney Rogers [Refractor] #238,$3.14,,$12.60,$26.04,$45.79,$124.74,$162.00,$75.00,$75.00,,,,$3.49,,,$3.50,$13.99,,5,,,,,1995-06-01
83301,Basketball Cards 1995 Finest,Rodney Rogers [w/ Coating] #238,,,,,,,,,,,,,,,,,,,0,,,,,1995-06-01
83143,Basketball Cards 1995 Finest,Ron Harper #53,$1.81,,$52.50,$58.00,$64.00,$84.66,$110.00,$51.00,$51.00,,,,$1.99,,,$23.20,$57.99,,10,,,,,1995-06-01
12247037,Basketball Cards 1995 Finest,Ron Harper [Refractor w/ Coating] #53,,,,,,,,,,,,,,,,,,,0,,,,,1995-06-01
12246690,Basketball Cards 1995 Finest,Ron Harper [Refractor] #53,$6.00,,$19.52,$40.63,$69.25,$210.96,$274.00,$127.00,$127.00,,,$1.30,$6.59,,,$6.30,$20.99,,7,,,,,1995-06-01
12246825,Basketball Cards 1995 Finest,Ron Harper [w/ Coating] #53,,,,,,,,,,,,,,,,,,,0,,,,,1995-06-01
12246576,Basketball Cards 1995 Finest,Rony Seikaly #106,,,,,,,,,,,,,,,,,,,0,,,,,1995-06-01
12247105,Basketball Cards 1995 Finest,Rony Seikaly [Refractor w/ Coating] #106,,,,,,,,,,,,,,,,,,,0,,,,,1995-06-01
83176,Basketball Cards 1995 Finest,Rony Seikaly [Refractor] #106,$2.24,,$30.00,,,,,,,,,,$2.49,,,$9.90,$32.99,,2,,,,,1995-06-01
12246917,Basketball Cards 1995 Finest,Rony Seikaly [w/ Coating] #106,,,,,,,,,,,,,,,,,,,0,,,,,1995-06-01
12246546,Basketball Cards 1995 Finest,Sam Cassell #90,$1.99,,,,,,,,,,,,$2.19,,,,,,1,,,,,1995-06-01
9267991,Basketball Cards 1995 Finest,Sam Cassell [Refractor w/ Coating] #90,$1.99,,$19.99,,,,,,,,,,$2.19,,,$6.60,$21.99,,4,,,,,1995-06-01
12246710,Basketball Cards 1995 Finest,Sam Cassell [Refractor] #90,$1.25,,$10.21,,,,,,,,,,$1.39,,,$2.80,$10.99,,8,,,,,1995-06-01
12246885,Basketball Cards 1995 Finest,Sam Cassell [w/ Coating] #90,,,,,,,,,,,,,,,,,,,0,,,,,1995-06-01
12246553,Basketball Cards 1995 Finest,Sam Perkins #94,$1.10,,,,,,,,,,,,$1.19,,,,,,1,,,,,1995-06-01
83165,Basketball Cards 1995 Finest,Sam Perkins [Refractor w/ Coating] #94,$3.05,,,$8.00,$9.00,,,,,,,,$3.39,,,,,,4,,,,,1995-06-01
12246713,Basketball Cards 1995 Finest,Sam Perkins [Refractor] #94,$1.90,,,,,,,,,,,,$2.09,,,,,,1,,,,,1995-06-01
12246895,Basketball Cards 1995 Finest,Sam Perkins [w/ Coating] #94,,,,,,,,,,,,,,,,,,,0,,,,,1995-06-01
6741104,Basketball Cards 1995 Finest,Sarunas Marciulionis #173,$0.25,,,,,,,,,,,,$0.99,,,,,,1,,,,,1995-06-01
83242,Basketball Cards 1995 Finest,Sarunas Marciulionis [Refractor w/ Coating] #173,$2.84,,,,,,,,,,,,$3.09,,,,,,1,,,,,1995-06-01
12246739,Basketball Cards 1995 Finest,Sarunas Marciulionis [Refractor] #173,$2.27,,,,,,,,,,,,$2.49,,,,,,1,,,,,1995-06-01
12246910,Basketball Cards 1995 Finest,Sarunas Marciulionis [w/ Coating] #173,,,,,,,,,,,,,,,,,,,0,,,,,1995-06-01
7108576,Basketball Cards 1995 Finest,Scott Burrell #218,$2.73,,,$35.00,$39.00,,,,,,,,$2.99,,,,,,4,,,,,1995-06-01
12247051,Basketball Cards 1995 Finest,Scott Burrell [Refractor w/ Coating] #218,,,,,,,,,,,,,,,,,,,0,,,,,1995-06-01
12246648,Basketball Cards 1995 Finest,Scott Burrell [Refractor] #218,,,,,,,,,,,,,,,,,,,0,,,,,1995-06-01
12246958,Basketball Cards 1995 Finest,Scott Burrell [w/ Coating] #218,,,,,,,,,,,,,,,,,,,0,,,,,1995-06-01
12246619,Basketball Cards 1995 Finest,Scott Williams #232,$0.11,,,,,,,,,,,,$0.99,,,,,,1,,,,,1995-06-01
12247128,Basketball Cards 1995 Finest,Scott Williams [Refractor w/ Coating] #232,,,,,,,,,,,,,,,,,,,0,,,,,1995-06-01
83293,Basketball Cards 1995 Finest,Scott Williams [Refractor] #232,$1.23,,,,,,,,,,,,$1.39,,,,,,1,,,,,1995-06-01
12246969,Basketball Cards 1995 Finest,Scott Williams [w/ Coating] #232,,,,,,,,,,,,,,,,,,,0,,,,,1995-06-01
83246,Basketball Cards 1995 Finest,Scottie Pippen #179,$2.72,$10.00,$12.19,$22.75,$39.80,$64.14,$83.00,$38.00,$38.00,,,,$2.99,$2.80,$10.99,$3.30,$12.99,,64,,,,,1995-06-01
83248,Basketball Cards 1995 Finest,Scottie Pippen [Refractor w/ Coating] #179,$10.37,$17.50,$45.44,$70.00,$77.00,$262.75,$342.00,$158.00,$158.00,,,$2.80,$10.99,$4.80,$18.99,$20.00,$49.99,,6,,,,,1995-06-01
83247,Basketball Cards 1995 Finest,Scottie Pippen [Refractor] #179,$15.00,$10.50,$59.95,$100.00,$99.00,$101.37,$132.00,$61.00,$61.00,,,$4.30,$16.99,$3.00,$11.99,$26.40,$65.99,,11,,,,,1995-06-01
83249,Basketball Cards 1995 Finest,Scottie Pippen [w/ Coating] #179,$2.51,$7.00,$8.50,$23.78,$44.03,$118.28,$154.00,$71.00,$71.00,,,,$2.79,$1.50,$7.69,$1.90,$9.39,,20,,,,,1995-06-01
12246490,Basketball Cards 1995 Finest,Sean Elliott #11,$1.50,,,,,,,,,,,,$1.69,,,,,,1,,,,,1995-06-01
12246988,Basketball Cards 1995 Finest,Sean Elliott [Refractor w/ Coating] #11,$5.27,,,,,,,,,,,$1.20,$5.79,,,,,,1,,,,,1995-06-01
12246663,Basketball Cards 1995 Finest,Sean Elliott [Refractor] #11,,,,,,,,,,,,,,,,,,,0,,,,,1995-06-01
12246790,Basketball Cards 1995 Finest,Sean Elliott [w/ Coating] #11,$1.90,,,,,,,,,,,,$2.09,,,,,,1,,,,,1995-06-01
6741109,Basketball Cards 1995 Finest,Sean Rooks #192,$0.25,,,,,,,,,,,,$0.99,,,,,,1,,,,,1995-06-01
83262,Basketball Cards 1995 Finest,Sean Rooks [Refractor w/ Coating] #192,$1.90,,,,,,,,,,,,$2.09,,,,,,2,,,,,1995-06-01
12246752,Basketball Cards 1995 Finest,Sean Rooks [Refractor] #192,$2.99,,,,,,,,,,,,$3.29,,,,,,1,,,,,1995-06-01
12246933,Basketball Cards 1995 Finest,Sean Rooks [w/ Coating] #192,,,,,,,,,,,,,,,,,,,0,,,,,1995-06-01
10619420,Basketball Cards 1995 Finest,Sedale Threatt #161,$0.25,,,,,,,,,,,,$0.99,,,,,,0,,,,,1995-06-01
12247122,Basketball Cards 1995 Finest,Sedale Threatt [Refractor w/ Coating] #161,$2.99,,,,,,,,,,,,$3.29,,,,,,1,,,,,1995-06-01
12246730,Basketball Cards 1995 Finest,Sedale Threatt [Refractor] #161,$2.12,,$10.13,$20.82,$37.40,$93.94,$122.00,$56.00,$56.00,,,,$2.29,,,$2.80,$10.99,,11,,,,,1995-06-01
12246887,Basketball Cards 1995 Finest,Sedale Threatt [w/ Coating] #161,,,,,,,,,,,,,,,,,,,0,,,,,1995-06-01
83120,Basketball Cards 1995 Finest,Shaquille O'Neal #32,$5.00,$13.49,$22.75,$37.50,$61.04,$100.88,$131.00,$61.00,$61.00,,,$1.10,$5.49,$3.80,$14.99,$7.50,$24.99,,99,,,,,1995-06-01
83122,Basketball Cards 1995 Finest,Shaquille O'Neal [Refractor w/ Coating] #32,$109.67,$55.66,$142.35,$223.22,$921.96,$3343.96,$4347.00,$2006.00,$2006.00,,,$60.50,$121.00,$24.40,$60.99,$78.50,$157.00,,16,,,,,1995-06-01
83121,Basketball Cards 1995 Finest,Shaquille O'Neal [Refractor] #32,$98.49,$74.00,$92.44,$200.00,$220.00,,,,,,,$54.00,$108.00,$32.40,$80.99,$51.00,$102.00,,7,,,,,1995-06-01
83123,Basketball Cards 1995 Finest,Shaquille O'Neal [w/ Coating] #32,$7.00,$20.43,$20.57,$47.55,$77.47,$241.17,$314.00,$145.00,$145.00,,,$1.50,$7.69,$6.60,$21.99,$6.90,$22.99,,26,,,,,1995-06-01
5697363,Basketball Cards 1995 Finest,Sharone Wright #4,$2.13,,,,,,,,,,,,$2.29,,,,,,2,,,,,1995-06-01
12246983,Basketball Cards 1995 Finest,Sharone Wright [Refractor w/ Coating] #4,,,,,,,,,,,,,,,,,,,0,,,,,1995-06-01
8800749,Basketball Cards 1995 Finest,Sharone Wright [Refractor] #4,$3.36,,,,,,,,,,,,$3.69,,,,,,4,,,,,1995-06-01
12246784,Basketball Cards 1995 Finest,Sharone Wright [w/ Coating] #4,,,,,,,,,,,,,,,,,,,0,,,,,1995-06-01
5694088,Basketball Cards 1995 Finest,Shawn Bradley #100,$1.98,,,,,,,,,,,,$2.19,,,,,,1,,,,,1995-06-01
12247100,Basketball Cards 1995 Finest,Shawn Bradley [Refractor w/ Coating] #100,,,,,,,,,,,,,,,,,,,0,,,,,1995-06-01
83170,Basketball Cards 1995 Finest,Shawn Bradley [Refractor] #100,$2.08,,,,,,,,,,,,$2.29,,,,,,3,,,,,1995-06-01
12246906,Basketball Cards 1995 Finest,Shawn Bradley [w/ Coating] #100,,,,,,,,,,,,,,,,,,,0,,,,,1995-06-01
12246630,Basketball Cards 1995 Finest,Shawn Kemp #159,$1.22,,$8.17,$16.70,$30.77,$69.59,$90.00,$42.00,$42.00,,,,$1.29,,,$1.80,$8.99,,35,,,,,1995-06-01
83233,Basketball Cards 1995 Finest,Shawn Kemp [Refractor w/ Coating] #159,$14.07,$20.24,,,,,,,,,,$3.80,$14.99,$6.60,$21.99,,,,3,,,,,1995-06-01
83232,Basketball Cards 1995 Finest,Shawn Kemp [Refractor] #159,$17.47,,$22.66,$67.81,$75.00,,,,,,,$4.80,$18.99,,,$7.50,$24.99,,6,,,,,1995-06-01
83234,Basketball Cards 1995 Finest,Shawn Kemp [w/ Coating] #159,$1.73,,$8.00,,,,,,,,,,$1.89,,,$1.80,$8.79,,5,,,,,1995-06-01
11184873,Basketball Cards 1995 Finest,Shawn Respert #118,,,,,,,,,,,,,,,,,,,0,,,,,1995-06-01
12246836,Basketball Cards 1995 Finest,Shawn Respert [w/ Coating] #118,,,,,,,,,,,,,,,,,,,0,,,,,1995-06-01
5696830,Basketball Cards 1995 Finest,Sherman Douglas #42,$3.25,,,,,,,,,,,,$3.59,,,,,,1,,,,,1995-06-01
12247011,Basketball Cards 1995 Finest,Sherman Douglas [Refractor w/ Coating] #42,,,,,,,,,,,,,,,,,,,0,,,,,1995-06-01
83135,Basketball Cards 1995 Finest,Sherman Douglas [Refractor] #42,$1.12,,,,,$12.69,$17.00,$8.00,$8.00,,,,$1.19,,,,,,3,,,,,1995-06-01
12246856,Basketball Cards 1995 Finest,Sherman Douglas [w/ Coating] #42,$4.87,,,,,,,,,,,$1.10,$5.39,,,,,,1,,,,,1995-06-01
12246596,Basketball Cards 1995 Finest,Sherrell Ford #136,,,,,,,,,,,,,,,,,,,0,,,,,1995-06-01
12246843,Basketball Cards 1995 Finest,Sherrell Ford [w/ Coating] #136,,,,,,,,,,,,,,,,,,,0,,,,,1995-06-01
12246579,Basketball Cards 1995 Finest,Spud Webb #195,$1.84,,$9.55,$19.61,$35.45,$86.75,$113.00,$52.00,$52.00,,,,$1.99,,,$2.80,$10.99,,5,,,,,1995-06-01
83266,Basketball Cards 1995 Finest,Spud Webb [Refractor w/ Coating] #195,$3.99,,,,,,,,,,,$0.90,$4.39,,,,,,1,,,,,1995-06-01
83265,Basketball Cards 1995 Finest,Spud Webb [Refractor] #195,$3.73,$25.00,,$23.50,$26.00,,,,,,,$0.80,$4.09,$8.40,$27.99,,,,6,,,,,1995-06-01
12246937,Basketball Cards 1995 Finest,Spud Webb [w/ Coating] #195,$1.42,,$8.44,$17.26,$31.67,$72.88,$95.00,$44.00,$44.00,,,,$1.59,,,$1.90,$9.29,,8,,,,,1995-06-01
5697512,Basketball Cards 1995 Finest,Stacey Augmon #2,$1.69,,,$18.19,$20.00,,,,,,,,$1.89,,,,,,2,,,,,1995-06-01
12246982,Basketball Cards 1995 Finest,Stacey Augmon [Refractor w/ Coating] #2,,,,,,,,,,,,,,,,,,,0,,,,,1995-06-01
12246642,Basketball Cards 1995 Finest,Stacey Augmon [Refractor] #2,$3.99,,,,,,,,,,,$0.90,$4.39,,,,,,1,,,,,1995-06-01
12246782,Basketball Cards 1995 Finest,Stacey Augmon [w/ Coating] #2,,,,,,,,,,,,,,,,,,,0,,,,,1995-06-01
12246498,Basketball Cards 1995 Finest,Steve Kerr #22,$3.00,,$12.26,$25.32,$44.64,$120.52,$157.00,$72.00,$72.00,,,,$3.29,,,$3.30,$12.99,,8,,,,,1995-06-01
83108,Basketball Cards 1995 Finest,Steve Kerr [Refractor w/ Coating] #22,$8.00,,,,,,,,,,,$1.80,$8.79,,,,,,3,,,,,1995-06-01
83107,Basketball Cards 1995 Finest,Steve Kerr [Refractor] #22,$6.64,,$55.00,$61.00,$67.00,,,,,,,$1.50,$7.29,,,$24.40,$60.99,,5,,,,,1995-06-01
12246799,Basketball Cards 1995 Finest,Steve Kerr [w/ Coating] #22,,,,,,,,,,,,,,,,,,,0,,,,,1995-06-01
12246492,Basketball Cards 1995 Finest,Steve Smith #16,,,,,,,,,,,,,,,,,,,0,,,,,1995-06-01
12246992,Basketball Cards 1995 Finest,Steve Smith [Refractor w/ Coating] #16,,,,,,,,,,,,,,,,,,,0,,,,,1995-06-01
12246667,Basketball Cards 1995 Finest,Steve Smith [Refractor] #16,$1.53,,$8.70,$17.82,$32.57,$76.19,$99.00,$46.00,$46.00,,,,$1.69,,,$1.90,$9.59,,24,,,,,1995-06-01
12246795,Basketball Cards 1995 Finest,Steve Smith [w/ Coating] #16,,,,,,,,,,,,,,,,,,,0,,,,,1995-06-01
5694084,Basketball Cards 1995 Finest,Terrell Brandon #109,$1.00,,,,,,,,,,,,$1.09,,,,,,3,,,,,1995-06-01
12247107,Basketball Cards 1995 Finest,Terrell Brandon [Refractor w/ Coating] #109,,,,,,,,,,,,,,,,,,,0,,,,,1995-06-01
3197110,Basketball Cards 1995 Finest,Terrell Brandon [Refractor] #109,$3.00,,,,,,,,,,,,$3.29,,,,,,1,,,,,1995-06-01
12246922,Basketball Cards 1995 Finest,Terrell Brandon [w/ Coating] #109,$1.99,,,,,,,,,,,,$2.19,,,,,,1,,,,,1995-06-01
5694087,Basketball Cards 1995 Finest,Terry Dehere #102,$1.00,,,$35.00,$39.00,,,,,,,,$1.09,,,,,,3,,,,,1995-06-01
12247102,Basketball Cards 1995 Finest,Terry Dehere [Refractor w/ Coating] #102,,,,,,,,,,,,,,,,,,,0,,,,,1995-06-01
12246716,Basketball Cards 1995 Finest,Terry Dehere [Refractor] #102,$0.99,,$7.40,$15.06,$28.14,$59.92,$78.00,$36.00,$36.00,,,,$1.09,,,$1.60,$8.09,,10,,,,,1995-06-01
12246909,Basketball Cards 1995 Finest,Terry Dehere [w/ Coating] #102,,,,,,,,,,,,,,,,,,,0,,,,,1995-06-01
5696197,Basketball Cards 1995 Finest,Terry Mills #56,$0.25,,,,,,,,,,,,$0.99,,,,,,0,,,,,1995-06-01
12247042,Basketball Cards 1995 Finest,Terry Mills [Refractor w/ Coating] #56,,,,,,,,,,,,,,,,,,,0,,,,,1995-06-01
83146,Basketball Cards 1995 Finest,Terry Mills [Refractor] #56,$1.25,,$25.00,,,,,,,,,,$1.39,,,$8.40,$27.99,,3,,,,,1995-06-01
12246828,Basketball Cards 1995 Finest,Terry Mills [w/ Coating] #56,,,,,,,,,,,,,,,,,,,0,,,,,1995-06-01
12246608,Basketball Cards 1995 Finest,Terry Porter #222,$1.49,,,,,,,,,,,,$1.59,,,,,,1,,,,,1995-06-01
12247053,Basketball Cards 1995 Finest,Terry Porter [Refractor w/ Coating] #222,$1.25,,,,,,,,,,,,$1.39,,,,,,1,,,,,1995-06-01
12246651,Basketball Cards 1995 Finest,Terry Porter [Refractor] #222,$4.00,,,$35.00,$39.00,,,,,,,$0.90,$4.39,,,,,,5,,,,,1995-06-01
12246961,Basketball Cards 1995 Finest,Terry Porter [w/ Coating] #222,,,,,,,,,,,,,,,,,,,0,,,,,1995-06-01
83207,Basketball Cards 1995 Finest,Theo Ratliff #128,$0.99,,,,,,,,,,,,$1.09,,,,,,5,,,,,1995-06-01
83208,Basketball Cards 1995 Finest,Theo Ratliff [w/ Coating] #128,$0.75,,,$24.99,$27.00,,,,,,,,$0.99,,,,,,3,,,,,1995-06-01
12246537,Basketball Cards 1995 Finest,Tim Hardaway #80,$2.50,,,,,,,,,,,,$2.79,,,,,,1,,,,,1995-06-01
83156,Basketball Cards 1995 Finest,Tim Hardaway [Refractor w/ Coating] #80,$4.67,,$45.00,$51.00,$56.00,,,,,,,$1.00,$5.09,,,$20.00,$49.99,,3,,,,,1995-06-01
83155,Basketball Cards 1995 Finest,Tim Hardaway [Refractor] #80,$5.53,$12.00,$14.99,$80.00,$88.00,,,,,,,$1.20,$6.09,$3.30,$12.99,$4.00,$15.99,,7,,,,,1995-06-01
83157,Basketball Cards 1995 Finest,Tim Hardaway [w/ Coating] #80,$1.39,,,,,,,,,,,,$1.49,,,,,,1,,,,,1995-06-01
12246538,Basketball Cards 1995 Finest,Tim Perry #79,,,,,,,,,,,,,,,,,,,0,,,,,1995-06-01
12247086,Basketball Cards 1995 Finest,Tim Perry [Refractor w/ Coating] #79,,,,,,,,,,,,,,,,,,,0,,,,,1995-06-01
83154,Basketball Cards 1995 Finest,Tim Perry [Refractor] #79,$1.80,,$25.00,,,,,,,,,,$1.99,,,$8.40,$27.99,,2,,,,,1995-06-01
12246868,Basketball Cards 1995 Finest,Tim Perry [w/ Coating] #79,,,,,,,,,,,,,,,,,,,0,,,,,1995-06-01
12246545,Basketball Cards 1995 Finest,Todd Day #91,$0.70,,,,,,,,,,,,$0.99,,,,,,1,,,,,1995-06-01
5619395,Basketball Cards 1995 Finest,Todd Day [Refractor w/ Coating] #91,$2.50,,,,,,,,,,,,$2.79,,,,,,2,,,,,1995-06-01
12246711,Basketball Cards 1995 Finest,Todd Day [Refractor] #91,$4.04,,,,,,,,,,,$0.90,$4.39,,,,,,1,,,,,1995-06-01
12246888,Basketball Cards 1995 Finest,Todd Day [w/ Coating] #91,,,,,,,,,,,,,,,,,,,0,,,,,1995-06-01
12246622,Basketball Cards 1995 Finest,Tom Gugliotta #154,$0.85,,$5.27,$10.56,$20.90,$33.32,$43.00,$20.00,$20.00,,,,$0.99,,,$1.20,$5.79,,9,,,,,1995-06-01
83228,Basketball Cards 1995 Finest,Tom Gugliotta [Refractor w/ Coating] #154,$3.93,,,,,,,,,,,$0.90,$4.29,,,,,,2,,,,,1995-06-01
12246726,Basketball Cards 1995 Finest,Tom Gugliotta [Refractor] #154,$1.30,,$8.15,$16.64,$30.67,$69.20,$90.00,$42.00,$42.00,,,,$1.39,,,$1.80,$8.99,,8,,,,,1995-06-01
12246876,Basketball Cards 1995 Finest,Tom Gugliotta [w/ Coating] #154,,,,,,,,,,,,,,,,,,,0,,,,,1995-06-01
12246614,Basketball Cards 1995 Finest,Tom Hammonds #143,,,,,,,,,,,,,,,,,,,0,,,,,1995-06-01
12247110,Basketball Cards 1995 Finest,Tom Hammonds [Refractor w/ Coating] #143,,,,,,,,,,,,,,,,,,,0,,,,,1995-06-01
12246718,Basketball Cards 1995 Finest,Tom Hammonds [Refractor] #143,$1.75,,$9.23,$18.92,$34.34,$82.69,$108.00,$50.00,$50.00,,,,$1.89,,,$2.00,$9.99,,13,,,,,1995-06-01
12246853,Basketball Cards 1995 Finest,Tom Hammonds [w/ Coating] #143,,,,,,,,,,,,,,,,,,,0,,,,,1995-06-01
12246580,Basketball Cards 1995 Finest,Toni Kukoc #108,$1.95,,$9.41,$19.31,$34.97,$84.99,$110.00,$51.00,$51.00,,,,$2.19,,,$2.00,$9.99,,12,,,,,1995-06-01
12247106,Basketball Cards 1995 Finest,Toni Kukoc [Refractor w/ Coating] #108,,,,,,,,,,,,,,,,,,,0,,,,,1995-06-01
83178,Basketball Cards 1995 Finest,Toni Kukoc [Refractor] #108,$9.99,$34.99,$35.00,,,,,,,,,$2.80,$10.99,$15.20,$37.99,$15.60,$38.99,,4,,,,,1995-06-01
12246934,Basketball Cards 1995 Finest,Toni Kukoc [w/ Coating] #108,,,$24.99,,,,,,,,,,,,,$8.10,$26.99,,1,,,,,1995-06-01
5695177,Basketball Cards 1995 Finest,Tony Dumas #69,$1.35,,,,,,,,,,,,$1.49,,,,,,1,,,,,1995-06-01
12247068,Basketball Cards 1995 Finest,Tony Dumas [Refractor w/ Coating] #69,,,,,,,,,,,,,,,,,,,0,,,,,1995-06-01
3197112,Basketball Cards 1995 Finest,Tony Dumas [Refractor] #69,$2.29,,,,,,,,,,,,$2.49,,,,,,1,,,,,1995-06-01
12246850,Basketball Cards 1995 Finest,Tony Dumas [w/ Coating] #69,,,,,,,,,,,,,,,,,,,0,,,,,1995-06-01
83213,Basketball Cards 1995 Finest,Travis Best #133,$1.71,,,,,,,,,,,,$1.89,,,,,,4,,,,,1995-06-01
83214,Basketball Cards 1995 Finest,Travis Best [w/ Coating] #133,$2.49,,,,,,,,,,,,$2.69,,,,,,1,,,,,1995-06-01
12246505,Basketball Cards 1995 Finest,Tyrone Hill #30,,,,,,,,,,,,,,,,,,,0,,,,,1995-06-01
12247001,Basketball Cards 1995 Finest,Tyrone Hill [Refractor w/ Coating] #30,,,,,,,,,,,,,,,,,,,0,,,,,1995-06-01
12246682,Basketball Cards 1995 Finest,Tyrone Hill [Refractor] #30,$2.62,,$8.35,$23.40,$41.54,$109.15,$142.00,$65.00,$65.00,,,,$2.89,,,$1.80,$9.19,,6,,,,,1995-06-01
12246806,Basketball Cards 1995 Finest,Tyrone Hill [w/ Coating] #30,,,,,,,,,,,,,,,,,,,0,,,,,1995-06-01
12246551,Basketball Cards 1995 Finest,Vernon Maxwell #166,$1.22,,$7.95,$16.23,$30.02,$66.81,$87.00,$40.00,$40.00,,,,$1.29,,,$1.80,$8.79,,8,,,,,1995-06-01
12247006,Basketball Cards 1995 Finest,Vernon Maxwell [Refractor w/ Coating] #166,,,,,,,,,,,,,,,,,,,0,,,,,1995-06-01
83236,Basketball Cards 1995 Finest,Vernon Maxwell [Refractor] #166,$2.67,,,,,,,,,,,,$2.89,,,,,,2,,,,,1995-06-01
12246897,Basketball Cards 1995 Finest,Vernon Maxwell [w/ Coating] #166,,,,,,,,,,,,,,,,,,,0,,,,,1995-06-01
5696056,Basketball Cards 1995 Finest,Victor Alexander #57,$1.64,,,,,,,,,,,,$1.79,,,,,,1,,,,,1995-06-01
12247045,Basketball Cards 1995 Finest,Victor Alexander [Refractor w/ Coating] #57,,,,,,,,,,,,,,,,,,,0,,,,,1995-06-01
83147,Basketball Cards 1995 Finest,Victor Alexander [Refractor] #57,$3.30,,,,,,,,,,,,$3.59,,,,,,1,,,,,1995-06-01
12246829,Basketball Cards 1995 Finest,Victor Alexander [w/ Coating] #57,,,,,,,,,,,,,,,,,,,0,,,,,1995-06-01
12246496,Basketball Cards 1995 Finest,Vin Baker #20,,,,,,,,,,,,,,,,,,,0,,,,,1995-06-01
83106,Basketball Cards 1995 Finest,Vin Baker [Refractor w/ Coating] #20,$1.12,,,,,,,,,,,,$1.19,,,,,,3,,,,,1995-06-01
12246672,Basketball Cards 1995 Finest,Vin Baker [Refractor] #20,$2.63,,$9.50,$23.42,$41.58,$109.29,$142.00,$66.00,$66.00,,,,$2.89,,,$2.00,$9.99,,11,,,,,1995-06-01
12246798,Basketball Cards 1995 Finest,Vin Baker [w/ Coating] #20,,,,,,,,,,,,,,,,,,,0,,,,,1995-06-01
5695860,Basketball Cards 1995 Finest,Vincent Askew #59,$1.37,,,,,,,,,,,,$1.49,,,,,,1,,,,,1995-06-01
12247127,Basketball Cards 1995 Finest,Vincent Askew [Refractor w/ Coating] #59,,,,,,,,,,,,,,,,,,,0,,,,,1995-06-01
3197113,Basketball Cards 1995 Finest,Vincent Askew [Refractor] #59,$1.36,,,,,,,,,,,,$1.49,,,,,,2,,,,,1995-06-01
12246831,Basketball Cards 1995 Finest,Vincent Askew [w/ Coating] #59,,,,,,,,,,,,,,,,,,,0,,,,,1995-06-01
5694864,Basketball Cards 1995 Finest,Vinny Del Negro #78,$0.99,,$9.99,,,,,,,,,,$1.09,,,$2.80,$10.99,,5,,,,,1995-06-01
12247085,Basketball Cards 1995 Finest,Vinny Del Negro [Refractor w/ Coating] #78,,,,,,,,,,,,,,,,,,,0,,,,,1995-06-01
12246704,Basketball Cards 1995 Finest,Vinny Del Negro [Refractor] #78,$2.88,,$30.00,$33.00,$43.68,$116.99,$152.00,$70.00,$70.00,,,,$3.19,,,$9.90,$32.99,,17,,,,,1995-06-01
12246864,Basketball Cards 1995 Finest,Vinny Del Negro [w/ Coating] #78,,,,,,,,,,,,,,,,,,,0,,,,,1995-06-01
12246606,Basketball Cards 1995 Finest,Vlade Divac #219,$2.14,$6.00,$7.32,$19.99,$39.86,$116.32,$151.00,$70.00,$70.00,,,,$2.39,$1.30,$6.59,$1.60,$8.09,,13,,,,,1995-06-01
83282,Basketball Cards 1995 Finest,Vlade Divac [Refractor w/ Coating] #219,$2.50,$25.00,$25.00,,,,,,,,,,$2.79,$8.40,$27.99,$8.40,$27.99,,2,,,,,1995-06-01
83281,Basketball Cards 1995 Finest,Vlade Divac [Refractor] #219,$3.53,$13.00,$16.20,,,,,,,,,$0.80,$3.89,$3.50,$13.99,$4.50,$17.99,,5,,,,,1995-06-01
83283,Basketball Cards 1995 Finest,Vlade Divac [w/ Coating] #219,$1.49,,,,,,,,,,,,$1.59,,,,,,1,,,,,1995-06-01
12246632,Basketball Cards 1995 Finest,Walt Williams #241,,,,,,,,,,,,,,,,,,,0,,,,,1995-06-01
12247078,Basketball Cards 1995 Finest,Walt Williams [Refractor w/ Coating] #241,,,,,,,,,,,,,,,,,,,0,,,,,1995-06-01
12246675,Basketball Cards 1995 Finest,Walt Williams [Refractor] #241,$3.49,,,,,,,,,,,$0.80,$3.79,,,,,,9,,,,,1995-06-01
12246974,Basketball Cards 1995 Finest,Walt Williams [w/ Coating] #241,,,,,,,,,,,,,,,,,,,0,,,,,1995-06-01
12246550,Basketball Cards 1995 Finest,Wayman Tisdale #165,,,,,,,,,,,,,,,,,,,0,,,,,1995-06-01
12247126,Basketball Cards 1995 Finest,Wayman Tisdale [Refractor w/ Coating] #165,,,,,,,,,,,,,,,,,,,0,,,,,1995-06-01
12246733,Basketball Cards 1995 Finest,Wayman Tisdale [Refractor] #165,$1.36,,,,,,,,,,,,$1.49,,,,,,1,,,,,1995-06-01
12246894,Basketball Cards 1995 Finest,Wayman Tisdale [w/ Coating] #165,,,,,,,,,,,,,,,,,,,0,,,,,1995-06-01
12246488,Basketball Cards 1995 Finest,Wesley Person #9,,,,,,,,,,,,,,,,,,,0,,,,,1995-06-01
12246986,Basketball Cards 1995 Finest,Wesley Person [Refractor w/ Coating] #9,$5.27,,,,,,,,,,,$1.20,$5.79,,,,,,1,,,,,1995-06-01
12246659,Basketball Cards 1995 Finest,Wesley Person [Refractor] #9,$1.62,,$8.92,$18.27,$33.30,$78.87,$103.00,$47.00,$47.00,,,,$1.79,,,$2.00,$9.79,,8,,,,,1995-06-01
12246788,Basketball Cards 1995 Finest,Wesley Person [w/ Coating] #9,,,,,,,,,,,,,,,,,,,0,,,,,1995-06-01
12246568,Basketball Cards 1995 Finest,Will Perdue #185,$1.75,,,,,,,,,,,,$1.89,,,,,,1,,,,,1995-06-01
12247018,Basketball Cards 1995 Finest,Will Perdue [Refractor w/ Coating] #185,,,,,,,,,,,,,,,,,,,0,,,,,1995-06-01
12246749,Basketball Cards 1995 Finest,Will Perdue [Refractor] #185,,,,,,,,,,,,,,,,,,,0,,,,,1995-06-01
12246927,Basketball Cards 1995 Finest,Will Perdue [w/ Coating] #185,,,,,,,,,,,,,,,,,,,0,,,,,1995-06-01
12246500,Basketball Cards 1995 Finest,Willie Anderson #24,,,,,,,,,,,,,,,,,,,0,,,,,1995-06-01
83110,Basketball Cards 1995 Finest,Willie Anderson [Refractor w/ Coating] #24,$3.19,,,,,,,,,,,,$3.49,,,,,,1,,,,,1995-06-01
83109,Basketball Cards 1995 Finest,Willie Anderson [Refractor] #24,$3.20,,,,,,,,,,,,$3.49,,,,,,1,,,,,1995-06-01
12246801,Basketball Cards 1995 Finest,Willie Anderson [w/ Coating] #24,,,,,,,,,,,,,,,,,,,0,,,,,1995-06-01
