id,console-name,product-name,loose-price,cib-price,new-price,graded-price,box-only-price,manual-only-price,bgs-10-price,condition-17-price,condition-18-price,gamestop-price,gamestop-trade-price,retail-loose-buy,retail-loose-sell,retail-cib-buy,retail-cib-sell,retail-new-buy,retail-new-sell,upc,sales-volume,genre,tcg-id,asin,epid,release-date
7033668,Basketball Cards 2009 Topps Chrome,Al Horford #5,$3.73,,,$24.99,$27.00,,,,,,,$0.80,$4.09,,,,,,4,,,,,2009-05-01
7033669,Basketball Cards 2009 Topps Chrome,Al Horford [Printing Plate Black] #5,,,,,,,,,,,,,,,,,,,0,,,,,2009-05-01
7033670,Basketball Cards 2009 Topps Chrome,Al Horford [Printing Plate Cyan] #5,,,,,,,,,,,,,,,,,,,0,,,,,2009-05-01
7033671,Basketball Cards 2009 Topps Chrome,Al Horford [Printing Plate Magenta] #5,,,,,,,,,,,,,,,,,,,0,,,,,2009-05-01
7033672,Basketball Cards 2009 Topps Chrome,Al Horford [Printing Plate Yellow] #5,,,,,,,,,,,,,,,,,,,0,,,,,2009-05-01
7033674,Basketball Cards 2009 Topps Chrome,Al Horford [Refractor Gold] #5,$88.00,,$65.00,$215.59,$237.00,,,,,,,$38.80,$96.99,,,$28.80,$71.99,,3,,,,,2009-05-01
7033673,Basketball Cards 2009 Topps Chrome,Al Horford [Refractor] #5,$9.32,,,$36.00,$40.00,,,,,,,$2.00,$9.99,,,,,,3,,,,,2009-05-01
7033675,Basketball Cards 2009 Topps Chrome,Al Horford [Superfractor] #5,,,,,,,,,,,,,,,,,,,0,,,,,2009-05-01
7034040,Basketball Cards 2009 Topps Chrome,Al Jefferson #56,$4.29,,,$19.99,$22.00,,,,,,,$0.90,$4.69,,,,,,3,,,,,2009-05-01
7034041,Basketball Cards 2009 Topps Chrome,Al Jefferson [Printing Plate Black] #56,,,,,,,,,,,,,,,,,,,0,,,,,2009-05-01
7034042,Basketball Cards 2009 Topps Chrome,Al Jefferson [Printing Plate Cyan] #56,,,,,,,,,,,,,,,,,,,0,,,,,2009-05-01
7034043,Basketball Cards 2009 Topps Chrome,Al Jefferson [Printing Plate Magenta] #56,,,,,,,,,,,,,,,,,,,0,,,,,2009-05-01
7034044,Basketball Cards 2009 Topps Chrome,Al Jefferson [Printing Plate Yellow] #56,,,,,,,,,,,,,,,,,,,0,,,,,2009-05-01
7034046,Basketball Cards 2009 Topps Chrome,Al Jefferson [Refractor Gold] #56,$299.99,,,,,,,,,,,$165.00,$330.00,,,,,,0,,,,,2009-05-01
7034045,Basketball Cards 2009 Topps Chrome,Al Jefferson [Refractor] #56,$3.91,,,,,,,,,,,$0.90,$4.29,,,,,,3,,,,,2009-05-01
137527,Basketball Cards 2009 Topps Chrome,Al Jefferson [Superfractor] #56,,,,,,,,,,,,,,,,,,,0,,,,,2009-06-01
7033928,Basketball Cards 2009 Topps Chrome,Al Thornton #41,$2.42,,$11.99,,,,,,,,,,$2.69,,,$3.30,$12.99,,3,,,,,2009-05-01
7033929,Basketball Cards 2009 Topps Chrome,Al Thornton [Printing Plate Black] #41,,,,,,,,,,,,,,,,,,,0,,,,,2009-05-01
7033930,Basketball Cards 2009 Topps Chrome,Al Thornton [Printing Plate Cyan] #41,,,,,,,,,,,,,,,,,,,0,,,,,2009-05-01
7033931,Basketball Cards 2009 Topps Chrome,Al Thornton [Printing Plate Magenta] #41,,,,,,,,,,,,,,,,,,,0,,,,,2009-05-01
7033932,Basketball Cards 2009 Topps Chrome,Al Thornton [Printing Plate Yellow] #41,,,,,,,,,,,,,,,,,,,0,,,,,2009-05-01
7033934,Basketball Cards 2009 Topps Chrome,Al Thornton [Refractor Gold] #41,$75.00,,,,,,,,,,,$33.20,$82.99,,,,,,1,,,,,2009-05-01
7033933,Basketball Cards 2009 Topps Chrome,Al Thornton [Refractor] #41,$4.99,,,$23.28,$26.00,,,,,,,$1.10,$5.49,,,,,,3,,,,,2009-05-01
7033935,Basketball Cards 2009 Topps Chrome,Al Thornton [Superfractor] #41,,,,,,,,,,,,,,,,,,,0,,,,,2009-05-01
7033832,Basketball Cards 2009 Topps Chrome,Allen Iverson #28,$13.58,$15.00,$19.01,$44.99,$48.14,$104.90,$136.00,$63.00,$63.00,,,$3.80,$14.99,$4.30,$16.99,$6.30,$20.99,,8,,,,,2009-05-01
7033833,Basketball Cards 2009 Topps Chrome,Allen Iverson [Printing Plate Black] #28,,,,,,,,,,,,,,,,,,,0,,,,,2009-05-01
7033834,Basketball Cards 2009 Topps Chrome,Allen Iverson [Printing Plate Cyan] #28,,,,,,,,,,,,,,,,,,,0,,,,,2009-05-01
7033835,Basketball Cards 2009 Topps Chrome,Allen Iverson [Printing Plate Magenta] #28,$4.99,,,,,,,,,,,$1.10,$5.49,,,,,,1,,,,,2009-05-01
7033836,Basketball Cards 2009 Topps Chrome,Allen Iverson [Printing Plate Yellow] #28,,,,,,,,,,,,,,,,,,,0,,,,,2009-05-01
7033838,Basketball Cards 2009 Topps Chrome,Allen Iverson [Refractor Gold] #28,,,$330.00,,,,,,,,,,,,,$181.50,$363.00,,1,,,,,2009-05-01
7033837,Basketball Cards 2009 Topps Chrome,Allen Iverson [Refractor] #28,$32.00,,$37.00,$417.50,$459.00,$501.00,$651.00,$301.00,$301.00,,,$10.50,$34.99,,,$16.40,$40.99,,7,,,,,2009-05-01
7033839,Basketball Cards 2009 Topps Chrome,Allen Iverson [Superfractor] #28,,,,,,,,,,,,,,,,,,,0,,,,,2009-05-01
7034188,Basketball Cards 2009 Topps Chrome,Amare Stoudemire #76,$3.93,,,,,,,,,,,$0.90,$4.29,,,,,,3,,,,,2009-05-01
7034190,Basketball Cards 2009 Topps Chrome,Amare Stoudemire [Printing Plate Black] #76,,,,,,,,,,,,,,,,,,,0,,,,,2009-05-01
7034189,Basketball Cards 2009 Topps Chrome,Amare Stoudemire [Printing Plate Cyan] #76,,,,,,,,,,,,,,,,,,,0,,,,,2009-05-01
7034191,Basketball Cards 2009 Topps Chrome,Amare Stoudemire [Printing Plate Magenta] #76,$3.99,,,,,,,,,,,$0.90,$4.39,,,,,,1,,,,,2009-05-01
7034192,Basketball Cards 2009 Topps Chrome,Amare Stoudemire [Printing Plate Yellow] #76,,,,,,,,,,,,,,,,,,,0,,,,,2009-05-01
7034194,Basketball Cards 2009 Topps Chrome,Amare Stoudemire [Refractor Gold] #76,$53.00,,,$300.00,$330.00,,,,,,,$23.20,$57.99,,,,,,2,,,,,2009-05-01
7034193,Basketball Cards 2009 Topps Chrome,Amare Stoudemire [Refractor] #76,$7.51,,,$11.16,$12.00,,,,,,,$1.70,$8.29,,,,,,4,,,,,2009-05-01
7034195,Basketball Cards 2009 Topps Chrome,Amare Stoudemire [Superfractor] #76,,,,,,,,,,,,,,,,,,,0,,,,,2009-05-01
7033759,Basketball Cards 2009 Topps Chrome,Anderson Varejao #18,$2.66,,,$19.99,$22.00,,,,,,,,$2.89,,,,,,4,,,,,2009-05-01
7033758,Basketball Cards 2009 Topps Chrome,Anderson Varejao [Printing Plate Black] #18,,,,,,,,,,,,,,,,,,,0,,,,,2009-05-01
7033760,Basketball Cards 2009 Topps Chrome,Anderson Varejao [Printing Plate Cyan] #18,,,,,,,,,,,,,,,,,,,0,,,,,2009-05-01
7033763,Basketball Cards 2009 Topps Chrome,Anderson Varejao [Printing Plate Magenta] #18,,,,,,,,,,,,,,,,,,,0,,,,,2009-05-01
7033761,Basketball Cards 2009 Topps Chrome,Anderson Varejao [Printing Plate Yellow] #18,,,,,,,,,,,,,,,,,,,0,,,,,2009-05-01
7033764,Basketball Cards 2009 Topps Chrome,Anderson Varejao [Refractor Gold] #18,$8.99,,$153.50,,,,,,,,,$2.00,$9.89,,,$84.50,$169.00,,2,,,,,2009-05-01
7033762,Basketball Cards 2009 Topps Chrome,Anderson Varejao [Refractor] #18,$3.38,,,$30.00,$33.00,,,,,,,,$3.69,,,,,,5,,,,,2009-05-01
7033765,Basketball Cards 2009 Topps Chrome,Anderson Varejao [Superfractor] #18,,,,,,,,,,,,,,,,,,,0,,,,,2009-05-01
7034164,Basketball Cards 2009 Topps Chrome,Andre Iguodala #73,$3.95,$9.99,,,,,,,,,,$0.90,$4.39,$2.80,$10.99,,,,3,,,,,2009-05-01
7034165,Basketball Cards 2009 Topps Chrome,Andre Iguodala [Printing Plate Black] #73,,,,,,,,,,,,,,,,,,,0,,,,,2009-05-01
7034166,Basketball Cards 2009 Topps Chrome,Andre Iguodala [Printing Plate Cyan] #73,,,,,,,,,,,,,,,,,,,0,,,,,2009-05-01
7034167,Basketball Cards 2009 Topps Chrome,Andre Iguodala [Printing Plate Magenta] #73,$3.99,,,,,,,,,,,$0.90,$4.39,,,,,,1,,,,,2009-05-01
7034168,Basketball Cards 2009 Topps Chrome,Andre Iguodala [Printing Plate Yellow] #73,,,,,,,,,,,,,,,,,,,0,,,,,2009-05-01
7034170,Basketball Cards 2009 Topps Chrome,Andre Iguodala [Refractor Gold] #73,$210.50,,,,,,,,,,,$116.00,$232.00,,,,,,1,,,,,2009-05-01
7034169,Basketball Cards 2009 Topps Chrome,Andre Iguodala [Refractor] #73,$12.09,,,$25.00,$28.00,,,,,,,$3.30,$12.99,,,,,,3,,,,,2009-05-01
7034171,Basketball Cards 2009 Topps Chrome,Andre Iguodala [Superfractor] #73,,,,,,,,,,,,,,,,,,,0,,,,,2009-05-01
7034282,Basketball Cards 2009 Topps Chrome,Andrea Bargnani #89,$1.99,,,$19.99,$22.00,,,,,,,,$2.19,,,,,,5,,,,,2009-05-01
137544,Basketball Cards 2009 Topps Chrome,Andrea Bargnani Gold Refractor #89,$129.00,,$23.29,,,,,,,,,$71.00,$142.00,,,$7.80,$25.99,,2,,,,,2009-06-01
7034283,Basketball Cards 2009 Topps Chrome,Andrea Bargnani [Printing Plate Black] #89,,,,,,,,,,,,,,,,,,,0,,,,,2009-05-01
7034284,Basketball Cards 2009 Topps Chrome,Andrea Bargnani [Printing Plate Cyan] #89,,,,,,,,,,,,,,,,,,,0,,,,,2009-05-01
7034285,Basketball Cards 2009 Topps Chrome,Andrea Bargnani [Printing Plate Magenta] #89,,,,,,,,,,,,,,,,,,,0,,,,,2009-05-01
7034286,Basketball Cards 2009 Topps Chrome,Andrea Bargnani [Printing Plate Yellow] #89,,,,,,,,,,,,,,,,,,,0,,,,,2009-05-01
7034287,Basketball Cards 2009 Topps Chrome,Andrea Bargnani [Refractor] #89,$3.62,,,,,,,,,,,$0.80,$3.99,,,,,,3,,,,,2009-05-01
7034288,Basketball Cards 2009 Topps Chrome,Andrea Bargnani [Superfractor] #89,,,,,,,,,,,,,,,,,,,0,,,,,2009-05-01
7034032,Basketball Cards 2009 Topps Chrome,Andrew Bogut #55,$4.14,,,,,,,,,,,$0.90,$4.59,,,,,,2,,,,,2009-05-01
7034033,Basketball Cards 2009 Topps Chrome,Andrew Bogut [Printing Plate Black] #55,,,,,,,,,,,,,,,,,,,0,,,,,2009-05-01
7034034,Basketball Cards 2009 Topps Chrome,Andrew Bogut [Printing Plate Cyan] #55,,,,,,,,,,,,,,,,,,,0,,,,,2009-05-01
7034035,Basketball Cards 2009 Topps Chrome,Andrew Bogut [Printing Plate Magenta] #55,,,,,,,,,,,,,,,,,,,0,,,,,2009-05-01
7034036,Basketball Cards 2009 Topps Chrome,Andrew Bogut [Printing Plate Yellow] #55,,,,,,,,,,,,,,,,,,,0,,,,,2009-05-01
7034037,Basketball Cards 2009 Topps Chrome,Andrew Bogut [Refractor Gold] #55,,,$151.00,,,,,,,,,,,,,$83.00,$166.00,,1,,,,,2009-05-01
7034038,Basketball Cards 2009 Topps Chrome,Andrew Bogut [Refractor] #55,$4.24,,,$35.00,$39.00,,,,,,,$0.90,$4.69,,,,,,5,,,,,2009-05-01
7034039,Basketball Cards 2009 Topps Chrome,Andrew Bogut [Superfractor] #55,,,,,,,,,,,,,,,,,,,0,,,,,2009-05-01
7033964,Basketball Cards 2009 Topps Chrome,Andrew Bynum #46,$2.85,,,,,,,,,,,,$3.09,,,,,,0,,,,,2009-05-01
7033965,Basketball Cards 2009 Topps Chrome,Andrew Bynum [Printing Plate Black] #46,,,,,,,,,,,,,,,,,,,0,,,,,2009-05-01
7033966,Basketball Cards 2009 Topps Chrome,Andrew Bynum [Printing Plate Cyan] #46,,,,,,,,,,,,,,,,,,,0,,,,,2009-05-01
7033967,Basketball Cards 2009 Topps Chrome,Andrew Bynum [Printing Plate Magenta] #46,$3.99,,,,,,,,,,,$0.90,$4.39,,,,,,1,,,,,2009-05-01
7033968,Basketball Cards 2009 Topps Chrome,Andrew Bynum [Printing Plate Yellow] #46,,,,,,,,,,,,,,,,,,,0,,,,,2009-05-01
7033970,Basketball Cards 2009 Topps Chrome,Andrew Bynum [Refractor Gold] #46,,,,,,,,,,,,,,,,,,,0,,,,,2009-05-01
7033969,Basketball Cards 2009 Topps Chrome,Andrew Bynum [Refractor] #46,$4.50,,$10.50,,,,,,,,,$1.00,$4.99,,,$3.00,$11.99,,6,,,,,2009-05-01
7033971,Basketball Cards 2009 Topps Chrome,Andrew Bynum [Superfractor] #46,,,,,,,,,,,,,,,,,,,0,,,,,2009-05-01
7034321,Basketball Cards 2009 Topps Chrome,Antawn Jamison #94,$2.49,,,,,,,,,,,,$2.69,,,,,,4,,,,,2009-05-01
7034322,Basketball Cards 2009 Topps Chrome,Antawn Jamison [Printing Plate Black] #94,,,,,,,,,,,,,,,,,,,0,,,,,2009-05-01
7034323,Basketball Cards 2009 Topps Chrome,Antawn Jamison [Printing Plate Cyan] #94,,,,,,,,,,,,,,,,,,,0,,,,,2009-05-01
7034324,Basketball Cards 2009 Topps Chrome,Antawn Jamison [Printing Plate Magenta] #94,,,,,,,,,,,,,,,,,,,0,,,,,2009-05-01
7034325,Basketball Cards 2009 Topps Chrome,Antawn Jamison [Printing Plate Yellow] #94,,,,,,,,,,,,,,,,,,,0,,,,,2009-05-01
7034327,Basketball Cards 2009 Topps Chrome,Antawn Jamison [Refractor Gold] #94,$199.99,,$113.50,,,,,,,,,$110.00,$220.00,,,$62.50,$125.00,,2,,,,,2009-05-01
7034326,Basketball Cards 2009 Topps Chrome,Antawn Jamison [Refractor] #94,$7.76,,,,,,,,,,,$1.70,$8.49,,,,,,3,,,,,2009-05-01
7034328,Basketball Cards 2009 Topps Chrome,Antawn Jamison [Superfractor] #94,,,,,,,,,,,,,,,,,,,0,,,,,2009-05-01
137515,Basketball Cards 2009 Topps Chrome,Anthony Randolph #33,$2.40,,,,,$29.99,$39.00,$18.00,$18.00,,,,$2.59,,,,,,4,,,,,2009-06-01
7033870,Basketball Cards 2009 Topps Chrome,Anthony Randolph [Printing Plate Black] #33,,,,,,,,,,,,,,,,,,,0,,,,,2009-05-01
7033871,Basketball Cards 2009 Topps Chrome,Anthony Randolph [Printing Plate Cyan] #33,,,,,,,,,,,,,,,,,,,0,,,,,2009-05-01
7034417,Basketball Cards 2009 Topps Chrome,Anthony Randolph [Printing Plate Magenta] #33,,,,,,,,,,,,,,,,,,,0,,,,,2009-05-01
7033872,Basketball Cards 2009 Topps Chrome,Anthony Randolph [Printing Plate Yellow] #33,,,,,,,,,,,,,,,,,,,0,,,,,2009-05-01
7033874,Basketball Cards 2009 Topps Chrome,Anthony Randolph [Refractor Gold] #33,$49.00,,,,,,,,,,,$21.60,$53.99,,,,,,1,,,,,2009-05-01
7033873,Basketball Cards 2009 Topps Chrome,Anthony Randolph [Refractor] #33,$5.83,,$25.00,$35.00,$39.00,,,,,,,$1.30,$6.39,,,$8.40,$27.99,,5,,,,,2009-05-01
7033877,Basketball Cards 2009 Topps Chrome,Anthony Randolph [Superfractor] #33,,,,,,,,,,,,,,,,,,,0,,,,,2009-05-01
137521,Basketball Cards 2009 Topps Chrome,Baron Davis #42,$4.89,,,$19.99,$22.00,,,,,,,$1.10,$5.39,,,,,,4,,,,,2009-06-01
7033936,Basketball Cards 2009 Topps Chrome,Baron Davis [Printing Plate Black] #42,,,,,,,,,,,,,,,,,,,0,,,,,2009-05-01
7033937,Basketball Cards 2009 Topps Chrome,Baron Davis [Printing Plate Cyan] #42,,,,,,,,,,,,,,,,,,,0,,,,,2009-05-01
7033938,Basketball Cards 2009 Topps Chrome,Baron Davis [Printing Plate Magenta] #42,,,,,,,,,,,,,,,,,,,0,,,,,2009-05-01
7033939,Basketball Cards 2009 Topps Chrome,Baron Davis [Printing Plate Yellow] #42,,,,,,,,,,,,,,,,,,,0,,,,,2009-05-01
7033941,Basketball Cards 2009 Topps Chrome,Baron Davis [Refractor Gold] #42,$100.00,,,,,,,,,,,$55.00,$110.00,,,,,,1,,,,,2009-05-01
7033940,Basketball Cards 2009 Topps Chrome,Baron Davis [Refractor] #42,$5.99,,,$35.00,$39.00,,,,,,,$1.30,$6.59,,,,,,2,,,,,2009-05-01
7033942,Basketball Cards 2009 Topps Chrome,Baron Davis [Superfractor] #42,,,,,,,,,,,,,,,,,,,0,,,,,2009-05-01
137503,Basketball Cards 2009 Topps Chrome,Ben Gordon #13,$4.91,,,$19.99,$22.00,,,,,,,$1.10,$5.39,,,,,,4,,,,,2009-06-01
7033725,Basketball Cards 2009 Topps Chrome,Ben Gordon [Printing Plate Black] #13,,,,,,,,,,,,,,,,,,,0,,,,,2009-05-01
7033726,Basketball Cards 2009 Topps Chrome,Ben Gordon [Printing Plate Cyan] #13,,,,,,,,,,,,,,,,,,,0,,,,,2009-05-01
7033727,Basketball Cards 2009 Topps Chrome,Ben Gordon [Printing Plate Magenta] #13,,,,,,,,,,,,,,,,,,,0,,,,,2009-05-01
7033728,Basketball Cards 2009 Topps Chrome,Ben Gordon [Printing Plate Yellow] #13,,,,,,,,,,,,,,,,,,,0,,,,,2009-05-01
7033730,Basketball Cards 2009 Topps Chrome,Ben Gordon [Refractor Gold] #13,$115.59,,,,,,,,,,,$63.50,$127.00,,,,,,1,,,,,2009-05-01
7033729,Basketball Cards 2009 Topps Chrome,Ben Gordon [Refractor] #13,$9.50,,,,,,,,,,,$2.00,$9.99,,,,,,3,,,,,2009-05-01
7033731,Basketball Cards 2009 Topps Chrome,Ben Gordon [Superfractor] #13,,,,,,,,,,,,,,,,,,,0,,,,,2009-05-01
7033774,Basketball Cards 2009 Topps Chrome,Ben Wallace #20,$3.04,,$15.00,,,,,,,,,,$3.29,,,$4.30,$16.99,,5,,,,,2009-05-01
7033775,Basketball Cards 2009 Topps Chrome,Ben Wallace [Printing Plate Black] #20,,,,,,,,,,,,,,,,,,,0,,,,,2009-05-01
7033776,Basketball Cards 2009 Topps Chrome,Ben Wallace [Printing Plate Cyan] #20,,,,,,,,,,,,,,,,,,,0,,,,,2009-05-01
7033777,Basketball Cards 2009 Topps Chrome,Ben Wallace [Printing Plate Magenta] #20,,,,,,,,,,,,,,,,,,,0,,,,,2009-05-01
7033778,Basketball Cards 2009 Topps Chrome,Ben Wallace [Printing Plate Yellow] #20,,,,,,,,,,,,,,,,,,,0,,,,,2009-05-01
7033780,Basketball Cards 2009 Topps Chrome,Ben Wallace [Refractor Gold] #20,$103.50,,,$350.00,$385.00,,,,,,,$57.00,$114.00,,,,,,2,,,,,2009-05-01
7033779,Basketball Cards 2009 Topps Chrome,Ben Wallace [Refractor] #20,$7.88,,$9.55,$11.00,$12.00,,,,,,,$1.70,$8.69,,,$2.80,$10.99,,7,,,,,2009-05-01
7034416,Basketball Cards 2009 Topps Chrome,Ben Wallace [Superfractor] #20,,,,,,,,,,,,,,,,,,,0,,,,,2009-05-01
137545,Basketball Cards 2009 Topps Chrome,Blake Griffin #96,$43.07,,$151.22,$166.00,$183.00,$350.00,$455.00,$210.00,$210.00,,,$18.80,$46.99,,,$83.00,$166.00,,20,,,,,2009-06-01
137546,Basketball Cards 2009 Topps Chrome,Blake Griffin [Gold Refractor] #96,,,$731.00,$1400.00,$1540.00,,,,,,,,,,,$482.40,$804.00,,3,,,,,2009-06-01
7034337,Basketball Cards 2009 Topps Chrome,Blake Griffin [Printing Plate Black] #96,,,,,,,,,,,,,,,,,,,0,,,,,2009-05-01
7034338,Basketball Cards 2009 Topps Chrome,Blake Griffin [Printing Plate Cyan] #96,,,,,,,,,,,,,,,,,,,0,,,,,2009-05-01
7034339,Basketball Cards 2009 Topps Chrome,Blake Griffin [Printing Plate Magenta] #96,,,,,,,,,,,,,,,,,,,0,,,,,2009-05-01
7034340,Basketball Cards 2009 Topps Chrome,Blake Griffin [Printing Plate Yellow] #96,,,,,,,,,,,,,,,,,,,0,,,,,2009-05-01
137547,Basketball Cards 2009 Topps Chrome,Blake Griffin [Refractor] #96,$117.90,$103.05,$130.20,$132.50,$257.29,$299.71,$390.00,$180.00,$180.00,,,$65.00,$130.00,$56.50,$113.00,$71.50,$143.00,,10,,,,,2009-06-01
7034341,Basketball Cards 2009 Topps Chrome,Blake Griffin [Superfractor] #96,,,,,,,,,,,,,,,,,,,0,,,,,2009-05-01
137563,Basketball Cards 2009 Topps Chrome,Brandon Jennings #102,$9.09,$5.00,,$38.90,$43.00,$51.01,$66.00,$31.00,$31.00,,,$2.00,$9.99,$1.10,$5.49,,,,8,,,,,2009-06-01
7034366,Basketball Cards 2009 Topps Chrome,Brandon Jennings [Printing Plate Black] #102,,,,,,,,,,,,,,,,,,,0,,,,,2009-05-01
7034364,Basketball Cards 2009 Topps Chrome,Brandon Jennings [Printing Plate Cyan] #102,,,,,,,,,,,,,,,,,,,0,,,,,2009-05-01
7034365,Basketball Cards 2009 Topps Chrome,Brandon Jennings [Printing Plate Magenta] #102,,,,,,,,,,,,,,,,,,,0,,,,,2009-05-01
7034367,Basketball Cards 2009 Topps Chrome,Brandon Jennings [Printing Plate Yellow] #102,,,,,,,,,,,,,,,,,,,0,,,,,2009-05-01
7034368,Basketball Cards 2009 Topps Chrome,Brandon Jennings [Refractor Gold] #102,$302.50,,,$338.00,$372.00,,,,,,,$166.50,$333.00,,,,,,3,,,,,2009-05-01
137564,Basketball Cards 2009 Topps Chrome,Brandon Jennings [Refractor] #102,$21.36,,$41.21,$45.00,$50.00,$150.00,$195.00,$90.00,$90.00,,,$7.20,$23.99,,,$18.00,$44.99,,8,,,,,2009-06-01
7034369,Basketball Cards 2009 Topps Chrome,Brandon Jennings [Superfractor] #102,,,,,,,,,,,,,,,,,,,0,,,,,2009-05-01
7034217,Basketball Cards 2009 Topps Chrome,Brandon Roy #80,$1.99,,$7.09,$13.15,$24.20,$41.17,$54.00,$25.00,$25.00,,,,$2.19,,,$1.60,$7.79,,7,,,,,2009-05-01
7034218,Basketball Cards 2009 Topps Chrome,Brandon Roy [Printing Plate Black] #80,,,,,,,,,,,,,,,,,,,0,,,,,2009-05-01
7034219,Basketball Cards 2009 Topps Chrome,Brandon Roy [Printing Plate Cyan] #80,,,,,,,,,,,,,,,,,,,0,,,,,2009-05-01
7034220,Basketball Cards 2009 Topps Chrome,Brandon Roy [Printing Plate Magenta] #80,,,,,,,,,,,,,,,,,,,0,,,,,2009-05-01
7034221,Basketball Cards 2009 Topps Chrome,Brandon Roy [Printing Plate Yellow] #80,,,,,,,,,,,,,,,,,,,0,,,,,2009-05-01
7034223,Basketball Cards 2009 Topps Chrome,Brandon Roy [Refractor Gold] #80,$205.00,,,$224.50,$247.00,,,,,,,$113.00,$226.00,,,,,,2,,,,,2009-05-01
7034222,Basketball Cards 2009 Topps Chrome,Brandon Roy [Refractor] #80,$10.00,,,$30.00,$33.00,,,,,,,$2.80,$10.99,,,,,,6,,,,,2009-05-01
7034224,Basketball Cards 2009 Topps Chrome,Brandon Roy [Superfractor] #80,,,,,,,,,,,,,,,,,,,0,,,,,2009-05-01
7034077,Basketball Cards 2009 Topps Chrome,Brook Lopez #61,$1.97,,,,,,,,,,,,$2.19,,,,,,4,,,,,2009-05-01
7034078,Basketball Cards 2009 Topps Chrome,Brook Lopez [Printing Plate Black] #61,,,,,,,,,,,,,,,,,,,0,,,,,2009-05-01
7034079,Basketball Cards 2009 Topps Chrome,Brook Lopez [Printing Plate Cyan] #61,,,,,,,,,,,,,,,,,,,0,,,,,2009-05-01
7034080,Basketball Cards 2009 Topps Chrome,Brook Lopez [Printing Plate Magenta] #61,,,,,,,,,,,,,,,,,,,0,,,,,2009-05-01
7034081,Basketball Cards 2009 Topps Chrome,Brook Lopez [Printing Plate Yellow] #61,,,,,,,,,,,,,,,,,,,0,,,,,2009-05-01
7034083,Basketball Cards 2009 Topps Chrome,Brook Lopez [Refractor Gold] #61,,,,$305.09,$336.00,,,,,,,,,,,,,,1,,,,,2009-05-01
7034082,Basketball Cards 2009 Topps Chrome,Brook Lopez [Refractor] #61,$9.39,,,,,,,,,,,$2.00,$9.99,,,,,,2,,,,,2009-05-01
7034084,Basketball Cards 2009 Topps Chrome,Brook Lopez [Superfractor] #61,,,,,,,,,,,,,,,,,,,0,,,,,2009-05-01
7034305,Basketball Cards 2009 Topps Chrome,Carlos Boozer #92,$2.54,,$12.99,,,,,,,,,,$2.79,,,$3.50,$13.99,,3,,,,,2009-05-01
7034306,Basketball Cards 2009 Topps Chrome,Carlos Boozer [Printing Plate Black] #92,,,,,,,,,,,,,,,,,,,0,,,,,2009-05-01
7034307,Basketball Cards 2009 Topps Chrome,Carlos Boozer [Printing Plate Cyan] #92,,,,,,,,,,,,,,,,,,,0,,,,,2009-05-01
7034308,Basketball Cards 2009 Topps Chrome,Carlos Boozer [Printing Plate Magenta] #92,,,,,,,,,,,,,,,,,,,0,,,,,2009-05-01
7034309,Basketball Cards 2009 Topps Chrome,Carlos Boozer [Printing Plate Yellow] #92,,,,,,,,,,,,,,,,,,,0,,,,,2009-05-01
7034311,Basketball Cards 2009 Topps Chrome,Carlos Boozer [Refractor Gold] #92,$50.00,,,,,,,,,,,$22.00,$54.99,,,,,,1,,,,,2009-05-01
7034310,Basketball Cards 2009 Topps Chrome,Carlos Boozer [Refractor] #92,$6.94,,,$25.00,$28.00,,,,,,,$1.50,$7.59,,,,,,4,,,,,2009-05-01
7034312,Basketball Cards 2009 Topps Chrome,Carlos Boozer [Superfractor] #92,,,,,,,,,,,,,,,,,,,0,,,,,2009-05-01
3510528,Basketball Cards 2009 Topps Chrome,Carmelo Anthony #25,$11.12,,$26.63,$44.99,$49.00,,,,,,,$3.00,$11.99,,,$8.70,$28.99,,6,,,,,
137512,Basketball Cards 2009 Topps Chrome,Carmelo Anthony Gold Refractor #25,$119.29,,$41.35,$788.96,$868.00,,,,,,,$65.50,$131.00,,,$18.00,$44.99,,3,,,,,2009-06-01
7033811,Basketball Cards 2009 Topps Chrome,Carmelo Anthony [Printing Plate Black] #25,,,,,,,,,,,,,,,,,,,0,,,,,2009-05-01
7033812,Basketball Cards 2009 Topps Chrome,Carmelo Anthony [Printing Plate Cyan] #25,,,,,,,,,,,,,,,,,,,0,,,,,2009-05-01
7033813,Basketball Cards 2009 Topps Chrome,Carmelo Anthony [Printing Plate Magenta] #25,,,,,,,,,,,,,,,,,,,0,,,,,2009-05-01
7033814,Basketball Cards 2009 Topps Chrome,Carmelo Anthony [Printing Plate Yellow] #25,,,,,,,,,,,,,,,,,,,0,,,,,2009-05-01
7033815,Basketball Cards 2009 Topps Chrome,Carmelo Anthony [Refractor] #25,$24.99,,$54.99,$99.00,$109.00,,,,,,,$8.10,$26.99,,,$24.00,$59.99,,4,,,,,2009-05-01
7033816,Basketball Cards 2009 Topps Chrome,Carmelo Anthony [Superfractor] #25,,,,,,,,,,,,,,,,,,,0,,,,,2009-05-01
7033817,Basketball Cards 2009 Topps Chrome,Chauncey Billups #26,$2.97,,,$4.00,$4.00,,,,,,,,$3.29,,,,,,4,,,,,2009-05-01
7033818,Basketball Cards 2009 Topps Chrome,Chauncey Billups [Printing Plate Black] #26,,,,,,,,,,,,,,,,,,,0,,,,,2009-05-01
7033819,Basketball Cards 2009 Topps Chrome,Chauncey Billups [Printing Plate Cyan] #26,,,,,,,,,,,,,,,,,,,0,,,,,2009-05-01
7033820,Basketball Cards 2009 Topps Chrome,Chauncey Billups [Printing Plate Magenta] #26,,,,,,,,,,,,,,,,,,,0,,,,,2009-05-01
7033821,Basketball Cards 2009 Topps Chrome,Chauncey Billups [Printing Plate Yellow] #26,,,,,,,,,,,,,,,,,,,0,,,,,2009-05-01
7033823,Basketball Cards 2009 Topps Chrome,Chauncey Billups [Refractor Gold] #26,$152.50,,$158.50,,,,,,,,,$84.00,$168.00,,,$87.00,$174.00,,2,,,,,2009-05-01
7033822,Basketball Cards 2009 Topps Chrome,Chauncey Billups [Refractor] #26,$16.13,,$45.00,,,,,,,,,$4.50,$17.99,,,$20.00,$49.99,,6,,,,,2009-05-01
7033824,Basketball Cards 2009 Topps Chrome,Chauncey Billups [Superfractor] #26,,,,,,,,,,,,,,,,,,,0,,,,,2009-05-01
137543,Basketball Cards 2009 Topps Chrome,Chris Bosh Refractor #88,$9.24,,$15.50,$46.40,$51.00,,,,,,,$2.00,$9.99,,,$4.30,$16.99,,7,,,,,2009-06-01
161252,Basketball Cards 2009 Topps Chrome,Chris Bosh [Gold Refractor] #88,$170.72,,,$129.42,$142.00,,,,,,,$94.00,$188.00,,,,,,2,,,,,
7034277,Basketball Cards 2009 Topps Chrome,Chris Bosh [Printing Plate Black] #88,,,,,,,,,,,,,,,,,,,0,,,,,2009-05-01
7034279,Basketball Cards 2009 Topps Chrome,Chris Bosh [Printing Plate Cyan] #88,,,,,,,,,,,,,,,,,,,0,,,,,2009-05-01
7034278,Basketball Cards 2009 Topps Chrome,Chris Bosh [Printing Plate Magenta] #88,,,,,,,,,,,,,,,,,,,0,,,,,2009-05-01
7034280,Basketball Cards 2009 Topps Chrome,Chris Bosh [Printing Plate Yellow] #88,,,,,,,,,,,,,,,,,,,0,,,,,2009-05-01
7034281,Basketball Cards 2009 Topps Chrome,Chris Bosh [Superfractor] #88,,,,,,,,,,,,,,,,,,,0,,,,,2009-05-01
7034092,Basketball Cards 2009 Topps Chrome,Chris Paul #63,$5.97,,,$29.99,$33.00,,,,,,,$1.30,$6.59,,,,,,3,,,,,2009-05-01
137529,Basketball Cards 2009 Topps Chrome,Chris Paul [Gold Refractor] #63,$584.15,,$495.88,$500.01,$550.00,,,,,,,$385.80,$643.00,,,$327.00,$545.00,,3,,,,,2009-06-01
7034093,Basketball Cards 2009 Topps Chrome,Chris Paul [Printing Plate Black] #63,,,,,,,,,,,,,,,,,,,0,,,,,2009-05-01
7034094,Basketball Cards 2009 Topps Chrome,Chris Paul [Printing Plate Cyan] #63,,,,,,,,,,,,,,,,,,,0,,,,,2009-05-01
7034095,Basketball Cards 2009 Topps Chrome,Chris Paul [Printing Plate Magenta] #63,,,,,,,,,,,,,,,,,,,0,,,,,2009-05-01
7034096,Basketball Cards 2009 Topps Chrome,Chris Paul [Printing Plate Yellow] #63,,,,,,,,,,,,,,,,,,,0,,,,,2009-05-01
137530,Basketball Cards 2009 Topps Chrome,Chris Paul [Refractor] #63,$24.99,$8.50,$45.00,$59.73,$66.00,,,,,,,$8.10,$26.99,$1.90,$9.39,$20.00,$49.99,,9,,,,,2009-06-01
7034097,Basketball Cards 2009 Topps Chrome,Chris Paul [Superfractor] #63,,,,,,,,,,,,,,,,,,,0,,,,,2009-05-01
7033855,Basketball Cards 2009 Topps Chrome,Corey Maggette #31,$3.65,,,$19.99,$22.00,$50.00,$65.00,$30.00,$30.00,,,$0.80,$3.99,,,,,,5,,,,,2009-05-01
137514,Basketball Cards 2009 Topps Chrome,Corey Maggette Refractor #31,$4.99,,,,,$15.00,$20.00,$9.00,$9.00,,,$1.10,$5.49,,,,,,2,,,,,2009-06-01
7033856,Basketball Cards 2009 Topps Chrome,Corey Maggette [Printing Plate Black] #31,,,,,,,,,,,,,,,,,,,0,,,,,2009-05-01
7033857,Basketball Cards 2009 Topps Chrome,Corey Maggette [Printing Plate Cyan] #31,,,,,,,,,,,,,,,,,,,0,,,,,2009-05-01
7033858,Basketball Cards 2009 Topps Chrome,Corey Maggette [Printing Plate Magenta] #31,,,,,,,,,,,,,,,,,,,0,,,,,2009-05-01
7033859,Basketball Cards 2009 Topps Chrome,Corey Maggette [Printing Plate Yellow] #31,,,,,,,,,,,,,,,,,,,0,,,,,2009-05-01
7033860,Basketball Cards 2009 Topps Chrome,Corey Maggette [Refractor Gold] #31,$149.99,,,,,,,,,,,$82.50,$165.00,,,,,,1,,,,,2009-05-01
7033861,Basketball Cards 2009 Topps Chrome,Corey Maggette [Superfractor] #31,,,,,,,,,,,,,,,,,,,0,,,,,2009-05-01
7033766,Basketball Cards 2009 Topps Chrome,Daniel Gibson #19,$3.95,,,,,$29.99,$39.00,$18.00,$18.00,,,$0.90,$4.39,,,,,,2,,,,,2009-05-01
7033767,Basketball Cards 2009 Topps Chrome,Daniel Gibson [Printing Plate Black] #19,,,,,,,,,,,,,,,,,,,0,,,,,2009-05-01
7033768,Basketball Cards 2009 Topps Chrome,Daniel Gibson [Printing Plate Cyan] #19,,,,,,,,,,,,,,,,,,,0,,,,,2009-05-01
7033769,Basketball Cards 2009 Topps Chrome,Daniel Gibson [Printing Plate Magenta] #19,,,,,,,,,,,,,,,,,,,0,,,,,2009-05-01
7033770,Basketball Cards 2009 Topps Chrome,Daniel Gibson [Printing Plate Yellow] #19,,,,,,,,,,,,,,,,,,,0,,,,,2009-05-01
7033772,Basketball Cards 2009 Topps Chrome,Daniel Gibson [Refractor Gold] #19,$99.99,,,$120.00,$132.00,,,,,,,$55.00,$110.00,,,,,,2,,,,,2009-05-01
7033771,Basketball Cards 2009 Topps Chrome,Daniel Gibson [Refractor] #19,$6.49,,,,,,,,,,,$1.40,$7.09,,,,,,1,,,,,2009-05-01
7033773,Basketball Cards 2009 Topps Chrome,Daniel Gibson [Superfractor] #19,,,,,,,,,,,,,,,,,,,0,,,,,2009-05-01
7033904,Basketball Cards 2009 Topps Chrome,Danny Granger #38,$3.51,,,$19.99,$22.00,,,,,,,$0.80,$3.89,,,,,,6,,,,,2009-05-01
7033905,Basketball Cards 2009 Topps Chrome,Danny Granger [Printing Plate Black] #38,,,,,,,,,,,,,,,,,,,0,,,,,2009-05-01
7033906,Basketball Cards 2009 Topps Chrome,Danny Granger [Printing Plate Cyan] #38,,,,,,,,,,,,,,,,,,,0,,,,,2009-05-01
7033907,Basketball Cards 2009 Topps Chrome,Danny Granger [Printing Plate Magenta] #38,,,,,,,,,,,,,,,,,,,0,,,,,2009-05-01
7033908,Basketball Cards 2009 Topps Chrome,Danny Granger [Printing Plate Yellow] #38,,,,,,,,,,,,,,,,,,,0,,,,,2009-05-01
7033911,Basketball Cards 2009 Topps Chrome,Danny Granger [Refractor Gold] #38,,,,,,,,,,,,,,,,,,,0,,,,,2009-05-01
7033909,Basketball Cards 2009 Topps Chrome,Danny Granger [Refractor] #38,$5.99,,,,,,,,,,,$1.30,$6.59,,,,,,3,,,,,2009-05-01
7033910,Basketball Cards 2009 Topps Chrome,Danny Granger [Superfractor] #38,,,,,,,,,,,,,,,,,,,0,,,,,2009-05-01
7034106,Basketball Cards 2009 Topps Chrome,David Lee #65,$1.29,,$11.99,,,,,,,,,,$1.39,,,$3.30,$12.99,,4,,,,,2009-05-01
7034107,Basketball Cards 2009 Topps Chrome,David Lee [Printing Plate Black] #65,,,,,,,,,,,,,,,,,,,0,,,,,2009-05-01
7034108,Basketball Cards 2009 Topps Chrome,David Lee [Printing Plate Cyan] #65,,,,,,,,,,,,,,,,,,,0,,,,,2009-05-01
7034109,Basketball Cards 2009 Topps Chrome,David Lee [Printing Plate Magenta] #65,$4.99,,,,,,,,,,,$1.10,$5.49,,,,,,1,,,,,2009-05-01
7034110,Basketball Cards 2009 Topps Chrome,David Lee [Printing Plate Yellow] #65,,,,,,,,,,,,,,,,,,,0,,,,,2009-05-01
7034112,Basketball Cards 2009 Topps Chrome,David Lee [Refractor Gold] #65,$39.00,,,,,,,,,,,$17.20,$42.99,,,,,,1,,,,,2009-05-01
7034111,Basketball Cards 2009 Topps Chrome,David Lee [Refractor] #65,$6.86,,,$35.00,$39.00,,,,,,,$1.50,$7.59,,,,,,5,,,,,2009-05-01
7034113,Basketball Cards 2009 Topps Chrome,David Lee [Superfractor] #65,,,,,,,,,,,,,,,,,,,0,,,,,2009-05-01
7034098,Basketball Cards 2009 Topps Chrome,David West #64,$4.70,,$9.60,$19.99,$29.24,$54.57,$71.00,$33.00,$33.00,,,$1.00,$5.19,,,$2.80,$10.99,,7,,,,,2009-05-01
7034099,Basketball Cards 2009 Topps Chrome,David West [Printing Plate Black] #64,,,,,,,,,,,,,,,,,,,0,,,,,2009-05-01
7034100,Basketball Cards 2009 Topps Chrome,David West [Printing Plate Cyan] #64,,,,,,,,,,,,,,,,,,,0,,,,,2009-05-01
7034101,Basketball Cards 2009 Topps Chrome,David West [Printing Plate Magenta] #64,,,,,,,,,,,,,,,,,,,0,,,,,2009-05-01
7034102,Basketball Cards 2009 Topps Chrome,David West [Printing Plate Yellow] #64,,,,,,,,,,,,,,,,,,,0,,,,,2009-05-01
7034104,Basketball Cards 2009 Topps Chrome,David West [Refractor Gold] #64,$105.50,,$202.59,,$78.55,,,,,,,$58.00,$116.00,,,$111.50,$223.00,,3,,,,,2009-05-01
7034103,Basketball Cards 2009 Topps Chrome,David West [Refractor] #64,$4.25,,$25.00,$25.00,$28.98,$53.87,$70.00,$32.00,$32.00,,,$0.90,$4.69,,,$8.40,$27.99,,8,,,,,2009-05-01
7034105,Basketball Cards 2009 Topps Chrome,David West [Superfractor] #64,,,,,,,,,,,,,,,,,,,0,,,,,2009-05-01
137556,Basketball Cards 2009 Topps Chrome,DeMar DeRozan #100,$75.59,,$96.00,$155.42,$160.72,$459.99,$464.00,$276.00,$276.00,,,$33.20,$82.99,,,$53.00,$106.00,,22,,,,,2009-06-01
137557,Basketball Cards 2009 Topps Chrome,DeMar DeRozan [Gold Refractor] #100,$1080.00,$1750.00,$3500.00,$4799.99,$5280.00,,,,,,,$712.80,$1188.00,$1155.00,$1925.00,$2310.00,$3850.00,,4,,,,,2009-06-01
137558,Basketball Cards 2009 Topps Chrome,DeMar DeRozan [Printing Plate Black] #100,$1000.00,,,,,,,,,,,$660.00,$1100.00,,,,,,1,,,,,2009-06-01
7034356,Basketball Cards 2009 Topps Chrome,DeMar DeRozan [Printing Plate Cyan] #100,,,,,,,,,,,,,,,,,,,0,,,,,2009-05-01
7034357,Basketball Cards 2009 Topps Chrome,DeMar DeRozan [Printing Plate Magenta] #100,,,,,,,,,,,,,,,,,,,0,,,,,2009-05-01
7034358,Basketball Cards 2009 Topps Chrome,DeMar DeRozan [Printing Plate Yellow] #100,,,,,,,,,,,,,,,,,,,0,,,,,2009-05-01
137559,Basketball Cards 2009 Topps Chrome,DeMar DeRozan [Refractor] #100,$125.70,$161.46,$220.00,$294.34,$446.29,$2550.00,$3315.00,$1530.00,$1530.00,,,$69.00,$138.00,$89.00,$178.00,$121.00,$242.00,,18,,,,,2009-06-01
7034359,Basketball Cards 2009 Topps Chrome,DeMar DeRozan [Superfractor] #100,,,,,,,,,,,,,,,,,,,0,,,,,2009-05-01
7034313,Basketball Cards 2009 Topps Chrome,Deron Williams #93,$2.99,,,,,,,,,,,,$3.29,,,,,,3,,,,,2009-05-01
7034314,Basketball Cards 2009 Topps Chrome,Deron Williams [Printing Plate Black] #93,,,,,,,,,,,,,,,,,,,0,,,,,2009-05-01
7034315,Basketball Cards 2009 Topps Chrome,Deron Williams [Printing Plate Cyan] #93,,,,,,,,,,,,,,,,,,,0,,,,,2009-05-01
7034316,Basketball Cards 2009 Topps Chrome,Deron Williams [Printing Plate Magenta] #93,,,,,,,,,,,,,,,,,,,0,,,,,2009-05-01
7034317,Basketball Cards 2009 Topps Chrome,Deron Williams [Printing Plate Yellow] #93,,,,,,,,,,,,,,,,,,,0,,,,,2009-05-01
7034319,Basketball Cards 2009 Topps Chrome,Deron Williams [Refractor Gold] #93,$131.82,,,$199.99,$220.00,,,,,,,$72.50,$145.00,,,,,,3,,,,,2009-05-01
7034318,Basketball Cards 2009 Topps Chrome,Deron Williams [Refractor] #93,$5.51,,,,,,,,,,,$1.20,$6.09,,,,,,4,,,,,2009-05-01
7034320,Basketball Cards 2009 Topps Chrome,Deron Williams [Superfractor] #93,,,,,,,,,,,,,,,,,,,0,,,,,2009-05-01
137504,Basketball Cards 2009 Topps Chrome,Derrick Rose #14,$30.61,,$59.83,$79.99,$88.00,$186.81,$243.00,$112.00,$112.00,,,$10.20,$33.99,,,$26.40,$65.99,,7,,,,,2009-06-01
137505,Basketball Cards 2009 Topps Chrome,Derrick Rose [Gold Refractor] #14,$490.88,,,$881.35,$969.00,$6054.43,$5200.00,$3633.00,$3633.00,,,$324.00,$540.00,,,,,,3,,,,,2009-06-01
7033732,Basketball Cards 2009 Topps Chrome,Derrick Rose [Printing Plate Black] #14,,,,,,,,,,,,,,,,,,,0,,,,,2009-05-01
7033733,Basketball Cards 2009 Topps Chrome,Derrick Rose [Printing Plate Cyan] #14,,,,,,,,,,,,,,,,,,,0,,,,,2009-05-01
7033734,Basketball Cards 2009 Topps Chrome,Derrick Rose [Printing Plate Magenta] #14,,,,,,,,,,,,,,,,,,,0,,,,,2009-05-01
7033735,Basketball Cards 2009 Topps Chrome,Derrick Rose [Printing Plate Yellow] #14,,,,,,,,,,,,,,,,,,,0,,,,,2009-05-01
137506,Basketball Cards 2009 Topps Chrome,Derrick Rose [Refractor] #14,$101.25,$80.00,$210.37,$231.00,$350.00,$642.58,$835.00,$386.00,$386.00,,,$55.50,$111.00,$35.20,$87.99,$115.50,$231.00,,9,,,,,2009-06-01
7033736,Basketball Cards 2009 Topps Chrome,Derrick Rose [Superfractor] #14,,,,,,,,,,,,,,,,,,,0,,,,,2009-05-01
7034064,Basketball Cards 2009 Topps Chrome,Devin Harris #59,$2.47,,$12.99,,,,,,,,,,$2.69,,,$3.50,$13.99,,3,,,,,2009-05-01
7034063,Basketball Cards 2009 Topps Chrome,Devin Harris [Printing Plate Black] #59,,,,,,,,,,,,,,,,,,,0,,,,,2009-05-01
7034065,Basketball Cards 2009 Topps Chrome,Devin Harris [Printing Plate Cyan] #59,,,,,,,,,,,,,,,,,,,0,,,,,2009-05-01
7034066,Basketball Cards 2009 Topps Chrome,Devin Harris [Printing Plate Magenta] #59,,,,,,,,,,,,,,,,,,,0,,,,,2009-05-01
7034067,Basketball Cards 2009 Topps Chrome,Devin Harris [Printing Plate Yellow] #59,,,,,,,,,,,,,,,,,,,0,,,,,2009-05-01
7034069,Basketball Cards 2009 Topps Chrome,Devin Harris [Refractor Gold] #59,$99.99,,,,,,,,,,,$55.00,$110.00,,,,,,1,,,,,2009-05-01
7034068,Basketball Cards 2009 Topps Chrome,Devin Harris [Refractor] #59,$3.06,,$68.88,,,,,,,,,,$3.39,,,$30.40,$75.99,,3,,,,,2009-05-01
7034070,Basketball Cards 2009 Topps Chrome,Devin Harris [Superfractor] #59,,,,,,,,,,,,,,,,,,,0,,,,,2009-05-01
7033781,Basketball Cards 2009 Topps Chrome,Dirk Nowitzki #21,$20.00,,,$79.99,$88.00,,,,,,,$6.60,$21.99,,,,,,4,,,,,2009-05-01
137510,Basketball Cards 2009 Topps Chrome,Dirk Nowitzki [Gold Refractor] #21,$520.00,,$565.00,$622.00,$684.00,,,,,,,$343.20,$572.00,,,$373.20,$622.00,,3,,,,,2009-06-01
7033782,Basketball Cards 2009 Topps Chrome,Dirk Nowitzki [Printing Plate Black] #21,,,,,,,,,,,,,,,,,,,0,,,,,2009-05-01
7033783,Basketball Cards 2009 Topps Chrome,Dirk Nowitzki [Printing Plate Cyan] #21,,,,,,,,,,,,,,,,,,,0,,,,,2009-05-01
7033784,Basketball Cards 2009 Topps Chrome,Dirk Nowitzki [Printing Plate Magenta] #21,$19.99,,,,,,,,,,,$6.60,$21.99,,,,,,1,,,,,2009-05-01
7033785,Basketball Cards 2009 Topps Chrome,Dirk Nowitzki [Printing Plate Yellow] #21,,,,,,,,,,,,,,,,,,,0,,,,,2009-05-01
137511,Basketball Cards 2009 Topps Chrome,Dirk Nowitzki [Refractor] #21,$58.53,$80.00,$88.70,$99.85,$110.00,,,,,,,$25.60,$63.99,$35.20,$87.99,$39.20,$97.99,,8,,,,,2009-06-01
7033786,Basketball Cards 2009 Topps Chrome,Dirk Nowitzki [Superfractor] #21,,,,,,,,,,,,,,,,,,,0,,,,,2009-05-01
7034133,Basketball Cards 2009 Topps Chrome,Dwight Howard #69,$9.99,,,,,,,,,,,$2.80,$10.99,,,,,,5,,,,,2009-05-01
7034132,Basketball Cards 2009 Topps Chrome,Dwight Howard [Printing Plate Black] #69,,,,,,,,,,,,,,,,,,,0,,,,,2009-05-01
7034137,Basketball Cards 2009 Topps Chrome,Dwight Howard [Printing Plate Cyan] #69,,,,,,,,,,,,,,,,,,,0,,,,,2009-05-01
7034134,Basketball Cards 2009 Topps Chrome,Dwight Howard [Printing Plate Magenta] #69,,,,,,,,,,,,,,,,,,,0,,,,,2009-05-01
7034135,Basketball Cards 2009 Topps Chrome,Dwight Howard [Printing Plate Yellow] #69,,,,,,,,,,,,,,,,,,,0,,,,,2009-05-01
7034138,Basketball Cards 2009 Topps Chrome,Dwight Howard [Refractor Gold] #69,,,,,,,,,,,,,,,,,,,0,,,,,2009-05-01
7034136,Basketball Cards 2009 Topps Chrome,Dwight Howard [Refractor] #69,$10.39,,,,,,,,,,,$2.80,$10.99,,,,,,3,,,,,2009-05-01
7034139,Basketball Cards 2009 Topps Chrome,Dwight Howard [Superfractor] #69,,,,,,,,,,,,,,,,,,,0,,,,,2009-05-01
137524,Basketball Cards 2009 Topps Chrome,Dwyane Wade #51,$10.09,,$25.00,$26.75,$29.00,$46.55,$61.00,$28.00,$28.00,,,$2.80,$10.99,,,$8.40,$27.99,,8,,,,,2009-06-01
7034003,Basketball Cards 2009 Topps Chrome,Dwyane Wade [Printing Plate Black] #51,,,,,,,,,,,,,,,,,,,0,,,,,2009-05-01
7034004,Basketball Cards 2009 Topps Chrome,Dwyane Wade [Printing Plate Cyan] #51,,,,,,,,,,,,,,,,,,,0,,,,,2009-05-01
7034005,Basketball Cards 2009 Topps Chrome,Dwyane Wade [Printing Plate Magenta] #51,,,,,,,,,,,,,,,,,,,0,,,,,2009-05-01
7034006,Basketball Cards 2009 Topps Chrome,Dwyane Wade [Printing Plate Yellow] #51,,,,,,,,,,,,,,,,,,,0,,,,,2009-05-01
7034007,Basketball Cards 2009 Topps Chrome,Dwyane Wade [Refractor Gold] #51,$650.00,,$1042.50,$1147.00,$1262.00,,,,,,,$429.00,$715.00,,,$688.20,$1147.00,,5,,,,,2009-05-01
137526,Basketball Cards 2009 Topps Chrome,Dwyane Wade [Refractor] #51,$48.50,$55.00,$69.14,$76.00,$84.00,,,,,,,$21.20,$52.99,$24.40,$60.99,$30.40,$75.99,,10,,,,,2009-06-01
7034008,Basketball Cards 2009 Topps Chrome,Dwyane Wade [Superfractor] #51,,,,,,,,,,,,,,,,,,,0,,,,,2009-05-01
137566,Basketball Cards 2009 Topps Chrome,Earl Clark #104,$6.04,,,$19.99,$22.00,,,,,,,$1.30,$6.59,,,,,,5,,,,,2009-06-01
3229149,Basketball Cards 2009 Topps Chrome,Earl Clark [Gold Refractor] #104,$5.54,,,,,,,,,,,$1.20,$6.09,,,,,,2,,,,,
7034377,Basketball Cards 2009 Topps Chrome,Earl Clark [Printing Plate Black] #104,,,,,,,,,,,,,,,,,,,0,,,,,2009-05-01
7034378,Basketball Cards 2009 Topps Chrome,Earl Clark [Printing Plate Cyan] #104,,,,,,,,,,,,,,,,,,,0,,,,,2009-05-01
7034379,Basketball Cards 2009 Topps Chrome,Earl Clark [Printing Plate Magenta] #104,,,,,,,,,,,,,,,,,,,0,,,,,2009-05-01
7034380,Basketball Cards 2009 Topps Chrome,Earl Clark [Printing Plate Yellow] #104,,,,,,,,,,,,,,,,,,,0,,,,,2009-05-01
7034382,Basketball Cards 2009 Topps Chrome,Earl Clark [Refractor] #104,$9.31,,,,,,,,,,,$2.00,$9.99,,,,,,4,,,,,2009-05-01
7034381,Basketball Cards 2009 Topps Chrome,Earl Clark [Superfractor] #104,,,,,,,,,,,,,,,,,,,0,,,,,2009-05-01
7034172,Basketball Cards 2009 Topps Chrome,Elton Brand #74,$3.99,,,$19.99,$22.00,,,,,,,$0.90,$4.39,,,,,,2,,,,,2009-05-01
7034173,Basketball Cards 2009 Topps Chrome,Elton Brand [Printing Plate Black] #74,,,,,,,,,,,,,,,,,,,0,,,,,2009-05-01
7034175,Basketball Cards 2009 Topps Chrome,Elton Brand [Printing Plate Cyan] #74,,,,,,,,,,,,,,,,,,,0,,,,,2009-05-01
7034174,Basketball Cards 2009 Topps Chrome,Elton Brand [Printing Plate Magenta] #74,,,,,,,,,,,,,,,,,,,0,,,,,2009-05-01
7034176,Basketball Cards 2009 Topps Chrome,Elton Brand [Printing Plate Yellow] #74,,,,,,,,,,,,,,,,,,,0,,,,,2009-05-01
7034178,Basketball Cards 2009 Topps Chrome,Elton Brand [Refractor Gold] #74,,,,,,,,,,,,,,,,,,,0,,,,,2009-05-01
7034177,Basketball Cards 2009 Topps Chrome,Elton Brand [Refractor] #74,$3.25,,,$25.00,$28.00,,,,,,,,$3.59,,,,,,2,,,,,2009-05-01
7034179,Basketball Cards 2009 Topps Chrome,Elton Brand [Superfractor] #74,,,,,,,,,,,,,,,,,,,0,,,,,2009-05-01
7033943,Basketball Cards 2009 Topps Chrome,Eric Gordon #43,$1.92,,,$19.99,$22.00,,,,,,,,$2.09,,,,,,4,,,,,2009-05-01
7033944,Basketball Cards 2009 Topps Chrome,Eric Gordon [Printing Plate Black] #43,,,,,,,,,,,,,,,,,,,0,,,,,2009-05-01
7033945,Basketball Cards 2009 Topps Chrome,Eric Gordon [Printing Plate Cyan] #43,,,,,,,,,,,,,,,,,,,0,,,,,2009-05-01
7033946,Basketball Cards 2009 Topps Chrome,Eric Gordon [Printing Plate Magenta] #43,,,,,,,,,,,,,,,,,,,0,,,,,2009-05-01
7033947,Basketball Cards 2009 Topps Chrome,Eric Gordon [Printing Plate Yellow] #43,,,,,,,,,,,,,,,,,,,0,,,,,2009-05-01
7033948,Basketball Cards 2009 Topps Chrome,Eric Gordon [Refractor Gold] #43,$142.06,,,$158.50,$174.00,,,,,,,$78.00,$156.00,,,,,,2,,,,,2009-05-01
7033949,Basketball Cards 2009 Topps Chrome,Eric Gordon [Refractor] #43,$4.25,,,,,,,,,,,$0.90,$4.69,,,,,,2,,,,,2009-05-01
7033950,Basketball Cards 2009 Topps Chrome,Eric Gordon [Superfractor] #43,,,,,,,,,,,,,,,,,,,0,,,,,2009-05-01
137567,Basketball Cards 2009 Topps Chrome,Gerald Henderson #105,$5.77,,,,,$9.99,$13.00,$6.00,$6.00,,,$1.30,$6.39,,,,,,4,,,,,2009-06-01
3225233,Basketball Cards 2009 Topps Chrome,Gerald Henderson [Gold Refractor] #105,$31.49,,$20.00,,,,,,,,,$10.50,$34.99,,,$6.60,$21.99,,3,,,,,
7034383,Basketball Cards 2009 Topps Chrome,Gerald Henderson [Printing Plate Black] #105,,,,,,,,,,,,,,,,,,,0,,,,,2009-05-01
7034384,Basketball Cards 2009 Topps Chrome,Gerald Henderson [Printing Plate Cyan] #105,,,,,,,,,,,,,,,,,,,0,,,,,2009-05-01
7034385,Basketball Cards 2009 Topps Chrome,Gerald Henderson [Printing Plate Magenta] #105,,,,,,,,,,,,,,,,,,,0,,,,,2009-05-01
7034386,Basketball Cards 2009 Topps Chrome,Gerald Henderson [Printing Plate Yellow] #105,,,,,,,,,,,,,,,,,,,0,,,,,2009-05-01
7034387,Basketball Cards 2009 Topps Chrome,Gerald Henderson [Refractor] #105,$7.09,,$25.00,,,,,,,,,$1.60,$7.79,,,$8.40,$27.99,,3,,,,,2009-05-01
7034389,Basketball Cards 2009 Topps Chrome,Gerald Henderson [Superfractor] #105,,,,,,,,,,,,,,,,,,,0,,,,,2009-05-01
7033709,Basketball Cards 2009 Topps Chrome,Gerald Wallace #11,$4.42,,,$19.99,$22.00,,,,,,,$1.00,$4.89,,,,,,6,,,,,2009-05-01
7033710,Basketball Cards 2009 Topps Chrome,Gerald Wallace [Printing Plate Black] #11,,,,,,,,,,,,,,,,,,,0,,,,,2009-05-01
7033711,Basketball Cards 2009 Topps Chrome,Gerald Wallace [Printing Plate Cyan] #11,,,,,,,,,,,,,,,,,,,0,,,,,2009-05-01
7033712,Basketball Cards 2009 Topps Chrome,Gerald Wallace [Printing Plate Magenta] #11,,,,,,,,,,,,,,,,,,,0,,,,,2009-05-01
7033713,Basketball Cards 2009 Topps Chrome,Gerald Wallace [Printing Plate Yellow] #11,,,,,,,,,,,,,,,,,,,0,,,,,2009-05-01
7033715,Basketball Cards 2009 Topps Chrome,Gerald Wallace [Refractor Gold] #11,,,,,,,,,,,,,,,,,,,0,,,,,2009-05-01
7033714,Basketball Cards 2009 Topps Chrome,Gerald Wallace [Refractor] #11,$9.94,,,,,,,,,,,$2.80,$10.99,,,,,,2,,,,,2009-05-01
7033716,Basketball Cards 2009 Topps Chrome,Gerald Wallace [Superfractor] #11,,,,,,,,,,,,,,,,,,,0,,,,,2009-05-01
7034329,Basketball Cards 2009 Topps Chrome,Gilbert Arenas #95,$3.73,,,$29.99,$33.00,,,,,,,$0.80,$4.09,,,,,,4,,,,,2009-05-01
7034330,Basketball Cards 2009 Topps Chrome,Gilbert Arenas [Printing Plate Black] #95,,,,,,,,,,,,,,,,,,,0,,,,,2009-05-01
7034331,Basketball Cards 2009 Topps Chrome,Gilbert Arenas [Printing Plate Cyan] #95,,,,,,,,,,,,,,,,,,,0,,,,,2009-05-01
7034332,Basketball Cards 2009 Topps Chrome,Gilbert Arenas [Printing Plate Magenta] #95,,,,,,,,,,,,,,,,,,,0,,,,,2009-05-01
7034333,Basketball Cards 2009 Topps Chrome,Gilbert Arenas [Printing Plate Yellow] #95,,,,,,,,,,,,,,,,,,,0,,,,,2009-05-01
7034335,Basketball Cards 2009 Topps Chrome,Gilbert Arenas [Refractor Gold] #95,,,,,,,,,,,,,,,,,,,0,,,,,2009-05-01
7034334,Basketball Cards 2009 Topps Chrome,Gilbert Arenas [Refractor] #95,$6.99,,,,,,,,,,,$1.50,$7.69,,,,,,4,,,,,2009-05-01
7034336,Basketball Cards 2009 Topps Chrome,Gilbert Arenas [Superfractor] #95,,,,,,,,,,,,,,,,,,,0,,,,,2009-05-01
7033701,Basketball Cards 2009 Topps Chrome,Glen Davis #10,$1.70,,,$17.99,$20.00,,,,,,,,$1.89,,,,,,5,,,,,2009-05-01
7033702,Basketball Cards 2009 Topps Chrome,Glen Davis [Printing Plate Black] #10,,,,,,,,,,,,,,,,,,,0,,,,,2009-05-01
7033703,Basketball Cards 2009 Topps Chrome,Glen Davis [Printing Plate Cyan] #10,,,,,,,,,,,,,,,,,,,0,,,,,2009-05-01
7033704,Basketball Cards 2009 Topps Chrome,Glen Davis [Printing Plate Magenta] #10,,,,,,,,,,,,,,,,,,,0,,,,,2009-05-01
7033705,Basketball Cards 2009 Topps Chrome,Glen Davis [Printing Plate Yellow] #10,,,,,,,,,,,,,,,,,,,0,,,,,2009-05-01
7033707,Basketball Cards 2009 Topps Chrome,Glen Davis [Refractor Gold] #10,$119.95,,,,,,,,,,,$66.00,$132.00,,,,,,1,,,,,2009-05-01
7033706,Basketball Cards 2009 Topps Chrome,Glen Davis [Refractor] #10,$4.92,,$68.88,,,,,,,,,$1.10,$5.39,,,$30.40,$75.99,,1,,,,,2009-05-01
7033708,Basketball Cards 2009 Topps Chrome,Glen Davis [Superfractor] #10,,,,,,,,,,,,,,,,,,,0,,,,,2009-05-01
7034241,Basketball Cards 2009 Topps Chrome,Greg Oden #83,$3.04,,,$19.99,$22.00,,,,,,,,$3.29,,,,,,3,,,,,2009-05-01
7034242,Basketball Cards 2009 Topps Chrome,Greg Oden [Printing Plate Black] #83,,,,,,,,,,,,,,,,,,,0,,,,,2009-05-01
7034243,Basketball Cards 2009 Topps Chrome,Greg Oden [Printing Plate Cyan] #83,,,,,,,,,,,,,,,,,,,0,,,,,2009-05-01
7034244,Basketball Cards 2009 Topps Chrome,Greg Oden [Printing Plate Magenta] #83,,,,,,,,,,,,,,,,,,,0,,,,,2009-05-01
7034245,Basketball Cards 2009 Topps Chrome,Greg Oden [Printing Plate Yellow] #83,,,,,,,,,,,,,,,,,,,0,,,,,2009-05-01
7034421,Basketball Cards 2009 Topps Chrome,Greg Oden [Refractor Gold] #83,$127.50,,,,,,,,,,,$70.00,$140.00,,,,,,1,,,,,2009-05-01
7034246,Basketball Cards 2009 Topps Chrome,Greg Oden [Refractor] #83,$4.99,,,$25.00,$28.00,,,,,,,$1.10,$5.49,,,,,,3,,,,,2009-05-01
7034247,Basketball Cards 2009 Topps Chrome,Greg Oden [Superfractor] #83,,,,,,,,,,,,,,,,,,,0,,,,,2009-05-01
137551,Basketball Cards 2009 Topps Chrome,Hasheem Thabeet #98,$5.72,,,$19.99,$22.00,,,,,,,$1.30,$6.29,,,,,,3,,,,,2009-06-01
7034347,Basketball Cards 2009 Topps Chrome,Hasheem Thabeet [Printing Plate Black] #98,,,,,,,,,,,,,,,,,,,0,,,,,2009-05-01
7034348,Basketball Cards 2009 Topps Chrome,Hasheem Thabeet [Printing Plate Cyan] #98,,,,,,,,,,,,,,,,,,,0,,,,,2009-05-01
7034349,Basketball Cards 2009 Topps Chrome,Hasheem Thabeet [Printing Plate Magenta] #98,,,,,,,,,,,,,,,,,,,0,,,,,2009-05-01
7034350,Basketball Cards 2009 Topps Chrome,Hasheem Thabeet [Printing Plate Yellow] #98,,,,,,,,,,,,,,,,,,,0,,,,,2009-05-01
137552,Basketball Cards 2009 Topps Chrome,Hasheem Thabeet [Refractor] #98,$12.99,,$351.67,,,,,,,,,$3.50,$13.99,,,$193.50,$387.00,,7,,,,,2009-06-01
7034351,Basketball Cards 2009 Topps Chrome,Hasheem Thabeet [Superfractor] #98,,,,,,,,,,,,,,,,,,,0,,,,,2009-05-01
7034148,Basketball Cards 2009 Topps Chrome,Hedo Turkoglu #71,$2.66,,$7.80,$19.99,$25.64,$45.01,$59.00,$27.00,$27.00,,,,$2.89,,,$1.70,$8.59,,7,,,,,2009-05-01
7034150,Basketball Cards 2009 Topps Chrome,Hedo Turkoglu [Printing Plate Black] #71,,,,,,,,,,,,,,,,,,,0,,,,,2009-05-01
7034149,Basketball Cards 2009 Topps Chrome,Hedo Turkoglu [Printing Plate Cyan] #71,,,,,,,,,,,,,,,,,,,0,,,,,2009-05-01
7034151,Basketball Cards 2009 Topps Chrome,Hedo Turkoglu [Printing Plate Magenta] #71,,,,,,,,,,,,,,,,,,,0,,,,,2009-05-01
7034152,Basketball Cards 2009 Topps Chrome,Hedo Turkoglu [Printing Plate Yellow] #71,,,,,,,,,,,,,,,,,,,0,,,,,2009-05-01
7034154,Basketball Cards 2009 Topps Chrome,Hedo Turkoglu [Refractor Gold] #71,$185.00,,,,,,,,,,,$102.00,$204.00,,,,,,1,,,,,2009-05-01
7034153,Basketball Cards 2009 Topps Chrome,Hedo Turkoglu [Refractor] #71,$6.00,,$30.00,,,,,,,,,$1.30,$6.59,,,$9.90,$32.99,,4,,,,,2009-05-01
7034155,Basketball Cards 2009 Topps Chrome,Hedo Turkoglu [Superfractor] #71,,,,,,,,,,,,,,,,,,,0,,,,,2009-05-01
6076425,Basketball Cards 2009 Topps Chrome,J.R. Smith #27,$3.99,,$26.99,,,,,,,,,$0.90,$4.39,,,$9.00,$29.99,,3,,,,,
7033825,Basketball Cards 2009 Topps Chrome,J.R. Smith [Printing Plate Black] #27,,,,,,,,,,,,,,,,,,,0,,,,,2009-05-01
7033826,Basketball Cards 2009 Topps Chrome,J.R. Smith [Printing Plate Cyan] #27,,,,,,,,,,,,,,,,,,,0,,,,,2009-05-01
7033827,Basketball Cards 2009 Topps Chrome,J.R. Smith [Printing Plate Magenta] #27,,,,,,,,,,,,,,,,,,,0,,,,,2009-05-01
7033828,Basketball Cards 2009 Topps Chrome,J.R. Smith [Printing Plate Yellow] #27,,,,,,,,,,,,,,,,,,,0,,,,,2009-05-01
7033830,Basketball Cards 2009 Topps Chrome,J.R. Smith [Refractor Gold] #27,$200.00,,$157.50,,,,,,,,,$110.00,$220.00,,,$86.50,$173.00,,2,,,,,2009-05-01
7033829,Basketball Cards 2009 Topps Chrome,J.R. Smith [Refractor] #27,$4.99,,,,,,,,,,,$1.10,$5.49,,,,,,1,,,,,2009-05-01
7033831,Basketball Cards 2009 Topps Chrome,J.R. Smith [Superfractor] #27,,,,,,,,,,,,,,,,,,,0,,,,,2009-05-01
7034156,Basketball Cards 2009 Topps Chrome,Jameer Nelson #72,$5.37,,,$19.99,$22.00,,,,,,,$1.20,$5.89,,,,,,3,,,,,2009-05-01
7034157,Basketball Cards 2009 Topps Chrome,Jameer Nelson [Printing Plate Black] #72,,,,,,,,,,,,,,,,,,,0,,,,,2009-05-01
7034159,Basketball Cards 2009 Topps Chrome,Jameer Nelson [Printing Plate Cyan] #72,,,,,,,,,,,,,,,,,,,0,,,,,2009-05-01
7034158,Basketball Cards 2009 Topps Chrome,Jameer Nelson [Printing Plate Magenta] #72,,,,,,,,,,,,,,,,,,,0,,,,,2009-05-01
7034160,Basketball Cards 2009 Topps Chrome,Jameer Nelson [Printing Plate Yellow] #72,,,,,,,,,,,,,,,,,,,0,,,,,2009-05-01
7034162,Basketball Cards 2009 Topps Chrome,Jameer Nelson [Refractor Gold] #72,$19.95,,,,,,,,,,,$6.60,$21.99,,,,,,1,,,,,2009-05-01
7034161,Basketball Cards 2009 Topps Chrome,Jameer Nelson [Refractor] #72,$9.57,,,,,,,,,,,$2.80,$10.99,,,,,,3,,,,,2009-05-01
7034163,Basketball Cards 2009 Topps Chrome,Jameer Nelson [Superfractor] #72,,,,,,,,,,,,,,,,,,,0,,,,,2009-05-01
137553,Basketball Cards 2009 Topps Chrome,James Harden #99,$209.88,$239.00,$299.00,$433.12,$696.04,$2024.99,$2632.00,$1215.00,$1215.00,,,$115.50,$231.00,$131.50,$263.00,$164.50,$329.00,,26,,,,,2009-06-01
137554,Basketball Cards 2009 Topps Chrome,James Harden [Gold Refractor] #99,,,$3345.00,,$7052.53,,,,,,,,,,,$2208.00,$3680.00,,3,,,,,2009-06-01
7034352,Basketball Cards 2009 Topps Chrome,James Harden [Printing Plate Black] #99,,,,,,,,,,,,,,,,,,,0,,,,,2009-05-01
7034353,Basketball Cards 2009 Topps Chrome,James Harden [Printing Plate Cyan] #99,,,,,,,,,,,,,,,,,,,0,,,,,2009-05-01
7034354,Basketball Cards 2009 Topps Chrome,James Harden [Printing Plate Magenta] #99,$140.00,,$1300.00,,,,,,,,,$77.00,$154.00,,,$858.00,$1430.00,,1,,,,,2009-05-01
7034422,Basketball Cards 2009 Topps Chrome,James Harden [Printing Plate Yellow] #99,,,,,,,,,,,,,,,,,,,0,,,,,2009-05-01
137555,Basketball Cards 2009 Topps Chrome,James Harden [Refractor] #99,$2654.17,$503.00,$628.77,$1024.50,$1606.70,$3381.00,$4395.00,$2029.00,$2029.00,,,$1752.00,$2920.00,$331.80,$553.00,$415.20,$692.00,,23,,,,,2009-06-01
7034355,Basketball Cards 2009 Topps Chrome,James Harden [Superfractor] #99,,,,,,,,,,,,,,,,,,,0,,,,,2009-05-01
7033803,Basketball Cards 2009 Topps Chrome,Jason Kidd #24,$5.13,,,,,,,,,,,$1.10,$5.59,,,,,,4,,,,,2009-05-01
7033804,Basketball Cards 2009 Topps Chrome,Jason Kidd [Printing Plate Black] #24,,,,,,,,,,,,,,,,,,,0,,,,,2009-05-01
7033805,Basketball Cards 2009 Topps Chrome,Jason Kidd [Printing Plate Cyan] #24,,,,,,,,,,,,,,,,,,,0,,,,,2009-05-01
7033806,Basketball Cards 2009 Topps Chrome,Jason Kidd [Printing Plate Magenta] #24,,,,,,,,,,,,,,,,,,,0,,,,,2009-05-01
7033807,Basketball Cards 2009 Topps Chrome,Jason Kidd [Printing Plate Yellow] #24,,,,,,,,,,,,,,,,,,,0,,,,,2009-05-01
7033809,Basketball Cards 2009 Topps Chrome,Jason Kidd [Refractor Gold] #24,$306.99,,,,$450.00,,,,,,,$169.00,$338.00,,,,,,2,,,,,2009-05-01
7033808,Basketball Cards 2009 Topps Chrome,Jason Kidd [Refractor] #24,$17.99,,$25.00,,,,,,,,,$5.00,$19.99,,,$8.40,$27.99,,5,,,,,2009-05-01
7033810,Basketball Cards 2009 Topps Chrome,Jason Kidd [Superfractor] #24,,,,,,,,,,,,,,,,,,,0,,,,,2009-05-01
7034202,Basketball Cards 2009 Topps Chrome,Jason Richardson #78,$3.55,,$11.99,,,,,,,,,$0.80,$3.89,,,$3.30,$12.99,,3,,,,,2009-05-01
7034203,Basketball Cards 2009 Topps Chrome,Jason Richardson [Printing Plate Black] #78,,,,,,,,,,,,,,,,,,,0,,,,,2009-05-01
7034204,Basketball Cards 2009 Topps Chrome,Jason Richardson [Printing Plate Cyan] #78,,,,,,,,,,,,,,,,,,,0,,,,,2009-05-01
7034205,Basketball Cards 2009 Topps Chrome,Jason Richardson [Printing Plate Magenta] #78,,,,,,,,,,,,,,,,,,,0,,,,,2009-05-01
7034206,Basketball Cards 2009 Topps Chrome,Jason Richardson [Printing Plate Yellow] #78,,,,,,,,,,,,,,,,,,,0,,,,,2009-05-01
7034208,Basketball Cards 2009 Topps Chrome,Jason Richardson [Refractor Gold] #78,,,,,,,,,,,,,,,,,,,0,,,,,2009-05-01
7034207,Basketball Cards 2009 Topps Chrome,Jason Richardson [Refractor] #78,$8.65,,$25.00,,,,,,,,,$1.90,$9.49,,,$8.40,$27.99,,4,,,,,2009-05-01
7034209,Basketball Cards 2009 Topps Chrome,Jason Richardson [Superfractor] #78,,,,,,,,,,,,,,,,,,,0,,,,,2009-05-01
7033787,Basketball Cards 2009 Topps Chrome,Jason Terry #22,$5.49,,,,,,,,,,,$1.20,$5.99,,,,,,2,,,,,2009-05-01
7033788,Basketball Cards 2009 Topps Chrome,Jason Terry [Printing Plate Black] #22,,,,,,,,,,,,,,,,,,,0,,,,,2009-05-01
7033789,Basketball Cards 2009 Topps Chrome,Jason Terry [Printing Plate Cyan] #22,,,,,,,,,,,,,,,,,,,0,,,,,2009-05-01
7033790,Basketball Cards 2009 Topps Chrome,Jason Terry [Printing Plate Magenta] #22,,,,,,,,,,,,,,,,,,,0,,,,,2009-05-01
7033793,Basketball Cards 2009 Topps Chrome,Jason Terry [Printing Plate Yellow] #22,,,,,,,,,,,,,,,,,,,0,,,,,2009-05-01
7033792,Basketball Cards 2009 Topps Chrome,Jason Terry [Refractor Gold] #22,,$151.00,,,,,,,,,,,,$83.00,$166.00,,,,1,,,,,2009-05-01
7033791,Basketball Cards 2009 Topps Chrome,Jason Terry [Refractor] #22,$3.58,,,,,,,,,,,$0.80,$3.89,,,,,,3,,,,,2009-05-01
7033794,Basketball Cards 2009 Topps Chrome,Jason Terry [Superfractor] #22,,,,,,,,,,,,,,,,,,,0,,,,,2009-05-01
7033638,Basketball Cards 2009 Topps Chrome,Joe Johnson #1,$7.00,,,,,,,,,,,$1.50,$7.69,,,,,,4,,,,,2009-05-01
7033639,Basketball Cards 2009 Topps Chrome,Joe Johnson [Printing Plate Black] #1,,,,,,,,,,,,,,,,,,,0,,,,,2009-05-01
7033640,Basketball Cards 2009 Topps Chrome,Joe Johnson [Printing Plate Cyan] #1,,,,,,,,,,,,,,,,,,,0,,,,,2009-05-01
7033641,Basketball Cards 2009 Topps Chrome,Joe Johnson [Printing Plate Magenta] #1,$4.99,,,,,,,,,,,$1.10,$5.49,,,,,,1,,,,,2009-05-01
7033642,Basketball Cards 2009 Topps Chrome,Joe Johnson [Printing Plate Yellow] #1,,,,,,,,,,,,,,,,,,,0,,,,,2009-05-01
7033644,Basketball Cards 2009 Topps Chrome,Joe Johnson [Refractor Gold] #1,$225.59,,$157.50,,,$595.00,$774.00,$357.00,$357.00,,,$124.00,$248.00,,,$86.50,$173.00,,3,,,,,2009-05-01
7033643,Basketball Cards 2009 Topps Chrome,Joe Johnson [Refractor] #1,$5.00,,$20.00,,,,,,,,,$1.10,$5.49,,,$6.60,$21.99,,2,,,,,2009-05-01
7033645,Basketball Cards 2009 Topps Chrome,Joe Johnson [Superfractor] #1,,,,,,,,,,,,,,,,,,,0,,,,,2009-05-01
137568,Basketball Cards 2009 Topps Chrome,Jonny Flynn #106,$6.81,,,$28.26,$31.00,$36.00,$47.00,$22.00,$22.00,,,$1.50,$7.49,,,,,,5,,,,,2009-06-01
7034388,Basketball Cards 2009 Topps Chrome,Jonny Flynn [Printing Plate Black] #106,,,,,,,,,,,,,,,,,,,0,,,,,2009-05-01
7034390,Basketball Cards 2009 Topps Chrome,Jonny Flynn [Printing Plate Cyan] #106,,,,,,,,,,,,,,,,,,,0,,,,,2009-05-01
7034424,Basketball Cards 2009 Topps Chrome,Jonny Flynn [Printing Plate Magenta] #106,,,,,,,,,,,,,,,,,,,0,,,,,2009-05-01
7034391,Basketball Cards 2009 Topps Chrome,Jonny Flynn [Printing Plate Yellow] #106,,,,,,,,,,,,,,,,,,,0,,,,,2009-05-01
7034392,Basketball Cards 2009 Topps Chrome,Jonny Flynn [Refractor Gold] #106,$500.00,,$393.00,,,,,,,,,$330.00,$550.00,,,$216.00,$432.00,,2,,,,,2009-05-01
137569,Basketball Cards 2009 Topps Chrome,Jonny Flynn [Refractor] #106,$4.25,,,,$16.84,,,,,,,$0.90,$4.69,,,,,,2,,,,,2009-06-01
7034393,Basketball Cards 2009 Topps Chrome,Jonny Flynn [Superfractor] #106,,,,,,,,,,,,,,,,,,,0,,,,,2009-05-01
137565,Basketball Cards 2009 Topps Chrome,Jordan Hill #103,$3.75,,,,,,,,,,,$0.80,$4.09,,,,,,4,,,,,2009-06-01
7034370,Basketball Cards 2009 Topps Chrome,Jordan Hill [Printing Plate Black] #103,,,,,,,,,,,,,,,,,,,0,,,,,2009-05-01
7034371,Basketball Cards 2009 Topps Chrome,Jordan Hill [Printing Plate Cyan] #103,,,,,,,,,,,,,,,,,,,0,,,,,2009-05-01
7034372,Basketball Cards 2009 Topps Chrome,Jordan Hill [Printing Plate Magenta] #103,,,,,,,,,,,,,,,,,,,0,,,,,2009-05-01
7034373,Basketball Cards 2009 Topps Chrome,Jordan Hill [Printing Plate Yellow] #103,,,,,,,,,,,,,,,,,,,0,,,,,2009-05-01
7034375,Basketball Cards 2009 Topps Chrome,Jordan Hill [Refractor Gold] #103,$710.09,$201.50,,,,,,,,,,$468.60,$781.00,$111.00,$222.00,,,,2,,,,,2009-05-01
7034374,Basketball Cards 2009 Topps Chrome,Jordan Hill [Refractor] #103,$5.25,,,$25.00,$28.00,,,,,,,$1.20,$5.79,,,,,,4,,,,,2009-05-01
7034376,Basketball Cards 2009 Topps Chrome,Jordan Hill [Superfractor] #103,,,,,,,,,,,,,,,,,,,0,,,,,2009-05-01
7034297,Basketball Cards 2009 Topps Chrome,Jose Calderon #91,$2.95,,$11.99,$25.00,$28.00,,,,,,,,$3.29,,,$3.30,$12.99,,5,,,,,2009-05-01
7034298,Basketball Cards 2009 Topps Chrome,Jose Calderon [Printing Plate Black] #91,,,,,,,,,,,,,,,,,,,0,,,,,2009-05-01
7034299,Basketball Cards 2009 Topps Chrome,Jose Calderon [Printing Plate Cyan] #91,,,,,,,,,,,,,,,,,,,0,,,,,2009-05-01
7034300,Basketball Cards 2009 Topps Chrome,Jose Calderon [Printing Plate Magenta] #91,,,,,,,,,,,,,,,,,,,0,,,,,2009-05-01
7034301,Basketball Cards 2009 Topps Chrome,Jose Calderon [Printing Plate Yellow] #91,,,,,,,,,,,,,,,,,,,0,,,,,2009-05-01
7034303,Basketball Cards 2009 Topps Chrome,Jose Calderon [Refractor Gold] #91,$158.49,,,,,,,,,,,$87.00,$174.00,,,,,,1,,,,,2009-05-01
7034302,Basketball Cards 2009 Topps Chrome,Jose Calderon [Refractor] #91,$4.99,,$25.00,,,,,,,,,$1.10,$5.49,,,$8.40,$27.99,,5,,,,,2009-05-01
7034304,Basketball Cards 2009 Topps Chrome,Jose Calderon [Superfractor] #91,,,,,,,,,,,,,,,,,,,0,,,,,2009-05-01
7033795,Basketball Cards 2009 Topps Chrome,Josh Howard #23,$2.98,,,,,,,,,,,,$3.29,,,,,,3,,,,,2009-05-01
7033796,Basketball Cards 2009 Topps Chrome,Josh Howard [Printing Plate Black] #23,,,,,,,,,,,,,,,,,,,0,,,,,2009-05-01
7033797,Basketball Cards 2009 Topps Chrome,Josh Howard [Printing Plate Cyan] #23,,,,,,,,,,,,,,,,,,,0,,,,,2009-05-01
7033798,Basketball Cards 2009 Topps Chrome,Josh Howard [Printing Plate Magenta] #23,,,,,,,,,,,,,,,,,,,0,,,,,2009-05-01
7033799,Basketball Cards 2009 Topps Chrome,Josh Howard [Printing Plate Yellow] #23,,,,,,,,,,,,,,,,,,,0,,,,,2009-05-01
7033801,Basketball Cards 2009 Topps Chrome,Josh Howard [Refractor Gold] #23,$99.99,,,,,,,,,,,$55.00,$110.00,,,,,,1,,,,,2009-05-01
7033800,Basketball Cards 2009 Topps Chrome,Josh Howard [Refractor] #23,$5.99,,,,,,,,,,,$1.30,$6.59,,,,,,4,,,,,2009-05-01
7033802,Basketball Cards 2009 Topps Chrome,Josh Howard [Superfractor] #23,,,,,,,,,,,,,,,,,,,0,,,,,2009-05-01
7033646,Basketball Cards 2009 Topps Chrome,Josh Smith #2,$3.99,,,$19.99,$22.00,,,,,,,$0.90,$4.39,,,,,,3,,,,,2009-05-01
137497,Basketball Cards 2009 Topps Chrome,Josh Smith [Gold Refractor] #2,$85.84,,$99.99,$156.00,$172.00,,,,,,,$37.60,$93.99,,,$55.00,$110.00,,3,,,,,2009-06-01
7033647,Basketball Cards 2009 Topps Chrome,Josh Smith [Printing Plate Black] #2,,,,,,,,,,,,,,,,,,,0,,,,,2009-05-01
7033648,Basketball Cards 2009 Topps Chrome,Josh Smith [Printing Plate Cyan] #2,,,,,,,,,,,,,,,,,,,0,,,,,2009-05-01
7033649,Basketball Cards 2009 Topps Chrome,Josh Smith [Printing Plate Magenta] #2,,,,,,,,,,,,,,,,,,,0,,,,,2009-05-01
7033650,Basketball Cards 2009 Topps Chrome,Josh Smith [Printing Plate Yellow] #2,,,,,,,,,,,,,,,,,,,0,,,,,2009-05-01
7033651,Basketball Cards 2009 Topps Chrome,Josh Smith [Refractor] #2,$3.49,,,,,,,,,,,$0.80,$3.79,,,,,,3,,,,,2009-05-01
137498,Basketball Cards 2009 Topps Chrome,Josh Smith [Superfractor] #2,,,,,,,,,,,,,,,,,,,0,,,,,2009-06-01
137577,Basketball Cards 2009 Topps Chrome,Jrue Holiday #110,$54.50,,$64.60,$103.72,$137.41,$1100.00,$1430.00,$660.00,$660.00,,,$24.00,$59.99,,,$28.40,$70.99,,17,,,,,2009-06-01
137578,Basketball Cards 2009 Topps Chrome,Jrue Holiday [Gold Refractor] #110,$775.01,$700.00,$1004.50,$1650.20,$1815.00,,,,,,,$511.80,$853.00,$462.00,$770.00,$663.00,$1105.00,,7,,,,,2009-06-01
7034411,Basketball Cards 2009 Topps Chrome,Jrue Holiday [Printing Plate Black] #110,,,,,,,,,,,,,,,,,,,0,,,,,2009-05-01
7034412,Basketball Cards 2009 Topps Chrome,Jrue Holiday [Printing Plate Cyan] #110,,,,,,,,,,,,,,,,,,,0,,,,,2009-05-01
7034413,Basketball Cards 2009 Topps Chrome,Jrue Holiday [Printing Plate Magenta] #110,,,,,,,,,,,,,,,,,,,0,,,,,2009-05-01
7034414,Basketball Cards 2009 Topps Chrome,Jrue Holiday [Printing Plate Yellow] #110,,,,,,,,,,,,,,,,,,,0,,,,,2009-05-01
137579,Basketball Cards 2009 Topps Chrome,Jrue Holiday [Refractor] #110,$133.69,$112.50,$132.25,$309.54,$340.00,$770.98,$1002.00,$463.00,$463.00,,,$73.50,$147.00,$62.00,$124.00,$72.50,$145.00,,12,,,,,2009-06-01
7034415,Basketball Cards 2009 Topps Chrome,Jrue Holiday [Superfractor] #110,,,,,,,,,,,,,,,,,,,0,,,,,2009-05-01
137534,Basketball Cards 2009 Topps Chrome,Kevin Durant #68,$18.91,$42.95,$49.99,$54.11,$60.00,$1900.00,$2470.00,$1140.00,$1140.00,,,$6.30,$20.99,$18.80,$46.99,$22.00,$54.99,,12,,,,,2009-06-01
137535,Basketball Cards 2009 Topps Chrome,Kevin Durant [Gold Refractor] #68,$930.00,,$930.68,$1024.00,$1126.00,,,,,,,$613.80,$1023.00,,,$614.40,$1024.00,,4,,,,,2009-06-01
7034127,Basketball Cards 2009 Topps Chrome,Kevin Durant [Printing Plate Black] #68,,,,,,,,,,,,,,,,,,,0,,,,,2009-05-01
7034130,Basketball Cards 2009 Topps Chrome,Kevin Durant [Printing Plate Cyan] #68,,,,,,,,,,,,,,,,,,,0,,,,,2009-05-01
7034128,Basketball Cards 2009 Topps Chrome,Kevin Durant [Printing Plate Magenta] #68,,,,,,,,,,,,,,,,,,,0,,,,,2009-05-01
7034129,Basketball Cards 2009 Topps Chrome,Kevin Durant [Printing Plate Yellow] #68,,,,,,,,,,,,,,,,,,,0,,,,,2009-05-01
137536,Basketball Cards 2009 Topps Chrome,Kevin Durant [Refractor] #68,$129.50,$87.00,$109.25,$128.00,$427.50,$795.45,$1034.00,$477.00,$477.00,,,$71.00,$142.00,$38.40,$95.99,$60.00,$120.00,,15,,,,,2009-06-01
7034131,Basketball Cards 2009 Topps Chrome,Kevin Durant [Superfractor] #68,,,,,,,,,,,,,,,,,,,0,,,,,2009-05-01
137501,Basketball Cards 2009 Topps Chrome,Kevin Garnett #8,$18.01,$30.00,$37.99,$123.08,$127.00,$130.09,$169.00,$78.00,$78.00,,,$5.00,$19.99,$9.90,$32.99,$16.80,$41.99,,11,,,,,2009-06-01
3321960,Basketball Cards 2009 Topps Chrome,Kevin Garnett [Gold Refractor] #8,$125.00,$500.21,$644.85,$724.77,$797.00,$870.00,$1131.00,$522.00,$522.00,,,$69.00,$138.00,$330.00,$550.00,$425.40,$709.00,,6,,,,,
7033689,Basketball Cards 2009 Topps Chrome,Kevin Garnett [Printing Plate Black] #8,,,,,,,,,,,,,,,,,,,0,,,,,2009-05-01
7033690,Basketball Cards 2009 Topps Chrome,Kevin Garnett [Printing Plate Cyan] #8,,,,,,,,,,,,,,,,,,,0,,,,,2009-05-01
7033691,Basketball Cards 2009 Topps Chrome,Kevin Garnett [Printing Plate Magenta] #8,,,,,,,,,,,,,,,,,,,0,,,,,2009-05-01
7033692,Basketball Cards 2009 Topps Chrome,Kevin Garnett [Printing Plate Yellow] #8,,,,,,,,,,,,,,,,,,,0,,,,,2009-05-01
7033693,Basketball Cards 2009 Topps Chrome,Kevin Garnett [Refractor] #8,$79.95,,,,,,,,,,,$35.20,$87.99,,,,,,0,,,,,2009-05-01
7033694,Basketball Cards 2009 Topps Chrome,Kevin Garnett [Superfractor] #8,,,,,,,,,,,,,,,,,,,0,,,,,2009-05-01
7034047,Basketball Cards 2009 Topps Chrome,Kevin Love #57,$3.26,,$7.50,$15.14,$26.86,$48.26,$63.00,$29.00,$29.00,,,,$3.59,,,$1.70,$8.29,,7,,,,,2009-05-01
7034048,Basketball Cards 2009 Topps Chrome,Kevin Love [Printing Plate Black] #57,,,,,,,,,,,,,,,,,,,0,,,,,2009-05-01
7034049,Basketball Cards 2009 Topps Chrome,Kevin Love [Printing Plate Cyan] #57,,,,,,,,,,,,,,,,,,,0,,,,,2009-05-01
7034050,Basketball Cards 2009 Topps Chrome,Kevin Love [Printing Plate Magenta] #57,$3.99,,,,,,,,,,,$0.90,$4.39,,,,,,1,,,,,2009-05-01
7034051,Basketball Cards 2009 Topps Chrome,Kevin Love [Printing Plate Yellow] #57,,,,,,,,,,,,,,,,,,,0,,,,,2009-05-01
7034053,Basketball Cards 2009 Topps Chrome,Kevin Love [Refractor Gold] #57,,,$300.00,,,,,,,,,,,,,$165.00,$330.00,,1,,,,,2009-05-01
7034052,Basketball Cards 2009 Topps Chrome,Kevin Love [Refractor] #57,$9.99,,$8.00,$35.00,$39.00,,,,,,,$2.80,$10.99,,,$1.80,$8.79,,6,,,,,2009-05-01
7034054,Basketball Cards 2009 Topps Chrome,Kevin Love [Superfractor] #57,,,,,,,,,,,,,,,,,,,0,,,,,2009-05-01
7034248,Basketball Cards 2009 Topps Chrome,Kevin Martin #84,$0.99,,,$19.99,$22.00,,,,,,,,$1.09,,,,,,2,,,,,2009-05-01
7034249,Basketball Cards 2009 Topps Chrome,Kevin Martin [Printing Plate Black] #84,,,,,,,,,,,,,,,,,,,0,,,,,2009-05-01
7034250,Basketball Cards 2009 Topps Chrome,Kevin Martin [Printing Plate Cyan] #84,,,,,,,,,,,,,,,,,,,0,,,,,2009-05-01
7034252,Basketball Cards 2009 Topps Chrome,Kevin Martin [Printing Plate Magenta] #84,,,,,,,,,,,,,,,,,,,0,,,,,2009-05-01
7034251,Basketball Cards 2009 Topps Chrome,Kevin Martin [Printing Plate Yellow] #84,,,,,,,,,,,,,,,,,,,0,,,,,2009-05-01
7034254,Basketball Cards 2009 Topps Chrome,Kevin Martin [Refractor Gold] #84,,,,,,,,,,,,,,,,,,,0,,,,,2009-05-01
7034253,Basketball Cards 2009 Topps Chrome,Kevin Martin [Refractor] #84,$3.99,,,,,,,,,,,$0.90,$4.39,,,,,,5,,,,,2009-05-01
7034256,Basketball Cards 2009 Topps Chrome,Kevin Martin [Superfractor] #84,,,,,,,,,,,,,,,,,,,0,,,,,2009-05-01
137522,Basketball Cards 2009 Topps Chrome,Kobe Bryant #44,$173.75,$213.71,$257.00,$399.00,$462.82,$1700.00,$2210.00,$1020.00,$1020.00,,,$95.50,$191.00,$117.50,$235.00,$141.50,$283.00,,25,,,,,2009-06-01
137523,Basketball Cards 2009 Topps Chrome,Kobe Bryant [Gold Refractor] #44,$3900.00,$6500.50,,,,,,,,,,$2574.00,$4290.00,$4290.60,$7151.00,,,,3,,,,,2009-06-01
7033951,Basketball Cards 2009 Topps Chrome,Kobe Bryant [Printing Plate Black] #44,$93.75,,,,,,,,,,,$51.50,$103.00,,,,,,2,,,,,2009-05-01
7033952,Basketball Cards 2009 Topps Chrome,Kobe Bryant [Printing Plate Cyan] #44,,,,,,,,,,,,,,,,,,,0,,,,,2009-05-01
7033953,Basketball Cards 2009 Topps Chrome,Kobe Bryant [Printing Plate Magenta] #44,,,,,,,,,,,,,,,,,,,0,,,,,2009-05-01
7033954,Basketball Cards 2009 Topps Chrome,Kobe Bryant [Printing Plate Yellow] #44,,,,,,,,,,,,,,,,,,,0,,,,,2009-05-01
137525,Basketball Cards 2009 Topps Chrome,Kobe Bryant [Refractor] #44,$946.77,$550.00,$828.78,$2082.00,$2200.00,$4500.00,$5850.00,$2700.00,$2700.00,,,$624.60,$1041.00,$363.00,$605.00,$547.20,$912.00,,22,,,,,2009-06-01
7033955,Basketball Cards 2009 Topps Chrome,Kobe Bryant [Superfractor] #44,,,,,,,,,,,,,,,,,,,0,,,,,2009-05-01
7034225,Basketball Cards 2009 Topps Chrome,LaMarcus Aldridge #81,$3.99,,,,,,,,,,,$0.90,$4.39,,,,,,1,,,,,2009-05-01
7034226,Basketball Cards 2009 Topps Chrome,LaMarcus Aldridge [Printing Plate Black] #81,,,,,,,,,,,,,,,,,,,0,,,,,2009-05-01
7034228,Basketball Cards 2009 Topps Chrome,LaMarcus Aldridge [Printing Plate Cyan] #81,,,,,,,,,,,,,,,,,,,0,,,,,2009-05-01
7034227,Basketball Cards 2009 Topps Chrome,LaMarcus Aldridge [Printing Plate Magenta] #81,,,,,,,,,,,,,,,,,,,0,,,,,2009-05-01
7034229,Basketball Cards 2009 Topps Chrome,LaMarcus Aldridge [Printing Plate Yellow] #81,$49.99,,,,,,,,,,,$22.00,$54.99,,,,,,1,,,,,2009-05-01
7034231,Basketball Cards 2009 Topps Chrome,LaMarcus Aldridge [Refractor Gold] #81,$137.50,,,,,,,,,,,$75.50,$151.00,,,,,,1,,,,,2009-05-01
7034230,Basketball Cards 2009 Topps Chrome,LaMarcus Aldridge [Refractor] #81,$14.33,,,,,,,,,,,$4.00,$15.99,,,,,,2,,,,,2009-05-01
7034232,Basketball Cards 2009 Topps Chrome,LaMarcus Aldridge [Superfractor] #81,,,,,,,,,,,,,,,,,,,0,,,,,2009-05-01
7033972,Basketball Cards 2009 Topps Chrome,Lamar Odom #47,$0.99,,,$24.99,$27.00,,,,,,,,$1.09,,,,,,3,,,,,2009-05-01
7033973,Basketball Cards 2009 Topps Chrome,Lamar Odom [Printing Plate Black] #47,,,,,,,,,,,,,,,,,,,0,,,,,2009-05-01
7033974,Basketball Cards 2009 Topps Chrome,Lamar Odom [Printing Plate Cyan] #47,,,,,,,,,,,,,,,,,,,0,,,,,2009-05-01
7033975,Basketball Cards 2009 Topps Chrome,Lamar Odom [Printing Plate Magenta] #47,,,,,,,,,,,,,,,,,,,0,,,,,2009-05-01
7033976,Basketball Cards 2009 Topps Chrome,Lamar Odom [Printing Plate Yellow] #47,,,,,,,,,,,,,,,,,,,0,,,,,2009-05-01
7033978,Basketball Cards 2009 Topps Chrome,Lamar Odom [Refractor Gold] #47,,,,,,,,,,,,,,,,,,,0,,,,,2009-05-01
7033977,Basketball Cards 2009 Topps Chrome,Lamar Odom [Refractor] #47,$7.36,,,,,,,,,,,$1.60,$8.09,,,,,,4,,,,,2009-05-01
7033979,Basketball Cards 2009 Topps Chrome,Lamar Odom [Superfractor] #47,,,,,,,,,,,,,,,,,,,0,,,,,2009-05-01
137507,Basketball Cards 2009 Topps Chrome,LeBron James #16,$333.00,$155.00,$398.79,$544.42,$717.63,$1869.35,$2430.00,$1122.00,$1122.00,,,$183.00,$366.00,$85.50,$171.00,$219.50,$439.00,,27,,,,,2009-06-01
137508,Basketball Cards 2009 Topps Chrome,LeBron James [Gold Refractor] #16,$9999.99,$8260.00,$10325.00,$15401.00,$27609.00,$85100.00,$110630.00,$51060.00,$51060.00,,,$6600.00,$11000.00,$5451.60,$9086.00,$6814.80,$11358.00,,6,,,,,2009-06-01
7033745,Basketball Cards 2009 Topps Chrome,LeBron James [Printing Plate Black] #16,,,,,,,,,,,,,,,,,,,0,,,,,2009-05-01
7033746,Basketball Cards 2009 Topps Chrome,LeBron James [Printing Plate Cyan] #16,,,,,,,,,,,,,,,,,,,0,,,,,2009-05-01
7033747,Basketball Cards 2009 Topps Chrome,LeBron James [Printing Plate Magenta] #16,,,,,,,,,,,,,,,,,,,0,,,,,2009-05-01
7033749,Basketball Cards 2009 Topps Chrome,LeBron James [Printing Plate Yellow] #16,,,,,,,,,,,,,,,,,,,0,,,,,2009-05-01
137509,Basketball Cards 2009 Topps Chrome,LeBron James [Refractor] #16,$802.71,$1048.33,$1327.50,$2033.89,$2445.00,$4820.43,$6267.00,$2892.00,$2892.00,,,$529.80,$883.00,$691.80,$1153.00,$876.00,$1460.00,,21,,,,,2009-06-01
7033748,Basketball Cards 2009 Topps Chrome,LeBron James [Superfractor] #16,,,,,,,,,,,,,,,,,,,0,,,,,2009-05-01
7033738,Basketball Cards 2009 Topps Chrome,Luol Deng #15,$2.55,,,$19.99,$22.00,,,,,,,,$2.79,,,,,,3,,,,,2009-05-01
7033737,Basketball Cards 2009 Topps Chrome,Luol Deng [Printing Plate Black] #15,,,,,,,,,,,,,,,,,,,0,,,,,2009-05-01
7033739,Basketball Cards 2009 Topps Chrome,Luol Deng [Printing Plate Cyan] #15,,,,,,,,,,,,,,,,,,,0,,,,,2009-05-01
7033740,Basketball Cards 2009 Topps Chrome,Luol Deng [Printing Plate Magenta] #15,,,,,,,,,,,,,,,,,,,0,,,,,2009-05-01
7033741,Basketball Cards 2009 Topps Chrome,Luol Deng [Printing Plate Yellow] #15,,,,,,,,,,,,,,,,,,,0,,,,,2009-05-01
7033743,Basketball Cards 2009 Topps Chrome,Luol Deng [Refractor Gold] #15,$131.50,,,,,,,,,,,$72.50,$145.00,,,,,,1,,,,,2009-05-01
7033742,Basketball Cards 2009 Topps Chrome,Luol Deng [Refractor] #15,$5.99,,,$35.00,$39.00,,,,,,,$1.30,$6.59,,,,,,3,,,,,2009-05-01
7033744,Basketball Cards 2009 Topps Chrome,Luol Deng [Superfractor] #15,,,,,,,,,,,,,,,,,,,0,,,,,2009-05-01
7034269,Basketball Cards 2009 Topps Chrome,Manu Ginobili #87,$12.04,,,,,,,,,,,$3.30,$12.99,,,,,,4,,,,,2009-05-01
7034271,Basketball Cards 2009 Topps Chrome,Manu Ginobili [Printing Plate Black] #87,,,,,,,,,,,,,,,,,,,0,,,,,2009-05-01
7034270,Basketball Cards 2009 Topps Chrome,Manu Ginobili [Printing Plate Cyan] #87,,,,,,,,,,,,,,,,,,,0,,,,,2009-05-01
7034272,Basketball Cards 2009 Topps Chrome,Manu Ginobili [Printing Plate Magenta] #87,,,,,,,,,,,,,,,,,,,0,,,,,2009-05-01
7034273,Basketball Cards 2009 Topps Chrome,Manu Ginobili [Printing Plate Yellow] #87,,,,,,,,,,,,,,,,,,,0,,,,,2009-05-01
7034275,Basketball Cards 2009 Topps Chrome,Manu Ginobili [Refractor Gold] #87,,$214.88,$255.77,,,,,,,,,,,$118.00,$236.00,$140.50,$281.00,,2,,,,,2009-05-01
7034274,Basketball Cards 2009 Topps Chrome,Manu Ginobili [Refractor] #87,$20.50,,$19.99,$33.88,$37.00,$349.99,$455.00,$210.00,$210.00,,,$6.90,$22.99,,,$6.60,$21.99,,7,,,,,2009-05-01
7034276,Basketball Cards 2009 Topps Chrome,Manu Ginobili [Superfractor] #87,,,,,,,,,,,,,,,,,,,0,,,,,2009-05-01
7033995,Basketball Cards 2009 Topps Chrome,Marc Gasol #50,$3.48,,,$19.99,$22.00,,,,,,,$0.80,$3.79,,,,,,3,,,,,2009-05-01
7033996,Basketball Cards 2009 Topps Chrome,Marc Gasol [Printing Plate Black] #50,,,,,,,,,,,,,,,,,,,0,,,,,2009-05-01
7033997,Basketball Cards 2009 Topps Chrome,Marc Gasol [Printing Plate Cyan] #50,,,,,,,,,,,,,,,,,,,0,,,,,2009-05-01
7033998,Basketball Cards 2009 Topps Chrome,Marc Gasol [Printing Plate Magenta] #50,,,,,,,,,,,,,,,,,,,0,,,,,2009-05-01
7033999,Basketball Cards 2009 Topps Chrome,Marc Gasol [Printing Plate Yellow] #50,,,,,,,,,,,,,,,,,,,0,,,,,2009-05-01
7034001,Basketball Cards 2009 Topps Chrome,Marc Gasol [Refractor Gold] #50,$250.00,,$152.51,,,,,,,,,$137.50,$275.00,,,$84.00,$168.00,,2,,,,,2009-05-01
7034000,Basketball Cards 2009 Topps Chrome,Marc Gasol [Refractor] #50,$3.51,,,$35.00,$39.00,,,,,,,$0.80,$3.89,,,,,,6,,,,,2009-05-01
7034002,Basketball Cards 2009 Topps Chrome,Marc Gasol [Superfractor] #50,,,,,,,,,,,,,,,,,,,0,,,,,2009-05-01
7033660,Basketball Cards 2009 Topps Chrome,Marvin Williams #4,$2.24,,,,,,,,,,,,$2.49,,,,,,2,,,,,2009-05-01
7033661,Basketball Cards 2009 Topps Chrome,Marvin Williams [Printing Plate Black] #4,,,,,,,,,,,,,,,,,,,0,,,,,2009-05-01
7033662,Basketball Cards 2009 Topps Chrome,Marvin Williams [Printing Plate Cyan] #4,,,,,,,,,,,,,,,,,,,0,,,,,2009-05-01
7033663,Basketball Cards 2009 Topps Chrome,Marvin Williams [Printing Plate Magenta] #4,,,,,,,,,,,,,,,,,,,0,,,,,2009-05-01
7033664,Basketball Cards 2009 Topps Chrome,Marvin Williams [Printing Plate Yellow] #4,,,,,,,,,,,,,,,,,,,0,,,,,2009-05-01
7033666,Basketball Cards 2009 Topps Chrome,Marvin Williams [Refractor Gold] #4,$229.99,,,,,,,,,,,$126.50,$253.00,,,,,,0,,,,,2009-05-01
7033665,Basketball Cards 2009 Topps Chrome,Marvin Williams [Refractor] #4,$5.19,,,$29.99,$33.00,,,,,,,$1.10,$5.69,,,,,,3,,,,,2009-05-01
7033667,Basketball Cards 2009 Topps Chrome,Marvin Williams [Superfractor] #4,,,,,,,,,,,,,,,,,,,0,,,,,2009-05-01
7034009,Basketball Cards 2009 Topps Chrome,Michael Beasley #52,$3.32,,,$19.99,$22.00,,,,,,,,$3.69,,,,,,4,,,,,2009-05-01
7034010,Basketball Cards 2009 Topps Chrome,Michael Beasley [Printing Plate Black] #52,,,,,,,,,,,,,,,,,,,0,,,,,2009-05-01
7034011,Basketball Cards 2009 Topps Chrome,Michael Beasley [Printing Plate Cyan] #52,,,,,,,,,,,,,,,,,,,0,,,,,2009-05-01
7034012,Basketball Cards 2009 Topps Chrome,Michael Beasley [Printing Plate Magenta] #52,,,,,,,,,,,,,,,,,,,0,,,,,2009-05-01
7034013,Basketball Cards 2009 Topps Chrome,Michael Beasley [Printing Plate Yellow] #52,,,,,,,,,,,,,,,,,,,0,,,,,2009-05-01
7034015,Basketball Cards 2009 Topps Chrome,Michael Beasley [Refractor Gold] #52,,,,,,,,,,,,,,,,,,,0,,,,,2009-05-01
7034014,Basketball Cards 2009 Topps Chrome,Michael Beasley [Refractor] #52,$3.84,,,,,,,,,,,$0.80,$4.19,,,,,,3,,,,,2009-05-01
7034016,Basketball Cards 2009 Topps Chrome,Michael Beasley [Superfractor] #52,,,,,,,,,,,,,,,,,,,0,,,,,2009-05-01
7034017,Basketball Cards 2009 Topps Chrome,Michael Redd #53,$2.98,,,,,,,,,,,,$3.29,,,,,,2,,,,,2009-05-01
7034018,Basketball Cards 2009 Topps Chrome,Michael Redd [Printing Plate Black] #53,,,,,,,,,,,,,,,,,,,0,,,,,2009-05-01
7034019,Basketball Cards 2009 Topps Chrome,Michael Redd [Printing Plate Cyan] #53,,,,,,,,,,,,,,,,,,,0,,,,,2009-05-01
7034020,Basketball Cards 2009 Topps Chrome,Michael Redd [Printing Plate Magenta] #53,,,,,,,,,,,,,,,,,,,0,,,,,2009-05-01
7034021,Basketball Cards 2009 Topps Chrome,Michael Redd [Printing Plate Yellow] #53,,,,,,,,,,,,,,,,,,,0,,,,,2009-05-01
7034022,Basketball Cards 2009 Topps Chrome,Michael Redd [Refractor Gold] #53,$155.59,,,,,,,,,,,$85.50,$171.00,,,,,,1,,,,,2009-05-01
7034418,Basketball Cards 2009 Topps Chrome,Michael Redd [Refractor] #53,$4.43,,,$34.43,$38.00,,,,,,,$1.00,$4.89,,,,,,5,,,,,2009-05-01
7034023,Basketball Cards 2009 Topps Chrome,Michael Redd [Superfractor] #53,,,,,,,,,,,,,,,,,,,0,,,,,2009-05-01
7033652,Basketball Cards 2009 Topps Chrome,Mike Bibby #3,$6.48,,,$19.99,$22.00,,,,,,,$1.40,$7.09,,,,,,4,,,,,2009-05-01
7033653,Basketball Cards 2009 Topps Chrome,Mike Bibby [Printing Plate Black] #3,,,,,,,,,,,,,,,,,,,0,,,,,2009-05-01
7033654,Basketball Cards 2009 Topps Chrome,Mike Bibby [Printing Plate Cyan] #3,,,,,,,,,,,,,,,,,,,0,,,,,2009-05-01
7033655,Basketball Cards 2009 Topps Chrome,Mike Bibby [Printing Plate Magenta] #3,,,,,,,,,,,,,,,,,,,0,,,,,2009-05-01
7033656,Basketball Cards 2009 Topps Chrome,Mike Bibby [Printing Plate Yellow] #3,,,,,,,,,,,,,,,,,,,0,,,,,2009-05-01
7033658,Basketball Cards 2009 Topps Chrome,Mike Bibby [Refractor Gold] #3,,,,,,,,,,,,,,,,,,,0,,,,,2009-05-01
7033657,Basketball Cards 2009 Topps Chrome,Mike Bibby [Refractor] #3,$4.67,$25.00,,,,,,,,,,$1.00,$5.09,$8.40,$27.99,,,,4,,,,,2009-05-01
7033659,Basketball Cards 2009 Topps Chrome,Mike Bibby [Superfractor] #3,,,,,,,,,,,,,,,,,,,0,,,,,2009-05-01
7034055,Basketball Cards 2009 Topps Chrome,Mike Miller #58,$3.70,,,$19.99,$22.00,,,,,,,$0.80,$4.09,,,,,,2,,,,,2009-05-01
7034056,Basketball Cards 2009 Topps Chrome,Mike Miller [Printing Plate Black] #58,,,,,,,,,,,,,,,,,,,0,,,,,2009-05-01
7034057,Basketball Cards 2009 Topps Chrome,Mike Miller [Printing Plate Cyan] #58,,,,,,,,,,,,,,,,,,,0,,,,,2009-05-01
7034058,Basketball Cards 2009 Topps Chrome,Mike Miller [Printing Plate Magenta] #58,,,,,,,,,,,,,,,,,,,0,,,,,2009-05-01
7034059,Basketball Cards 2009 Topps Chrome,Mike Miller [Printing Plate Yellow] #58,,,,,,,,,,,,,,,,,,,0,,,,,2009-05-01
7034061,Basketball Cards 2009 Topps Chrome,Mike Miller [Refractor Gold] #58,$185.00,,,,,,,,,,,$102.00,$204.00,,,,,,1,,,,,2009-05-01
7034060,Basketball Cards 2009 Topps Chrome,Mike Miller [Refractor] #58,$3.17,,,$35.00,$39.00,,,,,,,,$3.49,,,,,,2,,,,,2009-05-01
7034062,Basketball Cards 2009 Topps Chrome,Mike Miller [Superfractor] #58,,,,,,,,,,,,,,,,,,,0,,,,,2009-05-01
7033750,Basketball Cards 2009 Topps Chrome,Mo Williams #17,$2.91,,,,,,,,,,,,$3.19,,,,,,5,,,,,2009-05-01
7033751,Basketball Cards 2009 Topps Chrome,Mo Williams [Printing Plate Black] #17,,,,,,,,,,,,,,,,,,,0,,,,,2009-05-01
7033752,Basketball Cards 2009 Topps Chrome,Mo Williams [Printing Plate Cyan] #17,,,,,,,,,,,,,,,,,,,0,,,,,2009-05-01
7033754,Basketball Cards 2009 Topps Chrome,Mo Williams [Printing Plate Magenta] #17,,,,,,,,,,,,,,,,,,,0,,,,,2009-05-01
7033753,Basketball Cards 2009 Topps Chrome,Mo Williams [Printing Plate Yellow] #17,,,,,,,,,,,,,,,,,,,0,,,,,2009-05-01
7033756,Basketball Cards 2009 Topps Chrome,Mo Williams [Refractor Gold] #17,,,,,,,,,,,,,,,,,,,0,,,,,2009-05-01
7033755,Basketball Cards 2009 Topps Chrome,Mo Williams [Refractor] #17,$7.21,,$30.00,$35.00,$39.00,,,,,,,$1.60,$7.89,,,$9.90,$32.99,,5,,,,,2009-05-01
7033757,Basketball Cards 2009 Topps Chrome,Mo Williams [Superfractor] #17,,,,,,,,,,,,,,,,,,,0,,,,,2009-05-01
7033862,Basketball Cards 2009 Topps Chrome,Monta Ellis #32,$3.02,,$14.99,$16.00,$26.44,$47.13,$61.00,$28.00,$28.00,,,,$3.29,,,$4.00,$15.99,,6,,,,,2009-05-01
7033863,Basketball Cards 2009 Topps Chrome,Monta Ellis [Printing Plate Black] #32,,,,,,,,,,,,,,,,,,,0,,,,,2009-05-01
7033864,Basketball Cards 2009 Topps Chrome,Monta Ellis [Printing Plate Cyan] #32,,,,,,,,,,,,,,,,,,,0,,,,,2009-05-01
7033865,Basketball Cards 2009 Topps Chrome,Monta Ellis [Printing Plate Magenta] #32,,,,,,,,,,,,,,,,,,,0,,,,,2009-05-01
7033866,Basketball Cards 2009 Topps Chrome,Monta Ellis [Printing Plate Yellow] #32,,,,,,,,,,,,,,,,,,,0,,,,,2009-05-01
7033867,Basketball Cards 2009 Topps Chrome,Monta Ellis [Refractor Gold] #32,$151.25,,$179.99,,,,,,,,,$83.00,$166.00,,,$99.00,$198.00,,2,,,,,2009-05-01
7033868,Basketball Cards 2009 Topps Chrome,Monta Ellis [Refractor] #32,$3.25,,,,,,,,,,,,$3.59,,,,,,2,,,,,2009-05-01
7033869,Basketball Cards 2009 Topps Chrome,Monta Ellis [Superfractor] #32,,,,,,,,,,,,,,,,,,,0,,,,,2009-05-01
7034114,Basketball Cards 2009 Topps Chrome,Nate Robinson #66,$1.49,,,,,,,,,,,,$1.59,,,,,,2,,,,,2009-05-01
7034115,Basketball Cards 2009 Topps Chrome,Nate Robinson [Printing Plate Black] #66,,,,,,,,,,,,,,,,,,,0,,,,,2009-05-01
7034116,Basketball Cards 2009 Topps Chrome,Nate Robinson [Printing Plate Cyan] #66,,,,,,,,,,,,,,,,,,,0,,,,,2009-05-01
7034117,Basketball Cards 2009 Topps Chrome,Nate Robinson [Printing Plate Magenta] #66,,,,,,,,,,,,,,,,,,,0,,,,,2009-05-01
7034118,Basketball Cards 2009 Topps Chrome,Nate Robinson [Printing Plate Yellow] #66,,,,,,,,,,,,,,,,,,,0,,,,,2009-05-01
7034120,Basketball Cards 2009 Topps Chrome,Nate Robinson [Refractor Gold] #66,$187.50,,,,,,,,,,,$103.00,$206.00,,,,,,1,,,,,2009-05-01
7034119,Basketball Cards 2009 Topps Chrome,Nate Robinson [Refractor] #66,$34.99,,$49.99,$55.00,$61.00,$185.00,$241.00,$111.00,$111.00,,,$15.20,$37.99,,,$22.00,$54.99,,7,,,,,2009-05-01
7034121,Basketball Cards 2009 Topps Chrome,Nate Robinson [Superfractor] #66,,,,,,,,,,,,,,,,,,,0,,,,,2009-05-01
7033980,Basketball Cards 2009 Topps Chrome,O.J. Mayo #48,$3.00,,$11.99,,,,,,,,,,$3.29,,,$3.30,$12.99,,3,,,,,2009-05-01
7033981,Basketball Cards 2009 Topps Chrome,O.J. Mayo [Printing Plate Black] #48,,,,,,,,,,,,,,,,,,,0,,,,,2009-05-01
7033982,Basketball Cards 2009 Topps Chrome,O.J. Mayo [Printing Plate Cyan] #48,,,,,,,,,,,,,,,,,,,0,,,,,2009-05-01
7033983,Basketball Cards 2009 Topps Chrome,O.J. Mayo [Printing Plate Magenta] #48,,,,,,,,,,,,,,,,,,,0,,,,,2009-05-01
7033984,Basketball Cards 2009 Topps Chrome,O.J. Mayo [Printing Plate Yellow] #48,,,,,,,,,,,,,,,,,,,0,,,,,2009-05-01
7033986,Basketball Cards 2009 Topps Chrome,O.J. Mayo [Refractor Gold] #48,,,$165.59,,,,,,,,,,,,,$91.00,$182.00,,1,,,,,2009-05-01
7033985,Basketball Cards 2009 Topps Chrome,O.J. Mayo [Refractor] #48,$6.27,,,,,,,,,,,$1.40,$6.89,,,,,,2,,,,,2009-05-01
7033987,Basketball Cards 2009 Topps Chrome,O.J. Mayo [Superfractor] #48,,,,,,,,,,,,,,,,,,,0,,,,,2009-05-01
7033956,Basketball Cards 2009 Topps Chrome,Pau Gasol #45,$7.00,,,$34.99,$38.00,,,,,,,$1.50,$7.69,,,,,,3,,,,,2009-05-01
7033957,Basketball Cards 2009 Topps Chrome,Pau Gasol [Printing Plate Black] #45,,,,,,,,,,,,,,,,,,,0,,,,,2009-05-01
7033958,Basketball Cards 2009 Topps Chrome,Pau Gasol [Printing Plate Cyan] #45,,,,,,,,,,,,,,,,,,,0,,,,,2009-05-01
7033959,Basketball Cards 2009 Topps Chrome,Pau Gasol [Printing Plate Magenta] #45,,,,,,,,,,,,,,,,,,,0,,,,,2009-05-01
7033960,Basketball Cards 2009 Topps Chrome,Pau Gasol [Printing Plate Yellow] #45,,,,,,,,,,,,,,,,,,,0,,,,,2009-05-01
7033961,Basketball Cards 2009 Topps Chrome,Pau Gasol [Refractor Gold] #45,$295.00,,$285.00,,,,,,,,,$162.50,$325.00,,,$157.00,$314.00,,2,,,,,2009-05-01
7033962,Basketball Cards 2009 Topps Chrome,Pau Gasol [Refractor] #45,$18.22,,$6.03,$36.25,$40.00,,,,,,,$5.00,$19.99,,,$1.30,$6.59,,6,,,,,2009-05-01
7033963,Basketball Cards 2009 Topps Chrome,Pau Gasol [Superfractor] #45,,,,,,,,,,,,,,,,,,,0,,,,,2009-05-01
7033676,Basketball Cards 2009 Topps Chrome,Paul Pierce #6,$3.78,,,,,,,,,,,$0.80,$4.19,,,,,,3,,,,,2009-05-01
137499,Basketball Cards 2009 Topps Chrome,Paul Pierce Refractor #6,$24.74,,$41.10,$58.75,$71.93,$167.38,$218.00,$100.00,$100.00,,,$8.10,$26.99,,,$18.00,$44.99,,7,,,,,2009-06-01
2737331,Basketball Cards 2009 Topps Chrome,Paul Pierce [Gold Refractor] #6,$249.98,,$250.00,,,,,,,,,$137.50,$275.00,,,$137.50,$275.00,,3,,,,,
7033677,Basketball Cards 2009 Topps Chrome,Paul Pierce [Printing Plate Black] #6,,,,,,,,,,,,,,,,,,,0,,,,,2009-05-01
7033678,Basketball Cards 2009 Topps Chrome,Paul Pierce [Printing Plate Cyan] #6,,,,,,,,,,,,,,,,,,,0,,,,,2009-05-01
7033679,Basketball Cards 2009 Topps Chrome,Paul Pierce [Printing Plate Magenta] #6,,,,,,,,,,,,,,,,,,,0,,,,,2009-05-01
7033680,Basketball Cards 2009 Topps Chrome,Paul Pierce [Printing Plate Yellow] #6,,,,,,,,,,,,,,,,,,,0,,,,,2009-05-01
7033681,Basketball Cards 2009 Topps Chrome,Paul Pierce [Superfractor] #6,,,,,,,,,,,,,,,,,,,0,,,,,2009-05-01
137502,Basketball Cards 2009 Topps Chrome,Rajon Rondo #9,$8.99,,,,,,,,,,,$2.00,$9.89,,,,,,3,,,,,2009-06-01
7033695,Basketball Cards 2009 Topps Chrome,Rajon Rondo [Printing Plate Black] #9,,,,,,,,,,,,,,,,,,,0,,,,,2009-05-01
7033696,Basketball Cards 2009 Topps Chrome,Rajon Rondo [Printing Plate Cyan] #9,,,,,,,,,,,,,,,,,,,0,,,,,2009-05-01
7033697,Basketball Cards 2009 Topps Chrome,Rajon Rondo [Printing Plate Magenta] #9,,,,,,,,,,,,,,,,,,,0,,,,,2009-05-01
7033698,Basketball Cards 2009 Topps Chrome,Rajon Rondo [Printing Plate Yellow] #9,,,,,,,,,,,,,,,,,,,0,,,,,2009-05-01
7033699,Basketball Cards 2009 Topps Chrome,Rajon Rondo [Refractor Gold] #9,,,,,,,,,,,,,,,,,,,0,,,,,2009-05-01
3741940,Basketball Cards 2009 Topps Chrome,Rajon Rondo [Refractor] #9,$23.69,,$51.25,$56.00,$67.79,,,,,,,$7.80,$25.99,,,$22.40,$55.99,,8,,,,,
7033700,Basketball Cards 2009 Topps Chrome,Rajon Rondo [Superfractor] #9,,,,,,,,,,,,,,,,,,,0,,,,,2009-05-01
7034140,Basketball Cards 2009 Topps Chrome,Rashard Lewis #70,$4.97,,,$19.99,$22.00,,,,,,,$1.10,$5.49,,,,,,4,,,,,2009-05-01
7034141,Basketball Cards 2009 Topps Chrome,Rashard Lewis [Printing Plate Black] #70,,,,,,,,,,,,,,,,,,,0,,,,,2009-05-01
7034142,Basketball Cards 2009 Topps Chrome,Rashard Lewis [Printing Plate Cyan] #70,,,,,,,,,,,,,,,,,,,0,,,,,2009-05-01
7034143,Basketball Cards 2009 Topps Chrome,Rashard Lewis [Printing Plate Magenta] #70,,,,,,,,,,,,,,,,,,,0,,,,,2009-05-01
7034144,Basketball Cards 2009 Topps Chrome,Rashard Lewis [Printing Plate Yellow] #70,,,,,,,,,,,,,,,,,,,0,,,,,2009-05-01
7034146,Basketball Cards 2009 Topps Chrome,Rashard Lewis [Refractor Gold] #70,,$153.50,,,,,,,,,,,,$84.50,$169.00,,,,1,,,,,2009-05-01
7034145,Basketball Cards 2009 Topps Chrome,Rashard Lewis [Refractor] #70,$7.29,,,$24.85,$27.00,,,,,,,$1.60,$7.99,,,,,,6,,,,,2009-05-01
7034147,Basketball Cards 2009 Topps Chrome,Rashard Lewis [Superfractor] #70,,,,,,,,,,,,,,,,,,,0,,,,,2009-05-01
7033682,Basketball Cards 2009 Topps Chrome,Ray Allen #7,$6.50,,$24.99,,$29.50,,,,,,,$1.40,$7.19,,,$8.10,$26.99,,3,,,,,2009-05-01
137500,Basketball Cards 2009 Topps Chrome,Ray Allen Refractor #7,$16.60,$26.01,$54.99,$85.44,$150.00,,,,,,,$4.50,$17.99,$8.70,$28.99,$24.00,$59.99,,8,,,,,2009-06-01
7033683,Basketball Cards 2009 Topps Chrome,Ray Allen [Printing Plate Black] #7,$27.00,,,,,,,,,,,$9.00,$29.99,,,,,,1,,,,,2009-05-01
7033684,Basketball Cards 2009 Topps Chrome,Ray Allen [Printing Plate Cyan] #7,,,,,,,,,,,,,,,,,,,0,,,,,2009-05-01
7033685,Basketball Cards 2009 Topps Chrome,Ray Allen [Printing Plate Magenta] #7,,,,,,,,,,,,,,,,,,,0,,,,,2009-05-01
7033686,Basketball Cards 2009 Topps Chrome,Ray Allen [Printing Plate Yellow] #7,,,,,,,,,,,,,,,,,,,0,,,,,2009-05-01
7033687,Basketball Cards 2009 Topps Chrome,Ray Allen [Refractor Gold] #7,$499.00,$375.00,,,$1095.00,,,,,,,$329.40,$549.00,$206.50,$413.00,,,,3,,,,,2009-05-01
7033688,Basketball Cards 2009 Topps Chrome,Ray Allen [Superfractor] #7,,,,,,,,,,,,,,,,,,,0,,,,,2009-05-01
7033717,Basketball Cards 2009 Topps Chrome,Raymond Felton #12,$3.15,,,$19.99,$22.00,,,,,,,,$3.49,,,,,,4,,,,,2009-05-01
7033718,Basketball Cards 2009 Topps Chrome,Raymond Felton [Printing Plate Black] #12,,,,,,,,,,,,,,,,,,,0,,,,,2009-05-01
7033719,Basketball Cards 2009 Topps Chrome,Raymond Felton [Printing Plate Cyan] #12,,,,,,,,,,,,,,,,,,,0,,,,,2009-05-01
7033720,Basketball Cards 2009 Topps Chrome,Raymond Felton [Printing Plate Magenta] #12,,,,,,,,,,,,,,,,,,,0,,,,,2009-05-01
7033721,Basketball Cards 2009 Topps Chrome,Raymond Felton [Printing Plate Yellow] #12,,,,,,,,,,,,,,,,,,,0,,,,,2009-05-01
7033723,Basketball Cards 2009 Topps Chrome,Raymond Felton [Refractor Gold] #12,$100.00,,$205.59,,,,,,,,,$55.00,$110.00,,,$113.00,$226.00,,2,,,,,2009-05-01
7033722,Basketball Cards 2009 Topps Chrome,Raymond Felton [Refractor] #12,$6.64,,,,,,,,,,,$1.50,$7.29,,,,,,0,,,,,2009-05-01
7033724,Basketball Cards 2009 Topps Chrome,Raymond Felton [Superfractor] #12,,,,,,,,,,,,,,,,,,,0,,,,,2009-05-01
7033840,Basketball Cards 2009 Topps Chrome,Richard Hamilton #29,$3.95,,$9.17,$24.99,$28.37,$56.04,$73.00,$34.00,$34.00,,,$0.90,$4.39,,,$2.00,$9.99,,9,,,,,2009-05-01
7033841,Basketball Cards 2009 Topps Chrome,Richard Hamilton [Printing Plate Black] #29,,,,,,,,,,,,,,,,,,,0,,,,,2009-05-01
7033842,Basketball Cards 2009 Topps Chrome,Richard Hamilton [Printing Plate Cyan] #29,,,,,,,,,,,,,,,,,,,0,,,,,2009-05-01
7033844,Basketball Cards 2009 Topps Chrome,Richard Hamilton [Printing Plate Magenta] #29,,,,,,,,,,,,,,,,,,,0,,,,,2009-05-01
7033843,Basketball Cards 2009 Topps Chrome,Richard Hamilton [Printing Plate Yellow] #29,,,,,,,,,,,,,,,,,,,0,,,,,2009-05-01
7033846,Basketball Cards 2009 Topps Chrome,Richard Hamilton [Refractor Gold] #29,,,,,,,,,,,,,,,,,,,0,,,,,2009-05-01
7033845,Basketball Cards 2009 Topps Chrome,Richard Hamilton [Refractor] #29,$9.99,,,$40.00,$44.00,,,,,,,$2.80,$10.99,,,,,,6,,,,,2009-05-01
7033847,Basketball Cards 2009 Topps Chrome,Richard Hamilton [Superfractor] #29,,,,,,,,,,,,,,,,,,,0,,,,,2009-05-01
7034024,Basketball Cards 2009 Topps Chrome,Richard Jefferson #54,$3.65,,$11.99,$15.78,$27.72,$50.53,$66.00,$30.00,$30.00,,,$0.80,$3.99,,,$3.30,$12.99,,8,,,,,2009-05-01
7034025,Basketball Cards 2009 Topps Chrome,Richard Jefferson [Printing Plate Black] #54,,,,,,,,,,,,,,,,,,,0,,,,,2009-05-01
7034028,Basketball Cards 2009 Topps Chrome,Richard Jefferson [Printing Plate Cyan] #54,,,,,,,,,,,,,,,,,,,0,,,,,2009-05-01
7034026,Basketball Cards 2009 Topps Chrome,Richard Jefferson [Printing Plate Magenta] #54,,,,,,,,,,,,,,,,,,,0,,,,,2009-05-01
7034027,Basketball Cards 2009 Topps Chrome,Richard Jefferson [Printing Plate Yellow] #54,,,,,,,,,,,,,,,,,,,0,,,,,2009-05-01
7034030,Basketball Cards 2009 Topps Chrome,Richard Jefferson [Refractor Gold] #54,,,,,,,,,,,,,,,,,,,0,,,,,2009-05-01
7034029,Basketball Cards 2009 Topps Chrome,Richard Jefferson [Refractor] #54,$5.67,,,,,,,,,,,$1.20,$6.19,,,,,,2,,,,,2009-05-01
7034031,Basketball Cards 2009 Topps Chrome,Richard Jefferson [Superfractor] #54,,,,,,,,,,,,,,,,,,,0,,,,,2009-05-01
137548,Basketball Cards 2009 Topps Chrome,Ricky Rubio #97,$17.58,,$23.43,$34.26,$54.07,$99.99,$130.00,$60.00,$60.00,,,$4.80,$18.99,,,$7.80,$25.99,,10,,,,,2009-06-01
137549,Basketball Cards 2009 Topps Chrome,Ricky Rubio [Gold Refractor] #97,$1056.55,,$1000.00,,,,,,,,,$697.20,$1162.00,,,$660.00,$1100.00,,2,,,,,2009-06-01
7034342,Basketball Cards 2009 Topps Chrome,Ricky Rubio [Printing Plate Black] #97,,,,,,,,,,,,,,,,,,,0,,,,,2009-05-01
7034343,Basketball Cards 2009 Topps Chrome,Ricky Rubio [Printing Plate Cyan] #97,,,,,,,,,,,,,,,,,,,0,,,,,2009-05-01
7034344,Basketball Cards 2009 Topps Chrome,Ricky Rubio [Printing Plate Magenta] #97,,,,,,,,,,,,,,,,,,,0,,,,,2009-05-01
7034345,Basketball Cards 2009 Topps Chrome,Ricky Rubio [Printing Plate Yellow] #97,,,,,,,,,,,,,,,,,,,0,,,,,2009-05-01
137550,Basketball Cards 2009 Topps Chrome,Ricky Rubio [Refractor] #97,$45.00,,$46.00,$71.06,$87.00,$89.03,$116.00,$53.00,$53.00,,,$20.00,$49.99,,,$20.40,$50.99,,9,,,,,2009-06-01
7034346,Basketball Cards 2009 Topps Chrome,Ricky Rubio [Superfractor] #97,,,,,,,,,,,,,,,,,,,0,,,,,2009-05-01
7033883,Basketball Cards 2009 Topps Chrome,Ron Artest #35,$4.73,,$12.99,,,,,,,,,$1.00,$5.19,,,$3.50,$13.99,,3,,,,,2009-05-01
7033884,Basketball Cards 2009 Topps Chrome,Ron Artest [Printing Plate Black] #35,,,,,,,,,,,,,,,,,,,0,,,,,2009-05-01
7033886,Basketball Cards 2009 Topps Chrome,Ron Artest [Printing Plate Cyan] #35,$20.00,,,,,,,,,,,$6.60,$21.99,,,,,,1,,,,,2009-05-01
7033885,Basketball Cards 2009 Topps Chrome,Ron Artest [Printing Plate Magenta] #35,,,,,,,,,,,,,,,,,,,0,,,,,2009-05-01
7033887,Basketball Cards 2009 Topps Chrome,Ron Artest [Printing Plate Yellow] #35,,,,,,,,,,,,,,,,,,,0,,,,,2009-05-01
7033889,Basketball Cards 2009 Topps Chrome,Ron Artest [Refractor Gold] #35,,,,,,,,,,,,,,,,,,,0,,,,,2009-05-01
7033888,Basketball Cards 2009 Topps Chrome,Ron Artest [Refractor] #35,$9.49,,$17.04,,,,,,,,,$2.00,$9.99,,,$4.80,$18.99,,4,,,,,2009-05-01
7033890,Basketball Cards 2009 Topps Chrome,Ron Artest [Superfractor] #35,,,,,,,,,,,,,,,,,,,0,,,,,2009-05-01
7034233,Basketball Cards 2009 Topps Chrome,Rudy Fernandez #82,$2.53,,,$3.25,$4.00,,,,,,,,$2.79,,,,,,5,,,,,2009-05-01
7034234,Basketball Cards 2009 Topps Chrome,Rudy Fernandez [Printing Plate Black] #82,,,,,,,,,,,,,,,,,,,0,,,,,2009-05-01
7034235,Basketball Cards 2009 Topps Chrome,Rudy Fernandez [Printing Plate Cyan] #82,,,,,,,,,,,,,,,,,,,0,,,,,2009-05-01
7034236,Basketball Cards 2009 Topps Chrome,Rudy Fernandez [Printing Plate Magenta] #82,,,,,,,,,,,,,,,,,,,0,,,,,2009-05-01
7034237,Basketball Cards 2009 Topps Chrome,Rudy Fernandez [Printing Plate Yellow] #82,,,,,,,,,,,,,,,,,,,0,,,,,2009-05-01
7034239,Basketball Cards 2009 Topps Chrome,Rudy Fernandez [Refractor Gold] #82,$139.00,,,,,,,,,,,$76.50,$153.00,,,,,,1,,,,,2009-05-01
7034238,Basketball Cards 2009 Topps Chrome,Rudy Fernandez [Refractor] #82,$4.97,,,$35.00,$39.00,,,,,,,$1.10,$5.49,,,,,,3,,,,,2009-05-01
7034240,Basketball Cards 2009 Topps Chrome,Rudy Fernandez [Superfractor] #82,,,,,,,,,,,,,,,,,,,0,,,,,2009-05-01
7033988,Basketball Cards 2009 Topps Chrome,Rudy Gay #49,$0.99,,,,,,,,,,,,$1.09,,,,,,1,,,,,2009-05-01
7033989,Basketball Cards 2009 Topps Chrome,Rudy Gay [Printing Plate Black] #49,,,,,,,,,,,,,,,,,,,0,,,,,2009-05-01
7034419,Basketball Cards 2009 Topps Chrome,Rudy Gay [Printing Plate Cyan] #49,,,,,,,,,,,,,,,,,,,0,,,,,2009-05-01
7033990,Basketball Cards 2009 Topps Chrome,Rudy Gay [Printing Plate Magenta] #49,,,,,,,,,,,,,,,,,,,0,,,,,2009-05-01
7033991,Basketball Cards 2009 Topps Chrome,Rudy Gay [Printing Plate Yellow] #49,,,,,,,,,,,,,,,,,,,0,,,,,2009-05-01
7033993,Basketball Cards 2009 Topps Chrome,Rudy Gay [Refractor Gold] #49,$122.96,,,,,,,,,,,$67.50,$135.00,,,,,,1,,,,,2009-05-01
7033992,Basketball Cards 2009 Topps Chrome,Rudy Gay [Refractor] #49,$8.25,,$13.67,$23.03,$37.39,$76.17,$99.00,$46.00,$46.00,,,$1.80,$9.09,,,$3.80,$14.99,,6,,,,,2009-05-01
7033994,Basketball Cards 2009 Topps Chrome,Rudy Gay [Superfractor] #49,,,,,,,,,,,,,,,,,,,0,,,,,2009-05-01
137531,Basketball Cards 2009 Topps Chrome,Russell Westbrook #67,$26.43,,$25.00,$48.91,$76.85,$133.90,$174.00,$80.00,$80.00,,,$8.70,$28.99,,,$8.40,$27.99,,9,,,,,2009-06-01
137532,Basketball Cards 2009 Topps Chrome,Russell Westbrook [Gold Refractor] #67,$5.00,,$470.00,$774.96,$852.00,$1624.94,$2112.00,$975.00,$975.00,,,$1.10,$5.49,,,$310.20,$517.00,,4,,,,,2009-06-01
7034122,Basketball Cards 2009 Topps Chrome,Russell Westbrook [Printing Plate Black] #67,,,,,,,,,,,,,,,,,,,0,,,,,2009-05-01
7034123,Basketball Cards 2009 Topps Chrome,Russell Westbrook [Printing Plate Cyan] #67,,,,,,,,,,,,,,,,,,,0,,,,,2009-05-01
7034124,Basketball Cards 2009 Topps Chrome,Russell Westbrook [Printing Plate Magenta] #67,,,,,,,,,,,,,,,,,,,0,,,,,2009-05-01
7034125,Basketball Cards 2009 Topps Chrome,Russell Westbrook [Printing Plate Yellow] #67,,,,,,,,,,,,,,,,,,,0,,,,,2009-05-01
137533,Basketball Cards 2009 Topps Chrome,Russell Westbrook [Refractor] #67,$56.00,$38.00,$47.16,$135.00,$149.00,$162.00,$211.00,$97.00,$97.00,,,$24.80,$61.99,$16.80,$41.99,$20.80,$51.99,,10,,,,,2009-06-01
7034126,Basketball Cards 2009 Topps Chrome,Russell Westbrook [Superfractor] #67,,,,,,,,,,,,,,,,,,,0,,,,,2009-05-01
7033896,Basketball Cards 2009 Topps Chrome,Shane Battier #37,$2.97,,,,,,,,,,,,$3.29,,,,,,2,,,,,2009-05-01
7033897,Basketball Cards 2009 Topps Chrome,Shane Battier [Printing Plate Black] #37,,,,,,,,,,,,,,,,,,,0,,,,,2009-05-01
7033898,Basketball Cards 2009 Topps Chrome,Shane Battier [Printing Plate Cyan] #37,,,,,,,,,,,,,,,,,,,0,,,,,2009-05-01
7033899,Basketball Cards 2009 Topps Chrome,Shane Battier [Printing Plate Magenta] #37,,,,,,,,,,,,,,,,,,,0,,,,,2009-05-01
7033900,Basketball Cards 2009 Topps Chrome,Shane Battier [Printing Plate Yellow] #37,,,,,,,,,,,,,,,,,,,0,,,,,2009-05-01
7033902,Basketball Cards 2009 Topps Chrome,Shane Battier [Refractor Gold] #37,,,$150.00,,,,,,,,,,,,,$82.50,$165.00,,1,,,,,2009-05-01
7033901,Basketball Cards 2009 Topps Chrome,Shane Battier [Refractor] #37,$3.48,,,,,,,,,,,$0.80,$3.79,,,,,,2,,,,,2009-05-01
7033903,Basketball Cards 2009 Topps Chrome,Shane Battier [Superfractor] #37,,,,,,,,,,,,,,,,,,,0,,,,,2009-05-01
7034196,Basketball Cards 2009 Topps Chrome,Shaquille O'Neal #77,$22.00,,$39.99,,,,,,,,,$7.20,$23.99,,,$17.60,$43.99,,5,,,,,2009-05-01
137537,Basketball Cards 2009 Topps Chrome,Shaquille O'Neal [Gold Refractor] #77,$437.50,,$627.75,$727.50,$800.00,$2175.00,$2828.00,$1305.00,$1305.00,,,$240.50,$481.00,,,$414.60,$691.00,,4,,,,,2009-06-01
7034197,Basketball Cards 2009 Topps Chrome,Shaquille O'Neal [Printing Plate Black] #77,,,,,,,,,,,,,,,,,,,0,,,,,2009-05-01
7034198,Basketball Cards 2009 Topps Chrome,Shaquille O'Neal [Printing Plate Cyan] #77,,,,,,,,,,,,,,,,,,,0,,,,,2009-05-01
7034199,Basketball Cards 2009 Topps Chrome,Shaquille O'Neal [Printing Plate Magenta] #77,,,,,,,,,,,,,,,,,,,0,,,,,2009-05-01
7034200,Basketball Cards 2009 Topps Chrome,Shaquille O'Neal [Printing Plate Yellow] #77,,,,,,,,,,,,,,,,,,,0,,,,,2009-05-01
137538,Basketball Cards 2009 Topps Chrome,Shaquille O'Neal [Refractor] #77,$45.94,$21.88,$33.03,$103.00,$182.69,$468.32,$609.00,$281.00,$235.00,,,$20.40,$50.99,$7.20,$23.99,$14.40,$35.99,,12,,,,,2009-06-01
7034201,Basketball Cards 2009 Topps Chrome,Shaquille O'Neal [Superfractor] #77,,,,,,,,,,,,,,,,,,,0,,,,,2009-05-01
7034290,Basketball Cards 2009 Topps Chrome,Shawn Marion #90,$4.87,,$12.99,,,,,,,,,$1.10,$5.39,,,$3.50,$13.99,,3,,,,,2009-05-01
7034289,Basketball Cards 2009 Topps Chrome,Shawn Marion [Printing Plate Black] #90,,,,,,,,,,,,,,,,,,,0,,,,,2009-05-01
7034291,Basketball Cards 2009 Topps Chrome,Shawn Marion [Printing Plate Cyan] #90,,,,,,,,,,,,,,,,,,,0,,,,,2009-05-01
7034292,Basketball Cards 2009 Topps Chrome,Shawn Marion [Printing Plate Magenta] #90,,,,,,,,,,,,,,,,,,,0,,,,,2009-05-01
7034293,Basketball Cards 2009 Topps Chrome,Shawn Marion [Printing Plate Yellow] #90,,,,,,,,,,,,,,,,,,,0,,,,,2009-05-01
7034295,Basketball Cards 2009 Topps Chrome,Shawn Marion [Refractor Gold] #90,$200.00,,$140.25,,,,,,,,,$110.00,$220.00,,,$77.00,$154.00,,2,,,,,2009-05-01
7034294,Basketball Cards 2009 Topps Chrome,Shawn Marion [Refractor] #90,$4.67,,,,,,,,,,,$1.00,$5.09,,,,,,2,,,,,2009-05-01
7034296,Basketball Cards 2009 Topps Chrome,Shawn Marion [Superfractor] #90,,,,,,,,,,,,,,,,,,,0,,,,,2009-05-01
137560,Basketball Cards 2009 Topps Chrome,Stephen Curry #101,$8415.67,$7595.55,$9650.00,$13889.19,$15278.00,$31681.00,$41185.00,$19009.00,$19009.00,,,$5554.20,$9257.00,$5013.00,$8355.00,$6369.00,$10615.00,,39,,,,,2009-06-01
137561,Basketball Cards 2009 Topps Chrome,Stephen Curry [Gold Refractor] #101,$2899.31,,$3048.02,$237900.00,$261690.00,$285480.00,$371124.00,$171288.00,$171288.00,,,$1913.40,$3189.00,,,$2011.80,$3353.00,,9,,,,,2009-06-01
7034360,Basketball Cards 2009 Topps Chrome,Stephen Curry [Printing Plate Black] #101,,,,,,,,,,,,,,,,,,,0,,,,,2009-05-01
7034361,Basketball Cards 2009 Topps Chrome,Stephen Curry [Printing Plate Cyan] #101,,,,,,,,,,,,,,,,,,,0,,,,,2009-05-01
7034362,Basketball Cards 2009 Topps Chrome,Stephen Curry [Printing Plate Magenta] #101,,,,,,,,,,,,,,,,,,,0,,,,,2009-05-01
7034423,Basketball Cards 2009 Topps Chrome,Stephen Curry [Printing Plate Yellow] #101,,,,,,,,,,,,,,,,,,,0,,,,,2009-05-01
137562,Basketball Cards 2009 Topps Chrome,Stephen Curry [Refractor] #101,$9099.99,$11631.00,$14539.12,$25000.00,$27500.00,$103200.00,$134160.00,$61920.00,$61920.00,,,$6006.00,$10010.00,$7676.40,$12794.00,$9595.80,$15993.00,,12,,,,,2009-06-01
7034363,Basketball Cards 2009 Topps Chrome,Stephen Curry [Superfractor] #101,,,,,,,,,,,,,,,,,,,0,,,,,2009-05-01
7034210,Basketball Cards 2009 Topps Chrome,Steve Nash #79,$4.99,,$8.51,$49.99,$55.00,,,,,,,$1.10,$5.49,,,$1.90,$9.39,,7,,,,,2009-05-01
137539,Basketball Cards 2009 Topps Chrome,Steve Nash [Gold Refractor] #79,$18.50,$22.00,,,,$154.80,$201.00,$93.00,$93.00,,,$5.00,$19.99,$7.20,$23.99,,,,4,,,,,2009-06-01
7034211,Basketball Cards 2009 Topps Chrome,Steve Nash [Printing Plate Black] #79,,,,,,,,,,,,,,,,,,,0,,,,,2009-05-01
7034212,Basketball Cards 2009 Topps Chrome,Steve Nash [Printing Plate Cyan] #79,,,,,,,,,,,,,,,,,,,0,,,,,2009-05-01
7034213,Basketball Cards 2009 Topps Chrome,Steve Nash [Printing Plate Magenta] #79,,,,,,,,,,,,,,,,,,,0,,,,,2009-05-01
7034214,Basketball Cards 2009 Topps Chrome,Steve Nash [Printing Plate Yellow] #79,,,,,,,,,,,,,,,,,,,0,,,,,2009-05-01
7034215,Basketball Cards 2009 Topps Chrome,Steve Nash [Refractor Gold] #79,$440.00,,$440.00,$484.00,$532.00,,,,,,,$242.00,$484.00,,,$242.00,$484.00,,3,,,,,2009-05-01
137540,Basketball Cards 2009 Topps Chrome,Steve Nash [Refractor] #79,$22.14,,$38.00,$65.00,$72.00,$158.50,$206.00,$95.00,$95.00,,,$7.20,$23.99,,,$16.80,$41.99,,6,,,,,2009-06-01
7034216,Basketball Cards 2009 Topps Chrome,Steve Nash [Superfractor] #79,,,,,,,,,,,,,,,,,,,0,,,,,2009-05-01
7033912,Basketball Cards 2009 Topps Chrome,T.J. Ford #39,$3.30,,$8.48,$19.99,$26.99,$48.61,$63.00,$29.00,$29.00,,,,$3.59,,,$1.90,$9.29,,7,,,,,2009-05-01
7033916,Basketball Cards 2009 Topps Chrome,T.J. Ford [Printing Plate Black] #39,,,,,,,,,,,,,,,,,,,0,,,,,2009-05-01
7033913,Basketball Cards 2009 Topps Chrome,T.J. Ford [Printing Plate Cyan] #39,,,,,,,,,,,,,,,,,,,0,,,,,2009-05-01
7033914,Basketball Cards 2009 Topps Chrome,T.J. Ford [Printing Plate Magenta] #39,,,,,,,,,,,,,,,,,,,0,,,,,2009-05-01
7033915,Basketball Cards 2009 Topps Chrome,T.J. Ford [Printing Plate Yellow] #39,,,,,,,,,,,,,,,,,,,0,,,,,2009-05-01
7033918,Basketball Cards 2009 Topps Chrome,T.J. Ford [Refractor Gold] #39,$125.00,,,,,,,,,,,$69.00,$138.00,,,,,,1,,,,,2009-05-01
7033917,Basketball Cards 2009 Topps Chrome,T.J. Ford [Refractor] #39,$1.96,,,,,,,,,,,,$2.19,,,,,,2,,,,,2009-05-01
7033919,Basketball Cards 2009 Topps Chrome,T.J. Ford [Superfractor] #39,,,,,,,,,,,,,,,,,,,0,,,,,2009-05-01
7033848,Basketball Cards 2009 Topps Chrome,Tayshaun Prince #30,$3.57,,,$19.99,$22.00,,,,,,,$0.80,$3.89,,,,,,6,,,,,2009-05-01
137513,Basketball Cards 2009 Topps Chrome,Tayshaun Prince Refractor #30,$12.37,,,,,,,,,,,$3.50,$13.99,,,,,,3,,,,,2009-06-01
7033849,Basketball Cards 2009 Topps Chrome,Tayshaun Prince [Printing Plate Black] #30,,,,,,,,,,,,,,,,,,,0,,,,,2009-05-01
7033852,Basketball Cards 2009 Topps Chrome,Tayshaun Prince [Printing Plate Cyan] #30,,,,,,,,,,,,,,,,,,,0,,,,,2009-05-01
7033850,Basketball Cards 2009 Topps Chrome,Tayshaun Prince [Printing Plate Magenta] #30,,,,,,,,,,,,,,,,,,,0,,,,,2009-05-01
7033851,Basketball Cards 2009 Topps Chrome,Tayshaun Prince [Printing Plate Yellow] #30,$19.00,,,,,,,,,,,$6.30,$20.99,,,,,,1,,,,,2009-05-01
7033853,Basketball Cards 2009 Topps Chrome,Tayshaun Prince [Refractor Gold] #30,,,,,,,,,,,,,,,,,,,0,,,,,2009-05-01
7033854,Basketball Cards 2009 Topps Chrome,Tayshaun Prince [Superfractor] #30,,,,,,,,,,,,,,,,,,,0,,,,,2009-05-01
137575,Basketball Cards 2009 Topps Chrome,Terrence Williams #109,$2.00,,,$9.99,$11.00,$27.05,$35.00,$16.00,$16.00,,,,$2.19,,,,,,4,,,,,2009-06-01
7034405,Basketball Cards 2009 Topps Chrome,Terrence Williams [Printing Plate Black] #109,,,,,,,,,,,,,,,,,,,0,,,,,2009-05-01
7034407,Basketball Cards 2009 Topps Chrome,Terrence Williams [Printing Plate Cyan] #109,,,,,,,,,,,,,,,,,,,0,,,,,2009-05-01
7034406,Basketball Cards 2009 Topps Chrome,Terrence Williams [Printing Plate Magenta] #109,,,,,,,,,,,,,,,,,,,0,,,,,2009-05-01
7034408,Basketball Cards 2009 Topps Chrome,Terrence Williams [Printing Plate Yellow] #109,,,,,,,,,,,,,,,,,,,0,,,,,2009-05-01
7034409,Basketball Cards 2009 Topps Chrome,Terrence Williams [Refractor Gold] #109,$149.99,,$224.50,,,,,,,,,$82.50,$165.00,,,$123.50,$247.00,,3,,,,,2009-05-01
137576,Basketball Cards 2009 Topps Chrome,Terrence Williams [Refractor] #109,$5.50,,,$20.00,$22.00,,,,,,,$1.20,$6.09,,,,,,2,,,,,2009-06-01
7034410,Basketball Cards 2009 Topps Chrome,Terrence Williams [Superfractor] #109,,,,,,,,,,,,,,,,,,,0,,,,,2009-05-01
7034180,Basketball Cards 2009 Topps Chrome,Thaddeus Young #75,$3.50,,,,,,,,,,,$0.80,$3.89,,,,,,4,,,,,2009-05-01
7034181,Basketball Cards 2009 Topps Chrome,Thaddeus Young [Printing Plate Black] #75,,,,,,,,,,,,,,,,,,,0,,,,,2009-05-01
7034182,Basketball Cards 2009 Topps Chrome,Thaddeus Young [Printing Plate Cyan] #75,,,,,,,,,,,,,,,,,,,0,,,,,2009-05-01
7034183,Basketball Cards 2009 Topps Chrome,Thaddeus Young [Printing Plate Magenta] #75,,,,,,,,,,,,,,,,,,,0,,,,,2009-05-01
7034184,Basketball Cards 2009 Topps Chrome,Thaddeus Young [Printing Plate Yellow] #75,,,,,,,,,,,,,,,,,,,0,,,,,2009-05-01
7034186,Basketball Cards 2009 Topps Chrome,Thaddeus Young [Refractor Gold] #75,$30.00,,,,,,,,,,,$9.90,$32.99,,,,,,1,,,,,2009-05-01
7034185,Basketball Cards 2009 Topps Chrome,Thaddeus Young [Refractor] #75,$4.99,,,,,,,,,,,$1.10,$5.49,,,,,,4,,,,,2009-05-01
7034187,Basketball Cards 2009 Topps Chrome,Thaddeus Young [Superfractor] #75,,,,,,,,,,,,,,,,,,,0,,,,,2009-05-01
7034263,Basketball Cards 2009 Topps Chrome,Tim Duncan #86,$8.72,,,$51.62,$57.00,,,,,,,$1.90,$9.59,,,,,,7,,,,,2009-05-01
137542,Basketball Cards 2009 Topps Chrome,Tim Duncan Refractor #86,$38.00,,$69.62,$147.38,$162.00,$346.13,$450.00,$208.00,$208.00,,,$16.80,$41.99,,,$30.80,$76.99,,12,,,,,2009-06-01
3268468,Basketball Cards 2009 Topps Chrome,Tim Duncan [Gold Refractor] #86,$637.00,,$1100.00,$1210.00,$1331.00,,,,,,,$420.60,$701.00,,,$726.00,$1210.00,,4,,,,,
7034264,Basketball Cards 2009 Topps Chrome,Tim Duncan [Printing Plate Black] #86,,,,,,,,,,,,,,,,,,,0,,,,,2009-05-01
7034265,Basketball Cards 2009 Topps Chrome,Tim Duncan [Printing Plate Cyan] #86,,,,,,,,,,,,,,,,,,,0,,,,,2009-05-01
7034266,Basketball Cards 2009 Topps Chrome,Tim Duncan [Printing Plate Magenta] #86,,,,,,,,,,,,,,,,,,,0,,,,,2009-05-01
7034267,Basketball Cards 2009 Topps Chrome,Tim Duncan [Printing Plate Yellow] #86,$79.21,,,,,,,,,,,$34.80,$86.99,,,,,,1,,,,,2009-05-01
7034268,Basketball Cards 2009 Topps Chrome,Tim Duncan [Superfractor] #86,,,,,,,,,,,,,,,,,,,0,,,,,2009-05-01
137541,Basketball Cards 2009 Topps Chrome,Tony Parker #85,$11.71,$23.98,,$58.48,$64.00,,,,,,,$3.30,$12.99,$7.80,$25.99,,,,7,,,,,2009-06-01
7034255,Basketball Cards 2009 Topps Chrome,Tony Parker [Printing Plate Black] #85,,,,,,,,,,,,,,,,,,,0,,,,,2009-05-01
7034257,Basketball Cards 2009 Topps Chrome,Tony Parker [Printing Plate Cyan] #85,,,,,,,,,,,,,,,,,,,0,,,,,2009-05-01
7034259,Basketball Cards 2009 Topps Chrome,Tony Parker [Printing Plate Magenta] #85,,,,,,,,,,,,,,,,,,,0,,,,,2009-05-01
7034258,Basketball Cards 2009 Topps Chrome,Tony Parker [Printing Plate Yellow] #85,,,,,,,,,,,,,,,,,,,0,,,,,2009-05-01
7034261,Basketball Cards 2009 Topps Chrome,Tony Parker [Refractor Gold] #85,$521.88,,,,,,,,,,,$344.40,$574.00,,,,,,1,,,,,2009-05-01
7034260,Basketball Cards 2009 Topps Chrome,Tony Parker [Refractor] #85,$14.11,,,,,,,,,,,$4.00,$15.99,,,,,,4,,,,,2009-05-01
7034262,Basketball Cards 2009 Topps Chrome,Tony Parker [Superfractor] #85,,,,,,,,,,,,,,,,,,,0,,,,,2009-05-01
137518,Basketball Cards 2009 Topps Chrome,Tracy McGrady #36,$11.32,,,,,$63.00,$82.00,$38.00,$38.00,,,$3.00,$11.99,,,,,,5,,,,,2009-06-01
137519,Basketball Cards 2009 Topps Chrome,Tracy McGrady [Gold Refractor] #36,$639.00,,,,,,,,,,,$421.80,$703.00,,,,,,1,,,,,2009-06-01
7033891,Basketball Cards 2009 Topps Chrome,Tracy McGrady [Printing Plate Black] #36,,,,,,,,,,,,,,,,,,,0,,,,,2009-05-01
7033892,Basketball Cards 2009 Topps Chrome,Tracy McGrady [Printing Plate Cyan] #36,,,,,,,,,,,,,,,,,,,0,,,,,2009-05-01
7033893,Basketball Cards 2009 Topps Chrome,Tracy McGrady [Printing Plate Magenta] #36,,,,,,,,,,,,,,,,,,,0,,,,,2009-05-01
7033894,Basketball Cards 2009 Topps Chrome,Tracy McGrady [Printing Plate Yellow] #36,,,,,,,,,,,,,,,,,,,0,,,,,2009-05-01
137520,Basketball Cards 2009 Topps Chrome,Tracy McGrady [Refractor] #36,$19.99,,$39.99,$42.33,$47.00,,,,,,,$6.60,$21.99,,,$17.60,$43.99,,6,,,,,2009-06-01
7033895,Basketball Cards 2009 Topps Chrome,Tracy McGrady [Superfractor] #36,,,,,,,,,,,,,,,,,,,0,,,,,2009-05-01
7033920,Basketball Cards 2009 Topps Chrome,Troy Murphy #40,$2.59,,,$19.99,$22.00,,,,,,,,$2.89,,,,,,2,,,,,2009-05-01
7033921,Basketball Cards 2009 Topps Chrome,Troy Murphy [Printing Plate Black] #40,,,,,,,,,,,,,,,,,,,0,,,,,2009-05-01
7033922,Basketball Cards 2009 Topps Chrome,Troy Murphy [Printing Plate Cyan] #40,,,,,,,,,,,,,,,,,,,0,,,,,2009-05-01
7033924,Basketball Cards 2009 Topps Chrome,Troy Murphy [Printing Plate Magenta] #40,,,,,,,,,,,,,,,,,,,0,,,,,2009-05-01
7033923,Basketball Cards 2009 Topps Chrome,Troy Murphy [Printing Plate Yellow] #40,,,,,,,,,,,,,,,,,,,0,,,,,2009-05-01
7033926,Basketball Cards 2009 Topps Chrome,Troy Murphy [Refractor Gold] #40,$202.50,,,,,,,,,,,$111.50,$223.00,,,,,,1,,,,,2009-05-01
7033925,Basketball Cards 2009 Topps Chrome,Troy Murphy [Refractor] #40,$3.99,,$25.00,,,,,,,,,$0.90,$4.39,,,$8.40,$27.99,,4,,,,,2009-05-01
7033927,Basketball Cards 2009 Topps Chrome,Troy Murphy [Superfractor] #40,,,,,,,,,,,,,,,,,,,0,,,,,2009-05-01
137573,Basketball Cards 2009 Topps Chrome,Tyler Hansbrough #108,$12.37,,,$57.85,$64.00,$1125.00,$1463.00,$675.00,$675.00,,,$3.50,$13.99,,,,,,5,,,,,2009-06-01
7034399,Basketball Cards 2009 Topps Chrome,Tyler Hansbrough [Printing Plate Black] #108,,,,,,,,,,,,,,,,,,,0,,,,,2009-05-01
7034400,Basketball Cards 2009 Topps Chrome,Tyler Hansbrough [Printing Plate Cyan] #108,,,,,,,,,,,,,,,,,,,0,,,,,2009-05-01
7034401,Basketball Cards 2009 Topps Chrome,Tyler Hansbrough [Printing Plate Magenta] #108,,,,,,,,,,,,,,,,,,,0,,,,,2009-05-01
7034402,Basketball Cards 2009 Topps Chrome,Tyler Hansbrough [Printing Plate Yellow] #108,,,,,,,,,,,,,,,,,,,0,,,,,2009-05-01
7034403,Basketball Cards 2009 Topps Chrome,Tyler Hansbrough [Refractor Gold] #108,,,$400.00,$500.00,$550.00,,,,,,,,,,,$220.00,$440.00,,2,,,,,2009-05-01
137574,Basketball Cards 2009 Topps Chrome,Tyler Hansbrough [Refractor] #108,$50.00,,$33.78,$37.00,$61.90,,,,,,,$22.00,$54.99,,,$14.80,$36.99,,7,,,,,2009-06-01
7034404,Basketball Cards 2009 Topps Chrome,Tyler Hansbrough [Superfractor] #108,,,,,,,,,,,,,,,,,,,0,,,,,2009-05-01
137570,Basketball Cards 2009 Topps Chrome,Tyreke Evans #107,$6.29,,$11.60,$21.49,$31.16,$74.27,$97.00,$45.00,$45.00,,,$1.40,$6.89,,,$3.30,$12.99,,9,,,,,2009-06-01
137571,Basketball Cards 2009 Topps Chrome,Tyreke Evans [Gold Refractor] #107,$170.50,,,$338.00,$372.00,,,,,,,$94.00,$188.00,,,,,,2,,,,,2009-06-01
7034394,Basketball Cards 2009 Topps Chrome,Tyreke Evans [Printing Plate Black] #107,,,,,,,,,,,,,,,,,,,0,,,,,2009-05-01
7034396,Basketball Cards 2009 Topps Chrome,Tyreke Evans [Printing Plate Cyan] #107,,,,,,,,,,,,,,,,,,,0,,,,,2009-05-01
7034395,Basketball Cards 2009 Topps Chrome,Tyreke Evans [Printing Plate Magenta] #107,,,,,,,,,,,,,,,,,,,0,,,,,2009-05-01
7034397,Basketball Cards 2009 Topps Chrome,Tyreke Evans [Printing Plate Yellow] #107,,,,,,,,,,,,,,,,,,,0,,,,,2009-05-01
137572,Basketball Cards 2009 Topps Chrome,Tyreke Evans [Refractor] #107,$7.04,,$9.99,$32.75,$70.43,$149.99,$195.00,$90.00,$90.00,,,$1.50,$7.69,,,$2.80,$10.99,,8,,,,,2009-06-01
7034398,Basketball Cards 2009 Topps Chrome,Tyreke Evans [Superfractor] #107,,,,,,,,,,,,,,,,,,,0,,,,,2009-05-01
7034071,Basketball Cards 2009 Topps Chrome,Vince Carter #60,$9.99,,$15.53,$25.85,$41.15,$86.32,$112.00,$52.00,$52.00,,,$2.80,$10.99,,,$4.30,$16.99,,7,,,,,2009-05-01
137528,Basketball Cards 2009 Topps Chrome,Vince Carter Refractor #60,$27.66,,$36.83,$66.01,$73.00,,,,,,,$9.00,$29.99,,,$16.40,$40.99,,7,,,,,2009-06-01
3397380,Basketball Cards 2009 Topps Chrome,Vince Carter [Gold Refractor] #60,$525.00,,,$671.00,$738.00,$805.00,$1047.00,$483.00,$483.00,,,$346.80,$578.00,,,,,,3,,,,,
7034072,Basketball Cards 2009 Topps Chrome,Vince Carter [Printing Plate Black] #60,,,,,,,,,,,,,,,,,,,0,,,,,2009-05-01
7034073,Basketball Cards 2009 Topps Chrome,Vince Carter [Printing Plate Cyan] #60,,,,,,,,,,,,,,,,,,,0,,,,,2009-05-01
7034074,Basketball Cards 2009 Topps Chrome,Vince Carter [Printing Plate Magenta] #60,$3.99,,,,,,,,,,,$0.90,$4.39,,,,,,1,,,,,2009-05-01
7034075,Basketball Cards 2009 Topps Chrome,Vince Carter [Printing Plate Yellow] #60,,,,,,,,,,,,,,,,,,,0,,,,,2009-05-01
7034076,Basketball Cards 2009 Topps Chrome,Vince Carter [Superfractor] #60,,,,,,,,,,,,,,,,,,,0,,,,,2009-05-01
7033875,Basketball Cards 2009 Topps Chrome,Yao Ming #34,$5.00,,,,,,,,,,,$1.10,$5.49,,,,,,3,,,,,2009-05-01
137516,Basketball Cards 2009 Topps Chrome,Yao Ming [Gold Refractor] #34,$988.00,,$538.41,$877.42,$965.00,,,,,,,$652.20,$1087.00,,,$355.20,$592.00,,3,,,,,2009-06-01
7033876,Basketball Cards 2009 Topps Chrome,Yao Ming [Printing Plate Black] #34,,,,,,,,,,,,,,,,,,,0,,,,,2009-05-01
7033878,Basketball Cards 2009 Topps Chrome,Yao Ming [Printing Plate Cyan] #34,,,,,,,,,,,,,,,,,,,0,,,,,2009-05-01
7033879,Basketball Cards 2009 Topps Chrome,Yao Ming [Printing Plate Magenta] #34,,,,,,,,,,,,,,,,,,,0,,,,,2009-05-01
7033880,Basketball Cards 2009 Topps Chrome,Yao Ming [Printing Plate Yellow] #34,,,,,,,,,,,,,,,,,,,0,,,,,2009-05-01
7033881,Basketball Cards 2009 Topps Chrome,Yao Ming [Refractor Gold] #34,,,,$810.00,$891.00,,,,,,,,,,,,,,1,,,,,2009-05-01
137517,Basketball Cards 2009 Topps Chrome,Yao Ming [Refractor] #34,$31.46,,$30.00,$57.35,$63.00,,,,,,,$10.50,$34.99,,,$9.90,$32.99,,7,,,,,2009-06-01
7033882,Basketball Cards 2009 Topps Chrome,Yao Ming [Superfractor] #34,,,,,,,,,,,,,,,,,,,0,,,,,2009-05-01
7034420,Basketball Cards 2009 Topps Chrome,Yi Jianlian #62,$9.49,,,,,,,,,,,$2.00,$9.99,,,,,,2,,,,,2009-05-01
7034085,Basketball Cards 2009 Topps Chrome,Yi Jianlian [Printing Plate Black] #62,,,,,,,,,,,,,,,,,,,0,,,,,2009-05-01
7034086,Basketball Cards 2009 Topps Chrome,Yi Jianlian [Printing Plate Cyan] #62,,,,,,,,,,,,,,,,,,,0,,,,,2009-05-01
7034087,Basketball Cards 2009 Topps Chrome,Yi Jianlian [Printing Plate Magenta] #62,,,,,,,,,,,,,,,,,,,0,,,,,2009-05-01
7034088,Basketball Cards 2009 Topps Chrome,Yi Jianlian [Printing Plate Yellow] #62,,,,,,,,,,,,,,,,,,,0,,,,,2009-05-01
7034090,Basketball Cards 2009 Topps Chrome,Yi Jianlian [Refractor Gold] #62,$289.00,$224.50,,,,,,,,,,$159.00,$318.00,$123.50,$247.00,,,,2,,,,,2009-05-01
7034089,Basketball Cards 2009 Topps Chrome,Yi Jianlian [Refractor] #62,$1.25,,,,,,,,,,,,$1.39,,,,,,3,,,,,2009-05-01
7034091,Basketball Cards 2009 Topps Chrome,Yi Jianlian [Superfractor] #62,,,,,,,,,,,,,,,,,,,0,,,,,2009-05-01
