id,console-name,product-name,loose-price,cib-price,new-price,graded-price,box-only-price,manual-only-price,bgs-10-price,condition-17-price,condition-18-price,gamestop-price,gamestop-trade-price,retail-loose-buy,retail-loose-sell,retail-cib-buy,retail-cib-sell,retail-new-buy,retail-new-sell,upc,sales-volume,genre,tcg-id,asin,epid,release-date
2840355,Basketball Cards 2016 Panini Prizm,A.J. Hammons #159,,,,,,,,,,,,,,,,,,,0,,,,,2016-11-09
12351559,Basketball Cards 2016 Panini Prizm,A.J. Hammons [5th Anniversary Mojo] #159,,,,,,,,,,,,,,,,,,,0,,,,,2016-11-09
2843368,Basketball Cards 2016 Panini Prizm,A.J. Hammons [5th Anniversary Prizm] #159,$5.96,,,,,,,,,,,$1.30,$6.59,,,,,,1,,,,,2016-11-09
12351275,Basketball Cards 2016 Panini Prizm,A.J. Hammons [Black Prizm] #159,,,,,,,,,,,,,,,,,,,0,,,,,2016-11-09
2841579,Basketball Cards 2016 Panini Prizm,A.J. Hammons [Blue Wave Prizm] #159,$0.25,,,,,,,,,,,,$0.99,,,,,,0,,,,,2016-11-09
2843105,Basketball Cards 2016 Panini Prizm,A.J. Hammons [Gold Prizm] #159,$11.50,,,,,,,,,,,$3.30,$12.99,,,,,,1,,,,,2016-11-09
2840602,Basketball Cards 2016 Panini Prizm,A.J. Hammons [Green Prizm] #159,$0.25,,,,,,,,,,,,$0.99,,,,,,0,,,,,2016-11-09
2842604,Basketball Cards 2016 Panini Prizm,A.J. Hammons [Mojo Prizm] #159,$5.80,,,,,,,,,,,$1.30,$6.39,,,,,,0,,,,,2016-11-09
2842087,Basketball Cards 2016 Panini Prizm,A.J. Hammons [Orange Prizm] #159,$0.99,,,,,,,,,,,,$1.09,,,,,,1,,,,,2016-11-09
2842347,Basketball Cards 2016 Panini Prizm,A.J. Hammons [Orange Wave Prizm] #159,$3.99,,,,,,,,,,,$0.90,$4.39,,,,,,1,,,,,2016-11-09
2841833,Basketball Cards 2016 Panini Prizm,A.J. Hammons [Purple Prizm] #159,$3.42,,,,,,,,,,,$0.80,$3.79,,,,,,0,,,,,2016-11-09
2841323,Basketball Cards 2016 Panini Prizm,A.J. Hammons [Ruby Wave Prizm] #159,,,,,,,,,,,,,,,,,,,0,,,,,2016-11-09
2840831,Basketball Cards 2016 Panini Prizm,A.J. Hammons [Silver Prizm] #159,$1.99,,,,,,,,,,,,$2.19,,,,,,1,,,,,2016-11-09
2841068,Basketball Cards 2016 Panini Prizm,A.J. Hammons [Starburst Prizm] #159,$2.25,,,,,,,,,,,,$2.49,,,,,,1,,,,,2016-11-09
2842852,Basketball Cards 2016 Panini Prizm,A.J. Hammons [Teal Wave Prizm] #159,$6.00,,,,,,,,,,,$1.30,$6.59,,,,,,1,,,,,2016-11-09
2840340,Basketball Cards 2016 Panini Prizm,Aaron Gordon #143,$0.99,,,,,,,,,,,,$1.09,,,,,,1,,,,,2016-11-09
12351536,Basketball Cards 2016 Panini Prizm,Aaron Gordon [5th Anniversary Mojo] #143,,,,,,,,,,,,,,,,,,,0,,,,,2016-11-09
2843353,Basketball Cards 2016 Panini Prizm,Aaron Gordon [5th Anniversary Prizm] #143,$29.35,,,,,,,,,,,$9.60,$31.99,,,,,,1,,,,,2016-11-09
12351243,Basketball Cards 2016 Panini Prizm,Aaron Gordon [Black Prizm] #143,,,,,,,,,,,,,,,,,,,0,,,,,2016-11-09
2841564,Basketball Cards 2016 Panini Prizm,Aaron Gordon [Blue Wave Prizm] #143,$3.36,,,$1.42,$2.00,$21.80,$28.00,$13.00,$13.00,,,,$3.69,,,,,,3,,,,,2016-11-09
2843089,Basketball Cards 2016 Panini Prizm,Aaron Gordon [Gold Prizm] #143,,,,,,,,,,,,,,,,,,,0,,,,,2016-11-09
2840586,Basketball Cards 2016 Panini Prizm,Aaron Gordon [Green Prizm] #143,$1.75,,,,,,,,,,,,$1.89,,,,,,1,,,,,2016-11-09
2842588,Basketball Cards 2016 Panini Prizm,Aaron Gordon [Mojo Prizm] #143,,,,,,,,,,,,,,,,,,,0,,,,,2016-11-09
2842073,Basketball Cards 2016 Panini Prizm,Aaron Gordon [Orange Prizm] #143,$7.99,,,,,,,,,,,$1.80,$8.79,,,,,,1,,,,,2016-11-09
2842332,Basketball Cards 2016 Panini Prizm,Aaron Gordon [Orange Wave Prizm] #143,$14.34,,,,,,,,,,,$4.00,$15.99,,,,,,1,,,,,2016-11-09
2841820,Basketball Cards 2016 Panini Prizm,Aaron Gordon [Purple Prizm] #143,$2.42,,,,,,,,,,,,$2.69,,,,,,1,,,,,2016-11-09
2841307,Basketball Cards 2016 Panini Prizm,Aaron Gordon [Ruby Wave Prizm] #143,$1.98,,,,,,,,,,,,$2.19,,,,,,1,,,,,2016-11-09
127988,Basketball Cards 2016 Panini Prizm,Aaron Gordon [Silver Prizm] #143,$1.50,,,,,,,,,,,,$1.69,,,,,,1,,,,,2016-11-09
2841053,Basketball Cards 2016 Panini Prizm,Aaron Gordon [Starburst Prizm] #143,$1.06,,,,,,,,,,,,$1.19,,,,,,1,,,,,2016-11-09
127989,Basketball Cards 2016 Panini Prizm,Aaron Gordon [Teal Wave Prizm] #143,$103.74,,,,,$70.00,$91.00,$42.00,$42.00,,,$57.00,$114.00,,,,,,1,,,,,2016-11-09
2840300,Basketball Cards 2016 Panini Prizm,Aaron Harrison #98,$1.44,,,,,,,,,,,,$1.59,,,,,,1,,,,,2016-11-09
12351575,Basketball Cards 2016 Panini Prizm,Aaron Harrison [5th Anniversary Mojo] #98,,,,,,,,,,,,,,,,,,,0,,,,,2016-11-09
2843311,Basketball Cards 2016 Panini Prizm,Aaron Harrison [5th Anniversary Prizm] #98,,,,,,,,,,,,,,,,,,,0,,,,,2016-11-09
12351198,Basketball Cards 2016 Panini Prizm,Aaron Harrison [Black Prizm] #98,,,,,,,,,,,,,,,,,,,0,,,,,2016-11-09
2841527,Basketball Cards 2016 Panini Prizm,Aaron Harrison [Blue Wave Prizm] #98,$2.12,,,,,,,,,,,,$2.29,,,,,,1,,,,,2016-11-09
2843051,Basketball Cards 2016 Panini Prizm,Aaron Harrison [Gold Prizm] #98,$29.29,,,,,,,,,,,$9.60,$31.99,,,,,,1,,,,,2016-11-09
2840548,Basketball Cards 2016 Panini Prizm,Aaron Harrison [Green Prizm] #98,$1.50,,,,,,,,,,,,$1.69,,,,,,1,,,,,2016-11-09
2842549,Basketball Cards 2016 Panini Prizm,Aaron Harrison [Mojo Prizm] #98,$6.22,,,,,,,,,,,$1.40,$6.79,,,,,,1,,,,,2016-11-09
2842036,Basketball Cards 2016 Panini Prizm,Aaron Harrison [Orange Prizm] #98,$1.40,,,,,,,,,,,,$1.49,,,,,,1,,,,,2016-11-09
2842291,Basketball Cards 2016 Panini Prizm,Aaron Harrison [Orange Wave Prizm] #98,,,,,,,,,,,,,,,,,,,0,,,,,2016-11-09
2841782,Basketball Cards 2016 Panini Prizm,Aaron Harrison [Purple Prizm] #98,$2.00,,,,,,,,,,,,$2.19,,,,,,1,,,,,2016-11-09
2841264,Basketball Cards 2016 Panini Prizm,Aaron Harrison [Ruby Wave Prizm] #98,$0.99,,,,,,,,,,,,$1.09,,,,,,1,,,,,2016-11-09
2840785,Basketball Cards 2016 Panini Prizm,Aaron Harrison [Silver Prizm] #98,$0.99,,,,,,,,,,,,$1.09,,,,,,1,,,,,2016-11-09
2841015,Basketball Cards 2016 Panini Prizm,Aaron Harrison [Starburst Prizm] #98,$1.60,,,,,,,,,,,,$1.79,,,,,,1,,,,,2016-11-09
2842800,Basketball Cards 2016 Panini Prizm,Aaron Harrison [Teal Wave Prizm] #98,$8.30,,,,,,,,,,,$1.80,$9.09,,,,,,1,,,,,2016-11-09
127820,Basketball Cards 2016 Panini Prizm,Al Horford #41,$1.48,,,,,,,,,,,,$1.59,,,,,,2,,,,,2016-11-09
12351454,Basketball Cards 2016 Panini Prizm,Al Horford [5th Anniversary Mojo] #41,,,,,,,,,,,,,,,,,,,0,,,,,2016-11-09
2843257,Basketball Cards 2016 Panini Prizm,Al Horford [5th Anniversary Prizm] #41,,,,,,,,,,,,,,,,,,,0,,,,,2016-11-09
12351132,Basketball Cards 2016 Panini Prizm,Al Horford [Black Prizm] #41,,,,,,,,,,,,,,,,,,,0,,,,,2016-11-09
2841476,Basketball Cards 2016 Panini Prizm,Al Horford [Blue Wave Prizm] #41,$1.80,,,,,,,,,,,,$1.99,,,,,,1,,,,,2016-11-09
127821,Basketball Cards 2016 Panini Prizm,Al Horford [Gold Prizm] #41,,,,,,,,,,,,,,,,,,,0,,,,,2016-11-09
127822,Basketball Cards 2016 Panini Prizm,Al Horford [Green Prizm] #41,$2.43,,,,,,,,,,,,$2.69,,,,,,1,,,,,2016-11-09
2842499,Basketball Cards 2016 Panini Prizm,Al Horford [Mojo Prizm] #41,,,,,,,,,,,,,,,,,,,0,,,,,2016-11-09
2841986,Basketball Cards 2016 Panini Prizm,Al Horford [Orange Prizm] #41,$3.76,,,,,,,,,,,$0.80,$4.09,,,,,,1,,,,,2016-11-09
2842239,Basketball Cards 2016 Panini Prizm,Al Horford [Orange Wave Prizm] #41,$14.99,,,,,$13.50,$18.00,$8.00,$8.00,,,$4.00,$15.99,,,,,,2,,,,,2016-11-09
2841731,Basketball Cards 2016 Panini Prizm,Al Horford [Purple Prizm] #41,$3.42,,,,,,,,,,,$0.80,$3.79,,,,,,1,,,,,2016-11-09
2841213,Basketball Cards 2016 Panini Prizm,Al Horford [Ruby Wave Prizm] #41,$2.53,,,,,,,,,,,,$2.79,,,,,,1,,,,,2016-11-09
127823,Basketball Cards 2016 Panini Prizm,Al Horford [Silver Prizm] #41,$1.99,,,,,,,,,,,,$2.19,,,,,,2,,,,,2016-11-09
2840967,Basketball Cards 2016 Panini Prizm,Al Horford [Starburst Prizm] #41,$2.34,,,,,,,,,,,,$2.59,,,,,,1,,,,,2016-11-09
127824,Basketball Cards 2016 Panini Prizm,Al Horford [Teal Wave Prizm] #41,,,,,,$28.99,$38.00,$17.00,$17.00,,,,,,,,,,1,,,,,2016-11-09
2840377,Basketball Cards 2016 Panini Prizm,Al Jefferson #184,$0.76,,,,,,,,,,,,$0.99,,,,,,1,,,,,2016-11-09
12351595,Basketball Cards 2016 Panini Prizm,Al Jefferson [5th Anniversary Mojo] #184,,,,,,,,,,,,,,,,,,,0,,,,,2016-11-09
2843391,Basketball Cards 2016 Panini Prizm,Al Jefferson [5th Anniversary Prizm] #184,$6.29,,,,,,,,,,,$1.40,$6.89,,,,,,1,,,,,2016-11-09
12351321,Basketball Cards 2016 Panini Prizm,Al Jefferson [Black Prizm] #184,,,,,,,,,,,,,,,,,,,0,,,,,2016-11-09
2841602,Basketball Cards 2016 Panini Prizm,Al Jefferson [Blue Wave Prizm] #184,$2.28,,,,,,,,,,,,$2.49,,,,,,1,,,,,2016-11-09
2843127,Basketball Cards 2016 Panini Prizm,Al Jefferson [Gold Prizm] #184,,,,,,,,,,,,,,,,,,,0,,,,,2016-11-09
2840623,Basketball Cards 2016 Panini Prizm,Al Jefferson [Green Prizm] #184,$1.09,,,,,,,,,,,,$1.19,,,,,,1,,,,,2016-11-09
2842625,Basketball Cards 2016 Panini Prizm,Al Jefferson [Mojo Prizm] #184,$7.99,,,,,,,,,,,$1.80,$8.79,,,,,,1,,,,,2016-11-09
2842109,Basketball Cards 2016 Panini Prizm,Al Jefferson [Orange Prizm] #184,$4.13,,,,,,,,,,,$0.90,$4.49,,,,,,1,,,,,2016-11-09
2842368,Basketball Cards 2016 Panini Prizm,Al Jefferson [Orange Wave Prizm] #184,$1.68,,,,,,,,,,,,$1.89,,,,,,1,,,,,2016-11-09
2841855,Basketball Cards 2016 Panini Prizm,Al Jefferson [Purple Prizm] #184,$2.99,,,,,,,,,,,,$3.29,,,,,,1,,,,,2016-11-09
2841345,Basketball Cards 2016 Panini Prizm,Al Jefferson [Ruby Wave Prizm] #184,$3.69,,,,,,,,,,,$0.80,$4.09,,,,,,1,,,,,2016-11-09
2840851,Basketball Cards 2016 Panini Prizm,Al Jefferson [Silver Prizm] #184,$1.25,,,,,,,,,,,,$1.39,,,,,,1,,,,,2016-11-09
2845168,Basketball Cards 2016 Panini Prizm,Al Jefferson [Starburst Prizm] #184,$0.25,,,,,,,,,,,,$0.99,,,,,,0,,,,,2016-11-09
2842877,Basketball Cards 2016 Panini Prizm,Al Jefferson [Teal Wave Prizm] #184,,,,,,,,,,,,,,,,,,,0,,,,,2016-11-09
2840456,Basketball Cards 2016 Panini Prizm,Al-Farouq Aminu #278,$0.99,,,,,,,,,,,,$1.09,,,,,,1,,,,,2016-11-09
12351689,Basketball Cards 2016 Panini Prizm,Al-Farouq Aminu [5th Anniversary Mojo] #278,,,,,,,,,,,,,,,,,,,0,,,,,2016-11-09
2843477,Basketball Cards 2016 Panini Prizm,Al-Farouq Aminu [5th Anniversary Prizm] #278,,,,,,,,,,,,,,,,,,,0,,,,,2016-11-09
12351361,Basketball Cards 2016 Panini Prizm,Al-Farouq Aminu [Black Prizm] #278,,,,,,,,,,,,,,,,,,,0,,,,,2016-11-09
2841679,Basketball Cards 2016 Panini Prizm,Al-Farouq Aminu [Blue Wave Prizm] #278,$2.25,,,,,,,,,,,,$2.49,,,,,,1,,,,,2016-11-09
2843204,Basketball Cards 2016 Panini Prizm,Al-Farouq Aminu [Gold Prizm] #278,$14.50,,,,,,,,,,,$4.00,$15.99,,,,,,1,,,,,2016-11-09
2840701,Basketball Cards 2016 Panini Prizm,Al-Farouq Aminu [Green Prizm] #278,$1.50,,,,,,,,,,,,$1.69,,,,,,1,,,,,2016-11-09
2842702,Basketball Cards 2016 Panini Prizm,Al-Farouq Aminu [Mojo Prizm] #278,,,,,,,,,,,,,,,,,,,0,,,,,2016-11-09
2842190,Basketball Cards 2016 Panini Prizm,Al-Farouq Aminu [Orange Prizm] #278,$2.50,,,,,,,,,,,,$2.79,,,,,,1,,,,,2016-11-09
2842446,Basketball Cards 2016 Panini Prizm,Al-Farouq Aminu [Orange Wave Prizm] #278,,,,,,,,,,,,,,,,,,,0,,,,,2016-11-09
2841938,Basketball Cards 2016 Panini Prizm,Al-Farouq Aminu [Purple Prizm] #278,$3.70,,,,,,,,,,,$0.80,$4.09,,,,,,0,,,,,2016-11-09
2841426,Basketball Cards 2016 Panini Prizm,Al-Farouq Aminu [Ruby Wave Prizm] #278,$1.50,,,,,,,,,,,,$1.69,,,,,,1,,,,,2016-11-09
2840919,Basketball Cards 2016 Panini Prizm,Al-Farouq Aminu [Silver Prizm] #278,$2.40,,,,,,,,,,,,$2.59,,,,,,1,,,,,2016-11-09
2841162,Basketball Cards 2016 Panini Prizm,Al-Farouq Aminu [Starburst Prizm] #278,$1.25,,,,,,,,,,,,$1.39,,,,,,1,,,,,2016-11-09
2842954,Basketball Cards 2016 Panini Prizm,Al-Farouq Aminu [Teal Wave Prizm] #278,$14.57,,,,,,,,,,,$4.00,$15.99,,,,,,0,,,,,2016-11-09
2840311,Basketball Cards 2016 Panini Prizm,Alec Burks #109,$0.99,,,,,,,,,,,,$1.09,,,,,,1,,,,,2016-11-09
12351476,Basketball Cards 2016 Panini Prizm,Alec Burks [5th Anniversary Mojo] #109,,,,,,,,,,,,,,,,,,,0,,,,,2016-11-09
2843322,Basketball Cards 2016 Panini Prizm,Alec Burks [5th Anniversary Prizm] #109,$23.25,,,,,,,,,,,$7.80,$25.99,,,,,,0,,,,,2016-11-09
12351187,Basketball Cards 2016 Panini Prizm,Alec Burks [Black Prizm] #109,,,,,,,,,,,,,,,,,,,0,,,,,2016-11-09
2841538,Basketball Cards 2016 Panini Prizm,Alec Burks [Blue Wave Prizm] #109,$2.01,,,,,,,,,,,,$2.19,,,,,,1,,,,,2016-11-09
2843060,Basketball Cards 2016 Panini Prizm,Alec Burks [Gold Prizm] #109,$12.21,,,,,,,,,,,$3.30,$12.99,,,,,,1,,,,,2016-11-09
2840558,Basketball Cards 2016 Panini Prizm,Alec Burks [Green Prizm] #109,$1.38,,,,,,,,,,,,$1.49,,,,,,1,,,,,2016-11-09
2842560,Basketball Cards 2016 Panini Prizm,Alec Burks [Mojo Prizm] #109,$9.00,,,,,,,,,,,$2.00,$9.89,,,,,,1,,,,,2016-11-09
2842046,Basketball Cards 2016 Panini Prizm,Alec Burks [Orange Prizm] #109,$0.25,,,,,,,,,,,,$0.99,,,,,,0,,,,,2016-11-09
2842302,Basketball Cards 2016 Panini Prizm,Alec Burks [Orange Wave Prizm] #109,$7.00,,,,,,,,,,,$1.50,$7.69,,,,,,1,,,,,2016-11-09
2841792,Basketball Cards 2016 Panini Prizm,Alec Burks [Purple Prizm] #109,$1.99,,,,,,,,,,,,$2.19,,,,,,1,,,,,2016-11-09
2841275,Basketball Cards 2016 Panini Prizm,Alec Burks [Ruby Wave Prizm] #109,$1.35,,,,,,,,,,,,$1.49,,,,,,1,,,,,2016-11-09
2840795,Basketball Cards 2016 Panini Prizm,Alec Burks [Silver Prizm] #109,$0.25,,,,,,,,,,,,$0.99,,,,,,0,,,,,2016-11-09
2841026,Basketball Cards 2016 Panini Prizm,Alec Burks [Starburst Prizm] #109,$0.99,,,,,,,,,,,,$1.09,,,,,,1,,,,,2016-11-09
2842811,Basketball Cards 2016 Panini Prizm,Alec Burks [Teal Wave Prizm] #109,$4.83,,,,,,,,,,,$1.10,$5.29,,,,,,1,,,,,2016-11-09
2840433,Basketball Cards 2016 Panini Prizm,Alex Len #250,$0.99,,,,,,,,,,,,$1.09,,,,,,1,,,,,2016-11-09
12351661,Basketball Cards 2016 Panini Prizm,Alex Len [5th Anniversary Mojo] #250,,,,,,,,,,,,,,,,,,,0,,,,,2016-11-09
2843452,Basketball Cards 2016 Panini Prizm,Alex Len [5th Anniversary Prizm] #250,,,,,,,,,,,,,,,,,,,0,,,,,2016-11-09
12351319,Basketball Cards 2016 Panini Prizm,Alex Len [Black Prizm] #250,,,,,,,,,,,,,,,,,,,0,,,,,2016-11-09
2841657,Basketball Cards 2016 Panini Prizm,Alex Len [Blue Wave Prizm] #250,$0.25,,,,,,,,,,,,$0.99,,,,,,0,,,,,2016-11-09
2845186,Basketball Cards 2016 Panini Prizm,Alex Len [Gold Prizm] #250,,,,,,,,,,,,,,,,,,,0,,,,,2016-11-09
2840678,Basketball Cards 2016 Panini Prizm,Alex Len [Green Prizm] #250,$0.25,,,,,,,,,,,,$0.99,,,,,,0,,,,,2016-11-09
2842679,Basketball Cards 2016 Panini Prizm,Alex Len [Mojo Prizm] #250,$7.03,,,,,,,,,,,$1.50,$7.69,,,,,,1,,,,,2016-11-09
2842165,Basketball Cards 2016 Panini Prizm,Alex Len [Orange Prizm] #250,$1.88,,,,,,,,,,,,$2.09,,,,,,1,,,,,2016-11-09
2842422,Basketball Cards 2016 Panini Prizm,Alex Len [Orange Wave Prizm] #250,$5.23,,,,,,,,,,,$1.20,$5.79,,,,,,1,,,,,2016-11-09
2841915,Basketball Cards 2016 Panini Prizm,Alex Len [Purple Prizm] #250,$1.49,,,,,,,,,,,,$1.59,,,,,,1,,,,,2016-11-09
2841406,Basketball Cards 2016 Panini Prizm,Alex Len [Ruby Wave Prizm] #250,$1.40,,,,,,,,,,,,$1.49,,,,,,1,,,,,2016-11-09
2840898,Basketball Cards 2016 Panini Prizm,Alex Len [Silver Prizm] #250,$2.25,,,,,,,,,,,,$2.49,,,,,,1,,,,,2016-11-09
2841142,Basketball Cards 2016 Panini Prizm,Alex Len [Starburst Prizm] #250,$1.99,,,,,,,,,,,,$2.19,,,,,,1,,,,,2016-11-09
2842930,Basketball Cards 2016 Panini Prizm,Alex Len [Teal Wave Prizm] #250,$9.65,,,,,,,,,,,$2.80,$10.99,,,,,,1,,,,,2016-11-09
2840451,Basketball Cards 2016 Panini Prizm,Allen Crabbe #272,$0.99,,,,,,,,,,,,$1.09,,,,,,1,,,,,2016-11-09
12351683,Basketball Cards 2016 Panini Prizm,Allen Crabbe [5th Anniversary Mojo] #272,,,,,,,,,,,,,,,,,,,0,,,,,2016-11-09
2843472,Basketball Cards 2016 Panini Prizm,Allen Crabbe [5th Anniversary Prizm] #272,,,,,,,,,,,,,,,,,,,0,,,,,2016-11-09
12351355,Basketball Cards 2016 Panini Prizm,Allen Crabbe [Black Prizm] #272,,,,,,,,,,,,,,,,,,,0,,,,,2016-11-09
2841673,Basketball Cards 2016 Panini Prizm,Allen Crabbe [Blue Wave Prizm] #272,$1.09,,,,,,,,,,,,$1.19,,,,,,1,,,,,2016-11-09
2843198,Basketball Cards 2016 Panini Prizm,Allen Crabbe [Gold Prizm] #272,,,,,,,,,,,,,,,,,,,0,,,,,2016-11-09
2840695,Basketball Cards 2016 Panini Prizm,Allen Crabbe [Green Prizm] #272,$0.25,,,,,,,,,,,,$0.99,,,,,,0,,,,,2016-11-09
2842697,Basketball Cards 2016 Panini Prizm,Allen Crabbe [Mojo Prizm] #272,,,,,,,,,,,,,,,,,,,0,,,,,2016-11-09
2842184,Basketball Cards 2016 Panini Prizm,Allen Crabbe [Orange Prizm] #272,$1.89,,,,,,,,,,,,$2.09,,,,,,1,,,,,2016-11-09
2842440,Basketball Cards 2016 Panini Prizm,Allen Crabbe [Orange Wave Prizm] #272,$6.28,,,,,,,,,,,$1.40,$6.89,,,,,,1,,,,,2016-11-09
2841932,Basketball Cards 2016 Panini Prizm,Allen Crabbe [Purple Prizm] #272,$1.80,,,,,,,,,,,,$1.99,,,,,,1,,,,,2016-11-09
2841420,Basketball Cards 2016 Panini Prizm,Allen Crabbe [Ruby Wave Prizm] #272,,,,,,,,,,,,,,,,,,,0,,,,,2016-11-09
2840912,Basketball Cards 2016 Panini Prizm,Allen Crabbe [Silver Prizm] #272,$0.25,,,,,,,,,,,,$0.99,,,,,,0,,,,,2016-11-09
2841158,Basketball Cards 2016 Panini Prizm,Allen Crabbe [Starburst Prizm] #272,$2.25,,,,,,,,,,,,$2.49,,,,,,1,,,,,2016-11-09
2842948,Basketball Cards 2016 Panini Prizm,Allen Crabbe [Teal Wave Prizm] #272,$4.85,,,,,,,,,,,$1.10,$5.29,,,,,,1,,,,,2016-11-09
2840389,Basketball Cards 2016 Panini Prizm,Alonzo Gee #198,$1.33,,,,,,,,,,,,$1.49,,,,,,1,,,,,2016-11-09
12351609,Basketball Cards 2016 Panini Prizm,Alonzo Gee [5th Anniversary Mojo] #198,,,,,,,,,,,,,,,,,,,0,,,,,2016-11-09
2843405,Basketball Cards 2016 Panini Prizm,Alonzo Gee [5th Anniversary Prizm] #198,$4.57,,,,,,,,,,,$1.00,$4.99,,,,,,1,,,,,2016-11-09
12351351,Basketball Cards 2016 Panini Prizm,Alonzo Gee [Black Prizm] #198,,,,,,,,,,,,,,,,,,,0,,,,,2016-11-09
2841613,Basketball Cards 2016 Panini Prizm,Alonzo Gee [Blue Wave Prizm] #198,$1.39,,,,,,,,,,,,$1.49,,,,,,1,,,,,2016-11-09
2843138,Basketball Cards 2016 Panini Prizm,Alonzo Gee [Gold Prizm] #198,$5.95,,,,,,,,,,,$1.30,$6.59,,,,,,1,,,,,2016-11-09
2840634,Basketball Cards 2016 Panini Prizm,Alonzo Gee [Green Prizm] #198,$1.13,,,,,,,,,,,,$1.19,,,,,,1,,,,,2016-11-09
2842636,Basketball Cards 2016 Panini Prizm,Alonzo Gee [Mojo Prizm] #198,,,,,,,,,,,,,,,,,,,0,,,,,2016-11-09
2842120,Basketball Cards 2016 Panini Prizm,Alonzo Gee [Orange Prizm] #198,$2.25,,,,,,,,,,,,$2.49,,,,,,1,,,,,2016-11-09
2842378,Basketball Cards 2016 Panini Prizm,Alonzo Gee [Orange Wave Prizm] #198,$4.99,,,,,,,,,,,$1.10,$5.49,,,,,,1,,,,,2016-11-09
2841867,Basketball Cards 2016 Panini Prizm,Alonzo Gee [Purple Prizm] #198,$1.60,,,,,,,,,,,,$1.79,,,,,,1,,,,,2016-11-09
2841356,Basketball Cards 2016 Panini Prizm,Alonzo Gee [Ruby Wave Prizm] #198,,,,,,,,,,,,,,,,,,,0,,,,,2016-11-09
2840861,Basketball Cards 2016 Panini Prizm,Alonzo Gee [Silver Prizm] #198,$0.99,,,,,,,,,,,,$1.09,,,,,,1,,,,,2016-11-09
2841099,Basketball Cards 2016 Panini Prizm,Alonzo Gee [Starburst Prizm] #198,$1.79,,,,,,,,,,,,$1.99,,,,,,1,,,,,2016-11-09
2842886,Basketball Cards 2016 Panini Prizm,Alonzo Gee [Teal Wave Prizm] #198,,,,,,,,,,,,,,,,,,,0,,,,,2016-11-09
2840460,Basketball Cards 2016 Panini Prizm,Anderson Varejao #286,$0.99,,,,,,,,,,,,$1.09,,,,,,1,,,,,2016-11-09
12351697,Basketball Cards 2016 Panini Prizm,Anderson Varejao [5th Anniversary Mojo] #286,,,,,,,,,,,,,,,,,,,0,,,,,2016-11-09
2843484,Basketball Cards 2016 Panini Prizm,Anderson Varejao [5th Anniversary Prizm] #286,$9.95,,,,,,,,,,,$2.80,$10.99,,,,,,0,,,,,2016-11-09
12351369,Basketball Cards 2016 Panini Prizm,Anderson Varejao [Black Prizm] #286,,,,,,,,,,,,,,,,,,,0,,,,,2016-11-09
2841685,Basketball Cards 2016 Panini Prizm,Anderson Varejao [Blue Wave Prizm] #286,$1.50,,,,,,,,,,,,$1.69,,,,,,1,,,,,2016-11-09
2843208,Basketball Cards 2016 Panini Prizm,Anderson Varejao [Gold Prizm] #286,$46.25,,,$51.99,$57.00,,,,,,,$20.40,$50.99,,,,,,1,,,,,2016-11-09
2840706,Basketball Cards 2016 Panini Prizm,Anderson Varejao [Green Prizm] #286,$0.25,,,,,,,,,,,,$0.99,,,,,,0,,,,,2016-11-09
2842709,Basketball Cards 2016 Panini Prizm,Anderson Varejao [Mojo Prizm] #286,$4.99,,,,,,,,,,,$1.10,$5.49,,,,,,0,,,,,2016-11-09
2842195,Basketball Cards 2016 Panini Prizm,Anderson Varejao [Orange Prizm] #286,$1.23,,,,,,,,,,,,$1.39,,,,,,1,,,,,2016-11-09
2842454,Basketball Cards 2016 Panini Prizm,Anderson Varejao [Orange Wave Prizm] #286,$4.99,,,,,,,,,,,$1.10,$5.49,,,,,,1,,,,,2016-11-09
2841943,Basketball Cards 2016 Panini Prizm,Anderson Varejao [Purple Prizm] #286,$1.62,,,,,,,,,,,,$1.79,,,,,,1,,,,,2016-11-09
2841431,Basketball Cards 2016 Panini Prizm,Anderson Varejao [Ruby Wave Prizm] #286,,,,,,,,,,,,,,,,,,,0,,,,,2016-11-09
2840923,Basketball Cards 2016 Panini Prizm,Anderson Varejao [Silver Prizm] #286,$1.75,,,,,,,,,,,,$1.89,,,,,,1,,,,,2016-11-09
2841167,Basketball Cards 2016 Panini Prizm,Anderson Varejao [Starburst Prizm] #286,$2.12,,,,,,,,,,,,$2.29,,,,,,2,,,,,2016-11-09
2842959,Basketball Cards 2016 Panini Prizm,Anderson Varejao [Teal Wave Prizm] #286,,,,,,,,,,,,,,,,,,,0,,,,,2016-11-09
2840392,Basketball Cards 2016 Panini Prizm,Andre Drummond #201,$1.19,,,,,,,,,,,,$1.29,,,,,,1,,,,,2016-11-09
12351612,Basketball Cards 2016 Panini Prizm,Andre Drummond [5th Anniversary Mojo] #201,,,,,,,,,,,,,,,,,,,0,,,,,2016-11-09
2843408,Basketball Cards 2016 Panini Prizm,Andre Drummond [5th Anniversary Prizm] #201,,,,,,,,,,,,,,,,,,,0,,,,,2016-11-09
12351348,Basketball Cards 2016 Panini Prizm,Andre Drummond [Black Prizm] #201,,,,,,,,,,,,,,,,,,,0,,,,,2016-11-09
2841616,Basketball Cards 2016 Panini Prizm,Andre Drummond [Blue Wave Prizm] #201,$3.74,,,,,,,,,,,$0.80,$4.09,,,,,,1,,,,,2016-11-09
2843141,Basketball Cards 2016 Panini Prizm,Andre Drummond [Gold Prizm] #201,,,,,,,,,,,,,,,,,,,0,,,,,2016-11-09
2840637,Basketball Cards 2016 Panini Prizm,Andre Drummond [Green Prizm] #201,$1.35,,,,,,,,,,,,$1.49,,,,,,1,,,,,2016-11-09
2842639,Basketball Cards 2016 Panini Prizm,Andre Drummond [Mojo Prizm] #201,$11.75,,,,,,,,,,,$3.30,$12.99,,,,,,0,,,,,2016-11-09
2842123,Basketball Cards 2016 Panini Prizm,Andre Drummond [Orange Prizm] #201,$4.99,,,,,,,,,,,$1.10,$5.49,,,,,,1,,,,,2016-11-09
2842380,Basketball Cards 2016 Panini Prizm,Andre Drummond [Orange Wave Prizm] #201,$9.99,,,,,,,,,,,$2.80,$10.99,,,,,,1,,,,,2016-11-09
2841870,Basketball Cards 2016 Panini Prizm,Andre Drummond [Purple Prizm] #201,$12.04,,,,,,,,,,,$3.30,$12.99,,,,,,1,,,,,2016-11-09
2841359,Basketball Cards 2016 Panini Prizm,Andre Drummond [Ruby Wave Prizm] #201,$1.40,,,,,,,,,,,,$1.49,,,,,,1,,,,,2016-11-09
2840864,Basketball Cards 2016 Panini Prizm,Andre Drummond [Silver Prizm] #201,$1.23,,,,,,,,,,,,$1.39,,,,,,1,,,,,2016-11-09
2841102,Basketball Cards 2016 Panini Prizm,Andre Drummond [Starburst Prizm] #201,$2.00,,,,,,,,,,,,$2.19,,,,,,1,,,,,2016-11-09
2842889,Basketball Cards 2016 Panini Prizm,Andre Drummond [Teal Wave Prizm] #201,,,,,,,,,,,,,,,,,,,0,,,,,2016-11-09
2840459,Basketball Cards 2016 Panini Prizm,Andre Iguodala #285,$0.99,,,,,,,,,,,,$1.09,,,,,,1,,,,,2016-11-09
12351696,Basketball Cards 2016 Panini Prizm,Andre Iguodala [5th Anniversary Mojo] #285,,,,,,,,,,,,,,,,,,,0,,,,,2016-11-09
2843483,Basketball Cards 2016 Panini Prizm,Andre Iguodala [5th Anniversary Prizm] #285,,,,,,,,,,,,,,,,,,,0,,,,,2016-11-09
12351368,Basketball Cards 2016 Panini Prizm,Andre Iguodala [Black Prizm] #285,,,,,,,,,,,,,,,,,,,0,,,,,2016-11-09
2841684,Basketball Cards 2016 Panini Prizm,Andre Iguodala [Blue Wave Prizm] #285,$8.30,,,,,,,,,,,$1.80,$9.09,,,,,,1,,,,,2016-11-09
128274,Basketball Cards 2016 Panini Prizm,Andre Iguodala [Gold Prizm] #285,$80.00,,,$255.25,$281.00,,,,,,,$35.20,$87.99,,,,,,3,,,,,2016-11-09
2840705,Basketball Cards 2016 Panini Prizm,Andre Iguodala [Green Prizm] #285,$1.99,,,,,,,,,,,,$2.19,,,,,,1,,,,,2016-11-09
2842708,Basketball Cards 2016 Panini Prizm,Andre Iguodala [Mojo Prizm] #285,$26.75,,,$19.99,$22.00,,,,,,,$8.70,$28.99,,,,,,2,,,,,2016-11-09
2842194,Basketball Cards 2016 Panini Prizm,Andre Iguodala [Orange Prizm] #285,$1.29,,,,,,,,,,,,$1.39,,,,,,1,,,,,2016-11-09
2842450,Basketball Cards 2016 Panini Prizm,Andre Iguodala [Orange Wave Prizm] #285,$14.05,,,,,,,,,,,$3.80,$14.99,,,,,,1,,,,,2016-11-09
2841942,Basketball Cards 2016 Panini Prizm,Andre Iguodala [Purple Prizm] #285,$4.55,,,,,,,,,,,$1.00,$4.99,,,,,,1,,,,,2016-11-09
2841430,Basketball Cards 2016 Panini Prizm,Andre Iguodala [Ruby Wave Prizm] #285,$1.00,,,,,,,,,,,,$1.09,,,,,,1,,,,,2016-11-09
2840922,Basketball Cards 2016 Panini Prizm,Andre Iguodala [Silver Prizm] #285,$2.37,,,$1.34,$1.00,$27.00,$35.00,$16.00,$16.00,,,,$2.59,,,,,,5,,,,,2016-11-09
2841165,Basketball Cards 2016 Panini Prizm,Andre Iguodala [Starburst Prizm] #285,$5.00,,,,,,,,,,,$1.10,$5.49,,,,,,1,,,,,2016-11-09
2842958,Basketball Cards 2016 Panini Prizm,Andre Iguodala [Teal Wave Prizm] #285,$9.45,,,,,,,,,,,$2.00,$9.99,,,,,,1,,,,,2016-11-09
2840437,Basketball Cards 2016 Panini Prizm,Andre Roberson #256,$1.15,,,,,,,,,,,,$1.29,,,,,,1,,,,,2016-11-09
12351668,Basketball Cards 2016 Panini Prizm,Andre Roberson [5th Anniversary Mojo] #256,,,,,,,,,,,,,,,,,,,0,,,,,2016-11-09
2843458,Basketball Cards 2016 Panini Prizm,Andre Roberson [5th Anniversary Prizm] #256,,,,,,,,,,,,,,,,,,,0,,,,,2016-11-09
12351326,Basketball Cards 2016 Panini Prizm,Andre Roberson [Black Prizm] #256,,,,,,,,,,,,,,,,,,,0,,,,,2016-11-09
2841661,Basketball Cards 2016 Panini Prizm,Andre Roberson [Blue Wave Prizm] #256,$1.40,,,,,,,,,,,,$1.49,,,,,,1,,,,,2016-11-09
2843187,Basketball Cards 2016 Panini Prizm,Andre Roberson [Gold Prizm] #256,,,,,,,,,,,,,,,,,,,0,,,,,2016-11-09
2840682,Basketball Cards 2016 Panini Prizm,Andre Roberson [Green Prizm] #256,$0.25,,,,,,,,,,,,$0.99,,,,,,0,,,,,2016-11-09
2842683,Basketball Cards 2016 Panini Prizm,Andre Roberson [Mojo Prizm] #256,$3.99,,,,,,,,,,,$0.90,$4.39,,,,,,1,,,,,2016-11-09
2842169,Basketball Cards 2016 Panini Prizm,Andre Roberson [Orange Prizm] #256,$4.68,,,,,,,,,,,$1.00,$5.19,,,,,,1,,,,,2016-11-09
2842426,Basketball Cards 2016 Panini Prizm,Andre Roberson [Orange Wave Prizm] #256,,,,,,,,,,,,,,,,,,,0,,,,,2016-11-09
2841919,Basketball Cards 2016 Panini Prizm,Andre Roberson [Purple Prizm] #256,$0.25,,,,,,,,,,,,$0.99,,,,,,0,,,,,2016-11-09
2841407,Basketball Cards 2016 Panini Prizm,Andre Roberson [Ruby Wave Prizm] #256,$1.26,,,,,,,,,,,,$1.39,,,,,,1,,,,,2016-11-09
2840902,Basketball Cards 2016 Panini Prizm,Andre Roberson [Silver Prizm] #256,$1.75,,,,,,,,,,,,$1.89,,,,,,1,,,,,2016-11-09
2841146,Basketball Cards 2016 Panini Prizm,Andre Roberson [Starburst Prizm] #256,$0.25,,,,,,,,,,,,$0.99,,,,,,0,,,,,2016-11-09
2842934,Basketball Cards 2016 Panini Prizm,Andre Roberson [Teal Wave Prizm] #256,$3.00,,,,,,,,,,,,$3.29,,,,,,0,,,,,2016-11-09
2840349,Basketball Cards 2016 Panini Prizm,Andrew Bogut #153,$0.99,,,,,,,,,,,,$1.09,,,,,,1,,,,,2016-11-09
12351549,Basketball Cards 2016 Panini Prizm,Andrew Bogut [5th Anniversary Mojo] #153,,,,,,,,,,,,,,,,,,,0,,,,,2016-11-09
2843362,Basketball Cards 2016 Panini Prizm,Andrew Bogut [5th Anniversary Prizm] #153,$5.66,,,,,,,,,,,$1.20,$6.19,,,,,,1,,,,,2016-11-09
12351264,Basketball Cards 2016 Panini Prizm,Andrew Bogut [Black Prizm] #153,,,,,,,,,,,,,,,,,,,0,,,,,2016-11-09
2841573,Basketball Cards 2016 Panini Prizm,Andrew Bogut [Blue Wave Prizm] #153,$4.50,,,,,,,,,,,$1.00,$4.99,,,,,,0,,,,,2016-11-09
2843099,Basketball Cards 2016 Panini Prizm,Andrew Bogut [Gold Prizm] #153,$99.99,,,,,,,,,,,$55.00,$110.00,,,,,,1,,,,,2016-11-09
2840596,Basketball Cards 2016 Panini Prizm,Andrew Bogut [Green Prizm] #153,$0.25,,,,,,,,,,,,$0.99,,,,,,0,,,,,2016-11-09
2842598,Basketball Cards 2016 Panini Prizm,Andrew Bogut [Mojo Prizm] #153,$6.13,,,,,,,,,,,$1.30,$6.69,,,,,,1,,,,,2016-11-09
2842083,Basketball Cards 2016 Panini Prizm,Andrew Bogut [Orange Prizm] #153,$9.05,,,,,,,,,,,$2.00,$9.99,,,,,,1,,,,,2016-11-09
2842341,Basketball Cards 2016 Panini Prizm,Andrew Bogut [Orange Wave Prizm] #153,$9.99,,,,,,,,,,,$2.80,$10.99,,,,,,1,,,,,2016-11-09
2841827,Basketball Cards 2016 Panini Prizm,Andrew Bogut [Purple Prizm] #153,$0.99,,,,,,,,,,,,$1.09,,,,,,1,,,,,2016-11-09
2841317,Basketball Cards 2016 Panini Prizm,Andrew Bogut [Ruby Wave Prizm] #153,,,,,,,,,,,,,,,,,,,0,,,,,2016-11-09
2840825,Basketball Cards 2016 Panini Prizm,Andrew Bogut [Silver Prizm] #153,$1.70,,,,,,,,,,,,$1.89,,,,,,1,,,,,2016-11-09
2841062,Basketball Cards 2016 Panini Prizm,Andrew Bogut [Starburst Prizm] #153,$1.82,,,,,,,,,,,,$1.99,,,,,,1,,,,,2016-11-09
2842848,Basketball Cards 2016 Panini Prizm,Andrew Bogut [Teal Wave Prizm] #153,,,,,,,,,,,,,,,,,,,0,,,,,2016-11-09
2840471,Basketball Cards 2016 Panini Prizm,Andrew Nicholson #299,$0.99,,,,,,,,,,,,$1.09,,,,,,1,,,,,2016-11-09
12351710,Basketball Cards 2016 Panini Prizm,Andrew Nicholson [5th Anniversary Mojo] #299,,,,,,,,,,,,,,,,,,,0,,,,,2016-11-09
2843497,Basketball Cards 2016 Panini Prizm,Andrew Nicholson [5th Anniversary Prizm] #299,,,,,,,,,,,,,,,,,,,0,,,,,2016-11-09
12351382,Basketball Cards 2016 Panini Prizm,Andrew Nicholson [Black Prizm] #299,,,,,,,,,,,,,,,,,,,0,,,,,2016-11-09
2841697,Basketball Cards 2016 Panini Prizm,Andrew Nicholson [Blue Wave Prizm] #299,$1.50,,,,,,,,,,,,$1.69,,,,,,1,,,,,2016-11-09
128291,Basketball Cards 2016 Panini Prizm,Andrew Nicholson [Gold Prizm] #299,,,,,,,,,,,,,,,,,,,0,,,,,2016-11-09
2840718,Basketball Cards 2016 Panini Prizm,Andrew Nicholson [Green Prizm] #299,$2.84,,,,,,,,,,,,$3.09,,,,,,0,,,,,2016-11-09
128292,Basketball Cards 2016 Panini Prizm,Andrew Nicholson [Mojo Prizm] #299,$4.16,,,,,,,,,,,$0.90,$4.59,,,,,,1,,,,,2016-11-09
2842205,Basketball Cards 2016 Panini Prizm,Andrew Nicholson [Orange Prizm] #299,$3.42,,,,,,,,,,,$0.80,$3.79,,,,,,1,,,,,2016-11-09
2842462,Basketball Cards 2016 Panini Prizm,Andrew Nicholson [Orange Wave Prizm] #299,$7.45,,,,,,,,,,,$1.60,$8.19,,,,,,1,,,,,2016-11-09
2841955,Basketball Cards 2016 Panini Prizm,Andrew Nicholson [Purple Prizm] #299,$2.00,,,,,,,,,,,,$2.19,,,,,,1,,,,,2016-11-09
2841443,Basketball Cards 2016 Panini Prizm,Andrew Nicholson [Ruby Wave Prizm] #299,$3.12,,,,,,,,,,,,$3.39,,,,,,1,,,,,2016-11-09
2840935,Basketball Cards 2016 Panini Prizm,Andrew Nicholson [Silver Prizm] #299,$0.25,,,,,,,,,,,,$0.99,,,,,,0,,,,,2016-11-09
2841179,Basketball Cards 2016 Panini Prizm,Andrew Nicholson [Starburst Prizm] #299,$300.00,,,,,,,,,,,$165.00,$330.00,,,,,,1,,,,,2016-11-09
2842972,Basketball Cards 2016 Panini Prizm,Andrew Nicholson [Teal Wave Prizm] #299,$23.53,,,,,,,,,,,$7.80,$25.99,,,,,,0,,,,,2016-11-09
128204,Basketball Cards 2016 Panini Prizm,Andrew Wiggins #263,$2.01,,,,,$12.00,$16.00,$7.00,$7.00,,,,$2.19,,,,,,3,,,,,2016-11-09
12351672,Basketball Cards 2016 Panini Prizm,Andrew Wiggins [5th Anniversary Mojo] #263,,,,,,,,,,,,,,,,,,,0,,,,,2016-11-09
2843465,Basketball Cards 2016 Panini Prizm,Andrew Wiggins [5th Anniversary Prizm] #263,,,,,,,,,,,,,,,,,,,0,,,,,2016-11-09
12351341,Basketball Cards 2016 Panini Prizm,Andrew Wiggins [Black Prizm] #263,,,,,,,,,,,,,,,,,,,0,,,,,2016-11-09
2841667,Basketball Cards 2016 Panini Prizm,Andrew Wiggins [Blue Wave Prizm] #263,$2.55,,,,,,,,,,,,$2.79,,,,,,2,,,,,2016-11-09
128205,Basketball Cards 2016 Panini Prizm,Andrew Wiggins [Gold Prizm] #263,,,,,,$396.48,$515.00,$238.00,$238.00,,,,,,,,,,1,,,,,2016-11-09
2840688,Basketball Cards 2016 Panini Prizm,Andrew Wiggins [Green Prizm] #263,$0.25,,,,,,,,,,,,$0.99,,,,,,0,,,,,2016-11-09
2842690,Basketball Cards 2016 Panini Prizm,Andrew Wiggins [Mojo Prizm] #263,$7.00,,,,,,,,,,,$1.50,$7.69,,,,,,1,,,,,2016-11-09
2842176,Basketball Cards 2016 Panini Prizm,Andrew Wiggins [Orange Prizm] #263,$8.99,,,,,,,,,,,$2.00,$9.89,,,,,,1,,,,,2016-11-09
2842433,Basketball Cards 2016 Panini Prizm,Andrew Wiggins [Orange Wave Prizm] #263,,,,,,,,,,,,,,,,,,,0,,,,,2016-11-09
128206,Basketball Cards 2016 Panini Prizm,Andrew Wiggins [Purple Prizm] #263,$2.95,,,,,,,,,,,,$3.29,,,,,,1,,,,,2016-11-09
128207,Basketball Cards 2016 Panini Prizm,Andrew Wiggins [Ruby Wave Prizm] #263,,,,,,,,,,,,,,,,,,,0,,,,,2016-11-09
128208,Basketball Cards 2016 Panini Prizm,Andrew Wiggins [Silver Prizm] #263,$1.50,,,,,$23.00,$30.00,$14.00,$14.00,,,,$1.69,,,,,,2,,,,,2016-11-09
128209,Basketball Cards 2016 Panini Prizm,Andrew Wiggins [Starburst Prizm] #263,$3.12,,,,,$40.00,$52.00,$24.00,$24.00,,,,$3.39,,,,,,2,,,,,2016-11-09
2842940,Basketball Cards 2016 Panini Prizm,Andrew Wiggins [Teal Wave Prizm] #263,,,,,,,,,,,,,,,,,,,0,,,,,2016-11-09
2840364,Basketball Cards 2016 Panini Prizm,Anthony Bennett #170,$0.73,,,,,,,,,,,,$0.99,,,,,,1,,,,,2016-11-09
12351581,Basketball Cards 2016 Panini Prizm,Anthony Bennett [5th Anniversary Mojo] #170,,,,,,,,,,,,,,,,,,,0,,,,,2016-11-09
2843378,Basketball Cards 2016 Panini Prizm,Anthony Bennett [5th Anniversary Prizm] #170,$46.24,,,,,,,,,,,$20.40,$50.99,,,,,,0,,,,,2016-11-09
12351291,Basketball Cards 2016 Panini Prizm,Anthony Bennett [Black Prizm] #170,,,,,,,,,,,,,,,,,,,0,,,,,2016-11-09
2841589,Basketball Cards 2016 Panini Prizm,Anthony Bennett [Blue Wave Prizm] #170,$1.76,,,,,,,,,,,,$1.89,,,,,,1,,,,,2016-11-09
2843115,Basketball Cards 2016 Panini Prizm,Anthony Bennett [Gold Prizm] #170,$40.00,,,,,,,,,,,$17.60,$43.99,,,,,,1,,,,,2016-11-09
2840611,Basketball Cards 2016 Panini Prizm,Anthony Bennett [Green Prizm] #170,$0.25,,,,,,,,,,,,$0.99,,,,,,0,,,,,2016-11-09
2842614,Basketball Cards 2016 Panini Prizm,Anthony Bennett [Mojo Prizm] #170,,,,,,,,,,,,,,,,,,,0,,,,,2016-11-09
2842097,Basketball Cards 2016 Panini Prizm,Anthony Bennett [Orange Prizm] #170,$1.58,,,,,,,,,,,,$1.69,,,,,,1,,,,,2016-11-09
2842357,Basketball Cards 2016 Panini Prizm,Anthony Bennett [Orange Wave Prizm] #170,$7.44,,,,,,,,,,,$1.60,$8.19,,,,,,1,,,,,2016-11-09
2841842,Basketball Cards 2016 Panini Prizm,Anthony Bennett [Purple Prizm] #170,$1.60,,,,,,,,,,,,$1.79,,,,,,1,,,,,2016-11-09
2841332,Basketball Cards 2016 Panini Prizm,Anthony Bennett [Ruby Wave Prizm] #170,$1.00,,,,,,,,,,,,$1.09,,,,,,1,,,,,2016-11-09
2840840,Basketball Cards 2016 Panini Prizm,Anthony Bennett [Silver Prizm] #170,$1.32,,,,,,,,,,,,$1.49,,,,,,1,,,,,2016-11-09
2841077,Basketball Cards 2016 Panini Prizm,Anthony Bennett [Starburst Prizm] #170,$0.99,,,,,,,,,,,,$1.09,,,,,,1,,,,,2016-11-09
2842863,Basketball Cards 2016 Panini Prizm,Anthony Bennett [Teal Wave Prizm] #170,$3.87,,,,,,,,,,,$0.90,$4.29,,,,,,1,,,,,2016-11-09
128045,Basketball Cards 2016 Panini Prizm,Anthony Davis #191,$1.59,,$5.35,$9.38,$10.00,$16.06,$21.00,$10.00,$10.00,,,,$1.79,,,$1.20,$5.89,,12,,,,,2016-11-09
12351602,Basketball Cards 2016 Panini Prizm,Anthony Davis [5th Anniversary Mojo] #191,,,,,,,,,,,,,,,,,,,0,,,,,2016-11-09
2843398,Basketball Cards 2016 Panini Prizm,Anthony Davis [5th Anniversary Prizm] #191,$45.00,,,,,,,,,,,$20.00,$49.99,,,,,,1,,,,,2016-11-09
128046,Basketball Cards 2016 Panini Prizm,Anthony Davis [Black Prizm] #191,,,,,,,,,,,,,,,,,,,0,,,,,2016-11-09
128047,Basketball Cards 2016 Panini Prizm,Anthony Davis [Blue Wave Prizm] #191,$2.07,,,$23.39,$26.00,,,,,,,,$2.29,,,,,,2,,,,,2016-11-09
128048,Basketball Cards 2016 Panini Prizm,Anthony Davis [Gold Prizm] #191,$464.77,,,,,,,,,,,$306.60,$511.00,,,,,,1,,,,,2016-11-09
2840628,Basketball Cards 2016 Panini Prizm,Anthony Davis [Green Prizm] #191,$3.00,,,$14.86,$16.00,$18.00,$23.00,$11.00,$11.00,,,,$3.29,,,,,,3,,,,,2016-11-09
128049,Basketball Cards 2016 Panini Prizm,Anthony Davis [Mojo Prizm] #191,$999.99,,,,,,,,,,,$660.00,$1100.00,,,,,,0,,,,,2016-11-09
128050,Basketball Cards 2016 Panini Prizm,Anthony Davis [Orange Prizm] #191,$12.90,,,,,$85.87,$112.00,$52.00,$52.00,,,$3.50,$13.99,,,,,,2,,,,,2016-11-09
128051,Basketball Cards 2016 Panini Prizm,Anthony Davis [Orange Wave Prizm] #191,$42.41,,,,,$33.98,$44.00,$20.00,$20.00,,,$18.80,$46.99,,,,,,2,,,,,2016-11-09
128052,Basketball Cards 2016 Panini Prizm,Anthony Davis [Purple Prizm] #191,$1.99,,,$10.89,$12.00,$149.95,$195.00,$90.00,$90.00,,,,$2.19,,,,,,3,,,,,2016-11-09
128053,Basketball Cards 2016 Panini Prizm,Anthony Davis [Ruby Wave Prizm] #191,,,,,,$21.67,$28.00,$13.00,$13.00,,,,,,,,,,1,,,,,2016-11-09
128054,Basketball Cards 2016 Panini Prizm,Anthony Davis [Silver Prizm] #191,$1.85,,$10.50,$12.00,$13.00,$18.55,$24.00,$11.00,$11.00,,,,$1.99,,,$3.00,$11.99,,9,,,,,2016-11-09
128055,Basketball Cards 2016 Panini Prizm,Anthony Davis [Starburst Prizm] #191,$1.00,,$7.26,$19.99,$20.00,$19.99,$26.00,$12.00,$12.00,,,,$1.09,,,$1.60,$7.99,,6,,,,,2016-11-09
127723,Basketball Cards 2016 Panini Prizm,Anthony Davis [Teal Wave Prizm] #191,$4.25,,,,,,,,,,,$0.90,$4.69,,,,,,1,,,,,2016-11-09
2840441,Basketball Cards 2016 Panini Prizm,Anthony Morrow #260,$0.99,,,,,,,,,,,,$1.09,,,,,,2,,,,,2016-11-09
12351671,Basketball Cards 2016 Panini Prizm,Anthony Morrow [5th Anniversary Mojo] #260,,,,,,,,,,,,,,,,,,,0,,,,,2016-11-09
2843462,Basketball Cards 2016 Panini Prizm,Anthony Morrow [5th Anniversary Prizm] #260,,,,,,,,,,,,,,,,,,,0,,,,,2016-11-09
12351332,Basketball Cards 2016 Panini Prizm,Anthony Morrow [Black Prizm] #260,,,,,,,,,,,,,,,,,,,0,,,,,2016-11-09
2841665,Basketball Cards 2016 Panini Prizm,Anthony Morrow [Blue Wave Prizm] #260,$2.27,,,,,,,,,,,,$2.49,,,,,,1,,,,,2016-11-09
2843191,Basketball Cards 2016 Panini Prizm,Anthony Morrow [Gold Prizm] #260,$32.40,,,,,,,,,,,$14.40,$35.99,,,,,,0,,,,,2016-11-09
2840686,Basketball Cards 2016 Panini Prizm,Anthony Morrow [Green Prizm] #260,$1.69,,,,,,,,,,,,$1.89,,,,,,1,,,,,2016-11-09
2842687,Basketball Cards 2016 Panini Prizm,Anthony Morrow [Mojo Prizm] #260,$5.65,,,,,,,,,,,$1.20,$6.19,,,,,,1,,,,,2016-11-09
2842173,Basketball Cards 2016 Panini Prizm,Anthony Morrow [Orange Prizm] #260,$3.49,,,,,,,,,,,$0.80,$3.79,,,,,,2,,,,,2016-11-09
2842430,Basketball Cards 2016 Panini Prizm,Anthony Morrow [Orange Wave Prizm] #260,,,,,,,,,,,,,,,,,,,0,,,,,2016-11-09
2841923,Basketball Cards 2016 Panini Prizm,Anthony Morrow [Purple Prizm] #260,$1.75,,,,,,,,,,,,$1.89,,,,,,1,,,,,2016-11-09
2841411,Basketball Cards 2016 Panini Prizm,Anthony Morrow [Ruby Wave Prizm] #260,,,,,,,,,,,,,,,,,,,0,,,,,2016-11-09
2840906,Basketball Cards 2016 Panini Prizm,Anthony Morrow [Silver Prizm] #260,$1.50,,,,,,,,,,,,$1.69,,,,,,1,,,,,2016-11-09
2841150,Basketball Cards 2016 Panini Prizm,Anthony Morrow [Starburst Prizm] #260,$1.12,,,,,,,,,,,,$1.19,,,,,,1,,,,,2016-11-09
2842938,Basketball Cards 2016 Panini Prizm,Anthony Morrow [Teal Wave Prizm] #260,$2.54,,,,,,,,,,,,$2.79,,,,,,1,,,,,2016-11-09
2840320,Basketball Cards 2016 Panini Prizm,Arron Afflalo #119,$0.99,,,,,,,,,,,,$1.09,,,,,,1,,,,,2016-11-09
12351494,Basketball Cards 2016 Panini Prizm,Arron Afflalo [5th Anniversary Mojo] #119,,,,,,,,,,,,,,,,,,,0,,,,,2016-11-09
2843332,Basketball Cards 2016 Panini Prizm,Arron Afflalo [5th Anniversary Prizm] #119,$6.00,,,,,,,,,,,$1.30,$6.59,,,,,,1,,,,,2016-11-09
12351208,Basketball Cards 2016 Panini Prizm,Arron Afflalo [Black Prizm] #119,,,,,,,,,,,,,,,,,,,0,,,,,2016-11-09
2841546,Basketball Cards 2016 Panini Prizm,Arron Afflalo [Blue Wave Prizm] #119,$1.25,,,,,,,,,,,,$1.39,,,,,,1,,,,,2016-11-09
2843070,Basketball Cards 2016 Panini Prizm,Arron Afflalo [Gold Prizm] #119,,,,$20.50,$23.00,,,,,,,,,,,,,,1,,,,,2016-11-09
2840565,Basketball Cards 2016 Panini Prizm,Arron Afflalo [Green Prizm] #119,$0.25,,,,,,,,,,,,$0.99,,,,,,0,,,,,2016-11-09
2842570,Basketball Cards 2016 Panini Prizm,Arron Afflalo [Mojo Prizm] #119,$7.20,,,,,,,,,,,$1.60,$7.89,,,,,,0,,,,,2016-11-09
2842054,Basketball Cards 2016 Panini Prizm,Arron Afflalo [Orange Prizm] #119,$1.88,,,,,,,,,,,,$2.09,,,,,,1,,,,,2016-11-09
2842311,Basketball Cards 2016 Panini Prizm,Arron Afflalo [Orange Wave Prizm] #119,$1.09,,,,,,,,,,,,$1.19,,,,,,1,,,,,2016-11-09
2841800,Basketball Cards 2016 Panini Prizm,Arron Afflalo [Purple Prizm] #119,$1.17,,,,,,,,,,,,$1.29,,,,,,1,,,,,2016-11-09
2841284,Basketball Cards 2016 Panini Prizm,Arron Afflalo [Ruby Wave Prizm] #119,$0.99,,,,,,,,,,,,$1.09,,,,,,1,,,,,2016-11-09
2840802,Basketball Cards 2016 Panini Prizm,Arron Afflalo [Silver Prizm] #119,$0.25,,,,,,,,,,,,$0.99,,,,,,0,,,,,2016-11-09
2841034,Basketball Cards 2016 Panini Prizm,Arron Afflalo [Starburst Prizm] #119,$1.99,,,,,,,,,,,,$2.19,,,,,,1,,,,,2016-11-09
2842820,Basketball Cards 2016 Panini Prizm,Arron Afflalo [Teal Wave Prizm] #119,$1.59,,,,,,,,,,,,$1.79,,,,,,1,,,,,2016-11-09
2840250,Basketball Cards 2016 Panini Prizm,Avery Bradley #43,$1.75,,,,,,,,,,,,$1.89,,,,,,1,,,,,2016-11-09
12351456,Basketball Cards 2016 Panini Prizm,Avery Bradley [5th Anniversary Mojo] #43,,,,,,,,,,,,,,,,,,,0,,,,,2016-11-09
2843259,Basketball Cards 2016 Panini Prizm,Avery Bradley [5th Anniversary Prizm] #43,,,,,,,,,,,,,,,,,,,0,,,,,2016-11-09
12351134,Basketball Cards 2016 Panini Prizm,Avery Bradley [Black Prizm] #43,,,,,,,,,,,,,,,,,,,0,,,,,2016-11-09
2841477,Basketball Cards 2016 Panini Prizm,Avery Bradley [Blue Wave Prizm] #43,$2.25,,,,,,,,,,,,$2.49,,,,,,1,,,,,2016-11-09
2843004,Basketball Cards 2016 Panini Prizm,Avery Bradley [Gold Prizm] #43,,,,,,,,,,,,,,,,,,,0,,,,,2016-11-09
2840502,Basketball Cards 2016 Panini Prizm,Avery Bradley [Green Prizm] #43,$1.67,,,,,,,,,,,,$1.79,,,,,,2,,,,,2016-11-09
2842501,Basketball Cards 2016 Panini Prizm,Avery Bradley [Mojo Prizm] #43,$5.50,,,,,,,,,,,$1.20,$6.09,,,,,,2,,,,,2016-11-09
2841988,Basketball Cards 2016 Panini Prizm,Avery Bradley [Orange Prizm] #43,$5.55,,,,,,,,,,,$1.20,$6.09,,,,,,1,,,,,2016-11-09
2842241,Basketball Cards 2016 Panini Prizm,Avery Bradley [Orange Wave Prizm] #43,$5.99,,,,,,,,,,,$1.30,$6.59,,,,,,1,,,,,2016-11-09
2841733,Basketball Cards 2016 Panini Prizm,Avery Bradley [Purple Prizm] #43,$1.80,,,,,,,,,,,,$1.99,,,,,,1,,,,,2016-11-09
2841215,Basketball Cards 2016 Panini Prizm,Avery Bradley [Ruby Wave Prizm] #43,$1.15,,,,,,,,,,,,$1.29,,,,,,1,,,,,2016-11-09
2840745,Basketball Cards 2016 Panini Prizm,Avery Bradley [Silver Prizm] #43,$0.25,,,,,,,,,,,,$0.99,,,,,,0,,,,,2016-11-09
2840969,Basketball Cards 2016 Panini Prizm,Avery Bradley [Starburst Prizm] #43,$1.59,,,,,,,,,,,,$1.79,,,,,,1,,,,,2016-11-09
2842755,Basketball Cards 2016 Panini Prizm,Avery Bradley [Teal Wave Prizm] #43,$9.89,,,,,,,,,,,$2.80,$10.99,,,,,,1,,,,,2016-11-09
2840254,Basketball Cards 2016 Panini Prizm,Ben Bentil #48,$1.95,,,,,,,,,,,,$2.19,,,,,,1,,,,,2016-11-09
12351464,Basketball Cards 2016 Panini Prizm,Ben Bentil [5th Anniversary Mojo] #48,,,,,,,,,,,,,,,,,,,0,,,,,2016-11-09
2843264,Basketball Cards 2016 Panini Prizm,Ben Bentil [5th Anniversary Prizm] #48,,,,,,,,,,,,,,,,,,,0,,,,,2016-11-09
12351139,Basketball Cards 2016 Panini Prizm,Ben Bentil [Black Prizm] #48,,,,,,,,,,,,,,,,,,,0,,,,,2016-11-09
2841481,Basketball Cards 2016 Panini Prizm,Ben Bentil [Blue Wave Prizm] #48,$5.28,,,,,,,,,,,$1.20,$5.79,,,,,,1,,,,,2016-11-09
2843008,Basketball Cards 2016 Panini Prizm,Ben Bentil [Gold Prizm] #48,$20.95,,,,,,,,,,,$6.90,$22.99,,,,,,1,,,,,2016-11-09
2840505,Basketball Cards 2016 Panini Prizm,Ben Bentil [Green Prizm] #48,$3.76,,,,,,,,,,,$0.80,$4.09,,,,,,1,,,,,2016-11-09
2842505,Basketball Cards 2016 Panini Prizm,Ben Bentil [Mojo Prizm] #48,$46.24,,,,,,,,,,,$20.40,$50.99,,,,,,0,,,,,2016-11-09
2841991,Basketball Cards 2016 Panini Prizm,Ben Bentil [Orange Prizm] #48,$4.50,,,,,,,,,,,$1.00,$4.99,,,,,,1,,,,,2016-11-09
2842244,Basketball Cards 2016 Panini Prizm,Ben Bentil [Orange Wave Prizm] #48,$2.99,,,,,,,,,,,,$3.29,,,,,,1,,,,,2016-11-09
2841737,Basketball Cards 2016 Panini Prizm,Ben Bentil [Purple Prizm] #48,$4.85,,,,,,,,,,,$1.10,$5.29,,,,,,1,,,,,2016-11-09
2841219,Basketball Cards 2016 Panini Prizm,Ben Bentil [Ruby Wave Prizm] #48,,,,,,,,,,,,,,,,,,,0,,,,,2016-11-09
127839,Basketball Cards 2016 Panini Prizm,Ben Bentil [Silver Prizm] #48,$2.73,,,$6.36,$7.00,,,,,,,,$2.99,,,,,,4,,,,,2016-11-09
127840,Basketball Cards 2016 Panini Prizm,Ben Bentil [Starburst Prizm] #48,$1.22,,,,,,,,,,,,$1.29,,,,,,1,,,,,2016-11-09
2842759,Basketball Cards 2016 Panini Prizm,Ben Bentil [Teal Wave Prizm] #48,$23.54,,,,,,,,,,,$7.80,$25.99,,,,,,1,,,,,2016-11-09
2840317,Basketball Cards 2016 Panini Prizm,Ben McLemore #116,$1.71,,,,,,,,,,,,$1.89,,,,,,1,,,,,2016-11-09
12351489,Basketball Cards 2016 Panini Prizm,Ben McLemore [5th Anniversary Mojo] #116,,,,,,,,,,,,,,,,,,,0,,,,,2016-11-09
2843330,Basketball Cards 2016 Panini Prizm,Ben McLemore [5th Anniversary Prizm] #116,$0.25,,,,,,,,,,,,$0.99,,,,,,0,,,,,2016-11-09
12351206,Basketball Cards 2016 Panini Prizm,Ben McLemore [Black Prizm] #116,,,,,,,,,,,,,,,,,,,0,,,,,2016-11-09
2841543,Basketball Cards 2016 Panini Prizm,Ben McLemore [Blue Wave Prizm] #116,$2.49,,,,,,,,,,,,$2.69,,,,,,1,,,,,2016-11-09
2843067,Basketball Cards 2016 Panini Prizm,Ben McLemore [Gold Prizm] #116,,,,,,,,,,,,,,,,,,,0,,,,,2016-11-09
2840563,Basketball Cards 2016 Panini Prizm,Ben McLemore [Green Prizm] #116,$1.35,,,,,,,,,,,,$1.49,,,,,,1,,,,,2016-11-09
2842567,Basketball Cards 2016 Panini Prizm,Ben McLemore [Mojo Prizm] #116,,,,,,,,,,,,,,,,,,,0,,,,,2016-11-09
2842051,Basketball Cards 2016 Panini Prizm,Ben McLemore [Orange Prizm] #116,$0.99,,,,,,,,,,,,$1.09,,,,,,1,,,,,2016-11-09
2842308,Basketball Cards 2016 Panini Prizm,Ben McLemore [Orange Wave Prizm] #116,,,,,,,,,,,,,,,,,,,0,,,,,2016-11-09
2841797,Basketball Cards 2016 Panini Prizm,Ben McLemore [Purple Prizm] #116,$2.00,,,,,,,,,,,,$2.19,,,,,,1,,,,,2016-11-09
2841281,Basketball Cards 2016 Panini Prizm,Ben McLemore [Ruby Wave Prizm] #116,$1.12,,,,,,,,,,,,$1.19,,,,,,1,,,,,2016-11-09
2840799,Basketball Cards 2016 Panini Prizm,Ben McLemore [Silver Prizm] #116,$0.73,,,,,,,,,,,,$0.99,,,,,,1,,,,,2016-11-09
2841031,Basketball Cards 2016 Panini Prizm,Ben McLemore [Starburst Prizm] #116,$0.25,,,,,,,,,,,,$0.99,,,,,,0,,,,,2016-11-09
2842817,Basketball Cards 2016 Panini Prizm,Ben McLemore [Teal Wave Prizm] #116,$8.00,,,,,,,,,,,$1.80,$8.79,,,,,,1,,,,,2016-11-09
127701,Basketball Cards 2016 Panini Prizm,Ben Simmons #1,$2.99,$3.25,$4.49,$5.88,$8.34,$9.99,$158.50,$6.00,$1.25,,,,$3.29,,$3.59,$1.00,$4.89,,63,,,,,2016-11-09
12351414,Basketball Cards 2016 Panini Prizm,Ben Simmons [5th Anniversary Mojo] #1,,,,,,,,,,,,,,,,,,,0,,,,,2016-11-09
127702,Basketball Cards 2016 Panini Prizm,Ben Simmons [5th Anniversary Prizm] #1,,,,,$550.00,,,,,,,,,,,,,,1,,,,,2016-11-09
12351092,Basketball Cards 2016 Panini Prizm,Ben Simmons [Black Prizm] #1,,,,,,,,,,,,,,,,,,,0,,,,,2016-11-09
127703,Basketball Cards 2016 Panini Prizm,Ben Simmons [Blue Wave Prizm] #1,$47.48,,,$409.09,$481.00,$491.00,$706.00,$295.00,$295.00,,,$20.80,$51.99,,,,,,6,,,,,2016-11-09
127704,Basketball Cards 2016 Panini Prizm,Ben Simmons [Gold Prizm] #1,,,,,,,,,,,,,,,,,,,0,,,,,2016-11-09
127705,Basketball Cards 2016 Panini Prizm,Ben Simmons [Green Prizm] #1,$3.88,$5.69,$87.64,$109.44,$109.75,$185.98,$613.13,$112.00,$34.99,,,$0.90,$4.29,$1.30,$6.29,$38.40,$95.99,,11,,,,,2016-11-09
127706,Basketball Cards 2016 Panini Prizm,Ben Simmons [Mojo Prizm] #1,,,,$2876.00,$3164.00,,,,,,,,,,,,,,2,,,,,2016-11-09
127707,Basketball Cards 2016 Panini Prizm,Ben Simmons [Orange Prizm] #1,$175.00,,,$123.31,$1877.00,$1915.00,$2490.00,$1149.00,$1149.00,,,$96.50,$193.00,,,,,,4,,,,,2016-11-09
127708,Basketball Cards 2016 Panini Prizm,Ben Simmons [Orange Wave Prizm] #1,$80.00,,,$701.00,$1029.00,$1050.00,$1870.92,$630.00,$630.00,,,$35.20,$87.99,,,,,,5,,,,,2016-11-09
127709,Basketball Cards 2016 Panini Prizm,Ben Simmons [Purple Prizm] #1,$110.63,,,$522.31,$706.00,$2170.50,$2822.00,$1302.00,$1302.00,,,$61.00,$122.00,,,,,,6,,,,,2016-11-09
127710,Basketball Cards 2016 Panini Prizm,Ben Simmons [Ruby Wave Prizm] #1,$144.75,,,,$266.00,$271.20,$353.00,$163.00,$163.00,,,$79.50,$159.00,,,,,,3,,,,,2016-11-09
127711,Basketball Cards 2016 Panini Prizm,Ben Simmons [Silver Prizm] #1,$15.00,$158.00,$197.67,$217.00,$239.00,$260.00,$1851.95,$156.00,$156.00,,,$4.30,$16.99,$87.00,$174.00,$108.50,$217.00,,28,,,,,2016-11-09
127712,Basketball Cards 2016 Panini Prizm,Ben Simmons [Starburst Prizm] #1,$16.76,,$94.50,$104.00,$114.00,$125.00,$641.87,$75.00,$75.00,,,$4.50,$17.99,,,$52.00,$104.00,,22,,,,,2016-11-09
127713,Basketball Cards 2016 Panini Prizm,Ben Simmons [Teal Wave Prizm] #1,$63.76,,,$839.26,$923.00,,,,,,,$28.00,$69.99,,,,,,2,,,,,2016-11-09
2840342,Basketball Cards 2016 Panini Prizm,Bismack Biyombo #145,$1.99,,,,,,,,,,,,$2.19,,,,,,1,,,,,2016-11-09
12351539,Basketball Cards 2016 Panini Prizm,Bismack Biyombo [5th Anniversary Mojo] #145,,,,,,,,,,,,,,,,,,,0,,,,,2016-11-09
2843354,Basketball Cards 2016 Panini Prizm,Bismack Biyombo [5th Anniversary Prizm] #145,,,,,,,,,,,,,,,,,,,0,,,,,2016-11-09
12351247,Basketball Cards 2016 Panini Prizm,Bismack Biyombo [Black Prizm] #145,,,,,,,,,,,,,,,,,,,0,,,,,2016-11-09
2841566,Basketball Cards 2016 Panini Prizm,Bismack Biyombo [Blue Wave Prizm] #145,$1.50,,,,,,,,,,,,$1.69,,,,,,1,,,,,2016-11-09
2843091,Basketball Cards 2016 Panini Prizm,Bismack Biyombo [Gold Prizm] #145,,,,,,$199.99,$260.00,$120.00,$120.00,,,,,,,,,,1,,,,,2016-11-09
2840588,Basketball Cards 2016 Panini Prizm,Bismack Biyombo [Green Prizm] #145,$0.25,,,,,,,,,,,,$0.99,,,,,,0,,,,,2016-11-09
2842590,Basketball Cards 2016 Panini Prizm,Bismack Biyombo [Mojo Prizm] #145,$0.99,,,,,,,,,,,,$1.09,,,,,,1,,,,,2016-11-09
2842075,Basketball Cards 2016 Panini Prizm,Bismack Biyombo [Orange Prizm] #145,$0.99,,,,,,,,,,,,$1.09,,,,,,1,,,,,2016-11-09
2842334,Basketball Cards 2016 Panini Prizm,Bismack Biyombo [Orange Wave Prizm] #145,$4.99,,,,,,,,,,,$1.10,$5.49,,,,,,1,,,,,2016-11-09
2845178,Basketball Cards 2016 Panini Prizm,Bismack Biyombo [Purple Prizm] #145,$1.32,,,,,,,,,,,,$1.49,,,,,,1,,,,,2016-11-09
2841309,Basketball Cards 2016 Panini Prizm,Bismack Biyombo [Ruby Wave Prizm] #145,$1.29,,,,,,,,,,,,$1.39,,,,,,1,,,,,2016-11-09
2840818,Basketball Cards 2016 Panini Prizm,Bismack Biyombo [Silver Prizm] #145,$1.00,,,,,,,,,,,,$1.09,,,,,,1,,,,,2016-11-09
2841055,Basketball Cards 2016 Panini Prizm,Bismack Biyombo [Starburst Prizm] #145,$0.99,,,,,,,,,,,,$1.09,,,,,,1,,,,,2016-11-09
2842840,Basketball Cards 2016 Panini Prizm,Bismack Biyombo [Teal Wave Prizm] #145,$6.99,,,,,,,,,,,$1.50,$7.69,,,,,,0,,,,,2016-11-09
2840258,Basketball Cards 2016 Panini Prizm,Blake Griffin #52,$0.25,,,,,,,,,,,,$0.99,,,,,,0,,,,,2016-11-09
12351471,Basketball Cards 2016 Panini Prizm,Blake Griffin [5th Anniversary Mojo] #52,,,,,,,,,,,,,,,,,,,0,,,,,2016-11-09
2843268,Basketball Cards 2016 Panini Prizm,Blake Griffin [5th Anniversary Prizm] #52,,,,,,,,,,,,,,,,,,,0,,,,,2016-11-09
12351142,Basketball Cards 2016 Panini Prizm,Blake Griffin [Black Prizm] #52,,,,,,,,,,,,,,,,,,,0,,,,,2016-11-09
2841485,Basketball Cards 2016 Panini Prizm,Blake Griffin [Blue Wave Prizm] #52,$3.99,,,,,,,,,,,$0.90,$4.39,,,,,,1,,,,,2016-11-09
2843011,Basketball Cards 2016 Panini Prizm,Blake Griffin [Gold Prizm] #52,,,,,$499.99,,,,,,,,,,,,,,1,,,,,2016-11-09
2840508,Basketball Cards 2016 Panini Prizm,Blake Griffin [Green Prizm] #52,$1.31,,,,$14.95,,,,,,,,$1.39,,,,,,2,,,,,2016-11-09
2842509,Basketball Cards 2016 Panini Prizm,Blake Griffin [Mojo Prizm] #52,$13.49,,,$19.05,$21.00,,,,,,,$3.80,$14.99,,,,,,2,,,,,2016-11-09
2841996,Basketball Cards 2016 Panini Prizm,Blake Griffin [Orange Prizm] #52,$4.99,,,,,,,,,,,$1.10,$5.49,,,,,,1,,,,,2016-11-09
2842248,Basketball Cards 2016 Panini Prizm,Blake Griffin [Orange Wave Prizm] #52,$9.84,,,,,,,,,,,$2.80,$10.99,,,,,,1,,,,,2016-11-09
2841741,Basketball Cards 2016 Panini Prizm,Blake Griffin [Purple Prizm] #52,$2.44,,,,,,,,,,,,$2.69,,,,,,1,,,,,2016-11-09
2841223,Basketball Cards 2016 Panini Prizm,Blake Griffin [Ruby Wave Prizm] #52,$6.28,,,,,,,,,,,$1.40,$6.89,,,,,,1,,,,,2016-11-09
127846,Basketball Cards 2016 Panini Prizm,Blake Griffin [Silver Prizm] #52,$1.99,,,,,,,,,,,,$2.19,,,,,,1,,,,,2016-11-09
2840975,Basketball Cards 2016 Panini Prizm,Blake Griffin [Starburst Prizm] #52,$2.50,,,,,,,,,,,,$2.79,,,,,,1,,,,,2016-11-09
127847,Basketball Cards 2016 Panini Prizm,Blake Griffin [Teal Wave Prizm] #52,$6.38,,,,,,,,,,,$1.40,$6.99,,,,,,1,,,,,2016-11-09
353045,Basketball Cards 2016 Panini Prizm,Blaster Box,$99.99,,,,,,,,,,,$55.00,$110.00,,,,,,5,,,,,2016-11-09
2840397,Basketball Cards 2016 Panini Prizm,Boban Marjanovic #206,$1.74,,,,,,,,,,,,$1.89,,,,,,2,,,,,2016-11-09
12351617,Basketball Cards 2016 Panini Prizm,Boban Marjanovic [5th Anniversary Mojo] #206,,,,,,,,,,,,,,,,,,,0,,,,,2016-11-09
2843413,Basketball Cards 2016 Panini Prizm,Boban Marjanovic [5th Anniversary Prizm] #206,,,,,,,,,,,,,,,,,,,0,,,,,2016-11-09
12351230,Basketball Cards 2016 Panini Prizm,Boban Marjanovic [Black Prizm] #206,,,,,,,,,,,,,,,,,,,0,,,,,2016-11-09
2841621,Basketball Cards 2016 Panini Prizm,Boban Marjanovic [Blue Wave Prizm] #206,$14.08,,,,,,,,,,,$3.80,$14.99,,,,,,1,,,,,2016-11-09
2843146,Basketball Cards 2016 Panini Prizm,Boban Marjanovic [Gold Prizm] #206,$459.00,,,,,,,,,,,$303.00,$505.00,,,,,,0,,,,,2016-11-09
2840642,Basketball Cards 2016 Panini Prizm,Boban Marjanovic [Green Prizm] #206,$2.00,,,,,,,,,,,,$2.19,,,,,,1,,,,,2016-11-09
2842644,Basketball Cards 2016 Panini Prizm,Boban Marjanovic [Mojo Prizm] #206,$3.77,,,,,,,,,,,$0.80,$4.19,,,,,,1,,,,,2016-11-09
2842128,Basketball Cards 2016 Panini Prizm,Boban Marjanovic [Orange Prizm] #206,$120.00,,,,,,,,,,,$66.00,$132.00,,,,,,1,,,,,2016-11-09
2842385,Basketball Cards 2016 Panini Prizm,Boban Marjanovic [Orange Wave Prizm] #206,$23.54,,,,,,,,,,,$7.80,$25.99,,,,,,1,,,,,2016-11-09
2841876,Basketball Cards 2016 Panini Prizm,Boban Marjanovic [Purple Prizm] #206,$4.89,,,,,,,,,,,$1.10,$5.39,,,,,,1,,,,,2016-11-09
2841364,Basketball Cards 2016 Panini Prizm,Boban Marjanovic [Ruby Wave Prizm] #206,$8.99,,,,,,,,,,,$2.00,$9.89,,,,,,1,,,,,2016-11-09
2840868,Basketball Cards 2016 Panini Prizm,Boban Marjanovic [Silver Prizm] #206,$2.10,,,,,,,,,,,,$2.29,,,,,,1,,,,,2016-11-09
2841107,Basketball Cards 2016 Panini Prizm,Boban Marjanovic [Starburst Prizm] #206,$4.45,,,,,,,,,,,$1.00,$4.89,,,,,,2,,,,,2016-11-09
2842894,Basketball Cards 2016 Panini Prizm,Boban Marjanovic [Teal Wave Prizm] #206,,,,,,,,,,,,,,,,,,,0,,,,,2016-11-09
2840234,Basketball Cards 2016 Panini Prizm,Bobby Portis #22,$0.99,,,,,,,,,,,,$1.09,,,,,,1,,,,,2016-11-09
12351435,Basketball Cards 2016 Panini Prizm,Bobby Portis [5th Anniversary Mojo] #22,,,,,,,,,,,,,,,,,,,0,,,,,2016-11-09
2843238,Basketball Cards 2016 Panini Prizm,Bobby Portis [5th Anniversary Prizm] #22,,,,,,,,,,,,,,,,,,,0,,,,,2016-11-09
12351113,Basketball Cards 2016 Panini Prizm,Bobby Portis [Black Prizm] #22,,,,,,,,,,,,,,,,,,,0,,,,,2016-11-09
2841460,Basketball Cards 2016 Panini Prizm,Bobby Portis [Blue Wave Prizm] #22,$0.99,,,,,,,,,,,,$1.09,,,,,,1,,,,,2016-11-09
2842988,Basketball Cards 2016 Panini Prizm,Bobby Portis [Gold Prizm] #22,$33.00,,,,,,,,,,,$14.40,$35.99,,,,,,3,,,,,2016-11-09
2840487,Basketball Cards 2016 Panini Prizm,Bobby Portis [Green Prizm] #22,$1.65,,,,,,,,,,,,$1.79,,,,,,1,,,,,2016-11-09
2842481,Basketball Cards 2016 Panini Prizm,Bobby Portis [Mojo Prizm] #22,,,,,,,,,,,,,,,,,,,0,,,,,2016-11-09
2841970,Basketball Cards 2016 Panini Prizm,Bobby Portis [Orange Prizm] #22,$5.43,,,,,,,,,,,$1.20,$5.99,,,,,,1,,,,,2016-11-09
2842223,Basketball Cards 2016 Panini Prizm,Bobby Portis [Orange Wave Prizm] #22,,,,,,,,,,,,,,,,,,,0,,,,,2016-11-09
2841713,Basketball Cards 2016 Panini Prizm,Bobby Portis [Purple Prizm] #22,$2.00,,,,,,,,,,,,$2.19,,,,,,1,,,,,2016-11-09
2841195,Basketball Cards 2016 Panini Prizm,Bobby Portis [Ruby Wave Prizm] #22,$1.39,,,,,,,,,,,,$1.49,,,,,,1,,,,,2016-11-09
2840731,Basketball Cards 2016 Panini Prizm,Bobby Portis [Silver Prizm] #22,$1.36,,,,,,,,,,,,$1.49,,,,,,1,,,,,2016-11-09
2840952,Basketball Cards 2016 Panini Prizm,Bobby Portis [Starburst Prizm] #22,$1.37,,,,,,,,,,,,$1.49,,,,,,1,,,,,2016-11-09
2842737,Basketball Cards 2016 Panini Prizm,Bobby Portis [Teal Wave Prizm] #22,,,,,,,,,,,,,,,,,,,0,,,,,2016-11-09
2840359,Basketball Cards 2016 Panini Prizm,Bojan Bogdanovic #164,$0.25,,,,,,,,,,,,$0.99,,,,,,0,,,,,2016-11-09
12351569,Basketball Cards 2016 Panini Prizm,Bojan Bogdanovic [5th Anniversary Mojo] #164,,,,,,,,,,,,,,,,,,,0,,,,,2016-11-09
2843372,Basketball Cards 2016 Panini Prizm,Bojan Bogdanovic [5th Anniversary Prizm] #164,$14.34,,,,,,,,,,,$4.00,$15.99,,,,,,0,,,,,2016-11-09
12351283,Basketball Cards 2016 Panini Prizm,Bojan Bogdanovic [Black Prizm] #164,,,,,,,,,,,,,,,,,,,0,,,,,2016-11-09
2841584,Basketball Cards 2016 Panini Prizm,Bojan Bogdanovic [Blue Wave Prizm] #164,$1.60,,,,,,,,,,,,$1.79,,,,,,1,,,,,2016-11-09
2843110,Basketball Cards 2016 Panini Prizm,Bojan Bogdanovic [Gold Prizm] #164,,,,,,,,,,,,,,,,,,,0,,,,,2016-11-09
2840606,Basketball Cards 2016 Panini Prizm,Bojan Bogdanovic [Green Prizm] #164,$0.25,,,,,,,,,,,,$0.99,,,,,,0,,,,,2016-11-09
2842608,Basketball Cards 2016 Panini Prizm,Bojan Bogdanovic [Mojo Prizm] #164,$9.74,,,,,,,,,,,$2.80,$10.99,,,,,,0,,,,,2016-11-09
2842092,Basketball Cards 2016 Panini Prizm,Bojan Bogdanovic [Orange Prizm] #164,$4.84,,,,,,,,,,,$1.10,$5.29,,,,,,1,,,,,2016-11-09
2842352,Basketball Cards 2016 Panini Prizm,Bojan Bogdanovic [Orange Wave Prizm] #164,$0.99,,,,,,,,,,,,$1.09,,,,,,1,,,,,2016-11-09
2841838,Basketball Cards 2016 Panini Prizm,Bojan Bogdanovic [Purple Prizm] #164,$2.55,,,,,,,,,,,,$2.79,,,,,,1,,,,,2016-11-09
2841327,Basketball Cards 2016 Panini Prizm,Bojan Bogdanovic [Ruby Wave Prizm] #164,$1.49,,,,,,,,,,,,$1.59,,,,,,1,,,,,2016-11-09
2840835,Basketball Cards 2016 Panini Prizm,Bojan Bogdanovic [Silver Prizm] #164,$1.75,,,,,,,,,,,,$1.89,,,,,,1,,,,,2016-11-09
2841072,Basketball Cards 2016 Panini Prizm,Bojan Bogdanovic [Starburst Prizm] #164,$1.99,,,,,,,,,,,,$2.19,,,,,,1,,,,,2016-11-09
2842858,Basketball Cards 2016 Panini Prizm,Bojan Bogdanovic [Teal Wave Prizm] #164,$8.80,,,,,,,,,,,$1.90,$9.69,,,,,,1,,,,,2016-11-09
2840309,Basketball Cards 2016 Panini Prizm,Boris Diaw #107,$1.05,,,,,,,,,,,,$1.19,,,,,,1,,,,,2016-11-09
12351472,Basketball Cards 2016 Panini Prizm,Boris Diaw [5th Anniversary Mojo] #107,,,,,,,,,,,,,,,,,,,0,,,,,2016-11-09
2843320,Basketball Cards 2016 Panini Prizm,Boris Diaw [5th Anniversary Prizm] #107,$4.26,,,,,,,,,,,$0.90,$4.69,,,,,,1,,,,,2016-11-09
12351181,Basketball Cards 2016 Panini Prizm,Boris Diaw [Black Prizm] #107,,,,,,,,,,,,,,,,,,,0,,,,,2016-11-09
2841536,Basketball Cards 2016 Panini Prizm,Boris Diaw [Blue Wave Prizm] #107,$2.99,,,,,,,,,,,,$3.29,,,,,,1,,,,,2016-11-09
2843058,Basketball Cards 2016 Panini Prizm,Boris Diaw [Gold Prizm] #107,,,,,,,,,,,,,,,,,,,0,,,,,2016-11-09
2840556,Basketball Cards 2016 Panini Prizm,Boris Diaw [Green Prizm] #107,$3.00,,,,,,,,,,,,$3.29,,,,,,1,,,,,2016-11-09
2842558,Basketball Cards 2016 Panini Prizm,Boris Diaw [Mojo Prizm] #107,,,,,,,,,,,,,,,,,,,0,,,,,2016-11-09
2842044,Basketball Cards 2016 Panini Prizm,Boris Diaw [Orange Prizm] #107,$3.90,,,,,,,,,,,$0.90,$4.29,,,,,,1,,,,,2016-11-09
2842300,Basketball Cards 2016 Panini Prizm,Boris Diaw [Orange Wave Prizm] #107,$3.99,,,,,,,,,,,$0.90,$4.39,,,,,,1,,,,,2016-11-09
2841790,Basketball Cards 2016 Panini Prizm,Boris Diaw [Purple Prizm] #107,$2.20,,,,,,,,,,,,$2.39,,,,,,1,,,,,2016-11-09
2841273,Basketball Cards 2016 Panini Prizm,Boris Diaw [Ruby Wave Prizm] #107,$1.69,,,,,,,,,,,,$1.89,,,,,,1,,,,,2016-11-09
2840793,Basketball Cards 2016 Panini Prizm,Boris Diaw [Silver Prizm] #107,$1.24,,,,,,,,,,,,$1.39,,,,,,1,,,,,2016-11-09
2841024,Basketball Cards 2016 Panini Prizm,Boris Diaw [Starburst Prizm] #107,$1.69,,,,,,,,,,,,$1.89,,,,,,4,,,,,2016-11-09
2842809,Basketball Cards 2016 Panini Prizm,Boris Diaw [Teal Wave Prizm] #107,$8.00,,,,,,,,,,,$1.80,$8.79,,,,,,1,,,,,2016-11-09
2840464,Basketball Cards 2016 Panini Prizm,Bradley Beal #292,$1.32,,,$0.99,$1.00,,,,,,,,$1.49,,,,,,2,,,,,2016-11-09
12351704,Basketball Cards 2016 Panini Prizm,Bradley Beal [5th Anniversary Mojo] #292,,,,,,,,,,,,,,,,,,,0,,,,,2016-11-09
2843490,Basketball Cards 2016 Panini Prizm,Bradley Beal [5th Anniversary Prizm] #292,,,,$45.00,$50.00,,,,,,,,,,,,,,1,,,,,2016-11-09
12351374,Basketball Cards 2016 Panini Prizm,Bradley Beal [Black Prizm] #292,,,,,,,,,,,,,,,,,,,0,,,,,2016-11-09
2841690,Basketball Cards 2016 Panini Prizm,Bradley Beal [Blue Wave Prizm] #292,$9.73,,,,,$19.50,$25.00,$12.00,$12.00,,,$2.80,$10.99,,,,,,2,,,,,2016-11-09
128287,Basketball Cards 2016 Panini Prizm,Bradley Beal [Gold Prizm] #292,$65.00,,$55.85,$192.74,$212.00,$231.00,$300.00,$139.00,$139.00,,,$28.80,$71.99,,,$24.40,$60.99,,14,,,,,2016-11-09
2840711,Basketball Cards 2016 Panini Prizm,Bradley Beal [Green Prizm] #292,$1.00,,,,,$9.99,$13.00,$6.00,$6.00,,,,$1.09,,,,,,2,,,,,2016-11-09
128288,Basketball Cards 2016 Panini Prizm,Bradley Beal [Mojo Prizm] #292,$34.75,,,,,,,,,,,$15.20,$37.99,,,,,,0,,,,,2016-11-09
128289,Basketball Cards 2016 Panini Prizm,Bradley Beal [Orange Prizm] #292,$6.41,,,$27.70,$30.00,,,,,,,$1.40,$7.09,,,,,,2,,,,,2016-11-09
2842455,Basketball Cards 2016 Panini Prizm,Bradley Beal [Orange Wave Prizm] #292,$39.64,,,,,,,,,,,$17.60,$43.99,,,,,,1,,,,,2016-11-09
2841948,Basketball Cards 2016 Panini Prizm,Bradley Beal [Purple Prizm] #292,$2.13,,,,,,,,,,,,$2.29,,,,,,1,,,,,2016-11-09
2841436,Basketball Cards 2016 Panini Prizm,Bradley Beal [Ruby Wave Prizm] #292,$1.98,,,,,,,,,,,,$2.19,,,,,,1,,,,,2016-11-09
2840928,Basketball Cards 2016 Panini Prizm,Bradley Beal [Silver Prizm] #292,$2.42,,,,,$18.02,$23.00,$11.00,$11.00,,,,$2.69,,,,,,2,,,,,2016-11-09
2841171,Basketball Cards 2016 Panini Prizm,Bradley Beal [Starburst Prizm] #292,$2.16,,,,,$13.43,$17.00,$8.00,$8.00,,,,$2.39,,,,,,2,,,,,2016-11-09
2842965,Basketball Cards 2016 Panini Prizm,Bradley Beal [Teal Wave Prizm] #292,$7.49,,,,,,,,,,,$1.60,$8.19,,,,,,1,,,,,2016-11-09
2840271,Basketball Cards 2016 Panini Prizm,Brandan Wright #66,$0.25,,,,,,,,,,,,$0.99,,,,,,0,,,,,2016-11-09
12351499,Basketball Cards 2016 Panini Prizm,Brandan Wright [5th Anniversary Mojo] #66,,,,,,,,,,,,,,,,,,,0,,,,,2016-11-09
2843283,Basketball Cards 2016 Panini Prizm,Brandan Wright [5th Anniversary Prizm] #66,,,,,,,,,,,,,,,,,,,0,,,,,2016-11-09
12351156,Basketball Cards 2016 Panini Prizm,Brandan Wright [Black Prizm] #66,,,,,,,,,,,,,,,,,,,0,,,,,2016-11-09
2841498,Basketball Cards 2016 Panini Prizm,Brandan Wright [Blue Wave Prizm] #66,$1.88,,,,,,,,,,,,$2.09,,,,,,1,,,,,2016-11-09
2843023,Basketball Cards 2016 Panini Prizm,Brandan Wright [Gold Prizm] #66,$29.99,,,,,,,,,,,$9.90,$32.99,,,,,,2,,,,,2016-11-09
2840522,Basketball Cards 2016 Panini Prizm,Brandan Wright [Green Prizm] #66,$1.13,,,,,,,,,,,,$1.19,,,,,,1,,,,,2016-11-09
2842521,Basketball Cards 2016 Panini Prizm,Brandan Wright [Mojo Prizm] #66,$4.16,,,,,,,,,,,$0.90,$4.59,,,,,,0,,,,,2016-11-09
2842008,Basketball Cards 2016 Panini Prizm,Brandan Wright [Orange Prizm] #66,$1.40,,,,,,,,,,,,$1.49,,,,,,1,,,,,2016-11-09
2842262,Basketball Cards 2016 Panini Prizm,Brandan Wright [Orange Wave Prizm] #66,$2.99,,,,,,,,,,,,$3.29,,,,,,0,,,,,2016-11-09
2841753,Basketball Cards 2016 Panini Prizm,Brandan Wright [Purple Prizm] #66,$1.24,,,,,,,,,,,,$1.39,,,,,,1,,,,,2016-11-09
2841235,Basketball Cards 2016 Panini Prizm,Brandan Wright [Ruby Wave Prizm] #66,,,,,,,,,,,,,,,,,,,0,,,,,2016-11-09
2840760,Basketball Cards 2016 Panini Prizm,Brandan Wright [Silver Prizm] #66,$0.25,,,,,,,,,,,,$0.99,,,,,,0,,,,,2016-11-09
2840989,Basketball Cards 2016 Panini Prizm,Brandan Wright [Starburst Prizm] #66,$0.99,,,,,,,,,,,,$1.09,,,,,,1,,,,,2016-11-09
2842774,Basketball Cards 2016 Panini Prizm,Brandan Wright [Teal Wave Prizm] #66,$0.99,,,,,,,,,,,,$1.09,,,,,,1,,,,,2016-11-09
2840265,Basketball Cards 2016 Panini Prizm,Brandon Bass #60,$0.99,,,,,,,,,,,,$1.09,,,,,,1,,,,,2016-11-09
12351488,Basketball Cards 2016 Panini Prizm,Brandon Bass [5th Anniversary Mojo] #60,,,,,,,,,,,,,,,,,,,0,,,,,2016-11-09
2843276,Basketball Cards 2016 Panini Prizm,Brandon Bass [5th Anniversary Prizm] #60,,,,,,,,,,,,,,,,,,,0,,,,,2016-11-09
12351151,Basketball Cards 2016 Panini Prizm,Brandon Bass [Black Prizm] #60,,,,,,,,,,,,,,,,,,,0,,,,,2016-11-09
2841492,Basketball Cards 2016 Panini Prizm,Brandon Bass [Blue Wave Prizm] #60,$2.22,,,,,,,,,,,,$2.39,,,,,,1,,,,,2016-11-09
2843018,Basketball Cards 2016 Panini Prizm,Brandon Bass [Gold Prizm] #60,,,,,,,,,,,,,,,,,,,0,,,,,2016-11-09
2840516,Basketball Cards 2016 Panini Prizm,Brandon Bass [Green Prizm] #60,$1.06,,,,,,,,,,,,$1.19,,,,,,1,,,,,2016-11-09
2842515,Basketball Cards 2016 Panini Prizm,Brandon Bass [Mojo Prizm] #60,$7.20,,,,,,,,,,,$1.60,$7.89,,,,,,0,,,,,2016-11-09
2842002,Basketball Cards 2016 Panini Prizm,Brandon Bass [Orange Prizm] #60,$0.25,,,,,,,,,,,,$0.99,,,,,,0,,,,,2016-11-09
2842256,Basketball Cards 2016 Panini Prizm,Brandon Bass [Orange Wave Prizm] #60,$3.93,,,,,,,,,,,$0.90,$4.29,,,,,,1,,,,,2016-11-09
2841748,Basketball Cards 2016 Panini Prizm,Brandon Bass [Purple Prizm] #60,$0.25,,,,,,,,,,,,$0.99,,,,,,0,,,,,2016-11-09
2845170,Basketball Cards 2016 Panini Prizm,Brandon Bass [Ruby Wave Prizm] #60,$6.99,,,,,,,,,,,$1.50,$7.69,,,,,,1,,,,,2016-11-09
2840755,Basketball Cards 2016 Panini Prizm,Brandon Bass [Silver Prizm] #60,$0.25,,,,,,,,,,,,$0.99,,,,,,0,,,,,2016-11-09
2840983,Basketball Cards 2016 Panini Prizm,Brandon Bass [Starburst Prizm] #60,$1.49,,,,,,,,,,,,$1.59,,,,,,1,,,,,2016-11-09
2842768,Basketball Cards 2016 Panini Prizm,Brandon Bass [Teal Wave Prizm] #60,$5.43,,,,,,,,,,,$1.20,$5.99,,,,,,1,,,,,2016-11-09
127950,Basketball Cards 2016 Panini Prizm,Brandon Ingram #131,$2.99,$5.25,$7.34,$8.72,$11.16,$14.61,$330.00,$9.00,$4.25,,,,$3.29,$1.20,$5.79,$1.60,$8.09,,89,,,,,2016-11-09
12351519,Basketball Cards 2016 Panini Prizm,Brandon Ingram [5th Anniversary Mojo] #131,,,,,,,,,,,,,,,,,,,0,,,,,2016-11-09
127951,Basketball Cards 2016 Panini Prizm,Brandon Ingram [5th Anniversary Prizm] #131,,,,,,,,,,,,,,,,,,,0,,,,,2016-11-09
12351221,Basketball Cards 2016 Panini Prizm,Brandon Ingram [Black Prizm] #131,,,,,,,,,,,,,,,,,,,0,,,,,2016-11-09
127952,Basketball Cards 2016 Panini Prizm,Brandon Ingram [Blue Wave Prizm] #131,$113.50,,,$97.50,$107.00,$278.85,$363.00,$167.00,$167.00,,,$62.50,$125.00,,,,,,7,,,,,2016-11-09
127953,Basketball Cards 2016 Panini Prizm,Brandon Ingram [Gold Prizm] #131,,,,$6250.00,$6875.00,,,,,,,,,,,,,,1,,,,,2016-11-09
127954,Basketball Cards 2016 Panini Prizm,Brandon Ingram [Green Prizm] #131,$20.38,,$50.40,$55.00,$61.00,$66.00,$154.50,$40.00,$40.00,,,$6.60,$21.99,,,$22.00,$54.99,,16,,,,,2016-11-09
127955,Basketball Cards 2016 Panini Prizm,Brandon Ingram [Mojo Prizm] #131,,,,,$860.17,$3900.00,$5070.00,$2340.00,$2340.00,,,,,,,,,,2,,,,,2016-11-09
127956,Basketball Cards 2016 Panini Prizm,Brandon Ingram [Orange Prizm] #131,$1999.00,,,$672.86,$1105.26,$2733.63,$3554.00,$1640.00,$1640.00,,,$1319.40,$2199.00,,,,,,4,,,,,2016-11-09
127957,Basketball Cards 2016 Panini Prizm,Brandon Ingram [Orange Wave Prizm] #131,$61.46,,,$100.00,$149.00,$152.50,$198.00,$92.00,$92.00,,,$27.20,$67.99,,,,,,4,,,,,2016-11-09
127958,Basketball Cards 2016 Panini Prizm,Brandon Ingram [Purple Prizm] #131,$111.78,,,$202.50,$493.99,$505.01,$657.00,$303.00,$303.00,,,$61.50,$123.00,,,,,,4,,,,,2016-11-09
127959,Basketball Cards 2016 Panini Prizm,Brandon Ingram [Ruby Wave Prizm] #131,$154.18,,$14.95,$156.00,$172.00,$175.00,$228.00,$105.00,$105.00,,,$85.00,$170.00,,,$4.00,$15.99,,5,,,,,2016-11-09
127960,Basketball Cards 2016 Panini Prizm,Brandon Ingram [Silver Prizm] #131,$20.00,$14.00,$18.01,$29.49,$32.00,$72.83,$152.11,$44.00,$44.00,,,$6.60,$21.99,$3.80,$14.99,$5.00,$19.99,,40,,,,,2016-11-09
127961,Basketball Cards 2016 Panini Prizm,Brandon Ingram [Starburst Prizm] #131,$16.02,,$17.74,$17.75,$22.45,$53.96,$70.00,$32.00,$32.00,,,$4.50,$17.99,,,$5.00,$19.99,,20,,,,,2016-11-09
127962,Basketball Cards 2016 Panini Prizm,Brandon Ingram [Teal Wave Prizm] #131,$91.00,,,,$1230.75,$3100.86,$4031.00,$1861.00,$1861.00,,,$40.00,$100.00,,,,,,3,,,,,2016-11-09
2845160,Basketball Cards 2016 Panini Prizm,Brandon Jennings #126,$1.89,,,,,,,,,,,,$2.09,,,,,,1,,,,,2016-11-09
12351513,Basketball Cards 2016 Panini Prizm,Brandon Jennings [5th Anniversary Mojo] #126,,,,,,,,,,,,,,,,,,,0,,,,,2016-11-09
2843337,Basketball Cards 2016 Panini Prizm,Brandon Jennings [5th Anniversary Prizm] #126,,,,,,,,,,,,,,,,,,,0,,,,,2016-11-09
12351215,Basketball Cards 2016 Panini Prizm,Brandon Jennings [Black Prizm] #126,,,,,,,,,,,,,,,,,,,0,,,,,2016-11-09
2841552,Basketball Cards 2016 Panini Prizm,Brandon Jennings [Blue Wave Prizm] #126,$2.29,,,,,,,,,,,,$2.49,,,,,,2,,,,,2016-11-09
2843076,Basketball Cards 2016 Panini Prizm,Brandon Jennings [Gold Prizm] #126,,,,,,,,,,,,,,,,,,,0,,,,,2016-11-09
2840571,Basketball Cards 2016 Panini Prizm,Brandon Jennings [Green Prizm] #126,$0.25,,,,,,,,,,,,$0.99,,,,,,0,,,,,2016-11-09
2842574,Basketball Cards 2016 Panini Prizm,Brandon Jennings [Mojo Prizm] #126,$12.00,,,,,,,,,,,$3.30,$12.99,,,,,,0,,,,,2016-11-09
2842060,Basketball Cards 2016 Panini Prizm,Brandon Jennings [Orange Prizm] #126,$2.00,,,,,,,,,,,,$2.19,,,,,,1,,,,,2016-11-09
2842317,Basketball Cards 2016 Panini Prizm,Brandon Jennings [Orange Wave Prizm] #126,,,,,,,,,,,,,,,,,,,0,,,,,2016-11-09
2841806,Basketball Cards 2016 Panini Prizm,Brandon Jennings [Purple Prizm] #126,$1.80,,,,,,,,,,,,$1.99,,,,,,1,,,,,2016-11-09
2841291,Basketball Cards 2016 Panini Prizm,Brandon Jennings [Ruby Wave Prizm] #126,$1.00,,,,,,,,,,,,$1.09,,,,,,1,,,,,2016-11-09
2840807,Basketball Cards 2016 Panini Prizm,Brandon Jennings [Silver Prizm] #126,$0.99,,,,,,,,,,,,$1.09,,,,,,1,,,,,2016-11-09
2841039,Basketball Cards 2016 Panini Prizm,Brandon Jennings [Starburst Prizm] #126,$0.99,,,,,,,,,,,,$1.09,,,,,,1,,,,,2016-11-09
2842826,Basketball Cards 2016 Panini Prizm,Brandon Jennings [Teal Wave Prizm] #126,$2.99,,,,,,,,,,,,$3.29,,,,,,1,,,,,2016-11-09
2840429,Basketball Cards 2016 Panini Prizm,Brandon Knight #245,$1.25,,,,,,,,,,,,$1.39,,,,,,1,,,,,2016-11-09
12351655,Basketball Cards 2016 Panini Prizm,Brandon Knight [5th Anniversary Mojo] #245,,,,,,,,,,,,,,,,,,,0,,,,,2016-11-09
2843448,Basketball Cards 2016 Panini Prizm,Brandon Knight [5th Anniversary Prizm] #245,$5.67,,,,,,,,,,,$1.20,$6.19,,,,,,1,,,,,2016-11-09
12351311,Basketball Cards 2016 Panini Prizm,Brandon Knight [Black Prizm] #245,,,,,,,,,,,,,,,,,,,0,,,,,2016-11-09
2841653,Basketball Cards 2016 Panini Prizm,Brandon Knight [Blue Wave Prizm] #245,$1.31,,,,,,,,,,,,$1.39,,,,,,1,,,,,2016-11-09
2843180,Basketball Cards 2016 Panini Prizm,Brandon Knight [Gold Prizm] #245,,,,,,,,,,,,,,,,,,,0,,,,,2016-11-09
2840674,Basketball Cards 2016 Panini Prizm,Brandon Knight [Green Prizm] #245,$0.25,,,,,,,,,,,,$0.99,,,,,,0,,,,,2016-11-09
2842674,Basketball Cards 2016 Panini Prizm,Brandon Knight [Mojo Prizm] #245,$6.29,,,,,,,,,,,$1.40,$6.89,,,,,,0,,,,,2016-11-09
2842161,Basketball Cards 2016 Panini Prizm,Brandon Knight [Orange Prizm] #245,$2.61,,,,,,,,,,,,$2.89,,,,,,1,,,,,2016-11-09
2842417,Basketball Cards 2016 Panini Prizm,Brandon Knight [Orange Wave Prizm] #245,$12.04,,,,,,,,,,,$3.30,$12.99,,,,,,1,,,,,2016-11-09
2841911,Basketball Cards 2016 Panini Prizm,Brandon Knight [Purple Prizm] #245,$4.00,,,,,,,,,,,$0.90,$4.39,,,,,,1,,,,,2016-11-09
2841399,Basketball Cards 2016 Panini Prizm,Brandon Knight [Ruby Wave Prizm] #245,,,,,,,,,,,,,,,,,,,0,,,,,2016-11-09
2840894,Basketball Cards 2016 Panini Prizm,Brandon Knight [Silver Prizm] #245,$0.99,,,,,,,,,,,,$1.09,,,,,,1,,,,,2016-11-09
2841138,Basketball Cards 2016 Panini Prizm,Brandon Knight [Starburst Prizm] #245,$1.13,,,,,,,,,,,,$1.19,,,,,,1,,,,,2016-11-09
2842926,Basketball Cards 2016 Panini Prizm,Brandon Knight [Teal Wave Prizm] #245,$5.99,,,,,,,,,,,$1.30,$6.59,,,,,,1,,,,,2016-11-09
127853,Basketball Cards 2016 Panini Prizm,Brice Johnson #56,$1.04,,,$5.00,$6.00,,$21.98,,,,,,$1.09,,,,,,3,,,,,2016-11-09
12351480,Basketball Cards 2016 Panini Prizm,Brice Johnson [5th Anniversary Mojo] #56,,,,,,,,,,,,,,,,,,,0,,,,,2016-11-09
2843272,Basketball Cards 2016 Panini Prizm,Brice Johnson [5th Anniversary Prizm] #56,,,,,,,,,,,,,,,,,,,0,,,,,2016-11-09
12351146,Basketball Cards 2016 Panini Prizm,Brice Johnson [Black Prizm] #56,,,,,,,,,,,,,,,,,,,0,,,,,2016-11-09
2841489,Basketball Cards 2016 Panini Prizm,Brice Johnson [Blue Wave Prizm] #56,$8.37,,,,,,,,,,,$1.80,$9.19,,,,,,1,,,,,2016-11-09
127854,Basketball Cards 2016 Panini Prizm,Brice Johnson [Gold Prizm] #56,,,,,,,,,,,,,,,,,,,0,,,,,2016-11-09
2840512,Basketball Cards 2016 Panini Prizm,Brice Johnson [Green Prizm] #56,$2.63,,,,,,,,,,,,$2.89,,,,,,1,,,,,2016-11-09
2842511,Basketball Cards 2016 Panini Prizm,Brice Johnson [Mojo Prizm] #56,$13.50,,,,,,,,,,,$3.80,$14.99,,,,,,1,,,,,2016-11-09
127855,Basketball Cards 2016 Panini Prizm,Brice Johnson [Orange Prizm] #56,$7.87,,,,,$7.50,$10.00,$5.00,$5.00,,,$1.70,$8.69,,,,,,2,,,,,2016-11-09
2842252,Basketball Cards 2016 Panini Prizm,Brice Johnson [Orange Wave Prizm] #56,$7.29,,,,$19.80,,,,,,,$1.60,$7.99,,,,,,2,,,,,2016-11-09
127856,Basketball Cards 2016 Panini Prizm,Brice Johnson [Purple Prizm] #56,$3.40,,,,,$35.00,$46.00,$21.00,$21.00,,,,$3.69,,,,,,2,,,,,2016-11-09
127857,Basketball Cards 2016 Panini Prizm,Brice Johnson [Ruby Wave Prizm] #56,$2.54,,,,,,,,,,,,$2.79,,,,,,1,,,,,2016-11-09
127858,Basketball Cards 2016 Panini Prizm,Brice Johnson [Silver Prizm] #56,$0.99,,,,$6.50,,,,,,,,$1.09,,,,,,2,,,,,2016-11-09
2840979,Basketball Cards 2016 Panini Prizm,Brice Johnson [Starburst Prizm] #56,$0.99,,,,,,,,,,,,$1.09,,,,,,1,,,,,2016-11-09
127859,Basketball Cards 2016 Panini Prizm,Brice Johnson [Teal Wave Prizm] #56,$10.21,,,,,,,,,,,$2.80,$10.99,,,,,,1,,,,,2016-11-09
2840358,Basketball Cards 2016 Panini Prizm,Brook Lopez #163,$0.99,,,,,,,,,,,,$1.09,,,,,,1,,,,,2016-11-09
12351567,Basketball Cards 2016 Panini Prizm,Brook Lopez [5th Anniversary Mojo] #163,,,,,,,,,,,,,,,,,,,0,,,,,2016-11-09
2843371,Basketball Cards 2016 Panini Prizm,Brook Lopez [5th Anniversary Prizm] #163,$19.95,,,,,,,,,,,$6.60,$21.99,,,,,,0,,,,,2016-11-09
12351282,Basketball Cards 2016 Panini Prizm,Brook Lopez [Black Prizm] #163,$1.25,,,,,,,,,,,,$1.39,,,,,,1,,,,,2016-11-09
2841583,Basketball Cards 2016 Panini Prizm,Brook Lopez [Blue Wave Prizm] #163,$1.84,,,,,,,,,,,,$1.99,,,,,,1,,,,,2016-11-09
2843109,Basketball Cards 2016 Panini Prizm,Brook Lopez [Gold Prizm] #163,,,,,,,,,,,,,,,,,,,0,,,,,2016-11-09
2840605,Basketball Cards 2016 Panini Prizm,Brook Lopez [Green Prizm] #163,$1.01,,,,,,,,,,,,$1.09,,,,,,1,,,,,2016-11-09
2842607,Basketball Cards 2016 Panini Prizm,Brook Lopez [Mojo Prizm] #163,,,,,,,,,,,,,,,,,,,0,,,,,2016-11-09
2842090,Basketball Cards 2016 Panini Prizm,Brook Lopez [Orange Prizm] #163,$3.93,,,,,,,,,,,$0.90,$4.29,,,,,,1,,,,,2016-11-09
2842351,Basketball Cards 2016 Panini Prizm,Brook Lopez [Orange Wave Prizm] #163,$5.64,,,,,$26.39,$34.00,$16.00,$16.00,,,$1.20,$6.19,,,,,,2,,,,,2016-11-09
2841837,Basketball Cards 2016 Panini Prizm,Brook Lopez [Purple Prizm] #163,$2.25,,,,,,,,,,,,$2.49,,,,,,1,,,,,2016-11-09
2841326,Basketball Cards 2016 Panini Prizm,Brook Lopez [Ruby Wave Prizm] #163,,,,,,,,,,,,,,,,,,,0,,,,,2016-11-09
2840834,Basketball Cards 2016 Panini Prizm,Brook Lopez [Silver Prizm] #163,$2.33,,,,,,,,,,,,$2.59,,,,,,1,,,,,2016-11-09
2841071,Basketball Cards 2016 Panini Prizm,Brook Lopez [Starburst Prizm] #163,$0.25,,,,,,,,,,,,$0.99,,,,,,0,,,,,2016-11-09
2842857,Basketball Cards 2016 Panini Prizm,Brook Lopez [Teal Wave Prizm] #163,$7.38,,,,,,,,,,,$1.60,$8.09,,,,,,1,,,,,2016-11-09
128056,Basketball Cards 2016 Panini Prizm,Buddy Hield #192,$3.00,$2.25,$5.25,$6.00,$10.00,$12.12,$16.00,$7.00,$7.00,,,,$3.29,,$2.49,$1.20,$5.79,,34,,,,,2016-11-09
12351603,Basketball Cards 2016 Panini Prizm,Buddy Hield [5th Anniversary Mojo] #192,,,,,,,,,,,,,,,,,,,0,,,,,2016-11-09
2843399,Basketball Cards 2016 Panini Prizm,Buddy Hield [5th Anniversary Prizm] #192,,,,,$37.00,,,,,,,,,,,,,,1,,,,,2016-11-09
12351338,Basketball Cards 2016 Panini Prizm,Buddy Hield [Black Prizm] #192,,,,,,,,,,,,,,,,,,,0,,,,,2016-11-09
128057,Basketball Cards 2016 Panini Prizm,Buddy Hield [Blue Wave Prizm] #192,$12.50,,,$18.37,$42.05,$125.00,$163.00,$75.00,$75.00,,,$3.50,$13.99,,,,,,4,,,,,2016-11-09
128058,Basketball Cards 2016 Panini Prizm,Buddy Hield [Gold Prizm] #192,,,,,$362.00,$369.51,$480.00,$222.00,$222.00,,,,,,,,,,2,,,,,2016-11-09
128059,Basketball Cards 2016 Panini Prizm,Buddy Hield [Green Prizm] #192,$13.63,,,$26.70,$29.00,$43.77,$57.00,$26.00,$26.00,,,$3.80,$14.99,,,,,,6,,,,,2016-11-09
128060,Basketball Cards 2016 Panini Prizm,Buddy Hield [Mojo Prizm] #192,,,,$41.00,$116.73,,,,,,,,,,,,,,2,,,,,2016-11-09
128061,Basketball Cards 2016 Panini Prizm,Buddy Hield [Orange Prizm] #192,$49.99,,,$24.50,$32.00,$843.17,$1096.00,$506.00,$506.00,,,$22.00,$54.99,,,,,,4,,,,,2016-11-09
128062,Basketball Cards 2016 Panini Prizm,Buddy Hield [Orange Wave Prizm] #192,$52.00,,,,,$41.00,$53.00,$25.00,$25.00,,,$22.80,$56.99,,,,,,2,,,,,2016-11-09
128063,Basketball Cards 2016 Panini Prizm,Buddy Hield [Purple Prizm] #192,$19.19,,,$110.00,$121.00,,,,,,,$6.30,$20.99,,,,,,4,,,,,2016-11-09
128064,Basketball Cards 2016 Panini Prizm,Buddy Hield [Ruby Wave Prizm] #192,$6.05,,,$22.99,$25.00,$100.00,$130.00,$60.00,$60.00,,,$1.30,$6.69,,,,,,4,,,,,2016-11-09
128065,Basketball Cards 2016 Panini Prizm,Buddy Hield [Silver Prizm] #192,$7.50,,$4.25,$15.52,$26.00,$26.84,$35.00,$16.00,$16.00,,,$1.70,$8.29,,,$0.90,$4.69,,22,,,,,2016-11-09
128066,Basketball Cards 2016 Panini Prizm,Buddy Hield [Starburst Prizm] #192,$4.23,,,$22.99,$25.00,$30.96,$40.00,$19.00,$19.00,,,$0.90,$4.69,,,,,,8,,,,,2016-11-09
128067,Basketball Cards 2016 Panini Prizm,Buddy Hield [Teal Wave Prizm] #192,,,,,$99.99,$355.00,$462.00,$213.00,$213.00,,,,,,,,,,2,,,,,2016-11-09
2840450,Basketball Cards 2016 Panini Prizm,C.J. McCollum #273,$0.25,,,,,,,,,,,,$0.99,,,,,,0,,,,,2016-11-09
12351684,Basketball Cards 2016 Panini Prizm,C.J. McCollum [5th Anniversary Mojo] #273,,,,,,,,,,,,,,,,,,,0,,,,,2016-11-09
2843473,Basketball Cards 2016 Panini Prizm,C.J. McCollum [5th Anniversary Prizm] #273,,,,,,,,,,,,,,,,,,,0,,,,,2016-11-09
12351356,Basketball Cards 2016 Panini Prizm,C.J. McCollum [Black Prizm] #273,,,,,,,,,,,,,,,,,,,0,,,,,2016-11-09
2841674,Basketball Cards 2016 Panini Prizm,C.J. McCollum [Blue Wave Prizm] #273,$4.27,,,,,,,,,,,$0.90,$4.69,,,,,,0,,,,,2016-11-09
2843199,Basketball Cards 2016 Panini Prizm,C.J. McCollum [Gold Prizm] #273,$46.50,,,,,,,,,,,$20.40,$50.99,,,,,,1,,,,,2016-11-09
2840696,Basketball Cards 2016 Panini Prizm,C.J. McCollum [Green Prizm] #273,$0.25,,,,,,,,,,,,$0.99,,,,,,0,,,,,2016-11-09
2842700,Basketball Cards 2016 Panini Prizm,C.J. McCollum [Mojo Prizm] #273,,,,,,,,,,,,,,,,,,,0,,,,,2016-11-09
2842185,Basketball Cards 2016 Panini Prizm,C.J. McCollum [Orange Prizm] #273,$1.25,,,,,,,,,,,,$1.39,,,,,,1,,,,,2016-11-09
2842441,Basketball Cards 2016 Panini Prizm,C.J. McCollum [Orange Wave Prizm] #273,$21.51,,,,,,,,,,,$7.20,$23.99,,,,,,1,,,,,2016-11-09
2841933,Basketball Cards 2016 Panini Prizm,C.J. McCollum [Purple Prizm] #273,$3.00,,,,,,,,,,,,$3.29,,,,,,1,,,,,2016-11-09
2841421,Basketball Cards 2016 Panini Prizm,C.J. McCollum [Ruby Wave Prizm] #273,$1.29,,,,,,,,,,,,$1.39,,,,,,1,,,,,2016-11-09
2840914,Basketball Cards 2016 Panini Prizm,C.J. McCollum [Silver Prizm] #273,$0.25,,,,,,,,,,,,$0.99,,,,,,0,,,,,2016-11-09
128235,Basketball Cards 2016 Panini Prizm,C.J. McCollum [Starburst Prizm] #273,$1.00,,,,,,,,,,,,$1.09,,,,,,1,,,,,2016-11-09
2842949,Basketball Cards 2016 Panini Prizm,C.J. McCollum [Teal Wave Prizm] #273,,,,,,,,,,,,,,,,,,,0,,,,,2016-11-09
2840383,Basketball Cards 2016 Panini Prizm,C.J. Miles #190,$0.25,,,,,,,,,,,,$0.99,,,,,,0,,,,,2016-11-09
12351601,Basketball Cards 2016 Panini Prizm,C.J. Miles [5th Anniversary Mojo] #190,,,,,,,,,,,,,,,,,,,0,,,,,2016-11-09
2843397,Basketball Cards 2016 Panini Prizm,C.J. Miles [5th Anniversary Prizm] #190,$17.49,,,,,,,,,,,$4.80,$18.99,,,,,,0,,,,,2016-11-09
12351336,Basketball Cards 2016 Panini Prizm,C.J. Miles [Black Prizm] #190,,,,,,,,,,,,,,,,,,,0,,,,,2016-11-09
2841608,Basketball Cards 2016 Panini Prizm,C.J. Miles [Blue Wave Prizm] #190,$0.25,,,,,,,,,,,,$0.99,,,,,,0,,,,,2016-11-09
2843132,Basketball Cards 2016 Panini Prizm,C.J. Miles [Gold Prizm] #190,$32.30,,,,,,,,,,,$14.40,$35.99,,,,,,0,,,,,2016-11-09
2840627,Basketball Cards 2016 Panini Prizm,C.J. Miles [Green Prizm] #190,$0.25,,,,,,,,,,,,$0.99,,,,,,0,,,,,2016-11-09
2842631,Basketball Cards 2016 Panini Prizm,C.J. Miles [Mojo Prizm] #190,$19.99,,,,,,,,,,,$6.60,$21.99,,,,,,1,,,,,2016-11-09
2842115,Basketball Cards 2016 Panini Prizm,C.J. Miles [Orange Prizm] #190,$1.46,,,,,,,,,,,,$1.59,,,,,,1,,,,,2016-11-09
2842373,Basketball Cards 2016 Panini Prizm,C.J. Miles [Orange Wave Prizm] #190,$2.00,,,,,,,,,,,,$2.19,,,,,,0,,,,,2016-11-09
2841861,Basketball Cards 2016 Panini Prizm,C.J. Miles [Purple Prizm] #190,$0.25,,,,,,,,,,,,$0.99,,,,,,0,,,,,2016-11-09
2841351,Basketball Cards 2016 Panini Prizm,C.J. Miles [Ruby Wave Prizm] #190,$1.08,,,,,,,,,,,,$1.19,,,,,,1,,,,,2016-11-09
2840856,Basketball Cards 2016 Panini Prizm,C.J. Miles [Silver Prizm] #190,$1.09,,,,,,,,,,,,$1.19,,,,,,1,,,,,2016-11-09
2841094,Basketball Cards 2016 Panini Prizm,C.J. Miles [Starburst Prizm] #190,$0.99,,,,,,,,,,,,$1.09,,,,,,1,,,,,2016-11-09
2842881,Basketball Cards 2016 Panini Prizm,C.J. Miles [Teal Wave Prizm] #190,$29.28,,,,,,,,,,,$9.60,$31.99,,,,,,1,,,,,2016-11-09
2840438,Basketball Cards 2016 Panini Prizm,Cameron Payne #257,$0.99,,,,,,,,,,,,$1.09,,,,,,1,,,,,2016-11-09
12351667,Basketball Cards 2016 Panini Prizm,Cameron Payne [5th Anniversary Mojo] #257,,,,,,,,,,,,,,,,,,,0,,,,,2016-11-09
2843459,Basketball Cards 2016 Panini Prizm,Cameron Payne [5th Anniversary Prizm] #257,$31.51,,,,,,,,,,,$10.50,$34.99,,,,,,1,,,,,2016-11-09
12351325,Basketball Cards 2016 Panini Prizm,Cameron Payne [Black Prizm] #257,,,,,,,,,,,,,,,,,,,0,,,,,2016-11-09
2841662,Basketball Cards 2016 Panini Prizm,Cameron Payne [Blue Wave Prizm] #257,$1.95,,,,,,,,,,,,$2.19,,,,,,1,,,,,2016-11-09
2843188,Basketball Cards 2016 Panini Prizm,Cameron Payne [Gold Prizm] #257,$22.88,,,,,,,,,,,$7.50,$24.99,,,,,,1,,,,,2016-11-09
2840683,Basketball Cards 2016 Panini Prizm,Cameron Payne [Green Prizm] #257,$1.83,,,,,,,,,,,,$1.99,,,,,,1,,,,,2016-11-09
2842684,Basketball Cards 2016 Panini Prizm,Cameron Payne [Mojo Prizm] #257,$12.00,,,,,,,,,,,$3.30,$12.99,,,,,,1,,,,,2016-11-09
2842170,Basketball Cards 2016 Panini Prizm,Cameron Payne [Orange Prizm] #257,$9.95,,,,,,,,,,,$2.80,$10.99,,,,,,1,,,,,2016-11-09
2842427,Basketball Cards 2016 Panini Prizm,Cameron Payne [Orange Wave Prizm] #257,$5.00,,,,,,,,,,,$1.10,$5.49,,,,,,1,,,,,2016-11-09
2841920,Basketball Cards 2016 Panini Prizm,Cameron Payne [Purple Prizm] #257,$1.55,,,,,,,,,,,,$1.69,,,,,,1,,,,,2016-11-09
2841408,Basketball Cards 2016 Panini Prizm,Cameron Payne [Ruby Wave Prizm] #257,$1.35,,,,,,,,,,,,$1.49,,,,,,1,,,,,2016-11-09
2840903,Basketball Cards 2016 Panini Prizm,Cameron Payne [Silver Prizm] #257,$0.99,,,,,,,,,,,,$1.09,,,,,,1,,,,,2016-11-09
2841147,Basketball Cards 2016 Panini Prizm,Cameron Payne [Starburst Prizm] #257,$1.12,,,,,,,,,,,,$1.19,,,,,,1,,,,,2016-11-09
2842935,Basketball Cards 2016 Panini Prizm,Cameron Payne [Teal Wave Prizm] #257,$13.97,,,,,,,,,,,$3.80,$14.99,,,,,,1,,,,,2016-11-09
128006,Basketball Cards 2016 Panini Prizm,Caris LeVert #165,$2.04,$0.99,$4.99,$5.00,$6.00,$6.00,$8.00,$4.00,$4.00,,,,$2.19,,$1.09,$1.10,$5.49,,29,,,,,2016-11-09
12351571,Basketball Cards 2016 Panini Prizm,Caris LeVert [5th Anniversary Mojo] #165,,,,,,,,,,,,,,,,,,,0,,,,,2016-11-09
2843373,Basketball Cards 2016 Panini Prizm,Caris LeVert [5th Anniversary Prizm] #165,$33.60,,,,,,,,,,,$14.80,$36.99,,,,,,1,,,,,2016-11-09
12351284,Basketball Cards 2016 Panini Prizm,Caris LeVert [Black Prizm] #165,,,,,,,,,,,,,,,,,,,0,,,,,2016-11-09
128007,Basketball Cards 2016 Panini Prizm,Caris LeVert [Blue Wave Prizm] #165,$23.15,,,$8.38,$31.00,$32.00,$42.00,$19.00,$19.00,,,$7.50,$24.99,,,,,,5,,,,,2016-11-09
128008,Basketball Cards 2016 Panini Prizm,Caris LeVert [Gold Prizm] #165,$407.20,,,,,,,,,,,$224.00,$448.00,,,,,,1,,,,,2016-11-09
128009,Basketball Cards 2016 Panini Prizm,Caris LeVert [Green Prizm] #165,$12.99,,,$4.99,$5.00,$11.90,$15.00,$7.00,$7.00,,,$3.50,$13.99,,,,,,5,,,,,2016-11-09
128010,Basketball Cards 2016 Panini Prizm,Caris LeVert [Mojo Prizm] #165,,,,,$53.00,$54.50,$71.00,$33.00,$33.00,,,,,,,,,,2,,,,,2016-11-09
128011,Basketball Cards 2016 Panini Prizm,Caris LeVert [Orange Prizm] #165,$395.50,,$150.00,$165.00,$182.00,$405.00,$527.00,$243.00,$243.00,,,$217.50,$435.00,,,$82.50,$165.00,,5,,,,,2016-11-09
128012,Basketball Cards 2016 Panini Prizm,Caris LeVert [Orange Wave Prizm] #165,$6.55,,,$28.59,$31.00,,,,,,,$1.40,$7.19,,,,,,2,,,,,2016-11-09
128013,Basketball Cards 2016 Panini Prizm,Caris LeVert [Purple Prizm] #165,$62.50,,,,,$110.76,$144.00,$66.00,$66.00,,,$27.60,$68.99,,,,,,2,,,,,2016-11-09
128014,Basketball Cards 2016 Panini Prizm,Caris LeVert [Ruby Wave Prizm] #165,$65.55,,,$29.01,$32.00,$46.00,$60.00,$28.00,$28.00,,,$28.80,$71.99,,,,,,3,,,,,2016-11-09
128015,Basketball Cards 2016 Panini Prizm,Caris LeVert [Silver Prizm] #165,$2.87,,$93.81,$103.00,$113.00,$124.00,$161.00,$74.00,$74.00,,,,$3.19,,,$51.50,$103.00,,19,,,,,2016-11-09
128016,Basketball Cards 2016 Panini Prizm,Caris LeVert [Starburst Prizm] #165,$5.49,,$24.95,$27.00,$30.00,$32.00,$42.00,$19.00,$19.00,,,$1.20,$5.99,,,$8.10,$26.99,,11,,,,,2016-11-09
128017,Basketball Cards 2016 Panini Prizm,Caris LeVert [Teal Wave Prizm] #165,,,,$26.25,$71.78,,,,,,,,,,,,,,2,,,,,2016-11-09
2840322,Basketball Cards 2016 Panini Prizm,Carmelo Anthony #121,$1.05,,,$49.99,$55.00,$60.00,$78.00,$36.00,$36.00,,,,$1.19,,,,,,4,,,,,2016-11-09
12351498,Basketball Cards 2016 Panini Prizm,Carmelo Anthony [5th Anniversary Mojo] #121,,,,,,,,,,,,,,,,,,,0,,,,,2016-11-09
2845188,Basketball Cards 2016 Panini Prizm,Carmelo Anthony [5th Anniversary Prizm] #121,,,,,,,,,,,,,,,,,,,0,,,,,2016-11-09
12351210,Basketball Cards 2016 Panini Prizm,Carmelo Anthony [Black Prizm] #121,,,,,,,,,,,,,,,,,,,0,,,,,2016-11-09
2841548,Basketball Cards 2016 Panini Prizm,Carmelo Anthony [Blue Wave Prizm] #121,$6.48,,,$28.40,$31.00,$120.00,$156.00,$72.00,$72.00,,,$1.40,$7.09,,,,,,5,,,,,2016-11-09
2843072,Basketball Cards 2016 Panini Prizm,Carmelo Anthony [Gold Prizm] #121,,,$274.00,,,,,,,,,,,,,$150.50,$301.00,,1,,,,,2016-11-09
2840567,Basketball Cards 2016 Panini Prizm,Carmelo Anthony [Green Prizm] #121,$1.00,,,,,$26.99,$35.00,$16.00,$16.00,,,,$1.09,,,,,,2,,,,,2016-11-09
2842571,Basketball Cards 2016 Panini Prizm,Carmelo Anthony [Mojo Prizm] #121,$23.80,,,$51.00,$52.00,$53.00,$69.00,$32.00,$32.00,,,$7.80,$25.99,,,,,,3,,,,,2016-11-09
127934,Basketball Cards 2016 Panini Prizm,Carmelo Anthony [Orange Prizm] #121,$5.00,,,$22.72,$25.00,$108.00,$140.00,$65.00,$65.00,,,$1.10,$5.49,,,,,,3,,,,,2016-11-09
127935,Basketball Cards 2016 Panini Prizm,Carmelo Anthony [Orange Wave Prizm] #121,,,$7.16,$45.00,$50.00,$120.00,$156.00,$72.00,$72.00,,,,,,,$1.60,$7.89,,3,,,,,2016-11-09
2841802,Basketball Cards 2016 Panini Prizm,Carmelo Anthony [Purple Prizm] #121,$14.34,,,$39.99,$44.00,$56.00,$73.00,$34.00,$34.00,,,$4.00,$15.99,,,,,,3,,,,,2016-11-09
2841286,Basketball Cards 2016 Panini Prizm,Carmelo Anthony [Ruby Wave Prizm] #121,$2.52,,,,,,,,,,,,$2.79,,,,,,1,,,,,2016-11-09
2840804,Basketball Cards 2016 Panini Prizm,Carmelo Anthony [Silver Prizm] #121,$2.99,,,,,,,,,,,,$3.29,,,,,,3,,,,,2016-11-09
127936,Basketball Cards 2016 Panini Prizm,Carmelo Anthony [Starburst Prizm] #121,$3.33,,,,,$65.00,$85.00,$39.00,$39.00,,,,$3.69,,,,,,4,,,,,2016-11-09
2842822,Basketball Cards 2016 Panini Prizm,Carmelo Anthony [Teal Wave Prizm] #121,$21.74,,,,,$36.00,$47.00,$22.00,$22.00,,,$7.20,$23.99,,,,,,2,,,,,2016-11-09
214306,Basketball Cards 2016 Panini Prizm,Cello Box,$290.88,,,,,,,,,,,$160.00,$320.00,,,,,,1,,,,,2016-11-09
2840267,Basketball Cards 2016 Panini Prizm,Chandler Parsons #62,$0.99,,,,,,,,,,,,$1.09,,,,,,1,,,,,2016-11-09
12351491,Basketball Cards 2016 Panini Prizm,Chandler Parsons [5th Anniversary Mojo] #62,,,,,,,,,,,,,,,,,,,0,,,,,2016-11-09
2843278,Basketball Cards 2016 Panini Prizm,Chandler Parsons [5th Anniversary Prizm] #62,,,,,,,,,,,,,,,,,,,0,,,,,2016-11-09
12351152,Basketball Cards 2016 Panini Prizm,Chandler Parsons [Black Prizm] #62,,,,,,,,,,,,,,,,,,,0,,,,,2016-11-09
2841494,Basketball Cards 2016 Panini Prizm,Chandler Parsons [Blue Wave Prizm] #62,$1.75,,,,,,,,,,,,$1.89,,,,,,1,,,,,2016-11-09
2843020,Basketball Cards 2016 Panini Prizm,Chandler Parsons [Gold Prizm] #62,$11.61,,,,,,,,,,,$3.30,$12.99,,,,,,1,,,,,2016-11-09
2840518,Basketball Cards 2016 Panini Prizm,Chandler Parsons [Green Prizm] #62,$1.35,,,,,,,,,,,,$1.49,,,,,,1,,,,,2016-11-09
2842517,Basketball Cards 2016 Panini Prizm,Chandler Parsons [Mojo Prizm] #62,$3.42,,,,,,,,,,,$0.80,$3.79,,,,,,1,,,,,2016-11-09
2842004,Basketball Cards 2016 Panini Prizm,Chandler Parsons [Orange Prizm] #62,$1.88,,,,,,,,,,,,$2.09,,,,,,1,,,,,2016-11-09
2842258,Basketball Cards 2016 Panini Prizm,Chandler Parsons [Orange Wave Prizm] #62,$3.56,,,,,,,,,,,$0.80,$3.89,,,,,,1,,,,,2016-11-09
2841750,Basketball Cards 2016 Panini Prizm,Chandler Parsons [Purple Prizm] #62,$2.40,,,,,,,,,,,,$2.59,,,,,,1,,,,,2016-11-09
2841231,Basketball Cards 2016 Panini Prizm,Chandler Parsons [Ruby Wave Prizm] #62,$1.50,,,,,,,,,,,,$1.69,,,,,,1,,,,,2016-11-09
2840757,Basketball Cards 2016 Panini Prizm,Chandler Parsons [Silver Prizm] #62,$0.25,,,,,,,,,,,,$0.99,,,,,,0,,,,,2016-11-09
2840985,Basketball Cards 2016 Panini Prizm,Chandler Parsons [Starburst Prizm] #62,$1.75,,,,,,,,,,,,$1.89,,,,,,1,,,,,2016-11-09
2842770,Basketball Cards 2016 Panini Prizm,Chandler Parsons [Teal Wave Prizm] #62,$5.99,,,,,,,,,,,$1.30,$6.59,,,,,,1,,,,,2016-11-09
2840246,Basketball Cards 2016 Panini Prizm,Channing Frye #38,$1.83,,,,,,,,,,,,$1.99,,,,,,1,,,,,2016-11-09
12351451,Basketball Cards 2016 Panini Prizm,Channing Frye [5th Anniversary Mojo] #38,,,,,,,,,,,,,,,,,,,0,,,,,2016-11-09
2843254,Basketball Cards 2016 Panini Prizm,Channing Frye [5th Anniversary Prizm] #38,,,,,,,,,,,,,,,,,,,0,,,,,2016-11-09
12351129,Basketball Cards 2016 Panini Prizm,Channing Frye [Black Prizm] #38,,,,,,,,,,,,,,,,,,,0,,,,,2016-11-09
2841473,Basketball Cards 2016 Panini Prizm,Channing Frye [Blue Wave Prizm] #38,$2.25,,,,,,,,,,,,$2.49,,,,,,1,,,,,2016-11-09
2843000,Basketball Cards 2016 Panini Prizm,Channing Frye [Gold Prizm] #38,$12.50,,,,,,,,,,,$3.50,$13.99,,,,,,1,,,,,2016-11-09
2840498,Basketball Cards 2016 Panini Prizm,Channing Frye [Green Prizm] #38,$0.25,,,,,,,,,,,,$0.99,,,,,,0,,,,,2016-11-09
2842496,Basketball Cards 2016 Panini Prizm,Channing Frye [Mojo Prizm] #38,$9.45,,,,,,,,,,,$2.00,$9.99,,,,,,0,,,,,2016-11-09
2845179,Basketball Cards 2016 Panini Prizm,Channing Frye [Orange Prizm] #38,$1.82,,,,,,,,,,,,$1.99,,,,,,1,,,,,2016-11-09
2842236,Basketball Cards 2016 Panini Prizm,Channing Frye [Orange Wave Prizm] #38,$2.85,,,,,,,,,,,,$3.09,,,,,,1,,,,,2016-11-09
2841728,Basketball Cards 2016 Panini Prizm,Channing Frye [Purple Prizm] #38,$2.99,,,,,,,,,,,,$3.29,,,,,,1,,,,,2016-11-09
2841210,Basketball Cards 2016 Panini Prizm,Channing Frye [Ruby Wave Prizm] #38,$1.44,,,,,,,,,,,,$1.59,,,,,,1,,,,,2016-11-09
2840741,Basketball Cards 2016 Panini Prizm,Channing Frye [Silver Prizm] #38,$1.29,,,,,,,,,,,,$1.39,,,,,,1,,,,,2016-11-09
2840964,Basketball Cards 2016 Panini Prizm,Channing Frye [Starburst Prizm] #38,$1.50,,,,,,,,,,,,$1.69,,,,,,1,,,,,2016-11-09
2842751,Basketball Cards 2016 Panini Prizm,Channing Frye [Teal Wave Prizm] #38,,,,,,,,,,,,,,,,,,,0,,,,,2016-11-09
2840387,Basketball Cards 2016 Panini Prizm,Cheick Diallo #196,$1.55,,,,$274.00,,,,,,,,$1.69,,,,,,3,,,,,2016-11-09
12351607,Basketball Cards 2016 Panini Prizm,Cheick Diallo [5th Anniversary Mojo] #196,,,,,,,,,,,,,,,,,,,0,,,,,2016-11-09
2843403,Basketball Cards 2016 Panini Prizm,Cheick Diallo [5th Anniversary Prizm] #196,,,,,,,,,,,,,,,,,,,0,,,,,2016-11-09
12351343,Basketball Cards 2016 Panini Prizm,Cheick Diallo [Black Prizm] #196,,,,,,,,,,,,,,,,,,,0,,,,,2016-11-09
128068,Basketball Cards 2016 Panini Prizm,Cheick Diallo [Blue Wave Prizm] #196,$0.99,,,,,,,,,,,,$1.09,,,,,,1,,,,,2016-11-09
2843136,Basketball Cards 2016 Panini Prizm,Cheick Diallo [Gold Prizm] #196,$10.99,,,,,,,,,,,$3.00,$11.99,,,,,,1,,,,,2016-11-09
2840632,Basketball Cards 2016 Panini Prizm,Cheick Diallo [Green Prizm] #196,$1.79,,,,,,,,,,,,$1.99,,,,,,1,,,,,2016-11-09
128069,Basketball Cards 2016 Panini Prizm,Cheick Diallo [Mojo Prizm] #196,,,,,,,,,,,,,,,,,,,0,,,,,2016-11-09
128070,Basketball Cards 2016 Panini Prizm,Cheick Diallo [Orange Prizm] #196,,,,,,,,,,,,,,,,,,,0,,,,,2016-11-09
128071,Basketball Cards 2016 Panini Prizm,Cheick Diallo [Orange Wave Prizm] #196,$2.75,,,,,$18.65,$24.00,$11.00,$11.00,,,,$2.99,,,,,,2,,,,,2016-11-09
2841865,Basketball Cards 2016 Panini Prizm,Cheick Diallo [Purple Prizm] #196,$0.25,,,,,,,,,,,,$0.99,,,,,,0,,,,,2016-11-09
128072,Basketball Cards 2016 Panini Prizm,Cheick Diallo [Ruby Wave Prizm] #196,$1.49,,,,,,,,,,,,$1.59,,,,,,1,,,,,2016-11-09
128073,Basketball Cards 2016 Panini Prizm,Cheick Diallo [Silver Prizm] #196,$1.33,,,,$2.04,,,,,,,,$1.49,,,,,,3,,,,,2016-11-09
128074,Basketball Cards 2016 Panini Prizm,Cheick Diallo [Starburst Prizm] #196,$1.65,,,,,,,,,,,,$1.79,,,,,,1,,,,,2016-11-09
128075,Basketball Cards 2016 Panini Prizm,Cheick Diallo [Teal Wave Prizm] #196,$12.27,,,,,$21.87,$28.00,$13.00,$13.00,,,$3.50,$13.99,,,,,,2,,,,,2016-11-09
127902,Basketball Cards 2016 Panini Prizm,Chris Bosh #86,$1.99,,$5.99,$9.50,$10.00,$11.00,$14.00,$7.00,$7.00,,,,$2.19,,,$1.30,$6.59,,5,,,,,2016-11-09
12351553,Basketball Cards 2016 Panini Prizm,Chris Bosh [5th Anniversary Mojo] #86,,,,,,,,,,,,,,,,,,,0,,,,,2016-11-09
2843300,Basketball Cards 2016 Panini Prizm,Chris Bosh [5th Anniversary Prizm] #86,,,,,,,,,,,,,,,,,,,0,,,,,2016-11-09
12351182,Basketball Cards 2016 Panini Prizm,Chris Bosh [Black Prizm] #86,,,,,,,,,,,,,,,,,,,0,,,,,2016-11-09
2841515,Basketball Cards 2016 Panini Prizm,Chris Bosh [Blue Wave Prizm] #86,$2.28,,,,,,,,,,,,$2.49,,,,,,2,,,,,2016-11-09
2843041,Basketball Cards 2016 Panini Prizm,Chris Bosh [Gold Prizm] #86,$222.50,,,,,$385.00,$501.00,$231.00,$231.00,,,$122.50,$245.00,,,,,,2,,,,,2016-11-09
2840537,Basketball Cards 2016 Panini Prizm,Chris Bosh [Green Prizm] #86,$1.00,,,,,,,,,,,,$1.09,,,,,,1,,,,,2016-11-09
2842537,Basketball Cards 2016 Panini Prizm,Chris Bosh [Mojo Prizm] #86,$0.99,,,$14.25,$16.00,,,,,,,,$1.09,,,,,,2,,,,,2016-11-09
2842025,Basketball Cards 2016 Panini Prizm,Chris Bosh [Orange Prizm] #86,$7.67,,,,,,,,,,,$1.70,$8.39,,,,,,2,,,,,2016-11-09
2842280,Basketball Cards 2016 Panini Prizm,Chris Bosh [Orange Wave Prizm] #86,$7.86,,,,,,,,,,,$1.70,$8.69,,,,,,1,,,,,2016-11-09
2841770,Basketball Cards 2016 Panini Prizm,Chris Bosh [Purple Prizm] #86,$2.40,,$6.88,$12.41,$23.33,$33.03,$43.00,$20.00,$20.00,,,,$2.59,,,$1.50,$7.59,,21,,,,,2016-11-09
2841252,Basketball Cards 2016 Panini Prizm,Chris Bosh [Ruby Wave Prizm] #86,$1.39,,,,,$15.50,$20.00,$9.00,$9.00,,,,$1.49,,,,,,2,,,,,2016-11-09
2840774,Basketball Cards 2016 Panini Prizm,Chris Bosh [Silver Prizm] #86,$1.33,,,$13.64,$15.00,,,,,,,,$1.49,,,,,,3,,,,,2016-11-09
2841005,Basketball Cards 2016 Panini Prizm,Chris Bosh [Starburst Prizm] #86,$2.50,,,,,,,,,,,,$2.79,,,,,,2,,,,,2016-11-09
2842789,Basketball Cards 2016 Panini Prizm,Chris Bosh [Teal Wave Prizm] #86,$33.95,,,,,,,,,,,$14.80,$36.99,,,,,,0,,,,,2016-11-09
2840360,Basketball Cards 2016 Panini Prizm,Chris McCullough #166,$0.18,,,,,,,,,,,,$0.99,,,,,,1,,,,,2016-11-09
12351574,Basketball Cards 2016 Panini Prizm,Chris McCullough [5th Anniversary Mojo] #166,,,,,,,,,,,,,,,,,,,0,,,,,2016-11-09
2843374,Basketball Cards 2016 Panini Prizm,Chris McCullough [5th Anniversary Prizm] #166,$3.58,,,,,,,,,,,$0.80,$3.89,,,,,,1,,,,,2016-11-09
12351286,Basketball Cards 2016 Panini Prizm,Chris McCullough [Black Prizm] #166,,,,,,,,,,,,,,,,,,,0,,,,,2016-11-09
2841585,Basketball Cards 2016 Panini Prizm,Chris McCullough [Blue Wave Prizm] #166,$0.25,,,,,,,,,,,,$0.99,,,,,,0,,,,,2016-11-09
2843111,Basketball Cards 2016 Panini Prizm,Chris McCullough [Gold Prizm] #166,,,,,,,,,,,,,,,,,,,0,,,,,2016-11-09
2840607,Basketball Cards 2016 Panini Prizm,Chris McCullough [Green Prizm] #166,$0.25,,,,,,,,,,,,$0.99,,,,,,0,,,,,2016-11-09
2842609,Basketball Cards 2016 Panini Prizm,Chris McCullough [Mojo Prizm] #166,,,,,,,,,,,,,,,,,,,0,,,,,2016-11-09
2842093,Basketball Cards 2016 Panini Prizm,Chris McCullough [Orange Prizm] #166,$1.88,,,,,,,,,,,,$2.09,,,,,,1,,,,,2016-11-09
2842353,Basketball Cards 2016 Panini Prizm,Chris McCullough [Orange Wave Prizm] #166,$6.00,,,,,,,,,,,$1.30,$6.59,,,,,,1,,,,,2016-11-09
2841839,Basketball Cards 2016 Panini Prizm,Chris McCullough [Purple Prizm] #166,$1.39,,,,,,,,,,,,$1.49,,,,,,1,,,,,2016-11-09
2841329,Basketball Cards 2016 Panini Prizm,Chris McCullough [Ruby Wave Prizm] #166,$0.99,,,,,,,,,,,,$1.09,,,,,,1,,,,,2016-11-09
2840836,Basketball Cards 2016 Panini Prizm,Chris McCullough [Silver Prizm] #166,$0.99,,,,,,,,,,,,$1.09,,,,,,1,,,,,2016-11-09
2841073,Basketball Cards 2016 Panini Prizm,Chris McCullough [Starburst Prizm] #166,$1.51,,,,,,,,,,,,$1.69,,,,,,1,,,,,2016-11-09
2842859,Basketball Cards 2016 Panini Prizm,Chris McCullough [Teal Wave Prizm] #166,$6.26,,,,,,,,,,,$1.40,$6.89,,,,,,1,,,,,2016-11-09
2840257,Basketball Cards 2016 Panini Prizm,Chris Paul #51,$1.49,,,$8.20,$9.00,$16.50,$21.00,$10.00,$10.00,,,,$1.59,,,,,,3,,,,,2016-11-09
12351469,Basketball Cards 2016 Panini Prizm,Chris Paul [5th Anniversary Mojo] #51,,,,,,,,,,,,,,,,,,,0,,,,,2016-11-09
2843267,Basketball Cards 2016 Panini Prizm,Chris Paul [5th Anniversary Prizm] #51,,,,,,,,,,,,,,,,,,,0,,,,,2016-11-09
12351141,Basketball Cards 2016 Panini Prizm,Chris Paul [Black Prizm] #51,,,,,,,,,,,,,,,,,,,0,,,,,2016-11-09
2841484,Basketball Cards 2016 Panini Prizm,Chris Paul [Blue Wave Prizm] #51,$7.00,,,,,,,,,,,$1.50,$7.69,,,,,,2,,,,,2016-11-09
127844,Basketball Cards 2016 Panini Prizm,Chris Paul [Gold Prizm] #51,,,,$67.00,$74.00,$655.00,$852.00,$393.00,$393.00,,,,,,,,,,2,,,,,2016-11-09
2840507,Basketball Cards 2016 Panini Prizm,Chris Paul [Green Prizm] #51,$1.89,,,,,,,,,,,,$2.09,,,,,,1,,,,,2016-11-09
2842508,Basketball Cards 2016 Panini Prizm,Chris Paul [Mojo Prizm] #51,$63.50,,,$20.50,$23.00,$71.00,$92.00,$43.00,$43.00,,,$28.00,$69.99,,,,,,3,,,,,2016-11-09
2841995,Basketball Cards 2016 Panini Prizm,Chris Paul [Orange Prizm] #51,$3.68,,,$14.50,$16.00,$44.00,$57.00,$26.00,$26.00,,,$0.80,$4.09,,,,,,4,,,,,2016-11-09
2842247,Basketball Cards 2016 Panini Prizm,Chris Paul [Orange Wave Prizm] #51,$3.25,,,,,$200.00,$260.00,$120.00,$120.00,,,,$3.59,,,,,,2,,,,,2016-11-09
2841740,Basketball Cards 2016 Panini Prizm,Chris Paul [Purple Prizm] #51,$7.35,,,$18.31,$20.00,,,,,,,$1.60,$8.09,,,,,,2,,,,,2016-11-09
2841222,Basketball Cards 2016 Panini Prizm,Chris Paul [Ruby Wave Prizm] #51,$2.49,,,,,,,,,,,,$2.69,,,,,,1,,,,,2016-11-09
127845,Basketball Cards 2016 Panini Prizm,Chris Paul [Silver Prizm] #51,$2.13,,,,,,,,,,,,$2.29,,,,,,3,,,,,2016-11-09
2840974,Basketball Cards 2016 Panini Prizm,Chris Paul [Starburst Prizm] #51,$1.29,,,,,,,,,,,,$1.39,,,,,,2,,,,,2016-11-09
2842762,Basketball Cards 2016 Panini Prizm,Chris Paul [Teal Wave Prizm] #51,$219.00,,,,,$51.00,$66.00,$31.00,$31.00,,,$120.50,$241.00,,,,,,1,,,,,2016-11-09
2840418,Basketball Cards 2016 Panini Prizm,Clint Capela #230,$0.99,,,,,,,,,,,,$1.09,,,,,,1,,,,,2016-11-09
12351641,Basketball Cards 2016 Panini Prizm,Clint Capela [5th Anniversary Mojo] #230,,,,,,,,,,,,,,,,,,,0,,,,,2016-11-09
2843434,Basketball Cards 2016 Panini Prizm,Clint Capela [5th Anniversary Prizm] #230,,,,,,,,,,,,,,,,,,,0,,,,,2016-11-09
12351274,Basketball Cards 2016 Panini Prizm,Clint Capela [Black Prizm] #230,,,,,,,,,,,,,,,,,,,0,,,,,2016-11-09
2841643,Basketball Cards 2016 Panini Prizm,Clint Capela [Blue Wave Prizm] #230,$6.29,,,,,,,,,,,$1.40,$6.89,,,,,,1,,,,,2016-11-09
2843166,Basketball Cards 2016 Panini Prizm,Clint Capela [Gold Prizm] #230,,,,,,,,,,,,,,,,,,,0,,,,,2016-11-09
2840664,Basketball Cards 2016 Panini Prizm,Clint Capela [Green Prizm] #230,$0.99,,,,,,,,,,,,$1.09,,,,,,1,,,,,2016-11-09
2842663,Basketball Cards 2016 Panini Prizm,Clint Capela [Mojo Prizm] #230,,,,,,,,,,,,,,,,,,,0,,,,,2016-11-09
2842149,Basketball Cards 2016 Panini Prizm,Clint Capela [Orange Prizm] #230,$11.74,,,$2.10,$2.00,,,,,,,$3.30,$12.99,,,,,,1,,,,,2016-11-09
2842406,Basketball Cards 2016 Panini Prizm,Clint Capela [Orange Wave Prizm] #230,$20.94,,,,,,,,,,,$6.90,$22.99,,,,,,1,,,,,2016-11-09
2841898,Basketball Cards 2016 Panini Prizm,Clint Capela [Purple Prizm] #230,$3.79,,,,,,,,,,,$0.80,$4.19,,,,,,1,,,,,2016-11-09
2841386,Basketball Cards 2016 Panini Prizm,Clint Capela [Ruby Wave Prizm] #230,$2.99,,,,,,,,,,,,$3.29,,,,,,1,,,,,2016-11-09
2840886,Basketball Cards 2016 Panini Prizm,Clint Capela [Silver Prizm] #230,$1.75,,,,,,,,,,,,$1.89,,,,,,1,,,,,2016-11-09
2841128,Basketball Cards 2016 Panini Prizm,Clint Capela [Starburst Prizm] #230,$0.61,,,,,,,,,,,,$0.99,,,,,,1,,,,,2016-11-09
2842916,Basketball Cards 2016 Panini Prizm,Clint Capela [Teal Wave Prizm] #230,,,,,,,,,,,,,,,,,,,0,,,,,2016-11-09
2840447,Basketball Cards 2016 Panini Prizm,Cole Aldrich #269,$0.99,,,,,,,,,,,,$1.09,,,,,,1,,,,,2016-11-09
12351680,Basketball Cards 2016 Panini Prizm,Cole Aldrich [5th Anniversary Mojo] #269,,,,,,,,,,,,,,,,,,,0,,,,,2016-11-09
2843469,Basketball Cards 2016 Panini Prizm,Cole Aldrich [5th Anniversary Prizm] #269,,,,,,,,,,,,,,,,,,,0,,,,,2016-11-09
12351352,Basketball Cards 2016 Panini Prizm,Cole Aldrich [Black Prizm] #269,,,,,,,,,,,,,,,,,,,0,,,,,2016-11-09
2841671,Basketball Cards 2016 Panini Prizm,Cole Aldrich [Blue Wave Prizm] #269,$5.14,,,,,,,,,,,$1.10,$5.69,,,,,,0,,,,,2016-11-09
2843196,Basketball Cards 2016 Panini Prizm,Cole Aldrich [Gold Prizm] #269,$5.50,,,,,,,,,,,$1.20,$6.09,,,,,,1,,,,,2016-11-09
2840692,Basketball Cards 2016 Panini Prizm,Cole Aldrich [Green Prizm] #269,$0.25,,,,,,,,,,,,$0.99,,,,,,0,,,,,2016-11-09
2842695,Basketball Cards 2016 Panini Prizm,Cole Aldrich [Mojo Prizm] #269,,,,,,,,,,,,,,,,,,,0,,,,,2016-11-09
2842181,Basketball Cards 2016 Panini Prizm,Cole Aldrich [Orange Prizm] #269,$4.80,,,,,,,,,,,$1.10,$5.29,,,,,,1,,,,,2016-11-09
2842437,Basketball Cards 2016 Panini Prizm,Cole Aldrich [Orange Wave Prizm] #269,$9.99,,,,,,,,,,,$2.80,$10.99,,,,,,1,,,,,2016-11-09
2841929,Basketball Cards 2016 Panini Prizm,Cole Aldrich [Purple Prizm] #269,$6.00,,,,,,,,,,,$1.30,$6.59,,,,,,0,,,,,2016-11-09
2841417,Basketball Cards 2016 Panini Prizm,Cole Aldrich [Ruby Wave Prizm] #269,,,,,,,,,,,,,,,,,,,0,,,,,2016-11-09
2840910,Basketball Cards 2016 Panini Prizm,Cole Aldrich [Silver Prizm] #269,$1.29,,,,,,,,,,,,$1.39,,,,,,1,,,,,2016-11-09
2841156,Basketball Cards 2016 Panini Prizm,Cole Aldrich [Starburst Prizm] #269,$0.25,,,,,,,,,,,,$0.99,,,,,,0,,,,,2016-11-09
2842947,Basketball Cards 2016 Panini Prizm,Cole Aldrich [Teal Wave Prizm] #269,$4.99,,,,,,,,,,,$1.10,$5.49,,,,,,1,,,,,2016-11-09
2840408,Basketball Cards 2016 Panini Prizm,Cory Joseph #218,$0.25,,,,,,,,,,,,$0.99,,,,,,0,,,,,2016-11-09
12351629,Basketball Cards 2016 Panini Prizm,Cory Joseph [5th Anniversary Mojo] #218,,,,,,,,,,,,,,,,,,,0,,,,,2016-11-09
2843425,Basketball Cards 2016 Panini Prizm,Cory Joseph [5th Anniversary Prizm] #218,,,,,,,,,,,,,,,,,,,0,,,,,2016-11-09
12351249,Basketball Cards 2016 Panini Prizm,Cory Joseph [Black Prizm] #218,,,,,,,,,,,,,,,,,,,0,,,,,2016-11-09
2841633,Basketball Cards 2016 Panini Prizm,Cory Joseph [Blue Wave Prizm] #218,$1.69,,,,,,,,,,,,$1.89,,,,,,1,,,,,2016-11-09
2843156,Basketball Cards 2016 Panini Prizm,Cory Joseph [Gold Prizm] #218,,,,,,,,,,,,,,,,,,,0,,,,,2016-11-09
2840653,Basketball Cards 2016 Panini Prizm,Cory Joseph [Green Prizm] #218,$1.12,,,,,,,,,,,,$1.19,,,,,,1,,,,,2016-11-09
2842654,Basketball Cards 2016 Panini Prizm,Cory Joseph [Mojo Prizm] #218,$2.00,,,,,,,,,,,,$2.19,,,,,,1,,,,,2016-11-09
2842139,Basketball Cards 2016 Panini Prizm,Cory Joseph [Orange Prizm] #218,$1.99,,,,,,,,,,,,$2.19,,,,,,1,,,,,2016-11-09
2842397,Basketball Cards 2016 Panini Prizm,Cory Joseph [Orange Wave Prizm] #218,$3.18,,,,,,,,,,,,$3.49,,,,,,1,,,,,2016-11-09
2841887,Basketball Cards 2016 Panini Prizm,Cory Joseph [Purple Prizm] #218,$1.55,,,,,,,,,,,,$1.69,,,,,,1,,,,,2016-11-09
2841375,Basketball Cards 2016 Panini Prizm,Cory Joseph [Ruby Wave Prizm] #218,,,,,,,,,,,,,,,,,,,0,,,,,2016-11-09
2840877,Basketball Cards 2016 Panini Prizm,Cory Joseph [Silver Prizm] #218,$0.99,,,,,,,,,,,,$1.09,,,,,,1,,,,,2016-11-09
2841118,Basketball Cards 2016 Panini Prizm,Cory Joseph [Starburst Prizm] #218,$1.00,,,,,,,,,,,,$1.09,,,,,,1,,,,,2016-11-09
2842906,Basketball Cards 2016 Panini Prizm,Cory Joseph [Teal Wave Prizm] #218,,,,,,,,,,,,,,,,,,,0,,,,,2016-11-09
2840326,Basketball Cards 2016 Panini Prizm,Courtney Lee #125,$1.49,,,,,,,,,,,,$1.59,,,,,,1,,,,,2016-11-09
12351511,Basketball Cards 2016 Panini Prizm,Courtney Lee [5th Anniversary Mojo] #125,,,,,,,,,,,,,,,,,,,0,,,,,2016-11-09
2845189,Basketball Cards 2016 Panini Prizm,Courtney Lee [5th Anniversary Prizm] #125,$2.54,,,,,,,,,,,,$2.79,,,,,,1,,,,,2016-11-09
12351214,Basketball Cards 2016 Panini Prizm,Courtney Lee [Black Prizm] #125,,,,,,,,,,,,,,,,,,,0,,,,,2016-11-09
2841551,Basketball Cards 2016 Panini Prizm,Courtney Lee [Blue Wave Prizm] #125,$2.12,,,,,,,,,,,,$2.29,,,,,,1,,,,,2016-11-09
2843075,Basketball Cards 2016 Panini Prizm,Courtney Lee [Gold Prizm] #125,,,,,,,,,,,,,,,,,,,0,,,,,2016-11-09
2840570,Basketball Cards 2016 Panini Prizm,Courtney Lee [Green Prizm] #125,$0.25,,,,,,,,,,,,$0.99,,,,,,0,,,,,2016-11-09
2842576,Basketball Cards 2016 Panini Prizm,Courtney Lee [Mojo Prizm] #125,,,,,,,,,,,,,,,,,,,0,,,,,2016-11-09
2842059,Basketball Cards 2016 Panini Prizm,Courtney Lee [Orange Prizm] #125,$3.99,,,,,,,,,,,$0.90,$4.39,,,,,,1,,,,,2016-11-09
2842316,Basketball Cards 2016 Panini Prizm,Courtney Lee [Orange Wave Prizm] #125,$5.99,,,,,,,,,,,$1.30,$6.59,,,,,,1,,,,,2016-11-09
2841805,Basketball Cards 2016 Panini Prizm,Courtney Lee [Purple Prizm] #125,$1.11,,,,,,,,,,,,$1.19,,,,,,1,,,,,2016-11-09
2841290,Basketball Cards 2016 Panini Prizm,Courtney Lee [Ruby Wave Prizm] #125,$1.35,,,,,,,,,,,,$1.49,,,,,,1,,,,,2016-11-09
2840806,Basketball Cards 2016 Panini Prizm,Courtney Lee [Silver Prizm] #125,$2.56,,,,,,,,,,,,$2.79,,,,,,1,,,,,2016-11-09
2841037,Basketball Cards 2016 Panini Prizm,Courtney Lee [Starburst Prizm] #125,$0.99,,,,,,,,,,,,$1.09,,,,,,1,,,,,2016-11-09
2842824,Basketball Cards 2016 Panini Prizm,Courtney Lee [Teal Wave Prizm] #125,,,,,,,,,,,,,,,,,,,0,,,,,2016-11-09
2840330,Basketball Cards 2016 Panini Prizm,D'Angelo Russell #132,$1.90,,,,,$27.66,$36.00,$17.00,$17.00,,,,$2.09,,,,,,2,,,,,2016-11-09
12351523,Basketball Cards 2016 Panini Prizm,D'Angelo Russell [5th Anniversary Mojo] #132,,,,,,,,,,,,,,,,,,,0,,,,,2016-11-09
127963,Basketball Cards 2016 Panini Prizm,D'Angelo Russell [5th Anniversary Prizm] #132,,,,,,,,,,,,,,,,,,,0,,,,,2016-11-09
12351220,Basketball Cards 2016 Panini Prizm,D'Angelo Russell [Black Prizm] #132,,,,,,,,,,,,,,,,,,,0,,,,,2016-11-09
127964,Basketball Cards 2016 Panini Prizm,D'Angelo Russell [Blue Wave] #132,$5.43,,,$7.00,$8.00,,,,,,,$1.20,$5.99,,,,,,2,,,,,2016-11-09
127965,Basketball Cards 2016 Panini Prizm,D'Angelo Russell [Gold Prizm] #132,$40.00,,,,,,,,,,,$17.60,$43.99,,,,,,1,,,,,2016-11-09
2840576,Basketball Cards 2016 Panini Prizm,D'Angelo Russell [Green Prizm] #132,$2.47,,,,,,,,,,,,$2.69,,,,,,1,,,,,2016-11-09
127966,Basketball Cards 2016 Panini Prizm,D'Angelo Russell [Mojo Prizm] #132,$6.50,,,,,,,,,,,$1.40,$7.19,,,,,,1,,,,,2016-11-09
127967,Basketball Cards 2016 Panini Prizm,D'Angelo Russell [Orange Prizm] #132,$15.00,,,$8.22,$9.00,,,,,,,$4.30,$16.99,,,,,,5,,,,,2016-11-09
2842322,Basketball Cards 2016 Panini Prizm,D'Angelo Russell [Orange Wave Prizm] #132,$19.99,,,,,,,,,,,$6.60,$21.99,,,,,,1,,,,,2016-11-09
127968,Basketball Cards 2016 Panini Prizm,D'Angelo Russell [Purple Prizm] #132,$1.12,,,,,,,,,,,,$1.19,,,,,,1,,,,,2016-11-09
2841296,Basketball Cards 2016 Panini Prizm,D'Angelo Russell [Ruby Wave Prizm] #132,$4.97,,,,,,,,,,,$1.10,$5.49,,,,,,1,,,,,2016-11-09
127969,Basketball Cards 2016 Panini Prizm,D'Angelo Russell [Silver Prizm] #132,$3.77,,,$17.99,$20.00,,,,,,,$0.80,$4.19,,,,,,3,,,,,2016-11-09
127970,Basketball Cards 2016 Panini Prizm,D'Angelo Russell [Starburst Prizm] #132,$1.87,,,,,$89.99,$117.00,$54.00,$54.00,,,,$2.09,,,,,,2,,,,,2016-11-09
127971,Basketball Cards 2016 Panini Prizm,D'Angelo Russell [Teal Wave Prizm] #132,$3.13,,,,,,,,,,,,$3.39,,,,,,1,,,,,2016-11-09
2840347,Basketball Cards 2016 Panini Prizm,D.J. Augustin #150,,,,,,,,,,,,,,,,,,,0,,,,,2016-11-09
12351544,Basketball Cards 2016 Panini Prizm,D.J. Augustin [5th Anniversary Mojo] #150,,,,,,,,,,,,,,,,,,,0,,,,,2016-11-09
2843359,Basketball Cards 2016 Panini Prizm,D.J. Augustin [5th Anniversary Prizm] #150,$5.00,,,,,,,,,,,$1.10,$5.49,,,,,,1,,,,,2016-11-09
12351257,Basketball Cards 2016 Panini Prizm,D.J. Augustin [Black Prizm] #150,,,,,,,,,,,,,,,,,,,0,,,,,2016-11-09
2841571,Basketball Cards 2016 Panini Prizm,D.J. Augustin [Blue Wave Prizm] #150,$1.38,,,,,,,,,,,,$1.49,,,,,,1,,,,,2016-11-09
2843096,Basketball Cards 2016 Panini Prizm,D.J. Augustin [Gold Prizm] #150,$34.50,,,$25.57,$28.00,,,,,,,$15.20,$37.99,,,,,,2,,,,,2016-11-09
2840593,Basketball Cards 2016 Panini Prizm,D.J. Augustin [Green Prizm] #150,$0.25,,,,,,,,,,,,$0.99,,,,,,0,,,,,2016-11-09
2842595,Basketball Cards 2016 Panini Prizm,D.J. Augustin [Mojo Prizm] #150,,,,,,,,,,,,,,,,,,,0,,,,,2016-11-09
2842079,Basketball Cards 2016 Panini Prizm,D.J. Augustin [Orange Prizm] #150,$1.88,,,,,,,,,,,,$2.09,,,,,,1,,,,,2016-11-09
2842339,Basketball Cards 2016 Panini Prizm,D.J. Augustin [Orange Wave Prizm] #150,$8.59,,,,,,,,,,,$1.90,$9.49,,,,,,1,,,,,2016-11-09
2841825,Basketball Cards 2016 Panini Prizm,D.J. Augustin [Purple Prizm] #150,$1.40,,,,,,,,,,,,$1.49,,,,,,1,,,,,2016-11-09
2841314,Basketball Cards 2016 Panini Prizm,D.J. Augustin [Ruby Wave Prizm] #150,$1.00,,,,,,,,,,,,$1.09,,,,,,1,,,,,2016-11-09
2840823,Basketball Cards 2016 Panini Prizm,D.J. Augustin [Silver Prizm] #150,$1.53,,,,,,,,,,,,$1.69,,,,,,1,,,,,2016-11-09
2841060,Basketball Cards 2016 Panini Prizm,D.J. Augustin [Starburst Prizm] #150,$0.99,,,,,,,,,,,,$1.09,,,,,,1,,,,,2016-11-09
2842845,Basketball Cards 2016 Panini Prizm,D.J. Augustin [Teal Wave Prizm] #150,$1.10,,,,,,,,,,,,$1.19,,,,,,1,,,,,2016-11-09
2840449,Basketball Cards 2016 Panini Prizm,Damian Lillard #271,$1.50,,,$14.99,$16.00,$17.05,$22.00,$10.00,$10.00,,,,$1.69,,,,,,5,,,,,2016-11-09
12351682,Basketball Cards 2016 Panini Prizm,Damian Lillard [5th Anniversary Mojo] #271,,,,,,,,,,,,,,,,,,,0,,,,,2016-11-09
2843471,Basketball Cards 2016 Panini Prizm,Damian Lillard [5th Anniversary Prizm] #271,,,,,,,,,,,,,,,,,,,0,,,,,2016-11-09
12351353,Basketball Cards 2016 Panini Prizm,Damian Lillard [Black Prizm] #271,,,,,,,,,,,,,,,,,,,0,,,,,2016-11-09
2845175,Basketball Cards 2016 Panini Prizm,Damian Lillard [Blue Wave Prizm] #271,$2.34,,,$29.62,$33.00,$36.64,$48.00,$22.00,$22.00,,,,$2.59,,,,,,3,,,,,2016-11-09
128231,Basketball Cards 2016 Panini Prizm,Damian Lillard [Gold Prizm] #271,,,,$750.00,$825.00,$2025.00,$2633.00,$1215.00,$1215.00,,,,,,,,,,2,,,,,2016-11-09
2840694,Basketball Cards 2016 Panini Prizm,Damian Lillard [Green Prizm] #271,$3.99,,,$19.99,$22.00,$31.43,$41.00,$19.00,$19.00,,,$0.90,$4.39,,,,,,3,,,,,2016-11-09
128232,Basketball Cards 2016 Panini Prizm,Damian Lillard [Mojo Prizm] #271,$47.98,,,$84.79,$93.00,,,,,,,$21.20,$52.99,,,,,,2,,,,,2016-11-09
2842183,Basketball Cards 2016 Panini Prizm,Damian Lillard [Orange Prizm] #271,,,,$14.17,$16.00,,,,,,,,,,,,,,1,,,,,2016-11-09
2842439,Basketball Cards 2016 Panini Prizm,Damian Lillard [Orange Wave Prizm] #271,$51.00,,,,,$40.99,$53.00,$25.00,$25.00,,,$22.40,$55.99,,,,,,2,,,,,2016-11-09
2841931,Basketball Cards 2016 Panini Prizm,Damian Lillard [Purple Prizm] #271,$9.75,,,$37.00,$41.00,,,,,,,$2.80,$10.99,,,,,,2,,,,,2016-11-09
2841419,Basketball Cards 2016 Panini Prizm,Damian Lillard [Ruby Wave Prizm] #271,$11.79,,,,,$42.00,$55.00,$25.00,$25.00,,,$3.30,$12.99,,,,,,2,,,,,2016-11-09
128233,Basketball Cards 2016 Panini Prizm,Damian Lillard [Silver Prizm] #271,$3.99,$4.25,$6.89,$17.30,$19.00,$42.48,$55.00,$25.00,$25.00,,,$0.90,$4.39,$0.90,$4.69,$1.50,$7.59,,11,,,,,2016-11-09
128234,Basketball Cards 2016 Panini Prizm,Damian Lillard [Starburst Prizm] #271,$2.00,,,$10.23,$11.00,$46.50,$60.00,$28.00,$28.00,,,,$2.19,,,,,,5,,,,,2016-11-09
2842946,Basketball Cards 2016 Panini Prizm,Damian Lillard [Teal Wave Prizm] #271,,,,,,$70.86,$92.00,$43.00,$43.00,,,,,,,,,,1,,,,,2016-11-09
2840365,Basketball Cards 2016 Panini Prizm,Danilo Gallinari #171,$1.49,,,,,,,,,,,,$1.59,,,,,,1,,,,,2016-11-09
12351582,Basketball Cards 2016 Panini Prizm,Danilo Gallinari [5th Anniversary Mojo] #171,,,,,,,,,,,,,,,,,,,0,,,,,2016-11-09
2843379,Basketball Cards 2016 Panini Prizm,Danilo Gallinari [5th Anniversary Prizm] #171,,,,,,,,,,,,,,,,,,,0,,,,,2016-11-09
12351292,Basketball Cards 2016 Panini Prizm,Danilo Gallinari [Black Prizm] #171,,,,,,,,,,,,,,,,,,,0,,,,,2016-11-09
2841590,Basketball Cards 2016 Panini Prizm,Danilo Gallinari [Blue Wave Prizm] #171,$2.25,,,,,,,,,,,,$2.49,,,,,,1,,,,,2016-11-09
2843116,Basketball Cards 2016 Panini Prizm,Danilo Gallinari [Gold Prizm] #171,,,,,,,,,,,,,,,,,,,0,,,,,2016-11-09
2845164,Basketball Cards 2016 Panini Prizm,Danilo Gallinari [Green Prizm] #171,$1.23,,,,,,,,,,,,$1.39,,,,,,1,,,,,2016-11-09
2842613,Basketball Cards 2016 Panini Prizm,Danilo Gallinari [Mojo Prizm] #171,,,,,,,,,,,,,,,,,,,0,,,,,2016-11-09
2842098,Basketball Cards 2016 Panini Prizm,Danilo Gallinari [Orange Prizm] #171,$2.84,,,,,,,,,,,,$3.09,,,,,,1,,,,,2016-11-09
2842358,Basketball Cards 2016 Panini Prizm,Danilo Gallinari [Orange Wave Prizm] #171,$46.24,,,,,,,,,,,$20.40,$50.99,,,,,,1,,,,,2016-11-09
2841844,Basketball Cards 2016 Panini Prizm,Danilo Gallinari [Purple Prizm] #171,$2.28,,,,,,,,,,,,$2.49,,,,,,1,,,,,2016-11-09
2841333,Basketball Cards 2016 Panini Prizm,Danilo Gallinari [Ruby Wave Prizm] #171,$1.60,,,,,,,,,,,,$1.79,,,,,,1,,,,,2016-11-09
2840841,Basketball Cards 2016 Panini Prizm,Danilo Gallinari [Silver Prizm] #171,$0.25,,,,,,,,,,,,$0.99,,,,,,0,,,,,2016-11-09
2841078,Basketball Cards 2016 Panini Prizm,Danilo Gallinari [Starburst Prizm] #171,$0.25,,,,,,,,,,,,$0.99,,,,,,0,,,,,2016-11-09
2842864,Basketball Cards 2016 Panini Prizm,Danilo Gallinari [Teal Wave Prizm] #171,,,,,,,,,,,,,,,,,,,0,,,,,2016-11-09
2840423,Basketball Cards 2016 Panini Prizm,Danny Green #237,,,,,,,,,,,,,,,,,,,0,,,,,2016-11-09
12351648,Basketball Cards 2016 Panini Prizm,Danny Green [5th Anniversary Mojo] #237,,,,,,,,,,,,,,,,,,,0,,,,,2016-11-09
2843441,Basketball Cards 2016 Panini Prizm,Danny Green [5th Anniversary Prizm] #237,,,,,,,,,,,,,,,,,,,0,,,,,2016-11-09
12351298,Basketball Cards 2016 Panini Prizm,Danny Green [Black Prizm] #237,,,,,,,,,,,,,,,,,,,0,,,,,2016-11-09
2841648,Basketball Cards 2016 Panini Prizm,Danny Green [Blue Wave Prizm] #237,$2.00,,,,,,,,,,,,$2.19,,,,,,1,,,,,2016-11-09
2843172,Basketball Cards 2016 Panini Prizm,Danny Green [Gold Prizm] #237,,,,,,,,,,,,,,,,,,,0,,,,,2016-11-09
2840669,Basketball Cards 2016 Panini Prizm,Danny Green [Green Prizm] #237,$2.90,,,,,,,,,,,,$3.19,,,,,,2,,,,,2016-11-09
2842668,Basketball Cards 2016 Panini Prizm,Danny Green [Mojo Prizm] #237,$20.00,,,,,,,,,,,$6.60,$21.99,,,,,,1,,,,,2016-11-09
2842154,Basketball Cards 2016 Panini Prizm,Danny Green [Orange Prizm] #237,$1.95,,,,,,,,,,,,$2.19,,,,,,1,,,,,2016-11-09
2842411,Basketball Cards 2016 Panini Prizm,Danny Green [Orange Wave Prizm] #237,$7.28,,,,,,,,,,,$1.60,$7.99,,,,,,1,,,,,2016-11-09
2841904,Basketball Cards 2016 Panini Prizm,Danny Green [Purple Prizm] #237,$2.84,,,,,,,,,,,,$3.09,,,,,,1,,,,,2016-11-09
2841392,Basketball Cards 2016 Panini Prizm,Danny Green [Ruby Wave Prizm] #237,$4.90,,,,,,,,,,,$1.10,$5.39,,,,,,1,,,,,2016-11-09
2840891,Basketball Cards 2016 Panini Prizm,Danny Green [Silver Prizm] #237,$1.67,,,,,,,,,,,,$1.79,,,,,,1,,,,,2016-11-09
2841133,Basketball Cards 2016 Panini Prizm,Danny Green [Starburst Prizm] #237,$1.89,,,,,,,,,,,,$2.09,,,,,,1,,,,,2016-11-09
2842920,Basketball Cards 2016 Panini Prizm,Danny Green [Teal Wave Prizm] #237,,,,,,,,,,,,,,,,,,,0,,,,,2016-11-09
2840306,Basketball Cards 2016 Panini Prizm,Dante Exum #104,$1.99,,,,,,,,,,,,$2.19,,,,,,1,,,,,2016-11-09
12351465,Basketball Cards 2016 Panini Prizm,Dante Exum [5th Anniversary Mojo] #104,,,,,,,,,,,,,,,,,,,0,,,,,2016-11-09
2843317,Basketball Cards 2016 Panini Prizm,Dante Exum [5th Anniversary Prizm] #104,,,,,,,,,,,,,,,,,,,0,,,,,2016-11-09
12351175,Basketball Cards 2016 Panini Prizm,Dante Exum [Black Prizm] #104,,,,,,,,,,,,,,,,,,,0,,,,,2016-11-09
2841533,Basketball Cards 2016 Panini Prizm,Dante Exum [Blue Wave Prizm] #104,$1.25,,,,,,,,,,,,$1.39,,,,,,1,,,,,2016-11-09
2843056,Basketball Cards 2016 Panini Prizm,Dante Exum [Gold Prizm] #104,,,,,,,,,,,,,,,,,,,0,,,,,2016-11-09
2840553,Basketball Cards 2016 Panini Prizm,Dante Exum [Green Prizm] #104,$1.69,,,,,,,,,,,,$1.89,,,,,,1,,,,,2016-11-09
2842555,Basketball Cards 2016 Panini Prizm,Dante Exum [Mojo Prizm] #104,,,,,,,,,,,,,,,,,,,0,,,,,2016-11-09
2842041,Basketball Cards 2016 Panini Prizm,Dante Exum [Orange Prizm] #104,$5.00,,,,,,,,,,,$1.10,$5.49,,,,,,1,,,,,2016-11-09
2842297,Basketball Cards 2016 Panini Prizm,Dante Exum [Orange Wave Prizm] #104,$4.25,,,,,,,,,,,$0.90,$4.69,,,,,,1,,,,,2016-11-09
2841787,Basketball Cards 2016 Panini Prizm,Dante Exum [Purple Prizm] #104,$4.22,,,,,,,,,,,$0.90,$4.59,,,,,,1,,,,,2016-11-09
2841270,Basketball Cards 2016 Panini Prizm,Dante Exum [Ruby Wave Prizm] #104,,,,,,,,,,,,,,,,,,,0,,,,,2016-11-09
2840790,Basketball Cards 2016 Panini Prizm,Dante Exum [Silver Prizm] #104,$0.25,,,,,,,,,,,,$0.99,,,,,,0,,,,,2016-11-09
2841021,Basketball Cards 2016 Panini Prizm,Dante Exum [Starburst Prizm] #104,$0.25,,,,,,,,,,,,$0.99,,,,,,0,,,,,2016-11-09
2842806,Basketball Cards 2016 Panini Prizm,Dante Exum [Teal Wave Prizm] #104,,,,,,,,,,,,,,,,,,,0,,,,,2016-11-09
127714,Basketball Cards 2016 Panini Prizm,Dario Saric #2,$1.36,,,$1.62,$13.74,$13.96,$18.00,$8.00,$8.00,,,,$1.49,,,,,,10,,,,,2016-11-09
12351415,Basketball Cards 2016 Panini Prizm,Dario Saric [5th Anniversary Mojo] #2,,,,,,,,,,,,,,,,,,,0,,,,,2016-11-09
2843220,Basketball Cards 2016 Panini Prizm,Dario Saric [5th Anniversary Prizm] #2,$3.25,,,$89.42,$98.00,,,,,,,,$3.59,,,,,,2,,,,,2016-11-09
12351093,Basketball Cards 2016 Panini Prizm,Dario Saric [Black Prizm] #2,,,,,,,,,,,,,,,,,,,0,,,,,2016-11-09
127715,Basketball Cards 2016 Panini Prizm,Dario Saric [Blue Wave Prizm] #2,$15.70,,,$4.25,$13.15,$31.27,$47.50,$19.00,$19.00,,,$4.30,$16.99,,,,,,4,,,,,2016-11-09
127716,Basketball Cards 2016 Panini Prizm,Dario Saric [Gold Prizm] #2,,,,,$190.00,,,,,,,,,,,,,,1,,,,,2016-11-09
127717,Basketball Cards 2016 Panini Prizm,Dario Saric [Green Prizm] #2,$2.64,,,,$14.00,$14.77,$28.00,$9.00,$9.00,,,,$2.89,,,,,,3,,,,,2016-11-09
2842464,Basketball Cards 2016 Panini Prizm,Dario Saric [Mojo Prizm] #2,$46.54,,,,$18.98,,,,,,,$20.40,$50.99,,,,,,3,,,,,2016-11-09
127718,Basketball Cards 2016 Panini Prizm,Dario Saric [Orange Prizm] #2,$59.99,,,,$23.23,$60.00,$78.00,$36.00,$36.00,,,$26.40,$65.99,,,,,,3,,,,,2016-11-09
2842207,Basketball Cards 2016 Panini Prizm,Dario Saric [Orange Wave Prizm] #2,,,,,,,,,,,,,,,,,,,0,,,,,2016-11-09
127719,Basketball Cards 2016 Panini Prizm,Dario Saric [Purple Prizm] #2,$29.99,,,,$49.99,,,,,,,$9.90,$32.99,,,,,,2,,,,,2016-11-09
127720,Basketball Cards 2016 Panini Prizm,Dario Saric [Ruby Wave Prizm] #2,$4.57,,,,,$19.50,$25.00,$12.00,$12.00,,,$1.00,$4.99,,,,,,2,,,,,2016-11-09
127721,Basketball Cards 2016 Panini Prizm,Dario Saric [Silver Prizm] #2,$2.08,,,$14.93,$16.00,$18.00,$199.99,$11.00,$11.00,,,,$2.29,,,,,,11,,,,,2016-11-09
127722,Basketball Cards 2016 Panini Prizm,Dario Saric [Starburst Prizm] #2,$4.46,,,,$8.00,$7.76,$23.02,$5.00,$5.00,,,$1.00,$4.89,,,,,,4,,,,,2016-11-09
2842721,Basketball Cards 2016 Panini Prizm,Dario Saric [Teal Wave Prizm] #2,$25.00,,,$19.96,$31.00,,,,,,,$8.40,$27.99,,,,,,3,,,,,2016-11-09
2840373,Basketball Cards 2016 Panini Prizm,Darrell Arthur #180,$0.99,,,,,,,,,,,,$1.09,,,,,,1,,,,,2016-11-09
12351591,Basketball Cards 2016 Panini Prizm,Darrell Arthur [5th Anniversary Mojo] #180,,,,,,,,,,,,,,,,,,,0,,,,,2016-11-09
2843387,Basketball Cards 2016 Panini Prizm,Darrell Arthur [5th Anniversary Prizm] #180,,,,,,,,,,,,,,,,,,,0,,,,,2016-11-09
12351310,Basketball Cards 2016 Panini Prizm,Darrell Arthur [Black Prizm] #180,,,,,,,,,,,,,,,,,,,0,,,,,2016-11-09
2841598,Basketball Cards 2016 Panini Prizm,Darrell Arthur [Blue Wave Prizm] #180,$3.00,,,,,,,,,,,,$3.29,,,,,,1,,,,,2016-11-09
2843123,Basketball Cards 2016 Panini Prizm,Darrell Arthur [Gold Prizm] #180,,,,,,,,,,,,,,,,,,,0,,,,,2016-11-09
2840619,Basketball Cards 2016 Panini Prizm,Darrell Arthur [Green Prizm] #180,$0.25,,,,,,,,,,,,$0.99,,,,,,0,,,,,2016-11-09
2842622,Basketball Cards 2016 Panini Prizm,Darrell Arthur [Mojo Prizm] #180,$14.34,,,,,,,,,,,$4.00,$15.99,,,,,,1,,,,,2016-11-09
2842106,Basketball Cards 2016 Panini Prizm,Darrell Arthur [Orange Prizm] #180,$4.60,,,,,,,,,,,$1.00,$5.09,,,,,,1,,,,,2016-11-09
2842364,Basketball Cards 2016 Panini Prizm,Darrell Arthur [Orange Wave Prizm] #180,$9.25,,,,,,,,,,,$2.00,$9.99,,,,,,0,,,,,2016-11-09
2841851,Basketball Cards 2016 Panini Prizm,Darrell Arthur [Purple Prizm] #180,$1.80,,,,,,,,,,,,$1.99,,,,,,1,,,,,2016-11-09
2841341,Basketball Cards 2016 Panini Prizm,Darrell Arthur [Ruby Wave Prizm] #180,,,,,,,,,,,,,,,,,,,0,,,,,2016-11-09
2840848,Basketball Cards 2016 Panini Prizm,Darrell Arthur [Silver Prizm] #180,$1.38,,,,,,,,,,,,$1.49,,,,,,1,,,,,2016-11-09
2841085,Basketball Cards 2016 Panini Prizm,Darrell Arthur [Starburst Prizm] #180,$0.99,,,,,,,,,,,,$1.09,,,,,,1,,,,,2016-11-09
2842873,Basketball Cards 2016 Panini Prizm,Darrell Arthur [Teal Wave Prizm] #180,$10.75,,,,,,,,,,,$3.00,$11.99,,,,,,1,,,,,2016-11-09
2840462,Basketball Cards 2016 Panini Prizm,David West #288,$1.02,,,,,,,,,,,,$1.09,,,,,,1,,,,,2016-11-09
12351700,Basketball Cards 2016 Panini Prizm,David West [5th Anniversary Mojo] #288,,,,,,,,,,,,,,,,,,,0,,,,,2016-11-09
2843486,Basketball Cards 2016 Panini Prizm,David West [5th Anniversary Prizm] #288,,,,,,,,,,,,,,,,,,,0,,,,,2016-11-09
12351372,Basketball Cards 2016 Panini Prizm,David West [Black Prizm] #288,,,,,,,,,,,,,,,,,,,0,,,,,2016-11-09
2841687,Basketball Cards 2016 Panini Prizm,David West [Blue Wave Prizm] #288,$0.99,,,,,,,,,,,,$1.09,,,,,,1,,,,,2016-11-09
2843210,Basketball Cards 2016 Panini Prizm,David West [Gold Prizm] #288,,,,,,,,,,,,,,,,,,,0,,,,,2016-11-09
2840708,Basketball Cards 2016 Panini Prizm,David West [Green Prizm] #288,$1.60,,,,,,,,,,,,$1.79,,,,,,1,,,,,2016-11-09
2842711,Basketball Cards 2016 Panini Prizm,David West [Mojo Prizm] #288,$6.99,,,,,,,,,,,$1.50,$7.69,,,,,,1,,,,,2016-11-09
2842197,Basketball Cards 2016 Panini Prizm,David West [Orange Prizm] #288,$3.00,,,,,,,,,,,,$3.29,,,,,,1,,,,,2016-11-09
2842452,Basketball Cards 2016 Panini Prizm,David West [Orange Wave Prizm] #288,$9.74,,,,,,,,,,,$2.80,$10.99,,,,,,1,,,,,2016-11-09
2841945,Basketball Cards 2016 Panini Prizm,David West [Purple Prizm] #288,$2.25,,,,,,,,,,,,$2.49,,,,,,1,,,,,2016-11-09
2841433,Basketball Cards 2016 Panini Prizm,David West [Ruby Wave Prizm] #288,$1.80,,,,,,,,,,,,$1.99,,,,,,1,,,,,2016-11-09
2840925,Basketball Cards 2016 Panini Prizm,David West [Silver Prizm] #288,$1.69,,,,,,,,,,,,$1.89,,,,,,1,,,,,2016-11-09
2841168,Basketball Cards 2016 Panini Prizm,David West [Starburst Prizm] #288,$0.99,,,,,,,,,,,,$1.09,,,,,,1,,,,,2016-11-09
2842961,Basketball Cards 2016 Panini Prizm,David West [Teal Wave Prizm] #288,$7.86,,,,,,,,,,,$1.70,$8.69,,,,,,1,,,,,2016-11-09
127875,Basketball Cards 2016 Panini Prizm,DeAndre Bembry #77,$1.25,,,,,,,,,,,,$1.39,,,,,,2,,,,,2016-11-09
12351514,Basketball Cards 2016 Panini Prizm,DeAndre Bembry [5th Anniversary Mojo] #77,,,,,,,,,,,,,,,,,,,0,,,,,2016-11-09
127876,Basketball Cards 2016 Panini Prizm,DeAndre Bembry [5th Anniversary Prizm] #77,,,,,,,,,,,,,,,,,,,0,,,,,2016-11-09
12351167,Basketball Cards 2016 Panini Prizm,DeAndre Bembry [Black Prizm] #77,,,,,,,,,,,,,,,,,,,0,,,,,2016-11-09
127877,Basketball Cards 2016 Panini Prizm,DeAndre Bembry [Blue Wave Prizm] #77,$8.64,,,,,,,,,,,$1.90,$9.49,,,,,,1,,,,,2016-11-09
127878,Basketball Cards 2016 Panini Prizm,DeAndre Bembry [Gold Prizm] #77,,,,,,,,,,,,,,,,,,,0,,,,,2016-11-09
127879,Basketball Cards 2016 Panini Prizm,DeAndre Bembry [Green Prizm] #77,$2.19,,,,,,,,,,,,$2.39,,,,,,1,,,,,2016-11-09
127880,Basketball Cards 2016 Panini Prizm,DeAndre Bembry [Mojo Prizm] #77,$10.00,,,,$57.70,,,,,,,$2.80,$10.99,,,,,,2,,,,,2016-11-09
127881,Basketball Cards 2016 Panini Prizm,DeAndre Bembry [Orange Prizm] #77,$0.25,,,,,,,,,,,,$0.99,,,,,,0,,,,,2016-11-09
127882,Basketball Cards 2016 Panini Prizm,DeAndre Bembry [Orange Wave Prizm] #77,,,,,,,,,,,,,,,,,,,0,,,,,2016-11-09
127883,Basketball Cards 2016 Panini Prizm,DeAndre Bembry [Purple Prizm] #77,$6.00,,,,,,,,,,,$1.30,$6.59,,,,,,1,,,,,2016-11-09
127884,Basketball Cards 2016 Panini Prizm,DeAndre Bembry [Ruby Wave Prizm] #77,$3.65,,,,,,,,,,,$0.80,$3.99,,,,,,1,,,,,2016-11-09
127885,Basketball Cards 2016 Panini Prizm,DeAndre Bembry [Silver Prizm] #77,$10.06,,,,$3.24,$7.65,$10.00,$5.00,$5.00,,,$2.80,$10.99,,,,,,3,,,,,2016-11-09
127886,Basketball Cards 2016 Panini Prizm,DeAndre Bembry [Starburst Prizm] #77,$1.56,,,,,$16.50,$21.00,$10.00,$10.00,,,,$1.69,,,,,,2,,,,,2016-11-09
127887,Basketball Cards 2016 Panini Prizm,DeAndre Bembry [Teal Wave Prizm] #77,$15.48,,,,,,,,,,,$4.30,$16.99,,,,,,1,,,,,2016-11-09
2840259,Basketball Cards 2016 Panini Prizm,DeAndre Jordan #53,$0.99,,,,,,,,,,,,$1.09,,,,,,1,,,,,2016-11-09
12351473,Basketball Cards 2016 Panini Prizm,DeAndre Jordan [5th Anniversary Mojo] #53,,,,,,,,,,,,,,,,,,,0,,,,,2016-11-09
2843269,Basketball Cards 2016 Panini Prizm,DeAndre Jordan [5th Anniversary Prizm] #53,,,,,,,,,,,,,,,,,,,0,,,,,2016-11-09
12351143,Basketball Cards 2016 Panini Prizm,DeAndre Jordan [Black Prizm] #53,,,,,,,,,,,,,,,,,,,0,,,,,2016-11-09
127848,Basketball Cards 2016 Panini Prizm,DeAndre Jordan [Blue Wave] #53,$2.45,,,,,,,,,,,,$2.69,,,,,,1,,,,,2016-11-09
2843012,Basketball Cards 2016 Panini Prizm,DeAndre Jordan [Gold Prizm] #53,,,,,,,,,,,,,,,,,,,0,,,,,2016-11-09
2840509,Basketball Cards 2016 Panini Prizm,DeAndre Jordan [Green Prizm] #53,$0.25,,,,,,,,,,,,$0.99,,,,,,0,,,,,2016-11-09
127849,Basketball Cards 2016 Panini Prizm,DeAndre Jordan [Mojo Prizm] #53,$7.73,,,,,,,,,,,$1.70,$8.49,,,,,,0,,,,,2016-11-09
2841997,Basketball Cards 2016 Panini Prizm,DeAndre Jordan [Orange Prizm] #53,$2.70,,,,,,,,,,,,$2.99,,,,,,1,,,,,2016-11-09
2842249,Basketball Cards 2016 Panini Prizm,DeAndre Jordan [Orange Wave Prizm] #53,$7.99,,,,,,,,,,,$1.80,$8.79,,,,,,1,,,,,2016-11-09
2841742,Basketball Cards 2016 Panini Prizm,DeAndre Jordan [Purple Prizm] #53,$2.50,,,,,,,,,,,,$2.79,,,,,,1,,,,,2016-11-09
2841224,Basketball Cards 2016 Panini Prizm,DeAndre Jordan [Ruby Wave Prizm] #53,,,,,,,,,,,,,,,,,,,0,,,,,2016-11-09
2840750,Basketball Cards 2016 Panini Prizm,DeAndre Jordan [Silver Prizm] #53,$0.25,,,,,,,,,,,,$0.99,,,,,,0,,,,,2016-11-09
2840976,Basketball Cards 2016 Panini Prizm,DeAndre Jordan [Starburst Prizm] #53,$0.25,,,,,,,,,,,,$0.99,,,,,,0,,,,,2016-11-09
2842763,Basketball Cards 2016 Panini Prizm,DeAndre Jordan [Teal Wave Prizm] #53,$7.44,,,,,,,,,,,$1.60,$8.19,,,,,,1,,,,,2016-11-09
2840402,Basketball Cards 2016 Panini Prizm,DeMar DeRozan #211,$1.92,,,,,$8.68,$11.00,$5.00,$5.00,,,,$2.09,,,,,,2,,,,,2016-11-09
12351622,Basketball Cards 2016 Panini Prizm,DeMar DeRozan [5th Anniversary Mojo] #211,,,,,,,,,,,,,,,,,,,0,,,,,2016-11-09
2843418,Basketball Cards 2016 Panini Prizm,DeMar DeRozan [5th Anniversary Prizm] #211,,,,,,,,,,,,,,,,,,,0,,,,,2016-11-09
12351236,Basketball Cards 2016 Panini Prizm,DeMar DeRozan [Black Prizm] #211,,,,,,,,,,,,,,,,,,,0,,,,,2016-11-09
2841626,Basketball Cards 2016 Panini Prizm,DeMar DeRozan [Blue Wave Prizm] #211,$4.00,,,,,,,,,,,$0.90,$4.39,,,,,,2,,,,,2016-11-09
2843149,Basketball Cards 2016 Panini Prizm,DeMar DeRozan [Gold Prizm] #211,$65.00,,,,,,,,,,,$28.80,$71.99,,,,,,1,,,,,2016-11-09
2840646,Basketball Cards 2016 Panini Prizm,DeMar DeRozan [Green Prizm] #211,$1.57,,,,,,,,,,,,$1.69,,,,,,1,,,,,2016-11-09
2842648,Basketball Cards 2016 Panini Prizm,DeMar DeRozan [Mojo Prizm] #211,$89.99,,,,,,,,,,,$39.60,$98.99,,,,,,1,,,,,2016-11-09
2842132,Basketball Cards 2016 Panini Prizm,DeMar DeRozan [Orange Prizm] #211,$4.38,,,,,,,,,,,$1.00,$4.79,,,,,,1,,,,,2016-11-09
2842390,Basketball Cards 2016 Panini Prizm,DeMar DeRozan [Orange Wave Prizm] #211,$8.91,,,,,,,,,,,$2.00,$9.79,,,,,,1,,,,,2016-11-09
2841880,Basketball Cards 2016 Panini Prizm,DeMar DeRozan [Purple Prizm] #211,$3.68,,,,,,,,,,,$0.80,$4.09,,,,,,1,,,,,2016-11-09
2841369,Basketball Cards 2016 Panini Prizm,DeMar DeRozan [Ruby Wave Prizm] #211,$1.40,,,,,,,,,,,,$1.49,,,,,,1,,,,,2016-11-09
128082,Basketball Cards 2016 Panini Prizm,DeMar DeRozan [Silver Prizm] #211,$2.05,,,,,$11.68,$15.00,$7.00,$7.00,,,,$2.29,,,,,,3,,,,,2016-11-09
2841112,Basketball Cards 2016 Panini Prizm,DeMar DeRozan [Starburst Prizm] #211,$7.47,,,,,$6.50,$8.00,$4.00,$4.00,,,$1.60,$8.19,,,,,,2,,,,,2016-11-09
2842899,Basketball Cards 2016 Panini Prizm,DeMar DeRozan [Teal Wave Prizm] #211,$17.50,,,,,,,,,,,$4.80,$18.99,,,,,,0,,,,,2016-11-09
2840313,Basketball Cards 2016 Panini Prizm,DeMarcus Cousins #111,$1.50,,,,,,,,,,,,$1.69,,,,,,1,,,,,2016-11-09
12351479,Basketball Cards 2016 Panini Prizm,DeMarcus Cousins [5th Anniversary Mojo] #111,,,,,,,,,,,,,,,,,,,0,,,,,2016-11-09
2843324,Basketball Cards 2016 Panini Prizm,DeMarcus Cousins [5th Anniversary Prizm] #111,,,,,,,,,,,,,,,,,,,0,,,,,2016-11-09
12351192,Basketball Cards 2016 Panini Prizm,DeMarcus Cousins [Black Prizm] #111,,,,,,,,,,,,,,,,,,,0,,,,,2016-11-09
2841540,Basketball Cards 2016 Panini Prizm,DeMarcus Cousins [Blue Wave Prizm] #111,$3.33,,,,,,,,,,,,$3.69,,,,,,2,,,,,2016-11-09
2843063,Basketball Cards 2016 Panini Prizm,DeMarcus Cousins [Gold Prizm] #111,,,,,,,,,,,,,,,,,,,0,,,,,2016-11-09
2840560,Basketball Cards 2016 Panini Prizm,DeMarcus Cousins [Green Prizm] #111,$1.49,,,,,,,,,,,,$1.59,,,,,,1,,,,,2016-11-09
2842562,Basketball Cards 2016 Panini Prizm,DeMarcus Cousins [Mojo Prizm] #111,,,,,,,,,,,,,,,,,,,0,,,,,2016-11-09
2842048,Basketball Cards 2016 Panini Prizm,DeMarcus Cousins [Orange Prizm] #111,$2.64,,,,,,,,,,,,$2.89,,,,,,0,,,,,2016-11-09
2842304,Basketball Cards 2016 Panini Prizm,DeMarcus Cousins [Orange Wave Prizm] #111,$6.00,,,,,,,,,,,$1.30,$6.59,,,,,,1,,,,,2016-11-09
2841794,Basketball Cards 2016 Panini Prizm,DeMarcus Cousins [Purple Prizm] #111,$8.99,,,,,,,,,,,$2.00,$9.89,,,,,,1,,,,,2016-11-09
2841277,Basketball Cards 2016 Panini Prizm,DeMarcus Cousins [Ruby Wave Prizm] #111,$2.49,,,,,,,,,,,,$2.69,,,,,,1,,,,,2016-11-09
2840797,Basketball Cards 2016 Panini Prizm,DeMarcus Cousins [Silver Prizm] #111,$1.85,,,,,,,,,,,,$1.99,,,,,,2,,,,,2016-11-09
2841028,Basketball Cards 2016 Panini Prizm,DeMarcus Cousins [Starburst Prizm] #111,$1.99,,,,,,,,,,,,$2.19,,,,,,1,,,,,2016-11-09
2842813,Basketball Cards 2016 Panini Prizm,DeMarcus Cousins [Teal Wave Prizm] #111,$1.25,,,,,,,,,,,,$1.39,,,,,,1,,,,,2016-11-09
2840406,Basketball Cards 2016 Panini Prizm,DeMarre Carroll #215,$0.99,,,,,,,,,,,,$1.09,,,,,,1,,,,,2016-11-09
12351626,Basketball Cards 2016 Panini Prizm,DeMarre Carroll [5th Anniversary Mojo] #215,,,,,,,,,,,,,,,,,,,0,,,,,2016-11-09
2843422,Basketball Cards 2016 Panini Prizm,DeMarre Carroll [5th Anniversary Prizm] #215,,,,,,,,,,,,,,,,,,,0,,,,,2016-11-09
12351245,Basketball Cards 2016 Panini Prizm,DeMarre Carroll [Black Prizm] #215,,,,,,,,,,,,,,,,,,,0,,,,,2016-11-09
2841630,Basketball Cards 2016 Panini Prizm,DeMarre Carroll [Blue Wave Prizm] #215,$2.25,,,,,,,,,,,,$2.49,,,,,,1,,,,,2016-11-09
2843154,Basketball Cards 2016 Panini Prizm,DeMarre Carroll [Gold Prizm] #215,$46.54,,,,,,,,,,,$20.40,$50.99,,,,,,0,,,,,2016-11-09
2840650,Basketball Cards 2016 Panini Prizm,DeMarre Carroll [Green Prizm] #215,$0.25,,,,,,,,,,,,$0.99,,,,,,0,,,,,2016-11-09
2842652,Basketball Cards 2016 Panini Prizm,DeMarre Carroll [Mojo Prizm] #215,$3.41,,,,,,,,,,,$0.80,$3.79,,,,,,1,,,,,2016-11-09
2842136,Basketball Cards 2016 Panini Prizm,DeMarre Carroll [Orange Prizm] #215,$1.88,,,,,,,,,,,,$2.09,,,,,,1,,,,,2016-11-09
2842394,Basketball Cards 2016 Panini Prizm,DeMarre Carroll [Orange Wave Prizm] #215,$2.99,,,,,,,,,,,,$3.29,,,,,,1,,,,,2016-11-09
2841884,Basketball Cards 2016 Panini Prizm,DeMarre Carroll [Purple Prizm] #215,$1.23,,,,,,,,,,,,$1.39,,,,,,1,,,,,2016-11-09
2841374,Basketball Cards 2016 Panini Prizm,DeMarre Carroll [Ruby Wave Prizm] #215,,,,,,,,,,,,,,,,,,,0,,,,,2016-11-09
2840875,Basketball Cards 2016 Panini Prizm,DeMarre Carroll [Silver Prizm] #215,$0.25,,,,,,,,,,,,$0.99,,,,,,0,,,,,2016-11-09
2841116,Basketball Cards 2016 Panini Prizm,DeMarre Carroll [Starburst Prizm] #215,$1.13,,,,,,,,,,,,$1.19,,,,,,1,,,,,2016-11-09
2842903,Basketball Cards 2016 Panini Prizm,DeMarre Carroll [Teal Wave Prizm] #215,$4.00,,,,,,,,,,,$0.90,$4.39,,,,,,1,,,,,2016-11-09
128124,Basketball Cards 2016 Panini Prizm,Dejounte Murray #236,$1.39,$3.00,$4.00,$10.04,$20.00,$19.99,$26.00,$12.00,$12.00,,,,$1.49,,$3.29,$0.90,$4.39,,38,,,,,2016-11-09
12351647,Basketball Cards 2016 Panini Prizm,Dejounte Murray [5th Anniversary Mojo] #236,,,,,,,,,,,,,,,,,,,0,,,,,2016-11-09
2843440,Basketball Cards 2016 Panini Prizm,Dejounte Murray [5th Anniversary Prizm] #236,,,,,,,,,,,,,,,,,,,0,,,,,2016-11-09
12351296,Basketball Cards 2016 Panini Prizm,Dejounte Murray [Black Prizm] #236,,,,,,,,,,,,,,,,,,,0,,,,,2016-11-09
128125,Basketball Cards 2016 Panini Prizm,Dejounte Murray [Blue Wave Prizm] #236,$449.90,,$229.99,$253.00,$256.00,$260.98,$1075.00,$157.00,$157.00,,,$247.50,$495.00,,,$126.50,$253.00,,6,,,,,2016-11-09
128126,Basketball Cards 2016 Panini Prizm,Dejounte Murray [Gold Prizm] #236,,,,,$1392.88,,$600.00,,,,,,,,,,,,1,,,,,2016-11-09
128127,Basketball Cards 2016 Panini Prizm,Dejounte Murray [Green Prizm] #236,$20.00,,,$46.87,$55.00,$56.00,$73.00,$34.00,$34.00,,,$6.60,$21.99,,,,,,10,,,,,2016-11-09
128128,Basketball Cards 2016 Panini Prizm,Dejounte Murray [Mojo Prizm] #236,$357.98,,,$270.00,$346.41,$589.19,$766.00,$354.00,$354.00,,,$197.00,$394.00,,,,,,4,,,,,2016-11-09
128129,Basketball Cards 2016 Panini Prizm,Dejounte Murray [Orange Prizm] #236,$145.50,,,$215.23,$237.00,$2018.18,$2624.00,$1211.00,$1211.00,,,$80.00,$160.00,,,,,,3,,,,,2016-11-09
128130,Basketball Cards 2016 Panini Prizm,Dejounte Murray [Orange Wave Prizm] #236,$27.99,,,$80.00,$690.00,$1082.62,$1407.00,$650.00,$650.00,,,$9.30,$30.99,,,,,,4,,,,,2016-11-09
128131,Basketball Cards 2016 Panini Prizm,Dejounte Murray [Purple Prizm] #236,$153.35,,,,$63.85,$378.61,$492.00,$227.00,$227.00,,,$84.50,$169.00,,,,,,3,,,,,2016-11-09
128132,Basketball Cards 2016 Panini Prizm,Dejounte Murray [Ruby Wave Prizm] #236,$85.50,,,,$32.00,$32.56,$42.00,$20.00,$20.00,,,$37.60,$93.99,,,,,,4,,,,,2016-11-09
128133,Basketball Cards 2016 Panini Prizm,Dejounte Murray [Silver Prizm] #236,$9.44,,$31.47,$36.61,$62.56,$68.74,$743.00,$41.00,$60.00,,,$2.00,$9.99,,,$10.50,$34.99,,31,,,,,2016-11-09
128134,Basketball Cards 2016 Panini Prizm,Dejounte Murray [Starburst Prizm] #236,$15.16,,$6.53,$29.83,$48.00,$49.09,$64.00,$29.00,$45.00,,,$4.30,$16.99,,,$1.40,$7.19,,17,,,,,2016-11-09
128135,Basketball Cards 2016 Panini Prizm,Dejounte Murray [Teal Wave Prizm] #236,$631.00,,,,,$655.00,$852.00,$393.00,$393.00,,,$416.40,$694.00,,,,,,2,,,,,2016-11-09
2840277,Basketball Cards 2016 Panini Prizm,Dennis Schroder #72,$1.38,,,,,,,,,,,,$1.49,,,,,,1,,,,,2016-11-09
12351506,Basketball Cards 2016 Panini Prizm,Dennis Schroder [5th Anniversary Mojo] #72,,,,,,,,,,,,,,,,,,,0,,,,,2016-11-09
2843288,Basketball Cards 2016 Panini Prizm,Dennis Schroder [5th Anniversary Prizm] #72,,,,,,,,,,,,,,,,,,,0,,,,,2016-11-09
12351161,Basketball Cards 2016 Panini Prizm,Dennis Schroder [Black Prizm] #72,,,,,,,,,,,,,,,,,,,0,,,,,2016-11-09
2841503,Basketball Cards 2016 Panini Prizm,Dennis Schroder [Blue Wave Prizm] #72,$1.99,,,,,,,,,,,,$2.19,,,,,,1,,,,,2016-11-09
2843029,Basketball Cards 2016 Panini Prizm,Dennis Schroder [Gold Prizm] #72,$40.00,,,,,,,,,,,$17.60,$43.99,,,,,,1,,,,,2016-11-09
2840525,Basketball Cards 2016 Panini Prizm,Dennis Schroder [Green Prizm] #72,$0.99,,,,,,,,,,,,$1.09,,,,,,1,,,,,2016-11-09
2842526,Basketball Cards 2016 Panini Prizm,Dennis Schroder [Mojo Prizm] #72,,,,,,,,,,,,,,,,,,,0,,,,,2016-11-09
2842013,Basketball Cards 2016 Panini Prizm,Dennis Schroder [Orange Prizm] #72,$5.99,,,,,,,,,,,$1.30,$6.59,,,,,,1,,,,,2016-11-09
2842268,Basketball Cards 2016 Panini Prizm,Dennis Schroder [Orange Wave Prizm] #72,,,,,,,,,,,,,,,,,,,0,,,,,2016-11-09
2841758,Basketball Cards 2016 Panini Prizm,Dennis Schroder [Purple Prizm] #72,$5.00,,,,,,,,,,,$1.10,$5.49,,,,,,1,,,,,2016-11-09
2841241,Basketball Cards 2016 Panini Prizm,Dennis Schroder [Ruby Wave Prizm] #72,$3.69,,,,,,,,,,,$0.80,$4.09,,,,,,1,,,,,2016-11-09
2840764,Basketball Cards 2016 Panini Prizm,Dennis Schroder [Silver Prizm] #72,$2.72,,,,,,,,,,,,$2.99,,,,,,0,,,,,2016-11-09
2840993,Basketball Cards 2016 Panini Prizm,Dennis Schroder [Starburst Prizm] #72,$0.25,,,,,,,,,,,,$0.99,,,,,,0,,,,,2016-11-09
2842780,Basketball Cards 2016 Panini Prizm,Dennis Schroder [Teal Wave Prizm] #72,$19.99,,,,,,,,,,,$6.60,$21.99,,,,,,1,,,,,2016-11-09
127785,Basketball Cards 2016 Panini Prizm,Denzel Valentine #23,$1.49,,,,,,,,,,,,$1.59,,,,,,3,,,,,2016-11-09
12351436,Basketball Cards 2016 Panini Prizm,Denzel Valentine [5th Anniversary Mojo] #23,,,,,,,,,,,,,,,,,,,0,,,,,2016-11-09
2843239,Basketball Cards 2016 Panini Prizm,Denzel Valentine [5th Anniversary Prizm] #23,,,,,,,,,,,,,,,,,,,0,,,,,2016-11-09
12351114,Basketball Cards 2016 Panini Prizm,Denzel Valentine [Black Prizm] #23,,,,,,,,,,,,,,,,,,,0,,,,,2016-11-09
127786,Basketball Cards 2016 Panini Prizm,Denzel Valentine [Blue Wave Prizm] #23,$4.86,,,,,,,,,,,$1.10,$5.39,,,,,,1,,,,,2016-11-09
2842989,Basketball Cards 2016 Panini Prizm,Denzel Valentine [Gold Prizm] #23,$8.50,,,,,,,,,,,$1.90,$9.39,,,,,,1,,,,,2016-11-09
127787,Basketball Cards 2016 Panini Prizm,Denzel Valentine [Green Prizm] #23,$0.99,,,,,$60.05,$78.00,$36.00,$36.00,,,,$1.09,,,,,,2,,,,,2016-11-09
2842482,Basketball Cards 2016 Panini Prizm,Denzel Valentine [Mojo Prizm] #23,,,,,,,,,,,,,,,,,,,0,,,,,2016-11-09
127788,Basketball Cards 2016 Panini Prizm,Denzel Valentine [Orange Prizm] #23,$3.54,,,,,$119.99,$156.00,$72.00,$72.00,,,$0.80,$3.89,,,,,,2,,,,,2016-11-09
127789,Basketball Cards 2016 Panini Prizm,Denzel Valentine [Orange Wave Prizm] #23,$26.43,,,,,,,,,,,$8.70,$28.99,,,,,,1,,,,,2016-11-09
2841714,Basketball Cards 2016 Panini Prizm,Denzel Valentine [Purple Prizm] #23,$10.73,,,,,,,,,,,$3.00,$11.99,,,,,,1,,,,,2016-11-09
2841196,Basketball Cards 2016 Panini Prizm,Denzel Valentine [Ruby Wave Prizm] #23,$2.46,,,,,,,,,,,,$2.69,,,,,,1,,,,,2016-11-09
127790,Basketball Cards 2016 Panini Prizm,Denzel Valentine [Silver Prizm] #23,$2.50,,,$12.25,$13.00,$60.99,$79.00,$37.00,$37.00,,,,$2.79,,,,,,5,,,,,2016-11-09
127791,Basketball Cards 2016 Panini Prizm,Denzel Valentine [Starburst Prizm] #23,$2.45,,,,$20.00,$75.93,$99.00,$46.00,$46.00,,,,$2.69,,,,,,3,,,,,2016-11-09
2842738,Basketball Cards 2016 Panini Prizm,Denzel Valentine [Teal Wave Prizm] #23,$52.29,,,,$31.32,,,,,,,$23.20,$57.99,,,,,,1,,,,,2016-11-09
2840350,Basketball Cards 2016 Panini Prizm,Deron Williams #154,$1.24,,,,,,,,,,,,$1.39,,,,,,1,,,,,2016-11-09
12351550,Basketball Cards 2016 Panini Prizm,Deron Williams [5th Anniversary Mojo] #154,,,,,,,,,,,,,,,,,,,0,,,,,2016-11-09
2843363,Basketball Cards 2016 Panini Prizm,Deron Williams [5th Anniversary Prizm] #154,,,,,,,,,,,,,,,,,,,0,,,,,2016-11-09
12351266,Basketball Cards 2016 Panini Prizm,Deron Williams [Black Prizm] #154,,,,,,,,,,,,,,,,,,,0,,,,,2016-11-09
2841574,Basketball Cards 2016 Panini Prizm,Deron Williams [Blue Wave Prizm] #154,$2.70,,,,,,,,,,,,$2.99,,,,,,1,,,,,2016-11-09
2843100,Basketball Cards 2016 Panini Prizm,Deron Williams [Gold Prizm] #154,,,,,,,,,,,,,,,,,,,0,,,,,2016-11-09
2840597,Basketball Cards 2016 Panini Prizm,Deron Williams [Green Prizm] #154,$1.40,,,,,,,,,,,,$1.49,,,,,,1,,,,,2016-11-09
2842599,Basketball Cards 2016 Panini Prizm,Deron Williams [Mojo Prizm] #154,$4.36,,,,,,,,,,,$1.00,$4.79,,,,,,1,,,,,2016-11-09
2842081,Basketball Cards 2016 Panini Prizm,Deron Williams [Orange Prizm] #154,$2.50,,,,,,,,,,,,$2.79,,,,,,1,,,,,2016-11-09
2842342,Basketball Cards 2016 Panini Prizm,Deron Williams [Orange Wave Prizm] #154,,,,,,,,,,,,,,,,,,,0,,,,,2016-11-09
2841828,Basketball Cards 2016 Panini Prizm,Deron Williams [Purple Prizm] #154,$3.02,,,,,,,,,,,,$3.29,,,,,,1,,,,,2016-11-09
2841318,Basketball Cards 2016 Panini Prizm,Deron Williams [Ruby Wave Prizm] #154,$1.14,,,,,,,,,,,,$1.29,,,,,,1,,,,,2016-11-09
2840826,Basketball Cards 2016 Panini Prizm,Deron Williams [Silver Prizm] #154,$1.27,,,,,,,,,,,,$1.39,,,,,,1,,,,,2016-11-09
2841063,Basketball Cards 2016 Panini Prizm,Deron Williams [Starburst Prizm] #154,$1.53,,,,,,,,,,,,$1.69,,,,,,1,,,,,2016-11-09
2842849,Basketball Cards 2016 Panini Prizm,Deron Williams [Teal Wave Prizm] #154,$6.00,,,,,,,,,,,$1.30,$6.59,,,,,,1,,,,,2016-11-09
2840305,Basketball Cards 2016 Panini Prizm,Derrick Favors #103,$0.25,,,,,,,,,,,,$0.99,,,,,,0,,,,,2016-11-09
12351462,Basketball Cards 2016 Panini Prizm,Derrick Favors [5th Anniversary Mojo] #103,,,,,,,,,,,,,,,,,,,0,,,,,2016-11-09
2843316,Basketball Cards 2016 Panini Prizm,Derrick Favors [5th Anniversary Prizm] #103,$7.15,,,,,,,,,,,$1.60,$7.89,,,,,,1,,,,,2016-11-09
12351172,Basketball Cards 2016 Panini Prizm,Derrick Favors [Black Prizm] #103,,,,,,,,,,,,,,,,,,,0,,,,,2016-11-09
2841532,Basketball Cards 2016 Panini Prizm,Derrick Favors [Blue Wave Prizm] #103,$1.55,,,,,,,,,,,,$1.69,,,,,,1,,,,,2016-11-09
2843055,Basketball Cards 2016 Panini Prizm,Derrick Favors [Gold Prizm] #103,$0.99,,,,,,,,,,,,$1.09,,,,,,1,,,,,2016-11-09
2840552,Basketball Cards 2016 Panini Prizm,Derrick Favors [Green Prizm] #103,$0.25,,,,,,,,,,,,$0.99,,,,,,0,,,,,2016-11-09
2842554,Basketball Cards 2016 Panini Prizm,Derrick Favors [Mojo Prizm] #103,,,,,,,,,,,,,,,,,,,0,,,,,2016-11-09
2842040,Basketball Cards 2016 Panini Prizm,Derrick Favors [Orange Prizm] #103,$2.84,,,,,,,,,,,,$3.09,,,,,,1,,,,,2016-11-09
2842296,Basketball Cards 2016 Panini Prizm,Derrick Favors [Orange Wave Prizm] #103,$7.20,,,,,,,,,,,$1.60,$7.89,,,,,,1,,,,,2016-11-09
2841786,Basketball Cards 2016 Panini Prizm,Derrick Favors [Purple Prizm] #103,$2.96,,,,,,,,,,,,$3.29,,,,,,1,,,,,2016-11-09
2841269,Basketball Cards 2016 Panini Prizm,Derrick Favors [Ruby Wave Prizm] #103,,,,,,,,,,,,,,,,,,,0,,,,,2016-11-09
2840789,Basketball Cards 2016 Panini Prizm,Derrick Favors [Silver Prizm] #103,$0.99,,,,,,,,,,,,$1.09,,,,,,1,,,,,2016-11-09
2841020,Basketball Cards 2016 Panini Prizm,Derrick Favors [Starburst Prizm] #103,$1.36,,,,,,,,,,,,$1.49,,,,,,1,,,,,2016-11-09
2842805,Basketball Cards 2016 Panini Prizm,Derrick Favors [Teal Wave Prizm] #103,$14.05,,,,,,,,,,,$3.80,$14.99,,,,,,1,,,,,2016-11-09
2840323,Basketball Cards 2016 Panini Prizm,Derrick Rose #122,$1.99,,,$11.99,$13.00,$15.12,$20.00,$9.00,$9.00,,,,$2.19,,,,,,3,,,,,2016-11-09
12351503,Basketball Cards 2016 Panini Prizm,Derrick Rose [5th Anniversary Mojo] #122,,,,,,,,,,,,,,,,,,,0,,,,,2016-11-09
2843334,Basketball Cards 2016 Panini Prizm,Derrick Rose [5th Anniversary Prizm] #122,,,,,,,,,,,,,,,,,,,0,,,,,2016-11-09
12351211,Basketball Cards 2016 Panini Prizm,Derrick Rose [Black Prizm] #122,,,,,,,,,,,,,,,,,,,0,,,,,2016-11-09
2841549,Basketball Cards 2016 Panini Prizm,Derrick Rose [Blue Wave Prizm] #122,$6.91,,,,,$36.90,$48.00,$22.00,$22.00,,,$1.50,$7.59,,,,,,3,,,,,2016-11-09
127938,Basketball Cards 2016 Panini Prizm,Derrick Rose [Gold Prizm] #122,$69.50,,,$550.00,$605.00,,,,,,,$30.40,$75.99,,,,,,2,,,,,2016-11-09
2840568,Basketball Cards 2016 Panini Prizm,Derrick Rose [Green Prizm] #122,$3.13,,,,,,,,,,,,$3.39,,,,,,1,,,,,2016-11-09
127937,Basketball Cards 2016 Panini Prizm,Derrick Rose [Mojo Prizm] #122,$19.13,,,,,$228.00,$296.00,$137.00,$137.00,,,$6.30,$20.99,,,,,,2,,,,,2016-11-09
2842056,Basketball Cards 2016 Panini Prizm,Derrick Rose [Orange Prizm] #122,$20.51,,,,,,,,,,,$6.90,$22.99,,,,,,1,,,,,2016-11-09
2842313,Basketball Cards 2016 Panini Prizm,Derrick Rose [Orange Wave Prizm] #122,$15.57,,,,,,,,,,,$4.30,$16.99,,,,,,1,,,,,2016-11-09
2841803,Basketball Cards 2016 Panini Prizm,Derrick Rose [Purple Prizm] #122,$1.29,,,,,,,,,,,,$1.39,,,,,,1,,,,,2016-11-09
2841287,Basketball Cards 2016 Panini Prizm,Derrick Rose [Ruby Wave Prizm] #122,$2.09,,,,,,,,,,,,$2.29,,,,,,1,,,,,2016-11-09
127939,Basketball Cards 2016 Panini Prizm,Derrick Rose [Silver Prizm] #122,$4.49,,,$10.71,$12.00,,,,,,,$1.00,$4.89,,,,,,4,,,,,2016-11-09
2841036,Basketball Cards 2016 Panini Prizm,Derrick Rose [Starburst Prizm] #122,$4.18,,,,,,,,,,,$0.90,$4.59,,,,,,2,,,,,2016-11-09
127941,Basketball Cards 2016 Panini Prizm,Derrick Rose [Teal Wave Prizm] #122,,,,$33.00,$36.00,,,,,,,,,,,,,,1,,,,,2016-11-09
2840290,Basketball Cards 2016 Panini Prizm,Derrick Williams #88,$0.99,,,,,,,,,,,,$1.09,,,,,,1,,,,,2016-11-09
12351556,Basketball Cards 2016 Panini Prizm,Derrick Williams [5th Anniversary Mojo] #88,,,,,,,,,,,,,,,,,,,0,,,,,2016-11-09
2843302,Basketball Cards 2016 Panini Prizm,Derrick Williams [5th Anniversary Prizm] #88,,,,,,,,,,,,,,,,,,,0,,,,,2016-11-09
12351184,Basketball Cards 2016 Panini Prizm,Derrick Williams [Black Prizm] #88,,,,,,,,,,,,,,,,,,,0,,,,,2016-11-09
2841517,Basketball Cards 2016 Panini Prizm,Derrick Williams [Blue Wave Prizm] #88,$2.25,,,,,,,,,,,,$2.49,,,,,,1,,,,,2016-11-09
2843043,Basketball Cards 2016 Panini Prizm,Derrick Williams [Gold Prizm] #88,,,,,,,,,,,,,,,,,,,0,,,,,2016-11-09
2840539,Basketball Cards 2016 Panini Prizm,Derrick Williams [Green Prizm] #88,$1.63,,,,,,,,,,,,$1.79,,,,,,1,,,,,2016-11-09
2842539,Basketball Cards 2016 Panini Prizm,Derrick Williams [Mojo Prizm] #88,$5.12,,,,,,,,,,,$1.10,$5.59,,,,,,1,,,,,2016-11-09
2842027,Basketball Cards 2016 Panini Prizm,Derrick Williams [Orange Prizm] #88,$2.47,,,,,,,,,,,,$2.69,,,,,,1,,,,,2016-11-09
2842282,Basketball Cards 2016 Panini Prizm,Derrick Williams [Orange Wave Prizm] #88,$5.42,,,,,,,,,,,$1.20,$5.99,,,,,,1,,,,,2016-11-09
2841772,Basketball Cards 2016 Panini Prizm,Derrick Williams [Purple Prizm] #88,$1.29,,,,,,,,,,,,$1.39,,,,,,1,,,,,2016-11-09
2841254,Basketball Cards 2016 Panini Prizm,Derrick Williams [Ruby Wave Prizm] #88,$1.50,,,,,,,,,,,,$1.69,,,,,,1,,,,,2016-11-09
2840775,Basketball Cards 2016 Panini Prizm,Derrick Williams [Silver Prizm] #88,$0.99,,,,,,,,,,,,$1.09,,,,,,1,,,,,2016-11-09
2841006,Basketball Cards 2016 Panini Prizm,Derrick Williams [Starburst Prizm] #88,$1.63,,,,,,,,,,,,$1.79,,,,,,1,,,,,2016-11-09
2842791,Basketball Cards 2016 Panini Prizm,Derrick Williams [Teal Wave Prizm] #88,$4.41,,,,,,,,,,,$1.00,$4.89,,,,,,1,,,,,2016-11-09
2840427,Basketball Cards 2016 Panini Prizm,Devin Booker #241,$2.12,,$8.12,$10.00,$22.94,$30.50,$40.00,$18.00,$18.00,,,,$2.29,,,$1.80,$8.89,,15,,,,,2016-11-09
12351652,Basketball Cards 2016 Panini Prizm,Devin Booker [5th Anniversary Mojo] #241,,,,,,,,,,,,,,,,,,,0,,,,,2016-11-09
2843445,Basketball Cards 2016 Panini Prizm,Devin Booker [5th Anniversary Prizm] #241,,,,,,,,,,,,,,,,,,,0,,,,,2016-11-09
127825,Basketball Cards 2016 Panini Prizm,Devin Booker [Black Prizm] #241,,,,,,,,,,,,,,,,,,,0,,,,,2016-11-09
128136,Basketball Cards 2016 Panini Prizm,Devin Booker [Blue Wave Prizm] #241,$4.25,,,$120.00,$132.00,$133.51,$174.00,$80.00,$80.00,,,$0.90,$4.69,,,,,,4,,,,,2016-11-09
2843176,Basketball Cards 2016 Panini Prizm,Devin Booker [Gold Prizm] #241,,,,,,$1424.00,$1851.00,$854.00,$854.00,,,,,,,,,,1,,,,,2016-11-09
128137,Basketball Cards 2016 Panini Prizm,Devin Booker [Green Prizm] #241,$4.90,,$15.00,$16.00,$35.00,$35.50,$46.00,$21.00,$21.00,,,$1.10,$5.39,,,$4.30,$16.99,,7,,,,,2016-11-09
2842672,Basketball Cards 2016 Panini Prizm,Devin Booker [Mojo Prizm] #241,,,,$191.50,$211.00,,,,,,,,,,,,,,1,,,,,2016-11-09
2842158,Basketball Cards 2016 Panini Prizm,Devin Booker [Orange Prizm] #241,$46.76,,,$245.00,$270.00,$294.00,$382.00,$176.00,$176.00,,,$20.40,$50.99,,,,,,3,,,,,2016-11-09
128138,Basketball Cards 2016 Panini Prizm,Devin Booker [Orange Wave Prizm] #241,$23.86,,,$52.83,$58.00,,,,,,,$7.80,$25.99,,,,,,2,,,,,2016-11-09
2841908,Basketball Cards 2016 Panini Prizm,Devin Booker [Purple Prizm] #241,$35.00,,,,,,,,,,,$15.60,$38.99,,,,,,1,,,,,2016-11-09
2841396,Basketball Cards 2016 Panini Prizm,Devin Booker [Ruby Wave Prizm] #241,$1.75,,,$20.50,$23.00,$153.99,$200.00,$92.00,$92.00,,,,$1.89,,,,,,3,,,,,2016-11-09
128139,Basketball Cards 2016 Panini Prizm,Devin Booker [Silver Prizm] #241,$9.52,,$13.70,$15.50,$33.20,$45.17,$59.00,$27.00,$27.00,,,$2.00,$9.99,,,$3.80,$14.99,,13,,,,,2016-11-09
128140,Basketball Cards 2016 Panini Prizm,Devin Booker [Starburst Prizm] #241,$10.57,,$25.22,$28.00,$31.00,$51.11,$66.00,$31.00,$31.00,,,$3.00,$11.99,,,$8.40,$27.99,,15,,,,,2016-11-09
2842924,Basketball Cards 2016 Panini Prizm,Devin Booker [Teal Wave Prizm] #241,$46.51,,,$119.12,$131.00,,,,,,,$20.40,$50.99,,,,,,3,,,,,2016-11-09
2840274,Basketball Cards 2016 Panini Prizm,Deyonta Davis #69,$1.25,,,$0.99,$1.00,,,,,,,,$1.39,,,,,,2,,,,,2016-11-09
12351502,Basketball Cards 2016 Panini Prizm,Deyonta Davis [5th Anniversary Mojo] #69,,,,,,,,,,,,,,,,,,,0,,,,,2016-11-09
2843285,Basketball Cards 2016 Panini Prizm,Deyonta Davis [5th Anniversary Prizm] #69,,,,,,,,,,,,,,,,,,,0,,,,,2016-11-09
12351159,Basketball Cards 2016 Panini Prizm,Deyonta Davis [Black Prizm] #69,,,,,,,,,,,,,,,,,,,0,,,,,2016-11-09
127868,Basketball Cards 2016 Panini Prizm,Deyonta Davis [Blue Wave Prizm] #69,$3.00,,,,,,,,,,,,$3.29,,,,,,1,,,,,2016-11-09
2843026,Basketball Cards 2016 Panini Prizm,Deyonta Davis [Gold Prizm] #69,,,,,$80.75,,,,,,,,,,,,,,1,,,,,2016-11-09
127869,Basketball Cards 2016 Panini Prizm,Deyonta Davis [Green Prizm] #69,$2.47,,,,,,,,,,,,$2.69,,,,,,1,,,,,2016-11-09
127870,Basketball Cards 2016 Panini Prizm,Deyonta Davis [Mojo Prizm] #69,$23.20,,,,,,,,,,,$7.80,$25.99,,,,,,0,,,,,2016-11-09
2842010,Basketball Cards 2016 Panini Prizm,Deyonta Davis [Orange Prizm] #69,$9.74,,,,,,,,,,,$2.80,$10.99,,,,,,1,,,,,2016-11-09
2842265,Basketball Cards 2016 Panini Prizm,Deyonta Davis [Orange Wave Prizm] #69,$6.29,,,,,,,,,,,$1.40,$6.89,,,,,,1,,,,,2016-11-09
2841756,Basketball Cards 2016 Panini Prizm,Deyonta Davis [Purple Prizm] #69,$9.99,,,,,,,,,,,$2.80,$10.99,,,,,,0,,,,,2016-11-09
2841238,Basketball Cards 2016 Panini Prizm,Deyonta Davis [Ruby Wave Prizm] #69,$2.52,,,,,,,,,,,,$2.79,,,,,,1,,,,,2016-11-09
2840762,Basketball Cards 2016 Panini Prizm,Deyonta Davis [Silver Prizm] #69,$1.31,,,,$3.98,,,,,,,,$1.39,,,,,,3,,,,,2016-11-09
127871,Basketball Cards 2016 Panini Prizm,Deyonta Davis [Starburst Prizm] #69,$2.25,,,,,,,,,,,,$2.49,,,,,,1,,,,,2016-11-09
2842777,Basketball Cards 2016 Panini Prizm,Deyonta Davis [Teal Wave Prizm] #69,$7.99,,,,,,,,,,,$1.80,$8.79,,,,,,1,,,,,2016-11-09
2840261,Basketball Cards 2016 Panini Prizm,Diamond Stone #55,$1.60,,,,,,,,,,,,$1.79,,,,,,1,,,,,2016-11-09
12351477,Basketball Cards 2016 Panini Prizm,Diamond Stone [5th Anniversary Mojo] #55,,,,,,,,,,,,,,,,,,,0,,,,,2016-11-09
2843271,Basketball Cards 2016 Panini Prizm,Diamond Stone [5th Anniversary Prizm] #55,,,,,,,,,,,,,,,,,,,0,,,,,2016-11-09
12351145,Basketball Cards 2016 Panini Prizm,Diamond Stone [Black Prizm] #55,,,,,,,,,,,,,,,,,,,0,,,,,2016-11-09
2841487,Basketball Cards 2016 Panini Prizm,Diamond Stone [Blue Wave Prizm] #55,$2.83,,,,,,,,,,,,$3.09,,,,,,1,,,,,2016-11-09
2843014,Basketball Cards 2016 Panini Prizm,Diamond Stone [Gold Prizm] #55,$58.04,,,,,,,,,,,$25.60,$63.99,,,,,,0,,,,,2016-11-09
2840511,Basketball Cards 2016 Panini Prizm,Diamond Stone [Green Prizm] #55,$1.58,,,,,,,,,,,,$1.69,,,,,,1,,,,,2016-11-09
127850,Basketball Cards 2016 Panini Prizm,Diamond Stone [Mojo Prizm] #55,,,,,,,,,,,,,,,,,,,0,,,,,2016-11-09
2841998,Basketball Cards 2016 Panini Prizm,Diamond Stone [Orange Prizm] #55,$5.40,,,,,,,,,,,$1.20,$5.89,,,,,,1,,,,,2016-11-09
2842251,Basketball Cards 2016 Panini Prizm,Diamond Stone [Orange Wave Prizm] #55,$9.99,,,,,,,,,,,$2.80,$10.99,,,,,,1,,,,,2016-11-09
2841744,Basketball Cards 2016 Panini Prizm,Diamond Stone [Purple Prizm] #55,$3.64,,,,,,,,,,,$0.80,$3.99,,,,,,1,,,,,2016-11-09
2841226,Basketball Cards 2016 Panini Prizm,Diamond Stone [Ruby Wave Prizm] #55,$1.06,,,,,,,,,,,,$1.19,,,,,,1,,,,,2016-11-09
127851,Basketball Cards 2016 Panini Prizm,Diamond Stone [Silver Prizm] #55,$1.60,,,$6.36,$7.00,,,,,,,,$1.79,,,,,,2,,,,,2016-11-09
2840978,Basketball Cards 2016 Panini Prizm,Diamond Stone [Starburst Prizm] #55,$0.99,,,,,,,,,,,,$1.09,,,,,,1,,,,,2016-11-09
127852,Basketball Cards 2016 Panini Prizm,Diamond Stone [Teal Wave Prizm] #55,$23.24,,,,,,,,,,,$7.80,$25.99,,,,,,0,,,,,2016-11-09
2840289,Basketball Cards 2016 Panini Prizm,Dion Waiters #87,$0.25,,,,,,,,,,,,$0.99,,,,,,0,,,,,2016-11-09
12351555,Basketball Cards 2016 Panini Prizm,Dion Waiters [5th Anniversary Mojo] #87,,,,,,,,,,,,,,,,,,,0,,,,,2016-11-09
2843301,Basketball Cards 2016 Panini Prizm,Dion Waiters [5th Anniversary Prizm] #87,,,,,,,,,,,,,,,,,,,0,,,,,2016-11-09
12351183,Basketball Cards 2016 Panini Prizm,Dion Waiters [Black Prizm] #87,,,,,,,,,,,,,,,,,,,0,,,,,2016-11-09
2841516,Basketball Cards 2016 Panini Prizm,Dion Waiters [Blue Wave Prizm] #87,$1.75,,,,,,,,,,,,$1.89,,,,,,1,,,,,2016-11-09
2843042,Basketball Cards 2016 Panini Prizm,Dion Waiters [Gold Prizm] #87,,,,,,,,,,,,,,,,,,,0,,,,,2016-11-09
2840538,Basketball Cards 2016 Panini Prizm,Dion Waiters [Green Prizm] #87,$0.25,,,,,,,,,,,,$0.99,,,,,,0,,,,,2016-11-09
2842538,Basketball Cards 2016 Panini Prizm,Dion Waiters [Mojo Prizm] #87,$3.50,,,,,$7.50,$10.00,$5.00,$5.00,,,$0.80,$3.89,,,,,,2,,,,,2016-11-09
2842026,Basketball Cards 2016 Panini Prizm,Dion Waiters [Orange Prizm] #87,$0.25,,,,,,,,,,,,$0.99,,,,,,0,,,,,2016-11-09
2842281,Basketball Cards 2016 Panini Prizm,Dion Waiters [Orange Wave Prizm] #87,$2.21,,,,,,,,,,,,$2.39,,,,,,1,,,,,2016-11-09
2841771,Basketball Cards 2016 Panini Prizm,Dion Waiters [Purple Prizm] #87,$1.55,,,,,,,,,,,,$1.69,,,,,,1,,,,,2016-11-09
2841253,Basketball Cards 2016 Panini Prizm,Dion Waiters [Ruby Wave Prizm] #87,,,,,,,,,,,,,,,,,,,0,,,,,2016-11-09
2840776,Basketball Cards 2016 Panini Prizm,Dion Waiters [Silver Prizm] #87,$0.99,,,,,,,,,,,,$1.09,,,,,,1,,,,,2016-11-09
127903,Basketball Cards 2016 Panini Prizm,Dion Waiters [Starburst Prizm] #87,$0.99,,,,,,,,,,,,$1.09,,,,,,1,,,,,2016-11-09
2842790,Basketball Cards 2016 Panini Prizm,Dion Waiters [Teal Wave Prizm] #87,$7.10,,,,,,,,,,,$1.60,$7.79,,,,,,0,,,,,2016-11-09
957743,Basketball Cards 2016 Panini Prizm,Dirk Nowitzki #151,$1.97,,,$15.00,$17.00,$32.99,$43.00,$20.00,$20.00,,,,$2.19,,,,,,4,,,,,2016-11-09
12351545,Basketball Cards 2016 Panini Prizm,Dirk Nowitzki [5th Anniversary Mojo] #151,,,,,,,,,,,,,,,,,,,0,,,,,2016-11-09
2843360,Basketball Cards 2016 Panini Prizm,Dirk Nowitzki [5th Anniversary Prizm] #151,,,,,,,,,,,,,,,,,,,0,,,,,2016-11-09
12351260,Basketball Cards 2016 Panini Prizm,Dirk Nowitzki [Black Prizm] #151,,,,,,,,,,,,,,,,,,,0,,,,,2016-11-09
127992,Basketball Cards 2016 Panini Prizm,Dirk Nowitzki [Blue Wave Prizm] #151,$12.03,,,$69.99,$77.00,$165.00,$215.00,$99.00,$99.00,,,$3.30,$12.99,,,,,,4,,,,,2016-11-09
2843097,Basketball Cards 2016 Panini Prizm,Dirk Nowitzki [Gold Prizm] #151,$610.24,,,,,,,,,,,$402.60,$671.00,,,,,,1,,,,,2016-11-09
2840594,Basketball Cards 2016 Panini Prizm,Dirk Nowitzki [Green Prizm] #151,$7.19,,,,,,,,,,,$1.60,$7.89,,,,,,1,,,,,2016-11-09
2842596,Basketball Cards 2016 Panini Prizm,Dirk Nowitzki [Mojo Prizm] #151,$35.00,,,$51.00,$56.00,,,,,,,$15.60,$38.99,,,,,,2,,,,,2016-11-09
127993,Basketball Cards 2016 Panini Prizm,Dirk Nowitzki [Orange Prizm] #151,$8.50,,,$34.05,$37.00,,,,,,,$1.90,$9.39,,,,,,2,,,,,2016-11-09
127994,Basketball Cards 2016 Panini Prizm,Dirk Nowitzki [Orange Wave Prizm] #151,,,,,,$51.00,$66.00,$31.00,$31.00,,,,,,,,,,1,,,,,2016-11-09
127995,Basketball Cards 2016 Panini Prizm,Dirk Nowitzki [Purple Prizm] #151,$12.30,,$9.25,,,$41.20,$54.00,$25.00,$25.00,,,$3.50,$13.99,,,$2.00,$9.99,,3,,,,,2016-11-09
2841315,Basketball Cards 2016 Panini Prizm,Dirk Nowitzki [Ruby Wave Prizm] #151,$4.34,,,,,,,,,,,$1.00,$4.79,,,,,,1,,,,,2016-11-09
127996,Basketball Cards 2016 Panini Prizm,Dirk Nowitzki [Silver Prizm] #151,$6.90,,$20.50,$25.46,$28.00,$81.32,$106.00,$49.00,$49.00,,,$1.50,$7.59,,,$6.90,$22.99,,8,,,,,2016-11-09
127997,Basketball Cards 2016 Panini Prizm,Dirk Nowitzki [Starburst Prizm] #151,$2.99,,$12.62,$15.51,$17.00,$43.00,$56.00,$26.00,$26.00,,,,$3.29,,,$3.50,$13.99,,7,,,,,2016-11-09
2842846,Basketball Cards 2016 Panini Prizm,Dirk Nowitzki [Teal Wave Prizm] #151,,,,$94.99,$104.00,$175.00,$228.00,$105.00,$105.00,,,,,,,,,,2,,,,,2016-11-09
128183,Basketball Cards 2016 Panini Prizm,Domantas Sabonis #255,$1.50,$4.88,$5.00,$11.02,$14.00,$14.49,$19.00,$9.00,$12.00,,,,$1.69,$1.10,$5.39,$1.10,$5.49,,49,,,,,2016-11-09
12351666,Basketball Cards 2016 Panini Prizm,Domantas Sabonis [5th Anniversary Mojo] #255,,,,,,,,,,,,,,,,,,,0,,,,,2016-11-09
2843457,Basketball Cards 2016 Panini Prizm,Domantas Sabonis [5th Anniversary Prizm] #255,,,,,,,,,,,,,,,,,,,0,,,,,2016-11-09
128184,Basketball Cards 2016 Panini Prizm,Domantas Sabonis [Black Prizm] #255,,,,,,,,,,,,,,,,,,,0,,,,,2016-11-09
128185,Basketball Cards 2016 Panini Prizm,Domantas Sabonis [Blue Wave Prizm] #255,$87.83,,,$60.00,$66.00,$300.00,$390.00,$180.00,$180.00,,,$38.80,$96.99,,,,,,4,,,,,2016-11-09
128186,Basketball Cards 2016 Panini Prizm,Domantas Sabonis [Gold Prizm] #255,,,,,$3051.25,,,,,,,,,,,,,,1,,,,,2016-11-09
128187,Basketball Cards 2016 Panini Prizm,Domantas Sabonis [Green Prizm] #255,$6.00,,,$14.58,$16.00,$50.00,$65.00,$30.00,$30.00,,,$1.30,$6.59,,,,,,7,,,,,2016-11-09
128188,Basketball Cards 2016 Panini Prizm,Domantas Sabonis [Mojo Prizm] #255,,,,$208.25,$536.50,$1075.00,$1398.00,$645.00,$645.00,,,,,,,,,,3,,,,,2016-11-09
128189,Basketball Cards 2016 Panini Prizm,Domantas Sabonis [Orange Prizm] #255,$150.60,,,$156.06,$214.86,$784.47,$1020.00,$471.00,$471.00,,,$83.00,$166.00,,,,,,4,,,,,2016-11-09
128190,Basketball Cards 2016 Panini Prizm,Domantas Sabonis [Orange Wave Prizm] #255,$99.99,,,$510.00,$685.00,,,,,,,$55.00,$110.00,,,,,,3,,,,,2016-11-09
128191,Basketball Cards 2016 Panini Prizm,Domantas Sabonis [Purple Prizm] #255,$56.00,,,$51.00,$379.40,$686.75,$893.00,$412.00,$412.00,,,$24.80,$61.99,,,,,,5,,,,,2016-11-09
128192,Basketball Cards 2016 Panini Prizm,Domantas Sabonis [Ruby Wave Prizm] #255,$15.25,,,$160.00,$176.00,$192.00,$250.00,$115.00,$115.00,,,$4.30,$16.99,,,,,,6,,,,,2016-11-09
128193,Basketball Cards 2016 Panini Prizm,Domantas Sabonis [Silver Prizm] #255,$19.74,,$29.95,$33.00,$33.55,$61.00,$79.00,$37.00,$37.00,,,$6.60,$21.99,,,$9.90,$32.99,,45,,,,,2016-11-09
128194,Basketball Cards 2016 Panini Prizm,Domantas Sabonis [Starburst Prizm] #255,$7.56,,$17.60,$19.00,$21.00,$48.79,$63.00,$29.00,$51.75,,,$1.70,$8.29,,,$4.80,$18.99,,21,,,,,2016-11-09
128195,Basketball Cards 2016 Panini Prizm,Domantas Sabonis [Teal Wave Prizm] #255,,,,$78.00,$86.00,$393.61,$512.00,$236.00,$236.00,,,,,,,,,,2,,,,,2016-11-09
2840239,Basketball Cards 2016 Panini Prizm,Doug McDermott #28,$0.99,,,,,,,,,,,,$1.09,,,,,,1,,,,,2016-11-09
12351441,Basketball Cards 2016 Panini Prizm,Doug McDermott [5th Anniversary Mojo] #28,,,,,,,,,,,,,,,,,,,0,,,,,2016-11-09
2843244,Basketball Cards 2016 Panini Prizm,Doug McDermott [5th Anniversary Prizm] #28,,,,,,,,,,,,,,,,,,,0,,,,,2016-11-09
12351119,Basketball Cards 2016 Panini Prizm,Doug McDermott [Black Prizm] #28,,,,,,,,,,,,,,,,,,,0,,,,,2016-11-09
2841465,Basketball Cards 2016 Panini Prizm,Doug McDermott [Blue Wave Prizm] #28,$1.29,,,,,,,,,,,,$1.39,,,,,,1,,,,,2016-11-09
2842994,Basketball Cards 2016 Panini Prizm,Doug McDermott [Gold Prizm] #28,$40.00,,,,,,,,,,,$17.60,$43.99,,,,,,1,,,,,2016-11-09
2840491,Basketball Cards 2016 Panini Prizm,Doug McDermott [Green Prizm] #28,$1.13,,,,,,,,,,,,$1.19,,,,,,1,,,,,2016-11-09
2842487,Basketball Cards 2016 Panini Prizm,Doug McDermott [Mojo Prizm] #28,$0.99,,,,,,,,,,,,$1.09,,,,,,1,,,,,2016-11-09
2841975,Basketball Cards 2016 Panini Prizm,Doug McDermott [Orange Prizm] #28,$2.99,,,,,,,,,,,,$3.29,,,,,,0,,,,,2016-11-09
2842228,Basketball Cards 2016 Panini Prizm,Doug McDermott [Orange Wave Prizm] #28,$8.59,,,,,,,,,,,$1.90,$9.49,,,,,,1,,,,,2016-11-09
2841719,Basketball Cards 2016 Panini Prizm,Doug McDermott [Purple Prizm] #28,$1.99,,,,,,,,,,,,$2.19,,,,,,2,,,,,2016-11-09
2841201,Basketball Cards 2016 Panini Prizm,Doug McDermott [Ruby Wave Prizm] #28,$1.61,,,,,,,,,,,,$1.79,,,,,,1,,,,,2016-11-09
2840735,Basketball Cards 2016 Panini Prizm,Doug McDermott [Silver Prizm] #28,$1.13,,,,,,,,,,,,$1.19,,,,,,1,,,,,2016-11-09
2840956,Basketball Cards 2016 Panini Prizm,Doug McDermott [Starburst Prizm] #28,$1.24,,,,,,,,,,,,$1.39,,,,,,1,,,,,2016-11-09
2842742,Basketball Cards 2016 Panini Prizm,Doug McDermott [Teal Wave Prizm] #28,$7.44,,,,,,,,,,,$1.60,$8.19,,,,,,1,,,,,2016-11-09
128141,Basketball Cards 2016 Panini Prizm,Dragan Bender #242,$1.49,,,,,,,,,,,,$1.59,,,,,,1,,,,,2016-11-09
12351657,Basketball Cards 2016 Panini Prizm,Dragan Bender [5th Anniversary Mojo] #242,,,,,,,,,,,,,,,,,,,0,,,,,2016-11-09
128143,Basketball Cards 2016 Panini Prizm,Dragan Bender [5th Anniversary Prizm] #242,,,,,,,,,,,,,,,,,,,0,,,,,2016-11-09
12351306,Basketball Cards 2016 Panini Prizm,Dragan Bender [Black Prizm] #242,,,,,,,,,,,,,,,,,,,0,,,,,2016-11-09
128142,Basketball Cards 2016 Panini Prizm,Dragan Bender [Blue Wave Prizm] #242,$1.93,,,,,,,,,,,,$2.09,,,,,,1,,,,,2016-11-09
2843177,Basketball Cards 2016 Panini Prizm,Dragan Bender [Gold Prizm] #242,,,,$7.50,$8.00,,,,,,,,,,,,,,1,,,,,2016-11-09
128144,Basketball Cards 2016 Panini Prizm,Dragan Bender [Green Prizm] #242,$3.36,,,,,,,,,,,,$3.69,,,,,,1,,,,,2016-11-09
128145,Basketball Cards 2016 Panini Prizm,Dragan Bender [Mojo Prizm] #242,$9.49,,,,,$11.49,$15.00,$7.00,$7.00,,,$2.00,$9.99,,,,,,2,,,,,2016-11-09
2842159,Basketball Cards 2016 Panini Prizm,Dragan Bender [Orange Prizm] #242,$11.75,,,,,,,,,,,$3.30,$12.99,,,,,,1,,,,,2016-11-09
128146,Basketball Cards 2016 Panini Prizm,Dragan Bender [Orange Wave Prizm] #242,$11.74,,,,,,,,,,,$3.30,$12.99,,,,,,1,,,,,2016-11-09
128147,Basketball Cards 2016 Panini Prizm,Dragan Bender [Purple Prizm] #242,$1.89,,,,,,,,,,,,$2.09,,,,,,1,,,,,2016-11-09
2841397,Basketball Cards 2016 Panini Prizm,Dragan Bender [Ruby Wave Prizm] #242,$1.74,,,,,,,,,,,,$1.89,,,,,,1,,,,,2016-11-09
128148,Basketball Cards 2016 Panini Prizm,Dragan Bender [Silver Prizm] #242,$3.16,,$4.25,$5.00,$5.00,$5.00,$7.00,$3.00,$3.00,,,,$3.49,,,$0.90,$4.69,,6,,,,,2016-11-09
128149,Basketball Cards 2016 Panini Prizm,Dragan Bender [Starburst Prizm] #242,$2.50,,,,,$15.50,$20.00,$9.00,$9.00,,,,$2.79,,,,,,2,,,,,2016-11-09
128150,Basketball Cards 2016 Panini Prizm,Dragan Bender [Teal Wave Prizm] #242,$34.75,,,,,,,,,,,$15.20,$37.99,,,,,,1,,,,,2016-11-09
128270,Basketball Cards 2016 Panini Prizm,Draymond Green #284,$1.52,,,$11.50,$13.00,,,,,,,,$1.69,,,,,,3,,,,,2016-11-09
12351695,Basketball Cards 2016 Panini Prizm,Draymond Green [5th Anniversary Mojo] #284,,,,,,,,,,,,,,,,,,,0,,,,,2016-11-09
2843482,Basketball Cards 2016 Panini Prizm,Draymond Green [5th Anniversary Prizm] #284,$127.50,,,,,,,,,,,$70.00,$140.00,,,,,,1,,,,,2016-11-09
12351367,Basketball Cards 2016 Panini Prizm,Draymond Green [Black Prizm] #284,,,,,,,,,,,,,,,,,,,0,,,,,2016-11-09
2841683,Basketball Cards 2016 Panini Prizm,Draymond Green [Blue Wave Prizm] #284,$8.99,,,,,$65.00,$85.00,$39.00,$39.00,,,$2.00,$9.89,,,,,,2,,,,,2016-11-09
128271,Basketball Cards 2016 Panini Prizm,Draymond Green [Gold Prizm] #284,,,,,,,,,,,,,,,,,,,0,,,,,2016-11-09
2840704,Basketball Cards 2016 Panini Prizm,Draymond Green [Green Prizm] #284,$0.89,,,,,,,,,,,,$0.99,,,,,,1,,,,,2016-11-09
2842707,Basketball Cards 2016 Panini Prizm,Draymond Green [Mojo Prizm] #284,$5.00,,,,,,,,,,,$1.10,$5.49,,,,,,1,,,,,2016-11-09
2842193,Basketball Cards 2016 Panini Prizm,Draymond Green [Orange Prizm] #284,$2.08,,,,,,,,,,,,$2.29,,,,,,1,,,,,2016-11-09
2842449,Basketball Cards 2016 Panini Prizm,Draymond Green [Orange Wave Prizm] #284,$17.50,,,,,,,,,,,$4.80,$18.99,,,,,,1,,,,,2016-11-09
2841941,Basketball Cards 2016 Panini Prizm,Draymond Green [Purple Prizm] #284,$2.93,,,,,,,,,,,,$3.19,,,,,,1,,,,,2016-11-09
2841429,Basketball Cards 2016 Panini Prizm,Draymond Green [Ruby Wave Prizm] #284,,,,,,,,,,,,,,,,,,,0,,,,,2016-11-09
2840921,Basketball Cards 2016 Panini Prizm,Draymond Green [Silver Prizm] #284,$1.99,,,,,$23.99,$31.00,$14.00,$14.00,,,,$2.19,,,,,,4,,,,,2016-11-09
128272,Basketball Cards 2016 Panini Prizm,Draymond Green [Starburst Prizm] #284,$4.34,,,,,$65.00,$85.00,$39.00,$39.00,,,$1.00,$4.79,,,,,,2,,,,,2016-11-09
128273,Basketball Cards 2016 Panini Prizm,Draymond Green [Teal Wave Prizm] #284,$8.50,,,,,$49.51,$64.00,$30.00,$30.00,,,$1.90,$9.39,,,,,,2,,,,,2016-11-09
2840276,Basketball Cards 2016 Panini Prizm,Dwight Howard #71,$0.99,,,,,,,,,,,,$1.09,,,,,,1,,,,,2016-11-09
12351505,Basketball Cards 2016 Panini Prizm,Dwight Howard [5th Anniversary Mojo] #71,,,,,,,,,,,,,,,,,,,0,,,,,2016-11-09
2843287,Basketball Cards 2016 Panini Prizm,Dwight Howard [5th Anniversary Prizm] #71,,,,,,,,,,,,,,,,,,,0,,,,,2016-11-09
12351163,Basketball Cards 2016 Panini Prizm,Dwight Howard [Black Prizm] #71,,,,,,,,,,,,,,,,,,,0,,,,,2016-11-09
2841502,Basketball Cards 2016 Panini Prizm,Dwight Howard [Blue Wave Prizm] #71,$1.75,,,,,,,,,,,,$1.89,,,,,,1,,,,,2016-11-09
2843028,Basketball Cards 2016 Panini Prizm,Dwight Howard [Gold Prizm] #71,,,,,,,,,,,,,,,,,,,0,,,,,2016-11-09
2840524,Basketball Cards 2016 Panini Prizm,Dwight Howard [Green Prizm] #71,$2.42,,,,,,,,,,,,$2.69,,,,,,1,,,,,2016-11-09
2842525,Basketball Cards 2016 Panini Prizm,Dwight Howard [Mojo Prizm] #71,$17.50,,,,,,,,,,,$4.80,$18.99,,,,,,1,,,,,2016-11-09
2842012,Basketball Cards 2016 Panini Prizm,Dwight Howard [Orange Prizm] #71,$5.26,,,,,,,,,,,$1.20,$5.79,,,,,,1,,,,,2016-11-09
2842267,Basketball Cards 2016 Panini Prizm,Dwight Howard [Orange Wave Prizm] #71,,,,,,,,,,,,,,,,,,,0,,,,,2016-11-09
2845176,Basketball Cards 2016 Panini Prizm,Dwight Howard [Purple Prizm] #71,$1.96,,$6.53,$11.97,$22.72,$32.48,$42.00,$19.00,$19.00,,,,$2.19,,,$1.40,$7.19,,15,,,,,2016-11-09
2841240,Basketball Cards 2016 Panini Prizm,Dwight Howard [Ruby Wave Prizm] #71,$3.41,,,,,,,,,,,$0.80,$3.79,,,,,,1,,,,,2016-11-09
127872,Basketball Cards 2016 Panini Prizm,Dwight Howard [Silver Prizm] #71,$1.70,,,,,$20.50,$27.00,$12.00,$12.00,,,,$1.89,,,,,,2,,,,,2016-11-09
2840992,Basketball Cards 2016 Panini Prizm,Dwight Howard [Starburst Prizm] #71,$2.49,,,,,,,,,,,,$2.69,,,,,,1,,,,,2016-11-09
2842779,Basketball Cards 2016 Panini Prizm,Dwight Howard [Teal Wave Prizm] #71,$5.12,,,,,$18.08,$24.00,$11.00,$11.00,,,$1.10,$5.59,,,,,,5,,,,,2016-11-09
2840356,Basketball Cards 2016 Panini Prizm,Dwight Powell #160,$0.85,,,,,,,,,,,,$0.99,,,,,,1,,,,,2016-11-09
12351561,Basketball Cards 2016 Panini Prizm,Dwight Powell [5th Anniversary Mojo] #160,,,,,,,,,,,,,,,,,,,0,,,,,2016-11-09
2843369,Basketball Cards 2016 Panini Prizm,Dwight Powell [5th Anniversary Prizm] #160,$35.03,,,,,,,,,,,$15.60,$38.99,,,,,,1,,,,,2016-11-09
12351277,Basketball Cards 2016 Panini Prizm,Dwight Powell [Black Prizm] #160,,,,,,,,,,,,,,,,,,,0,,,,,2016-11-09
2841580,Basketball Cards 2016 Panini Prizm,Dwight Powell [Blue Wave Prizm] #160,$2.84,,,,,,,,,,,,$3.09,,,,,,1,,,,,2016-11-09
2843106,Basketball Cards 2016 Panini Prizm,Dwight Powell [Gold Prizm] #160,$17.79,,,,,,,,,,,$5.00,$19.99,,,,,,1,,,,,2016-11-09
2840603,Basketball Cards 2016 Panini Prizm,Dwight Powell [Green Prizm] #160,$0.25,,,,,,,,,,,,$0.99,,,,,,0,,,,,2016-11-09
2842605,Basketball Cards 2016 Panini Prizm,Dwight Powell [Mojo Prizm] #160,,,,,,,,,,,,,,,,,,,0,,,,,2016-11-09
2842088,Basketball Cards 2016 Panini Prizm,Dwight Powell [Orange Prizm] #160,$1.88,,,,,,,,,,,,$2.09,,,,,,1,,,,,2016-11-09
2842348,Basketball Cards 2016 Panini Prizm,Dwight Powell [Orange Wave Prizm] #160,$3.13,,,,,,,,,,,,$3.39,,,,,,1,,,,,2016-11-09
2841834,Basketball Cards 2016 Panini Prizm,Dwight Powell [Purple Prizm] #160,$2.84,,,,,,,,,,,,$3.09,,,,,,1,,,,,2016-11-09
2841324,Basketball Cards 2016 Panini Prizm,Dwight Powell [Ruby Wave Prizm] #160,,,,,,,,,,,,,,,,,,,0,,,,,2016-11-09
2840832,Basketball Cards 2016 Panini Prizm,Dwight Powell [Silver Prizm] #160,$0.25,,,,,,,,,,,,$0.99,,,,,,0,,,,,2016-11-09
2841069,Basketball Cards 2016 Panini Prizm,Dwight Powell [Starburst Prizm] #160,$1.50,,,,,,,,,,,,$1.69,,,,,,1,,,,,2016-11-09
2842853,Basketball Cards 2016 Panini Prizm,Dwight Powell [Teal Wave Prizm] #160,$4.19,,,,,,,,,,,$0.90,$4.59,,,,,,1,,,,,2016-11-09
2840235,Basketball Cards 2016 Panini Prizm,Dwyane Wade #24,$1.50,,,$6.00,$7.00,$10.61,$14.00,$6.00,$6.00,,,,$1.69,,,,,,5,,,,,2016-11-09
12351437,Basketball Cards 2016 Panini Prizm,Dwyane Wade [5th Anniversary Mojo] #24,,,,,,,,,,,,,,,,,,,0,,,,,2016-11-09
2843240,Basketball Cards 2016 Panini Prizm,Dwyane Wade [5th Anniversary Prizm] #24,$150.99,,,$313.00,$344.00,,,,,,,$83.00,$166.00,,,,,,2,,,,,2016-11-09
12351115,Basketball Cards 2016 Panini Prizm,Dwyane Wade [Black Prizm] #24,,,,,,,,,,,,,,,,,,,0,,,,,2016-11-09
2841461,Basketball Cards 2016 Panini Prizm,Dwyane Wade [Blue Wave Prizm] #24,$2.25,,,,,$51.24,$67.00,$31.00,$31.00,,,,$2.49,,,,,,2,,,,,2016-11-09
2842990,Basketball Cards 2016 Panini Prizm,Dwyane Wade [Gold Prizm] #24,$255.00,,,$522.04,$574.00,,,,,,,$140.50,$281.00,,,,,,2,,,,,2016-11-09
127792,Basketball Cards 2016 Panini Prizm,Dwyane Wade [Green Prizm] #24,$2.74,,$20.00,$22.00,$24.00,$82.98,$108.00,$50.00,$50.00,,,,$2.99,,,$6.60,$21.99,,5,,,,,2016-11-09
2842483,Basketball Cards 2016 Panini Prizm,Dwyane Wade [Mojo Prizm] #24,$99.99,,,,,,,,,,,$55.00,$110.00,,,,,,0,,,,,2016-11-09
2841971,Basketball Cards 2016 Panini Prizm,Dwyane Wade [Orange Prizm] #24,$35.00,,,$5.51,$51.51,$52.07,$68.00,$31.00,$31.00,,,$15.60,$38.99,,,,,,4,,,,,2016-11-09
2842224,Basketball Cards 2016 Panini Prizm,Dwyane Wade [Orange Wave Prizm] #24,$14.79,,$21.32,$32.50,$34.00,$34.99,$45.00,$21.00,$21.00,,,$4.00,$15.99,,,$6.90,$22.99,,16,,,,,2016-11-09
2841715,Basketball Cards 2016 Panini Prizm,Dwyane Wade [Purple Prizm] #24,$5.51,,,$11.49,$13.00,$49.95,$65.00,$30.00,$30.00,,,$1.20,$6.09,,,,,,3,,,,,2016-11-09
2841197,Basketball Cards 2016 Panini Prizm,Dwyane Wade [Ruby Wave Prizm] #24,$1.00,,,,,$64.99,$84.00,$39.00,$39.00,,,,$1.09,,,,,,2,,,,,2016-11-09
127793,Basketball Cards 2016 Panini Prizm,Dwyane Wade [Silver Prizm] #24,$1.99,,$17.95,$20.00,$22.00,$54.00,$70.00,$32.00,$32.00,,,,$2.19,,,$5.00,$19.99,,7,,,,,2016-11-09
127794,Basketball Cards 2016 Panini Prizm,Dwyane Wade [Starburst Prizm] #24,$2.09,,$21.40,$29.41,$32.00,$35.00,$46.00,$21.00,$21.00,,,,$2.29,,,$7.20,$23.99,,6,,,,,2016-11-09
127795,Basketball Cards 2016 Panini Prizm,Dwyane Wade [Teal Wave Prizm] #24,$40.99,,,$20.58,$23.00,$175.52,$228.00,$105.00,$105.00,,,$18.00,$44.99,,,,,,3,,,,,2016-11-09
2840458,Basketball Cards 2016 Panini Prizm,Ed Davis #280,$0.99,,,,,,,,,,,,$1.09,,,,,,1,,,,,2016-11-09
12351691,Basketball Cards 2016 Panini Prizm,Ed Davis [5th Anniversary Mojo] #280,,,,,,,,,,,,,,,,,,,0,,,,,2016-11-09
2843479,Basketball Cards 2016 Panini Prizm,Ed Davis [5th Anniversary Prizm] #280,$15.19,,,,,,,,,,,$4.30,$16.99,,,,,,0,,,,,2016-11-09
12351363,Basketball Cards 2016 Panini Prizm,Ed Davis [Black Prizm] #280,,,,,,,,,,,,,,,,,,,0,,,,,2016-11-09
2841681,Basketball Cards 2016 Panini Prizm,Ed Davis [Blue Wave Prizm] #280,$1.25,,,,,,,,,,,,$1.39,,,,,,1,,,,,2016-11-09
2843205,Basketball Cards 2016 Panini Prizm,Ed Davis [Gold Prizm] #280,$50.00,,,,,,,,,,,$22.00,$54.99,,,,,,2,,,,,2016-11-09
2840703,Basketball Cards 2016 Panini Prizm,Ed Davis [Green Prizm] #280,$3.20,,,,,,,,,,,,$3.49,,,,,,1,,,,,2016-11-09
2842705,Basketball Cards 2016 Panini Prizm,Ed Davis [Mojo Prizm] #280,,,,,,,,,,,,,,,,,,,0,,,,,2016-11-09
2842192,Basketball Cards 2016 Panini Prizm,Ed Davis [Orange Prizm] #280,$1.40,,,,,,,,,,,,$1.49,,,,,,1,,,,,2016-11-09
2842448,Basketball Cards 2016 Panini Prizm,Ed Davis [Orange Wave Prizm] #280,,,,,,,,,,,,,,,,,,,0,,,,,2016-11-09
2841940,Basketball Cards 2016 Panini Prizm,Ed Davis [Purple Prizm] #280,$1.97,,,,,,,,,,,,$2.19,,,,,,1,,,,,2016-11-09
2841428,Basketball Cards 2016 Panini Prizm,Ed Davis [Ruby Wave Prizm] #280,$1.50,,,,,,,,,,,,$1.69,,,,,,1,,,,,2016-11-09
2840920,Basketball Cards 2016 Panini Prizm,Ed Davis [Silver Prizm] #280,$0.25,,,,,,,,,,,,$0.99,,,,,,0,,,,,2016-11-09
2841164,Basketball Cards 2016 Panini Prizm,Ed Davis [Starburst Prizm] #280,$1.49,,,,,,,,,,,,$1.59,,,,,,1,,,,,2016-11-09
2842956,Basketball Cards 2016 Panini Prizm,Ed Davis [Teal Wave Prizm] #280,$6.00,,,,,,,,,,,$1.30,$6.59,,,,,,1,,,,,2016-11-09
2840343,Basketball Cards 2016 Panini Prizm,Elfrid Payton #146,$0.99,,,,,,,,,,,,$1.09,,,,,,1,,,,,2016-11-09
12351540,Basketball Cards 2016 Panini Prizm,Elfrid Payton [5th Anniversary Mojo] #146,,,,,,,,,,,,,,,,,,,0,,,,,2016-11-09
2843355,Basketball Cards 2016 Panini Prizm,Elfrid Payton [5th Anniversary Prizm] #146,$9.99,,,,,,,,,,,$2.80,$10.99,,,,,,1,,,,,2016-11-09
12351250,Basketball Cards 2016 Panini Prizm,Elfrid Payton [Black Prizm] #146,,,,,,,,,,,,,,,,,,,0,,,,,2016-11-09
2841567,Basketball Cards 2016 Panini Prizm,Elfrid Payton [Blue Wave Prizm] #146,$2.31,,,,,,,,,,,,$2.49,,,,,,1,,,,,2016-11-09
2843092,Basketball Cards 2016 Panini Prizm,Elfrid Payton [Gold Prizm] #146,,,,,,,,,,,,,,,,,,,0,,,,,2016-11-09
2840589,Basketball Cards 2016 Panini Prizm,Elfrid Payton [Green Prizm] #146,$0.25,,,,,,,,,,,,$0.99,,,,,,0,,,,,2016-11-09
2842591,Basketball Cards 2016 Panini Prizm,Elfrid Payton [Mojo Prizm] #146,,,,,,,,,,,,,,,,,,,0,,,,,2016-11-09
2842076,Basketball Cards 2016 Panini Prizm,Elfrid Payton [Orange Prizm] #146,$2.83,,,,,,,,,,,,$3.09,,,,,,1,,,,,2016-11-09
2842335,Basketball Cards 2016 Panini Prizm,Elfrid Payton [Orange Wave Prizm] #146,$7.44,,,,,,,,,,,$1.60,$8.19,,,,,,1,,,,,2016-11-09
2841822,Basketball Cards 2016 Panini Prizm,Elfrid Payton [Purple Prizm] #146,$3.07,,,,,,,,,,,,$3.39,,,,,,1,,,,,2016-11-09
2841310,Basketball Cards 2016 Panini Prizm,Elfrid Payton [Ruby Wave Prizm] #146,,,,,,,,,,,,,,,,,,,0,,,,,2016-11-09
2840820,Basketball Cards 2016 Panini Prizm,Elfrid Payton [Silver Prizm] #146,$0.25,,,,,,,,,,,,$0.99,,,,,,0,,,,,2016-11-09
2841056,Basketball Cards 2016 Panini Prizm,Elfrid Payton [Starburst Prizm] #146,$150.00,,,,,,,,,,,$82.50,$165.00,,,,,,1,,,,,2016-11-09
2842841,Basketball Cards 2016 Panini Prizm,Elfrid Payton [Teal Wave Prizm] #146,,,,,,,,,,,,,,,,,,,0,,,,,2016-11-09
2840367,Basketball Cards 2016 Panini Prizm,Emmanuel Mudiay #173,$1.25,,,,,,,,,,,,$1.39,,,,,,1,,,,,2016-11-09
12351584,Basketball Cards 2016 Panini Prizm,Emmanuel Mudiay [5th Anniversary Mojo] #173,,,,,,,,,,,,,,,,,,,0,,,,,2016-11-09
2843381,Basketball Cards 2016 Panini Prizm,Emmanuel Mudiay [5th Anniversary Prizm] #173,,,,,,,,,,,,,,,,,,,0,,,,,2016-11-09
12351295,Basketball Cards 2016 Panini Prizm,Emmanuel Mudiay [Black Prizm] #173,,,,,,,,,,,,,,,,,,,0,,,,,2016-11-09
2841592,Basketball Cards 2016 Panini Prizm,Emmanuel Mudiay [Blue Wave Prizm] #173,$0.99,,,,,,,,,,,,$1.09,,,,,,1,,,,,2016-11-09
2843118,Basketball Cards 2016 Panini Prizm,Emmanuel Mudiay [Gold Prizm] #173,,,,,,,,,,,,,,,,,,,0,,,,,2016-11-09
2840613,Basketball Cards 2016 Panini Prizm,Emmanuel Mudiay [Green Prizm] #173,$0.99,,,,,,,,,,,,$1.09,,,,,,1,,,,,2016-11-09
2842616,Basketball Cards 2016 Panini Prizm,Emmanuel Mudiay [Mojo Prizm] #173,$12.99,,,,,,,,,,,$3.50,$13.99,,,,,,1,,,,,2016-11-09
2842100,Basketball Cards 2016 Panini Prizm,Emmanuel Mudiay [Orange Prizm] #173,$1.93,,,,,,,,,,,,$2.09,,,,,,1,,,,,2016-11-09
2842360,Basketball Cards 2016 Panini Prizm,Emmanuel Mudiay [Orange Wave Prizm] #173,$3.30,,,,,,,,,,,,$3.59,,,,,,1,,,,,2016-11-09
2841846,Basketball Cards 2016 Panini Prizm,Emmanuel Mudiay [Purple Prizm] #173,$1.60,,,,,,,,,,,,$1.79,,,,,,1,,,,,2016-11-09
2841335,Basketball Cards 2016 Panini Prizm,Emmanuel Mudiay [Ruby Wave Prizm] #173,,,,,,,,,,,,,,,,,,,0,,,,,2016-11-09
2840843,Basketball Cards 2016 Panini Prizm,Emmanuel Mudiay [Silver Prizm] #173,$0.25,,,,,,,,,,,,$0.99,,,,,,0,,,,,2016-11-09
2841080,Basketball Cards 2016 Panini Prizm,Emmanuel Mudiay [Starburst Prizm] #173,$0.99,,,,,,,,,,,,$1.09,,,,,,1,,,,,2016-11-09
2842866,Basketball Cards 2016 Panini Prizm,Emmanuel Mudiay [Teal Wave Prizm] #173,$2.99,,,,,,,,,,,,$3.29,,,,,,1,,,,,2016-11-09
2840436,Basketball Cards 2016 Panini Prizm,Enes Kanter #254,$1.49,,,,,,,,,,,,$1.59,,,,,,1,,,,,2016-11-09
12351665,Basketball Cards 2016 Panini Prizm,Enes Kanter [5th Anniversary Mojo] #254,,,,,,,,,,,,,,,,,,,0,,,,,2016-11-09
2843456,Basketball Cards 2016 Panini Prizm,Enes Kanter [5th Anniversary Prizm] #254,,,,,,,,,,,,,,,,,,,0,,,,,2016-11-09
12351324,Basketball Cards 2016 Panini Prizm,Enes Kanter [Black Prizm] #254,,,,,,,,,,,,,,,,,,,0,,,,,2016-11-09
2841660,Basketball Cards 2016 Panini Prizm,Enes Kanter [Blue Wave Prizm] #254,$1.43,,,,,,,,,,,,$1.59,,,,,,1,,,,,2016-11-09
2843186,Basketball Cards 2016 Panini Prizm,Enes Kanter [Gold Prizm] #254,,,,,,,,,,,,,,,,,,,0,,,,,2016-11-09
2840681,Basketball Cards 2016 Panini Prizm,Enes Kanter [Green Prizm] #254,$1.69,,,,,,,,,,,,$1.89,,,,,,1,,,,,2016-11-09
2842682,Basketball Cards 2016 Panini Prizm,Enes Kanter [Mojo Prizm] #254,,,,,,,,,,,,,,,,,,,0,,,,,2016-11-09
2842168,Basketball Cards 2016 Panini Prizm,Enes Kanter [Orange Prizm] #254,$3.00,,,,,,,,,,,,$3.29,,,,,,1,,,,,2016-11-09
2842425,Basketball Cards 2016 Panini Prizm,Enes Kanter [Orange Wave Prizm] #254,$4.99,,,,,,,,,,,$1.10,$5.49,,,,,,1,,,,,2016-11-09
2841918,Basketball Cards 2016 Panini Prizm,Enes Kanter [Purple Prizm] #254,$3.18,,,,,,,,,,,,$3.49,,,,,,1,,,,,2016-11-09
2841405,Basketball Cards 2016 Panini Prizm,Enes Kanter [Ruby Wave Prizm] #254,$1.97,,,,,,,,,,,,$2.19,,,,,,1,,,,,2016-11-09
2840901,Basketball Cards 2016 Panini Prizm,Enes Kanter [Silver Prizm] #254,$0.99,,,,,,,,,,,,$1.09,,,,,,1,,,,,2016-11-09
2841145,Basketball Cards 2016 Panini Prizm,Enes Kanter [Starburst Prizm] #254,$1.12,,,,,,,,,,,,$1.19,,,,,,1,,,,,2016-11-09
2842933,Basketball Cards 2016 Panini Prizm,Enes Kanter [Teal Wave Prizm] #254,$8.00,,,,,,,,,,,$1.80,$8.79,,,,,,1,,,,,2016-11-09
2840428,Basketball Cards 2016 Panini Prizm,Eric Bledsoe #244,$1.50,,,,,,,,,,,,$1.69,,,,,,1,,,,,2016-11-09
12351654,Basketball Cards 2016 Panini Prizm,Eric Bledsoe [5th Anniversary Mojo] #244,,,,,,,,,,,,,,,,,,,0,,,,,2016-11-09
2843447,Basketball Cards 2016 Panini Prizm,Eric Bledsoe [5th Anniversary Prizm] #244,,,,,,,,,,,,,,,,,,,0,,,,,2016-11-09
12351309,Basketball Cards 2016 Panini Prizm,Eric Bledsoe [Black Prizm] #244,,,,,,,,,,,,,,,,,,,0,,,,,2016-11-09
2841652,Basketball Cards 2016 Panini Prizm,Eric Bledsoe [Blue Wave Prizm] #244,$1.23,,,,,,,,,,,,$1.39,,,,,,1,,,,,2016-11-09
2843179,Basketball Cards 2016 Panini Prizm,Eric Bledsoe [Gold Prizm] #244,$29.99,,,,,,,,,,,$9.90,$32.99,,,,,,1,,,,,2016-11-09
2840673,Basketball Cards 2016 Panini Prizm,Eric Bledsoe [Green Prizm] #244,$0.25,,,,,,,,,,,,$0.99,,,,,,0,,,,,2016-11-09
2842673,Basketball Cards 2016 Panini Prizm,Eric Bledsoe [Mojo Prizm] #244,$15.49,,,,,,,,,,,$4.30,$16.99,,,,,,1,,,,,2016-11-09
2842160,Basketball Cards 2016 Panini Prizm,Eric Bledsoe [Orange Prizm] #244,$10.55,,,,,,,,,,,$3.00,$11.99,,,,,,1,,,,,2016-11-09
2842416,Basketball Cards 2016 Panini Prizm,Eric Bledsoe [Orange Wave Prizm] #244,$8.99,,,,,,,,,,,$2.00,$9.89,,,,,,0,,,,,2016-11-09
2841910,Basketball Cards 2016 Panini Prizm,Eric Bledsoe [Purple Prizm] #244,,,,,,,,,,,,,,,,,,,0,,,,,2016-11-09
2841398,Basketball Cards 2016 Panini Prizm,Eric Bledsoe [Ruby Wave Prizm] #244,,,,,,,,,,,,,,,,,,,0,,,,,2016-11-09
128160,Basketball Cards 2016 Panini Prizm,Eric Bledsoe [Silver Prizm] #244,$0.99,,,,,,,,,,,,$1.09,,,,,,1,,,,,2016-11-09
2841137,Basketball Cards 2016 Panini Prizm,Eric Bledsoe [Starburst Prizm] #244,$0.25,,,,,,,,,,,,$0.99,,,,,,0,,,,,2016-11-09
2842925,Basketball Cards 2016 Panini Prizm,Eric Bledsoe [Teal Wave Prizm] #244,,,,,,,,,,,,,,,,,,,0,,,,,2016-11-09
2840413,Basketball Cards 2016 Panini Prizm,Eric Gordon #225,$0.99,,,,,,,,,,,,$1.09,,,,,,1,,,,,2016-11-09
12351636,Basketball Cards 2016 Panini Prizm,Eric Gordon [5th Anniversary Mojo] #225,,,,,,,,,,,,,,,,,,,0,,,,,2016-11-09
2843429,Basketball Cards 2016 Panini Prizm,Eric Gordon [5th Anniversary Prizm] #225,$3.58,,,,,,,,,,,$0.80,$3.89,,,,,,1,,,,,2016-11-09
12351263,Basketball Cards 2016 Panini Prizm,Eric Gordon [Black Prizm] #225,,,,,,,,,,,,,,,,,,,0,,,,,2016-11-09
2841638,Basketball Cards 2016 Panini Prizm,Eric Gordon [Blue Wave Prizm] #225,$2.63,,,,,,,,,,,,$2.89,,,,,,1,,,,,2016-11-09
2843161,Basketball Cards 2016 Panini Prizm,Eric Gordon [Gold Prizm] #225,,,,,,,,,,,,,,,,,,,0,,,,,2016-11-09
2840658,Basketball Cards 2016 Panini Prizm,Eric Gordon [Green Prizm] #225,$0.25,,,,,,,,,,,,$0.99,,,,,,0,,,,,2016-11-09
2842658,Basketball Cards 2016 Panini Prizm,Eric Gordon [Mojo Prizm] #225,$5.50,,,,,,,,,,,$1.20,$6.09,,,,,,1,,,,,2016-11-09
2842144,Basketball Cards 2016 Panini Prizm,Eric Gordon [Orange Prizm] #225,$2.84,,,,,,,,,,,,$3.09,,,,,,1,,,,,2016-11-09
2842401,Basketball Cards 2016 Panini Prizm,Eric Gordon [Orange Wave Prizm] #225,,,,,,,,,,,,,,,,,,,0,,,,,2016-11-09
2841893,Basketball Cards 2016 Panini Prizm,Eric Gordon [Purple Prizm] #225,$2.49,,,,,,,,,,,,$2.69,,,,,,1,,,,,2016-11-09
2841382,Basketball Cards 2016 Panini Prizm,Eric Gordon [Ruby Wave Prizm] #225,$1.99,,,,,,,,,,,,$2.19,,,,,,1,,,,,2016-11-09
2840881,Basketball Cards 2016 Panini Prizm,Eric Gordon [Silver Prizm] #225,$1.41,,,,,,,,,,,,$1.59,,,,,,1,,,,,2016-11-09
2841123,Basketball Cards 2016 Panini Prizm,Eric Gordon [Starburst Prizm] #225,$0.99,,,,,,,,,,,,$1.09,,,,,,1,,,,,2016-11-09
2842911,Basketball Cards 2016 Panini Prizm,Eric Gordon [Teal Wave Prizm] #225,,,,,,,,,,,,,,,,,,,0,,,,,2016-11-09
2840439,Basketball Cards 2016 Panini Prizm,Ersan Ilyasova #258,$0.99,,,,,,,,,,,,$1.09,,,,,,1,,,,,2016-11-09
12351669,Basketball Cards 2016 Panini Prizm,Ersan Ilyasova [5th Anniversary Mojo] #258,,,,,,,,,,,,,,,,,,,0,,,,,2016-11-09
2843460,Basketball Cards 2016 Panini Prizm,Ersan Ilyasova [5th Anniversary Prizm] #258,,,,,,,,,,,,,,,,,,,0,,,,,2016-11-09
12351327,Basketball Cards 2016 Panini Prizm,Ersan Ilyasova [Black Prizm] #258,,,,,,,,,,,,,,,,,,,0,,,,,2016-11-09
2841663,Basketball Cards 2016 Panini Prizm,Ersan Ilyasova [Blue Wave Prizm] #258,$2.38,,,,,,,,,,,,$2.59,,,,,,1,,,,,2016-11-09
2843189,Basketball Cards 2016 Panini Prizm,Ersan Ilyasova [Gold Prizm] #258,,,,,,,,,,,,,,,,,,,0,,,,,2016-11-09
2840684,Basketball Cards 2016 Panini Prizm,Ersan Ilyasova [Green Prizm] #258,$1.50,,,,,,,,,,,,$1.69,,,,,,1,,,,,2016-11-09
2842685,Basketball Cards 2016 Panini Prizm,Ersan Ilyasova [Mojo Prizm] #258,$7.44,,,,,,,,,,,$1.60,$8.19,,,,,,1,,,,,2016-11-09
2842171,Basketball Cards 2016 Panini Prizm,Ersan Ilyasova [Orange Prizm] #258,$2.82,,,,,,,,,,,,$3.09,,,,,,1,,,,,2016-11-09
2842428,Basketball Cards 2016 Panini Prizm,Ersan Ilyasova [Orange Wave Prizm] #258,$2.25,,,,,,,,,,,,$2.49,,,,,,1,,,,,2016-11-09
2841921,Basketball Cards 2016 Panini Prizm,Ersan Ilyasova [Purple Prizm] #258,$3.78,,,,,,,,,,,$0.80,$4.19,,,,,,1,,,,,2016-11-09
2841409,Basketball Cards 2016 Panini Prizm,Ersan Ilyasova [Ruby Wave Prizm] #258,,,,,,,,,,,,,,,,,,,0,,,,,2016-11-09
2840904,Basketball Cards 2016 Panini Prizm,Ersan Ilyasova [Silver Prizm] #258,$2.13,,,,,,,,,,,,$2.29,,,,,,1,,,,,2016-11-09
2841148,Basketball Cards 2016 Panini Prizm,Ersan Ilyasova [Starburst Prizm] #258,$0.99,,,,,,,,,,,,$1.09,,,,,,1,,,,,2016-11-09
2842936,Basketball Cards 2016 Panini Prizm,Ersan Ilyasova [Teal Wave Prizm] #258,,,,,,,,,,,,,,,,,,,0,,,,,2016-11-09
2840341,Basketball Cards 2016 Panini Prizm,Evan Fournier #144,$1.37,,,,,,,,,,,,$1.49,,,,,,1,,,,,2016-11-09
12351537,Basketball Cards 2016 Panini Prizm,Evan Fournier [5th Anniversary Mojo] #144,,,,,,,,,,,,,,,,,,,0,,,,,2016-11-09
2843352,Basketball Cards 2016 Panini Prizm,Evan Fournier [5th Anniversary Prizm] #144,$3.02,,,,,,,,,,,,$3.29,,,,,,1,,,,,2016-11-09
12351385,Basketball Cards 2016 Panini Prizm,Evan Fournier [Black Prizm] #144,,,,,,,,,,,,,,,,,,,0,,,,,2016-11-09
2841565,Basketball Cards 2016 Panini Prizm,Evan Fournier [Blue Wave Prizm] #144,$2.99,,,,,,,,,,,,$3.29,,,,,,1,,,,,2016-11-09
2843090,Basketball Cards 2016 Panini Prizm,Evan Fournier [Gold Prizm] #144,,,,$45.00,$50.00,,,,,,,,,,,,,,1,,,,,2016-11-09
2840587,Basketball Cards 2016 Panini Prizm,Evan Fournier [Green Prizm] #144,$1.35,,,,,,,,,,,,$1.49,,,,,,1,,,,,2016-11-09
2842589,Basketball Cards 2016 Panini Prizm,Evan Fournier [Mojo Prizm] #144,,,,,,,,,,,,,,,,,,,0,,,,,2016-11-09
2842074,Basketball Cards 2016 Panini Prizm,Evan Fournier [Orange Prizm] #144,$2.83,,,,,,,,,,,,$3.09,,,,,,1,,,,,2016-11-09
2842333,Basketball Cards 2016 Panini Prizm,Evan Fournier [Orange Wave Prizm] #144,$6.28,,,,,,,,,,,$1.40,$6.89,,,,,,1,,,,,2016-11-09
2841821,Basketball Cards 2016 Panini Prizm,Evan Fournier [Purple Prizm] #144,$1.75,,,,,,,,,,,,$1.89,,,,,,1,,,,,2016-11-09
2841308,Basketball Cards 2016 Panini Prizm,Evan Fournier [Ruby Wave Prizm] #144,,,,,,,,,,,,,,,,,,,0,,,,,2016-11-09
2840819,Basketball Cards 2016 Panini Prizm,Evan Fournier [Silver Prizm] #144,$1.25,,,,,,,,,,,,$1.39,,,,,,1,,,,,2016-11-09
2841054,Basketball Cards 2016 Panini Prizm,Evan Fournier [Starburst Prizm] #144,$1.50,,,,,,,,,,,,$1.69,,,,,,1,,,,,2016-11-09
2842839,Basketball Cards 2016 Panini Prizm,Evan Fournier [Teal Wave Prizm] #144,$8.59,,,,,,,,,,,$1.90,$9.49,,,,,,1,,,,,2016-11-09
2840452,Basketball Cards 2016 Panini Prizm,Evan Turner #274,$0.14,,,,,,,,,,,,$0.99,,,,,,1,,,,,2016-11-09
12351685,Basketball Cards 2016 Panini Prizm,Evan Turner [5th Anniversary Mojo] #274,,,,,,,,,,,,,,,,,,,0,,,,,2016-11-09
2843474,Basketball Cards 2016 Panini Prizm,Evan Turner [5th Anniversary Prizm] #274,,,,,,,,,,,,,,,,,,,0,,,,,2016-11-09
12351357,Basketball Cards 2016 Panini Prizm,Evan Turner [Black Prizm] #274,,,,,,,,,,,,,,,,,,,0,,,,,2016-11-09
2841675,Basketball Cards 2016 Panini Prizm,Evan Turner [Blue Wave Prizm] #274,$2.25,,,,,,,,,,,,$2.49,,,,,,1,,,,,2016-11-09
2843200,Basketball Cards 2016 Panini Prizm,Evan Turner [Gold Prizm] #274,$15.98,,,,,,,,,,,$4.50,$17.99,,,,,,1,,,,,2016-11-09
2840697,Basketball Cards 2016 Panini Prizm,Evan Turner [Green Prizm] #274,$0.25,,,,,,,,,,,,$0.99,,,,,,0,,,,,2016-11-09
2842698,Basketball Cards 2016 Panini Prizm,Evan Turner [Mojo Prizm] #274,$7.20,,,,,,,,,,,$1.60,$7.89,,,,,,1,,,,,2016-11-09
2842186,Basketball Cards 2016 Panini Prizm,Evan Turner [Orange Prizm] #274,$2.24,,,,,,,,,,,,$2.49,,,,,,0,,,,,2016-11-09
2842442,Basketball Cards 2016 Panini Prizm,Evan Turner [Orange Wave Prizm] #274,$2.14,,,,,,,,,,,,$2.39,,,,,,1,,,,,2016-11-09
2841934,Basketball Cards 2016 Panini Prizm,Evan Turner [Purple Prizm] #274,$2.00,,,,,,,,,,,,$2.19,,,,,,1,,,,,2016-11-09
2841422,Basketball Cards 2016 Panini Prizm,Evan Turner [Ruby Wave Prizm] #274,$1.50,,,,,,,,,,,,$1.69,,,,,,1,,,,,2016-11-09
2840915,Basketball Cards 2016 Panini Prizm,Evan Turner [Silver Prizm] #274,$1.99,,,,,,,,,,,,$2.19,,,,,,1,,,,,2016-11-09
2845169,Basketball Cards 2016 Panini Prizm,Evan Turner [Starburst Prizm] #274,$0.25,,,,,,,,,,,,$0.99,,,,,,0,,,,,2016-11-09
2842950,Basketball Cards 2016 Panini Prizm,Evan Turner [Teal Wave Prizm] #274,,,,,,,,,,,,,,,,,,,0,,,,,2016-11-09
2840453,Basketball Cards 2016 Panini Prizm,Festus Ezeli #275,$0.99,,,,,,,,,,,,$1.09,,,,,,1,,,,,2016-11-09
12351686,Basketball Cards 2016 Panini Prizm,Festus Ezeli [5th Anniversary Mojo] #275,,,,,,,,,,,,,,,,,,,0,,,,,2016-11-09
2843475,Basketball Cards 2016 Panini Prizm,Festus Ezeli [5th Anniversary Prizm] #275,,,,,,,,,,,,,,,,,,,0,,,,,2016-11-09
12351358,Basketball Cards 2016 Panini Prizm,Festus Ezeli [Black Prizm] #275,,,,,,,,,,,,,,,,,,,0,,,,,2016-11-09
2841676,Basketball Cards 2016 Panini Prizm,Festus Ezeli [Blue Wave Prizm] #275,$1.88,,,,,,,,,,,,$2.09,,,,,,1,,,,,2016-11-09
2843201,Basketball Cards 2016 Panini Prizm,Festus Ezeli [Gold Prizm] #275,,,,,,,,,,,,,,,,,,,0,,,,,2016-11-09
2840698,Basketball Cards 2016 Panini Prizm,Festus Ezeli [Green Prizm] #275,$0.25,,,,,,,,,,,,$0.99,,,,,,0,,,,,2016-11-09
2842703,Basketball Cards 2016 Panini Prizm,Festus Ezeli [Mojo Prizm] #275,$7.20,,,,,,,,,,,$1.60,$7.89,,,,,,1,,,,,2016-11-09
2842187,Basketball Cards 2016 Panini Prizm,Festus Ezeli [Orange Prizm] #275,$1.88,,,,,,,,,,,,$2.09,,,,,,1,,,,,2016-11-09
2842443,Basketball Cards 2016 Panini Prizm,Festus Ezeli [Orange Wave Prizm] #275,$6.99,,,,,,,,,,,$1.50,$7.69,,,,,,0,,,,,2016-11-09
2841935,Basketball Cards 2016 Panini Prizm,Festus Ezeli [Purple Prizm] #275,$4.61,,,,,,,,,,,$1.00,$5.09,,,,,,1,,,,,2016-11-09
2841423,Basketball Cards 2016 Panini Prizm,Festus Ezeli [Ruby Wave Prizm] #275,$0.99,,,,,,,,,,,,$1.09,,,,,,1,,,,,2016-11-09
2840916,Basketball Cards 2016 Panini Prizm,Festus Ezeli [Silver Prizm] #275,$1.99,,,,,,,,,,,,$2.19,,,,,,1,,,,,2016-11-09
2841159,Basketball Cards 2016 Panini Prizm,Festus Ezeli [Starburst Prizm] #275,$0.99,,,,,,,,,,,,$1.09,,,,,,1,,,,,2016-11-09
2842951,Basketball Cards 2016 Panini Prizm,Festus Ezeli [Teal Wave Prizm] #275,,,,,,,,,,,,,,,,,,,0,,,,,2016-11-09
2840295,Basketball Cards 2016 Panini Prizm,Frank Kaminsky #93,$0.25,,,,,,,,,,,,$0.99,,,,,,0,,,,,2016-11-09
12351566,Basketball Cards 2016 Panini Prizm,Frank Kaminsky [5th Anniversary Mojo] #93,,,,,,,,,,,,,,,,,,,0,,,,,2016-11-09
2843306,Basketball Cards 2016 Panini Prizm,Frank Kaminsky [5th Anniversary Prizm] #93,$65.00,,,,,,,,,,,$28.80,$71.99,,,,,,1,,,,,2016-11-09
12351193,Basketball Cards 2016 Panini Prizm,Frank Kaminsky [Black Prizm] #93,,,,,,,,,,,,,,,,,,,0,,,,,2016-11-09
2841522,Basketball Cards 2016 Panini Prizm,Frank Kaminsky [Blue Wave Prizm] #93,$2.00,,,,,,,,,,,,$2.19,,,,,,3,,,,,2016-11-09
127910,Basketball Cards 2016 Panini Prizm,Frank Kaminsky [Gold Prizm] #93,$242.50,,,,,,,,,,,$133.50,$267.00,,,,,,1,,,,,2016-11-09
2840543,Basketball Cards 2016 Panini Prizm,Frank Kaminsky [Green Prizm] #93,$0.25,,,,,,,,,,,,$0.99,,,,,,0,,,,,2016-11-09
2842544,Basketball Cards 2016 Panini Prizm,Frank Kaminsky [Mojo Prizm] #93,,,,,,,,,,,,,,,,,,,0,,,,,2016-11-09
2842031,Basketball Cards 2016 Panini Prizm,Frank Kaminsky [Orange Prizm] #93,$3.55,,,,,,,,,,,$0.80,$3.89,,,,,,1,,,,,2016-11-09
2842286,Basketball Cards 2016 Panini Prizm,Frank Kaminsky [Orange Wave Prizm] #93,$6.00,,,,,,,,,,,$1.30,$6.59,,,,,,1,,,,,2016-11-09
2841777,Basketball Cards 2016 Panini Prizm,Frank Kaminsky [Purple Prizm] #93,$2.49,,,,,,,,,,,,$2.69,,,,,,1,,,,,2016-11-09
2841259,Basketball Cards 2016 Panini Prizm,Frank Kaminsky [Ruby Wave Prizm] #93,$1.50,,,,,,,,,,,,$1.69,,,,,,1,,,,,2016-11-09
2840780,Basketball Cards 2016 Panini Prizm,Frank Kaminsky [Silver Prizm] #93,$0.99,,,,,,,,,,,,$1.09,,,,,,1,,,,,2016-11-09
2841010,Basketball Cards 2016 Panini Prizm,Frank Kaminsky [Starburst Prizm] #93,$1.50,,,,,,,,,,,,$1.69,,,,,,1,,,,,2016-11-09
2842795,Basketball Cards 2016 Panini Prizm,Frank Kaminsky [Teal Wave Prizm] #93,$5.96,,,,,,,,,,,$1.30,$6.59,,,,,,1,,,,,2016-11-09
2840371,Basketball Cards 2016 Panini Prizm,Gary Harris #178,$0.99,,,,,,,,,,,,$1.09,,,,,,1,,,,,2016-11-09
12351589,Basketball Cards 2016 Panini Prizm,Gary Harris [5th Anniversary Mojo] #178,,,,,,,,,,,,,,,,,,,0,,,,,2016-11-09
2843385,Basketball Cards 2016 Panini Prizm,Gary Harris [5th Anniversary Prizm] #178,$17.79,,,,,,,,,,,$5.00,$19.99,,,,,,1,,,,,2016-11-09
12351305,Basketball Cards 2016 Panini Prizm,Gary Harris [Black Prizm] #178,,,,,,,,,,,,,,,,,,,0,,,,,2016-11-09
2841596,Basketball Cards 2016 Panini Prizm,Gary Harris [Blue Wave Prizm] #178,$2.00,,,,,,,,,,,,$2.19,,,,,,1,,,,,2016-11-09
2843121,Basketball Cards 2016 Panini Prizm,Gary Harris [Gold Prizm] #178,,,,,,,,,,,,,,,,,,,0,,,,,2016-11-09
2840617,Basketball Cards 2016 Panini Prizm,Gary Harris [Green Prizm] #178,$0.99,,,,,,,,,,,,$1.09,,,,,,1,,,,,2016-11-09
2842620,Basketball Cards 2016 Panini Prizm,Gary Harris [Mojo Prizm] #178,,,,,,,,,,,,,,,,,,,0,,,,,2016-11-09
2842104,Basketball Cards 2016 Panini Prizm,Gary Harris [Orange Prizm] #178,$0.99,,,,,,,,,,,,$1.09,,,,,,1,,,,,2016-11-09
2842362,Basketball Cards 2016 Panini Prizm,Gary Harris [Orange Wave Prizm] #178,$4.51,,,,,,,,,,,$1.00,$4.99,,,,,,1,,,,,2016-11-09
2841849,Basketball Cards 2016 Panini Prizm,Gary Harris [Purple Prizm] #178,$2.25,,,,,,,,,,,,$2.49,,,,,,1,,,,,2016-11-09
2841339,Basketball Cards 2016 Panini Prizm,Gary Harris [Ruby Wave Prizm] #178,$1.98,,,,,,,,,,,,$2.19,,,,,,1,,,,,2016-11-09
2840846,Basketball Cards 2016 Panini Prizm,Gary Harris [Silver Prizm] #178,$0.25,,,,,,,,,,,,$0.99,,,,,,0,,,,,2016-11-09
2841082,Basketball Cards 2016 Panini Prizm,Gary Harris [Starburst Prizm] #178,$0.88,,,,,,,,,,,,$0.99,,,,,,1,,,,,2016-11-09
2842871,Basketball Cards 2016 Panini Prizm,Gary Harris [Teal Wave Prizm] #178,$5.00,,,,,,,,,,,$1.10,$5.49,,,,,,1,,,,,2016-11-09
2840412,Basketball Cards 2016 Panini Prizm,Gary Payton II #224,$3.95,$0.99,$7.38,$15.00,$24.21,$33.86,$44.00,$20.00,$20.00,,,$0.90,$4.39,,$1.09,$1.60,$8.09,,12,,,,,2016-11-09
12351635,Basketball Cards 2016 Panini Prizm,Gary Payton II [5th Anniversary Mojo] #224,,,,,,,,,,,,,,,,,,,0,,,,,2016-11-09
2843428,Basketball Cards 2016 Panini Prizm,Gary Payton II [5th Anniversary Prizm] #224,,,,,,,,,,,,,,,,,,,0,,,,,2016-11-09
12351261,Basketball Cards 2016 Panini Prizm,Gary Payton II [Black Prizm] #224,,,,,,,,,,,,,,,,,,,0,,,,,2016-11-09
2841637,Basketball Cards 2016 Panini Prizm,Gary Payton II [Blue Wave Prizm] #224,$33.73,,,,,$225.31,$293.00,$135.00,$135.00,,,$14.80,$36.99,,,,,,2,,,,,2016-11-09
2843160,Basketball Cards 2016 Panini Prizm,Gary Payton II [Gold Prizm] #224,$399.95,,,,,,,,,,,$220.00,$440.00,,,,,,0,,,,,2016-11-09
2840657,Basketball Cards 2016 Panini Prizm,Gary Payton II [Green Prizm] #224,$8.13,,,,,,,,,,,$1.80,$8.89,,,,,,4,,,,,2016-11-09
128111,Basketball Cards 2016 Panini Prizm,Gary Payton II [Mojo Prizm] #224,$106.29,,$20.50,,,,,,,,,$58.50,$117.00,,,$6.90,$22.99,,2,,,,,2016-11-09
2842143,Basketball Cards 2016 Panini Prizm,Gary Payton II [Orange Prizm] #224,$19.99,,,$22.03,$24.00,,,,,,,$6.60,$21.99,,,,,,2,,,,,2016-11-09
2842400,Basketball Cards 2016 Panini Prizm,Gary Payton II [Orange Wave Prizm] #224,,,,$99.99,$110.00,,,,,,,,,,,,,,1,,,,,2016-11-09
2841892,Basketball Cards 2016 Panini Prizm,Gary Payton II [Purple Prizm] #224,$14.99,,,,,$55.00,$72.00,$33.00,$33.00,,,$4.00,$15.99,,,,,,2,,,,,2016-11-09
2841381,Basketball Cards 2016 Panini Prizm,Gary Payton II [Ruby Wave Prizm] #224,$9.99,,,,,,,,,,,$2.80,$10.99,,,,,,2,,,,,2016-11-09
128112,Basketball Cards 2016 Panini Prizm,Gary Payton II [Silver Prizm] #224,$9.99,,$12.82,$19.29,$33.84,$37.65,$49.00,$23.00,$23.00,,,$2.80,$10.99,,,$3.50,$13.99,,11,,,,,2016-11-09
2841122,Basketball Cards 2016 Panini Prizm,Gary Payton II [Starburst Prizm] #224,$7.87,,$11.16,$12.00,$30.91,$39.00,$51.00,$23.00,$23.00,,,$1.70,$8.69,,,$3.00,$11.99,,9,,,,,2016-11-09
2842910,Basketball Cards 2016 Panini Prizm,Gary Payton II [Teal Wave Prizm] #224,$150.00,,,$33.00,$36.00,$43.00,$56.00,$26.00,$26.00,,,$82.50,$165.00,,,,,,3,,,,,2016-11-09
2840308,Basketball Cards 2016 Panini Prizm,George Hill #106,$0.99,,,,,,,,,,,,$1.09,,,,,,1,,,,,2016-11-09
12351470,Basketball Cards 2016 Panini Prizm,George Hill [5th Anniversary Mojo] #106,,,,,,,,,,,,,,,,,,,0,,,,,2016-11-09
2843319,Basketball Cards 2016 Panini Prizm,George Hill [5th Anniversary Prizm] #106,$5.14,,,,,,,,,,,$1.10,$5.69,,,,,,1,,,,,2016-11-09
12351178,Basketball Cards 2016 Panini Prizm,George Hill [Black Prizm] #106,,,,,,,,,,,,,,,,,,,0,,,,,2016-11-09
2841535,Basketball Cards 2016 Panini Prizm,George Hill [Blue Wave Prizm] #106,$2.25,,,,,,,,,,,,$2.49,,,,,,1,,,,,2016-11-09
2843057,Basketball Cards 2016 Panini Prizm,George Hill [Gold Prizm] #106,,,,,,,,,,,,,,,,,,,0,,,,,2016-11-09
2840555,Basketball Cards 2016 Panini Prizm,George Hill [Green Prizm] #106,$0.99,,,,,,,,,,,,$1.09,,,,,,1,,,,,2016-11-09
2842557,Basketball Cards 2016 Panini Prizm,George Hill [Mojo Prizm] #106,$10.00,,,,,,,,,,,$2.80,$10.99,,,,,,0,,,,,2016-11-09
2842043,Basketball Cards 2016 Panini Prizm,George Hill [Orange Prizm] #106,$1.69,,,,,,,,,,,,$1.89,,,,,,1,,,,,2016-11-09
2842299,Basketball Cards 2016 Panini Prizm,George Hill [Orange Wave Prizm] #106,$8.71,,,,,,,,,,,$1.90,$9.59,,,,,,1,,,,,2016-11-09
2841789,Basketball Cards 2016 Panini Prizm,George Hill [Purple Prizm] #106,$3.39,,,,,,,,,,,,$3.69,,,,,,1,,,,,2016-11-09
2841272,Basketball Cards 2016 Panini Prizm,George Hill [Ruby Wave Prizm] #106,$0.99,,,,,,,,,,,,$1.09,,,,,,1,,,,,2016-11-09
2840792,Basketball Cards 2016 Panini Prizm,George Hill [Silver Prizm] #106,$0.99,,,,,,,,,,,,$1.09,,,,,,1,,,,,2016-11-09
2841023,Basketball Cards 2016 Panini Prizm,George Hill [Starburst Prizm] #106,$1.25,,,,,,,,,,,,$1.39,,,,,,1,,,,,2016-11-09
2842808,Basketball Cards 2016 Panini Prizm,George Hill [Teal Wave Prizm] #106,,,,,,,,,,,,,,,,,,,0,,,,,2016-11-09
2840380,Basketball Cards 2016 Panini Prizm,Georges Niang #187,$2.35,,$6.84,$12.36,$23.26,$32.98,$43.00,$20.00,$20.00,,,,$2.59,,,$1.50,$7.49,,6,,,,,2016-11-09
12351598,Basketball Cards 2016 Panini Prizm,Georges Niang [5th Anniversary Mojo] #187,,,,,,,,,,,,,,,,,,,0,,,,,2016-11-09
2843394,Basketball Cards 2016 Panini Prizm,Georges Niang [5th Anniversary Prizm] #187,$100.75,,,,$120.00,,,,,,,$55.50,$111.00,,,,,,1,,,,,2016-11-09
12351331,Basketball Cards 2016 Panini Prizm,Georges Niang [Black Prizm] #187,,,,,,,,,,,,,,,,,,,0,,,,,2016-11-09
2841605,Basketball Cards 2016 Panini Prizm,Georges Niang [Blue Wave Prizm] #187,$7.49,,,,,$26.00,$34.00,$16.00,$16.00,,,$1.60,$8.19,,,,,,2,,,,,2016-11-09
128040,Basketball Cards 2016 Panini Prizm,Georges Niang [Gold Prizm] #187,,,,,,,,,,,,,,,,,,,0,,,,,2016-11-09
128041,Basketball Cards 2016 Panini Prizm,Georges Niang [Green Prizm] #187,$1.49,,,,,,,,,,,,$1.59,,,,,,1,,,,,2016-11-09
2842628,Basketball Cards 2016 Panini Prizm,Georges Niang [Mojo Prizm] #187,,,,,,$115.00,$150.00,$69.00,$69.00,,,,,,,,,,1,,,,,2016-11-09
2842112,Basketball Cards 2016 Panini Prizm,Georges Niang [Orange Prizm] #187,$12.66,,,,,,,,,,,$3.50,$13.99,,,,,,1,,,,,2016-11-09
128042,Basketball Cards 2016 Panini Prizm,Georges Niang [Orange Wave Prizm] #187,$51.14,,,,,,,,,,,$22.40,$55.99,,,,,,0,,,,,2016-11-09
2841857,Basketball Cards 2016 Panini Prizm,Georges Niang [Purple Prizm] #187,$7.85,,,,,,,,,,,$1.70,$8.59,,,,,,1,,,,,2016-11-09
2841348,Basketball Cards 2016 Panini Prizm,Georges Niang [Ruby Wave Prizm] #187,$5.63,,,,,,,,,,,$1.20,$6.19,,,,,,1,,,,,2016-11-09
128043,Basketball Cards 2016 Panini Prizm,Georges Niang [Silver Prizm] #187,$3.50,,,$8.01,$9.00,$25.00,$33.00,$15.00,$15.00,,,$0.80,$3.89,,,,,,6,,,,,2016-11-09
2841091,Basketball Cards 2016 Panini Prizm,Georges Niang [Starburst Prizm] #187,$2.86,,$7.61,,,,,,,,,,$3.19,,,$1.70,$8.39,,4,,,,,2016-11-09
128044,Basketball Cards 2016 Panini Prizm,Georges Niang [Teal Wave Prizm] #187,$79.89,,,,,,,,,,,$35.20,$87.99,,,,,,1,,,,,2016-11-09
2840315,Basketball Cards 2016 Panini Prizm,Georgios Papagiannis #113,$1.49,,,,,,,,,,,,$1.59,,,,,,1,,,,,2016-11-09
12351483,Basketball Cards 2016 Panini Prizm,Georgios Papagiannis [5th Anniversary Mojo] #113,,,,,,,,,,,,,,,,,,,0,,,,,2016-11-09
2843326,Basketball Cards 2016 Panini Prizm,Georgios Papagiannis [5th Anniversary Prizm] #113,$8.59,,,,,,,,,,,$1.90,$9.49,,,,,,1,,,,,2016-11-09
12351199,Basketball Cards 2016 Panini Prizm,Georgios Papagiannis [Black Prizm] #113,,,,,,,,,,,,,,,,,,,0,,,,,2016-11-09
2841542,Basketball Cards 2016 Panini Prizm,Georgios Papagiannis [Blue Wave Prizm] #113,$6.00,,,,,,,,,,,$1.30,$6.59,,,,,,1,,,,,2016-11-09
2843064,Basketball Cards 2016 Panini Prizm,Georgios Papagiannis [Gold Prizm] #113,,,,,,,,,,,,,,,,,,,0,,,,,2016-11-09
2840562,Basketball Cards 2016 Panini Prizm,Georgios Papagiannis [Green Prizm] #113,$1.23,,,,,,,,,,,,$1.39,,,,,,1,,,,,2016-11-09
2842564,Basketball Cards 2016 Panini Prizm,Georgios Papagiannis [Mojo Prizm] #113,,,,,,,,,,,,,,,,,,,0,,,,,2016-11-09
2842050,Basketball Cards 2016 Panini Prizm,Georgios Papagiannis [Orange Prizm] #113,$11.68,,,,,,,,,,,$3.30,$12.99,,,,,,1,,,,,2016-11-09
2842306,Basketball Cards 2016 Panini Prizm,Georgios Papagiannis [Orange Wave Prizm] #113,$11.12,,,,,,,,,,,$3.00,$11.99,,,,,,1,,,,,2016-11-09
2841796,Basketball Cards 2016 Panini Prizm,Georgios Papagiannis [Purple Prizm] #113,$5.86,,,,,,,,,,,$1.30,$6.49,,,,,,1,,,,,2016-11-09
2841279,Basketball Cards 2016 Panini Prizm,Georgios Papagiannis [Ruby Wave Prizm] #113,$3.00,,,,,,,,,,,,$3.29,,,,,,1,,,,,2016-11-09
127915,Basketball Cards 2016 Panini Prizm,Georgios Papagiannis [Silver Prizm] #113,$1.19,,,,,,,,,,,,$1.29,,,,,,1,,,,,2016-11-09
2841030,Basketball Cards 2016 Panini Prizm,Georgios Papagiannis [Starburst Prizm] #113,$1.92,,,,,,,,,,,,$2.09,,,,,,1,,,,,2016-11-09
2842815,Basketball Cards 2016 Panini Prizm,Georgios Papagiannis [Teal Wave Prizm] #113,,,,,,,,,,,,,,,,,,,0,,,,,2016-11-09
127745,Basketball Cards 2016 Panini Prizm,Giannis Antetokounmpo #13,$1.99,$5.00,$6.00,$10.00,$11.00,$21.51,$28.00,$13.00,$13.00,,,,$2.19,$1.10,$5.49,$1.30,$6.59,,24,,,,,2016-11-09
12351426,Basketball Cards 2016 Panini Prizm,Giannis Antetokounmpo [5th Anniversary Mojo] #13,,,,,,,,,,,,,,,,,,,0,,,,,2016-11-09
2843230,Basketball Cards 2016 Panini Prizm,Giannis Antetokounmpo [5th Anniversary Prizm] #13,,,,,,$1025.00,$1333.00,$615.00,$615.00,,,,,,,,,,1,,,,,2016-11-09
12351104,Basketball Cards 2016 Panini Prizm,Giannis Antetokounmpo [Black Prizm] #13,,,,,,,,,,,,,,,,,,,0,,,,,2016-11-09
127746,Basketball Cards 2016 Panini Prizm,Giannis Antetokounmpo [Blue Wave Prizm] #13,$116.09,,,$27.96,$31.00,$131.22,$171.00,$79.00,$79.00,,,$64.00,$128.00,,,,,,5,,,,,2016-11-09
127747,Basketball Cards 2016 Panini Prizm,Giannis Antetokounmpo [Gold Prizm] #13,,,,,$3000.00,$13688.00,$17794.00,$8213.00,$8213.00,,,,,,,,,,2,,,,,2016-11-09
127748,Basketball Cards 2016 Panini Prizm,Giannis Antetokounmpo [Green Prizm] #13,$11.99,,$30.00,$39.00,$43.00,$124.80,$162.00,$75.00,$75.00,,,$3.30,$12.99,,,$9.90,$32.99,,8,,,,,2016-11-09
127749,Basketball Cards 2016 Panini Prizm,Giannis Antetokounmpo [Mojo Prizm] #13,$153.16,,,$103.50,$274.62,$410.00,$533.00,$246.00,$246.00,,,$84.00,$168.00,,,,,,4,,,,,2016-11-09
127750,Basketball Cards 2016 Panini Prizm,Giannis Antetokounmpo [Orange Prizm] #13,$113.44,,,$155.00,$171.00,$650.00,$845.00,$390.00,$390.00,,,$62.50,$125.00,,,,,,3,,,,,2016-11-09
127751,Basketball Cards 2016 Panini Prizm,Giannis Antetokounmpo [Orange Wave Prizm] #13,$32.00,,,,,$304.00,$395.00,$182.00,$182.00,,,$10.50,$34.99,,,,,,2,,,,,2016-11-09
127752,Basketball Cards 2016 Panini Prizm,Giannis Antetokounmpo [Purple Prizm] #13,$29.00,$28.00,,,,$170.00,$221.00,$102.00,$102.00,,,$9.60,$31.99,$9.30,$30.99,,,,3,,,,,2016-11-09
127753,Basketball Cards 2016 Panini Prizm,Giannis Antetokounmpo [Ruby Wave Prizm] #13,$6.98,,,$17.17,$19.00,$49.00,$64.00,$29.00,$29.00,,,$1.50,$7.69,,,,,,3,,,,,2016-11-09
127754,Basketball Cards 2016 Panini Prizm,Giannis Antetokounmpo [Silver Prizm] #13,$14.99,,$16.38,$29.99,$49.00,$67.28,$87.00,$40.00,$40.00,,,$4.00,$15.99,,,$4.50,$17.99,,20,,,,,2016-11-09
127755,Basketball Cards 2016 Panini Prizm,Giannis Antetokounmpo [Starburst Prizm] #13,$12.48,,$31.73,$35.00,$63.00,$63.92,$83.00,$38.00,$23.01,,,$3.50,$13.99,,,$10.50,$34.99,,13,,,,,2016-11-09
127756,Basketball Cards 2016 Panini Prizm,Giannis Antetokounmpo [Teal Wave Prizm] #13,$199.99,,,$100.00,$110.00,$189.05,$246.00,$113.00,$113.00,,,$110.00,$220.00,,,,,,2,,,,,2016-11-09
2840287,Basketball Cards 2016 Panini Prizm,Goran Dragic #84,$0.99,,,,,,,,,,,,$1.09,,,,,,1,,,,,2016-11-09
12351546,Basketball Cards 2016 Panini Prizm,Goran Dragic [5th Anniversary Mojo] #84,,,,,,,,,,,,,,,,,,,0,,,,,2016-11-09
2843299,Basketball Cards 2016 Panini Prizm,Goran Dragic [5th Anniversary Prizm] #84,,,,,,,,,,,,,,,,,,,0,,,,,2016-11-09
12351179,Basketball Cards 2016 Panini Prizm,Goran Dragic [Black Prizm] #84,,,,,,,,,,,,,,,,,,,0,,,,,2016-11-09
2841513,Basketball Cards 2016 Panini Prizm,Goran Dragic [Blue Wave Prizm] #84,$3.60,,,,,,,,,,,$0.80,$3.99,,,,,,0,,,,,2016-11-09
2843039,Basketball Cards 2016 Panini Prizm,Goran Dragic [Gold Prizm] #84,,,,,,,,,,,,,,,,,,,0,,,,,2016-11-09
2840535,Basketball Cards 2016 Panini Prizm,Goran Dragic [Green Prizm] #84,$1.59,,,,,,,,,,,,$1.79,,,,,,1,,,,,2016-11-09
2842536,Basketball Cards 2016 Panini Prizm,Goran Dragic [Mojo Prizm] #84,,,,,,,,,,,,,,,,,,,0,,,,,2016-11-09
2842023,Basketball Cards 2016 Panini Prizm,Goran Dragic [Orange Prizm] #84,$3.60,,,,,,,,,,,$0.80,$3.99,,,,,,1,,,,,2016-11-09
2842278,Basketball Cards 2016 Panini Prizm,Goran Dragic [Orange Wave Prizm] #84,,,,,,,,,,,,,,,,,,,0,,,,,2016-11-09
2841768,Basketball Cards 2016 Panini Prizm,Goran Dragic [Purple Prizm] #84,$3.00,,,,,,,,,,,,$3.29,,,,,,1,,,,,2016-11-09
2841250,Basketball Cards 2016 Panini Prizm,Goran Dragic [Ruby Wave Prizm] #84,,,,,,,,,,,,,,,,,,,0,,,,,2016-11-09
127898,Basketball Cards 2016 Panini Prizm,Goran Dragic [Silver Prizm] #84,$0.99,,,,,,,,,,,,$1.09,,,,,,1,,,,,2016-11-09
2841003,Basketball Cards 2016 Panini Prizm,Goran Dragic [Starburst Prizm] #84,$0.25,,,,,,,,,,,,$0.99,,,,,,0,,,,,2016-11-09
2842788,Basketball Cards 2016 Panini Prizm,Goran Dragic [Teal Wave Prizm] #84,$17.79,,,,,,,,,,,$5.00,$19.99,,,,,,1,,,,,2016-11-09
2840303,Basketball Cards 2016 Panini Prizm,Gordon Hayward #101,$0.25,,,,,,,,,,,,$0.99,,,,,,0,,,,,2016-11-09
12351458,Basketball Cards 2016 Panini Prizm,Gordon Hayward [5th Anniversary Mojo] #101,,,,,,,,,,,,,,,,,,,0,,,,,2016-11-09
2843314,Basketball Cards 2016 Panini Prizm,Gordon Hayward [5th Anniversary Prizm] #101,$15.78,,,,,,,,,,,$4.30,$16.99,,,,,,1,,,,,2016-11-09
12351202,Basketball Cards 2016 Panini Prizm,Gordon Hayward [Black Prizm] #101,,,,,,,,,,,,,,,,,,,0,,,,,2016-11-09
2841530,Basketball Cards 2016 Panini Prizm,Gordon Hayward [Blue Wave Prizm] #101,$3.00,,,,,,,,,,,,$3.29,,,,,,3,,,,,2016-11-09
127912,Basketball Cards 2016 Panini Prizm,Gordon Hayward [Gold Prizm] #101,$53.00,,,$21.50,$24.00,,,,,,,$23.20,$57.99,,,,,,2,,,,,2016-11-09
2840551,Basketball Cards 2016 Panini Prizm,Gordon Hayward [Green Prizm] #101,$1.99,,,,,,,,,,,,$2.19,,,,,,1,,,,,2016-11-09
2842552,Basketball Cards 2016 Panini Prizm,Gordon Hayward [Mojo Prizm] #101,$24.99,,,,,,,,,,,$8.10,$26.99,,,,,,0,,,,,2016-11-09
2842039,Basketball Cards 2016 Panini Prizm,Gordon Hayward [Orange Prizm] #101,$8.22,,,,,,,,,,,$1.80,$8.99,,,,,,1,,,,,2016-11-09
2842294,Basketball Cards 2016 Panini Prizm,Gordon Hayward [Orange Wave Prizm] #101,$9.61,,,,,,,,,,,$2.80,$10.99,,,,,,1,,,,,2016-11-09
2845177,Basketball Cards 2016 Panini Prizm,Gordon Hayward [Purple Prizm] #101,$2.25,,,,,,,,,,,,$2.49,,,,,,1,,,,,2016-11-09
2841267,Basketball Cards 2016 Panini Prizm,Gordon Hayward [Ruby Wave Prizm] #101,$1.99,,,,,,,,,,,,$2.19,,,,,,1,,,,,2016-11-09
127913,Basketball Cards 2016 Panini Prizm,Gordon Hayward [Silver Prizm] #101,$1.74,,,$9.50,$10.00,,,,,,,,$1.89,,,,,,2,,,,,2016-11-09
2841018,Basketball Cards 2016 Panini Prizm,Gordon Hayward [Starburst Prizm] #101,$1.37,,,,,,,,,,,,$1.49,,,,,,1,,,,,2016-11-09
2842803,Basketball Cards 2016 Panini Prizm,Gordon Hayward [Teal Wave Prizm] #101,,,,,,,,,,,,,,,,,,,0,,,,,2016-11-09
2840446,Basketball Cards 2016 Panini Prizm,Gorgui Dieng #268,$0.99,,,,,,,,,,,,$1.09,,,,,,1,,,,,2016-11-09
12351679,Basketball Cards 2016 Panini Prizm,Gorgui Dieng [5th Anniversary Mojo] #268,,,,,,,,,,,,,,,,,,,0,,,,,2016-11-09
2843468,Basketball Cards 2016 Panini Prizm,Gorgui Dieng [5th Anniversary Prizm] #268,,,,,,,,,,,,,,,,,,,0,,,,,2016-11-09
12351350,Basketball Cards 2016 Panini Prizm,Gorgui Dieng [Black Prizm] #268,,,,,,,,,,,,,,,,,,,0,,,,,2016-11-09
2841670,Basketball Cards 2016 Panini Prizm,Gorgui Dieng [Blue Wave Prizm] #268,$0.25,,,,,,,,,,,,$0.99,,,,,,0,,,,,2016-11-09
2843195,Basketball Cards 2016 Panini Prizm,Gorgui Dieng [Gold Prizm] #268,$18.50,,,,,,,,,,,$5.00,$19.99,,,,,,1,,,,,2016-11-09
2840691,Basketball Cards 2016 Panini Prizm,Gorgui Dieng [Green Prizm] #268,$0.25,,,,,,,,,,,,$0.99,,,,,,0,,,,,2016-11-09
2842694,Basketball Cards 2016 Panini Prizm,Gorgui Dieng [Mojo Prizm] #268,$3.98,,,$7.50,$8.00,,,,,,,$0.90,$4.39,,,,,,2,,,,,2016-11-09
2842180,Basketball Cards 2016 Panini Prizm,Gorgui Dieng [Orange Prizm] #268,$2.16,,,,,,,,,,,,$2.39,,,,,,1,,,,,2016-11-09
2842436,Basketball Cards 2016 Panini Prizm,Gorgui Dieng [Orange Wave Prizm] #268,$17.33,,,,,,,,,,,$4.80,$18.99,,,,,,1,,,,,2016-11-09
2841928,Basketball Cards 2016 Panini Prizm,Gorgui Dieng [Purple Prizm] #268,$1.44,,,,,,,,,,,,$1.59,,,,,,1,,,,,2016-11-09
2841416,Basketball Cards 2016 Panini Prizm,Gorgui Dieng [Ruby Wave Prizm] #268,$1.12,,,,,,,,,,,,$1.19,,,,,,1,,,,,2016-11-09
2840909,Basketball Cards 2016 Panini Prizm,Gorgui Dieng [Silver Prizm] #268,$0.25,,,,,,,,,,,,$0.99,,,,,,0,,,,,2016-11-09
2841155,Basketball Cards 2016 Panini Prizm,Gorgui Dieng [Starburst Prizm] #268,$1.69,,,,,,,,,,,,$1.89,,,,,,1,,,,,2016-11-09
2842944,Basketball Cards 2016 Panini Prizm,Gorgui Dieng [Teal Wave Prizm] #268,$4.68,,,,,,,,,,,$1.00,$5.19,,,,,,1,,,,,2016-11-09
2840230,Basketball Cards 2016 Panini Prizm,Greg Monroe #15,$0.99,,,,,,,,,,,,$1.09,,,,,,1,,,,,2016-11-09
12351428,Basketball Cards 2016 Panini Prizm,Greg Monroe [5th Anniversary Mojo] #15,,,,,,,,,,,,,,,,,,,0,,,,,2016-11-09
2843232,Basketball Cards 2016 Panini Prizm,Greg Monroe [5th Anniversary Prizm] #15,,,,,,,,,,,,,,,,,,,0,,,,,2016-11-09
12351106,Basketball Cards 2016 Panini Prizm,Greg Monroe [Black Prizm] #15,,,,,,,,,,,,,,,,,,,0,,,,,2016-11-09
2841454,Basketball Cards 2016 Panini Prizm,Greg Monroe [Blue Wave Prizm] #15,$1.65,,,,,,,,,,,,$1.79,,,,,,1,,,,,2016-11-09
2842982,Basketball Cards 2016 Panini Prizm,Greg Monroe [Gold Prizm] #15,,,,,,,,,,,,,,,,,,,0,,,,,2016-11-09
2840481,Basketball Cards 2016 Panini Prizm,Greg Monroe [Green Prizm] #15,$1.35,,,,,,,,,,,,$1.49,,,,,,1,,,,,2016-11-09
2842474,Basketball Cards 2016 Panini Prizm,Greg Monroe [Mojo Prizm] #15,,,,,,,,,,,,,,,,,,,0,,,,,2016-11-09
2841965,Basketball Cards 2016 Panini Prizm,Greg Monroe [Orange Prizm] #15,$1.68,,,,,,,,,,,,$1.89,,,,,,1,,,,,2016-11-09
2842218,Basketball Cards 2016 Panini Prizm,Greg Monroe [Orange Wave Prizm] #15,$14.63,,,,,,,,,,,$4.00,$15.99,,,,,,1,,,,,2016-11-09
2841707,Basketball Cards 2016 Panini Prizm,Greg Monroe [Purple Prizm] #15,$1.81,,,,,,,,,,,,$1.99,,,,,,1,,,,,2016-11-09
2841189,Basketball Cards 2016 Panini Prizm,Greg Monroe [Ruby Wave Prizm] #15,$1.49,,,,,,,,,,,,$1.59,,,,,,1,,,,,2016-11-09
2840726,Basketball Cards 2016 Panini Prizm,Greg Monroe [Silver Prizm] #15,$1.05,,,,,,,,,,,,$1.19,,,,,,1,,,,,2016-11-09
2840946,Basketball Cards 2016 Panini Prizm,Greg Monroe [Starburst Prizm] #15,$0.99,,,,,,,,,,,,$1.09,,,,,,1,,,,,2016-11-09
2842731,Basketball Cards 2016 Panini Prizm,Greg Monroe [Teal Wave Prizm] #15,$3.42,,,,,,,,,,,$0.80,$3.79,,,,,,1,,,,,2016-11-09
2840221,Basketball Cards 2016 Panini Prizm,Hanger Box,,,,,,,,,,,,,,,,,,,0,,,,,2016-11-09
2840348,Basketball Cards 2016 Panini Prizm,Harrison Barnes #152,$0.99,,,,,,,,,,,,$1.09,,,,,,1,,,,,2016-11-09
12351547,Basketball Cards 2016 Panini Prizm,Harrison Barnes [5th Anniversary Mojo] #152,,,,,,,,,,,,,,,,,,,0,,,,,2016-11-09
2843361,Basketball Cards 2016 Panini Prizm,Harrison Barnes [5th Anniversary Prizm] #152,,,,,,,,,,,,,,,,,,,0,,,,,2016-11-09
12351262,Basketball Cards 2016 Panini Prizm,Harrison Barnes [Black Prizm] #152,,,,,,,,,,,,,,,,,,,0,,,,,2016-11-09
2841572,Basketball Cards 2016 Panini Prizm,Harrison Barnes [Blue Wave Prizm] #152,$1.80,,,,,,,,,,,,$1.99,,,,,,1,,,,,2016-11-09
2843098,Basketball Cards 2016 Panini Prizm,Harrison Barnes [Gold Prizm] #152,$63.99,,,$88.00,$97.00,,,,,,,$28.00,$69.99,,,,,,2,,,,,2016-11-09
2840595,Basketball Cards 2016 Panini Prizm,Harrison Barnes [Green Prizm] #152,$1.50,,,,,,,,,,,,$1.69,,,,,,1,,,,,2016-11-09
2842597,Basketball Cards 2016 Panini Prizm,Harrison Barnes [Mojo Prizm] #152,$23.24,,,,,,,,,,,$7.80,$25.99,,,,,,0,,,,,2016-11-09
2842080,Basketball Cards 2016 Panini Prizm,Harrison Barnes [Orange Prizm] #152,$0.99,,,,,,,,,,,,$1.09,,,,,,2,,,,,2016-11-09
2842340,Basketball Cards 2016 Panini Prizm,Harrison Barnes [Orange Wave Prizm] #152,$1.58,,,,,,,,,,,,$1.69,,,,,,1,,,,,2016-11-09
2841826,Basketball Cards 2016 Panini Prizm,Harrison Barnes [Purple Prizm] #152,$3.99,,,,,,,,,,,$0.90,$4.39,,,,,,1,,,,,2016-11-09
2841316,Basketball Cards 2016 Panini Prizm,Harrison Barnes [Ruby Wave Prizm] #152,,,,,,,,,,,,,,,,,,,0,,,,,2016-11-09
2840824,Basketball Cards 2016 Panini Prizm,Harrison Barnes [Silver Prizm] #152,$1.99,,,,,,,,,,,,$2.19,,,,,,1,,,,,2016-11-09
2841061,Basketball Cards 2016 Panini Prizm,Harrison Barnes [Starburst Prizm] #152,$1.88,,,,,,,,,,,,$2.09,,,,,,1,,,,,2016-11-09
2842847,Basketball Cards 2016 Panini Prizm,Harrison Barnes [Teal Wave Prizm] #152,$6.29,,,,,,,,,,,$1.40,$6.89,,,,,,0,,,,,2016-11-09
2840284,Basketball Cards 2016 Panini Prizm,Hassan Whiteside #81,$0.25,,,,,,,,,,,,$0.99,,,,,,0,,,,,2016-11-09
12351526,Basketball Cards 2016 Panini Prizm,Hassan Whiteside [5th Anniversary Mojo] #81,,,,,,,,,,,,,,,,,,,0,,,,,2016-11-09
2843296,Basketball Cards 2016 Panini Prizm,Hassan Whiteside [5th Anniversary Prizm] #81,,,,,,,,,,,,,,,,,,,0,,,,,2016-11-09
12351173,Basketball Cards 2016 Panini Prizm,Hassan Whiteside [Black Prizm] #81,,,,,,,,,,,,,,,,,,,0,,,,,2016-11-09
2841510,Basketball Cards 2016 Panini Prizm,Hassan Whiteside [Blue Wave Prizm] #81,$1.92,,,,,,,,,,,,$2.09,,,,,,1,,,,,2016-11-09
2843036,Basketball Cards 2016 Panini Prizm,Hassan Whiteside [Gold Prizm] #81,,,,$18.50,$20.00,,,,,,,,,,,,,,1,,,,,2016-11-09
2840532,Basketball Cards 2016 Panini Prizm,Hassan Whiteside [Green Prizm] #81,$0.25,,,,,,,,,,,,$0.99,,,,,,0,,,,,2016-11-09
2842533,Basketball Cards 2016 Panini Prizm,Hassan Whiteside [Mojo Prizm] #81,$6.99,,,,,,,,,,,$1.50,$7.69,,,,,,1,,,,,2016-11-09
2842021,Basketball Cards 2016 Panini Prizm,Hassan Whiteside [Orange Prizm] #81,$1.63,,,,,,,,,,,,$1.79,,,,,,1,,,,,2016-11-09
2842275,Basketball Cards 2016 Panini Prizm,Hassan Whiteside [Orange Wave Prizm] #81,$0.99,,,,,,,,,,,,$1.09,,,,,,1,,,,,2016-11-09
2841765,Basketball Cards 2016 Panini Prizm,Hassan Whiteside [Purple Prizm] #81,$2.50,,,,,,,,,,,,$2.79,,,,,,1,,,,,2016-11-09
2845171,Basketball Cards 2016 Panini Prizm,Hassan Whiteside [Ruby Wave Prizm] #81,,,,,,,,,,,,,,,,,,,0,,,,,2016-11-09
2840771,Basketball Cards 2016 Panini Prizm,Hassan Whiteside [Silver Prizm] #81,$0.99,,,,,,,,,,,,$1.09,,,,,,1,,,,,2016-11-09
2841000,Basketball Cards 2016 Panini Prizm,Hassan Whiteside [Starburst Prizm] #81,$0.25,,,,,,,,,,,,$0.99,,,,,,0,,,,,2016-11-09
2842785,Basketball Cards 2016 Panini Prizm,Hassan Whiteside [Teal Wave Prizm] #81,$11.74,,,,,,,,,,,$3.30,$12.99,,,,,,0,,,,,2016-11-09
2840396,Basketball Cards 2016 Panini Prizm,Henry Ellenson #205,$1.39,,,,,,,,,,,,$1.49,,,,,,1,,,,,2016-11-09
12351616,Basketball Cards 2016 Panini Prizm,Henry Ellenson [5th Anniversary Mojo] #205,,,,,,,,,,,,,,,,,,,0,,,,,2016-11-09
2843412,Basketball Cards 2016 Panini Prizm,Henry Ellenson [5th Anniversary Prizm] #205,,,,,,,,,,,,,,,,,,,0,,,,,2016-11-09
12351229,Basketball Cards 2016 Panini Prizm,Henry Ellenson [Black Prizm] #205,,,,,,,,,,,,,,,,,,,0,,,,,2016-11-09
2841620,Basketball Cards 2016 Panini Prizm,Henry Ellenson [Blue Wave Prizm] #205,$3.64,,,,,,,,,,,$0.80,$3.99,,,,,,1,,,,,2016-11-09
2843145,Basketball Cards 2016 Panini Prizm,Henry Ellenson [Gold Prizm] #205,,,,,,,,,,,,,,,,,,,0,,,,,2016-11-09
2840641,Basketball Cards 2016 Panini Prizm,Henry Ellenson [Green Prizm] #205,$1.99,,,,,,,,,,,,$2.19,,,,,,1,,,,,2016-11-09
128076,Basketball Cards 2016 Panini Prizm,Henry Ellenson [Mojo Prizm] #205,$49.00,,,,,,,,,,,$21.60,$53.99,,,,,,0,,,,,2016-11-09
2842127,Basketball Cards 2016 Panini Prizm,Henry Ellenson [Orange Prizm] #205,$11.75,,,,,,,,,,,$3.30,$12.99,,,,,,1,,,,,2016-11-09
2842384,Basketball Cards 2016 Panini Prizm,Henry Ellenson [Orange Wave Prizm] #205,,,,,,,,,,,,,,,,,,,0,,,,,2016-11-09
2841874,Basketball Cards 2016 Panini Prizm,Henry Ellenson [Purple Prizm] #205,$1.75,,,,,,,,,,,,$1.89,,,,,,1,,,,,2016-11-09
2841363,Basketball Cards 2016 Panini Prizm,Henry Ellenson [Ruby Wave Prizm] #205,$1.31,,,,,,,,,,,,$1.39,,,,,,1,,,,,2016-11-09
128077,Basketball Cards 2016 Panini Prizm,Henry Ellenson [Silver Prizm] #205,$2.99,,,,,,,,,,,,$3.29,,,,,,1,,,,,2016-11-09
2841106,Basketball Cards 2016 Panini Prizm,Henry Ellenson [Starburst Prizm] #205,$0.99,,,,,,,,,,,,$1.09,,,,,,1,,,,,2016-11-09
2842893,Basketball Cards 2016 Panini Prizm,Henry Ellenson [Teal Wave Prizm] #205,$11.99,,,,,,,,,,,$3.30,$12.99,,,,,,1,,,,,2016-11-09
156424,Basketball Cards 2016 Panini Prizm,Hobby Box,$1813.00,,,,,,,,,,,$1196.40,$1994.00,,,,,,1,,,,,2016-11-09
2840469,Basketball Cards 2016 Panini Prizm,Ian Mahinmi #297,$0.25,,,,,,,,,,,,$0.99,,,,,,0,,,,,2016-11-09
12351708,Basketball Cards 2016 Panini Prizm,Ian Mahinmi [5th Anniversary Mojo] #297,,,,,,,,,,,,,,,,,,,0,,,,,2016-11-09
2843495,Basketball Cards 2016 Panini Prizm,Ian Mahinmi [5th Anniversary Prizm] #297,$46.25,,,,,,,,,,,$20.40,$50.99,,,,,,0,,,,,2016-11-09
12351380,Basketball Cards 2016 Panini Prizm,Ian Mahinmi [Black Prizm] #297,,,,,,,,,,,,,,,,,,,0,,,,,2016-11-09
2841695,Basketball Cards 2016 Panini Prizm,Ian Mahinmi [Blue Wave Prizm] #297,$1.25,,,,,,,,,,,,$1.39,,,,,,1,,,,,2016-11-09
2843217,Basketball Cards 2016 Panini Prizm,Ian Mahinmi [Gold Prizm] #297,,,,,,,,,,,,,,,,,,,0,,,,,2016-11-09
2840716,Basketball Cards 2016 Panini Prizm,Ian Mahinmi [Green Prizm] #297,$1.08,,,,,,,,,,,,$1.19,,,,,,1,,,,,2016-11-09
2842718,Basketball Cards 2016 Panini Prizm,Ian Mahinmi [Mojo Prizm] #297,$3.99,,,,,,,,,,,$0.90,$4.39,,,,,,1,,,,,2016-11-09
2842203,Basketball Cards 2016 Panini Prizm,Ian Mahinmi [Orange Prizm] #297,$5.14,,,,,,,,,,,$1.10,$5.69,,,,,,1,,,,,2016-11-09
2842460,Basketball Cards 2016 Panini Prizm,Ian Mahinmi [Orange Wave Prizm] #297,$3.82,,,,,,,,,,,$0.80,$4.19,,,,,,1,,,,,2016-11-09
2841953,Basketball Cards 2016 Panini Prizm,Ian Mahinmi [Purple Prizm] #297,$1.60,,,,,,,,,,,,$1.79,,,,,,1,,,,,2016-11-09
2841441,Basketball Cards 2016 Panini Prizm,Ian Mahinmi [Ruby Wave Prizm] #297,$1.20,,,,,,,,,,,,$1.29,,,,,,1,,,,,2016-11-09
2840933,Basketball Cards 2016 Panini Prizm,Ian Mahinmi [Silver Prizm] #297,$0.25,,,,,,,,,,,,$0.99,,,,,,0,,,,,2016-11-09
2841176,Basketball Cards 2016 Panini Prizm,Ian Mahinmi [Starburst Prizm] #297,$1.49,,,,,,,,,,,,$1.59,,,,,,1,,,,,2016-11-09
2842970,Basketball Cards 2016 Panini Prizm,Ian Mahinmi [Teal Wave Prizm] #297,$6.29,,,,,,,,,,,$1.40,$6.89,,,,,,1,,,,,2016-11-09
2840245,Basketball Cards 2016 Panini Prizm,Iman Shumpert #37,$0.52,,,,,,,,,,,,$0.99,,,,,,2,,,,,2016-11-09
12351450,Basketball Cards 2016 Panini Prizm,Iman Shumpert [5th Anniversary Mojo] #37,,,,,,,,,,,,,,,,,,,0,,,,,2016-11-09
2843253,Basketball Cards 2016 Panini Prizm,Iman Shumpert [5th Anniversary Prizm] #37,$22.74,,,,,,,,,,,$7.50,$24.99,,,,,,0,,,,,2016-11-09
12351128,Basketball Cards 2016 Panini Prizm,Iman Shumpert [Black Prizm] #37,,,,,,,,,,,,,,,,,,,0,,,,,2016-11-09
2841472,Basketball Cards 2016 Panini Prizm,Iman Shumpert [Blue Wave Prizm] #37,$1.76,,,,,,,,,,,,$1.89,,,,,,1,,,,,2016-11-09
2842999,Basketball Cards 2016 Panini Prizm,Iman Shumpert [Gold Prizm] #37,$0.25,,,,,,,,,,,,$0.99,,,,,,0,,,,,2016-11-09
2840497,Basketball Cards 2016 Panini Prizm,Iman Shumpert [Green Prizm] #37,$1.06,,,,,,,,,,,,$1.19,,,,,,1,,,,,2016-11-09
2842495,Basketball Cards 2016 Panini Prizm,Iman Shumpert [Mojo Prizm] #37,$0.99,,,,,,,,,,,,$1.09,,,,,,1,,,,,2016-11-09
2841983,Basketball Cards 2016 Panini Prizm,Iman Shumpert [Orange Prizm] #37,$1.36,,,,,,,,,,,,$1.49,,,,,,1,,,,,2016-11-09
2842235,Basketball Cards 2016 Panini Prizm,Iman Shumpert [Orange Wave Prizm] #37,$2.06,,,,,,,,,,,,$2.29,,,,,,1,,,,,2016-11-09
2841727,Basketball Cards 2016 Panini Prizm,Iman Shumpert [Purple Prizm] #37,$0.99,,,,,,,,,,,,$1.09,,,,,,1,,,,,2016-11-09
2841209,Basketball Cards 2016 Panini Prizm,Iman Shumpert [Ruby Wave Prizm] #37,$1.48,,,,,,,,,,,,$1.59,,,,,,1,,,,,2016-11-09
2840740,Basketball Cards 2016 Panini Prizm,Iman Shumpert [Silver Prizm] #37,$1.48,,,,,,,,,,,,$1.59,,,,,,2,,,,,2016-11-09
2840963,Basketball Cards 2016 Panini Prizm,Iman Shumpert [Starburst Prizm] #37,$1.94,,,,,$45.00,$59.00,$27.00,$27.00,,,,$2.09,,,,,,2,,,,,2016-11-09
2842750,Basketball Cards 2016 Panini Prizm,Iman Shumpert [Teal Wave Prizm] #37,$3.50,,,,,,,,,,,$0.80,$3.89,,,,,,1,,,,,2016-11-09
2840249,Basketball Cards 2016 Panini Prizm,Isaiah Thomas #42,$1.99,,,,,,,,,,,,$2.19,,,,,,2,,,,,2016-11-09
12351455,Basketball Cards 2016 Panini Prizm,Isaiah Thomas [5th Anniversary Mojo] #42,,,,,,,,,,,,,,,,,,,0,,,,,2016-11-09
2843258,Basketball Cards 2016 Panini Prizm,Isaiah Thomas [5th Anniversary Prizm] #42,,,,,,,,,,,,,,,,,,,0,,,,,2016-11-09
12351133,Basketball Cards 2016 Panini Prizm,Isaiah Thomas [Black Prizm] #42,,,,,,,,,,,,,,,,,,,0,,,,,2016-11-09
2845173,Basketball Cards 2016 Panini Prizm,Isaiah Thomas [Blue Wave Prizm] #42,$4.99,,,,,,,,,,,$1.10,$5.49,,,,,,1,,,,,2016-11-09
2843003,Basketball Cards 2016 Panini Prizm,Isaiah Thomas [Gold Prizm] #42,,,,,,,,,,,,,,,,,,,0,,,,,2016-11-09
2840501,Basketball Cards 2016 Panini Prizm,Isaiah Thomas [Green Prizm] #42,,,,,,,,,,,,,,,,,,,0,,,,,2016-11-09
2842500,Basketball Cards 2016 Panini Prizm,Isaiah Thomas [Mojo Prizm] #42,$24.74,,,,,,,,,,,$8.10,$26.99,,,,,,1,,,,,2016-11-09
2841987,Basketball Cards 2016 Panini Prizm,Isaiah Thomas [Orange Prizm] #42,,,,,,,,,,,,,,,,,,,0,,,,,2016-11-09
2842240,Basketball Cards 2016 Panini Prizm,Isaiah Thomas [Orange Wave Prizm] #42,$9.99,,,,,,,,,,,$2.80,$10.99,,,,,,1,,,,,2016-11-09
2841732,Basketball Cards 2016 Panini Prizm,Isaiah Thomas [Purple Prizm] #42,,,,,,,,,,,,,,,,,,,0,,,,,2016-11-09
2841214,Basketball Cards 2016 Panini Prizm,Isaiah Thomas [Ruby Wave Prizm] #42,$4.88,,,,,,,,,,,$1.10,$5.39,,,,,,1,,,,,2016-11-09
2840744,Basketball Cards 2016 Panini Prizm,Isaiah Thomas [Silver Prizm] #42,$1.41,,$7.50,,,,,,,,,,$1.59,,,$1.70,$8.29,,3,,,,,2016-11-09
2840968,Basketball Cards 2016 Panini Prizm,Isaiah Thomas [Starburst Prizm] #42,$1.73,,,,,,,,,,,,$1.89,,,,,,1,,,,,2016-11-09
2842754,Basketball Cards 2016 Panini Prizm,Isaiah Thomas [Teal Wave Prizm] #42,$8.99,,,,,,,,,,,$2.00,$9.89,,,,,,1,,,,,2016-11-09
128000,Basketball Cards 2016 Panini Prizm,Isaiah Whitehead #162,$1.21,,,$5.24,$6.00,,,,,,,,$1.29,,,,,,2,,,,,2016-11-09
12351563,Basketball Cards 2016 Panini Prizm,Isaiah Whitehead [5th Anniversary Mojo] #162,,,,,,,,,,,,,,,,,,,0,,,,,2016-11-09
128001,Basketball Cards 2016 Panini Prizm,Isaiah Whitehead [5th Anniversary Prizm] #162,$86.33,,,,,,,,,,,$38.00,$94.99,,,,,,0,,,,,2016-11-09
12351279,Basketball Cards 2016 Panini Prizm,Isaiah Whitehead [Black Prizm] #162,,,,,,,,,,,,,,,,,,,0,,,,,2016-11-09
2841582,Basketball Cards 2016 Panini Prizm,Isaiah Whitehead [Blue Wave Prizm] #162,$3.42,,,,,,,,,,,$0.80,$3.79,,,,,,1,,,,,2016-11-09
2843108,Basketball Cards 2016 Panini Prizm,Isaiah Whitehead [Gold Prizm] #162,$39.99,,,,,,,,,,,$17.60,$43.99,,,,,,1,,,,,2016-11-09
128002,Basketball Cards 2016 Panini Prizm,Isaiah Whitehead [Green Prizm] #162,$1.15,,,,$4.25,,,,,,,,$1.29,,,,,,2,,,,,2016-11-09
2842606,Basketball Cards 2016 Panini Prizm,Isaiah Whitehead [Mojo Prizm] #162,,,,,,,,,,,,,,,,,,,0,,,,,2016-11-09
2842089,Basketball Cards 2016 Panini Prizm,Isaiah Whitehead [Orange Prizm] #162,$7.44,,,,,,,,,,,$1.60,$8.19,,,,,,1,,,,,2016-11-09
2842350,Basketball Cards 2016 Panini Prizm,Isaiah Whitehead [Orange Wave Prizm] #162,$2.05,,,,,,,,,,,,$2.29,,,,,,1,,,,,2016-11-09
2841836,Basketball Cards 2016 Panini Prizm,Isaiah Whitehead [Purple Prizm] #162,$11.74,,,,$4.00,,,,,,,$3.30,$12.99,,,,,,2,,,,,2016-11-09
128003,Basketball Cards 2016 Panini Prizm,Isaiah Whitehead [Ruby Wave Prizm] #162,,,,,,$6.95,$9.00,$4.00,$4.00,,,,,,,,,,1,,,,,2016-11-09
128004,Basketball Cards 2016 Panini Prizm,Isaiah Whitehead [Silver Prizm] #162,$1.79,,,$2.95,$4.00,$4.35,$6.00,$3.00,$3.00,,,,$1.99,,,,,,4,,,,,2016-11-09
128005,Basketball Cards 2016 Panini Prizm,Isaiah Whitehead [Starburst Prizm] #162,$3.41,,,,,,,,,,,$0.80,$3.79,,,,,,1,,,,,2016-11-09
2842856,Basketball Cards 2016 Panini Prizm,Isaiah Whitehead [Teal Wave Prizm] #162,$15.22,,,,,,,,,,,$4.30,$16.99,,,,,,1,,,,,2016-11-09
2840398,Basketball Cards 2016 Panini Prizm,Ish Smith #207,$0.99,,,,,,,,,,,,$1.09,,,,,,1,,,,,2016-11-09
12351618,Basketball Cards 2016 Panini Prizm,Ish Smith [5th Anniversary Mojo] #207,,,,,,,,,,,,,,,,,,,0,,,,,2016-11-09
2843414,Basketball Cards 2016 Panini Prizm,Ish Smith [5th Anniversary Prizm] #207,,,,,,,,,,,,,,,,,,,0,,,,,2016-11-09
12351232,Basketball Cards 2016 Panini Prizm,Ish Smith [Black Prizm] #207,,,,,,,,,,,,,,,,,,,0,,,,,2016-11-09
2841622,Basketball Cards 2016 Panini Prizm,Ish Smith [Blue Wave Prizm] #207,$2.25,,,,,,,,,,,,$2.49,,,,,,1,,,,,2016-11-09
2843147,Basketball Cards 2016 Panini Prizm,Ish Smith [Gold Prizm] #207,$1.25,,,,,,,,,,,,$1.39,,,,,,1,,,,,2016-11-09
2840643,Basketball Cards 2016 Panini Prizm,Ish Smith [Green Prizm] #207,$0.99,,,,,,,,,,,,$1.09,,,,,,1,,,,,2016-11-09
2842643,Basketball Cards 2016 Panini Prizm,Ish Smith [Mojo Prizm] #207,$9.99,,,,,,,,,,,$2.80,$10.99,,,,,,0,,,,,2016-11-09
2842129,Basketball Cards 2016 Panini Prizm,Ish Smith [Orange Prizm] #207,$2.25,,,,,,,,,,,,$2.49,,,,,,1,,,,,2016-11-09
2842386,Basketball Cards 2016 Panini Prizm,Ish Smith [Orange Wave Prizm] #207,$2.99,,,,,,,,,,,,$3.29,,,,,,1,,,,,2016-11-09
2841875,Basketball Cards 2016 Panini Prizm,Ish Smith [Purple Prizm] #207,$2.07,,,,,,,,,,,,$2.29,,,,,,1,,,,,2016-11-09
2841365,Basketball Cards 2016 Panini Prizm,Ish Smith [Ruby Wave Prizm] #207,,,,,,,,,,,,,,,,,,,0,,,,,2016-11-09
2840869,Basketball Cards 2016 Panini Prizm,Ish Smith [Silver Prizm] #207,$1.60,,,,,,,,,,,,$1.79,,,,,,1,,,,,2016-11-09
2841108,Basketball Cards 2016 Panini Prizm,Ish Smith [Starburst Prizm] #207,$1.75,,,,,,,,,,,,$1.89,,,,,,1,,,,,2016-11-09
2842895,Basketball Cards 2016 Panini Prizm,Ish Smith [Teal Wave Prizm] #207,$3.99,,,,,,,,,,,$0.90,$4.39,,,,,,1,,,,,2016-11-09
127973,Basketball Cards 2016 Panini Prizm,Ivica Zubac #136,$1.87,,$6.46,$24.86,$27.00,$30.00,$39.00,$18.00,$18.00,,,,$2.09,,,$1.40,$7.09,,21,,,,,2016-11-09
12351528,Basketball Cards 2016 Panini Prizm,Ivica Zubac [5th Anniversary Mojo] #136,,,,,,,,,,,,,,,,,,,0,,,,,2016-11-09
2843347,Basketball Cards 2016 Panini Prizm,Ivica Zubac [5th Anniversary Prizm] #136,$66.61,,,,,,,,,,,$29.20,$72.99,,,,,,1,,,,,2016-11-09
12351226,Basketball Cards 2016 Panini Prizm,Ivica Zubac [Black Prizm] #136,,,,,,,,,,,,,,,,,,,0,,,,,2016-11-09
127974,Basketball Cards 2016 Panini Prizm,Ivica Zubac [Blue Wave Prizm] #136,$11.22,,,$30.00,$33.00,$51.13,$66.00,$31.00,$31.00,,,$3.00,$11.99,,,,,,3,,,,,2016-11-09
127975,Basketball Cards 2016 Panini Prizm,Ivica Zubac [Gold Prizm] #136,$1999.00,,,,,$500.00,$650.00,$300.00,$300.00,,,$1319.40,$2199.00,,,,,,1,,,,,2016-11-09
127976,Basketball Cards 2016 Panini Prizm,Ivica Zubac [Green Prizm] #136,$3.73,,,$25.00,$28.00,,,,,,,$0.80,$4.09,,,,,,2,,,,,2016-11-09
127977,Basketball Cards 2016 Panini Prizm,Ivica Zubac [Mojo Prizm] #136,$6.05,,,,$45.44,$54.00,$70.00,$32.00,$32.00,,,$1.30,$6.69,,,,,,3,,,,,2016-11-09
127978,Basketball Cards 2016 Panini Prizm,Ivica Zubac [Orange Prizm] #136,$17.79,,,,,$102.00,$133.00,$61.00,$61.00,,,$5.00,$19.99,,,,,,1,,,,,2016-11-09
127979,Basketball Cards 2016 Panini Prizm,Ivica Zubac [Orange Wave Prizm] #136,$35.17,,,$20.00,$22.00,$27.28,$35.00,$16.00,$16.00,,,$15.60,$38.99,,,,,,3,,,,,2016-11-09
127980,Basketball Cards 2016 Panini Prizm,Ivica Zubac [Purple Prizm] #136,$16.06,,,,$16.50,,,,,,,$4.50,$17.99,,,,,,2,,,,,2016-11-09
2841300,Basketball Cards 2016 Panini Prizm,Ivica Zubac [Ruby Wave Prizm] #136,$4.64,,,$11.75,$13.00,,,,,,,$1.00,$5.09,,,,,,2,,,,,2016-11-09
127981,Basketball Cards 2016 Panini Prizm,Ivica Zubac [Silver Prizm] #136,$3.26,,$7.56,$9.50,$11.34,$46.66,$61.00,$28.00,$28.00,,,,$3.59,,,$1.70,$8.29,,9,,,,,2016-11-09
127982,Basketball Cards 2016 Panini Prizm,Ivica Zubac [Starburst Prizm] #136,$5.32,,,,,$26.46,$34.00,$16.00,$16.00,,,$1.20,$5.89,,,,,,5,,,,,2016-11-09
127983,Basketball Cards 2016 Panini Prizm,Ivica Zubac [Teal Wave Prizm] #136,,,,,,,,,,,,,,,,,,,0,,,,,2016-11-09
2840352,Basketball Cards 2016 Panini Prizm,J.J. Barea #156,$1.99,,,,,,,,,,,,$2.19,,,,,,1,,,,,2016-11-09
12351552,Basketball Cards 2016 Panini Prizm,J.J. Barea [5th Anniversary Mojo] #156,,,,,,,,,,,,,,,,,,,0,,,,,2016-11-09
2843365,Basketball Cards 2016 Panini Prizm,J.J. Barea [5th Anniversary Prizm] #156,,,,,,,,,,,,,,,,,,,0,,,,,2016-11-09
12351272,Basketball Cards 2016 Panini Prizm,J.J. Barea [Black Prizm] #156,,,,,,,,,,,,,,,,,,,0,,,,,2016-11-09
2841576,Basketball Cards 2016 Panini Prizm,J.J. Barea [Blue Wave Prizm] #156,$6.50,,,,,,,,,,,$1.40,$7.19,,,,,,1,,,,,2016-11-09
2843102,Basketball Cards 2016 Panini Prizm,J.J. Barea [Gold Prizm] #156,$85.00,,,,,,,,,,,$37.60,$93.99,,,,,,1,,,,,2016-11-09
2840599,Basketball Cards 2016 Panini Prizm,J.J. Barea [Green Prizm] #156,$1.80,,,,,,,,,,,,$1.99,,,,,,1,,,,,2016-11-09
2842601,Basketball Cards 2016 Panini Prizm,J.J. Barea [Mojo Prizm] #156,,,,,,,,,,,,,,,,,,,0,,,,,2016-11-09
2842084,Basketball Cards 2016 Panini Prizm,J.J. Barea [Orange Prizm] #156,$29.99,,,,,,,,,,,$9.90,$32.99,,,,,,1,,,,,2016-11-09
2842344,Basketball Cards 2016 Panini Prizm,J.J. Barea [Orange Wave Prizm] #156,,,,,,,,,,,,,,,,,,,0,,,,,2016-11-09
2841830,Basketball Cards 2016 Panini Prizm,J.J. Barea [Purple Prizm] #156,,,,,,,,,,,,,,,,,,,0,,,,,2016-11-09
2841320,Basketball Cards 2016 Panini Prizm,J.J. Barea [Ruby Wave Prizm] #156,,,,,,,,,,,,,,,,,,,0,,,,,2016-11-09
2840828,Basketball Cards 2016 Panini Prizm,J.J. Barea [Silver Prizm] #156,$1.37,,,,,,,,,,,,$1.49,,,,,,1,,,,,2016-11-09
2841065,Basketball Cards 2016 Panini Prizm,J.J. Barea [Starburst Prizm] #156,$1.65,,,,,,,,,,,,$1.79,,,,,,3,,,,,2016-11-09
2842851,Basketball Cards 2016 Panini Prizm,J.J. Barea [Teal Wave Prizm] #156,,,,,,,,,,,,,,,,,,,0,,,,,2016-11-09
2840260,Basketball Cards 2016 Panini Prizm,J.J. Redick #54,$0.99,,,,,,,,,,,,$1.09,,,,,,1,,,,,2016-11-09
12351475,Basketball Cards 2016 Panini Prizm,J.J. Redick [5th Anniversary Mojo] #54,,,,,,,,,,,,,,,,,,,0,,,,,2016-11-09
2843270,Basketball Cards 2016 Panini Prizm,J.J. Redick [5th Anniversary Prizm] #54,,,,,,,,,,,,,,,,,,,0,,,,,2016-11-09
12351144,Basketball Cards 2016 Panini Prizm,J.J. Redick [Black Prizm] #54,,,,,,,,,,,,,,,,,,,0,,,,,2016-11-09
2841486,Basketball Cards 2016 Panini Prizm,J.J. Redick [Blue Wave Prizm] #54,$3.99,,,,,,,,,,,$0.90,$4.39,,,,,,1,,,,,2016-11-09
2843013,Basketball Cards 2016 Panini Prizm,J.J. Redick [Gold Prizm] #54,,,,,,,,,,,,,,,,,,,0,,,,,2016-11-09
2840510,Basketball Cards 2016 Panini Prizm,J.J. Redick [Green Prizm] #54,$3.00,,,,,,,,,,,,$3.29,,,,,,0,,,,,2016-11-09
2842510,Basketball Cards 2016 Panini Prizm,J.J. Redick [Mojo Prizm] #54,,,,,,,,,,,,,,,,,,,0,,,,,2016-11-09
2845180,Basketball Cards 2016 Panini Prizm,J.J. Redick [Orange Prizm] #54,$5.35,,,$20.00,$22.00,,,,,,,$1.20,$5.89,,,,,,2,,,,,2016-11-09
2842250,Basketball Cards 2016 Panini Prizm,J.J. Redick [Orange Wave Prizm] #54,$5.00,,,,,,,,,,,$1.10,$5.49,,,,,,1,,,,,2016-11-09
2841743,Basketball Cards 2016 Panini Prizm,J.J. Redick [Purple Prizm] #54,$5.14,,,,,,,,,,,$1.10,$5.69,,,,,,1,,,,,2016-11-09
2841225,Basketball Cards 2016 Panini Prizm,J.J. Redick [Ruby Wave Prizm] #54,,,,,,,,,,,,,,,,,,,0,,,,,2016-11-09
2840751,Basketball Cards 2016 Panini Prizm,J.J. Redick [Silver Prizm] #54,$0.99,,,,,,,,,,,,$1.09,,,,,,2,,,,,2016-11-09
2840977,Basketball Cards 2016 Panini Prizm,J.J. Redick [Starburst Prizm] #54,$1.28,,,,,,,,,,,,$1.39,,,,,,1,,,,,2016-11-09
2842764,Basketball Cards 2016 Panini Prizm,J.J. Redick [Teal Wave Prizm] #54,$6.00,,,,,,,,,,,$1.30,$6.59,,,,,,1,,,,,2016-11-09
2840247,Basketball Cards 2016 Panini Prizm,J.R. Smith #39,,,,,,,,,,,,,,,,,,,0,,,,,2016-11-09
12351452,Basketball Cards 2016 Panini Prizm,J.R. Smith [5th Anniversary Mojo] #39,,,,,,,,,,,,,,,,,,,0,,,,,2016-11-09
2843255,Basketball Cards 2016 Panini Prizm,J.R. Smith [5th Anniversary Prizm] #39,,,,,,,,,,,,,,,,,,,0,,,,,2016-11-09
12351131,Basketball Cards 2016 Panini Prizm,J.R. Smith [Black Prizm] #39,,,,,,,,,,,,,,,,,,,0,,,,,2016-11-09
2841474,Basketball Cards 2016 Panini Prizm,J.R. Smith [Blue Wave Prizm] #39,$1.39,,,,,,,,,,,,$1.49,,,,,,1,,,,,2016-11-09
2843001,Basketball Cards 2016 Panini Prizm,J.R. Smith [Gold Prizm] #39,$150.00,,,$76.00,$84.00,,,,,,,$82.50,$165.00,,,,,,2,,,,,2016-11-09
2840499,Basketball Cards 2016 Panini Prizm,J.R. Smith [Green Prizm] #39,$1.69,,,,,,,,,,,,$1.89,,,,,,1,,,,,2016-11-09
2842497,Basketball Cards 2016 Panini Prizm,J.R. Smith [Mojo Prizm] #39,,,,,,,,,,,,,,,,,,,0,,,,,2016-11-09
2841984,Basketball Cards 2016 Panini Prizm,J.R. Smith [Orange Prizm] #39,$6.99,,,,,,,,,,,$1.50,$7.69,,,,,,1,,,,,2016-11-09
2842237,Basketball Cards 2016 Panini Prizm,J.R. Smith [Orange Wave Prizm] #39,$17.79,,,,,,,,,,,$5.00,$19.99,,,,,,1,,,,,2016-11-09
2841729,Basketball Cards 2016 Panini Prizm,J.R. Smith [Purple Prizm] #39,$5.00,,,,,,,,,,,$1.10,$5.49,,,,,,1,,,,,2016-11-09
2841211,Basketball Cards 2016 Panini Prizm,J.R. Smith [Ruby Wave Prizm] #39,,,,,,,,,,,,,,,,,,,0,,,,,2016-11-09
2840742,Basketball Cards 2016 Panini Prizm,J.R. Smith [Silver Prizm] #39,$3.10,,,,,,,,,,,,$3.39,,,,,,1,,,,,2016-11-09
2840965,Basketball Cards 2016 Panini Prizm,J.R. Smith [Starburst Prizm] #39,$2.28,,,,,$35.00,$46.00,$21.00,$21.00,,,,$2.49,,,,,,2,,,,,2016-11-09
2842752,Basketball Cards 2016 Panini Prizm,J.R. Smith [Teal Wave Prizm] #39,,,,,,,,,,,,,,,,,,,0,,,,,2016-11-09
2840228,Basketball Cards 2016 Panini Prizm,Jabari Parker #11,$0.25,,,,,,,,,,,,$0.99,,,,,,0,,,,,2016-11-09
12351424,Basketball Cards 2016 Panini Prizm,Jabari Parker [5th Anniversary Mojo] #11,,,,,,,,,,,,,,,,,,,0,,,,,2016-11-09
127743,Basketball Cards 2016 Panini Prizm,Jabari Parker [5th Anniversary Prizm] #11,,,,,,,,,,,,,,,,,,,0,,,,,2016-11-09
12351102,Basketball Cards 2016 Panini Prizm,Jabari Parker [Black Prizm] #11,,,,,,,,,,,,,,,,,,,0,,,,,2016-11-09
2841452,Basketball Cards 2016 Panini Prizm,Jabari Parker [Blue Wave Prizm] #11,$2.22,,,,,,,,,,,,$2.39,,,,,,1,,,,,2016-11-09
2842980,Basketball Cards 2016 Panini Prizm,Jabari Parker [Gold Prizm] #11,,,,,,,,,,,,,,,,,,,0,,,,,2016-11-09
2840479,Basketball Cards 2016 Panini Prizm,Jabari Parker [Green Prizm] #11,$1.32,,,,,,,,,,,,$1.49,,,,,,1,,,,,2016-11-09
2842472,Basketball Cards 2016 Panini Prizm,Jabari Parker [Mojo Prizm] #11,$17.79,,,,,,,,,,,$5.00,$19.99,,,,,,0,,,,,2016-11-09
2841963,Basketball Cards 2016 Panini Prizm,Jabari Parker [Orange Prizm] #11,$3.98,,,,,,,,,,,$0.90,$4.39,,,,,,1,,,,,2016-11-09
2842216,Basketball Cards 2016 Panini Prizm,Jabari Parker [Orange Wave Prizm] #11,$9.99,,,,,$10.51,$14.00,$6.00,$6.00,,,$2.80,$10.99,,,,,,1,,,,,2016-11-09
2841705,Basketball Cards 2016 Panini Prizm,Jabari Parker [Purple Prizm] #11,$1.41,,,,,,,,,,,,$1.59,,,,,,1,,,,,2016-11-09
2841187,Basketball Cards 2016 Panini Prizm,Jabari Parker [Ruby Wave Prizm] #11,,,,,,,,,,,,,,,,,,,0,,,,,2016-11-09
2840725,Basketball Cards 2016 Panini Prizm,Jabari Parker [Silver Prizm] #11,$0.99,,,,,,,,,,,,$1.09,,,,,,1,,,,,2016-11-09
2840944,Basketball Cards 2016 Panini Prizm,Jabari Parker [Starburst Prizm] #11,$1.99,,,,,,,,,,,,$2.19,,,,,,1,,,,,2016-11-09
2842728,Basketball Cards 2016 Panini Prizm,Jabari Parker [Teal Wave Prizm] #11,$6.29,,,,,,,,,,,$1.40,$6.89,,,,,,0,,,,,2016-11-09
2840251,Basketball Cards 2016 Panini Prizm,Jae Crowder #45,$1.63,,,,,,,,,,,,$1.79,,,,,,1,,,,,2016-11-09
12351459,Basketball Cards 2016 Panini Prizm,Jae Crowder [5th Anniversary Mojo] #45,,,,,,,,,,,,,,,,,,,0,,,,,2016-11-09
2843261,Basketball Cards 2016 Panini Prizm,Jae Crowder [5th Anniversary Prizm] #45,,,,,,,,,,,,,,,,,,,0,,,,,2016-11-09
12351136,Basketball Cards 2016 Panini Prizm,Jae Crowder [Black Prizm] #45,,,,,,,,,,,,,,,,,,,0,,,,,2016-11-09
2841478,Basketball Cards 2016 Panini Prizm,Jae Crowder [Blue Wave Prizm] #45,$3.27,,,,,,,,,,,,$3.59,,,,,,1,,,,,2016-11-09
2843005,Basketball Cards 2016 Panini Prizm,Jae Crowder [Gold Prizm] #45,$73.00,,,,,,,,,,,$32.00,$79.99,,,,,,1,,,,,2016-11-09
2840503,Basketball Cards 2016 Panini Prizm,Jae Crowder [Green Prizm] #45,$3.62,,,,,,,,,,,$0.80,$3.99,,,,,,1,,,,,2016-11-09
2842502,Basketball Cards 2016 Panini Prizm,Jae Crowder [Mojo Prizm] #45,$6.98,,,,,,,,,,,$1.50,$7.69,,,,,,1,,,,,2016-11-09
2841993,Basketball Cards 2016 Panini Prizm,Jae Crowder [Orange Prizm] #45,$2.21,,,,,,,,,,,,$2.39,,,,,,1,,,,,2016-11-09
2842242,Basketball Cards 2016 Panini Prizm,Jae Crowder [Orange Wave Prizm] #45,$12.00,,,,,,,,,,,$3.30,$12.99,,,,,,1,,,,,2016-11-09
2841734,Basketball Cards 2016 Panini Prizm,Jae Crowder [Purple Prizm] #45,$1.61,,,,,,,,,,,,$1.79,,,,,,1,,,,,2016-11-09
2841216,Basketball Cards 2016 Panini Prizm,Jae Crowder [Ruby Wave Prizm] #45,$1.29,,,,,,,,,,,,$1.39,,,,,,1,,,,,2016-11-09
2840746,Basketball Cards 2016 Panini Prizm,Jae Crowder [Silver Prizm] #45,$1.75,,,,,,,,,,,,$1.89,,,,,,1,,,,,2016-11-09
2840971,Basketball Cards 2016 Panini Prizm,Jae Crowder [Starburst Prizm] #45,$0.99,,,,,,,,,,,,$1.09,,,,,,1,,,,,2016-11-09
2842756,Basketball Cards 2016 Panini Prizm,Jae Crowder [Teal Wave Prizm] #45,$5.00,,,,,,,,,,,$1.10,$5.49,,,,,,1,,,,,2016-11-09
2840225,Basketball Cards 2016 Panini Prizm,Jahlil Okafor #8,$0.25,,,,,,,,,,,,$0.99,,,,,,0,,,,,2016-11-09
12351421,Basketball Cards 2016 Panini Prizm,Jahlil Okafor [5th Anniversary Mojo] #8,,,,,,,,,,,,,,,,,,,0,,,,,2016-11-09
2843226,Basketball Cards 2016 Panini Prizm,Jahlil Okafor [5th Anniversary Prizm] #8,$19.99,,,,,,,,,,,$6.60,$21.99,,,,,,0,,,,,2016-11-09
12351099,Basketball Cards 2016 Panini Prizm,Jahlil Okafor [Black Prizm] #8,,,,,,,,,,,,,,,,,,,0,,,,,2016-11-09
2841449,Basketball Cards 2016 Panini Prizm,Jahlil Okafor [Blue Wave Prizm] #8,$1.98,,,,,,,,,,,,$2.19,,,,,,1,,,,,2016-11-09
2842977,Basketball Cards 2016 Panini Prizm,Jahlil Okafor [Gold Prizm] #8,,,,,,,,,,,,,,,,,,,0,,,,,2016-11-09
2840476,Basketball Cards 2016 Panini Prizm,Jahlil Okafor [Green Prizm] #8,$0.25,,,,,,,,,,,,$0.99,,,,,,0,,,,,2016-11-09
2842469,Basketball Cards 2016 Panini Prizm,Jahlil Okafor [Mojo Prizm] #8,$12.04,,,,,,,,,,,$3.30,$12.99,,,,,,0,,,,,2016-11-09
2841960,Basketball Cards 2016 Panini Prizm,Jahlil Okafor [Orange Prizm] #8,$1.00,,,,,,,,,,,,$1.09,,,,,,1,,,,,2016-11-09
2842213,Basketball Cards 2016 Panini Prizm,Jahlil Okafor [Orange Wave Prizm] #8,$4.85,,,,,,,,,,,$1.10,$5.29,,,,,,1,,,,,2016-11-09
2841702,Basketball Cards 2016 Panini Prizm,Jahlil Okafor [Purple Prizm] #8,$0.25,,,,,,,,,,,,$0.99,,,,,,0,,,,,2016-11-09
2841184,Basketball Cards 2016 Panini Prizm,Jahlil Okafor [Ruby Wave Prizm] #8,$1.20,,,,,,,,,,,,$1.29,,,,,,1,,,,,2016-11-09
127742,Basketball Cards 2016 Panini Prizm,Jahlil Okafor [Silver Prizm] #8,$4.39,,,,,,,,,,,$1.00,$4.79,,,,,,1,,,,,2016-11-09
2840941,Basketball Cards 2016 Panini Prizm,Jahlil Okafor [Starburst Prizm] #8,$1.79,,,,,,,,,,,,$1.99,,,,,,1,,,,,2016-11-09
2842725,Basketball Cards 2016 Panini Prizm,Jahlil Okafor [Teal Wave Prizm] #8,$6.29,,,,,,,,,,,$1.40,$6.89,,,,,,1,,,,,2016-11-09
2840457,Basketball Cards 2016 Panini Prizm,Jake Layman #279,$1.71,,,$2.25,$2.00,$4.00,$5.00,$2.00,$2.00,,,,$1.89,,,,,,4,,,,,2016-11-09
12351690,Basketball Cards 2016 Panini Prizm,Jake Layman [5th Anniversary Mojo] #279,,,,,,,,,,,,,,,,,,,0,,,,,2016-11-09
2843478,Basketball Cards 2016 Panini Prizm,Jake Layman [5th Anniversary Prizm] #279,,,,,,,,,,,,,,,,,,,0,,,,,2016-11-09
12351362,Basketball Cards 2016 Panini Prizm,Jake Layman [Black Prizm] #279,,,,,,,,,,,,,,,,,,,0,,,,,2016-11-09
2841680,Basketball Cards 2016 Panini Prizm,Jake Layman [Blue Wave Prizm] #279,$12.04,,,,,,,,,,,$3.30,$12.99,,,,,,1,,,,,2016-11-09
128236,Basketball Cards 2016 Panini Prizm,Jake Layman [Gold Prizm] #279,$59.99,,,$99.00,$109.00,,,,,,,$26.40,$65.99,,,,,,1,,,,,2016-11-09
2840702,Basketball Cards 2016 Panini Prizm,Jake Layman [Green Prizm] #279,$4.72,,,,,,,,,,,$1.00,$5.19,,,,,,1,,,,,2016-11-09
2842704,Basketball Cards 2016 Panini Prizm,Jake Layman [Mojo Prizm] #279,,,,,,,,,,,,,,,,,,,0,,,,,2016-11-09
2842191,Basketball Cards 2016 Panini Prizm,Jake Layman [Orange Prizm] #279,$57.75,,,,,,,,,,,$25.60,$63.99,,,,,,1,,,,,2016-11-09
2842447,Basketball Cards 2016 Panini Prizm,Jake Layman [Orange Wave Prizm] #279,$4.24,,,,,,,,,,,$0.90,$4.69,,,,,,1,,,,,2016-11-09
2841939,Basketball Cards 2016 Panini Prizm,Jake Layman [Purple Prizm] #279,,,,,,,,,,,,,,,,,,,0,,,,,2016-11-09
2841427,Basketball Cards 2016 Panini Prizm,Jake Layman [Ruby Wave Prizm] #279,$2.83,,,,,,,,,,,,$3.09,,,,,,1,,,,,2016-11-09
128237,Basketball Cards 2016 Panini Prizm,Jake Layman [Silver Prizm] #279,$1.72,,,$3.25,$4.00,$15.25,$20.00,$9.00,$9.00,,,,$1.89,,,,,,6,,,,,2016-11-09
2841163,Basketball Cards 2016 Panini Prizm,Jake Layman [Starburst Prizm] #279,$4.00,,,,,,,,,,,$0.90,$4.39,,,,,,1,,,,,2016-11-09
2842955,Basketball Cards 2016 Panini Prizm,Jake Layman [Teal Wave Prizm] #279,$4.99,,,,,,,,,,,$1.10,$5.49,,,,,,1,,,,,2016-11-09
128083,Basketball Cards 2016 Panini Prizm,Jakob Poeltl #216,$2.25,,,$12.77,$14.00,$39.99,$52.00,$24.00,$24.00,,,,$2.49,,,,,,7,,,,,2016-11-09
12351627,Basketball Cards 2016 Panini Prizm,Jakob Poeltl [5th Anniversary Mojo] #216,,,,,,,,,,,,,,,,,,,0,,,,,2016-11-09
2843423,Basketball Cards 2016 Panini Prizm,Jakob Poeltl [5th Anniversary Prizm] #216,,,,,,,,,,,,,,,,,,,0,,,,,2016-11-09
12351246,Basketball Cards 2016 Panini Prizm,Jakob Poeltl [Black Prizm] #216,,,,,,,,,,,,,,,,,,,0,,,,,2016-11-09
2841631,Basketball Cards 2016 Panini Prizm,Jakob Poeltl [Blue Wave Prizm] #216,$3.99,,,,,,,,,,,$0.90,$4.39,,,,,,2,,,,,2016-11-09
128084,Basketball Cards 2016 Panini Prizm,Jakob Poeltl [Gold Prizm] #216,$300.00,,,,,,,,,,,$165.00,$330.00,,,,,,1,,,,,2016-11-09
2840651,Basketball Cards 2016 Panini Prizm,Jakob Poeltl [Green Prizm] #216,$3.26,,,,$4.25,$25.03,$33.00,$15.00,$15.00,,,,$3.59,,,,,,3,,,,,2016-11-09
2842653,Basketball Cards 2016 Panini Prizm,Jakob Poeltl [Mojo Prizm] #216,$125.00,,,$35.61,$123.50,,,,,,,$69.00,$138.00,,,,,,3,,,,,2016-11-09
2842137,Basketball Cards 2016 Panini Prizm,Jakob Poeltl [Orange Prizm] #216,,,,,,,,,,,,,,,,,,,0,,,,,2016-11-09
2842395,Basketball Cards 2016 Panini Prizm,Jakob Poeltl [Orange Wave Prizm] #216,$12.73,,,,,,,,,,,$3.50,$13.99,,,,,,1,,,,,2016-11-09
2841885,Basketball Cards 2016 Panini Prizm,Jakob Poeltl [Purple Prizm] #216,$9.75,,,$49.99,$55.00,,,,,,,$2.80,$10.99,,,,,,2,,,,,2016-11-09
2841373,Basketball Cards 2016 Panini Prizm,Jakob Poeltl [Ruby Wave Prizm] #216,$8.38,,,,,,,,,,,$1.80,$9.19,,,,,,1,,,,,2016-11-09
128085,Basketball Cards 2016 Panini Prizm,Jakob Poeltl [Silver Prizm] #216,$2.99,,,$15.52,$17.00,$75.00,$98.00,$45.00,$45.00,,,,$3.29,,,,,,7,,,,,2016-11-09
128086,Basketball Cards 2016 Panini Prizm,Jakob Poeltl [Starburst Prizm] #216,$4.74,,,,,,,,,,,$1.00,$5.19,,,,,,2,,,,,2016-11-09
2842904,Basketball Cards 2016 Panini Prizm,Jakob Poeltl [Teal Wave Prizm] #216,$15.50,,,,,$109.45,$142.00,$66.00,$66.00,,,$4.30,$16.99,,,,,,2,,,,,2016-11-09
2840262,Basketball Cards 2016 Panini Prizm,Jamal Crawford #57,$1.99,,,,,,,,,,,,$2.19,,,,,,1,,,,,2016-11-09
12351482,Basketball Cards 2016 Panini Prizm,Jamal Crawford [5th Anniversary Mojo] #57,,,,,,,,,,,,,,,,,,,0,,,,,2016-11-09
2843273,Basketball Cards 2016 Panini Prizm,Jamal Crawford [5th Anniversary Prizm] #57,,,,,,,,,,,,,,,,,,,0,,,,,2016-11-09
12351147,Basketball Cards 2016 Panini Prizm,Jamal Crawford [Black Prizm] #57,,,,,,,,,,,,,,,,,,,0,,,,,2016-11-09
2841488,Basketball Cards 2016 Panini Prizm,Jamal Crawford [Blue Wave Prizm] #57,$3.60,,,,,,,,,,,$0.80,$3.99,,,,,,0,,,,,2016-11-09
2843015,Basketball Cards 2016 Panini Prizm,Jamal Crawford [Gold Prizm] #57,$140.00,,,,,,,,,,,$77.00,$154.00,,,,,,3,,,,,2016-11-09
2840513,Basketball Cards 2016 Panini Prizm,Jamal Crawford [Green Prizm] #57,$1.07,,,,,,,,,,,,$1.19,,,,,,1,,,,,2016-11-09
2842512,Basketball Cards 2016 Panini Prizm,Jamal Crawford [Mojo Prizm] #57,,,,$16.85,$19.00,,,,,,,,,,,,,,1,,,,,2016-11-09
2841999,Basketball Cards 2016 Panini Prizm,Jamal Crawford [Orange Prizm] #57,$4.95,,,,,,,,,,,$1.10,$5.49,,,,,,1,,,,,2016-11-09
2842253,Basketball Cards 2016 Panini Prizm,Jamal Crawford [Orange Wave Prizm] #57,,,,,,,,,,,,,,,,,,,0,,,,,2016-11-09
2841745,Basketball Cards 2016 Panini Prizm,Jamal Crawford [Purple Prizm] #57,$4.85,,,$9.38,$10.00,,,,,,,$1.10,$5.29,,,,,,2,,,,,2016-11-09
2841227,Basketball Cards 2016 Panini Prizm,Jamal Crawford [Ruby Wave Prizm] #57,,,,,,,,,,,,,,,,,,,0,,,,,2016-11-09
2840752,Basketball Cards 2016 Panini Prizm,Jamal Crawford [Silver Prizm] #57,$2.42,,,$15.99,$16.00,$16.01,$21.00,$10.00,$10.00,,,,$2.69,,,,,,3,,,,,2016-11-09
2840980,Basketball Cards 2016 Panini Prizm,Jamal Crawford [Starburst Prizm] #57,$2.99,,,,,,,,,,,,$3.29,,,,,,2,,,,,2016-11-09
2842765,Basketball Cards 2016 Panini Prizm,Jamal Crawford [Teal Wave Prizm] #57,$9.99,,,,,,,,,,,$2.80,$10.99,,,,,,1,,,,,2016-11-09
128023,Basketball Cards 2016 Panini Prizm,Jamal Murray #175,$5.64,$5.00,$5.65,$17.76,$28.07,$36.44,$47.00,$22.00,$55.60,,,$1.20,$6.19,$1.10,$5.49,$1.20,$6.19,,163,,,,,2016-11-09
12351586,Basketball Cards 2016 Panini Prizm,Jamal Murray [5th Anniversary Mojo] #175,,,,,,,,,,,,,,,,,,,0,,,,,2016-11-09
128024,Basketball Cards 2016 Panini Prizm,Jamal Murray [5th Anniversary Prizm] #175,,,,$600.00,$660.00,,,,,,,,,,,,,,1,,,,,2016-11-09
12351299,Basketball Cards 2016 Panini Prizm,Jamal Murray [Black Prizm] #175,,,,,,,,,,,,,,,,,,,0,,,,,2016-11-09
128025,Basketball Cards 2016 Panini Prizm,Jamal Murray [Blue Wave Prizm] #175,$150.00,,$235.50,$244.30,$279.00,$637.74,$829.00,$383.00,$383.00,,,$82.50,$165.00,,,$129.50,$259.00,,8,,,,,2016-11-09
128026,Basketball Cards 2016 Panini Prizm,Jamal Murray [Gold Prizm] #175,,,,,$7600.00,,$9272.00,,,,,,,,,,,,1,,,,,2016-11-09
128027,Basketball Cards 2016 Panini Prizm,Jamal Murray [Green Prizm] #175,$20.51,,$46.00,$51.00,$56.00,$56.00,$73.00,$34.00,$35.00,,,$6.90,$22.99,,,$20.40,$50.99,,16,,,,,2016-11-09
161660,Basketball Cards 2016 Panini Prizm,Jamal Murray [Mojo Prizm] #175,,,,,$2558.80,,$2247.00,,,,,,,,,,,,1,,,,,2016-11-09
128028,Basketball Cards 2016 Panini Prizm,Jamal Murray [Orange Prizm] #175,$125.02,$153.49,$306.00,$310.00,$394.00,$402.50,$523.00,$242.00,$242.00,,,$69.00,$138.00,$84.50,$169.00,$168.50,$337.00,,8,,,,,2016-11-09
128029,Basketball Cards 2016 Panini Prizm,Jamal Murray [Orange Wave Prizm] #175,$134.50,,,$735.63,$809.00,$883.00,$1148.00,$530.00,$530.00,,,$74.00,$148.00,,,,,,4,,,,,2016-11-09
128030,Basketball Cards 2016 Panini Prizm,Jamal Murray [Purple Prizm] #175,$166.70,,,$185.14,$250.33,$413.53,$538.00,$248.00,$248.00,,,$91.50,$183.00,,,,,,4,,,,,2016-11-09
128031,Basketball Cards 2016 Panini Prizm,Jamal Murray [Ruby Wave Prizm] #175,$51.01,,$26.00,$97.00,$114.00,$116.00,$151.00,$70.00,$70.00,,,$22.40,$55.99,,,$8.70,$28.99,,8,,,,,2016-11-09
128032,Basketball Cards 2016 Panini Prizm,Jamal Murray [Silver Prizm] #175,$31.78,,$16.41,$62.56,$78.63,$163.03,$139.39,$98.00,$98.00,,,$10.50,$34.99,,,$4.50,$17.99,,48,,,,,2016-11-09
128033,Basketball Cards 2016 Panini Prizm,Jamal Murray [Starburst Prizm] #175,$24.39,,$18.50,$40.00,$81.00,$97.58,$5320.93,$59.00,$59.00,,,$8.10,$26.99,,,$5.00,$19.99,,33,,,,,2016-11-09
2842868,Basketball Cards 2016 Panini Prizm,Jamal Murray [Teal Wave Prizm] #175,,,,,$368.00,$375.00,$650.00,$225.00,$225.00,,,,,,,,,,2,,,,,2016-11-09
2840275,Basketball Cards 2016 Panini Prizm,James Ennis #70,$1.78,,,,,,,,,,,,$1.99,,,,,,1,,,,,2016-11-09
12351508,Basketball Cards 2016 Panini Prizm,James Ennis [5th Anniversary Mojo] #70,,,,,,,,,,,,,,,,,,,0,,,,,2016-11-09
2843286,Basketball Cards 2016 Panini Prizm,James Ennis [5th Anniversary Prizm] #70,,,,,,,,,,,,,,,,,,,0,,,,,2016-11-09
12351160,Basketball Cards 2016 Panini Prizm,James Ennis [Black Prizm] #70,,,,,,,,,,,,,,,,,,,0,,,,,2016-11-09
2841501,Basketball Cards 2016 Panini Prizm,James Ennis [Blue Wave Prizm] #70,$1.08,,,,,,,,,,,,$1.19,,,,,,1,,,,,2016-11-09
2843027,Basketball Cards 2016 Panini Prizm,James Ennis [Gold Prizm] #70,$40.71,,,,,,,,,,,$18.00,$44.99,,,,,,1,,,,,2016-11-09
2840523,Basketball Cards 2016 Panini Prizm,James Ennis [Green Prizm] #70,$2.95,,,,,,,,,,,,$3.29,,,,,,1,,,,,2016-11-09
2842524,Basketball Cards 2016 Panini Prizm,James Ennis [Mojo Prizm] #70,$3.42,,,,,,,,,,,$0.80,$3.79,,,,,,1,,,,,2016-11-09
2842011,Basketball Cards 2016 Panini Prizm,James Ennis [Orange Prizm] #70,$2.84,,,,,,,,,,,,$3.09,,,,,,1,,,,,2016-11-09
2842266,Basketball Cards 2016 Panini Prizm,James Ennis [Orange Wave Prizm] #70,$11.74,,,,,,,,,,,$3.30,$12.99,,,,,,1,,,,,2016-11-09
2841757,Basketball Cards 2016 Panini Prizm,James Ennis [Purple Prizm] #70,$3.00,,,,,,,,,,,,$3.29,,,,,,1,,,,,2016-11-09
2841239,Basketball Cards 2016 Panini Prizm,James Ennis [Ruby Wave Prizm] #70,,,,,,,,,,,,,,,,,,,0,,,,,2016-11-09
2840763,Basketball Cards 2016 Panini Prizm,James Ennis [Silver Prizm] #70,$0.99,,,,,,,,,,,,$1.09,,,,,,1,,,,,2016-11-09
2840991,Basketball Cards 2016 Panini Prizm,James Ennis [Starburst Prizm] #70,$1.00,,,,,,,,,,,,$1.09,,,,,,1,,,,,2016-11-09
2842778,Basketball Cards 2016 Panini Prizm,James Ennis [Teal Wave Prizm] #70,$10.75,,,,,,,,,,,$3.00,$11.99,,,,,,1,,,,,2016-11-09
128101,Basketball Cards 2016 Panini Prizm,James Harden #221,$1.97,,,$8.25,$9.00,$16.50,$21.00,$10.00,$10.00,,,,$2.19,,,,,,5,,,,,2016-11-09
12351632,Basketball Cards 2016 Panini Prizm,James Harden [5th Anniversary Mojo] #221,,,,,,,,,,,,,,,,,,,0,,,,,2016-11-09
2843426,Basketball Cards 2016 Panini Prizm,James Harden [5th Anniversary Prizm] #221,,,,,,,,,,,,,,,,,,,0,,,,,2016-11-09
12351256,Basketball Cards 2016 Panini Prizm,James Harden [Black Prizm] #221,,,,,,,,,,,,,,,,,,,0,,,,,2016-11-09
128102,Basketball Cards 2016 Panini Prizm,James Harden [Blue Wave Prizm] #221,$2.10,,,$16.45,$18.00,$19.99,$26.00,$12.00,$12.00,,,,$2.29,,,,,,4,,,,,2016-11-09
128103,Basketball Cards 2016 Panini Prizm,James Harden [Gold Prizm] #221,,,,,,$926.11,$1204.00,$556.00,$556.00,,,,,,,,,,1,,,,,2016-11-09
128104,Basketball Cards 2016 Panini Prizm,James Harden [Green Prizm] #221,$3.37,,,$19.95,$21.00,$21.25,$28.00,$13.00,$13.00,,,,$3.69,,,,,,3,,,,,2016-11-09
128105,Basketball Cards 2016 Panini Prizm,James Harden [Mojo Prizm] #221,,,,,,$232.75,$303.00,$140.00,$140.00,,,,,,,,,,1,,,,,2016-11-09
128106,Basketball Cards 2016 Panini Prizm,James Harden [Orange Prizm] #221,$7.18,,,,,,,,,,,$1.60,$7.89,,,,,,1,,,,,2016-11-09
128107,Basketball Cards 2016 Panini Prizm,James Harden [Orange Wave Prizm] #221,$27.52,,,,,$241.50,$314.00,$145.00,$145.00,,,$9.00,$29.99,,,,,,2,,,,,2016-11-09
2841889,Basketball Cards 2016 Panini Prizm,James Harden [Purple Prizm] #221,$8.63,,,$43.00,$46.00,$46.50,$60.00,$28.00,$28.00,,,$1.90,$9.49,,,,,,3,,,,,2016-11-09
2841378,Basketball Cards 2016 Panini Prizm,James Harden [Ruby Wave Prizm] #221,$5.91,,,$24.99,$27.00,,,,,,,$1.30,$6.49,,,,,,2,,,,,2016-11-09
128108,Basketball Cards 2016 Panini Prizm,James Harden [Silver Prizm] #221,$5.49,,$4.25,$10.79,$12.00,$46.00,$60.00,$28.00,$28.00,,,$1.20,$5.99,,,$0.90,$4.69,,8,,,,,2016-11-09
128109,Basketball Cards 2016 Panini Prizm,James Harden [Starburst Prizm] #221,$3.48,,,$20.62,$23.00,$32.00,$42.00,$19.00,$19.00,,,$0.80,$3.79,,,,,,5,,,,,2016-11-09
128110,Basketball Cards 2016 Panini Prizm,James Harden [Teal Wave Prizm] #221,,,,,,$93.35,$121.00,$56.00,$56.00,,,,,,,,,,1,,,,,2016-11-09
2840405,Basketball Cards 2016 Panini Prizm,Jared Sullinger #214,$1.15,,,,,,,,,,,,$1.29,,,,,,1,,,,,2016-11-09
12351625,Basketball Cards 2016 Panini Prizm,Jared Sullinger [5th Anniversary Mojo] #214,,,,,,,,,,,,,,,,,,,0,,,,,2016-11-09
2843421,Basketball Cards 2016 Panini Prizm,Jared Sullinger [5th Anniversary Prizm] #214,,,,,,,,,,,,,,,,,,,0,,,,,2016-11-09
12351244,Basketball Cards 2016 Panini Prizm,Jared Sullinger [Black Prizm] #214,,,,,,,,,,,,,,,,,,,0,,,,,2016-11-09
2841629,Basketball Cards 2016 Panini Prizm,Jared Sullinger [Blue Wave Prizm] #214,$1.44,,,,,,,,,,,,$1.59,,,,,,1,,,,,2016-11-09
2843152,Basketball Cards 2016 Panini Prizm,Jared Sullinger [Gold Prizm] #214,,,,,,,,,,,,,,,,,,,0,,,,,2016-11-09
2840649,Basketball Cards 2016 Panini Prizm,Jared Sullinger [Green Prizm] #214,$2.24,,,,,,,,,,,,$2.49,,,,,,0,,,,,2016-11-09
2842651,Basketball Cards 2016 Panini Prizm,Jared Sullinger [Mojo Prizm] #214,$0.99,,,,,,,,,,,,$1.09,,,,,,1,,,,,2016-11-09
2842135,Basketball Cards 2016 Panini Prizm,Jared Sullinger [Orange Prizm] #214,$1.69,,,,,,,,,,,,$1.89,,,,,,1,,,,,2016-11-09
2842393,Basketball Cards 2016 Panini Prizm,Jared Sullinger [Orange Wave Prizm] #214,$7.20,,,,,,,,,,,$1.60,$7.89,,,,,,1,,,,,2016-11-09
2841883,Basketball Cards 2016 Panini Prizm,Jared Sullinger [Purple Prizm] #214,$1.80,,,,,,,,,,,,$1.99,,,,,,1,,,,,2016-11-09
2841371,Basketball Cards 2016 Panini Prizm,Jared Sullinger [Ruby Wave Prizm] #214,$1.75,,,,,,,,,,,,$1.89,,,,,,1,,,,,2016-11-09
2840874,Basketball Cards 2016 Panini Prizm,Jared Sullinger [Silver Prizm] #214,$0.99,,,,,,,,,,,,$1.09,,,,,,1,,,,,2016-11-09
2841115,Basketball Cards 2016 Panini Prizm,Jared Sullinger [Starburst Prizm] #214,$1.99,,,,,,,,,,,,$2.19,,,,,,1,,,,,2016-11-09
2842902,Basketball Cards 2016 Panini Prizm,Jared Sullinger [Teal Wave Prizm] #214,$13.19,,,,,,,,,,,$3.80,$14.99,,,,,,0,,,,,2016-11-09
2840283,Basketball Cards 2016 Panini Prizm,Jarrett Jack #80,$0.25,,,,,,,,,,,,$0.99,,,,,,0,,,,,2016-11-09
12351522,Basketball Cards 2016 Panini Prizm,Jarrett Jack [5th Anniversary Mojo] #80,,,,,,,,,,,,,,,,,,,0,,,,,2016-11-09
2843295,Basketball Cards 2016 Panini Prizm,Jarrett Jack [5th Anniversary Prizm] #80,,,,,,,,,,,,,,,,,,,0,,,,,2016-11-09
12351171,Basketball Cards 2016 Panini Prizm,Jarrett Jack [Black Prizm] #80,,,,,,,,,,,,,,,,,,,0,,,,,2016-11-09
2841509,Basketball Cards 2016 Panini Prizm,Jarrett Jack [Blue Wave Prizm] #80,$1.60,,,,,,,,,,,,$1.79,,,,,,1,,,,,2016-11-09
2843035,Basketball Cards 2016 Panini Prizm,Jarrett Jack [Gold Prizm] #80,,,,,,,,,,,,,,,,,,,0,,,,,2016-11-09
2840531,Basketball Cards 2016 Panini Prizm,Jarrett Jack [Green Prizm] #80,$0.99,,,,,,,,,,,,$1.09,,,,,,1,,,,,2016-11-09
2842532,Basketball Cards 2016 Panini Prizm,Jarrett Jack [Mojo Prizm] #80,$3.99,,,,,,,,,,,$0.90,$4.39,,,,,,1,,,,,2016-11-09
2842019,Basketball Cards 2016 Panini Prizm,Jarrett Jack [Orange Prizm] #80,$2.84,,,,,,,,,,,,$3.09,,,,,,1,,,,,2016-11-09
2842274,Basketball Cards 2016 Panini Prizm,Jarrett Jack [Orange Wave Prizm] #80,$1.99,,,,,,,,,,,,$2.19,,,,,,1,,,,,2016-11-09
2841764,Basketball Cards 2016 Panini Prizm,Jarrett Jack [Purple Prizm] #80,$2.46,,,,,,,,,,,,$2.69,,,,,,1,,,,,2016-11-09
2841247,Basketball Cards 2016 Panini Prizm,Jarrett Jack [Ruby Wave Prizm] #80,,,,,,,,,,,,,,,,,,,0,,,,,2016-11-09
2840770,Basketball Cards 2016 Panini Prizm,Jarrett Jack [Silver Prizm] #80,$0.25,,,,,,,,,,,,$0.99,,,,,,0,,,,,2016-11-09
2840999,Basketball Cards 2016 Panini Prizm,Jarrett Jack [Starburst Prizm] #80,$1.13,,,,,,,,,,,,$1.19,,,,,,1,,,,,2016-11-09
2842784,Basketball Cards 2016 Panini Prizm,Jarrett Jack [Teal Wave Prizm] #80,$17.49,,,,,,,,,,,$4.80,$18.99,,,,,,0,,,,,2016-11-09
2840472,Basketball Cards 2016 Panini Prizm,Jason Smith #300,$0.99,,,,,,,,,,,,$1.09,,,,,,1,,,,,2016-11-09
12351711,Basketball Cards 2016 Panini Prizm,Jason Smith [5th Anniversary Mojo] #300,,,,,,,,,,,,,,,,,,,0,,,,,2016-11-09
2843498,Basketball Cards 2016 Panini Prizm,Jason Smith [5th Anniversary Prizm] #300,$17.49,,,,,,,,,,,$4.80,$18.99,,,,,,1,,,,,2016-11-09
12351383,Basketball Cards 2016 Panini Prizm,Jason Smith [Black Prizm] #300,,,,,,,,,,,,,,,,,,,0,,,,,2016-11-09
2841698,Basketball Cards 2016 Panini Prizm,Jason Smith [Blue Wave Prizm] #300,$1.98,,,,,,,,,,,,$2.19,,,,,,2,,,,,2016-11-09
2843219,Basketball Cards 2016 Panini Prizm,Jason Smith [Gold Prizm] #300,,,,$20.83,$23.00,,,,,,,,,,,,,,1,,,,,2016-11-09
2840719,Basketball Cards 2016 Panini Prizm,Jason Smith [Green Prizm] #300,$0.25,,,,,,,,,,,,$0.99,,,,,,0,,,,,2016-11-09
2842720,Basketball Cards 2016 Panini Prizm,Jason Smith [Mojo Prizm] #300,$2.61,,,,,,,,,,,,$2.89,,,,,,1,,,,,2016-11-09
2842206,Basketball Cards 2016 Panini Prizm,Jason Smith [Orange Prizm] #300,$1.79,,,,,,,,,,,,$1.99,,,,,,1,,,,,2016-11-09
2842463,Basketball Cards 2016 Panini Prizm,Jason Smith [Orange Wave Prizm] #300,,,,,,,,,,,,,,,,,,,0,,,,,2016-11-09
2841956,Basketball Cards 2016 Panini Prizm,Jason Smith [Purple Prizm] #300,$1.20,,,,,,,,,,,,$1.29,,,,,,1,,,,,2016-11-09
2841444,Basketball Cards 2016 Panini Prizm,Jason Smith [Ruby Wave Prizm] #300,$1.39,,,,,,,,,,,,$1.49,,,,,,1,,,,,2016-11-09
2840936,Basketball Cards 2016 Panini Prizm,Jason Smith [Silver Prizm] #300,$0.25,,,,,,,,,,,,$0.99,,,,,,0,,,,,2016-11-09
2841178,Basketball Cards 2016 Panini Prizm,Jason Smith [Starburst Prizm] #300,$0.99,,,,,,,,,,,,$1.09,,,,,,1,,,,,2016-11-09
2842973,Basketball Cards 2016 Panini Prizm,Jason Smith [Teal Wave Prizm] #300,,,,,,,,,,,,,,,,,,,0,,,,,2016-11-09
127826,Basketball Cards 2016 Panini Prizm,Jaylen Brown #44,$24.08,$8.59,$24.80,$50.76,$56.00,$111.50,$1327.67,$67.00,$41.55,,,$7.80,$25.99,$1.90,$9.49,$8.10,$26.99,,331,,,,,2016-11-09
12351457,Basketball Cards 2016 Panini Prizm,Jaylen Brown [5th Anniversary Mojo] #44,,,,,,,,,,,,,,,,,,,0,,,,,2016-11-09
2843260,Basketball Cards 2016 Panini Prizm,Jaylen Brown [5th Anniversary Prizm] #44,,,,,,,,,,,,,,,,,,,0,,,,,2016-11-09
12351135,Basketball Cards 2016 Panini Prizm,Jaylen Brown [Black Prizm] #44,,,,,,,,,,,,,,,,,,,0,,,,,2016-11-09
127827,Basketball Cards 2016 Panini Prizm,Jaylen Brown [Blue Wave Prizm] #44,$187.00,,$299.00,$306.00,$321.03,$393.00,$511.00,$236.00,$325.00,,,$103.00,$206.00,,,$164.50,$329.00,,7,,,,,2016-11-09
127828,Basketball Cards 2016 Panini Prizm,Jaylen Brown [Gold Prizm] #44,$14.99,,,,$4900.00,,$7100.00,,,,,$4.00,$15.99,,,,,,2,,,,,2016-11-09
127829,Basketball Cards 2016 Panini Prizm,Jaylen Brown [Green Prizm] #44,$202.50,,$245.32,$320.39,$439.26,$660.00,$750.00,$396.00,$396.00,,,$111.50,$223.00,,,$135.00,$270.00,,30,,,,,2016-11-09
127830,Basketball Cards 2016 Panini Prizm,Jaylen Brown [Mojo Prizm] #44,,,$875.00,,$978.50,$2018.00,$2623.00,$1211.00,$1211.00,,,,,,,$577.80,$963.00,,4,,,,,2016-11-09
127831,Basketball Cards 2016 Panini Prizm,Jaylen Brown [Orange Prizm] #44,$300.00,,$491.94,$541.00,$639.00,$870.00,$1131.00,$522.00,$522.00,,,$165.00,$330.00,,,$324.60,$541.00,,5,,,,,2016-11-09
127832,Basketball Cards 2016 Panini Prizm,Jaylen Brown [Orange Wave Prizm] #44,$749.99,,$440.15,$759.99,$795.00,$799.00,$1039.00,$479.00,$479.00,,,$495.00,$825.00,,,$242.00,$484.00,,5,,,,,2016-11-09
127833,Basketball Cards 2016 Panini Prizm,Jaylen Brown [Purple Prizm] #44,$380.29,,$284.96,$322.62,$553.00,$564.59,$734.00,$339.00,$339.00,,,$209.00,$418.00,,,$156.50,$313.00,,8,,,,,2016-11-09
127834,Basketball Cards 2016 Panini Prizm,Jaylen Brown [Ruby Wave Prizm] #44,$73.00,,,$180.58,$199.00,$266.25,$426.68,$160.00,$160.00,,,$32.00,$79.99,,,,,,9,,,,,2016-11-09
127835,Basketball Cards 2016 Panini Prizm,Jaylen Brown [Silver Prizm] #44,$95.00,,$53.18,$100.00,$184.99,$400.00,$362.00,$240.00,$240.00,,,$52.50,$105.00,,,$23.60,$58.99,,93,,,,,2016-11-09
127836,Basketball Cards 2016 Panini Prizm,Jaylen Brown [Starburst Prizm] #44,$66.66,,$38.00,$71.75,$125.11,$225.00,$508.00,$135.00,$135.00,,,$29.20,$72.99,,,$16.80,$41.99,,44,,,,,2016-11-09
127837,Basketball Cards 2016 Panini Prizm,Jaylen Brown [Teal Wave Prizm] #44,,,,$540.09,$615.00,$1050.42,$1366.00,$630.00,$630.00,,,,,,,,,,3,,,,,2016-11-09
2840346,Basketball Cards 2016 Panini Prizm,Jeff Green #149,,,,,,,,,,,,,,,,,,,0,,,,,2016-11-09
12351542,Basketball Cards 2016 Panini Prizm,Jeff Green [5th Anniversary Mojo] #149,,,,,,,,,,,,,,,,,,,0,,,,,2016-11-09
2843358,Basketball Cards 2016 Panini Prizm,Jeff Green [5th Anniversary Prizm] #149,$9.44,,,,,,,,,,,$2.00,$9.99,,,,,,1,,,,,2016-11-09
12351255,Basketball Cards 2016 Panini Prizm,Jeff Green [Black Prizm] #149,$749.99,,,,,,,,,,,$495.00,$825.00,,,,,,1,,,,,2016-11-09
2841570,Basketball Cards 2016 Panini Prizm,Jeff Green [Blue Wave Prizm] #149,$2.25,,,,,,,,,,,,$2.49,,,,,,1,,,,,2016-11-09
2843095,Basketball Cards 2016 Panini Prizm,Jeff Green [Gold Prizm] #149,,,,,,,,,,,,,,,,,,,0,,,,,2016-11-09
2840592,Basketball Cards 2016 Panini Prizm,Jeff Green [Green Prizm] #149,$1.16,,,,,,,,,,,,$1.29,,,,,,1,,,,,2016-11-09
2842593,Basketball Cards 2016 Panini Prizm,Jeff Green [Mojo Prizm] #149,,,,,,,,,,,,,,,,,,,0,,,,,2016-11-09
2842078,Basketball Cards 2016 Panini Prizm,Jeff Green [Orange Prizm] #149,$0.99,,,,,,,,,,,,$1.09,,,,,,1,,,,,2016-11-09
2842338,Basketball Cards 2016 Panini Prizm,Jeff Green [Orange Wave Prizm] #149,$1.99,,,,,,,,,,,,$2.19,,,,,,1,,,,,2016-11-09
2841824,Basketball Cards 2016 Panini Prizm,Jeff Green [Purple Prizm] #149,$2.24,,,,,,,,,,,,$2.49,,,,,,1,,,,,2016-11-09
2841313,Basketball Cards 2016 Panini Prizm,Jeff Green [Ruby Wave Prizm] #149,$2.70,,,,,,,,,,,,$2.99,,,,,,1,,,,,2016-11-09
2840822,Basketball Cards 2016 Panini Prizm,Jeff Green [Silver Prizm] #149,$1.49,,,,,,,,,,,,$1.59,,,,,,1,,,,,2016-11-09
2841059,Basketball Cards 2016 Panini Prizm,Jeff Green [Starburst Prizm] #149,$1.49,,,,,,,,,,,,$1.59,,,,,,1,,,,,2016-11-09
2842844,Basketball Cards 2016 Panini Prizm,Jeff Green [Teal Wave Prizm] #149,$4.63,,,,,,,,,,,$1.00,$5.09,,,,,,1,,,,,2016-11-09
2840375,Basketball Cards 2016 Panini Prizm,Jeff Teague #182,$0.99,,,,,,,,,,,,$1.09,,,,,,1,,,,,2016-11-09
12351593,Basketball Cards 2016 Panini Prizm,Jeff Teague [5th Anniversary Mojo] #182,,,,,,,,,,,,,,,,,,,0,,,,,2016-11-09
2843389,Basketball Cards 2016 Panini Prizm,Jeff Teague [5th Anniversary Prizm] #182,$4.84,,,,,,,,,,,$1.10,$5.29,,,,,,1,,,,,2016-11-09
12351314,Basketball Cards 2016 Panini Prizm,Jeff Teague [Black Prizm] #182,,,,,,,,,,,,,,,,,,,0,,,,,2016-11-09
2841600,Basketball Cards 2016 Panini Prizm,Jeff Teague [Blue Wave Prizm] #182,$2.00,,,,,,,,,,,,$2.19,,,,,,1,,,,,2016-11-09
2843125,Basketball Cards 2016 Panini Prizm,Jeff Teague [Gold Prizm] #182,,,,,,,,,,,,,,,,,,,0,,,,,2016-11-09
2840621,Basketball Cards 2016 Panini Prizm,Jeff Teague [Green Prizm] #182,$0.25,,,,,,,,,,,,$0.99,,,,,,0,,,,,2016-11-09
2842623,Basketball Cards 2016 Panini Prizm,Jeff Teague [Mojo Prizm] #182,$7.99,,,,,,,,,,,$1.80,$8.79,,,,,,1,,,,,2016-11-09
2842107,Basketball Cards 2016 Panini Prizm,Jeff Teague [Orange Prizm] #182,$1.19,,,,,,,,,,,,$1.29,,,,,,1,,,,,2016-11-09
2842365,Basketball Cards 2016 Panini Prizm,Jeff Teague [Orange Wave Prizm] #182,,,,,,,,,,,,,,,,,,,0,,,,,2016-11-09
2841853,Basketball Cards 2016 Panini Prizm,Jeff Teague [Purple Prizm] #182,$3.99,,,,,,,,,,,$0.90,$4.39,,,,,,1,,,,,2016-11-09
2841343,Basketball Cards 2016 Panini Prizm,Jeff Teague [Ruby Wave Prizm] #182,$2.00,,,,,,,,,,,,$2.19,,,,,,1,,,,,2016-11-09
2840849,Basketball Cards 2016 Panini Prizm,Jeff Teague [Silver Prizm] #182,$0.25,,,,,,,,,,,,$0.99,,,,,,0,,,,,2016-11-09
2841087,Basketball Cards 2016 Panini Prizm,Jeff Teague [Starburst Prizm] #182,$1.87,,,,,,,,,,,,$2.09,,,,,,1,,,,,2016-11-09
2842875,Basketball Cards 2016 Panini Prizm,Jeff Teague [Teal Wave Prizm] #182,$5.34,,,,,,,,,,,$1.20,$5.89,,,,,,1,,,,,2016-11-09
2840226,Basketball Cards 2016 Panini Prizm,Jerami Grant #9,$1.63,,,,,,,,,,,,$1.79,,,,,,1,,,,,2016-11-09
12351422,Basketball Cards 2016 Panini Prizm,Jerami Grant [5th Anniversary Mojo] #9,,,,,,,,,,,,,,,,,,,0,,,,,2016-11-09
2843227,Basketball Cards 2016 Panini Prizm,Jerami Grant [5th Anniversary Prizm] #9,$12.99,,,,,,,,,,,$3.50,$13.99,,,,,,1,,,,,2016-11-09
12351100,Basketball Cards 2016 Panini Prizm,Jerami Grant [Black Prizm] #9,,,,,,,,,,,,,,,,,,,0,,,,,2016-11-09
2841450,Basketball Cards 2016 Panini Prizm,Jerami Grant [Blue Wave Prizm] #9,$2.55,,,,,,,,,,,,$2.79,,,,,,1,,,,,2016-11-09
2842978,Basketball Cards 2016 Panini Prizm,Jerami Grant [Gold Prizm] #9,,,,,,,,,,,,,,,,,,,0,,,,,2016-11-09
2840477,Basketball Cards 2016 Panini Prizm,Jerami Grant [Green Prizm] #9,$1.79,,,,,,,,,,,,$1.99,,,,,,1,,,,,2016-11-09
2842470,Basketball Cards 2016 Panini Prizm,Jerami Grant [Mojo Prizm] #9,,,,,,,,,,,,,,,,,,,0,,,,,2016-11-09
2841961,Basketball Cards 2016 Panini Prizm,Jerami Grant [Orange Prizm] #9,$3.21,,,,,,,,,,,,$3.49,,,,,,1,,,,,2016-11-09
2842214,Basketball Cards 2016 Panini Prizm,Jerami Grant [Orange Wave Prizm] #9,$4.72,,,,,,,,,,,$1.00,$5.19,,,,,,1,,,,,2016-11-09
2841703,Basketball Cards 2016 Panini Prizm,Jerami Grant [Purple Prizm] #9,$1.27,,,$9.50,$10.00,,,,,,,,$1.39,,,,,,2,,,,,2016-11-09
2841185,Basketball Cards 2016 Panini Prizm,Jerami Grant [Ruby Wave Prizm] #9,,,,,,,,,,,,,,,,,,,0,,,,,2016-11-09
2840723,Basketball Cards 2016 Panini Prizm,Jerami Grant [Silver Prizm] #9,$2.25,,,,,,,,,,,,$2.49,,,,,,1,,,,,2016-11-09
2840942,Basketball Cards 2016 Panini Prizm,Jerami Grant [Starburst Prizm] #9,$1.69,,,,,,,,,,,,$1.89,,,,,,1,,,,,2016-11-09
2842726,Basketball Cards 2016 Panini Prizm,Jerami Grant [Teal Wave Prizm] #9,$3.00,,,,,,,,,,,,$3.29,,,,,,1,,,,,2016-11-09
2840299,Basketball Cards 2016 Panini Prizm,Jeremy Lamb #97,$0.99,,,,,,,,,,,,$1.09,,,,,,1,,,,,2016-11-09
12351573,Basketball Cards 2016 Panini Prizm,Jeremy Lamb [5th Anniversary Mojo] #97,,,,,,,,,,,,,,,,,,,0,,,,,2016-11-09
2843310,Basketball Cards 2016 Panini Prizm,Jeremy Lamb [5th Anniversary Prizm] #97,,,,,,,,,,,,,,,,,,,0,,,,,2016-11-09
12351197,Basketball Cards 2016 Panini Prizm,Jeremy Lamb [Black Prizm] #97,,,,,,,,,,,,,,,,,,,0,,,,,2016-11-09
2841526,Basketball Cards 2016 Panini Prizm,Jeremy Lamb [Blue Wave Prizm] #97,$1.08,,,,,,,,,,,,$1.19,,,,,,1,,,,,2016-11-09
2843050,Basketball Cards 2016 Panini Prizm,Jeremy Lamb [Gold Prizm] #97,,,,,,,,,,,,,,,,,,,0,,,,,2016-11-09
2840547,Basketball Cards 2016 Panini Prizm,Jeremy Lamb [Green Prizm] #97,$0.25,,,,,,,,,,,,$0.99,,,,,,0,,,,,2016-11-09
2842548,Basketball Cards 2016 Panini Prizm,Jeremy Lamb [Mojo Prizm] #97,$7.20,,,,,,,,,,,$1.60,$7.89,,,,,,0,,,,,2016-11-09
2842035,Basketball Cards 2016 Panini Prizm,Jeremy Lamb [Orange Prizm] #97,$2.26,,,,,,,,,,,,$2.49,,,,,,1,,,,,2016-11-09
2842290,Basketball Cards 2016 Panini Prizm,Jeremy Lamb [Orange Wave Prizm] #97,$4.99,,,,,,,,,,,$1.10,$5.49,,,,,,0,,,,,2016-11-09
2841781,Basketball Cards 2016 Panini Prizm,Jeremy Lamb [Purple Prizm] #97,$0.25,,,,,,,,,,,,$0.99,,,,,,0,,,,,2016-11-09
2841263,Basketball Cards 2016 Panini Prizm,Jeremy Lamb [Ruby Wave Prizm] #97,$1.39,,,,,,,,,,,,$1.49,,,,,,1,,,,,2016-11-09
2840784,Basketball Cards 2016 Panini Prizm,Jeremy Lamb [Silver Prizm] #97,$0.99,,,,,,,,,,,,$1.09,,,,,,1,,,,,2016-11-09
2841014,Basketball Cards 2016 Panini Prizm,Jeremy Lamb [Starburst Prizm] #97,$0.99,,,,,,,,,,,,$1.09,,,,,,1,,,,,2016-11-09
2842799,Basketball Cards 2016 Panini Prizm,Jeremy Lamb [Teal Wave Prizm] #97,$4.39,,,,,,,,,,,$1.00,$4.79,,,,,,1,,,,,2016-11-09
2840357,Basketball Cards 2016 Panini Prizm,Jeremy Lin #161,$1.73,,,$6.25,$7.00,$20.52,$27.00,$12.00,$12.00,,,,$1.89,,,,,,3,,,,,2016-11-09
12351564,Basketball Cards 2016 Panini Prizm,Jeremy Lin [5th Anniversary Mojo] #161,,,,,,,,,,,,,,,,,,,0,,,,,2016-11-09
2843370,Basketball Cards 2016 Panini Prizm,Jeremy Lin [5th Anniversary Prizm] #161,$182.60,,,,,,,,,,,$100.50,$201.00,,,,,,1,,,,,2016-11-09
12351278,Basketball Cards 2016 Panini Prizm,Jeremy Lin [Black Prizm] #161,,,,,,,,,,,,,,,,,,,0,,,,,2016-11-09
2841581,Basketball Cards 2016 Panini Prizm,Jeremy Lin [Blue Wave Prizm] #161,$46.54,,,,,$81.00,$105.00,$49.00,$49.00,,,$20.40,$50.99,,,,,,1,,,,,2016-11-09
2843107,Basketball Cards 2016 Panini Prizm,Jeremy Lin [Gold Prizm] #161,$220.00,,,,,,,,,,,$121.00,$242.00,,,,,,1,,,,,2016-11-09
2840604,Basketball Cards 2016 Panini Prizm,Jeremy Lin [Green Prizm] #161,$3.45,,,,,,,,,,,$0.80,$3.79,,,,,,1,,,,,2016-11-09
127999,Basketball Cards 2016 Panini Prizm,Jeremy Lin [Mojo Prizm] #161,,,,,,,,,,,,,,,,,,,0,,,,,2016-11-09
2842091,Basketball Cards 2016 Panini Prizm,Jeremy Lin [Orange Prizm] #161,$63.50,,,$31.00,$34.00,,,,,,,$28.00,$69.99,,,,,,2,,,,,2016-11-09
2842349,Basketball Cards 2016 Panini Prizm,Jeremy Lin [Orange Wave Prizm] #161,,,,,,,,,,,,,,,,,,,0,,,,,2016-11-09
2841835,Basketball Cards 2016 Panini Prizm,Jeremy Lin [Purple Prizm] #161,$11.99,,,,,$142.50,$185.00,$86.00,$86.00,,,$3.30,$12.99,,,,,,2,,,,,2016-11-09
2841325,Basketball Cards 2016 Panini Prizm,Jeremy Lin [Ruby Wave Prizm] #161,$5.36,,,,,$21.50,$28.00,$13.00,$13.00,,,$1.20,$5.89,,,,,,2,,,,,2016-11-09
2840833,Basketball Cards 2016 Panini Prizm,Jeremy Lin [Silver Prizm] #161,$2.74,,,,,,,,,,,,$2.99,,,,,,3,,,,,2016-11-09
2841070,Basketball Cards 2016 Panini Prizm,Jeremy Lin [Starburst Prizm] #161,$4.26,,,,,,,,,,,$0.90,$4.69,,,,,,1,,,,,2016-11-09
2842855,Basketball Cards 2016 Panini Prizm,Jeremy Lin [Teal Wave Prizm] #161,$17.12,,,,,,,,,,,$4.80,$18.99,,,,,,2,,,,,2016-11-09
2840238,Basketball Cards 2016 Panini Prizm,Jerian Grant #27,$1.24,,,,,,,,,,,,$1.39,,,,,,1,,,,,2016-11-09
12351440,Basketball Cards 2016 Panini Prizm,Jerian Grant [5th Anniversary Mojo] #27,,,,,,,,,,,,,,,,,,,0,,,,,2016-11-09
2843243,Basketball Cards 2016 Panini Prizm,Jerian Grant [5th Anniversary Prizm] #27,$20.00,,,,,,,,,,,$6.60,$21.99,,,,,,0,,,,,2016-11-09
12351118,Basketball Cards 2016 Panini Prizm,Jerian Grant [Black Prizm] #27,,,,,,,,,,,,,,,,,,,0,,,,,2016-11-09
2841464,Basketball Cards 2016 Panini Prizm,Jerian Grant [Blue Wave Prizm] #27,$1.05,,,,,,,,,,,,$1.19,,,,,,1,,,,,2016-11-09
2842993,Basketball Cards 2016 Panini Prizm,Jerian Grant [Gold Prizm] #27,$28.99,,,,,,,,,,,$9.60,$31.99,,,,,,0,,,,,2016-11-09
2840490,Basketball Cards 2016 Panini Prizm,Jerian Grant [Green Prizm] #27,$0.25,,,,,,,,,,,,$0.99,,,,,,0,,,,,2016-11-09
2842486,Basketball Cards 2016 Panini Prizm,Jerian Grant [Mojo Prizm] #27,$3.99,,,,,,,,,,,$0.90,$4.39,,,,,,0,,,,,2016-11-09
2841974,Basketball Cards 2016 Panini Prizm,Jerian Grant [Orange Prizm] #27,$0.96,,,,,,,,,,,,$1.09,,,,,,1,,,,,2016-11-09
2842227,Basketball Cards 2016 Panini Prizm,Jerian Grant [Orange Wave Prizm] #27,,,,,,,,,,,,,,,,,,,0,,,,,2016-11-09
2841718,Basketball Cards 2016 Panini Prizm,Jerian Grant [Purple Prizm] #27,$1.99,,,,,,,,,,,,$2.19,,,,,,1,,,,,2016-11-09
2841200,Basketball Cards 2016 Panini Prizm,Jerian Grant [Ruby Wave Prizm] #27,,,,,,,,,,,,,,,,,,,0,,,,,2016-11-09
2840734,Basketball Cards 2016 Panini Prizm,Jerian Grant [Silver Prizm] #27,$1.00,,,,,,,,,,,,$1.09,,,,,,1,,,,,2016-11-09
2840955,Basketball Cards 2016 Panini Prizm,Jerian Grant [Starburst Prizm] #27,$0.99,,,,,,,,,,,,$1.09,,,,,,1,,,,,2016-11-09
2842741,Basketball Cards 2016 Panini Prizm,Jerian Grant [Teal Wave Prizm] #27,$3.12,,,,,,,,,,,,$3.39,,,,,,1,,,,,2016-11-09
127781,Basketball Cards 2016 Panini Prizm,Jimmy Butler #21,$1.99,,,$8.99,$10.00,$13.14,$17.00,$8.00,$8.00,,,,$2.19,,,,,,4,,,,,2016-11-09
12351434,Basketball Cards 2016 Panini Prizm,Jimmy Butler [5th Anniversary Mojo] #21,,,,,,,,,,,,,,,,,,,0,,,,,2016-11-09
2843237,Basketball Cards 2016 Panini Prizm,Jimmy Butler [5th Anniversary Prizm] #21,,,,,,,,,,,,,,,,,,,0,,,,,2016-11-09
12351112,Basketball Cards 2016 Panini Prizm,Jimmy Butler [Black Prizm] #21,,,,,,,,,,,,,,,,,,,0,,,,,2016-11-09
2841459,Basketball Cards 2016 Panini Prizm,Jimmy Butler [Blue Wave Prizm] #21,$3.15,,,,,$39.00,$51.00,$23.00,$23.00,,,,$3.49,,,,,,2,,,,,2016-11-09
2842987,Basketball Cards 2016 Panini Prizm,Jimmy Butler [Gold Prizm] #21,$331.66,,,,,,,,,,,$182.50,$365.00,,,,,,1,,,,,2016-11-09
2840486,Basketball Cards 2016 Panini Prizm,Jimmy Butler [Green Prizm] #21,$2.54,,,,,,,,,,,,$2.79,,,,,,1,,,,,2016-11-09
2842480,Basketball Cards 2016 Panini Prizm,Jimmy Butler [Mojo Prizm] #21,$6.63,,,,,,,,,,,$1.50,$7.29,,,,,,2,,,,,2016-11-09
127782,Basketball Cards 2016 Panini Prizm,Jimmy Butler [Orange Prizm] #21,$44.57,,,,,$43.00,$56.00,$26.00,$26.00,,,$19.60,$48.99,,,,,,2,,,,,2016-11-09
127783,Basketball Cards 2016 Panini Prizm,Jimmy Butler [Orange Wave Prizm] #21,,,,,,,,,,,,,,,,,,,0,,,,,2016-11-09
2841712,Basketball Cards 2016 Panini Prizm,Jimmy Butler [Purple Prizm] #21,$6.59,,,,,,,,,,,$1.50,$7.29,,,,,,1,,,,,2016-11-09
2841194,Basketball Cards 2016 Panini Prizm,Jimmy Butler [Ruby Wave Prizm] #21,$5.00,,,$7.50,$8.00,$49.99,$65.00,$30.00,$30.00,,,$1.10,$5.49,,,,,,3,,,,,2016-11-09
127784,Basketball Cards 2016 Panini Prizm,Jimmy Butler [Silver Prizm] #21,$1.99,,$7.11,$12.29,$14.00,$50.11,$65.00,$30.00,$30.00,,,,$2.19,,,$1.60,$7.79,,9,,,,,2016-11-09
2840951,Basketball Cards 2016 Panini Prizm,Jimmy Butler [Starburst Prizm] #21,$2.34,,,,,$38.75,$50.00,$23.00,$23.00,,,,$2.59,,,,,,4,,,,,2016-11-09
2842736,Basketball Cards 2016 Panini Prizm,Jimmy Butler [Teal Wave Prizm] #21,$10.50,,,,,,,,,,,$3.00,$11.99,,,,,,1,,,,,2016-11-09
2840324,Basketball Cards 2016 Panini Prizm,Joakim Noah #123,$1.37,,,,,,,,,,,,$1.49,,,,,,1,,,,,2016-11-09
12351504,Basketball Cards 2016 Panini Prizm,Joakim Noah [5th Anniversary Mojo] #123,,,,,,,,,,,,,,,,,,,0,,,,,2016-11-09
2843335,Basketball Cards 2016 Panini Prizm,Joakim Noah [5th Anniversary Prizm] #123,,,,,,,,,,,,,,,,,,,0,,,,,2016-11-09
12351212,Basketball Cards 2016 Panini Prizm,Joakim Noah [Black Prizm] #123,,,,,,,,,,,,,,,,,,,0,,,,,2016-11-09
2841550,Basketball Cards 2016 Panini Prizm,Joakim Noah [Blue Wave Prizm] #123,$2.09,,,,,,,,,,,,$2.29,,,,,,1,,,,,2016-11-09
2843073,Basketball Cards 2016 Panini Prizm,Joakim Noah [Gold Prizm] #123,,,,,,,,,,,,,,,,,,,0,,,,,2016-11-09
2840569,Basketball Cards 2016 Panini Prizm,Joakim Noah [Green Prizm] #123,$1.99,,,,,,,,,,,,$2.19,,,,,,1,,,,,2016-11-09
2842572,Basketball Cards 2016 Panini Prizm,Joakim Noah [Mojo Prizm] #123,,,,,,,,,,,,,,,,,,,0,,,,,2016-11-09
2842057,Basketball Cards 2016 Panini Prizm,Joakim Noah [Orange Prizm] #123,$12.04,,,,,,,,,,,$3.30,$12.99,,,,,,1,,,,,2016-11-09
2842314,Basketball Cards 2016 Panini Prizm,Joakim Noah [Orange Wave Prizm] #123,,,,,,,,,,,,,,,,,,,0,,,,,2016-11-09
2841804,Basketball Cards 2016 Panini Prizm,Joakim Noah [Purple Prizm] #123,$4.95,,,,,,,,,,,$1.10,$5.49,,,,,,1,,,,,2016-11-09
2841288,Basketball Cards 2016 Panini Prizm,Joakim Noah [Ruby Wave Prizm] #123,$1.50,,,,,,,,,,,,$1.69,,,,,,1,,,,,2016-11-09
2840805,Basketball Cards 2016 Panini Prizm,Joakim Noah [Silver Prizm] #123,$1.79,,,,,,,,,,,,$1.99,,,,,,1,,,,,2016-11-09
2841038,Basketball Cards 2016 Panini Prizm,Joakim Noah [Starburst Prizm] #123,$1.63,,,,,,,,,,,,$1.79,,,,,,1,,,,,2016-11-09
2842823,Basketball Cards 2016 Panini Prizm,Joakim Noah [Teal Wave Prizm] #123,$5.99,,,,,,,,,,,$1.30,$6.59,,,,,,1,,,,,2016-11-09
2840307,Basketball Cards 2016 Panini Prizm,Joe Johnson #105,$0.25,,,,,,,,,,,,$0.99,,,,,,0,,,,,2016-11-09
12351468,Basketball Cards 2016 Panini Prizm,Joe Johnson [5th Anniversary Mojo] #105,,,,,,,,,,,,,,,,,,,0,,,,,2016-11-09
2843318,Basketball Cards 2016 Panini Prizm,Joe Johnson [5th Anniversary Prizm] #105,$4.39,,,,,,,,,,,$1.00,$4.79,,,,,,1,,,,,2016-11-09
12351176,Basketball Cards 2016 Panini Prizm,Joe Johnson [Black Prizm] #105,,,,,,,,,,,,,,,,,,,0,,,,,2016-11-09
2841534,Basketball Cards 2016 Panini Prizm,Joe Johnson [Blue Wave Prizm] #105,$1.92,,,,,,,,,,,,$2.09,,,,,,1,,,,,2016-11-09
127916,Basketball Cards 2016 Panini Prizm,Joe Johnson [Gold Prizm] #105,,,,,,,,,,,,,,,,,,,0,,,,,2016-11-09
2840554,Basketball Cards 2016 Panini Prizm,Joe Johnson [Green Prizm] #105,$0.25,,,,,,,,,,,,$0.99,,,,,,0,,,,,2016-11-09
2842556,Basketball Cards 2016 Panini Prizm,Joe Johnson [Mojo Prizm] #105,,,,,,,,,,,,,,,,,,,0,,,,,2016-11-09
2842042,Basketball Cards 2016 Panini Prizm,Joe Johnson [Orange Prizm] #105,$2.35,,,,,,,,,,,,$2.59,,,,,,1,,,,,2016-11-09
2842298,Basketball Cards 2016 Panini Prizm,Joe Johnson [Orange Wave Prizm] #105,,,,,,,,,,,,,,,,,,,0,,,,,2016-11-09
2841788,Basketball Cards 2016 Panini Prizm,Joe Johnson [Purple Prizm] #105,$2.25,,,,,,,,,,,,$2.49,,,,,,1,,,,,2016-11-09
2841271,Basketball Cards 2016 Panini Prizm,Joe Johnson [Ruby Wave Prizm] #105,$1.40,,,,,,,,,,,,$1.49,,,,,,1,,,,,2016-11-09
2840791,Basketball Cards 2016 Panini Prizm,Joe Johnson [Silver Prizm] #105,$1.25,,,,,,,,,,,,$1.39,,,,,,1,,,,,2016-11-09
2841022,Basketball Cards 2016 Panini Prizm,Joe Johnson [Starburst Prizm] #105,$2.13,,,,,,,,,,,,$2.29,,,,,,1,,,,,2016-11-09
2842807,Basketball Cards 2016 Panini Prizm,Joe Johnson [Teal Wave Prizm] #105,$9.99,,,,,,,,,,,$2.80,$10.99,,,,,,1,,,,,2016-11-09
2840381,Basketball Cards 2016 Panini Prizm,Joe Young #188,$0.99,,,,,,,,,,,,$1.09,,,,,,1,,,,,2016-11-09
12351599,Basketball Cards 2016 Panini Prizm,Joe Young [5th Anniversary Mojo] #188,,,,,,,,,,,,,,,,,,,0,,,,,2016-11-09
2843395,Basketball Cards 2016 Panini Prizm,Joe Young [5th Anniversary Prizm] #188,$5.00,,,,,,,,,,,$1.10,$5.49,,,,,,1,,,,,2016-11-09
12351333,Basketball Cards 2016 Panini Prizm,Joe Young [Black Prizm] #188,,,,,,,,,,,,,,,,,,,0,,,,,2016-11-09
2841606,Basketball Cards 2016 Panini Prizm,Joe Young [Blue Wave Prizm] #188,$0.25,,,,,,,,,,,,$0.99,,,,,,0,,,,,2016-11-09
2843130,Basketball Cards 2016 Panini Prizm,Joe Young [Gold Prizm] #188,$24.99,,,,,,,,,,,$8.10,$26.99,,,,,,1,,,,,2016-11-09
2840625,Basketball Cards 2016 Panini Prizm,Joe Young [Green Prizm] #188,$0.99,,,,,,,,,,,,$1.09,,,,,,1,,,,,2016-11-09
2842629,Basketball Cards 2016 Panini Prizm,Joe Young [Mojo Prizm] #188,$4.95,,,,,,,,,,,$1.10,$5.49,,,,,,0,,,,,2016-11-09
2842113,Basketball Cards 2016 Panini Prizm,Joe Young [Orange Prizm] #188,$3.59,,,,,,,,,,,$0.80,$3.99,,,,,,1,,,,,2016-11-09
2842371,Basketball Cards 2016 Panini Prizm,Joe Young [Orange Wave Prizm] #188,,,,,,,,,,,,,,,,,,,0,,,,,2016-11-09
2841859,Basketball Cards 2016 Panini Prizm,Joe Young [Purple Prizm] #188,$1.60,,,,,,,,,,,,$1.79,,,,,,1,,,,,2016-11-09
2841349,Basketball Cards 2016 Panini Prizm,Joe Young [Ruby Wave Prizm] #188,,,,,,,,,,,,,,,,,,,0,,,,,2016-11-09
2840854,Basketball Cards 2016 Panini Prizm,Joe Young [Silver Prizm] #188,$0.25,,,,,,,,,,,,$0.99,,,,,,0,,,,,2016-11-09
2841092,Basketball Cards 2016 Panini Prizm,Joe Young [Starburst Prizm] #188,$1.99,,,,,,,,,,,,$2.19,,,,,,1,,,,,2016-11-09
2842879,Basketball Cards 2016 Panini Prizm,Joe Young [Teal Wave Prizm] #188,$6.29,,,,,,,,,,,$1.40,$6.89,,,,,,1,,,,,2016-11-09
127732,Basketball Cards 2016 Panini Prizm,Joel Embiid #4,$1.94,,$6.52,$7.00,$15.00,$15.50,$20.00,$9.00,$9.00,,,,$2.09,,,$1.40,$7.19,,8,,,,,2016-11-09
12351417,Basketball Cards 2016 Panini Prizm,Joel Embiid [5th Anniversary Mojo] #4,,,,,,,,,,,,,,,,,,,0,,,,,2016-11-09
2843222,Basketball Cards 2016 Panini Prizm,Joel Embiid [5th Anniversary Prizm] #4,$249.99,,,,,,,,,,,$137.50,$275.00,,,,,,1,,,,,2016-11-09
12351095,Basketball Cards 2016 Panini Prizm,Joel Embiid [Black Prizm] #4,,,,,,,,,,,,,,,,,,,0,,,,,2016-11-09
127733,Basketball Cards 2016 Panini Prizm,Joel Embiid [Blue Wave Prizm] #4,$3.25,,,$33.99,$40.00,$41.00,$53.00,$25.00,$25.00,,,,$3.59,,,,,,4,,,,,2016-11-09
127734,Basketball Cards 2016 Panini Prizm,Joel Embiid [Gold Prizm] #4,,,,,$426.00,$2500.00,$3250.00,$1500.00,$1500.00,,,,,,,,,,2,,,,,2016-11-09
127735,Basketball Cards 2016 Panini Prizm,Joel Embiid [Green Prizm] #4,$2.38,,$16.50,$22.21,$24.00,$93.76,$122.00,$56.00,$56.00,,,,$2.59,,,$4.50,$17.99,,5,,,,,2016-11-09
2842465,Basketball Cards 2016 Panini Prizm,Joel Embiid [Mojo Prizm] #4,$40.69,,,,,$154.26,$201.00,$93.00,$93.00,,,$18.00,$44.99,,,,,,2,,,,,2016-11-09
127736,Basketball Cards 2016 Panini Prizm,Joel Embiid [Orange Prizm] #4,$9.99,,,$27.60,$30.00,$47.69,$62.00,$29.00,$29.00,,,$2.80,$10.99,,,,,,3,,,,,2016-11-09
2842209,Basketball Cards 2016 Panini Prizm,Joel Embiid [Orange Wave Prizm] #4,$40.00,,,,,,,,$25.00,,,$17.60,$43.99,,,,,,1,,,,,2016-11-09
127737,Basketball Cards 2016 Panini Prizm,Joel Embiid [Purple Prizm] #4,$8.00,,,$75.00,$76.00,$78.00,$101.00,$47.00,$47.00,,,$1.80,$8.79,,,,,,4,,,,,2016-11-09
127738,Basketball Cards 2016 Panini Prizm,Joel Embiid [Ruby Wave Prizm] #4,$30.71,$4.25,,,,$15.25,$20.00,$9.00,$9.00,,,$10.20,$33.99,$0.90,$4.69,,,,3,,,,,2016-11-09
127739,Basketball Cards 2016 Panini Prizm,Joel Embiid [Silver Prizm] #4,$3.42,,$7.68,$9.31,$21.00,$21.08,$27.00,$13.00,$13.00,,,$0.80,$3.79,,,$1.70,$8.49,,11,,,,,2016-11-09
127740,Basketball Cards 2016 Panini Prizm,Joel Embiid [Starburst Prizm] #4,$3.25,,,$18.43,$20.00,$45.48,$59.00,$27.00,$27.00,,,,$3.59,,,,,,9,,,,,2016-11-09
127741,Basketball Cards 2016 Panini Prizm,Joel Embiid [Teal Wave Prizm] #4,$250.00,,,$108.36,$119.00,$350.00,$455.00,$210.00,$210.00,,,$137.50,$275.00,,,,,,3,,,,,2016-11-09
2840232,Basketball Cards 2016 Panini Prizm,John Henson #18,$0.25,,,,,,,,,,,,$0.99,,,,,,0,,,,,2016-11-09
12351431,Basketball Cards 2016 Panini Prizm,John Henson [5th Anniversary Mojo] #18,,,,,,,,,,,,,,,,,,,0,,,,,2016-11-09
2843234,Basketball Cards 2016 Panini Prizm,John Henson [5th Anniversary Prizm] #18,,,,,,,,,,,,,,,,,,,0,,,,,2016-11-09
12351109,Basketball Cards 2016 Panini Prizm,John Henson [Black Prizm] #18,,,,,,,,,,,,,,,,,,,0,,,,,2016-11-09
2841456,Basketball Cards 2016 Panini Prizm,John Henson [Blue Wave Prizm] #18,$1.29,,,,,,,,,,,,$1.39,,,,,,1,,,,,2016-11-09
2842984,Basketball Cards 2016 Panini Prizm,John Henson [Gold Prizm] #18,$35.00,,,,,,,,,,,$15.60,$38.99,,,,,,2,,,,,2016-11-09
2840483,Basketball Cards 2016 Panini Prizm,John Henson [Green Prizm] #18,$1.35,,,,,,,,,,,,$1.49,,,,,,1,,,,,2016-11-09
2842477,Basketball Cards 2016 Panini Prizm,John Henson [Mojo Prizm] #18,$3.98,,,,,,,,,,,$0.90,$4.39,,,,,,0,,,,,2016-11-09
2841967,Basketball Cards 2016 Panini Prizm,John Henson [Orange Prizm] #18,$1.88,,,,,,,,,,,,$2.09,,,,,,1,,,,,2016-11-09
2842220,Basketball Cards 2016 Panini Prizm,John Henson [Orange Wave Prizm] #18,$3.98,,,,,,,,,,,$0.90,$4.39,,,,,,0,,,,,2016-11-09
2841709,Basketball Cards 2016 Panini Prizm,John Henson [Purple Prizm] #18,$1.38,,,,,,,,,,,,$1.49,,,,,,1,,,,,2016-11-09
2841191,Basketball Cards 2016 Panini Prizm,John Henson [Ruby Wave Prizm] #18,,,,,,,,,,,,,,,,,,,0,,,,,2016-11-09
2840728,Basketball Cards 2016 Panini Prizm,John Henson [Silver Prizm] #18,$0.99,,,,,,,,,,,,$1.09,,,,,,1,,,,,2016-11-09
2840948,Basketball Cards 2016 Panini Prizm,John Henson [Starburst Prizm] #18,$0.99,,,,,,,,,,,,$1.09,,,,,,1,,,,,2016-11-09
2842733,Basketball Cards 2016 Panini Prizm,John Henson [Teal Wave Prizm] #18,$3.12,,,,,,,,,,,,$3.39,,,,,,1,,,,,2016-11-09
2845161,Basketball Cards 2016 Panini Prizm,John Wall #291,$1.89,,,,,,,,,,,,$2.09,,,,,,1,,,,,2016-11-09
12351702,Basketball Cards 2016 Panini Prizm,John Wall [5th Anniversary Mojo] #291,,,,,,,,,,,,,,,,,,,0,,,,,2016-11-09
2843489,Basketball Cards 2016 Panini Prizm,John Wall [5th Anniversary Prizm] #291,,,,,,,,,,,,,,,,,,,0,,,,,2016-11-09
12351375,Basketball Cards 2016 Panini Prizm,John Wall [Black Prizm] #291,,,,,,,,,,,,,,,,,,,0,,,,,2016-11-09
2841689,Basketball Cards 2016 Panini Prizm,John Wall [Blue Wave Prizm] #291,$3.04,,,,,$19.50,$25.00,$12.00,$12.00,,,,$3.29,,,,,,2,,,,,2016-11-09
2843212,Basketball Cards 2016 Panini Prizm,John Wall [Gold Prizm] #291,,,,,,,,,,,,,,,,,,,0,,,,,2016-11-09
2840710,Basketball Cards 2016 Panini Prizm,John Wall [Green Prizm] #291,$1.57,,,,,,,,,,,,$1.69,,,,,,1,,,,,2016-11-09
2842714,Basketball Cards 2016 Panini Prizm,John Wall [Mojo Prizm] #291,$32.97,,,,,,,,,,,$14.40,$35.99,,,,,,1,,,,,2016-11-09
128285,Basketball Cards 2016 Panini Prizm,John Wall [Orange Prizm] #291,$14.34,,,,,,,,,,,$4.00,$15.99,,,,,,1,,,,,2016-11-09
128286,Basketball Cards 2016 Panini Prizm,John Wall [Orange Wave Prizm] #291,$17.79,,,,,$29.01,$38.00,$17.00,$17.00,,,$5.00,$19.99,,,,,,2,,,,,2016-11-09
2841947,Basketball Cards 2016 Panini Prizm,John Wall [Purple Prizm] #291,$6.00,,,,,,,,,,,$1.30,$6.59,,,,,,1,,,,,2016-11-09
2841435,Basketball Cards 2016 Panini Prizm,John Wall [Ruby Wave Prizm] #291,$1.21,,,,,,,,,,,,$1.29,,,,,,1,,,,,2016-11-09
2840927,Basketball Cards 2016 Panini Prizm,John Wall [Silver Prizm] #291,$1.99,,$1.25,,,$11.71,$15.00,$7.00,$7.00,,,,$2.19,,,,$1.39,,3,,,,,2016-11-09
2841170,Basketball Cards 2016 Panini Prizm,John Wall [Starburst Prizm] #291,$1.28,,,,,,,,,,,,$1.39,,,,,,1,,,,,2016-11-09
2842964,Basketball Cards 2016 Panini Prizm,John Wall [Teal Wave Prizm] #291,$13.15,,,,,$31.00,$40.00,$19.00,$19.00,,,$3.50,$13.99,,,,,,2,,,,,2016-11-09
2840401,Basketball Cards 2016 Panini Prizm,Jon Leuer #210,$2.00,,,,,,,,,,,,$2.19,,,,,,1,,,,,2016-11-09
12351621,Basketball Cards 2016 Panini Prizm,Jon Leuer [5th Anniversary Mojo] #210,,,,,,,,,,,,,,,,,,,0,,,,,2016-11-09
2843417,Basketball Cards 2016 Panini Prizm,Jon Leuer [5th Anniversary Prizm] #210,,,,,,,,,,,,,,,,,,,0,,,,,2016-11-09
12351234,Basketball Cards 2016 Panini Prizm,Jon Leuer [Black Prizm] #210,,,,,,,,,,,,,,,,,,,0,,,,,2016-11-09
2841625,Basketball Cards 2016 Panini Prizm,Jon Leuer [Blue Wave Prizm] #210,$1.50,,,,,,,,,,,,$1.69,,,,,,1,,,,,2016-11-09
2843150,Basketball Cards 2016 Panini Prizm,Jon Leuer [Gold Prizm] #210,$46.25,,,,,,,,,,,$20.40,$50.99,,,,,,0,,,,,2016-11-09
2840645,Basketball Cards 2016 Panini Prizm,Jon Leuer [Green Prizm] #210,$0.25,,,,,,,,,,,,$0.99,,,,,,0,,,,,2016-11-09
2842647,Basketball Cards 2016 Panini Prizm,Jon Leuer [Mojo Prizm] #210,$4.16,,,,,,,,,,,$0.90,$4.59,,,,,,1,,,,,2016-11-09
2842131,Basketball Cards 2016 Panini Prizm,Jon Leuer [Orange Prizm] #210,$3.22,,,,,,,,,,,,$3.49,,,,,,1,,,,,2016-11-09
2842389,Basketball Cards 2016 Panini Prizm,Jon Leuer [Orange Wave Prizm] #210,,,,,,,,,,,,,,,,,,,0,,,,,2016-11-09
2841879,Basketball Cards 2016 Panini Prizm,Jon Leuer [Purple Prizm] #210,$1.40,,,,,,,,,,,,$1.49,,,,,,1,,,,,2016-11-09
2841368,Basketball Cards 2016 Panini Prizm,Jon Leuer [Ruby Wave Prizm] #210,,,,,,,,,,,,,,,,,,,0,,,,,2016-11-09
2840871,Basketball Cards 2016 Panini Prizm,Jon Leuer [Silver Prizm] #210,$0.25,,,,,,,,,,,,$0.99,,,,,,0,,,,,2016-11-09
2841111,Basketball Cards 2016 Panini Prizm,Jon Leuer [Starburst Prizm] #210,$1.99,,,,,,,,,,,,$2.19,,,,,,1,,,,,2016-11-09
2842898,Basketball Cards 2016 Panini Prizm,Jon Leuer [Teal Wave Prizm] #210,,,,,,,,,,,,,,,,,,,0,,,,,2016-11-09
2840404,Basketball Cards 2016 Panini Prizm,Jonas Valanciunas #213,$1.34,,,,,,,,,,,,$1.49,,,,,,1,,,,,2016-11-09
12351623,Basketball Cards 2016 Panini Prizm,Jonas Valanciunas [5th Anniversary Mojo] #213,,,,,,,,,,,,,,,,,,,0,,,,,2016-11-09
2843420,Basketball Cards 2016 Panini Prizm,Jonas Valanciunas [5th Anniversary Prizm] #213,,,,,,,,,,,,,,,,,,,0,,,,,2016-11-09
12351241,Basketball Cards 2016 Panini Prizm,Jonas Valanciunas [Black Prizm] #213,,,,,,,,,,,,,,,,,,,0,,,,,2016-11-09
2841628,Basketball Cards 2016 Panini Prizm,Jonas Valanciunas [Blue Wave Prizm] #213,$2.71,,,,,,,,,,,,$2.99,,,,,,1,,,,,2016-11-09
2843153,Basketball Cards 2016 Panini Prizm,Jonas Valanciunas [Gold Prizm] #213,,,,,,,,,,,,,,,,,,,0,,,,,2016-11-09
2840648,Basketball Cards 2016 Panini Prizm,Jonas Valanciunas [Green Prizm] #213,$2.14,,,,,,,,,,,,$2.39,,,,,,1,,,,,2016-11-09
2842650,Basketball Cards 2016 Panini Prizm,Jonas Valanciunas [Mojo Prizm] #213,$3.46,,,,,,,,,,,$0.80,$3.79,,,,,,1,,,,,2016-11-09
2842134,Basketball Cards 2016 Panini Prizm,Jonas Valanciunas [Orange Prizm] #213,$3.99,,,,,,,,,,,$0.90,$4.39,,,,,,0,,,,,2016-11-09
2842392,Basketball Cards 2016 Panini Prizm,Jonas Valanciunas [Orange Wave Prizm] #213,$5.99,,,,,,,,,,,$1.30,$6.59,,,,,,1,,,,,2016-11-09
2841882,Basketball Cards 2016 Panini Prizm,Jonas Valanciunas [Purple Prizm] #213,$1.25,,,,,,,,,,,,$1.39,,,,,,1,,,,,2016-11-09
2841372,Basketball Cards 2016 Panini Prizm,Jonas Valanciunas [Ruby Wave Prizm] #213,$2.05,,,,,,,,,,,,$2.29,,,,,,1,,,,,2016-11-09
2840873,Basketball Cards 2016 Panini Prizm,Jonas Valanciunas [Silver Prizm] #213,$1.17,,,,,,,,,,,,$1.29,,,,,,1,,,,,2016-11-09
2841114,Basketball Cards 2016 Panini Prizm,Jonas Valanciunas [Starburst Prizm] #213,$1.99,,,,,,,,,,,,$2.19,,,,,,1,,,,,2016-11-09
2842901,Basketball Cards 2016 Panini Prizm,Jonas Valanciunas [Teal Wave Prizm] #213,$23.54,,,,,,,,,,,$7.80,$25.99,,,,,,1,,,,,2016-11-09
2840425,Basketball Cards 2016 Panini Prizm,Jonathon Simmons #239,$1.25,,,,,,,,,,,,$1.39,,,,,,1,,,,,2016-11-09
12351650,Basketball Cards 2016 Panini Prizm,Jonathon Simmons [5th Anniversary Mojo] #239,,,,,,,,,,,,,,,,,,,0,,,,,2016-11-09
2843443,Basketball Cards 2016 Panini Prizm,Jonathon Simmons [5th Anniversary Prizm] #239,,,,,,,,,,,,,,,,,,,0,,,,,2016-11-09
12351303,Basketball Cards 2016 Panini Prizm,Jonathon Simmons [Black Prizm] #239,,,,,,,,,,,,,,,,,,,0,,,,,2016-11-09
2841650,Basketball Cards 2016 Panini Prizm,Jonathon Simmons [Blue Wave Prizm] #239,$2.00,,,,,,,,,,,,$2.19,,,,,,1,,,,,2016-11-09
2843174,Basketball Cards 2016 Panini Prizm,Jonathon Simmons [Gold Prizm] #239,,,,,,,,,,,,,,,,,,,0,,,,,2016-11-09
2840671,Basketball Cards 2016 Panini Prizm,Jonathon Simmons [Green Prizm] #239,$2.50,,,,,,,,,,,,$2.79,,,,,,1,,,,,2016-11-09
2842670,Basketball Cards 2016 Panini Prizm,Jonathon Simmons [Mojo Prizm] #239,,,,,,,,,,,,,,,,,,,0,,,,,2016-11-09
2842156,Basketball Cards 2016 Panini Prizm,Jonathon Simmons [Orange Prizm] #239,$1.25,,,,,,,,,,,,$1.39,,,,,,1,,,,,2016-11-09
2842413,Basketball Cards 2016 Panini Prizm,Jonathon Simmons [Orange Wave Prizm] #239,$7.20,,,,,,,,,,,$1.60,$7.89,,,,,,0,,,,,2016-11-09
2841906,Basketball Cards 2016 Panini Prizm,Jonathon Simmons [Purple Prizm] #239,$1.19,,,,,,,,,,,,$1.29,,,,,,1,,,,,2016-11-09
2841393,Basketball Cards 2016 Panini Prizm,Jonathon Simmons [Ruby Wave Prizm] #239,,,,,,,,,,,,,,,,,,,0,,,,,2016-11-09
2840892,Basketball Cards 2016 Panini Prizm,Jonathon Simmons [Silver Prizm] #239,$0.99,,,,,,,,,,,,$1.09,,,,,,1,,,,,2016-11-09
2841135,Basketball Cards 2016 Panini Prizm,Jonathon Simmons [Starburst Prizm] #239,$1.69,,,,,,,,,,,,$1.89,,,,,,1,,,,,2016-11-09
2842922,Basketball Cards 2016 Panini Prizm,Jonathon Simmons [Teal Wave Prizm] #239,$5.00,,,,,,,,,,,$1.10,$5.49,,,,,,1,,,,,2016-11-09
2840332,Basketball Cards 2016 Panini Prizm,Jordan Clarkson #134,$2.54,,,,,,,,,,,,$2.79,,,,,,1,,,,,2016-11-09
12351525,Basketball Cards 2016 Panini Prizm,Jordan Clarkson [5th Anniversary Mojo] #134,,,,,,,,,,,,,,,,,,,0,,,,,2016-11-09
2843343,Basketball Cards 2016 Panini Prizm,Jordan Clarkson [5th Anniversary Prizm] #134,,,,,,,,,,,,,,,,,,,0,,,,,2016-11-09
12351223,Basketball Cards 2016 Panini Prizm,Jordan Clarkson [Black Prizm] #134,,,,,,,,,,,,,,,,,,,0,,,,,2016-11-09
2841556,Basketball Cards 2016 Panini Prizm,Jordan Clarkson [Blue Wave Prizm] #134,$1.71,,,,,,,,,,,,$1.89,,,,,,1,,,,,2016-11-09
2843082,Basketball Cards 2016 Panini Prizm,Jordan Clarkson [Gold Prizm] #134,$102.50,,,,,,,,,,,$56.50,$113.00,,,,,,1,,,,,2016-11-09
2840578,Basketball Cards 2016 Panini Prizm,Jordan Clarkson [Green Prizm] #134,$1.40,,,,,,,,,,,,$1.49,,,,,,1,,,,,2016-11-09
2842581,Basketball Cards 2016 Panini Prizm,Jordan Clarkson [Mojo Prizm] #134,,,,,,,,,,,,,,,,,,,0,,,,,2016-11-09
2842066,Basketball Cards 2016 Panini Prizm,Jordan Clarkson [Orange Prizm] #134,$14.99,,,,,,,,,,,$4.00,$15.99,,,,,,1,,,,,2016-11-09
2842324,Basketball Cards 2016 Panini Prizm,Jordan Clarkson [Orange Wave Prizm] #134,,,,,,,,,,,,,,,,,,,0,,,,,2016-11-09
2841812,Basketball Cards 2016 Panini Prizm,Jordan Clarkson [Purple Prizm] #134,$4.99,,,,,,,,,,,$1.10,$5.49,,,,,,1,,,,,2016-11-09
2841298,Basketball Cards 2016 Panini Prizm,Jordan Clarkson [Ruby Wave Prizm] #134,$5.03,,,,,,,,,,,$1.10,$5.49,,,,,,1,,,,,2016-11-09
2840812,Basketball Cards 2016 Panini Prizm,Jordan Clarkson [Silver Prizm] #134,$1.71,,,,,,,,,,,,$1.89,,,,,,1,,,,,2016-11-09
2841045,Basketball Cards 2016 Panini Prizm,Jordan Clarkson [Starburst Prizm] #134,$2.11,,,,,,,,,,,,$2.29,,,,,,1,,,,,2016-11-09
2842831,Basketball Cards 2016 Panini Prizm,Jordan Clarkson [Teal Wave Prizm] #134,,,,,,,,,,,,,,,,,,,0,,,,,2016-11-09
2840256,Basketball Cards 2016 Panini Prizm,Jordan Mickey #50,$1.99,,,,,,,,,,,,$2.19,,,,,,1,,,,,2016-11-09
12351467,Basketball Cards 2016 Panini Prizm,Jordan Mickey [5th Anniversary Mojo] #50,,,,,,,,,,,,,,,,,,,0,,,,,2016-11-09
2843266,Basketball Cards 2016 Panini Prizm,Jordan Mickey [5th Anniversary Prizm] #50,,,,,,,,,,,,,,,,,,,0,,,,,2016-11-09
12351140,Basketball Cards 2016 Panini Prizm,Jordan Mickey [Black Prizm] #50,,,,,,,,,,,,,,,,,,,0,,,,,2016-11-09
2841483,Basketball Cards 2016 Panini Prizm,Jordan Mickey [Blue Wave Prizm] #50,$1.40,,,,,,,,,,,,$1.49,,,,,,1,,,,,2016-11-09
2843010,Basketball Cards 2016 Panini Prizm,Jordan Mickey [Gold Prizm] #50,$49.99,,,,,,,,,,,$22.00,$54.99,,,,,,1,,,,,2016-11-09
2840506,Basketball Cards 2016 Panini Prizm,Jordan Mickey [Green Prizm] #50,$3.12,,,,,,,,,,,,$3.39,,,,,,1,,,,,2016-11-09
2842507,Basketball Cards 2016 Panini Prizm,Jordan Mickey [Mojo Prizm] #50,$4.99,,,,,,,,,,,$1.10,$5.49,,,,,,1,,,,,2016-11-09
2841994,Basketball Cards 2016 Panini Prizm,Jordan Mickey [Orange Prizm] #50,$1.88,,,,,,,,,,,,$2.09,,,,,,1,,,,,2016-11-09
2842246,Basketball Cards 2016 Panini Prizm,Jordan Mickey [Orange Wave Prizm] #50,$3.99,,,,,,,,,,,$0.90,$4.39,,,,,,0,,,,,2016-11-09
2841739,Basketball Cards 2016 Panini Prizm,Jordan Mickey [Purple Prizm] #50,$1.60,,,,,,,,,,,,$1.79,,,,,,1,,,,,2016-11-09
2841221,Basketball Cards 2016 Panini Prizm,Jordan Mickey [Ruby Wave Prizm] #50,$1.35,,,,,,,,,,,,$1.49,,,,,,1,,,,,2016-11-09
2840749,Basketball Cards 2016 Panini Prizm,Jordan Mickey [Silver Prizm] #50,$0.99,,,,,,,,,,,,$1.09,,,,,,1,,,,,2016-11-09
2840973,Basketball Cards 2016 Panini Prizm,Jordan Mickey [Starburst Prizm] #50,$1.85,,,,,,,,,,,,$1.99,,,,,,1,,,,,2016-11-09
2842761,Basketball Cards 2016 Panini Prizm,Jordan Mickey [Teal Wave Prizm] #50,$29.28,,,,,,,,,,,$9.60,$31.99,,,,,,0,,,,,2016-11-09
2840335,Basketball Cards 2016 Panini Prizm,Jose Calderon #138,$0.99,,,,,,,,,,,,$1.09,,,,,,1,,,,,2016-11-09
12351530,Basketball Cards 2016 Panini Prizm,Jose Calderon [5th Anniversary Mojo] #138,,,,,,,,,,,,,,,,,,,0,,,,,2016-11-09
2843346,Basketball Cards 2016 Panini Prizm,Jose Calderon [5th Anniversary Prizm] #138,,,,,,,,,,,,,,,,,,,0,,,,,2016-11-09
12351235,Basketball Cards 2016 Panini Prizm,Jose Calderon [Black Prizm] #138,,,,,,,,,,,,,,,,,,,0,,,,,2016-11-09
2841559,Basketball Cards 2016 Panini Prizm,Jose Calderon [Blue Wave Prizm] #138,$1.68,,,,,,,,,,,,$1.89,,,,,,1,,,,,2016-11-09
2843085,Basketball Cards 2016 Panini Prizm,Jose Calderon [Gold Prizm] #138,$35.99,,,,,,,,,,,$16.00,$39.99,,,,,,1,,,,,2016-11-09
2840581,Basketball Cards 2016 Panini Prizm,Jose Calderon [Green Prizm] #138,$0.25,,,,,,,,,,,,$0.99,,,,,,0,,,,,2016-11-09
127984,Basketball Cards 2016 Panini Prizm,Jose Calderon [Mojo Prizm] #138,$3.76,,,,,,,,,,,$0.80,$4.09,,,,,,1,,,,,2016-11-09
2842069,Basketball Cards 2016 Panini Prizm,Jose Calderon [Orange Prizm] #138,$2.93,,,,,,,,,,,,$3.19,,,,,,1,,,,,2016-11-09
2842327,Basketball Cards 2016 Panini Prizm,Jose Calderon [Orange Wave Prizm] #138,$19.99,,,,,,,,,,,$6.60,$21.99,,,,,,1,,,,,2016-11-09
2841815,Basketball Cards 2016 Panini Prizm,Jose Calderon [Purple Prizm] #138,$3.17,,,,,,,,,,,,$3.49,,,,,,1,,,,,2016-11-09
2841302,Basketball Cards 2016 Panini Prizm,Jose Calderon [Ruby Wave Prizm] #138,,,,,,,,,,,,,,,,,,,0,,,,,2016-11-09
2840814,Basketball Cards 2016 Panini Prizm,Jose Calderon [Silver Prizm] #138,$1.49,,,,,,,,,,,,$1.59,,,,,,1,,,,,2016-11-09
2841048,Basketball Cards 2016 Panini Prizm,Jose Calderon [Starburst Prizm] #138,$4.00,,,,,,,,,,,$0.90,$4.39,,,,,,1,,,,,2016-11-09
2842834,Basketball Cards 2016 Panini Prizm,Jose Calderon [Teal Wave Prizm] #138,$4.84,,,,,,,,,,,$1.10,$5.29,,,,,,0,,,,,2016-11-09
2840286,Basketball Cards 2016 Panini Prizm,Josh Richardson #83,$0.99,,,,,,,,,,,,$1.09,,,,,,1,,,,,2016-11-09
12351538,Basketball Cards 2016 Panini Prizm,Josh Richardson [5th Anniversary Mojo] #83,,,,,,,,,,,,,,,,,,,0,,,,,2016-11-09
2843298,Basketball Cards 2016 Panini Prizm,Josh Richardson [5th Anniversary Prizm] #83,,,,,,,,,,,,,,,,,,,0,,,,,2016-11-09
12351177,Basketball Cards 2016 Panini Prizm,Josh Richardson [Black Prizm] #83,,,,,,,,,,,,,,,,,,,0,,,,,2016-11-09
2841512,Basketball Cards 2016 Panini Prizm,Josh Richardson [Blue Wave Prizm] #83,$1.53,,,,,,,,,,,,$1.69,,,,,,1,,,,,2016-11-09
2843038,Basketball Cards 2016 Panini Prizm,Josh Richardson [Gold Prizm] #83,,,,,$50.00,,,,,,,,,,,,,,1,,,,,2016-11-09
2840534,Basketball Cards 2016 Panini Prizm,Josh Richardson [Green Prizm] #83,$1.69,,,,,,,,,,,,$1.89,,,,,,1,,,,,2016-11-09
2842535,Basketball Cards 2016 Panini Prizm,Josh Richardson [Mojo Prizm] #83,$3.42,,,,,,,,,,,$0.80,$3.79,,,,,,1,,,,,2016-11-09
2842022,Basketball Cards 2016 Panini Prizm,Josh Richardson [Orange Prizm] #83,$1.99,,,,,,,,,,,,$2.19,,,,,,1,,,,,2016-11-09
2842277,Basketball Cards 2016 Panini Prizm,Josh Richardson [Orange Wave Prizm] #83,$6.29,,,,,,,,,,,$1.40,$6.89,,,,,,1,,,,,2016-11-09
2841767,Basketball Cards 2016 Panini Prizm,Josh Richardson [Purple Prizm] #83,$1.32,,,,,,,,,,,,$1.49,,,,,,1,,,,,2016-11-09
2841249,Basketball Cards 2016 Panini Prizm,Josh Richardson [Ruby Wave Prizm] #83,,,,,,,,,,,,,,,,,,,0,,,,,2016-11-09
2845165,Basketball Cards 2016 Panini Prizm,Josh Richardson [Silver Prizm] #83,$1.00,,,,,,,,,,,,$1.09,,,,,,1,,,,,2016-11-09
2841002,Basketball Cards 2016 Panini Prizm,Josh Richardson [Starburst Prizm] #83,$1.00,,,,,,,,,,,,$1.09,,,,,,1,,,,,2016-11-09
2842787,Basketball Cards 2016 Panini Prizm,Josh Richardson [Teal Wave Prizm] #83,,,,,,,,,,,,,,,,,,,0,,,,,2016-11-09
2840385,Basketball Cards 2016 Panini Prizm,Jrue Holiday #194,$0.99,,,,,,,,,,,,$1.09,,,,,,1,,,,,2016-11-09
12351605,Basketball Cards 2016 Panini Prizm,Jrue Holiday [5th Anniversary Mojo] #194,$5.50,,,,,,,,,,,$1.20,$6.09,,,,,,1,,,,,2016-11-09
2843401,Basketball Cards 2016 Panini Prizm,Jrue Holiday [5th Anniversary Prizm] #194,$9.95,,,,,,,,,,,$2.80,$10.99,,,,,,1,,,,,2016-11-09
12351340,Basketball Cards 2016 Panini Prizm,Jrue Holiday [Black Prizm] #194,,,,,,,,,,,,,,,,,,,0,,,,,2016-11-09
2841610,Basketball Cards 2016 Panini Prizm,Jrue Holiday [Blue Wave Prizm] #194,$3.61,,,,,,,,,,,$0.80,$3.99,,,,,,1,,,,,2016-11-09
2843134,Basketball Cards 2016 Panini Prizm,Jrue Holiday [Gold Prizm] #194,$133.77,,,$77.82,$86.00,$176.00,$229.00,$106.00,$106.00,,,$73.50,$147.00,,,,,,3,,,,,2016-11-09
2840630,Basketball Cards 2016 Panini Prizm,Jrue Holiday [Green Prizm] #194,$2.51,,,,,,,,,,,,$2.79,,,,,,1,,,,,2016-11-09
2842633,Basketball Cards 2016 Panini Prizm,Jrue Holiday [Mojo Prizm] #194,,,,,,,,,,,,,,,,,,,0,,,,,2016-11-09
2842117,Basketball Cards 2016 Panini Prizm,Jrue Holiday [Orange Prizm] #194,$8.64,,,,,,,,,,,$1.90,$9.49,,,,,,1,,,,,2016-11-09
2842375,Basketball Cards 2016 Panini Prizm,Jrue Holiday [Orange Wave Prizm] #194,$2.62,,,,,$24.99,$32.00,$15.00,$15.00,,,,$2.89,,,,,,2,,,,,2016-11-09
2841863,Basketball Cards 2016 Panini Prizm,Jrue Holiday [Purple Prizm] #194,$4.85,,,,,,,,,,,$1.10,$5.29,,,,,,1,,,,,2016-11-09
2841353,Basketball Cards 2016 Panini Prizm,Jrue Holiday [Ruby Wave Prizm] #194,$2.79,,,,,,,,,,,,$3.09,,,,,,1,,,,,2016-11-09
2840858,Basketball Cards 2016 Panini Prizm,Jrue Holiday [Silver Prizm] #194,$2.07,,,,,$25.00,$33.00,$15.00,$15.00,,,,$2.29,,,,,,3,,,,,2016-11-09
2841096,Basketball Cards 2016 Panini Prizm,Jrue Holiday [Starburst Prizm] #194,$2.57,,,,,,,,,,,,$2.79,,,,,,1,,,,,2016-11-09
2842883,Basketball Cards 2016 Panini Prizm,Jrue Holiday [Teal Wave Prizm] #194,$23.25,,,$15.35,$17.00,,,,,,,$7.80,$25.99,,,,,,2,,,,,2016-11-09
2840333,Basketball Cards 2016 Panini Prizm,Julius Randle #135,$1.99,,,,,,,,,,,,$2.19,,,,,,1,,,,,2016-11-09
12351527,Basketball Cards 2016 Panini Prizm,Julius Randle [5th Anniversary Mojo] #135,,,,,,,,,,,,,,,,,,,0,,,,,2016-11-09
2843344,Basketball Cards 2016 Panini Prizm,Julius Randle [5th Anniversary Prizm] #135,,,,,,,,,,,,,,,,,,,0,,,,,2016-11-09
12351224,Basketball Cards 2016 Panini Prizm,Julius Randle [Black Prizm] #135,,,,,,,,,,,,,,,,,,,0,,,,,2016-11-09
2841557,Basketball Cards 2016 Panini Prizm,Julius Randle [Blue Wave Prizm] #135,$3.04,,,,,,,,,,,,$3.29,,,,,,2,,,,,2016-11-09
2843083,Basketball Cards 2016 Panini Prizm,Julius Randle [Gold Prizm] #135,$69.99,,,,,,,,,,,$30.80,$76.99,,,,,,1,,,,,2016-11-09
2840579,Basketball Cards 2016 Panini Prizm,Julius Randle [Green Prizm] #135,$2.47,,,,,,,,,,,,$2.69,,,,,,1,,,,,2016-11-09
2842582,Basketball Cards 2016 Panini Prizm,Julius Randle [Mojo Prizm] #135,,,,,,,,,,,,,,,,,,,0,,,,,2016-11-09
2842067,Basketball Cards 2016 Panini Prizm,Julius Randle [Orange Prizm] #135,$4.13,,,,,,,,,,,$0.90,$4.49,,,,,,1,,,,,2016-11-09
2842325,Basketball Cards 2016 Panini Prizm,Julius Randle [Orange Wave Prizm] #135,$12.99,,,$10.50,$12.00,,,,,,,$3.50,$13.99,,,,,,1,,,,,2016-11-09
2841813,Basketball Cards 2016 Panini Prizm,Julius Randle [Purple Prizm] #135,$3.94,,,,,,,,,,,$0.90,$4.29,,,,,,1,,,,,2016-11-09
2841299,Basketball Cards 2016 Panini Prizm,Julius Randle [Ruby Wave Prizm] #135,$2.84,,,,,,,,,,,,$3.09,,,,,,1,,,,,2016-11-09
127972,Basketball Cards 2016 Panini Prizm,Julius Randle [Silver Prizm] #135,$2.41,,,,,,,,,,,,$2.69,,,,,,1,,,,,2016-11-09
2841046,Basketball Cards 2016 Panini Prizm,Julius Randle [Starburst Prizm] #135,$2.07,,,,,,,,,,,,$2.29,,,,,,1,,,,,2016-11-09
2842832,Basketball Cards 2016 Panini Prizm,Julius Randle [Teal Wave Prizm] #135,$0.99,,,,,,,,,,,,$1.09,,,,,,1,,,,,2016-11-09
2840351,Basketball Cards 2016 Panini Prizm,Justin Anderson #155,$2.16,,,,,,,,,,,,$2.39,,,,,,1,,,,,2016-11-09
12351551,Basketball Cards 2016 Panini Prizm,Justin Anderson [5th Anniversary Mojo] #155,,,,,,,,,,,,,,,,,,,0,,,,,2016-11-09
2843364,Basketball Cards 2016 Panini Prizm,Justin Anderson [5th Anniversary Prizm] #155,$10.00,,,,,,,,,,,$2.80,$10.99,,,,,,1,,,,,2016-11-09
12351268,Basketball Cards 2016 Panini Prizm,Justin Anderson [Black Prizm] #155,,,,,,,,,,,,,,,,,,,0,,,,,2016-11-09
2841575,Basketball Cards 2016 Panini Prizm,Justin Anderson [Blue Wave Prizm] #155,$1.32,,,,,,,,,,,,$1.49,,,,,,1,,,,,2016-11-09
2843101,Basketball Cards 2016 Panini Prizm,Justin Anderson [Gold Prizm] #155,,,,,,,,,,,,,,,,,,,0,,,,,2016-11-09
2840598,Basketball Cards 2016 Panini Prizm,Justin Anderson [Green Prizm] #155,$0.99,,,,,,,,,,,,$1.09,,,,,,1,,,,,2016-11-09
2842600,Basketball Cards 2016 Panini Prizm,Justin Anderson [Mojo Prizm] #155,,,,,,,,,,,,,,,,,,,0,,,,,2016-11-09
2842082,Basketball Cards 2016 Panini Prizm,Justin Anderson [Orange Prizm] #155,$2.84,,,,,,,,,,,,$3.09,,,,,,1,,,,,2016-11-09
2842343,Basketball Cards 2016 Panini Prizm,Justin Anderson [Orange Wave Prizm] #155,$3.49,,,,,,,,,,,$0.80,$3.79,,,,,,1,,,,,2016-11-09
2841829,Basketball Cards 2016 Panini Prizm,Justin Anderson [Purple Prizm] #155,$1.40,,,,,,,,,,,,$1.49,,,,,,1,,,,,2016-11-09
2841319,Basketball Cards 2016 Panini Prizm,Justin Anderson [Ruby Wave Prizm] #155,,,,,,,,,,,,,,,,,,,0,,,,,2016-11-09
2840827,Basketball Cards 2016 Panini Prizm,Justin Anderson [Silver Prizm] #155,$0.99,,,,,,,,,,,,$1.09,,,,,,1,,,,,2016-11-09
2841064,Basketball Cards 2016 Panini Prizm,Justin Anderson [Starburst Prizm] #155,$1.89,,,,,,,,,,,,$2.09,,,,,,1,,,,,2016-11-09
2842850,Basketball Cards 2016 Panini Prizm,Justin Anderson [Teal Wave Prizm] #155,$17.50,,,,,,,,,,,$4.80,$18.99,,,,,,1,,,,,2016-11-09
127947,Basketball Cards 2016 Panini Prizm,Justin Holiday #128,$3.80,,,,,,,,,,,$0.80,$4.19,,,,,,1,,,,,2016-11-09
12351516,Basketball Cards 2016 Panini Prizm,Justin Holiday [5th Anniversary Mojo] #128,,,,,,,,,,,,,,,,,,,0,,,,,2016-11-09
2843339,Basketball Cards 2016 Panini Prizm,Justin Holiday [5th Anniversary Prizm] #128,$6.94,,,,,,,,,,,$1.50,$7.59,,,,,,1,,,,,2016-11-09
12351216,Basketball Cards 2016 Panini Prizm,Justin Holiday [Black Prizm] #128,,,,,,,,,,,,,,,,,,,0,,,,,2016-11-09
2841554,Basketball Cards 2016 Panini Prizm,Justin Holiday [Blue Wave Prizm] #128,$4.50,,,,,,,,,,,$1.00,$4.99,,,,,,1,,,,,2016-11-09
2843078,Basketball Cards 2016 Panini Prizm,Justin Holiday [Gold Prizm] #128,$21.94,,,,,,,,,,,$7.20,$23.99,,,,,,1,,,,,2016-11-09
2840573,Basketball Cards 2016 Panini Prizm,Justin Holiday [Green Prizm] #128,$3.60,,,,,,,,,,,$0.80,$3.99,,,,,,1,,,,,2016-11-09
2842577,Basketball Cards 2016 Panini Prizm,Justin Holiday [Mojo Prizm] #128,$15.00,,,,,,,,,,,$4.30,$16.99,,,,,,0,,,,,2016-11-09
2842062,Basketball Cards 2016 Panini Prizm,Justin Holiday [Orange Prizm] #128,$3.99,,,,,,,,,,,$0.90,$4.39,,,,,,1,,,,,2016-11-09
2842319,Basketball Cards 2016 Panini Prizm,Justin Holiday [Orange Wave Prizm] #128,$6.29,,,,,,,,,,,$1.40,$6.89,,,,,,1,,,,,2016-11-09
2841808,Basketball Cards 2016 Panini Prizm,Justin Holiday [Purple Prizm] #128,$2.96,,,,,,,,,,,,$3.29,,,,,,1,,,,,2016-11-09
2841293,Basketball Cards 2016 Panini Prizm,Justin Holiday [Ruby Wave Prizm] #128,$3.60,,,,,,,,,,,$0.80,$3.99,,,,,,1,,,,,2016-11-09
2840809,Basketball Cards 2016 Panini Prizm,Justin Holiday [Silver Prizm] #128,$0.99,,,,,,,,,,,,$1.09,,,,,,1,,,,,2016-11-09
2841041,Basketball Cards 2016 Panini Prizm,Justin Holiday [Starburst Prizm] #128,$2.84,,,,,,,,,,,,$3.09,,,,,,1,,,,,2016-11-09
2842827,Basketball Cards 2016 Panini Prizm,Justin Holiday [Teal Wave Prizm] #128,$6.29,,,,,,,,,,,$1.40,$6.89,,,,,,0,,,,,2016-11-09
2840285,Basketball Cards 2016 Panini Prizm,Justise Winslow #82,$0.99,,,,,,,,,,,,$1.09,,,,,,1,,,,,2016-11-09
12351532,Basketball Cards 2016 Panini Prizm,Justise Winslow [5th Anniversary Mojo] #82,,,,,,,,,,,,,,,,,,,0,,,,,2016-11-09
2843297,Basketball Cards 2016 Panini Prizm,Justise Winslow [5th Anniversary Prizm] #82,,,,,,,,,,,,,,,,,,,0,,,,,2016-11-09
12351174,Basketball Cards 2016 Panini Prizm,Justise Winslow [Black Prizm] #82,,,,,,,,,,,,,,,,,,,0,,,,,2016-11-09
2841511,Basketball Cards 2016 Panini Prizm,Justise Winslow [Blue Wave Prizm] #82,$1.49,,,,,,,,,,,,$1.59,,,,,,1,,,,,2016-11-09
2843037,Basketball Cards 2016 Panini Prizm,Justise Winslow [Gold Prizm] #82,,,,,,,,,,,,,,,,,,,0,,,,,2016-11-09
2840533,Basketball Cards 2016 Panini Prizm,Justise Winslow [Green Prizm] #82,$0.99,,,,,,,,,,,,$1.09,,,,,,1,,,,,2016-11-09
2842534,Basketball Cards 2016 Panini Prizm,Justise Winslow [Mojo Prizm] #82,$4.99,,,,,,,,,,,$1.10,$5.49,,,,,,1,,,,,2016-11-09
2842020,Basketball Cards 2016 Panini Prizm,Justise Winslow [Orange Prizm] #82,$2.99,,,,,,,,,,,,$3.29,,,,,,1,,,,,2016-11-09
2842276,Basketball Cards 2016 Panini Prizm,Justise Winslow [Orange Wave Prizm] #82,$8.00,,,,,,,,,,,$1.80,$8.79,,,,,,1,,,,,2016-11-09
2841766,Basketball Cards 2016 Panini Prizm,Justise Winslow [Purple Prizm] #82,$2.50,,,,,,,,,,,,$2.79,,,,,,0,,,,,2016-11-09
2841248,Basketball Cards 2016 Panini Prizm,Justise Winslow [Ruby Wave Prizm] #82,$3.12,,,,,,,,,,,,$3.39,,,,,,1,,,,,2016-11-09
2840772,Basketball Cards 2016 Panini Prizm,Justise Winslow [Silver Prizm] #82,$1.20,,,,,,,,,,,,$1.29,,,,,,1,,,,,2016-11-09
2841001,Basketball Cards 2016 Panini Prizm,Justise Winslow [Starburst Prizm] #82,$0.99,,,,,,,,,,,,$1.09,,,,,,1,,,,,2016-11-09
2842786,Basketball Cards 2016 Panini Prizm,Justise Winslow [Teal Wave Prizm] #82,$6.00,,,,,,,,,,,$1.30,$6.59,,,,,,0,,,,,2016-11-09
2840370,Basketball Cards 2016 Panini Prizm,Jusuf Nurkic #177,$1.17,,,,,,,,,,,,$1.29,,,,,,1,,,,,2016-11-09
12351588,Basketball Cards 2016 Panini Prizm,Jusuf Nurkic [5th Anniversary Mojo] #177,,,,,,,,,,,,,,,,,,,0,,,,,2016-11-09
2843384,Basketball Cards 2016 Panini Prizm,Jusuf Nurkic [5th Anniversary Prizm] #177,$19.99,,,,,,,,,,,$6.60,$21.99,,,,,,1,,,,,2016-11-09
12351302,Basketball Cards 2016 Panini Prizm,Jusuf Nurkic [Black Prizm] #177,,,,,,,,,,,,,,,,,,,0,,,,,2016-11-09
2841595,Basketball Cards 2016 Panini Prizm,Jusuf Nurkic [Blue Wave Prizm] #177,$2.82,,,,,,,,,,,,$3.09,,,,,,1,,,,,2016-11-09
2843120,Basketball Cards 2016 Panini Prizm,Jusuf Nurkic [Gold Prizm] #177,,,,,,,,,,,,,,,,,,,0,,,,,2016-11-09
2840616,Basketball Cards 2016 Panini Prizm,Jusuf Nurkic [Green Prizm] #177,$1.40,,,,,,,,,,,,$1.49,,,,,,1,,,,,2016-11-09
2842619,Basketball Cards 2016 Panini Prizm,Jusuf Nurkic [Mojo Prizm] #177,$1.25,,,,,,,,,,,,$1.39,,,,,,1,,,,,2016-11-09
2842103,Basketball Cards 2016 Panini Prizm,Jusuf Nurkic [Orange Prizm] #177,,,,,,,,,,,,,,,,,,,0,,,,,2016-11-09
2842361,Basketball Cards 2016 Panini Prizm,Jusuf Nurkic [Orange Wave Prizm] #177,$8.53,,,,,,,,,,,$1.90,$9.39,,,,,,1,,,,,2016-11-09
2841848,Basketball Cards 2016 Panini Prizm,Jusuf Nurkic [Purple Prizm] #177,$2.84,,,,,,,,,,,,$3.09,,,,,,0,,,,,2016-11-09
2841338,Basketball Cards 2016 Panini Prizm,Jusuf Nurkic [Ruby Wave Prizm] #177,$2.00,,,,,,,,,,,,$2.19,,,,,,1,,,,,2016-11-09
2840845,Basketball Cards 2016 Panini Prizm,Jusuf Nurkic [Silver Prizm] #177,$0.25,,,,,,,,,,,,$0.99,,,,,,0,,,,,2016-11-09
2841084,Basketball Cards 2016 Panini Prizm,Jusuf Nurkic [Starburst Prizm] #177,$0.25,,,,,,,,,,,,$0.99,,,,,,0,,,,,2016-11-09
2842870,Basketball Cards 2016 Panini Prizm,Jusuf Nurkic [Teal Wave Prizm] #177,$2.12,,,,,,,,,,,,$2.29,,,,,,1,,,,,2016-11-09
128197,Basketball Cards 2016 Panini Prizm,Karl-Anthony Towns #262,$1.44,,,$9.50,$10.00,$28.30,$37.00,$17.00,$17.00,,,,$1.59,,,,,,5,,,,,2016-11-09
12351674,Basketball Cards 2016 Panini Prizm,Karl-Anthony Towns [5th Anniversary Mojo] #262,,,,,,,,,,,,,,,,,,,0,,,,,2016-11-09
2843464,Basketball Cards 2016 Panini Prizm,Karl-Anthony Towns [5th Anniversary Prizm] #262,$103.00,,,,,,,,,,,$56.50,$113.00,,,,,,0,,,,,2016-11-09
12351337,Basketball Cards 2016 Panini Prizm,Karl-Anthony Towns [Black Prizm] #262,,,,,,,,,,,,,,,,,,,0,,,,,2016-11-09
161400,Basketball Cards 2016 Panini Prizm,Karl-Anthony Towns [Blue Wave] #262,$7.99,,,,,$29.99,$39.00,$18.00,$18.00,,,$1.80,$8.79,,,,,,2,,,,,2016-11-09
128198,Basketball Cards 2016 Panini Prizm,Karl-Anthony Towns [Gold Prizm] #262,$76.00,,,$399.99,$440.00,,,,,,,$33.60,$83.99,,,,,,2,,,,,2016-11-09
128199,Basketball Cards 2016 Panini Prizm,Karl-Anthony Towns [Green Prizm] #262,$2.41,,,,,,,,,,,,$2.69,,,,,,2,,,,,2016-11-09
2842689,Basketball Cards 2016 Panini Prizm,Karl-Anthony Towns [Mojo Prizm] #262,$9.40,,,$58.04,$64.00,,,,,,,$2.00,$9.99,,,,,,2,,,,,2016-11-09
2842175,Basketball Cards 2016 Panini Prizm,Karl-Anthony Towns [Orange Prizm] #262,$46.25,,,,,,,,,,,$20.40,$50.99,,,,,,1,,,,,2016-11-09
2842432,Basketball Cards 2016 Panini Prizm,Karl-Anthony Towns [Orange Wave Prizm] #262,$6.61,,,,,,,,,,,$1.50,$7.29,,,,,,1,,,,,2016-11-09
128200,Basketball Cards 2016 Panini Prizm,Karl-Anthony Towns [Purple Prizm] #262,$7.95,,,,,,,,,,,$1.80,$8.79,,,,,,1,,,,,2016-11-09
128201,Basketball Cards 2016 Panini Prizm,Karl-Anthony Towns [Ruby Wave Prizm] #262,$3.99,,,,,$27.89,$36.00,$17.00,$17.00,,,$0.90,$4.39,,,,,,2,,,,,2016-11-09
128202,Basketball Cards 2016 Panini Prizm,Karl-Anthony Towns [Silver Prizm] #262,$2.00,,,$8.33,$9.00,$77.50,$101.00,$47.00,$47.00,,,,$2.19,,,,,,6,,,,,2016-11-09
128203,Basketball Cards 2016 Panini Prizm,Karl-Anthony Towns [Starburst Prizm] #262,$3.37,,,,,$34.00,$44.00,$20.00,$20.00,,,,$3.69,,,,,,5,,,,,2016-11-09
2842939,Basketball Cards 2016 Panini Prizm,Karl-Anthony Towns [Teal Wave Prizm] #262,,,,$15.51,$17.00,,,,,,,,,,,,,,1,,,,,2016-11-09
128113,Basketball Cards 2016 Panini Prizm,Kawhi Leonard #231,$1.00,,$4.25,$8.99,$10.00,$16.27,$21.00,$10.00,$10.00,,,,$1.09,,,$0.90,$4.69,,15,,,,,2016-11-09
12351642,Basketball Cards 2016 Panini Prizm,Kawhi Leonard [5th Anniversary Mojo] #231,,,,,,,,,,,,,,,,,,,0,,,,,2016-11-09
2843435,Basketball Cards 2016 Panini Prizm,Kawhi Leonard [5th Anniversary Prizm] #231,,,,$102.50,$113.00,,,,,,,,,,,,,,1,,,,,2016-11-09
12351276,Basketball Cards 2016 Panini Prizm,Kawhi Leonard [Black Prizm] #231,,,,,,,,,,,,,,,,,,,0,,,,,2016-11-09
128114,Basketball Cards 2016 Panini Prizm,Kawhi Leonard [Blue Wave Prizm] #231,$3.66,,,$26.58,$29.00,$47.50,$62.00,$29.00,$29.00,,,$0.80,$3.99,,,,,,3,,,,,2016-11-09
2843167,Basketball Cards 2016 Panini Prizm,Kawhi Leonard [Gold Prizm] #231,,,,$2550.92,$4750.00,,,,,,,,,,,,,,2,,,,,2016-11-09
128115,Basketball Cards 2016 Panini Prizm,Kawhi Leonard [Green Prizm] #231,$2.05,,,$7.46,$8.00,$10.50,$14.00,$6.00,$6.00,,,,$2.29,,,,,,4,,,,,2016-11-09
128116,Basketball Cards 2016 Panini Prizm,Kawhi Leonard [Mojo Prizm] #231,$110.00,,,$77.37,$85.00,,,,,,,$60.50,$121.00,,,,,,2,,,,,2016-11-09
128117,Basketball Cards 2016 Panini Prizm,Kawhi Leonard [Orange Prizm] #231,$13.57,,,$43.84,$48.00,$53.00,$69.00,$32.00,$32.00,,,$3.80,$14.99,,,,,,3,,,,,2016-11-09
2842407,Basketball Cards 2016 Panini Prizm,Kawhi Leonard [Orange Wave Prizm] #231,$11.00,,,$31.45,$35.00,,,,,,,$3.00,$11.99,,,,,,2,,,,,2016-11-09
2841899,Basketball Cards 2016 Panini Prizm,Kawhi Leonard [Purple Prizm] #231,$4.76,,,$36.25,$40.00,,,,,,,$1.00,$5.19,,,,,,2,,,,,2016-11-09
128118,Basketball Cards 2016 Panini Prizm,Kawhi Leonard [Ruby Wave Prizm] #231,$8.59,,,,,$15.00,$20.00,$9.00,$9.00,,,$1.90,$9.49,,,,,,2,,,,,2016-11-09
128119,Basketball Cards 2016 Panini Prizm,Kawhi Leonard [Silver Prizm] #231,$2.25,,$6.85,$11.76,$16.00,$25.98,$34.00,$16.00,$16.00,,,,$2.49,,,$1.50,$7.49,,14,,,,,2016-11-09
128120,Basketball Cards 2016 Panini Prizm,Kawhi Leonard [Starburst Prizm] #231,$2.26,,,$14.50,$16.00,$17.00,$22.00,$10.00,$10.00,,,,$2.49,,,,,,8,,,,,2016-11-09
128121,Basketball Cards 2016 Panini Prizm,Kawhi Leonard [Teal Wave Prizm] #231,,,,,,$47.50,$62.00,$29.00,$29.00,,,,,,,,,,1,,,,,2016-11-09
127813,Basketball Cards 2016 Panini Prizm,Kay Felder #33,$1.30,,,,,,,,,,,,$1.39,,,,,,2,,,,,2016-11-09
12351446,Basketball Cards 2016 Panini Prizm,Kay Felder [5th Anniversary Mojo] #33,,,,,,,,,,,,,,,,,,,0,,,,,2016-11-09
2843249,Basketball Cards 2016 Panini Prizm,Kay Felder [5th Anniversary Prizm] #33,,,,,,,,,,,,,,,,,,,0,,,,,2016-11-09
12351124,Basketball Cards 2016 Panini Prizm,Kay Felder [Black Prizm] #33,,,,,,,,,,,,,,,,,,,0,,,,,2016-11-09
2841468,Basketball Cards 2016 Panini Prizm,Kay Felder [Blue Wave Prizm] #33,$1.03,,,$30.00,$33.00,,,,,,,,$1.09,,,,,,2,,,,,2016-11-09
127814,Basketball Cards 2016 Panini Prizm,Kay Felder [Gold Prizm] #33,$7.50,,,,,,,,,,,$1.70,$8.29,,,,,,1,,,,,2016-11-09
127815,Basketball Cards 2016 Panini Prizm,Kay Felder [Green Prizm] #33,$0.25,,,,,,,,,,,,$0.99,,,,,,0,,,,,2016-11-09
2842491,Basketball Cards 2016 Panini Prizm,Kay Felder [Mojo Prizm] #33,$17.79,,,$9.86,$11.00,,,,,,,$5.00,$19.99,,,,,,1,,,,,2016-11-09
2841979,Basketball Cards 2016 Panini Prizm,Kay Felder [Orange Prizm] #33,$4.38,,,,,,,,,,,$1.00,$4.79,,,,,,1,,,,,2016-11-09
2842232,Basketball Cards 2016 Panini Prizm,Kay Felder [Orange Wave Prizm] #33,$10.89,,,,,,,,,,,$3.00,$11.99,,,,,,1,,,,,2016-11-09
2841723,Basketball Cards 2016 Panini Prizm,Kay Felder [Purple Prizm] #33,$8.59,,,,,,,,,,,$1.90,$9.49,,,,,,1,,,,,2016-11-09
2841205,Basketball Cards 2016 Panini Prizm,Kay Felder [Ruby Wave Prizm] #33,$4.88,,,,,,,,,,,$1.10,$5.39,,,,,,1,,,,,2016-11-09
127816,Basketball Cards 2016 Panini Prizm,Kay Felder [Silver Prizm] #33,$5.49,,,$6.36,$7.00,,,,,,,$1.20,$5.99,,,,,,2,,,,,2016-11-09
2840959,Basketball Cards 2016 Panini Prizm,Kay Felder [Starburst Prizm] #33,$2.25,,,,$15.50,,,,,,,,$2.49,,,,,,2,,,,,2016-11-09
2842746,Basketball Cards 2016 Panini Prizm,Kay Felder [Teal Wave Prizm] #33,$0.99,,,,,,,,,,,,$1.09,,,,,,1,,,,,2016-11-09
2840253,Basketball Cards 2016 Panini Prizm,Kelly Olynyk #47,$1.99,,,,,,,,,,,,$2.19,,,,,,1,,,,,2016-11-09
12351463,Basketball Cards 2016 Panini Prizm,Kelly Olynyk [5th Anniversary Mojo] #47,,,,,,,,,,,,,,,,,,,0,,,,,2016-11-09
2843263,Basketball Cards 2016 Panini Prizm,Kelly Olynyk [5th Anniversary Prizm] #47,,,,,,,,,,,,,,,,,,,0,,,,,2016-11-09
12351138,Basketball Cards 2016 Panini Prizm,Kelly Olynyk [Black Prizm] #47,,,,,,,,,,,,,,,,,,,0,,,,,2016-11-09
2841480,Basketball Cards 2016 Panini Prizm,Kelly Olynyk [Blue Wave Prizm] #47,$1.47,,,,,,,,,,,,$1.59,,,,,,1,,,,,2016-11-09
2843007,Basketball Cards 2016 Panini Prizm,Kelly Olynyk [Gold Prizm] #47,$11.50,,,,,,,,,,,$3.30,$12.99,,,,,,1,,,,,2016-11-09
2845163,Basketball Cards 2016 Panini Prizm,Kelly Olynyk [Green Prizm] #47,$1.99,,,,,,,,,,,,$2.19,,,,,,2,,,,,2016-11-09
2842504,Basketball Cards 2016 Panini Prizm,Kelly Olynyk [Mojo Prizm] #47,,,,,,,,,,,,,,,,,,,0,,,,,2016-11-09
2841990,Basketball Cards 2016 Panini Prizm,Kelly Olynyk [Orange Prizm] #47,$2.99,,,,,,,,,,,,$3.29,,,,,,1,,,,,2016-11-09
2842243,Basketball Cards 2016 Panini Prizm,Kelly Olynyk [Orange Wave Prizm] #47,$0.99,,,,,,,,,,,,$1.09,,,,,,1,,,,,2016-11-09
2841736,Basketball Cards 2016 Panini Prizm,Kelly Olynyk [Purple Prizm] #47,$2.22,,,,,,,,,,,,$2.39,,,,,,2,,,,,2016-11-09
2841218,Basketball Cards 2016 Panini Prizm,Kelly Olynyk [Ruby Wave Prizm] #47,$1.50,,,,,,,,,,,,$1.69,,,,,,1,,,,,2016-11-09
2840748,Basketball Cards 2016 Panini Prizm,Kelly Olynyk [Silver Prizm] #47,$0.99,,,,,,,,,,,,$1.09,,,,,,1,,,,,2016-11-09
2840972,Basketball Cards 2016 Panini Prizm,Kelly Olynyk [Starburst Prizm] #47,$1.00,,,,,,,,,,,,$1.09,,,,,,1,,,,,2016-11-09
2842758,Basketball Cards 2016 Panini Prizm,Kelly Olynyk [Teal Wave Prizm] #47,$6.20,,,,,,,,,,,$1.40,$6.79,,,,,,1,,,,,2016-11-09
2840466,Basketball Cards 2016 Panini Prizm,Kelly Oubre Jr. #294,$1.89,,,,,,,,,,,,$2.09,,,,,,1,,,,,2016-11-09
12351705,Basketball Cards 2016 Panini Prizm,Kelly Oubre Jr. [5th Anniversary Mojo] #294,,,,,,,,,,,,,,,,,,,0,,,,,2016-11-09
2843492,Basketball Cards 2016 Panini Prizm,Kelly Oubre Jr. [5th Anniversary Prizm] #294,$13.50,,,,,,,,,,,$3.80,$14.99,,,,,,1,,,,,2016-11-09
12351378,Basketball Cards 2016 Panini Prizm,Kelly Oubre Jr. [Black Prizm] #294,,,,,,,,,,,,,,,,,,,0,,,,,2016-11-09
2841692,Basketball Cards 2016 Panini Prizm,Kelly Oubre Jr. [Blue Wave Prizm] #294,$2.23,,,,,,,,,,,,$2.49,,,,,,1,,,,,2016-11-09
2843214,Basketball Cards 2016 Panini Prizm,Kelly Oubre Jr. [Gold Prizm] #294,,,,,,,,,,,,,,,,,,,0,,,,,2016-11-09
2840713,Basketball Cards 2016 Panini Prizm,Kelly Oubre Jr. [Green Prizm] #294,$0.99,,,,,,,,,,,,$1.09,,,,,,1,,,,,2016-11-09
2842716,Basketball Cards 2016 Panini Prizm,Kelly Oubre Jr. [Mojo Prizm] #294,,,,,,,,,,,,,,,,,,,0,,,,,2016-11-09
2842200,Basketball Cards 2016 Panini Prizm,Kelly Oubre Jr. [Orange Prizm] #294,$23.24,,,,,,,,,,,$7.80,$25.99,,,,,,1,,,,,2016-11-09
2842457,Basketball Cards 2016 Panini Prizm,Kelly Oubre Jr. [Orange Wave Prizm] #294,$3.28,,,,,,,,,,,,$3.59,,,,,,1,,,,,2016-11-09
2841950,Basketball Cards 2016 Panini Prizm,Kelly Oubre Jr. [Purple Prizm] #294,$0.99,,,,,,,,,,,,$1.09,,,,,,1,,,,,2016-11-09
2841438,Basketball Cards 2016 Panini Prizm,Kelly Oubre Jr. [Ruby Wave Prizm] #294,,,,,,,,,,,,,,,,,,,0,,,,,2016-11-09
2840930,Basketball Cards 2016 Panini Prizm,Kelly Oubre Jr. [Silver Prizm] #294,$2.96,,,,,,,,,,,,$3.29,,,,,,1,,,,,2016-11-09
2841173,Basketball Cards 2016 Panini Prizm,Kelly Oubre Jr. [Starburst Prizm] #294,$2.72,,,,,,,,,,,,$2.99,,,,,,1,,,,,2016-11-09
2842967,Basketball Cards 2016 Panini Prizm,Kelly Oubre Jr. [Teal Wave Prizm] #294,,,,,,,,,,,,,,,,,,,0,,,,,2016-11-09
2840293,Basketball Cards 2016 Panini Prizm,Kemba Walker #91,$1.71,,,,,,,,,,,,$1.89,,,,,,1,,,,,2016-11-09
12351562,Basketball Cards 2016 Panini Prizm,Kemba Walker [5th Anniversary Mojo] #91,,,,,,,,,,,,,,,,,,,0,,,,,2016-11-09
2843305,Basketball Cards 2016 Panini Prizm,Kemba Walker [5th Anniversary Prizm] #91,,,,,,,,,,,,,,,,,,,0,,,,,2016-11-09
12351189,Basketball Cards 2016 Panini Prizm,Kemba Walker [Black Prizm] #91,,,,,,,,,,,,,,,,,,,0,,,,,2016-11-09
2841520,Basketball Cards 2016 Panini Prizm,Kemba Walker [Blue Wave Prizm] #91,$4.06,,,,$14.50,$29.59,$38.00,$18.00,$18.00,,,$0.90,$4.49,,,,,,3,,,,,2016-11-09
2843045,Basketball Cards 2016 Panini Prizm,Kemba Walker [Gold Prizm] #91,$20.00,,,,,,,,,,,$6.60,$21.99,,,,,,1,,,,,2016-11-09
127905,Basketball Cards 2016 Panini Prizm,Kemba Walker [Green Prizm] #91,$2.26,,,,,,,,,,,,$2.49,,,,,,1,,,,,2016-11-09
2842542,Basketball Cards 2016 Panini Prizm,Kemba Walker [Mojo Prizm] #91,$13.88,,,,,,,,,,,$3.80,$14.99,,,,,,1,,,,,2016-11-09
127906,Basketball Cards 2016 Panini Prizm,Kemba Walker [Orange Prizm] #91,$1.25,,,,,,,,,,,,$1.39,,,,,,1,,,,,2016-11-09
127907,Basketball Cards 2016 Panini Prizm,Kemba Walker [Orange Wave Prizm] #91,$86.33,,,,,,,,,,,$38.00,$94.99,,,,,,0,,,,,2016-11-09
2841775,Basketball Cards 2016 Panini Prizm,Kemba Walker [Purple Prizm] #91,$9.75,,,,,,,,,,,$2.80,$10.99,,,,,,1,,,,,2016-11-09
2841257,Basketball Cards 2016 Panini Prizm,Kemba Walker [Ruby Wave Prizm] #91,$3.13,,,,,,,,,,,,$3.39,,,,,,1,,,,,2016-11-09
127908,Basketball Cards 2016 Panini Prizm,Kemba Walker [Silver Prizm] #91,$1.81,,,$5.50,$6.00,$10.00,$13.00,$6.00,$6.00,,,,$1.99,,,,,,3,,,,,2016-11-09
2841009,Basketball Cards 2016 Panini Prizm,Kemba Walker [Starburst Prizm] #91,$2.44,,,,,,,,,,,,$2.69,,,,,,1,,,,,2016-11-09
127909,Basketball Cards 2016 Panini Prizm,Kemba Walker [Teal Wave Prizm] #91,$19.99,,,,,$10.50,$14.00,$6.00,$6.00,,,$6.60,$21.99,,,,,,2,,,,,2016-11-09
2840366,Basketball Cards 2016 Panini Prizm,Kenneth Faried #172,$0.99,,,,,,,,,,,,$1.09,,,,,,1,,,,,2016-11-09
12351583,Basketball Cards 2016 Panini Prizm,Kenneth Faried [5th Anniversary Mojo] #172,,,,,,,,,,,,,,,,,,,0,,,,,2016-11-09
2843380,Basketball Cards 2016 Panini Prizm,Kenneth Faried [5th Anniversary Prizm] #172,,,,,,,,,,,,,,,,,,,0,,,,,2016-11-09
12351294,Basketball Cards 2016 Panini Prizm,Kenneth Faried [Black Prizm] #172,,,,,,,,,,,,,,,,,,,0,,,,,2016-11-09
2841591,Basketball Cards 2016 Panini Prizm,Kenneth Faried [Blue Wave Prizm] #172,$2.25,,,,,,,,,,,,$2.49,,,,,,1,,,,,2016-11-09
2843117,Basketball Cards 2016 Panini Prizm,Kenneth Faried [Gold Prizm] #172,,,,,,,,,,,,,,,,,,,0,,,,,2016-11-09
2840612,Basketball Cards 2016 Panini Prizm,Kenneth Faried [Green Prizm] #172,$1.80,,,,,,,,,,,,$1.99,,,,,,1,,,,,2016-11-09
2842615,Basketball Cards 2016 Panini Prizm,Kenneth Faried [Mojo Prizm] #172,$9.99,,,,,,,,,,,$2.80,$10.99,,,,,,1,,,,,2016-11-09
2842099,Basketball Cards 2016 Panini Prizm,Kenneth Faried [Orange Prizm] #172,$1.76,,,,,,,,,,,,$1.89,,,,,,1,,,,,2016-11-09
2842359,Basketball Cards 2016 Panini Prizm,Kenneth Faried [Orange Wave Prizm] #172,$3.83,,,,,,,,,,,$0.80,$4.19,,,,,,1,,,,,2016-11-09
2841845,Basketball Cards 2016 Panini Prizm,Kenneth Faried [Purple Prizm] #172,$1.63,,,,,,,,,,,,$1.79,,,,,,1,,,,,2016-11-09
2841334,Basketball Cards 2016 Panini Prizm,Kenneth Faried [Ruby Wave Prizm] #172,$1.68,,,,,,,,,,,,$1.89,,,,,,1,,,,,2016-11-09
2840842,Basketball Cards 2016 Panini Prizm,Kenneth Faried [Silver Prizm] #172,$1.25,,,,,,,,,,,,$1.39,,,,,,1,,,,,2016-11-09
2841079,Basketball Cards 2016 Panini Prizm,Kenneth Faried [Starburst Prizm] #172,$1.13,,,,,,,,,,,,$1.19,,,,,,1,,,,,2016-11-09
2842865,Basketball Cards 2016 Panini Prizm,Kenneth Faried [Teal Wave Prizm] #172,$5.99,,,,,,,,,,,$1.30,$6.59,,,,,,1,,,,,2016-11-09
2840280,Basketball Cards 2016 Panini Prizm,Kent Bazemore #75,$0.25,,,,,,,,,,,,$0.99,,,,,,0,,,,,2016-11-09
12351510,Basketball Cards 2016 Panini Prizm,Kent Bazemore [5th Anniversary Mojo] #75,,,,,,,,,,,,,,,,,,,0,,,,,2016-11-09
2843291,Basketball Cards 2016 Panini Prizm,Kent Bazemore [5th Anniversary Prizm] #75,,,,,,,,,,,,,,,,,,,0,,,,,2016-11-09
12351165,Basketball Cards 2016 Panini Prizm,Kent Bazemore [Black Prizm] #75,,,,,,,,,,,,,,,,,,,0,,,,,2016-11-09
2841506,Basketball Cards 2016 Panini Prizm,Kent Bazemore [Blue Wave Prizm] #75,$1.88,,,,,,,,,,,,$2.09,,,,,,1,,,,,2016-11-09
2843032,Basketball Cards 2016 Panini Prizm,Kent Bazemore [Gold Prizm] #75,,,,$24.01,$26.00,,,,,,,,,,,,,,1,,,,,2016-11-09
2840528,Basketball Cards 2016 Panini Prizm,Kent Bazemore [Green Prizm] #75,$0.25,,,,,,,,,,,,$0.99,,,,,,0,,,,,2016-11-09
2842529,Basketball Cards 2016 Panini Prizm,Kent Bazemore [Mojo Prizm] #75,$3.99,,,,,,,,,,,$0.90,$4.39,,,,,,0,,,,,2016-11-09
2842016,Basketball Cards 2016 Panini Prizm,Kent Bazemore [Orange Prizm] #75,$1.38,,,,,,,,,,,,$1.49,,,,,,1,,,,,2016-11-09
2842271,Basketball Cards 2016 Panini Prizm,Kent Bazemore [Orange Wave Prizm] #75,$2.55,,,,,,,,,,,,$2.79,,,,,,0,,,,,2016-11-09
2841761,Basketball Cards 2016 Panini Prizm,Kent Bazemore [Purple Prizm] #75,$1.39,,,,,,,,,,,,$1.49,,,,,,1,,,,,2016-11-09
2841244,Basketball Cards 2016 Panini Prizm,Kent Bazemore [Ruby Wave Prizm] #75,$1.50,,,,,,,,,,,,$1.69,,,,,,1,,,,,2016-11-09
2840767,Basketball Cards 2016 Panini Prizm,Kent Bazemore [Silver Prizm] #75,$0.37,,,,,,,,,,,,$0.99,,,,,,1,,,,,2016-11-09
2840996,Basketball Cards 2016 Panini Prizm,Kent Bazemore [Starburst Prizm] #75,$1.50,,,,,,,,,,,,$1.69,,,,,,1,,,,,2016-11-09
2842781,Basketball Cards 2016 Panini Prizm,Kent Bazemore [Teal Wave Prizm] #75,,,,,,,,,,,,,,,,,,,0,,,,,2016-11-09
2840394,Basketball Cards 2016 Panini Prizm,Kentavious Caldwell-Pope #203,$1.40,,,,,,,,,,,,$1.49,,,,,,1,,,,,2016-11-09
12351614,Basketball Cards 2016 Panini Prizm,Kentavious Caldwell-Pope [5th Anniversary Mojo] #203,,,,,,,,,,,,,,,,,,,0,,,,,2016-11-09
2843410,Basketball Cards 2016 Panini Prizm,Kentavious Caldwell-Pope [5th Anniversary Prizm] #203,,,,,,,,,,,,,,,,,,,0,,,,,2016-11-09
12351225,Basketball Cards 2016 Panini Prizm,Kentavious Caldwell-Pope [Black Prizm] #203,,,,,,,,,,,,,,,,,,,0,,,,,2016-11-09
2841618,Basketball Cards 2016 Panini Prizm,Kentavious Caldwell-Pope [Blue Wave Prizm] #203,$2.25,,,,,,,,,,,,$2.49,,,,,,1,,,,,2016-11-09
2843143,Basketball Cards 2016 Panini Prizm,Kentavious Caldwell-Pope [Gold Prizm] #203,,,,,,,,,,,,,,,,,,,0,,,,,2016-11-09
2840639,Basketball Cards 2016 Panini Prizm,Kentavious Caldwell-Pope [Green Prizm] #203,$1.99,,,,,,,,,,,,$2.19,,,,,,1,,,,,2016-11-09
2842641,Basketball Cards 2016 Panini Prizm,Kentavious Caldwell-Pope [Mojo Prizm] #203,$2.00,,,,,,,,,,,,$2.19,,,,,,1,,,,,2016-11-09
2842125,Basketball Cards 2016 Panini Prizm,Kentavious Caldwell-Pope [Orange Prizm] #203,$2.70,,,,,,,,,,,,$2.99,,,,,,1,,,,,2016-11-09
2842382,Basketball Cards 2016 Panini Prizm,Kentavious Caldwell-Pope [Orange Wave Prizm] #203,$2.39,,,,,,,,,,,,$2.59,,,,,,1,,,,,2016-11-09
2841872,Basketball Cards 2016 Panini Prizm,Kentavious Caldwell-Pope [Purple Prizm] #203,$2.00,,,,,,,,,,,,$2.19,,,,,,1,,,,,2016-11-09
2841361,Basketball Cards 2016 Panini Prizm,Kentavious Caldwell-Pope [Ruby Wave Prizm] #203,,,,,,,,,,,,,,,,,,,0,,,,,2016-11-09
2840866,Basketball Cards 2016 Panini Prizm,Kentavious Caldwell-Pope [Silver Prizm] #203,$1.32,,,,,,,,,,,,$1.49,,,,,,1,,,,,2016-11-09
2841104,Basketball Cards 2016 Panini Prizm,Kentavious Caldwell-Pope [Starburst Prizm] #203,$1.99,,,,,,,,,,,,$2.19,,,,,,1,,,,,2016-11-09
2842891,Basketball Cards 2016 Panini Prizm,Kentavious Caldwell-Pope [Teal Wave Prizm] #203,$3.93,,,,,,,,,,,$0.90,$4.29,,,,,,1,,,,,2016-11-09
128249,Basketball Cards 2016 Panini Prizm,Kevin Durant #282,$1.89,,$4.05,$5.00,$43.00,$44.25,$81.00,$27.00,$27.00,,,,$2.09,,,$0.90,$4.49,,17,,,,,2016-11-09
12351693,Basketball Cards 2016 Panini Prizm,Kevin Durant [5th Anniversary Mojo] #282,,,,,,,,,,,,,,,,,,,0,,,,,2016-11-09
2843480,Basketball Cards 2016 Panini Prizm,Kevin Durant [5th Anniversary Prizm] #282,,,,$575.00,$633.00,,,,,,,,,,,,,,1,,,,,2016-11-09
12351364,Basketball Cards 2016 Panini Prizm,Kevin Durant [Black Prizm] #282,,,,,,,,,,,,,,,,,,,0,,,,,2016-11-09
128250,Basketball Cards 2016 Panini Prizm,Kevin Durant [Blue Wave Prizm] #282,$18.04,,$12.50,$36.00,$40.00,$96.00,$125.00,$58.00,$58.00,,,$5.00,$19.99,,,$3.50,$13.99,,4,,,,,2016-11-09
128251,Basketball Cards 2016 Panini Prizm,Kevin Durant [Gold Prizm] #282,,,,,,$11999.00,$15599.00,$7199.00,$7199.00,,,,,,,,,,1,,,,,2016-11-09
128252,Basketball Cards 2016 Panini Prizm,Kevin Durant [Green Prizm] #282,$4.99,,,$14.38,$16.00,$35.94,$47.00,$22.00,$22.00,,,$1.10,$5.49,,,,,,3,,,,,2016-11-09
128253,Basketball Cards 2016 Panini Prizm,Kevin Durant [Mojo Prizm] #282,,,,$120.00,$132.00,,,,,,,,,,,,,,1,,,,,2016-11-09
128254,Basketball Cards 2016 Panini Prizm,Kevin Durant [Orange Prizm] #282,$21.87,,,,,,,,,,,$7.20,$23.99,,,,,,1,,,,,2016-11-09
128255,Basketball Cards 2016 Panini Prizm,Kevin Durant [Orange Wave Prizm] #282,,,,$43.45,$152.00,,,,,,,,,,,,,,2,,,,,2016-11-09
128256,Basketball Cards 2016 Panini Prizm,Kevin Durant [Purple Prizm] #282,$40.00,,,$43.18,$48.00,,,,$29.69,,,$17.60,$43.99,,,,,,3,,,,,2016-11-09
128257,Basketball Cards 2016 Panini Prizm,Kevin Durant [Ruby Wave Prizm] #282,$3.05,,,,,$39.96,$52.00,$24.00,$24.00,,,,$3.39,,,,,,3,,,,,2016-11-09
128258,Basketball Cards 2016 Panini Prizm,Kevin Durant [Silver Prizm] #282,$8.30,$9.00,$9.61,$13.50,$16.28,$45.01,$59.00,$27.00,$27.00,,,$1.80,$9.09,$2.00,$9.89,$2.80,$10.99,,21,,,,,2016-11-09
128259,Basketball Cards 2016 Panini Prizm,Kevin Durant [Starburst Prizm] #282,$9.86,$4.50,$11.00,$12.00,$33.45,$39.40,$51.00,$24.00,$17.00,,,$2.80,$10.99,$1.00,$4.99,$3.00,$11.99,,15,,,,,2016-11-09
128260,Basketball Cards 2016 Panini Prizm,Kevin Durant [Teal Wave Prizm] #282,$40.00,,,,,$215.21,$280.00,$129.00,$129.00,,,$17.60,$43.99,,,,,,2,,,,,2016-11-09
2840443,Basketball Cards 2016 Panini Prizm,Kevin Garnett #264,$2.00,,,$14.53,$16.00,$17.00,$22.00,$10.00,$10.00,,,,$2.19,,,,,,5,,,,,2016-11-09
12351675,Basketball Cards 2016 Panini Prizm,Kevin Garnett [5th Anniversary Mojo] #264,,,,,,,,,,,,,,,,,,,0,,,,,2016-11-09
128212,Basketball Cards 2016 Panini Prizm,Kevin Garnett [5th Anniversary Prizm] #264,,,,,,,,,,,,,,,,,,,0,,,,,2016-11-09
128210,Basketball Cards 2016 Panini Prizm,Kevin Garnett [Black Prizm] #264,,,,,,,,,,,,,,,,,,,0,,,,,2016-11-09
128211,Basketball Cards 2016 Panini Prizm,Kevin Garnett [Blue Wave Prizm] #264,$5.81,,,,,$49.00,$64.00,$29.00,$29.00,,,$1.30,$6.39,,,,,,2,,,,,2016-11-09
128213,Basketball Cards 2016 Panini Prizm,Kevin Garnett [Gold Prizm] #264,,,,,,,$1338.26,,,,,,,,,,,,0,,,,,2016-11-09
128214,Basketball Cards 2016 Panini Prizm,Kevin Garnett [Green Prizm] #264,$4.42,,$5.50,$9.05,$10.00,$59.95,$78.00,$36.00,$36.00,,,$1.00,$4.89,,,$1.20,$6.09,,5,,,,,2016-11-09
128215,Basketball Cards 2016 Panini Prizm,Kevin Garnett [Mojo Prizm] #264,$49.99,,,,,,,,,,,$22.00,$54.99,,,,,,1,,,,,2016-11-09
2842177,Basketball Cards 2016 Panini Prizm,Kevin Garnett [Orange Prizm] #264,$46.25,,,$13.20,$15.00,,,,,,,$20.40,$50.99,,,,,,2,,,,,2016-11-09
128216,Basketball Cards 2016 Panini Prizm,Kevin Garnett [Orange Wave Prizm] #264,$70.00,,,,,,,,,,,$30.80,$76.99,,,,,,1,,,,,2016-11-09
2841925,Basketball Cards 2016 Panini Prizm,Kevin Garnett [Purple Prizm] #264,$8.62,,,,,,,,,,,$1.90,$9.49,,,,,,1,,,,,2016-11-09
2841413,Basketball Cards 2016 Panini Prizm,Kevin Garnett [Ruby Wave Prizm] #264,$16.02,,,,,,,,,,,$4.50,$17.99,,,,,,1,,,,,2016-11-09
128217,Basketball Cards 2016 Panini Prizm,Kevin Garnett [Silver Prizm] #264,$2.43,,,$16.49,$18.00,$92.24,$120.00,$55.00,$55.00,,,,$2.69,,,,,,6,,,,,2016-11-09
2841152,Basketball Cards 2016 Panini Prizm,Kevin Garnett [Starburst Prizm] #264,$4.99,,,$16.50,$18.00,$43.00,$56.00,$26.00,$26.00,,,$1.10,$5.49,,,,,,6,,,,,2016-11-09
2842941,Basketball Cards 2016 Panini Prizm,Kevin Garnett [Teal Wave Prizm] #264,$99.99,,,,,,,,,,,$55.00,$110.00,,,,,,1,,,,,2016-11-09
2840242,Basketball Cards 2016 Panini Prizm,Kevin Love #34,$1.51,,,,,,,,,,,,$1.69,,,,,,1,,,,,2016-11-09
12351447,Basketball Cards 2016 Panini Prizm,Kevin Love [5th Anniversary Mojo] #34,,,,,,,,,,,,,,,,,,,0,,,,,2016-11-09
2843250,Basketball Cards 2016 Panini Prizm,Kevin Love [5th Anniversary Prizm] #34,,,,,,,,,,,,,,,,,,,0,,,,,2016-11-09
12351125,Basketball Cards 2016 Panini Prizm,Kevin Love [Black Prizm] #34,,,,,,,,,,,,,,,,,,,0,,,,,2016-11-09
2841469,Basketball Cards 2016 Panini Prizm,Kevin Love [Blue Wave Prizm] #34,$4.50,,,,,$25.00,$33.00,$15.00,$15.00,,,$1.00,$4.99,,,,,,2,,,,,2016-11-09
127817,Basketball Cards 2016 Panini Prizm,Kevin Love [Gold Prizm] #34,$100.00,,,,,$350.00,$455.00,$210.00,$210.00,,,$55.00,$110.00,,,,,,2,,,,,2016-11-09
2840495,Basketball Cards 2016 Panini Prizm,Kevin Love [Green Prizm] #34,$1.21,,,,,,,,,,,,$1.29,,,,,,1,,,,,2016-11-09
2842492,Basketball Cards 2016 Panini Prizm,Kevin Love [Mojo Prizm] #34,,,,,,,,,,,,,,,,,,,0,,,,,2016-11-09
2841980,Basketball Cards 2016 Panini Prizm,Kevin Love [Orange Prizm] #34,$3.51,,,$40.50,$45.00,,,,,,,$0.80,$3.89,,,,,,2,,,,,2016-11-09
127818,Basketball Cards 2016 Panini Prizm,Kevin Love [Orange Wave Prizm] #34,$6.12,,,,,,,,,,,$1.30,$6.69,,,,,,1,,,,,2016-11-09
2841724,Basketball Cards 2016 Panini Prizm,Kevin Love [Purple Prizm] #34,$3.00,,,,,,,,,,,,$3.29,,,,,,1,,,,,2016-11-09
2841206,Basketball Cards 2016 Panini Prizm,Kevin Love [Ruby Wave Prizm] #34,$1.49,,,,,,,,,,,,$1.59,,,,,,1,,,,,2016-11-09
127819,Basketball Cards 2016 Panini Prizm,Kevin Love [Silver Prizm] #34,$2.85,,,,,$18.04,$23.00,$11.00,$11.00,,,,$3.09,,,,,,2,,,,,2016-11-09
2840960,Basketball Cards 2016 Panini Prizm,Kevin Love [Starburst Prizm] #34,$0.99,,,,,,,,,,,,$1.09,,,,,,1,,,,,2016-11-09
2842747,Basketball Cards 2016 Panini Prizm,Kevin Love [Teal Wave Prizm] #34,$19.05,,,,,,,,,,,$6.30,$20.99,,,,,,1,,,,,2016-11-09
2840229,Basketball Cards 2016 Panini Prizm,Khris Middleton #12,$1.17,,,,,,,,,,,,$1.29,,,,,,2,,,,,2016-11-09
12351425,Basketball Cards 2016 Panini Prizm,Khris Middleton [5th Anniversary Mojo] #12,,,,,,,,,,,,,,,,,,,0,,,,,2016-11-09
2843229,Basketball Cards 2016 Panini Prizm,Khris Middleton [5th Anniversary Prizm] #12,,,,,,,,,,,,,,,,,,,0,,,,,2016-11-09
12351103,Basketball Cards 2016 Panini Prizm,Khris Middleton [Black Prizm] #12,,,,,,,,,,,,,,,,,,,0,,,,,2016-11-09
2841453,Basketball Cards 2016 Panini Prizm,Khris Middleton [Blue Wave Prizm] #12,$1.97,,,,,,,,,,,,$2.19,,,,,,1,,,,,2016-11-09
2842981,Basketball Cards 2016 Panini Prizm,Khris Middleton [Gold Prizm] #12,$255.00,,,$75.00,$95.00,,,,,,,$140.50,$281.00,,,,,,3,,,,,2016-11-09
2840480,Basketball Cards 2016 Panini Prizm,Khris Middleton [Green Prizm] #12,$1.65,,,,,,,,,,,,$1.79,,,,,,1,,,,,2016-11-09
2842473,Basketball Cards 2016 Panini Prizm,Khris Middleton [Mojo Prizm] #12,,,,,,,,,,,,,,,,,,,0,,,,,2016-11-09
2841964,Basketball Cards 2016 Panini Prizm,Khris Middleton [Orange Prizm] #12,$9.49,,,$10.42,$11.00,,,,,,,$2.00,$9.99,,,,,,2,,,,,2016-11-09
2842217,Basketball Cards 2016 Panini Prizm,Khris Middleton [Orange Wave Prizm] #12,,,,,,,,,,,,,,,,,,,0,,,,,2016-11-09
2841706,Basketball Cards 2016 Panini Prizm,Khris Middleton [Purple Prizm] #12,$7.97,,,,,,,,,,,$1.80,$8.79,,,,,,1,,,,,2016-11-09
2841188,Basketball Cards 2016 Panini Prizm,Khris Middleton [Ruby Wave Prizm] #12,$2.24,,,,,,,,,,,,$2.49,,,,,,1,,,,,2016-11-09
127744,Basketball Cards 2016 Panini Prizm,Khris Middleton [Silver Prizm] #12,$1.75,,,,,,,,,,,,$1.89,,,,,,1,,,,,2016-11-09
2840945,Basketball Cards 2016 Panini Prizm,Khris Middleton [Starburst Prizm] #12,$1.40,,,,,,,,,,,,$1.49,,,,,,1,,,,,2016-11-09
2842729,Basketball Cards 2016 Panini Prizm,Khris Middleton [Teal Wave Prizm] #12,$40.00,,,,,$25.88,$34.00,$16.00,$16.00,,,$17.60,$43.99,,,,,,1,,,,,2016-11-09
128261,Basketball Cards 2016 Panini Prizm,Klay Thompson #283,$2.05,,$8.03,$9.95,$11.00,$37.56,$49.00,$23.00,$23.00,,,,$2.29,,,$1.80,$8.79,,7,,,,,2016-11-09
12351694,Basketball Cards 2016 Panini Prizm,Klay Thompson [5th Anniversary Mojo] #283,,,,,,,,,,,,,,,,,,,0,,,,,2016-11-09
2843481,Basketball Cards 2016 Panini Prizm,Klay Thompson [5th Anniversary Prizm] #283,,,,,,,,,,,,,,,,,,,0,,,,,2016-11-09
12351366,Basketball Cards 2016 Panini Prizm,Klay Thompson [Black Prizm] #283,,,,,,,,,,,,,,,,,,,0,,,,,2016-11-09
2841682,Basketball Cards 2016 Panini Prizm,Klay Thompson [Blue Wave Prizm] #283,$8.60,,,$28.42,$31.00,$48.57,$63.00,$29.00,$29.00,,,$1.90,$9.49,,,,,,3,,,,,2016-11-09
2843207,Basketball Cards 2016 Panini Prizm,Klay Thompson [Gold Prizm] #283,,,,,,,,,,,,,,,,,,,0,,,,,2016-11-09
128262,Basketball Cards 2016 Panini Prizm,Klay Thompson [Green Prizm] #283,$3.02,,,,,,,,,,,,$3.29,,,,,,2,,,,,2016-11-09
2842706,Basketball Cards 2016 Panini Prizm,Klay Thompson [Mojo Prizm] #283,$121.65,,,$40.69,$45.00,,,,,,,$67.00,$134.00,,,,,,4,,,,,2016-11-09
128263,Basketball Cards 2016 Panini Prizm,Klay Thompson [Orange Prizm] #283,$23.38,,,$33.15,$34.00,$35.00,$46.00,$21.00,$21.00,,,$7.80,$25.99,,,,,,4,,,,,2016-11-09
128264,Basketball Cards 2016 Panini Prizm,Klay Thompson [Orange Wave Prizm] #283,$35.99,,,,,$215.50,$280.00,$129.00,$129.00,,,$16.00,$39.99,,,,,,2,,,,,2016-11-09
128265,Basketball Cards 2016 Panini Prizm,Klay Thompson [Purple Prizm] #283,$6.49,,,$22.00,$24.00,,,,,,,$1.40,$7.09,,,,,,2,,,,,2016-11-09
128266,Basketball Cards 2016 Panini Prizm,Klay Thompson [Ruby Wave Prizm] #283,$5.99,,,,,,,,,,,$1.30,$6.59,,,,,,1,,,,,2016-11-09
128267,Basketball Cards 2016 Panini Prizm,Klay Thompson [Silver Prizm] #283,$2.99,,$7.34,$9.95,$20.00,$20.00,$26.00,$12.00,$12.00,,,,$3.29,,,$1.60,$8.09,,8,,,,,2016-11-09
128268,Basketball Cards 2016 Panini Prizm,Klay Thompson [Starburst Prizm] #283,$2.92,,,$5.50,$6.00,$24.01,$31.00,$14.00,$14.00,,,,$3.19,,,,,,6,,,,,2016-11-09
128269,Basketball Cards 2016 Panini Prizm,Klay Thompson [Teal Wave Prizm] #283,,,,,,$41.00,$53.00,$25.00,$25.00,,,,,,,,,,1,,,,,2016-11-09
128219,Basketball Cards 2016 Panini Prizm,Kris Dunn #266,$1.63,,$1.50,$11.83,$13.00,$24.29,$32.00,$15.00,$15.00,,,,$1.79,,,,$1.69,,10,,,,,2016-11-09
12351677,Basketball Cards 2016 Panini Prizm,Kris Dunn [5th Anniversary Mojo] #266,,,,,,,,,,,,,,,,,,,0,,,,,2016-11-09
128220,Basketball Cards 2016 Panini Prizm,Kris Dunn [5th Anniversary Prizm] #266,,,,,,,,,,,,,,,,,,,0,,,,,2016-11-09
12351345,Basketball Cards 2016 Panini Prizm,Kris Dunn [Black Prizm] #266,,,,,,,,,,,,,,,,,,,0,,,,,2016-11-09
128221,Basketball Cards 2016 Panini Prizm,Kris Dunn [Blue Wave Prizm] #266,$5.14,,,,$7.50,$25.05,$33.00,$15.00,$15.00,,,$1.10,$5.69,,,,,,3,,,,,2016-11-09
128222,Basketball Cards 2016 Panini Prizm,Kris Dunn [Gold Prizm] #266,,,,,$147.25,,,,,,,,,,,,,,1,,,,,2016-11-09
128223,Basketball Cards 2016 Panini Prizm,Kris Dunn [Green Prizm] #266,$2.70,,,$20.66,$23.00,,,,,,,,$2.99,,,,,,3,,,,,2016-11-09
2842692,Basketball Cards 2016 Panini Prizm,Kris Dunn [Mojo Prizm] #266,,,,,,,,,,,,,,,,,,,0,,,,,2016-11-09
128224,Basketball Cards 2016 Panini Prizm,Kris Dunn [Orange Prizm] #266,$6.50,,,,$16.00,$16.81,$22.00,$10.00,$10.00,,,$1.40,$7.19,,,,,,3,,,,,2016-11-09
128225,Basketball Cards 2016 Panini Prizm,Kris Dunn [Orange Wave Prizm] #266,$57.75,,,$63.00,$69.00,$76.00,$99.00,$46.00,$46.00,,,$25.60,$63.99,,,,,,3,,,,,2016-11-09
128226,Basketball Cards 2016 Panini Prizm,Kris Dunn [Purple Prizm] #266,$6.49,,,,$7.34,$79.50,$103.00,$48.00,$48.00,,,$1.40,$7.09,,,,,,3,,,,,2016-11-09
128227,Basketball Cards 2016 Panini Prizm,Kris Dunn [Ruby Wave Prizm] #266,$1.99,,,,$3.64,$59.95,$78.00,$36.00,$36.00,,,,$2.19,,,,,,3,,,,,2016-11-09
128228,Basketball Cards 2016 Panini Prizm,Kris Dunn [Silver Prizm] #266,$2.27,,$1.06,$6.35,$7.00,$24.89,$25.73,$15.00,$15.00,,,,$2.49,,,,$1.19,,13,,,,,2016-11-09
128229,Basketball Cards 2016 Panini Prizm,Kris Dunn [Starburst Prizm] #266,$3.00,,,$5.50,$13.05,$31.30,$41.00,$19.00,$19.00,,,,$3.29,,,,,,5,,,,,2016-11-09
128230,Basketball Cards 2016 Panini Prizm,Kris Dunn [Teal Wave Prizm] #266,,,,,,$36.42,$47.00,$22.00,$22.00,,,,,,,,,,1,,,,,2016-11-09
2840281,Basketball Cards 2016 Panini Prizm,Kris Humphries #76,$1.00,,,,,,,,,,,,$1.09,,,,,,1,,,,,2016-11-09
12351512,Basketball Cards 2016 Panini Prizm,Kris Humphries [5th Anniversary Mojo] #76,,,,,,,,,,,,,,,,,,,0,,,,,2016-11-09
2843292,Basketball Cards 2016 Panini Prizm,Kris Humphries [5th Anniversary Prizm] #76,,,,,,,,,,,,,,,,,,,0,,,,,2016-11-09
12351166,Basketball Cards 2016 Panini Prizm,Kris Humphries [Black Prizm] #76,,,,,,,,,,,,,,,,,,,0,,,,,2016-11-09
2841507,Basketball Cards 2016 Panini Prizm,Kris Humphries [Blue Wave Prizm] #76,$3.42,,,,,,,,,,,$0.80,$3.79,,,,,,1,,,,,2016-11-09
2843033,Basketball Cards 2016 Panini Prizm,Kris Humphries [Gold Prizm] #76,$23.50,,,,,,,,,,,$7.80,$25.99,,,,,,1,,,,,2016-11-09
2840529,Basketball Cards 2016 Panini Prizm,Kris Humphries [Green Prizm] #76,$0.99,,,,,,,,,,,,$1.09,,,,,,1,,,,,2016-11-09
2845184,Basketball Cards 2016 Panini Prizm,Kris Humphries [Mojo Prizm] #76,,,,,,,,,,,,,,,,,,,0,,,,,2016-11-09
2842017,Basketball Cards 2016 Panini Prizm,Kris Humphries [Orange Prizm] #76,$1.06,,,,,,,,,,,,$1.19,,,,,,1,,,,,2016-11-09
2842272,Basketball Cards 2016 Panini Prizm,Kris Humphries [Orange Wave Prizm] #76,,,,,,,,,,,,,,,,,,,0,,,,,2016-11-09
2841762,Basketball Cards 2016 Panini Prizm,Kris Humphries [Purple Prizm] #76,$3.99,,,,,,,,,,,$0.90,$4.39,,,,,,1,,,,,2016-11-09
2841245,Basketball Cards 2016 Panini Prizm,Kris Humphries [Ruby Wave Prizm] #76,$3.68,,,,,,,,,,,$0.80,$4.09,,,,,,1,,,,,2016-11-09
2840768,Basketball Cards 2016 Panini Prizm,Kris Humphries [Silver Prizm] #76,$0.25,,,,,,,,,,,,$0.99,,,,,,0,,,,,2016-11-09
2840997,Basketball Cards 2016 Panini Prizm,Kris Humphries [Starburst Prizm] #76,$1.50,,,,,,,,,,,,$1.69,,,,,,1,,,,,2016-11-09
2842782,Basketball Cards 2016 Panini Prizm,Kris Humphries [Teal Wave Prizm] #76,$4.75,,,,,,,,,,,$1.00,$5.19,,,,,,0,,,,,2016-11-09
2840325,Basketball Cards 2016 Panini Prizm,Kristaps Porzingis #124,$0.53,,,$11.99,$14.00,$14.00,$18.00,$8.00,$8.00,,,,$0.99,,,,,,6,,,,,2016-11-09
12351509,Basketball Cards 2016 Panini Prizm,Kristaps Porzingis [5th Anniversary Mojo] #124,,,,,,,,,,,,,,,,,,,0,,,,,2016-11-09
2843336,Basketball Cards 2016 Panini Prizm,Kristaps Porzingis [5th Anniversary Prizm] #124,$49.99,,,,$31.00,$31.00,$40.00,$19.00,$19.00,,,$22.00,$54.99,,,,,,3,,,,,2016-11-09
12351213,Basketball Cards 2016 Panini Prizm,Kristaps Porzingis [Black Prizm] #124,,,,,,,,,,,,,,,,,,,0,,,,,2016-11-09
127940,Basketball Cards 2016 Panini Prizm,Kristaps Porzingis [Blue Wave Prizm] #124,$5.65,,,,,$24.28,$32.00,$15.00,$15.00,,,$1.20,$6.19,,,,,,2,,,,,2016-11-09
2843074,Basketball Cards 2016 Panini Prizm,Kristaps Porzingis [Gold Prizm] #124,,,,,$174.68,,,,,,,,,,,,,,1,,,,,2016-11-09
127942,Basketball Cards 2016 Panini Prizm,Kristaps Porzingis [Green Prizm] #124,$1.74,,,,,,,,,,,,$1.89,,,,,,1,,,,,2016-11-09
2842573,Basketball Cards 2016 Panini Prizm,Kristaps Porzingis [Mojo Prizm] #124,,,,,$23.50,,,,,,,,,,,,,,1,,,,,2016-11-09
2842058,Basketball Cards 2016 Panini Prizm,Kristaps Porzingis [Orange Prizm] #124,$8.30,,,,,,,,,,,$1.80,$9.09,,,,,,1,,,,,2016-11-09
2842315,Basketball Cards 2016 Panini Prizm,Kristaps Porzingis [Orange Wave Prizm] #124,,,,$46.46,$51.00,$56.00,$73.00,$34.00,$34.00,,,,,,,,,,2,,,,,2016-11-09
127943,Basketball Cards 2016 Panini Prizm,Kristaps Porzingis [Purple Prizm] #124,$3.75,,,,,$53.00,$69.00,$32.00,$32.00,,,$0.80,$4.09,,,,,,2,,,,,2016-11-09
2841289,Basketball Cards 2016 Panini Prizm,Kristaps Porzingis [Ruby Wave Prizm] #124,$7.44,,,$7.73,$9.00,,,,,,,$1.60,$8.19,,,,,,2,,,,,2016-11-09
127944,Basketball Cards 2016 Panini Prizm,Kristaps Porzingis [Silver Prizm] #124,$1.58,,$8.87,$10.00,$11.00,$149.95,$195.00,$90.00,$90.00,,,,$1.69,,,$2.00,$9.79,,6,,,,,2016-11-09
127945,Basketball Cards 2016 Panini Prizm,Kristaps Porzingis [Starburst Prizm] #124,$1.25,,$8.50,$19.02,$21.00,$23.00,$30.00,$14.00,$14.00,,,,$1.39,,,$1.90,$9.39,,5,,,,,2016-11-09
127946,Basketball Cards 2016 Panini Prizm,Kristaps Porzingis [Teal Wave Prizm] #124,,,,,,,,,,,,,,,,,,,0,,,,,2016-11-09
2840424,Basketball Cards 2016 Panini Prizm,Kyle Anderson #238,$1.00,,,,,,,,,,,,$1.09,,,,,,1,,,,,2016-11-09
12351649,Basketball Cards 2016 Panini Prizm,Kyle Anderson [5th Anniversary Mojo] #238,,,,,,,,,,,,,,,,,,,0,,,,,2016-11-09
2843442,Basketball Cards 2016 Panini Prizm,Kyle Anderson [5th Anniversary Prizm] #238,$0.99,,,,,,,,,,,,$1.09,,,,,,1,,,,,2016-11-09
12351301,Basketball Cards 2016 Panini Prizm,Kyle Anderson [Black Prizm] #238,,,,,,,,,,,,,,,,,,,0,,,,,2016-11-09
2841649,Basketball Cards 2016 Panini Prizm,Kyle Anderson [Blue Wave Prizm] #238,$2.00,,,,,,,,,,,,$2.19,,,,,,1,,,,,2016-11-09
2843173,Basketball Cards 2016 Panini Prizm,Kyle Anderson [Gold Prizm] #238,,,,$39.21,$43.00,,,,,,,,,,,,,,1,,,,,2016-11-09
2840670,Basketball Cards 2016 Panini Prizm,Kyle Anderson [Green Prizm] #238,$0.25,,,,,,,,,,,,$0.99,,,,,,0,,,,,2016-11-09
2842669,Basketball Cards 2016 Panini Prizm,Kyle Anderson [Mojo Prizm] #238,$5.28,,,,,,,,,,,$1.20,$5.79,,,,,,1,,,,,2016-11-09
2842155,Basketball Cards 2016 Panini Prizm,Kyle Anderson [Orange Prizm] #238,$1.40,,,,,,,,,,,,$1.49,,,,,,1,,,,,2016-11-09
2842412,Basketball Cards 2016 Panini Prizm,Kyle Anderson [Orange Wave Prizm] #238,$6.64,,,,,,,,,,,$1.50,$7.29,,,,,,1,,,,,2016-11-09
2841905,Basketball Cards 2016 Panini Prizm,Kyle Anderson [Purple Prizm] #238,$4.95,,,,,,,,,,,$1.10,$5.49,,,,,,1,,,,,2016-11-09
2841394,Basketball Cards 2016 Panini Prizm,Kyle Anderson [Ruby Wave Prizm] #238,$1.68,,,,,,,,,,,,$1.89,,,,,,1,,,,,2016-11-09
2845166,Basketball Cards 2016 Panini Prizm,Kyle Anderson [Silver Prizm] #238,$1.69,,,,,,,,,,,,$1.89,,,,,,1,,,,,2016-11-09
2841134,Basketball Cards 2016 Panini Prizm,Kyle Anderson [Starburst Prizm] #238,$0.99,,,,,,,,,,,,$1.09,,,,,,1,,,,,2016-11-09
2842921,Basketball Cards 2016 Panini Prizm,Kyle Anderson [Teal Wave Prizm] #238,$10.59,,,,,,,,,,,$3.00,$11.99,,,,,,0,,,,,2016-11-09
2840279,Basketball Cards 2016 Panini Prizm,Kyle Korver #74,$0.99,,,,,,,,,,,,$1.09,,,,,,1,,,,,2016-11-09
12351713,Basketball Cards 2016 Panini Prizm,Kyle Korver [5th Anniversary Mojo] #74,,,,,,,,,,,,,,,,,,,0,,,,,2016-11-09
2843290,Basketball Cards 2016 Panini Prizm,Kyle Korver [5th Anniversary Prizm] #74,,,,,,,,,,,,,,,,,,,0,,,,,2016-11-09
12351164,Basketball Cards 2016 Panini Prizm,Kyle Korver [Black Prizm] #74,,,,,,,,,,,,,,,,,,,0,,,,,2016-11-09
2841505,Basketball Cards 2016 Panini Prizm,Kyle Korver [Blue Wave Prizm] #74,$3.22,,,,,,,,,,,,$3.49,,,,,,1,,,,,2016-11-09
2843031,Basketball Cards 2016 Panini Prizm,Kyle Korver [Gold Prizm] #74,,,,,,,,,,,,,,,,,,,0,,,,,2016-11-09
2840527,Basketball Cards 2016 Panini Prizm,Kyle Korver [Green Prizm] #74,$1.71,,,,,,,,,,,,$1.89,,,,,,1,,,,,2016-11-09
2842528,Basketball Cards 2016 Panini Prizm,Kyle Korver [Mojo Prizm] #74,$12.13,,,,,,,,,,,$3.30,$12.99,,,,,,1,,,,,2016-11-09
2842015,Basketball Cards 2016 Panini Prizm,Kyle Korver [Orange Prizm] #74,$3.15,,,,,,,,,,,,$3.49,,,,,,1,,,,,2016-11-09
2842270,Basketball Cards 2016 Panini Prizm,Kyle Korver [Orange Wave Prizm] #74,$1.25,,,,,,,,,,,,$1.39,,,,,,1,,,,,2016-11-09
2841760,Basketball Cards 2016 Panini Prizm,Kyle Korver [Purple Prizm] #74,$2.24,,,,,,,,,,,,$2.49,,,,,,2,,,,,2016-11-09
2841243,Basketball Cards 2016 Panini Prizm,Kyle Korver [Ruby Wave Prizm] #74,$1.59,,,,,,,,,,,,$1.79,,,,,,2,,,,,2016-11-09
2840766,Basketball Cards 2016 Panini Prizm,Kyle Korver [Silver Prizm] #74,$1.73,,,,,,,,,,,,$1.89,,,,,,2,,,,,2016-11-09
2840995,Basketball Cards 2016 Panini Prizm,Kyle Korver [Starburst Prizm] #74,$2.00,,,,,,,,,,,,$2.19,,,,,,1,,,,,2016-11-09
127874,Basketball Cards 2016 Panini Prizm,Kyle Korver [Teal Wave Prizm] #74,$12.40,,,,,,,,,,,$3.50,$13.99,,,,,,1,,,,,2016-11-09
2840403,Basketball Cards 2016 Panini Prizm,Kyle Lowry #212,$1.69,,,,,$4.25,$6.00,$3.00,$3.00,,,,$1.89,,,,,,3,,,,,2016-11-09
12351624,Basketball Cards 2016 Panini Prizm,Kyle Lowry [5th Anniversary Mojo] #212,,,,,,,,,,,,,,,,,,,0,,,,,2016-11-09
2843419,Basketball Cards 2016 Panini Prizm,Kyle Lowry [5th Anniversary Prizm] #212,,,,,,,,,,,,,,,,,,,0,,,,,2016-11-09
12351238,Basketball Cards 2016 Panini Prizm,Kyle Lowry [Black Prizm] #212,,,,,,,,,,,,,,,,,,,0,,,,,2016-11-09
2841627,Basketball Cards 2016 Panini Prizm,Kyle Lowry [Blue Wave Prizm] #212,$2.88,,,,,,,,,,,,$3.19,,,,,,1,,,,,2016-11-09
2843151,Basketball Cards 2016 Panini Prizm,Kyle Lowry [Gold Prizm] #212,,,,,,,,,,,,,,,,,,,0,,,,,2016-11-09
2840647,Basketball Cards 2016 Panini Prizm,Kyle Lowry [Green Prizm] #212,$1.34,,,,,,,,,,,,$1.49,,,,,,1,,,,,2016-11-09
2842649,Basketball Cards 2016 Panini Prizm,Kyle Lowry [Mojo Prizm] #212,$30.00,,,,,,,,,,,$9.90,$32.99,,,,,,0,,,,,2016-11-09
2842133,Basketball Cards 2016 Panini Prizm,Kyle Lowry [Orange Prizm] #212,$8.09,,,,,,,,,,,$1.80,$8.89,,,,,,1,,,,,2016-11-09
2842391,Basketball Cards 2016 Panini Prizm,Kyle Lowry [Orange Wave Prizm] #212,,,,,,,,,,,,,,,,,,,0,,,,,2016-11-09
2841881,Basketball Cards 2016 Panini Prizm,Kyle Lowry [Purple Prizm] #212,$9.74,,,,,,,,,,,$2.80,$10.99,,,,,,1,,,,,2016-11-09
2841370,Basketball Cards 2016 Panini Prizm,Kyle Lowry [Ruby Wave Prizm] #212,$4.50,,,,,,,,,,,$1.00,$4.99,,,,,,1,,,,,2016-11-09
2840872,Basketball Cards 2016 Panini Prizm,Kyle Lowry [Silver Prizm] #212,$1.83,,,$4.99,$5.00,$24.95,$32.00,$15.00,$15.00,,,,$1.99,,,,,,3,,,,,2016-11-09
2841113,Basketball Cards 2016 Panini Prizm,Kyle Lowry [Starburst Prizm] #212,$0.25,,,,,,,,,,,,$0.99,,,,,,0,,,,,2016-11-09
2842900,Basketball Cards 2016 Panini Prizm,Kyle Lowry [Teal Wave Prizm] #212,$14.99,,,,,$37.00,$48.00,$22.00,$22.00,,,$4.00,$15.99,,,,,,1,,,,,2016-11-09
2840329,Basketball Cards 2016 Panini Prizm,Kyle O'Quinn #130,$1.57,,,,,,,,,,,,$1.69,,,,,,1,,,,,2016-11-09
12351518,Basketball Cards 2016 Panini Prizm,Kyle O'Quinn [5th Anniversary Mojo] #130,,,,,,,,,,,,,,,,,,,0,,,,,2016-11-09
2843341,Basketball Cards 2016 Panini Prizm,Kyle O'Quinn [5th Anniversary Prizm] #130,,,,,,,,,,,,,,,,,,,0,,,,,2016-11-09
12351219,Basketball Cards 2016 Panini Prizm,Kyle O'Quinn [Black Prizm] #130,,,,,,,,,,,,,,,,,,,0,,,,,2016-11-09
127949,Basketball Cards 2016 Panini Prizm,Kyle O'Quinn [Blue Wave Prizm] #130,$1.63,,,,,,,,,,,,$1.79,,,,,,1,,,,,2016-11-09
2843080,Basketball Cards 2016 Panini Prizm,Kyle O'Quinn [Gold Prizm] #130,,,,,,,,,,,,,,,,,,,0,,,,,2016-11-09
2840575,Basketball Cards 2016 Panini Prizm,Kyle O'Quinn [Green Prizm] #130,$1.75,,,,,,,,,,,,$1.89,,,,,,1,,,,,2016-11-09
2842579,Basketball Cards 2016 Panini Prizm,Kyle O'Quinn [Mojo Prizm] #130,$12.04,,,,,,,,,,,$3.30,$12.99,,,,,,0,,,,,2016-11-09
2842064,Basketball Cards 2016 Panini Prizm,Kyle O'Quinn [Orange Prizm] #130,$2.27,,,,,,,,,,,,$2.49,,,,,,1,,,,,2016-11-09
2842321,Basketball Cards 2016 Panini Prizm,Kyle O'Quinn [Orange Wave Prizm] #130,$13.71,,,,,,,,,,,$3.80,$14.99,,,,,,1,,,,,2016-11-09
2841810,Basketball Cards 2016 Panini Prizm,Kyle O'Quinn [Purple Prizm] #130,$5.72,,,,,,,,,,,$1.30,$6.29,,,,,,1,,,,,2016-11-09
2841295,Basketball Cards 2016 Panini Prizm,Kyle O'Quinn [Ruby Wave Prizm] #130,$1.26,,,,,,,,,,,,$1.39,,,,,,1,,,,,2016-11-09
2840810,Basketball Cards 2016 Panini Prizm,Kyle O'Quinn [Silver Prizm] #130,$1.01,,,,,,,,,,,,$1.09,,,,,,1,,,,,2016-11-09
2841043,Basketball Cards 2016 Panini Prizm,Kyle O'Quinn [Starburst Prizm] #130,$1.04,,,,,,,,,,,,$1.09,,,,,,1,,,,,2016-11-09
2842829,Basketball Cards 2016 Panini Prizm,Kyle O'Quinn [Teal Wave Prizm] #130,$6.50,,,,,,,,,,,$1.40,$7.19,,,,,,0,,,,,2016-11-09
127807,Basketball Cards 2016 Panini Prizm,Kyrie Irving #32,$2.12,,,$14.99,$16.00,$26.67,$35.00,$16.00,$16.00,,,,$2.29,,,,,,6,,,,,2016-11-09
12351445,Basketball Cards 2016 Panini Prizm,Kyrie Irving [5th Anniversary Mojo] #32,,,,,,,,,,,,,,,,,,,0,,,,,2016-11-09
2843248,Basketball Cards 2016 Panini Prizm,Kyrie Irving [5th Anniversary Prizm] #32,,,,,,,,,,,,,,,,,,,0,,,,,2016-11-09
12351123,Basketball Cards 2016 Panini Prizm,Kyrie Irving [Black Prizm] #32,,,,,,,,,,,,,,,,,,,0,,,,,2016-11-09
127808,Basketball Cards 2016 Panini Prizm,Kyrie Irving [Blue Wave Prizm] #32,$1.77,,,,,$76.50,$99.00,$46.00,$46.00,,,,$1.99,,,,,,4,,,,,2016-11-09
127809,Basketball Cards 2016 Panini Prizm,Kyrie Irving [Gold Prizm] #32,,,,,,$263.51,$343.00,$158.00,$158.00,,,,,,,,,,1,,,,,2016-11-09
2840494,Basketball Cards 2016 Panini Prizm,Kyrie Irving [Green Prizm] #32,$3.61,,,,,$79.95,$104.00,$48.00,$48.00,,,$0.80,$3.99,,,,,,2,,,,,2016-11-09
2842490,Basketball Cards 2016 Panini Prizm,Kyrie Irving [Mojo Prizm] #32,,,,$60.00,$66.00,,,,,,,,,,,,,,1,,,,,2016-11-09
2841978,Basketball Cards 2016 Panini Prizm,Kyrie Irving [Orange Prizm] #32,$39.99,,,,,,,,,,,$17.60,$43.99,,,,,,1,,,,,2016-11-09
127810,Basketball Cards 2016 Panini Prizm,Kyrie Irving [Orange Wave Prizm] #32,$15.00,,,,,,,,,,,$4.30,$16.99,,,,,,2,,,,,2016-11-09
2841722,Basketball Cards 2016 Panini Prizm,Kyrie Irving [Purple Prizm] #32,$7.16,,,,,$42.00,$55.00,$25.00,$25.00,,,$1.60,$7.89,,,,,,2,,,,,2016-11-09
2841204,Basketball Cards 2016 Panini Prizm,Kyrie Irving [Ruby Wave Prizm] #32,$4.00,,,,$39.00,,,,,,,$0.90,$4.39,,,,,,2,,,,,2016-11-09
127811,Basketball Cards 2016 Panini Prizm,Kyrie Irving [Silver Prizm] #32,$4.86,,$8.83,$19.50,$26.78,$28.65,$37.00,$17.00,$17.00,,,$1.10,$5.39,,,$1.90,$9.69,,9,,,,,2016-11-09
127812,Basketball Cards 2016 Panini Prizm,Kyrie Irving [Starburst Prizm] #32,$4.72,,,$23.90,$26.00,$31.97,$42.00,$19.00,$19.00,,,$1.00,$5.19,,,,,,5,,,,,2016-11-09
2842745,Basketball Cards 2016 Panini Prizm,Kyrie Irving [Teal Wave Prizm] #32,$38.20,,,$22.72,$25.00,,,,,,,$16.80,$41.99,,,,,,2,,,,,2016-11-09
2840422,Basketball Cards 2016 Panini Prizm,LaMarcus Aldridge #235,$1.69,,,,,,,,,,,,$1.89,,,,,,1,,,,,2016-11-09
12351646,Basketball Cards 2016 Panini Prizm,LaMarcus Aldridge [5th Anniversary Mojo] #235,,,,,,,,,,,,,,,,,,,0,,,,,2016-11-09
2843439,Basketball Cards 2016 Panini Prizm,LaMarcus Aldridge [5th Anniversary Prizm] #235,,,,,,,,,,,,,,,,,,,0,,,,,2016-11-09
12351288,Basketball Cards 2016 Panini Prizm,LaMarcus Aldridge [Black Prizm] #235,,,,,,,,,,,,,,,,,,,0,,,,,2016-11-09
2841647,Basketball Cards 2016 Panini Prizm,LaMarcus Aldridge [Blue Wave Prizm] #235,$17.79,,,,,,,,,,,$5.00,$19.99,,,,,,1,,,,,2016-11-09
2843171,Basketball Cards 2016 Panini Prizm,LaMarcus Aldridge [Gold Prizm] #235,,,,,,,,,,,,,,,,,,,0,,,,,2016-11-09
2840668,Basketball Cards 2016 Panini Prizm,LaMarcus Aldridge [Green Prizm] #235,$1.68,,,,,,,,,,,,$1.89,,,,,,1,,,,,2016-11-09
2842667,Basketball Cards 2016 Panini Prizm,LaMarcus Aldridge [Mojo Prizm] #235,,,,,,,,,,,,,,,,,,,0,,,,,2016-11-09
2842153,Basketball Cards 2016 Panini Prizm,LaMarcus Aldridge [Orange Prizm] #235,$3.97,,,,,,,,,,,$0.90,$4.39,,,,,,1,,,,,2016-11-09
128123,Basketball Cards 2016 Panini Prizm,LaMarcus Aldridge [Orange Wave Prizm] #235,$12.00,,,,,,,,,,,$3.30,$12.99,,,,,,1,,,,,2016-11-09
2841903,Basketball Cards 2016 Panini Prizm,LaMarcus Aldridge [Purple Prizm] #235,$7.10,,,,,,,,,,,$1.60,$7.79,,,,,,1,,,,,2016-11-09
2841391,Basketball Cards 2016 Panini Prizm,LaMarcus Aldridge [Ruby Wave Prizm] #235,$4.39,,,,,,,,,,,$1.00,$4.79,,,,,,1,,,,,2016-11-09
2840890,Basketball Cards 2016 Panini Prizm,LaMarcus Aldridge [Silver Prizm] #235,$3.49,,,,,,,,,,,$0.80,$3.79,,,,,,2,,,,,2016-11-09
2841132,Basketball Cards 2016 Panini Prizm,LaMarcus Aldridge [Starburst Prizm] #235,$1.50,,,,,,,,,,,,$1.69,,,,,,1,,,,,2016-11-09
2842919,Basketball Cards 2016 Panini Prizm,LaMarcus Aldridge [Teal Wave Prizm] #235,,,,,,$170.00,$221.00,$102.00,$102.00,,,,,,,,,,1,,,,,2016-11-09
2840327,Basketball Cards 2016 Panini Prizm,Lance Thomas #127,$0.99,,,,,,,,,,,,$1.09,,,,,,1,,,,,2016-11-09
12351515,Basketball Cards 2016 Panini Prizm,Lance Thomas [5th Anniversary Mojo] #127,,,,,,,,,,,,,,,,,,,0,,,,,2016-11-09
2843338,Basketball Cards 2016 Panini Prizm,Lance Thomas [5th Anniversary Prizm] #127,$12.03,,,,,,,,,,,$3.30,$12.99,,,,,,1,,,,,2016-11-09
12351218,Basketball Cards 2016 Panini Prizm,Lance Thomas [Black Prizm] #127,,,,,,,,,,,,,,,,,,,0,,,,,2016-11-09
2841553,Basketball Cards 2016 Panini Prizm,Lance Thomas [Blue Wave Prizm] #127,$1.35,,,,,,,,,,,,$1.49,,,,,,1,,,,,2016-11-09
2843077,Basketball Cards 2016 Panini Prizm,Lance Thomas [Gold Prizm] #127,$17.79,,,,,,,,,,,$5.00,$19.99,,,,,,1,,,,,2016-11-09
2840572,Basketball Cards 2016 Panini Prizm,Lance Thomas [Green Prizm] #127,$0.25,,,,,,,,,,,,$0.99,,,,,,0,,,,,2016-11-09
2842575,Basketball Cards 2016 Panini Prizm,Lance Thomas [Mojo Prizm] #127,$10.00,,,,,,,,,,,$2.80,$10.99,,,,,,0,,,,,2016-11-09
2842061,Basketball Cards 2016 Panini Prizm,Lance Thomas [Orange Prizm] #127,$2.20,,,,,,,,,,,,$2.39,,,,,,1,,,,,2016-11-09
2842318,Basketball Cards 2016 Panini Prizm,Lance Thomas [Orange Wave Prizm] #127,$6.29,,,,,,,,,,,$1.40,$6.89,,,,,,1,,,,,2016-11-09
2841807,Basketball Cards 2016 Panini Prizm,Lance Thomas [Purple Prizm] #127,$1.36,,,,,,,,,,,,$1.49,,,,,,1,,,,,2016-11-09
2841292,Basketball Cards 2016 Panini Prizm,Lance Thomas [Ruby Wave Prizm] #127,$1.00,,,,,,,,,,,,$1.09,,,,,,1,,,,,2016-11-09
2840808,Basketball Cards 2016 Panini Prizm,Lance Thomas [Silver Prizm] #127,$1.12,,$5.88,$11.12,$21.55,$31.42,$41.00,$19.00,$19.00,,,,$1.19,,,$1.30,$6.49,,5,,,,,2016-11-09
2841040,Basketball Cards 2016 Panini Prizm,Lance Thomas [Starburst Prizm] #127,$1.25,,,,,,,,,,,,$1.39,,,,,,1,,,,,2016-11-09
2842825,Basketball Cards 2016 Panini Prizm,Lance Thomas [Teal Wave Prizm] #127,$2.20,,,,,,,,,,,,$2.39,,,,,,0,,,,,2016-11-09
2840391,Basketball Cards 2016 Panini Prizm,Langston Galloway #200,$2.00,,,,,,,,,,,,$2.19,,,,,,1,,,,,2016-11-09
12351611,Basketball Cards 2016 Panini Prizm,Langston Galloway [5th Anniversary Mojo] #200,,,,,,,,,,,,,,,,,,,0,,,,,2016-11-09
2843407,Basketball Cards 2016 Panini Prizm,Langston Galloway [5th Anniversary Prizm] #200,$8.45,,,,,,,,,,,$1.90,$9.29,,,,,,1,,,,,2016-11-09
12351347,Basketball Cards 2016 Panini Prizm,Langston Galloway [Black Prizm] #200,,,,,,,,,,,,,,,,,,,0,,,,,2016-11-09
2841615,Basketball Cards 2016 Panini Prizm,Langston Galloway [Blue Wave Prizm] #200,$1.88,,,,,,,,,,,,$2.09,,,,,,1,,,,,2016-11-09
2843140,Basketball Cards 2016 Panini Prizm,Langston Galloway [Gold Prizm] #200,,,,,,,,,,,,,,,,,,,0,,,,,2016-11-09
2840636,Basketball Cards 2016 Panini Prizm,Langston Galloway [Green Prizm] #200,$0.99,,,,,,,,,,,,$1.09,,,,,,1,,,,,2016-11-09
2842638,Basketball Cards 2016 Panini Prizm,Langston Galloway [Mojo Prizm] #200,,,,,,,,,,,,,,,,,,,0,,,,,2016-11-09
2842122,Basketball Cards 2016 Panini Prizm,Langston Galloway [Orange Prizm] #200,$1.75,,,,,,,,,,,,$1.89,,,,,,1,,,,,2016-11-09
2842379,Basketball Cards 2016 Panini Prizm,Langston Galloway [Orange Wave Prizm] #200,$0.25,,,,,,,,,,,,$0.99,,,,,,0,,,,,2016-11-09
2841869,Basketball Cards 2016 Panini Prizm,Langston Galloway [Purple Prizm] #200,$3.41,,,,,,,,,,,$0.80,$3.79,,,,,,0,,,,,2016-11-09
2841358,Basketball Cards 2016 Panini Prizm,Langston Galloway [Ruby Wave Prizm] #200,,,,,,,,,,,,,,,,,,,0,,,,,2016-11-09
2840863,Basketball Cards 2016 Panini Prizm,Langston Galloway [Silver Prizm] #200,$0.25,,,,,,,,,,,,$0.99,,,,,,0,,,,,2016-11-09
2841101,Basketball Cards 2016 Panini Prizm,Langston Galloway [Starburst Prizm] #200,$1.99,,,,,,,,,,,,$2.19,,,,,,1,,,,,2016-11-09
2842888,Basketball Cards 2016 Panini Prizm,Langston Galloway [Teal Wave Prizm] #200,$3.47,,,,,,,,,,,$0.80,$3.79,,,,,,1,,,,,2016-11-09
127796,Basketball Cards 2016 Panini Prizm,LeBron James #31,$7.12,,$13.14,$27.17,$29.40,$59.69,$78.00,$36.00,$36.00,,,$1.60,$7.79,,,$3.50,$13.99,,105,,,,,2016-11-09
12351444,Basketball Cards 2016 Panini Prizm,LeBron James [5th Anniversary Mojo] #31,,,,,,,,,,,,,,,,,,,0,,,,,2016-11-09
2843247,Basketball Cards 2016 Panini Prizm,LeBron James [5th Anniversary Prizm] #31,,,,,,,,,,,,,,,,,,,0,,,,,2016-11-09
12351122,Basketball Cards 2016 Panini Prizm,LeBron James [Black Prizm] #31,,,,,,,,,,,,,,,,,,,0,,,,,2016-11-09
127797,Basketball Cards 2016 Panini Prizm,LeBron James [Blue Wave Prizm] #31,$70.67,,,$78.46,$157.50,$254.18,$330.00,$153.00,$153.00,,,$31.20,$77.99,,,,,,7,,,,,2016-11-09
127798,Basketball Cards 2016 Panini Prizm,LeBron James [Gold Prizm] #31,,,,,,,,,,,,,,,,,,,0,,,,,2016-11-09
127799,Basketball Cards 2016 Panini Prizm,LeBron James [Green Prizm] #31,$28.17,,$26.08,$52.99,$58.00,$150.00,$195.00,$90.00,$90.00,,,$9.30,$30.99,,,$8.70,$28.99,,12,,,,,2016-11-09
127800,Basketball Cards 2016 Panini Prizm,LeBron James [Mojo Prizm] #31,$1121.62,,,,$610.15,$3411.00,$4434.00,$2047.00,$2047.00,,,$740.40,$1234.00,,,,,,3,,,,,2016-11-09
127801,Basketball Cards 2016 Panini Prizm,LeBron James [Orange Prizm] #31,$221.94,,,$331.00,$376.93,$810.26,$1053.00,$486.00,$486.00,,,$122.00,$244.00,,,,,,4,,,,,2016-11-09
2842231,Basketball Cards 2016 Panini Prizm,LeBron James [Orange Wave Prizm] #31,$375.00,,,$429.09,$472.00,$558.67,$1400.00,$335.00,$335.00,,,$206.50,$413.00,,,,,,3,,,,,2016-11-09
127802,Basketball Cards 2016 Panini Prizm,LeBron James [Purple Prizm] #31,$201.15,,,$277.50,$305.00,$400.01,$638.70,$240.00,$240.00,,,$110.50,$221.00,,,,,,4,,,,,2016-11-09
127803,Basketball Cards 2016 Panini Prizm,LeBron James [Ruby Wave Prizm] #31,$131.20,,$32.55,$45.01,$108.00,$139.36,$181.00,$84.00,$84.00,,,$72.00,$144.00,,,$14.40,$35.99,,6,,,,,2016-11-09
127804,Basketball Cards 2016 Panini Prizm,LeBron James [Silver Prizm] #31,$75.00,$27.00,$47.63,$93.30,$176.25,$299.30,$389.00,$180.00,$180.00,,,$33.20,$82.99,$9.00,$29.99,$20.80,$51.99,,30,,,,,2016-11-09
127805,Basketball Cards 2016 Panini Prizm,LeBron James [Starburst Prizm] #31,$74.99,,$51.00,$75.00,$165.00,$293.03,$1199.00,$176.00,$176.00,,,$32.80,$81.99,,,$22.40,$55.99,,19,,,,,2016-11-09
127806,Basketball Cards 2016 Panini Prizm,LeBron James [Teal Wave Prizm] #31,$510.00,,,,$562.92,,,,,,,$336.60,$561.00,,,,,,2,,,,,2016-11-09
2840431,Basketball Cards 2016 Panini Prizm,Leandro Barbosa #248,$0.99,,,,,,,,,,,,$1.09,,,,,,1,,,,,2016-11-09
12351659,Basketball Cards 2016 Panini Prizm,Leandro Barbosa [5th Anniversary Mojo] #248,,,,,,,,,,,,,,,,,,,0,,,,,2016-11-09
2843450,Basketball Cards 2016 Panini Prizm,Leandro Barbosa [5th Anniversary Prizm] #248,,,,,,,,,,,,,,,,,,,0,,,,,2016-11-09
12351316,Basketball Cards 2016 Panini Prizm,Leandro Barbosa [Black Prizm] #248,,,,,,,,,,,,,,,,,,,0,,,,,2016-11-09
2841655,Basketball Cards 2016 Panini Prizm,Leandro Barbosa [Blue Wave Prizm] #248,$2.22,,,,,,,,,,,,$2.39,,,,,,1,,,,,2016-11-09
2843184,Basketball Cards 2016 Panini Prizm,Leandro Barbosa [Gold Prizm] #248,$39.99,,,,,,,,,,,$17.60,$43.99,,,,,,1,,,,,2016-11-09
2840676,Basketball Cards 2016 Panini Prizm,Leandro Barbosa [Green Prizm] #248,$0.25,,,,,,,,,,,,$0.99,,,,,,0,,,,,2016-11-09
2842677,Basketball Cards 2016 Panini Prizm,Leandro Barbosa [Mojo Prizm] #248,$7.20,,,,,,,,,,,$1.60,$7.89,,,,,,1,,,,,2016-11-09
2842163,Basketball Cards 2016 Panini Prizm,Leandro Barbosa [Orange Prizm] #248,$1.64,,,,,,,,,,,,$1.79,,,,,,1,,,,,2016-11-09
2842420,Basketball Cards 2016 Panini Prizm,Leandro Barbosa [Orange Wave Prizm] #248,$9.74,,,,,,,,,,,$2.80,$10.99,,,,,,1,,,,,2016-11-09
2841913,Basketball Cards 2016 Panini Prizm,Leandro Barbosa [Purple Prizm] #248,$1.75,,,,,,,,,,,,$1.89,,,,,,1,,,,,2016-11-09
2841401,Basketball Cards 2016 Panini Prizm,Leandro Barbosa [Ruby Wave Prizm] #248,$1.67,,,,,,,,,,,,$1.79,,,,,,1,,,,,2016-11-09
2840896,Basketball Cards 2016 Panini Prizm,Leandro Barbosa [Silver Prizm] #248,$1.97,,,,,,,,,,,,$2.19,,,,,,1,,,,,2016-11-09
2841140,Basketball Cards 2016 Panini Prizm,Leandro Barbosa [Starburst Prizm] #248,$1.07,,,,,,,,,,,,$1.19,,,,,,1,,,,,2016-11-09
2842928,Basketball Cards 2016 Panini Prizm,Leandro Barbosa [Teal Wave Prizm] #248,$7.14,,,,,,,,,,,$1.60,$7.89,,,,,,1,,,,,2016-11-09
2840337,Basketball Cards 2016 Panini Prizm,Lou Williams #140,$1.37,,,,,,,,,,,,$1.49,,,,,,1,,,,,2016-11-09
12351534,Basketball Cards 2016 Panini Prizm,Lou Williams [5th Anniversary Mojo] #140,,,,,,,,,,,,,,,,,,,0,,,,,2016-11-09
2843349,Basketball Cards 2016 Panini Prizm,Lou Williams [5th Anniversary Prizm] #140,,,,,,,,,,,,,,,,,,,0,,,,,2016-11-09
12351239,Basketball Cards 2016 Panini Prizm,Lou Williams [Black Prizm] #140,,,,,,,,,,,,,,,,,,,0,,,,,2016-11-09
2841561,Basketball Cards 2016 Panini Prizm,Lou Williams [Blue Wave Prizm] #140,$1.52,,,,,,,,,,,,$1.69,,,,,,1,,,,,2016-11-09
2843087,Basketball Cards 2016 Panini Prizm,Lou Williams [Gold Prizm] #140,$45.00,,,,,,,,,,,$20.00,$49.99,,,,,,1,,,,,2016-11-09
2840583,Basketball Cards 2016 Panini Prizm,Lou Williams [Green Prizm] #140,$1.15,,,,,,,,,,,,$1.29,,,,,,1,,,,,2016-11-09
2842585,Basketball Cards 2016 Panini Prizm,Lou Williams [Mojo Prizm] #140,,,,,,,,,,,,,,,,,,,0,,,,,2016-11-09
127985,Basketball Cards 2016 Panini Prizm,Lou Williams [Orange Prizm] #140,$4.49,,,,,$44.00,$57.00,$26.00,$26.00,,,$1.00,$4.89,,,,,,2,,,,,2016-11-09
2842329,Basketball Cards 2016 Panini Prizm,Lou Williams [Orange Wave Prizm] #140,$6.21,,,,,,,,,,,$1.40,$6.79,,,,,,1,,,,,2016-11-09
2841817,Basketball Cards 2016 Panini Prizm,Lou Williams [Purple Prizm] #140,$5.14,,,,,,,,,,,$1.10,$5.69,,,,,,1,,,,,2016-11-09
2841304,Basketball Cards 2016 Panini Prizm,Lou Williams [Ruby Wave Prizm] #140,,,,,,,,,,,,,,,,,,,0,,,,,2016-11-09
127986,Basketball Cards 2016 Panini Prizm,Lou Williams [Silver Prizm] #140,$1.49,,,$5.59,$6.00,$38.64,$50.00,$23.00,$23.00,,,,$1.59,,,,,,3,,,,,2016-11-09
2841050,Basketball Cards 2016 Panini Prizm,Lou Williams [Starburst Prizm] #140,$1.00,,,,,,,,,,,,$1.09,,,,,,1,,,,,2016-11-09
2842836,Basketball Cards 2016 Panini Prizm,Lou Williams [Teal Wave Prizm] #140,$6.00,,,,,,,,,,,$1.30,$6.59,,,,,,1,,,,,2016-11-09
2840334,Basketball Cards 2016 Panini Prizm,Luol Deng #137,$0.99,,,,,,,,,,,,$1.09,,,,,,1,,,,,2016-11-09
12351529,Basketball Cards 2016 Panini Prizm,Luol Deng [5th Anniversary Mojo] #137,,,,,,,,,,,,,,,,,,,0,,,,,2016-11-09
2843345,Basketball Cards 2016 Panini Prizm,Luol Deng [5th Anniversary Prizm] #137,,,,,,,,,,,,,,,,,,,0,,,,,2016-11-09
12351227,Basketball Cards 2016 Panini Prizm,Luol Deng [Black Prizm] #137,,,,,,,,,,,,,,,,,,,0,,,,,2016-11-09
2841558,Basketball Cards 2016 Panini Prizm,Luol Deng [Blue Wave Prizm] #137,$1.75,,,,,,,,,,,,$1.89,,,,,,1,,,,,2016-11-09
2843084,Basketball Cards 2016 Panini Prizm,Luol Deng [Gold Prizm] #137,$15.83,,$100.00,$110.00,$121.00,,,,,,,$4.30,$16.99,,,$55.00,$110.00,,3,,,,,2016-11-09
2840580,Basketball Cards 2016 Panini Prizm,Luol Deng [Green Prizm] #137,$0.25,,,,,,,,,,,,$0.99,,,,,,0,,,,,2016-11-09
2842583,Basketball Cards 2016 Panini Prizm,Luol Deng [Mojo Prizm] #137,$0.99,,,,,,,,,,,,$1.09,,,,,,1,,,,,2016-11-09
2842068,Basketball Cards 2016 Panini Prizm,Luol Deng [Orange Prizm] #137,$1.62,,,,,,,,,,,,$1.79,,,,,,1,,,,,2016-11-09
2842326,Basketball Cards 2016 Panini Prizm,Luol Deng [Orange Wave Prizm] #137,,,,,,,,,,,,,,,,,,,0,,,,,2016-11-09
2841814,Basketball Cards 2016 Panini Prizm,Luol Deng [Purple Prizm] #137,$3.12,,,,,,,,,,,,$3.39,,,,,,1,,,,,2016-11-09
2841301,Basketball Cards 2016 Panini Prizm,Luol Deng [Ruby Wave Prizm] #137,,,,,,,,,,,,,,,,,,,0,,,,,2016-11-09
2840813,Basketball Cards 2016 Panini Prizm,Luol Deng [Silver Prizm] #137,$0.25,,,,,,,,,,,,$0.99,,,,,,0,,,,,2016-11-09
2841047,Basketball Cards 2016 Panini Prizm,Luol Deng [Starburst Prizm] #137,$2.70,,,,,,,,,,,,$2.99,,,,,,1,,,,,2016-11-09
2842833,Basketball Cards 2016 Panini Prizm,Luol Deng [Teal Wave Prizm] #137,$7.44,,,,,,,,,,,$1.60,$8.19,,,,,,1,,,,,2016-11-09
2840316,Basketball Cards 2016 Panini Prizm,Malachi Richardson #115,$1.48,,,,,,,,,,,,$1.59,,,,,,1,,,,,2016-11-09
12351487,Basketball Cards 2016 Panini Prizm,Malachi Richardson [5th Anniversary Mojo] #115,,,,,,,,,,,,,,,,,,,0,,,,,2016-11-09
2843328,Basketball Cards 2016 Panini Prizm,Malachi Richardson [5th Anniversary Prizm] #115,,,,,,,,,,,,,,,,,,,0,,,,,2016-11-09
12351204,Basketball Cards 2016 Panini Prizm,Malachi Richardson [Black Prizm] #115,,,,,,,,,,,,,,,,,,,0,,,,,2016-11-09
127926,Basketball Cards 2016 Panini Prizm,Malachi Richardson [Blue Wave Prizm] #115,$2.99,,,,$7.95,,,,,,,,$3.29,,,,,,1,,,,,2016-11-09
2843066,Basketball Cards 2016 Panini Prizm,Malachi Richardson [Gold Prizm] #115,,,,,$199.99,,,,,,,,,,,,,,1,,,,,2016-11-09
127928,Basketball Cards 2016 Panini Prizm,Malachi Richardson [Green Prizm] #115,$2.31,,,$0.98,$18.97,$26.47,$34.00,$16.00,$16.00,,,,$2.49,,,,,,6,,,,,2016-11-09
2842566,Basketball Cards 2016 Panini Prizm,Malachi Richardson [Mojo Prizm] #115,$0.73,,,,,,,,,,,,$0.99,,,,,,1,,,,,2016-11-09
127929,Basketball Cards 2016 Panini Prizm,Malachi Richardson [Orange Prizm] #115,$16.48,,,,,,,,,,,$4.50,$17.99,,,,,,1,,,,,2016-11-09
2842307,Basketball Cards 2016 Panini Prizm,Malachi Richardson [Orange Wave Prizm] #115,$12.04,,,,,,,,,,,$3.30,$12.99,,,,,,1,,,,,2016-11-09
127931,Basketball Cards 2016 Panini Prizm,Malachi Richardson [Purple Prizm] #115,$3.88,,,,,$44.95,$58.00,$27.00,$27.00,,,$0.90,$4.29,,,,,,2,,,,,2016-11-09
2841280,Basketball Cards 2016 Panini Prizm,Malachi Richardson [Ruby Wave Prizm] #115,,,,,,,,,,,,,,,,,,,0,,,,,2016-11-09
127930,Basketball Cards 2016 Panini Prizm,Malachi Richardson [Silver Prizm] #115,$1.99,,,,,$11.13,$14.00,$7.00,$7.00,,,,$2.19,,,,,,2,,,,,2016-11-09
127932,Basketball Cards 2016 Panini Prizm,Malachi Richardson [Starburst Prizm] #115,$1.61,,,,,,,,,,,,$1.79,,,,,,1,,,,,2016-11-09
2842816,Basketball Cards 2016 Panini Prizm,Malachi Richardson [Teal Wave Prizm] #115,$11.99,,,,,,,,,,,$3.30,$12.99,,,,,,1,,,,,2016-11-09
127768,Basketball Cards 2016 Panini Prizm,Malcolm Brogdon #17,$1.85,,$4.56,$4.99,$6.00,$5.83,$8.00,$4.00,$4.00,,,,$1.99,,,$1.00,$4.99,,26,,,,,2016-11-09
12351430,Basketball Cards 2016 Panini Prizm,Malcolm Brogdon [5th Anniversary Mojo] #17,,,,,,,,,,,,,,,,,,,0,,,,,2016-11-09
127769,Basketball Cards 2016 Panini Prizm,Malcolm Brogdon [5th Anniversary Prizm] #17,,,,$660.00,$726.00,,,,,,,,,,,,,,1,,,,,2016-11-09
12351108,Basketball Cards 2016 Panini Prizm,Malcolm Brogdon [Black Prizm] #17,,,,,,,,,,,,,,,,,,,0,,,,,2016-11-09
127770,Basketball Cards 2016 Panini Prizm,Malcolm Brogdon [Blue Wave Prizm] #17,$63.99,,,$16.90,$44.95,$129.31,$168.00,$78.00,$78.00,,,$28.00,$69.99,,,,,,4,,,,,2016-11-09
127771,Basketball Cards 2016 Panini Prizm,Malcolm Brogdon [Gold Prizm] #17,$676.00,,,$400.00,$691.63,$745.97,$871.50,$448.00,$448.00,,,$446.40,$744.00,,,,,,4,,,,,2016-11-09
127772,Basketball Cards 2016 Panini Prizm,Malcolm Brogdon [Green Prizm] #17,$11.30,,,$27.25,$30.00,$39.03,$51.00,$23.00,$23.00,,,$3.00,$11.99,,,,,,7,,,,,2016-11-09
2842476,Basketball Cards 2016 Panini Prizm,Malcolm Brogdon [Mojo Prizm] #17,,,,,$152.50,,,,,,,,,,,,,,1,,,,,2016-11-09
127773,Basketball Cards 2016 Panini Prizm,Malcolm Brogdon [Orange Prizm] #17,$49.00,,$10.00,,$75.66,$650.38,$675.00,$390.00,$390.00,,,$21.60,$53.99,,,$2.80,$10.99,,5,,,,,2016-11-09
127774,Basketball Cards 2016 Panini Prizm,Malcolm Brogdon [Orange Wave Prizm] #17,$18.95,,,,$79.95,$157.51,$205.00,$95.00,$95.00,,,$6.30,$20.99,,,,,,3,,,,,2016-11-09
127775,Basketball Cards 2016 Panini Prizm,Malcolm Brogdon [Purple Prizm] #17,$62.61,,,$67.50,$74.00,$547.00,$711.00,$328.00,$328.00,,,$27.60,$68.99,,,,,,4,,,,,2016-11-09
127776,Basketball Cards 2016 Panini Prizm,Malcolm Brogdon [Ruby Wave Prizm] #17,$2.81,,,$44.36,$79.00,$80.45,$105.00,$48.00,$48.00,,,,$3.09,,,,,,5,,,,,2016-11-09
127777,Basketball Cards 2016 Panini Prizm,Malcolm Brogdon [Silver Prizm] #17,$5.45,,$19.95,$22.00,$24.00,$26.00,$34.00,$16.00,$16.00,,,$1.20,$5.99,,,$6.60,$21.99,,23,,,,,2016-11-09
127778,Basketball Cards 2016 Panini Prizm,Malcolm Brogdon [Starburst Prizm] #17,$4.70,,$4.99,$5.00,$13.00,$13.69,$19.05,$8.00,$8.00,,,$1.00,$5.19,,,$1.10,$5.49,,16,,,,,2016-11-09
127779,Basketball Cards 2016 Panini Prizm,Malcolm Brogdon [Teal Wave Prizm] #17,$76.00,,,,$29.88,$197.50,$257.00,$119.00,$119.00,,,$33.60,$83.99,,,,,,3,,,,,2016-11-09
2840420,Basketball Cards 2016 Panini Prizm,Manu Ginobili #234,$3.11,,,$13.99,$15.00,$26.99,$35.00,$16.00,$16.00,,,,$3.39,,,,,,4,,,,,2016-11-09
12351645,Basketball Cards 2016 Panini Prizm,Manu Ginobili [5th Anniversary Mojo] #234,,,,,,,,,,,,,,,,,,,0,,,,,2016-11-09
2843438,Basketball Cards 2016 Panini Prizm,Manu Ginobili [5th Anniversary Prizm] #234,,,,,,,,,,,,,,,,,,,0,,,,,2016-11-09
12351285,Basketball Cards 2016 Panini Prizm,Manu Ginobili [Black Prizm] #234,,,,,,,,,,,,,,,,,,,0,,,,,2016-11-09
2841646,Basketball Cards 2016 Panini Prizm,Manu Ginobili [Blue Wave Prizm] #234,$4.27,,,,,,,,,,,$0.90,$4.69,,,,,,2,,,,,2016-11-09
2843170,Basketball Cards 2016 Panini Prizm,Manu Ginobili [Gold Prizm] #234,,,,,,,,,,,,,,,,,,,0,,,,,2016-11-09
2840667,Basketball Cards 2016 Panini Prizm,Manu Ginobili [Green Prizm] #234,$3.31,,,,,,,,,,,,$3.59,,,,,,1,,,,,2016-11-09
2842666,Basketball Cards 2016 Panini Prizm,Manu Ginobili [Mojo Prizm] #234,$39.34,,,$21.50,$24.00,,,,,,,$17.20,$42.99,,,,,,1,,,,,2016-11-09
2842152,Basketball Cards 2016 Panini Prizm,Manu Ginobili [Orange Prizm] #234,$19.61,,,,,,,,,,,$6.60,$21.99,,,,,,1,,,,,2016-11-09
2842410,Basketball Cards 2016 Panini Prizm,Manu Ginobili [Orange Wave Prizm] #234,$21.24,,,,,,,,,,,$6.90,$22.99,,,,,,1,,,,,2016-11-09
2841902,Basketball Cards 2016 Panini Prizm,Manu Ginobili [Purple Prizm] #234,$8.31,,,,,$71.00,$92.00,$43.00,$43.00,,,$1.80,$9.09,,,,,,2,,,,,2016-11-09
2841390,Basketball Cards 2016 Panini Prizm,Manu Ginobili [Ruby Wave Prizm] #234,,,,,,,,,,,,,,,,,,,0,,,,,2016-11-09
2840889,Basketball Cards 2016 Panini Prizm,Manu Ginobili [Silver Prizm] #234,$2.99,,,,,$17.59,$23.00,$11.00,$11.00,,,,$3.29,,,,,,4,,,,,2016-11-09
2841131,Basketball Cards 2016 Panini Prizm,Manu Ginobili [Starburst Prizm] #234,$4.00,,,,,,,,,,,$0.90,$4.39,,,,,,3,,,,,2016-11-09
2842918,Basketball Cards 2016 Panini Prizm,Manu Ginobili [Teal Wave Prizm] #234,,,,,,,,,,,,,,,,,,,0,,,,,2016-11-09
2840268,Basketball Cards 2016 Panini Prizm,Marc Gasol #63,$1.77,,,,,,,,,,,,$1.99,,,,,,1,,,,,2016-11-09
12351493,Basketball Cards 2016 Panini Prizm,Marc Gasol [5th Anniversary Mojo] #63,,,,,,,,,,,,,,,,,,,0,,,,,2016-11-09
2843279,Basketball Cards 2016 Panini Prizm,Marc Gasol [5th Anniversary Prizm] #63,,,,,,,,,,,,,,,,,,,0,,,,,2016-11-09
12351153,Basketball Cards 2016 Panini Prizm,Marc Gasol [Black Prizm] #63,,,,,,,,,,,,,,,,,,,0,,,,,2016-11-09
2841495,Basketball Cards 2016 Panini Prizm,Marc Gasol [Blue Wave Prizm] #63,$1.98,,,,,,,,,,,,$2.19,,,,,,1,,,,,2016-11-09
2843021,Basketball Cards 2016 Panini Prizm,Marc Gasol [Gold Prizm] #63,,,,$0.01,,,,,,,,,,,,,,,1,,,,,2016-11-09
2840519,Basketball Cards 2016 Panini Prizm,Marc Gasol [Green Prizm] #63,$0.25,,,,,,,,,,,,$0.99,,,,,,0,,,,,2016-11-09
2842518,Basketball Cards 2016 Panini Prizm,Marc Gasol [Mojo Prizm] #63,$2.12,,,,,$16.50,$21.00,$10.00,$10.00,,,,$2.29,,,,,,2,,,,,2016-11-09
2842005,Basketball Cards 2016 Panini Prizm,Marc Gasol [Orange Prizm] #63,,,,,,,,,,,,,,,,,,,0,,,,,2016-11-09
2842259,Basketball Cards 2016 Panini Prizm,Marc Gasol [Orange Wave Prizm] #63,,,,,,,,,,,,,,,,,,,0,,,,,2016-11-09
2841751,Basketball Cards 2016 Panini Prizm,Marc Gasol [Purple Prizm] #63,$1.68,,,,,,,,,,,,$1.89,,,,,,1,,,,,2016-11-09
2841232,Basketball Cards 2016 Panini Prizm,Marc Gasol [Ruby Wave Prizm] #63,$1.40,,,,,,,,,,,,$1.49,,,,,,1,,,,,2016-11-09
2840758,Basketball Cards 2016 Panini Prizm,Marc Gasol [Silver Prizm] #63,$1.69,,,,,,,,,,,,$1.89,,,,,,2,,,,,2016-11-09
2840986,Basketball Cards 2016 Panini Prizm,Marc Gasol [Starburst Prizm] #63,$1.71,,,,,,,,,,,,$1.89,,,,,,1,,,,,2016-11-09
2842771,Basketball Cards 2016 Panini Prizm,Marc Gasol [Teal Wave Prizm] #63,$7.32,,,,,,,,,,,$1.60,$8.09,,,,,,1,,,,,2016-11-09
2840336,Basketball Cards 2016 Panini Prizm,Marcelo Huertas #139,$0.99,,,,,,,,,,,,$1.09,,,,,,1,,,,,2016-11-09
12351531,Basketball Cards 2016 Panini Prizm,Marcelo Huertas [5th Anniversary Mojo] #139,,,,,,,,,,,,,,,,,,,0,,,,,2016-11-09
2843348,Basketball Cards 2016 Panini Prizm,Marcelo Huertas [5th Anniversary Prizm] #139,$2.59,,,,,,,,,,,,$2.89,,,,,,1,,,,,2016-11-09
12351237,Basketball Cards 2016 Panini Prizm,Marcelo Huertas [Black Prizm] #139,,,,,,,,,,,,,,,,,,,0,,,,,2016-11-09
2841560,Basketball Cards 2016 Panini Prizm,Marcelo Huertas [Blue Wave Prizm] #139,$2.83,,,,,,,,,,,,$3.09,,,,,,1,,,,,2016-11-09
2843086,Basketball Cards 2016 Panini Prizm,Marcelo Huertas [Gold Prizm] #139,,,,,,,,,,,,,,,,,,,0,,,,,2016-11-09
2840582,Basketball Cards 2016 Panini Prizm,Marcelo Huertas [Green Prizm] #139,$1.50,,,,,,,,,,,,$1.69,,,,,,1,,,,,2016-11-09
2842584,Basketball Cards 2016 Panini Prizm,Marcelo Huertas [Mojo Prizm] #139,,,,,,,,,,,,,,,,,,,0,,,,,2016-11-09
2842070,Basketball Cards 2016 Panini Prizm,Marcelo Huertas [Orange Prizm] #139,$4.99,,,,,,,,,,,$1.10,$5.49,,,,,,1,,,,,2016-11-09
2842328,Basketball Cards 2016 Panini Prizm,Marcelo Huertas [Orange Wave Prizm] #139,,,,,,,,,,,,,,,,,,,0,,,,,2016-11-09
2841816,Basketball Cards 2016 Panini Prizm,Marcelo Huertas [Purple Prizm] #139,$1.96,,,,,,,,,,,,$2.19,,,,,,1,,,,,2016-11-09
2841303,Basketball Cards 2016 Panini Prizm,Marcelo Huertas [Ruby Wave Prizm] #139,$1.50,,,,,,,,,,,,$1.69,,,,,,1,,,,,2016-11-09
2840815,Basketball Cards 2016 Panini Prizm,Marcelo Huertas [Silver Prizm] #139,$1.65,,,,,,,,,,,,$1.79,,,,,,1,,,,,2016-11-09
2841049,Basketball Cards 2016 Panini Prizm,Marcelo Huertas [Starburst Prizm] #139,$1.76,,,,,,,,,,,,$1.89,,,,,,1,,,,,2016-11-09
2842835,Basketball Cards 2016 Panini Prizm,Marcelo Huertas [Teal Wave Prizm] #139,$2.27,,,,,,,,,,,,$2.49,,,,,,1,,,,,2016-11-09
2840465,Basketball Cards 2016 Panini Prizm,Marcin Gortat #293,$1.35,,,,,,,,,,,,$1.49,,,,,,1,,,,,2016-11-09
12351703,Basketball Cards 2016 Panini Prizm,Marcin Gortat [5th Anniversary Mojo] #293,,,,,,,,,,,,,,,,,,,0,,,,,2016-11-09
2843491,Basketball Cards 2016 Panini Prizm,Marcin Gortat [5th Anniversary Prizm] #293,,,,,,,,,,,,,,,,,,,0,,,,,2016-11-09
12351376,Basketball Cards 2016 Panini Prizm,Marcin Gortat [Black Prizm] #293,,,,,,,,,,,,,,,,,,,0,,,,,2016-11-09
2841691,Basketball Cards 2016 Panini Prizm,Marcin Gortat [Blue Wave Prizm] #293,$1.75,,,,,,,,,,,,$1.89,,,,,,1,,,,,2016-11-09
2843213,Basketball Cards 2016 Panini Prizm,Marcin Gortat [Gold Prizm] #293,,,,,,$160.00,$208.00,$96.00,$96.00,,,,,,,,,,1,,,,,2016-11-09
2840712,Basketball Cards 2016 Panini Prizm,Marcin Gortat [Green Prizm] #293,$0.99,,,,,,,,,,,,$1.09,,,,,,1,,,,,2016-11-09
2842715,Basketball Cards 2016 Panini Prizm,Marcin Gortat [Mojo Prizm] #293,$12.04,,,,,,,,,,,$3.30,$12.99,,,,,,1,,,,,2016-11-09
2842199,Basketball Cards 2016 Panini Prizm,Marcin Gortat [Orange Prizm] #293,$2.99,,,,,,,,,,,,$3.29,,,,,,1,,,,,2016-11-09
2842456,Basketball Cards 2016 Panini Prizm,Marcin Gortat [Orange Wave Prizm] #293,,,,,,,,,,,,,,,,,,,0,,,,,2016-11-09
2841949,Basketball Cards 2016 Panini Prizm,Marcin Gortat [Purple Prizm] #293,$2.00,,,,,,,,,,,,$2.19,,,,,,1,,,,,2016-11-09
2841437,Basketball Cards 2016 Panini Prizm,Marcin Gortat [Ruby Wave Prizm] #293,$1.69,,,,,,,,,,,,$1.89,,,,,,1,,,,,2016-11-09
2840929,Basketball Cards 2016 Panini Prizm,Marcin Gortat [Silver Prizm] #293,$0.25,,,,,,,,,,,,$0.99,,,,,,0,,,,,2016-11-09
2841172,Basketball Cards 2016 Panini Prizm,Marcin Gortat [Starburst Prizm] #293,$0.99,,,,,,,,,,,,$1.09,,,,,,1,,,,,2016-11-09
2842966,Basketball Cards 2016 Panini Prizm,Marcin Gortat [Teal Wave Prizm] #293,$29.28,,,,,,,,,,,$9.60,$31.99,,,,,,0,,,,,2016-11-09
2840301,Basketball Cards 2016 Panini Prizm,Marco Belinelli #99,$0.25,,,,,,,,,,,,$0.99,,,,,,0,,,,,2016-11-09
12351577,Basketball Cards 2016 Panini Prizm,Marco Belinelli [5th Anniversary Mojo] #99,,,,,,,,,,,,,,,,,,,0,,,,,2016-11-09
2843312,Basketball Cards 2016 Panini Prizm,Marco Belinelli [5th Anniversary Prizm] #99,,,,,,,,,,,,,,,,,,,0,,,,,2016-11-09
12351200,Basketball Cards 2016 Panini Prizm,Marco Belinelli [Black Prizm] #99,,,,,,,,,,,,,,,,,,,0,,,,,2016-11-09
2841528,Basketball Cards 2016 Panini Prizm,Marco Belinelli [Blue Wave Prizm] #99,$2.88,,,,,,,,,,,,$3.19,,,,,,1,,,,,2016-11-09
2843052,Basketball Cards 2016 Panini Prizm,Marco Belinelli [Gold Prizm] #99,$11.75,,,,,,,,,,,$3.30,$12.99,,,,,,0,,,,,2016-11-09
2840549,Basketball Cards 2016 Panini Prizm,Marco Belinelli [Green Prizm] #99,$1.40,,,,,,,,,,,,$1.49,,,,,,1,,,,,2016-11-09
2842550,Basketball Cards 2016 Panini Prizm,Marco Belinelli [Mojo Prizm] #99,$5.72,,,,,,,,,,,$1.30,$6.29,,,,,,1,,,,,2016-11-09
2842037,Basketball Cards 2016 Panini Prizm,Marco Belinelli [Orange Prizm] #99,$3.84,,,,,,,,,,,$0.80,$4.19,,,,,,1,,,,,2016-11-09
2842292,Basketball Cards 2016 Panini Prizm,Marco Belinelli [Orange Wave Prizm] #99,$0.99,,,,,,,,,,,,$1.09,,,,,,1,,,,,2016-11-09
2841783,Basketball Cards 2016 Panini Prizm,Marco Belinelli [Purple Prizm] #99,$2.83,,,,,,,,,,,,$3.09,,,,,,1,,,,,2016-11-09
2841265,Basketball Cards 2016 Panini Prizm,Marco Belinelli [Ruby Wave Prizm] #99,$0.99,,,,,,,,,,,,$1.09,,,,,,1,,,,,2016-11-09
2840786,Basketball Cards 2016 Panini Prizm,Marco Belinelli [Silver Prizm] #99,$1.00,,,,,,,,,,,,$1.09,,,,,,1,,,,,2016-11-09
2841016,Basketball Cards 2016 Panini Prizm,Marco Belinelli [Starburst Prizm] #99,$1.67,,,,,,,,,,,,$1.79,,,,,,1,,,,,2016-11-09
2842801,Basketball Cards 2016 Panini Prizm,Marco Belinelli [Teal Wave Prizm] #99,$11.75,,,,,,,,,,,$3.30,$12.99,,,,,,1,,,,,2016-11-09
2840395,Basketball Cards 2016 Panini Prizm,Marcus Morris #204,$1.25,,,,,,,,,,,,$1.39,,,,,,1,,,,,2016-11-09
12351615,Basketball Cards 2016 Panini Prizm,Marcus Morris [5th Anniversary Mojo] #204,,,,,,,,,,,,,,,,,,,0,,,,,2016-11-09
2843411,Basketball Cards 2016 Panini Prizm,Marcus Morris [5th Anniversary Prizm] #204,,,,,,,,,,,,,,,,,,,0,,,,,2016-11-09
12351228,Basketball Cards 2016 Panini Prizm,Marcus Morris [Black Prizm] #204,,,,,,,,,,,,,,,,,,,0,,,,,2016-11-09
2841619,Basketball Cards 2016 Panini Prizm,Marcus Morris [Blue Wave Prizm] #204,$1.62,,,,,,,,,,,,$1.79,,,,,,1,,,,,2016-11-09
2843144,Basketball Cards 2016 Panini Prizm,Marcus Morris [Gold Prizm] #204,,,,,,,,,,,,,,,,,,,0,,,,,2016-11-09
2840640,Basketball Cards 2016 Panini Prizm,Marcus Morris [Green Prizm] #204,$3.95,,,,,,,,,,,$0.90,$4.39,,,,,,1,,,,,2016-11-09
2842642,Basketball Cards 2016 Panini Prizm,Marcus Morris [Mojo Prizm] #204,$7.44,,,,,,,,,,,$1.60,$8.19,,,,,,0,,,,,2016-11-09
2842126,Basketball Cards 2016 Panini Prizm,Marcus Morris [Orange Prizm] #204,$2.25,,,,,,,,,,,,$2.49,,,,,,1,,,,,2016-11-09
2842383,Basketball Cards 2016 Panini Prizm,Marcus Morris [Orange Wave Prizm] #204,$3.00,,,,,,,,,,,,$3.29,,,,,,1,,,,,2016-11-09
2841873,Basketball Cards 2016 Panini Prizm,Marcus Morris [Purple Prizm] #204,$1.99,,,,,,,,,,,,$2.19,,,,,,1,,,,,2016-11-09
2841362,Basketball Cards 2016 Panini Prizm,Marcus Morris [Ruby Wave Prizm] #204,$2.27,,,,,,,,,,,,$2.49,,,,,,1,,,,,2016-11-09
2840867,Basketball Cards 2016 Panini Prizm,Marcus Morris [Silver Prizm] #204,$0.99,,,,,,,,,,,,$1.09,,,,,,1,,,,,2016-11-09
2841105,Basketball Cards 2016 Panini Prizm,Marcus Morris [Starburst Prizm] #204,$1.13,,,,,,,,,,,,$1.19,,,,,,1,,,,,2016-11-09
2842892,Basketball Cards 2016 Panini Prizm,Marcus Morris [Teal Wave Prizm] #204,$5.99,,,,,,,,,,,$1.30,$6.59,,,,,,1,,,,,2016-11-09
2840252,Basketball Cards 2016 Panini Prizm,Marcus Smart #46,$1.98,,,,,,,,,,,,$2.19,,,,,,1,,,,,2016-11-09
12351461,Basketball Cards 2016 Panini Prizm,Marcus Smart [5th Anniversary Mojo] #46,,,,,,,,,,,,,,,,,,,0,,,,,2016-11-09
2843262,Basketball Cards 2016 Panini Prizm,Marcus Smart [5th Anniversary Prizm] #46,,,,,,,,,,,,,,,,,,,0,,,,,2016-11-09
12351137,Basketball Cards 2016 Panini Prizm,Marcus Smart [Black Prizm] #46,,,,,,,,,,,,,,,,,,,0,,,,,2016-11-09
2841479,Basketball Cards 2016 Panini Prizm,Marcus Smart [Blue Wave Prizm] #46,$8.09,,,,,,,,,,,$1.80,$8.89,,,,,,1,,,,,2016-11-09
2843006,Basketball Cards 2016 Panini Prizm,Marcus Smart [Gold Prizm] #46,,,,,,,,,,,,,,,,,,,0,,,,,2016-11-09
2840504,Basketball Cards 2016 Panini Prizm,Marcus Smart [Green Prizm] #46,$2.67,,,,,,,,,,,,$2.89,,,,,,1,,,,,2016-11-09
2842503,Basketball Cards 2016 Panini Prizm,Marcus Smart [Mojo Prizm] #46,$16.50,,,,,,,,,,,$4.50,$17.99,,,,,,1,,,,,2016-11-09
2841989,Basketball Cards 2016 Panini Prizm,Marcus Smart [Orange Prizm] #46,,,,,,,,,,,,,,,,,,,0,,,,,2016-11-09
127838,Basketball Cards 2016 Panini Prizm,Marcus Smart [Orange Wave Prizm] #46,,,,,,,,,,,,,,,,,,,0,,,,,2016-11-09
2841735,Basketball Cards 2016 Panini Prizm,Marcus Smart [Purple Prizm] #46,$7.44,,,,,,,,,,,$1.60,$8.19,,,,,,1,,,,,2016-11-09
2841217,Basketball Cards 2016 Panini Prizm,Marcus Smart [Ruby Wave Prizm] #46,,,,,,,,,,,,,,,,,,,0,,,,,2016-11-09
2840747,Basketball Cards 2016 Panini Prizm,Marcus Smart [Silver Prizm] #46,$1.67,,,,,,,,,,,,$1.79,,,,,,1,,,,,2016-11-09
2840970,Basketball Cards 2016 Panini Prizm,Marcus Smart [Starburst Prizm] #46,$1.20,,,,,,,,,,,,$1.29,,,,,,1,,,,,2016-11-09
2842757,Basketball Cards 2016 Panini Prizm,Marcus Smart [Teal Wave Prizm] #46,,,,,,$15.50,$20.00,$9.00,$9.00,,,,,,,,,,1,,,,,2016-11-09
2840344,Basketball Cards 2016 Panini Prizm,Mario Hezonja #147,$0.99,,,,,,,,,,,,$1.09,,,,,,1,,,,,2016-11-09
12351543,Basketball Cards 2016 Panini Prizm,Mario Hezonja [5th Anniversary Mojo] #147,,,,,,,,,,,,,,,,,,,0,,,,,2016-11-09
2843356,Basketball Cards 2016 Panini Prizm,Mario Hezonja [5th Anniversary Prizm] #147,,,,,,,,,,,,,,,,,,,0,,,,,2016-11-09
12351251,Basketball Cards 2016 Panini Prizm,Mario Hezonja [Black Prizm] #147,,,,,,,,,,,,,,,,,,,0,,,,,2016-11-09
2841568,Basketball Cards 2016 Panini Prizm,Mario Hezonja [Blue Wave Prizm] #147,$1.88,,,,,,,,,,,,$2.09,,,,,,1,,,,,2016-11-09
2843093,Basketball Cards 2016 Panini Prizm,Mario Hezonja [Gold Prizm] #147,,,,,,,,,,,,,,,,,,,0,,,,,2016-11-09
2840590,Basketball Cards 2016 Panini Prizm,Mario Hezonja [Green Prizm] #147,$1.39,,,,,,,,,,,,$1.49,,,,,,1,,,,,2016-11-09
2842592,Basketball Cards 2016 Panini Prizm,Mario Hezonja [Mojo Prizm] #147,$7.20,,,,,,,,,,,$1.60,$7.89,,,,,,1,,,,,2016-11-09
2842077,Basketball Cards 2016 Panini Prizm,Mario Hezonja [Orange Prizm] #147,$1.49,,,,,,,,,,,,$1.59,,,,,,1,,,,,2016-11-09
2842336,Basketball Cards 2016 Panini Prizm,Mario Hezonja [Orange Wave Prizm] #147,$2.99,,,,,,,,,,,,$3.29,,,,,,1,,,,,2016-11-09
2841823,Basketball Cards 2016 Panini Prizm,Mario Hezonja [Purple Prizm] #147,$1.80,,,,,,,,,,,,$1.99,,,,,,1,,,,,2016-11-09
2841311,Basketball Cards 2016 Panini Prizm,Mario Hezonja [Ruby Wave Prizm] #147,,,,,,,,,,,,,,,,,,,0,,,,,2016-11-09
2840821,Basketball Cards 2016 Panini Prizm,Mario Hezonja [Silver Prizm] #147,$0.99,,,,,,,,,,,,$1.09,,,,,,1,,,,,2016-11-09
2841057,Basketball Cards 2016 Panini Prizm,Mario Hezonja [Starburst Prizm] #147,$0.99,,,,,,,,,,,,$1.09,,,,,,1,,,,,2016-11-09
2842842,Basketball Cards 2016 Panini Prizm,Mario Hezonja [Teal Wave Prizm] #147,$10.59,,,,,,,,,,,$3.00,$11.99,,,,,,1,,,,,2016-11-09
2840468,Basketball Cards 2016 Panini Prizm,Markieff Morris #296,$1.50,,,,,,,,,,,,$1.69,,,,,,1,,,,,2016-11-09
12351707,Basketball Cards 2016 Panini Prizm,Markieff Morris [5th Anniversary Mojo] #296,,,,,,,,,,,,,,,,,,,0,,,,,2016-11-09
2843494,Basketball Cards 2016 Panini Prizm,Markieff Morris [5th Anniversary Prizm] #296,$7.99,,,,,,,,,,,$1.80,$8.79,,,,,,1,,,,,2016-11-09
12351379,Basketball Cards 2016 Panini Prizm,Markieff Morris [Black Prizm] #296,,,,,,,,,,,,,,,,,,,0,,,,,2016-11-09
2841694,Basketball Cards 2016 Panini Prizm,Markieff Morris [Blue Wave Prizm] #296,$1.17,,,,,,,,,,,,$1.29,,,,,,1,,,,,2016-11-09
2843216,Basketball Cards 2016 Panini Prizm,Markieff Morris [Gold Prizm] #296,,,,,,,,,,,,,,,,,,,0,,,,,2016-11-09
2840715,Basketball Cards 2016 Panini Prizm,Markieff Morris [Green Prizm] #296,$0.25,,,,,,,,,,,,$0.99,,,,,,0,,,,,2016-11-09
128290,Basketball Cards 2016 Panini Prizm,Markieff Morris [Mojo Prizm] #296,$5.59,,,,,$6.00,$8.00,$4.00,$4.00,,,$1.20,$6.19,,,,,,4,,,,,2016-11-09
2842202,Basketball Cards 2016 Panini Prizm,Markieff Morris [Orange Prizm] #296,$2.00,,,,,,,,,,,,$2.19,,,,,,1,,,,,2016-11-09
2842459,Basketball Cards 2016 Panini Prizm,Markieff Morris [Orange Wave Prizm] #296,,,,,,,,,,,,,,,,,,,0,,,,,2016-11-09
2841952,Basketball Cards 2016 Panini Prizm,Markieff Morris [Purple Prizm] #296,$3.95,,,,,,,,,,,$0.90,$4.39,,,,,,0,,,,,2016-11-09
2841440,Basketball Cards 2016 Panini Prizm,Markieff Morris [Ruby Wave Prizm] #296,$2.99,,,,,,,,,,,,$3.29,,,,,,1,,,,,2016-11-09
2840932,Basketball Cards 2016 Panini Prizm,Markieff Morris [Silver Prizm] #296,$1.99,,,,,,,,,,,,$2.19,,,,,,1,,,,,2016-11-09
2841175,Basketball Cards 2016 Panini Prizm,Markieff Morris [Starburst Prizm] #296,$1.74,,,,,,,,,,,,$1.89,,,,,,1,,,,,2016-11-09
2842969,Basketball Cards 2016 Panini Prizm,Markieff Morris [Teal Wave Prizm] #296,$8.00,,,,,,,,,,,$1.80,$8.79,,,,,,1,,,,,2016-11-09
128151,Basketball Cards 2016 Panini Prizm,Marquese Chriss #243,$1.42,,,$12.25,$13.00,$15.00,$20.00,$9.00,$9.00,,,,$1.59,,,,,,5,,,,,2016-11-09
12351653,Basketball Cards 2016 Panini Prizm,Marquese Chriss [5th Anniversary Mojo] #243,,,,,,,,,,,,,,,,,,,0,,,,,2016-11-09
2843446,Basketball Cards 2016 Panini Prizm,Marquese Chriss [5th Anniversary Prizm] #243,,,,,,,,,,,,,,,,,,,0,,,,,2016-11-09
12351308,Basketball Cards 2016 Panini Prizm,Marquese Chriss [Black Prizm] #243,,,,,,,,,,,,,,,,,,,0,,,,,2016-11-09
128152,Basketball Cards 2016 Panini Prizm,Marquese Chriss [Blue Wave Prizm] #243,$1.00,,,,,,,,,,,,$1.09,,,,,,1,,,,,2016-11-09
2843178,Basketball Cards 2016 Panini Prizm,Marquese Chriss [Gold Prizm] #243,,,,,$172.50,,,,,,,,,,,,,,1,,,,,2016-11-09
128153,Basketball Cards 2016 Panini Prizm,Marquese Chriss [Green Prizm] #243,$1.88,,,$8.42,$51.01,,,,,,,,$2.09,,,,,,3,,,,,2016-11-09
128154,Basketball Cards 2016 Panini Prizm,Marquese Chriss [Mojo Prizm] #243,$14.91,,,,$4.99,,,,,,,$4.00,$15.99,,,,,,2,,,,,2016-11-09
128155,Basketball Cards 2016 Panini Prizm,Marquese Chriss [Orange Prizm] #243,,,,$29.99,$33.00,,,,,,,,,,,,,,1,,,,,2016-11-09
2842415,Basketball Cards 2016 Panini Prizm,Marquese Chriss [Orange Wave Prizm] #243,$99.95,,,,,,,,,,,$55.00,$110.00,,,,,,1,,,,,2016-11-09
2841909,Basketball Cards 2016 Panini Prizm,Marquese Chriss [Purple Prizm] #243,$2.27,,,,$80.00,,,,,,,,$2.49,,,,,,2,,,,,2016-11-09
128156,Basketball Cards 2016 Panini Prizm,Marquese Chriss [Ruby Wave Prizm] #243,$0.99,,,,,$18.65,$24.00,$11.00,$11.00,,,,$1.09,,,,,,2,,,,,2016-11-09
128157,Basketball Cards 2016 Panini Prizm,Marquese Chriss [Silver Prizm] #243,$2.99,,,$2.99,$3.04,$10.59,$15.50,$6.00,$6.00,,,,$3.29,,,,,,9,,,,,2016-11-09
128158,Basketball Cards 2016 Panini Prizm,Marquese Chriss [Starburst Prizm] #243,$3.51,,,,$2.00,$1.95,$3.00,$1.00,$1.00,,,$0.80,$3.89,,,,,,3,,,,,2016-11-09
128159,Basketball Cards 2016 Panini Prizm,Marquese Chriss [Teal Wave Prizm] #243,$40.50,,,$24.99,$27.00,,,,,,,$18.00,$44.99,,,,,,1,,,,,2016-11-09
2840264,Basketball Cards 2016 Panini Prizm,Marreese Speights #59,$0.25,,,,,,,,,,,,$0.99,,,,,,0,,,,,2016-11-09
12351486,Basketball Cards 2016 Panini Prizm,Marreese Speights [5th Anniversary Mojo] #59,,,,,,,,,,,,,,,,,,,0,,,,,2016-11-09
2843275,Basketball Cards 2016 Panini Prizm,Marreese Speights [5th Anniversary Prizm] #59,,,,,,,,,,,,,,,,,,,0,,,,,2016-11-09
12351149,Basketball Cards 2016 Panini Prizm,Marreese Speights [Black Prizm] #59,,,,,,,,,,,,,,,,,,,0,,,,,2016-11-09
2841491,Basketball Cards 2016 Panini Prizm,Marreese Speights [Blue Wave Prizm] #59,$1.62,,,,,,,,,,,,$1.79,,,,,,1,,,,,2016-11-09
2843017,Basketball Cards 2016 Panini Prizm,Marreese Speights [Gold Prizm] #59,,,,,,,,,,,,,,,,,,,0,,,,,2016-11-09
2840515,Basketball Cards 2016 Panini Prizm,Marreese Speights [Green Prizm] #59,$0.25,,,,,,,,,,,,$0.99,,,,,,0,,,,,2016-11-09
2842514,Basketball Cards 2016 Panini Prizm,Marreese Speights [Mojo Prizm] #59,$5.72,,,,,,,,,,,$1.30,$6.29,,,,,,0,,,,,2016-11-09
2842001,Basketball Cards 2016 Panini Prizm,Marreese Speights [Orange Prizm] #59,$2.26,,,,,,,,,,,,$2.49,,,,,,1,,,,,2016-11-09
2842255,Basketball Cards 2016 Panini Prizm,Marreese Speights [Orange Wave Prizm] #59,$4.27,,,,,,,,,,,$0.90,$4.69,,,,,,1,,,,,2016-11-09
2841747,Basketball Cards 2016 Panini Prizm,Marreese Speights [Purple Prizm] #59,$1.35,,,,,,,,,,,,$1.49,,,,,,1,,,,,2016-11-09
2841229,Basketball Cards 2016 Panini Prizm,Marreese Speights [Ruby Wave Prizm] #59,,,,,,,,,,,,,,,,,,,0,,,,,2016-11-09
2840754,Basketball Cards 2016 Panini Prizm,Marreese Speights [Silver Prizm] #59,$0.25,,,,,,,,,,,,$0.99,,,,,,0,,,,,2016-11-09
2840982,Basketball Cards 2016 Panini Prizm,Marreese Speights [Starburst Prizm] #59,$1.49,,,,,,,,,,,,$1.59,,,,,,1,,,,,2016-11-09
2842767,Basketball Cards 2016 Panini Prizm,Marreese Speights [Teal Wave Prizm] #59,$6.00,,,,,,,,,,,$1.30,$6.59,,,,,,1,,,,,2016-11-09
2840328,Basketball Cards 2016 Panini Prizm,Marshall Plumlee #129,$1.17,,,,,,,,,,,,$1.29,,,,,,3,,,,,2016-11-09
12351517,Basketball Cards 2016 Panini Prizm,Marshall Plumlee [5th Anniversary Mojo] #129,,,,,,,,,,,,,,,,,,,0,,,,,2016-11-09
2843340,Basketball Cards 2016 Panini Prizm,Marshall Plumlee [5th Anniversary Prizm] #129,$27.85,,,,,,,,,,,$9.30,$30.99,,,,,,1,,,,,2016-11-09
12351217,Basketball Cards 2016 Panini Prizm,Marshall Plumlee [Black Prizm] #129,,,,,,,,,,,,,,,,,,,0,,,,,2016-11-09
2841555,Basketball Cards 2016 Panini Prizm,Marshall Plumlee [Blue Wave Prizm] #129,$5.00,,,,,$15.00,$20.00,$9.00,$9.00,,,$1.10,$5.49,,,,,,2,,,,,2016-11-09
2843079,Basketball Cards 2016 Panini Prizm,Marshall Plumlee [Gold Prizm] #129,,,,,,,,,,,,,,,,,,,0,,,,,2016-11-09
2840574,Basketball Cards 2016 Panini Prizm,Marshall Plumlee [Green Prizm] #129,$3.00,,,,,,,,,,,,$3.29,,,,,,1,,,,,2016-11-09
2842578,Basketball Cards 2016 Panini Prizm,Marshall Plumlee [Mojo Prizm] #129,$4.76,,,,,,,,,,,$1.00,$5.19,,,,,,1,,,,,2016-11-09
2842063,Basketball Cards 2016 Panini Prizm,Marshall Plumlee [Orange Prizm] #129,$2.00,,,,,,,,,,,,$2.19,,,,,,1,,,,,2016-11-09
2842320,Basketball Cards 2016 Panini Prizm,Marshall Plumlee [Orange Wave Prizm] #129,$7.49,,,,,,,,,,,$1.60,$8.19,,,,,,1,,,,,2016-11-09
2841809,Basketball Cards 2016 Panini Prizm,Marshall Plumlee [Purple Prizm] #129,$1.46,,,,,,,,,,,,$1.59,,,,,,1,,,,,2016-11-09
2841294,Basketball Cards 2016 Panini Prizm,Marshall Plumlee [Ruby Wave Prizm] #129,$2.27,,,,,,,,,,,,$2.49,,,,,,1,,,,,2016-11-09
127948,Basketball Cards 2016 Panini Prizm,Marshall Plumlee [Silver Prizm] #129,$1.99,,,,,,,,,,,,$2.19,,,,,,2,,,,,2016-11-09
2841042,Basketball Cards 2016 Panini Prizm,Marshall Plumlee [Starburst Prizm] #129,$1.68,,,,,,,,,,,,$1.89,,,,,,1,,,,,2016-11-09
2842828,Basketball Cards 2016 Panini Prizm,Marshall Plumlee [Teal Wave Prizm] #129,$34.74,,,,,,,,,,,$15.20,$37.99,,,,,,1,,,,,2016-11-09
2840296,Basketball Cards 2016 Panini Prizm,Marvin Williams #94,$0.99,,,,,,,,,,,,$1.09,,,,,,1,,,,,2016-11-09
12351568,Basketball Cards 2016 Panini Prizm,Marvin Williams [5th Anniversary Mojo] #94,,,,,,,,,,,,,,,,,,,0,,,,,2016-11-09
2843307,Basketball Cards 2016 Panini Prizm,Marvin Williams [5th Anniversary Prizm] #94,,,,,,,,,,,,,,,,,,,0,,,,,2016-11-09
9143040,Basketball Cards 2016 Panini Prizm,Marvin Williams [Black Prizm] #94,$999.95,,,,,,,,,,,$660.00,$1100.00,,,,,,1,,,,,2016-11-09
2841523,Basketball Cards 2016 Panini Prizm,Marvin Williams [Blue Wave Prizm] #94,$1.25,,,,,,,,,,,,$1.39,,,,,,1,,,,,2016-11-09
2843047,Basketball Cards 2016 Panini Prizm,Marvin Williams [Gold Prizm] #94,$49.99,,,,,,,,,,,$22.00,$54.99,,,,,,1,,,,,2016-11-09
2840544,Basketball Cards 2016 Panini Prizm,Marvin Williams [Green Prizm] #94,$1.13,,,,,,,,,,,,$1.19,,,,,,1,,,,,2016-11-09
2842545,Basketball Cards 2016 Panini Prizm,Marvin Williams [Mojo Prizm] #94,$14.20,,,,,,,,,,,$4.00,$15.99,,,,,,0,,,,,2016-11-09
2842032,Basketball Cards 2016 Panini Prizm,Marvin Williams [Orange Prizm] #94,$1.83,,,,,,,,,,,,$1.99,,,,,,1,,,,,2016-11-09
2842287,Basketball Cards 2016 Panini Prizm,Marvin Williams [Orange Wave Prizm] #94,$1.29,,,,,,,,,,,,$1.39,,,,,,1,,,,,2016-11-09
2841778,Basketball Cards 2016 Panini Prizm,Marvin Williams [Purple Prizm] #94,$1.68,,,,,,,,,,,,$1.89,,,,,,1,,,,,2016-11-09
2841260,Basketball Cards 2016 Panini Prizm,Marvin Williams [Ruby Wave Prizm] #94,,,,,,,,,,,,,,,,,,,0,,,,,2016-11-09
2840781,Basketball Cards 2016 Panini Prizm,Marvin Williams [Silver Prizm] #94,$0.99,,,,,,,,,,,,$1.09,,,,,,1,,,,,2016-11-09
2841011,Basketball Cards 2016 Panini Prizm,Marvin Williams [Starburst Prizm] #94,$0.99,,,,,,,,,,,,$1.09,,,,,,1,,,,,2016-11-09
2842796,Basketball Cards 2016 Panini Prizm,Marvin Williams [Teal Wave Prizm] #94,$2.58,,,,,,,,,,,,$2.79,,,,,,1,,,,,2016-11-09
2840454,Basketball Cards 2016 Panini Prizm,Mason Plumlee #276,$0.99,,,,,,,,,,,,$1.09,,,,,,1,,,,,2016-11-09
12351687,Basketball Cards 2016 Panini Prizm,Mason Plumlee [5th Anniversary Mojo] #276,,,,,,,,,,,,,,,,,,,0,,,,,2016-11-09
2845192,Basketball Cards 2016 Panini Prizm,Mason Plumlee [5th Anniversary Prizm] #276,,,,,,,,,,,,,,,,,,,0,,,,,2016-11-09
12351359,Basketball Cards 2016 Panini Prizm,Mason Plumlee [Black Prizm] #276,,,,,,,,,,,,,,,,,,,0,,,,,2016-11-09
2841677,Basketball Cards 2016 Panini Prizm,Mason Plumlee [Blue Wave Prizm] #276,$1.97,,,,,,,,,,,,$2.19,,,,,,1,,,,,2016-11-09
2843202,Basketball Cards 2016 Panini Prizm,Mason Plumlee [Gold Prizm] #276,$49.99,,,,,,,,,,,$22.00,$54.99,,,,,,1,,,,,2016-11-09
2840699,Basketball Cards 2016 Panini Prizm,Mason Plumlee [Green Prizm] #276,$0.25,,,,,,,,,,,,$0.99,,,,,,0,,,,,2016-11-09
2842699,Basketball Cards 2016 Panini Prizm,Mason Plumlee [Mojo Prizm] #276,$7.20,,,,,,,,,,,$1.60,$7.89,,,,,,1,,,,,2016-11-09
2842188,Basketball Cards 2016 Panini Prizm,Mason Plumlee [Orange Prizm] #276,$2.00,,,,,,,,,,,,$2.19,,,,,,1,,,,,2016-11-09
2842444,Basketball Cards 2016 Panini Prizm,Mason Plumlee [Orange Wave Prizm] #276,$4.15,,,,,,,,,,,$0.90,$4.59,,,,,,0,,,,,2016-11-09
2841936,Basketball Cards 2016 Panini Prizm,Mason Plumlee [Purple Prizm] #276,$3.99,,,,,,,,,,,$0.90,$4.39,,,,,,1,,,,,2016-11-09
2841424,Basketball Cards 2016 Panini Prizm,Mason Plumlee [Ruby Wave Prizm] #276,$1.50,,,,,,,,,,,,$1.69,,,,,,1,,,,,2016-11-09
2840917,Basketball Cards 2016 Panini Prizm,Mason Plumlee [Silver Prizm] #276,$1.99,,,,,,,,,,,,$2.19,,,,,,1,,,,,2016-11-09
2841160,Basketball Cards 2016 Panini Prizm,Mason Plumlee [Starburst Prizm] #276,$0.25,,,,,,,,,,,,$0.99,,,,,,0,,,,,2016-11-09
2842952,Basketball Cards 2016 Panini Prizm,Mason Plumlee [Teal Wave Prizm] #276,$2.84,,,,,,,,,,,,$3.09,,,,,,1,,,,,2016-11-09
2840319,Basketball Cards 2016 Panini Prizm,Matt Barnes #118,$1.39,,,,,,,,,,,,$1.49,,,,,,1,,,,,2016-11-09
12351492,Basketball Cards 2016 Panini Prizm,Matt Barnes [5th Anniversary Mojo] #118,,,,,,,,,,,,,,,,,,,0,,,,,2016-11-09
2843331,Basketball Cards 2016 Panini Prizm,Matt Barnes [5th Anniversary Prizm] #118,$5.52,,,,,,,,,,,$1.20,$6.09,,,,,,1,,,,,2016-11-09
12351207,Basketball Cards 2016 Panini Prizm,Matt Barnes [Black Prizm] #118,,,,,,,,,,,,,,,,,,,0,,,,,2016-11-09
2841545,Basketball Cards 2016 Panini Prizm,Matt Barnes [Blue Wave Prizm] #118,$1.42,,,,,,,,,,,,$1.59,,,,,,1,,,,,2016-11-09
2843069,Basketball Cards 2016 Panini Prizm,Matt Barnes [Gold Prizm] #118,$100.00,,,,,,,,,,,$55.00,$110.00,,,,,,1,,,,,2016-11-09
2840564,Basketball Cards 2016 Panini Prizm,Matt Barnes [Green Prizm] #118,$1.40,,,,,,,,,,,,$1.49,,,,,,1,,,,,2016-11-09
2842569,Basketball Cards 2016 Panini Prizm,Matt Barnes [Mojo Prizm] #118,$1.67,,,,,,,,,,,,$1.79,,,,,,1,,,,,2016-11-09
2842053,Basketball Cards 2016 Panini Prizm,Matt Barnes [Orange Prizm] #118,$1.73,,,,,,,,,,,,$1.89,,,,,,1,,,,,2016-11-09
2842310,Basketball Cards 2016 Panini Prizm,Matt Barnes [Orange Wave Prizm] #118,$4.97,,,,,,,,,,,$1.10,$5.49,,,,,,1,,,,,2016-11-09
2841799,Basketball Cards 2016 Panini Prizm,Matt Barnes [Purple Prizm] #118,$1.99,,,,,,,,,,,,$2.19,,,,,,1,,,,,2016-11-09
2841283,Basketball Cards 2016 Panini Prizm,Matt Barnes [Ruby Wave Prizm] #118,$1.47,,,,,,,,,,,,$1.59,,,,,,1,,,,,2016-11-09
2840801,Basketball Cards 2016 Panini Prizm,Matt Barnes [Silver Prizm] #118,$1.84,,,,,,,,,,,,$1.99,,,,,,1,,,,,2016-11-09
2841033,Basketball Cards 2016 Panini Prizm,Matt Barnes [Starburst Prizm] #118,$0.99,,,,,,,,,,,,$1.09,,,,,,1,,,,,2016-11-09
2842819,Basketball Cards 2016 Panini Prizm,Matt Barnes [Teal Wave Prizm] #118,,,,,,,,,,,,,,,,,,,0,,,,,2016-11-09
2840231,Basketball Cards 2016 Panini Prizm,Matthew Dellavedova #16,$0.99,,,,,,,,,,,,$1.09,,,,,,1,,,,,2016-11-09
12351429,Basketball Cards 2016 Panini Prizm,Matthew Dellavedova [5th Anniversary Mojo] #16,,,,,,,,,,,,,,,,,,,0,,,,,2016-11-09
2843233,Basketball Cards 2016 Panini Prizm,Matthew Dellavedova [5th Anniversary Prizm] #16,,,,,,,,,,,,,,,,,,,0,,,,,2016-11-09
12351107,Basketball Cards 2016 Panini Prizm,Matthew Dellavedova [Black Prizm] #16,,,,,,,,,,,,,,,,,,,0,,,,,2016-11-09
2841455,Basketball Cards 2016 Panini Prizm,Matthew Dellavedova [Blue Wave Prizm] #16,$2.32,,,$10.05,$11.00,,,,,,,,$2.59,,,,,,2,,,,,2016-11-09
2842983,Basketball Cards 2016 Panini Prizm,Matthew Dellavedova [Gold Prizm] #16,$115.01,,,,,,,,,,,$63.50,$127.00,,,,,,1,,,,,2016-11-09
2840482,Basketball Cards 2016 Panini Prizm,Matthew Dellavedova [Green Prizm] #16,$0.25,,,,,,,,,,,,$0.99,,,,,,0,,,,,2016-11-09
2842475,Basketball Cards 2016 Panini Prizm,Matthew Dellavedova [Mojo Prizm] #16,$3.58,,,,,,,,,,,$0.80,$3.89,,,,,,1,,,,,2016-11-09
2841966,Basketball Cards 2016 Panini Prizm,Matthew Dellavedova [Orange Prizm] #16,$6.29,,,,,,,,,,,$1.40,$6.89,,,,,,1,,,,,2016-11-09
2842219,Basketball Cards 2016 Panini Prizm,Matthew Dellavedova [Orange Wave Prizm] #16,$9.00,,,,,,,,,,,$2.00,$9.89,,,,,,1,,,,,2016-11-09
2841708,Basketball Cards 2016 Panini Prizm,Matthew Dellavedova [Purple Prizm] #16,$1.09,,,,,,,,,,,,$1.19,,,,,,1,,,,,2016-11-09
2841190,Basketball Cards 2016 Panini Prizm,Matthew Dellavedova [Ruby Wave Prizm] #16,$1.57,,,,,,,,,,,,$1.69,,,,,,1,,,,,2016-11-09
2840727,Basketball Cards 2016 Panini Prizm,Matthew Dellavedova [Silver Prizm] #16,$1.39,,,,,,,,,,,,$1.49,,,,,,1,,,,,2016-11-09
2840947,Basketball Cards 2016 Panini Prizm,Matthew Dellavedova [Starburst Prizm] #16,$2.25,,,,,,,,,,,,$2.49,,,,,,1,,,,,2016-11-09
2842732,Basketball Cards 2016 Panini Prizm,Matthew Dellavedova [Teal Wave Prizm] #16,,,,,,,,,,,,,,,,,,,0,,,,,2016-11-09
2840220,Basketball Cards 2016 Panini Prizm,Mega Box,$369.99,,,,,,,,,,,$203.50,$407.00,,,,,,0,,,,,2016-11-09
2840455,Basketball Cards 2016 Panini Prizm,Meyers Leonard #277,$1.50,,,,,,,,,,,,$1.69,,,,,,1,,,,,2016-11-09
12351688,Basketball Cards 2016 Panini Prizm,Meyers Leonard [5th Anniversary Mojo] #277,,,,,,,,,,,,,,,,,,,0,,,,,2016-11-09
2843476,Basketball Cards 2016 Panini Prizm,Meyers Leonard [5th Anniversary Prizm] #277,,,,,,,,,,,,,,,,,,,0,,,,,2016-11-09
12351360,Basketball Cards 2016 Panini Prizm,Meyers Leonard [Black Prizm] #277,,,,,,,,,,,,,,,,,,,0,,,,,2016-11-09
2841678,Basketball Cards 2016 Panini Prizm,Meyers Leonard [Blue Wave Prizm] #277,$5.30,,,,,,,,,,,$1.20,$5.79,,,,,,1,,,,,2016-11-09
2843203,Basketball Cards 2016 Panini Prizm,Meyers Leonard [Gold Prizm] #277,,,,,,,,,,,,,,,,,,,0,,,,,2016-11-09
2840700,Basketball Cards 2016 Panini Prizm,Meyers Leonard [Green Prizm] #277,$1.86,,,,,,,,,,,,$2.09,,,,,,1,,,,,2016-11-09
2842701,Basketball Cards 2016 Panini Prizm,Meyers Leonard [Mojo Prizm] #277,$2.50,,,,,,,,,,,,$2.79,,,,,,1,,,,,2016-11-09
2842189,Basketball Cards 2016 Panini Prizm,Meyers Leonard [Orange Prizm] #277,$4.99,,,,,,,,,,,$1.10,$5.49,,,,,,1,,,,,2016-11-09
2842445,Basketball Cards 2016 Panini Prizm,Meyers Leonard [Orange Wave Prizm] #277,$12.00,,,,,,,,,,,$3.30,$12.99,,,,,,1,,,,,2016-11-09
2841937,Basketball Cards 2016 Panini Prizm,Meyers Leonard [Purple Prizm] #277,$1.04,,,,,,,,,,,,$1.09,,,,,,1,,,,,2016-11-09
2841425,Basketball Cards 2016 Panini Prizm,Meyers Leonard [Ruby Wave Prizm] #277,$1.66,,,,,,,,,,,,$1.79,,,,,,1,,,,,2016-11-09
2840918,Basketball Cards 2016 Panini Prizm,Meyers Leonard [Silver Prizm] #277,$2.59,,,,,,,,,,,,$2.89,,,,,,1,,,,,2016-11-09
2841161,Basketball Cards 2016 Panini Prizm,Meyers Leonard [Starburst Prizm] #277,$1.50,,,,,,,,,,,,$1.69,,,,,,1,,,,,2016-11-09
2842953,Basketball Cards 2016 Panini Prizm,Meyers Leonard [Teal Wave Prizm] #277,,,,,,,,,,,,,,,,,,,0,,,,,2016-11-09
2840410,Basketball Cards 2016 Panini Prizm,Michael Beasley #222,$0.99,,,,,,,,,,,,$1.09,,,,,,1,,,,,2016-11-09
12351633,Basketball Cards 2016 Panini Prizm,Michael Beasley [5th Anniversary Mojo] #222,,,,,,,,,,,,,,,,,,,0,,,,,2016-11-09
2845191,Basketball Cards 2016 Panini Prizm,Michael Beasley [5th Anniversary Prizm] #222,,,,,,,,,,,,,,,,,,,0,,,,,2016-11-09
12351258,Basketball Cards 2016 Panini Prizm,Michael Beasley [Black Prizm] #222,,,,,,,,,,,,,,,,,,,0,,,,,2016-11-09
2841635,Basketball Cards 2016 Panini Prizm,Michael Beasley [Blue Wave Prizm] #222,$1.62,,,,,,,,,,,,$1.79,,,,,,1,,,,,2016-11-09
2843158,Basketball Cards 2016 Panini Prizm,Michael Beasley [Gold Prizm] #222,$112.50,,,,,,,,,,,$62.00,$124.00,,,,,,1,,,,,2016-11-09
2840655,Basketball Cards 2016 Panini Prizm,Michael Beasley [Green Prizm] #222,$1.84,,,,,,,,,,,,$1.99,,,,,,1,,,,,2016-11-09
2842656,Basketball Cards 2016 Panini Prizm,Michael Beasley [Mojo Prizm] #222,,,,,,,,,,,,,,,,,,,0,,,,,2016-11-09
2842141,Basketball Cards 2016 Panini Prizm,Michael Beasley [Orange Prizm] #222,$2.99,,,,,,,,,,,,$3.29,,,,,,1,,,,,2016-11-09
2842399,Basketball Cards 2016 Panini Prizm,Michael Beasley [Orange Wave Prizm] #222,$10.00,,,,,,,,,,,$2.80,$10.99,,,,,,1,,,,,2016-11-09
2841890,Basketball Cards 2016 Panini Prizm,Michael Beasley [Purple Prizm] #222,$2.84,,,,,,,,,,,,$3.09,,,,,,1,,,,,2016-11-09
2841379,Basketball Cards 2016 Panini Prizm,Michael Beasley [Ruby Wave Prizm] #222,$2.55,,,,,,,,,,,,$2.79,,,,,,1,,,,,2016-11-09
2840879,Basketball Cards 2016 Panini Prizm,Michael Beasley [Silver Prizm] #222,$1.44,,,,,,,,,,,,$1.59,,,,,,1,,,,,2016-11-09
2841120,Basketball Cards 2016 Panini Prizm,Michael Beasley [Starburst Prizm] #222,$1.75,,,,,,,,,,,,$1.89,,,,,,1,,,,,2016-11-09
2842908,Basketball Cards 2016 Panini Prizm,Michael Beasley [Teal Wave Prizm] #222,$8.00,,,,,,,,,,,$1.80,$8.79,,,,,,1,,,,,2016-11-09
127780,Basketball Cards 2016 Panini Prizm,Michael Carter-Williams #19,$0.99,,,,,,,,,,,,$1.09,,,,,,1,,,,,2016-11-09
12351432,Basketball Cards 2016 Panini Prizm,Michael Carter-Williams [5th Anniversary Mojo] #19,,,,,,,,,,,,,,,,,,,0,,,,,2016-11-09
2843235,Basketball Cards 2016 Panini Prizm,Michael Carter-Williams [5th Anniversary Prizm] #19,,,,,,,,,,,,,,,,,,,0,,,,,2016-11-09
12351110,Basketball Cards 2016 Panini Prizm,Michael Carter-Williams [Black Prizm] #19,,,,,,,,,,,,,,,,,,,0,,,,,2016-11-09
2841457,Basketball Cards 2016 Panini Prizm,Michael Carter-Williams [Blue Wave Prizm] #19,$1.55,,,,,,,,,,,,$1.69,,,,,,1,,,,,2016-11-09
2842985,Basketball Cards 2016 Panini Prizm,Michael Carter-Williams [Gold Prizm] #19,,,,,,,,,,,,,,,,,,,0,,,,,2016-11-09
2840484,Basketball Cards 2016 Panini Prizm,Michael Carter-Williams [Green Prizm] #19,$1.31,,,,,,,,,,,,$1.39,,,,,,1,,,,,2016-11-09
2842478,Basketball Cards 2016 Panini Prizm,Michael Carter-Williams [Mojo Prizm] #19,$4.99,,,,,,,,,,,$1.10,$5.49,,,,,,0,,,,,2016-11-09
2841968,Basketball Cards 2016 Panini Prizm,Michael Carter-Williams [Orange Prizm] #19,$1.68,,,,,,,,,,,,$1.89,,,,,,1,,,,,2016-11-09
2842221,Basketball Cards 2016 Panini Prizm,Michael Carter-Williams [Orange Wave Prizm] #19,$9.00,,,,,,,,,,,$2.00,$9.89,,,,,,1,,,,,2016-11-09
2841710,Basketball Cards 2016 Panini Prizm,Michael Carter-Williams [Purple Prizm] #19,$1.40,,,,,,,,,,,,$1.49,,,,,,1,,,,,2016-11-09
2841192,Basketball Cards 2016 Panini Prizm,Michael Carter-Williams [Ruby Wave Prizm] #19,$1.29,,,,,,,,,,,,$1.39,,,,,,1,,,,,2016-11-09
2840729,Basketball Cards 2016 Panini Prizm,Michael Carter-Williams [Silver Prizm] #19,$1.44,,,,,,,,,,,,$1.59,,,,,,1,,,,,2016-11-09
2840949,Basketball Cards 2016 Panini Prizm,Michael Carter-Williams [Starburst Prizm] #19,$2.04,,,,,,,,,,,,$2.19,,,,,,1,,,,,2016-11-09
2842734,Basketball Cards 2016 Panini Prizm,Michael Carter-Williams [Teal Wave Prizm] #19,,,,,,,,,,,,,,,,,,,0,,,,,2016-11-09
2840400,Basketball Cards 2016 Panini Prizm,Michael Gbinije #209,$1.37,,,,,,,,,,,,$1.49,,,,,,2,,,,,2016-11-09
12351619,Basketball Cards 2016 Panini Prizm,Michael Gbinije [5th Anniversary Mojo] #209,,,,,,,,,,,,,,,,,,,0,,,,,2016-11-09
2843416,Basketball Cards 2016 Panini Prizm,Michael Gbinije [5th Anniversary Prizm] #209,,,,,,,,,,,,,,,,,,,0,,,,,2016-11-09
12351233,Basketball Cards 2016 Panini Prizm,Michael Gbinije [Black Prizm] #209,,,,,,,,,,,,,,,,,,,0,,,,,2016-11-09
2841624,Basketball Cards 2016 Panini Prizm,Michael Gbinije [Blue Wave Prizm] #209,$1.13,,,,,,,,,,,,$1.19,,,,,,1,,,,,2016-11-09
128078,Basketball Cards 2016 Panini Prizm,Michael Gbinije [Gold Prizm] #209,,,,,,,,,,,,,,,,,,,0,,,,,2016-11-09
128079,Basketball Cards 2016 Panini Prizm,Michael Gbinije [Green Prizm] #209,$0.36,,,,,,,,,,,,$0.99,,,,,,1,,,,,2016-11-09
2842646,Basketball Cards 2016 Panini Prizm,Michael Gbinije [Mojo Prizm] #209,$0.99,,,,,,,,,,,,$1.09,,,,,,1,,,,,2016-11-09
128080,Basketball Cards 2016 Panini Prizm,Michael Gbinije [Orange Prizm] #209,$10.59,,,,,,,,,,,$3.00,$11.99,,,,,,1,,,,,2016-11-09
2842388,Basketball Cards 2016 Panini Prizm,Michael Gbinije [Orange Wave Prizm] #209,$8.00,,,,,,,,,,,$1.80,$8.79,,,,,,0,,,,,2016-11-09
2841878,Basketball Cards 2016 Panini Prizm,Michael Gbinije [Purple Prizm] #209,$1.16,,,,,,,,,,,,$1.29,,,,,,1,,,,,2016-11-09
2841367,Basketball Cards 2016 Panini Prizm,Michael Gbinije [Ruby Wave Prizm] #209,$1.29,,,,,,,,,,,,$1.39,,,,,,1,,,,,2016-11-09
128081,Basketball Cards 2016 Panini Prizm,Michael Gbinije [Silver Prizm] #209,$1.99,,,$6.36,$7.00,,,,,,,,$2.19,,,,,,2,,,,,2016-11-09
2841110,Basketball Cards 2016 Panini Prizm,Michael Gbinije [Starburst Prizm] #209,$1.99,,,,,,,,,,,,$2.19,,,,,,1,,,,,2016-11-09
2842897,Basketball Cards 2016 Panini Prizm,Michael Gbinije [Teal Wave Prizm] #209,,,,,,,,,,,,,,,,,,,0,,,,,2016-11-09
2840298,Basketball Cards 2016 Panini Prizm,Michael Kidd-Gilchrist #96,$0.99,,,,,,,,,,,,$1.09,,,,,,1,,,,,2016-11-09
12351572,Basketball Cards 2016 Panini Prizm,Michael Kidd-Gilchrist [5th Anniversary Mojo] #96,,,,,,,,,,,,,,,,,,,0,,,,,2016-11-09
2843309,Basketball Cards 2016 Panini Prizm,Michael Kidd-Gilchrist [5th Anniversary Prizm] #96,,,,,,,,,,,,,,,,,,,0,,,,,2016-11-09
12351195,Basketball Cards 2016 Panini Prizm,Michael Kidd-Gilchrist [Black Prizm] #96,,,,,,,,,,,,,,,,,,,0,,,,,2016-11-09
2841525,Basketball Cards 2016 Panini Prizm,Michael Kidd-Gilchrist [Blue Wave Prizm] #96,$1.88,,,,,,,,,,,,$2.09,,,,,,1,,,,,2016-11-09
2843049,Basketball Cards 2016 Panini Prizm,Michael Kidd-Gilchrist [Gold Prizm] #96,,,,,,,,,,,,,,,,,,,0,,,,,2016-11-09
2840546,Basketball Cards 2016 Panini Prizm,Michael Kidd-Gilchrist [Green Prizm] #96,$0.25,,,,,,,,,,,,$0.99,,,,,,0,,,,,2016-11-09
2842547,Basketball Cards 2016 Panini Prizm,Michael Kidd-Gilchrist [Mojo Prizm] #96,$3.99,,,,,,,,,,,$0.90,$4.39,,,,,,1,,,,,2016-11-09
2842034,Basketball Cards 2016 Panini Prizm,Michael Kidd-Gilchrist [Orange Prizm] #96,$1.09,,,,,,,,,,,,$1.19,,,,,,1,,,,,2016-11-09
2842289,Basketball Cards 2016 Panini Prizm,Michael Kidd-Gilchrist [Orange Wave Prizm] #96,$0.99,,,,,,,,,,,,$1.09,,,,,,1,,,,,2016-11-09
2841780,Basketball Cards 2016 Panini Prizm,Michael Kidd-Gilchrist [Purple Prizm] #96,$1.40,,,,,,,,,,,,$1.49,,,,,,1,,,,,2016-11-09
2841262,Basketball Cards 2016 Panini Prizm,Michael Kidd-Gilchrist [Ruby Wave Prizm] #96,$1.50,,,,,,,,,,,,$1.69,,,,,,1,,,,,2016-11-09
2840783,Basketball Cards 2016 Panini Prizm,Michael Kidd-Gilchrist [Silver Prizm] #96,$0.99,,,,,,,,,,,,$1.09,,,,,,1,,,,,2016-11-09
2841013,Basketball Cards 2016 Panini Prizm,Michael Kidd-Gilchrist [Starburst Prizm] #96,$1.37,,,,,,,,,,,,$1.49,,,,,,1,,,,,2016-11-09
2842798,Basketball Cards 2016 Panini Prizm,Michael Kidd-Gilchrist [Teal Wave Prizm] #96,,,,,,,,,,,,,,,,,,,0,,,,,2016-11-09
2840266,Basketball Cards 2016 Panini Prizm,Mike Conley #61,$0.99,,,,,,,,,,,,$1.09,,,,,,1,,,,,2016-11-09
12351490,Basketball Cards 2016 Panini Prizm,Mike Conley [5th Anniversary Mojo] #61,,,,,,,,,,,,,,,,,,,0,,,,,2016-11-09
2843277,Basketball Cards 2016 Panini Prizm,Mike Conley [5th Anniversary Prizm] #61,,,,,,,,,,,,,,,,,,,0,,,,,2016-11-09
12351150,Basketball Cards 2016 Panini Prizm,Mike Conley [Black Prizm] #61,,,,,,,,,,,,,,,,,,,0,,,,,2016-11-09
2841493,Basketball Cards 2016 Panini Prizm,Mike Conley [Blue Wave Prizm] #61,$3.27,,,,,,,,,,,,$3.59,,,,,,1,,,,,2016-11-09
2843019,Basketball Cards 2016 Panini Prizm,Mike Conley [Gold Prizm] #61,,,,,,,,,,,,,,,,,,,0,,,,,2016-11-09
2840517,Basketball Cards 2016 Panini Prizm,Mike Conley [Green Prizm] #61,$1.80,,,,,,,,,,,,$1.99,,,,,,1,,,,,2016-11-09
2842516,Basketball Cards 2016 Panini Prizm,Mike Conley [Mojo Prizm] #61,$5.01,,,,,,,,,,,$1.10,$5.49,,,,,,1,,,,,2016-11-09
2842003,Basketball Cards 2016 Panini Prizm,Mike Conley [Orange Prizm] #61,$3.25,,,,,,,,,,,,$3.59,,,,,,1,,,,,2016-11-09
2842257,Basketball Cards 2016 Panini Prizm,Mike Conley [Orange Wave Prizm] #61,$3.13,,$7.45,$13.14,$24.34,$33.96,$44.00,$20.00,$20.00,,,,$3.39,,,$1.60,$8.19,,6,,,,,2016-11-09
2841749,Basketball Cards 2016 Panini Prizm,Mike Conley [Purple Prizm] #61,$0.99,,,,,,,,,,,,$1.09,,,,,,1,,,,,2016-11-09
2841230,Basketball Cards 2016 Panini Prizm,Mike Conley [Ruby Wave Prizm] #61,,,,,,,,,,,,,,,,,,,0,,,,,2016-11-09
2840756,Basketball Cards 2016 Panini Prizm,Mike Conley [Silver Prizm] #61,$1.44,,,,,,,,,,,,$1.59,,,,,,1,,,,,2016-11-09
2840984,Basketball Cards 2016 Panini Prizm,Mike Conley [Starburst Prizm] #61,$0.99,,,,,,,,,,,,$1.09,,,,,,1,,,,,2016-11-09
2842769,Basketball Cards 2016 Panini Prizm,Mike Conley [Teal Wave Prizm] #61,$8.10,,,,,,,,,,,$1.80,$8.89,,,,,,1,,,,,2016-11-09
2840440,Basketball Cards 2016 Panini Prizm,Mitch McGary #259,$0.99,,,,,,,,,,,,$1.09,,,,,,1,,,,,2016-11-09
12351670,Basketball Cards 2016 Panini Prizm,Mitch McGary [5th Anniversary Mojo] #259,,,,,,,,,,,,,,,,,,,0,,,,,2016-11-09
2843461,Basketball Cards 2016 Panini Prizm,Mitch McGary [5th Anniversary Prizm] #259,,,,,,,,,,,,,,,,,,,0,,,,,2016-11-09
12351329,Basketball Cards 2016 Panini Prizm,Mitch McGary [Black Prizm] #259,,,,,,,,,,,,,,,,,,,0,,,,,2016-11-09
2841664,Basketball Cards 2016 Panini Prizm,Mitch McGary [Blue Wave Prizm] #259,$1.16,,,,,,,,,,,,$1.29,,,,,,1,,,,,2016-11-09
2843190,Basketball Cards 2016 Panini Prizm,Mitch McGary [Gold Prizm] #259,$18.72,,,,,,,,,,,$6.30,$20.99,,,,,,1,,,,,2016-11-09
2840685,Basketball Cards 2016 Panini Prizm,Mitch McGary [Green Prizm] #259,$0.25,,,,,,,,,,,,$0.99,,,,,,0,,,,,2016-11-09
2842686,Basketball Cards 2016 Panini Prizm,Mitch McGary [Mojo Prizm] #259,$7.15,,,,,,,,,,,$1.60,$7.89,,,,,,1,,,,,2016-11-09
2842172,Basketball Cards 2016 Panini Prizm,Mitch McGary [Orange Prizm] #259,$1.74,,,,,,,,,,,,$1.89,,,,,,1,,,,,2016-11-09
2842429,Basketball Cards 2016 Panini Prizm,Mitch McGary [Orange Wave Prizm] #259,$4.57,,,,,,,,,,,$1.00,$4.99,,,,,,1,,,,,2016-11-09
2841922,Basketball Cards 2016 Panini Prizm,Mitch McGary [Purple Prizm] #259,$1.39,,,,,,,,,,,,$1.49,,,,,,1,,,,,2016-11-09
2841410,Basketball Cards 2016 Panini Prizm,Mitch McGary [Ruby Wave Prizm] #259,,,,,,,,,,,,,,,,,,,0,,,,,2016-11-09
2840905,Basketball Cards 2016 Panini Prizm,Mitch McGary [Silver Prizm] #259,$0.99,,,,,,,,,,,,$1.09,,,,,,1,,,,,2016-11-09
2841149,Basketball Cards 2016 Panini Prizm,Mitch McGary [Starburst Prizm] #259,$1.99,,,,,,,,,,,,$2.19,,,,,,1,,,,,2016-11-09
2842937,Basketball Cards 2016 Panini Prizm,Mitch McGary [Teal Wave Prizm] #259,$23.20,,,,,,,,,,,$7.80,$25.99,,,,,,1,,,,,2016-11-09
2840248,Basketball Cards 2016 Panini Prizm,Mo Williams #40,$2.00,,,,,,,,,,,,$2.19,,,,,,1,,,,,2016-11-09
12351453,Basketball Cards 2016 Panini Prizm,Mo Williams [5th Anniversary Mojo] #40,,,,,,,,,,,,,,,,,,,0,,,,,2016-11-09
2843256,Basketball Cards 2016 Panini Prizm,Mo Williams [5th Anniversary Prizm] #40,$4.00,,,,,,,,,,,$0.90,$4.39,,,,,,1,,,,,2016-11-09
12351130,Basketball Cards 2016 Panini Prizm,Mo Williams [Black Prizm] #40,,,,,,,,,,,,,,,,,,,0,,,,,2016-11-09
2841475,Basketball Cards 2016 Panini Prizm,Mo Williams [Blue Wave Prizm] #40,$1.96,,,,,,,,,,,,$2.19,,,,,,1,,,,,2016-11-09
2843002,Basketball Cards 2016 Panini Prizm,Mo Williams [Gold Prizm] #40,$52.00,,,,,,,,,,,$22.80,$56.99,,,,,,1,,,,,2016-11-09
2840500,Basketball Cards 2016 Panini Prizm,Mo Williams [Green Prizm] #40,$0.25,,,,,,,,,,,,$0.99,,,,,,0,,,,,2016-11-09
2842498,Basketball Cards 2016 Panini Prizm,Mo Williams [Mojo Prizm] #40,,,,,,,,,,,,,,,,,,,0,,,,,2016-11-09
2841985,Basketball Cards 2016 Panini Prizm,Mo Williams [Orange Prizm] #40,$1.80,,,,,,,,,,,,$1.99,,,,,,1,,,,,2016-11-09
2842238,Basketball Cards 2016 Panini Prizm,Mo Williams [Orange Wave Prizm] #40,$4.99,,,,,,,,,,,$1.10,$5.49,,,,,,1,,,,,2016-11-09
2841730,Basketball Cards 2016 Panini Prizm,Mo Williams [Purple Prizm] #40,$1.23,,,,,,,,,,,,$1.39,,,,,,1,,,,,2016-11-09
2841212,Basketball Cards 2016 Panini Prizm,Mo Williams [Ruby Wave Prizm] #40,$0.99,,,,,,,,,,,,$1.09,,,,,,1,,,,,2016-11-09
2840743,Basketball Cards 2016 Panini Prizm,Mo Williams [Silver Prizm] #40,$2.70,,,,,,,,,,,,$2.99,,,,,,1,,,,,2016-11-09
2840966,Basketball Cards 2016 Panini Prizm,Mo Williams [Starburst Prizm] #40,$1.50,,,$24.99,$27.00,,,,,,,,$1.69,,,,,,2,,,,,2016-11-09
2842753,Basketball Cards 2016 Panini Prizm,Mo Williams [Teal Wave Prizm] #40,$6.00,,,,,,,,,,,$1.30,$6.59,,,,,,1,,,,,2016-11-09
2840376,Basketball Cards 2016 Panini Prizm,Monta Ellis #183,$1.69,,,,,,,,,,,,$1.89,,,,,,1,,,,,2016-11-09
12351594,Basketball Cards 2016 Panini Prizm,Monta Ellis [5th Anniversary Mojo] #183,,,,,,,,,,,,,,,,,,,0,,,,,2016-11-09
2843390,Basketball Cards 2016 Panini Prizm,Monta Ellis [5th Anniversary Prizm] #183,$23.54,,,,,,,,,,,$7.80,$25.99,,,,,,1,,,,,2016-11-09
12351318,Basketball Cards 2016 Panini Prizm,Monta Ellis [Black Prizm] #183,,,,,,,,,,,,,,,,,,,0,,,,,2016-11-09
2841601,Basketball Cards 2016 Panini Prizm,Monta Ellis [Blue Wave Prizm] #183,$2.43,,,,,,,,,,,,$2.69,,,,,,1,,,,,2016-11-09
2843126,Basketball Cards 2016 Panini Prizm,Monta Ellis [Gold Prizm] #183,,,,,,,,,,,,,,,,,,,0,,,,,2016-11-09
2840622,Basketball Cards 2016 Panini Prizm,Monta Ellis [Green Prizm] #183,$1.00,,,,,,,,,,,,$1.09,,,,,,1,,,,,2016-11-09
2842624,Basketball Cards 2016 Panini Prizm,Monta Ellis [Mojo Prizm] #183,,,,,,,,,,,,,,,,,,,0,,,,,2016-11-09
2842108,Basketball Cards 2016 Panini Prizm,Monta Ellis [Orange Prizm] #183,$2.44,,,,,,,,,,,,$2.69,,,,,,1,,,,,2016-11-09
2842367,Basketball Cards 2016 Panini Prizm,Monta Ellis [Orange Wave Prizm] #183,$8.43,,,,,,,,,,,$1.90,$9.29,,,,,,1,,,,,2016-11-09
2841854,Basketball Cards 2016 Panini Prizm,Monta Ellis [Purple Prizm] #183,$5.33,,,,,,,,,,,$1.20,$5.89,,,,,,1,,,,,2016-11-09
2841344,Basketball Cards 2016 Panini Prizm,Monta Ellis [Ruby Wave Prizm] #183,$1.39,,,,,,,,,,,,$1.49,,,,,,1,,,,,2016-11-09
2840850,Basketball Cards 2016 Panini Prizm,Monta Ellis [Silver Prizm] #183,$0.99,,,,,,,,,,,,$1.09,,,,,,1,,,,,2016-11-09
2841088,Basketball Cards 2016 Panini Prizm,Monta Ellis [Starburst Prizm] #183,$2.46,,,,,,,,,,,,$2.69,,,,,,1,,,,,2016-11-09
2842876,Basketball Cards 2016 Panini Prizm,Monta Ellis [Teal Wave Prizm] #183,$7.66,,,,,,,,,,,$1.70,$8.39,,,,,,1,,,,,2016-11-09
2840379,Basketball Cards 2016 Panini Prizm,Myles Turner #186,$0.99,,,,,,,,,,,,$1.09,,,,,,1,,,,,2016-11-09
12351597,Basketball Cards 2016 Panini Prizm,Myles Turner [5th Anniversary Mojo] #186,,,,,,,,,,,,,,,,,,,0,,,,,2016-11-09
2843393,Basketball Cards 2016 Panini Prizm,Myles Turner [5th Anniversary Prizm] #186,,,,,,,,,,,,,,,,,,,0,,,,,2016-11-09
12351330,Basketball Cards 2016 Panini Prizm,Myles Turner [Black Prizm] #186,,,,,,,,,,,,,,,,,,,0,,,,,2016-11-09
2841604,Basketball Cards 2016 Panini Prizm,Myles Turner [Blue Wave Prizm] #186,$3.41,,,,,,,,,,,$0.80,$3.79,,,,,,1,,,,,2016-11-09
2843129,Basketball Cards 2016 Panini Prizm,Myles Turner [Gold Prizm] #186,,,,,,,,,,,,,,,,,,,0,,,,,2016-11-09
128038,Basketball Cards 2016 Panini Prizm,Myles Turner [Green Prizm] #186,$1.40,,,,,,,,,,,,$1.49,,,,,,1,,,,,2016-11-09
2842627,Basketball Cards 2016 Panini Prizm,Myles Turner [Mojo Prizm] #186,,,,,,,,,,,,,,,,,,,0,,,,,2016-11-09
2842111,Basketball Cards 2016 Panini Prizm,Myles Turner [Orange Prizm] #186,$8.30,,,,,,,,,,,$1.80,$9.09,,,,,,1,,,,,2016-11-09
2842370,Basketball Cards 2016 Panini Prizm,Myles Turner [Orange Wave Prizm] #186,$5.53,,,,,,,,,,,$1.20,$6.09,,,,,,1,,,,,2016-11-09
2841858,Basketball Cards 2016 Panini Prizm,Myles Turner [Purple Prizm] #186,$5.22,,,,,,,,,,,$1.10,$5.69,,,,,,1,,,,,2016-11-09
2841347,Basketball Cards 2016 Panini Prizm,Myles Turner [Ruby Wave Prizm] #186,,,,,,,,,,,,,,,,,,,0,,,,,2016-11-09
2840853,Basketball Cards 2016 Panini Prizm,Myles Turner [Silver Prizm] #186,$0.99,,,,,$9.50,$12.00,$6.00,$6.00,,,,$1.09,,,,,,2,,,,,2016-11-09
2841090,Basketball Cards 2016 Panini Prizm,Myles Turner [Starburst Prizm] #186,$1.39,,,,,,,,,,,,$1.49,,,,,,1,,,,,2016-11-09
128039,Basketball Cards 2016 Panini Prizm,Myles Turner [Teal Wave Prizm] #186,,,,,,,,,,,,,,,,,,,0,,,,,2016-11-09
2840415,Basketball Cards 2016 Panini Prizm,Nene #227,$0.99,,,,,,,,,,,,$1.09,,,,,,1,,,,,2016-11-09
12351638,Basketball Cards 2016 Panini Prizm,Nene [5th Anniversary Mojo] #227,,,,,,,,,,,,,,,,,,,0,,,,,2016-11-09
2843431,Basketball Cards 2016 Panini Prizm,Nene [5th Anniversary Prizm] #227,,,,,,,,,,,,,,,,,,,0,,,,,2016-11-09
12351267,Basketball Cards 2016 Panini Prizm,Nene [Black Prizm] #227,,,,,,,,,,,,,,,,,,,0,,,,,2016-11-09
2841640,Basketball Cards 2016 Panini Prizm,Nene [Blue Wave Prizm] #227,$1.80,,,,,,,,,,,,$1.99,,,,,,1,,,,,2016-11-09
2843163,Basketball Cards 2016 Panini Prizm,Nene [Gold Prizm] #227,$31.69,,,,,,,,,,,$10.50,$34.99,,,,,,1,,,,,2016-11-09
2840660,Basketball Cards 2016 Panini Prizm,Nene [Green Prizm] #227,$0.99,,,,,,,,,,,,$1.09,,,,,,1,,,,,2016-11-09
2842660,Basketball Cards 2016 Panini Prizm,Nene [Mojo Prizm] #227,$12.04,,,,,,,,,,,$3.30,$12.99,,,,,,1,,,,,2016-11-09
2842146,Basketball Cards 2016 Panini Prizm,Nene [Orange Prizm] #227,$1.94,,,,,,,,,,,,$2.09,,,,,,1,,,,,2016-11-09
2842403,Basketball Cards 2016 Panini Prizm,Nene [Orange Wave Prizm] #227,$5.99,,,,,$7.55,$10.00,$5.00,$5.00,,,$1.30,$6.59,,,,,,2,,,,,2016-11-09
2841895,Basketball Cards 2016 Panini Prizm,Nene [Purple Prizm] #227,$2.00,,,,,,,,,,,,$2.19,,,,,,1,,,,,2016-11-09
2841384,Basketball Cards 2016 Panini Prizm,Nene [Ruby Wave Prizm] #227,$1.00,,,,,,,,,,,,$1.09,,,,,,1,,,,,2016-11-09
2840883,Basketball Cards 2016 Panini Prizm,Nene [Silver Prizm] #227,$1.80,,,,,,,,,,,,$1.99,,,,,,1,,,,,2016-11-09
2841125,Basketball Cards 2016 Panini Prizm,Nene [Starburst Prizm] #227,$0.25,,,,,,,,,,,,$0.99,,,,,,0,,,,,2016-11-09
2842913,Basketball Cards 2016 Panini Prizm,Nene [Teal Wave Prizm] #227,$4.27,,,,,,,,,,,$0.90,$4.69,,,,,,1,,,,,2016-11-09
2840224,Basketball Cards 2016 Panini Prizm,Nerlens Noel #7,$2.00,,,,,,,,,,,,$2.19,,,,,,0,,,,,2016-11-09
12351420,Basketball Cards 2016 Panini Prizm,Nerlens Noel [5th Anniversary Mojo] #7,,,,,,,,,,,,,,,,,,,0,,,,,2016-11-09
2843225,Basketball Cards 2016 Panini Prizm,Nerlens Noel [5th Anniversary Prizm] #7,$46.54,,,,,,,,,,,$20.40,$50.99,,,,,,0,,,,,2016-11-09
12351098,Basketball Cards 2016 Panini Prizm,Nerlens Noel [Black Prizm] #7,,,,,,,,,,,,,,,,,,,0,,,,,2016-11-09
2841448,Basketball Cards 2016 Panini Prizm,Nerlens Noel [Blue Wave Prizm] #7,$1.24,,,,,,,,,,,,$1.39,,,,,,1,,,,,2016-11-09
2842976,Basketball Cards 2016 Panini Prizm,Nerlens Noel [Gold Prizm] #7,$6.50,,,,,,,,,,,$1.40,$7.19,,,,,,1,,,,,2016-11-09
2840475,Basketball Cards 2016 Panini Prizm,Nerlens Noel [Green Prizm] #7,$1.11,,,,,,,,,,,,$1.19,,,,,,1,,,,,2016-11-09
2842468,Basketball Cards 2016 Panini Prizm,Nerlens Noel [Mojo Prizm] #7,$8.00,,,,,,,,,,,$1.80,$8.79,,,,,,0,,,,,2016-11-09
2841959,Basketball Cards 2016 Panini Prizm,Nerlens Noel [Orange Prizm] #7,$2.81,,,,,,,,,,,,$3.09,,,,,,1,,,,,2016-11-09
2842212,Basketball Cards 2016 Panini Prizm,Nerlens Noel [Orange Wave Prizm] #7,,,,,,,,,,,,,,,,,,,0,,,,,2016-11-09
2841701,Basketball Cards 2016 Panini Prizm,Nerlens Noel [Purple Prizm] #7,$2.83,,,,,,,,,,,,$3.09,,,,,,1,,,,,2016-11-09
2841183,Basketball Cards 2016 Panini Prizm,Nerlens Noel [Ruby Wave Prizm] #7,,,,,,,,,,,,,,,,,,,0,,,,,2016-11-09
2840722,Basketball Cards 2016 Panini Prizm,Nerlens Noel [Silver Prizm] #7,$1.68,,,,,,,,,,,,$1.89,,,,,,1,,,,,2016-11-09
2840940,Basketball Cards 2016 Panini Prizm,Nerlens Noel [Starburst Prizm] #7,$0.25,,,,,,,,,,,,$0.99,,,,,,0,,,,,2016-11-09
2842724,Basketball Cards 2016 Panini Prizm,Nerlens Noel [Teal Wave Prizm] #7,$9.73,,,,,,,,,,,$2.80,$10.99,,,,,,0,,,,,2016-11-09
2840294,Basketball Cards 2016 Panini Prizm,Nicolas Batum #92,$1.38,,,,,,,,,,,,$1.49,,,,,,1,,,,,2016-11-09
12351565,Basketball Cards 2016 Panini Prizm,Nicolas Batum [5th Anniversary Mojo] #92,,,,,,,,,,,,,,,,,,,0,,,,,2016-11-09
2845187,Basketball Cards 2016 Panini Prizm,Nicolas Batum [5th Anniversary Prizm] #92,,,,,,,,,,,,,,,,,,,0,,,,,2016-11-09
12351191,Basketball Cards 2016 Panini Prizm,Nicolas Batum [Black Prizm] #92,,,,,,,,,,,,,,,,,,,0,,,,,2016-11-09
2841521,Basketball Cards 2016 Panini Prizm,Nicolas Batum [Blue Wave Prizm] #92,$0.99,,,,,,,,,,,,$1.09,,,,,,1,,,,,2016-11-09
2843046,Basketball Cards 2016 Panini Prizm,Nicolas Batum [Gold Prizm] #92,$41.65,,,,,,,,,,,$18.40,$45.99,,,,,,0,,,,,2016-11-09
2840542,Basketball Cards 2016 Panini Prizm,Nicolas Batum [Green Prizm] #92,$1.15,,,,,,,,,,,,$1.29,,,,,,1,,,,,2016-11-09
2842543,Basketball Cards 2016 Panini Prizm,Nicolas Batum [Mojo Prizm] #92,,,,,,,,,,,,,,,,,,,0,,,,,2016-11-09
2842030,Basketball Cards 2016 Panini Prizm,Nicolas Batum [Orange Prizm] #92,$5.96,,,,,,,,,,,$1.30,$6.59,,,,,,1,,,,,2016-11-09
2842285,Basketball Cards 2016 Panini Prizm,Nicolas Batum [Orange Wave Prizm] #92,$35.04,,,,,,,,,,,$15.60,$38.99,,,,,,0,,,,,2016-11-09
2841776,Basketball Cards 2016 Panini Prizm,Nicolas Batum [Purple Prizm] #92,$1.50,,,,,,,,,,,,$1.69,,,,,,1,,,,,2016-11-09
2841258,Basketball Cards 2016 Panini Prizm,Nicolas Batum [Ruby Wave Prizm] #92,$1.20,,,,,,,,,,,,$1.29,,,,,,1,,,,,2016-11-09
2840779,Basketball Cards 2016 Panini Prizm,Nicolas Batum [Silver Prizm] #92,$0.69,,,,,,,,,,,,$0.99,,,,,,1,,,,,2016-11-09
2845167,Basketball Cards 2016 Panini Prizm,Nicolas Batum [Starburst Prizm] #92,$0.25,,,,,,,,,,,,$0.99,,,,,,0,,,,,2016-11-09
2842794,Basketball Cards 2016 Panini Prizm,Nicolas Batum [Teal Wave Prizm] #92,$3.41,,,,,,,,,,,$0.80,$3.79,,,,,,1,,,,,2016-11-09
2840227,Basketball Cards 2016 Panini Prizm,Nik Stauskas #10,$1.49,,,,,,,,,,,,$1.59,,,,,,1,,,,,2016-11-09
12351423,Basketball Cards 2016 Panini Prizm,Nik Stauskas [5th Anniversary Mojo] #10,,,,,,,,,,,,,,,,,,,0,,,,,2016-11-09
2843228,Basketball Cards 2016 Panini Prizm,Nik Stauskas [5th Anniversary Prizm] #10,$2.99,,,,,,,,,,,,$3.29,,,,,,1,,,,,2016-11-09
12351101,Basketball Cards 2016 Panini Prizm,Nik Stauskas [Black Prizm] #10,,,,,,,,,,,,,,,,,,,0,,,,,2016-11-09
2841451,Basketball Cards 2016 Panini Prizm,Nik Stauskas [Blue Wave Prizm] #10,$0.99,,,,,,,,,,,,$1.09,,,,,,1,,,,,2016-11-09
2842979,Basketball Cards 2016 Panini Prizm,Nik Stauskas [Gold Prizm] #10,$14.99,,,,,,,,,,,$4.00,$15.99,,,,,,1,,,,,2016-11-09
2840478,Basketball Cards 2016 Panini Prizm,Nik Stauskas [Green Prizm] #10,$0.25,,,,,,,,,,,,$0.99,,,,,,0,,,,,2016-11-09
2842471,Basketball Cards 2016 Panini Prizm,Nik Stauskas [Mojo Prizm] #10,$4.99,,,,,,,,,,,$1.10,$5.49,,,,,,1,,,,,2016-11-09
2841962,Basketball Cards 2016 Panini Prizm,Nik Stauskas [Orange Prizm] #10,$4.99,,,,,,,,,,,$1.10,$5.49,,,,,,0,,,,,2016-11-09
2842215,Basketball Cards 2016 Panini Prizm,Nik Stauskas [Orange Wave Prizm] #10,$4.99,,,,,,,,,,,$1.10,$5.49,,,,,,1,,,,,2016-11-09
2841704,Basketball Cards 2016 Panini Prizm,Nik Stauskas [Purple Prizm] #10,$2.01,,,,,,,,,,,,$2.19,,,,,,1,,,,,2016-11-09
2841186,Basketball Cards 2016 Panini Prizm,Nik Stauskas [Ruby Wave Prizm] #10,,,,,,,,,,,,,,,,,,,0,,,,,2016-11-09
2840724,Basketball Cards 2016 Panini Prizm,Nik Stauskas [Silver Prizm] #10,$1.54,,,,,,,,,,,,$1.69,,,,,,3,,,,,2016-11-09
2840943,Basketball Cards 2016 Panini Prizm,Nik Stauskas [Starburst Prizm] #10,$0.25,,,,,,,,,,,,$0.99,,,,,,0,,,,,2016-11-09
2842727,Basketball Cards 2016 Panini Prizm,Nik Stauskas [Teal Wave Prizm] #10,$4.99,,,,,,,,,,,$1.10,$5.49,,,,,,1,,,,,2016-11-09
2840368,Basketball Cards 2016 Panini Prizm,Nikola Jokic #174,$12.99,,$15.17,$83.26,$92.00,$100.00,$130.00,$60.00,$45.00,,,$3.50,$13.99,,,$4.30,$16.99,,54,,,,,2016-11-09
12351585,Basketball Cards 2016 Panini Prizm,Nikola Jokic [5th Anniversary Mojo] #174,,,,,,,,,,,,,,,,,,,0,,,,,2016-11-09
2843382,Basketball Cards 2016 Panini Prizm,Nikola Jokic [5th Anniversary Prizm] #174,$7.50,,,,,,,,,,,$1.70,$8.29,,,,,,1,,,,,2016-11-09
12351297,Basketball Cards 2016 Panini Prizm,Nikola Jokic [Black Prizm] #174,,,,,,,,,,,,,,,,,,,0,,,,,2016-11-09
2841593,Basketball Cards 2016 Panini Prizm,Nikola Jokic [Blue Wave Prizm] #174,$50.00,,$85.00,$94.00,$103.00,$235.00,$306.00,$141.00,$141.00,,,$22.00,$54.99,,,$37.60,$93.99,,6,,,,,2016-11-09
128018,Basketball Cards 2016 Panini Prizm,Nikola Jokic [Gold Prizm] #174,$1226.72,,,,,,,,,,,$809.40,$1349.00,,,,,,1,,,,,2016-11-09
2840614,Basketball Cards 2016 Panini Prizm,Nikola Jokic [Green Prizm] #174,$28.31,,,$32.26,$35.00,$85.50,$111.00,$51.00,$51.00,,,$9.30,$30.99,,,,,,5,,,,,2016-11-09
2842617,Basketball Cards 2016 Panini Prizm,Nikola Jokic [Mojo Prizm] #174,,,,$400.00,$440.00,,,,,,,,,,,,,,2,,,,,2016-11-09
2842101,Basketball Cards 2016 Panini Prizm,Nikola Jokic [Orange Prizm] #174,$69.99,,,$76.12,$84.00,$178.99,$233.00,$107.00,$107.00,,,$30.80,$76.99,,,,,,3,,,,,2016-11-09
128019,Basketball Cards 2016 Panini Prizm,Nikola Jokic [Orange Wave Prizm] #174,$125.25,,,,,$266.00,$346.00,$160.00,$160.00,,,$69.00,$138.00,,,,,,2,,,,,2016-11-09
128020,Basketball Cards 2016 Panini Prizm,Nikola Jokic [Purple Prizm] #174,$62.55,,,$112.47,$124.00,$194.25,$253.00,$117.00,$117.00,,,$27.60,$68.99,,,,,,3,,,,,2016-11-09
2841336,Basketball Cards 2016 Panini Prizm,Nikola Jokic [Ruby Wave Prizm] #174,$32.56,,,,,$91.68,$119.00,$55.00,$55.00,,,$14.40,$35.99,,,,,,2,,,,,2016-11-09
128021,Basketball Cards 2016 Panini Prizm,Nikola Jokic [Silver Prizm] #174,$51.63,,$39.95,$69.62,$75.52,$223.11,$290.00,$134.00,$134.00,,,$22.80,$56.99,,,$17.60,$43.99,,25,,,,,2016-11-09
128022,Basketball Cards 2016 Panini Prizm,Nikola Jokic [Starburst Prizm] #174,$27.29,,$65.00,$90.66,$100.00,$145.27,$189.00,$87.00,$87.00,,,$9.00,$29.99,,,$28.80,$71.99,,12,,,,,2016-11-09
2842867,Basketball Cards 2016 Panini Prizm,Nikola Jokic [Teal Wave Prizm] #174,$228.00,,,,,$465.00,$605.00,$279.00,$279.00,,,$125.50,$251.00,,,,,,2,,,,,2016-11-09
2840240,Basketball Cards 2016 Panini Prizm,Nikola Mirotic #29,$1.24,,,,,,,,,,,,$1.39,,,,,,1,,,,,2016-11-09
12351442,Basketball Cards 2016 Panini Prizm,Nikola Mirotic [5th Anniversary Mojo] #29,,,,,,,,,,,,,,,,,,,0,,,,,2016-11-09
2843245,Basketball Cards 2016 Panini Prizm,Nikola Mirotic [5th Anniversary Prizm] #29,$20.94,,,,,,,,,,,$6.90,$22.99,,,,,,0,,,,,2016-11-09
12351120,Basketball Cards 2016 Panini Prizm,Nikola Mirotic [Black Prizm] #29,,,,,,,,,,,,,,,,,,,0,,,,,2016-11-09
2841466,Basketball Cards 2016 Panini Prizm,Nikola Mirotic [Blue Wave Prizm] #29,$2.25,,,,,,,,,,,,$2.49,,,,,,1,,,,,2016-11-09
2842995,Basketball Cards 2016 Panini Prizm,Nikola Mirotic [Gold Prizm] #29,$9.50,,,,,,,,,,,$2.00,$9.99,,,,,,1,,,,,2016-11-09
2840492,Basketball Cards 2016 Panini Prizm,Nikola Mirotic [Green Prizm] #29,$1.68,,,,,,,,,,,,$1.89,,,,,,1,,,,,2016-11-09
2842488,Basketball Cards 2016 Panini Prizm,Nikola Mirotic [Mojo Prizm] #29,$3.41,,,,,,,,,,,$0.80,$3.79,,,,,,0,,,,,2016-11-09
2841976,Basketball Cards 2016 Panini Prizm,Nikola Mirotic [Orange Prizm] #29,$2.27,,,,,,,,,,,,$2.49,,,,,,1,,,,,2016-11-09
2842229,Basketball Cards 2016 Panini Prizm,Nikola Mirotic [Orange Wave Prizm] #29,,,,,,,,,,,,,,,,,,,0,,,,,2016-11-09
2841720,Basketball Cards 2016 Panini Prizm,Nikola Mirotic [Purple Prizm] #29,$1.60,,,,,,,,,,,,$1.79,,,,,,1,,,,,2016-11-09
2841202,Basketball Cards 2016 Panini Prizm,Nikola Mirotic [Ruby Wave Prizm] #29,,,,,,,,,,,,,,,,,,,0,,,,,2016-11-09
2840736,Basketball Cards 2016 Panini Prizm,Nikola Mirotic [Silver Prizm] #29,$0.99,,,,,,,,,,,,$1.09,,,,,,1,,,,,2016-11-09
2840957,Basketball Cards 2016 Panini Prizm,Nikola Mirotic [Starburst Prizm] #29,$0.99,,,,,,,,,,,,$1.09,,,,,,1,,,,,2016-11-09
2842743,Basketball Cards 2016 Panini Prizm,Nikola Mirotic [Teal Wave Prizm] #29,$5.99,,,,,,,,,,,$1.30,$6.59,,,,,,1,,,,,2016-11-09
2840445,Basketball Cards 2016 Panini Prizm,Nikola Pekovic #267,$0.99,,,,,,,,,,,,$1.09,,,,,,1,,,,,2016-11-09
12351678,Basketball Cards 2016 Panini Prizm,Nikola Pekovic [5th Anniversary Mojo] #267,,,,,,,,,,,,,,,,,,,0,,,,,2016-11-09
2843467,Basketball Cards 2016 Panini Prizm,Nikola Pekovic [5th Anniversary Prizm] #267,,,,,,,,,,,,,,,,,,,0,,,,,2016-11-09
12351365,Basketball Cards 2016 Panini Prizm,Nikola Pekovic [Black Prizm] #267,,,,,,,,,,,,,,,,,,,0,,,,,2016-11-09
2841669,Basketball Cards 2016 Panini Prizm,Nikola Pekovic [Blue Wave Prizm] #267,$2.24,,,,,,,,,,,,$2.49,,,,,,2,,,,,2016-11-09
2843194,Basketball Cards 2016 Panini Prizm,Nikola Pekovic [Gold Prizm] #267,$23.78,,,$16.50,$18.00,,,,,,,$7.80,$25.99,,,,,,2,,,,,2016-11-09
2840690,Basketball Cards 2016 Panini Prizm,Nikola Pekovic [Green Prizm] #267,$1.49,,,,,,,,,,,,$1.59,,,,,,2,,,,,2016-11-09
2842693,Basketball Cards 2016 Panini Prizm,Nikola Pekovic [Mojo Prizm] #267,$4.25,,,,,,,,,,,$0.90,$4.69,,,,,,1,,,,,2016-11-09
2842179,Basketball Cards 2016 Panini Prizm,Nikola Pekovic [Orange Prizm] #267,$2.00,,,,,,,,,,,,$2.19,,,,,,2,,,,,2016-11-09
2842435,Basketball Cards 2016 Panini Prizm,Nikola Pekovic [Orange Wave Prizm] #267,$9.95,,,,,,,,,,,$2.80,$10.99,,,,,,1,,,,,2016-11-09
2841927,Basketball Cards 2016 Panini Prizm,Nikola Pekovic [Purple Prizm] #267,$2.99,,,,,,,,,,,,$3.29,,,,,,1,,,,,2016-11-09
2841415,Basketball Cards 2016 Panini Prizm,Nikola Pekovic [Ruby Wave Prizm] #267,$1.37,,,,,,,,,,,,$1.49,,,,,,1,,,,,2016-11-09
2840908,Basketball Cards 2016 Panini Prizm,Nikola Pekovic [Silver Prizm] #267,$0.99,,,,,,,,,,,,$1.09,,,,,,1,,,,,2016-11-09
2841154,Basketball Cards 2016 Panini Prizm,Nikola Pekovic [Starburst Prizm] #267,$1.88,,,,,,,,,,,,$2.09,,,,,,1,,,,,2016-11-09
2842943,Basketball Cards 2016 Panini Prizm,Nikola Pekovic [Teal Wave Prizm] #267,$10.89,,,,,,,,,,,$3.00,$11.99,,,,,,1,,,,,2016-11-09
2840339,Basketball Cards 2016 Panini Prizm,Nikola Vucevic #142,$0.99,,,,,,,,,,,,$1.09,,,,,,1,,,,,2016-11-09
12351535,Basketball Cards 2016 Panini Prizm,Nikola Vucevic [5th Anniversary Mojo] #142,,,,,,,,,,,,,,,,,,,0,,,,,2016-11-09
2843351,Basketball Cards 2016 Panini Prizm,Nikola Vucevic [5th Anniversary Prizm] #142,$9.99,,,,,,,,,,,$2.80,$10.99,,,,,,1,,,,,2016-11-09
12351242,Basketball Cards 2016 Panini Prizm,Nikola Vucevic [Black Prizm] #142,,,,,,,,,,,,,,,,,,,0,,,,,2016-11-09
2841563,Basketball Cards 2016 Panini Prizm,Nikola Vucevic [Blue Wave Prizm] #142,$0.99,,,,,,,,,,,,$1.09,,,,,,1,,,,,2016-11-09
2843088,Basketball Cards 2016 Panini Prizm,Nikola Vucevic [Gold Prizm] #142,,,,,,,,,,,,,,,,,,,0,,,,,2016-11-09
2840585,Basketball Cards 2016 Panini Prizm,Nikola Vucevic [Green Prizm] #142,$0.25,,,,,,,,,,,,$0.99,,,,,,0,,,,,2016-11-09
2842587,Basketball Cards 2016 Panini Prizm,Nikola Vucevic [Mojo Prizm] #142,,,,,,,,,,,,,,,,,,,0,,,,,2016-11-09
2842072,Basketball Cards 2016 Panini Prizm,Nikola Vucevic [Orange Prizm] #142,$3.00,,$7.44,$15.95,$32.01,$40.17,$52.00,$24.00,$24.00,,,,$3.29,,,$1.60,$8.19,,6,,,,,2016-11-09
2842331,Basketball Cards 2016 Panini Prizm,Nikola Vucevic [Orange Wave Prizm] #142,$12.04,,,,,,,,,,,$3.30,$12.99,,,,,,1,,,,,2016-11-09
2841819,Basketball Cards 2016 Panini Prizm,Nikola Vucevic [Purple Prizm] #142,$1.54,,,,,,,,,,,,$1.69,,,,,,1,,,,,2016-11-09
2841306,Basketball Cards 2016 Panini Prizm,Nikola Vucevic [Ruby Wave Prizm] #142,$2.50,,,,,,,,,,,,$2.79,,,,,,1,,,,,2016-11-09
2840817,Basketball Cards 2016 Panini Prizm,Nikola Vucevic [Silver Prizm] #142,$1.28,,,,,,,,,,,,$1.39,,,,,,1,,,,,2016-11-09
2841052,Basketball Cards 2016 Panini Prizm,Nikola Vucevic [Starburst Prizm] #142,$1.95,,,,,,,,,,,,$2.19,,,,,,1,,,,,2016-11-09
2842838,Basketball Cards 2016 Panini Prizm,Nikola Vucevic [Teal Wave Prizm] #142,$7.01,,,,,,,,,,,$1.50,$7.69,,,,,,1,,,,,2016-11-09
2840407,Basketball Cards 2016 Panini Prizm,Norman Powell #217,$0.33,,,$2.75,$3.00,$3.99,$5.00,$2.00,$2.00,,,,$0.99,,,,,,3,,,,,2016-11-09
12351628,Basketball Cards 2016 Panini Prizm,Norman Powell [5th Anniversary Mojo] #217,,,,,,,,,,,,,,,,,,,0,,,,,2016-11-09
2843424,Basketball Cards 2016 Panini Prizm,Norman Powell [5th Anniversary Prizm] #217,,,,,,,,,,,,,,,,,,,0,,,,,2016-11-09
12351248,Basketball Cards 2016 Panini Prizm,Norman Powell [Black Prizm] #217,,,,,,,,,,,,,,,,,,,0,,,,,2016-11-09
2841632,Basketball Cards 2016 Panini Prizm,Norman Powell [Blue Wave Prizm] #217,$2.84,,,,,,,,,,,,$3.09,,,,,,0,,,,,2016-11-09
2843155,Basketball Cards 2016 Panini Prizm,Norman Powell [Gold Prizm] #217,,,,,,,,,,,,,,,,,,,0,,,,,2016-11-09
2840652,Basketball Cards 2016 Panini Prizm,Norman Powell [Green Prizm] #217,$0.25,,,,,,,,,,,,$0.99,,,,,,0,,,,,2016-11-09
128087,Basketball Cards 2016 Panini Prizm,Norman Powell [Mojo Prizm] #217,$6.52,,,$21.50,$24.00,,,,,,,$1.40,$7.19,,,,,,2,,,,,2016-11-09
2842138,Basketball Cards 2016 Panini Prizm,Norman Powell [Orange Prizm] #217,$1.25,,,,,,,,,,,,$1.39,,,,,,1,,,,,2016-11-09
2842396,Basketball Cards 2016 Panini Prizm,Norman Powell [Orange Wave Prizm] #217,$24.99,,,,,,,,,,,$8.10,$26.99,,,,,,0,,,,,2016-11-09
2841886,Basketball Cards 2016 Panini Prizm,Norman Powell [Purple Prizm] #217,$2.99,,,,,,,,,,,,$3.29,,,,,,1,,,,,2016-11-09
2841376,Basketball Cards 2016 Panini Prizm,Norman Powell [Ruby Wave Prizm] #217,$3.69,,,,,,,,,,,$0.80,$4.09,,,,,,1,,,,,2016-11-09
2840876,Basketball Cards 2016 Panini Prizm,Norman Powell [Silver Prizm] #217,$1.26,,,,,,,,,,,,$1.39,,,,,,1,,,,,2016-11-09
2841117,Basketball Cards 2016 Panini Prizm,Norman Powell [Starburst Prizm] #217,$1.26,,,,,,,,,,,,$1.39,,,,,,4,,,,,2016-11-09
2842905,Basketball Cards 2016 Panini Prizm,Norman Powell [Teal Wave Prizm] #217,$9.56,,,,,,,,,,,$2.80,$10.99,,,,,,1,,,,,2016-11-09
2840386,Basketball Cards 2016 Panini Prizm,Omer Asik #195,$1.38,,,,,,,,,,,,$1.49,,,,,,1,,,,,2016-11-09
12351606,Basketball Cards 2016 Panini Prizm,Omer Asik [5th Anniversary Mojo] #195,,,,,,,,,,,,,,,,,,,0,,,,,2016-11-09
2843402,Basketball Cards 2016 Panini Prizm,Omer Asik [5th Anniversary Prizm] #195,$4.11,,,,,,,,,,,$0.90,$4.49,,,,,,1,,,,,2016-11-09
12351342,Basketball Cards 2016 Panini Prizm,Omer Asik [Black Prizm] #195,,,,,,,,,,,,,,,,,,,0,,,,,2016-11-09
2841611,Basketball Cards 2016 Panini Prizm,Omer Asik [Blue Wave Prizm] #195,$0.99,,,,,,,,,,,,$1.09,,,,,,1,,,,,2016-11-09
2843135,Basketball Cards 2016 Panini Prizm,Omer Asik [Gold Prizm] #195,$6.00,,,,,$147.99,$192.00,$89.00,$89.00,,,$1.30,$6.59,,,,,,2,,,,,2016-11-09
2840631,Basketball Cards 2016 Panini Prizm,Omer Asik [Green Prizm] #195,$0.25,,,,,,,,,,,,$0.99,,,,,,0,,,,,2016-11-09
2842634,Basketball Cards 2016 Panini Prizm,Omer Asik [Mojo Prizm] #195,,,,,,,,,,,,,,,,,,,0,,,,,2016-11-09
2842118,Basketball Cards 2016 Panini Prizm,Omer Asik [Orange Prizm] #195,$3.17,,,,,,,,,,,,$3.49,,,,,,1,,,,,2016-11-09
2842376,Basketball Cards 2016 Panini Prizm,Omer Asik [Orange Wave Prizm] #195,$8.00,,,,,,,,,,,$1.80,$8.79,,,,,,1,,,,,2016-11-09
2841864,Basketball Cards 2016 Panini Prizm,Omer Asik [Purple Prizm] #195,$2.62,,,,,,,,,,,,$2.89,,,,,,1,,,,,2016-11-09
2841354,Basketball Cards 2016 Panini Prizm,Omer Asik [Ruby Wave Prizm] #195,,,,,,,,,,,,,,,,,,,0,,,,,2016-11-09
2840859,Basketball Cards 2016 Panini Prizm,Omer Asik [Silver Prizm] #195,$0.99,,,,,,,,,,,,$1.09,,,,,,1,,,,,2016-11-09
2841097,Basketball Cards 2016 Panini Prizm,Omer Asik [Starburst Prizm] #195,$0.99,,,,,,,,,,,,$1.09,,,,,,1,,,,,2016-11-09
2842884,Basketball Cards 2016 Panini Prizm,Omer Asik [Teal Wave Prizm] #195,$13.19,,,,,,,,,,,$3.80,$14.99,,,,,,1,,,,,2016-11-09
2840321,Basketball Cards 2016 Panini Prizm,Omri Casspi #120,$1.49,,,,,,,,,,,,$1.59,,,,,,1,,,,,2016-11-09
12351496,Basketball Cards 2016 Panini Prizm,Omri Casspi [5th Anniversary Mojo] #120,,,,,,,,,,,,,,,,,,,0,,,,,2016-11-09
2843333,Basketball Cards 2016 Panini Prizm,Omri Casspi [5th Anniversary Prizm] #120,$5.13,,,,,,,,,,,$1.10,$5.59,,,,,,1,,,,,2016-11-09
12351209,Basketball Cards 2016 Panini Prizm,Omri Casspi [Black Prizm] #120,,,,,,,,,,,,,,,,,,,0,,,,,2016-11-09
2841547,Basketball Cards 2016 Panini Prizm,Omri Casspi [Blue Wave Prizm] #120,$2.12,,,,,,,,,,,,$2.29,,,,,,1,,,,,2016-11-09
2843071,Basketball Cards 2016 Panini Prizm,Omri Casspi [Gold Prizm] #120,,,,,,,,,,,,,,,,,,,0,,,,,2016-11-09
2840566,Basketball Cards 2016 Panini Prizm,Omri Casspi [Green Prizm] #120,$1.13,,,,,,,,,,,,$1.19,,,,,,1,,,,,2016-11-09
2845185,Basketball Cards 2016 Panini Prizm,Omri Casspi [Mojo Prizm] #120,,,,,,,,,,,,,,,,,,,0,,,,,2016-11-09
2842055,Basketball Cards 2016 Panini Prizm,Omri Casspi [Orange Prizm] #120,$2.53,,,,,,,,,,,,$2.79,,,,,,1,,,,,2016-11-09
2842312,Basketball Cards 2016 Panini Prizm,Omri Casspi [Orange Wave Prizm] #120,$3.41,,,,,,,,,,,$0.80,$3.79,,,,,,1,,,,,2016-11-09
2841801,Basketball Cards 2016 Panini Prizm,Omri Casspi [Purple Prizm] #120,$2.74,,,,,,,,,,,,$2.99,,,,,,1,,,,,2016-11-09
2841285,Basketball Cards 2016 Panini Prizm,Omri Casspi [Ruby Wave Prizm] #120,,,,,,,,,,,,,,,,,,,0,,,,,2016-11-09
2840803,Basketball Cards 2016 Panini Prizm,Omri Casspi [Silver Prizm] #120,$1.50,,,$3.25,$7.00,,,,,,,,$1.69,,,,,,3,,,,,2016-11-09
2841035,Basketball Cards 2016 Panini Prizm,Omri Casspi [Starburst Prizm] #120,$1.55,,,$6.50,$7.00,,,,,,,,$1.69,,,,,,2,,,,,2016-11-09
2842821,Basketball Cards 2016 Panini Prizm,Omri Casspi [Teal Wave Prizm] #120,$15.20,,,,,,,,,,,$4.30,$16.99,,,,,,1,,,,,2016-11-09
2840470,Basketball Cards 2016 Panini Prizm,Otto Porter #298,$0.99,,,,,,,,,,,,$1.09,,,,,,1,,,,,2016-11-09
12351709,Basketball Cards 2016 Panini Prizm,Otto Porter [5th Anniversary Mojo] #298,,,,,,,,,,,,,,,,,,,0,,,,,2016-11-09
2843496,Basketball Cards 2016 Panini Prizm,Otto Porter [5th Anniversary Prizm] #298,,,,,,,,,,,,,,,,,,,0,,,,,2016-11-09
12351381,Basketball Cards 2016 Panini Prizm,Otto Porter [Black Prizm] #298,,,,,,,,,,,,,,,,,,,0,,,,,2016-11-09
2841696,Basketball Cards 2016 Panini Prizm,Otto Porter [Blue Wave Prizm] #298,$1.22,,,,,,,,,,,,$1.29,,,,,,1,,,,,2016-11-09
2843218,Basketball Cards 2016 Panini Prizm,Otto Porter [Gold Prizm] #298,,,,,,,,,,,,,,,,,,,0,,,,,2016-11-09
2840717,Basketball Cards 2016 Panini Prizm,Otto Porter [Green Prizm] #298,$0.25,,,,,,,,,,,,$0.99,,,,,,0,,,,,2016-11-09
2842719,Basketball Cards 2016 Panini Prizm,Otto Porter [Mojo Prizm] #298,$0.99,,,,,,,,,,,,$1.09,,,,,,1,,,,,2016-11-09
2842204,Basketball Cards 2016 Panini Prizm,Otto Porter [Orange Prizm] #298,$2.25,,,,,,,,,,,,$2.49,,,,,,1,,,,,2016-11-09
2842461,Basketball Cards 2016 Panini Prizm,Otto Porter [Orange Wave Prizm] #298,$3.01,,,,,,,,,,,,$3.29,,,,,,1,,,,,2016-11-09
2841954,Basketball Cards 2016 Panini Prizm,Otto Porter [Purple Prizm] #298,$1.39,,,,,,,,,,,,$1.49,,,,,,1,,,,,2016-11-09
2841442,Basketball Cards 2016 Panini Prizm,Otto Porter [Ruby Wave Prizm] #298,,,,,,,,,,,,,,,,,,,0,,,,,2016-11-09
2840934,Basketball Cards 2016 Panini Prizm,Otto Porter [Silver Prizm] #298,$0.25,,,,,,,,,,,,$0.99,,,,,,0,,,,,2016-11-09
2841177,Basketball Cards 2016 Panini Prizm,Otto Porter [Starburst Prizm] #298,$0.25,,,,,,,,,,,,$0.99,,,,,,0,,,,,2016-11-09
2842971,Basketball Cards 2016 Panini Prizm,Otto Porter [Teal Wave Prizm] #298,$7.44,,,,,,,,,,,$1.60,$8.19,,,,,,1,,,,,2016-11-09
128088,Basketball Cards 2016 Panini Prizm,Pascal Siakam #220,$2.99,$5.00,$6.26,$7.70,$16.00,$16.50,$21.00,$10.00,$10.00,,,,$3.29,$1.10,$5.49,$1.40,$6.89,,93,,,,,2016-11-09
12351631,Basketball Cards 2016 Panini Prizm,Pascal Siakam [5th Anniversary Mojo] #220,,,,,,,,,,,,,,,,,,,0,,,,,2016-11-09
128089,Basketball Cards 2016 Panini Prizm,Pascal Siakam [5th Anniversary Prizm] #220,,,,,,,,,,,,,,,,,,,0,,,,,2016-11-09
12351254,Basketball Cards 2016 Panini Prizm,Pascal Siakam [Black Prizm] #220,,,,,,,,,,,,,,,,,,,0,,,,,2016-11-09
128090,Basketball Cards 2016 Panini Prizm,Pascal Siakam [Blue Wave Prizm] #220,$67.50,,,$70.00,$70.67,$145.75,$189.00,$87.00,$87.00,,,$29.60,$73.99,,,,,,7,,,,,2016-11-09
128091,Basketball Cards 2016 Panini Prizm,Pascal Siakam [Gold Prizm] #220,,,,,$850.00,$4493.00,$5841.00,$2696.00,$2696.00,,,,,,,,,,2,,,,,2016-11-09
128092,Basketball Cards 2016 Panini Prizm,Pascal Siakam [Green Prizm] #220,$9.91,$50.00,,$20.00,$24.99,$29.66,$39.00,$18.00,$18.00,,,$2.80,$10.99,$22.00,$54.99,,,,17,,,,,2016-11-09
128093,Basketball Cards 2016 Panini Prizm,Pascal Siakam [Mojo Prizm] #220,$201.50,,,$146.16,$202.50,$632.15,$822.00,$379.00,$379.00,,,$111.00,$222.00,,,,,,4,,,,,2016-11-09
128094,Basketball Cards 2016 Panini Prizm,Pascal Siakam [Orange Prizm] #220,$59.99,,,$157.00,$173.00,$280.00,$364.00,$168.00,$168.00,,,$26.40,$65.99,,,,,,3,,,,,2016-11-09
128095,Basketball Cards 2016 Panini Prizm,Pascal Siakam [Orange Wave Prizm] #220,$299.00,,,$36.00,$252.00,$256.88,$334.00,$154.00,$154.00,,,$164.50,$329.00,,,,,,4,,,,,2016-11-09
128096,Basketball Cards 2016 Panini Prizm,Pascal Siakam [Purple Prizm] #220,$38.06,,,$56.75,$77.83,$760.00,$988.00,$456.00,$456.00,,,$16.80,$41.99,,,,,,4,,,,,2016-11-09
128097,Basketball Cards 2016 Panini Prizm,Pascal Siakam [Ruby Wave Prizm] #220,$58.50,,,$18.50,$29.58,$42.00,$55.00,$25.00,$25.00,,,$25.60,$63.99,,,,,,7,,,,,2016-11-09
128098,Basketball Cards 2016 Panini Prizm,Pascal Siakam [Silver Prizm] #220,$12.34,,$5.99,$34.94,$38.00,$47.50,$685.00,$29.00,$29.00,,,$3.50,$13.99,,,$1.30,$6.59,,34,,,,,2016-11-09
128099,Basketball Cards 2016 Panini Prizm,Pascal Siakam [Starburst Prizm] #220,$12.99,$11.04,$13.20,$18.26,$20.00,$75.00,$98.00,$45.00,$45.00,,,$3.50,$13.99,$3.00,$11.99,$3.80,$14.99,,22,,,,,2016-11-09
128100,Basketball Cards 2016 Panini Prizm,Pascal Siakam [Teal Wave Prizm] #220,$84.88,,,$110.00,$121.00,$657.50,$855.00,$395.00,$395.00,,,$37.20,$92.99,,,,,,3,,,,,2016-11-09
2840411,Basketball Cards 2016 Panini Prizm,Patrick Beverley #223,$0.99,,,,,,,,,,,,$1.09,,,,,,1,,,,,2016-11-09
12351634,Basketball Cards 2016 Panini Prizm,Patrick Beverley [5th Anniversary Mojo] #223,,,,,,,,,,,,,,,,,,,0,,,,,2016-11-09
2843427,Basketball Cards 2016 Panini Prizm,Patrick Beverley [5th Anniversary Prizm] #223,,,,,,,,,,,,,,,,,,,0,,,,,2016-11-09
12351259,Basketball Cards 2016 Panini Prizm,Patrick Beverley [Black Prizm] #223,,,,,,,,,,,,,,,,,,,0,,,,,2016-11-09
2841636,Basketball Cards 2016 Panini Prizm,Patrick Beverley [Blue Wave Prizm] #223,$2.99,,,,,,,,,,,,$3.29,,,,,,0,,,,,2016-11-09
2843159,Basketball Cards 2016 Panini Prizm,Patrick Beverley [Gold Prizm] #223,,,,,,,,,,,,,,,,,,,0,,,,,2016-11-09
2840656,Basketball Cards 2016 Panini Prizm,Patrick Beverley [Green Prizm] #223,$1.11,,,,,,,,,,,,$1.19,,,,,,1,,,,,2016-11-09
2842657,Basketball Cards 2016 Panini Prizm,Patrick Beverley [Mojo Prizm] #223,$12.04,,,,,,,,,,,$3.30,$12.99,,,,,,1,,,,,2016-11-09
2842142,Basketball Cards 2016 Panini Prizm,Patrick Beverley [Orange Prizm] #223,$2.97,,,,,,,,,,,,$3.29,,,,,,1,,,,,2016-11-09
2845183,Basketball Cards 2016 Panini Prizm,Patrick Beverley [Orange Wave Prizm] #223,$3.66,,,,,$17.51,$23.00,$11.00,$11.00,,,$0.80,$3.99,,,,,,2,,,,,2016-11-09
2841891,Basketball Cards 2016 Panini Prizm,Patrick Beverley [Purple Prizm] #223,$2.41,,,,,,,,,,,,$2.69,,,,,,1,,,,,2016-11-09
2841380,Basketball Cards 2016 Panini Prizm,Patrick Beverley [Ruby Wave Prizm] #223,$1.75,,,,,,,,,,,,$1.89,,,,,,1,,,,,2016-11-09
2840880,Basketball Cards 2016 Panini Prizm,Patrick Beverley [Silver Prizm] #223,$1.20,,,,,,,,,,,,$1.29,,,,,,1,,,,,2016-11-09
2841121,Basketball Cards 2016 Panini Prizm,Patrick Beverley [Starburst Prizm] #223,$0.99,,,,,,,,,,,,$1.09,,,,,,1,,,,,2016-11-09
2842909,Basketball Cards 2016 Panini Prizm,Patrick Beverley [Teal Wave Prizm] #223,,,,,,,,,,,,,,,,,,,0,,,,,2016-11-09
128276,Basketball Cards 2016 Panini Prizm,Patrick McCaw #290,$1.99,,,$4.25,$5.00,$17.50,$23.00,$11.00,$11.00,,,,$2.19,,,,,,5,,,,,2016-11-09
12351701,Basketball Cards 2016 Panini Prizm,Patrick McCaw [5th Anniversary Mojo] #290,,,,,,,,,,,,,,,,,,,0,,,,,2016-11-09
2843488,Basketball Cards 2016 Panini Prizm,Patrick McCaw [5th Anniversary Prizm] #290,,,,,,,,,,,,,,,,,,,0,,,,,2016-11-09
12351373,Basketball Cards 2016 Panini Prizm,Patrick McCaw [Black Prizm] #290,,,,,,,,,,,,,,,,,,,0,,,,,2016-11-09
128277,Basketball Cards 2016 Panini Prizm,Patrick McCaw [Blue Wave Prizm] #290,$2.17,,,$9.99,$11.00,$59.99,$78.00,$36.00,$36.00,,,,$2.39,,,,,,4,,,,,2016-11-09
128278,Basketball Cards 2016 Panini Prizm,Patrick McCaw [Gold Prizm] #290,,,,,,$80.75,$105.00,$48.00,$48.00,,,,,,,,,,1,,,,,2016-11-09
128279,Basketball Cards 2016 Panini Prizm,Patrick McCaw [Green Prizm] #290,$1.25,,,$7.17,$8.00,$9.95,$13.00,$6.00,$6.00,,,,$1.39,,,,,,3,,,,,2016-11-09
2842713,Basketball Cards 2016 Panini Prizm,Patrick McCaw [Mojo Prizm] #290,$16.64,,,,$10.50,,,,,,,$4.50,$17.99,,,,,,1,,,,,2016-11-09
129353,Basketball Cards 2016 Panini Prizm,Patrick McCaw [Orange Prizm] #290,$9.99,,,$5.50,$6.00,,,,,,,$2.80,$10.99,,,,,,1,,,,,2016-11-09
128280,Basketball Cards 2016 Panini Prizm,Patrick McCaw [Orange Wave Prizm] #290,,,,,,,,,,,,,,,,,,,0,,,,,2016-11-09
128281,Basketball Cards 2016 Panini Prizm,Patrick McCaw [Purple Prizm] #290,$5.17,,,,,,,,,,,$1.10,$5.69,,,,,,1,,,,,2016-11-09
128282,Basketball Cards 2016 Panini Prizm,Patrick McCaw [Ruby Wave Prizm] #290,$2.90,,,,,,,,,,,,$3.19,,,,,,1,,,,,2016-11-09
128283,Basketball Cards 2016 Panini Prizm,Patrick McCaw [Silver Prizm] #290,$0.99,,,$4.29,$4.99,$16.75,$22.00,$10.00,$10.00,,,,$1.09,,,,,,6,,,,,2016-11-09
128284,Basketball Cards 2016 Panini Prizm,Patrick McCaw [Starburst Prizm] #290,$1.00,,,,,$27.99,$36.00,$17.00,$17.00,,,,$1.09,,,,,,2,,,,,2016-11-09
2842963,Basketball Cards 2016 Panini Prizm,Patrick McCaw [Teal Wave Prizm] #290,,,,,$19.99,,,,,,,,,,,,,,1,,,,,2016-11-09
2840409,Basketball Cards 2016 Panini Prizm,Patrick Patterson #219,$0.99,,,,,,,,,,,,$1.09,,,,,,1,,,,,2016-11-09
12351630,Basketball Cards 2016 Panini Prizm,Patrick Patterson [5th Anniversary Mojo] #219,,,,,,,,,,,,,,,,,,,0,,,,,2016-11-09
2845190,Basketball Cards 2016 Panini Prizm,Patrick Patterson [5th Anniversary Prizm] #219,$3.00,,,,,,,,,,,,$3.29,,,,,,0,,,,,2016-11-09
12351252,Basketball Cards 2016 Panini Prizm,Patrick Patterson [Black Prizm] #219,,,,,,,,,,,,,,,,,,,0,,,,,2016-11-09
2841634,Basketball Cards 2016 Panini Prizm,Patrick Patterson [Blue Wave Prizm] #219,$1.95,,,,,,,,,,,,$2.19,,,,,,1,,,,,2016-11-09
2843157,Basketball Cards 2016 Panini Prizm,Patrick Patterson [Gold Prizm] #219,,,,,,,,,,,,,,,,,,,0,,,,,2016-11-09
2840654,Basketball Cards 2016 Panini Prizm,Patrick Patterson [Green Prizm] #219,$0.25,,,,,,,,,,,,$0.99,,,,,,0,,,,,2016-11-09
2842655,Basketball Cards 2016 Panini Prizm,Patrick Patterson [Mojo Prizm] #219,$2.32,,,,,,,,,,,,$2.59,,,,,,1,,,,,2016-11-09
2842140,Basketball Cards 2016 Panini Prizm,Patrick Patterson [Orange Prizm] #219,$2.11,,,,,,,,,,,,$2.29,,,,,,1,,,,,2016-11-09
2842398,Basketball Cards 2016 Panini Prizm,Patrick Patterson [Orange Wave Prizm] #219,$7.97,,,,,,,,,,,$1.80,$8.79,,,,,,1,,,,,2016-11-09
2841888,Basketball Cards 2016 Panini Prizm,Patrick Patterson [Purple Prizm] #219,$3.89,,,,,,,,,,,$0.90,$4.29,,,,,,1,,,,,2016-11-09
2841377,Basketball Cards 2016 Panini Prizm,Patrick Patterson [Ruby Wave Prizm] #219,$1.40,,,,,,,,,,,,$1.49,,,,,,1,,,,,2016-11-09
2840878,Basketball Cards 2016 Panini Prizm,Patrick Patterson [Silver Prizm] #219,$0.25,,,,,,,,,,,,$0.99,,,,,,0,,,,,2016-11-09
2841119,Basketball Cards 2016 Panini Prizm,Patrick Patterson [Starburst Prizm] #219,$1.50,,,,,,,,,,,,$1.69,,,,,,1,,,,,2016-11-09
2842907,Basketball Cards 2016 Panini Prizm,Patrick Patterson [Teal Wave Prizm] #219,$1.94,,,,,,,,,,,,$2.09,,,,,,1,,,,,2016-11-09
2840426,Basketball Cards 2016 Panini Prizm,Patty Mills #240,$0.99,,,,,,,,,,,,$1.09,,,,,,1,,,,,2016-11-09
12351651,Basketball Cards 2016 Panini Prizm,Patty Mills [5th Anniversary Mojo] #240,,,,,,,,,,,,,,,,,,,0,,,,,2016-11-09
2843444,Basketball Cards 2016 Panini Prizm,Patty Mills [5th Anniversary Prizm] #240,,,,,,,,,,,,,,,,,,,0,,,,,2016-11-09
12351304,Basketball Cards 2016 Panini Prizm,Patty Mills [Black Prizm] #240,,,,,,,,,,,,,,,,,,,0,,,,,2016-11-09
2841651,Basketball Cards 2016 Panini Prizm,Patty Mills [Blue Wave Prizm] #240,$23.24,,,,,,,,,,,$7.80,$25.99,,,,,,1,,,,,2016-11-09
2843175,Basketball Cards 2016 Panini Prizm,Patty Mills [Gold Prizm] #240,,,,,,,,,,,,,,,,,,,0,,,,,2016-11-09
2840672,Basketball Cards 2016 Panini Prizm,Patty Mills [Green Prizm] #240,$2.99,,,,,,,,,,,,$3.29,,,,,,1,,,,,2016-11-09
2842671,Basketball Cards 2016 Panini Prizm,Patty Mills [Mojo Prizm] #240,,,,,,,,,,,,,,,,,,,0,,,,,2016-11-09
2842157,Basketball Cards 2016 Panini Prizm,Patty Mills [Orange Prizm] #240,$7.71,,,,,,,,,,,$1.70,$8.49,,,,,,1,,,,,2016-11-09
2842414,Basketball Cards 2016 Panini Prizm,Patty Mills [Orange Wave Prizm] #240,$14.99,,,,,,,,,,,$4.00,$15.99,,,,,,0,,,,,2016-11-09
2841907,Basketball Cards 2016 Panini Prizm,Patty Mills [Purple Prizm] #240,$19.99,,,,,,,,,,,$6.60,$21.99,,,,,,1,,,,,2016-11-09
2841395,Basketball Cards 2016 Panini Prizm,Patty Mills [Ruby Wave Prizm] #240,$15.00,,,,,,,,,,,$4.30,$16.99,,,,,,1,,,,,2016-11-09
2840893,Basketball Cards 2016 Panini Prizm,Patty Mills [Silver Prizm] #240,$2.00,,,,,,,,,,,,$2.19,,,,,,0,,,,,2016-11-09
2841136,Basketball Cards 2016 Panini Prizm,Patty Mills [Starburst Prizm] #240,$2.49,,,,,,,,,,,,$2.69,,,,,,1,,,,,2016-11-09
2842923,Basketball Cards 2016 Panini Prizm,Patty Mills [Teal Wave Prizm] #240,$46.20,,,,,,,,,,,$20.40,$50.99,,,,,,0,,,,,2016-11-09
2840419,Basketball Cards 2016 Panini Prizm,Pau Gasol #232,$1.09,,,,,$3.18,$4.00,$2.00,$2.00,,,,$1.19,,,,,,2,,,,,2016-11-09
12351643,Basketball Cards 2016 Panini Prizm,Pau Gasol [5th Anniversary Mojo] #232,,,,,,,,,,,,,,,,,,,0,,,,,2016-11-09
2843436,Basketball Cards 2016 Panini Prizm,Pau Gasol [5th Anniversary Prizm] #232,$78.00,,,,,,,,,,,$34.40,$85.99,,,,,,1,,,,,2016-11-09
12351280,Basketball Cards 2016 Panini Prizm,Pau Gasol [Black Prizm] #232,,,,,,,,,,,,,,,,,,,0,,,,,2016-11-09
2841644,Basketball Cards 2016 Panini Prizm,Pau Gasol [Blue Wave Prizm] #232,$8.00,,,,,,,,,,,$1.80,$8.79,,,,,,1,,,,,2016-11-09
2843168,Basketball Cards 2016 Panini Prizm,Pau Gasol [Gold Prizm] #232,,,,,,,,,,,,,,,,,,,0,,,,,2016-11-09
2840665,Basketball Cards 2016 Panini Prizm,Pau Gasol [Green Prizm] #232,$3.04,,,,,,,,,,,,$3.29,,,,,,1,,,,,2016-11-09
2842664,Basketball Cards 2016 Panini Prizm,Pau Gasol [Mojo Prizm] #232,,,,,,,,,,,,,,,,,,,0,,,,,2016-11-09
2842150,Basketball Cards 2016 Panini Prizm,Pau Gasol [Orange Prizm] #232,$9.74,,,,,,,,,,,$2.80,$10.99,,,,,,1,,,,,2016-11-09
2842408,Basketball Cards 2016 Panini Prizm,Pau Gasol [Orange Wave Prizm] #232,$18.41,,,,,,,,,,,$5.00,$19.99,,,,,,1,,,,,2016-11-09
2841900,Basketball Cards 2016 Panini Prizm,Pau Gasol [Purple Prizm] #232,$19.99,,,,,,,,,,,$6.60,$21.99,,,,,,1,,,,,2016-11-09
2841387,Basketball Cards 2016 Panini Prizm,Pau Gasol [Ruby Wave Prizm] #232,$1.16,,,,,,,,,,,,$1.29,,,,,,1,,,,,2016-11-09
2840887,Basketball Cards 2016 Panini Prizm,Pau Gasol [Silver Prizm] #232,$2.29,,,,,,,,,,,,$2.49,,,,,,1,,,,,2016-11-09
2841129,Basketball Cards 2016 Panini Prizm,Pau Gasol [Starburst Prizm] #232,$1.31,,,,,,,,,,,,$1.39,,,,,,1,,,,,2016-11-09
2842917,Basketball Cards 2016 Panini Prizm,Pau Gasol [Teal Wave Prizm] #232,$12.50,,,,,,,,,,,$3.50,$13.99,,,,,,1,,,,,2016-11-09
2840374,Basketball Cards 2016 Panini Prizm,Paul George #181,$1.99,,,$3.99,$4.00,$14.23,$19.00,$9.00,$9.00,,,,$2.19,,,,,,3,,,,,2016-11-09
12351592,Basketball Cards 2016 Panini Prizm,Paul George [5th Anniversary Mojo] #181,,,,,,,,,,,,,,,,,,,0,,,,,2016-11-09
2843388,Basketball Cards 2016 Panini Prizm,Paul George [5th Anniversary Prizm] #181,,,,,,,,,,,,,,,,,,,0,,,,,2016-11-09
12351312,Basketball Cards 2016 Panini Prizm,Paul George [Black Prizm] #181,,,,,,,,,,,,,,,,,,,0,,,,,2016-11-09
2841599,Basketball Cards 2016 Panini Prizm,Paul George [Blue Wave Prizm] #181,$3.99,,,,,,,,,,,$0.90,$4.39,,,,,,2,,,,,2016-11-09
2843124,Basketball Cards 2016 Panini Prizm,Paul George [Gold Prizm] #181,$548.67,,,,,,,,,,,$362.40,$604.00,,,,,,1,,,,,2016-11-09
2840620,Basketball Cards 2016 Panini Prizm,Paul George [Green Prizm] #181,$5.58,,,,,$16.01,$21.00,$10.00,$10.00,,,$1.20,$6.09,,,,,,2,,,,,2016-11-09
128034,Basketball Cards 2016 Panini Prizm,Paul George [Mojo Prizm] #181,$20.00,,,,,,,,,,,$6.60,$21.99,,,,,,1,,,,,2016-11-09
128035,Basketball Cards 2016 Panini Prizm,Paul George [Orange Prizm] #181,$12.04,,,,,$51.00,$66.00,$31.00,$31.00,,,$3.30,$12.99,,,,,,2,,,,,2016-11-09
2842366,Basketball Cards 2016 Panini Prizm,Paul George [Orange Wave Prizm] #181,,,,,,,,,,,,,,,,,,,0,,,,,2016-11-09
2841852,Basketball Cards 2016 Panini Prizm,Paul George [Purple Prizm] #181,$3.46,,,$15.00,$17.00,,,,,,,$0.80,$3.79,,,,,,2,,,,,2016-11-09
2841342,Basketball Cards 2016 Panini Prizm,Paul George [Ruby Wave Prizm] #181,$6.29,,,,,,,,,,,$1.40,$6.89,,,,,,1,,,,,2016-11-09
128036,Basketball Cards 2016 Panini Prizm,Paul George [Silver Prizm] #181,$2.26,,,$9.69,$11.00,$28.00,$36.00,$17.00,$17.00,,,,$2.49,,,,,,3,,,,,2016-11-09
2841086,Basketball Cards 2016 Panini Prizm,Paul George [Starburst Prizm] #181,$1.69,,,,,,,,,,,,$1.89,,,,,,3,,,,,2016-11-09
2842874,Basketball Cards 2016 Panini Prizm,Paul George [Teal Wave Prizm] #181,,,,,,,,,,,,,,,,,,,0,,,,,2016-11-09
2840278,Basketball Cards 2016 Panini Prizm,Paul Millsap #73,$0.99,,,,,,,,,,,,$1.09,,,,,,1,,,,,2016-11-09
12351507,Basketball Cards 2016 Panini Prizm,Paul Millsap [5th Anniversary Mojo] #73,,,,,,,,,,,,,,,,,,,0,,,,,2016-11-09
2843289,Basketball Cards 2016 Panini Prizm,Paul Millsap [5th Anniversary Prizm] #73,$5.00,,,,,,,,,,,$1.10,$5.49,,,,,,1,,,,,2016-11-09
12351162,Basketball Cards 2016 Panini Prizm,Paul Millsap [Black Prizm] #73,,,,,,,,,,,,,,,,,,,0,,,,,2016-11-09
2841504,Basketball Cards 2016 Panini Prizm,Paul Millsap [Blue Wave Prizm] #73,$2.77,,,,,,,,,,,,$3.09,,,,,,1,,,,,2016-11-09
2843030,Basketball Cards 2016 Panini Prizm,Paul Millsap [Gold Prizm] #73,,,,,,,,,,,,,,,,,,,0,,,,,2016-11-09
2840526,Basketball Cards 2016 Panini Prizm,Paul Millsap [Green Prizm] #73,$0.99,,,,,,,,,,,,$1.09,,,,,,1,,,,,2016-11-09
2842527,Basketball Cards 2016 Panini Prizm,Paul Millsap [Mojo Prizm] #73,,,,,,,,,,,,,,,,,,,0,,,,,2016-11-09
2842014,Basketball Cards 2016 Panini Prizm,Paul Millsap [Orange Prizm] #73,$2.08,,,,,,,,,,,,$2.29,,,,,,1,,,,,2016-11-09
2842269,Basketball Cards 2016 Panini Prizm,Paul Millsap [Orange Wave Prizm] #73,$9.45,,,,,,,,,,,$2.00,$9.99,,,,,,0,,,,,2016-11-09
2841759,Basketball Cards 2016 Panini Prizm,Paul Millsap [Purple Prizm] #73,$1.99,,,,,,,,,,,,$2.19,,,,,,1,,,,,2016-11-09
2841242,Basketball Cards 2016 Panini Prizm,Paul Millsap [Ruby Wave Prizm] #73,$1.00,,,,,,,,,,,,$1.09,,,,,,1,,,,,2016-11-09
2840765,Basketball Cards 2016 Panini Prizm,Paul Millsap [Silver Prizm] #73,$1.20,,,,,,,,,,,,$1.29,,,,,,1,,,,,2016-11-09
2840994,Basketball Cards 2016 Panini Prizm,Paul Millsap [Starburst Prizm] #73,$1.99,,,,,,,,,,,,$2.19,,,,,,1,,,,,2016-11-09
127873,Basketball Cards 2016 Panini Prizm,Paul Millsap [Teal Wave Prizm] #73,$4.50,,,,,,,,,,,$1.00,$4.99,,,,,,1,,,,,2016-11-09
2840263,Basketball Cards 2016 Panini Prizm,Paul Pierce #58,$1.50,,,,,,,,,,,,$1.69,,,,,,1,,,,,2016-11-09
12351484,Basketball Cards 2016 Panini Prizm,Paul Pierce [5th Anniversary Mojo] #58,,,,,,,,,,,,,,,,,,,0,,,,,2016-11-09
2843274,Basketball Cards 2016 Panini Prizm,Paul Pierce [5th Anniversary Prizm] #58,,,,,,,,,,,,,,,,,,,0,,,,,2016-11-09
12351148,Basketball Cards 2016 Panini Prizm,Paul Pierce [Black Prizm] #58,,,,,,,,,,,,,,,,,,,0,,,,,2016-11-09
2841490,Basketball Cards 2016 Panini Prizm,Paul Pierce [Blue Wave Prizm] #58,$3.75,,,,,,,,,,,$0.80,$4.09,,,,,,1,,,,,2016-11-09
2843016,Basketball Cards 2016 Panini Prizm,Paul Pierce [Gold Prizm] #58,$150.00,,,,,,,,,,,$82.50,$165.00,,,,,,1,,,,,2016-11-09
2840514,Basketball Cards 2016 Panini Prizm,Paul Pierce [Green Prizm] #58,$2.80,,,,,,,,,,,,$3.09,,,,,,1,,,,,2016-11-09
2842513,Basketball Cards 2016 Panini Prizm,Paul Pierce [Mojo Prizm] #58,$52.29,,,,,$25.25,$33.00,$15.00,$15.00,,,$23.20,$57.99,,,,,,1,,,,,2016-11-09
2842000,Basketball Cards 2016 Panini Prizm,Paul Pierce [Orange Prizm] #58,$5.00,,,,,,,,,,,$1.10,$5.49,,,,,,1,,,,,2016-11-09
2842254,Basketball Cards 2016 Panini Prizm,Paul Pierce [Orange Wave Prizm] #58,$19.99,,,,,$44.95,$58.00,$27.00,$27.00,,,$6.60,$21.99,,,,,,2,,,,,2016-11-09
2841746,Basketball Cards 2016 Panini Prizm,Paul Pierce [Purple Prizm] #58,$9.99,,,,,,,,,,,$2.80,$10.99,,,,,,1,,,,,2016-11-09
2841228,Basketball Cards 2016 Panini Prizm,Paul Pierce [Ruby Wave Prizm] #58,$1.02,,,,,,,,,,,,$1.09,,,,,,1,,,,,2016-11-09
2840753,Basketball Cards 2016 Panini Prizm,Paul Pierce [Silver Prizm] #58,$1.49,,$4.11,$16.95,$19.00,$20.00,$26.00,$12.00,$12.00,,,,$1.59,,,$0.90,$4.49,,4,,,,,2016-11-09
2840981,Basketball Cards 2016 Panini Prizm,Paul Pierce [Starburst Prizm] #58,$1.99,,,,,$13.50,$18.00,$8.00,$8.00,,,,$2.19,,,,,,3,,,,,2016-11-09
2842766,Basketball Cards 2016 Panini Prizm,Paul Pierce [Teal Wave Prizm] #58,$19.99,,,,,,,,,,,$6.60,$21.99,,,,,,1,,,,,2016-11-09
2840236,Basketball Cards 2016 Panini Prizm,Rajon Rondo #25,$1.50,,,,,,,,,,,,$1.69,,,,,,1,,,,,2016-11-09
12351438,Basketball Cards 2016 Panini Prizm,Rajon Rondo [5th Anniversary Mojo] #25,,,,,,,,,,,,,,,,,,,0,,,,,2016-11-09
2843241,Basketball Cards 2016 Panini Prizm,Rajon Rondo [5th Anniversary Prizm] #25,,,,,,,,,,,,,,,,,,,0,,,,,2016-11-09
12351116,Basketball Cards 2016 Panini Prizm,Rajon Rondo [Black Prizm] #25,,,,,,,,,,,,,,,,,,,0,,,,,2016-11-09
2841462,Basketball Cards 2016 Panini Prizm,Rajon Rondo [Blue Wave Prizm] #25,$5.41,,,,,,,,,,,$1.20,$5.99,,,,,,1,,,,,2016-11-09
2842991,Basketball Cards 2016 Panini Prizm,Rajon Rondo [Gold Prizm] #25,,,,,,,,,,,,,,,,,,,0,,,,,2016-11-09
2840488,Basketball Cards 2016 Panini Prizm,Rajon Rondo [Green Prizm] #25,$1.94,,,,,,,,,,,,$2.09,,,,,,1,,,,,2016-11-09
2842484,Basketball Cards 2016 Panini Prizm,Rajon Rondo [Mojo Prizm] #25,$15.59,,,,,,,,,,,$4.30,$16.99,,,,,,1,,,,,2016-11-09
2841972,Basketball Cards 2016 Panini Prizm,Rajon Rondo [Orange Prizm] #25,$3.99,,,,,,,,,,,$0.90,$4.39,,,,,,1,,,,,2016-11-09
2842225,Basketball Cards 2016 Panini Prizm,Rajon Rondo [Orange Wave Prizm] #25,$1.99,,,,,,,,,,,,$2.19,,,,,,1,,,,,2016-11-09
2841716,Basketball Cards 2016 Panini Prizm,Rajon Rondo [Purple Prizm] #25,$2.99,,,,,,,,,,,,$3.29,,,,,,2,,,,,2016-11-09
2841198,Basketball Cards 2016 Panini Prizm,Rajon Rondo [Ruby Wave Prizm] #25,,,,,,,,,,,,,,,,,,,0,,,,,2016-11-09
2840732,Basketball Cards 2016 Panini Prizm,Rajon Rondo [Silver Prizm] #25,$1.25,,,,,,,,,,,,$1.39,,,,,,1,,,,,2016-11-09
2840953,Basketball Cards 2016 Panini Prizm,Rajon Rondo [Starburst Prizm] #25,$1.79,,,,,,,,,,,,$1.99,,,,,,1,,,,,2016-11-09
2842739,Basketball Cards 2016 Panini Prizm,Rajon Rondo [Teal Wave Prizm] #25,$10.00,,,,,,,,,,,$2.80,$10.99,,,,,,1,,,,,2016-11-09
2840302,Basketball Cards 2016 Panini Prizm,Ramon Sessions #100,$0.99,,,,,,,,,,,,$1.09,,,,,,1,,,,,2016-11-09
12351579,Basketball Cards 2016 Panini Prizm,Ramon Sessions [5th Anniversary Mojo] #100,,,,,,,,,,,,,,,,,,,0,,,,,2016-11-09
2843313,Basketball Cards 2016 Panini Prizm,Ramon Sessions [5th Anniversary Prizm] #100,,,,,,,,,,,,,,,,,,,0,,,,,2016-11-09
12351201,Basketball Cards 2016 Panini Prizm,Ramon Sessions [Black Prizm] #100,,,,,,,,,,,,,,,,,,,0,,,,,2016-11-09
2841529,Basketball Cards 2016 Panini Prizm,Ramon Sessions [Blue Wave Prizm] #100,$1.88,,,,,,,,,,,,$2.09,,,,,,1,,,,,2016-11-09
2843053,Basketball Cards 2016 Panini Prizm,Ramon Sessions [Gold Prizm] #100,,,,,,,,,,,,,,,,,,,0,,,,,2016-11-09
2840550,Basketball Cards 2016 Panini Prizm,Ramon Sessions [Green Prizm] #100,$1.08,,,,,,,,,,,,$1.19,,,,,,1,,,,,2016-11-09
2842551,Basketball Cards 2016 Panini Prizm,Ramon Sessions [Mojo Prizm] #100,$3.99,,,,,,,,,,,$0.90,$4.39,,,,,,1,,,,,2016-11-09
2842038,Basketball Cards 2016 Panini Prizm,Ramon Sessions [Orange Prizm] #100,$2.25,,,,,,,,,,,,$2.49,,,,,,1,,,,,2016-11-09
2842293,Basketball Cards 2016 Panini Prizm,Ramon Sessions [Orange Wave Prizm] #100,$6.29,,,,,,,,,,,$1.40,$6.89,,,,,,1,,,,,2016-11-09
2841784,Basketball Cards 2016 Panini Prizm,Ramon Sessions [Purple Prizm] #100,$1.03,,,,,,,,,,,,$1.09,,,,,,1,,,,,2016-11-09
2841266,Basketball Cards 2016 Panini Prizm,Ramon Sessions [Ruby Wave Prizm] #100,,,,,,,,,,,,,,,,,,,0,,,,,2016-11-09
2840787,Basketball Cards 2016 Panini Prizm,Ramon Sessions [Silver Prizm] #100,$0.25,,,,,,,,,,,,$0.99,,,,,,0,,,,,2016-11-09
2841017,Basketball Cards 2016 Panini Prizm,Ramon Sessions [Starburst Prizm] #100,$0.99,,,,,,,,,,,,$1.09,,,,,,1,,,,,2016-11-09
2842802,Basketball Cards 2016 Panini Prizm,Ramon Sessions [Teal Wave Prizm] #100,$3.98,,,,,,,,,,,$0.90,$4.39,,,,,,1,,,,,2016-11-09
2840233,Basketball Cards 2016 Panini Prizm,Rashad Vaughn #20,$1.37,,,,,,,,,,,,$1.49,,,,,,1,,,,,2016-11-09
12351433,Basketball Cards 2016 Panini Prizm,Rashad Vaughn [5th Anniversary Mojo] #20,,,,,,,,,,,,,,,,,,,0,,,,,2016-11-09
2843236,Basketball Cards 2016 Panini Prizm,Rashad Vaughn [5th Anniversary Prizm] #20,,,,,,,,,,,,,,,,,,,0,,,,,2016-11-09
12351111,Basketball Cards 2016 Panini Prizm,Rashad Vaughn [Black Prizm] #20,,,,,,,,,,,,,,,,,,,0,,,,,2016-11-09
2841458,Basketball Cards 2016 Panini Prizm,Rashad Vaughn [Blue Wave Prizm] #20,$0.25,,,,,,,,,,,,$0.99,,,,,,0,,,,,2016-11-09
2842986,Basketball Cards 2016 Panini Prizm,Rashad Vaughn [Gold Prizm] #20,,,,,,,,,,,,,,,,,,,0,,,,,2016-11-09
2840485,Basketball Cards 2016 Panini Prizm,Rashad Vaughn [Green Prizm] #20,$1.35,,,,,,,,,,,,$1.49,,,,,,1,,,,,2016-11-09
2842479,Basketball Cards 2016 Panini Prizm,Rashad Vaughn [Mojo Prizm] #20,$28.98,,,,,,,,,,,$9.60,$31.99,,,,,,0,,,,,2016-11-09
2841969,Basketball Cards 2016 Panini Prizm,Rashad Vaughn [Orange Prizm] #20,$1.88,,,,,,,,,,,,$2.09,,,,,,1,,,,,2016-11-09
2842222,Basketball Cards 2016 Panini Prizm,Rashad Vaughn [Orange Wave Prizm] #20,$5.58,,,,,,,,,,,$1.20,$6.09,,,,,,1,,,,,2016-11-09
2841711,Basketball Cards 2016 Panini Prizm,Rashad Vaughn [Purple Prizm] #20,$1.40,,,,,,,,,,,,$1.49,,,,,,1,,,,,2016-11-09
2841193,Basketball Cards 2016 Panini Prizm,Rashad Vaughn [Ruby Wave Prizm] #20,$1.06,,,,,,,,,,,,$1.19,,,,,,1,,,,,2016-11-09
2840730,Basketball Cards 2016 Panini Prizm,Rashad Vaughn [Silver Prizm] #20,$0.25,,,,,,,,,,,,$0.99,,,,,,0,,,,,2016-11-09
2840950,Basketball Cards 2016 Panini Prizm,Rashad Vaughn [Starburst Prizm] #20,$0.25,,,,,,,,,,,,$0.99,,,,,,0,,,,,2016-11-09
2842735,Basketball Cards 2016 Panini Prizm,Rashad Vaughn [Teal Wave Prizm] #20,$3.00,,,,,,,,,,,,$3.29,,,,,,0,,,,,2016-11-09
2840393,Basketball Cards 2016 Panini Prizm,Reggie Jackson #202,$1.00,,,,,,,,,,,,$1.09,,,,,,1,,,,,2016-11-09
12351613,Basketball Cards 2016 Panini Prizm,Reggie Jackson [5th Anniversary Mojo] #202,,,,,,,,,,,,,,,,,,,0,,,,,2016-11-09
2843409,Basketball Cards 2016 Panini Prizm,Reggie Jackson [5th Anniversary Prizm] #202,,,,,,,,,,,,,,,,,,,0,,,,,2016-11-09
12351349,Basketball Cards 2016 Panini Prizm,Reggie Jackson [Black Prizm] #202,,,,,,,,,,,,,,,,,,,0,,,,,2016-11-09
2841617,Basketball Cards 2016 Panini Prizm,Reggie Jackson [Blue Wave Prizm] #202,$2.69,,,,,,,,,,,,$2.99,,,,,,1,,,,,2016-11-09
2843142,Basketball Cards 2016 Panini Prizm,Reggie Jackson [Gold Prizm] #202,$32.00,,,,,,,,,,,$10.50,$34.99,,,,,,1,,,,,2016-11-09
2840638,Basketball Cards 2016 Panini Prizm,Reggie Jackson [Green Prizm] #202,$1.12,,,,,,,,,,,,$1.19,,,,,,1,,,,,2016-11-09
2842640,Basketball Cards 2016 Panini Prizm,Reggie Jackson [Mojo Prizm] #202,$40.78,,,,,,,,,,,$18.00,$44.99,,,,,,1,,,,,2016-11-09
2842124,Basketball Cards 2016 Panini Prizm,Reggie Jackson [Orange Prizm] #202,$4.87,,,,,,,,,,,$1.10,$5.39,,,,,,1,,,,,2016-11-09
2842381,Basketball Cards 2016 Panini Prizm,Reggie Jackson [Orange Wave Prizm] #202,$7.99,,,,,,,,,,,$1.80,$8.79,,,,,,1,,,,,2016-11-09
2841871,Basketball Cards 2016 Panini Prizm,Reggie Jackson [Purple Prizm] #202,$5.90,,,,,,,,,,,$1.30,$6.49,,,,,,1,,,,,2016-11-09
2841360,Basketball Cards 2016 Panini Prizm,Reggie Jackson [Ruby Wave Prizm] #202,$3.12,,,,,,,,,,,,$3.39,,,,,,1,,,,,2016-11-09
2840865,Basketball Cards 2016 Panini Prizm,Reggie Jackson [Silver Prizm] #202,$1.65,,,,,,,,,,,,$1.79,,,,,,1,,,,,2016-11-09
2841103,Basketball Cards 2016 Panini Prizm,Reggie Jackson [Starburst Prizm] #202,$0.99,,,,,,,,,,,,$1.09,,,,,,1,,,,,2016-11-09
2842890,Basketball Cards 2016 Panini Prizm,Reggie Jackson [Teal Wave Prizm] #202,,,,,,,,,,,,,,,,,,,0,,,,,2016-11-09
2840219,Basketball Cards 2016 Panini Prizm,Retail Box,$256.00,,,,,,,,,,,$141.00,$282.00,,,,,,1,,,,,2016-11-09
2840243,Basketball Cards 2016 Panini Prizm,Richard Jefferson #35,$1.65,,,,,,,,,,,,$1.79,,,,,,1,,,,,2016-11-09
12351448,Basketball Cards 2016 Panini Prizm,Richard Jefferson [5th Anniversary Mojo] #35,,,,,,,,,,,,,,,,,,,0,,,,,2016-11-09
2843251,Basketball Cards 2016 Panini Prizm,Richard Jefferson [5th Anniversary Prizm] #35,,,,,,,,,,,,,,,,,,,0,,,,,2016-11-09
12351126,Basketball Cards 2016 Panini Prizm,Richard Jefferson [Black Prizm] #35,,,,,,,,,,,,,,,,,,,0,,,,,2016-11-09
2841470,Basketball Cards 2016 Panini Prizm,Richard Jefferson [Blue Wave Prizm] #35,$2.00,,,,,,,,,,,,$2.19,,,,,,1,,,,,2016-11-09
2842997,Basketball Cards 2016 Panini Prizm,Richard Jefferson [Gold Prizm] #35,$52.50,,,$52.00,$57.00,,,,,,,$23.20,$57.99,,,,,,3,,,,,2016-11-09
2840496,Basketball Cards 2016 Panini Prizm,Richard Jefferson [Green Prizm] #35,$1.69,,,,,,,,,,,,$1.89,,,,,,1,,,,,2016-11-09
2842493,Basketball Cards 2016 Panini Prizm,Richard Jefferson [Mojo Prizm] #35,$30.00,,,,,,,,,,,$9.90,$32.99,,,,,,0,,,,,2016-11-09
2841981,Basketball Cards 2016 Panini Prizm,Richard Jefferson [Orange Prizm] #35,$5.12,,,,,,,,,,,$1.10,$5.59,,,,,,1,,,,,2016-11-09
2842233,Basketball Cards 2016 Panini Prizm,Richard Jefferson [Orange Wave Prizm] #35,$12.99,,,,,,,,,,,$3.50,$13.99,,,,,,0,,,,,2016-11-09
2841725,Basketball Cards 2016 Panini Prizm,Richard Jefferson [Purple Prizm] #35,$5.09,,,,,,,,,,,$1.10,$5.59,,,,,,1,,,,,2016-11-09
2841207,Basketball Cards 2016 Panini Prizm,Richard Jefferson [Ruby Wave Prizm] #35,,,,,,,,,,,,,,,,,,,0,,,,,2016-11-09
2840738,Basketball Cards 2016 Panini Prizm,Richard Jefferson [Silver Prizm] #35,$1.25,,,,,,,,,,,,$1.39,,,,,,1,,,,,2016-11-09
2840961,Basketball Cards 2016 Panini Prizm,Richard Jefferson [Starburst Prizm] #35,$2.25,,,,,$49.00,$64.00,$29.00,$29.00,,,,$2.49,,,,,,2,,,,,2016-11-09
2842748,Basketball Cards 2016 Panini Prizm,Richard Jefferson [Teal Wave Prizm] #35,$3.26,,,,,,,,,,,,$3.59,,,,,,1,,,,,2016-11-09
2840442,Basketball Cards 2016 Panini Prizm,Ricky Rubio #261,$0.99,,,,,,,,,,,,$1.09,,,,,,1,,,,,2016-11-09
12351673,Basketball Cards 2016 Panini Prizm,Ricky Rubio [5th Anniversary Mojo] #261,,,,,,,,,,,,,,,,,,,0,,,,,2016-11-09
2843463,Basketball Cards 2016 Panini Prizm,Ricky Rubio [5th Anniversary Prizm] #261,,,,,,,,,,,,,,,,,,,0,,,,,2016-11-09
12351335,Basketball Cards 2016 Panini Prizm,Ricky Rubio [Black Prizm] #261,,,,,,,,,,,,,,,,,,,0,,,,,2016-11-09
2841666,Basketball Cards 2016 Panini Prizm,Ricky Rubio [Blue Wave Prizm] #261,$5.55,,,,,,,,,,,$1.20,$6.09,,,,,,1,,,,,2016-11-09
2843192,Basketball Cards 2016 Panini Prizm,Ricky Rubio [Gold Prizm] #261,,,,$81.00,$89.00,,,,,,,,,,,,,,1,,,,,2016-11-09
2840687,Basketball Cards 2016 Panini Prizm,Ricky Rubio [Green Prizm] #261,$1.50,,,,,,,,,,,,$1.69,,,,,,1,,,,,2016-11-09
2842688,Basketball Cards 2016 Panini Prizm,Ricky Rubio [Mojo Prizm] #261,$1.90,,,,,,,,,,,,$2.09,,,,,,1,,,,,2016-11-09
2842174,Basketball Cards 2016 Panini Prizm,Ricky Rubio [Orange Prizm] #261,$2.70,,,,,,,,,,,,$2.99,,,,,,1,,,,,2016-11-09
2842431,Basketball Cards 2016 Panini Prizm,Ricky Rubio [Orange Wave Prizm] #261,$5.99,,,,,,,,,,,$1.30,$6.59,,,,,,1,,,,,2016-11-09
2841924,Basketball Cards 2016 Panini Prizm,Ricky Rubio [Purple Prizm] #261,$3.62,,,,,,,,,,,$0.80,$3.99,,,,,,2,,,,,2016-11-09
2841412,Basketball Cards 2016 Panini Prizm,Ricky Rubio [Ruby Wave Prizm] #261,$1.61,,,,,,,,,,,,$1.79,,,,,,1,,,,,2016-11-09
2840907,Basketball Cards 2016 Panini Prizm,Ricky Rubio [Silver Prizm] #261,$2.91,,,,,$7.99,$10.00,$5.00,$5.00,,,,$3.19,,,,,,2,,,,,2016-11-09
2841151,Basketball Cards 2016 Panini Prizm,Ricky Rubio [Starburst Prizm] #261,$0.25,,,,,,,,,,,,$0.99,,,,,,0,,,,,2016-11-09
128196,Basketball Cards 2016 Panini Prizm,Ricky Rubio [Teal Wave Prizm] #261,$6.12,,,,,,,,,,,$1.30,$6.69,,,,,,1,,,,,2016-11-09
2840223,Basketball Cards 2016 Panini Prizm,Robert Covington #6,$0.99,,,,,,,,,,,,$1.09,,,,,,1,,,,,2016-11-09
12351419,Basketball Cards 2016 Panini Prizm,Robert Covington [5th Anniversary Mojo] #6,,,,,,,,,,,,,,,,,,,0,,,,,2016-11-09
2843224,Basketball Cards 2016 Panini Prizm,Robert Covington [5th Anniversary Prizm] #6,$124.99,,,,,,,,,,,$68.50,$137.00,,,,,,0,,,,,2016-11-09
12351097,Basketball Cards 2016 Panini Prizm,Robert Covington [Black Prizm] #6,,,,,,,,,,,,,,,,,,,0,,,,,2016-11-09
2841447,Basketball Cards 2016 Panini Prizm,Robert Covington [Blue Wave Prizm] #6,$2.14,,,,,,,,,,,,$2.39,,,,,,1,,,,,2016-11-09
2842975,Basketball Cards 2016 Panini Prizm,Robert Covington [Gold Prizm] #6,,,,,,,,,,,,,,,,,,,0,,,,,2016-11-09
2840474,Basketball Cards 2016 Panini Prizm,Robert Covington [Green Prizm] #6,$2.00,,,,,,,,,,,,$2.19,,,,,,1,,,,,2016-11-09
2842467,Basketball Cards 2016 Panini Prizm,Robert Covington [Mojo Prizm] #6,$7.99,,,,,,,,,,,$1.80,$8.79,,,,,,1,,,,,2016-11-09
2841958,Basketball Cards 2016 Panini Prizm,Robert Covington [Orange Prizm] #6,,,,,,,,,,,,,,,,,,,0,,,,,2016-11-09
2842211,Basketball Cards 2016 Panini Prizm,Robert Covington [Orange Wave Prizm] #6,$5.29,,,,,,,,,,,$1.20,$5.79,,,,,,1,,,,,2016-11-09
2841700,Basketball Cards 2016 Panini Prizm,Robert Covington [Purple Prizm] #6,$1.99,,,,,,,,,,,,$2.19,,,,,,1,,,,,2016-11-09
2841182,Basketball Cards 2016 Panini Prizm,Robert Covington [Ruby Wave Prizm] #6,,,,,,,,,,,,,,,,,,,0,,,,,2016-11-09
2840721,Basketball Cards 2016 Panini Prizm,Robert Covington [Silver Prizm] #6,$2.75,,,,,,,,,,,,$2.99,,,,,,1,,,,,2016-11-09
2840939,Basketball Cards 2016 Panini Prizm,Robert Covington [Starburst Prizm] #6,$1.50,,,,,,,,,,,,$1.69,,,,,,1,,,,,2016-11-09
2842723,Basketball Cards 2016 Panini Prizm,Robert Covington [Teal Wave Prizm] #6,$8.36,,,,,,,,,,,$1.80,$9.19,,,,,,1,,,,,2016-11-09
2840237,Basketball Cards 2016 Panini Prizm,Robin Lopez #26,$0.99,,,,,,,,,,,,$1.09,,,,,,1,,,,,2016-11-09
12351439,Basketball Cards 2016 Panini Prizm,Robin Lopez [5th Anniversary Mojo] #26,,,,,,,,,,,,,,,,,,,0,,,,,2016-11-09
2843242,Basketball Cards 2016 Panini Prizm,Robin Lopez [5th Anniversary Prizm] #26,,,,,,,,,,,,,,,,,,,0,,,,,2016-11-09
12351117,Basketball Cards 2016 Panini Prizm,Robin Lopez [Black Prizm] #26,,,,,,,,,,,,,,,,,,,0,,,,,2016-11-09
2841463,Basketball Cards 2016 Panini Prizm,Robin Lopez [Blue Wave Prizm] #26,$1.88,,,,,,,,,,,,$2.09,,,,,,1,,,,,2016-11-09
2842992,Basketball Cards 2016 Panini Prizm,Robin Lopez [Gold Prizm] #26,$49.99,,,,,,,,,,,$22.00,$54.99,,,,,,1,,,,,2016-11-09
2840489,Basketball Cards 2016 Panini Prizm,Robin Lopez [Green Prizm] #26,$0.25,,,,,,,,,,,,$0.99,,,,,,0,,,,,2016-11-09
2842485,Basketball Cards 2016 Panini Prizm,Robin Lopez [Mojo Prizm] #26,$4.50,,,,,,,,,,,$1.00,$4.99,,,,,,0,,,,,2016-11-09
2841973,Basketball Cards 2016 Panini Prizm,Robin Lopez [Orange Prizm] #26,$1.78,,,,,,,,,,,,$1.99,,,,,,1,,,,,2016-11-09
2842226,Basketball Cards 2016 Panini Prizm,Robin Lopez [Orange Wave Prizm] #26,$9.45,,,,,,,,,,,$2.00,$9.99,,,,,,1,,,,,2016-11-09
2841717,Basketball Cards 2016 Panini Prizm,Robin Lopez [Purple Prizm] #26,$2.31,,,,,,,,,,,,$2.49,,,,,,1,,,,,2016-11-09
2841199,Basketball Cards 2016 Panini Prizm,Robin Lopez [Ruby Wave Prizm] #26,$1.17,,,,,,,,,,,,$1.29,,,,,,1,,,,,2016-11-09
2840733,Basketball Cards 2016 Panini Prizm,Robin Lopez [Silver Prizm] #26,$0.99,,,,,,,,,,,,$1.09,,,,,,1,,,,,2016-11-09
2840954,Basketball Cards 2016 Panini Prizm,Robin Lopez [Starburst Prizm] #26,$1.00,,,,,,,,,,,,$1.09,,,,,,1,,,,,2016-11-09
2842740,Basketball Cards 2016 Panini Prizm,Robin Lopez [Teal Wave Prizm] #26,$6.50,,,,,,,,,,,$1.40,$7.19,,,,,,1,,,,,2016-11-09
2840312,Basketball Cards 2016 Panini Prizm,Rodney Hood #110,$1.37,,,,,,,,,,,,$1.49,,,,,,1,,,,,2016-11-09
12351478,Basketball Cards 2016 Panini Prizm,Rodney Hood [5th Anniversary Mojo] #110,,,,,,,,,,,,,,,,,,,0,,,,,2016-11-09
2843323,Basketball Cards 2016 Panini Prizm,Rodney Hood [5th Anniversary Prizm] #110,$46.24,,,,,,,,,,,$20.40,$50.99,,,,,,0,,,,,2016-11-09
12351190,Basketball Cards 2016 Panini Prizm,Rodney Hood [Black Prizm] #110,,,,,,,,,,,,,,,,,,,0,,,,,2016-11-09
2841539,Basketball Cards 2016 Panini Prizm,Rodney Hood [Blue Wave Prizm] #110,$1.39,,,,,,,,,,,,$1.49,,,,,,1,,,,,2016-11-09
2843061,Basketball Cards 2016 Panini Prizm,Rodney Hood [Gold Prizm] #110,,,,,,,,,,,,,,,,,,,0,,,,,2016-11-09
2840559,Basketball Cards 2016 Panini Prizm,Rodney Hood [Green Prizm] #110,$1.80,,,,,,,,,,,,$1.99,,,,,,1,,,,,2016-11-09
2842561,Basketball Cards 2016 Panini Prizm,Rodney Hood [Mojo Prizm] #110,,,,,,,,,,,,,,,,,,,0,,,,,2016-11-09
2842047,Basketball Cards 2016 Panini Prizm,Rodney Hood [Orange Prizm] #110,$4.28,,,,,,,,,,,$0.90,$4.69,,,,,,1,,,,,2016-11-09
2842303,Basketball Cards 2016 Panini Prizm,Rodney Hood [Orange Wave Prizm] #110,$5.99,,,,,,,,,,,$1.30,$6.59,,,,,,1,,,,,2016-11-09
2841793,Basketball Cards 2016 Panini Prizm,Rodney Hood [Purple Prizm] #110,$1.73,,,,,,,,,,,,$1.89,,,,,,1,,,,,2016-11-09
2841276,Basketball Cards 2016 Panini Prizm,Rodney Hood [Ruby Wave Prizm] #110,$2.83,,,,,,,,,,,,$3.09,,,,,,1,,,,,2016-11-09
2840796,Basketball Cards 2016 Panini Prizm,Rodney Hood [Silver Prizm] #110,$0.25,,,,,,,,,,,,$0.99,,,,,,0,,,,,2016-11-09
2841027,Basketball Cards 2016 Panini Prizm,Rodney Hood [Starburst Prizm] #110,$0.25,,,,,,,,,,,,$0.99,,,,,,0,,,,,2016-11-09
2842812,Basketball Cards 2016 Panini Prizm,Rodney Hood [Teal Wave Prizm] #110,$11.75,,,,,,,,,,,$3.30,$12.99,,,,,,1,,,,,2016-11-09
2840382,Basketball Cards 2016 Panini Prizm,Rodney Stuckey #189,$0.25,,,,,,,,,,,,$0.99,,,,,,0,,,,,2016-11-09
12351600,Basketball Cards 2016 Panini Prizm,Rodney Stuckey [5th Anniversary Mojo] #189,,,,,,,,,,,,,,,,,,,0,,,,,2016-11-09
2843396,Basketball Cards 2016 Panini Prizm,Rodney Stuckey [5th Anniversary Prizm] #189,$3.41,,,,,,,,,,,$0.80,$3.79,,,,,,1,,,,,2016-11-09
12351334,Basketball Cards 2016 Panini Prizm,Rodney Stuckey [Black Prizm] #189,,,,,,,,,,,,,,,,,,,0,,,,,2016-11-09
2841607,Basketball Cards 2016 Panini Prizm,Rodney Stuckey [Blue Wave Prizm] #189,$1.88,,,,,,,,,,,,$2.09,,,,,,1,,,,,2016-11-09
2843131,Basketball Cards 2016 Panini Prizm,Rodney Stuckey [Gold Prizm] #189,,,,,,,,,,,,,,,,,,,0,,,,,2016-11-09
2840626,Basketball Cards 2016 Panini Prizm,Rodney Stuckey [Green Prizm] #189,$1.13,,,,,,,,,,,,$1.19,,,,,,1,,,,,2016-11-09
2842630,Basketball Cards 2016 Panini Prizm,Rodney Stuckey [Mojo Prizm] #189,,,,,,,,,,,,,,,,,,,0,,,,,2016-11-09
2842114,Basketball Cards 2016 Panini Prizm,Rodney Stuckey [Orange Prizm] #189,$1.69,,,,,,,,,,,,$1.89,,,,,,1,,,,,2016-11-09
2842372,Basketball Cards 2016 Panini Prizm,Rodney Stuckey [Orange Wave Prizm] #189,$12.04,,,,,,,,,,,$3.30,$12.99,,,,,,0,,,,,2016-11-09
2841860,Basketball Cards 2016 Panini Prizm,Rodney Stuckey [Purple Prizm] #189,$1.15,,,,,,,,,,,,$1.29,,,,,,1,,,,,2016-11-09
2841350,Basketball Cards 2016 Panini Prizm,Rodney Stuckey [Ruby Wave Prizm] #189,$1.50,,,,,,,,,,,,$1.69,,,,,,1,,,,,2016-11-09
2840855,Basketball Cards 2016 Panini Prizm,Rodney Stuckey [Silver Prizm] #189,$1.90,,,,,,,,,,,,$2.09,,,,,,2,,,,,2016-11-09
2841093,Basketball Cards 2016 Panini Prizm,Rodney Stuckey [Starburst Prizm] #189,$1.99,,,,,,,,,,,,$2.19,,,,,,1,,,,,2016-11-09
2842880,Basketball Cards 2016 Panini Prizm,Rodney Stuckey [Teal Wave Prizm] #189,,,,,,,,,,,,,,,,,,,0,,,,,2016-11-09
2840361,Basketball Cards 2016 Panini Prizm,Rondae Hollis-Jefferson #168,$0.99,,,,,,,,,,,,$1.09,,,,,,1,,,,,2016-11-09
12351578,Basketball Cards 2016 Panini Prizm,Rondae Hollis-Jefferson [5th Anniversary Mojo] #168,,,,,,,,,,,,,,,,,,,0,,,,,2016-11-09
2843376,Basketball Cards 2016 Panini Prizm,Rondae Hollis-Jefferson [5th Anniversary Prizm] #168,,,,,,,,,,,,,,,,,,,0,,,,,2016-11-09
12351289,Basketball Cards 2016 Panini Prizm,Rondae Hollis-Jefferson [Black Prizm] #168,,,,,,,,,,,,,,,,,,,0,,,,,2016-11-09
2841587,Basketball Cards 2016 Panini Prizm,Rondae Hollis-Jefferson [Blue Wave Prizm] #168,$1.39,,,,,,,,,,,,$1.49,,,,,,1,,,,,2016-11-09
2843113,Basketball Cards 2016 Panini Prizm,Rondae Hollis-Jefferson [Gold Prizm] #168,$40.50,,,,,,,,,,,$18.00,$44.99,,,,,,0,,,,,2016-11-09
2840609,Basketball Cards 2016 Panini Prizm,Rondae Hollis-Jefferson [Green Prizm] #168,$1.32,,,,,,,,,,,,$1.49,,,,,,1,,,,,2016-11-09
2842611,Basketball Cards 2016 Panini Prizm,Rondae Hollis-Jefferson [Mojo Prizm] #168,$7.96,,,,,,,,,,,$1.80,$8.79,,,,,,0,,,,,2016-11-09
2842095,Basketball Cards 2016 Panini Prizm,Rondae Hollis-Jefferson [Orange Prizm] #168,$4.22,,,,,,,,,,,$0.90,$4.59,,,,,,1,,,,,2016-11-09
2842355,Basketball Cards 2016 Panini Prizm,Rondae Hollis-Jefferson [Orange Wave Prizm] #168,$4.66,,,,,,,,,,,$1.00,$5.09,,,,,,1,,,,,2016-11-09
2841841,Basketball Cards 2016 Panini Prizm,Rondae Hollis-Jefferson [Purple Prizm] #168,$1.39,,,,,,,,,,,,$1.49,,,,,,1,,,,,2016-11-09
2841330,Basketball Cards 2016 Panini Prizm,Rondae Hollis-Jefferson [Ruby Wave Prizm] #168,$1.40,,,,,,,,,,,,$1.49,,,,,,1,,,,,2016-11-09
2840838,Basketball Cards 2016 Panini Prizm,Rondae Hollis-Jefferson [Silver Prizm] #168,$1.99,,,,,,,,,,,,$2.19,,,,,,1,,,,,2016-11-09
2841075,Basketball Cards 2016 Panini Prizm,Rondae Hollis-Jefferson [Starburst Prizm] #168,$1.99,,,,,,,,,,,,$2.19,,,,,,1,,,,,2016-11-09
2842861,Basketball Cards 2016 Panini Prizm,Rondae Hollis-Jefferson [Teal Wave Prizm] #168,,,,,,,,,,,,,,,,,,,0,,,,,2016-11-09
2840297,Basketball Cards 2016 Panini Prizm,Roy Hibbert #95,$0.99,,,,,,,,,,,,$1.09,,,,,,1,,,,,2016-11-09
12351570,Basketball Cards 2016 Panini Prizm,Roy Hibbert [5th Anniversary Mojo] #95,,,,,,,,,,,,,,,,,,,0,,,,,2016-11-09
2843308,Basketball Cards 2016 Panini Prizm,Roy Hibbert [5th Anniversary Prizm] #95,,,,,,,,,,,,,,,,,,,0,,,,,2016-11-09
12351194,Basketball Cards 2016 Panini Prizm,Roy Hibbert [Black Prizm] #95,,,,,,,,,,,,,,,,,,,0,,,,,2016-11-09
2841524,Basketball Cards 2016 Panini Prizm,Roy Hibbert [Blue Wave Prizm] #95,$3.41,,,,,,,,,,,$0.80,$3.79,,,,,,1,,,,,2016-11-09
2843048,Basketball Cards 2016 Panini Prizm,Roy Hibbert [Gold Prizm] #95,,,,,,,,,,,,,,,,,,,0,,,,,2016-11-09
2840545,Basketball Cards 2016 Panini Prizm,Roy Hibbert [Green Prizm] #95,$0.99,,,,,,,,,,,,$1.09,,,,,,1,,,,,2016-11-09
2842546,Basketball Cards 2016 Panini Prizm,Roy Hibbert [Mojo Prizm] #95,$2.25,,,,,,,,,,,,$2.49,,,,,,1,,,,,2016-11-09
2842033,Basketball Cards 2016 Panini Prizm,Roy Hibbert [Orange Prizm] #95,$2.49,,,,,,,,,,,,$2.69,,,,,,0,,,,,2016-11-09
2842288,Basketball Cards 2016 Panini Prizm,Roy Hibbert [Orange Wave Prizm] #95,$20.94,,,,,,,,,,,$6.90,$22.99,,,,,,0,,,,,2016-11-09
2841779,Basketball Cards 2016 Panini Prizm,Roy Hibbert [Purple Prizm] #95,$1.75,,,,,,,,,,,,$1.89,,,,,,1,,,,,2016-11-09
2841261,Basketball Cards 2016 Panini Prizm,Roy Hibbert [Ruby Wave Prizm] #95,,,,,,,,,,,,,,,,,,,0,,,,,2016-11-09
2840782,Basketball Cards 2016 Panini Prizm,Roy Hibbert [Silver Prizm] #95,$0.25,,,,,,,,,,,,$0.99,,,,,,0,,,,,2016-11-09
2841012,Basketball Cards 2016 Panini Prizm,Roy Hibbert [Starburst Prizm] #95,$1.99,,,,,,,,,,,,$2.19,,,,,,1,,,,,2016-11-09
2842797,Basketball Cards 2016 Panini Prizm,Roy Hibbert [Teal Wave Prizm] #95,$4.80,,,,,,,,,,,$1.10,$5.29,,,,,,1,,,,,2016-11-09
2840314,Basketball Cards 2016 Panini Prizm,Rudy Gay #112,$0.99,,,,,,,,,,,,$1.09,,,,,,1,,,,,2016-11-09
12351481,Basketball Cards 2016 Panini Prizm,Rudy Gay [5th Anniversary Mojo] #112,,,,,,,,,,,,,,,,,,,0,,,,,2016-11-09
2843325,Basketball Cards 2016 Panini Prizm,Rudy Gay [5th Anniversary Prizm] #112,$13.99,,,,,,,,,,,$3.80,$14.99,,,,,,1,,,,,2016-11-09
12351196,Basketball Cards 2016 Panini Prizm,Rudy Gay [Black Prizm] #112,,,,,,,,,,,,,,,,,,,0,,,,,2016-11-09
2841541,Basketball Cards 2016 Panini Prizm,Rudy Gay [Blue Wave Prizm] #112,$1.49,,,,,,,,,,,,$1.59,,,,,,1,,,,,2016-11-09
2843062,Basketball Cards 2016 Panini Prizm,Rudy Gay [Gold Prizm] #112,,,,,,,,,,,,,,,,,,,0,,,,,2016-11-09
2840561,Basketball Cards 2016 Panini Prizm,Rudy Gay [Green Prizm] #112,$1.00,,,,,,,,,,,,$1.09,,,,,,1,,,,,2016-11-09
2842563,Basketball Cards 2016 Panini Prizm,Rudy Gay [Mojo Prizm] #112,,,,,,,,,,,,,,,,,,,0,,,,,2016-11-09
2842049,Basketball Cards 2016 Panini Prizm,Rudy Gay [Orange Prizm] #112,$1.40,,,,,,,,,,,,$1.49,,,,,,1,,,,,2016-11-09
2842305,Basketball Cards 2016 Panini Prizm,Rudy Gay [Orange Wave Prizm] #112,$2.64,,,,,,,,,,,,$2.89,,,,,,1,,,,,2016-11-09
2841795,Basketball Cards 2016 Panini Prizm,Rudy Gay [Purple Prizm] #112,$3.49,,,,,,,,,,,$0.80,$3.79,,,,,,1,,,,,2016-11-09
2841278,Basketball Cards 2016 Panini Prizm,Rudy Gay [Ruby Wave Prizm] #112,,,,,,,,,,,,,,,,,,,0,,,,,2016-11-09
2840798,Basketball Cards 2016 Panini Prizm,Rudy Gay [Silver Prizm] #112,$0.99,,,,,,,,,,,,$1.09,,,,,,1,,,,,2016-11-09
2841029,Basketball Cards 2016 Panini Prizm,Rudy Gay [Starburst Prizm] #112,$0.25,,,,,,,,,,,,$0.99,,,,,,0,,,,,2016-11-09
2842814,Basketball Cards 2016 Panini Prizm,Rudy Gay [Teal Wave Prizm] #112,$4.84,,,,,,,,,,,$1.10,$5.29,,,,,,1,,,,,2016-11-09
2840304,Basketball Cards 2016 Panini Prizm,Rudy Gobert #102,$1.49,,,,,,,,,,,,$1.59,,,,,,1,,,,,2016-11-09
12351460,Basketball Cards 2016 Panini Prizm,Rudy Gobert [5th Anniversary Mojo] #102,,,,,,,,,,,,,,,,,,,0,,,,,2016-11-09
2843315,Basketball Cards 2016 Panini Prizm,Rudy Gobert [5th Anniversary Prizm] #102,$16.39,,,,,,,,,,,$4.50,$17.99,,,,,,1,,,,,2016-11-09
12351168,Basketball Cards 2016 Panini Prizm,Rudy Gobert [Black Prizm] #102,,,,,,,,,,,,,,,,,,,0,,,,,2016-11-09
2841531,Basketball Cards 2016 Panini Prizm,Rudy Gobert [Blue Wave Prizm] #102,$5.00,,,,,,,,,,,$1.10,$5.49,,,,,,1,,,,,2016-11-09
2843054,Basketball Cards 2016 Panini Prizm,Rudy Gobert [Gold Prizm] #102,,,$99.99,,,,,,,,,,,,,$55.00,$110.00,,1,,,,,2016-11-09
127914,Basketball Cards 2016 Panini Prizm,Rudy Gobert [Green Prizm] #102,$1.98,,,,,$28.00,$36.00,$17.00,$17.00,,,,$2.19,,,,,,2,,,,,2016-11-09
2842553,Basketball Cards 2016 Panini Prizm,Rudy Gobert [Mojo Prizm] #102,$5.00,,,,,,,,,,,$1.10,$5.49,,,,,,1,,,,,2016-11-09
127918,Basketball Cards 2016 Panini Prizm,Rudy Gobert [Orange Prizm] #102,$2.29,,,,,$50.00,$65.00,$30.00,$30.00,,,,$2.49,,,,,,2,,,,,2016-11-09
2842295,Basketball Cards 2016 Panini Prizm,Rudy Gobert [Orange Wave Prizm] #102,$8.50,,,,,,,,,,,$1.90,$9.39,,,,,,1,,,,,2016-11-09
2841785,Basketball Cards 2016 Panini Prizm,Rudy Gobert [Purple Prizm] #102,$3.70,,,,,,,,,,,$0.80,$4.09,,,,,,1,,,,,2016-11-09
2841268,Basketball Cards 2016 Panini Prizm,Rudy Gobert [Ruby Wave Prizm] #102,,,,,,,,,,,,,,,,,,,0,,,,,2016-11-09
2840788,Basketball Cards 2016 Panini Prizm,Rudy Gobert [Silver Prizm] #102,$1.00,,,,,,,,,,,,$1.09,,,,,,1,,,,,2016-11-09
2841019,Basketball Cards 2016 Panini Prizm,Rudy Gobert [Starburst Prizm] #102,$0.38,,,,,,,,,,,,$0.99,,,,,,1,,,,,2016-11-09
2842804,Basketball Cards 2016 Panini Prizm,Rudy Gobert [Teal Wave Prizm] #102,$4.99,,,,,,,,,,,$1.10,$5.49,,,,,,1,,,,,2016-11-09
128171,Basketball Cards 2016 Panini Prizm,Russell Westbrook #251,$1.99,,,$16.50,$18.00,$24.74,$32.00,$15.00,$15.00,,,,$2.19,,,,,,6,,,,,2016-11-09
12351662,Basketball Cards 2016 Panini Prizm,Russell Westbrook [5th Anniversary Mojo] #251,,,,,,,,,,,,,,,,,,,0,,,,,2016-11-09
2843453,Basketball Cards 2016 Panini Prizm,Russell Westbrook [5th Anniversary Prizm] #251,,,,,,,,,,,,,,,,,,,0,,,,,2016-11-09
12351320,Basketball Cards 2016 Panini Prizm,Russell Westbrook [Black Prizm] #251,,,,,,,,,,,,,,,,,,,0,,,,,2016-11-09
128172,Basketball Cards 2016 Panini Prizm,Russell Westbrook [Blue Wave Prizm] #251,$5.98,,,$30.98,$34.00,$101.35,$132.00,$61.00,$61.00,,,$1.30,$6.59,,,,,,4,,,,,2016-11-09
128173,Basketball Cards 2016 Panini Prizm,Russell Westbrook [Gold Prizm] #251,,,,,$1348.00,$1375.00,$1788.00,$825.00,$825.00,,,,,,,,,,2,,,,,2016-11-09
128174,Basketball Cards 2016 Panini Prizm,Russell Westbrook [Green Prizm] #251,$1.49,,,,,$24.99,$32.00,$15.00,$15.00,,,,$1.59,,,,,,2,,,,,2016-11-09
2842680,Basketball Cards 2016 Panini Prizm,Russell Westbrook [Mojo Prizm] #251,$39.98,,,,$550.00,,,,,,,$17.60,$43.99,,,,,,2,,,,,2016-11-09
128175,Basketball Cards 2016 Panini Prizm,Russell Westbrook [Orange Prizm] #251,$17.49,,,,,$74.54,$97.00,$45.00,$45.00,,,$4.80,$18.99,,,,,,2,,,,,2016-11-09
128176,Basketball Cards 2016 Panini Prizm,Russell Westbrook [Orange Wave Prizm] #251,$16.47,,,$21.75,$37.50,,,,,,,$4.50,$17.99,,,,,,3,,,,,2016-11-09
128177,Basketball Cards 2016 Panini Prizm,Russell Westbrook [Purple Prizm] #251,$15.95,,,$23.99,$26.00,$82.00,$107.00,$49.00,$49.00,,,$4.50,$17.99,,,,,,3,,,,,2016-11-09
128178,Basketball Cards 2016 Panini Prizm,Russell Westbrook [Ruby Wave Prizm] #251,$3.59,,,,,$26.00,$34.00,$16.00,$16.00,,,$0.80,$3.99,,,,,,2,,,,,2016-11-09
128179,Basketball Cards 2016 Panini Prizm,Russell Westbrook [Silver Prizm] #251,$8.24,,$9.05,$24.99,$40.00,$50.86,$66.00,$31.00,$29.00,,,$1.80,$9.09,,,$2.00,$9.99,,9,,,,,2016-11-09
128180,Basketball Cards 2016 Panini Prizm,Russell Westbrook [Starburst Prizm] #251,$2.76,,,,,,,,,,,,$2.99,,,,,,3,,,,,2016-11-09
128181,Basketball Cards 2016 Panini Prizm,Russell Westbrook [Teal Wave Prizm] #251,$15.00,,,$116.00,$128.00,,,,,,,$4.30,$16.99,,,,,,3,,,,,2016-11-09
2840414,Basketball Cards 2016 Panini Prizm,Ryan Anderson #226,$0.99,,,,,,,,,,,,$1.09,,,,,,1,,,,,2016-11-09
12351637,Basketball Cards 2016 Panini Prizm,Ryan Anderson [5th Anniversary Mojo] #226,,,,,,,,,,,,,,,,,,,0,,,,,2016-11-09
2843430,Basketball Cards 2016 Panini Prizm,Ryan Anderson [5th Anniversary Prizm] #226,,,,,,,,,,,,,,,,,,,0,,,,,2016-11-09
12351265,Basketball Cards 2016 Panini Prizm,Ryan Anderson [Black Prizm] #226,,,,,,,,,,,,,,,,,,,0,,,,,2016-11-09
2841639,Basketball Cards 2016 Panini Prizm,Ryan Anderson [Blue Wave Prizm] #226,$1.88,,,,,,,,,,,,$2.09,,,,,,1,,,,,2016-11-09
2843162,Basketball Cards 2016 Panini Prizm,Ryan Anderson [Gold Prizm] #226,,,,,,,,,,,,,,,,,,,0,,,,,2016-11-09
2840659,Basketball Cards 2016 Panini Prizm,Ryan Anderson [Green Prizm] #226,$0.25,,,,,,,,,,,,$0.99,,,,,,0,,,,,2016-11-09
2842659,Basketball Cards 2016 Panini Prizm,Ryan Anderson [Mojo Prizm] #226,$1.25,,,,,,,,,,,,$1.39,,,,,,1,,,,,2016-11-09
2842145,Basketball Cards 2016 Panini Prizm,Ryan Anderson [Orange Prizm] #226,$1.63,,,,,,,,,,,,$1.79,,,,,,1,,,,,2016-11-09
2842402,Basketball Cards 2016 Panini Prizm,Ryan Anderson [Orange Wave Prizm] #226,$3.11,,,,,,,,,,,,$3.39,,,,,,1,,,,,2016-11-09
2841894,Basketball Cards 2016 Panini Prizm,Ryan Anderson [Purple Prizm] #226,$2.00,,,,,,,,,,,,$2.19,,,,,,1,,,,,2016-11-09
2841383,Basketball Cards 2016 Panini Prizm,Ryan Anderson [Ruby Wave Prizm] #226,$1.50,,,,,,,,,,,,$1.69,,,,,,1,,,,,2016-11-09
2840882,Basketball Cards 2016 Panini Prizm,Ryan Anderson [Silver Prizm] #226,$1.21,,,,,,,,,,,,$1.29,,,,,,1,,,,,2016-11-09
2841124,Basketball Cards 2016 Panini Prizm,Ryan Anderson [Starburst Prizm] #226,$1.99,,,,,,,,,,,,$2.19,,,,,,1,,,,,2016-11-09
2842912,Basketball Cards 2016 Panini Prizm,Ryan Anderson [Teal Wave Prizm] #226,,,,,,,,,,,,,,,,,,,0,,,,,2016-11-09
2840354,Basketball Cards 2016 Panini Prizm,Salah Mejri #158,$0.25,,,,,,,,,,,,$0.99,,,,,,0,,,,,2016-11-09
12351557,Basketball Cards 2016 Panini Prizm,Salah Mejri [5th Anniversary Mojo] #158,,,,,,,,,,,,,,,,,,,0,,,,,2016-11-09
2843367,Basketball Cards 2016 Panini Prizm,Salah Mejri [5th Anniversary Prizm] #158,$3.41,,,,,,,,,,,$0.80,$3.79,,,,,,1,,,,,2016-11-09
12351273,Basketball Cards 2016 Panini Prizm,Salah Mejri [Black Prizm] #158,,,,,,,,,,,,,,,,,,,0,,,,,2016-11-09
2841578,Basketball Cards 2016 Panini Prizm,Salah Mejri [Blue Wave Prizm] #158,$1.62,,,,,,,,,,,,$1.79,,,,,,1,,,,,2016-11-09
2843104,Basketball Cards 2016 Panini Prizm,Salah Mejri [Gold Prizm] #158,,,,,,,,,,,,,,,,,,,0,,,,,2016-11-09
2840601,Basketball Cards 2016 Panini Prizm,Salah Mejri [Green Prizm] #158,$1.16,,,,,,,,,,,,$1.29,,,,,,1,,,,,2016-11-09
2842603,Basketball Cards 2016 Panini Prizm,Salah Mejri [Mojo Prizm] #158,,,,,,,,,,,,,,,,,,,0,,,,,2016-11-09
2842086,Basketball Cards 2016 Panini Prizm,Salah Mejri [Orange Prizm] #158,$1.88,,,,,,,,,,,,$2.09,,,,,,1,,,,,2016-11-09
2842346,Basketball Cards 2016 Panini Prizm,Salah Mejri [Orange Wave Prizm] #158,$5.99,,,,,,,,,,,$1.30,$6.59,,,,,,0,,,,,2016-11-09
2841832,Basketball Cards 2016 Panini Prizm,Salah Mejri [Purple Prizm] #158,$1.40,,,,,,,,,,,,$1.49,,,,,,1,,,,,2016-11-09
2841322,Basketball Cards 2016 Panini Prizm,Salah Mejri [Ruby Wave Prizm] #158,$1.12,,,,,,,,,,,,$1.19,,,,,,1,,,,,2016-11-09
2840830,Basketball Cards 2016 Panini Prizm,Salah Mejri [Silver Prizm] #158,$0.99,,,,,,,,,,,,$1.09,,,,,,1,,,,,2016-11-09
2841067,Basketball Cards 2016 Panini Prizm,Salah Mejri [Starburst Prizm] #158,$0.25,,,,,,,,,,,,$0.99,,,,,,0,,,,,2016-11-09
2842854,Basketball Cards 2016 Panini Prizm,Salah Mejri [Teal Wave Prizm] #158,$5.43,,,,,,,,,,,$1.20,$5.99,,,,,,1,,,,,2016-11-09
2840417,Basketball Cards 2016 Panini Prizm,Sam Dekker #229,$1.83,,,,,,,,,,,,$1.99,,,,,,2,,,,,2016-11-09
12351640,Basketball Cards 2016 Panini Prizm,Sam Dekker [5th Anniversary Mojo] #229,,,,,,,,,,,,,,,,,,,0,,,,,2016-11-09
2843433,Basketball Cards 2016 Panini Prizm,Sam Dekker [5th Anniversary Prizm] #229,,,,,,,,,,,,,,,,,,,0,,,,,2016-11-09
12351271,Basketball Cards 2016 Panini Prizm,Sam Dekker [Black Prizm] #229,,,,,,,,,,,,,,,,,,,0,,,,,2016-11-09
2841642,Basketball Cards 2016 Panini Prizm,Sam Dekker [Blue Wave Prizm] #229,$2.98,,,,,,,,,,,,$3.29,,,,,,1,,,,,2016-11-09
2843165,Basketball Cards 2016 Panini Prizm,Sam Dekker [Gold Prizm] #229,,,,,,,,,,,,,,,,,,,0,,,,,2016-11-09
2840663,Basketball Cards 2016 Panini Prizm,Sam Dekker [Green Prizm] #229,$3.00,,,,,,,,,,,,$3.29,,,,,,2,,,,,2016-11-09
2842662,Basketball Cards 2016 Panini Prizm,Sam Dekker [Mojo Prizm] #229,,,,,,,,,,,,,,,,,,,0,,,,,2016-11-09
2842148,Basketball Cards 2016 Panini Prizm,Sam Dekker [Orange Prizm] #229,,,,,,,,,,,,,,,,,,,0,,,,,2016-11-09
2842405,Basketball Cards 2016 Panini Prizm,Sam Dekker [Orange Wave Prizm] #229,$11.17,,,,,,,,,,,$3.00,$11.99,,,,,,1,,,,,2016-11-09
2841897,Basketball Cards 2016 Panini Prizm,Sam Dekker [Purple Prizm] #229,$2.52,,,,,,,,,,,,$2.79,,,,,,1,,,,,2016-11-09
2841385,Basketball Cards 2016 Panini Prizm,Sam Dekker [Ruby Wave Prizm] #229,$2.84,,,,,,,,,,,,$3.09,,,,,,1,,,,,2016-11-09
2840885,Basketball Cards 2016 Panini Prizm,Sam Dekker [Silver Prizm] #229,$1.35,,,,,,,,,,,,$1.49,,,,,,1,,,,,2016-11-09
2841127,Basketball Cards 2016 Panini Prizm,Sam Dekker [Starburst Prizm] #229,$1.69,,,,,,,,,,,,$1.89,,,,,,1,,,,,2016-11-09
2842915,Basketball Cards 2016 Panini Prizm,Sam Dekker [Teal Wave Prizm] #229,$16.49,,,,,,,,,,,$4.50,$17.99,,,,,,2,,,,,2016-11-09
2840363,Basketball Cards 2016 Panini Prizm,Sean Kilpatrick #169,$1.00,,,,,,,,,,,,$1.09,,,,,,1,,,,,2016-11-09
12351580,Basketball Cards 2016 Panini Prizm,Sean Kilpatrick [5th Anniversary Mojo] #169,,,,,,,,,,,,,,,,,,,0,,,,,2016-11-09
2843377,Basketball Cards 2016 Panini Prizm,Sean Kilpatrick [5th Anniversary Prizm] #169,$69.08,,,,,,,,,,,$30.40,$75.99,,,,,,0,,,,,2016-11-09
12351290,Basketball Cards 2016 Panini Prizm,Sean Kilpatrick [Black Prizm] #169,,,,,,,,,,,,,,,,,,,0,,,,,2016-11-09
2841588,Basketball Cards 2016 Panini Prizm,Sean Kilpatrick [Blue Wave Prizm] #169,$3.42,,,,,,,,,,,$0.80,$3.79,,,,,,1,,,,,2016-11-09
2843114,Basketball Cards 2016 Panini Prizm,Sean Kilpatrick [Gold Prizm] #169,,,,,,,,,,,,,,,,,,,0,,,,,2016-11-09
2840610,Basketball Cards 2016 Panini Prizm,Sean Kilpatrick [Green Prizm] #169,$0.25,,,,,,,,,,,,$0.99,,,,,,0,,,,,2016-11-09
2842612,Basketball Cards 2016 Panini Prizm,Sean Kilpatrick [Mojo Prizm] #169,,,,,,,,,,,,,,,,,,,0,,,,,2016-11-09
2842096,Basketball Cards 2016 Panini Prizm,Sean Kilpatrick [Orange Prizm] #169,$3.00,,,,,,,,,,,,$3.29,,,,,,2,,,,,2016-11-09
2842356,Basketball Cards 2016 Panini Prizm,Sean Kilpatrick [Orange Wave Prizm] #169,$13.50,,,,,,,,,,,$3.80,$14.99,,,,,,1,,,,,2016-11-09
2841843,Basketball Cards 2016 Panini Prizm,Sean Kilpatrick [Purple Prizm] #169,$2.84,,,,,,,,,,,,$3.09,,,,,,1,,,,,2016-11-09
2841331,Basketball Cards 2016 Panini Prizm,Sean Kilpatrick [Ruby Wave Prizm] #169,$3.28,,,,,,,,,,,,$3.59,,,,,,1,,,,,2016-11-09
2840839,Basketball Cards 2016 Panini Prizm,Sean Kilpatrick [Silver Prizm] #169,$0.98,,,,,,,,,,,,$1.09,,,,,,1,,,,,2016-11-09
2841076,Basketball Cards 2016 Panini Prizm,Sean Kilpatrick [Starburst Prizm] #169,$1.79,,,,,,,,,,,,$1.99,,,,,,1,,,,,2016-11-09
2842862,Basketball Cards 2016 Panini Prizm,Sean Kilpatrick [Teal Wave Prizm] #169,,,,,,,,,,,,,,,,,,,0,,,,,2016-11-09
2840338,Basketball Cards 2016 Panini Prizm,Serge Ibaka #141,$1.47,,,,,,,,,,,,$1.59,,,,,,1,,,,,2016-11-09
12351533,Basketball Cards 2016 Panini Prizm,Serge Ibaka [5th Anniversary Mojo] #141,,,,,,,,,,,,,,,,,,,0,,,,,2016-11-09
2843350,Basketball Cards 2016 Panini Prizm,Serge Ibaka [5th Anniversary Prizm] #141,$24.99,,,,,,,,,,,$8.10,$26.99,,,,,,1,,,,,2016-11-09
12351240,Basketball Cards 2016 Panini Prizm,Serge Ibaka [Black Prizm] #141,,,,,,,,,,,,,,,,,,,0,,,,,2016-11-09
2841562,Basketball Cards 2016 Panini Prizm,Serge Ibaka [Blue Wave Prizm] #141,$1.40,,,,,,,,,,,,$1.49,,,,,,1,,,,,2016-11-09
127987,Basketball Cards 2016 Panini Prizm,Serge Ibaka [Gold Prizm] #141,$26.10,,,,,,,,,,,$8.70,$28.99,,,,,,1,,,,,2016-11-09
2840584,Basketball Cards 2016 Panini Prizm,Serge Ibaka [Green Prizm] #141,$0.25,,,,,,,,,,,,$0.99,,,,,,0,,,,,2016-11-09
2842586,Basketball Cards 2016 Panini Prizm,Serge Ibaka [Mojo Prizm] #141,,,,,,,,,,,,,,,,,,,0,,,,,2016-11-09
2842071,Basketball Cards 2016 Panini Prizm,Serge Ibaka [Orange Prizm] #141,$2.70,,,,,,,,,,,,$2.99,,,,,,1,,,,,2016-11-09
2842330,Basketball Cards 2016 Panini Prizm,Serge Ibaka [Orange Wave Prizm] #141,,,,,,,,,,,,,,,,,,,0,,,,,2016-11-09
2841818,Basketball Cards 2016 Panini Prizm,Serge Ibaka [Purple Prizm] #141,$1.92,,,,,,,,,,,,$2.09,,,,,,1,,,,,2016-11-09
2841305,Basketball Cards 2016 Panini Prizm,Serge Ibaka [Ruby Wave Prizm] #141,$0.99,,,,,,,,,,,,$1.09,,,,,,1,,,,,2016-11-09
2840816,Basketball Cards 2016 Panini Prizm,Serge Ibaka [Silver Prizm] #141,$1.25,,,,,,,,,,,,$1.39,,,,,,1,,,,,2016-11-09
2841051,Basketball Cards 2016 Panini Prizm,Serge Ibaka [Starburst Prizm] #141,$2.25,,,,,,,,,,,,$2.49,,,,,,1,,,,,2016-11-09
2842837,Basketball Cards 2016 Panini Prizm,Serge Ibaka [Teal Wave Prizm] #141,$5.34,,,,,,,,,,,$1.20,$5.89,,,,,,1,,,,,2016-11-09
2840353,Basketball Cards 2016 Panini Prizm,Seth Curry #157,$3.99,,,,,,,,,,,$0.90,$4.39,,,,,,1,,,,,2016-11-09
12351554,Basketball Cards 2016 Panini Prizm,Seth Curry [5th Anniversary Mojo] #157,,,,,,,,,,,,,,,,,,,0,,,,,2016-11-09
2843366,Basketball Cards 2016 Panini Prizm,Seth Curry [5th Anniversary Prizm] #157,$145.79,,,,,,,,,,,$80.00,$160.00,,,,,,1,,,,,2016-11-09
12351270,Basketball Cards 2016 Panini Prizm,Seth Curry [Black Prizm] #157,,,,,,,,,,,,,,,,,,,0,,,,,2016-11-09
2841577,Basketball Cards 2016 Panini Prizm,Seth Curry [Blue Wave Prizm] #157,$2.52,,,,,,,,,,,,$2.79,,,,,,1,,,,,2016-11-09
2843103,Basketball Cards 2016 Panini Prizm,Seth Curry [Gold Prizm] #157,,,,,,,,,,,,,,,,,,,0,,,,,2016-11-09
2840600,Basketball Cards 2016 Panini Prizm,Seth Curry [Green Prizm] #157,$21.08,,,,,$9.50,$12.00,$6.00,$6.00,,,$6.90,$22.99,,,,,,2,,,,,2016-11-09
2842602,Basketball Cards 2016 Panini Prizm,Seth Curry [Mojo Prizm] #157,,,,,,,,,,,,,,,,,,,0,,,,,2016-11-09
2842085,Basketball Cards 2016 Panini Prizm,Seth Curry [Orange Prizm] #157,$9.89,,,,,,,,,,,$2.80,$10.99,,,,,,1,,,,,2016-11-09
2842345,Basketball Cards 2016 Panini Prizm,Seth Curry [Orange Wave Prizm] #157,$150.00,,,,,,,,,,,$82.50,$165.00,,,,,,1,,,,,2016-11-09
2841831,Basketball Cards 2016 Panini Prizm,Seth Curry [Purple Prizm] #157,$2.25,,,,,,,,,,,,$2.49,,,,,,1,,,,,2016-11-09
2841321,Basketball Cards 2016 Panini Prizm,Seth Curry [Ruby Wave Prizm] #157,$94.00,,,,,$11.00,$14.00,$7.00,$7.00,,,$51.50,$103.00,,,,,,2,,,,,2016-11-09
2840829,Basketball Cards 2016 Panini Prizm,Seth Curry [Silver Prizm] #157,$2.99,,,,,$9.05,$12.00,$5.00,$5.00,,,,$3.29,,,,,,5,,,,,2016-11-09
2841066,Basketball Cards 2016 Panini Prizm,Seth Curry [Starburst Prizm] #157,$3.00,,,,,,,,,,,,$3.29,,,,,,1,,,,,2016-11-09
127998,Basketball Cards 2016 Panini Prizm,Seth Curry [Teal Wave Prizm] #157,$115.00,,,,,,,,,,,$63.50,$127.00,,,,,,1,,,,,2016-11-09
2840448,Basketball Cards 2016 Panini Prizm,Shabazz Muhammad #270,$0.99,,,,,,,,,,,,$1.09,,,,,,1,,,,,2016-11-09
12351681,Basketball Cards 2016 Panini Prizm,Shabazz Muhammad [5th Anniversary Mojo] #270,,,,,,,,,,,,,,,,,,,0,,,,,2016-11-09
2843470,Basketball Cards 2016 Panini Prizm,Shabazz Muhammad [5th Anniversary Prizm] #270,,,,,,,,,,,,,,,,,,,0,,,,,2016-11-09
12351354,Basketball Cards 2016 Panini Prizm,Shabazz Muhammad [Black Prizm] #270,,,,,,,,,,,,,,,,,,,0,,,,,2016-11-09
2841672,Basketball Cards 2016 Panini Prizm,Shabazz Muhammad [Blue Wave Prizm] #270,$2.60,,,,,,,,,,,,$2.89,,,,,,1,,,,,2016-11-09
2843197,Basketball Cards 2016 Panini Prizm,Shabazz Muhammad [Gold Prizm] #270,,,,$11.50,$13.00,,,,,,,,,,,,,,1,,,,,2016-11-09
2840693,Basketball Cards 2016 Panini Prizm,Shabazz Muhammad [Green Prizm] #270,$0.25,,,,,,,,,,,,$0.99,,,,,,0,,,,,2016-11-09
2842696,Basketball Cards 2016 Panini Prizm,Shabazz Muhammad [Mojo Prizm] #270,$5.72,,,,,,,,,,,$1.30,$6.29,,,,,,1,,,,,2016-11-09
2842182,Basketball Cards 2016 Panini Prizm,Shabazz Muhammad [Orange Prizm] #270,$2.63,,,,,,,,,,,,$2.89,,,,,,1,,,,,2016-11-09
2842438,Basketball Cards 2016 Panini Prizm,Shabazz Muhammad [Orange Wave Prizm] #270,$2.84,,,,,,,,,,,,$3.09,,,,,,1,,,,,2016-11-09
2841930,Basketball Cards 2016 Panini Prizm,Shabazz Muhammad [Purple Prizm] #270,$2.15,,,,,,,,,,,,$2.39,,,,,,1,,,,,2016-11-09
2841418,Basketball Cards 2016 Panini Prizm,Shabazz Muhammad [Ruby Wave Prizm] #270,$1.50,,,,,,,,,,,,$1.69,,,,,,1,,,,,2016-11-09
2840911,Basketball Cards 2016 Panini Prizm,Shabazz Muhammad [Silver Prizm] #270,$0.25,,,,,,,,,,,,$0.99,,,,,,0,,,,,2016-11-09
2841157,Basketball Cards 2016 Panini Prizm,Shabazz Muhammad [Starburst Prizm] #270,$1.50,,,,,,,,,,,,$1.69,,,,,,1,,,,,2016-11-09
2842945,Basketball Cards 2016 Panini Prizm,Shabazz Muhammad [Teal Wave Prizm] #270,$11.75,,,,,,,,,,,$3.30,$12.99,,,,,,1,,,,,2016-11-09
2840461,Basketball Cards 2016 Panini Prizm,Shaun Livingston #287,$1.31,,,,,,,,,,,,$1.39,,,,,,2,,,,,2016-11-09
12351698,Basketball Cards 2016 Panini Prizm,Shaun Livingston [5th Anniversary Mojo] #287,,,,,,,,,,,,,,,,,,,0,,,,,2016-11-09
2843485,Basketball Cards 2016 Panini Prizm,Shaun Livingston [5th Anniversary Prizm] #287,,,,,,,,,,,,,,,,,,,0,,,,,2016-11-09
12351371,Basketball Cards 2016 Panini Prizm,Shaun Livingston [Black Prizm] #287,,,,,,,,,,,,,,,,,,,0,,,,,2016-11-09
2841686,Basketball Cards 2016 Panini Prizm,Shaun Livingston [Blue Wave Prizm] #287,$0.99,,,,,,,,,,,,$1.09,,,,,,1,,,,,2016-11-09
2843209,Basketball Cards 2016 Panini Prizm,Shaun Livingston [Gold Prizm] #287,,,,,,,,,,,,,,,,,,,0,,,,,2016-11-09
2840707,Basketball Cards 2016 Panini Prizm,Shaun Livingston [Green Prizm] #287,$1.56,,,,,,,,,,,,$1.69,,,,,,1,,,,,2016-11-09
2842710,Basketball Cards 2016 Panini Prizm,Shaun Livingston [Mojo Prizm] #287,,,,,,,,,,,,,,,,,,,0,,,,,2016-11-09
2842196,Basketball Cards 2016 Panini Prizm,Shaun Livingston [Orange Prizm] #287,$1.98,,,,,,,,,,,,$2.19,,,,,,1,,,,,2016-11-09
2842451,Basketball Cards 2016 Panini Prizm,Shaun Livingston [Orange Wave Prizm] #287,$20.94,,,,,,,,,,,$6.90,$22.99,,,,,,1,,,,,2016-11-09
2841944,Basketball Cards 2016 Panini Prizm,Shaun Livingston [Purple Prizm] #287,$3.67,,,,,,,,,,,$0.80,$3.99,,,,,,1,,,,,2016-11-09
2841432,Basketball Cards 2016 Panini Prizm,Shaun Livingston [Ruby Wave Prizm] #287,$1.12,,,,,,,,,,,,$1.19,,,,,,1,,,,,2016-11-09
2840924,Basketball Cards 2016 Panini Prizm,Shaun Livingston [Silver Prizm] #287,$1.40,,,,,,,,,,,,$1.49,,,,,,2,,,,,2016-11-09
2841166,Basketball Cards 2016 Panini Prizm,Shaun Livingston [Starburst Prizm] #287,$3.14,,,,,,,,,,,,$3.49,,,,,,1,,,,,2016-11-09
2842960,Basketball Cards 2016 Panini Prizm,Shaun Livingston [Teal Wave Prizm] #287,$5.37,,,,,,,,,,,$1.20,$5.89,,,,,,1,,,,,2016-11-09
127917,Basketball Cards 2016 Panini Prizm,Skal Labissiere #114,$2.04,,,$4.78,$5.00,$10.12,$13.00,$6.00,$6.00,,,,$2.19,,,,,,6,,,,,2016-11-09
12351485,Basketball Cards 2016 Panini Prizm,Skal Labissiere [5th Anniversary Mojo] #114,,,,,,,,,,,,,,,,,,,0,,,,,2016-11-09
2843327,Basketball Cards 2016 Panini Prizm,Skal Labissiere [5th Anniversary Prizm] #114,$15.00,,,,,,,,,,,$4.30,$16.99,,,,,,1,,,,,2016-11-09
12351203,Basketball Cards 2016 Panini Prizm,Skal Labissiere [Black Prizm] #114,,,,,,,,,,,,,,,,,,,0,,,,,2016-11-09
127919,Basketball Cards 2016 Panini Prizm,Skal Labissiere [Blue Wave Prizm] #114,$7.15,,,,$30.00,,,,,,,$1.60,$7.89,,,,,,2,,,,,2016-11-09
2843065,Basketball Cards 2016 Panini Prizm,Skal Labissiere [Gold Prizm] #114,,,,,,,,,,,,,,,,,,,0,,,,,2016-11-09
127920,Basketball Cards 2016 Panini Prizm,Skal Labissiere [Green Prizm] #114,$3.64,,,$9.50,$24.99,$37.26,$48.00,$22.00,$22.00,,,$0.80,$3.99,,,,,,4,,,,,2016-11-09
2842565,Basketball Cards 2016 Panini Prizm,Skal Labissiere [Mojo Prizm] #114,,,,,,,,,,,,,,,,,,,0,,,,,2016-11-09
127922,Basketball Cards 2016 Panini Prizm,Skal Labissiere [Orange Prizm] #114,$11.75,,,,$8.00,$8.51,$11.00,$5.00,$5.00,,,$3.30,$12.99,,,,,,3,,,,,2016-11-09
127921,Basketball Cards 2016 Panini Prizm,Skal Labissiere [Orange Wave Prizm] #114,$20.38,,,,$10.51,$56.84,$74.00,$34.00,$34.00,,,$6.60,$21.99,,,,,,3,,,,,2016-11-09
127924,Basketball Cards 2016 Panini Prizm,Skal Labissiere [Purple Prizm] #114,$23.25,,,$5.50,$6.00,,,,,,,$7.80,$25.99,,,,,,2,,,,,2016-11-09
127923,Basketball Cards 2016 Panini Prizm,Skal Labissiere [Ruby Wave Prizm] #114,,,,,$16.50,,$29.00,,,,,,,,,,,,1,,,,,2016-11-09
129352,Basketball Cards 2016 Panini Prizm,Skal Labissiere [Silver Prizm] #114,$3.00,,$2.01,$3.37,$10.87,$18.01,$70.40,$11.00,$11.00,,,,$3.29,,,,$2.19,,5,,,,,2016-11-09
127925,Basketball Cards 2016 Panini Prizm,Skal Labissiere [Starburst Prizm] #114,$3.36,,$0.99,,,,,,,,,,$3.69,,,,$1.09,,2,,,,,2016-11-09
127927,Basketball Cards 2016 Panini Prizm,Skal Labissiere [Teal Wave Prizm] #114,$19.99,,,$29.99,$33.00,,,,,,,$6.60,$21.99,,,,,,2,,,,,2016-11-09
128238,Basketball Cards 2016 Panini Prizm,Stephen Curry #281,$10.42,,$11.50,$27.27,$50.48,$70.00,$91.00,$42.00,$42.00,,,$2.80,$10.99,,,$3.30,$12.99,,64,,,,,2016-11-09
12351692,Basketball Cards 2016 Panini Prizm,Stephen Curry [5th Anniversary Mojo] #281,,,,,,,,,,,,,,,,,,,0,,,,,2016-11-09
2845193,Basketball Cards 2016 Panini Prizm,Stephen Curry [5th Anniversary Prizm] #281,,,,,,,,,,,,,,,,,,,0,,,,,2016-11-09
12351370,Basketball Cards 2016 Panini Prizm,Stephen Curry [Black Prizm] #281,,,,,,,,,,,,,,,,,,,0,,,,,2016-11-09
128239,Basketball Cards 2016 Panini Prizm,Stephen Curry [Blue Wave Prizm] #281,$15.47,,,$125.90,$138.00,$274.81,$500.00,$165.00,$165.00,,,$4.30,$16.99,,,,,,3,,,,,2016-11-09
2843206,Basketball Cards 2016 Panini Prizm,Stephen Curry [Gold Prizm] #281,,,,,,,,,,,,,,,,,,,0,,,,,2016-11-09
128240,Basketball Cards 2016 Panini Prizm,Stephen Curry [Green Prizm] #281,$15.50,,,$35.00,$39.00,$146.27,$190.00,$88.00,$88.00,,,$4.30,$16.99,,,,,,8,,,,,2016-11-09
128241,Basketball Cards 2016 Panini Prizm,Stephen Curry [Mojo Prizm] #281,$325.00,,,$385.53,$424.00,,,,,,,$179.00,$358.00,,,,,,2,,,,,2016-11-09
128242,Basketball Cards 2016 Panini Prizm,Stephen Curry [Orange Prizm] #281,$64.52,,$67.50,$201.83,$222.00,$581.84,$756.00,$349.00,$349.00,,,$28.40,$70.99,,,$29.60,$73.99,,5,,,,,2016-11-09
128243,Basketball Cards 2016 Panini Prizm,Stephen Curry [Orange Wave Prizm] #281,$690.03,,,$165.00,$182.00,$220.00,$286.00,$132.00,$132.00,,,$455.40,$759.00,,,,,,3,,,,,2016-11-09
128244,Basketball Cards 2016 Panini Prizm,Stephen Curry [Purple Prizm] #281,$64.00,,,,$231.50,$311.72,$405.00,$187.00,$190.00,,,$28.00,$69.99,,,,,,3,,,,,2016-11-09
128245,Basketball Cards 2016 Panini Prizm,Stephen Curry [Ruby Wave Prizm] #281,$14.08,,,$30.00,$33.00,$113.38,$147.00,$68.00,$68.00,,,$3.80,$14.99,,,,,,3,,,,,2016-11-09
128246,Basketball Cards 2016 Panini Prizm,Stephen Curry [Silver Prizm] #281,$80.00,,$12.51,$50.00,$182.79,$597.57,$777.00,$359.00,$359.00,,,$35.20,$87.99,,,$3.50,$13.99,,26,,,,,2016-11-09
128247,Basketball Cards 2016 Panini Prizm,Stephen Curry [Starburst Prizm] #281,$37.40,$7.05,$85.00,$94.00,$159.98,$234.99,$305.00,$141.00,$88.77,,,$16.40,$40.99,$1.60,$7.79,$37.60,$93.99,,21,,,,,2016-11-09
2842957,Basketball Cards 2016 Panini Prizm,Stephen Curry [Teal Wave Prizm] #281,$67.00,,,$232.70,$530.00,,,,,,,$29.60,$73.99,,,,,,3,,,,,2016-11-09
2840345,Basketball Cards 2016 Panini Prizm,Stephen Zimmerman #148,$1.00,,,,,,,,,,,,$1.09,,,,,,1,,,,,2016-11-09
12351541,Basketball Cards 2016 Panini Prizm,Stephen Zimmerman [5th Anniversary Mojo] #148,,,,,,,,,,,,,,,,,,,0,,,,,2016-11-09
2843357,Basketball Cards 2016 Panini Prizm,Stephen Zimmerman [5th Anniversary Prizm] #148,$3.36,,,,,,,,,,,,$3.69,,,,,,1,,,,,2016-11-09
12351253,Basketball Cards 2016 Panini Prizm,Stephen Zimmerman [Black Prizm] #148,,,,,,,,,,,,,,,,,,,0,,,,,2016-11-09
2841569,Basketball Cards 2016 Panini Prizm,Stephen Zimmerman [Blue Wave Prizm] #148,$1.50,,,,,,,,,,,,$1.69,,,,,,1,,,,,2016-11-09
2843094,Basketball Cards 2016 Panini Prizm,Stephen Zimmerman [Gold Prizm] #148,$24.49,,,,,,,,,,,$8.10,$26.99,,,,,,1,,,,,2016-11-09
2840591,Basketball Cards 2016 Panini Prizm,Stephen Zimmerman [Green Prizm] #148,$3.00,,,,,,,,,,,,$3.29,,,,,,1,,,,,2016-11-09
2842594,Basketball Cards 2016 Panini Prizm,Stephen Zimmerman [Mojo Prizm] #148,$2.29,,,,,,,,,,,,$2.49,,,,,,1,,,,,2016-11-09
2845181,Basketball Cards 2016 Panini Prizm,Stephen Zimmerman [Orange Prizm] #148,$2.27,,,,,,,,,,,,$2.49,,,,,,1,,,,,2016-11-09
2842337,Basketball Cards 2016 Panini Prizm,Stephen Zimmerman [Orange Wave Prizm] #148,$5.99,,,,,,,,,,,$1.30,$6.59,,,,,,1,,,,,2016-11-09
127990,Basketball Cards 2016 Panini Prizm,Stephen Zimmerman [Purple Prizm] #148,$1.39,,,,,,,,,,,,$1.49,,,,,,1,,,,,2016-11-09
2841312,Basketball Cards 2016 Panini Prizm,Stephen Zimmerman [Ruby Wave Prizm] #148,$1.68,,,,,,,,,,,,$1.89,,,,,,1,,,,,2016-11-09
127991,Basketball Cards 2016 Panini Prizm,Stephen Zimmerman [Silver Prizm] #148,$1.06,,,$6.36,$7.00,,,,,,,,$1.19,,,,,,3,,,,,2016-11-09
2841058,Basketball Cards 2016 Panini Prizm,Stephen Zimmerman [Starburst Prizm] #148,$0.25,,,,,,,,,,,,$0.99,,,,,,0,,,,,2016-11-09
2842843,Basketball Cards 2016 Panini Prizm,Stephen Zimmerman [Teal Wave Prizm] #148,$8.58,,,,,,,,,,,$1.90,$9.39,,,,,,0,,,,,2016-11-09
2840434,Basketball Cards 2016 Panini Prizm,Steven Adams #252,$1.99,,,,,,,,,,,,$2.19,,,,,,1,,,,,2016-11-09
12351663,Basketball Cards 2016 Panini Prizm,Steven Adams [5th Anniversary Mojo] #252,,,,,,,,,,,,,,,,,,,0,,,,,2016-11-09
2843454,Basketball Cards 2016 Panini Prizm,Steven Adams [5th Anniversary Prizm] #252,,,,,,,,,,,,,,,,,,,0,,,,,2016-11-09
12351322,Basketball Cards 2016 Panini Prizm,Steven Adams [Black Prizm] #252,,,,,,,,,,,,,,,,,,,0,,,,,2016-11-09
2841658,Basketball Cards 2016 Panini Prizm,Steven Adams [Blue Wave Prizm] #252,$2.06,,,,,,,,,,,,$2.29,,,,,,1,,,,,2016-11-09
2843183,Basketball Cards 2016 Panini Prizm,Steven Adams [Gold Prizm] #252,,,,,,,,,,,,,,,,,,,0,,,,,2016-11-09
2840679,Basketball Cards 2016 Panini Prizm,Steven Adams [Green Prizm] #252,$1.49,,,,,,,,,,,,$1.59,,,,,,1,,,,,2016-11-09
128182,Basketball Cards 2016 Panini Prizm,Steven Adams [Mojo Prizm] #252,$4.25,,$16.50,,,,,,,,,$0.90,$4.69,,,$4.50,$17.99,,2,,,,,2016-11-09
2842166,Basketball Cards 2016 Panini Prizm,Steven Adams [Orange Prizm] #252,$6.14,,,,,,,,,,,$1.40,$6.79,,,,,,1,,,,,2016-11-09
2842423,Basketball Cards 2016 Panini Prizm,Steven Adams [Orange Wave Prizm] #252,,,,,,,,,,,,,,,,,,,0,,,,,2016-11-09
2841916,Basketball Cards 2016 Panini Prizm,Steven Adams [Purple Prizm] #252,$2.99,,,,,,,,,,,,$3.29,,,,,,1,,,,,2016-11-09
2841403,Basketball Cards 2016 Panini Prizm,Steven Adams [Ruby Wave Prizm] #252,,,,,,,,,,,,,,,,,,,0,,,,,2016-11-09
2840899,Basketball Cards 2016 Panini Prizm,Steven Adams [Silver Prizm] #252,$2.20,,,,,,,,,,,,$2.39,,,,,,1,,,,,2016-11-09
2841143,Basketball Cards 2016 Panini Prizm,Steven Adams [Starburst Prizm] #252,$1.75,,,,,,,,,,,,$1.89,,,,,,2,,,,,2016-11-09
2842931,Basketball Cards 2016 Panini Prizm,Steven Adams [Teal Wave Prizm] #252,$4.31,,,,,,,,,,,$0.90,$4.69,,,,,,1,,,,,2016-11-09
2840222,Basketball Cards 2016 Panini Prizm,T.J. McConnell #5,$1.99,,,,,,,,,,,,$2.19,,,,,,1,,,,,2016-11-09
12351418,Basketball Cards 2016 Panini Prizm,T.J. McConnell [5th Anniversary Mojo] #5,,,,,,,,,,,,,,,,,,,0,,,,,2016-11-09
2843223,Basketball Cards 2016 Panini Prizm,T.J. McConnell [5th Anniversary Prizm] #5,,,,,,,,,,,,,,,,,,,0,,,,,2016-11-09
12351096,Basketball Cards 2016 Panini Prizm,T.J. McConnell [Black Prizm] #5,,,,,,,,,,,,,,,,,,,0,,,,,2016-11-09
2841446,Basketball Cards 2016 Panini Prizm,T.J. McConnell [Blue Wave Prizm] #5,$2.50,,,,,,,,,,,,$2.79,,,,,,2,,,,,2016-11-09
2842974,Basketball Cards 2016 Panini Prizm,T.J. McConnell [Gold Prizm] #5,$39.99,,,,,,,,,,,$17.60,$43.99,,,,,,1,,,,,2016-11-09
2840473,Basketball Cards 2016 Panini Prizm,T.J. McConnell [Green Prizm] #5,$1.75,,,,,,,,,,,,$1.89,,,,,,1,,,,,2016-11-09
2842466,Basketball Cards 2016 Panini Prizm,T.J. McConnell [Mojo Prizm] #5,$8.00,,,,,,,,,,,$1.80,$8.79,,,,,,1,,,,,2016-11-09
2841957,Basketball Cards 2016 Panini Prizm,T.J. McConnell [Orange Prizm] #5,$6.29,,,,,,,,,,,$1.40,$6.89,,,,,,0,,,,,2016-11-09
2842210,Basketball Cards 2016 Panini Prizm,T.J. McConnell [Orange Wave Prizm] #5,$3.99,,,,,,,,,,,$0.90,$4.39,,,,,,0,,,,,2016-11-09
2841699,Basketball Cards 2016 Panini Prizm,T.J. McConnell [Purple Prizm] #5,$6.00,,,,,,,,,,,$1.30,$6.59,,,,,,1,,,,,2016-11-09
2841181,Basketball Cards 2016 Panini Prizm,T.J. McConnell [Ruby Wave Prizm] #5,,,,,,,,,,,,,,,,,,,0,,,,,2016-11-09
2840720,Basketball Cards 2016 Panini Prizm,T.J. McConnell [Silver Prizm] #5,$1.63,,,,,,,,,,,,$1.79,,,,,,1,,,,,2016-11-09
2840938,Basketball Cards 2016 Panini Prizm,T.J. McConnell [Starburst Prizm] #5,$1.18,,,,,,,,,,,,$1.29,,,,,,2,,,,,2016-11-09
2842722,Basketball Cards 2016 Panini Prizm,T.J. McConnell [Teal Wave Prizm] #5,,,,,,,,,,,,,,,,,,,0,,,,,2016-11-09
2840432,Basketball Cards 2016 Panini Prizm,T.J. Warren #249,$0.99,,,,,,,,,,,,$1.09,,,,,,1,,,,,2016-11-09
12351660,Basketball Cards 2016 Panini Prizm,T.J. Warren [5th Anniversary Mojo] #249,,,,,,,,,,,,,,,,,,,0,,,,,2016-11-09
2843451,Basketball Cards 2016 Panini Prizm,T.J. Warren [5th Anniversary Prizm] #249,,,,,,,,,,,,,,,,,,,0,,,,,2016-11-09
12351317,Basketball Cards 2016 Panini Prizm,T.J. Warren [Black Prizm] #249,,,,,,,,,,,,,,,,,,,0,,,,,2016-11-09
2841656,Basketball Cards 2016 Panini Prizm,T.J. Warren [Blue Wave Prizm] #249,$2.19,,,,,,,,,,,,$2.39,,,,,,1,,,,,2016-11-09
2843182,Basketball Cards 2016 Panini Prizm,T.J. Warren [Gold Prizm] #249,$25.00,,,,,,,,,,,$8.40,$27.99,,,,,,1,,,,,2016-11-09
2840677,Basketball Cards 2016 Panini Prizm,T.J. Warren [Green Prizm] #249,$1.99,,,,,,,,,,,,$2.19,,,,,,1,,,,,2016-11-09
2842678,Basketball Cards 2016 Panini Prizm,T.J. Warren [Mojo Prizm] #249,$2.50,,,,,,,,,,,,$2.79,,,,,,1,,,,,2016-11-09
2842164,Basketball Cards 2016 Panini Prizm,T.J. Warren [Orange Prizm] #249,$8.59,,,,,,,,,,,$1.90,$9.49,,,,,,1,,,,,2016-11-09
2842421,Basketball Cards 2016 Panini Prizm,T.J. Warren [Orange Wave Prizm] #249,$1.00,,,,,,,,,,,,$1.09,,,,,,1,,,,,2016-11-09
2841914,Basketball Cards 2016 Panini Prizm,T.J. Warren [Purple Prizm] #249,$4.74,,,,,,,,,,,$1.00,$5.19,,,,,,1,,,,,2016-11-09
2841402,Basketball Cards 2016 Panini Prizm,T.J. Warren [Ruby Wave Prizm] #249,,,,,,,,,,,,,,,,,,,0,,,,,2016-11-09
2840897,Basketball Cards 2016 Panini Prizm,T.J. Warren [Silver Prizm] #249,$0.25,,,,,,,,,,,,$0.99,,,,,,0,,,,,2016-11-09
2841141,Basketball Cards 2016 Panini Prizm,T.J. Warren [Starburst Prizm] #249,$0.25,,,,,,,,,,,,$0.99,,,,,,0,,,,,2016-11-09
2842929,Basketball Cards 2016 Panini Prizm,T.J. Warren [Teal Wave Prizm] #249,$23.25,,,,,,,,,,,$7.80,$25.99,,,,,,1,,,,,2016-11-09
2840241,Basketball Cards 2016 Panini Prizm,Taj Gibson #30,$1.17,,,,,,,,,,,,$1.29,,,,,,1,,,,,2016-11-09
12351443,Basketball Cards 2016 Panini Prizm,Taj Gibson [5th Anniversary Mojo] #30,,,,,,,,,,,,,,,,,,,0,,,,,2016-11-09
2843246,Basketball Cards 2016 Panini Prizm,Taj Gibson [5th Anniversary Prizm] #30,,,,,,,,,,,,,,,,,,,0,,,,,2016-11-09
12351121,Basketball Cards 2016 Panini Prizm,Taj Gibson [Black Prizm] #30,,,,,,,,,,,,,,,,,,,0,,,,,2016-11-09
2841467,Basketball Cards 2016 Panini Prizm,Taj Gibson [Blue Wave Prizm] #30,$1.88,,,,,,,,,,,,$2.09,,,,,,1,,,,,2016-11-09
2842996,Basketball Cards 2016 Panini Prizm,Taj Gibson [Gold Prizm] #30,,,,,,,,,,,,,,,,,,,0,,,,,2016-11-09
2840493,Basketball Cards 2016 Panini Prizm,Taj Gibson [Green Prizm] #30,$1.15,,,,,,,,,,,,$1.29,,,,,,1,,,,,2016-11-09
2842489,Basketball Cards 2016 Panini Prizm,Taj Gibson [Mojo Prizm] #30,$5.43,,,,,,,,,,,$1.20,$5.99,,,,,,0,,,,,2016-11-09
2841977,Basketball Cards 2016 Panini Prizm,Taj Gibson [Orange Prizm] #30,$1.88,,,,,,,,,,,,$2.09,,,,,,1,,,,,2016-11-09
2842230,Basketball Cards 2016 Panini Prizm,Taj Gibson [Orange Wave Prizm] #30,$0.99,,,,,,,,,,,,$1.09,,,,,,1,,,,,2016-11-09
2841721,Basketball Cards 2016 Panini Prizm,Taj Gibson [Purple Prizm] #30,$1.50,,,,,,,,,,,,$1.69,,,,,,1,,,,,2016-11-09
2841203,Basketball Cards 2016 Panini Prizm,Taj Gibson [Ruby Wave Prizm] #30,$1.17,,,,,,,,,,,,$1.29,,,,,,1,,,,,2016-11-09
2840737,Basketball Cards 2016 Panini Prizm,Taj Gibson [Silver Prizm] #30,$1.34,,,,,,,,,,,,$1.49,,,,,,1,,,,,2016-11-09
2840958,Basketball Cards 2016 Panini Prizm,Taj Gibson [Starburst Prizm] #30,$0.99,,,,,,,,,,,,$1.09,,,,,,1,,,,,2016-11-09
2842744,Basketball Cards 2016 Panini Prizm,Taj Gibson [Teal Wave Prizm] #30,$4.22,,,,,,,,,,,$0.90,$4.59,,,,,,0,,,,,2016-11-09
127888,Basketball Cards 2016 Panini Prizm,Taurean Prince #78,$1.49,,$8.99,$10.00,$11.00,$17.49,$36.01,$10.00,$10.00,,,,$1.59,,,$2.00,$9.89,,8,,,,,2016-11-09
12351520,Basketball Cards 2016 Panini Prizm,Taurean Prince [5th Anniversary Mojo] #78,,,,,,,,,,,,,,,,,,,0,,,,,2016-11-09
2843293,Basketball Cards 2016 Panini Prizm,Taurean Prince [5th Anniversary Prizm] #78,,,,,,,,,,,,,,,,,,,0,,,,,2016-11-09
12351169,Basketball Cards 2016 Panini Prizm,Taurean Prince [Black Prizm] #78,,,,,,,,,,,,,,,,,,,0,,,,,2016-11-09
127889,Basketball Cards 2016 Panini Prizm,Taurean Prince [Blue Wave Prizm] #78,$4.33,,,,,$16.50,$21.00,$10.00,$10.00,,,$1.00,$4.79,,,,,,2,,,,,2016-11-09
127890,Basketball Cards 2016 Panini Prizm,Taurean Prince [Gold Prizm] #78,,,,,,,,,,,,,,,,,,,0,,,,,2016-11-09
127891,Basketball Cards 2016 Panini Prizm,Taurean Prince [Green Prizm] #78,$1.14,,,,$3.00,$3.25,$4.00,$2.00,$2.00,,,,$1.29,,,,,,3,,,,,2016-11-09
2842530,Basketball Cards 2016 Panini Prizm,Taurean Prince [Mojo Prizm] #78,$5.75,,,,,,,,,,,$1.30,$6.29,,,,,,1,,,,,2016-11-09
127892,Basketball Cards 2016 Panini Prizm,Taurean Prince [Orange Prizm] #78,$9.99,,,,$7.00,$7.50,$44.00,$5.00,$5.00,,,$2.80,$10.99,,,,,,3,,,,,2016-11-09
127893,Basketball Cards 2016 Panini Prizm,Taurean Prince [Orange Wave Prizm] #78,$9.02,,,,,$73.87,$96.00,$44.00,$44.00,,,$2.00,$9.89,,,,,,2,,,,,2016-11-09
127894,Basketball Cards 2016 Panini Prizm,Taurean Prince [Purple Prizm] #78,$9.99,,,,$6.00,$6.50,$8.00,$4.00,$4.00,,,$2.80,$10.99,,,,,,3,,,,,2016-11-09
127895,Basketball Cards 2016 Panini Prizm,Taurean Prince [Ruby Wave Prizm] #78,$1.99,,,,$11.02,,,,,,,,$2.19,,,,,,2,,,,,2016-11-09
127896,Basketball Cards 2016 Panini Prizm,Taurean Prince [Silver Prizm] #78,$2.80,,$2.25,$7.04,$8.00,$69.71,$91.00,$42.00,$42.00,,,,$3.09,,,,$2.49,,7,,,,,2016-11-09
129351,Basketball Cards 2016 Panini Prizm,Taurean Prince [Starburst Prizm] #78,$2.53,,,,,$29.99,$39.00,$18.00,$18.00,,,,$2.79,,,,,,2,,,,,2016-11-09
127897,Basketball Cards 2016 Panini Prizm,Taurean Prince [Teal Wave Prizm] #78,,,,,,,,,,,,,,,,,,,0,,,,,2016-11-09
2840388,Basketball Cards 2016 Panini Prizm,Terrence Jones #197,$0.99,,,,,,,,,,,,$1.09,,,,,,1,,,,,2016-11-09
12351608,Basketball Cards 2016 Panini Prizm,Terrence Jones [5th Anniversary Mojo] #197,,,,,,,,,,,,,,,,,,,0,,,,,2016-11-09
2843404,Basketball Cards 2016 Panini Prizm,Terrence Jones [5th Anniversary Prizm] #197,$7.91,,,,,,,,,,,$1.70,$8.69,,,,,,1,,,,,2016-11-09
12351344,Basketball Cards 2016 Panini Prizm,Terrence Jones [Black Prizm] #197,,,,,,,,,,,,,,,,,,,0,,,,,2016-11-09
2841612,Basketball Cards 2016 Panini Prizm,Terrence Jones [Blue Wave Prizm] #197,$1.35,,,,,,,,,,,,$1.49,,,,,,1,,,,,2016-11-09
2843137,Basketball Cards 2016 Panini Prizm,Terrence Jones [Gold Prizm] #197,,,,,,,,,,,,,,,,,,,0,,,,,2016-11-09
2840633,Basketball Cards 2016 Panini Prizm,Terrence Jones [Green Prizm] #197,$0.99,,,,,,,,,,,,$1.09,,,,,,1,,,,,2016-11-09
2842635,Basketball Cards 2016 Panini Prizm,Terrence Jones [Mojo Prizm] #197,,,,,,,,,,,,,,,,,,,0,,,,,2016-11-09
2842119,Basketball Cards 2016 Panini Prizm,Terrence Jones [Orange Prizm] #197,$5.71,,,,,,,,,,,$1.30,$6.29,,,,,,1,,,,,2016-11-09
2842377,Basketball Cards 2016 Panini Prizm,Terrence Jones [Orange Wave Prizm] #197,$3.70,,,,,,,,,,,$0.80,$4.09,,,,,,1,,,,,2016-11-09
2841866,Basketball Cards 2016 Panini Prizm,Terrence Jones [Purple Prizm] #197,$1.80,,,,,,,,,,,,$1.99,,,,,,1,,,,,2016-11-09
2841355,Basketball Cards 2016 Panini Prizm,Terrence Jones [Ruby Wave Prizm] #197,,,,,,,,,,,,,,,,,,,0,,,,,2016-11-09
2840860,Basketball Cards 2016 Panini Prizm,Terrence Jones [Silver Prizm] #197,$0.99,,,,,,,,,,,,$1.09,,,,,,1,,,,,2016-11-09
2841098,Basketball Cards 2016 Panini Prizm,Terrence Jones [Starburst Prizm] #197,$0.25,,,,,,,,,,,,$0.99,,,,,,0,,,,,2016-11-09
2842885,Basketball Cards 2016 Panini Prizm,Terrence Jones [Teal Wave Prizm] #197,$4.84,,,,,,,,,,,$1.10,$5.29,,,,,,1,,,,,2016-11-09
2840255,Basketball Cards 2016 Panini Prizm,Terry Rozier #49,$1.99,,,,,,,,,,,,$2.19,,,,,,1,,,,,2016-11-09
12351466,Basketball Cards 2016 Panini Prizm,Terry Rozier [5th Anniversary Mojo] #49,,,,,,,,,,,,,,,,,,,0,,,,,2016-11-09
2843265,Basketball Cards 2016 Panini Prizm,Terry Rozier [5th Anniversary Prizm] #49,,,,,,,,,,,,,,,,,,,0,,,,,2016-11-09
12351384,Basketball Cards 2016 Panini Prizm,Terry Rozier [Black Prizm] #49,,,,,,,,,,,,,,,,,,,0,,,,,2016-11-09
2841482,Basketball Cards 2016 Panini Prizm,Terry Rozier [Blue Wave Prizm] #49,$3.76,,,,,,,,,,,$0.80,$4.09,,,,,,1,,,,,2016-11-09
2843009,Basketball Cards 2016 Panini Prizm,Terry Rozier [Gold Prizm] #49,$17.50,,,$16.50,$18.00,,,,,,,$4.80,$18.99,,,,,,2,,,,,2016-11-09
127841,Basketball Cards 2016 Panini Prizm,Terry Rozier [Green Prizm] #49,$3.00,,,,,,,,,,,,$3.29,,,,,,1,,,,,2016-11-09
2842506,Basketball Cards 2016 Panini Prizm,Terry Rozier [Mojo Prizm] #49,$20.95,,,,,,,,,,,$6.90,$22.99,,,,,,1,,,,,2016-11-09
2841992,Basketball Cards 2016 Panini Prizm,Terry Rozier [Orange Prizm] #49,$2.99,,,,,,,,,,,,$3.29,,,,,,1,,,,,2016-11-09
2842245,Basketball Cards 2016 Panini Prizm,Terry Rozier [Orange Wave Prizm] #49,$24.99,,,,,,,,,,,$8.10,$26.99,,,,,,1,,,,,2016-11-09
2841738,Basketball Cards 2016 Panini Prizm,Terry Rozier [Purple Prizm] #49,,,,,,,,,,,,,,,,,,,0,,,,,2016-11-09
2841220,Basketball Cards 2016 Panini Prizm,Terry Rozier [Ruby Wave Prizm] #49,$1.50,,,,,,,,,,,,$1.69,,,,,,1,,,,,2016-11-09
127842,Basketball Cards 2016 Panini Prizm,Terry Rozier [Silver Prizm] #49,$1.18,,,,,$120.00,$156.00,$72.00,$72.00,,,,$1.29,,,,,,2,,,,,2016-11-09
127843,Basketball Cards 2016 Panini Prizm,Terry Rozier [Starburst Prizm] #49,$0.45,,,,,,,,,,,,$0.99,,,,,,1,,,,,2016-11-09
2842760,Basketball Cards 2016 Panini Prizm,Terry Rozier [Teal Wave Prizm] #49,,,,,,,,,,,,,,,,,,,0,,,,,2016-11-09
2840282,Basketball Cards 2016 Panini Prizm,Thabo Sefolosha #79,$0.99,,,,,,,,,,,,$1.09,,,,,,1,,,,,2016-11-09
12351521,Basketball Cards 2016 Panini Prizm,Thabo Sefolosha [5th Anniversary Mojo] #79,,,,,,,,,,,,,,,,,,,0,,,,,2016-11-09
2843294,Basketball Cards 2016 Panini Prizm,Thabo Sefolosha [5th Anniversary Prizm] #79,$4.81,,,,,,,,,,,$1.10,$5.29,,,,,,1,,,,,2016-11-09
12351170,Basketball Cards 2016 Panini Prizm,Thabo Sefolosha [Black Prizm] #79,,,,,,,,,,,,,,,,,,,0,,,,,2016-11-09
2841508,Basketball Cards 2016 Panini Prizm,Thabo Sefolosha [Blue Wave Prizm] #79,$1.40,,,,,,,,,,,,$1.49,,,,,,1,,,,,2016-11-09
2843034,Basketball Cards 2016 Panini Prizm,Thabo Sefolosha [Gold Prizm] #79,$20.00,,,,,,,,,,,$6.60,$21.99,,,,,,1,,,,,2016-11-09
2840530,Basketball Cards 2016 Panini Prizm,Thabo Sefolosha [Green Prizm] #79,$0.25,,,,,,,,,,,,$0.99,,,,,,0,,,,,2016-11-09
2842531,Basketball Cards 2016 Panini Prizm,Thabo Sefolosha [Mojo Prizm] #79,$2.99,,,,,,,,,,,,$3.29,,,,,,1,,,,,2016-11-09
2842018,Basketball Cards 2016 Panini Prizm,Thabo Sefolosha [Orange Prizm] #79,$2.14,,,,,,,,,,,,$2.39,,,,,,1,,,,,2016-11-09
2842273,Basketball Cards 2016 Panini Prizm,Thabo Sefolosha [Orange Wave Prizm] #79,$6.00,,,,,,,,,,,$1.30,$6.59,,,,,,0,,,,,2016-11-09
2841763,Basketball Cards 2016 Panini Prizm,Thabo Sefolosha [Purple Prizm] #79,$1.66,,,,,,,,,,,,$1.79,,,,,,1,,,,,2016-11-09
2841246,Basketball Cards 2016 Panini Prizm,Thabo Sefolosha [Ruby Wave Prizm] #79,$1.07,,,,,,,,,,,,$1.19,,,,,,1,,,,,2016-11-09
2840769,Basketball Cards 2016 Panini Prizm,Thabo Sefolosha [Silver Prizm] #79,$0.25,,,,,,,,,,,,$0.99,,,,,,0,,,,,2016-11-09
2840998,Basketball Cards 2016 Panini Prizm,Thabo Sefolosha [Starburst Prizm] #79,$0.25,,,,,,,,,,,,$0.99,,,,,,0,,,,,2016-11-09
2842783,Basketball Cards 2016 Panini Prizm,Thabo Sefolosha [Teal Wave Prizm] #79,$7.20,,,,,,,,,,,$1.60,$7.89,,,,,,0,,,,,2016-11-09
2840378,Basketball Cards 2016 Panini Prizm,Thaddeus Young #185,$0.99,,,,,,,,,,,,$1.09,,,,,,1,,,,,2016-11-09
12351596,Basketball Cards 2016 Panini Prizm,Thaddeus Young [5th Anniversary Mojo] #185,,,,,,,,,,,,,,,,,,,0,,,,,2016-11-09
2843392,Basketball Cards 2016 Panini Prizm,Thaddeus Young [5th Anniversary Prizm] #185,$3.99,,,,,,,,,,,$0.90,$4.39,,,,,,1,,,,,2016-11-09
12351328,Basketball Cards 2016 Panini Prizm,Thaddeus Young [Black Prizm] #185,,,,,,,,,,,,,,,,,,,0,,,,,2016-11-09
2841603,Basketball Cards 2016 Panini Prizm,Thaddeus Young [Blue Wave Prizm] #185,$2.00,,,,,,,,,,,,$2.19,,,,,,1,,,,,2016-11-09
2843128,Basketball Cards 2016 Panini Prizm,Thaddeus Young [Gold Prizm] #185,,,,,,,,,,,,,,,,,,,0,,,,,2016-11-09
2840624,Basketball Cards 2016 Panini Prizm,Thaddeus Young [Green Prizm] #185,$0.25,,,,,,,,,,,,$0.99,,,,,,0,,,,,2016-11-09
2842626,Basketball Cards 2016 Panini Prizm,Thaddeus Young [Mojo Prizm] #185,$0.99,,,,,,,,,,,,$1.09,,,,,,1,,,,,2016-11-09
2842110,Basketball Cards 2016 Panini Prizm,Thaddeus Young [Orange Prizm] #185,$4.84,,,,,,,,,,,$1.10,$5.29,,,,,,1,,,,,2016-11-09
2842369,Basketball Cards 2016 Panini Prizm,Thaddeus Young [Orange Wave Prizm] #185,$7.14,,,,,,,,,,,$1.60,$7.89,,,,,,1,,,,,2016-11-09
2841856,Basketball Cards 2016 Panini Prizm,Thaddeus Young [Purple Prizm] #185,$2.09,,,,,,,,,,,,$2.29,,,,,,1,,,,,2016-11-09
2841346,Basketball Cards 2016 Panini Prizm,Thaddeus Young [Ruby Wave Prizm] #185,$0.99,,,,,,,,,,,,$1.09,,,,,,1,,,,,2016-11-09
2840852,Basketball Cards 2016 Panini Prizm,Thaddeus Young [Silver Prizm] #185,$0.25,,,,,,,,,,,,$0.99,,,,,,0,,,,,2016-11-09
2841089,Basketball Cards 2016 Panini Prizm,Thaddeus Young [Starburst Prizm] #185,$1.99,,,,,,,,,,,,$2.19,,,,,,1,,,,,2016-11-09
2842878,Basketball Cards 2016 Panini Prizm,Thaddeus Young [Teal Wave Prizm] #185,,,,,,,,,,,,,,,,,,,0,,,,,2016-11-09
127757,Basketball Cards 2016 Panini Prizm,Thon Maker #14,$1.48,,$5.50,$6.06,$11.25,$12.98,$17.00,$8.00,$8.00,,,,$1.59,,,$1.20,$6.09,,9,,,,,2016-11-09
12351427,Basketball Cards 2016 Panini Prizm,Thon Maker [5th Anniversary Mojo] #14,,,,,,,,,,,,,,,,,,,0,,,,,2016-11-09
2843231,Basketball Cards 2016 Panini Prizm,Thon Maker [5th Anniversary Prizm] #14,,,,,,,,,,,,,,,,,,,0,,,,,2016-11-09
12351105,Basketball Cards 2016 Panini Prizm,Thon Maker [Black Prizm] #14,,,,,,,,,,,,,,,,,,,0,,,,,2016-11-09
127758,Basketball Cards 2016 Panini Prizm,Thon Maker [Blue Wave Prizm] #14,$6.05,,,$29.95,$33.00,,,,,,,$1.30,$6.69,,,,,,3,,,,,2016-11-09
127759,Basketball Cards 2016 Panini Prizm,Thon Maker [Gold Prizm] #14,,,,$79.00,$87.00,,,,,,,,,,,,,,1,,,,,2016-11-09
127760,Basketball Cards 2016 Panini Prizm,Thon Maker [Green Prizm] #14,$1.50,,,$4.25,$5.00,$19.99,$21.39,$12.00,$12.00,,,,$1.69,,,,,,4,,,,,2016-11-09
127761,Basketball Cards 2016 Panini Prizm,Thon Maker [Mojo Prizm] #14,$289.99,,,,,,,,,,,$159.50,$319.00,,,,,,0,,,,,2016-11-09
127762,Basketball Cards 2016 Panini Prizm,Thon Maker [Orange Prizm] #14,$1.30,,,,,$14.48,$19.00,$9.00,$9.00,,,,$1.39,,,,,,2,,,,,2016-11-09
127763,Basketball Cards 2016 Panini Prizm,Thon Maker [Orange Wave Prizm] #14,$60.00,,,,$0.01,$58.95,$77.00,$35.00,$35.00,,,$26.40,$65.99,,,,,,2,,,,,2016-11-09
127764,Basketball Cards 2016 Panini Prizm,Thon Maker [Purple Prizm] #14,$1.99,,,,,,,,,,,,$2.19,,,,,,1,,,,,2016-11-09
127765,Basketball Cards 2016 Panini Prizm,Thon Maker [Ruby Wave Prizm] #14,$8.59,,,$0.99,$1.00,$3.25,$4.00,$2.00,$2.00,,,$1.90,$9.49,,,,,,3,,,,,2016-11-09
127766,Basketball Cards 2016 Panini Prizm,Thon Maker [Silver Prizm] #14,$2.00,,$4.01,$4.25,$5.00,$5.15,$7.00,$3.00,$3.00,,,,$2.19,,,$0.90,$4.39,,7,,,,,2016-11-09
127767,Basketball Cards 2016 Panini Prizm,Thon Maker [Starburst Prizm] #14,$3.91,,,$7.50,$30.75,,,,,,,$0.90,$4.29,,,,,,3,,,,,2016-11-09
2842730,Basketball Cards 2016 Panini Prizm,Thon Maker [Teal Wave Prizm] #14,$5.99,,,,,,,,,,,$1.30,$6.59,,,,,,4,,,,,2016-11-09
2840390,Basketball Cards 2016 Panini Prizm,Tim Frazier #199,$1.63,,,,,,,,,,,,$1.79,,,,,,1,,,,,2016-11-09
12351610,Basketball Cards 2016 Panini Prizm,Tim Frazier [5th Anniversary Mojo] #199,,,,,,,,,,,,,,,,,,,0,,,,,2016-11-09
2843406,Basketball Cards 2016 Panini Prizm,Tim Frazier [5th Anniversary Prizm] #199,$5.00,,,,,,,,,,,$1.10,$5.49,,,,,,0,,,,,2016-11-09
12351346,Basketball Cards 2016 Panini Prizm,Tim Frazier [Black Prizm] #199,,,,,,,,,,,,,,,,,,,0,,,,,2016-11-09
2841614,Basketball Cards 2016 Panini Prizm,Tim Frazier [Blue Wave Prizm] #199,$3.87,,,,,,,,,,,$0.90,$4.29,,,,,,1,,,,,2016-11-09
2843139,Basketball Cards 2016 Panini Prizm,Tim Frazier [Gold Prizm] #199,$115.24,,,,,,,,,,,$63.50,$127.00,,,,,,0,,,,,2016-11-09
2840635,Basketball Cards 2016 Panini Prizm,Tim Frazier [Green Prizm] #199,$2.73,,,,,,,,,,,,$2.99,,,,,,1,,,,,2016-11-09
2842637,Basketball Cards 2016 Panini Prizm,Tim Frazier [Mojo Prizm] #199,$5.00,,,,,,,,,,,$1.10,$5.49,,,,,,1,,,,,2016-11-09
2842121,Basketball Cards 2016 Panini Prizm,Tim Frazier [Orange Prizm] #199,$5.00,,,,,,,,,,,$1.10,$5.49,,,,,,1,,,,,2016-11-09
2845182,Basketball Cards 2016 Panini Prizm,Tim Frazier [Orange Wave Prizm] #199,$2.99,,,,,,,,,,,,$3.29,,,,,,1,,,,,2016-11-09
2841868,Basketball Cards 2016 Panini Prizm,Tim Frazier [Purple Prizm] #199,$3.60,,,,,,,,,,,$0.80,$3.99,,,,,,0,,,,,2016-11-09
2841357,Basketball Cards 2016 Panini Prizm,Tim Frazier [Ruby Wave Prizm] #199,$3.42,,,,,,,,,,,$0.80,$3.79,,,,,,1,,,,,2016-11-09
2840862,Basketball Cards 2016 Panini Prizm,Tim Frazier [Silver Prizm] #199,$1.48,,,,,,,,,,,,$1.59,,,,,,1,,,,,2016-11-09
2841100,Basketball Cards 2016 Panini Prizm,Tim Frazier [Starburst Prizm] #199,$0.99,,,,,,,,,,,,$1.09,,,,,,1,,,,,2016-11-09
2842887,Basketball Cards 2016 Panini Prizm,Tim Frazier [Teal Wave Prizm] #199,$15.27,,,,,,,,,,,$4.30,$16.99,,,,,,1,,,,,2016-11-09
2840331,Basketball Cards 2016 Panini Prizm,Timofey Mozgov #133,$0.99,,,,,,,,,,,,$1.09,,,,,,1,,,,,2016-11-09
12351524,Basketball Cards 2016 Panini Prizm,Timofey Mozgov [5th Anniversary Mojo] #133,,,,,,,,,,,,,,,,,,,0,,,,,2016-11-09
2843342,Basketball Cards 2016 Panini Prizm,Timofey Mozgov [5th Anniversary Prizm] #133,$3.99,,,,,,,,,,,$0.90,$4.39,,,,,,0,,,,,2016-11-09
12351222,Basketball Cards 2016 Panini Prizm,Timofey Mozgov [Black Prizm] #133,$999.99,,,,,,,,,,,$660.00,$1100.00,,,,,,1,,,,,2016-11-09
2845174,Basketball Cards 2016 Panini Prizm,Timofey Mozgov [Blue Wave Prizm] #133,$2.79,,,,,,,,,,,,$3.09,,,,,,1,,,,,2016-11-09
2843081,Basketball Cards 2016 Panini Prizm,Timofey Mozgov [Gold Prizm] #133,$9.99,,,,,,,,,,,$2.80,$10.99,,,,,,1,,,,,2016-11-09
2840577,Basketball Cards 2016 Panini Prizm,Timofey Mozgov [Green Prizm] #133,$0.25,,,,,,,,,,,,$0.99,,,,,,0,,,,,2016-11-09
2842580,Basketball Cards 2016 Panini Prizm,Timofey Mozgov [Mojo Prizm] #133,$4.13,,,,,,,,,,,$0.90,$4.49,,,,,,1,,,,,2016-11-09
2842065,Basketball Cards 2016 Panini Prizm,Timofey Mozgov [Orange Prizm] #133,$2.25,,,,,,,,,,,,$2.49,,,,,,1,,,,,2016-11-09
2842323,Basketball Cards 2016 Panini Prizm,Timofey Mozgov [Orange Wave Prizm] #133,$4.56,,,,,,,,,,,$1.00,$4.99,,,,,,1,,,,,2016-11-09
2841811,Basketball Cards 2016 Panini Prizm,Timofey Mozgov [Purple Prizm] #133,$1.40,,,,,,,,,,,,$1.49,,,,,,1,,,,,2016-11-09
2841297,Basketball Cards 2016 Panini Prizm,Timofey Mozgov [Ruby Wave Prizm] #133,,,,,,,,,,,,,,,,,,,0,,,,,2016-11-09
2840811,Basketball Cards 2016 Panini Prizm,Timofey Mozgov [Silver Prizm] #133,$1.51,,,,,,,,,,,,$1.69,,,,,,1,,,,,2016-11-09
2841044,Basketball Cards 2016 Panini Prizm,Timofey Mozgov [Starburst Prizm] #133,$1.50,,,,,,,,,,,,$1.69,,,,,,1,,,,,2016-11-09
2842830,Basketball Cards 2016 Panini Prizm,Timofey Mozgov [Teal Wave Prizm] #133,$3.99,,,,,,,,,,,$0.90,$4.39,,,,,,0,,,,,2016-11-09
127724,Basketball Cards 2016 Panini Prizm,Timothe Luwawu-Cabarrot #3,$1.74,,$0.99,$11.74,$13.00,$14.00,$18.00,$8.00,$8.00,,,,$1.89,,,,$1.09,,8,,,,,2016-11-09
12351416,Basketball Cards 2016 Panini Prizm,Timothe Luwawu-Cabarrot [5th Anniversary Mojo] #3,,,,,,,,,,,,,,,,,,,0,,,,,2016-11-09
2843221,Basketball Cards 2016 Panini Prizm,Timothe Luwawu-Cabarrot [5th Anniversary Prizm] #3,$9.95,,,,,,,,,,,$2.80,$10.99,,,,,,1,,,,,2016-11-09
12351094,Basketball Cards 2016 Panini Prizm,Timothe Luwawu-Cabarrot [Black Prizm] #3,,,,,,,,,,,,,,,,,,,0,,,,,2016-11-09
2841445,Basketball Cards 2016 Panini Prizm,Timothe Luwawu-Cabarrot [Blue Wave Prizm] #3,$4.49,,,,$6.22,,,,,,,$1.00,$4.89,,,,,,2,,,,,2016-11-09
127725,Basketball Cards 2016 Panini Prizm,Timothe Luwawu-Cabarrot [Gold Prizm] #3,$49.99,,,,,,,,,,,$22.00,$54.99,,,,,,1,,,,,2016-11-09
127726,Basketball Cards 2016 Panini Prizm,Timothe Luwawu-Cabarrot [Green Prizm] #3,$1.69,,,,,$9.68,$13.00,$6.00,$6.00,,,,$1.89,,,,,,2,,,,,2016-11-09
127727,Basketball Cards 2016 Panini Prizm,Timothe Luwawu-Cabarrot [Mojo Prizm] #3,$22.50,,,,,$10.50,$14.00,$6.00,$6.00,,,$7.50,$24.99,,,,,,1,,,,,2016-11-09
127728,Basketball Cards 2016 Panini Prizm,Timothe Luwawu-Cabarrot [Orange Prizm] #3,$1.15,,,,$5.50,,,,,,,,$1.29,,,,,,2,,,,,2016-11-09
2842208,Basketball Cards 2016 Panini Prizm,Timothe Luwawu-Cabarrot [Orange Wave Prizm] #3,,,,,,,,,,,,,,,,,,,0,,,,,2016-11-09
127729,Basketball Cards 2016 Panini Prizm,Timothe Luwawu-Cabarrot [Purple Prizm] #3,$5.46,,,,,$499.99,$650.00,$300.00,$300.00,,,$1.20,$5.99,,,,,,2,,,,,2016-11-09
2841180,Basketball Cards 2016 Panini Prizm,Timothe Luwawu-Cabarrot [Ruby Wave Prizm] #3,$5.99,,,,,$5.50,$7.00,$3.00,$3.00,,,$1.30,$6.59,,,,,,2,,,,,2016-11-09
127730,Basketball Cards 2016 Panini Prizm,Timothe Luwawu-Cabarrot [Silver Prizm] #3,$4.72,,,$15.95,$18.00,$18.62,$24.00,$11.00,$11.00,,,$1.00,$5.19,,,,,,8,,,,,2016-11-09
2840937,Basketball Cards 2016 Panini Prizm,Timothe Luwawu-Cabarrot [Starburst Prizm] #3,$3.73,,,,,,,,,,,$0.80,$4.09,,,,,,2,,,,,2016-11-09
127731,Basketball Cards 2016 Panini Prizm,Timothe Luwawu-Cabarrot [Teal Wave Prizm] #3,$9.69,,,$25.55,$28.00,,,,,,,$2.80,$10.99,,,,,,2,,,,,2016-11-09
2840399,Basketball Cards 2016 Panini Prizm,Tobias Harris #208,$0.99,,,,,,,,,,,,$1.09,,,,,,1,,,,,2016-11-09
12351620,Basketball Cards 2016 Panini Prizm,Tobias Harris [5th Anniversary Mojo] #208,,,,,,,,,,,,,,,,,,,0,,,,,2016-11-09
2843415,Basketball Cards 2016 Panini Prizm,Tobias Harris [5th Anniversary Prizm] #208,,,,,,,,,,,,,,,,,,,0,,,,,2016-11-09
12351231,Basketball Cards 2016 Panini Prizm,Tobias Harris [Black Prizm] #208,,,,,,,,,,,,,,,,,,,0,,,,,2016-11-09
2841623,Basketball Cards 2016 Panini Prizm,Tobias Harris [Blue Wave Prizm] #208,$0.99,,,,,,,,,,,,$1.09,,,,,,1,,,,,2016-11-09
2843148,Basketball Cards 2016 Panini Prizm,Tobias Harris [Gold Prizm] #208,,,,,,,,,,,,,,,,,,,0,,,,,2016-11-09
2840644,Basketball Cards 2016 Panini Prizm,Tobias Harris [Green Prizm] #208,$0.99,,,,,,,,,,,,$1.09,,,,,,1,,,,,2016-11-09
2842645,Basketball Cards 2016 Panini Prizm,Tobias Harris [Mojo Prizm] #208,$16.64,,,,,,,,,,,$4.50,$17.99,,,,,,1,,,,,2016-11-09
2842130,Basketball Cards 2016 Panini Prizm,Tobias Harris [Orange Prizm] #208,$6.00,,,,,,,,,,,$1.30,$6.59,,,,,,0,,,,,2016-11-09
2842387,Basketball Cards 2016 Panini Prizm,Tobias Harris [Orange Wave Prizm] #208,$17.50,,,,,,,,,,,$4.80,$18.99,,,,,,1,,,,,2016-11-09
2841877,Basketball Cards 2016 Panini Prizm,Tobias Harris [Purple Prizm] #208,$0.99,,,,,,,,,,,,$1.09,,,,,,1,,,,,2016-11-09
2841366,Basketball Cards 2016 Panini Prizm,Tobias Harris [Ruby Wave Prizm] #208,$0.99,,,,,,,,,,,,$1.09,,,,,,1,,,,,2016-11-09
2840870,Basketball Cards 2016 Panini Prizm,Tobias Harris [Silver Prizm] #208,$2.08,,,,,,,,,,,,$2.29,,,,,,1,,,,,2016-11-09
2841109,Basketball Cards 2016 Panini Prizm,Tobias Harris [Starburst Prizm] #208,$1.00,,,,,,,,,,,,$1.09,,,,,,1,,,,,2016-11-09
2842896,Basketball Cards 2016 Panini Prizm,Tobias Harris [Teal Wave Prizm] #208,$4.95,,,,,,,,,,,$1.10,$5.49,,,,,,1,,,,,2016-11-09
2840272,Basketball Cards 2016 Panini Prizm,Tony Allen #67,$0.99,,,,,,,,,,,,$1.09,,,,,,1,,,,,2016-11-09
12351500,Basketball Cards 2016 Panini Prizm,Tony Allen [5th Anniversary Mojo] #67,,,,,,,,,,,,,,,,,,,0,,,,,2016-11-09
2843282,Basketball Cards 2016 Panini Prizm,Tony Allen [5th Anniversary Prizm] #67,,,,,,,,,,,,,,,,,,,0,,,,,2016-11-09
12351158,Basketball Cards 2016 Panini Prizm,Tony Allen [Black Prizm] #67,,,,,,,,,,,,,,,,,,,0,,,,,2016-11-09
2841499,Basketball Cards 2016 Panini Prizm,Tony Allen [Blue Wave Prizm] #67,$3.48,,,,,,,,,,,$0.80,$3.79,,,,,,2,,,,,2016-11-09
2843024,Basketball Cards 2016 Panini Prizm,Tony Allen [Gold Prizm] #67,,,,,,,,,,,,,,,,,,,0,,,,,2016-11-09
2840521,Basketball Cards 2016 Panini Prizm,Tony Allen [Green Prizm] #67,$0.25,,,,,,,,,,,,$0.99,,,,,,0,,,,,2016-11-09
2842522,Basketball Cards 2016 Panini Prizm,Tony Allen [Mojo Prizm] #67,$7.20,,,,,,,,,,,$1.60,$7.89,,,,,,0,,,,,2016-11-09
2842009,Basketball Cards 2016 Panini Prizm,Tony Allen [Orange Prizm] #67,$2.00,,,,,,,,,,,,$2.19,,,,,,1,,,,,2016-11-09
2842263,Basketball Cards 2016 Panini Prizm,Tony Allen [Orange Wave Prizm] #67,$8.99,,,,,,,,,,,$2.00,$9.89,,,,,,1,,,,,2016-11-09
2841754,Basketball Cards 2016 Panini Prizm,Tony Allen [Purple Prizm] #67,$1.40,,,,,,,,,,,,$1.49,,,,,,1,,,,,2016-11-09
2841236,Basketball Cards 2016 Panini Prizm,Tony Allen [Ruby Wave Prizm] #67,$1.14,,,,,,,,,,,,$1.29,,,,,,1,,,,,2016-11-09
2840761,Basketball Cards 2016 Panini Prizm,Tony Allen [Silver Prizm] #67,$1.81,,,,,,,,,,,,$1.99,,,,,,1,,,,,2016-11-09
2840990,Basketball Cards 2016 Panini Prizm,Tony Allen [Starburst Prizm] #67,$2.06,,,,,,,,,,,,$2.29,,,,,,1,,,,,2016-11-09
2842775,Basketball Cards 2016 Panini Prizm,Tony Allen [Teal Wave Prizm] #67,$5.00,,,,,,,,,,,$1.10,$5.49,,,,,,1,,,,,2016-11-09
2840421,Basketball Cards 2016 Panini Prizm,Tony Parker #233,$1.99,,,$13.99,$15.00,$17.00,$22.00,$10.00,$10.00,,,,$2.19,,,,,,3,,,,,2016-11-09
12351644,Basketball Cards 2016 Panini Prizm,Tony Parker [5th Anniversary Mojo] #233,,,,,,,,,,,,,,,,,,,0,,,,,2016-11-09
2843437,Basketball Cards 2016 Panini Prizm,Tony Parker [5th Anniversary Prizm] #233,,,,,,,,,,,,,,,,,,,0,,,,,2016-11-09
12351281,Basketball Cards 2016 Panini Prizm,Tony Parker [Black Prizm] #233,,,,,,,,,,,,,,,,,,,0,,,,,2016-11-09
2841645,Basketball Cards 2016 Panini Prizm,Tony Parker [Blue Wave Prizm] #233,$2.99,,,,,,,,,,,,$3.29,,,,,,1,,,,,2016-11-09
2843169,Basketball Cards 2016 Panini Prizm,Tony Parker [Gold Prizm] #233,,,,,,,,,,,,,,,,,,,0,,,,,2016-11-09
2840666,Basketball Cards 2016 Panini Prizm,Tony Parker [Green Prizm] #233,$1.94,,,,,,,,,,,,$2.09,,,,,,1,,,,,2016-11-09
2842665,Basketball Cards 2016 Panini Prizm,Tony Parker [Mojo Prizm] #233,$20.58,,,,,,,,,,,$6.90,$22.99,,,,,,1,,,,,2016-11-09
2842151,Basketball Cards 2016 Panini Prizm,Tony Parker [Orange Prizm] #233,$7.52,,,,,,,,,,,$1.70,$8.29,,,,,,1,,,,,2016-11-09
2842409,Basketball Cards 2016 Panini Prizm,Tony Parker [Orange Wave Prizm] #233,$20.00,,,,,$58.07,$75.00,$35.00,$35.00,,,$6.60,$21.99,,,,,,2,,,,,2016-11-09
2841901,Basketball Cards 2016 Panini Prizm,Tony Parker [Purple Prizm] #233,$4.00,,,,,$36.00,$47.00,$22.00,$22.00,,,$0.90,$4.39,,,,,,2,,,,,2016-11-09
2841389,Basketball Cards 2016 Panini Prizm,Tony Parker [Ruby Wave Prizm] #233,$3.59,,,,,,,,,,,$0.80,$3.99,,,,,,1,,,,,2016-11-09
2840888,Basketball Cards 2016 Panini Prizm,Tony Parker [Silver Prizm] #233,$1.30,,,$6.15,$7.00,,,,,,,,$1.39,,,,,,3,,,,,2016-11-09
2841130,Basketball Cards 2016 Panini Prizm,Tony Parker [Starburst Prizm] #233,$1.25,,,,,,,,,,,,$1.39,,,,,,1,,,,,2016-11-09
128122,Basketball Cards 2016 Panini Prizm,Tony Parker [Teal Wave Prizm] #233,$39.99,,,,,,,,,,,$17.60,$43.99,,,,,,1,,,,,2016-11-09
2840416,Basketball Cards 2016 Panini Prizm,Trevor Ariza #228,$0.25,,,,,,,,,,,,$0.99,,,,,,0,,,,,2016-11-09
12351639,Basketball Cards 2016 Panini Prizm,Trevor Ariza [5th Anniversary Mojo] #228,,,,,,,,,,,,,,,,,,,0,,,,,2016-11-09
2843432,Basketball Cards 2016 Panini Prizm,Trevor Ariza [5th Anniversary Prizm] #228,,,,,,,,,,,,,,,,,,,0,,,,,2016-11-09
12351269,Basketball Cards 2016 Panini Prizm,Trevor Ariza [Black Prizm] #228,,,,,,,,,,,,,,,,,,,0,,,,,2016-11-09
2841641,Basketball Cards 2016 Panini Prizm,Trevor Ariza [Blue Wave Prizm] #228,$1.62,,,,,,,,,,,,$1.79,,,,,,1,,,,,2016-11-09
2843164,Basketball Cards 2016 Panini Prizm,Trevor Ariza [Gold Prizm] #228,$56.00,,,,,,,,,,,$24.80,$61.99,,,,,,1,,,,,2016-11-09
2840662,Basketball Cards 2016 Panini Prizm,Trevor Ariza [Green Prizm] #228,$0.99,,,,,,,,,,,,$1.09,,,,,,1,,,,,2016-11-09
2842661,Basketball Cards 2016 Panini Prizm,Trevor Ariza [Mojo Prizm] #228,$3.43,,,,,,,,,,,$0.80,$3.79,,,,,,1,,,,,2016-11-09
2842147,Basketball Cards 2016 Panini Prizm,Trevor Ariza [Orange Prizm] #228,$0.99,,,,,,,,,,,,$1.09,,,,,,1,,,,,2016-11-09
2842404,Basketball Cards 2016 Panini Prizm,Trevor Ariza [Orange Wave Prizm] #228,$8.88,,,,,,,,,,,$2.00,$9.79,,,,,,1,,,,,2016-11-09
2841896,Basketball Cards 2016 Panini Prizm,Trevor Ariza [Purple Prizm] #228,$3.12,,,,,,,,,,,,$3.39,,,,,,1,,,,,2016-11-09
2841388,Basketball Cards 2016 Panini Prizm,Trevor Ariza [Ruby Wave Prizm] #228,$1.50,,,,,,,,,,,,$1.69,,,,,,1,,,,,2016-11-09
2840884,Basketball Cards 2016 Panini Prizm,Trevor Ariza [Silver Prizm] #228,$0.99,,,,,,,,,,,,$1.09,,,,,,1,,,,,2016-11-09
2841126,Basketball Cards 2016 Panini Prizm,Trevor Ariza [Starburst Prizm] #228,$1.09,,,,,,,,,,,,$1.19,,,,,,1,,,,,2016-11-09
2842914,Basketball Cards 2016 Panini Prizm,Trevor Ariza [Teal Wave Prizm] #228,$4.57,,,,,,,,,,,$1.00,$4.99,,,,,,0,,,,,2016-11-09
2840362,Basketball Cards 2016 Panini Prizm,Trevor Booker #167,$0.25,,,,,,,,,,,,$0.99,,,,,,0,,,,,2016-11-09
12351576,Basketball Cards 2016 Panini Prizm,Trevor Booker [5th Anniversary Mojo] #167,,,,,,,,,,,,,,,,,,,0,,,,,2016-11-09
2843375,Basketball Cards 2016 Panini Prizm,Trevor Booker [5th Anniversary Prizm] #167,$9.73,,,,,,,,,,,$2.80,$10.99,,,,,,1,,,,,2016-11-09
12351287,Basketball Cards 2016 Panini Prizm,Trevor Booker [Black Prizm] #167,,,,,,,,,,,,,,,,,,,0,,,,,2016-11-09
2841586,Basketball Cards 2016 Panini Prizm,Trevor Booker [Blue Wave Prizm] #167,$1.88,,,,,,,,,,,,$2.09,,,,,,1,,,,,2016-11-09
2843112,Basketball Cards 2016 Panini Prizm,Trevor Booker [Gold Prizm] #167,$15.50,,,,,,,,,,,$4.30,$16.99,,,,,,1,,,,,2016-11-09
2840608,Basketball Cards 2016 Panini Prizm,Trevor Booker [Green Prizm] #167,$1.13,,,,,,,,,,,,$1.19,,,,,,1,,,,,2016-11-09
2842610,Basketball Cards 2016 Panini Prizm,Trevor Booker [Mojo Prizm] #167,,,,,,,,,,,,,,,,,,,0,,,,,2016-11-09
2842094,Basketball Cards 2016 Panini Prizm,Trevor Booker [Orange Prizm] #167,$2.27,,,,,,,,,,,,$2.49,,,,,,1,,,,,2016-11-09
2842354,Basketball Cards 2016 Panini Prizm,Trevor Booker [Orange Wave Prizm] #167,$0.99,,,,,,,,,,,,$1.09,,,,,,1,,,,,2016-11-09
2841840,Basketball Cards 2016 Panini Prizm,Trevor Booker [Purple Prizm] #167,$0.84,,,,,,,,,,,,$0.99,,,,,,1,,,,,2016-11-09
2841328,Basketball Cards 2016 Panini Prizm,Trevor Booker [Ruby Wave Prizm] #167,$0.99,,,,,,,,,,,,$1.09,,,,,,1,,,,,2016-11-09
2840837,Basketball Cards 2016 Panini Prizm,Trevor Booker [Silver Prizm] #167,$0.25,,,,,,,,,,,,$0.99,,,,,,0,,,,,2016-11-09
2841074,Basketball Cards 2016 Panini Prizm,Trevor Booker [Starburst Prizm] #167,$1.50,,,,,,,,,,,,$1.69,,,,,,1,,,,,2016-11-09
2842860,Basketball Cards 2016 Panini Prizm,Trevor Booker [Teal Wave Prizm] #167,$19.79,,,,,,,,,,,$6.60,$21.99,,,,,,0,,,,,2016-11-09
2840467,Basketball Cards 2016 Panini Prizm,Trey Burke #295,$0.99,,,,,,,,,,,,$1.09,,,,,,1,,,,,2016-11-09
12351706,Basketball Cards 2016 Panini Prizm,Trey Burke [5th Anniversary Mojo] #295,,,,,,,,,,,,,,,,,,,0,,,,,2016-11-09
2843493,Basketball Cards 2016 Panini Prizm,Trey Burke [5th Anniversary Prizm] #295,,,,,,,,,,,,,,,,,,,0,,,,,2016-11-09
12351377,Basketball Cards 2016 Panini Prizm,Trey Burke [Black Prizm] #295,,,,,,,,,,,,,,,,,,,0,,,,,2016-11-09
2841693,Basketball Cards 2016 Panini Prizm,Trey Burke [Blue Wave Prizm] #295,$1.95,,,,,,,,,,,,$2.19,,,,,,1,,,,,2016-11-09
2843215,Basketball Cards 2016 Panini Prizm,Trey Burke [Gold Prizm] #295,,,,,,$96.00,$125.00,$58.00,$58.00,,,,,,,,,,1,,,,,2016-11-09
2840714,Basketball Cards 2016 Panini Prizm,Trey Burke [Green Prizm] #295,$0.25,,,,,,,,,,,,$0.99,,,,,,0,,,,,2016-11-09
2842717,Basketball Cards 2016 Panini Prizm,Trey Burke [Mojo Prizm] #295,$31.88,,,,,,,,,,,$10.50,$34.99,,,,,,0,,,,,2016-11-09
2842201,Basketball Cards 2016 Panini Prizm,Trey Burke [Orange Prizm] #295,$3.99,,,,,,,,,,,$0.90,$4.39,,,,,,1,,,,,2016-11-09
2842458,Basketball Cards 2016 Panini Prizm,Trey Burke [Orange Wave Prizm] #295,$7.99,,,,,,,,,,,$1.80,$8.79,,,,,,1,,,,,2016-11-09
2841951,Basketball Cards 2016 Panini Prizm,Trey Burke [Purple Prizm] #295,$1.75,,,,,,,,,,,,$1.89,,,,,,1,,,,,2016-11-09
2841439,Basketball Cards 2016 Panini Prizm,Trey Burke [Ruby Wave Prizm] #295,$1.39,,,,,,,,,,,,$1.49,,,,,,1,,,,,2016-11-09
2840931,Basketball Cards 2016 Panini Prizm,Trey Burke [Silver Prizm] #295,$0.99,,,,,,,,,,,,$1.09,,,,,,1,,,,,2016-11-09
2841174,Basketball Cards 2016 Panini Prizm,Trey Burke [Starburst Prizm] #295,$4.00,,,,,,,,,,,$0.90,$4.39,,,,,,1,,,,,2016-11-09
2842968,Basketball Cards 2016 Panini Prizm,Trey Burke [Teal Wave Prizm] #295,$3.42,,,,,,,,,,,$0.80,$3.79,,,,,,0,,,,,2016-11-09
2840310,Basketball Cards 2016 Panini Prizm,Trey Lyles #108,$0.77,,,,,,,,,,,,$0.99,,,,,,1,,,,,2016-11-09
12351474,Basketball Cards 2016 Panini Prizm,Trey Lyles [5th Anniversary Mojo] #108,,,,,,,,,,,,,,,,,,,0,,,,,2016-11-09
2843321,Basketball Cards 2016 Panini Prizm,Trey Lyles [5th Anniversary Prizm] #108,,,,,,,,,,,,,,,,,,,0,,,,,2016-11-09
12351186,Basketball Cards 2016 Panini Prizm,Trey Lyles [Black Prizm] #108,,,,,,,,,,,,,,,,,,,0,,,,,2016-11-09
2841537,Basketball Cards 2016 Panini Prizm,Trey Lyles [Blue Wave Prizm] #108,$1.35,,,,,,,,,,,,$1.49,,,,,,1,,,,,2016-11-09
2843059,Basketball Cards 2016 Panini Prizm,Trey Lyles [Gold Prizm] #108,,,,,,,,,,,,,,,,,,,0,,,,,2016-11-09
2840557,Basketball Cards 2016 Panini Prizm,Trey Lyles [Green Prizm] #108,$1.95,,,,,,,,,,,,$2.19,,,,,,1,,,,,2016-11-09
2842559,Basketball Cards 2016 Panini Prizm,Trey Lyles [Mojo Prizm] #108,$8.00,,,,,,,,,,,$1.80,$8.79,,,,,,0,,,,,2016-11-09
2842045,Basketball Cards 2016 Panini Prizm,Trey Lyles [Orange Prizm] #108,$1.63,,,,,,,,,,,,$1.79,,,,,,1,,,,,2016-11-09
2842301,Basketball Cards 2016 Panini Prizm,Trey Lyles [Orange Wave Prizm] #108,$3.50,,,,,,,,,,,$0.80,$3.89,,,,,,1,,,,,2016-11-09
2841791,Basketball Cards 2016 Panini Prizm,Trey Lyles [Purple Prizm] #108,$1.28,,,,,,,,,,,,$1.39,,,,,,1,,,,,2016-11-09
2841274,Basketball Cards 2016 Panini Prizm,Trey Lyles [Ruby Wave Prizm] #108,$0.99,,,,,,,,,,,,$1.09,,,,,,1,,,,,2016-11-09
2840794,Basketball Cards 2016 Panini Prizm,Trey Lyles [Silver Prizm] #108,$0.25,,,,,,,,,,,,$0.99,,,,,,0,,,,,2016-11-09
2841025,Basketball Cards 2016 Panini Prizm,Trey Lyles [Starburst Prizm] #108,$0.99,,,,,,,,,,,,$1.09,,,,,,1,,,,,2016-11-09
2842810,Basketball Cards 2016 Panini Prizm,Trey Lyles [Teal Wave Prizm] #108,$19.79,,,,,,,,,,,$6.60,$21.99,,,,,,0,,,,,2016-11-09
2840244,Basketball Cards 2016 Panini Prizm,Tristan Thompson #36,$1.50,,,,,,,,,,,,$1.69,,,,,,1,,,,,2016-11-09
12351449,Basketball Cards 2016 Panini Prizm,Tristan Thompson [5th Anniversary Mojo] #36,,,,,,,,,,,,,,,,,,,0,,,,,2016-11-09
2843252,Basketball Cards 2016 Panini Prizm,Tristan Thompson [5th Anniversary Prizm] #36,,,,,,,,,,,,,,,,,,,0,,,,,2016-11-09
12351127,Basketball Cards 2016 Panini Prizm,Tristan Thompson [Black Prizm] #36,,,,,,,,,,,,,,,,,,,0,,,,,2016-11-09
2841471,Basketball Cards 2016 Panini Prizm,Tristan Thompson [Blue Wave Prizm] #36,$1.97,,,,,,,,,,,,$2.19,,,,,,1,,,,,2016-11-09
2842998,Basketball Cards 2016 Panini Prizm,Tristan Thompson [Gold Prizm] #36,,,,,,,,,,,,,,,,,,,0,,,,,2016-11-09
2845162,Basketball Cards 2016 Panini Prizm,Tristan Thompson [Green Prizm] #36,$0.25,,,,,,,,,,,,$0.99,,,,,,0,,,,,2016-11-09
2842494,Basketball Cards 2016 Panini Prizm,Tristan Thompson [Mojo Prizm] #36,$1.99,,,,,,,,,,,,$2.19,,,,,,1,,,,,2016-11-09
2841982,Basketball Cards 2016 Panini Prizm,Tristan Thompson [Orange Prizm] #36,$1.38,,,,,,,,,,,,$1.49,,,,,,1,,,,,2016-11-09
2842234,Basketball Cards 2016 Panini Prizm,Tristan Thompson [Orange Wave Prizm] #36,$6.29,,,,,,,,,,,$1.40,$6.89,,,,,,1,,,,,2016-11-09
2841726,Basketball Cards 2016 Panini Prizm,Tristan Thompson [Purple Prizm] #36,$3.58,,,,,,,,,,,$0.80,$3.89,,,,,,1,,,,,2016-11-09
2841208,Basketball Cards 2016 Panini Prizm,Tristan Thompson [Ruby Wave Prizm] #36,$1.34,,,,,,,,,,,,$1.49,,,,,,1,,,,,2016-11-09
2840739,Basketball Cards 2016 Panini Prizm,Tristan Thompson [Silver Prizm] #36,$1.25,,,,,,,,,,,,$1.39,,,,,,1,,,,,2016-11-09
2840962,Basketball Cards 2016 Panini Prizm,Tristan Thompson [Starburst Prizm] #36,$2.74,,,,,,,,,,,,$2.99,,,,,,1,,,,,2016-11-09
2842749,Basketball Cards 2016 Panini Prizm,Tristan Thompson [Teal Wave Prizm] #36,$6.00,,,,,,,,,,,$1.30,$6.59,,,,,,0,,,,,2016-11-09
2840288,Basketball Cards 2016 Panini Prizm,Tyler Johnson #85,$0.25,,,,,,,,,,,,$0.99,,,,,,0,,,,,2016-11-09
12351548,Basketball Cards 2016 Panini Prizm,Tyler Johnson [5th Anniversary Mojo] #85,,,,,,,,,,,,,,,,,,,0,,,,,2016-11-09
127899,Basketball Cards 2016 Panini Prizm,Tyler Johnson [5th Anniversary Prizm] #85,$46.19,,,,,,,,,,,$20.40,$50.99,,,,,,0,,,,,2016-11-09
12351180,Basketball Cards 2016 Panini Prizm,Tyler Johnson [Black Prizm] #85,,,,,,,,,,,,,,,,,,,0,,,,,2016-11-09
2841514,Basketball Cards 2016 Panini Prizm,Tyler Johnson [Blue Wave Prizm] #85,$2.25,,,,,,,,,,,,$2.49,,,,,,1,,,,,2016-11-09
2843040,Basketball Cards 2016 Panini Prizm,Tyler Johnson [Gold Prizm] #85,,,,,,,,,,,,,,,,,,,0,,,,,2016-11-09
2840536,Basketball Cards 2016 Panini Prizm,Tyler Johnson [Green Prizm] #85,$1.49,,,,,,,,,,,,$1.59,,,,,,1,,,,,2016-11-09
127900,Basketball Cards 2016 Panini Prizm,Tyler Johnson [Mojo Prizm] #85,$2.52,,,,,,,,,,,,$2.79,,,,,,1,,,,,2016-11-09
2842024,Basketball Cards 2016 Panini Prizm,Tyler Johnson [Orange Prizm] #85,$2.00,,,,,,,,,,,,$2.19,,,,,,1,,,,,2016-11-09
2842279,Basketball Cards 2016 Panini Prizm,Tyler Johnson [Orange Wave Prizm] #85,$2.54,,,,,,,,,,,,$2.79,,,,,,1,,,,,2016-11-09
2841769,Basketball Cards 2016 Panini Prizm,Tyler Johnson [Purple Prizm] #85,$4.75,,,,,,,,,,,$1.00,$5.19,,,,,,1,,,,,2016-11-09
2841251,Basketball Cards 2016 Panini Prizm,Tyler Johnson [Ruby Wave Prizm] #85,$1.35,,,,,,,,,,,,$1.49,,,,,,1,,,,,2016-11-09
2840773,Basketball Cards 2016 Panini Prizm,Tyler Johnson [Silver Prizm] #85,$2.99,,,,,,,,,,,,$3.29,,,,,,1,,,,,2016-11-09
2841004,Basketball Cards 2016 Panini Prizm,Tyler Johnson [Starburst Prizm] #85,$1.50,,,,,,,,,,,,$1.69,,,,,,1,,,,,2016-11-09
127901,Basketball Cards 2016 Panini Prizm,Tyler Johnson [Teal Wave Prizm] #85,$3.99,,,$12.50,$14.00,,,,,,,$0.90,$4.39,,,,,,2,,,,,2016-11-09
128161,Basketball Cards 2016 Panini Prizm,Tyler Ulis #246,$2.00,,,,,$14.99,$19.00,$9.00,$9.00,,,,$2.19,,,,,,3,,,,,2016-11-09
12351656,Basketball Cards 2016 Panini Prizm,Tyler Ulis [5th Anniversary Mojo] #246,,,,,,,,,,,,,,,,,,,0,,,,,2016-11-09
128162,Basketball Cards 2016 Panini Prizm,Tyler Ulis [5th Anniversary Prizm] #246,,,,,,,,,,,,,,,,,,,0,,,,,2016-11-09
12351313,Basketball Cards 2016 Panini Prizm,Tyler Ulis [Black Prizm] #246,,,,,,,,,,,,,,,,,,,0,,,,,2016-11-09
128163,Basketball Cards 2016 Panini Prizm,Tyler Ulis [Blue Wave Prizm] #246,$5.04,,,,,,,,,,,$1.10,$5.49,,,,,,1,,,,,2016-11-09
128164,Basketball Cards 2016 Panini Prizm,Tyler Ulis [Gold Prizm] #246,,,,$29.99,$33.00,,,,,,,,,,,,,,1,,,,,2016-11-09
128165,Basketball Cards 2016 Panini Prizm,Tyler Ulis [Green Prizm] #246,$3.49,,,,$0.99,$19.99,$26.00,$12.00,$12.00,,,$0.80,$3.79,,,,,,3,,,,,2016-11-09
2842675,Basketball Cards 2016 Panini Prizm,Tyler Ulis [Mojo Prizm] #246,,,,,,,,,,,,,,,,,,,0,,,,,2016-11-09
128166,Basketball Cards 2016 Panini Prizm,Tyler Ulis [Orange Prizm] #246,$4.63,,,,,,,,,,,$1.00,$5.09,,,,,,1,,,,,2016-11-09
2842418,Basketball Cards 2016 Panini Prizm,Tyler Ulis [Orange Wave Prizm] #246,$8.36,,,,$9.50,,,,,,,$1.80,$9.19,,,,,,2,,,,,2016-11-09
128167,Basketball Cards 2016 Panini Prizm,Tyler Ulis [Purple Prizm] #246,$3.99,,,,,,,,,,,$0.90,$4.39,,,,,,1,,,,,2016-11-09
2841400,Basketball Cards 2016 Panini Prizm,Tyler Ulis [Ruby Wave Prizm] #246,$2.92,,,,,,,,,,,,$3.19,,,,,,1,,,,,2016-11-09
128168,Basketball Cards 2016 Panini Prizm,Tyler Ulis [Silver Prizm] #246,$3.17,,,$15.00,$17.00,$18.00,$23.00,$11.00,$11.00,,,,$3.49,,,,,,7,,,,,2016-11-09
128169,Basketball Cards 2016 Panini Prizm,Tyler Ulis [Starburst Prizm] #246,$2.79,,,,$3.03,$9.63,$13.00,$6.00,$6.00,,,,$3.09,,,,,,3,,,,,2016-11-09
128170,Basketball Cards 2016 Panini Prizm,Tyler Ulis [Teal Wave Prizm] #246,$4.99,,,,,$19.99,$26.00,$12.00,$12.00,,,$1.10,$5.49,,,,,,2,,,,,2016-11-09
2840384,Basketball Cards 2016 Panini Prizm,Tyreke Evans #193,$1.36,,,,,,,,,,,,$1.49,,,,,,1,,,,,2016-11-09
12351604,Basketball Cards 2016 Panini Prizm,Tyreke Evans [5th Anniversary Mojo] #193,,,,,,,,,,,,,,,,,,,0,,,,,2016-11-09
2843400,Basketball Cards 2016 Panini Prizm,Tyreke Evans [5th Anniversary Prizm] #193,,,,,,,,,,,,,,,,,,,0,,,,,2016-11-09
12351339,Basketball Cards 2016 Panini Prizm,Tyreke Evans [Black Prizm] #193,,,,,,,,,,,,,,,,,,,0,,,,,2016-11-09
2841609,Basketball Cards 2016 Panini Prizm,Tyreke Evans [Blue Wave Prizm] #193,$1.29,,,,,,,,,,,,$1.39,,,,,,1,,,,,2016-11-09
2843133,Basketball Cards 2016 Panini Prizm,Tyreke Evans [Gold Prizm] #193,,,,,,,,,,,,,,,,,,,0,,,,,2016-11-09
2840629,Basketball Cards 2016 Panini Prizm,Tyreke Evans [Green Prizm] #193,$0.99,,,,,,,,,,,,$1.09,,,,,,1,,,,,2016-11-09
2842632,Basketball Cards 2016 Panini Prizm,Tyreke Evans [Mojo Prizm] #193,$0.99,,,,,,,,,,,,$1.09,,,,,,2,,,,,2016-11-09
2842116,Basketball Cards 2016 Panini Prizm,Tyreke Evans [Orange Prizm] #193,$2.83,,,,,,,,,,,,$3.09,,,,,,1,,,,,2016-11-09
2842374,Basketball Cards 2016 Panini Prizm,Tyreke Evans [Orange Wave Prizm] #193,$10.89,,,,,,,,,,,$3.00,$11.99,,,,,,1,,,,,2016-11-09
2841862,Basketball Cards 2016 Panini Prizm,Tyreke Evans [Purple Prizm] #193,$1.99,,,,,,,,,,,,$2.19,,,,,,1,,,,,2016-11-09
2841352,Basketball Cards 2016 Panini Prizm,Tyreke Evans [Ruby Wave Prizm] #193,,,,,,,,,,,,,,,,,,,0,,,,,2016-11-09
2840857,Basketball Cards 2016 Panini Prizm,Tyreke Evans [Silver Prizm] #193,$0.99,,,,,,,,,,,,$1.09,,,,,,1,,,,,2016-11-09
2841095,Basketball Cards 2016 Panini Prizm,Tyreke Evans [Starburst Prizm] #193,$1.99,,,,,,,,,,,,$2.19,,,,,,1,,,,,2016-11-09
2842882,Basketball Cards 2016 Panini Prizm,Tyreke Evans [Teal Wave Prizm] #193,,,,,,,,,,,,,,,,,,,0,,,,,2016-11-09
2840430,Basketball Cards 2016 Panini Prizm,Tyson Chandler #247,$0.25,,,,,,,,,,,,$0.99,,,,,,0,,,,,2016-11-09
12351658,Basketball Cards 2016 Panini Prizm,Tyson Chandler [5th Anniversary Mojo] #247,,,,,,,,,,,,,,,,,,,0,,,,,2016-11-09
2843449,Basketball Cards 2016 Panini Prizm,Tyson Chandler [5th Anniversary Prizm] #247,$35.00,,,,,,,,,,,$15.60,$38.99,,,,,,0,,,,,2016-11-09
12351315,Basketball Cards 2016 Panini Prizm,Tyson Chandler [Black Prizm] #247,,,,,,,,,,,,,,,,,,,0,,,,,2016-11-09
2841654,Basketball Cards 2016 Panini Prizm,Tyson Chandler [Blue Wave Prizm] #247,$1.80,,,,,,,,,,,,$1.99,,,,,,1,,,,,2016-11-09
2843181,Basketball Cards 2016 Panini Prizm,Tyson Chandler [Gold Prizm] #247,,,,,,,,,,,,,,,,,,,0,,,,,2016-11-09
2840675,Basketball Cards 2016 Panini Prizm,Tyson Chandler [Green Prizm] #247,$0.25,,,,,,,,,,,,$0.99,,,,,,0,,,,,2016-11-09
2842676,Basketball Cards 2016 Panini Prizm,Tyson Chandler [Mojo Prizm] #247,,,,,,,,,,,,,,,,,,,0,,,,,2016-11-09
2842162,Basketball Cards 2016 Panini Prizm,Tyson Chandler [Orange Prizm] #247,$3.49,,,,,,,,,,,$0.80,$3.79,,,,,,1,,,,,2016-11-09
2842419,Basketball Cards 2016 Panini Prizm,Tyson Chandler [Orange Wave Prizm] #247,$5.00,,,,,,,,,,,$1.10,$5.49,,,,,,1,,,,,2016-11-09
2841912,Basketball Cards 2016 Panini Prizm,Tyson Chandler [Purple Prizm] #247,$2.88,,,,,,,,,,,,$3.19,,,,,,1,,,,,2016-11-09
2845172,Basketball Cards 2016 Panini Prizm,Tyson Chandler [Ruby Wave Prizm] #247,$3.00,,,,,,,,,,,,$3.29,,,,,,1,,,,,2016-11-09
2840895,Basketball Cards 2016 Panini Prizm,Tyson Chandler [Silver Prizm] #247,$0.99,,,,,,,,,,,,$1.09,,,,,,1,,,,,2016-11-09
2841139,Basketball Cards 2016 Panini Prizm,Tyson Chandler [Starburst Prizm] #247,$0.25,,,,,,,,,,,,$0.99,,,,,,0,,,,,2016-11-09
2842927,Basketball Cards 2016 Panini Prizm,Tyson Chandler [Teal Wave Prizm] #247,$4.99,,,,,,,,,,,$1.10,$5.49,,,,,,1,,,,,2016-11-09
2840291,Basketball Cards 2016 Panini Prizm,Udonis Haslem #89,$1.37,,$9.99,,,$5.01,$7.00,$3.00,$3.00,,,,$1.49,,,$2.80,$10.99,,3,,,,,2016-11-09
12351558,Basketball Cards 2016 Panini Prizm,Udonis Haslem [5th Anniversary Mojo] #89,,,,,,,,,,,,,,,,,,,0,,,,,2016-11-09
2843303,Basketball Cards 2016 Panini Prizm,Udonis Haslem [5th Anniversary Prizm] #89,,,,,,,,,,,,,,,,,,,0,,,,,2016-11-09
12351185,Basketball Cards 2016 Panini Prizm,Udonis Haslem [Black Prizm] #89,,,,,,,,,,,,,,,,,,,0,,,,,2016-11-09
2841518,Basketball Cards 2016 Panini Prizm,Udonis Haslem [Blue Wave Prizm] #89,$3.17,,,,,,,,,,,,$3.49,,,,,,1,,,,,2016-11-09
127904,Basketball Cards 2016 Panini Prizm,Udonis Haslem [Gold Prizm] #89,,,,$120.00,$132.00,,,,,,,,,,,,,,1,,,,,2016-11-09
2840540,Basketball Cards 2016 Panini Prizm,Udonis Haslem [Green Prizm] #89,$1.13,,,,,,,,,,,,$1.19,,,,,,1,,,,,2016-11-09
2842540,Basketball Cards 2016 Panini Prizm,Udonis Haslem [Mojo Prizm] #89,$4.95,,,,,,,,,,,$1.10,$5.49,,,,,,1,,,,,2016-11-09
2842028,Basketball Cards 2016 Panini Prizm,Udonis Haslem [Orange Prizm] #89,$3.99,,,,,,,,,,,$0.90,$4.39,,,,,,1,,,,,2016-11-09
2842283,Basketball Cards 2016 Panini Prizm,Udonis Haslem [Orange Wave Prizm] #89,$19.95,,,,,,,,,,,$6.60,$21.99,,,,,,0,,,,,2016-11-09
2841773,Basketball Cards 2016 Panini Prizm,Udonis Haslem [Purple Prizm] #89,$2.29,,,,,,,,,,,,$2.49,,,,,,1,,,,,2016-11-09
2841255,Basketball Cards 2016 Panini Prizm,Udonis Haslem [Ruby Wave Prizm] #89,$3.00,,,,,,,,,,,,$3.29,,,,,,1,,,,,2016-11-09
2840777,Basketball Cards 2016 Panini Prizm,Udonis Haslem [Silver Prizm] #89,$1.69,,,,,,,,,,,,$1.89,,,,,,1,,,,,2016-11-09
2841007,Basketball Cards 2016 Panini Prizm,Udonis Haslem [Starburst Prizm] #89,$1.61,,,,,,,,,,,,$1.79,,,,,,1,,,,,2016-11-09
2842792,Basketball Cards 2016 Panini Prizm,Udonis Haslem [Teal Wave Prizm] #89,$5.14,,,,,,,,,,,$1.10,$5.69,,,,,,1,,,,,2016-11-09
2840435,Basketball Cards 2016 Panini Prizm,Victor Oladipo #253,$0.99,,,,,$1.25,$2.00,$1.00,$1.00,,,,$1.09,,,,,,2,,,,,2016-11-09
12351664,Basketball Cards 2016 Panini Prizm,Victor Oladipo [5th Anniversary Mojo] #253,,,,,,,,,,,,,,,,,,,0,,,,,2016-11-09
2843455,Basketball Cards 2016 Panini Prizm,Victor Oladipo [5th Anniversary Prizm] #253,,,,,,,,,,,,,,,,,,,0,,,,,2016-11-09
12351323,Basketball Cards 2016 Panini Prizm,Victor Oladipo [Black Prizm] #253,,,,,,,,,,,,,,,,,,,0,,,,,2016-11-09
2841659,Basketball Cards 2016 Panini Prizm,Victor Oladipo [Blue Wave Prizm] #253,$1.96,,,,,,,,,,,,$2.19,,,,,,1,,,,,2016-11-09
2843185,Basketball Cards 2016 Panini Prizm,Victor Oladipo [Gold Prizm] #253,,,,,,,,,,,,,,,,,,,0,,,,,2016-11-09
2840680,Basketball Cards 2016 Panini Prizm,Victor Oladipo [Green Prizm] #253,$0.25,,,,,,,,,,,,$0.99,,,,,,0,,,,,2016-11-09
2842681,Basketball Cards 2016 Panini Prizm,Victor Oladipo [Mojo Prizm] #253,$5.20,,,,,,,,,,,$1.10,$5.69,,,,,,1,,,,,2016-11-09
2842167,Basketball Cards 2016 Panini Prizm,Victor Oladipo [Orange Prizm] #253,$3.13,,,,,,,,,,,,$3.39,,,,,,1,,,,,2016-11-09
2842424,Basketball Cards 2016 Panini Prizm,Victor Oladipo [Orange Wave Prizm] #253,,,,,,,,,,,,,,,,,,,0,,,,,2016-11-09
2841917,Basketball Cards 2016 Panini Prizm,Victor Oladipo [Purple Prizm] #253,$3.80,,,,,,,,,,,$0.80,$4.19,,,,,,1,,,,,2016-11-09
2841404,Basketball Cards 2016 Panini Prizm,Victor Oladipo [Ruby Wave Prizm] #253,$2.83,,,,,,,,,,,,$3.09,,,,,,1,,,,,2016-11-09
2840900,Basketball Cards 2016 Panini Prizm,Victor Oladipo [Silver Prizm] #253,$3.00,,,,,,,,,,,,$3.29,,,,,,1,,,,,2016-11-09
2841144,Basketball Cards 2016 Panini Prizm,Victor Oladipo [Starburst Prizm] #253,$0.25,,,$10.50,$12.00,,,,,,,,$0.99,,,,,,1,,,,,2016-11-09
2842932,Basketball Cards 2016 Panini Prizm,Victor Oladipo [Teal Wave Prizm] #253,$2.10,,,,,,,,,,,,$2.29,,,,,,1,,,,,2016-11-09
2840270,Basketball Cards 2016 Panini Prizm,Vince Carter #65,$1.50,,,$10.99,$12.00,$13.00,$17.00,$8.00,$8.00,,,,$1.69,,,,,,5,,,,,2016-11-09
12351497,Basketball Cards 2016 Panini Prizm,Vince Carter [5th Anniversary Mojo] #65,,,,,,,,,,,,,,,,,,,0,,,,,2016-11-09
2843281,Basketball Cards 2016 Panini Prizm,Vince Carter [5th Anniversary Prizm] #65,,,,$180.00,$198.00,,,,,,,,,,,,,,1,,,,,2016-11-09
12351155,Basketball Cards 2016 Panini Prizm,Vince Carter [Black Prizm] #65,,,,,,,,,,,,,,,,,,,0,,,,,2016-11-09
2841497,Basketball Cards 2016 Panini Prizm,Vince Carter [Blue Wave Prizm] #65,$10.64,,$7.50,,,$29.99,$39.00,$18.00,$18.00,,,$3.00,$11.99,,,$1.70,$8.29,,3,,,,,2016-11-09
2843022,Basketball Cards 2016 Panini Prizm,Vince Carter [Gold Prizm] #65,,,,,,$440.00,$572.00,$264.00,$264.00,,,,,,,,,,1,,,,,2016-11-09
127861,Basketball Cards 2016 Panini Prizm,Vince Carter [Green Prizm] #65,$2.78,,,$10.66,$12.00,,,,,,,,$3.09,,,,,,2,,,,,2016-11-09
2842520,Basketball Cards 2016 Panini Prizm,Vince Carter [Mojo Prizm] #65,,,,,,,,,,,,,,,,,,,0,,,,,2016-11-09
2842007,Basketball Cards 2016 Panini Prizm,Vince Carter [Orange Prizm] #65,$7.10,,,,,,,,,,,$1.60,$7.79,,,,,,1,,,,,2016-11-09
2842261,Basketball Cards 2016 Panini Prizm,Vince Carter [Orange Wave Prizm] #65,$18.11,,,,$62.00,,,,,,,$5.00,$19.99,,,,,,2,,,,,2016-11-09
127862,Basketball Cards 2016 Panini Prizm,Vince Carter [Purple Prizm] #65,$3.75,,,,,,,,,,,$0.80,$4.09,,,,,,1,,,,,2016-11-09
2841234,Basketball Cards 2016 Panini Prizm,Vince Carter [Ruby Wave Prizm] #65,$1.54,,,,,,,,,,,,$1.69,,,,,,1,,,,,2016-11-09
127863,Basketball Cards 2016 Panini Prizm,Vince Carter [Silver Prizm] #65,$2.20,,,$23.00,$25.00,,,,,,,,$2.39,,,,,,3,,,,,2016-11-09
2840988,Basketball Cards 2016 Panini Prizm,Vince Carter [Starburst Prizm] #65,$1.31,,,$17.00,$19.00,,,,,,,,$1.39,,,,,,3,,,,,2016-11-09
2842773,Basketball Cards 2016 Panini Prizm,Vince Carter [Teal Wave Prizm] #65,$18.86,,,,,,,,,,,$6.30,$20.99,,,,,,1,,,,,2016-11-09
2840273,Basketball Cards 2016 Panini Prizm,Wade Baldwin IV #68,$1.50,,,,,,,,,,,,$1.69,,,,,,1,,,,,2016-11-09
12351501,Basketball Cards 2016 Panini Prizm,Wade Baldwin IV [5th Anniversary Mojo] #68,,,,,,,,,,,,,,,,,,,0,,,,,2016-11-09
2843284,Basketball Cards 2016 Panini Prizm,Wade Baldwin IV [5th Anniversary Prizm] #68,,,,,,,,,,,,,,,,,,,0,,,,,2016-11-09
12351157,Basketball Cards 2016 Panini Prizm,Wade Baldwin IV [Black Prizm] #68,,,,,,,,,,,,,,,,,,,0,,,,,2016-11-09
2841500,Basketball Cards 2016 Panini Prizm,Wade Baldwin IV [Blue Wave Prizm] #68,$3.76,,,,,,,,,,,$0.80,$4.09,,,,,,1,,,,,2016-11-09
2843025,Basketball Cards 2016 Panini Prizm,Wade Baldwin IV [Gold Prizm] #68,$26.00,,,,,,,,,,,$8.70,$28.99,,,,,,1,,,,,2016-11-09
127864,Basketball Cards 2016 Panini Prizm,Wade Baldwin IV [Green Prizm] #68,$1.40,,,,,,,,,,,,$1.49,,,,,,1,,,,,2016-11-09
2842523,Basketball Cards 2016 Panini Prizm,Wade Baldwin IV [Mojo Prizm] #68,$2.25,,,,,,,,,,,,$2.49,,,,,,1,,,,,2016-11-09
127865,Basketball Cards 2016 Panini Prizm,Wade Baldwin IV [Orange Prizm] #68,$10.32,,,,,,,,,,,$2.80,$10.99,,,,,,1,,,,,2016-11-09
2842264,Basketball Cards 2016 Panini Prizm,Wade Baldwin IV [Orange Wave Prizm] #68,$1.49,,,,,,,,,,,,$1.59,,,,,,1,,,,,2016-11-09
2841755,Basketball Cards 2016 Panini Prizm,Wade Baldwin IV [Purple Prizm] #68,$9.95,,,,,,,,,,,$2.80,$10.99,,,,,,1,,,,,2016-11-09
2841237,Basketball Cards 2016 Panini Prizm,Wade Baldwin IV [Ruby Wave Prizm] #68,$2.54,,,,,,,,,,,,$2.79,,,,,,1,,,,,2016-11-09
127866,Basketball Cards 2016 Panini Prizm,Wade Baldwin IV [Silver Prizm] #68,$2.00,,,,,,,,,,,,$2.19,,,,,,1,,,,,2016-11-09
127867,Basketball Cards 2016 Panini Prizm,Wade Baldwin IV [Starburst Prizm] #68,$4.39,,,,,,,,,,,$1.00,$4.79,,,,,,1,,,,,2016-11-09
2842776,Basketball Cards 2016 Panini Prizm,Wade Baldwin IV [Teal Wave Prizm] #68,,,,,,,,,,,,,,,,,,,0,,,,,2016-11-09
2840292,Basketball Cards 2016 Panini Prizm,Wayne Ellington #90,$0.99,,,,,,,,,,,,$1.09,,,,,,1,,,,,2016-11-09
12351560,Basketball Cards 2016 Panini Prizm,Wayne Ellington [5th Anniversary Mojo] #90,,,,,,,,,,,,,,,,,,,0,,,,,2016-11-09
2843304,Basketball Cards 2016 Panini Prizm,Wayne Ellington [5th Anniversary Prizm] #90,,,,,,,,,,,,,,,,,,,0,,,,,2016-11-09
12351188,Basketball Cards 2016 Panini Prizm,Wayne Ellington [Black Prizm] #90,,,,,,,,,,,,,,,,,,,0,,,,,2016-11-09
2841519,Basketball Cards 2016 Panini Prizm,Wayne Ellington [Blue Wave Prizm] #90,$0.25,,,,,,,,,,,,$0.99,,,,,,0,,,,,2016-11-09
2843044,Basketball Cards 2016 Panini Prizm,Wayne Ellington [Gold Prizm] #90,$49.50,,,,,,,,,,,$21.60,$53.99,,,,,,2,,,,,2016-11-09
2840541,Basketball Cards 2016 Panini Prizm,Wayne Ellington [Green Prizm] #90,$1.49,,,,,,,,,,,,$1.59,,,,,,1,,,,,2016-11-09
2842541,Basketball Cards 2016 Panini Prizm,Wayne Ellington [Mojo Prizm] #90,$3.06,,,,,,,,,,,,$3.39,,,,,,1,,,,,2016-11-09
2842029,Basketball Cards 2016 Panini Prizm,Wayne Ellington [Orange Prizm] #90,$1.50,,,,,,,,,,,,$1.69,,,,,,1,,,,,2016-11-09
2842284,Basketball Cards 2016 Panini Prizm,Wayne Ellington [Orange Wave Prizm] #90,$6.00,,,,,,,,,,,$1.30,$6.59,,,,,,1,,,,,2016-11-09
2841774,Basketball Cards 2016 Panini Prizm,Wayne Ellington [Purple Prizm] #90,$1.98,,,,,,,,,,,,$2.19,,,,,,1,,,,,2016-11-09
2841256,Basketball Cards 2016 Panini Prizm,Wayne Ellington [Ruby Wave Prizm] #90,$1.35,,,,,,,,,,,,$1.49,,,,,,1,,,,,2016-11-09
2840778,Basketball Cards 2016 Panini Prizm,Wayne Ellington [Silver Prizm] #90,$2.10,,,,,,,,,,,,$2.29,,,,,,1,,,,,2016-11-09
2841008,Basketball Cards 2016 Panini Prizm,Wayne Ellington [Starburst Prizm] #90,$0.25,,,,,,,,,,,,$0.99,,,,,,0,,,,,2016-11-09
2842793,Basketball Cards 2016 Panini Prizm,Wayne Ellington [Teal Wave Prizm] #90,$6.53,,,,,,,,,,,$1.40,$7.19,,,,,,1,,,,,2016-11-09
2840372,Basketball Cards 2016 Panini Prizm,Will Barton #179,$1.26,,,,,,,,,,,,$1.39,,,,,,1,,,,,2016-11-09
12351590,Basketball Cards 2016 Panini Prizm,Will Barton [5th Anniversary Mojo] #179,,,,,,,,,,,,,,,,,,,0,,,,,2016-11-09
2843386,Basketball Cards 2016 Panini Prizm,Will Barton [5th Anniversary Prizm] #179,$18.94,,,,,,,,,,,$6.30,$20.99,,,,,,1,,,,,2016-11-09
12351307,Basketball Cards 2016 Panini Prizm,Will Barton [Black Prizm] #179,,,,,,,,,,,,,,,,,,,0,,,,,2016-11-09
2841597,Basketball Cards 2016 Panini Prizm,Will Barton [Blue Wave Prizm] #179,$1.12,,,,,,,,,,,,$1.19,,,,,,1,,,,,2016-11-09
2843122,Basketball Cards 2016 Panini Prizm,Will Barton [Gold Prizm] #179,,,,,,,,,,,,,,,,,,,0,,,,,2016-11-09
2840618,Basketball Cards 2016 Panini Prizm,Will Barton [Green Prizm] #179,$0.25,,,,,,,,,,,,$0.99,,,,,,0,,,,,2016-11-09
2842621,Basketball Cards 2016 Panini Prizm,Will Barton [Mojo Prizm] #179,,,,,,,,,,,,,,,,,,,0,,,,,2016-11-09
2842105,Basketball Cards 2016 Panini Prizm,Will Barton [Orange Prizm] #179,$3.75,,,,,,,,,,,$0.80,$4.09,,,,,,1,,,,,2016-11-09
2842363,Basketball Cards 2016 Panini Prizm,Will Barton [Orange Wave Prizm] #179,$6.99,,,,,,,,,,,$1.50,$7.69,,,,,,0,,,,,2016-11-09
2841850,Basketball Cards 2016 Panini Prizm,Will Barton [Purple Prizm] #179,$7.14,,,,,,,,,,,$1.60,$7.89,,,,,,1,,,,,2016-11-09
2841340,Basketball Cards 2016 Panini Prizm,Will Barton [Ruby Wave Prizm] #179,$1.35,,,,,,,,,,,,$1.49,,,,,,1,,,,,2016-11-09
2840847,Basketball Cards 2016 Panini Prizm,Will Barton [Silver Prizm] #179,$0.99,,,,,,,,,,,,$1.09,,,,,,1,,,,,2016-11-09
2841083,Basketball Cards 2016 Panini Prizm,Will Barton [Starburst Prizm] #179,$1.21,,,,,,,,,,,,$1.29,,,,,,1,,,,,2016-11-09
2842872,Basketball Cards 2016 Panini Prizm,Will Barton [Teal Wave Prizm] #179,$6.00,,,,,,,,,,,$1.30,$6.59,,,,,,1,,,,,2016-11-09
2840318,Basketball Cards 2016 Panini Prizm,Willie Cauley-Stein #117,$1.74,,,,,,,,,,,,$1.89,,,,,,1,,,,,2016-11-09
12351712,Basketball Cards 2016 Panini Prizm,Willie Cauley-Stein [5th Anniversary Mojo] #117,,,,,,,,,,,,,,,,,,,0,,,,,2016-11-09
2843329,Basketball Cards 2016 Panini Prizm,Willie Cauley-Stein [5th Anniversary Prizm] #117,$12.03,,,,,,,,,,,$3.30,$12.99,,,,,,1,,,,,2016-11-09
12351205,Basketball Cards 2016 Panini Prizm,Willie Cauley-Stein [Black Prizm] #117,,,,,,,,,,,,,,,,,,,0,,,,,2016-11-09
2841544,Basketball Cards 2016 Panini Prizm,Willie Cauley-Stein [Blue Wave Prizm] #117,$0.99,,,,,,,,,,,,$1.09,,,,,,1,,,,,2016-11-09
2843068,Basketball Cards 2016 Panini Prizm,Willie Cauley-Stein [Gold Prizm] #117,,,,,,,,,,,,,,,,,,,0,,,,,2016-11-09
127933,Basketball Cards 2016 Panini Prizm,Willie Cauley-Stein [Green Prizm] #117,$0.99,,,,,,,,,,,,$1.09,,,,,,1,,,,,2016-11-09
2842568,Basketball Cards 2016 Panini Prizm,Willie Cauley-Stein [Mojo Prizm] #117,,,,,,,,,,,,,,,,,,,0,,,,,2016-11-09
2842052,Basketball Cards 2016 Panini Prizm,Willie Cauley-Stein [Orange Prizm] #117,$2.99,,,,,,,,,,,,$3.29,,,,,,1,,,,,2016-11-09
2842309,Basketball Cards 2016 Panini Prizm,Willie Cauley-Stein [Orange Wave Prizm] #117,,,,,,,,,,,,,,,,,,,0,,,,,2016-11-09
2841798,Basketball Cards 2016 Panini Prizm,Willie Cauley-Stein [Purple Prizm] #117,$3.09,,,,,,,,,,,,$3.39,,,,,,1,,,,,2016-11-09
2841282,Basketball Cards 2016 Panini Prizm,Willie Cauley-Stein [Ruby Wave Prizm] #117,,,,,,,,,,,,,,,,,,,0,,,,,2016-11-09
2840800,Basketball Cards 2016 Panini Prizm,Willie Cauley-Stein [Silver Prizm] #117,$1.09,,,,,,,,,,,,$1.19,,,,,,1,,,,,2016-11-09
2841032,Basketball Cards 2016 Panini Prizm,Willie Cauley-Stein [Starburst Prizm] #117,$0.25,,,,,,,,,,,,$0.99,,,,,,0,,,,,2016-11-09
2842818,Basketball Cards 2016 Panini Prizm,Willie Cauley-Stein [Teal Wave Prizm] #117,$1.66,,,,,,,,,,,,$1.79,,,,,,1,,,,,2016-11-09
2840369,Basketball Cards 2016 Panini Prizm,Wilson Chandler #176,$0.99,,,,,,,,,,,,$1.09,,,,,,1,,,,,2016-11-09
12351587,Basketball Cards 2016 Panini Prizm,Wilson Chandler [5th Anniversary Mojo] #176,,,,,,,,,,,,,,,,,,,0,,,,,2016-11-09
2843383,Basketball Cards 2016 Panini Prizm,Wilson Chandler [5th Anniversary Prizm] #176,$15.48,,,,,,,,,,,$4.30,$16.99,,,,,,1,,,,,2016-11-09
12351300,Basketball Cards 2016 Panini Prizm,Wilson Chandler [Black Prizm] #176,,,,,,,,,,,,,,,,,,,0,,,,,2016-11-09
2841594,Basketball Cards 2016 Panini Prizm,Wilson Chandler [Blue Wave Prizm] #176,$1.00,,,,,,,,,,,,$1.09,,,,,,1,,,,,2016-11-09
2843119,Basketball Cards 2016 Panini Prizm,Wilson Chandler [Gold Prizm] #176,,,,,,,,,,,,,,,,,,,0,,,,,2016-11-09
2840615,Basketball Cards 2016 Panini Prizm,Wilson Chandler [Green Prizm] #176,$1.35,,,,,,,,,,,,$1.49,,,,,,1,,,,,2016-11-09
2842618,Basketball Cards 2016 Panini Prizm,Wilson Chandler [Mojo Prizm] #176,,,,,,,,,,,,,,,,,,,0,,,,,2016-11-09
2842102,Basketball Cards 2016 Panini Prizm,Wilson Chandler [Orange Prizm] #176,$2.99,,,,,,,,,,,,$3.29,,,,,,1,,,,,2016-11-09
2841847,Basketball Cards 2016 Panini Prizm,Wilson Chandler [Purple Prizm] #176,$2.49,,,,,,,,,,,,$2.69,,,,,,1,,,,,2016-11-09
2841337,Basketball Cards 2016 Panini Prizm,Wilson Chandler [Ruby Wave Prizm] #176,$1.12,,,,,,,,,,,,$1.19,,,,,,1,,,,,2016-11-09
2840844,Basketball Cards 2016 Panini Prizm,Wilson Chandler [Silver Prizm] #176,$1.23,,,,,,,,,,,,$1.39,,,,,,1,,,,,2016-11-09
2841081,Basketball Cards 2016 Panini Prizm,Wilson Chandler [Starburst Prizm] #176,$4.00,,,,,,,,,,,$0.90,$4.39,,,,,,1,,,,,2016-11-09
2842869,Basketball Cards 2016 Panini Prizm,Wilson Chandler [Teal Wave Prizm] #176,$3.69,,,,,,,,,,,$0.80,$4.09,,,,,,0,,,,,2016-11-09
2840444,Basketball Cards 2016 Panini Prizm,Zach LaVine #265,$1.07,,,,,,,,,,,,$1.19,,,,,,1,,,,,2016-11-09
12351676,Basketball Cards 2016 Panini Prizm,Zach LaVine [5th Anniversary Mojo] #265,,,,,,,,,,,,,,,,,,,0,,,,,2016-11-09
2843466,Basketball Cards 2016 Panini Prizm,Zach LaVine [5th Anniversary Prizm] #265,,,,,,,,,,,,,,,,,,,0,,,,,2016-11-09
12351386,Basketball Cards 2016 Panini Prizm,Zach LaVine [Black Prizm] #265,,,,,,,,,,,,,,,,,,,0,,,,,2016-11-09
2841668,Basketball Cards 2016 Panini Prizm,Zach LaVine [Blue Wave Prizm] #265,$3.67,,,,,$26.00,$34.00,$16.00,$16.00,,,$0.80,$3.99,,,,,,3,,,,,2016-11-09
2843193,Basketball Cards 2016 Panini Prizm,Zach LaVine [Gold Prizm] #265,,,,,,,,,,,,,,,,,,,0,,,,,2016-11-09
2840689,Basketball Cards 2016 Panini Prizm,Zach LaVine [Green Prizm] #265,$2.99,,,,,,,,,,,,$3.29,,,,,,1,,,,,2016-11-09
2842691,Basketball Cards 2016 Panini Prizm,Zach LaVine [Mojo Prizm] #265,$9.18,,,,,,,,,,,$2.00,$9.99,,,,,,1,,,,,2016-11-09
2842178,Basketball Cards 2016 Panini Prizm,Zach LaVine [Orange Prizm] #265,$8.66,,,,,$81.86,$106.00,$49.00,$49.00,,,$1.90,$9.49,,,,,,2,,,,,2016-11-09
2842434,Basketball Cards 2016 Panini Prizm,Zach LaVine [Orange Wave Prizm] #265,$19.90,,,$8.50,$9.00,,,,,,,$6.60,$21.99,,,,,,1,,,,,2016-11-09
2841926,Basketball Cards 2016 Panini Prizm,Zach LaVine [Purple Prizm] #265,$9.99,,,,,,,,,,,$2.80,$10.99,,,,,,0,,,,,2016-11-09
2841414,Basketball Cards 2016 Panini Prizm,Zach LaVine [Ruby Wave Prizm] #265,$4.04,,,,,,,,,,,$0.90,$4.39,,,,,,1,,,,,2016-11-09
128218,Basketball Cards 2016 Panini Prizm,Zach LaVine [Silver Prizm] #265,$5.00,,,,,,,,,,,$1.10,$5.49,,,,,,3,,,,,2016-11-09
2841153,Basketball Cards 2016 Panini Prizm,Zach LaVine [Starburst Prizm] #265,$2.65,,,,,$8.50,$11.00,$5.00,$5.00,,,,$2.89,,,,,,3,,,,,2016-11-09
2842942,Basketball Cards 2016 Panini Prizm,Zach LaVine [Teal Wave Prizm] #265,$4.37,,,,,,,,,,,$1.00,$4.79,,,,,,1,,,,,2016-11-09
2840269,Basketball Cards 2016 Panini Prizm,Zach Randolph #64,$1.00,,,,,,,,,,,,$1.09,,,,,,1,,,,,2016-11-09
12351495,Basketball Cards 2016 Panini Prizm,Zach Randolph [5th Anniversary Mojo] #64,,,,,,,,,,,,,,,,,,,0,,,,,2016-11-09
2843280,Basketball Cards 2016 Panini Prizm,Zach Randolph [5th Anniversary Prizm] #64,$5.51,,,,,,,,,,,$1.20,$6.09,,,,,,1,,,,,2016-11-09
12351154,Basketball Cards 2016 Panini Prizm,Zach Randolph [Black Prizm] #64,,,,,,,,,,,,,,,,,,,0,,,,,2016-11-09
2841496,Basketball Cards 2016 Panini Prizm,Zach Randolph [Blue Wave Prizm] #64,$2.99,,,,,,,,,,,,$3.29,,,,,,1,,,,,2016-11-09
127860,Basketball Cards 2016 Panini Prizm,Zach Randolph [Gold Prizm] #64,,,,,,$200.00,$260.00,$120.00,$120.00,,,,,,,,,,1,,,,,2016-11-09
2840520,Basketball Cards 2016 Panini Prizm,Zach Randolph [Green Prizm] #64,$0.25,,,,,,,,,,,,$0.99,,,,,,0,,,,,2016-11-09
2842519,Basketball Cards 2016 Panini Prizm,Zach Randolph [Mojo Prizm] #64,$0.99,,,,,,,,,,,,$1.09,,,,,,1,,,,,2016-11-09
2842006,Basketball Cards 2016 Panini Prizm,Zach Randolph [Orange Prizm] #64,$3.08,,,,,,,,,,,,$3.39,,,,,,1,,,,,2016-11-09
2842260,Basketball Cards 2016 Panini Prizm,Zach Randolph [Orange Wave Prizm] #64,$3.13,,,,,,,,,,,,$3.39,,,,,,1,,,,,2016-11-09
2841752,Basketball Cards 2016 Panini Prizm,Zach Randolph [Purple Prizm] #64,$1.88,,,,,,,,,,,,$2.09,,,,,,1,,,,,2016-11-09
2841233,Basketball Cards 2016 Panini Prizm,Zach Randolph [Ruby Wave Prizm] #64,,,,,,,,,,,,,,,,,,,0,,,,,2016-11-09
2840759,Basketball Cards 2016 Panini Prizm,Zach Randolph [Silver Prizm] #64,$0.88,,,,,,,,,,,,$0.99,,,,,,1,,,,,2016-11-09
2840987,Basketball Cards 2016 Panini Prizm,Zach Randolph [Starburst Prizm] #64,$1.99,,,,,,,,,,,,$2.19,,,,,,1,,,,,2016-11-09
2842772,Basketball Cards 2016 Panini Prizm,Zach Randolph [Teal Wave Prizm] #64,$5.69,,,,,,,,,,,$1.30,$6.29,,,,,,1,,,,,2016-11-09
2840463,Basketball Cards 2016 Panini Prizm,Zaza Pachulia #289,$0.25,,,,,,,,,,,,$0.99,,,,,,0,,,,,2016-11-09
12351699,Basketball Cards 2016 Panini Prizm,Zaza Pachulia [5th Anniversary Mojo] #289,,,,,,,,,,,,,,,,,,,0,,,,,2016-11-09
2843487,Basketball Cards 2016 Panini Prizm,Zaza Pachulia [5th Anniversary Prizm] #289,,,,,,,,,,,,,,,,,,,0,,,,,2016-11-09
128275,Basketball Cards 2016 Panini Prizm,Zaza Pachulia [Black Prizm] #289,,,,,,,,,,,,,,,,,,,0,,,,,2016-11-09
2841688,Basketball Cards 2016 Panini Prizm,Zaza Pachulia [Blue Wave Prizm] #289,$1.75,,,,,,,,,,,,$1.89,,,,,,1,,,,,2016-11-09
2843211,Basketball Cards 2016 Panini Prizm,Zaza Pachulia [Gold Prizm] #289,$59.99,,,,,,,,,,,$26.40,$65.99,,,,,,1,,,,,2016-11-09
2840709,Basketball Cards 2016 Panini Prizm,Zaza Pachulia [Green Prizm] #289,$0.25,,,,,,,,,,,,$0.99,,,,,,0,,,,,2016-11-09
2842712,Basketball Cards 2016 Panini Prizm,Zaza Pachulia [Mojo Prizm] #289,$6.99,,,,,,,,,,,$1.50,$7.69,,,,,,1,,,,,2016-11-09
2842198,Basketball Cards 2016 Panini Prizm,Zaza Pachulia [Orange Prizm] #289,$2.84,,,,,,,,,,,,$3.09,,,,,,1,,,,,2016-11-09
2842453,Basketball Cards 2016 Panini Prizm,Zaza Pachulia [Orange Wave Prizm] #289,,,,,,,,,,,,,,,,,,,0,,,,,2016-11-09
2841946,Basketball Cards 2016 Panini Prizm,Zaza Pachulia [Purple Prizm] #289,$1.40,,,,,,,,,,,,$1.49,,,,,,1,,,,,2016-11-09
2841434,Basketball Cards 2016 Panini Prizm,Zaza Pachulia [Ruby Wave Prizm] #289,$1.00,,,,,,,,,,,,$1.09,,,,,,1,,,,,2016-11-09
2840926,Basketball Cards 2016 Panini Prizm,Zaza Pachulia [Silver Prizm] #289,$0.99,,,,,,,,,,,,$1.09,,,,,,1,,,,,2016-11-09
2841169,Basketball Cards 2016 Panini Prizm,Zaza Pachulia [Starburst Prizm] #289,$0.62,,,,,,,,,,,,$0.99,,,,,,1,,,,,2016-11-09
2842962,Basketball Cards 2016 Panini Prizm,Zaza Pachulia [Teal Wave Prizm] #289,$6.00,,,,,,,,,,,$1.30,$6.59,,,,,,0,,,,,2016-11-09
