id,console-name,product-name,loose-price,cib-price,new-price,graded-price,box-only-price,manual-only-price,bgs-10-price,condition-17-price,condition-18-price,gamestop-price,gamestop-trade-price,retail-loose-buy,retail-loose-sell,retail-cib-buy,retail-cib-sell,retail-new-buy,retail-new-sell,upc,sales-volume,genre,tcg-id,asin,epid,release-date
146513,Basketball Cards 2003 Topps Chrome,Aleksandar Pavlovic #129,$1.49,,,$15.50,$17.00,$52.62,$68.00,$32.00,$32.00,,,,$1.59,,,,,,3,,,,,2003-06-01
12215196,Basketball Cards 2003 Topps Chrome,Aleksandar Pavlovic [Black Refractor] #129,$11.99,,,,,,,,,,,$3.30,$12.99,,,,,,1,,,,,2003-06-01
146514,Basketball Cards 2003 Topps Chrome,Aleksandar Pavlovic [Gold Refractor] #129,$142.27,,,$239.16,$263.00,,,,,,,$78.50,$157.00,,,,,,2,,,,,2003-06-01
146515,Basketball Cards 2003 Topps Chrome,Aleksandar Pavlovic [Refractor] #129,$1.56,,,$60.00,$66.00,$137.50,$179.00,$83.00,$83.00,,,,$1.69,,,,,,6,,,,,2003-06-01
146517,Basketball Cards 2003 Topps Chrome,Aleksandar Pavlovic [Serbian Black Refractor] #129,$5.50,$6.00,$8.00,$25.00,$28.00,,,,,,,$1.20,$6.09,$1.30,$6.59,$1.80,$8.79,,5,,,,,2003-06-01
12215075,Basketball Cards 2003 Topps Chrome,Aleksandar Pavlovic [Serbian Gold Refractor] #129,,,,,,,,,,,,,,,,,,,0,,,,,2003-06-01
146518,Basketball Cards 2003 Topps Chrome,Aleksandar Pavlovic [Serbian Refractor] #129,$3.88,,,$16.25,$18.00,$105.43,$137.00,$63.00,$63.00,,,$0.90,$4.29,,,,,,4,,,,,2003-06-01
146519,Basketball Cards 2003 Topps Chrome,Aleksandar Pavlovic [Serbian Xfractor] #129,,,,,,$110.00,$143.00,$66.00,$66.00,,,,,,,,,,1,,,,,2003-06-01
146516,Basketball Cards 2003 Topps Chrome,Aleksandar Pavlovic [Serbian] #129,$1.00,,,,,$5.82,$8.00,$3.00,$3.00,,,,$1.09,,,,,,2,,,,,2003-06-01
146520,Basketball Cards 2003 Topps Chrome,Aleksandar Pavlovic [Xfractor] #129,,,,,,,,,,,,,,,,,,,0,,,,,2003-06-01
146175,Basketball Cards 2003 Topps Chrome,Allan Houston #39,$3.76,,,$4.82,$5.00,$50.00,$65.00,$30.00,$30.00,,,$0.80,$4.09,,,,,,4,,,,,2003-06-01
146176,Basketball Cards 2003 Topps Chrome,Allan Houston [Black Refractor] #39,$13.70,,$38.28,$48.50,$53.00,,,,,,,$3.80,$14.99,,,$16.80,$41.99,,6,,,,,2003-06-01
146177,Basketball Cards 2003 Topps Chrome,Allan Houston [Gold Refractor] #39,$51.44,,$115.99,$128.00,$141.00,$147.50,$192.00,$89.00,$89.00,,,$22.80,$56.99,,,$64.00,$128.00,,5,,,,,2003-06-01
146178,Basketball Cards 2003 Topps Chrome,Allan Houston [Refractor] #39,$4.43,,,$28.50,$31.00,$160.00,$208.00,$96.00,$96.00,,,$1.00,$4.89,,,,,,9,,,,,2003-06-01
146179,Basketball Cards 2003 Topps Chrome,Allan Houston [Xfractor] #39,$40.00,,,$56.00,$62.00,,,,,,,$17.60,$43.99,,,,,,2,,,,,2003-06-01
146036,Basketball Cards 2003 Topps Chrome,Allen Iverson #3,$3.00,,$9.96,$22.94,$42.47,$59.99,$78.00,$36.00,$65.00,,,,$3.29,,,$2.80,$10.99,,76,,,,,2003-06-01
146037,Basketball Cards 2003 Topps Chrome,Allen Iverson [Black Refractor] #3,$218.50,,$460.00,$506.00,$884.71,$2500.00,$3250.00,$1500.00,$1500.00,,,$120.00,$240.00,,,$303.60,$506.00,,13,,,,,2003-06-01
146038,Basketball Cards 2003 Topps Chrome,Allen Iverson [Gold Refractor] #3,$434.50,,$356.13,$980.00,$1078.00,$5800.00,$7540.00,$3480.00,$3480.00,,,$239.00,$478.00,,,$196.00,$392.00,,5,,,,,2003-06-01
146039,Basketball Cards 2003 Topps Chrome,Allen Iverson [Refractor] #3,$60.73,$27.20,$43.89,$108.40,$214.36,$650.00,$845.00,$390.00,$390.00,,,$26.80,$66.99,$9.00,$29.99,$19.20,$47.99,,49,,,,,2003-06-01
146040,Basketball Cards 2003 Topps Chrome,Allen Iverson [Xfractor] #3,$224.95,,$88.72,$424.30,$467.00,,,,,,,$123.50,$247.00,,,$39.20,$97.99,,4,,,,,2003-06-01
146275,Basketball Cards 2003 Topps Chrome,Amare Stoudemire #67,$1.87,,$3.97,$43.85,$48.00,$76.08,$99.00,$46.00,$46.00,,,,$2.09,,,$0.90,$4.39,,9,,,,,2003-06-01
146276,Basketball Cards 2003 Topps Chrome,Amare Stoudemire [Black Refractor] #67,$16.25,$13.29,$45.00,$75.00,$84.32,$248.78,$323.00,$149.00,$149.00,,,$4.50,$17.99,$3.80,$14.99,$20.00,$49.99,,10,,,,,2003-06-01
146277,Basketball Cards 2003 Topps Chrome,Amare Stoudemire [Gold Refractor] #67,$142.99,,$101.99,$157.38,$173.00,,,,,,,$78.50,$157.00,,,$56.00,$112.00,,6,,,,,2003-06-01
146278,Basketball Cards 2003 Topps Chrome,Amare Stoudemire [Refractor] #67,$4.06,,$10.05,$33.57,$36.09,$175.00,$228.00,$105.00,$105.00,,,$0.90,$4.49,,,$2.80,$10.99,,28,,,,,2003-06-01
12215274,Basketball Cards 2003 Topps Chrome,Amare Stoudemire [Xfractor] #67,$73.51,,,,,,,,,,,$32.40,$80.99,,,,,,1,,,,,2003-06-01
146120,Basketball Cards 2003 Topps Chrome,Andre Miller #24,$1.59,,$0.99,$0.99,$1.00,$24.10,$31.00,$14.00,$14.00,,,,$1.79,,,,$1.09,,5,,,,,2003-06-01
12215135,Basketball Cards 2003 Topps Chrome,Andre Miller [Black Refractor] #24,$2.92,,,,,,,,,,,,$3.19,,,,,,1,,,,,2003-06-01
146121,Basketball Cards 2003 Topps Chrome,Andre Miller [Gold Refractor] #24,$38.00,,,$111.00,$122.00,$318.11,$414.00,$191.00,$191.00,,,$16.80,$41.99,,,,,,6,,,,,2003-06-01
146122,Basketball Cards 2003 Topps Chrome,Andre Miller [Refractor] #24,$5.72,,$4.25,$37.53,$42.47,$107.70,$140.00,$65.00,$65.00,,,$1.30,$6.29,,,$0.90,$4.69,,15,,,,,2003-06-01
12215251,Basketball Cards 2003 Topps Chrome,Andre Miller [Xfractor] #24,,,,,,,,,,,,,,,,,,,0,,,,,2003-06-01
146291,Basketball Cards 2003 Topps Chrome,Andrei Kirilenko #72,$2.79,,$1.25,$4.63,$5.00,$23.21,$30.00,$14.00,$14.00,,,,$3.09,,,,$1.39,,6,,,,,2003-06-01
12215164,Basketball Cards 2003 Topps Chrome,Andrei Kirilenko [Black Refractor] #72,$9.99,,,,,,,,,,,$2.80,$10.99,,,,,,1,,,,,2003-06-01
146292,Basketball Cards 2003 Topps Chrome,Andrei Kirilenko [Gold Refractor] #72,$30.00,,$72.56,$99.99,$110.00,,,,,,,$9.90,$32.99,,,$32.00,$79.99,,4,,,,,2003-06-01
146293,Basketball Cards 2003 Topps Chrome,Andrei Kirilenko [Refractor] #72,$3.12,$6.00,$18.70,$22.70,$32.36,$86.28,$112.00,$52.00,$52.00,,,,$3.39,$1.30,$6.59,$6.30,$20.99,,25,,,,,2003-06-01
12215278,Basketball Cards 2003 Topps Chrome,Andrei Kirilenko [Xfractor] #72,,,,,,,,,,,,,,,,,,,0,,,,,2003-06-01
146112,Basketball Cards 2003 Topps Chrome,Anfernee Hardaway #22,$1.60,,,$6.50,$7.00,$44.99,$58.00,$27.00,$27.00,,,,$1.79,,,,,,6,,,,,2003-06-01
12215132,Basketball Cards 2003 Topps Chrome,Anfernee Hardaway [Black Refractor] #22,$43.00,,$78.33,$141.98,$213.75,$689.05,$896.00,$413.00,$413.00,,,$18.80,$46.99,,,$34.40,$85.99,,8,,,,,2003-06-01
146113,Basketball Cards 2003 Topps Chrome,Anfernee Hardaway [Gold Refractor] #22,$139.00,$250.00,$267.55,$353.14,$388.00,,,,,,,$76.50,$153.00,$137.50,$275.00,$147.00,$294.00,,4,,,,,2003-06-01
146114,Basketball Cards 2003 Topps Chrome,Anfernee Hardaway [Refractor] #22,$6.58,$15.50,$20.00,$30.00,$78.00,$150.00,$195.00,$90.00,$90.00,,,$1.40,$7.19,$4.30,$16.99,$6.60,$21.99,,23,,,,,2003-06-01
146115,Basketball Cards 2003 Topps Chrome,Anfernee Hardaway [Xfractor] #22,$45.55,,$7.50,$48.00,$53.00,,,,,,,$20.00,$49.99,,,$1.70,$8.29,,3,,,,,2003-06-01
146253,Basketball Cards 2003 Topps Chrome,Antawn Jamison #61,$1.75,,,$12.50,$14.00,$27.75,$36.00,$17.00,$17.00,,,,$1.89,,,,,,5,,,,,2003-06-01
5207200,Basketball Cards 2003 Topps Chrome,Antawn Jamison #61 (Black Refractor),$5.53,,,$49.99,$55.00,,,,,,,$1.20,$6.09,,,,,,3,,,,,
146254,Basketball Cards 2003 Topps Chrome,Antawn Jamison [Gold Refractor] #61,$67.50,,,$79.99,$88.00,,,,,,,$29.60,$73.99,,,,,,2,,,,,2003-06-01
146255,Basketball Cards 2003 Topps Chrome,Antawn Jamison [Refractor] #61,$2.24,,$10.00,$14.75,$28.86,$110.00,$143.00,$66.00,$66.00,,,,$2.49,,,$2.80,$10.99,,12,,,,,2003-06-01
146256,Basketball Cards 2003 Topps Chrome,Antawn Jamison [Xfractor] #61,$3.40,,,$28.98,$32.00,$118.50,$154.00,$71.00,$71.00,,,,$3.69,,,,,,4,,,,,2003-06-01
146059,Basketball Cards 2003 Topps Chrome,Antoine Walker #8,$2.00,,$3.89,$15.21,$17.00,$23.25,$30.00,$14.00,$14.00,,,,$2.19,,,$0.90,$4.29,,6,,,,,2003-06-01
12215126,Basketball Cards 2003 Topps Chrome,Antoine Walker [Black Refractor] #8,$15.25,,$27.83,$56.88,$80.31,$235.10,$306.00,$141.00,$141.00,,,$4.30,$16.99,,,$9.30,$30.99,,12,,,,,2003-06-01
146060,Basketball Cards 2003 Topps Chrome,Antoine Walker [Gold Refractor] #8,$9.99,$37.78,,,,$359.99,$468.00,$216.00,$216.00,,,$2.80,$10.99,$16.80,$41.99,,,,3,,,,,2003-06-01
146061,Basketball Cards 2003 Topps Chrome,Antoine Walker [Refractor] #8,$3.49,,$10.23,$30.00,$33.83,$90.38,$117.00,$54.00,$54.00,,,$0.80,$3.79,,,$2.80,$10.99,,18,,,,,2003-06-01
12215244,Basketball Cards 2003 Topps Chrome,Antoine Walker [Xfractor] #8,,,$29.99,,,,,,,,,,,,,$9.90,$32.99,,1,,,,,2003-06-01
146360,Basketball Cards 2003 Topps Chrome,Antonio Davis #93,$2.04,,,$7.87,$9.00,$27.00,$35.00,$16.00,$16.00,,,,$2.19,,,,,,6,,,,,2003-06-01
12215181,Basketball Cards 2003 Topps Chrome,Antonio Davis [Black Refractor] #93,,,,$24.99,$27.00,,,,,,,,,,,,,,1,,,,,2003-06-01
146361,Basketball Cards 2003 Topps Chrome,Antonio Davis [Gold Refractor] #93,$37.21,,$4.69,$73.99,$81.00,,,,,,,$16.40,$40.99,,,$1.00,$5.19,,6,,,,,2003-06-01
146362,Basketball Cards 2003 Topps Chrome,Antonio Davis [Refractor] #93,$3.00,,$1.25,$8.01,$31.87,$148.25,$193.00,$89.00,$89.00,,,,$3.29,,,,$1.39,,11,,,,,2003-06-01
12215297,Basketball Cards 2003 Topps Chrome,Antonio Davis [Xfractor] #93,,,,,,,,,,,,,,,,,,,0,,,,,2003-06-01
146346,Basketball Cards 2003 Topps Chrome,Antonio McDyess #89,$1.33,,$3.03,$5.00,$6.00,$56.38,$73.00,$34.00,$34.00,,,,$1.49,,,,$3.29,,7,,,,,2003-06-01
12215177,Basketball Cards 2003 Topps Chrome,Antonio McDyess [Black Refractor] #89,$12.30,,,,,,,,,,,$3.50,$13.99,,,,,,4,,,,,2003-06-01
146347,Basketball Cards 2003 Topps Chrome,Antonio McDyess [Gold Refractor] #89,$34.89,,$15.50,$299.00,$329.00,,,,,,,$15.20,$37.99,,,$4.30,$16.99,,3,,,,,2003-06-01
146348,Basketball Cards 2003 Topps Chrome,Antonio McDyess [Refractor] #89,$2.92,$6.17,$6.62,$23.14,$31.55,$66.99,$87.00,$40.00,$40.00,,,,$3.19,$1.40,$6.79,$1.50,$7.29,,17,,,,,2003-06-01
12215329,Basketball Cards 2003 Topps Chrome,Antonio McDyess [Xfractor] #89,,,$10.00,,,,,,,,,,,,,$2.80,$10.99,,1,,,,,2003-06-01
146137,Basketball Cards 2003 Topps Chrome,Baron Davis #29,$1.99,,,$4.25,$5.00,$10.50,$14.00,$6.00,$6.00,,,,$2.19,,,,,,4,,,,,2003-06-01
3012853,Basketball Cards 2003 Topps Chrome,Baron Davis [Black Refractor] #29,$17.50,,$39.99,$41.48,$89.32,$265.83,$346.00,$160.00,$160.00,,,$4.80,$18.99,,,$17.60,$43.99,,12,,,,,2003-06-01
146138,Basketball Cards 2003 Topps Chrome,Baron Davis [Gold Refractor] #29,$57.96,,,$138.50,$152.00,,,,,,,$25.60,$63.99,,,,,,4,,,,,2003-06-01
146139,Basketball Cards 2003 Topps Chrome,Baron Davis [Refractor] #29,$3.15,,$17.35,$22.22,$32.39,$191.25,$249.00,$115.00,$115.00,,,,$3.49,,,$4.80,$18.99,,15,,,,,2003-06-01
146140,Basketball Cards 2003 Topps Chrome,Baron Davis [Xfractor] #29,$22.91,,,$24.61,$27.00,$425.00,$553.00,$255.00,$255.00,,,$7.50,$24.99,,,,,,6,,,,,2003-06-01
146664,Basketball Cards 2003 Topps Chrome,Ben Handlogten #165,$1.13,,$0.99,$6.48,$7.00,$24.74,$32.00,$15.00,$15.00,,,,$1.19,,,,$1.09,,8,,,,,2003-06-01
146665,Basketball Cards 2003 Topps Chrome,Ben Handlogten [Black Refractor] #165,$5.60,$1.25,$6.02,$24.67,$27.00,$118.50,$154.00,$71.00,$71.00,,,$1.20,$6.19,,$1.39,$1.30,$6.59,,7,,,,,2003-06-01
146666,Basketball Cards 2003 Topps Chrome,Ben Handlogten [Gold Refractor] #165,$70.00,,$99.99,$110.00,$131.38,,,,,,,$30.80,$76.99,,,$55.00,$110.00,,4,,,,,2003-06-01
146667,Basketball Cards 2003 Topps Chrome,Ben Handlogten [Refractor] #165,$2.49,,$3.29,$8.49,$9.00,$137.04,$178.00,$82.00,$82.00,,,,$2.69,,,,$3.59,,18,,,,,2003-06-01
12215327,Basketball Cards 2003 Topps Chrome,Ben Handlogten [Xfractor] #165,$10.38,,$20.55,$37.98,$61.07,$169.67,$221.00,$102.00,$102.00,,,$2.80,$10.99,,,$6.90,$22.99,,11,,,,,2003-06-01
146141,Basketball Cards 2003 Topps Chrome,Ben Wallace #30,$1.75,,$7.62,$19.29,$26.92,$60.00,$78.00,$36.00,$36.00,,,,$1.89,,,$1.70,$8.39,,11,,,,,2003-06-01
146142,Basketball Cards 2003 Topps Chrome,Ben Wallace [Black Refractor] #30,$37.00,$49.99,$60.63,$111.50,$166.93,$499.95,$650.00,$300.00,$300.00,,,$16.40,$40.99,$22.00,$54.99,$26.80,$66.99,,12,,,,,2003-06-01
146143,Basketball Cards 2003 Topps Chrome,Ben Wallace [Gold Refractor] #30,$157.00,,$140.61,$288.26,$317.00,,,,,,,$86.50,$173.00,,,$77.50,$155.00,,5,,,,,2003-06-01
146144,Basketball Cards 2003 Topps Chrome,Ben Wallace [Refractor] #30,$10.38,,$25.00,$40.71,$61.11,$203.15,$264.00,$122.00,$122.00,,,$2.80,$10.99,,,$8.40,$27.99,,17,,,,,2003-06-01
6167325,Basketball Cards 2003 Topps Chrome,Ben Wallace [Xfractor] #30,$74.41,,,,,$300.00,$390.00,$180.00,$180.00,,,$32.80,$81.99,,,,,,4,,,,,2003-06-01
146074,Basketball Cards 2003 Topps Chrome,Bobby Jackson #12,$1.99,,$9.99,$11.00,$12.00,$15.99,$21.00,$10.00,$10.00,,,,$2.19,,,$2.80,$10.99,,5,,,,,2003-06-01
12215128,Basketball Cards 2003 Topps Chrome,Bobby Jackson [Black Refractor] #12,$19.99,,$13.50,$63.90,$99.13,$299.15,$389.00,$179.00,$179.00,,,$6.60,$21.99,,,$3.80,$14.99,,15,,,,,2003-06-01
146075,Basketball Cards 2003 Topps Chrome,Bobby Jackson [Gold Refractor] #12,$21.50,,,$107.68,$118.00,,,,,,,$7.20,$23.99,,,,,,2,,,,,2003-06-01
146076,Basketball Cards 2003 Topps Chrome,Bobby Jackson [Refractor] #12,$2.96,,$5.50,$32.14,$35.00,$58.43,$76.00,$35.00,$35.00,,,,$3.29,,,$1.20,$6.09,,9,,,,,2003-06-01
4859002,Basketball Cards 2003 Topps Chrome,Bobby Jackson [Xfractor] #12,$19.95,,,$25.00,$28.00,,,,,,,$6.60,$21.99,,,,,,3,,,,,2003-06-01
146288,Basketball Cards 2003 Topps Chrome,Bonzi Wells #71,$2.19,,$0.99,$1.82,$2.00,$27.38,$36.00,$16.00,$16.00,,,,$2.39,,,,$1.09,,5,,,,,2003-06-01
12215163,Basketball Cards 2003 Topps Chrome,Bonzi Wells [Black Refractor] #71,$13.50,,$13.63,$46.40,$73.43,$211.75,$275.00,$127.00,$127.00,,,$3.80,$14.99,,,$3.80,$14.99,,10,,,,,2003-06-01
146289,Basketball Cards 2003 Topps Chrome,Bonzi Wells [Gold Refractor] #71,$18.95,,$49.89,$55.00,$87.12,$239.99,$312.00,$144.00,$144.00,,,$6.30,$20.99,,,$22.00,$54.99,,6,,,,,2003-06-01
146290,Basketball Cards 2003 Topps Chrome,Bonzi Wells [Refractor] #71,$2.25,,$5.50,$24.50,$28.90,$60.26,$78.00,$36.00,$36.00,,,,$2.49,,,$1.20,$6.09,,9,,,,,2003-06-01
12215277,Basketball Cards 2003 Topps Chrome,Bonzi Wells [Xfractor] #71,,,,$55.00,$61.00,,,,,,,,,,,,,,1,,,,,2003-06-01
146526,Basketball Cards 2003 Topps Chrome,Boris Diaw #131,$2.13,,,$31.45,$35.00,$64.92,$84.00,$39.00,$39.00,,,,$2.29,,,,,,6,,,,,2003-06-01
12215199,Basketball Cards 2003 Topps Chrome,Boris Diaw [Black Refractor] #131,,,,,,,,,,,,,,,,,,,0,,,,,2003-06-01
146528,Basketball Cards 2003 Topps Chrome,Boris Diaw [French Black Refractor] #131,$18.37,,$23.26,$55.00,$61.00,$199.00,$259.00,$119.00,$119.00,,,$5.00,$19.99,,,$7.80,$25.99,,9,,,,,2003-06-01
12215081,Basketball Cards 2003 Topps Chrome,Boris Diaw [French Gold Refractor] #131,,,,,,,,,,,,,,,,,,,0,,,,,2003-06-01
146529,Basketball Cards 2003 Topps Chrome,Boris Diaw [French Refractor] #131,$7.99,,,$35.00,$39.00,$51.00,$66.00,$31.00,$20.50,,,$1.80,$8.79,,,,,,7,,,,,2003-06-01
12215083,Basketball Cards 2003 Topps Chrome,Boris Diaw [French Xfractor] #131,$20.00,,,,,$193.19,$251.00,$116.00,$116.00,,,$6.60,$21.99,,,,,,2,,,,,2003-06-01
146527,Basketball Cards 2003 Topps Chrome,Boris Diaw [French] #131,$2.58,,$0.99,,,$46.18,$60.00,$28.00,$28.00,,,,$2.79,,,,$1.09,,5,,,,,2003-06-01
146530,Basketball Cards 2003 Topps Chrome,Boris Diaw [Gold Refractor] #131,$36.07,,,$227.50,$250.00,,,,,,,$16.00,$39.99,,,,,,2,,,,,2003-06-01
146531,Basketball Cards 2003 Topps Chrome,Boris Diaw [Refractor] #131,$4.37,,$14.00,$33.00,$36.00,$178.99,$233.00,$107.00,$107.00,,,$1.00,$4.79,,,$3.80,$14.99,,12,,,,,2003-06-01
146532,Basketball Cards 2003 Topps Chrome,Boris Diaw [Xfractor] #131,$31.87,,,,,$150.00,$195.00,$90.00,$90.00,,,$10.50,$34.99,,,,,,3,,,,,2003-06-01
146405,Basketball Cards 2003 Topps Chrome,Bostjan Nachbar #105,$1.24,,,$4.25,$5.00,$76.22,$99.00,$46.00,$46.00,,,,$1.39,,,,,,4,,,,,2003-06-01
12215186,Basketball Cards 2003 Topps Chrome,Bostjan Nachbar [Black Refractor] #105,$9.35,,$10.50,,,,,,,,,$2.00,$9.99,,,$3.00,$11.99,,2,,,,,2003-06-01
146406,Basketball Cards 2003 Topps Chrome,Bostjan Nachbar [Gold Refractor] #105,$15.37,,$26.00,,,,,,,,,$4.30,$16.99,,,$8.70,$28.99,,2,,,,,2003-06-01
146407,Basketball Cards 2003 Topps Chrome,Bostjan Nachbar [Refractor] #105,$0.99,,$1.25,$16.25,$23.92,$114.99,$149.00,$69.00,$69.00,,,,$1.09,,,,$1.39,,12,,,,,2003-06-01
146408,Basketball Cards 2003 Topps Chrome,Bostjan Nachbar [Xfractor] #105,$4.00,,,$20.00,$22.00,,,,,,,$0.90,$4.39,,,,,,2,,,,,2003-06-01
146285,Basketball Cards 2003 Topps Chrome,Brad Miller #70,$2.09,,$11.40,$22.29,$25.00,$59.50,$77.00,$36.00,$36.00,,,,$2.29,,,$3.30,$12.99,,5,,,,,2003-06-01
12215162,Basketball Cards 2003 Topps Chrome,Brad Miller [Black Refractor] #70,$7.12,,$15.67,$29.20,$48.18,$125.86,$164.00,$76.00,$76.00,,,$1.60,$7.79,,,$4.30,$16.99,,10,,,,,2003-06-01
146286,Basketball Cards 2003 Topps Chrome,Brad Miller [Gold Refractor] #70,$38.77,,,,,,,,,,,$17.20,$42.99,,,,,,2,,,,,2003-06-01
146287,Basketball Cards 2003 Topps Chrome,Brad Miller [Refractor] #70,$2.58,,$25.00,$31.00,$34.00,$250.00,$325.00,$150.00,$150.00,,,,$2.79,,,$8.40,$27.99,,15,,,,,2003-06-01
12215276,Basketball Cards 2003 Topps Chrome,Brad Miller [Xfractor] #70,$6.95,,,,,,,,,,,$1.50,$7.69,,,,,,1,,,,,2003-06-01
146627,Basketball Cards 2003 Topps Chrome,Brandon Hunter #155,$0.99,,,$14.50,$16.00,$29.99,$39.00,$18.00,$18.00,,,,$1.09,,,,,,4,,,,,2003-06-01
12215214,Basketball Cards 2003 Topps Chrome,Brandon Hunter [Black Refractor] #155,,,,,,,,,,,,,,,,,,,0,,,,,2003-06-01
146628,Basketball Cards 2003 Topps Chrome,Brandon Hunter [Gold Refractor] #155,$57.90,,,$59.99,$66.00,$140.00,$200.00,$84.00,$84.00,,,$25.60,$63.99,,,,,,5,,,,,2003-06-01
146629,Basketball Cards 2003 Topps Chrome,Brandon Hunter [Refractor] #155,$3.94,,$15.99,$31.00,$32.67,$135.26,$176.00,$81.00,$81.00,,,$0.90,$4.29,,,$4.50,$17.99,,13,,,,,2003-06-01
4106647,Basketball Cards 2003 Topps Chrome,Brandon Hunter [Xfractor] #155,$27.83,,,$20.00,$22.00,,,,,,,$9.30,$30.99,,,,,,2,,,,,2003-06-01
146282,Basketball Cards 2003 Topps Chrome,Brent Barry #69,$2.64,,$5.50,$9.50,$10.00,$65.44,$85.00,$39.00,$39.00,,,,$2.89,,,$1.20,$6.09,,5,,,,,2003-06-01
12215161,Basketball Cards 2003 Topps Chrome,Brent Barry [Black Refractor] #69,$7.19,,$25.39,$29.39,$48.46,$126.80,$165.00,$76.00,$76.00,,,$1.60,$7.89,,,$8.40,$27.99,,10,,,,,2003-06-01
146283,Basketball Cards 2003 Topps Chrome,Brent Barry [Gold Refractor] #69,$33.50,,$99.00,$120.00,$132.00,$144.00,$187.00,$86.00,$86.00,,,$14.80,$36.99,,,$54.50,$109.00,,5,,,,,2003-06-01
146284,Basketball Cards 2003 Topps Chrome,Brent Barry [Refractor] #69,$2.18,,$8.23,$33.50,$37.00,$162.59,$211.00,$98.00,$98.00,,,,$2.39,,,$1.80,$9.09,,19,,,,,2003-06-01
12215275,Basketball Cards 2003 Topps Chrome,Brent Barry [Xfractor] #69,$19.89,,$34.76,$63.53,$98.57,$297.13,$386.00,$178.00,$178.00,,,$6.60,$21.99,,,$15.20,$37.99,,6,,,,,2003-06-01
146542,Basketball Cards 2003 Topps Chrome,Brian Cook #134,$1.60,,$3.30,$5.50,$6.00,$28.46,$37.00,$17.00,$17.00,,,,$1.79,,,,$3.59,,7,,,,,2003-06-01
146543,Basketball Cards 2003 Topps Chrome,Brian Cook [Black Refractor] #134,$7.93,,,$21.50,$24.00,,,,,,,$1.70,$8.69,,,,,,4,,,,,2003-06-01
146544,Basketball Cards 2003 Topps Chrome,Brian Cook [Gold Refractor] #134,$35.39,,,$114.99,$126.00,$225.00,$293.00,$135.00,$135.00,,,$15.60,$38.99,,,,,,4,,,,,2003-06-01
146545,Basketball Cards 2003 Topps Chrome,Brian Cook [Refractor] #134,$2.74,,$4.54,$9.99,$16.05,$90.00,$117.00,$54.00,$54.00,,,,$2.99,,,$1.00,$4.99,,10,,,,,2003-06-01
146546,Basketball Cards 2003 Topps Chrome,Brian Cook [Xfractor] #134,$10.00,,,,,$128.99,$168.00,$77.00,$77.00,,,$2.80,$10.99,,,,,,2,,,,,2003-06-01
146194,Basketball Cards 2003 Topps Chrome,Brian Grant #44,$1.99,,$3.00,$3.00,$3.00,$19.99,$26.00,$12.00,$12.00,,,,$2.19,,,,$3.29,,5,,,,,2003-06-01
12215146,Basketball Cards 2003 Topps Chrome,Brian Grant [Black Refractor] #44,$9.99,,,,,,,,,,,$2.80,$10.99,,,,,,1,,,,,2003-06-01
146195,Basketball Cards 2003 Topps Chrome,Brian Grant [Gold Refractor] #44,$38.69,,,$83.00,$88.00,$90.00,$117.00,$54.00,$54.00,,,$17.20,$42.99,,,,,,4,,,,,2003-06-01
146196,Basketball Cards 2003 Topps Chrome,Brian Grant [Refractor] #44,$3.77,,$7.00,$18.21,$34.90,$165.00,$215.00,$99.00,$99.00,,,$0.80,$4.19,,,$1.50,$7.69,,11,,,,,2003-06-01
12215260,Basketball Cards 2003 Topps Chrome,Brian Grant [Xfractor] #44,,,,$34.79,$38.00,,,,,,,,,,,,,,1,,,,,2003-06-01
146439,Basketball Cards 2003 Topps Chrome,Carmelo Anthony #113,$14.99,$15.05,$20.22,$32.63,$57.86,$164.99,$459.75,$32.55,$38.64,,,$4.00,$15.99,$4.30,$16.99,$6.60,$21.99,,472,,,,,2003-06-01
146440,Basketball Cards 2003 Topps Chrome,Carmelo Anthony [Black Refractor] #113,$325.00,,$417.27,$690.00,$830.00,$1995.70,$2594.00,$1197.00,$1197.00,,,$179.00,$358.00,,,$229.50,$459.00,,13,,,,,2003-06-01
146441,Basketball Cards 2003 Topps Chrome,Carmelo Anthony [Gold Refractor] #113,$660.33,,$1369.31,$4260.00,$4686.00,$5554.00,$7220.00,$3332.00,$3332.00,,,$435.60,$726.00,,,$903.60,$1506.00,,6,,,,,2003-06-01
146442,Basketball Cards 2003 Topps Chrome,Carmelo Anthony [Refractor] #113,$89.16,$66.00,$185.91,$240.00,$313.98,$825.00,$1073.00,$495.00,$495.00,,,$39.20,$97.99,$29.20,$72.99,$102.50,$205.00,,70,,,,,2003-06-01
146443,Basketball Cards 2003 Topps Chrome,Carmelo Anthony [Xfractor] #113,$855.67,,$295.00,$527.63,$721.49,$1381.63,$1796.00,$829.00,$829.00,,,$564.60,$941.00,,,$162.50,$325.00,,12,,,,,2003-06-01
146250,Basketball Cards 2003 Topps Chrome,Caron Butler #60,$1.65,,,$14.84,$16.00,$42.00,$55.00,$25.00,$25.00,,,,$1.79,,,,,,5,,,,,2003-06-01
12215158,Basketball Cards 2003 Topps Chrome,Caron Butler [Black Refractor] #60,$7.00,,$15.49,$28.87,$47.71,$124.25,$162.00,$75.00,$75.00,,,$1.50,$7.69,,,$4.30,$16.99,,12,,,,,2003-06-01
146251,Basketball Cards 2003 Topps Chrome,Caron Butler [Gold Refractor] #60,$18.63,$112.00,,$65.88,$199.99,$375.00,$488.00,$225.00,$225.00,,,$5.00,$19.99,$61.50,$123.00,,,,6,,,,,2003-06-01
146252,Basketball Cards 2003 Topps Chrome,Caron Butler [Refractor] #60,$2.55,,$8.01,$17.34,$30.01,$135.00,$176.00,$81.00,$81.00,,,,$2.79,,,$1.80,$8.79,,16,,,,,2003-06-01
12215269,Basketball Cards 2003 Topps Chrome,Caron Butler [Xfractor] #60,$1.25,,,,,,,,,,,,$1.39,,,,,,1,,,,,2003-06-01
146382,Basketball Cards 2003 Topps Chrome,Chauncey Billups #99,$1.50,,$8.10,$25.00,$28.00,$68.67,$89.00,$41.00,$41.00,,,,$1.69,,,$1.80,$8.89,,12,,,,,2003-06-01
146383,Basketball Cards 2003 Topps Chrome,Chauncey Billups [Black Refractor] #99,$24.43,,$21.07,$64.72,$134.46,$289.99,$377.00,$174.00,$174.00,,,$8.10,$26.99,,,$6.90,$22.99,,9,,,,,2003-06-01
146384,Basketball Cards 2003 Topps Chrome,Chauncey Billups [Gold Refractor] #99,$216.47,,,$519.71,$572.00,,,,,,,$119.00,$238.00,,,,,,3,,,,,2003-06-01
146385,Basketball Cards 2003 Topps Chrome,Chauncey Billups [Refractor] #99,$3.69,,$25.00,$27.75,$34.62,$125.00,$163.00,$75.00,$75.00,,,$0.80,$4.09,,,$8.40,$27.99,,16,,,,,2003-06-01
12215299,Basketball Cards 2003 Topps Chrome,Chauncey Billups [Xfractor] #99,$17.75,,,,,,,,,,,$5.00,$19.99,,,,,,4,,,,,2003-06-01
146669,Basketball Cards 2003 Topps Chrome,Checklist,$5.99,$6.66,$15.50,$34.11,$39.77,$182.57,$237.00,$110.00,$110.00,,,$1.30,$6.59,$1.50,$7.29,$4.30,$16.99,,15,,,,,2003-06-01
146444,Basketball Cards 2003 Topps Chrome,Chris Bosh #114,$5.50,$5.37,$8.80,$18.16,$20.28,$85.00,$473.62,$51.00,$26.81,,,$1.20,$6.09,$1.20,$5.89,$1.90,$9.69,,313,,,,,2003-06-01
146445,Basketball Cards 2003 Topps Chrome,Chris Bosh [Black Refractor] #114,$169.73,,$143.14,$274.43,$302.00,$824.03,$1071.00,$494.00,$494.00,,,$93.50,$187.00,,,$78.50,$157.00,,14,,,,,2003-06-01
146446,Basketball Cards 2003 Topps Chrome,Chris Bosh [Gold Refractor] #114,$465.79,,$825.00,$1068.06,$1425.01,$6100.00,$7930.00,$3660.00,$3660.00,,,$307.20,$512.00,,,$544.80,$908.00,,5,,,,,2003-06-01
146447,Basketball Cards 2003 Topps Chrome,Chris Bosh [Refractor] #114,$43.55,,$35.00,$51.71,$109.19,$177.63,$443.55,$107.00,$107.00,,,$19.20,$47.99,,,$15.60,$38.99,,50,,,,,2003-06-01
146448,Basketball Cards 2003 Topps Chrome,Chris Bosh [Xfractor] #114,$175.00,,$95.00,$250.00,$990.00,$1010.06,$1313.00,$606.00,$606.00,,,$96.50,$193.00,,,$52.50,$105.00,,9,,,,,2003-06-01
146454,Basketball Cards 2003 Topps Chrome,Chris Kaman #116,$1.95,,$7.92,$25.00,$27.72,$44.58,$58.00,$27.00,$27.00,,,,$2.19,,,$1.70,$8.69,,10,,,,,2003-06-01
146455,Basketball Cards 2003 Topps Chrome,Chris Kaman [Black Refractor] #116,$5.48,$4.25,$12.50,$33.51,$37.00,,,,,,,$1.20,$5.99,$0.90,$4.69,$3.50,$13.99,,7,,,,,2003-06-01
3268732,Basketball Cards 2003 Topps Chrome,Chris Kaman [Gold Refractor] #116,$149.99,,,$199.99,$220.00,$585.00,$761.00,$351.00,$351.00,,,$82.50,$165.00,,,,,,3,,,,,2003-06-01
146456,Basketball Cards 2003 Topps Chrome,Chris Kaman [Refractor] #116,$2.14,,$8.20,$20.50,$28.46,$147.50,$192.00,$89.00,$89.00,,,,$2.39,,,$1.80,$8.99,,9,,,,,2003-06-01
146457,Basketball Cards 2003 Topps Chrome,Chris Kaman [Xfractor] #116,$11.37,,$29.99,$37.77,$42.00,,,,,,,$3.30,$12.99,,,$9.90,$32.99,,6,,,,,2003-06-01
146041,Basketball Cards 2003 Topps Chrome,Chris Webber #4,$1.06,,,$14.00,$15.00,$24.99,$32.00,$15.00,$15.00,,,,$1.19,,,,,,8,,,,,2003-06-01
146042,Basketball Cards 2003 Topps Chrome,Chris Webber [Black Refractor] #4,$40.00,,$39.99,$66.65,$178.31,$306.39,$398.00,$184.00,$184.00,,,$17.60,$43.99,,,$17.60,$43.99,,11,,,,,2003-06-01
146043,Basketball Cards 2003 Topps Chrome,Chris Webber [Gold Refractor] #4,$118.50,,$232.84,$256.00,$282.00,$1009.00,$1312.00,$605.00,$605.00,,,$65.00,$130.00,,,$128.00,$256.00,,6,,,,,2003-06-01
146044,Basketball Cards 2003 Topps Chrome,Chris Webber [Refractor] #4,$9.60,$12.90,$16.88,$37.91,$58.78,$184.20,$239.00,$111.00,$65.45,,,$2.80,$10.99,$3.50,$13.99,$4.80,$18.99,,20,,,,,2003-06-01
146045,Basketball Cards 2003 Topps Chrome,Chris Webber [Xfractor] #4,$29.00,,,$197.92,$218.00,,,,,,,$9.60,$31.99,,,,,,3,,,,,2003-06-01
146325,Basketball Cards 2003 Topps Chrome,Corey Maggette #83,$1.97,,$5.00,,,$49.99,$65.00,$30.00,$30.00,,,,$2.19,,,$1.10,$5.49,,5,,,,,2003-06-01
146326,Basketball Cards 2003 Topps Chrome,Corey Maggette [Black Refractor] #83,$4.50,,$6.07,$34.77,$38.00,,,,,,,$1.00,$4.99,,,$1.30,$6.69,,5,,,,,2003-06-01
146327,Basketball Cards 2003 Topps Chrome,Corey Maggette [Gold Refractor] #83,$51.00,,$49.00,$225.00,$248.00,,,,,,,$22.40,$55.99,,,$21.60,$53.99,,5,,,,,2003-06-01
146328,Basketball Cards 2003 Topps Chrome,Corey Maggette [Refractor] #83,$2.49,,$6.75,$35.00,$39.00,$230.00,$299.00,$138.00,$138.00,,,,$2.69,,,$1.50,$7.39,,11,,,,,2003-06-01
12215290,Basketball Cards 2003 Topps Chrome,Corey Maggette [Xfractor] #83,$14.00,,$25.96,$47.70,$75.33,$218.16,$284.00,$131.00,$131.00,,,$3.80,$14.99,,,$8.70,$28.99,,8,,,,,2003-06-01
146218,Basketball Cards 2003 Topps Chrome,Cuttino Mobley #51,$1.88,,,$24.40,$27.00,$45.06,$59.00,$27.00,$27.00,,,,$2.09,,,,,,5,,,,,2003-06-01
146219,Basketball Cards 2003 Topps Chrome,Cuttino Mobley [Black Refractor] #51,$7.10,,,$32.45,$36.00,$108.33,$141.00,$65.00,$65.00,,,$1.60,$7.79,,,,,,8,,,,,2003-06-01
146220,Basketball Cards 2003 Topps Chrome,Cuttino Mobley [Gold Refractor] #51,$19.86,,$78.00,$86.00,$95.00,,,,,,,$6.60,$21.99,,,$34.40,$85.99,,4,,,,,2003-06-01
146221,Basketball Cards 2003 Topps Chrome,Cuttino Mobley [Refractor] #51,$2.36,,$4.25,$15.50,$17.00,$103.22,$134.00,$62.00,$62.00,,,,$2.59,,,$0.90,$4.69,,8,,,,,2003-06-01
12215264,Basketball Cards 2003 Topps Chrome,Cuttino Mobley [Xfractor] #51,$9.99,,$29.99,,,,,,,,,$2.80,$10.99,,,$9.90,$32.99,,2,,,,,2003-06-01
146521,Basketball Cards 2003 Topps Chrome,Dahntay Jones #130,$1.54,,,$23.82,$26.00,$39.99,$52.00,$24.00,$24.00,,,,$1.69,,,,,,6,,,,,2003-06-01
146522,Basketball Cards 2003 Topps Chrome,Dahntay Jones [Black Refractor] #130,$7.09,,$9.99,$25.03,$27.95,,,,,,,$1.60,$7.79,,,$2.80,$10.99,,7,,,,,2003-06-01
146523,Basketball Cards 2003 Topps Chrome,Dahntay Jones [Gold Refractor] #130,$39.00,,,$20.00,$22.00,$639.99,$832.00,$384.00,$384.00,,,$17.20,$42.99,,,,,,3,,,,,2003-06-01
146524,Basketball Cards 2003 Topps Chrome,Dahntay Jones [Refractor] #130,$2.20,,$16.65,$18.00,$28.45,$90.10,$117.00,$54.00,$54.00,,,,$2.39,,,$4.50,$17.99,,14,,,,,2003-06-01
146525,Basketball Cards 2003 Topps Chrome,Dahntay Jones [Xfractor] #130,$12.65,,,$17.15,$19.00,$120.00,$156.00,$72.00,$72.00,,,$3.50,$13.99,,,,,,4,,,,,2003-06-01
146033,Basketball Cards 2003 Topps Chrome,Dajuan Wagner #2,$1.76,,$5.99,$7.00,$8.00,$16.40,$21.00,$10.00,$10.00,,,,$1.89,,,$1.30,$6.59,,5,,,,,2003-06-01
12215124,Basketball Cards 2003 Topps Chrome,Dajuan Wagner [Black Refractor] #2,$3.97,,$10.95,$20.71,$35.73,$83.52,$109.00,$50.00,$50.00,,,$0.90,$4.39,,,$3.00,$11.99,,10,,,,,2003-06-01
146034,Basketball Cards 2003 Topps Chrome,Dajuan Wagner [Gold Refractor] #2,$6.66,,$15.19,$22.75,$46.91,$181.88,$236.00,$109.00,$109.00,,,$1.50,$7.29,,,$4.30,$16.99,,10,,,,,2003-06-01
12215220,Basketball Cards 2003 Topps Chrome,Dajuan Wagner [Refractor] #2,$1.11,,$6.66,$12.99,$24.39,$44.94,$58.00,$27.00,$27.00,,,,$1.19,,,$1.50,$7.29,,7,,,,,2003-06-01
146035,Basketball Cards 2003 Topps Chrome,Dajuan Wagner [Xfractor] #2,$5.50,,,,,$66.00,$86.00,$40.00,$40.00,,,$1.20,$6.09,,,,,,3,,,,,2003-06-01
146126,Basketball Cards 2003 Topps Chrome,Darius Miles #26,$2.99,,$11.50,$22.96,$25.00,$80.00,$104.00,$48.00,$48.00,,,,$3.29,,,$3.30,$12.99,,5,,,,,2003-06-01
12215136,Basketball Cards 2003 Topps Chrome,Darius Miles [Black Refractor] #26,$11.99,,$11.96,$30.50,$54.76,$172.18,$224.00,$103.00,$103.00,,,$3.30,$12.99,,,$3.30,$12.99,,21,,,,,2003-06-01
146127,Basketball Cards 2003 Topps Chrome,Darius Miles [Gold Refractor] #26,$94.22,,,,,$1020.00,$1326.00,$612.00,$612.00,,,$52.00,$104.00,,,,,,3,,,,,2003-06-01
146128,Basketball Cards 2003 Topps Chrome,Darius Miles [Refractor] #26,$3.36,,$8.50,$26.75,$33.28,$114.25,$149.00,$69.00,$69.00,,,,$3.69,,,$1.90,$9.39,,14,,,,,2003-06-01
12215253,Basketball Cards 2003 Topps Chrome,Darius Miles [Xfractor] #26,,,,,,,,,,,,,,,,,,,0,,,,,2003-06-01
146429,Basketball Cards 2003 Topps Chrome,Darko Milicic #112,$2.56,,$4.05,$16.65,$16.68,$29.99,$39.00,$18.00,$18.00,,,,$2.79,,,$0.90,$4.49,,15,,,,,2003-06-01
146430,Basketball Cards 2003 Topps Chrome,Darko Milicic [Black Refractor] #112,$9.95,,$70.11,$77.00,$85.00,$105.00,$137.00,$63.00,$63.00,,,$2.80,$10.99,,,$30.80,$76.99,,6,,,,,2003-06-01
146431,Basketball Cards 2003 Topps Chrome,Darko Milicic [Gold Refractor] #112,$347.70,,$103.50,$298.49,$328.00,,,,,,,$191.00,$382.00,,,$57.00,$114.00,,4,,,,,2003-06-01
146432,Basketball Cards 2003 Topps Chrome,Darko Milicic [Refractor] #112,$5.03,,$25.42,$33.94,$61.00,$108.50,$141.00,$65.00,$65.00,,,$1.10,$5.49,,,$8.40,$27.99,,15,,,,,2003-06-01
146434,Basketball Cards 2003 Topps Chrome,Darko Milicic [Serbian Black Refractor] #112,$35.00,$6.07,,$196.00,$216.00,$235.00,$306.00,$141.00,$141.00,,,$15.60,$38.99,$1.30,$6.69,,,,4,,,,,2003-06-01
146436,Basketball Cards 2003 Topps Chrome,Darko Milicic [Serbian Refractor] #112,$9.32,,,$60.94,$79.99,$110.94,$144.00,$67.00,$67.00,,,$2.00,$9.99,,,,,,5,,,,,2003-06-01
146437,Basketball Cards 2003 Topps Chrome,Darko Milicic [Serbian Xfractor] #112,,,,$81.60,$90.00,,,,,,,,,,,,,,1,,,,,2003-06-01
146433,Basketball Cards 2003 Topps Chrome,Darko Milicic [Serbian] #112,$4.99,,$22.00,$27.99,$31.00,$72.50,$94.00,$44.00,$44.00,,,$1.10,$5.49,,,$7.20,$23.99,,7,,,,,2003-06-01
146438,Basketball Cards 2003 Topps Chrome,Darko Milicic [Xfractor] #112,$35.00,,$1.95,$12.50,$28.35,$276.24,$359.00,$166.00,$166.00,,,$15.60,$38.99,,,,$2.19,,9,,,,,2003-06-01
146394,Basketball Cards 2003 Topps Chrome,David Wesley #102,$12.01,,$0.99,$3.72,$4.00,$50.00,$65.00,$30.00,$30.00,,,$3.30,$12.99,,,,$1.09,,4,,,,,2003-06-01
146395,Basketball Cards 2003 Topps Chrome,David Wesley [Black Refractor] #102,$5.63,,$2.36,$38.72,$43.00,,,,,,,$1.20,$6.19,,,,$2.59,,4,,,,,2003-06-01
146396,Basketball Cards 2003 Topps Chrome,David Wesley [Gold Refractor] #102,$12.19,,,$200.00,$220.00,,,,,,,$3.30,$12.99,,,,,,2,,,,,2003-06-01
146397,Basketball Cards 2003 Topps Chrome,David Wesley [Refractor] #102,$2.58,,$3.25,$19.99,$22.00,$171.50,$223.00,$103.00,$103.00,,,,$2.79,,,,$3.59,,8,,,,,2003-06-01
12215301,Basketball Cards 2003 Topps Chrome,David Wesley [Xfractor] #102,,,,,,,,,,,,,,,,,,,0,,,,,2003-06-01
146508,Basketball Cards 2003 Topps Chrome,David West #128,$1.33,,$7.99,$11.29,$52.00,$53.00,$69.00,$32.00,$32.00,,,,$1.49,,,$1.80,$8.79,,13,,,,,2003-06-01
146509,Basketball Cards 2003 Topps Chrome,David West [Black Refractor] #128,$13.68,,$10.50,$38.55,$42.00,$338.00,$439.00,$203.00,$203.00,,,$3.80,$14.99,,,$3.00,$11.99,,6,,,,,2003-06-01
146510,Basketball Cards 2003 Topps Chrome,David West [Gold Refractor] #128,$77.18,$155.01,,,,,,,,,,$34.00,$84.99,$85.50,$171.00,,,,2,,,,,2003-06-01
146511,Basketball Cards 2003 Topps Chrome,David West [Refractor] #128,$3.10,,$24.95,$27.00,$43.37,$75.93,$99.00,$46.00,$46.00,,,,$3.39,,,$8.10,$26.99,,18,,,,,2003-06-01
146512,Basketball Cards 2003 Topps Chrome,David West [Xfractor] #128,$18.58,,,$53.15,$58.00,$165.00,$215.00,$99.00,$99.00,,,$5.00,$19.99,,,,,,4,,,,,2003-06-01
146298,Basketball Cards 2003 Topps Chrome,Derek Anderson #74,$3.12,,,$20.00,$22.00,$46.00,$60.00,$28.00,$28.00,,,,$3.39,,,,,,5,,,,,2003-06-01
12215168,Basketball Cards 2003 Topps Chrome,Derek Anderson [Black Refractor] #74,$7.43,,,,,,,,,,,$1.60,$8.19,,,,,,1,,,,,2003-06-01
146299,Basketball Cards 2003 Topps Chrome,Derek Anderson [Gold Refractor] #74,$12.20,,,$66.78,$150.00,,,,,,,$3.30,$12.99,,,,,,3,,,,,2003-06-01
146300,Basketball Cards 2003 Topps Chrome,Derek Anderson [Refractor] #74,$2.28,$1.25,$15.00,$17.00,$29.58,$122.00,$159.00,$73.00,$73.00,,,,$2.49,,$1.39,$4.30,$16.99,,20,,,,,2003-06-01
12215280,Basketball Cards 2003 Topps Chrome,Derek Anderson [Xfractor] #74,$17.49,,$31.19,$57.12,$89.17,$265.23,$345.00,$159.00,$159.00,,,$4.80,$18.99,,,$10.20,$33.99,,9,,,,,2003-06-01
146336,Basketball Cards 2003 Topps Chrome,Desmond Mason #86,$1.59,,,$5.50,$6.00,$34.96,$45.00,$21.00,$21.00,,,,$1.79,,,,,,3,,,,,2003-06-01
3446399,Basketball Cards 2003 Topps Chrome,Desmond Mason [Black Refractor] #86,$4.08,,$8.50,$81.00,$89.00,,,,,,,$0.90,$4.49,,,$1.90,$9.39,,7,,,,,2003-06-01
146337,Basketball Cards 2003 Topps Chrome,Desmond Mason [Gold Refractor] #86,$36.79,,$18.52,$88.02,$97.00,,,,,,,$16.00,$39.99,,,$5.00,$19.99,,5,,,,,2003-06-01
146338,Basketball Cards 2003 Topps Chrome,Desmond Mason [Refractor] #86,$3.77,,$6.50,$7.05,$8.00,$15.50,$20.00,$9.00,$9.00,,,$0.80,$4.19,,,$1.40,$7.19,,8,,,,,2003-06-01
12215291,Basketball Cards 2003 Topps Chrome,Desmond Mason [Xfractor] #86,,,,,,,,,,,,,,,,,,,0,,,,,2003-06-01
146636,Basketball Cards 2003 Topps Chrome,Devin Brown #158,$2.41,,$0.99,$5.72,$6.00,$78.00,$101.00,$47.00,$47.00,,,,$2.69,,,,$1.09,,6,,,,,2003-06-01
146637,Basketball Cards 2003 Topps Chrome,Devin Brown [Black Refractor] #158,$6.49,,$14.50,$28.76,$32.00,$35.00,$46.00,$21.00,$21.00,,,$1.40,$7.09,,,$4.00,$15.99,,6,,,,,2003-06-01
146638,Basketball Cards 2003 Topps Chrome,Devin Brown [Gold Refractor] #158,,,,,,,,,,,,,,,,,,,0,,,,,2003-06-01
146639,Basketball Cards 2003 Topps Chrome,Devin Brown [Refractor] #158,$2.82,,$5.15,$8.15,$31.13,$92.60,$120.00,$56.00,$56.00,,,,$3.09,,,$1.10,$5.69,,11,,,,,2003-06-01
12215324,Basketball Cards 2003 Topps Chrome,Devin Brown [Xfractor] #158,$15.49,,$28.19,$51.72,$81.23,$238.21,$310.00,$143.00,$143.00,,,$4.30,$16.99,,,$9.30,$30.99,,8,,,,,2003-06-01
146183,Basketball Cards 2003 Topps Chrome,Dirk Nowitzki #41,$2.33,,$9.99,$18.73,$29.21,$39.14,$51.00,$23.00,$23.00,,,,$2.59,,,$2.80,$10.99,,31,,,,,2003-06-01
146184,Basketball Cards 2003 Topps Chrome,Dirk Nowitzki [Black Refractor] #41,$59.30,,$71.87,$272.11,$299.00,,,,,,,$26.00,$64.99,,,$31.60,$78.99,,8,,,,,2003-06-01
3363977,Basketball Cards 2003 Topps Chrome,Dirk Nowitzki [Gold Refractor] #41,$207.44,,$524.50,$577.00,$635.00,$2050.00,$2665.00,$1230.00,$1230.00,,,$114.00,$228.00,,,$346.20,$577.00,,5,,,,,2003-06-01
146185,Basketball Cards 2003 Topps Chrome,Dirk Nowitzki [Refractor] #41,$17.25,$16.00,$20.48,$54.44,$92.56,$325.00,$423.00,$195.00,$195.00,,,$4.80,$18.99,$4.50,$17.99,$6.90,$22.99,,44,,,,,2003-06-01
25292,Basketball Cards 2003 Topps Chrome,Dirk Nowitzki [Xfractor] #41,$107.43,,$76.00,$106.50,$117.00,$524.17,$681.00,$315.00,$315.00,,,$59.00,$118.00,,,$33.60,$83.99,,8,,,,,2003-06-01
146339,Basketball Cards 2003 Topps Chrome,Drew Gooden #87,$1.37,,,$10.37,$11.00,$12.00,$16.00,$7.00,$7.00,,,,$1.49,,,,,,3,,,,,2003-06-01
12215175,Basketball Cards 2003 Topps Chrome,Drew Gooden [Black Refractor] #87,$4.96,,$13.63,,,,,,,,,$1.10,$5.49,,,$3.80,$14.99,,2,,,,,2003-06-01
146340,Basketball Cards 2003 Topps Chrome,Drew Gooden [Gold Refractor] #87,$35.00,,$43.99,$134.16,$148.00,,,,,,,$15.60,$38.99,,,$19.20,$47.99,,4,,,,,2003-06-01
146341,Basketball Cards 2003 Topps Chrome,Drew Gooden [Refractor] #87,$1.99,,$8.50,$25.00,$27.88,$128.44,$167.00,$77.00,$77.00,,,,$2.19,,,$1.90,$9.39,,15,,,,,2003-06-01
146342,Basketball Cards 2003 Topps Chrome,Drew Gooden [Xfractor] #87,$11.00,,$12.00,$25.00,$28.00,$486.00,$632.00,$292.00,$292.00,,,$3.00,$11.99,,,$3.30,$12.99,,5,,,,,2003-06-01
146449,Basketball Cards 2003 Topps Chrome,Dwyane Wade #115,$18.99,$20.14,$28.99,$56.20,$95.18,$285.00,$399.51,$114.40,$73.00,,,$6.30,$20.99,$6.60,$21.99,$9.60,$31.99,,661,,,,,2003-06-01
146450,Basketball Cards 2003 Topps Chrome,Dwyane Wade [Black Refractor] #115,$990.04,$520.00,$845.99,$1671.94,$2025.00,$8365.85,$10876.00,$5020.00,$5020.00,,,$653.40,$1089.00,$343.20,$572.00,$558.60,$931.00,,22,,,,,2003-06-01
146451,Basketball Cards 2003 Topps Chrome,Dwyane Wade [Gold Refractor] #115,$4100.21,,,,$9200.00,$103568.27,$134639.00,$62141.00,$62141.00,,,$2706.00,$4510.00,,,,,,3,,,,,2003-06-01
146452,Basketball Cards 2003 Topps Chrome,Dwyane Wade [Refractor] #115,$287.50,$180.00,$238.50,$462.37,$744.87,$1559.84,$7955.40,$936.00,$585.00,,,$158.00,$316.00,$99.00,$198.00,$131.00,$262.00,,77,,,,,2003-06-01
146453,Basketball Cards 2003 Topps Chrome,Dwyane Wade [Xfractor] #115,$1050.00,,$1030.00,$1500.00,$1822.38,$6800.00,$8840.00,$4080.00,$4080.00,,,$693.00,$1155.00,,,$679.80,$1133.00,,9,,,,,2003-06-01
146304,Basketball Cards 2003 Topps Chrome,Eddie Griffin #76,$2.87,,,$5.59,$6.00,,,,,,,,$3.19,,,,,,3,,,,,2003-06-01
12215166,Basketball Cards 2003 Topps Chrome,Eddie Griffin [Black Refractor] #76,,,$16.25,,,,,,,,,,,,,$4.50,$17.99,,1,,,,,2003-06-01
146305,Basketball Cards 2003 Topps Chrome,Eddie Griffin [Gold Refractor] #76,$9.56,,$31.00,$34.00,$37.00,,,,,,,$2.80,$10.99,,,$10.20,$33.99,,4,,,,,2003-06-01
146306,Basketball Cards 2003 Topps Chrome,Eddie Griffin [Refractor] #76,$6.07,,$5.50,$27.64,$44.02,$111.70,$145.00,$67.00,$67.00,,,$1.30,$6.69,,,$1.20,$6.09,,11,,,,,2003-06-01
12215282,Basketball Cards 2003 Topps Chrome,Eddie Griffin [Xfractor] #76,,,,$25.00,$28.00,,,,,,,,,,,,,,1,,,,,2003-06-01
146319,Basketball Cards 2003 Topps Chrome,Eddie Jones #81,$4.82,,$3.25,$5.50,$6.00,$250.00,$325.00,$150.00,$150.00,,,$1.10,$5.29,,,,$3.59,,7,,,,,2003-06-01
12215172,Basketball Cards 2003 Topps Chrome,Eddie Jones [Black Refractor] #81,$18.99,,$33.72,$61.19,$95.15,$285.62,$371.00,$171.00,$171.00,,,$6.30,$20.99,,,$14.80,$36.99,,6,,,,,2003-06-01
146320,Basketball Cards 2003 Topps Chrome,Eddie Jones [Gold Refractor] #81,$77.58,,,$225.00,$248.00,,,,,,,$34.00,$84.99,,,,,,3,,,,,2003-06-01
146321,Basketball Cards 2003 Topps Chrome,Eddie Jones [Refractor] #81,$4.08,,$45.00,$50.00,$55.00,$95.00,$124.00,$57.00,$57.00,,,$0.90,$4.49,,,$20.00,$49.99,,15,,,,,2003-06-01
12215287,Basketball Cards 2003 Topps Chrome,Eddie Jones [Xfractor] #81,$12.00,,,,,,,,,,,$3.30,$12.99,,,,,,1,,,,,2003-06-01
146415,Basketball Cards 2003 Topps Chrome,Eddy Curry #108,$1.54,,,$28.18,$31.00,$37.00,$48.00,$22.00,$22.00,,,,$1.69,,,,,,5,,,,,2003-06-01
12215191,Basketball Cards 2003 Topps Chrome,Eddy Curry [Black Refractor] #108,$10.87,,$14.50,$39.24,$62.90,$175.86,$229.00,$106.00,$106.00,,,$3.00,$11.99,,,$4.00,$15.99,,8,,,,,2003-06-01
146416,Basketball Cards 2003 Topps Chrome,Eddy Curry [Gold Refractor] #108,$23.00,,,$63.22,$70.00,,,,,,,$7.50,$24.99,,,,,,4,,,,,2003-06-01
146417,Basketball Cards 2003 Topps Chrome,Eddy Curry [Refractor] #108,$2.56,,$15.50,$40.86,$45.00,$116.89,$152.00,$70.00,$70.00,,,,$2.79,,,$4.30,$16.99,,15,,,,,2003-06-01
12215304,Basketball Cards 2003 Topps Chrome,Eddy Curry [Xfractor] #108,$19.80,,,,,,,,,,,$6.60,$21.99,,,,,,1,,,,,2003-06-01
146187,Basketball Cards 2003 Topps Chrome,Elton Brand #42,$1.35,,,$6.50,$7.00,,,,,,,,$1.49,,,,,,3,,,,,2003-06-01
12215143,Basketball Cards 2003 Topps Chrome,Elton Brand [Black Refractor] #42,$5.50,,$13.24,$24.83,$41.77,$104.06,$135.00,$62.00,$62.00,,,$1.20,$6.09,,,$3.80,$14.99,,14,,,,,2003-06-01
146188,Basketball Cards 2003 Topps Chrome,Elton Brand [Gold Refractor] #42,$57.00,,$54.00,$118.15,$130.00,,,,,,,$25.20,$62.99,,,$23.60,$58.99,,5,,,,,2003-06-01
146189,Basketball Cards 2003 Topps Chrome,Elton Brand [Refractor] #42,$3.86,$1.00,$1.04,$21.02,$36.50,$113.34,$147.00,$68.00,$68.00,,,$0.90,$4.29,,$1.09,,$1.09,,18,,,,,2003-06-01
146190,Basketball Cards 2003 Topps Chrome,Elton Brand [Xfractor] #42,$7.99,,$10.97,$29.31,$44.00,$44.58,$58.00,$27.00,$27.00,,,$1.80,$8.79,,,$3.00,$11.99,,9,,,,,2003-06-01
146329,Basketball Cards 2003 Topps Chrome,Eric Snow #84,$2.49,,$3.30,$4.00,$4.00,$53.00,$69.00,$32.00,$32.00,,,,$2.69,,,,$3.59,,5,,,,,2003-06-01
12215174,Basketball Cards 2003 Topps Chrome,Eric Snow [Black Refractor] #84,,,$29.99,,,,,,,,,,,,,$9.90,$32.99,,1,,,,,2003-06-01
146330,Basketball Cards 2003 Topps Chrome,Eric Snow [Gold Refractor] #84,$15.50,$4.69,,$50.00,$55.00,$1000.00,$1300.00,$600.00,$600.00,,,$4.30,$16.99,$1.00,$5.19,,,,4,,,,,2003-06-01
146331,Basketball Cards 2003 Topps Chrome,Eric Snow [Refractor] #84,$2.25,$5.00,$6.50,$15.70,$28.90,$125.13,$163.00,$75.00,$75.00,,,,$2.49,$1.10,$5.49,$1.40,$7.19,,14,,,,,2003-06-01
12215289,Basketball Cards 2003 Topps Chrome,Eric Snow [Xfractor] #84,$10.59,,$20.85,$38.50,$61.83,$172.24,$224.00,$103.00,$103.00,,,$3.00,$11.99,,,$6.90,$22.99,,9,,,,,2003-06-01
146371,Basketball Cards 2003 Topps Chrome,Eric Williams #96,$1.11,,$4.25,$5.00,$6.00,,,,,,,,$1.19,,,$0.90,$4.69,,3,,,,,2003-06-01
12215187,Basketball Cards 2003 Topps Chrome,Eric Williams [Black Refractor] #96,$9.99,,,,,,,,,,,$2.80,$10.99,,,,,,1,,,,,2003-06-01
146372,Basketball Cards 2003 Topps Chrome,Eric Williams [Gold Refractor] #96,$16.73,,,$32.86,$36.00,,,,,,,$4.50,$17.99,,,,,,5,,,,,2003-06-01
146373,Basketball Cards 2003 Topps Chrome,Eric Williams [Refractor] #96,$2.99,,$15.50,$25.00,$31.81,$175.07,$228.00,$105.00,$105.00,,,,$3.29,,,$4.30,$16.99,,11,,,,,2003-06-01
146374,Basketball Cards 2003 Topps Chrome,Eric Williams [Xfractor] #96,$5.49,,,,,,,,,,,$1.20,$5.99,,,,,,1,,,,,2003-06-01
146594,Basketball Cards 2003 Topps Chrome,Francisco Elson #147,$2.25,,$0.99,$9.44,$10.00,$82.22,$107.00,$49.00,$49.00,,,,$2.49,,,,$1.09,,6,,,,,2003-06-01
12215208,Basketball Cards 2003 Topps Chrome,Francisco Elson [Black Refractor] #147,,,,,,,,,,,,,,,,,,,0,,,,,2003-06-01
12220082,Basketball Cards 2003 Topps Chrome,Francisco Elson [Dutch Black Refractor] #147,,,,,,,,,,,,,,,,,,,0,,,,,2003-06-01
12220083,Basketball Cards 2003 Topps Chrome,Francisco Elson [Dutch Gold Refractor] #147,,,,,,,,,,,,,,,,,,,0,,,,,2003-06-01
12220081,Basketball Cards 2003 Topps Chrome,Francisco Elson [Dutch Refractor] #147,,,,,,,,,,,,,,,,,,,0,,,,,2003-06-01
12220084,Basketball Cards 2003 Topps Chrome,Francisco Elson [Dutch Xfractor] #147,,,,,,,,,,,,,,,,,,,0,,,,,2003-06-01
146595,Basketball Cards 2003 Topps Chrome,Francisco Elson [Dutch] #147,$2.16,,,$38.89,$43.00,,,,,,,,$2.39,,,,,,2,,,,,2003-06-01
146596,Basketball Cards 2003 Topps Chrome,Francisco Elson [Gold Refractor] #147,$72.11,$155.00,,,$229.95,,,,,,,$31.60,$78.99,$85.50,$171.00,,,,3,,,,,2003-06-01
146597,Basketball Cards 2003 Topps Chrome,Francisco Elson [Refractor] #147,$2.70,,$39.00,$43.00,$47.00,$114.99,$149.00,$69.00,$69.00,,,,$2.99,,,$17.20,$42.99,,10,,,,,2003-06-01
146598,Basketball Cards 2003 Topps Chrome,Francisco Elson [Xfractor] #147,$5.00,,,,,,,,,,,$1.10,$5.49,,,,,,2,,,,,2003-06-01
146103,Basketball Cards 2003 Topps Chrome,Gary Payton #20,$1.96,,,$8.88,$10.00,$28.96,$38.00,$17.00,$17.00,,,,$2.19,,,,,,9,,,,,2003-06-01
146104,Basketball Cards 2003 Topps Chrome,Gary Payton [Black Refractor] #20,$19.39,,$49.99,$174.99,$192.00,$329.17,$428.00,$198.00,$198.00,,,$6.30,$20.99,,,$22.00,$54.99,,9,,,,,2003-06-01
146105,Basketball Cards 2003 Topps Chrome,Gary Payton [Gold Refractor] #20,$140.00,,$122.50,$199.99,$220.00,$257.52,$335.00,$155.00,$155.00,,,$77.00,$154.00,,,$67.50,$135.00,,6,,,,,2003-06-01
146106,Basketball Cards 2003 Topps Chrome,Gary Payton [Refractor] #20,$4.00,,$18.25,$18.47,$35.85,$150.00,$195.00,$90.00,$90.00,,,$0.90,$4.39,,,$5.00,$19.99,,15,,,,,2003-06-01
3177980,Basketball Cards 2003 Topps Chrome,Gary Payton [Xfractor] #20,$30.00,,$25.00,$61.50,$68.00,,,,,,,$9.90,$32.99,,,$8.40,$27.99,,6,,,,,2003-06-01
146398,Basketball Cards 2003 Topps Chrome,Gilbert Arenas #103,$1.00,,,$17.50,$19.00,$53.00,$69.00,$32.00,$32.00,,,,$1.09,,,,,,5,,,,,2003-06-01
12215185,Basketball Cards 2003 Topps Chrome,Gilbert Arenas [Black Refractor] #103,$52.38,,$87.40,$158.29,$237.70,$770.50,$1002.00,$462.00,$462.00,,,$23.20,$57.99,,,$38.40,$95.99,,13,,,,,2003-06-01
146399,Basketball Cards 2003 Topps Chrome,Gilbert Arenas [Gold Refractor] #103,$126.44,,,$153.72,$169.00,$314.00,$408.00,$188.00,$188.00,,,$69.50,$139.00,,,,,,5,,,,,2003-06-01
146400,Basketball Cards 2003 Topps Chrome,Gilbert Arenas [Refractor] #103,$8.50,,$25.00,$39.87,$49.67,$89.51,$116.00,$54.00,$54.00,,,$1.90,$9.39,,,$8.40,$27.99,,21,,,,,2003-06-01
146401,Basketball Cards 2003 Topps Chrome,Gilbert Arenas [Xfractor] #103,$33.00,,,$25.00,$28.00,,,,,,,$14.40,$35.99,,,,,,3,,,,,2003-06-01
146172,Basketball Cards 2003 Topps Chrome,Glenn Robinson #38,$1.34,,$8.50,$20.00,$22.00,$53.86,$70.00,$32.00,$32.00,,,,$1.49,,,$1.90,$9.39,,5,,,,,2003-06-01
12215142,Basketball Cards 2003 Topps Chrome,Glenn Robinson [Black Refractor] #38,$4.26,,$30.00,,,,,,,,,$0.90,$4.69,,,$9.90,$32.99,,2,,,,,2003-06-01
146173,Basketball Cards 2003 Topps Chrome,Glenn Robinson [Gold Refractor] #38,$33.28,$49.79,,$62.00,$68.00,,,,,,,$14.80,$36.99,$22.00,$54.99,,,,5,,,,,2003-06-01
146174,Basketball Cards 2003 Topps Chrome,Glenn Robinson [Refractor] #38,$2.38,,$19.63,$70.00,$77.00,$115.00,$150.00,$69.00,$69.00,,,,$2.59,,,$6.60,$21.99,,11,,,,,2003-06-01
12215257,Basketball Cards 2003 Topps Chrome,Glenn Robinson [Xfractor] #38,,,,,,,,,,,,,,,,,,,0,,,,,2003-06-01
156458,Basketball Cards 2003 Topps Chrome,Hobby Box,$14544.00,,,,,,,,,,,$9598.80,$15998.00,,,,,,5,,,,,
146229,Basketball Cards 2003 Topps Chrome,Jalen Rose #54,$1.50,,$4.26,$5.00,$6.00,$78.93,$103.00,$47.00,$47.00,,,,$1.69,,,$0.90,$4.69,,5,,,,,2003-06-01
12215154,Basketball Cards 2003 Topps Chrome,Jalen Rose [Black Refractor] #54,$6.99,,$15.47,$28.84,$47.65,$124.03,$161.00,$74.00,$74.00,,,$1.50,$7.69,,,$4.30,$16.99,,11,,,,,2003-06-01
146230,Basketball Cards 2003 Topps Chrome,Jalen Rose [Gold Refractor] #54,$77.99,,$53.94,$140.00,$154.00,,,,,,,$34.40,$85.99,,,$23.60,$58.99,,5,,,,,2003-06-01
146231,Basketball Cards 2003 Topps Chrome,Jalen Rose [Refractor] #54,$3.25,,$9.87,$15.67,$32.85,$199.99,$260.00,$120.00,$120.00,,,,$3.59,,,$2.80,$10.99,,16,,,,,2003-06-01
146232,Basketball Cards 2003 Topps Chrome,Jalen Rose [Xfractor] #54,$14.69,,,$26.24,$29.00,,,,,,,$4.00,$15.99,,,,,,4,,,,,2003-06-01
146353,Basketball Cards 2003 Topps Chrome,Jamaal Magloire #91,$1.49,,,$5.50,$6.00,$76.42,$99.00,$46.00,$46.00,,,,$1.59,,,,,,4,,,,,2003-06-01
12215179,Basketball Cards 2003 Topps Chrome,Jamaal Magloire [Black Refractor] #91,$0.99,,$5.50,$24.79,$41.71,$103.82,$135.00,$62.00,$62.00,,,,$1.09,,,$1.20,$6.09,,16,,,,,2003-06-01
146354,Basketball Cards 2003 Topps Chrome,Jamaal Magloire [Gold Refractor] #91,$18.90,,,$67.99,$75.00,$140.11,$182.00,$84.00,$84.00,,,$6.30,$20.99,,,,,,8,,,,,2003-06-01
146355,Basketball Cards 2003 Topps Chrome,Jamaal Magloire [Refractor] #91,$2.81,,$7.20,$14.16,$30.27,$122.43,$159.00,$73.00,$73.00,,,,$3.09,,,$1.60,$7.89,,17,,,,,2003-06-01
12215293,Basketball Cards 2003 Topps Chrome,Jamaal Magloire [Xfractor] #91,,,,$25.00,$28.00,,,,,,,,,,,,,,1,,,,,2003-06-01
146279,Basketball Cards 2003 Topps Chrome,Jamaal Tinsley #68,$1.13,,,$24.99,$27.00,$32.25,$42.00,$19.00,$19.00,,,,$1.19,,,,,,3,,,,,2003-06-01
8740560,Basketball Cards 2003 Topps Chrome,Jamaal Tinsley [Black Refractor] #68,$17.74,,,$29.00,$32.00,,,,,,,$5.00,$19.99,,,,,,6,,,,,2003-06-01
146280,Basketball Cards 2003 Topps Chrome,Jamaal Tinsley [Gold Refractor] #68,$35.08,,,,,,,,,,,$15.60,$38.99,,,,,,2,,,,,2003-06-01
146281,Basketball Cards 2003 Topps Chrome,Jamaal Tinsley [Refractor] #68,$21.50,,,$29.87,$33.00,$57.90,$75.00,$35.00,$35.00,,,$7.20,$23.99,,,,,,8,,,,,2003-06-01
3400965,Basketball Cards 2003 Topps Chrome,Jamaal Tinsley [Xfractor] #68,$13.60,,,,,,,,,,,$3.80,$14.99,,,,,,1,,,,,2003-06-01
146214,Basketball Cards 2003 Topps Chrome,Jamal Crawford #50,$1.34,,$15.00,$17.00,$19.00,$79.99,$104.00,$48.00,$48.00,,,,$1.49,,,$4.30,$16.99,,8,,,,,2003-06-01
12215151,Basketball Cards 2003 Topps Chrome,Jamal Crawford [Black Refractor] #50,$14.05,,$39.38,,,,,,,,,$3.80,$14.99,,,$17.20,$42.99,,2,,,,,2003-06-01
146215,Basketball Cards 2003 Topps Chrome,Jamal Crawford [Gold Refractor] #50,$97.46,,$22.09,$70.44,$77.00,,,,,,,$53.50,$107.00,,,$7.20,$23.99,,6,,,,,2003-06-01
146216,Basketball Cards 2003 Topps Chrome,Jamal Crawford [Refractor] #50,$5.29,,$4.63,$31.42,$40.00,$152.50,$198.00,$92.00,$92.00,,,$1.20,$5.79,,,$1.00,$5.09,,16,,,,,2003-06-01
146217,Basketball Cards 2003 Topps Chrome,Jamal Crawford [Xfractor] #50,$23.73,,,$19.50,$21.00,,,,,,,$7.80,$25.99,,,,,,2,,,,,2003-06-01
146236,Basketball Cards 2003 Topps Chrome,Jamal Mashburn #56,$4.77,,,$5.26,$6.00,$65.00,$85.00,$39.00,$39.00,,,$1.10,$5.29,,,,,,4,,,,,2003-06-01
12215156,Basketball Cards 2003 Topps Chrome,Jamal Mashburn [Black Refractor] #56,$3.39,,$10.08,$19.14,$33.41,$75.61,$98.00,$45.00,$45.00,,,,$3.69,,,$2.80,$10.99,,53,,,,,2003-06-01
146237,Basketball Cards 2003 Topps Chrome,Jamal Mashburn [Gold Refractor] #56,$58.56,,$57.39,$87.02,$96.00,$112.44,$146.00,$67.00,$67.00,,,$25.60,$63.99,,,$25.20,$62.99,,6,,,,,2003-06-01
146238,Basketball Cards 2003 Topps Chrome,Jamal Mashburn [Refractor] #56,$2.91,$4.34,$9.23,$25.15,$30.00,$31.00,$40.00,$19.00,$19.00,,,,$3.19,$1.00,$4.79,$2.00,$9.99,,28,,,,,2003-06-01
12215270,Basketball Cards 2003 Topps Chrome,Jamal Mashburn [Xfractor] #56,$3.18,,$9.76,$18.57,$32.59,$72.82,$95.00,$44.00,$44.00,,,,$3.49,,,$2.80,$10.99,,46,,,,,2003-06-01
146614,Basketball Cards 2003 Topps Chrome,James Jones #152,$1.78,,$6.99,$20.49,$23.00,$29.99,$39.00,$18.00,$18.00,,,,$1.99,,,$1.50,$7.69,,8,,,,,2003-06-01
12215211,Basketball Cards 2003 Topps Chrome,James Jones [Black Refractor] #152,$16.47,,,$25.00,$28.00,,,,,,,$4.50,$17.99,,,,,,9,,,,,2003-06-01
146615,Basketball Cards 2003 Topps Chrome,James Jones [Gold Refractor] #152,$97.37,,$130.00,$143.00,$157.00,,,,,,,$53.50,$107.00,,,$71.50,$143.00,,3,,,,,2003-06-01
146616,Basketball Cards 2003 Topps Chrome,James Jones [Refractor] #152,$4.99,$5.03,$12.48,$32.50,$39.72,$89.50,$116.00,$54.00,$54.00,,,$1.10,$5.49,$1.10,$5.49,$3.50,$13.99,,16,,,,,2003-06-01
12215322,Basketball Cards 2003 Topps Chrome,James Jones [Xfractor] #152,,,,,,,,,,,,,,,,,,,0,,,,,2003-06-01
146640,Basketball Cards 2003 Topps Chrome,James Lang #159,$1.57,,,$1.25,$1.00,$34.40,$45.00,$21.00,$21.00,,,,$1.69,,,,,,4,,,,,2003-06-01
12215217,Basketball Cards 2003 Topps Chrome,James Lang [Black Refractor] #159,,,,,,,,,,,,,,,,,,,0,,,,,2003-06-01
146641,Basketball Cards 2003 Topps Chrome,James Lang [Gold Refractor] #159,$107.55,,,$100.00,$110.00,$671.94,$874.00,$403.00,$403.00,,,$59.00,$118.00,,,,,,20,,,,,2003-06-01
146642,Basketball Cards 2003 Topps Chrome,James Lang [Refractor] #159,$3.00,,$7.27,$15.21,$31.89,$199.99,$260.00,$120.00,$120.00,,,,$3.29,,,$1.60,$7.99,,15,,,,,2003-06-01
11236229,Basketball Cards 2003 Topps Chrome,James Lang [Xfractor] #159,$1.25,,,,,,,,,,,,$1.39,,,,,,1,,,,,2003-06-01
146471,Basketball Cards 2003 Topps Chrome,Jarvis Hayes #120,$1.94,,$5.99,$9.99,$11.00,$13.40,$17.00,$8.00,$8.00,,,,$2.09,,,$1.30,$6.59,,6,,,,,2003-06-01
146472,Basketball Cards 2003 Topps Chrome,Jarvis Hayes [Black Refractor] #120,$4.71,,,$18.26,$35.00,$125.00,$163.00,$75.00,$75.00,,,$1.00,$5.19,,,,,,9,,,,,2003-06-01
146473,Basketball Cards 2003 Topps Chrome,Jarvis Hayes [Gold Refractor] #120,$26.13,,,$99.99,$110.00,,,,,,,$8.70,$28.99,,,,,,2,,,,,2003-06-01
146474,Basketball Cards 2003 Topps Chrome,Jarvis Hayes [Refractor] #120,$2.96,$5.01,$9.40,$10.00,$12.00,$12.00,$16.00,$7.00,$7.00,,,,$3.29,$1.10,$5.49,$2.00,$9.99,,11,,,,,2003-06-01
146475,Basketball Cards 2003 Topps Chrome,Jarvis Hayes [Xfractor] #120,$5.50,,,$25.00,$28.00,$39.88,$52.00,$24.00,$24.00,,,$1.20,$6.09,,,,,,3,,,,,2003-06-01
146571,Basketball Cards 2003 Topps Chrome,Jason Kapono #141,$1.40,,,$15.50,$17.00,$39.23,$51.00,$24.00,$24.00,,,,$1.49,,,,,,6,,,,,2003-06-01
12215202,Basketball Cards 2003 Topps Chrome,Jason Kapono [Black Refractor] #141,$6.99,,,,,,,,,,,$1.50,$7.69,,,,,,19,,,,,2003-06-01
146572,Basketball Cards 2003 Topps Chrome,Jason Kapono [Gold Refractor] #141,$35.97,,,,,,,,,,,$16.00,$39.99,,,,,,1,,,,,2003-06-01
146573,Basketball Cards 2003 Topps Chrome,Jason Kapono [Refractor] #141,$4.04,$0.99,$15.51,$36.00,$36.04,$157.50,$205.00,$95.00,$95.00,,,$0.90,$4.39,,$1.09,$4.30,$16.99,,15,,,,,2003-06-01
146574,Basketball Cards 2003 Topps Chrome,Jason Kapono [Xfractor] #141,$21.25,,,$24.24,$27.00,,,,,,,$6.90,$22.99,,,,,,2,,,,,2003-06-01
146046,Basketball Cards 2003 Topps Chrome,Jason Kidd #5,$1.46,,$7.00,$10.50,$12.00,$24.99,$32.00,$15.00,$15.00,,,,$1.59,,,$1.50,$7.69,,6,,,,,2003-06-01
2382659,Basketball Cards 2003 Topps Chrome,Jason Kidd [Black Refractor] #5,$17.23,,,$104.64,$115.00,$195.00,$254.00,$117.00,$117.00,,,$4.80,$18.99,,,,,,9,,,,,2003-06-01
146047,Basketball Cards 2003 Topps Chrome,Jason Kidd [Gold Refractor] #5,$100.00,,,$253.78,$279.00,$1333.88,$1734.00,$800.00,$800.00,,,$55.00,$110.00,,,,,,4,,,,,2003-06-01
146048,Basketball Cards 2003 Topps Chrome,Jason Kidd [Refractor] #5,$7.19,,$15.80,$34.85,$48.53,$82.51,$107.00,$50.00,$50.00,,,$1.60,$7.89,,,$4.30,$16.99,,13,,,,,2003-06-01
146049,Basketball Cards 2003 Topps Chrome,Jason Kidd [Xfractor] #5,$30.32,,$20.50,,,,,,,,,$9.90,$32.99,,,$6.90,$22.99,,2,,,,,2003-06-01
146116,Basketball Cards 2003 Topps Chrome,Jason Richardson #23,$1.34,,$24.40,$27.00,$30.00,,,,,,,,$1.49,,,$8.10,$26.99,,5,,,,,2003-06-01
12215134,Basketball Cards 2003 Topps Chrome,Jason Richardson [Black Refractor] #23,,,$26.75,,,,,,,,,,,,,$8.70,$28.99,,1,,,,,2003-06-01
146117,Basketball Cards 2003 Topps Chrome,Jason Richardson [Gold Refractor] #23,$79.68,,$85.00,$107.33,$118.00,$375.00,$488.00,$225.00,$225.00,,,$35.20,$87.99,,,$37.60,$93.99,,7,,,,,2003-06-01
146118,Basketball Cards 2003 Topps Chrome,Jason Richardson [Refractor] #23,$4.75,$5.00,$6.50,$37.50,$38.79,$115.00,$150.00,$69.00,$69.00,,,$1.00,$5.19,$1.10,$5.49,$1.40,$7.19,,20,,,,,2003-06-01
146119,Basketball Cards 2003 Topps Chrome,Jason Richardson [Xfractor] #23,$12.00,,$21.85,$33.00,$36.00,,,,,,,$3.30,$12.99,,,$7.20,$23.99,,4,,,,,2003-06-01
146197,Basketball Cards 2003 Topps Chrome,Jason Terry #45,$0.99,,$2.76,$12.81,$14.00,$15.00,$20.00,$9.00,$9.00,,,,$1.09,,,,$2.99,,5,,,,,2003-06-01
12215147,Basketball Cards 2003 Topps Chrome,Jason Terry [Black Refractor] #45,$6.99,,,,,,,,,,,$1.50,$7.69,,,,,,1,,,,,2003-06-01
146198,Basketball Cards 2003 Topps Chrome,Jason Terry [Gold Refractor] #45,$77.94,,,$145.00,$160.00,,,,,,,$34.40,$85.99,,,,,,4,,,,,2003-06-01
146199,Basketball Cards 2003 Topps Chrome,Jason Terry [Refractor] #45,$4.27,,$6.50,$28.50,$36.92,$135.00,$176.00,$81.00,$81.00,,,$0.90,$4.69,,,$1.40,$7.19,,15,,,,,2003-06-01
12215261,Basketball Cards 2003 Topps Chrome,Jason Terry [Xfractor] #45,$30.15,,,,,,,,,,,$9.90,$32.99,,,,,,1,,,,,2003-06-01
146265,Basketball Cards 2003 Topps Chrome,Jason Williams #64,$2.20,,$17.81,$19.00,$28.76,$40.00,$52.00,$24.00,$24.00,,,,$2.39,,,$5.00,$19.99,,10,,,,,2003-06-01
3178885,Basketball Cards 2003 Topps Chrome,Jason Williams [Black Refractor] #64,$45.00,,$67.00,$123.50,$198.02,$260.00,$338.00,$156.00,$156.00,,,$20.00,$49.99,,,$29.60,$73.99,,12,,,,,2003-06-01
146266,Basketball Cards 2003 Topps Chrome,Jason Williams [Gold Refractor] #64,$174.99,,,$290.00,$319.00,,,,,,,$96.00,$192.00,,,,,,4,,,,,2003-06-01
146267,Basketball Cards 2003 Topps Chrome,Jason Williams [Refractor] #64,$16.92,,$30.33,$41.15,$49.99,$200.00,$260.00,$120.00,$120.00,,,$4.80,$18.99,,,$9.90,$32.99,,27,,,,,2003-06-01
3178893,Basketball Cards 2003 Topps Chrome,Jason Williams [Xfractor] #64,$67.81,,,$49.04,$54.00,$360.00,$468.00,$216.00,$216.00,,,$30.00,$74.99,,,,,,5,,,,,2003-06-01
146055,Basketball Cards 2003 Topps Chrome,Jermaine O'Neal #7,$1.95,$7.00,$8.60,$9.00,$10.00,$62.61,$81.00,$38.00,$38.00,,,,$2.19,$1.50,$7.69,$1.90,$9.49,,7,,,,,2003-06-01
12215125,Basketball Cards 2003 Topps Chrome,Jermaine O'Neal [Black Refractor] #7,$24.99,,$42.44,$113.61,$118.92,$366.46,$476.00,$220.00,$220.00,,,$8.10,$26.99,,,$18.80,$46.99,,7,,,,,2003-06-01
146057,Basketball Cards 2003 Topps Chrome,Jermaine O'Neal [Gold Refractor] #7,$94.84,,$89.80,$160.00,$176.00,,,,,,,$52.00,$104.00,,,$39.60,$98.99,,6,,,,,2003-06-01
146056,Basketball Cards 2003 Topps Chrome,Jermaine O'Neal [Refractor] #7,$4.67,,$6.30,$35.00,$38.71,$174.50,$227.00,$105.00,$105.00,,,$1.00,$5.09,,,$1.40,$6.89,,15,,,,,2003-06-01
12215243,Basketball Cards 2003 Topps Chrome,Jermaine O'Neal [Xfractor] #7,$36.00,,,$31.00,$34.00,,,,,,,$16.00,$39.99,,,,,,2,,,,,2003-06-01
146580,Basketball Cards 2003 Topps Chrome,Jerome Beasley #143,$1.89,,,$20.32,$22.00,$78.33,$102.00,$47.00,$47.00,,,,$2.09,,,,,,6,,,,,2003-06-01
12215204,Basketball Cards 2003 Topps Chrome,Jerome Beasley [Black Refractor] #143,$6.19,,$14.27,$26.68,$44.49,$113.29,$147.00,$68.00,$68.00,,,$1.40,$6.79,,,$4.00,$15.99,,14,,,,,2003-06-01
12215225,Basketball Cards 2003 Topps Chrome,Jerome Beasley [Gold Refractor] #143,$27.00,,,$150.00,$165.00,,,,,,,$9.00,$29.99,,,,,,2,,,,,2003-06-01
146581,Basketball Cards 2003 Topps Chrome,Jerome Beasley [Refractor] #143,$5.90,,$0.99,$8.94,$32.47,$95.00,$124.00,$57.00,$57.00,,,$1.30,$6.49,,,,$1.09,,18,,,,,2003-06-01
12215316,Basketball Cards 2003 Topps Chrome,Jerome Beasley [Xfractor] #143,,,,,,,,,,,,,,,,,,,0,,,,,2003-06-01
146222,Basketball Cards 2003 Topps Chrome,Jerry Stackhouse #52,$4.36,,,$6.05,$7.00,$55.13,$72.00,$33.00,$33.00,,,$1.00,$4.79,,,,,,5,,,,,2003-06-01
12215152,Basketball Cards 2003 Topps Chrome,Jerry Stackhouse [Black Refractor] #52,$9.41,,$19.08,$35.33,$57.18,$156.42,$203.00,$94.00,$94.00,,,$2.00,$9.99,,,$6.30,$20.99,,8,,,,,2003-06-01
146223,Basketball Cards 2003 Topps Chrome,Jerry Stackhouse [Gold Refractor] #52,$59.57,,,$89.88,$99.00,,,,,,,$26.40,$65.99,,,,,,3,,,,,2003-06-01
146224,Basketball Cards 2003 Topps Chrome,Jerry Stackhouse [Refractor] #52,$3.82,$12.00,$17.86,$23.75,$35.12,$75.00,$98.00,$45.00,$45.00,,,$0.80,$4.19,$3.30,$12.99,$5.00,$19.99,,16,,,,,2003-06-01
12215265,Basketball Cards 2003 Topps Chrome,Jerry Stackhouse [Xfractor] #52,$20.00,,,,,,,,,,,$6.60,$21.99,,,,,,1,,,,,2003-06-01
146191,Basketball Cards 2003 Topps Chrome,Joe Smith #43,$1.49,,$2.75,$3.00,$3.00,$49.95,$65.00,$30.00,$30.00,,,,$1.59,,,,$2.99,,5,,,,,2003-06-01
12215144,Basketball Cards 2003 Topps Chrome,Joe Smith [Black Refractor] #43,$9.99,,,,,,,,,,,$2.80,$10.99,,,,,,1,,,,,2003-06-01
146192,Basketball Cards 2003 Topps Chrome,Joe Smith [Gold Refractor] #43,$27.05,,$56.81,$113.44,$125.00,,,,,,,$9.00,$29.99,,,$24.80,$61.99,,4,,,,,2003-06-01
146193,Basketball Cards 2003 Topps Chrome,Joe Smith [Refractor] #43,$2.25,,$3.25,$7.50,$28.90,$75.36,$98.00,$45.00,$45.00,,,,$2.49,,,,$3.59,,17,,,,,2003-06-01
12215259,Basketball Cards 2003 Topps Chrome,Joe Smith [Xfractor] #43,$9.99,,$19.94,$36.87,$59.43,$164.06,$213.00,$98.00,$98.00,,,$2.80,$10.99,,,$6.60,$21.99,,14,,,,,2003-06-01
146622,Basketball Cards 2003 Topps Chrome,Jon Stefansson #154,$2.87,,,$11.50,$13.00,$29.99,$39.00,$18.00,$18.00,,,,$3.19,,,,,,5,,,,,2003-06-01
12215213,Basketball Cards 2003 Topps Chrome,Jon Stefansson [Black Refractor] #154,$12.49,,$23.67,$43.56,$69.23,$197.33,$257.00,$118.00,$118.00,,,$3.50,$13.99,,,$7.80,$25.99,,12,,,,,2003-06-01
146623,Basketball Cards 2003 Topps Chrome,Jon Stefansson [Gold Refractor] #154,$14.75,,,$154.70,$170.00,,,,,,,$4.00,$15.99,,,,,,2,,,,,2003-06-01
12220091,Basketball Cards 2003 Topps Chrome,Jon Stefansson [Icelandic Black Refractor] #154,$19.99,,,,,,,,,,,$6.60,$21.99,,,,,,1,,,,,2003-06-01
12220092,Basketball Cards 2003 Topps Chrome,Jon Stefansson [Icelandic Gold Refractor] #154,,,,,,,,,,,,,,,,,,,0,,,,,2003-06-01
12220090,Basketball Cards 2003 Topps Chrome,Jon Stefansson [Icelandic Refractor] #154,,,,,,,,,,,,,,,,,,,0,,,,,2003-06-01
12220093,Basketball Cards 2003 Topps Chrome,Jon Stefansson [Icelandic Xfractor] #154,$50.00,,,,,,,,,,,$22.00,$54.99,,,,,,1,,,,,2003-06-01
146624,Basketball Cards 2003 Topps Chrome,Jon Stefansson [Icelandic] #154,$3.64,,,$5.41,$6.00,$66.60,$87.00,$40.00,$40.00,,,$0.80,$3.99,,,,,,4,,,,,2003-06-01
146625,Basketball Cards 2003 Topps Chrome,Jon Stefansson [Refractor] #154,$2.50,,$21.25,,,$120.00,$156.00,$72.00,$72.00,,,,$2.79,,,$6.90,$22.99,,8,,,,,2003-06-01
146626,Basketball Cards 2003 Topps Chrome,Jon Stefansson [Xfractor] #154,$2.55,,,,,,,,,,,,$2.79,,,,,,1,,,,,2003-06-01
146152,Basketball Cards 2003 Topps Chrome,Jonathan Bender #33,$2.47,,$3.02,$3.00,$3.00,$16.91,$22.00,$10.00,$10.00,,,,$2.69,,,,$3.29,,5,,,,,2003-06-01
12215140,Basketball Cards 2003 Topps Chrome,Jonathan Bender [Black Refractor] #33,,,,,,,,,,,,,,,,,,,0,,,,,2003-06-01
146153,Basketball Cards 2003 Topps Chrome,Jonathan Bender [Gold Refractor] #33,$5.63,,$53.94,$59.00,$65.00,,,,,,,$1.20,$6.19,,,$23.60,$58.99,,3,,,,,2003-06-01
146154,Basketball Cards 2003 Topps Chrome,Jonathan Bender [Refractor] #33,$2.50,,$6.12,$7.00,$29.88,$149.65,$195.00,$90.00,$90.00,,,,$2.79,,,$1.30,$6.69,,13,,,,,2003-06-01
12215255,Basketball Cards 2003 Topps Chrome,Jonathan Bender [Xfractor] #33,$19.99,,,,,,,,,,,$6.60,$21.99,,,,,,1,,,,,2003-06-01
146563,Basketball Cards 2003 Topps Chrome,Josh Howard #139,$1.97,,$6.39,$7.00,$8.00,$30.23,$39.00,$18.00,$18.00,,,,$2.19,,,$1.40,$6.99,,13,,,,,2003-06-01
146564,Basketball Cards 2003 Topps Chrome,Josh Howard [Black Refractor] #139,$10.50,,$13.50,$38.00,$115.24,$299.99,$253.75,$180.00,$180.00,,,$3.00,$11.99,,,$3.80,$14.99,,9,,,,,2003-06-01
146565,Basketball Cards 2003 Topps Chrome,Josh Howard [Gold Refractor] #139,$97.75,,,$76.00,$101.38,,,,,,,$54.00,$108.00,,,,,,3,,,,,2003-06-01
146566,Basketball Cards 2003 Topps Chrome,Josh Howard [Refractor] #139,$1.23,,$6.84,$13.81,$17.52,$55.00,$72.00,$33.00,$33.00,,,,$1.39,,,$1.50,$7.49,,13,,,,,2003-06-01
146567,Basketball Cards 2003 Topps Chrome,Josh Howard [Xfractor] #139,$8.88,,,$11.61,$15.65,$113.73,$148.00,$68.00,$68.00,,,$2.00,$9.79,,,,,,5,,,,,2003-06-01
146630,Basketball Cards 2003 Topps Chrome,Josh Moore #156,$1.95,,,$6.80,$7.00,$50.00,$65.00,$30.00,$30.00,,,,$2.19,,,,,,3,,,,,2003-06-01
12215215,Basketball Cards 2003 Topps Chrome,Josh Moore [Black Refractor] #156,$7.19,,$15.77,$29.39,$48.47,$126.86,$165.00,$76.00,$76.00,,,$1.60,$7.89,,,$4.30,$16.99,,17,,,,,2003-06-01
146631,Basketball Cards 2003 Topps Chrome,Josh Moore [Gold Refractor] #156,$74.79,,$100.00,$110.00,$121.00,$140.00,$182.00,$84.00,$84.00,,,$32.80,$81.99,,,$55.00,$110.00,,4,,,,,2003-06-01
146632,Basketball Cards 2003 Topps Chrome,Josh Moore [Refractor] #156,$4.81,,$6.50,$8.49,$39.15,$51.00,$66.00,$31.00,$31.00,,,$1.10,$5.29,,,$1.40,$7.19,,10,,,,,2003-06-01
146633,Basketball Cards 2003 Topps Chrome,Josh Moore [Xfractor] #156,$5.50,,,,,,,,,,,$1.20,$6.09,,,,,,1,,,,,2003-06-01
146248,Basketball Cards 2003 Topps Chrome,Juwan Howard #59,$1.59,,$6.41,$13.87,$15.00,$57.19,$74.00,$34.00,$34.00,,,,$1.79,,,$1.40,$7.09,,5,,,,,2003-06-01
146246,Basketball Cards 2003 Topps Chrome,Juwan Howard [Black Refractor] #59,$4.13,,,,,$15.50,$20.00,$9.00,$9.00,,,$0.90,$4.49,,,,,,2,,,,,2003-06-01
10983991,Basketball Cards 2003 Topps Chrome,Juwan Howard [Gold Refractor] #59,$30.00,,$80.00,$150.00,$165.00,,,,,,,$9.90,$32.99,,,$35.20,$87.99,,3,,,,,2003-06-01
146249,Basketball Cards 2003 Topps Chrome,Juwan Howard [Refractor] #59,$1.98,,$16.48,$25.00,$27.83,$95.00,$124.00,$57.00,$57.00,,,,$2.19,,,$4.50,$17.99,,18,,,,,2003-06-01
12215268,Basketball Cards 2003 Topps Chrome,Juwan Howard [Xfractor] #59,$8.99,,,,,,,,,,,$2.00,$9.89,,,,,,1,,,,,2003-06-01
146149,Basketball Cards 2003 Topps Chrome,Karl Malone #32,$1.62,,$4.25,$35.00,$39.00,$42.00,$55.00,$25.00,$25.00,,,,$1.79,,,$0.90,$4.69,,10,,,,,2003-06-01
12215138,Basketball Cards 2003 Topps Chrome,Karl Malone [Black Refractor] #32,$27.59,,$36.53,$84.44,$129.29,$401.81,$522.00,$241.00,$241.00,,,$9.00,$29.99,,,$16.00,$39.99,,11,,,,,2003-06-01
146150,Basketball Cards 2003 Topps Chrome,Karl Malone [Gold Refractor] #32,$95.00,,$169.00,$220.00,$242.00,,,,,,,$52.50,$105.00,,,$93.00,$186.00,,5,,,,,2003-06-01
146151,Basketball Cards 2003 Topps Chrome,Karl Malone [Refractor] #32,$8.15,,$14.50,$50.25,$51.99,$138.82,$180.00,$83.00,$83.00,,,$1.80,$8.99,,,$4.00,$15.99,,22,,,,,2003-06-01
161241,Basketball Cards 2003 Topps Chrome,Karl Malone [Xfractor] #32,$33.76,,,$100.00,$110.00,$260.00,$338.00,$156.00,$156.00,,,$14.80,$36.99,,,,,,5,,,,,2003-06-01
146609,Basketball Cards 2003 Topps Chrome,Keith Bogans #150,$1.95,,$7.85,$16.19,$27.52,$32.00,$42.00,$19.00,$19.00,,,,$2.19,,,$1.70,$8.59,,8,,,,,2003-06-01
12215210,Basketball Cards 2003 Topps Chrome,Keith Bogans [Black Refractor] #150,$7.99,,,,,,,,,,,$1.80,$8.79,,,,,,1,,,,,2003-06-01
12215227,Basketball Cards 2003 Topps Chrome,Keith Bogans [Gold Refractor] #150,,,,,,,,,,,,,,,,,,,0,,,,,2003-06-01
146610,Basketball Cards 2003 Topps Chrome,Keith Bogans [Refractor] #150,$4.52,$4.00,$5.09,$73.26,$81.00,$124.50,$162.00,$75.00,$75.00,,,$1.00,$4.99,$0.90,$4.39,$1.10,$5.59,,19,,,,,2003-06-01
12215320,Basketball Cards 2003 Topps Chrome,Keith Bogans [Xfractor] #150,$19.99,,,,,,,,,,,$6.60,$21.99,,,,,,1,,,,,2003-06-01
146656,Basketball Cards 2003 Topps Chrome,Keith McLeod #163,$1.49,,$4.25,$22.50,$25.00,$50.00,$65.00,$30.00,$30.00,,,,$1.59,,,$0.90,$4.69,,7,,,,,2003-06-01
146657,Basketball Cards 2003 Topps Chrome,Keith McLeod [Gold Refractor] #163,$40.00,,,,,$420.00,$546.00,$252.00,$252.00,,,$17.60,$43.99,,,,,,3,,,,,2003-06-01
146658,Basketball Cards 2003 Topps Chrome,Keith McLeod [Refractor] #163,$3.01,,$10.50,$23.78,$32.19,$80.33,$104.00,$48.00,$48.00,,,,$3.29,,,$3.00,$11.99,,16,,,,,2003-06-01
12215218,Basketball Cards 2003 Topps Chrome,Keith Mcleod [Black Refractor] #163,$9.00,,$18.49,$34.28,$55.66,$151.30,$197.00,$91.00,$91.00,,,$2.00,$9.89,,,$5.00,$19.99,,9,,,,,2003-06-01
12215326,Basketball Cards 2003 Topps Chrome,Keith Mcleod [Xfractor] #163,,,,,,,,,,,,,,,,,,,0,,,,,2003-06-01
146402,Basketball Cards 2003 Topps Chrome,Keith Van Horn #104,$3.83,,$3.25,$5.50,$6.00,$15.00,$20.00,$9.00,$9.00,,,$0.80,$4.19,,,,$3.59,,7,,,,,2003-06-01
12215189,Basketball Cards 2003 Topps Chrome,Keith Van Horn [Black Refractor] #104,,,,,,,,,,,,,,,,,,,0,,,,,2003-06-01
146403,Basketball Cards 2003 Topps Chrome,Keith Van Horn [Gold Refractor] #104,$7.51,,$19.00,$25.10,$28.00,$461.00,$599.00,$277.00,$277.00,,,$1.70,$8.29,,,$6.30,$20.99,,4,,,,,2003-06-01
146404,Basketball Cards 2003 Topps Chrome,Keith Van Horn [Refractor] #104,$3.67,,$3.08,$6.83,$27.27,$35.99,$47.00,$22.00,$22.00,,,$0.80,$3.99,,,,$3.39,,15,,,,,2003-06-01
12215302,Basketball Cards 2003 Topps Chrome,Keith Van Horn [Xfractor] #104,,,,,,,,,,,,,,,,,,,0,,,,,2003-06-01
146554,Basketball Cards 2003 Topps Chrome,Kendrick Perkins #137,$1.99,,$7.98,$8.89,$27.88,$59.00,$77.00,$35.00,$35.00,,,,$2.19,,,$1.80,$8.79,,22,,,,,2003-06-01
12215203,Basketball Cards 2003 Topps Chrome,Kendrick Perkins [Black Refractor] #137,$20.00,,,,,,,,,,,$6.60,$21.99,,,,,,1,,,,,2003-06-01
146555,Basketball Cards 2003 Topps Chrome,Kendrick Perkins [Gold Refractor] #137,$99.88,,$90.00,$103.25,$114.00,,,,,,,$55.00,$110.00,,,$39.60,$98.99,,3,,,,,2003-06-01
146556,Basketball Cards 2003 Topps Chrome,Kendrick Perkins [Refractor] #137,$5.99,$7.02,$12.95,$19.50,$39.04,$82.67,$107.00,$50.00,$50.00,,,$1.30,$6.59,$1.50,$7.69,$3.50,$13.99,,18,,,,,2003-06-01
12215314,Basketball Cards 2003 Topps Chrome,Kendrick Perkins [Xfractor] #137,$19.97,,,,,,,,,,,$6.60,$21.99,,,,,,1,,,,,2003-06-01
146294,Basketball Cards 2003 Topps Chrome,Kenny Thomas #73,$1.80,,,$4.39,$5.00,$6.50,$8.00,$4.00,$4.00,,,,$1.99,,,,,,4,,,,,2003-06-01
146295,Basketball Cards 2003 Topps Chrome,Kenny Thomas [Black Refractor] #73,$7.20,,$3.28,$27.73,$31.00,,,,,,,$1.60,$7.89,,,,$3.59,,7,,,,,2003-06-01
146296,Basketball Cards 2003 Topps Chrome,Kenny Thomas [Gold Refractor] #73,$3.25,,$3.58,$78.00,$86.00,,,,,,,,$3.59,,,$0.80,$3.89,,3,,,,,2003-06-01
146297,Basketball Cards 2003 Topps Chrome,Kenny Thomas [Refractor] #73,$2.29,,$13.63,$39.19,$43.00,$74.93,$97.00,$45.00,$45.00,,,,$2.49,,,$3.80,$14.99,,20,,,,,2003-06-01
12215279,Basketball Cards 2003 Topps Chrome,Kenny Thomas [Xfractor] #73,$4.99,,,,,,,,,,,$1.10,$5.49,,,,,,1,,,,,2003-06-01
146096,Basketball Cards 2003 Topps Chrome,Kenyon Martin #18,$3.45,,,$1.58,$2.00,$47.50,$62.00,$29.00,$29.00,,,$0.80,$3.79,,,,,,4,,,,,2003-06-01
12215131,Basketball Cards 2003 Topps Chrome,Kenyon Martin [Black Refractor] #18,$15.00,,,$50.00,$55.00,,,,,,,$4.30,$16.99,,,,,,5,,,,,2003-06-01
146097,Basketball Cards 2003 Topps Chrome,Kenyon Martin [Gold Refractor] #18,$65.00,,,$109.65,$121.00,,,,,,,$28.80,$71.99,,,,,,4,,,,,2003-06-01
146098,Basketball Cards 2003 Topps Chrome,Kenyon Martin [Refractor] #18,$4.43,,$8.75,$22.50,$36.49,$52.00,$68.00,$31.00,$31.00,,,$1.00,$4.89,,,$1.90,$9.59,,12,,,,,2003-06-01
12215250,Basketball Cards 2003 Topps Chrome,Kenyon Martin [Xfractor] #18,$20.00,,,,,,,,,,,$6.60,$21.99,,,,,,1,,,,,2003-06-01
146332,Basketball Cards 2003 Topps Chrome,Keon Clark #85,$1.87,$0.99,,$5.55,$6.00,$87.86,$114.00,$53.00,$53.00,,,,$2.09,,$1.09,,,,5,,,,,2003-06-01
146333,Basketball Cards 2003 Topps Chrome,Keon Clark [Black Refractor] #85,$8.72,,$19.99,$26.50,$29.00,,,,,,,$1.90,$9.59,,,$6.60,$21.99,,6,,,,,2003-06-01
146334,Basketball Cards 2003 Topps Chrome,Keon Clark [Gold Refractor] #85,$79.25,,$22.49,$82.50,$91.00,,,,,,,$34.80,$86.99,,,$7.50,$24.99,,3,,,,,2003-06-01
146335,Basketball Cards 2003 Topps Chrome,Keon Clark [Refractor] #85,$2.25,$6.00,$7.07,$35.00,$39.00,$134.95,$175.00,$81.00,$81.00,,,,$2.49,$1.30,$6.59,$1.60,$7.79,,10,,,,,2003-06-01
12215328,Basketball Cards 2003 Topps Chrome,Keon Clark [Xfractor] #85,$7.99,,$16.97,$25.00,$51.62,$137.56,$179.00,$83.00,$83.00,,,$1.80,$8.79,,,$4.80,$18.99,,10,,,,,2003-06-01
146386,Basketball Cards 2003 Topps Chrome,Kevin Garnett #100,$1.63,$13.87,$24.49,$27.00,$30.00,$41.99,$55.00,$25.00,$25.00,,,,$1.79,$3.80,$14.99,$8.10,$26.99,,36,,,,,2003-06-01
146387,Basketball Cards 2003 Topps Chrome,Kevin Garnett [Black Refractor] #100,$91.86,,$44.99,$156.16,$383.92,$1268.06,$1648.00,$761.00,$761.00,,,$50.50,$101.00,,,$19.60,$48.99,,10,,,,,2003-06-01
146388,Basketball Cards 2003 Topps Chrome,Kevin Garnett [Gold Refractor] #100,$350.79,,$269.85,$760.00,$836.00,,,,,,,$193.00,$386.00,,,$148.50,$297.00,,3,,,,,2003-06-01
146389,Basketball Cards 2003 Topps Chrome,Kevin Garnett [Refractor] #100,$23.00,,$28.74,$64.93,$114.75,$154.79,$201.00,$93.00,$93.00,,,$7.50,$24.99,,,$9.60,$31.99,,50,,,,,2003-06-01
146390,Basketball Cards 2003 Topps Chrome,Kevin Garnett [Xfractor] #100,$95.00,,$76.00,,,,,,,,,$52.50,$105.00,,,$33.60,$83.99,,6,,,,,2003-06-01
146458,Basketball Cards 2003 Topps Chrome,Kirk Hinrich #117,$1.96,,$7.95,$14.48,$16.00,$50.00,$65.00,$30.00,$30.00,,,,$2.19,,,$1.80,$8.79,,25,,,,,2003-06-01
146459,Basketball Cards 2003 Topps Chrome,Kirk Hinrich [Black Refractor] #117,$35.11,,,$46.50,$107.47,,,,,,,$15.60,$38.99,,,,,,7,,,,,2003-06-01
146460,Basketball Cards 2003 Topps Chrome,Kirk Hinrich [Gold Refractor] #117,$281.89,,,$147.50,$309.52,$434.00,$564.00,$260.00,$260.00,,,$155.00,$310.00,,,,,,4,,,,,2003-06-01
146461,Basketball Cards 2003 Topps Chrome,Kirk Hinrich [Refractor] #117,$9.00,,$33.00,$49.43,$54.00,$120.00,$156.00,$72.00,$29.99,,,$2.00,$9.89,,,$14.40,$35.99,,20,,,,,2003-06-01
146462,Basketball Cards 2003 Topps Chrome,Kirk Hinrich [Xfractor] #117,$38.00,,,,$53.15,,,,,,,$16.80,$41.99,,,,,,2,,,,,2003-06-01
146164,Basketball Cards 2003 Topps Chrome,Kobe Bryant #36,$19.99,$21.50,$28.75,$62.00,$90.00,$310.00,$403.00,$150.00,$88.38,,,$6.60,$21.99,$7.20,$23.99,$9.60,$31.99,,390,,,,,2003-06-01
146165,Basketball Cards 2003 Topps Chrome,Kobe Bryant [Black Refractor] #36,$760.00,$325.00,$850.00,$2199.77,$2420.00,$2640.00,$3432.00,$1584.00,$1584.00,,,$501.60,$836.00,$179.00,$358.00,$561.00,$935.00,,18,,,,,2003-06-01
146166,Basketball Cards 2003 Topps Chrome,Kobe Bryant [Gold Refractor] #36,,,$5499.99,$6411.00,$7052.00,$40724.85,$52942.00,$24435.00,$24435.00,,,,,,,$3630.00,$6050.00,,6,,,,,2003-06-01
146167,Basketball Cards 2003 Topps Chrome,Kobe Bryant [Refractor] #36,$285.00,,$347.50,$629.25,$692.00,$1459.54,$1924.00,$876.00,$876.00,,,$157.00,$314.00,,,$191.00,$382.00,,75,,,,,2003-06-01
146168,Basketball Cards 2003 Topps Chrome,Kobe Bryant [Xfractor] #36,$640.83,,$1100.00,$1257.53,$1383.00,$5413.20,$7037.00,$3248.00,$3248.00,,,$423.00,$705.00,,,$726.00,$1210.00,,9,,,,,2003-06-01
146268,Basketball Cards 2003 Topps Chrome,Kurt Thomas #65,$1.31,,,$6.60,$7.00,$49.99,$65.00,$30.00,$30.00,,,,$1.39,,,,,,3,,,,,2003-06-01
12215159,Basketball Cards 2003 Topps Chrome,Kurt Thomas [Black Refractor] #65,$7.63,,$11.31,$30.58,$50.22,$132.79,$173.00,$80.00,$80.00,,,$1.70,$8.39,,,$3.00,$11.99,,14,,,,,2003-06-01
146269,Basketball Cards 2003 Topps Chrome,Kurt Thomas [Gold Refractor] #65,$46.22,,,$20.50,$23.00,,,,,,,$20.40,$50.99,,,,,,2,,,,,2003-06-01
146270,Basketball Cards 2003 Topps Chrome,Kurt Thomas [Refractor] #65,$2.49,,$8.50,$23.26,$29.86,$89.00,$116.00,$53.00,$53.00,,,,$2.69,,,$1.90,$9.39,,16,,,,,2003-06-01
146271,Basketball Cards 2003 Topps Chrome,Kurt Thomas [Xfractor] #65,$14.95,,,,,,,,,,,$4.00,$15.99,,,,,,1,,,,,2003-06-01
146363,Basketball Cards 2003 Topps Chrome,Kwame Brown #94,$5.74,,,$6.75,$7.00,$19.99,$26.00,$12.00,$12.00,,,$1.30,$6.29,,,,,,4,,,,,2003-06-01
12215182,Basketball Cards 2003 Topps Chrome,Kwame Brown [Black Refractor] #94,,,$5.50,,,$199.99,$260.00,$120.00,$120.00,,,,,,,$1.20,$6.09,,2,,,,,2003-06-01
146364,Basketball Cards 2003 Topps Chrome,Kwame Brown [Gold Refractor] #94,$45.41,,,$70.00,$77.00,$128.75,$167.00,$77.00,$77.00,,,$20.00,$49.99,,,,,,3,,,,,2003-06-01
146365,Basketball Cards 2003 Topps Chrome,Kwame Brown [Refractor] #94,$2.95,,$12.13,$12.59,$29.62,$139.50,$181.00,$84.00,$84.00,,,,$3.29,,,$3.30,$12.99,,19,,,,,2003-06-01
146366,Basketball Cards 2003 Topps Chrome,Kwame Brown [Xfractor] #94,$3.93,,$20.00,$22.50,$25.00,$105.13,$137.00,$63.00,$63.00,,,$0.90,$4.29,,,$6.60,$21.99,,4,,,,,2003-06-01
146617,Basketball Cards 2003 Topps Chrome,Kyle Korver #153,$2.76,$4.25,$19.99,$22.00,$29.85,$39.99,$52.00,$24.00,$24.00,,,,$2.99,$0.90,$4.69,$6.60,$21.99,,32,,,,,2003-06-01
146618,Basketball Cards 2003 Topps Chrome,Kyle Korver [Black Refractor] #153,$41.54,,$92.32,$134.99,$148.00,$476.27,$619.00,$286.00,$286.00,,,$18.40,$45.99,,,$51.00,$102.00,,9,,,,,2003-06-01
146619,Basketball Cards 2003 Topps Chrome,Kyle Korver [Gold Refractor] #153,$719.95,,$624.53,$687.00,$756.00,,,,,,,$475.20,$792.00,,,$412.20,$687.00,,4,,,,,2003-06-01
146620,Basketball Cards 2003 Topps Chrome,Kyle Korver [Refractor] #153,$14.00,,$25.00,$35.85,$65.13,$173.75,$174.99,$104.00,$104.00,,,$3.80,$14.99,,,$8.40,$27.99,,21,,,,,2003-06-01
146621,Basketball Cards 2003 Topps Chrome,Kyle Korver [Xfractor] #153,$88.00,,,$114.95,$126.00,$229.36,$298.00,$138.00,$138.00,,,$38.80,$96.99,,,,,,4,,,,,2003-06-01
146378,Basketball Cards 2003 Topps Chrome,Lamar Odom #98,$3.20,,,$7.50,$8.00,$49.99,$65.00,$30.00,$30.00,,,,$3.49,,,,,,4,,,,,2003-06-01
146379,Basketball Cards 2003 Topps Chrome,Lamar Odom [Black Refractor] #98,$14.33,,$26.13,$39.43,$75.77,$219.60,$285.00,$132.00,$132.00,,,$4.00,$15.99,,,$8.70,$28.99,,11,,,,,2003-06-01
146380,Basketball Cards 2003 Topps Chrome,Lamar Odom [Gold Refractor] #98,$44.39,,$79.99,$83.77,$92.00,,,,,,,$19.60,$48.99,,,$35.20,$87.99,,3,,,,,2003-06-01
146381,Basketball Cards 2003 Topps Chrome,Lamar Odom [Refractor] #98,$2.79,,$25.00,$28.00,$31.02,$247.69,$322.00,$149.00,$149.00,,,,$3.09,,,$8.40,$27.99,,20,,,,,2003-06-01
12215298,Basketball Cards 2003 Topps Chrome,Lamar Odom [Xfractor] #98,$50.00,,,,,,,,,,,$22.00,$54.99,,,,,,1,,,,,2003-06-01
146123,Basketball Cards 2003 Topps Chrome,Latrell Sprewell #25,$1.00,,$0.99,$3.43,$4.00,$100.00,$130.00,$60.00,$60.00,,,,$1.09,,,,$1.09,,9,,,,,2003-06-01
5207199,Basketball Cards 2003 Topps Chrome,Latrell Sprewell #25 (Black Refractor),$4.93,,,$32.51,$36.00,,,,,,,$1.10,$5.39,,,,,,2,,,,,
146124,Basketball Cards 2003 Topps Chrome,Latrell Sprewell [Gold Refractor] #25,$89.88,,,$124.56,$137.00,$203.50,$265.00,$122.00,$122.00,,,$39.60,$98.99,,,,,,4,,,,,2003-06-01
146125,Basketball Cards 2003 Topps Chrome,Latrell Sprewell [Refractor] #25,$3.99,,$6.50,$19.41,$35.77,$150.00,$195.00,$90.00,$90.00,,,$0.90,$4.39,,,$1.40,$7.19,,12,,,,,2003-06-01
12215252,Basketball Cards 2003 Topps Chrome,Latrell Sprewell [Xfractor] #25,,,,,,,,,,,,,,,,,,,0,,,,,2003-06-01
146424,Basketball Cards 2003 Topps Chrome,LeBron James #111,$1950.93,$1560.13,$2301.00,$4106.32,$5528.22,$14372.50,$12600.00,$8624.00,$8624.00,,,$1287.60,$2146.00,$1029.60,$1716.00,$1518.60,$2531.00,,1307,,,,,2003-06-01
146425,Basketball Cards 2003 Topps Chrome,LeBron James [Black Refractor] #111,$1091.01,$12239.80,$22407.29,$39327.57,$168600.00,$480000.00,$624000.00,$288000.00,$288000.00,,,$720.00,$1200.00,$8078.40,$13464.00,$14788.80,$24648.00,,16,,,,,2003-06-01
146426,Basketball Cards 2003 Topps Chrome,LeBron James [Gold Refractor] #111,$99.99,,$384000.00,$422400.00,$464640.00,$506880.00,$658944.00,$304128.00,$304128.00,,,$55.00,$110.00,,,$253440.00,$422400.00,,5,,,,,2003-06-01
146427,Basketball Cards 2003 Topps Chrome,LeBron James [Refractor] #111,$9131.99,$11488.67,$11599.99,$16447.25,$19809.60,$36707.25,$58893.31,$22024.00,$22024.00,,,$6027.00,$10045.00,$7582.80,$12638.00,$7656.00,$12760.00,,90,,,,,2003-06-01
146428,Basketball Cards 2003 Topps Chrome,LeBron James [Xfractor] #111,$32100.00,,$14425.00,$24700.00,$27170.00,,,,,,,$21186.00,$35310.00,,,$9520.80,$15868.00,,6,,,,,2003-06-01
146557,Basketball Cards 2003 Topps Chrome,Leandro Barbosa #138,$1.09,,,$16.46,$18.00,$67.19,$87.00,$40.00,$40.00,,,,$1.19,,,,,,7,,,,,2003-06-01
146558,Basketball Cards 2003 Topps Chrome,Leandro Barbosa [Black Refractor] #138,$25.00,,,$38.38,$74.75,,,,,,,$8.40,$27.99,,,,,,6,,,,,2003-06-01
146559,Basketball Cards 2003 Topps Chrome,Leandro Barbosa [Gold Refractor] #138,$40.00,,,,,,,,,,,$17.60,$43.99,,,,,,1,,,,,2003-06-01
12215090,Basketball Cards 2003 Topps Chrome,Leandro Barbosa [Portuguese Black Refractor] #138,$18.74,,,,,,,,,,,$6.30,$20.99,,,,,,1,,,,,2003-06-01
12215092,Basketball Cards 2003 Topps Chrome,Leandro Barbosa [Portuguese Gold Refractor] #138,,,,,,,,,,,,,,,,,,,0,,,,,2003-06-01
12215093,Basketball Cards 2003 Topps Chrome,Leandro Barbosa [Portuguese Refractor] #138,$26.00,,,,,,,,,,,$8.70,$28.99,,,,,,1,,,,,2003-06-01
12215094,Basketball Cards 2003 Topps Chrome,Leandro Barbosa [Portuguese Xfractor] #138,,,,,,,,,,,,,,,,,,,0,,,,,2003-06-01
146560,Basketball Cards 2003 Topps Chrome,Leandro Barbosa [Portuguese] #138,$1.97,,,$39.98,$44.00,$104.84,$136.00,$63.00,$63.00,,,,$2.19,,,,,,6,,,,,2003-06-01
146561,Basketball Cards 2003 Topps Chrome,Leandro Barbosa [Refractor] #138,$3.81,,$10.70,$59.99,$66.00,$96.00,$125.00,$58.00,$58.00,,,$0.80,$4.19,,,$3.00,$11.99,,11,,,,,2003-06-01
146562,Basketball Cards 2003 Topps Chrome,Leandro Barbosa [Xfractor] #138,$20.00,,,,$74.00,$76.00,$99.00,$46.00,$46.00,,,$6.60,$21.99,,,,,,5,,,,,2003-06-01
146648,Basketball Cards 2003 Topps Chrome,Linton Johnson #161,$1.35,,$0.99,$12.37,$14.00,$26.80,$35.00,$16.00,$16.00,,,,$1.49,,,,$1.09,,6,,,,,2003-06-01
12215219,Basketball Cards 2003 Topps Chrome,Linton Johnson [Black Refractor] #161,$9.74,,$19.71,$23.37,$58.80,$161.90,$210.00,$97.00,$97.00,,,$2.80,$10.99,,,$6.60,$21.99,,7,,,,,2003-06-01
146649,Basketball Cards 2003 Topps Chrome,Linton Johnson [Gold Refractor] #161,$17.23,,,,,,,,,,,$4.80,$18.99,,,,,,1,,,,,2003-06-01
146650,Basketball Cards 2003 Topps Chrome,Linton Johnson [Refractor] #161,$4.41,,$4.74,$8.49,$37.44,$89.32,$116.00,$54.00,$54.00,,,$1.00,$4.89,,,$1.00,$5.19,,15,,,,,2003-06-01
12215325,Basketball Cards 2003 Topps Chrome,Linton Johnson [Xfractor] #161,$9.99,,,,,,,,,,,$2.80,$10.99,,,,,,1,,,,,2003-06-01
146491,Basketball Cards 2003 Topps Chrome,Luke Ridnour #124,$1.69,,,$79.99,$88.00,$96.00,$125.00,$58.00,$58.00,,,,$1.89,,,,,,8,,,,,2003-06-01
146492,Basketball Cards 2003 Topps Chrome,Luke Ridnour [Black Refractor] #124,$12.09,$8.00,$10.50,$45.50,$50.00,$150.00,$195.00,$90.00,$90.00,,,$3.30,$12.99,$1.80,$8.79,$3.00,$11.99,,10,,,,,2003-06-01
146493,Basketball Cards 2003 Topps Chrome,Luke Ridnour [Gold Refractor] #124,$124.20,,$41.00,,,,,,,,,$68.50,$137.00,,,$18.00,$44.99,,2,,,,,2003-06-01
146494,Basketball Cards 2003 Topps Chrome,Luke Ridnour [Refractor] #124,$3.95,,$25.00,$34.40,$35.31,$114.61,$149.00,$69.00,$69.00,,,$0.90,$4.39,,,$8.40,$27.99,,14,,,,,2003-06-01
146495,Basketball Cards 2003 Topps Chrome,Luke Ridnour [Xfractor] #124,$35.12,,,$25.00,$28.00,$131.27,$171.00,$79.00,$79.00,,,$15.60,$38.99,,,,,,3,,,,,2003-06-01
146575,Basketball Cards 2003 Topps Chrome,Luke Walton #142,$1.75,,$7.62,$15.25,$20.00,$19.99,$26.00,$12.00,$12.00,,,,$1.89,,,$1.70,$8.39,,11,,,,,2003-06-01
146576,Basketball Cards 2003 Topps Chrome,Luke Walton [Black Refractor] #142,$9.00,,$9.50,$15.21,$17.00,$199.99,$260.00,$120.00,$120.00,,,$2.00,$9.89,,,$2.00,$9.99,,7,,,,,2003-06-01
146577,Basketball Cards 2003 Topps Chrome,Luke Walton [Gold Refractor] #142,$49.99,,,$111.22,$122.00,$867.56,$1128.00,$521.00,$521.00,,,$22.00,$54.99,,,,,,3,,,,,2003-06-01
146578,Basketball Cards 2003 Topps Chrome,Luke Walton [Refractor] #142,$3.00,,$21.75,$39.99,$44.00,$67.51,$80.15,$41.00,$41.00,,,,$3.29,,,$7.20,$23.99,,16,,,,,2003-06-01
146579,Basketball Cards 2003 Topps Chrome,Luke Walton [Xfractor] #142,$22.40,,,$25.00,$28.00,$114.99,$149.00,$69.00,$69.00,,,$7.50,$24.99,,,,,,4,,,,,2003-06-01
146568,Basketball Cards 2003 Topps Chrome,Maciej Lampe #140,$1.34,,,$7.75,$9.00,$50.00,$65.00,$30.00,$30.00,,,,$1.49,,,,,,4,,,,,2003-06-01
12215205,Basketball Cards 2003 Topps Chrome,Maciej Lampe [Black Refractor] #140,$9.99,,$19.97,$50.00,$59.57,$164.61,$214.00,$99.00,$99.00,,,$2.80,$10.99,,,$6.60,$21.99,,18,,,,,2003-06-01
7641140,Basketball Cards 2003 Topps Chrome,Maciej Lampe [Gold Refractor] #140,$249.99,,,$189.38,$208.00,,,,,,,$137.50,$275.00,,,,,,3,,,,,2003-06-01
12215095,Basketball Cards 2003 Topps Chrome,Maciej Lampe [Polish Black Refractor] #140,,,,,,,,,,,,,,,,,,,0,,,,,2003-06-01
12215096,Basketball Cards 2003 Topps Chrome,Maciej Lampe [Polish Gold Refractor] #140,,,,,,,,,,,,,,,,,,,0,,,,,2003-06-01
12215097,Basketball Cards 2003 Topps Chrome,Maciej Lampe [Polish Refractor] #140,,,,,,,,,,,,,,,,,,,0,,,,,2003-06-01
12215098,Basketball Cards 2003 Topps Chrome,Maciej Lampe [Polish Xfractor] #140,,,,,,,,,,,,,,,,,,,0,,,,,2003-06-01
146569,Basketball Cards 2003 Topps Chrome,Maciej Lampe [Polish] #140,$5.10,,,$31.38,$35.00,$73.92,$96.00,$44.00,$44.00,,,$1.10,$5.59,,,,,,4,,,,,2003-06-01
146570,Basketball Cards 2003 Topps Chrome,Maciej Lampe [Refractor] #140,$4.24,$2.00,$2.25,$9.57,$11.00,$113.50,$148.00,$68.00,$68.00,,,$0.90,$4.69,,$2.19,,$2.49,,9,,,,,2003-06-01
12215315,Basketball Cards 2003 Topps Chrome,Maciej Lampe [Xfractor] #140,,,,,,,,,,,,,,,,,,,0,,,,,2003-06-01
146367,Basketball Cards 2003 Topps Chrome,Manu Ginobili #95,$2.99,,$4.10,$17.49,$31.83,$36.00,$47.00,$22.00,$22.00,,,,$3.29,,,$0.90,$4.49,,11,,,,,2003-06-01
146368,Basketball Cards 2003 Topps Chrome,Manu Ginobili [Black Refractor] #95,$59.47,$27.00,$55.46,$188.35,$207.00,$350.67,$456.00,$210.00,$210.00,,,$26.00,$64.99,$9.00,$29.99,$24.40,$60.99,,9,,,,,2003-06-01
146369,Basketball Cards 2003 Topps Chrome,Manu Ginobili [Gold Refractor] #95,$279.50,,$493.80,$543.00,$597.00,,,,,,,$153.50,$307.00,,,$325.80,$543.00,,3,,,,,2003-06-01
146370,Basketball Cards 2003 Topps Chrome,Manu Ginobili [Refractor] #95,$14.41,,$25.00,$35.00,$77.10,$200.00,$260.00,$120.00,$120.00,,,$4.00,$15.99,,,$8.40,$27.99,,14,,,,,2003-06-01
12215295,Basketball Cards 2003 Topps Chrome,Manu Ginobili [Xfractor] #95,$112.00,,$172.60,$311.50,$462.49,$1534.57,$1995.00,$921.00,$921.00,,,$61.50,$123.00,,,$95.00,$190.00,,7,,,,,2003-06-01
146487,Basketball Cards 2003 Topps Chrome,Marcus Banks #123,$1.69,,$2.13,$3.80,$4.00,$50.00,$65.00,$30.00,$30.00,,,,$1.89,,,,$2.29,,6,,,,,2003-06-01
146488,Basketball Cards 2003 Topps Chrome,Marcus Banks [Black Refractor] #123,$3.56,,$9.50,$38.53,$42.00,,,,,,,$0.80,$3.89,,,$2.00,$9.99,,6,,,,,2003-06-01
12215228,Basketball Cards 2003 Topps Chrome,Marcus Banks [Gold Refractor] #123,,,,$99.99,$110.00,,,,,,,,,,,,,,1,,,,,2003-06-01
146489,Basketball Cards 2003 Topps Chrome,Marcus Banks [Refractor] #123,$1.95,,$0.99,$11.75,$13.00,$75.00,$98.00,$45.00,$45.00,,,,$2.19,,,,$1.09,,9,,,,,2003-06-01
146490,Basketball Cards 2003 Topps Chrome,Marcus Banks [Xfractor] #123,$9.85,,$30.00,$33.00,$36.00,,,,,,,$2.80,$10.99,,,$9.90,$32.99,,3,,,,,2003-06-01
146225,Basketball Cards 2003 Topps Chrome,Marcus Camby #53,$2.44,,,$6.38,$7.00,$184.99,$240.00,$111.00,$111.00,,,,$2.69,,,,,,5,,,,,2003-06-01
12215153,Basketball Cards 2003 Topps Chrome,Marcus Camby [Black Refractor] #53,,,,,,,,,,,,,,,,,,,0,,,,,2003-06-01
146226,Basketball Cards 2003 Topps Chrome,Marcus Camby [Gold Refractor] #53,$55.87,,$100.00,$120.00,$132.00,$565.00,$735.00,$339.00,$339.00,,,$24.40,$60.99,,,$55.00,$110.00,,5,,,,,2003-06-01
146227,Basketball Cards 2003 Topps Chrome,Marcus Camby [Refractor] #53,$2.99,,$21.17,$23.00,$31.83,$114.75,$149.00,$69.00,$69.00,,,,$3.29,,,$6.90,$22.99,,18,,,,,2003-06-01
146228,Basketball Cards 2003 Topps Chrome,Marcus Camby [Xfractor] #53,$6.39,,,$9.50,$10.00,,,,,,,$1.40,$6.99,,,,,,3,,,,,2003-06-01
146391,Basketball Cards 2003 Topps Chrome,Marko Jaric #101,$2.63,,$0.99,$29.99,$33.00,$78.77,$102.00,$47.00,$47.00,,,,$2.89,,,,$1.09,,5,,,,,2003-06-01
12215183,Basketball Cards 2003 Topps Chrome,Marko Jaric [Black Refractor] #101,,,,,,,,,,,,,,,,,,,0,,,,,2003-06-01
146392,Basketball Cards 2003 Topps Chrome,Marko Jaric [Gold Refractor] #101,$65.67,,$54.99,,,,,,,,,$28.80,$71.99,,,$24.00,$59.99,,3,,,,,2003-06-01
146393,Basketball Cards 2003 Topps Chrome,Marko Jaric [Refractor] #101,$3.95,,$3.24,$27.78,$35.21,$175.00,$228.00,$105.00,$105.00,,,$0.90,$4.39,,,,$3.59,,11,,,,,2003-06-01
12215300,Basketball Cards 2003 Topps Chrome,Marko Jaric [Xfractor] #101,$9.99,,,,,,,,,,,$2.80,$10.99,,,,,,1,,,,,2003-06-01
146651,Basketball Cards 2003 Topps Chrome,Marquis Daniels #162,$1.89,,,$21.00,$23.00,$26.30,$34.00,$16.00,$16.00,,,,$2.09,,,,,,6,,,,,2003-06-01
146652,Basketball Cards 2003 Topps Chrome,Marquis Daniels [Black Refractor] #162,$5.28,,,$21.51,$24.00,,,,,,,$1.20,$5.79,,,,,,4,,,,,2003-06-01
146653,Basketball Cards 2003 Topps Chrome,Marquis Daniels [Gold Refractor] #162,$57.01,,,$174.99,$192.00,,,,,,,$25.20,$62.99,,,,,,2,,,,,2003-06-01
146654,Basketball Cards 2003 Topps Chrome,Marquis Daniels [Refractor] #162,$1.32,,$3.25,$19.73,$20.27,$157.51,$205.00,$95.00,$95.00,,,,$1.49,,,,$3.59,,10,,,,,2003-06-01
146655,Basketball Cards 2003 Topps Chrome,Marquis Daniels [Xfractor] #162,$5.00,,,$25.00,$28.00,$150.00,$195.00,$90.00,$90.00,,,$1.10,$5.49,,,,,,4,,,,,2003-06-01
146547,Basketball Cards 2003 Topps Chrome,Matt Carroll #135,$1.97,,,$5.21,$6.00,$29.44,$38.00,$18.00,$18.00,,,,$2.19,,,,,,5,,,,,2003-06-01
12215201,Basketball Cards 2003 Topps Chrome,Matt Carroll [Black Refractor] #135,$5.00,,$7.00,,,,,,,,,$1.10,$5.49,,,$1.50,$7.69,,2,,,,,2003-06-01
146550,Basketball Cards 2003 Topps Chrome,Matt Carroll [Gold Refractor] #135,$16.62,,,,,$599.00,$779.00,$359.00,$359.00,,,$4.50,$17.99,,,,,,2,,,,,2003-06-01
146548,Basketball Cards 2003 Topps Chrome,Matt Carroll [Refractor] #135,$2.99,,$5.05,$18.34,$31.85,$120.00,$156.00,$72.00,$72.00,,,,$3.29,,,$1.10,$5.59,,14,,,,,2003-06-01
12215311,Basketball Cards 2003 Topps Chrome,Matt Carroll [Xfractor] #135,,,,$25.00,$28.00,,,,,,,,,,,,,,1,,,,,2003-06-01
146343,Basketball Cards 2003 Topps Chrome,Matt Harpring #88,$2.72,,,$4.08,$4.00,$120.00,$156.00,$72.00,$72.00,,,,$2.99,,,,,,4,,,,,2003-06-01
12215176,Basketball Cards 2003 Topps Chrome,Matt Harpring [Black Refractor] #88,$9.99,,,,,,,,,,,$2.80,$10.99,,,,,,1,,,,,2003-06-01
146344,Basketball Cards 2003 Topps Chrome,Matt Harpring [Gold Refractor] #88,$27.02,,$65.00,$72.00,$79.00,$258.00,$335.00,$155.00,$155.00,,,$9.00,$29.99,,,$28.80,$71.99,,5,,,,,2003-06-01
146345,Basketball Cards 2003 Topps Chrome,Matt Harpring [Refractor] #88,$2.88,,$12.00,$20.63,$31.34,$114.99,$149.00,$69.00,$69.00,,,,$3.19,,,$3.30,$12.99,,13,,,,,2003-06-01
12215292,Basketball Cards 2003 Topps Chrome,Matt Harpring [Xfractor] #88,$9.37,,$19.02,$21.00,$57.03,$155.92,$203.00,$94.00,$94.00,,,$2.00,$9.99,,,$6.30,$20.99,,8,,,,,2003-06-01
146611,Basketball Cards 2003 Topps Chrome,Maurice Williams #151,$1.49,,$4.99,,,$39.56,$51.00,$24.00,$24.00,,,,$1.59,,,$1.10,$5.49,,7,,,,,2003-06-01
12215212,Basketball Cards 2003 Topps Chrome,Maurice Williams [Black Refractor] #151,$8.99,,$15.00,,,,,,,,,$2.00,$9.89,,,$4.30,$16.99,,2,,,,,2003-06-01
146612,Basketball Cards 2003 Topps Chrome,Maurice Williams [Gold Refractor] #151,$37.50,,$49.88,,,,,,,,,$16.40,$40.99,,,$22.00,$54.99,,2,,,,,2003-06-01
146613,Basketball Cards 2003 Topps Chrome,Maurice Williams [Refractor] #151,$1.90,,$8.30,$20.07,$28.89,$66.00,$86.00,$40.00,$40.00,,,,$2.09,,,$1.80,$9.09,,13,,,,,2003-06-01
12215321,Basketball Cards 2003 Topps Chrome,Maurice Williams [Xfractor] #151,,,,,,,,,,,,,,,,,,,0,,,,,2003-06-01
146409,Basketball Cards 2003 Topps Chrome,Michael Finley #106,$2.63,,$14.99,$22.06,$24.00,$57.00,$74.00,$34.00,$34.00,,,,$2.89,,,$4.00,$15.99,,6,,,,,2003-06-01
12215188,Basketball Cards 2003 Topps Chrome,Michael Finley [Black Refractor] #106,$14.26,,$26.37,$48.45,$76.45,$222.03,$289.00,$133.00,$133.00,,,$4.00,$15.99,,,$8.70,$28.99,,10,,,,,2003-06-01
146410,Basketball Cards 2003 Topps Chrome,Michael Finley [Gold Refractor] #106,$48.38,,,$95.50,$105.00,,,,,,,$21.20,$52.99,,,,,,4,,,,,2003-06-01
146411,Basketball Cards 2003 Topps Chrome,Michael Finley [Refractor] #106,$3.21,,$6.83,$17.09,$32.46,$108.01,$140.00,$65.00,$65.00,,,,$3.49,,,$1.50,$7.49,,27,,,,,2003-06-01
12215303,Basketball Cards 2003 Topps Chrome,Michael Finley [Xfractor] #106,$8.53,,$17.78,$33.00,$53.77,$144.87,$188.00,$87.00,$87.00,,,$1.90,$9.39,,,$5.00,$19.99,,7,,,,,2003-06-01
146310,Basketball Cards 2003 Topps Chrome,Michael Olowokandi #78,$1.49,,,$14.74,$16.00,,,,,,,,$1.59,,,,,,3,,,,,2003-06-01
12215169,Basketball Cards 2003 Topps Chrome,Michael Olowokandi [Black Refractor] #78,$9.97,,$19.91,$36.82,$59.35,$163.77,$213.00,$98.00,$98.00,,,$2.80,$10.99,,,$6.60,$21.99,,8,,,,,2003-06-01
146311,Basketball Cards 2003 Topps Chrome,Michael Olowokandi [Gold Refractor] #78,$43.72,,,$68.56,$75.00,,,,,,,$19.20,$47.99,,,,,,4,,,,,2003-06-01
146312,Basketball Cards 2003 Topps Chrome,Michael Olowokandi [Refractor] #78,$2.59,,$10.00,$16.55,$30.25,$96.44,$125.00,$58.00,$58.00,,,,$2.89,,,$2.80,$10.99,,13,,,,,2003-06-01
12215284,Basketball Cards 2003 Topps Chrome,Michael Olowokandi [Xfractor] #78,$4.94,,$12.40,$23.32,$39.55,$96.50,$125.00,$58.00,$58.00,,,$1.10,$5.39,,,$3.50,$13.99,,9,,,,,2003-06-01
12215084,Basketball Cards 2003 Topps Chrome,Michael Pietrus [French Black Refractor] #121,$4.99,,,,,,,,,,,$1.10,$5.49,,,,,,1,,,,,2003-06-01
12215082,Basketball Cards 2003 Topps Chrome,Michael Pietrus [French Gold Refractor] #121,,,,,,,,,,,,,,,,,,,0,,,,,2003-06-01
146476,Basketball Cards 2003 Topps Chrome,Michael Pietrus [French Xfractor] #121,$1.20,,,,,,,,,,,,$1.29,,,,,,1,,,,,2003-06-01
146313,Basketball Cards 2003 Topps Chrome,Michael Redd #79,$1.98,,,$16.94,$19.00,$63.33,$82.00,$38.00,$38.00,,,,$2.19,,,,,,4,,,,,2003-06-01
12215170,Basketball Cards 2003 Topps Chrome,Michael Redd [Black Refractor] #79,$18.00,,,,,,,,,,,$5.00,$19.99,,,,,,1,,,,,2003-06-01
146314,Basketball Cards 2003 Topps Chrome,Michael Redd [Gold Refractor] #79,$31.39,,,$102.69,$113.00,,,,,,,$10.50,$34.99,,,,,,2,,,,,2003-06-01
146315,Basketball Cards 2003 Topps Chrome,Michael Redd [Refractor] #79,$1.73,,$16.50,$37.28,$40.00,$40.50,$53.00,$24.00,$24.00,,,,$1.89,,,$4.50,$17.99,,12,,,,,2003-06-01
12215285,Basketball Cards 2003 Topps Chrome,Michael Redd [Xfractor] #79,$15.40,,$32.57,$59.63,$92.87,$277.87,$361.00,$167.00,$167.00,,,$4.30,$16.99,,,$14.40,$35.99,,9,,,,,2003-06-01
146479,Basketball Cards 2003 Topps Chrome,Mickael Pietrus #121,$1.88,,$2.37,$14.50,$16.00,$20.25,$26.00,$12.00,$12.00,,,,$2.09,,,,$2.59,,5,,,,,2003-06-01
12215194,Basketball Cards 2003 Topps Chrome,Mickael Pietrus [Black Refractor] #121,,,,,,,,,,,,,,,,,,,0,,,,,2003-06-01
146481,Basketball Cards 2003 Topps Chrome,Mickael Pietrus [French Refractor] #121,$4.56,$3.00,$3.50,$50.43,$55.00,$225.00,$293.00,$135.00,$135.00,,,$1.00,$4.99,,$3.29,$0.80,$3.89,,11,,,,,2003-06-01
146480,Basketball Cards 2003 Topps Chrome,Mickael Pietrus [French] #121,$2.00,,,,,$37.63,$49.00,$23.00,$23.00,,,,$2.19,,,,,,2,,,,,2003-06-01
146477,Basketball Cards 2003 Topps Chrome,Mickael Pietrus [Gold Refractor] #121,,,,,,$319.99,$416.00,$192.00,$192.00,,,,,,,,,,1,,,,,2003-06-01
146478,Basketball Cards 2003 Topps Chrome,Mickael Pietrus [Refractor] #121,$3.16,,,$75.00,$83.00,$130.00,$169.00,$78.00,$78.00,,,,$3.49,,,,,,3,,,,,2003-06-01
146482,Basketball Cards 2003 Topps Chrome,Mickael Pietrus [Xfractor] #121,$6.01,,,,,,,,,,,$1.30,$6.59,,,,,,1,,,,,2003-06-01
146066,Basketball Cards 2003 Topps Chrome,Mike Bibby #10,$2.62,$0.99,$29.99,$33.00,$36.00,$450.00,$585.00,$270.00,$270.00,,,,$2.89,,$1.09,$9.90,$32.99,,9,,,,,2003-06-01
12215127,Basketball Cards 2003 Topps Chrome,Mike Bibby [Black Refractor] #10,$5.51,,,,,,,,,,,$1.20,$6.09,,,,,,8,,,,,2003-06-01
146067,Basketball Cards 2003 Topps Chrome,Mike Bibby [Gold Refractor] #10,$42.21,,$60.00,$67.83,$75.00,,,,,,,$18.40,$45.99,,,$26.40,$65.99,,4,,,,,2003-06-01
146068,Basketball Cards 2003 Topps Chrome,Mike Bibby [Refractor] #10,$4.85,,$2.25,$40.87,$46.59,$120.46,$157.00,$72.00,$72.00,,,$1.10,$5.29,,,,$2.49,,16,,,,,2003-06-01
12215246,Basketball Cards 2003 Topps Chrome,Mike Bibby [Xfractor] #10,,,,,,,,,,,,,,,,,,,0,,,,,2003-06-01
146169,Basketball Cards 2003 Topps Chrome,Mike Dunleavy Jr. #37,,,$0.99,,,,,,,,,,,,,,$1.09,,1,,,,,2003-06-01
12215141,Basketball Cards 2003 Topps Chrome,Mike Dunleavy Jr. [Black Refractor] #37,$3.00,,$8.50,,,,,,,,,,$3.29,,,$1.90,$9.39,,2,,,,,2003-06-01
146170,Basketball Cards 2003 Topps Chrome,Mike Dunleavy Jr. [Gold Refractor] #37,$15.00,,$92.69,$102.00,$112.00,,,,,,,$4.30,$16.99,,,$51.00,$102.00,,5,,,,,2003-06-01
146171,Basketball Cards 2003 Topps Chrome,Mike Dunleavy Jr. [Refractor] #37,$1.90,,$7.54,$20.00,$22.00,$285.00,$371.00,$171.00,$171.00,,,,$2.09,,,$1.70,$8.29,,11,,,,,2003-06-01
4755335,Basketball Cards 2003 Topps Chrome,Mike Dunleavy Jr. [X-Fractor] #37,$3.25,,$7.75,$9.00,$10.00,$11.00,$14.00,$7.00,$7.00,,,,$3.59,,,$1.70,$8.49,,7,,,,,2003-06-01
146272,Basketball Cards 2003 Topps Chrome,Mike Miller #66,$1.34,,,$14.99,$15.00,$15.05,$20.00,$9.00,$9.00,,,,$1.49,,,,,,5,,,,,2003-06-01
12215160,Basketball Cards 2003 Topps Chrome,Mike Miller [Black Refractor] #66,$11.75,,,,,,,,,,,$3.30,$12.99,,,,,,1,,,,,2003-06-01
146273,Basketball Cards 2003 Topps Chrome,Mike Miller [Gold Refractor] #66,$20.01,,$13.50,$23.06,$25.00,,,,,,,$6.60,$21.99,,,$3.80,$14.99,,4,,,,,2003-06-01
146274,Basketball Cards 2003 Topps Chrome,Mike Miller [Refractor] #66,$2.82,,$23.44,$26.00,$31.18,$117.00,$152.00,$70.00,$70.00,,,,$3.09,,,$7.80,$25.99,,18,,,,,2003-06-01
12215272,Basketball Cards 2003 Topps Chrome,Mike Miller [Xfractor] #66,,,,,,,,,,,,,,,,,,,0,,,,,2003-06-01
146467,Basketball Cards 2003 Topps Chrome,Mike Sweetney #119,$1.54,,,$15.00,$17.00,$18.00,$23.00,$11.00,$11.00,,,,$1.69,,,,,,6,,,,,2003-06-01
146468,Basketball Cards 2003 Topps Chrome,Mike Sweetney [Black Refractor] #119,$6.50,,,$22.50,$25.00,$127.99,$166.00,$77.00,$77.00,,,$1.40,$7.19,,,,,,6,,,,,2003-06-01
146469,Basketball Cards 2003 Topps Chrome,Mike Sweetney [Gold Refractor] #119,$101.20,,,,,,,,,,,$55.50,$111.00,,,,,,1,,,,,2003-06-01
146470,Basketball Cards 2003 Topps Chrome,Mike Sweetney [Refractor] #119,$1.72,,,$4.28,$9.50,$140.00,$182.00,$84.00,$84.00,,,,$1.89,,,,,,7,,,,,2003-06-01
12215308,Basketball Cards 2003 Topps Chrome,Mike Sweetney [Xfractor] #119,,,,,,,,,,,,,,,,,,,0,,,,,2003-06-01
146203,Basketball Cards 2003 Topps Chrome,Morris Peterson #47,$5.22,,,$8.50,$9.00,$16.10,$21.00,$10.00,$10.00,,,$1.10,$5.69,,,,,,5,,,,,2003-06-01
12215149,Basketball Cards 2003 Topps Chrome,Morris Peterson [Black Refractor] #47,$8.12,,$17.03,$31.65,$51.77,$138.04,$179.00,$83.00,$83.00,,,$1.80,$8.89,,,$4.80,$18.99,,21,,,,,2003-06-01
146205,Basketball Cards 2003 Topps Chrome,Morris Peterson [Gold Refractor] #47,$60.88,,$57.28,,,$1500.00,$1950.00,$900.00,$900.00,,,$26.80,$66.99,,,$25.20,$62.99,,5,,,,,2003-06-01
146204,Basketball Cards 2003 Topps Chrome,Morris Peterson [Refractor] #47,$6.46,,$7.28,$29.27,$45.55,$179.00,$233.00,$107.00,$107.00,,,$1.40,$7.09,,,$1.60,$7.99,,11,,,,,2003-06-01
12215263,Basketball Cards 2003 Topps Chrome,Morris Peterson [Xfractor] #47,$13.87,,$25.75,$47.31,$74.75,$216.14,$281.00,$130.00,$130.00,,,$3.80,$14.99,,,$8.40,$27.99,,9,,,,,2003-06-01
146549,Basketball Cards 2003 Topps Chrome,Ndudi Ebi #136,$1.89,,,$1.23,$1.00,$27.00,$35.00,$16.00,$16.00,,,,$2.09,,,,,,4,,,,,2003-06-01
146551,Basketball Cards 2003 Topps Chrome,Ndudi Ebi [Black Refractor] #136,$6.73,,$9.82,$40.74,$45.00,,,,,,,$1.50,$7.39,,,$2.80,$10.99,,15,,,,,2003-06-01
146552,Basketball Cards 2003 Topps Chrome,Ndudi Ebi [Gold Refractor] #136,$16.50,,,$26.00,$29.00,,,,,,,$4.50,$17.99,,,,,,2,,,,,2003-06-01
146553,Basketball Cards 2003 Topps Chrome,Ndudi Ebi [Refractor] #136,$3.02,,,$15.50,$20.01,$124.95,$162.00,$75.00,$75.00,,,,$3.29,,,,,,6,,,,,2003-06-01
12215313,Basketball Cards 2003 Topps Chrome,Ndudi Ebi [Xfractor] #136,$19.99,,,$25.00,$28.00,,,,,,,$6.60,$21.99,,,,,,2,,,,,2003-06-01
146257,Basketball Cards 2003 Topps Chrome,Nene #62,$3.63,,,$12.50,$14.00,$52.36,$68.00,$31.00,$31.00,,,$0.80,$3.99,,,,,,7,,,,,2003-06-01
146258,Basketball Cards 2003 Topps Chrome,Nene [Black Refractor] #62,$6.12,,$24.69,$29.00,$32.00,$249.78,$325.00,$150.00,$150.00,,,$1.30,$6.69,,,$8.10,$26.99,,8,,,,,2003-06-01
146259,Basketball Cards 2003 Topps Chrome,Nene [Gold Refractor] #62,$51.91,,,$57.56,$63.00,$230.35,$299.00,$138.00,$138.00,,,$22.80,$56.99,,,,,,4,,,,,2003-06-01
146260,Basketball Cards 2003 Topps Chrome,Nene [Refractor] #62,$2.32,,$4.33,$34.96,$38.00,$99.00,$129.00,$59.00,$59.00,,,,$2.59,,,$1.00,$4.79,,14,,,,,2003-06-01
12215271,Basketball Cards 2003 Topps Chrome,Nene [Xfractor] #62,,,,,,,,,,,,,,,,,,,0,,,,,2003-06-01
146483,Basketball Cards 2003 Topps Chrome,Nick Collison #122,$1.98,$3.25,$7.97,$22.50,$27.84,$29.75,$39.00,$18.00,$18.00,,,,$2.19,,$3.59,$1.80,$8.79,,11,,,,,2003-06-01
146484,Basketball Cards 2003 Topps Chrome,Nick Collison [Black Refractor] #122,$11.26,$6.05,,$48.00,$53.00,$325.00,$423.00,$195.00,$195.00,,,$3.00,$11.99,$1.30,$6.69,,,,8,,,,,2003-06-01
146485,Basketball Cards 2003 Topps Chrome,Nick Collison [Gold Refractor] #122,$41.00,,,$350.00,$385.00,,,,,,,$18.00,$44.99,,,,,,2,,,,,2003-06-01
146486,Basketball Cards 2003 Topps Chrome,Nick Collison [Refractor] #122,$4.00,,$25.00,$28.00,$35.86,$114.90,$149.00,$69.00,$69.00,,,$0.90,$4.39,,,$8.40,$27.99,,18,,,,,2003-06-01
12215309,Basketball Cards 2003 Topps Chrome,Nick Collison [Xfractor] #122,,,,,,,,,,,,,,,,,,,0,,,,,2003-06-01
146375,Basketball Cards 2003 Topps Chrome,Nick Van Exel #97,$3.62,,,$7.50,$8.00,$31.00,$40.00,$19.00,$19.00,,,$0.80,$3.99,,,,,,5,,,,,2003-06-01
12215184,Basketball Cards 2003 Topps Chrome,Nick Van Exel [Black Refractor] #97,$3.99,,$23.01,,,,,,,,,$0.90,$4.39,,,$7.50,$24.99,,2,,,,,2003-06-01
146376,Basketball Cards 2003 Topps Chrome,Nick Van Exel [Gold Refractor] #97,$22.08,,,$100.00,$110.00,,,,,,,$7.20,$23.99,,,,,,2,,,,,2003-06-01
146377,Basketball Cards 2003 Topps Chrome,Nick Van Exel [Refractor] #97,$1.80,,$25.00,$28.00,$31.00,$169.29,$220.00,$102.00,$102.00,,,,$1.99,,,$8.40,$27.99,,19,,,,,2003-06-01
12215296,Basketball Cards 2003 Topps Chrome,Nick Van Exel [Xfractor] #97,$21.00,,,,,,,,,,,$6.90,$22.99,,,,,,1,,,,,2003-06-01
146099,Basketball Cards 2003 Topps Chrome,Pau Gasol #19,$1.64,$3.34,,$7.68,$8.00,$25.25,$33.00,$15.00,$15.00,,,,$1.79,,$3.69,,,,8,,,,,2003-06-01
12215133,Basketball Cards 2003 Topps Chrome,Pau Gasol [Black Refractor] #19,,,,,,,,,,,,,,,,,,,0,,,,,2003-06-01
146100,Basketball Cards 2003 Topps Chrome,Pau Gasol [Gold Refractor] #19,$92.03,,$56.00,$212.36,$234.00,$255.00,$332.00,$153.00,$153.00,,,$50.50,$101.00,,,$24.80,$61.99,,5,,,,,2003-06-01
146101,Basketball Cards 2003 Topps Chrome,Pau Gasol [Refractor] #19,$3.99,$14.50,$19.99,$28.65,$35.79,$119.87,$156.00,$72.00,$72.00,,,$0.90,$4.39,$4.00,$15.99,$6.60,$21.99,,23,,,,,2003-06-01
146102,Basketball Cards 2003 Topps Chrome,Pau Gasol [Xfractor] #19,$26.44,,$29.99,$36.07,$40.00,$264.11,$343.00,$158.00,$158.00,,,$8.70,$28.99,,,$9.90,$32.99,,7,,,,,2003-06-01
146081,Basketball Cards 2003 Topps Chrome,Paul Pierce #14,$2.42,$4.00,$5.00,$50.00,$55.00,$75.01,$98.00,$45.00,$45.00,,,,$2.69,$0.90,$4.39,$1.10,$5.49,,14,,,,,2003-06-01
146082,Basketball Cards 2003 Topps Chrome,Paul Pierce [Black Refractor] #14,$50.09,,$48.75,$124.28,$218.50,$471.25,$613.00,$283.00,$283.00,,,$22.00,$54.99,,,$21.60,$53.99,,11,,,,,2003-06-01
146083,Basketball Cards 2003 Topps Chrome,Paul Pierce [Gold Refractor] #14,$179.53,,$174.31,$385.00,$424.00,,,,,,,$98.50,$197.00,,,$96.00,$192.00,,3,,,,,2003-06-01
146084,Basketball Cards 2003 Topps Chrome,Paul Pierce [Refractor] #14,$9.99,$16.00,$19.95,$39.13,$59.53,$249.52,$324.00,$150.00,$150.00,,,$2.80,$10.99,$4.50,$17.99,$6.60,$21.99,,30,,,,,2003-06-01
12215247,Basketball Cards 2003 Topps Chrome,Paul Pierce [Xfractor] #14,$93.75,,,$150.00,$165.00,,,,,,,$51.50,$103.00,,,,,,8,,,,,2003-06-01
146090,Basketball Cards 2003 Topps Chrome,Peja Stojakovic #16,$1.50,,,$7.50,$8.00,$25.34,$33.00,$15.00,$15.00,,,,$1.69,,,,,,6,,,,,2003-06-01
12215130,Basketball Cards 2003 Topps Chrome,Peja Stojakovic [Black Refractor] #16,$27.00,,$45.45,$82.79,$126.85,$393.44,$511.00,$236.00,$236.00,,,$9.00,$29.99,,,$20.00,$49.99,,7,,,,,2003-06-01
146091,Basketball Cards 2003 Topps Chrome,Peja Stojakovic [Gold Refractor] #16,$158.99,,,$188.24,$207.00,$1580.00,$2054.00,$948.00,$948.00,,,$87.50,$175.00,,,,,,3,,,,,2003-06-01
146092,Basketball Cards 2003 Topps Chrome,Peja Stojakovic [Refractor] #16,$5.00,$1.00,$1.25,$16.75,$22.39,$95.63,$124.00,$57.00,$57.00,,,$1.10,$5.49,,$1.09,,$1.39,,17,,,,,2003-06-01
12215248,Basketball Cards 2003 Topps Chrome,Peja Stojakovic [Xfractor] #16,,,,,,$100.00,$130.00,$60.00,$60.00,,,,,,,,,,1,,,,,2003-06-01
146418,Basketball Cards 2003 Topps Chrome,Rashard Lewis #109,$5.00,,,$18.34,$20.00,$81.21,$106.00,$49.00,$49.00,,,$1.10,$5.49,,,,,,4,,,,,2003-06-01
146419,Basketball Cards 2003 Topps Chrome,Rashard Lewis [Black Refractor] #109,$7.18,,$19.99,$42.50,$47.00,,,,,,,$1.60,$7.89,,,$6.60,$21.99,,8,,,,,2003-06-01
12215222,Basketball Cards 2003 Topps Chrome,Rashard Lewis [Gold Refractor] #109,$99.99,,,$90.00,$99.00,,,,,,,$55.00,$110.00,,,,,,2,,,,,2003-06-01
146420,Basketball Cards 2003 Topps Chrome,Rashard Lewis [Refractor] #109,$3.97,,$6.01,$29.95,$68.00,$383.50,$499.00,$230.00,$230.00,,,$0.90,$4.39,,,$1.30,$6.59,,12,,,,,2003-06-01
12215306,Basketball Cards 2003 Topps Chrome,Rashard Lewis [Xfractor] #109,,,$25.00,,,,,,,,,,,,,$8.40,$27.99,,1,,,,,2003-06-01
146357,Basketball Cards 2003 Topps Chrome,Rasheed Wallace #92,$1.19,,$0.99,$6.84,$23.00,$23.00,$30.00,$14.00,$14.00,,,,$1.29,,,,$1.09,,10,,,,,2003-06-01
12215180,Basketball Cards 2003 Topps Chrome,Rasheed Wallace [Black Refractor] #92,$19.95,,,,,,,,,,,$6.60,$21.99,,,,,,1,,,,,2003-06-01
146358,Basketball Cards 2003 Topps Chrome,Rasheed Wallace [Gold Refractor] #92,$137.31,,,$71.93,$79.00,,,,,,,$75.50,$151.00,,,,,,3,,,,,2003-06-01
146359,Basketball Cards 2003 Topps Chrome,Rasheed Wallace [Refractor] #92,$7.65,,$6.26,$25.56,$50.32,$131.25,$171.00,$79.00,$79.00,,,$1.70,$8.39,,,$1.40,$6.89,,19,,,,,2003-06-01
12215294,Basketball Cards 2003 Topps Chrome,Rasheed Wallace [Xfractor] #92,$23.67,,,,,,,,,,,$7.80,$25.99,,,,,,4,,,,,2003-06-01
146349,Basketball Cards 2003 Topps Chrome,Rasho Nesterovic #90,$1.65,,$5.99,$9.99,$11.00,,,,,,,,$1.79,,,$1.30,$6.59,,3,,,,,2003-06-01
12215178,Basketball Cards 2003 Topps Chrome,Rasho Nesterovic [Black Refractor] #90,$6.99,,,,,,,,,,,$1.50,$7.69,,,,,,1,,,,,2003-06-01
146350,Basketball Cards 2003 Topps Chrome,Rasho Nesterovic [Gold Refractor] #90,$6.99,,,$69.57,$77.00,,,,,,,$1.50,$7.69,,,,,,2,,,,,2003-06-01
146351,Basketball Cards 2003 Topps Chrome,Rasho Nesterovic [Refractor] #90,$3.47,,,$11.89,$13.00,$60.00,$78.00,$36.00,$36.00,,,$0.80,$3.79,,,,,,7,,,,,2003-06-01
146352,Basketball Cards 2003 Topps Chrome,Rasho Nesterovic [Xfractor] #90,$10.27,,,$25.00,$28.00,,,,,,,$2.80,$10.99,,,,,,7,,,,,2003-06-01
146206,Basketball Cards 2003 Topps Chrome,Ray Allen #48,$1.98,,$2.99,$15.19,$27.59,$30.83,$40.00,$19.00,$19.00,,,,$2.19,,,,$3.29,,13,,,,,2003-06-01
146207,Basketball Cards 2003 Topps Chrome,Ray Allen [Black Refractor] #48,$50.98,$21.99,$81.42,$101.15,$221.98,$582.50,$757.00,$350.00,$350.00,,,$22.40,$55.99,$7.20,$23.99,$36.00,$89.99,,10,,,,,2003-06-01
146208,Basketball Cards 2003 Topps Chrome,Ray Allen [Gold Refractor] #48,$139.90,,$250.38,$336.89,$504.65,$1250.00,$1625.00,$750.00,$750.00,,,$77.00,$154.00,,,$137.50,$275.00,,11,,,,,2003-06-01
146209,Basketball Cards 2003 Topps Chrome,Ray Allen [Refractor] #48,$10.00,,$20.35,$54.79,$58.53,$227.35,$296.00,$136.00,$136.00,,,$2.80,$10.99,,,$6.60,$21.99,,21,,,,,2003-06-01
146210,Basketball Cards 2003 Topps Chrome,Ray Allen [Xfractor] #48,$52.64,,,$135.00,$149.00,$206.08,$268.00,$124.00,$124.00,,,$23.20,$57.99,,,,,,5,,,,,2003-06-01
146496,Basketball Cards 2003 Topps Chrome,Reece Gaines #125,$1.69,,,$4.29,$5.00,$20.99,$27.00,$13.00,$13.00,,,,$1.89,,,,,,3,,,,,2003-06-01
12215195,Basketball Cards 2003 Topps Chrome,Reece Gaines [Black Refractor] #125,$8.88,,$6.01,,,,,,,,,$2.00,$9.79,,,$1.30,$6.59,,2,,,,,2003-06-01
146497,Basketball Cards 2003 Topps Chrome,Reece Gaines [Gold Refractor] #125,$132.45,,,,,$250.00,$325.00,$150.00,$150.00,,,$73.00,$146.00,,,,,,2,,,,,2003-06-01
146498,Basketball Cards 2003 Topps Chrome,Reece Gaines [Refractor] #125,$5.02,,$25.00,$39.50,$39.87,$175.00,$228.00,$105.00,$105.00,,,$1.10,$5.49,,,$8.40,$27.99,,26,,,,,2003-06-01
146499,Basketball Cards 2003 Topps Chrome,Reece Gaines [Xfractor] #125,$9.95,,,$25.00,$28.00,,,,,,,$2.80,$10.99,,,,,,2,,,,,2003-06-01
146145,Basketball Cards 2003 Topps Chrome,Reggie Miller #31,$2.25,,$7.98,$14.75,$27.88,$55.86,$73.00,$34.00,$34.00,,,,$2.49,,,$1.80,$8.79,,14,,,,,2003-06-01
146146,Basketball Cards 2003 Topps Chrome,Reggie Miller [Black Refractor] #31,$59.00,,$56.00,$214.99,$236.00,$1269.99,$1651.00,$762.00,$762.00,,,$26.00,$64.99,,,$24.80,$61.99,,9,,,,,2003-06-01
146147,Basketball Cards 2003 Topps Chrome,Reggie Miller [Gold Refractor] #31,$348.15,,$400.00,$622.47,$685.00,$927.50,$1206.00,$557.00,$557.00,,,$191.50,$383.00,,,$220.00,$440.00,,6,,,,,2003-06-01
146148,Basketball Cards 2003 Topps Chrome,Reggie Miller [Refractor] #31,$19.85,,$11.04,$49.95,$92.80,$226.00,$294.00,$136.00,$136.00,,,$6.60,$21.99,,,$3.00,$11.99,,30,,,,,2003-06-01
160876,Basketball Cards 2003 Topps Chrome,Reggie Miller [Xfractor] #31,$99.95,,,$135.00,$172.50,,,,,,,$55.00,$110.00,,,,,,4,,,,,2003-06-01
146200,Basketball Cards 2003 Topps Chrome,Richard Hamilton #46,$1.75,,$15.50,$25.00,$28.00,$225.00,$293.00,$135.00,$135.00,,,,$1.89,,,$4.30,$16.99,,7,,,,,2003-06-01
12215148,Basketball Cards 2003 Topps Chrome,Richard Hamilton [Black Refractor] #46,$25.00,,,,,,,,,,,$8.40,$27.99,,,,,,1,,,,,2003-06-01
146201,Basketball Cards 2003 Topps Chrome,Richard Hamilton [Gold Refractor] #46,$128.97,,$149.99,$165.00,$182.00,,,,,,,$71.00,$142.00,,,$82.50,$165.00,,4,,,,,2003-06-01
146202,Basketball Cards 2003 Topps Chrome,Richard Hamilton [Refractor] #46,$8.50,$18.50,$25.00,$33.51,$53.61,$159.36,$207.00,$96.00,$96.00,,,$1.90,$9.39,$5.00,$19.99,$8.40,$27.99,,16,,,,,2003-06-01
12215262,Basketball Cards 2003 Topps Chrome,Richard Hamilton [Xfractor] #46,,,,,,,,,,,,,,,,,,,0,,,,,2003-06-01
146129,Basketball Cards 2003 Topps Chrome,Richard Jefferson #27,$4.64,,,$9.50,$10.00,$30.00,$39.00,$18.00,$18.00,,,$1.00,$5.09,,,,,,3,,,,,2003-06-01
12215137,Basketball Cards 2003 Topps Chrome,Richard Jefferson [Black Refractor] #27,$4.33,,$24.99,,,,,,,,,$1.00,$4.79,,,$8.10,$26.99,,7,,,,,2003-06-01
146130,Basketball Cards 2003 Topps Chrome,Richard Jefferson [Gold Refractor] #27,$79.99,$51.00,$93.60,$103.00,$113.00,,,,,,,$35.20,$87.99,$22.40,$55.99,$51.50,$103.00,,6,,,,,2003-06-01
146131,Basketball Cards 2003 Topps Chrome,Richard Jefferson [Refractor] #27,$2.74,$8.00,$9.75,$28.22,$30.84,$115.00,$150.00,$69.00,$69.00,,,,$2.99,$1.80,$8.79,$2.80,$10.99,,20,,,,,2003-06-01
12215254,Basketball Cards 2003 Topps Chrome,Richard Jefferson [Xfractor] #27,$12.25,,$23.31,$42.93,$68.32,$194.23,$253.00,$117.00,$117.00,,,$3.30,$12.99,,,$7.80,$25.99,,8,,,,,2003-06-01
146234,Basketball Cards 2003 Topps Chrome,Ricky Davis #55,$3.00,,$0.99,$25.00,$28.00,,,,,,,,$3.29,,,,$1.09,,4,,,,,2003-06-01
12215155,Basketball Cards 2003 Topps Chrome,Ricky Davis [Black Refractor] #55,,,,,,,,,,,,,,,,,,,0,,,,,2003-06-01
146233,Basketball Cards 2003 Topps Chrome,Ricky Davis [Gold Refractor] #55,$44.99,,,,,,,,,,,$19.60,$48.99,,,,,,2,,,,,2003-06-01
146235,Basketball Cards 2003 Topps Chrome,Ricky Davis [Refractor] #55,$3.04,,$3.44,$9.18,$31.85,$96.00,$125.00,$58.00,$58.00,,,,$3.29,,,$0.80,$3.79,,15,,,,,2003-06-01
12215266,Basketball Cards 2003 Topps Chrome,Ricky Davis [Xfractor] #55,$6.49,,$14.72,$27.49,$45.67,$117.29,$152.00,$70.00,$70.00,,,$1.40,$7.09,,,$4.00,$15.99,,9,,,,,2003-06-01
7470128,Basketball Cards 2003 Topps Chrome,Ron Artest  [Xfractor] #57,$16.63,,,$42.00,$46.00,,,,,,,$4.50,$17.99,,,,,,3,,,,,2003-06-01
146239,Basketball Cards 2003 Topps Chrome,Ron Artest #57,$4.99,,$0.99,$18.09,$20.00,$31.00,$40.00,$19.00,$19.00,,,$1.10,$5.49,,,,$1.09,,6,,,,,2003-06-01
146240,Basketball Cards 2003 Topps Chrome,Ron Artest [Black Refractor] #57,$13.61,$28.00,$34.99,$51.00,$56.00,$150.00,$195.00,$90.00,$90.00,,,$3.80,$14.99,$9.30,$30.99,$15.20,$37.99,,9,,,,,2003-06-01
146241,Basketball Cards 2003 Topps Chrome,Ron Artest [Gold Refractor] #57,$77.28,,,$174.01,$191.00,$697.56,$907.00,$419.00,$419.00,,,$34.00,$84.99,,,,,,5,,,,,2003-06-01
146242,Basketball Cards 2003 Topps Chrome,Ron Artest [Refractor] #57,$4.51,,$11.76,$37.50,$37.86,$118.26,$154.00,$71.00,$71.00,,,$1.00,$4.99,,,$3.30,$12.99,,12,,,,,2003-06-01
146180,Basketball Cards 2003 Topps Chrome,Sam Cassell #40,$4.97,,,$34.41,$38.00,$41.00,$53.00,$25.00,$25.00,,,$1.10,$5.49,,,,,,5,,,,,2003-06-01
12215145,Basketball Cards 2003 Topps Chrome,Sam Cassell [Black Refractor] #40,$19.80,,$34.67,$125.00,$138.00,$296.74,$386.00,$178.00,$178.00,,,$6.60,$21.99,,,$15.20,$37.99,,10,,,,,2003-06-01
146181,Basketball Cards 2003 Topps Chrome,Sam Cassell [Gold Refractor] #40,$30.99,,$89.99,$152.45,$168.00,,,,,,,$10.20,$33.99,,,$39.60,$98.99,,4,,,,,2003-06-01
146182,Basketball Cards 2003 Topps Chrome,Sam Cassell [Refractor] #40,$1.87,,$21.25,$33.63,$37.00,$160.00,$208.00,$96.00,$96.00,,,,$2.09,,,$6.90,$22.99,,18,,,,,2003-06-01
12215258,Basketball Cards 2003 Topps Chrome,Sam Cassell [Xfractor] #40,$19.99,,,,,,,,,,,$6.60,$21.99,,,,,,1,,,,,2003-06-01
146211,Basketball Cards 2003 Topps Chrome,Scottie Pippen #49,$1.97,,$14.51,$16.11,$27.79,$30.99,$40.00,$19.00,$19.99,,,,$2.19,,,$4.00,$15.99,,18,,,,,2003-06-01
12215150,Basketball Cards 2003 Topps Chrome,Scottie Pippen [Black Refractor] #49,$60.35,,$95.38,$250.00,$258.76,$842.04,$1095.00,$505.00,$505.00,,,$26.40,$65.99,,,$52.50,$105.00,,20,,,,,2003-06-01
146212,Basketball Cards 2003 Topps Chrome,Scottie Pippen [Gold Refractor] #49,$222.63,,,$235.78,$259.00,,,,,,,$122.50,$245.00,,,,,,2,,,,,2003-06-01
146213,Basketball Cards 2003 Topps Chrome,Scottie Pippen [Refractor] #49,$17.95,,$43.00,$51.55,$57.00,$133.04,$173.00,$80.00,$80.00,,,$5.00,$19.99,,,$18.80,$46.99,,30,,,,,2003-06-01
3249804,Basketball Cards 2003 Topps Chrome,Scottie Pippen [Xfractor] #49,$60.26,,$85.00,$394.46,$434.00,$473.00,$615.00,$284.00,$284.00,,,$26.40,$65.99,,,$37.60,$93.99,,6,,,,,2003-06-01
146155,Basketball Cards 2003 Topps Chrome,Shaquille O'Neal #34,$2.67,,$4.14,$33.00,$39.09,$195.92,$255.00,$118.00,$118.00,,,,$2.89,,,$0.90,$4.59,,96,,,,,2003-06-01
146156,Basketball Cards 2003 Topps Chrome,Shaquille O'Neal [Black Refractor] #34,$200.43,$150.00,$295.00,$358.78,$395.00,$1500.00,$1950.00,$900.00,$900.00,,,$110.00,$220.00,$82.50,$165.00,$162.50,$325.00,,15,,,,,2003-06-01
146157,Basketball Cards 2003 Topps Chrome,Shaquille O'Neal [Gold Refractor] #34,$460.48,,$919.15,$1357.77,$1494.00,,,,,,,$304.20,$507.00,,,$606.60,$1011.00,,6,,,,,2003-06-01
146158,Basketball Cards 2003 Topps Chrome,Shaquille O'Neal [Refractor] #34,$67.08,,$34.00,$154.64,$170.00,$772.65,$1004.00,$464.00,$464.00,,,$29.60,$73.99,,,$14.80,$36.99,,40,,,,,2003-06-01
146159,Basketball Cards 2003 Topps Chrome,Shaquille O'Neal [Xfractor] #34,$199.00,,,$424.99,$467.00,,,,,,,$109.50,$219.00,,,,,,6,,,,,2003-06-01
146322,Basketball Cards 2003 Topps Chrome,Shareef Abdur-Rahim #82,$4.00,,,$22.46,$25.00,$44.00,$57.00,$26.00,$26.00,,,$0.90,$4.39,,,,,,4,,,,,2003-06-01
10767864,Basketball Cards 2003 Topps Chrome,Shareef Abdur-Rahim [Black Refractor] #82,$11.72,,$25.00,$34.33,$38.00,,,,,,,$3.30,$12.99,,,$8.40,$27.99,,5,,,,,2003-06-01
146323,Basketball Cards 2003 Topps Chrome,Shareef Abdur-Rahim [Gold Refractor] #82,$77.00,,$83.00,$99.99,$110.00,,,,,,,$34.00,$84.99,,,$36.40,$90.99,,4,,,,,2003-06-01
146324,Basketball Cards 2003 Topps Chrome,Shareef Abdur-Rahim [Refractor] #82,$2.99,,$3.54,$5.50,$31.83,$150.00,$195.00,$90.00,$90.00,,,,$3.29,,,$0.80,$3.89,,15,,,,,2003-06-01
12215288,Basketball Cards 2003 Topps Chrome,Shareef Abdur-Rahim [Xfractor] #82,,,,$33.15,$36.00,,,,,,,,,,,,,,1,,,,,2003-06-01
146132,Basketball Cards 2003 Topps Chrome,Shawn Marion #28,$0.99,,,$12.50,$14.00,$42.72,$56.00,$26.00,$26.00,,,,$1.09,,,,,,3,,,,,2003-06-01
146133,Basketball Cards 2003 Topps Chrome,Shawn Marion [Black Refractor] #28,$13.50,,$22.38,$79.95,$88.00,$240.85,$313.00,$145.00,$145.00,,,$3.80,$14.99,,,$7.50,$24.99,,11,,,,,2003-06-01
146134,Basketball Cards 2003 Topps Chrome,Shawn Marion [Gold Refractor] #28,$15.45,,,$163.78,$180.00,$741.00,$963.00,$445.00,$445.00,,,$4.30,$16.99,,,,,,3,,,,,2003-06-01
146135,Basketball Cards 2003 Topps Chrome,Shawn Marion [Refractor] #28,$1.99,,$23.86,$52.25,$57.00,$100.00,$130.00,$60.00,$60.00,,,,$2.19,,,$7.80,$25.99,,13,,,,,2003-06-01
146136,Basketball Cards 2003 Topps Chrome,Shawn Marion [Xfractor] #28,$17.22,,$17.58,$37.81,$42.00,,,,,,,$4.80,$18.99,,,$4.80,$18.99,,4,,,,,2003-06-01
146590,Basketball Cards 2003 Topps Chrome,Slavko Vranes #146,$1.42,,,$56.23,$62.00,$155.00,$202.00,$93.00,$93.00,,,,$1.59,,,,,,4,,,,,2003-06-01
12215207,Basketball Cards 2003 Topps Chrome,Slavko Vranes [Black Refractor] #146,,,,,,,,,,,,,,,,,,,0,,,,,2003-06-01
146591,Basketball Cards 2003 Topps Chrome,Slavko Vranes [Gold Refractor] #146,$11.58,,$63.22,,,,,,,,,$3.30,$12.99,,,$28.00,$69.99,,2,,,,,2003-06-01
146592,Basketball Cards 2003 Topps Chrome,Slavko Vranes [Refractor] #146,$2.54,,$4.00,$22.50,$25.00,,,,,,,,$2.79,,,$0.90,$4.39,,6,,,,,2003-06-01
12215076,Basketball Cards 2003 Topps Chrome,Slavko Vranes [Serbian Black Refractor] #146,,,,,,,,,,,,,,,,,,,0,,,,,2003-06-01
12215077,Basketball Cards 2003 Topps Chrome,Slavko Vranes [Serbian Gold Refractor] #146,,,,,,,,,,,,,,,,,,,0,,,,,2003-06-01
12215079,Basketball Cards 2003 Topps Chrome,Slavko Vranes [Serbian Refractor] #146,,,$25.00,$28.00,$31.00,$233.50,$304.00,$140.00,$140.00,,,,,,,$8.40,$27.99,,3,,,,,2003-06-01
12215078,Basketball Cards 2003 Topps Chrome,Slavko Vranes [Serbian Xfractor] #146,,,,,,,,,,,,,,,,,,,0,,,,,2003-06-01
146593,Basketball Cards 2003 Topps Chrome,Slavko Vranes [Serbian] #146,$1.49,,,$2.25,$2.00,$32.00,$42.00,$19.00,$19.00,,,,$1.59,,,,,,3,,,,,2003-06-01
12215318,Basketball Cards 2003 Topps Chrome,Slavko Vranes [Xfractor] #146,,,,,,,,,,,,,,,,,,,0,,,,,2003-06-01
146050,Basketball Cards 2003 Topps Chrome,Stephon Marbury #6,$1.57,,,$7.50,$8.00,$20.79,$27.00,$12.00,$12.00,,,,$1.69,,,,,,6,,,,,2003-06-01
146051,Basketball Cards 2003 Topps Chrome,Stephon Marbury [Black Refractor] #6,$18.72,,,$55.00,$61.00,,,,,,,$6.30,$20.99,,,,,,10,,,,,2003-06-01
146052,Basketball Cards 2003 Topps Chrome,Stephon Marbury [Gold Refractor] #6,$123.50,,$166.75,,,,,,,,,$68.00,$136.00,,,$91.50,$183.00,,2,,,,,2003-06-01
146053,Basketball Cards 2003 Topps Chrome,Stephon Marbury [Refractor] #6,$4.18,$9.00,$11.63,$22.24,$24.00,$101.00,$131.00,$61.00,$61.00,,,$0.90,$4.59,$2.00,$9.89,$3.30,$12.99,,18,,,,,2003-06-01
146054,Basketball Cards 2003 Topps Chrome,Stephon Marbury [Xfractor] #6,$27.49,,,$25.00,$28.00,$199.99,$260.00,$120.00,$120.00,,,$9.00,$29.99,,,,,,8,,,,,2003-06-01
146585,Basketball Cards 2003 Topps Chrome,Steve Blake #145,$1.61,,,$17.51,$19.00,$70.00,$91.00,$42.00,$42.00,,,,$1.79,,,,,,7,,,,,2003-06-01
146586,Basketball Cards 2003 Topps Chrome,Steve Blake [Black Refractor] #145,$15.00,,,$8.77,$10.00,,,,,,,$4.30,$16.99,,,,,,7,,,,,2003-06-01
146587,Basketball Cards 2003 Topps Chrome,Steve Blake [Gold Refractor] #145,$175.00,,$72.00,$180.00,$198.00,$500.00,$650.00,$300.00,$300.00,,,$96.50,$193.00,,,$31.60,$78.99,,5,,,,,2003-06-01
146588,Basketball Cards 2003 Topps Chrome,Steve Blake [Refractor] #145,$3.90,,$24.99,$27.00,$32.13,$238.75,$310.00,$143.00,$143.00,,,$0.90,$4.29,,,$8.10,$26.99,,23,,,,,2003-06-01
146589,Basketball Cards 2003 Topps Chrome,Steve Blake [Xfractor] #145,$9.56,,,$30.00,$33.00,,,,,,,$2.80,$10.99,,,,,,2,,,,,2003-06-01
146160,Basketball Cards 2003 Topps Chrome,Steve Francis #35,$1.49,,$1.83,$13.00,$14.00,$70.00,$91.00,$42.00,$42.00,,,,$1.59,,,,$1.99,,7,,,,,2003-06-01
146161,Basketball Cards 2003 Topps Chrome,Steve Francis [Black Refractor] #35,$12.00,$5.50,$11.40,$52.50,$58.00,,,,,,,$3.30,$12.99,$1.20,$6.09,$3.30,$12.99,,9,,,,,2003-06-01
146162,Basketball Cards 2003 Topps Chrome,Steve Francis [Gold Refractor] #35,$100.39,,$69.70,$97.34,$190.00,,,,,,,$55.00,$110.00,,,$30.80,$76.99,,7,,,,,2003-06-01
146163,Basketball Cards 2003 Topps Chrome,Steve Francis [Refractor] #35,$4.23,,$17.58,$30.01,$36.74,$150.00,$195.00,$90.00,$90.00,,,$0.90,$4.69,,,$4.80,$18.99,,14,,,,,2003-06-01
12215256,Basketball Cards 2003 Topps Chrome,Steve Francis [Xfractor] #35,$57.74,,,,,,,,,,,$25.60,$63.99,,,,,,1,,,,,2003-06-01
146077,Basketball Cards 2003 Topps Chrome,Steve Nash #13,$2.06,,$19.99,$22.00,$28.16,$39.36,$51.00,$24.00,$24.00,,,,$2.29,,,$6.60,$21.99,,12,,,,,2003-06-01
146078,Basketball Cards 2003 Topps Chrome,Steve Nash [Black Refractor] #13,$33.59,,$61.56,$116.02,$128.00,$475.00,$618.00,$285.00,$285.00,,,$14.80,$36.99,,,$27.20,$67.99,,9,,,,,2003-06-01
146079,Basketball Cards 2003 Topps Chrome,Steve Nash [Gold Refractor] #13,$176.73,,$287.50,$316.00,$348.00,$787.77,$1024.00,$473.00,$473.00,,,$97.00,$194.00,,,$158.00,$316.00,,8,,,,,2003-06-01
146080,Basketball Cards 2003 Topps Chrome,Steve Nash [Refractor] #13,$6.49,,$13.06,$33.16,$51.96,$129.38,$168.00,$78.00,$78.00,,,$1.40,$7.09,,,$3.50,$13.99,,24,,,,,2003-06-01
4602693,Basketball Cards 2003 Topps Chrome,Steve Nash [Xfractor] #13,$54.88,,$75.00,$99.99,$110.00,$279.49,$363.00,$168.00,$168.00,,,$24.00,$59.99,,,$33.20,$82.99,,8,,,,,2003-06-01
146463,Basketball Cards 2003 Topps Chrome,T.J. Ford #118,$1.87,,$7.88,$18.98,$19.30,$21.75,$28.00,$13.00,$13.00,,,,$2.09,,,$1.70,$8.69,,9,,,,,2003-06-01
12215193,Basketball Cards 2003 Topps Chrome,T.J. Ford [Black Refractor] #118,$18.49,,$30.00,$59.90,$93.26,$279.25,$363.00,$168.00,$168.00,,,$5.00,$19.99,,,$9.90,$32.99,,7,,,,,2003-06-01
146464,Basketball Cards 2003 Topps Chrome,T.J. Ford [Gold Refractor] #118,$40.00,,,$113.78,$125.00,$374.99,$487.00,$225.00,$225.00,,,$17.60,$43.99,,,,,,3,,,,,2003-06-01
146465,Basketball Cards 2003 Topps Chrome,T.J. Ford [Refractor] #118,$3.96,,$8.75,$12.05,$18.75,$220.00,$286.00,$132.00,$132.00,,,$0.90,$4.39,,,$1.90,$9.59,,20,,,,,2003-06-01
146466,Basketball Cards 2003 Topps Chrome,T.J. Ford [Xfractor] #118,$19.95,,,$15.86,$17.00,,,,,,,$6.60,$21.99,,,,,,2,,,,,2003-06-01
146307,Basketball Cards 2003 Topps Chrome,Tayshaun Prince #77,$2.13,,$33.16,$50.31,$55.00,$60.00,$78.00,$36.00,$36.00,,,,$2.29,,,$14.40,$35.99,,7,,,,,2003-06-01
12215167,Basketball Cards 2003 Topps Chrome,Tayshaun Prince [Black Refractor] #77,$39.14,,$63.59,$115.41,$174.71,$556.09,$723.00,$334.00,$334.00,,,$17.20,$42.99,,,$28.00,$69.99,,8,,,,,2003-06-01
146308,Basketball Cards 2003 Topps Chrome,Tayshaun Prince [Gold Refractor] #77,$93.23,,$219.00,$299.99,$330.00,,,,,,,$51.50,$103.00,,,$120.50,$241.00,,4,,,,,2003-06-01
146309,Basketball Cards 2003 Topps Chrome,Tayshaun Prince [Refractor] #77,$5.00,,$12.48,$45.00,$50.00,$225.44,$293.00,$135.00,$135.00,,,$1.10,$5.49,,,$3.50,$13.99,,13,,,,,2003-06-01
12215283,Basketball Cards 2003 Topps Chrome,Tayshaun Prince [Xfractor] #77,,,,,,,,,,,,,,,,,,,0,,,,,2003-06-01
146243,Basketball Cards 2003 Topps Chrome,Theo Ratliff #58,$1.24,,,$9.00,$10.00,$20.30,$26.00,$12.00,$12.00,,,,$1.39,,,,,,3,,,,,2003-06-01
12215157,Basketball Cards 2003 Topps Chrome,Theo Ratliff [Black Refractor] #58,$7.99,,$16.97,$31.53,$51.61,$137.51,$179.00,$83.00,$83.00,,,$1.80,$8.79,,,$4.80,$18.99,,12,,,,,2003-06-01
146244,Basketball Cards 2003 Topps Chrome,Theo Ratliff [Gold Refractor] #58,$26.99,,$50.39,$70.61,$78.00,,,,,,,$9.00,$29.99,,,$22.00,$54.99,,3,,,,,2003-06-01
146245,Basketball Cards 2003 Topps Chrome,Theo Ratliff [Refractor] #58,$2.99,$5.00,$9.48,$29.14,$31.83,$46.00,$60.00,$28.00,$28.00,,,,$3.29,$1.10,$5.49,$2.00,$9.99,,15,,,,,2003-06-01
12215267,Basketball Cards 2003 Topps Chrome,Theo Ratliff [Xfractor] #58,,,,,,,,,,,,,,,,,,,0,,,,,2003-06-01
146643,Basketball Cards 2003 Topps Chrome,Theron Smith #160,$1.27,,$3.25,,,$28.45,$37.00,$17.00,$17.00,,,,$1.39,,,,$3.59,,5,,,,,2003-06-01
146644,Basketball Cards 2003 Topps Chrome,Theron Smith [Black Refractor] #160,$9.99,,$4.50,$24.74,$27.00,$86.01,$112.00,$52.00,$52.00,,,$2.80,$10.99,,,$1.00,$4.99,,5,,,,,2003-06-01
146645,Basketball Cards 2003 Topps Chrome,Theron Smith [Gold Refractor] #160,$56.22,,,,,,,,,,,$24.80,$61.99,,,,,,1,,,,,2003-06-01
146646,Basketball Cards 2003 Topps Chrome,Theron Smith [Refractor] #160,$3.32,,,$27.50,$30.00,$299.50,$389.00,$180.00,$180.00,,,,$3.69,,,,,,8,,,,,2003-06-01
146647,Basketball Cards 2003 Topps Chrome,Theron Smith [Xfractor] #160,$6.86,,,$25.00,$28.00,$120.00,$156.00,$72.00,$72.00,,,$1.50,$7.59,,,,,,3,,,,,2003-06-01
146107,Basketball Cards 2003 Topps Chrome,Tim Duncan #21,$1.99,,$20.00,$24.00,$27.88,$77.50,$101.00,$47.00,$47.00,,,,$2.19,,,$6.60,$21.99,,26,,,,,2003-06-01
146108,Basketball Cards 2003 Topps Chrome,Tim Duncan [Black Refractor] #21,$104.38,,$104.95,$234.10,$295.01,$525.00,$683.00,$315.00,$315.00,,,$57.50,$115.00,,,$57.50,$115.00,,13,,,,,2003-06-01
146109,Basketball Cards 2003 Topps Chrome,Tim Duncan [Gold Refractor] #21,$225.00,,$506.17,$630.01,$914.80,$985.03,$1281.00,$591.00,$591.00,,,$124.00,$248.00,,,$334.20,$557.00,,6,,,,,2003-06-01
146110,Basketball Cards 2003 Topps Chrome,Tim Duncan [Refractor] #21,$26.14,$18.50,$27.08,$58.47,$100.83,$240.88,$313.00,$145.00,$145.00,,,$8.70,$28.99,$5.00,$19.99,$9.00,$29.99,,55,,,,,2003-06-01
146111,Basketball Cards 2003 Topps Chrome,Tim Duncan [Xfractor] #21,$118.28,,$73.78,$123.59,$136.00,$668.90,$870.00,$401.00,$401.00,,,$65.00,$130.00,,,$32.40,$80.99,,6,,,,,2003-06-01
146316,Basketball Cards 2003 Topps Chrome,Tim Thomas #80,$1.50,,,$19.99,$22.00,$77.77,$101.00,$47.00,$47.00,,,,$1.69,,,,,,4,,,,,2003-06-01
12215173,Basketball Cards 2003 Topps Chrome,Tim Thomas [Black Refractor] #80,$8.59,,$17.87,$35.00,$53.99,$145.59,$189.00,$87.00,$87.00,,,$1.90,$9.49,,,$5.00,$19.99,,11,,,,,2003-06-01
146317,Basketball Cards 2003 Topps Chrome,Tim Thomas [Gold Refractor] #80,$58.18,,,$66.35,$73.00,,,,,,,$25.60,$63.99,,,,,,4,,,,,2003-06-01
146318,Basketball Cards 2003 Topps Chrome,Tim Thomas [Refractor] #80,$1.99,,$29.99,$33.00,$36.00,$92.01,$120.00,$55.00,$55.00,,,,$2.19,,,$9.90,$32.99,,16,,,,,2003-06-01
12215286,Basketball Cards 2003 Topps Chrome,Tim Thomas [Xfractor] #80,$17.47,,$31.17,$57.10,$89.14,$265.16,$345.00,$159.00,$159.00,,,$4.80,$18.99,,,$10.20,$33.99,,5,,,,,2003-06-01
146421,Basketball Cards 2003 Topps Chrome,Tony Battie #110,$1.99,,,$4.30,$5.00,,,,,,,,$2.19,,,,,,4,,,,,2003-06-01
12215192,Basketball Cards 2003 Topps Chrome,Tony Battie [Black Refractor] #110,$6.19,,$14.28,$26.70,$44.52,$113.41,$147.00,$68.00,$68.00,,,$1.40,$6.79,,,$4.00,$15.99,,33,,,,,2003-06-01
146422,Basketball Cards 2003 Topps Chrome,Tony Battie [Gold Refractor] #110,$17.11,,$37.56,,,,,,,,,$4.80,$18.99,,,$16.40,$40.99,,2,,,,,2003-06-01
146423,Basketball Cards 2003 Topps Chrome,Tony Battie [Refractor] #110,$2.51,$1.00,$1.25,$29.74,$29.94,$114.26,$149.00,$69.00,$69.00,,,,$2.79,,$1.09,,$1.39,,14,,,,,2003-06-01
12215307,Basketball Cards 2003 Topps Chrome,Tony Battie [Xfractor] #110,,,$25.00,,,,,,,,,,,,,$8.40,$27.99,,1,,,,,2003-06-01
146062,Basketball Cards 2003 Topps Chrome,Tony Parker #9,$1.50,,$5.29,$35.00,$39.00,$40.35,$52.00,$24.00,$24.00,,,,$1.69,,,$1.20,$5.79,,10,,,,,2003-06-01
146063,Basketball Cards 2003 Topps Chrome,Tony Parker [Black Refractor] #9,$36.65,,$44.05,$129.14,$142.00,$522.68,$679.00,$314.00,$314.00,,,$16.00,$39.99,,,$19.20,$47.99,,10,,,,,2003-06-01
146064,Basketball Cards 2003 Topps Chrome,Tony Parker [Gold Refractor] #9,$142.50,$65.00,$157.50,$200.00,$220.00,,,,,,,$78.50,$157.00,$28.80,$71.99,$86.50,$173.00,,7,,,,,2003-06-01
146065,Basketball Cards 2003 Topps Chrome,Tony Parker [Refractor] #9,$11.95,,$22.60,$30.00,$49.75,$240.00,$312.00,$144.00,$144.00,,,$3.30,$12.99,,,$7.50,$24.99,,16,,,,,2003-06-01
12215245,Basketball Cards 2003 Topps Chrome,Tony Parker [Xfractor] #9,$11.30,,$21.91,$40.42,$64.65,$181.84,$236.00,$109.00,$109.00,,,$3.00,$11.99,,,$7.20,$23.99,,8,,,,,2003-06-01
146634,Basketball Cards 2003 Topps Chrome,Torraye Braggs #157,$1.71,,$0.99,$5.33,$6.00,,,,,,,,$1.89,,,,$1.09,,6,,,,,2003-06-01
12215216,Basketball Cards 2003 Topps Chrome,Torraye Braggs [Black Refractor] #157,$6.58,,$0.99,,,,,,,,,$1.40,$7.19,,,,$1.09,,2,,,,,2003-06-01
12215226,Basketball Cards 2003 Topps Chrome,Torraye Braggs [Gold Refractor] #157,,,,,,,,,,,,,,,,,,,0,,,,,2003-06-01
146635,Basketball Cards 2003 Topps Chrome,Torraye Braggs [Refractor] #157,$3.96,,$10.92,$32.38,$35.64,$70.00,$91.00,$42.00,$42.00,,,$0.90,$4.39,,,$3.00,$11.99,,10,,,,,2003-06-01
12215323,Basketball Cards 2003 Topps Chrome,Torraye Braggs [Xfractor] #157,$10.00,,$19.98,$36.95,$59.57,$164.57,$214.00,$99.00,$99.00,,,$2.80,$10.99,,,$6.60,$21.99,,9,,,,,2003-06-01
146029,Basketball Cards 2003 Topps Chrome,Tracy McGrady #1,$1.54,,$7.31,$28.34,$31.00,$85.00,$111.00,$51.00,$51.00,,,,$1.69,,,$1.60,$7.99,,20,,,,,2003-06-01
146030,Basketball Cards 2003 Topps Chrome,Tracy McGrady [Black Refractor] #1,$49.16,,$54.99,$102.63,$214.49,$691.50,$899.00,$415.00,$415.00,,,$21.60,$53.99,,,$24.00,$59.99,,12,,,,,2003-06-01
146031,Basketball Cards 2003 Topps Chrome,Tracy McGrady [Gold Refractor] #1,$298.36,,$324.94,$451.75,$497.00,,,,,,,$164.00,$328.00,,,$178.50,$357.00,,5,,,,,2003-06-01
146032,Basketball Cards 2003 Topps Chrome,Tracy McGrady [Refractor] #1,$17.80,$14.99,$25.30,$44.45,$92.56,$195.00,$254.00,$117.00,$117.00,,,$5.00,$19.99,$4.00,$15.99,$8.40,$27.99,,33,,,,,2003-06-01
3393198,Basketball Cards 2003 Topps Chrome,Tracy McGrady [Xfractor] #1,$74.83,,$48.00,$126.68,$139.00,$354.99,$461.00,$213.00,$213.00,,,$32.80,$81.99,,,$21.20,$52.99,,10,,,,,2003-06-01
146582,Basketball Cards 2003 Topps Chrome,Travis Hansen #144,$1.40,,,$12.50,$14.00,$88.79,$115.00,$53.00,$53.00,,,,$1.49,,,,,,6,,,,,2003-06-01
12215206,Basketball Cards 2003 Topps Chrome,Travis Hansen [Black Refractor] #144,$9.95,,,,,,,,,,,$2.80,$10.99,,,,,,1,,,,,2003-06-01
146583,Basketball Cards 2003 Topps Chrome,Travis Hansen [Gold Refractor] #144,$26.30,,$34.95,,,$399.00,$519.00,$239.00,$239.00,,,$8.70,$28.99,,,$15.20,$37.99,,3,,,,,2003-06-01
146584,Basketball Cards 2003 Topps Chrome,Travis Hansen [Refractor] #144,$2.55,,$4.25,$30.99,$34.00,$53.00,$69.00,$32.00,$32.00,,,,$2.79,,,$0.90,$4.69,,15,,,,,2003-06-01
12215317,Basketball Cards 2003 Topps Chrome,Travis Hansen [Xfractor] #144,,,,,,,,,,,,,,,,,,,0,,,,,2003-06-01
146538,Basketball Cards 2003 Topps Chrome,Travis Outlaw #133,$1.69,,$1.75,,$21.44,$32.00,$42.00,$19.00,$19.00,,,,$1.89,,,,$1.89,,6,,,,,2003-06-01
12215200,Basketball Cards 2003 Topps Chrome,Travis Outlaw [Black Refractor] #133,$11.58,,$22.35,$41.24,$65.86,$186.00,$242.00,$112.00,$112.00,,,$3.30,$12.99,,,$7.50,$24.99,,6,,,,,2003-06-01
146539,Basketball Cards 2003 Topps Chrome,Travis Outlaw [Gold Refractor] #133,$47.03,,,,,$943.39,$1226.00,$566.00,$566.00,,,$20.80,$51.99,,,,,,3,,,,,2003-06-01
146540,Basketball Cards 2003 Topps Chrome,Travis Outlaw [Refractor] #133,$3.99,,$5.50,$22.50,$25.00,$211.55,$275.00,$127.00,$127.00,,,$0.90,$4.39,,,$1.20,$6.09,,20,,,,,2003-06-01
146541,Basketball Cards 2003 Topps Chrome,Travis Outlaw [Xfractor] #133,$11.00,,,$25.19,$28.00,,,,,,,$3.00,$11.99,,,,,,3,,,,,2003-06-01
146500,Basketball Cards 2003 Topps Chrome,Troy Bell #126,$1.47,,$4.99,$10.00,$20.50,$25.43,$33.00,$15.00,$15.00,,,,$1.59,,,$1.10,$5.49,,9,,,,,2003-06-01
146501,Basketball Cards 2003 Topps Chrome,Troy Bell [Black Refractor] #126,$7.80,,$7.50,,,,,,,,,$1.70,$8.59,,,$1.70,$8.29,,4,,,,,2003-06-01
12215224,Basketball Cards 2003 Topps Chrome,Troy Bell [Gold Refractor] #126,$15.50,,,,,,,,,,,$4.30,$16.99,,,,,,1,,,,,2003-06-01
146502,Basketball Cards 2003 Topps Chrome,Troy Bell [Refractor] #126,$3.26,,$9.88,$11.00,$32.90,$150.00,$195.00,$90.00,$90.00,,,,$3.59,,,$2.80,$10.99,,8,,,,,2003-06-01
12215312,Basketball Cards 2003 Topps Chrome,Troy Bell [Xfractor] #126,$17.99,,,$25.00,$28.00,,,,,,,$5.00,$19.99,,,,,,2,,,,,2003-06-01
146412,Basketball Cards 2003 Topps Chrome,Troy Murphy #107,$2.33,,$4.25,$8.01,$9.00,$10.00,$13.00,$6.00,$6.00,,,,$2.59,,,$0.90,$4.69,,4,,,,,2003-06-01
12215190,Basketball Cards 2003 Topps Chrome,Troy Murphy [Black Refractor] #107,,,,,,,,,,,,,,,,,,,0,,,,,2003-06-01
146413,Basketball Cards 2003 Topps Chrome,Troy Murphy [Gold Refractor] #107,$21.50,,$12.99,,,$107.53,$140.00,$65.00,$65.00,,,$7.20,$23.99,,,$3.50,$13.99,,6,,,,,2003-06-01
146414,Basketball Cards 2003 Topps Chrome,Troy Murphy [Refractor] #107,$2.49,$1.54,$8.66,$25.00,$29.67,$300.00,$390.00,$180.00,$180.00,,,,$2.69,,$1.69,$1.90,$9.49,,11,,,,,2003-06-01
12215305,Basketball Cards 2003 Topps Chrome,Troy Murphy [Xfractor] #107,$19.99,,,$20.68,$23.00,,,,,,,$6.60,$21.99,,,,,,2,,,,,2003-06-01
146261,Basketball Cards 2003 Topps Chrome,Tyson Chandler #63,$2.75,,$0.99,$9.20,$10.00,$42.60,$55.00,$26.00,$26.00,,,,$2.99,,,,$1.09,,7,,,,,2003-06-01
146262,Basketball Cards 2003 Topps Chrome,Tyson Chandler [Black Refractor] #63,$7.41,$4.00,$5.58,$31.50,$35.00,,,,,,,$1.60,$8.19,$0.90,$4.39,$1.20,$6.09,,9,,,,,2003-06-01
146263,Basketball Cards 2003 Topps Chrome,Tyson Chandler [Gold Refractor] #63,$14.18,$43.99,$85.00,$85.16,$94.00,,,,,,,$4.00,$15.99,$19.20,$47.99,$37.60,$93.99,,5,,,,,2003-06-01
146264,Basketball Cards 2003 Topps Chrome,Tyson Chandler [Refractor] #63,$2.79,,$0.99,$25.10,$31.04,$108.85,$142.00,$65.00,$65.00,,,,$3.09,,,,$1.09,,10,,,,,2003-06-01
12215273,Basketball Cards 2003 Topps Chrome,Tyson Chandler [Xfractor] #63,$26.00,,,,,,,,,,,$8.70,$28.99,,,,,,1,,,,,2003-06-01
146659,Basketball Cards 2003 Topps Chrome,Udonis Haslem #164,$2.33,,$8.50,$9.00,$22.10,$44.79,$58.00,$27.00,$27.00,,,,$2.59,,,$1.90,$9.39,,22,,,,,2003-06-01
146660,Basketball Cards 2003 Topps Chrome,Udonis Haslem [Black Refractor] #164,$44.27,,$71.34,$120.00,$195.31,$285.00,$371.00,$171.00,$171.00,,,$19.60,$48.99,,,$31.20,$77.99,,10,,,,,2003-06-01
146661,Basketball Cards 2003 Topps Chrome,Udonis Haslem [Gold Refractor] #164,$193.33,,,$788.03,$867.00,,,,,,,$106.50,$213.00,,,,,,2,,,,,2003-06-01
146662,Basketball Cards 2003 Topps Chrome,Udonis Haslem [Refractor] #164,$12.18,,$44.13,$51.00,$57.98,$98.40,$128.00,$59.00,$32.00,,,$3.30,$12.99,,,$19.60,$48.99,,19,,,,,2003-06-01
146663,Basketball Cards 2003 Topps Chrome,Udonis Haslem [Xfractor] #164,$61.98,,,$71.00,$78.00,$389.99,$507.00,$234.00,$234.00,,,$27.20,$67.99,,,,,,6,,,,,2003-06-01
146085,Basketball Cards 2003 Topps Chrome,Vince Carter #15,$1.99,$4.25,$16.05,$18.00,$27.87,$35.79,$47.00,$21.00,$21.00,,,,$2.19,$0.90,$4.69,$4.50,$17.99,,35,,,,,2003-06-01
146086,Basketball Cards 2003 Topps Chrome,Vince Carter [Black Refractor] #15,$79.00,,$136.25,$174.00,$333.11,$1095.31,$1424.00,$657.00,$657.00,,,$34.80,$86.99,,,$75.00,$150.00,,13,,,,,2003-06-01
146087,Basketball Cards 2003 Topps Chrome,Vince Carter [Gold Refractor] #15,$374.99,,$374.98,$412.00,$842.36,,,,,,,$206.00,$412.00,,,$206.00,$412.00,,4,,,,,2003-06-01
146088,Basketball Cards 2003 Topps Chrome,Vince Carter [Refractor] #15,$19.61,,$25.72,$38.50,$82.13,$192.94,$251.00,$116.00,$116.00,,,$6.60,$21.99,,,$8.40,$27.99,,31,,,,,2003-06-01
146089,Basketball Cards 2003 Topps Chrome,Vince Carter [Xfractor] #15,$103.54,,$82.91,$158.50,$174.00,$480.00,$624.00,$288.00,$288.00,,,$57.00,$114.00,,,$36.40,$90.99,,7,,,,,2003-06-01
146093,Basketball Cards 2003 Topps Chrome,Wally Szczerbiak #17,$2.01,,,$3.10,$3.00,$22.20,$29.00,$13.00,$13.00,,,,$2.19,,,,,,5,,,,,2003-06-01
12215129,Basketball Cards 2003 Topps Chrome,Wally Szczerbiak [Black Refractor] #17,$3.99,,,,,,,,,,,$0.90,$4.39,,,,,,1,,,,,2003-06-01
146094,Basketball Cards 2003 Topps Chrome,Wally Szczerbiak [Gold Refractor] #17,$65.41,,,$181.68,$200.00,$898.00,$1167.00,$539.00,$539.00,,,$28.80,$71.99,,,,,,5,,,,,2003-06-01
146095,Basketball Cards 2003 Topps Chrome,Wally Szczerbiak [Refractor] #17,$2.99,,$11.00,$28.75,$31.82,$100.82,$131.00,$60.00,$60.00,,,,$3.29,,,$3.00,$11.99,,10,,,,,2003-06-01
12215249,Basketball Cards 2003 Topps Chrome,Wally Szczerbiak [Xfractor] #17,,,,,,,,,,,,,,,,,,,0,,,,,2003-06-01
146599,Basketball Cards 2003 Topps Chrome,Willie Green #148,$1.59,,,$14.50,$16.00,$42.00,$55.00,$25.00,$25.00,,,,$1.79,,,,,,5,,,,,2003-06-01
146600,Basketball Cards 2003 Topps Chrome,Willie Green [Black Refractor] #148,$9.99,$6.00,$7.60,$35.00,$39.00,,,,,,,$2.80,$10.99,$1.30,$6.59,$1.70,$8.39,,9,,,,,2003-06-01
146601,Basketball Cards 2003 Topps Chrome,Willie Green [Gold Refractor] #148,$24.49,,,,,$300.00,$390.00,$180.00,$180.00,,,$8.10,$26.99,,,,,,2,,,,,2003-06-01
146602,Basketball Cards 2003 Topps Chrome,Willie Green [Refractor] #148,$4.49,,$19.95,$22.00,$37.73,$120.00,$156.00,$72.00,$72.00,,,$1.00,$4.89,,,$6.60,$21.99,,14,,,,,2003-06-01
146603,Basketball Cards 2003 Topps Chrome,Willie Green [Xfractor] #148,$10.14,,,$25.00,$28.00,,,,,,,$2.80,$10.99,,,,,,2,,,,,2003-06-01
146069,Basketball Cards 2003 Topps Chrome,Yao Ming #11,$2.50,$5.99,$12.00,$24.99,$29.78,$49.58,$64.00,$30.00,$30.00,,,,$2.79,$1.30,$6.59,$3.30,$12.99,,48,,,,,2003-06-01
146070,Basketball Cards 2003 Topps Chrome,Yao Ming [Black Refractor] #11,$80.00,,$62.29,$135.08,$149.00,$601.93,$783.00,$361.00,$361.00,,,$35.20,$87.99,,,$27.60,$68.99,,12,,,,,2003-06-01
146071,Basketball Cards 2003 Topps Chrome,Yao Ming [Gold Refractor] #11,$380.56,$237.71,,$484.27,$4999.99,,,,,,,$209.50,$419.00,$130.50,$261.00,,,,5,,,,,2003-06-01
146072,Basketball Cards 2003 Topps Chrome,Yao Ming [Refractor] #11,$16.50,,$39.00,$60.00,$93.00,$166.50,$216.00,$100.00,$100.00,,,$4.50,$17.99,,,$17.20,$42.99,,37,,,,,2003-06-01
146073,Basketball Cards 2003 Topps Chrome,Yao Ming [Xfractor] #11,$98.42,,$175.00,$499.99,$550.00,$950.00,$1235.00,$570.00,$570.00,,,$54.00,$108.00,,,$96.50,$193.00,,5,,,,,2003-06-01
146503,Basketball Cards 2003 Topps Chrome,Zarko Cabarkapa #127,$1.50,,,$18.77,$21.00,$26.57,$35.00,$16.00,$16.00,,,,$1.69,,,,,,3,,,,,2003-06-01
12215197,Basketball Cards 2003 Topps Chrome,Zarko Cabarkapa [Black Refractor] #127,$6.00,,,,,,,,,,,$1.30,$6.59,,,,,,1,,,,,2003-06-01
146504,Basketball Cards 2003 Topps Chrome,Zarko Cabarkapa [Gold Refractor] #127,$25.39,,,,,,,,,,,$8.40,$27.99,,,,,,1,,,,,2003-06-01
146505,Basketball Cards 2003 Topps Chrome,Zarko Cabarkapa [Refractor] #127,$4.99,,$3.34,$17.42,$19.00,$101.25,$132.00,$61.00,$61.00,,,$1.10,$5.49,,,,$3.69,,8,,,,,2003-06-01
12215072,Basketball Cards 2003 Topps Chrome,Zarko Cabarkapa [Serbian Black Refractor] #127,,,$14.50,,,,,,,,,,,,,$4.00,$15.99,,1,,,,,2003-06-01
12215073,Basketball Cards 2003 Topps Chrome,Zarko Cabarkapa [Serbian Gold Refractor] #127,,,,,,,,,,,,,,,,,,,0,,,,,2003-06-01
146507,Basketball Cards 2003 Topps Chrome,Zarko Cabarkapa [Serbian Refractor] #127,$3.22,,$5.55,$20.50,$23.00,$177.26,$230.00,$106.00,$106.00,,,,$3.49,,,$1.20,$6.09,,6,,,,,2003-06-01
12215074,Basketball Cards 2003 Topps Chrome,Zarko Cabarkapa [Serbian Xfractor] #127,,,,,,,,,,,,,,,,,,,0,,,,,2003-06-01
146506,Basketball Cards 2003 Topps Chrome,Zarko Cabarkapa [Serbian] #127,$3.18,,,$7.99,$9.00,$9.99,$13.00,$6.00,$6.00,,,,$3.49,,,,,,3,,,,,2003-06-01
12215310,Basketball Cards 2003 Topps Chrome,Zarko Cabarkapa [Xfractor] #127,$9.95,,,,,,,,,,,$2.80,$10.99,,,,,,1,,,,,2003-06-01
146604,Basketball Cards 2003 Topps Chrome,Zaza Pachulia #149,$1.25,,$0.99,,,$77.76,$101.00,$47.00,$47.00,,,,$1.39,,,,$1.09,,6,,,,,2003-06-01
12215209,Basketball Cards 2003 Topps Chrome,Zaza Pachulia [Black Refractor] #149,$15.50,,,,,,,,,,,$4.30,$16.99,,,,,,1,,,,,2003-06-01
146605,Basketball Cards 2003 Topps Chrome,Zaza Pachulia [Gold Refractor] #149,$109.06,,$119.06,$131.00,$144.00,,,,,,,$60.00,$120.00,,,$65.50,$131.00,,3,,,,,2003-06-01
146606,Basketball Cards 2003 Topps Chrome,Zaza Pachulia [Refractor] #149,$5.12,$0.99,$5.20,$26.00,$29.00,$107.20,$139.00,$64.00,$64.00,,,$1.10,$5.59,,$1.09,$1.10,$5.69,,13,,,,,2003-06-01
12220085,Basketball Cards 2003 Topps Chrome,Zaza Pachulia [Russian Black Refractor] #149,$15.00,,$30.00,,,,,,,,,$4.30,$16.99,,,$9.90,$32.99,,2,,,,,2003-06-01
12220086,Basketball Cards 2003 Topps Chrome,Zaza Pachulia [Russian Gold Refractor] #149,,,,,,,,,,,,,,,,,,,0,,,,,2003-06-01
146608,Basketball Cards 2003 Topps Chrome,Zaza Pachulia [Russian Refractor] #149,$4.21,,$30.00,$31.91,$35.00,$100.00,$130.00,$60.00,$60.00,,,$0.90,$4.59,,,$9.90,$32.99,,7,,,,,2003-06-01
12220087,Basketball Cards 2003 Topps Chrome,Zaza Pachulia [Russian Xfractor] #149,,,,,,,,,,,,,,,,,,,0,,,,,2003-06-01
146607,Basketball Cards 2003 Topps Chrome,Zaza Pachulia [Russian] #149,$1.25,,$9.99,,,$7.59,$10.00,$5.00,$5.00,,,,$1.39,,,$2.80,$10.99,,3,,,,,2003-06-01
12215319,Basketball Cards 2003 Topps Chrome,Zaza Pachulia [Xfractor] #149,,,,,,,,,,,,,,,,,,,0,,,,,2003-06-01
146533,Basketball Cards 2003 Topps Chrome,Zoran Planinic #132,$1.50,,$15.00,$15.52,$17.00,,,,,,,,$1.69,,,$4.30,$16.99,,4,,,,,2003-06-01
12215198,Basketball Cards 2003 Topps Chrome,Zoran Planinic [Black Refractor] #132,$8.88,,,,,,,,,,,$2.00,$9.79,,,,,,1,,,,,2003-06-01
12215088,Basketball Cards 2003 Topps Chrome,Zoran Planinic [Croatian Black Refractor] #132,,,,,,,,,,,,,,,,,,,0,,,,,2003-06-01
12215086,Basketball Cards 2003 Topps Chrome,Zoran Planinic [Croatian Gold Refractor] #132,,,,,,,,,,,,,,,,,,,0,,,,,2003-06-01
12215087,Basketball Cards 2003 Topps Chrome,Zoran Planinic [Croatian Refractor] #132,,,,$79.00,$87.00,,,,,,,,,,,,,,1,,,,,2003-06-01
12215089,Basketball Cards 2003 Topps Chrome,Zoran Planinic [Croatian Xfractor] #132,$24.99,,,,,,,,,,,$8.10,$26.99,,,,,,1,,,,,2003-06-01
146534,Basketball Cards 2003 Topps Chrome,Zoran Planinic [Croatian] #132,$1.19,,,$5.50,$6.00,$134.99,$175.00,$81.00,$81.00,,,,$1.29,,,,,,4,,,,,2003-06-01
146535,Basketball Cards 2003 Topps Chrome,Zoran Planinic [Gold Refractor] #132,$79.00,,,$112.66,$124.00,$1499.00,$1949.00,$899.00,$899.00,,,$34.80,$86.99,,,,,,4,,,,,2003-06-01
146536,Basketball Cards 2003 Topps Chrome,Zoran Planinic [Refractor] #132,$3.34,,$5.50,$22.74,$33.22,$124.94,$162.00,$75.00,$75.00,,,,$3.69,,,$1.20,$6.09,,9,,,,,2003-06-01
146537,Basketball Cards 2003 Topps Chrome,Zoran Planinic [Xfractor] #132,$7.59,,,$3.26,$4.00,,,,,,,$1.70,$8.39,,,,,,2,,,,,2003-06-01
146301,Basketball Cards 2003 Topps Chrome,Zydrunas Ilgauskas #75,$1.64,,$9.99,$29.40,$32.00,$69.26,$90.00,$42.00,$42.00,,,,$1.79,,,$2.80,$10.99,,18,,,,,2003-06-01
12215165,Basketball Cards 2003 Topps Chrome,Zydrunas Ilgauskas [Black Refractor] #75,$10.50,,$20.69,$38.21,$61.39,$170.67,$222.00,$102.00,$102.00,,,$3.00,$11.99,,,$6.90,$22.99,,13,,,,,2003-06-01
146302,Basketball Cards 2003 Topps Chrome,Zydrunas Ilgauskas [Gold Refractor] #75,$70.69,,,$96.28,$106.00,,,,,,,$31.20,$77.99,,,,,,2,,,,,2003-06-01
146303,Basketball Cards 2003 Topps Chrome,Zydrunas Ilgauskas [Refractor] #75,$3.22,,$12.50,$54.69,$60.00,$73.33,$95.00,$44.00,$44.00,,,,$3.49,,,$3.50,$13.99,,8,,,,,2003-06-01
12215281,Basketball Cards 2003 Topps Chrome,Zydrunas Ilgauskas [Xfractor] #75,$19.99,,$34.96,$63.92,$99.17,$299.32,$389.00,$180.00,$180.00,,,$6.60,$21.99,,,$15.20,$37.99,,7,,,,,2003-06-01
