id,console-name,product-name,loose-price,cib-price,new-price,graded-price,box-only-price,manual-only-price,bgs-10-price,condition-17-price,condition-18-price,gamestop-price,gamestop-trade-price,retail-loose-buy,retail-loose-sell,retail-cib-buy,retail-cib-sell,retail-new-buy,retail-new-sell,upc,sales-volume,genre,tcg-id,asin,epid,release-date
137009,Basketball Cards 2014 Panini Prizm,Aaron Gordon #254,$2.64,$4.00,$4.99,$19.95,$23.72,$35.07,$46.00,$21.00,$21.00,,,,$2.89,$0.90,$4.39,$1.10,$5.49,,95,,,,,2014-12-04
12248175,Basketball Cards 2014 Panini Prizm,Aaron Gordon [Black Prizm] #254,,,,,,,,,,,,,,,,,,,0,,,,,2014-12-04
12248512,Basketball Cards 2014 Panini Prizm,Aaron Gordon [Black Pulsar Prizm] #254,,,,,,,,,,,,,,,,,,,0,,,,,2014-12-04
137008,Basketball Cards 2014 Panini Prizm,Aaron Gordon [Blue Mojo Prizm] #254,$19.47,,,,$80.32,$125.00,$163.00,$75.00,$75.00,,,$6.30,$20.99,,,,,,5,,,,,2014-12-04
137007,Basketball Cards 2014 Panini Prizm,Aaron Gordon [Blue Prizm] #254,$50.51,,,$55.00,$145.00,$229.99,$299.00,$138.00,$138.00,,,$22.40,$55.99,,,,,,4,,,,,2014-12-04
136772,Basketball Cards 2014 Panini Prizm,Aaron Gordon [Blue Wave Prizm] #254,$51.50,,,$32.28,$36.00,$50.00,$65.00,$30.00,$30.00,,,$22.80,$56.99,,,,,,3,,,,,2014-12-04
136770,Basketball Cards 2014 Panini Prizm,Aaron Gordon [Blue and Green Prizm] #254,$9.62,,$12.90,$16.49,$39.99,$56.00,$73.00,$34.00,$34.00,,,$2.80,$10.99,,,$3.50,$13.99,,11,,,,,2014-12-04
192382,Basketball Cards 2014 Panini Prizm,Aaron Gordon [Gold Prizm] #254,$12.84,,,$250.00,$275.00,$1372.50,$1784.00,$824.00,$824.00,,,$3.50,$13.99,,,,,,3,,,,,2014-12-04
12249235,Basketball Cards 2014 Panini Prizm,Aaron Gordon [Gold Pulsar Prizm] #254,,,,,,,,,,,,,,,,,,,0,,,,,2014-12-04
136776,Basketball Cards 2014 Panini Prizm,Aaron Gordon [Green Prizm] #254,$12.46,,$15.34,$17.00,$40.00,$40.96,$53.00,$25.00,$21.50,,,$3.50,$13.99,,,$4.30,$16.99,,11,,,,,2014-12-04
137004,Basketball Cards 2014 Panini Prizm,Aaron Gordon [Light Blue Prizm] #254,$68.11,,,,$195.20,,,,,,,$30.00,$74.99,,,,,,2,,,,,2014-12-04
136778,Basketball Cards 2014 Panini Prizm,Aaron Gordon [Orange Die Cut Prizm] #254,$19.76,,,$40.00,$48.00,$48.00,$62.00,$29.00,$29.00,,,$6.60,$21.99,,,,,,5,,,,,2014-12-04
136775,Basketball Cards 2014 Panini Prizm,Aaron Gordon [Prizm] #254,$24.99,,,$46.74,$69.90,$100.00,$225.00,$60.00,$60.00,,,$8.10,$26.99,,,,,,8,,,,,2014-12-04
136779,Basketball Cards 2014 Panini Prizm,Aaron Gordon [Purple Die Cut Prizm] #254,$16.25,,,$50.00,$55.00,,,,,,,$4.50,$17.99,,,,,,3,,,,,2014-12-04
137011,Basketball Cards 2014 Panini Prizm,Aaron Gordon [Red Prizm] #254,$57.95,,,,,$110.50,$144.00,$66.00,$48.00,,,$25.60,$63.99,,,,,,2,,,,,2014-12-04
137010,Basketball Cards 2014 Panini Prizm,Aaron Gordon [Red Pulsar Prizm] #254,$76.14,,,$119.99,$132.00,$222.51,$289.00,$134.00,$134.00,,,$33.60,$83.99,,,,,,4,,,,,2014-12-04
136773,Basketball Cards 2014 Panini Prizm,"Aaron Gordon [Red, White, and Blue Pulsar Prizm] #254",$8.99,,$12.40,$16.61,$34.00,$46.03,$60.00,$28.00,$22.49,,,$2.00,$9.89,,,$3.50,$13.99,,10,,,,,2014-12-04
137006,Basketball Cards 2014 Panini Prizm,Aaron Gordon [Yellow and Red Mosaic Prizm] #254,$4.26,,$14.99,$21.01,$29.43,$95.00,$124.00,$57.00,$57.00,,,$0.90,$4.69,,,$4.00,$15.99,,9,,,,,2014-12-04
190149,Basketball Cards 2014 Panini Prizm,Adreian Payne #264,$1.50,,,,,,,,,,,,$1.69,,,,,,2,,,,,2014-12-04
12248190,Basketball Cards 2014 Panini Prizm,Adreian Payne [Black Prizm] #264,,,,,,,,,,,,,,,,,,,0,,,,,2014-12-04
12248522,Basketball Cards 2014 Panini Prizm,Adreian Payne [Black Pulsar Prizm] #264,,,,,,,,,,,,,,,,,,,0,,,,,2014-12-04
190632,Basketball Cards 2014 Panini Prizm,Adreian Payne [Blue Mojo Prizm] #264,$1.30,,,,,,,,,,,,$1.39,,,,,,1,,,,,2014-12-04
190394,Basketball Cards 2014 Panini Prizm,Adreian Payne [Blue Prizm] #264,$4.00,,,,,,,,,,,$0.90,$4.39,,,,,,1,,,,,2014-12-04
12249022,Basketball Cards 2014 Panini Prizm,Adreian Payne [Blue Wave Prizm] #264,,,,,,,,,,,,,,,,,,,0,,,,,2014-12-04
12248669,Basketball Cards 2014 Panini Prizm,Adreian Payne [Blue and Green Prizm] #264,,,,,,,,,,,,,,,,,,,0,,,,,2014-12-04
192391,Basketball Cards 2014 Panini Prizm,Adreian Payne [Gold Prizm] #264,,,,,$15.50,,,,,,,,,,,,,,1,,,,,2014-12-04
12249249,Basketball Cards 2014 Panini Prizm,Adreian Payne [Gold Pulsar Prizm] #264,,,,,,,,,,,,,,,,,,,0,,,,,2014-12-04
190856,Basketball Cards 2014 Panini Prizm,Adreian Payne [Green Prizm] #264,$1.40,,,,,,,,,,,,$1.49,,,,,,1,,,,,2014-12-04
191622,Basketball Cards 2014 Panini Prizm,Adreian Payne [Light Blue Prizm] #264,$4.50,,,,,,,,,,,$1.00,$4.99,,,,,,1,,,,,2014-12-04
12249526,Basketball Cards 2014 Panini Prizm,Adreian Payne [Orange Die Cut Prizm] #264,,,,,,,,,,,,,,,,,,,0,,,,,2014-12-04
136849,Basketball Cards 2014 Panini Prizm,Adreian Payne [Prizm] #264,$3.99,,,$6.37,$7.00,,,,,,,$0.90,$4.39,,,,,,2,,,,,2014-12-04
192133,Basketball Cards 2014 Panini Prizm,Adreian Payne [Purple Die Cut Prizm] #264,$2.59,,,,,,,,,,,,$2.89,,,,,,1,,,,,2014-12-04
191112,Basketball Cards 2014 Panini Prizm,Adreian Payne [Red Prizm] #264,$1.65,,,,,,,,,,,,$1.79,,,,,,1,,,,,2014-12-04
191876,Basketball Cards 2014 Panini Prizm,Adreian Payne [Red Pulsar Prizm] #264,$12.04,,,,,,,,,,,$3.30,$12.99,,,,,,1,,,,,2014-12-04
191368,Basketball Cards 2014 Panini Prizm,"Adreian Payne [Red, White, and Blue Pulsar Prizm] #264",$2.50,,,,,,,,,,,,$2.79,,,,,,1,,,,,2014-12-04
8666491,Basketball Cards 2014 Panini Prizm,Adreian Payne [Yellow and Red Mosaic Prizm] #264,$1.39,,,,,,,,,,,,$1.49,,,,,,1,,,,,2014-12-04
190086,Basketball Cards 2014 Panini Prizm,Adrian Dantley #151,$2.05,,,,,,,,,,,,$2.29,,,,,,1,,,,,2014-12-04
12248118,Basketball Cards 2014 Panini Prizm,Adrian Dantley [Black Prizm] #151,,,,,,,,,,,,,,,,,,,0,,,,,2014-12-04
12248310,Basketball Cards 2014 Panini Prizm,Adrian Dantley [Black Pulsar Prizm] #151,,,,,,,,,,,,,,,,,,,0,,,,,2014-12-04
190547,Basketball Cards 2014 Panini Prizm,Adrian Dantley [Blue Mojo Prizm] #151,$1.35,,,,,,,,,,,,$1.49,,,,,,1,,,,,2014-12-04
190301,Basketball Cards 2014 Panini Prizm,Adrian Dantley [Blue Prizm] #151,$3.50,,,,,,,,,,,$0.80,$3.89,,,,,,1,,,,,2014-12-04
12248914,Basketball Cards 2014 Panini Prizm,Adrian Dantley [Blue Wave Prizm] #151,$0.99,,,,,,,,,,,,$1.09,,,,,,1,,,,,2014-12-04
12248577,Basketball Cards 2014 Panini Prizm,Adrian Dantley [Blue and Green Prizm] #151,,,,,,,,,,,,,,,,,,,0,,,,,2014-12-04
192294,Basketball Cards 2014 Panini Prizm,Adrian Dantley [Gold Prizm] #151,$108.59,,,,,,,,,,,$59.50,$119.00,,,,,,1,,,,,2014-12-04
12249084,Basketball Cards 2014 Panini Prizm,Adrian Dantley [Gold Pulsar Prizm] #151,,,,,,,,,,,,,,,,,,,0,,,,,2014-12-04
136480,Basketball Cards 2014 Panini Prizm,Adrian Dantley [Green Prizm] #151,$1.49,,,,,,,,,,,,$1.59,,,,,,2,,,,,2014-12-04
191526,Basketball Cards 2014 Panini Prizm,Adrian Dantley [Light Blue Prizm] #151,$10.00,,,,,,,,,,,$2.80,$10.99,,,,,,1,,,,,2014-12-04
12249400,Basketball Cards 2014 Panini Prizm,Adrian Dantley [Orange Die Cut Prizm] #151,$11.75,,,,,,,,,,,$3.30,$12.99,,,,,,1,,,,,2014-12-04
192545,Basketball Cards 2014 Panini Prizm,Adrian Dantley [Prizm] #151,$3.99,,,,,,,,,,,$0.90,$4.39,,,,,,1,,,,,2014-12-04
192032,Basketball Cards 2014 Panini Prizm,Adrian Dantley [Purple Die Cut Prizm] #151,$1.37,,,,,,,,,,,,$1.49,,,,,,3,,,,,2014-12-04
191010,Basketball Cards 2014 Panini Prizm,Adrian Dantley [Red Prizm] #151,$6.29,,,,,,,,,,,$1.40,$6.89,,,,,,1,,,,,2014-12-04
191783,Basketball Cards 2014 Panini Prizm,Adrian Dantley [Red Pulsar Prizm] #151,$22.00,,,,,,,,,,,$7.20,$23.99,,,,,,1,,,,,2014-12-04
191272,Basketball Cards 2014 Panini Prizm,"Adrian Dantley [Red, White, and Blue Pulsar Prizm] #151",$1.74,,,,,,,,,,,,$1.89,,,,,,1,,,,,2014-12-04
12249649,Basketball Cards 2014 Panini Prizm,Adrian Dantley [Yellow and Red Mosaic Prizm] #151,,,,,,,,,,,,,,,,,,,0,,,,,2014-12-04
189980,Basketball Cards 2014 Panini Prizm,Al Horford #7,$1.42,,,,,,,,,,,,$1.59,,,,,,2,,,,,2014-12-04
12247965,Basketball Cards 2014 Panini Prizm,Al Horford [Black Prizm] #7,,,,,,,,,,,,,,,,,,,0,,,,,2014-12-04
12248325,Basketball Cards 2014 Panini Prizm,Al Horford [Black Pulsar Prizm] #7,,,,,,,,,,,,,,,,,,,0,,,,,2014-12-04
190429,Basketball Cards 2014 Panini Prizm,Al Horford [Blue Mojo Prizm] #7,$1.75,,,,$13.78,$30.32,$39.00,$18.00,$18.00,,,,$1.89,,,,,,8,,,,,2014-12-04
190175,Basketball Cards 2014 Panini Prizm,Al Horford [Blue Prizm] #7,$3.76,,,,$8.11,,,,,,,$0.80,$4.09,,,,,,3,,,,,2014-12-04
12248790,Basketball Cards 2014 Panini Prizm,Al Horford [Blue Wave Prizm] #7,,,,,,,,,,,,,,,,,,,0,,,,,2014-12-04
136110,Basketball Cards 2014 Panini Prizm,Al Horford [Blue and Green Prizm] #7,$1.94,,,,,,,,,,,,$2.09,,,,,,1,,,,,2014-12-04
192171,Basketball Cards 2014 Panini Prizm,Al Horford [Gold Prizm] #7,$82.73,,,,,,,,,,,$36.40,$90.99,,,,,,1,,,,,2014-12-04
12249108,Basketball Cards 2014 Panini Prizm,Al Horford [Gold Pulsar Prizm] #7,,,,,,,,,,,,,,,,,,,0,,,,,2014-12-04
136111,Basketball Cards 2014 Panini Prizm,Al Horford [Green Prizm] #7,$0.99,,,,,,,,,,,,$1.09,,,,,,1,,,,,2014-12-04
191400,Basketball Cards 2014 Panini Prizm,Al Horford [Light Blue Prizm] #7,$5.47,,,,,,,,,,,$1.20,$5.99,,,,,,1,,,,,2014-12-04
12249314,Basketball Cards 2014 Panini Prizm,Al Horford [Orange Die Cut Prizm] #7,,,,,,,,,,,,,,,,,,,0,,,,,2014-12-04
136112,Basketball Cards 2014 Panini Prizm,Al Horford [Prizm] #7,$1.88,,,,,,,,,,,,$2.09,,,,,,1,,,,,2014-12-04
191910,Basketball Cards 2014 Panini Prizm,Al Horford [Purple Die Cut Prizm] #7,$3.25,,,,,$22.72,$30.00,$14.00,$14.00,,,,$3.59,,,,,,4,,,,,2014-12-04
190882,Basketball Cards 2014 Panini Prizm,Al Horford [Red Prizm] #7,$6.63,,,,,$54.50,$71.00,$33.00,$33.00,,,$1.50,$7.29,,,,,,2,,,,,2014-12-04
191658,Basketball Cards 2014 Panini Prizm,Al Horford [Red Pulsar Prizm] #7,$16.99,,,,,,,,,,,$4.80,$18.99,,,,,,1,,,,,2014-12-04
191149,Basketball Cards 2014 Panini Prizm,"Al Horford [Red, White, and Blue Pulsar Prizm] #7",$2.25,,,,,,,,,,,,$2.49,,,,,,1,,,,,2014-12-04
136113,Basketball Cards 2014 Panini Prizm,Al Horford [Yellow and Red Mosaic Prizm] #7,$0.99,,,,,,,,,,,,$1.09,,,,,,1,,,,,2014-12-04
189987,Basketball Cards 2014 Panini Prizm,Al Jefferson #17,$1.69,,,,,,,,,,,,$1.89,,,,,,1,,,,,2014-12-04
12247975,Basketball Cards 2014 Panini Prizm,Al Jefferson [Black Prizm] #17,,,,,,,,,,,,,,,,,,,0,,,,,2014-12-04
12248346,Basketball Cards 2014 Panini Prizm,Al Jefferson [Black Pulsar Prizm] #17,,,,,,,,,,,,,,,,,,,0,,,,,2014-12-04
190439,Basketball Cards 2014 Panini Prizm,Al Jefferson [Blue Mojo Prizm] #17,$0.99,,,,,,,,,,,,$1.09,,,,,,1,,,,,2014-12-04
190185,Basketball Cards 2014 Panini Prizm,Al Jefferson [Blue Prizm] #17,$3.25,,,,,,,,,,,,$3.59,,,,,,1,,,,,2014-12-04
12248800,Basketball Cards 2014 Panini Prizm,Al Jefferson [Blue Wave Prizm] #17,,,,,,,,,,,,,,,,,,,0,,,,,2014-12-04
12248664,Basketball Cards 2014 Panini Prizm,Al Jefferson [Blue and Green Prizm] #17,$1.50,,,,,,,,,,,,$1.69,,,,,,1,,,,,2014-12-04
192180,Basketball Cards 2014 Panini Prizm,Al Jefferson [Gold Prizm] #17,$48.89,,,$36.00,$40.00,$102.50,$133.00,$62.00,$62.00,,,$21.60,$53.99,,,,,,3,,,,,2014-12-04
12249125,Basketball Cards 2014 Panini Prizm,Al Jefferson [Gold Pulsar Prizm] #17,,,,,,,,,,,,,,,,,,,0,,,,,2014-12-04
190675,Basketball Cards 2014 Panini Prizm,Al Jefferson [Green Prizm] #17,$1.62,,,,,,,,,,,,$1.79,,,,,,1,,,,,2014-12-04
191409,Basketball Cards 2014 Panini Prizm,Al Jefferson [Light Blue Prizm] #17,$2.50,,,,,,,,,,,,$2.79,,,,,,1,,,,,2014-12-04
12249324,Basketball Cards 2014 Panini Prizm,Al Jefferson [Orange Die Cut Prizm] #17,$2.49,,,,,,,,,,,,$2.69,,,,,,1,,,,,2014-12-04
192437,Basketball Cards 2014 Panini Prizm,Al Jefferson [Prizm] #17,$0.99,,,,,,,,,,,,$1.09,,,,,,1,,,,,2014-12-04
191919,Basketball Cards 2014 Panini Prizm,Al Jefferson [Purple Die Cut Prizm] #17,$2.44,,,,,,,,,,,,$2.69,,,,,,1,,,,,2014-12-04
190892,Basketball Cards 2014 Panini Prizm,Al Jefferson [Red Prizm] #17,$3.50,,,,,,,,,,,$0.80,$3.89,,,,,,1,,,,,2014-12-04
191667,Basketball Cards 2014 Panini Prizm,Al Jefferson [Red Pulsar Prizm] #17,$0.99,,,,,,,,,,,,$1.09,,,,,,1,,,,,2014-12-04
191158,Basketball Cards 2014 Panini Prizm,"Al Jefferson [Red, White, and Blue Pulsar Prizm] #17",$0.25,,,,,,,,,,,,$0.99,,,,,,0,,,,,2014-12-04
12249572,Basketball Cards 2014 Panini Prizm,Al Jefferson [Yellow and Red Mosaic Prizm] #17,$1.95,,,,,,,,,,,,$2.19,,,,,,1,,,,,2014-12-04
190094,Basketball Cards 2014 Panini Prizm,Alex English #164,$1.40,,,,,$29.99,$39.00,$18.00,$18.00,,,,$1.49,,,,,,3,,,,,2014-12-04
12248152,Basketball Cards 2014 Panini Prizm,Alex English [Black Prizm] #164,,,,,,,,,,,,,,,,,,,0,,,,,2014-12-04
12248333,Basketball Cards 2014 Panini Prizm,Alex English [Black Pulsar Prizm] #164,,,,,,,,,,,,,,,,,,,0,,,,,2014-12-04
190556,Basketball Cards 2014 Panini Prizm,Alex English [Blue Mojo Prizm] #164,$5.14,,,,,,,,,,,$1.10,$5.69,,,,,,1,,,,,2014-12-04
190311,Basketball Cards 2014 Panini Prizm,Alex English [Blue Prizm] #164,$2.00,,,,,,,,,,,,$2.19,,,,,,1,,,,,2014-12-04
12248933,Basketball Cards 2014 Panini Prizm,Alex English [Blue Wave Prizm] #164,,,,,,,,,,,,,,,,,,,0,,,,,2014-12-04
12248585,Basketball Cards 2014 Panini Prizm,Alex English [Blue and Green Prizm] #164,,,,,,,,,,,,,,,,,,,0,,,,,2014-12-04
192305,Basketball Cards 2014 Panini Prizm,Alex English [Gold Prizm] #164,$16.50,,,$67.76,$75.00,,,,,,,$4.50,$17.99,,,,,,2,,,,,2014-12-04
12249094,Basketball Cards 2014 Panini Prizm,Alex English [Gold Pulsar Prizm] #164,,,,,,,,,,,,,,,,,,,0,,,,,2014-12-04
190795,Basketball Cards 2014 Panini Prizm,Alex English [Green Prizm] #164,$0.99,,,,,,,,,,,,$1.09,,,,,,2,,,,,2014-12-04
191538,Basketball Cards 2014 Panini Prizm,Alex English [Light Blue Prizm] #164,,,,,,,,,,,,,,,,,,,0,,,,,2014-12-04
12249418,Basketball Cards 2014 Panini Prizm,Alex English [Orange Die Cut Prizm] #164,$0.01,,,,,,,,,,,,$0.99,,,,,,1,,,,,2014-12-04
192556,Basketball Cards 2014 Panini Prizm,Alex English [Prizm] #164,$4.01,,,,,,,,,,,$0.90,$4.39,,,,,,1,,,,,2014-12-04
192045,Basketball Cards 2014 Panini Prizm,Alex English [Purple Die Cut Prizm] #164,$1.64,,,,,,,,,,,,$1.79,,,,,,3,,,,,2014-12-04
191023,Basketball Cards 2014 Panini Prizm,Alex English [Red Prizm] #164,$1.76,,,,,,,,,,,,$1.89,,,,,,1,,,,,2014-12-04
191795,Basketball Cards 2014 Panini Prizm,Alex English [Red Pulsar Prizm] #164,$3.99,,,,,,,,,,,$0.90,$4.39,,,,,,1,,,,,2014-12-04
191283,Basketball Cards 2014 Panini Prizm,"Alex English [Red, White, and Blue Pulsar Prizm] #164",$2.00,,,,,,,,,,,,$2.19,,,,,,1,,,,,2014-12-04
12249667,Basketball Cards 2014 Panini Prizm,Alex English [Yellow and Red Mosaic Prizm] #164,,,,,,,,,,,,,,,,,,,0,,,,,2014-12-04
189993,Basketball Cards 2014 Panini Prizm,Alex Len #27,$1.41,,,,,,,,,,,,$1.59,,,,,,1,,,,,2014-12-04
12247985,Basketball Cards 2014 Panini Prizm,Alex Len [Black Prizm] #27,,,,,,,,,,,,,,,,,,,0,,,,,2014-12-04
12248368,Basketball Cards 2014 Panini Prizm,Alex Len [Black Pulsar Prizm] #27,,,,,,,,,,,,,,,,,,,0,,,,,2014-12-04
190448,Basketball Cards 2014 Panini Prizm,Alex Len [Blue Mojo Prizm] #27,$1.95,,,,,,,,,,,,$2.19,,,,,,1,,,,,2014-12-04
190192,Basketball Cards 2014 Panini Prizm,Alex Len [Blue Prizm] #27,$4.00,,,,,,,,,,,$0.90,$4.39,,,,,,1,,,,,2014-12-04
12248808,Basketball Cards 2014 Panini Prizm,Alex Len [Blue Wave Prizm] #27,,,,,,,,,,,,,,,,,,,0,,,,,2014-12-04
12248676,Basketball Cards 2014 Panini Prizm,Alex Len [Blue and Green Prizm] #27,,,,,,,,,,,,,,,,,,,0,,,,,2014-12-04
192189,Basketball Cards 2014 Panini Prizm,Alex Len [Gold Prizm] #27,$15.83,,,,,,,,,,,$4.30,$16.99,,,,,,1,,,,,2014-12-04
12249143,Basketball Cards 2014 Panini Prizm,Alex Len [Gold Pulsar Prizm] #27,,,,,,,,,,,,,,,,,,,0,,,,,2014-12-04
190683,Basketball Cards 2014 Panini Prizm,Alex Len [Green Prizm] #27,$1.94,,,,,,,,,,,,$2.09,,,,,,1,,,,,2014-12-04
191417,Basketball Cards 2014 Panini Prizm,Alex Len [Light Blue Prizm] #27,$2.34,,,,,,,,,,,,$2.59,,,,,,1,,,,,2014-12-04
12249331,Basketball Cards 2014 Panini Prizm,Alex Len [Orange Die Cut Prizm] #27,,,,,,,,,,,,,,,,,,,0,,,,,2014-12-04
192445,Basketball Cards 2014 Panini Prizm,Alex Len [Prizm] #27,$1.27,,,,,,,,,,,,$1.39,,,,,,1,,,,,2014-12-04
191928,Basketball Cards 2014 Panini Prizm,Alex Len [Purple Die Cut Prizm] #27,$1.77,,,,,,,,,,,,$1.99,,,,,,2,,,,,2014-12-04
190901,Basketball Cards 2014 Panini Prizm,Alex Len [Red Prizm] #27,$0.99,,,,,,,,,,,,$1.09,,,,,,1,,,,,2014-12-04
191677,Basketball Cards 2014 Panini Prizm,Alex Len [Red Pulsar Prizm] #27,$4.99,,,,,,,,,,,$1.10,$5.49,,,,,,1,,,,,2014-12-04
191165,Basketball Cards 2014 Panini Prizm,"Alex Len [Red, White, and Blue Pulsar Prizm] #27",$0.25,,,,,,,,,,,,$0.99,,,,,,0,,,,,2014-12-04
12249579,Basketball Cards 2014 Panini Prizm,Alex Len [Yellow and Red Mosaic Prizm] #27,$0.99,,,,,,,,,,,,$1.09,,,,,,1,,,,,2014-12-04
190099,Basketball Cards 2014 Panini Prizm,Allan Houston #174,$2.21,,,,,,,,,,,,$2.39,,,,,,4,,,,,2014-12-04
12248182,Basketball Cards 2014 Panini Prizm,Allan Houston [Black Prizm] #174,,,,,,,,,,,,,,,,,,,0,,,,,2014-12-04
12248353,Basketball Cards 2014 Panini Prizm,Allan Houston [Black Pulsar Prizm] #174,,,,,,,,,,,,,,,,,,,0,,,,,2014-12-04
190564,Basketball Cards 2014 Panini Prizm,Allan Houston [Blue Mojo Prizm] #174,$3.07,,,,,$49.99,$65.00,$30.00,$30.00,,,,$3.39,,,,,,2,,,,,2014-12-04
190320,Basketball Cards 2014 Panini Prizm,Allan Houston [Blue Prizm] #174,$0.99,,,$6.00,$7.00,,,,,,,,$1.09,,,,,,2,,,,,2014-12-04
12248943,Basketball Cards 2014 Panini Prizm,Allan Houston [Blue Wave Prizm] #174,,,,,,,,,,,,,,,,,,,0,,,,,2014-12-04
12248592,Basketball Cards 2014 Panini Prizm,Allan Houston [Blue and Green Prizm] #174,$0.99,,,,,,,,,,,,$1.09,,,,,,1,,,,,2014-12-04
192314,Basketball Cards 2014 Panini Prizm,Allan Houston [Gold Prizm] #174,,,,$70.00,$77.00,,,,,,,,,,,,,,1,,,,,2014-12-04
12249109,Basketball Cards 2014 Panini Prizm,Allan Houston [Gold Pulsar Prizm] #174,,,,,,,,,,,,,,,,,,,0,,,,,2014-12-04
190801,Basketball Cards 2014 Panini Prizm,Allan Houston [Green Prizm] #174,$2.64,,,,,,,,,,,,$2.89,,,,,,2,,,,,2014-12-04
191548,Basketball Cards 2014 Panini Prizm,Allan Houston [Light Blue Prizm] #174,,,,,,,,,,,,,,,,,,,0,,,,,2014-12-04
10066558,Basketball Cards 2014 Panini Prizm,Allan Houston [Orange Die Cut Prizm] #174,$18.52,,,,,$108.76,$141.00,$65.00,$65.00,,,$5.00,$19.99,,,,,,6,,,,,2014-12-04
136541,Basketball Cards 2014 Panini Prizm,Allan Houston [Prizm] #174,$2.54,,,,,,,,,,,,$2.79,,,,,,1,,,,,2014-12-04
136543,Basketball Cards 2014 Panini Prizm,Allan Houston [Purple Die Cut Prizm] #174,$3.38,,,,,,,,,,,,$3.69,,,,,,2,,,,,2014-12-04
191033,Basketball Cards 2014 Panini Prizm,Allan Houston [Red Prizm] #174,$1.99,,,,,$36.00,$47.00,$22.00,$22.00,,,,$2.19,,,,,,3,,,,,2014-12-04
191804,Basketball Cards 2014 Panini Prizm,Allan Houston [Red Pulsar Prizm] #174,$80.00,,,,,,,,,,,$35.20,$87.99,,,,,,1,,,,,2014-12-04
191293,Basketball Cards 2014 Panini Prizm,"Allan Houston [Red, White, and Blue Pulsar Prizm] #174",$3.01,,,,,,,,,,,,$3.29,,,,,,1,,,,,2014-12-04
12249686,Basketball Cards 2014 Panini Prizm,Allan Houston [Yellow and Red Mosaic Prizm] #174,,,,,,,,,,,,,,,,,,,0,,,,,2014-12-04
190105,Basketball Cards 2014 Panini Prizm,Allen Iverson #184,$2.00,,$6.85,$15.35,$23.15,$25.50,$33.00,$15.00,$15.00,,,,$2.19,,,$1.50,$7.49,,22,,,,,2014-12-04
12248217,Basketball Cards 2014 Panini Prizm,Allen Iverson [Black Prizm] #184,,,,,,,,,,,,,,,,,,,0,,,,,2014-12-04
12248369,Basketball Cards 2014 Panini Prizm,Allen Iverson [Black Pulsar Prizm] #184,,,,,,$115.00,$150.00,$69.00,$69.00,,,,,,,,,,1,,,,,2014-12-04
190572,Basketball Cards 2014 Panini Prizm,Allen Iverson [Blue Mojo Prizm] #184,$40.25,,,$55.00,$61.00,$91.63,$119.00,$55.00,$55.00,,,$17.60,$43.99,,,,,,4,,,,,2014-12-04
136566,Basketball Cards 2014 Panini Prizm,Allen Iverson [Blue Prizm] #184,$45.00,,,$68.00,$75.00,$179.99,$234.00,$108.00,$108.00,,,$20.00,$49.99,,,,,,3,,,,,2014-12-04
136567,Basketball Cards 2014 Panini Prizm,Allen Iverson [Blue Wave Prizm] #184,$20.45,,,,,$122.50,$159.00,$74.00,$74.00,,,$6.90,$22.99,,,,,,2,,,,,2014-12-04
136565,Basketball Cards 2014 Panini Prizm,Allen Iverson [Blue and Green Prizm] #184,$8.50,,$23.75,$26.00,$34.99,$96.53,$125.00,$58.00,$58.00,,,$1.90,$9.39,,,$7.80,$25.99,,8,,,,,2014-12-04
192323,Basketball Cards 2014 Panini Prizm,Allen Iverson [Gold Prizm] #184,,,,,,,,,,,,,,,,,,,0,,,,,2014-12-04
12249124,Basketball Cards 2014 Panini Prizm,Allen Iverson [Gold Pulsar Prizm] #184,,,,,,,,,,,,,,,,,,,0,,,,,2014-12-04
190807,Basketball Cards 2014 Panini Prizm,Allen Iverson [Green Prizm] #184,$17.50,,,$25.39,$28.00,$96.00,$125.00,$58.00,$58.00,,,$4.80,$18.99,,,,,,7,,,,,2014-12-04
191558,Basketball Cards 2014 Panini Prizm,Allen Iverson [Light Blue Prizm] #184,$94.53,,$56.00,$61.86,$68.00,$77.00,$100.00,$46.00,$46.00,,,$52.00,$104.00,,,$24.80,$61.99,,4,,,,,2014-12-04
136568,Basketball Cards 2014 Panini Prizm,Allen Iverson [Orange Die Cut Prizm] #184,$30.00,,,$45.02,$50.00,$66.65,$87.00,$40.00,$40.00,,,$9.90,$32.99,,,,,,3,,,,,2014-12-04
136569,Basketball Cards 2014 Panini Prizm,Allen Iverson [Prizm] #184,$16.85,,$18.68,$50.00,$55.00,$499.99,$650.00,$300.00,$300.00,,,$4.80,$18.99,,,$6.30,$20.99,,8,,,,,2014-12-04
136570,Basketball Cards 2014 Panini Prizm,Allen Iverson [Purple Die Cut Prizm] #184,$32.11,,,$28.00,$31.00,,,,$69.89,,,$10.50,$34.99,,,,,,3,,,,,2014-12-04
191042,Basketball Cards 2014 Panini Prizm,Allen Iverson [Red Prizm] #184,$8.51,,$11.99,$101.75,$112.00,$122.00,$159.00,$73.00,$102.55,,,$1.90,$9.39,,,$3.30,$12.99,,8,,,,,2014-12-04
191814,Basketball Cards 2014 Panini Prizm,Allen Iverson [Red Pulsar Prizm] #184,$295.00,,,$299.00,$329.00,$359.00,$467.00,$215.00,$215.00,,,$162.50,$325.00,,,,,,3,,,,,2014-12-04
191303,Basketball Cards 2014 Panini Prizm,"Allen Iverson [Red, White, and Blue Pulsar Prizm] #184",$19.72,,$21.19,$23.00,$47.63,$85.00,$111.00,$51.00,$43.58,,,$6.60,$21.99,,,$6.90,$22.99,,8,,,,,2014-12-04
12249699,Basketball Cards 2014 Panini Prizm,Allen Iverson [Yellow and Red Mosaic Prizm] #184,$15.00,,$17.31,$25.95,$41.01,$56.72,$74.00,$34.00,$34.00,,,$4.30,$16.99,,,$4.80,$18.99,,9,,,,,2014-12-04
190111,Basketball Cards 2014 Panini Prizm,Alonzo Mourning #193,$2.99,,,$16.99,$19.00,$19.99,$26.00,$12.00,$12.00,,,,$3.29,,,,,,13,,,,,2014-12-04
12248243,Basketball Cards 2014 Panini Prizm,Alonzo Mourning [Black Prizm] #193,,,,,,,,,,,,,,,,,,,0,,,,,2014-12-04
12248387,Basketball Cards 2014 Panini Prizm,Alonzo Mourning [Black Pulsar Prizm] #193,,,,,,,,,,,,,,,,,,,0,,,,,2014-12-04
190578,Basketball Cards 2014 Panini Prizm,Alonzo Mourning [Blue Mojo Prizm] #193,$12.58,,,,$10.51,,,,,,,$3.50,$13.99,,,,,,3,,,,,2014-12-04
190337,Basketball Cards 2014 Panini Prizm,Alonzo Mourning [Blue Prizm] #193,$10.49,,,$14.51,$16.00,,,,,,,$3.00,$11.99,,,,,,2,,,,,2014-12-04
12248969,Basketball Cards 2014 Panini Prizm,Alonzo Mourning [Blue Wave Prizm] #193,,,,,,,,,,,,,,,,,,,0,,,,,2014-12-04
12248608,Basketball Cards 2014 Panini Prizm,Alonzo Mourning [Blue and Green Prizm] #193,,,,,,,,,,,,,,,,,,,0,,,,,2014-12-04
192331,Basketball Cards 2014 Panini Prizm,Alonzo Mourning [Gold Prizm] #193,,,,$348.12,$383.00,,,,,,,,,,,,,,1,,,,,2014-12-04
12249140,Basketball Cards 2014 Panini Prizm,Alonzo Mourning [Gold Pulsar Prizm] #193,,,,,,,,,,,,,,,,,,,0,,,,,2014-12-04
190818,Basketball Cards 2014 Panini Prizm,Alonzo Mourning [Green Prizm] #193,$2.53,,,,,,,,,,,,$2.79,,,,,,3,,,,,2014-12-04
191566,Basketball Cards 2014 Panini Prizm,Alonzo Mourning [Light Blue Prizm] #193,$9.07,,,,,,,,,,,$2.00,$9.99,,,,,,1,,,,,2014-12-04
12249460,Basketball Cards 2014 Panini Prizm,Alonzo Mourning [Orange Die Cut Prizm] #193,$35.99,,,,,,,,,,,$16.00,$39.99,,,,,,1,,,,,2014-12-04
192580,Basketball Cards 2014 Panini Prizm,Alonzo Mourning [Prizm] #193,$2.49,,,,,$112.49,$146.00,$67.00,$67.00,,,,$2.69,,,,,,2,,,,,2014-12-04
192072,Basketball Cards 2014 Panini Prizm,Alonzo Mourning [Purple Die Cut Prizm] #193,$7.40,,,,,,,,,,,$1.60,$8.09,,,,,,2,,,,,2014-12-04
191050,Basketball Cards 2014 Panini Prizm,Alonzo Mourning [Red Prizm] #193,$1.11,,,,,$180.00,$234.00,$108.00,$108.00,,,,$1.19,,,,,,3,,,,,2014-12-04
191823,Basketball Cards 2014 Panini Prizm,Alonzo Mourning [Red Pulsar Prizm] #193,,,,,,,,,,,,,,,,,,,0,,,,,2014-12-04
191312,Basketball Cards 2014 Panini Prizm,"Alonzo Mourning [Red, White, and Blue Pulsar Prizm] #193",$3.49,,,,,,,,,,,$0.80,$3.79,,,,,,2,,,,,2014-12-04
12249706,Basketball Cards 2014 Panini Prizm,Alonzo Mourning [Yellow and Red Mosaic Prizm] #193,$1.25,,,,,,,,,,,,$1.39,,,,,,1,,,,,2014-12-04
190002,Basketball Cards 2014 Panini Prizm,Amare Stoudemire #37,$1.99,,,,,,,,,,,,$2.19,,,,,,1,,,,,2014-12-04
12247995,Basketball Cards 2014 Panini Prizm,Amare Stoudemire [Black Prizm] #37,,,,,,,,,,,,,,,,,,,0,,,,,2014-12-04
12248388,Basketball Cards 2014 Panini Prizm,Amare Stoudemire [Black Pulsar Prizm] #37,,,,,,,,,,,,,,,,,,,0,,,,,2014-12-04
190458,Basketball Cards 2014 Panini Prizm,Amare Stoudemire [Blue Mojo Prizm] #37,$1.99,,,$29.99,$33.00,$69.99,$91.00,$42.00,$42.00,,,,$2.19,,,,,,4,,,,,2014-12-04
190202,Basketball Cards 2014 Panini Prizm,Amare Stoudemire [Blue Prizm] #37,$3.27,,$11.68,$27.54,$52.60,$79.99,$104.00,$48.00,$48.00,,,,$3.59,,,$3.30,$12.99,,14,,,,,2014-12-04
12248818,Basketball Cards 2014 Panini Prizm,Amare Stoudemire [Blue Wave Prizm] #37,$5.66,,$10.84,$17.57,$29.97,$42.67,$55.00,$26.00,$26.00,,,$1.20,$6.19,,,$3.00,$11.99,,7,,,,,2014-12-04
12248684,Basketball Cards 2014 Panini Prizm,Amare Stoudemire [Blue and Green Prizm] #37,$1.75,,,,,,,,,,,,$1.89,,,,,,1,,,,,2014-12-04
192197,Basketball Cards 2014 Panini Prizm,Amare Stoudemire [Gold Prizm] #37,,,,,,$306.77,$399.00,$184.00,$184.00,,,,,,,,,,1,,,,,2014-12-04
12249166,Basketball Cards 2014 Panini Prizm,Amare Stoudemire [Gold Pulsar Prizm] #37,,,,,,,,,,,,,,,,,,,0,,,,,2014-12-04
190693,Basketball Cards 2014 Panini Prizm,Amare Stoudemire [Green Prizm] #37,$1.80,,,,,,,,,,,,$1.99,,,,,,3,,,,,2014-12-04
191426,Basketball Cards 2014 Panini Prizm,Amare Stoudemire [Light Blue Prizm] #37,,,,,,,,,,,,,,,,,,,0,,,,,2014-12-04
12249340,Basketball Cards 2014 Panini Prizm,Amare Stoudemire [Orange Die Cut Prizm] #37,$16.99,,$18.95,$28.09,$43.81,$60.45,$79.00,$36.00,$36.00,,,$4.80,$18.99,,,$6.30,$20.99,,6,,,,,2014-12-04
192454,Basketball Cards 2014 Panini Prizm,Amare Stoudemire [Prizm] #37,$1.19,,,,,,,,,,,,$1.29,,,,,,1,,,,,2014-12-04
191937,Basketball Cards 2014 Panini Prizm,Amare Stoudemire [Purple Die Cut Prizm] #37,$4.33,,,,,,,,,,,$1.00,$4.79,,,,,,3,,,,,2014-12-04
190911,Basketball Cards 2014 Panini Prizm,Amare Stoudemire [Red Prizm] #37,$1.79,,,$15.00,$17.00,$22.50,$29.00,$14.00,$14.00,,,,$1.99,,,,,,4,,,,,2014-12-04
191686,Basketball Cards 2014 Panini Prizm,Amare Stoudemire [Red Pulsar Prizm] #37,,,,,,,,,,,,,,,,,,,0,,,,,2014-12-04
191174,Basketball Cards 2014 Panini Prizm,"Amare Stoudemire [Red, White, and Blue Pulsar Prizm] #37",$4.27,,,,,,,,,,,$0.90,$4.69,,,,,,1,,,,,2014-12-04
12249587,Basketball Cards 2014 Panini Prizm,Amare Stoudemire [Yellow and Red Mosaic Prizm] #37,$2.50,,,,,,,,,,,,$2.79,,,,,,1,,,,,2014-12-04
190009,Basketball Cards 2014 Panini Prizm,Amir Johnson #47,$1.13,,,,,,,,,,,,$1.19,,,,,,2,,,,,2014-12-04
12248005,Basketball Cards 2014 Panini Prizm,Amir Johnson [Black Prizm] #47,,,,,,,,,,,,,,,,,,,0,,,,,2014-12-04
12248407,Basketball Cards 2014 Panini Prizm,Amir Johnson [Black Pulsar Prizm] #47,,,,,,,,,,,,,,,,,,,0,,,,,2014-12-04
190467,Basketball Cards 2014 Panini Prizm,Amir Johnson [Blue Mojo Prizm] #47,$1.67,,,,,,,,,,,,$1.79,,,,,,1,,,,,2014-12-04
190211,Basketball Cards 2014 Panini Prizm,Amir Johnson [Blue Prizm] #47,$1.99,,,,,,,,,,,,$2.19,,,,,,1,,,,,2014-12-04
12248827,Basketball Cards 2014 Panini Prizm,Amir Johnson [Blue Wave Prizm] #47,,,,,,,,,,,,,,,,,,,0,,,,,2014-12-04
12248693,Basketball Cards 2014 Panini Prizm,Amir Johnson [Blue and Green Prizm] #47,,,,,,,,,,,,,,,,,,,0,,,,,2014-12-04
192206,Basketball Cards 2014 Panini Prizm,Amir Johnson [Gold Prizm] #47,$10.45,,,,,,,,,,,$3.00,$11.99,,,,,,1,,,,,2014-12-04
12249188,Basketball Cards 2014 Panini Prizm,Amir Johnson [Gold Pulsar Prizm] #47,,,,,,,,,,,,,,,,,,,0,,,,,2014-12-04
190702,Basketball Cards 2014 Panini Prizm,Amir Johnson [Green Prizm] #47,$1.27,,,,,,,,,,,,$1.39,,,,,,1,,,,,2014-12-04
191435,Basketball Cards 2014 Panini Prizm,Amir Johnson [Light Blue Prizm] #47,$3.40,,,,,,,,,,,,$3.69,,,,,,1,,,,,2014-12-04
12249349,Basketball Cards 2014 Panini Prizm,Amir Johnson [Orange Die Cut Prizm] #47,,,,,,,,,,,,,,,,,,,0,,,,,2014-12-04
192463,Basketball Cards 2014 Panini Prizm,Amir Johnson [Prizm] #47,$1.35,,,,,,,,,,,,$1.49,,,,,,1,,,,,2014-12-04
191946,Basketball Cards 2014 Panini Prizm,Amir Johnson [Purple Die Cut Prizm] #47,$2.51,,,,,,,,,,,,$2.79,,,,,,1,,,,,2014-12-04
190920,Basketball Cards 2014 Panini Prizm,Amir Johnson [Red Prizm] #47,$0.99,,,,,,,,,,,,$1.09,,,,,,1,,,,,2014-12-04
191695,Basketball Cards 2014 Panini Prizm,Amir Johnson [Red Pulsar Prizm] #47,,,,,,,,,,,,,,,,,,,0,,,,,2014-12-04
191183,Basketball Cards 2014 Panini Prizm,"Amir Johnson [Red, White, and Blue Pulsar Prizm] #47",$1.29,,,,,,,,,,,,$1.39,,,,,,1,,,,,2014-12-04
12249596,Basketball Cards 2014 Panini Prizm,Amir Johnson [Yellow and Red Mosaic Prizm] #47,,,,,,,,,,,,,,,,,,,0,,,,,2014-12-04
190013,Basketball Cards 2014 Panini Prizm,Anderson Varejao #57,$1.57,,,,,,,,,,,,$1.69,,,,,,1,,,,,2014-12-04
12248024,Basketball Cards 2014 Panini Prizm,Anderson Varejao [Black Prizm] #57,,,,,,,,,,,,,,,,,,,0,,,,,2014-12-04
12248417,Basketball Cards 2014 Panini Prizm,Anderson Varejao [Black Pulsar Prizm] #57,,,,,,,,,,,,,,,,,,,0,,,,,2014-12-04
190476,Basketball Cards 2014 Panini Prizm,Anderson Varejao [Blue Mojo Prizm] #57,$2.38,,,,,,,,,,,,$2.59,,,,,,1,,,,,2014-12-04
190218,Basketball Cards 2014 Panini Prizm,Anderson Varejao [Blue Prizm] #57,$4.28,,,,,,,,,,,$0.90,$4.69,,,,,,2,,,,,2014-12-04
12248836,Basketball Cards 2014 Panini Prizm,Anderson Varejao [Blue Wave Prizm] #57,,,,,,,,,,,,,,,,,,,0,,,,,2014-12-04
12248700,Basketball Cards 2014 Panini Prizm,Anderson Varejao [Blue and Green Prizm] #57,,,,,,,,,,,,,,,,,,,0,,,,,2014-12-04
192212,Basketball Cards 2014 Panini Prizm,Anderson Varejao [Gold Prizm] #57,$1.50,,,$103.50,$114.00,,,,,,,,$1.69,,,,,,2,,,,,2014-12-04
12249203,Basketball Cards 2014 Panini Prizm,Anderson Varejao [Gold Pulsar Prizm] #57,,,,,,,,,,,,,,,,,,,0,,,,,2014-12-04
190709,Basketball Cards 2014 Panini Prizm,Anderson Varejao [Green Prizm] #57,$1.25,,,,,,,,,,,,$1.39,,,,,,3,,,,,2014-12-04
191443,Basketball Cards 2014 Panini Prizm,Anderson Varejao [Light Blue Prizm] #57,$3.14,,,,,,,,,,,,$3.49,,,,,,1,,,,,2014-12-04
12249368,Basketball Cards 2014 Panini Prizm,Anderson Varejao [Orange Die Cut Prizm] #57,,,,,,,,,,,,,,,,,,,0,,,,,2014-12-04
192471,Basketball Cards 2014 Panini Prizm,Anderson Varejao [Prizm] #57,$1.40,,,,,,,,,,,,$1.49,,,,,,1,,,,,2014-12-04
191953,Basketball Cards 2014 Panini Prizm,Anderson Varejao [Purple Die Cut Prizm] #57,$4.12,,,,,,,,,,,$0.90,$4.49,,,,,,3,,,,,2014-12-04
190928,Basketball Cards 2014 Panini Prizm,Anderson Varejao [Red Prizm] #57,$3.75,,,,,,,,,,,$0.80,$4.09,,,,,,2,,,,,2014-12-04
191703,Basketball Cards 2014 Panini Prizm,Anderson Varejao [Red Pulsar Prizm] #57,$8.82,,,,,,,,,,,$1.90,$9.69,,,,,,1,,,,,2014-12-04
191190,Basketball Cards 2014 Panini Prizm,"Anderson Varejao [Red, White, and Blue Pulsar Prizm] #57",$2.25,,,,,,,,,,,,$2.49,,,,,,1,,,,,2014-12-04
12249603,Basketball Cards 2014 Panini Prizm,Anderson Varejao [Yellow and Red Mosaic Prizm] #57,$1.50,,,,,,,,,,,,$1.69,,,,,,1,,,,,2014-12-04
136240,Basketball Cards 2014 Panini Prizm,Andre Drummond #67,$5.30,,,,,,,,,,,$1.20,$5.79,,,,,,1,,,,,2014-12-04
12248041,Basketball Cards 2014 Panini Prizm,Andre Drummond [Black Prizm] #67,,,,,,,,,,,,,,,,,,,0,,,,,2014-12-04
12248429,Basketball Cards 2014 Panini Prizm,Andre Drummond [Black Pulsar Prizm] #67,,,,,,,,,,,,,,,,,,,0,,,,,2014-12-04
190485,Basketball Cards 2014 Panini Prizm,Andre Drummond [Blue Mojo Prizm] #67,$4.34,,,,,,,,,,,$1.00,$4.79,,,,,,1,,,,,2014-12-04
190228,Basketball Cards 2014 Panini Prizm,Andre Drummond [Blue Prizm] #67,$1.00,,,,,,,,,,,,$1.09,,,,,,1,,,,,2014-12-04
12248857,Basketball Cards 2014 Panini Prizm,Andre Drummond [Blue Wave Prizm] #67,,,,,,,,,,,,,,,,,,,0,,,,,2014-12-04
12248719,Basketball Cards 2014 Panini Prizm,Andre Drummond [Blue and Green Prizm] #67,,,,,,,,,,,,,,,,,,,0,,,,,2014-12-04
192221,Basketball Cards 2014 Panini Prizm,Andre Drummond [Gold Prizm] #67,$62.78,,,,$55.33,,,,,,,$27.60,$68.99,,,,,,2,,,,,2014-12-04
12249221,Basketball Cards 2014 Panini Prizm,Andre Drummond [Gold Pulsar Prizm] #67,,,,,,,,,,,,,,,,,,,0,,,,,2014-12-04
190718,Basketball Cards 2014 Panini Prizm,Andre Drummond [Green Prizm] #67,$1.36,,,,,,,,,,,,$1.49,,,,,,1,,,,,2014-12-04
191452,Basketball Cards 2014 Panini Prizm,Andre Drummond [Light Blue Prizm] #67,$4.00,,,,,,,,,,,$0.90,$4.39,,,,,,1,,,,,2014-12-04
12249389,Basketball Cards 2014 Panini Prizm,Andre Drummond [Orange Die Cut Prizm] #67,,,,,,,,,,,,,,,,,,,0,,,,,2014-12-04
192479,Basketball Cards 2014 Panini Prizm,Andre Drummond [Prizm] #67,$3.13,,,,,,,,,,,,$3.39,,,,,,1,,,,,2014-12-04
191963,Basketball Cards 2014 Panini Prizm,Andre Drummond [Purple Die Cut Prizm] #67,$2.99,,,$5.50,$6.00,,,,,,,,$3.29,,,,,,3,,,,,2014-12-04
190938,Basketball Cards 2014 Panini Prizm,Andre Drummond [Red Prizm] #67,$3.34,,,,,,,,,,,,$3.69,,,,,,1,,,,,2014-12-04
191713,Basketball Cards 2014 Panini Prizm,Andre Drummond [Red Pulsar Prizm] #67,$4.64,,,,,,,,,,,$1.00,$5.09,,,,,,1,,,,,2014-12-04
191200,Basketball Cards 2014 Panini Prizm,"Andre Drummond [Red, White, and Blue Pulsar Prizm] #67",$1.04,,,,,,,,,,,,$1.09,,,,,,1,,,,,2014-12-04
12249613,Basketball Cards 2014 Panini Prizm,Andre Drummond [Yellow and Red Mosaic Prizm] #67,,,,,,,,,,,,,,,,,,,0,,,,,2014-12-04
136268,Basketball Cards 2014 Panini Prizm,Andre Iguodala #77,$0.99,,,,,,,,,,,,$1.09,,,,,,4,,,,,2014-12-04
12248057,Basketball Cards 2014 Panini Prizm,Andre Iguodala [Black Prizm] #77,,,,,,,,,,,,,,,,,,,0,,,,,2014-12-04
12248445,Basketball Cards 2014 Panini Prizm,Andre Iguodala [Black Pulsar Prizm] #77,,,,,,,,,,,,,,,,,,,0,,,,,2014-12-04
190494,Basketball Cards 2014 Panini Prizm,Andre Iguodala [Blue Mojo Prizm] #77,$5.51,,,,,,,,,,,$1.20,$6.09,,,,,,1,,,,,2014-12-04
136269,Basketball Cards 2014 Panini Prizm,Andre Iguodala [Blue Prizm] #77,$19.02,,,$63.15,$69.00,,,,,,,$6.30,$20.99,,,,,,2,,,,,2014-12-04
12248873,Basketball Cards 2014 Panini Prizm,Andre Iguodala [Blue Wave Prizm] #77,,,,,,,,,,,,,,,,,,,0,,,,,2014-12-04
12248730,Basketball Cards 2014 Panini Prizm,Andre Iguodala [Blue and Green Prizm] #77,$4.99,,,,,,,,,,,$1.10,$5.49,,,,,,1,,,,,2014-12-04
192229,Basketball Cards 2014 Panini Prizm,Andre Iguodala [Gold Prizm] #77,,,,,,,,,,,,,,,,,,,0,,,,,2014-12-04
12249234,Basketball Cards 2014 Panini Prizm,Andre Iguodala [Gold Pulsar Prizm] #77,,,,,,,,,,,,,,,,,,,0,,,,,2014-12-04
190727,Basketball Cards 2014 Panini Prizm,Andre Iguodala [Green Prizm] #77,$3.74,,,,,$65.00,$85.00,$39.00,$39.00,,,$0.80,$4.09,,,,,,5,,,,,2014-12-04
191460,Basketball Cards 2014 Panini Prizm,Andre Iguodala [Light Blue Prizm] #77,$40.92,,,,,,,,,,,$18.00,$44.99,,,,,,1,,,,,2014-12-04
12249410,Basketball Cards 2014 Panini Prizm,Andre Iguodala [Orange Die Cut Prizm] #77,$4.99,,,,,,,,,,,$1.10,$5.49,,,,,,1,,,,,2014-12-04
192487,Basketball Cards 2014 Panini Prizm,Andre Iguodala [Prizm] #77,$7.33,,$28.00,,,,,,,,,$1.60,$8.09,,,$9.30,$30.99,,2,,,,,2014-12-04
191971,Basketball Cards 2014 Panini Prizm,Andre Iguodala [Purple Die Cut Prizm] #77,$6.55,,,$43.44,$48.00,,,,,,,$1.40,$7.19,,,,,,3,,,,,2014-12-04
136270,Basketball Cards 2014 Panini Prizm,Andre Iguodala [Red Prizm] #77,$2.70,,,,,,,,,,,,$2.99,,,,,,1,,,,,2014-12-04
191722,Basketball Cards 2014 Panini Prizm,Andre Iguodala [Red Pulsar Prizm] #77,$43.72,,,,,$130.00,$169.00,$78.00,$78.00,,,$19.20,$47.99,,,,,,2,,,,,2014-12-04
191209,Basketball Cards 2014 Panini Prizm,"Andre Iguodala [Red, White, and Blue Pulsar Prizm] #77",$3.49,,,,,,,,,,,$0.80,$3.79,,,,,,2,,,,,2014-12-04
12249625,Basketball Cards 2014 Panini Prizm,Andre Iguodala [Yellow and Red Mosaic Prizm] #77,$3.00,,,,,,,,,,,,$3.29,,,,,,1,,,,,2014-12-04
190038,Basketball Cards 2014 Panini Prizm,Andrew Bogut #87,$1.69,,,,,,,,,,,,$1.89,,,,,,2,,,,,2014-12-04
12248074,Basketball Cards 2014 Panini Prizm,Andrew Bogut [Black Prizm] #87,,,,,,,,,,,,,,,,,,,0,,,,,2014-12-04
12248469,Basketball Cards 2014 Panini Prizm,Andrew Bogut [Black Pulsar Prizm] #87,,,,,,,,,,,,,,,,,,,0,,,,,2014-12-04
190502,Basketball Cards 2014 Panini Prizm,Andrew Bogut [Blue Mojo Prizm] #87,$0.30,,,,,,,,,,,,$0.99,,,,,,1,,,,,2014-12-04
190245,Basketball Cards 2014 Panini Prizm,Andrew Bogut [Blue Prizm] #87,$9.67,,,,,,,,,,,$2.80,$10.99,,,,,,1,,,,,2014-12-04
12248890,Basketball Cards 2014 Panini Prizm,Andrew Bogut [Blue Wave Prizm] #87,,,,,,,,,,,,,,,,,,,0,,,,,2014-12-04
12248749,Basketball Cards 2014 Panini Prizm,Andrew Bogut [Blue and Green Prizm] #87,$2.00,,,,,,,,,,,,$2.19,,,,,,1,,,,,2014-12-04
192238,Basketball Cards 2014 Panini Prizm,Andrew Bogut [Gold Prizm] #87,,,,,,,,,,,,,,,,,,,0,,,,,2014-12-04
12249252,Basketball Cards 2014 Panini Prizm,Andrew Bogut [Gold Pulsar Prizm] #87,,,,,,,,,,,,,,,,,,,0,,,,,2014-12-04
190736,Basketball Cards 2014 Panini Prizm,Andrew Bogut [Green Prizm] #87,$2.12,,,,,,,,,,,,$2.29,,,,,,1,,,,,2014-12-04
191469,Basketball Cards 2014 Panini Prizm,Andrew Bogut [Light Blue Prizm] #87,$3.00,,,,,,,,,,,,$3.29,,,,,,1,,,,,2014-12-04
12249426,Basketball Cards 2014 Panini Prizm,Andrew Bogut [Orange Die Cut Prizm] #87,$1.59,,,,,,,,,,,,$1.79,,,,,,1,,,,,2014-12-04
192495,Basketball Cards 2014 Panini Prizm,Andrew Bogut [Prizm] #87,$1.50,,,,,,,,,,,,$1.69,,,,,,1,,,,,2014-12-04
191979,Basketball Cards 2014 Panini Prizm,Andrew Bogut [Purple Die Cut Prizm] #87,$2.99,,,,,,,,,,,,$3.29,,,,,,1,,,,,2014-12-04
190953,Basketball Cards 2014 Panini Prizm,Andrew Bogut [Red Prizm] #87,$1.75,,,,,,,,,,,,$1.89,,,,,,1,,,,,2014-12-04
191729,Basketball Cards 2014 Panini Prizm,Andrew Bogut [Red Pulsar Prizm] #87,$13.71,,,,,$20.50,$27.00,$12.00,$12.00,,,$3.80,$14.99,,,,,,2,,,,,2014-12-04
191218,Basketball Cards 2014 Panini Prizm,"Andrew Bogut [Red, White, and Blue Pulsar Prizm] #87",$1.93,,,,,,,,,,,,$2.09,,,,,,1,,,,,2014-12-04
12249644,Basketball Cards 2014 Panini Prizm,Andrew Bogut [Yellow and Red Mosaic Prizm] #87,$1.51,,,,,,,,,,,,$1.69,,,,,,1,,,,,2014-12-04
136735,Basketball Cards 2014 Panini Prizm,Andrew Wiggins #251,$2.68,$3.00,$3.64,$4.92,$13.00,$13.28,$42.00,$8.00,$8.00,,,,$2.99,,$3.29,$0.80,$3.99,,86,,,,,2014-12-04
12248172,Basketball Cards 2014 Panini Prizm,Andrew Wiggins [Black Prizm] #251,,,,,,,,,,,,,,,,,,,0,,,,,2014-12-04
12248509,Basketball Cards 2014 Panini Prizm,Andrew Wiggins [Black Pulsar Prizm] #251,,,,,,,,,,,,,,,,,,,0,,,,,2014-12-04
136737,Basketball Cards 2014 Panini Prizm,Andrew Wiggins [Blue Mojo Prizm] #251,$9.99,,,$11.00,$62.52,$258.60,$336.00,$155.00,$155.00,,,$2.80,$10.99,,,,,,7,,,,,2014-12-04
136738,Basketball Cards 2014 Panini Prizm,Andrew Wiggins [Blue Prizm] #251,$22.50,,$15.50,$121.25,$125.18,$511.00,$664.00,$307.00,$307.00,,,$7.50,$24.99,,,$4.30,$16.99,,5,,,,,2014-12-04
136739,Basketball Cards 2014 Panini Prizm,Andrew Wiggins [Blue Wave Prizm] #251,$5.47,,$20.50,,$20.50,,$388.88,,,,,$1.20,$5.99,,,$6.90,$22.99,,3,,,,,2014-12-04
136736,Basketball Cards 2014 Panini Prizm,Andrew Wiggins [Blue and Green Prizm] #251,$4.86,,$9.28,$14.03,$30.50,$100.13,$300.00,$60.00,$60.00,,,$1.10,$5.39,,,$2.00,$9.99,,14,,,,,2014-12-04
136740,Basketball Cards 2014 Panini Prizm,Andrew Wiggins [Gold Prizm] #251,$349.99,,,,$1554.00,$1586.00,$2062.00,$952.00,$952.00,,,$192.50,$385.00,,,,,,2,,,,,2014-12-04
136741,Basketball Cards 2014 Panini Prizm,Andrew Wiggins [Gold Pulsar Prizm] #251,,,,,,,,,,,,,,,,,,,0,,,,,2014-12-04
136742,Basketball Cards 2014 Panini Prizm,Andrew Wiggins [Green Prizm] #251,$6.82,,$15.27,$18.51,$39.00,$39.99,$69.00,$24.00,$24.00,,,$1.50,$7.49,,,$4.30,$16.99,,16,,,,,2014-12-04
136743,Basketball Cards 2014 Panini Prizm,Andrew Wiggins [Light Blue Prizm] #251,$109.45,,,,$299.00,$305.00,$397.00,$183.00,$183.00,,,$60.00,$120.00,,,,,,3,,,,,2014-12-04
136744,Basketball Cards 2014 Panini Prizm,Andrew Wiggins [Orange Die Cut Prizm] #251,$8.50,,,$40.67,$102.51,$126.33,$675.00,$76.00,$76.00,,,$1.90,$9.39,,,,,,5,,,,,2014-12-04
136746,Basketball Cards 2014 Panini Prizm,Andrew Wiggins [Purple Die Cut Prizm] #251,$13.25,,,$19.50,$21.00,$160.14,$217.09,$96.00,$96.00,,,$3.80,$14.99,,,,,,5,,,,,2014-12-04
136747,Basketball Cards 2014 Panini Prizm,Andrew Wiggins [Red Prizm] #251,$57.26,,$71.50,$224.44,$224.50,$500.02,$650.00,$300.00,$300.00,,,$25.20,$62.99,,,$31.60,$78.99,,5,,,,,2014-12-04
136748,Basketball Cards 2014 Panini Prizm,Andrew Wiggins [Red Pulsar Prizm] #251,,,,,$470.00,,,,,,,,,,,,,,1,,,,,2014-12-04
136749,Basketball Cards 2014 Panini Prizm,"Andrew Wiggins [Red, White, and Blue Pulsar Prizm] #251",$7.41,,$43.04,$47.00,$58.01,$66.50,$137.50,$40.00,$40.00,,,$1.60,$8.19,,,$18.80,$46.99,,11,,,,,2014-12-04
162135,Basketball Cards 2014 Panini Prizm,Andrew Wiggins [Silver Prizm] #251,$21.24,,$22.72,$101.31,$111.00,$150.00,$250.00,$90.00,$90.00,,,$6.90,$22.99,,,$7.50,$24.99,,14,,,,,2014-06-01
136750,Basketball Cards 2014 Panini Prizm,Andrew Wiggins [Yellow and Red Mosaic Prizm] #251,$19.99,,,$25.82,$40.00,$54.00,$244.91,$32.00,$32.00,,,$6.60,$21.99,,,,,,11,,,,,2014-12-04
190118,Basketball Cards 2014 Panini Prizm,Anfernee Hardaway #203,$3.23,,$7.64,$22.92,$24.50,$29.99,$39.00,$18.00,$18.00,,,,$3.59,,,$1.70,$8.39,,12,,,,,2014-12-04
12248253,Basketball Cards 2014 Panini Prizm,Anfernee Hardaway [Black Prizm] #203,,,,,,,,,,,,,,,,,,,0,,,,,2014-12-04
12248419,Basketball Cards 2014 Panini Prizm,Anfernee Hardaway [Black Pulsar Prizm] #203,,,,,,,,,,,,,,,,,,,0,,,,,2014-12-04
136604,Basketball Cards 2014 Panini Prizm,Anfernee Hardaway [Blue Mojo Prizm] #203,$49.78,,,$64.90,$71.00,$78.72,$102.00,$47.00,$47.00,,,$22.00,$54.99,,,,,,4,,,,,2014-12-04
190346,Basketball Cards 2014 Panini Prizm,Anfernee Hardaway [Blue Prizm] #203,$44.89,,,,,$100.79,$131.00,$60.00,$60.00,,,$19.60,$48.99,,,,,,3,,,,,2014-12-04
12248986,Basketball Cards 2014 Panini Prizm,Anfernee Hardaway [Blue Wave Prizm] #203,,,,,,,,,,,,,,,,,,,0,,,,,2014-12-04
12248616,Basketball Cards 2014 Panini Prizm,Anfernee Hardaway [Blue and Green Prizm] #203,$7.03,,$10.77,$17.48,$29.85,$42.61,$55.00,$26.00,$26.00,,,$1.50,$7.69,,,$3.00,$11.99,,7,,,,,2014-12-04
136605,Basketball Cards 2014 Panini Prizm,Anfernee Hardaway [Gold Prizm] #203,$1.99,,,$739.00,$745.00,$2473.55,$3216.00,$1484.00,$1484.00,,,,$2.19,,,,,,4,,,,,2014-12-04
12249157,Basketball Cards 2014 Panini Prizm,Anfernee Hardaway [Gold Pulsar Prizm] #203,,,,,,,,,,,,,,,,,,,0,,,,,2014-12-04
190824,Basketball Cards 2014 Panini Prizm,Anfernee Hardaway [Green Prizm] #203,$7.99,,$21.50,$24.00,$31.20,$58.28,$76.00,$35.00,$35.00,,,$1.80,$8.79,,,$7.20,$23.99,,10,,,,,2014-12-04
191576,Basketball Cards 2014 Panini Prizm,Anfernee Hardaway [Light Blue Prizm] #203,$57.75,,,$99.44,$109.00,,,,,,,$25.60,$63.99,,,,,,2,,,,,2014-12-04
12249477,Basketball Cards 2014 Panini Prizm,Anfernee Hardaway [Orange Die Cut Prizm] #203,,,,,,,,,,,,,,,,,,,0,,,,,2014-12-04
136606,Basketball Cards 2014 Panini Prizm,Anfernee Hardaway [Prizm] #203,$11.16,,,$28.25,$31.00,$137.68,$179.00,$83.00,$83.00,,,$3.00,$11.99,,,,,,5,,,,,2014-12-04
192082,Basketball Cards 2014 Panini Prizm,Anfernee Hardaway [Purple Die Cut Prizm] #203,$24.99,,,$41.00,$45.00,,,,,,,$8.10,$26.99,,,,,,4,,,,,2014-12-04
191060,Basketball Cards 2014 Panini Prizm,Anfernee Hardaway [Red Prizm] #203,$57.50,,,,,,,,,,,$25.20,$62.99,,,,,,1,,,,,2014-12-04
191833,Basketball Cards 2014 Panini Prizm,Anfernee Hardaway [Red Pulsar Prizm] #203,,,,,,$275.00,$358.00,$165.00,$165.00,,,,,,,,,,1,,,,,2014-12-04
191321,Basketball Cards 2014 Panini Prizm,"Anfernee Hardaway [Red, White, and Blue Pulsar Prizm] #203",$3.28,,,,,$21.50,$28.00,$13.00,$13.00,,,,$3.59,,,,,,4,,,,,2014-12-04
136607,Basketball Cards 2014 Panini Prizm,Anfernee Hardaway [Yellow and Red Mosaic Prizm] #203,$4.60,,,$11.11,$12.00,$51.08,$66.00,$31.00,$31.00,,,$1.00,$5.09,,,,,,6,,,,,2014-12-04
190045,Basketball Cards 2014 Panini Prizm,Anthony Bennett #97,$1.59,,,,,,,,,,,,$1.79,,,,,,1,,,,,2014-12-04
12248091,Basketball Cards 2014 Panini Prizm,Anthony Bennett [Black Prizm] #97,,,,,,,,,,,,,,,,,,,0,,,,,2014-12-04
12248488,Basketball Cards 2014 Panini Prizm,Anthony Bennett [Black Pulsar Prizm] #97,,,,,,,,,,,,,,,,,,,0,,,,,2014-12-04
136326,Basketball Cards 2014 Panini Prizm,Anthony Bennett [Blue Mojo Prizm] #97,$2.23,,,,,,,,,,,,$2.49,,,,,,1,,,,,2014-12-04
190253,Basketball Cards 2014 Panini Prizm,Anthony Bennett [Blue Prizm] #97,$2.27,,,,,,,,,,,,$2.49,,,,,,1,,,,,2014-12-04
12248903,Basketball Cards 2014 Panini Prizm,Anthony Bennett [Blue Wave Prizm] #97,,,,,,,,,,,,,,,,,,,0,,,,,2014-12-04
12248757,Basketball Cards 2014 Panini Prizm,Anthony Bennett [Blue and Green Prizm] #97,,,,,,,,,,,,,,,,,,,0,,,,,2014-12-04
192248,Basketball Cards 2014 Panini Prizm,Anthony Bennett [Gold Prizm] #97,$20.13,,,,,,,,,,,$6.60,$21.99,,,,,,1,,,,,2014-12-04
12249287,Basketball Cards 2014 Panini Prizm,Anthony Bennett [Gold Pulsar Prizm] #97,,,,,,,,,,,,,,,,,,,0,,,,,2014-12-04
190744,Basketball Cards 2014 Panini Prizm,Anthony Bennett [Green Prizm] #97,$1.62,,,,,,,,,,,,$1.79,,,,,,2,,,,,2014-12-04
191477,Basketball Cards 2014 Panini Prizm,Anthony Bennett [Light Blue Prizm] #97,$6.00,,,,,,,,,,,$1.30,$6.59,,,,,,1,,,,,2014-12-04
12249443,Basketball Cards 2014 Panini Prizm,Anthony Bennett [Orange Die Cut Prizm] #97,,,,,,,,,,,,,,,,,,,0,,,,,2014-12-04
192502,Basketball Cards 2014 Panini Prizm,Anthony Bennett [Prizm] #97,$1.11,,,,,,,,,,,,$1.19,,,,,,1,,,,,2014-12-04
191986,Basketball Cards 2014 Panini Prizm,Anthony Bennett [Purple Die Cut Prizm] #97,$2.22,,,,,,,,,,,,$2.39,,,,,,1,,,,,2014-12-04
190962,Basketball Cards 2014 Panini Prizm,Anthony Bennett [Red Prizm] #97,$5.50,,,,,,,,,,,$1.20,$6.09,,,,,,1,,,,,2014-12-04
191738,Basketball Cards 2014 Panini Prizm,Anthony Bennett [Red Pulsar Prizm] #97,$1.25,,,,,,,,,,,,$1.39,,,,,,1,,,,,2014-12-04
191226,Basketball Cards 2014 Panini Prizm,"Anthony Bennett [Red, White, and Blue Pulsar Prizm] #97",$1.96,,,,,,,,,,,,$2.19,,,,,,1,,,,,2014-12-04
12249656,Basketball Cards 2014 Panini Prizm,Anthony Bennett [Yellow and Red Mosaic Prizm] #97,,,,,,,,,,,,,,,,,,,0,,,,,2014-12-04
136351,Basketball Cards 2014 Panini Prizm,Anthony Davis #107,$3.64,$2.25,$4.25,$7.28,$21.74,$26.50,$34.00,$16.00,$30.00,,,$0.80,$3.99,,$2.49,$0.90,$4.69,,24,,,,,2014-12-04
12248016,Basketball Cards 2014 Panini Prizm,Anthony Davis [Black Prizm] #107,,,,,,,,,,,,,,,,,,,0,,,,,2014-12-04
12248266,Basketball Cards 2014 Panini Prizm,Anthony Davis [Black Pulsar Prizm] #107,,,,,,,,,,,,,,,,,,,0,,,,,2014-12-04
136356,Basketball Cards 2014 Panini Prizm,Anthony Davis [Blue Mojo Prizm] #107,$14.26,,,$18.75,$21.00,$89.37,$116.00,$54.00,$54.00,,,$4.00,$15.99,,,,,,4,,,,,2014-12-04
136357,Basketball Cards 2014 Panini Prizm,Anthony Davis [Blue Prizm] #107,$7.99,,,$52.50,$58.00,$63.00,$82.00,$38.00,$38.00,,,$1.80,$8.79,,,,,,4,,,,,2014-12-04
136359,Basketball Cards 2014 Panini Prizm,Anthony Davis [Blue Wave Prizm] #107,$20.00,,,$6.89,$8.00,$24.50,$32.00,$15.00,$15.00,,,$6.60,$21.99,,,,,,3,,,,,2014-12-04
136354,Basketball Cards 2014 Panini Prizm,Anthony Davis [Blue and Green Prizm] #107,$1.25,,,$12.26,$50.00,$50.50,$66.00,$30.00,$30.00,,,,$1.39,,,,,,8,,,,,2014-12-04
136360,Basketball Cards 2014 Panini Prizm,Anthony Davis [Gold Prizm] #107,$495.00,,,,,,,,,,,$327.00,$545.00,,,,,,1,,,,,2014-12-04
136362,Basketball Cards 2014 Panini Prizm,Anthony Davis [Gold Pulsar Prizm] #107,$113.49,,,,,,,,,,,$62.50,$125.00,,,,,,1,,,,,2014-12-04
136364,Basketball Cards 2014 Panini Prizm,Anthony Davis [Green Prizm] #107,$4.39,,$9.99,$25.96,$26.49,$43.99,$57.00,$26.00,$26.00,,,$1.00,$4.79,,,$2.80,$10.99,,8,,,,,2014-12-04
136365,Basketball Cards 2014 Panini Prizm,Anthony Davis [Light Blue Prizm] #107,$46.03,,,$93.41,$103.00,$135.50,$176.00,$81.00,$81.00,,,$20.40,$50.99,,,,,,3,,,,,2014-12-04
12249461,Basketball Cards 2014 Panini Prizm,Anthony Davis [Orange Die Cut Prizm] #107,$8.41,,,$29.95,$33.00,,,,,,,$1.90,$9.29,,,,,,6,,,,,2014-12-04
136367,Basketball Cards 2014 Panini Prizm,Anthony Davis [Prizm] #107,$10.19,,,$26.41,$29.00,$60.00,$78.00,$36.00,$36.00,,,$2.80,$10.99,,,,,,7,,,,,2014-12-04
136368,Basketball Cards 2014 Panini Prizm,Anthony Davis [Purple Die Cut Prizm] #107,$10.50,,$29.99,$33.00,$36.00,$90.00,$117.00,$54.00,$54.00,,,$3.00,$11.99,,,$9.90,$32.99,,6,,,,,2014-12-04
136370,Basketball Cards 2014 Panini Prizm,Anthony Davis [Red Prizm] #107,$55.00,,,$18.50,$80.00,,,,,,,$24.40,$60.99,,,,,,3,,,,,2014-12-04
136372,Basketball Cards 2014 Panini Prizm,Anthony Davis [Red Pulsar Prizm] #107,,,$35.00,$39.00,$52.84,,,,,,,,,,,$15.60,$38.99,,5,,,,,2014-12-04
136373,Basketball Cards 2014 Panini Prizm,"Anthony Davis [Red, White, and Blue Pulsar Prizm] #107",$1.84,,$9.99,$15.00,$17.00,$25.00,$33.00,$15.00,$15.00,,,,$1.99,,,$2.80,$10.99,,9,,,,,2014-12-04
136375,Basketball Cards 2014 Panini Prizm,Anthony Davis [Yellow and Red Mosaic Prizm] #107,$4.14,,,$16.47,$18.00,$32.99,$43.00,$20.00,$20.00,,,$0.90,$4.59,,,,,,5,,,,,2014-12-04
190125,Basketball Cards 2014 Panini Prizm,Antoine Walker #213,$1.68,,,,,,,,,,,,$1.89,,,,,,2,,,,,2014-12-04
12248115,Basketball Cards 2014 Panini Prizm,Antoine Walker [Black Prizm] #213,,,,,,,,,,,,,,,,,,,0,,,,,2014-12-04
12248447,Basketball Cards 2014 Panini Prizm,Antoine Walker [Black Pulsar Prizm] #213,,,,,,,,,,,,,,,,,,,0,,,,,2014-12-04
190591,Basketball Cards 2014 Panini Prizm,Antoine Walker [Blue Mojo Prizm] #213,$3.19,,,,,,,,,,,,$3.49,,,,,,1,,,,,2014-12-04
190355,Basketball Cards 2014 Panini Prizm,Antoine Walker [Blue Prizm] #213,$1.07,,,,,,,,,,,,$1.19,,,,,,1,,,,,2014-12-04
12249004,Basketball Cards 2014 Panini Prizm,Antoine Walker [Blue Wave Prizm] #213,,,,,,,,,,,,,,,,,,,0,,,,,2014-12-04
12248625,Basketball Cards 2014 Panini Prizm,Antoine Walker [Blue and Green Prizm] #213,,,,,,,,,,,,,,,,,,,0,,,,,2014-12-04
192349,Basketball Cards 2014 Panini Prizm,Antoine Walker [Gold Prizm] #213,$174.99,,,$149.95,$165.00,,,,,,,$96.00,$192.00,,,,,,1,,,,,2014-12-04
12249169,Basketball Cards 2014 Panini Prizm,Antoine Walker [Gold Pulsar Prizm] #213,,,,,,,,,,,,,,,,,,,0,,,,,2014-12-04
190830,Basketball Cards 2014 Panini Prizm,Antoine Walker [Green Prizm] #213,$4.15,,,,,,,,,,,$0.90,$4.59,,,,,,3,,,,,2014-12-04
191586,Basketball Cards 2014 Panini Prizm,Antoine Walker [Light Blue Prizm] #213,$8.57,,,,,,,,,,,$1.90,$9.39,,,,,,1,,,,,2014-12-04
12249486,Basketball Cards 2014 Panini Prizm,Antoine Walker [Orange Die Cut Prizm] #213,,,,,,,,,,,,,,,,,,,0,,,,,2014-12-04
192597,Basketball Cards 2014 Panini Prizm,Antoine Walker [Prizm] #213,$3.99,,,,,,,,,,,$0.90,$4.39,,,,,,1,,,,,2014-12-04
192092,Basketball Cards 2014 Panini Prizm,Antoine Walker [Purple Die Cut Prizm] #213,$5.46,,,,$27.85,,,,,,,$1.20,$5.99,,,,,,3,,,,,2014-12-04
191070,Basketball Cards 2014 Panini Prizm,Antoine Walker [Red Prizm] #213,$14.39,,,,,,,,,,,$4.00,$15.99,,,,,,2,,,,,2014-12-04
191840,Basketball Cards 2014 Panini Prizm,Antoine Walker [Red Pulsar Prizm] #213,$13.57,,$16.19,$24.51,$39.10,$54.33,$71.00,$33.00,$33.00,,,$3.80,$14.99,,,$4.50,$17.99,,6,,,,,2014-12-04
191331,Basketball Cards 2014 Panini Prizm,"Antoine Walker [Red, White, and Blue Pulsar Prizm] #213",$2.69,,,,,,,,,,,,$2.99,,,,,,1,,,,,2014-12-04
12249722,Basketball Cards 2014 Panini Prizm,Antoine Walker [Yellow and Red Mosaic Prizm] #213,,,,,,,,,,,,,,,,,,,0,,,,,2014-12-04
190061,Basketball Cards 2014 Panini Prizm,Archie Goodwin #117,$1.34,,,,,,,,,,,,$1.49,,,,,,1,,,,,2014-12-04
12248043,Basketball Cards 2014 Panini Prizm,Archie Goodwin [Black Prizm] #117,,,,,,,,,,,,,,,,,,,0,,,,,2014-12-04
12248276,Basketball Cards 2014 Panini Prizm,Archie Goodwin [Black Pulsar Prizm] #117,,,,,,,,,,,,,,,,,,,0,,,,,2014-12-04
190523,Basketball Cards 2014 Panini Prizm,Archie Goodwin [Blue Mojo Prizm] #117,$1.99,,,,,,,,,,,,$2.19,,,,,,1,,,,,2014-12-04
190272,Basketball Cards 2014 Panini Prizm,Archie Goodwin [Blue Prizm] #117,$0.25,,,,,,,,,,,,$0.99,,,,,,0,,,,,2014-12-04
12248848,Basketball Cards 2014 Panini Prizm,Archie Goodwin [Blue Wave Prizm] #117,,,,,,,,,,,,,,,,,,,0,,,,,2014-12-04
12248771,Basketball Cards 2014 Panini Prizm,Archie Goodwin [Blue and Green Prizm] #117,,,,,,,,,,,,,,,,,,,0,,,,,2014-12-04
192265,Basketball Cards 2014 Panini Prizm,Archie Goodwin [Gold Prizm] #117,$10.75,,,$33.00,$36.00,,,,,,,$3.00,$11.99,,,,,,2,,,,,2014-12-04
12249308,Basketball Cards 2014 Panini Prizm,Archie Goodwin [Gold Pulsar Prizm] #117,,,,,,,,,,,,,,,,,,,0,,,,,2014-12-04
190759,Basketball Cards 2014 Panini Prizm,Archie Goodwin [Green Prizm] #117,$1.25,,,,,,,,,,,,$1.39,,,,,,1,,,,,2014-12-04
191496,Basketball Cards 2014 Panini Prizm,Archie Goodwin [Light Blue Prizm] #117,$3.10,,,,,,,,,,,,$3.39,,,,,,1,,,,,2014-12-04
12249350,Basketball Cards 2014 Panini Prizm,Archie Goodwin [Orange Die Cut Prizm] #117,,,,,,,,,,,,,,,,,,,0,,,,,2014-12-04
192519,Basketball Cards 2014 Panini Prizm,Archie Goodwin [Prizm] #117,$1.39,,,,,,,,,,,,$1.49,,,,,,1,,,,,2014-12-04
192003,Basketball Cards 2014 Panini Prizm,Archie Goodwin [Purple Die Cut Prizm] #117,$1.64,,,,,,,,,,,,$1.79,,,,,,1,,,,,2014-12-04
190979,Basketball Cards 2014 Panini Prizm,Archie Goodwin [Red Prizm] #117,$1.44,,,,,,,,,,,,$1.59,,,,,,2,,,,,2014-12-04
191755,Basketball Cards 2014 Panini Prizm,Archie Goodwin [Red Pulsar Prizm] #117,$4.00,,,,,,,,,,,$0.90,$4.39,,,,,,1,,,,,2014-12-04
191244,Basketball Cards 2014 Panini Prizm,"Archie Goodwin [Red, White, and Blue Pulsar Prizm] #117",$2.55,,,,,,,,,,,,$2.79,,,,,,1,,,,,2014-12-04
12249683,Basketball Cards 2014 Panini Prizm,Archie Goodwin [Yellow and Red Mosaic Prizm] #117,,,,,,,,,,,,,,,,,,,0,,,,,2014-12-04
190067,Basketball Cards 2014 Panini Prizm,Arron Afflalo #127,$0.99,,,,,,,,,,,,$1.09,,,,,,1,,,,,2014-12-04
12248064,Basketball Cards 2014 Panini Prizm,Arron Afflalo [Black Prizm] #127,,,,,,,,,,,,,,,,,,,0,,,,,2014-12-04
12248286,Basketball Cards 2014 Panini Prizm,Arron Afflalo [Black Pulsar Prizm] #127,,,,,,,,,,,,,,,,,,,0,,,,,2014-12-04
190527,Basketball Cards 2014 Panini Prizm,Arron Afflalo [Blue Mojo Prizm] #127,$1.00,,,,,,,,,,,,$1.09,,,,,,1,,,,,2014-12-04
190280,Basketball Cards 2014 Panini Prizm,Arron Afflalo [Blue Prizm] #127,$1.23,,,,,,,,,,,,$1.39,,,,,,1,,,,,2014-12-04
12248867,Basketball Cards 2014 Panini Prizm,Arron Afflalo [Blue Wave Prizm] #127,,,,,,,,,,,,,,,,,,,0,,,,,2014-12-04
12248777,Basketball Cards 2014 Panini Prizm,Arron Afflalo [Blue and Green Prizm] #127,,,,,,,,,,,,,,,,,,,0,,,,,2014-12-04
192273,Basketball Cards 2014 Panini Prizm,Arron Afflalo [Gold Prizm] #127,$14.50,,,,,$26.00,$34.00,$16.00,$16.00,,,$4.00,$15.99,,,,,,2,,,,,2014-12-04
12249063,Basketball Cards 2014 Panini Prizm,Arron Afflalo [Gold Pulsar Prizm] #127,,,,,,,,,,,,,,,,,,,0,,,,,2014-12-04
190766,Basketball Cards 2014 Panini Prizm,Arron Afflalo [Green Prizm] #127,$1.13,,,,,,,,,,,,$1.19,,,,,,1,,,,,2014-12-04
191504,Basketball Cards 2014 Panini Prizm,Arron Afflalo [Light Blue Prizm] #127,$2.70,,,,,,,,,,,,$2.99,,,,,,1,,,,,2014-12-04
12249359,Basketball Cards 2014 Panini Prizm,Arron Afflalo [Orange Die Cut Prizm] #127,,,,,,,,,,,,,,,,,,,0,,,,,2014-12-04
192525,Basketball Cards 2014 Panini Prizm,Arron Afflalo [Prizm] #127,$0.25,,,,,,,,,,,,$0.99,,,,,,0,,,,,2014-12-04
192010,Basketball Cards 2014 Panini Prizm,Arron Afflalo [Purple Die Cut Prizm] #127,$2.03,,,,,,,,,,,,$2.19,,,,,,2,,,,,2014-12-04
190989,Basketball Cards 2014 Panini Prizm,Arron Afflalo [Red Prizm] #127,$1.25,,,,,,,,,,,,$1.39,,,,,,1,,,,,2014-12-04
191763,Basketball Cards 2014 Panini Prizm,Arron Afflalo [Red Pulsar Prizm] #127,$4.35,,,,,,,,,,,$1.00,$4.79,,,,,,1,,,,,2014-12-04
191251,Basketball Cards 2014 Panini Prizm,"Arron Afflalo [Red, White, and Blue Pulsar Prizm] #127",$0.25,,,,,,,,,,,,$0.99,,,,,,0,,,,,2014-12-04
12249697,Basketball Cards 2014 Panini Prizm,Arron Afflalo [Yellow and Red Mosaic Prizm] #127,,,,,,,,,,,,,,,,,,,0,,,,,2014-12-04
136658,Basketball Cards 2014 Panini Prizm,Artis Gilmore #223,$1.25,,,,,,,,,,,,$1.39,,,,,,5,,,,,2014-12-04
12248131,Basketball Cards 2014 Panini Prizm,Artis Gilmore [Black Prizm] #223,,,,,,,,,,,,,,,,,,,0,,,,,2014-12-04
12248465,Basketball Cards 2014 Panini Prizm,Artis Gilmore [Black Pulsar Prizm] #223,,,,,,,,,,,,,,,,,,,0,,,,,2014-12-04
190600,Basketball Cards 2014 Panini Prizm,Artis Gilmore [Blue Mojo Prizm] #223,$3.62,,,,,,$231.09,,,,,$0.80,$3.99,,,,,,1,,,,,2014-12-04
190365,Basketball Cards 2014 Panini Prizm,Artis Gilmore [Blue Prizm] #223,$5.27,,,,,,,,,,,$1.20,$5.79,,,,,,1,,,,,2014-12-04
12248968,Basketball Cards 2014 Panini Prizm,Artis Gilmore [Blue Wave Prizm] #223,,,,,,,,,,,,,,,,,,,0,,,,,2014-12-04
136659,Basketball Cards 2014 Panini Prizm,Artis Gilmore [Blue and Green Prizm] #223,$2.49,,,,,,,,,,,,$2.69,,,,,,2,,,,,2014-12-04
192358,Basketball Cards 2014 Panini Prizm,Artis Gilmore [Gold Prizm] #223,$115.50,,,,,,,,,,,$63.50,$127.00,,,,,,1,,,,,2014-12-04
12249183,Basketball Cards 2014 Panini Prizm,Artis Gilmore [Gold Pulsar Prizm] #223,,,,,,,,,,,,,,,,,,,0,,,,,2014-12-04
190835,Basketball Cards 2014 Panini Prizm,Artis Gilmore [Green Prizm] #223,$2.61,,,,,,,,,,,,$2.89,,,,,,1,,,,,2014-12-04
191594,Basketball Cards 2014 Panini Prizm,Artis Gilmore [Light Blue Prizm] #223,$5.99,,,,,,,,,,,$1.30,$6.59,,,,,,2,,,,,2014-12-04
12249495,Basketball Cards 2014 Panini Prizm,Artis Gilmore [Orange Die Cut Prizm] #223,$5.56,,,,,,,,,,,$1.20,$6.09,,,,,,1,,,,,2014-12-04
192606,Basketball Cards 2014 Panini Prizm,Artis Gilmore [Prizm] #223,$3.10,,,,,,,,,,,,$3.39,,,,,,2,,,,,2014-12-04
192102,Basketball Cards 2014 Panini Prizm,Artis Gilmore [Purple Die Cut Prizm] #223,$2.68,,,,,,,,,,,,$2.99,,,,,,3,,,,,2014-12-04
191080,Basketball Cards 2014 Panini Prizm,Artis Gilmore [Red Prizm] #223,$4.21,,,,,,,,,,,$0.90,$4.59,,,,,,2,,,,,2014-12-04
191846,Basketball Cards 2014 Panini Prizm,Artis Gilmore [Red Pulsar Prizm] #223,$6.61,,,,,,,,,,,$1.50,$7.29,,,,,,1,,,,,2014-12-04
191340,Basketball Cards 2014 Panini Prizm,"Artis Gilmore [Red, White, and Blue Pulsar Prizm] #223",$2.60,,,,,,,,,,,,$2.89,,,,,,1,,,,,2014-12-04
12249736,Basketball Cards 2014 Panini Prizm,Artis Gilmore [Yellow and Red Mosaic Prizm] #223,,,,,,,,,,,,,,,,,,,0,,,,,2014-12-04
190136,Basketball Cards 2014 Panini Prizm,Arvydas Sabonis #234,$1.02,,,,,,,,,,,,$1.09,,,,,,3,,,,,2014-12-04
12248146,Basketball Cards 2014 Panini Prizm,Arvydas Sabonis [Black Prizm] #234,,,,,,,,,,,,,,,,,,,0,,,,,2014-12-04
12248487,Basketball Cards 2014 Panini Prizm,Arvydas Sabonis [Black Pulsar Prizm] #234,,,,,,,,,,,,,,,,,,,0,,,,,2014-12-04
190610,Basketball Cards 2014 Panini Prizm,Arvydas Sabonis [Blue Mojo Prizm] #234,$1.84,,,,,,,,,,,,$1.99,,,,,,1,,,,,2014-12-04
190374,Basketball Cards 2014 Panini Prizm,Arvydas Sabonis [Blue Prizm] #234,$1.99,,,,,,,,,,,,$2.19,,,,,,1,,,,,2014-12-04
12248992,Basketball Cards 2014 Panini Prizm,Arvydas Sabonis [Blue Wave Prizm] #234,,,,,,,,,,,,,,,,,,,0,,,,,2014-12-04
12248638,Basketball Cards 2014 Panini Prizm,Arvydas Sabonis [Blue and Green Prizm] #234,,,,,,,,,,,,,,,,,,,0,,,,,2014-12-04
192365,Basketball Cards 2014 Panini Prizm,Arvydas Sabonis [Gold Prizm] #234,$46.84,,,,,$301.97,$393.00,$181.00,$181.00,,,$20.80,$51.99,,,,,,2,,,,,2014-12-04
136701,Basketball Cards 2014 Panini Prizm,Arvydas Sabonis [Gold Pulsar Prizm] #234,$249.99,,,,,$129.80,$169.00,$78.00,$78.00,,,$137.50,$275.00,,,,,,1,,,,,2014-12-04
190841,Basketball Cards 2014 Panini Prizm,Arvydas Sabonis [Green Prizm] #234,$2.93,,,,,,,,,,,,$3.19,,,,,,2,,,,,2014-12-04
191603,Basketball Cards 2014 Panini Prizm,Arvydas Sabonis [Light Blue Prizm] #234,$18.42,,,,,,,,,,,$5.00,$19.99,,,,,,1,,,,,2014-12-04
12249505,Basketball Cards 2014 Panini Prizm,Arvydas Sabonis [Orange Die Cut Prizm] #234,,,,,,,,,,,,,,,,,,,0,,,,,2014-12-04
192614,Basketball Cards 2014 Panini Prizm,Arvydas Sabonis [Prizm] #234,$2.50,,,,,,,,,,,,$2.79,,,,,,1,,,,,2014-12-04
192111,Basketball Cards 2014 Panini Prizm,Arvydas Sabonis [Purple Die Cut Prizm] #234,$7.42,,,$11.50,$13.00,,,,,,,$1.60,$8.19,,,,,,3,,,,,2014-12-04
191090,Basketball Cards 2014 Panini Prizm,Arvydas Sabonis [Red Prizm] #234,$4.49,,,,,,,,,,,$1.00,$4.89,,,,,,2,,,,,2014-12-04
191855,Basketball Cards 2014 Panini Prizm,Arvydas Sabonis [Red Pulsar Prizm] #234,$12.75,,,$57.74,$64.00,$75.00,$98.00,$45.00,$45.00,,,$3.50,$13.99,,,,,,3,,,,,2014-12-04
191349,Basketball Cards 2014 Panini Prizm,"Arvydas Sabonis [Red, White, and Blue Pulsar Prizm] #234",$2.83,,,,,,,,,,,,$3.09,,,,,,2,,,,,2014-12-04
12249745,Basketball Cards 2014 Panini Prizm,Arvydas Sabonis [Yellow and Red Mosaic Prizm] #234,,,,,,$39.99,$52.00,$24.00,$24.00,,,,,,,,,,1,,,,,2014-12-04
190145,Basketball Cards 2014 Panini Prizm,Austin Carr #250,$1.59,,,,,,,,,,,,$1.79,,,,,,5,,,,,2014-12-04
12248170,Basketball Cards 2014 Panini Prizm,Austin Carr [Black Prizm] #250,,,,,,,,,,,,,,,,,,,0,,,,,2014-12-04
12248508,Basketball Cards 2014 Panini Prizm,Austin Carr [Black Pulsar Prizm] #250,,,,,,,,,,,,,,,,,,,0,,,,,2014-12-04
190626,Basketball Cards 2014 Panini Prizm,Austin Carr [Blue Mojo Prizm] #250,$4.41,,,,,,,,,,,$1.00,$4.89,,,,,,1,,,,,2014-12-04
190389,Basketball Cards 2014 Panini Prizm,Austin Carr [Blue Prizm] #250,$8.99,,,$34.99,$38.00,,,,,,,$2.00,$9.89,,,,,,2,,,,,2014-12-04
12249016,Basketball Cards 2014 Panini Prizm,Austin Carr [Blue Wave Prizm] #250,,,,,,,,,,,,,,,,,,,0,,,,,2014-12-04
12248658,Basketball Cards 2014 Panini Prizm,Austin Carr [Blue and Green Prizm] #250,$2.00,,,,,,,,,,,,$2.19,,,,,,1,,,,,2014-12-04
192381,Basketball Cards 2014 Panini Prizm,Austin Carr [Gold Prizm] #250,$51.33,,,,,,,,,,,$22.40,$55.99,,,,,,1,,,,,2014-12-04
12249230,Basketball Cards 2014 Panini Prizm,Austin Carr [Gold Pulsar Prizm] #250,,,,,,,,,,,,,,,,,,,0,,,,,2014-12-04
136734,Basketball Cards 2014 Panini Prizm,Austin Carr [Green Prizm] #250,$1.81,,,,,,,,,,,,$1.99,,,,,,2,,,,,2014-12-04
191617,Basketball Cards 2014 Panini Prizm,Austin Carr [Light Blue Prizm] #250,,,,,,,,,,,,,,,,,,,0,,,,,2014-12-04
12249520,Basketball Cards 2014 Panini Prizm,Austin Carr [Orange Die Cut Prizm] #250,$9.99,,,,,,,,,,,$2.80,$10.99,,,,,,1,,,,,2014-12-04
192627,Basketball Cards 2014 Panini Prizm,Austin Carr [Prizm] #250,$1.99,,,,,,,,,,,,$2.19,,,,,,1,,,,,2014-12-04
192126,Basketball Cards 2014 Panini Prizm,Austin Carr [Purple Die Cut Prizm] #250,$4.62,,,,,,,,,,,$1.00,$5.09,,,,,,1,,,,,2014-12-04
191105,Basketball Cards 2014 Panini Prizm,Austin Carr [Red Prizm] #250,$1.69,,,,,,,,,,,,$1.89,,,,,,1,,,,,2014-12-04
191869,Basketball Cards 2014 Panini Prizm,Austin Carr [Red Pulsar Prizm] #250,$6.28,,,,,,,,,,,$1.40,$6.89,,,,,,1,,,,,2014-12-04
191364,Basketball Cards 2014 Panini Prizm,"Austin Carr [Red, White, and Blue Pulsar Prizm] #250",$2.49,,,,,,,,,,,,$2.69,,,,,,1,,,,,2014-12-04
12249764,Basketball Cards 2014 Panini Prizm,Austin Carr [Yellow and Red Mosaic Prizm] #250,$2.09,,$6.72,$12.23,$22.93,$33.76,$44.00,$20.00,$20.00,,,,$2.29,,,$1.50,$7.39,,13,,,,,2014-12-04
190074,Basketball Cards 2014 Panini Prizm,Avery Bradley #137,$1.49,,,,,,,,,,,,$1.59,,,,,,1,,,,,2014-12-04
12248088,Basketball Cards 2014 Panini Prizm,Avery Bradley [Black Prizm] #137,,,,,,,,,,,,,,,,,,,0,,,,,2014-12-04
12248296,Basketball Cards 2014 Panini Prizm,Avery Bradley [Black Pulsar Prizm] #137,,,,,,,,,,,,,,,,,,,0,,,,,2014-12-04
190535,Basketball Cards 2014 Panini Prizm,Avery Bradley [Blue Mojo Prizm] #137,$12.04,,,,,,,,,,,$3.30,$12.99,,,,,,0,,,,,2014-12-04
190288,Basketball Cards 2014 Panini Prizm,Avery Bradley [Blue Prizm] #137,$2.78,,,,,,,,,,,,$3.09,,,,,,1,,,,,2014-12-04
12248885,Basketball Cards 2014 Panini Prizm,Avery Bradley [Blue Wave Prizm] #137,,,,,,,,,,,,,,,,,,,0,,,,,2014-12-04
12248564,Basketball Cards 2014 Panini Prizm,Avery Bradley [Blue and Green Prizm] #137,,,,,,,,,,,,,,,,,,,0,,,,,2014-12-04
192281,Basketball Cards 2014 Panini Prizm,Avery Bradley [Gold Prizm] #137,$9.45,,,,,,,,,,,$2.00,$9.99,,,,,,1,,,,,2014-12-04
12249070,Basketball Cards 2014 Panini Prizm,Avery Bradley [Gold Pulsar Prizm] #137,,,,,,,,,,,,,,,,,,,0,,,,,2014-12-04
136459,Basketball Cards 2014 Panini Prizm,Avery Bradley [Green Prizm] #137,$2.42,,,,,,,,,,,,$2.69,,,,,,2,,,,,2014-12-04
191513,Basketball Cards 2014 Panini Prizm,Avery Bradley [Light Blue Prizm] #137,$3.71,,,,,,,,,,,$0.80,$4.09,,,,,,1,,,,,2014-12-04
12249375,Basketball Cards 2014 Panini Prizm,Avery Bradley [Orange Die Cut Prizm] #137,,,,,,,,,,,,,,,,,,,0,,,,,2014-12-04
192533,Basketball Cards 2014 Panini Prizm,Avery Bradley [Prizm] #137,$1.86,,,,,,,,,,,,$2.09,,,,,,1,,,,,2014-12-04
192019,Basketball Cards 2014 Panini Prizm,Avery Bradley [Purple Die Cut Prizm] #137,$1.20,,,,,,,,,,,,$1.29,,,,,,1,,,,,2014-12-04
190997,Basketball Cards 2014 Panini Prizm,Avery Bradley [Red Prizm] #137,$6.06,,,,,,,,,,,$1.30,$6.69,,,,,,1,,,,,2014-12-04
191772,Basketball Cards 2014 Panini Prizm,Avery Bradley [Red Pulsar Prizm] #137,$5.50,,,,,,,,,,,$1.20,$6.09,,,,,,1,,,,,2014-12-04
191259,Basketball Cards 2014 Panini Prizm,"Avery Bradley [Red, White, and Blue Pulsar Prizm] #137",$0.99,,,,,,,,,,,,$1.09,,,,,,1,,,,,2014-12-04
136460,Basketball Cards 2014 Panini Prizm,Avery Bradley [Yellow and Red Mosaic Prizm] #137,$1.60,,,$4.25,$5.00,,,,,,,,$1.79,,,,,,2,,,,,2014-12-04
190089,Basketball Cards 2014 Panini Prizm,Avery Johnson #156,$1.35,,,,,,,,,,,,$1.49,,,,,,2,,,,,2014-12-04
12248133,Basketball Cards 2014 Panini Prizm,Avery Johnson [Black Prizm] #156,,,,,,,,,,,,,,,,,,,0,,,,,2014-12-04
12248317,Basketball Cards 2014 Panini Prizm,Avery Johnson [Black Pulsar Prizm] #156,,,,,,,,,,,,,,,,,,,0,,,,,2014-12-04
190552,Basketball Cards 2014 Panini Prizm,Avery Johnson [Blue Mojo Prizm] #156,$2.00,,,,,,,,,,,,$2.19,,,,,,1,,,,,2014-12-04
190305,Basketball Cards 2014 Panini Prizm,Avery Johnson [Blue Prizm] #156,$1.00,,,,,,,,,,,,$1.09,,,,,,2,,,,,2014-12-04
12248920,Basketball Cards 2014 Panini Prizm,Avery Johnson [Blue Wave Prizm] #156,,,,,,,,,,,,,,,,,,,0,,,,,2014-12-04
12248580,Basketball Cards 2014 Panini Prizm,Avery Johnson [Blue and Green Prizm] #156,,,,,,,,,,,,,,,,,,,0,,,,,2014-12-04
192298,Basketball Cards 2014 Panini Prizm,Avery Johnson [Gold Prizm] #156,$56.00,,,,,,,,,,,$24.80,$61.99,,,,,,1,,,,,2014-12-04
12249088,Basketball Cards 2014 Panini Prizm,Avery Johnson [Gold Pulsar Prizm] #156,,,,,,,,,,,,,,,,,,,0,,,,,2014-12-04
190788,Basketball Cards 2014 Panini Prizm,Avery Johnson [Green Prizm] #156,$2.07,,,,,,,,,,,,$2.29,,,,,,2,,,,,2014-12-04
191531,Basketball Cards 2014 Panini Prizm,Avery Johnson [Light Blue Prizm] #156,$4.85,,,,,,,,,,,$1.10,$5.29,,,,,,1,,,,,2014-12-04
12249406,Basketball Cards 2014 Panini Prizm,Avery Johnson [Orange Die Cut Prizm] #156,$6.99,,,,,,,,,,,$1.50,$7.69,,,,,,1,,,,,2014-12-04
192549,Basketball Cards 2014 Panini Prizm,Avery Johnson [Prizm] #156,$1.90,,,,,,,,,,,,$2.09,,,,,,1,,,,,2014-12-04
192037,Basketball Cards 2014 Panini Prizm,Avery Johnson [Purple Die Cut Prizm] #156,$3.20,,,,,,,,,,,,$3.49,,,,,,3,,,,,2014-12-04
191015,Basketball Cards 2014 Panini Prizm,Avery Johnson [Red Prizm] #156,$3.65,,,,,,,,,,,$0.80,$3.99,,,,,,3,,,,,2014-12-04
136495,Basketball Cards 2014 Panini Prizm,Avery Johnson [Red Pulsar Prizm] #156,$6.99,,,,,$28.99,$38.00,$17.00,$17.00,,,$1.50,$7.69,,,,,,2,,,,,2014-12-04
191276,Basketball Cards 2014 Panini Prizm,"Avery Johnson [Red, White, and Blue Pulsar Prizm] #156",$1.67,,,,,,,,,,,,$1.79,,,,,,1,,,,,2014-12-04
12249655,Basketball Cards 2014 Panini Prizm,Avery Johnson [Yellow and Red Mosaic Prizm] #156,,,,,,,,,,,,,,,,,,,0,,,,,2014-12-04
190096,Basketball Cards 2014 Panini Prizm,Baron Davis #166,$2.01,,$6.66,$12.15,$22.83,$33.63,$44.00,$20.00,$20.00,,,,$2.19,,,$1.50,$7.29,,6,,,,,2014-12-04
12248157,Basketball Cards 2014 Panini Prizm,Baron Davis [Black Prizm] #166,,,,,,,,,,,,,,,,,,,0,,,,,2014-12-04
12248337,Basketball Cards 2014 Panini Prizm,Baron Davis [Black Pulsar Prizm] #166,,,,,,,,,,,,,,,,,,,0,,,,,2014-12-04
190558,Basketball Cards 2014 Panini Prizm,Baron Davis [Blue Mojo Prizm] #166,$2.92,,,,,,,,,,,,$3.19,,,,,,1,,,,,2014-12-04
190313,Basketball Cards 2014 Panini Prizm,Baron Davis [Blue Prizm] #166,$1.00,,,,,,,,,,,,$1.09,,,,,,2,,,,,2014-12-04
12248935,Basketball Cards 2014 Panini Prizm,Baron Davis [Blue Wave Prizm] #166,,,,,,,,,,,,,,,,,,,0,,,,,2014-12-04
12248587,Basketball Cards 2014 Panini Prizm,Baron Davis [Blue and Green Prizm] #166,,,,,,,,,,,,,,,,,,,0,,,,,2014-12-04
192307,Basketball Cards 2014 Panini Prizm,Baron Davis [Gold Prizm] #166,$300.00,,,$199.99,$220.00,,,,,,,$165.00,$330.00,,,,,,2,,,,,2014-12-04
12249097,Basketball Cards 2014 Panini Prizm,Baron Davis [Gold Pulsar Prizm] #166,,,,$305.00,$336.00,,,,,,,,,,,,,,1,,,,,2014-12-04
136522,Basketball Cards 2014 Panini Prizm,Baron Davis [Green Prizm] #166,$1.19,,,,,,,,,,,,$1.29,,,,,,3,,,,,2014-12-04
191540,Basketball Cards 2014 Panini Prizm,Baron Davis [Light Blue Prizm] #166,$2.49,$57.74,,,,,,,,,,,$2.69,$25.60,$63.99,,,,2,,,,,2014-12-04
12249423,Basketball Cards 2014 Panini Prizm,Baron Davis [Orange Die Cut Prizm] #166,$14.99,,,,,,,,,,,$4.00,$15.99,,,,,,1,,,,,2014-12-04
192558,Basketball Cards 2014 Panini Prizm,Baron Davis [Prizm] #166,$3.95,,,,,,,,,,,$0.90,$4.39,,,,,,1,,,,,2014-12-04
192047,Basketball Cards 2014 Panini Prizm,Baron Davis [Purple Die Cut Prizm] #166,$7.18,,,,,,,,,,,$1.60,$7.89,,,,,,1,,,,,2014-12-04
191029,Basketball Cards 2014 Panini Prizm,Baron Davis [Red Prizm] #166,$1.37,,,,,,,,,,,,$1.49,,,,,,2,,,,,2014-12-04
191797,Basketball Cards 2014 Panini Prizm,Baron Davis [Red Pulsar Prizm] #166,$29.29,,,,,,,,,,,$9.60,$31.99,,,,,,1,,,,,2014-12-04
191285,Basketball Cards 2014 Panini Prizm,"Baron Davis [Red, White, and Blue Pulsar Prizm] #166",$1.47,,,,,,,,,,,,$1.59,,,,,,1,,,,,2014-12-04
12249778,Basketball Cards 2014 Panini Prizm,Baron Davis [Yellow and Red Mosaic Prizm] #166,$1.99,,,,,,,,,,,,$2.19,,,,,,1,,,,,2014-12-04
190083,Basketball Cards 2014 Panini Prizm,Ben McLemore #147,$0.99,,,,,,,,,,,,$1.09,,,,,,1,,,,,2014-12-04
12248110,Basketball Cards 2014 Panini Prizm,Ben McLemore [Black Prizm] #147,,,,,,,,,,,,,,,,,,,0,,,,,2014-12-04
12248307,Basketball Cards 2014 Panini Prizm,Ben McLemore [Black Pulsar Prizm] #147,,,,,,,,,,,,,,,,,,,0,,,,,2014-12-04
190543,Basketball Cards 2014 Panini Prizm,Ben McLemore [Blue Mojo Prizm] #147,$6.00,,,,,,,,,,,$1.30,$6.59,,,,,,1,,,,,2014-12-04
190297,Basketball Cards 2014 Panini Prizm,Ben McLemore [Blue Prizm] #147,$2.95,,,,,,,,,,,,$3.29,,,,,,1,,,,,2014-12-04
12248910,Basketball Cards 2014 Panini Prizm,Ben McLemore [Blue Wave Prizm] #147,,,,,,,,,,,,,,,,,,,0,,,,,2014-12-04
12248573,Basketball Cards 2014 Panini Prizm,Ben McLemore [Blue and Green Prizm] #147,,,,,,,,,,,,,,,,,,,0,,,,,2014-12-04
192290,Basketball Cards 2014 Panini Prizm,Ben McLemore [Gold Prizm] #147,$40.00,,,,,,,,,,,$17.60,$43.99,,,,,,1,,,,,2014-12-04
12249080,Basketball Cards 2014 Panini Prizm,Ben McLemore [Gold Pulsar Prizm] #147,,,,,,,,,,,,,,,,,,,0,,,,,2014-12-04
190781,Basketball Cards 2014 Panini Prizm,Ben McLemore [Green Prizm] #147,$1.92,,,,,,,,,,,,$2.09,,,,,,1,,,,,2014-12-04
191522,Basketball Cards 2014 Panini Prizm,Ben McLemore [Light Blue Prizm] #147,$1.12,,,,,,,,,,,,$1.19,,,,,,1,,,,,2014-12-04
12249391,Basketball Cards 2014 Panini Prizm,Ben McLemore [Orange Die Cut Prizm] #147,,,,,,,,,,,,,,,,,,,0,,,,,2014-12-04
192542,Basketball Cards 2014 Panini Prizm,Ben McLemore [Prizm] #147,$2.99,,,,,,,,,,,,$3.29,,,,,,1,,,,,2014-12-04
192028,Basketball Cards 2014 Panini Prizm,Ben McLemore [Purple Die Cut Prizm] #147,$1.77,,,,,,,,,,,,$1.99,,,,,,1,,,,,2014-12-04
191007,Basketball Cards 2014 Panini Prizm,Ben McLemore [Red Prizm] #147,$1.00,,,,,,,,,,,,$1.09,,,,,,1,,,,,2014-12-04
191781,Basketball Cards 2014 Panini Prizm,Ben McLemore [Red Pulsar Prizm] #147,$9.74,,,,,,,,,,,$2.80,$10.99,,,,,,1,,,,,2014-12-04
191268,Basketball Cards 2014 Panini Prizm,"Ben McLemore [Red, White, and Blue Pulsar Prizm] #147",$0.99,,,,,,,,,,,,$1.09,,,,,,1,,,,,2014-12-04
12249641,Basketball Cards 2014 Panini Prizm,Ben McLemore [Yellow and Red Mosaic Prizm] #147,,,,,,,,,,,,,,,,,,,0,,,,,2014-12-04
190100,Basketball Cards 2014 Panini Prizm,Bernard King #176,$1.98,,,,,,,,,,,,$2.19,,,,,,5,,,,,2014-12-04
12248188,Basketball Cards 2014 Panini Prizm,Bernard King [Black Prizm] #176,,,,,,,,,,,,,,,,,,,0,,,,,2014-12-04
12248355,Basketball Cards 2014 Panini Prizm,Bernard King [Black Pulsar Prizm] #176,,,,,,,,,,,,,,,,,,,0,,,,,2014-12-04
190565,Basketball Cards 2014 Panini Prizm,Bernard King [Blue Mojo Prizm] #176,$2.00,,,,,,,,,,,,$2.19,,,,,,1,,,,,2014-12-04
190322,Basketball Cards 2014 Panini Prizm,Bernard King [Blue Prizm] #176,$3.94,,,,,,,,,,,$0.90,$4.29,,,,,,1,,,,,2014-12-04
12248945,Basketball Cards 2014 Panini Prizm,Bernard King [Blue Wave Prizm] #176,,,,,,,,,,,,,,,,,,,0,,,,,2014-12-04
12248593,Basketball Cards 2014 Panini Prizm,Bernard King [Blue and Green Prizm] #176,$0.99,,,,,,,,,,,,$1.09,,,,,,1,,,,,2014-12-04
136550,Basketball Cards 2014 Panini Prizm,Bernard King [Gold Prizm] #176,,,,,,,,,,,,,,,,,,,0,,,,,2014-12-04
136551,Basketball Cards 2014 Panini Prizm,Bernard King [Gold Pulsar Prizm] #176,,,$43.19,,,,,,,,,,,,,$19.20,$47.99,,1,,,,,2014-12-04
190803,Basketball Cards 2014 Panini Prizm,Bernard King [Green Prizm] #176,$1.25,,,,,,,,,,,,$1.39,,,,,,3,,,,,2014-12-04
191550,Basketball Cards 2014 Panini Prizm,Bernard King [Light Blue Prizm] #176,$3.93,,,,,,,,,,,$0.90,$4.29,,,,,,1,,,,,2014-12-04
12249434,Basketball Cards 2014 Panini Prizm,Bernard King [Orange Die Cut Prizm] #176,,,,,,,,,,,,,,,,,,,0,,,,,2014-12-04
192565,Basketball Cards 2014 Panini Prizm,Bernard King [Prizm] #176,$5.95,,,,,,,,,,,$1.30,$6.59,,,,,,1,,,,,2014-12-04
192056,Basketball Cards 2014 Panini Prizm,Bernard King [Purple Die Cut Prizm] #176,$3.30,,,,,,,,,,,,$3.59,,,,,,4,,,,,2014-12-04
191035,Basketball Cards 2014 Panini Prizm,Bernard King [Red Prizm] #176,$8.99,,,,,,,,,,,$2.00,$9.89,,,,,,2,,,,,2014-12-04
191806,Basketball Cards 2014 Panini Prizm,Bernard King [Red Pulsar Prizm] #176,$15.54,,,,,,,,,,,$4.30,$16.99,,,,,,1,,,,,2014-12-04
191295,Basketball Cards 2014 Panini Prizm,"Bernard King [Red, White, and Blue Pulsar Prizm] #176",$1.14,,,,,,,,,,,,$1.29,,,,,,3,,,,,2014-12-04
12249689,Basketball Cards 2014 Panini Prizm,Bernard King [Yellow and Red Mosaic Prizm] #176,,,,,,,,,,,,,,,,,,,0,,,,,2014-12-04
136571,Basketball Cards 2014 Panini Prizm,Bill Laimbeer #186,$1.00,,,,,,,,,,,,$1.09,,,,,,3,,,,,2014-12-04
12248222,Basketball Cards 2014 Panini Prizm,Bill Laimbeer [Black Prizm] #186,,,,,,,,,,,,,,,,,,,0,,,,,2014-12-04
12248373,Basketball Cards 2014 Panini Prizm,Bill Laimbeer [Black Pulsar Prizm] #186,,,,,,,,,,,,,,,,,,,0,,,,,2014-12-04
190574,Basketball Cards 2014 Panini Prizm,Bill Laimbeer [Blue Mojo Prizm] #186,$3.43,,,,,,,,,,,$0.80,$3.79,,,,,,1,,,,,2014-12-04
190331,Basketball Cards 2014 Panini Prizm,Bill Laimbeer [Blue Prizm] #186,$8.00,,,,,,,,,,,$1.80,$8.79,,,,,,1,,,,,2014-12-04
12248958,Basketball Cards 2014 Panini Prizm,Bill Laimbeer [Blue Wave Prizm] #186,,,,,,,,,,,,,,,,,,,0,,,,,2014-12-04
12248602,Basketball Cards 2014 Panini Prizm,Bill Laimbeer [Blue and Green Prizm] #186,,,,,,$21.99,$29.00,$13.00,$13.00,,,,,,,,,,1,,,,,2014-12-04
192325,Basketball Cards 2014 Panini Prizm,Bill Laimbeer [Gold Prizm] #186,,,,,,,,,,,,,,,,,,,0,,,,,2014-12-04
12249128,Basketball Cards 2014 Panini Prizm,Bill Laimbeer [Gold Pulsar Prizm] #186,,,,,,,,,,,,,,,,,,,0,,,,,2014-12-04
190812,Basketball Cards 2014 Panini Prizm,Bill Laimbeer [Green Prizm] #186,$1.77,,,,,,,,,,,,$1.99,,,,,,3,,,,,2014-12-04
191560,Basketball Cards 2014 Panini Prizm,Bill Laimbeer [Light Blue Prizm] #186,$40.66,,,,,,,,,,,$18.00,$44.99,,,,,,1,,,,,2014-12-04
12249450,Basketball Cards 2014 Panini Prizm,Bill Laimbeer [Orange Die Cut Prizm] #186,,,,,,,,,,,,,,,,,,,0,,,,,2014-12-04
192574,Basketball Cards 2014 Panini Prizm,Bill Laimbeer [Prizm] #186,$3.51,,,,,,,,,,,$0.80,$3.89,,,,,,2,,,,,2014-12-04
192065,Basketball Cards 2014 Panini Prizm,Bill Laimbeer [Purple Die Cut Prizm] #186,$6.39,,,,,,,,,,,$1.40,$6.99,,,,,,2,,,,,2014-12-04
191044,Basketball Cards 2014 Panini Prizm,Bill Laimbeer [Red Prizm] #186,$4.00,,,,,,,,,,,$0.90,$4.39,,,,,,1,,,,,2014-12-04
191816,Basketball Cards 2014 Panini Prizm,Bill Laimbeer [Red Pulsar Prizm] #186,,,,,,,,,,,,,,,,,,,0,,,,,2014-12-04
191305,Basketball Cards 2014 Panini Prizm,"Bill Laimbeer [Red, White, and Blue Pulsar Prizm] #186",$3.06,,,,,,,,,,,,$3.39,,,,,,2,,,,,2014-12-04
12249701,Basketball Cards 2014 Panini Prizm,Bill Laimbeer [Yellow and Red Mosaic Prizm] #186,$1.25,,$5.92,$11.19,$21.57,$34.99,$45.00,$21.00,$21.00,,,,$1.39,,,$1.30,$6.49,,28,,,,,2014-12-04
190112,Basketball Cards 2014 Panini Prizm,Bill Russell #195,$2.86,,$7.35,$19.99,$24.01,$36.00,$47.00,$22.00,$22.00,,,,$3.19,,,$1.60,$8.09,,10,,,,,2014-12-04
12248245,Basketball Cards 2014 Panini Prizm,Bill Russell [Black Prizm] #195,,,,,,,,,,,,,,,,,,,0,,,,,2014-12-04
12248391,Basketball Cards 2014 Panini Prizm,Bill Russell [Black Pulsar Prizm] #195,,,,,,,,,,,,,,,,,,,0,,,,,2014-12-04
136587,Basketball Cards 2014 Panini Prizm,Bill Russell [Blue Mojo Prizm] #195,$13.26,,,,$98.00,$100.00,$130.00,$60.00,$60.00,,,$3.80,$14.99,,,,,,4,,,,,2014-12-04
190339,Basketball Cards 2014 Panini Prizm,Bill Russell [Blue Prizm] #195,$25.00,,,$29.38,$32.00,,,,,,,$8.40,$27.99,,,,,,4,,,,,2014-12-04
12248972,Basketball Cards 2014 Panini Prizm,Bill Russell [Blue Wave Prizm] #195,,,,,,,,,,,,,,,,,,,0,,,,,2014-12-04
136586,Basketball Cards 2014 Panini Prizm,Bill Russell [Blue and Green Prizm] #195,$3.25,,,,,$79.33,$103.00,$48.00,$48.00,,,,$3.59,,,,,,4,,,,,2014-12-04
192333,Basketball Cards 2014 Panini Prizm,Bill Russell [Gold Prizm] #195,,,,$810.00,$1025.00,,,,,,,,,,,,,,2,,,,,2014-12-04
136588,Basketball Cards 2014 Panini Prizm,Bill Russell [Gold Pulsar Prizm] #195,,,,$260.00,$286.00,$1200.00,$1560.00,$720.00,$720.00,,,,,,,,,,2,,,,,2014-12-04
136589,Basketball Cards 2014 Panini Prizm,Bill Russell [Green Prizm] #195,$18.26,,,$37.80,$42.00,$99.99,$130.00,$60.00,$60.00,,,$5.00,$19.99,,,,,,6,,,,,2014-12-04
191568,Basketball Cards 2014 Panini Prizm,Bill Russell [Light Blue Prizm] #195,$45.00,,$18.50,$30.00,$89.99,$132.00,$172.00,$79.00,$79.00,,,$20.00,$49.99,,,$5.00,$19.99,,5,,,,,2014-12-04
12249463,Basketball Cards 2014 Panini Prizm,Bill Russell [Orange Die Cut Prizm] #195,,,,,,$51.00,$66.00,$31.00,$31.00,,,,,,,,,,1,,,,,2014-12-04
136590,Basketball Cards 2014 Panini Prizm,Bill Russell [Prizm] #195,$9.00,,,,,$76.00,$99.00,$46.00,$46.00,,,$2.00,$9.89,,,,,,6,,,,,2014-12-04
192074,Basketball Cards 2014 Panini Prizm,Bill Russell [Purple Die Cut Prizm] #195,$19.99,,,$7.50,$8.00,$250.00,$325.00,$150.00,$150.00,,,$6.60,$21.99,,,,,,5,,,,,2014-12-04
191052,Basketball Cards 2014 Panini Prizm,Bill Russell [Red Prizm] #195,$24.01,,,,,,,,,,,$7.80,$25.99,,,,,,1,,,,,2014-12-04
191825,Basketball Cards 2014 Panini Prizm,Bill Russell [Red Pulsar Prizm] #195,,,,,$143.10,,,,,,,,,,,,,,1,,,,,2014-12-04
191314,Basketball Cards 2014 Panini Prizm,"Bill Russell [Red, White, and Blue Pulsar Prizm] #195",$3.19,,,$35.00,$39.00,$86.00,$112.00,$52.00,$52.00,,,,$3.49,,,,,,6,,,,,2014-12-04
136591,Basketball Cards 2014 Panini Prizm,Bill Russell [Yellow and Red Mosaic Prizm] #195,$2.50,,,,,,,,,,,,$2.79,,,,,,5,,,,,2014-12-04
136608,Basketball Cards 2014 Panini Prizm,Bill Walton #205,$1.39,,$6.14,$11.48,$14.62,$21.99,$29.00,$13.00,$13.00,,,,$1.49,,,$1.40,$6.79,,17,,,,,2014-12-04
12248099,Basketball Cards 2014 Panini Prizm,Bill Walton [Black Prizm] #205,,,,,,,,,,,,,,,,,,,0,,,,,2014-12-04
12248431,Basketball Cards 2014 Panini Prizm,Bill Walton [Black Pulsar Prizm] #205,,,,,,,,,,,,,,,,,,,0,,,,,2014-12-04
136609,Basketball Cards 2014 Panini Prizm,Bill Walton [Blue Mojo Prizm] #205,$3.57,,,,,,,,,,,$0.80,$3.89,,,,,,1,,,,,2014-12-04
190348,Basketball Cards 2014 Panini Prizm,Bill Walton [Blue Prizm] #205,$3.94,,,,,$15.50,$20.00,$9.00,$9.00,,,$0.90,$4.29,,,,,,3,,,,,2014-12-04
12248990,Basketball Cards 2014 Panini Prizm,Bill Walton [Blue Wave Prizm] #205,,,,,,,,,,,,,,,,,,,0,,,,,2014-12-04
12248618,Basketball Cards 2014 Panini Prizm,Bill Walton [Blue and Green Prizm] #205,$1.59,,,,,,,,,,,,$1.79,,,,,,1,,,,,2014-12-04
192342,Basketball Cards 2014 Panini Prizm,Bill Walton [Gold Prizm] #205,$37.96,,,,,$299.00,$389.00,$179.00,$179.00,,,$16.80,$41.99,,,,,,3,,,,,2014-12-04
12249160,Basketball Cards 2014 Panini Prizm,Bill Walton [Gold Pulsar Prizm] #205,,,,,,,,,,,,,,,,,,,0,,,,,2014-12-04
190826,Basketball Cards 2014 Panini Prizm,Bill Walton [Green Prizm] #205,$2.24,,,$5.76,$6.00,$24.99,$32.00,$15.00,$15.00,,,,$2.49,,,,,,6,,,,,2014-12-04
191578,Basketball Cards 2014 Panini Prizm,Bill Walton [Light Blue Prizm] #205,$99.99,,,,,,,,,,,$55.00,$110.00,,,,,,1,,,,,2014-12-04
6867641,Basketball Cards 2014 Panini Prizm,Bill Walton [Orange Die Cut Prizm] #205,$55.79,,$30.00,,,,,,,,,$24.40,$60.99,,,$9.90,$32.99,,2,,,,,2014-12-04
192590,Basketball Cards 2014 Panini Prizm,Bill Walton [Prizm] #205,$5.50,,,,,,,,,,,$1.20,$6.09,,,,,,2,,,,,2014-12-04
192084,Basketball Cards 2014 Panini Prizm,Bill Walton [Purple Die Cut Prizm] #205,$5.54,,,,,,,,,,,$1.20,$6.09,,,,,,2,,,,,2014-12-04
191062,Basketball Cards 2014 Panini Prizm,Bill Walton [Red Prizm] #205,$3.84,,,,,,,,,,,$0.80,$4.19,,,,,,1,,,,,2014-12-04
136610,Basketball Cards 2014 Panini Prizm,Bill Walton [Red Pulsar Prizm] #205,$4.46,,,,,$33.00,$43.00,$20.00,$20.00,,,$1.00,$4.89,,,,,,2,,,,,2014-12-04
191323,Basketball Cards 2014 Panini Prizm,"Bill Walton [Red, White, and Blue Pulsar Prizm] #205",$2.92,,,,,,,,,,,,$3.19,,,,,,3,,,,,2014-12-04
136611,Basketball Cards 2014 Panini Prizm,Bill Walton [Yellow and Red Mosaic Prizm] #205,$2.47,,,$19.99,$22.00,,,,,,,,$2.69,,,,,,3,,,,,2014-12-04
136118,Basketball Cards 2014 Panini Prizm,Blake Griffin #9,$1.72,,,$10.00,$11.00,,,,,,,,$1.89,,,,,,6,,,,,2014-12-04
12247967,Basketball Cards 2014 Panini Prizm,Blake Griffin [Black Prizm] #9,,,,,,,,,,,,,,,,,,,0,,,,,2014-12-04
12248329,Basketball Cards 2014 Panini Prizm,Blake Griffin [Black Pulsar Prizm] #9,,,,,,,,,,,,,,,,,,,0,,,,,2014-12-04
190431,Basketball Cards 2014 Panini Prizm,Blake Griffin [Blue Mojo Prizm] #9,$9.11,$10.50,,,,,,,,,,$2.00,$9.99,$3.00,$11.99,,,,3,,,,,2014-12-04
190177,Basketball Cards 2014 Panini Prizm,Blake Griffin [Blue Prizm] #9,$13.17,,,,,$29.99,$39.00,$18.00,$18.00,,,$3.50,$13.99,,,,,,3,,,,,2014-12-04
12248792,Basketball Cards 2014 Panini Prizm,Blake Griffin [Blue Wave Prizm] #9,$2.63,,$7.16,$12.80,$23.68,$34.70,$45.00,$21.00,$21.00,,,,$2.89,,,$1.60,$7.89,,17,,,,,2014-12-04
136119,Basketball Cards 2014 Panini Prizm,Blake Griffin [Blue and Green Prizm] #9,$2.00,,,,,$34.99,$45.00,$21.00,$21.00,,,,$2.19,,,,,,3,,,,,2014-12-04
136120,Basketball Cards 2014 Panini Prizm,Blake Griffin [Gold Prizm] #9,$80.00,,,$160.75,$177.00,,,,,,,$35.20,$87.99,,,,,,2,,,,,2014-12-04
136121,Basketball Cards 2014 Panini Prizm,Blake Griffin [Gold Pulsar Prizm] #9,$134.99,,$249.99,,,$350.00,$455.00,$210.00,$210.00,,,$74.00,$148.00,,,$137.50,$275.00,,3,,,,,2014-12-04
190668,Basketball Cards 2014 Panini Prizm,Blake Griffin [Green Prizm] #9,$2.50,,,,,$25.50,$33.00,$15.00,$15.00,,,,$2.79,,,,,,2,,,,,2014-12-04
136122,Basketball Cards 2014 Panini Prizm,Blake Griffin [Light Blue Prizm] #9,$3.18,,,,,,,,,,,,$3.49,,,,,,1,,,,,2014-12-04
12249316,Basketball Cards 2014 Panini Prizm,Blake Griffin [Orange Die Cut Prizm] #9,$5.58,,,,,,,,,,,$1.20,$6.09,,,,,,1,,,,,2014-12-04
192429,Basketball Cards 2014 Panini Prizm,Blake Griffin [Prizm] #9,$3.59,,,,,,,,,,,$0.80,$3.99,,,,,,1,,,,,2014-12-04
136123,Basketball Cards 2014 Panini Prizm,Blake Griffin [Purple Die Cut Prizm] #9,$5.00,,,$5.00,$6.00,,,,,,,$1.10,$5.49,,,,,,4,,,,,2014-12-04
190884,Basketball Cards 2014 Panini Prizm,Blake Griffin [Red Prizm] #9,$13.10,,,,,$145.00,$189.00,$87.00,$87.00,,,$3.50,$13.99,,,,,,2,,,,,2014-12-04
136124,Basketball Cards 2014 Panini Prizm,Blake Griffin [Red Pulsar Prizm] #9,$31.83,,,,,,,,,,,$10.50,$34.99,,,,,,1,,,,,2014-12-04
136125,Basketball Cards 2014 Panini Prizm,"Blake Griffin [Red, White, and Blue Pulsar Prizm] #9",$3.99,,,,,,,,,,,$0.90,$4.39,,,,,,3,,,,,2014-12-04
136126,Basketball Cards 2014 Panini Prizm,Blake Griffin [Yellow and Red Mosaic Prizm] #9,$1.91,,,,,,,,,,,,$2.09,,,,,,2,,,,,2014-12-04
136633,Basketball Cards 2014 Panini Prizm,Bob Cousy #215,$2.80,,$7.45,$14.99,$24.19,$34.85,$45.00,$21.00,$21.00,,,,$3.09,,,$1.60,$8.19,,10,,,,,2014-12-04
12248119,Basketball Cards 2014 Panini Prizm,Bob Cousy [Black Prizm] #215,,,,,,,,,,,,,,,,,,,0,,,,,2014-12-04
12248451,Basketball Cards 2014 Panini Prizm,Bob Cousy [Black Pulsar Prizm] #215,,,,,,,,,,,,,,,,,,,0,,,,,2014-12-04
190593,Basketball Cards 2014 Panini Prizm,Bob Cousy [Blue Mojo Prizm] #215,$5.00,,,,,,,,,,,$1.10,$5.49,,,,,,1,,,,,2014-12-04
190357,Basketball Cards 2014 Panini Prizm,Bob Cousy [Blue Prizm] #215,$9.86,,,,,$79.99,$104.00,$48.00,$36.35,,,$2.80,$10.99,,,,,,2,,,,,2014-12-04
12249006,Basketball Cards 2014 Panini Prizm,Bob Cousy [Blue Wave Prizm] #215,,,,,,,,,,,,,,,,,,,0,,,,,2014-12-04
136634,Basketball Cards 2014 Panini Prizm,Bob Cousy [Blue and Green Prizm] #215,$8.00,,,$16.99,$19.00,$49.18,$64.00,$30.00,$30.00,,,$1.80,$8.79,,,,,,5,,,,,2014-12-04
192351,Basketball Cards 2014 Panini Prizm,Bob Cousy [Gold Prizm] #215,,,,,,$422.39,$549.00,$253.00,$253.00,,,,,,,,,,1,,,,,2014-12-04
136635,Basketball Cards 2014 Panini Prizm,Bob Cousy [Gold Pulsar Prizm] #215,,,,$300.00,$330.00,$375.00,$488.00,$225.00,$225.00,,,,,,,,,,2,,,,,2014-12-04
136636,Basketball Cards 2014 Panini Prizm,Bob Cousy [Green Prizm] #215,$14.99,,,$26.00,$29.00,$73.00,$95.00,$44.00,$44.00,,,$4.00,$15.99,,,,,,6,,,,,2014-12-04
191588,Basketball Cards 2014 Panini Prizm,Bob Cousy [Light Blue Prizm] #215,$16.67,,,,,,,,,,,$4.50,$17.99,,,,,,1,,,,,2014-12-04
12249488,Basketball Cards 2014 Panini Prizm,Bob Cousy [Orange Die Cut Prizm] #215,,,,,,,,,,,,,,,,,,,0,,,,,2014-12-04
192599,Basketball Cards 2014 Panini Prizm,Bob Cousy [Prizm] #215,$5.66,,,,,,,,,,,$1.20,$6.19,,,,,,1,,,,,2014-12-04
192094,Basketball Cards 2014 Panini Prizm,Bob Cousy [Purple Die Cut Prizm] #215,$14.88,,,$26.50,$29.00,$76.11,$99.00,$46.00,$46.00,,,$4.00,$15.99,,,,,,4,,,,,2014-12-04
191072,Basketball Cards 2014 Panini Prizm,Bob Cousy [Red Prizm] #215,$5.90,,,,,,,,$33.00,,,$1.30,$6.49,,,,,,3,,,,,2014-12-04
136637,Basketball Cards 2014 Panini Prizm,Bob Cousy [Red Pulsar Prizm] #215,,,,,,$98.00,$127.00,$59.00,$59.00,,,,,,,,,,1,,,,,2014-12-04
191333,Basketball Cards 2014 Panini Prizm,"Bob Cousy [Red, White, and Blue Pulsar Prizm] #215",$4.04,,,,,,,,,,,$0.90,$4.39,,,,,,3,,,,,2014-12-04
12249725,Basketball Cards 2014 Panini Prizm,Bob Cousy [Yellow and Red Mosaic Prizm] #215,,,,$19.99,$22.00,$44.99,$58.00,$27.00,$27.00,,,,,,,,,,2,,,,,2014-12-04
190132,Basketball Cards 2014 Panini Prizm,Bob Love #225,$1.59,,,,,,,,,,,,$1.79,,,,,,4,,,,,2014-12-04
12248134,Basketball Cards 2014 Panini Prizm,Bob Love [Black Prizm] #225,,,,,,,,,,,,,,,,,,,0,,,,,2014-12-04
12248468,Basketball Cards 2014 Panini Prizm,Bob Love [Black Pulsar Prizm] #225,,,,,,,,,,,,,,,,,,,0,,,,,2014-12-04
190602,Basketball Cards 2014 Panini Prizm,Bob Love [Blue Mojo Prizm] #225,$1.00,,,,,,,,,,,,$1.09,,,,,,1,,,,,2014-12-04
190367,Basketball Cards 2014 Panini Prizm,Bob Love [Blue Prizm] #225,$7.17,,,,,,,,,,,$1.60,$7.89,,,,,,1,,,,,2014-12-04
12248973,Basketball Cards 2014 Panini Prizm,Bob Love [Blue Wave Prizm] #225,$10.00,,,,,,,,,,,$2.80,$10.99,,,,,,1,,,,,2014-12-04
8666513,Basketball Cards 2014 Panini Prizm,Bob Love [Blue and Green Prizm] #225,$2.50,,,,,,,,,,,,$2.79,,,,,,1,,,,,2014-12-04
192360,Basketball Cards 2014 Panini Prizm,Bob Love [Gold Prizm] #225,$42.87,,,$99.95,$110.00,,,,,,,$18.80,$46.99,,,,,,2,,,,,2014-12-04
12249185,Basketball Cards 2014 Panini Prizm,Bob Love [Gold Pulsar Prizm] #225,,,,,,,,,,,,,,,,,,,0,,,,,2014-12-04
136661,Basketball Cards 2014 Panini Prizm,Bob Love [Green Prizm] #225,$1.52,,,,,,,,,,,,$1.69,,,,,,1,,,,,2014-12-04
191596,Basketball Cards 2014 Panini Prizm,Bob Love [Light Blue Prizm] #225,$9.00,,,,,,,,,,,$2.00,$9.89,,,,,,1,,,,,2014-12-04
12249497,Basketball Cards 2014 Panini Prizm,Bob Love [Orange Die Cut Prizm] #225,,,,,,,,,,,,,,,,,,,0,,,,,2014-12-04
192608,Basketball Cards 2014 Panini Prizm,Bob Love [Prizm] #225,$1.25,,,,,,,,,,,,$1.39,,,,,,1,,,,,2014-12-04
192104,Basketball Cards 2014 Panini Prizm,Bob Love [Purple Die Cut Prizm] #225,$1.80,,,,,,,,,,,,$1.99,,,,,,2,,,,,2014-12-04
191082,Basketball Cards 2014 Panini Prizm,Bob Love [Red Prizm] #225,$8.15,,,,,,,,,,,$1.80,$8.99,,,,,,1,,,,,2014-12-04
191848,Basketball Cards 2014 Panini Prizm,Bob Love [Red Pulsar Prizm] #225,$6.84,,,,,,,,,,,$1.50,$7.49,,,,,,1,,,,,2014-12-04
191342,Basketball Cards 2014 Panini Prizm,"Bob Love [Red, White, and Blue Pulsar Prizm] #225",$1.67,,,,,,,,,,,,$1.79,,,,,,1,,,,,2014-12-04
12249738,Basketball Cards 2014 Panini Prizm,Bob Love [Yellow and Red Mosaic Prizm] #225,$2.25,,$6.85,$12.39,$23.15,$34.03,$44.00,$20.00,$20.00,,,,$2.49,,,$1.50,$7.49,,16,,,,,2014-12-04
136957,Basketball Cards 2014 Panini Prizm,Bojan Bogdanovic #293,$2.22,,$0.99,$14.95,$23.11,$33.44,$43.00,$20.00,$20.00,,,,$2.39,,,,$1.09,,18,,,,,2014-12-04
12248233,Basketball Cards 2014 Panini Prizm,Bojan Bogdanovic [Black Prizm] #293,,,,,,,,,,,,,,,,,,,0,,,,,2014-12-04
12248551,Basketball Cards 2014 Panini Prizm,Bojan Bogdanovic [Black Pulsar Prizm] #293,,,,,,,,,,,,,,,,,,,0,,,,,2014-12-04
136959,Basketball Cards 2014 Panini Prizm,Bojan Bogdanovic [Blue Mojo Prizm] #293,$24.53,,,,,$39.52,$51.00,$24.00,$24.00,,,$8.10,$26.99,,,,,,2,,,,,2014-12-04
190419,Basketball Cards 2014 Panini Prizm,Bojan Bogdanovic [Blue Prizm] #293,$4.24,,,,,$15.60,$20.00,$9.00,$9.00,,,$0.90,$4.69,,,,,,3,,,,,2014-12-04
12249049,Basketball Cards 2014 Panini Prizm,Bojan Bogdanovic [Blue Wave Prizm] #293,,,,,,,,,,,,,,,,,,,0,,,,,2014-12-04
136958,Basketball Cards 2014 Panini Prizm,Bojan Bogdanovic [Blue and Green Prizm] #293,$2.83,,,,,$70.50,$92.00,$42.00,$42.00,,,,$3.09,,,,,,3,,,,,2014-12-04
192415,Basketball Cards 2014 Panini Prizm,Bojan Bogdanovic [Gold Prizm] #293,,,,,$250.00,,,,,,,,,,,,,,1,,,,,2014-12-04
12249282,Basketball Cards 2014 Panini Prizm,Bojan Bogdanovic [Gold Pulsar Prizm] #293,,,,,,,,,,,,,,,,,,,0,,,,,2014-12-04
136960,Basketball Cards 2014 Panini Prizm,Bojan Bogdanovic [Green Prizm] #293,$0.99,,,,,$89.87,$117.00,$54.00,$54.00,,,,$1.09,,,,,,3,,,,,2014-12-04
191647,Basketball Cards 2014 Panini Prizm,Bojan Bogdanovic [Light Blue Prizm] #293,,,,$27.75,$31.00,,,,,,,,,,,,,,1,,,,,2014-12-04
12249550,Basketball Cards 2014 Panini Prizm,Bojan Bogdanovic [Orange Die Cut Prizm] #293,,,,,,,,,,,,,,,,,,,0,,,,,2014-12-04
136961,Basketball Cards 2014 Panini Prizm,Bojan Bogdanovic [Prizm] #293,$14.19,,,$55.28,$59.00,$59.82,$78.00,$36.00,$36.00,,,$4.00,$15.99,,,,,,7,,,,,2014-12-04
192158,Basketball Cards 2014 Panini Prizm,Bojan Bogdanovic [Purple Die Cut Prizm] #293,$1.27,,,,,,,,,,,,$1.39,,,,,,1,,,,,2014-12-04
136962,Basketball Cards 2014 Panini Prizm,Bojan Bogdanovic [Red Prizm] #293,$13.50,,,,$78.40,$85.00,$111.00,$51.00,$51.00,,,$3.80,$14.99,,,,,,3,,,,,2014-12-04
136963,Basketball Cards 2014 Panini Prizm,Bojan Bogdanovic [Red Pulsar Prizm] #293,$24.95,,,,,$66.65,$87.00,$40.00,$40.00,,,$8.10,$26.99,,,,,,2,,,,,2014-12-04
136964,Basketball Cards 2014 Panini Prizm,"Bojan Bogdanovic [Red, White, and Blue Pulsar Prizm] #293",$1.29,,,,,$149.99,$195.00,$90.00,$90.00,,,,$1.39,,,,,,2,,,,,2014-12-04
136965,Basketball Cards 2014 Panini Prizm,Bojan Bogdanovic [Yellow and Red Mosaic Prizm] #293,$2.05,,,,,$75.00,$98.00,$45.00,$45.00,,,,$2.29,,,,,,3,,,,,2014-12-04
136137,Basketball Cards 2014 Panini Prizm,Bradley Beal #19,$2.08,,,$2.25,$2.00,$11.99,$16.00,$7.00,$7.00,,,,$2.29,,,,,,5,,,,,2014-12-04
12247977,Basketball Cards 2014 Panini Prizm,Bradley Beal [Black Prizm] #19,,,,,,,,,,,,,,,,,,,0,,,,,2014-12-04
12248350,Basketball Cards 2014 Panini Prizm,Bradley Beal [Black Pulsar Prizm] #19,,,,,,,,,,,,,,,,,,,0,,,,,2014-12-04
190441,Basketball Cards 2014 Panini Prizm,Bradley Beal [Blue Mojo Prizm] #19,$3.19,,,$51.00,$56.00,,,,,,,,$3.49,,,,,,2,,,,,2014-12-04
160888,Basketball Cards 2014 Panini Prizm,Bradley Beal [Blue Prizm] #19,$8.50,,,$7.99,$9.00,,,,,,,$1.90,$9.39,,,,,,2,,,,,2014-12-04
12248801,Basketball Cards 2014 Panini Prizm,Bradley Beal [Blue Wave Prizm] #19,,,,,,,,,,,,,,,,,,,0,,,,,2014-12-04
136138,Basketball Cards 2014 Panini Prizm,Bradley Beal [Blue and Green Prizm] #19,$2.95,,,,,$99.88,$130.00,$60.00,$60.00,,,,$3.29,,,,,,3,,,,,2014-12-04
136139,Basketball Cards 2014 Panini Prizm,Bradley Beal [Gold Prizm] #19,$154.50,,,,,$2000.00,$2600.00,$1200.00,$1200.00,,,$85.00,$170.00,,,,,,2,,,,,2014-12-04
12249129,Basketball Cards 2014 Panini Prizm,Bradley Beal [Gold Pulsar Prizm] #19,,,,,,,,,,,,,,,,,,,0,,,,,2014-12-04
190676,Basketball Cards 2014 Panini Prizm,Bradley Beal [Green Prizm] #19,$2.55,,,$8.50,$9.00,,,,,,,,$2.79,,,,,,3,,,,,2014-12-04
136140,Basketball Cards 2014 Panini Prizm,Bradley Beal [Light Blue Prizm] #19,$19.03,,,$11.10,$12.00,,,,,,,$6.30,$20.99,,,,,,2,,,,,2014-12-04
12249325,Basketball Cards 2014 Panini Prizm,Bradley Beal [Orange Die Cut Prizm] #19,$1.74,,,,,,,,,,,,$1.89,,,,,,1,,,,,2014-12-04
136141,Basketball Cards 2014 Panini Prizm,Bradley Beal [Prizm] #19,$4.45,,,,$2000.00,,,,,,,$1.00,$4.89,,,,,,3,,,,,2014-12-04
191920,Basketball Cards 2014 Panini Prizm,Bradley Beal [Purple Die Cut Prizm] #19,$4.10,,,$15.00,$17.00,,,,,,,$0.90,$4.49,,,,,,3,,,,,2014-12-04
190894,Basketball Cards 2014 Panini Prizm,Bradley Beal [Red Prizm] #19,$13.26,,,,,,,,,,,$3.80,$14.99,,,,,,1,,,,,2014-12-04
191669,Basketball Cards 2014 Panini Prizm,Bradley Beal [Red Pulsar Prizm] #19,$28.00,,,,$30.00,$31.00,$40.00,$19.00,$19.00,,,$9.30,$30.99,,,,,,3,,,,,2014-12-04
136142,Basketball Cards 2014 Panini Prizm,"Bradley Beal [Red, White, and Blue Pulsar Prizm] #19",$2.25,,,$6.83,$8.00,$30.91,$40.00,$19.00,$19.00,,,,$2.49,,,,,,5,,,,,2014-12-04
136143,Basketball Cards 2014 Panini Prizm,Bradley Beal [Yellow and Red Mosaic Prizm] #19,$4.26,,,$9.50,$10.00,$80.00,$104.00,$48.00,$48.00,,,$0.90,$4.69,,,,,,4,,,,,2014-12-04
189995,Basketball Cards 2014 Panini Prizm,Brandon Bass #29,$4.53,,,,,,,,,,,$1.00,$4.99,,,,,,1,,,,,2014-12-04
12247987,Basketball Cards 2014 Panini Prizm,Brandon Bass [Black Prizm] #29,,,,,,,,,,,,,,,,,,,0,,,,,2014-12-04
12248372,Basketball Cards 2014 Panini Prizm,Brandon Bass [Black Pulsar Prizm] #29,,,,,,,,,,,,,,,,,,,0,,,,,2014-12-04
190450,Basketball Cards 2014 Panini Prizm,Brandon Bass [Blue Mojo Prizm] #29,$2.33,,,,,,,,,,,,$2.59,,,,,,1,,,,,2014-12-04
190194,Basketball Cards 2014 Panini Prizm,Brandon Bass [Blue Prizm] #29,$2.14,,,,,,,,,,,,$2.39,,,,,,1,,,,,2014-12-04
12248810,Basketball Cards 2014 Panini Prizm,Brandon Bass [Blue Wave Prizm] #29,,,,,,,,,,,,,,,,,,,0,,,,,2014-12-04
12248678,Basketball Cards 2014 Panini Prizm,Brandon Bass [Blue and Green Prizm] #29,,,,,,,,,,,,,,,,,,,0,,,,,2014-12-04
192190,Basketball Cards 2014 Panini Prizm,Brandon Bass [Gold Prizm] #29,$42.00,,,,,,,,,,,$18.40,$45.99,,,,,,1,,,,,2014-12-04
12249147,Basketball Cards 2014 Panini Prizm,Brandon Bass [Gold Pulsar Prizm] #29,,,,,,,,,,,,,,,,,,,0,,,,,2014-12-04
190685,Basketball Cards 2014 Panini Prizm,Brandon Bass [Green Prizm] #29,$2.45,,,,,,,,,,,,$2.69,,,,,,2,,,,,2014-12-04
191419,Basketball Cards 2014 Panini Prizm,Brandon Bass [Light Blue Prizm] #29,$3.51,,,,,,,,,,,$0.80,$3.89,,,,,,1,,,,,2014-12-04
12249333,Basketball Cards 2014 Panini Prizm,Brandon Bass [Orange Die Cut Prizm] #29,$2.69,,,,,,,,,,,,$2.99,,,,,,1,,,,,2014-12-04
192446,Basketball Cards 2014 Panini Prizm,Brandon Bass [Prizm] #29,$4.00,,,,,,,,,,,$0.90,$4.39,,,,,,1,,,,,2014-12-04
191930,Basketball Cards 2014 Panini Prizm,Brandon Bass [Purple Die Cut Prizm] #29,$2.00,,,,,,,,,,,,$2.19,,,,,,1,,,,,2014-12-04
190903,Basketball Cards 2014 Panini Prizm,Brandon Bass [Red Prizm] #29,$5.37,,,,,,,,,,,$1.20,$5.89,,,,,,1,,,,,2014-12-04
191679,Basketball Cards 2014 Panini Prizm,Brandon Bass [Red Pulsar Prizm] #29,$5.50,,,,,,,,,,,$1.20,$6.09,,,,,,1,,,,,2014-12-04
191167,Basketball Cards 2014 Panini Prizm,"Brandon Bass [Red, White, and Blue Pulsar Prizm] #29",$0.25,,,,,,,,,,,,$0.99,,,,,,0,,,,,2014-12-04
12249581,Basketball Cards 2014 Panini Prizm,Brandon Bass [Yellow and Red Mosaic Prizm] #29,,,,,,,,,,,,,,,,,,,0,,,,,2014-12-04
190003,Basketball Cards 2014 Panini Prizm,Brandon Jennings #39,$1.32,,,,,,,,,,,,$1.49,,,,,,1,,,,,2014-12-04
12247997,Basketball Cards 2014 Panini Prizm,Brandon Jennings [Black Prizm] #39,,,,,,,,,,,,,,,,,,,0,,,,,2014-12-04
12248392,Basketball Cards 2014 Panini Prizm,Brandon Jennings [Black Pulsar Prizm] #39,,,,,,,,,,,,,,,,,,,0,,,,,2014-12-04
190460,Basketball Cards 2014 Panini Prizm,Brandon Jennings [Blue Mojo Prizm] #39,$2.99,,,,,,,,,,,,$3.29,,,,,,1,,,,,2014-12-04
190204,Basketball Cards 2014 Panini Prizm,Brandon Jennings [Blue Prizm] #39,$1.66,,,,,,,,,,,,$1.79,,,,,,1,,,,,2014-12-04
12248820,Basketball Cards 2014 Panini Prizm,Brandon Jennings [Blue Wave Prizm] #39,,,,,,,,,,,,,,,,,,,0,,,,,2014-12-04
12248686,Basketball Cards 2014 Panini Prizm,Brandon Jennings [Blue and Green Prizm] #39,,,,,,,,,,,,,,,,,,,0,,,,,2014-12-04
192199,Basketball Cards 2014 Panini Prizm,Brandon Jennings [Gold Prizm] #39,$15.50,,,,,,,,,,,$4.30,$16.99,,,,,,1,,,,,2014-12-04
12249172,Basketball Cards 2014 Panini Prizm,Brandon Jennings [Gold Pulsar Prizm] #39,,,,,,,,,,,,,,,,,,,0,,,,,2014-12-04
190695,Basketball Cards 2014 Panini Prizm,Brandon Jennings [Green Prizm] #39,$1.80,,,,,,,,,,,,$1.99,,,,,,1,,,,,2014-12-04
191428,Basketball Cards 2014 Panini Prizm,Brandon Jennings [Light Blue Prizm] #39,$2.25,,,,,,,,,,,,$2.49,,,,,,1,,,,,2014-12-04
12249342,Basketball Cards 2014 Panini Prizm,Brandon Jennings [Orange Die Cut Prizm] #39,,,,,,,,,,,,,,,,,,,0,,,,,2014-12-04
192456,Basketball Cards 2014 Panini Prizm,Brandon Jennings [Prizm] #39,$0.25,,,,,,,,,,,,$0.99,,,,,,0,,,,,2014-12-04
191939,Basketball Cards 2014 Panini Prizm,Brandon Jennings [Purple Die Cut Prizm] #39,$1.50,,,,,,,,,,,,$1.69,,,,,,1,,,,,2014-12-04
190913,Basketball Cards 2014 Panini Prizm,Brandon Jennings [Red Prizm] #39,$3.12,,,,,,,,,,,,$3.39,,,,,,1,,,,,2014-12-04
191688,Basketball Cards 2014 Panini Prizm,Brandon Jennings [Red Pulsar Prizm] #39,$9.99,,,,,,,,,,,$2.80,$10.99,,,,,,1,,,,,2014-12-04
191176,Basketball Cards 2014 Panini Prizm,"Brandon Jennings [Red, White, and Blue Pulsar Prizm] #39",$1.75,,,,,,,,,,,,$1.89,,,,,,1,,,,,2014-12-04
12249589,Basketball Cards 2014 Panini Prizm,Brandon Jennings [Yellow and Red Mosaic Prizm] #39,,,,,,,,,,,,,,,,,,,0,,,,,2014-12-04
190010,Basketball Cards 2014 Panini Prizm,Brandon Knight #49,$1.23,,,,,,,,,,,,$1.39,,,,,,1,,,,,2014-12-04
12248007,Basketball Cards 2014 Panini Prizm,Brandon Knight [Black Prizm] #49,,,,,,,,,,,,,,,,,,,0,,,,,2014-12-04
12248409,Basketball Cards 2014 Panini Prizm,Brandon Knight [Black Pulsar Prizm] #49,,,,,,,,,,,,,,,,,,,0,,,,,2014-12-04
190468,Basketball Cards 2014 Panini Prizm,Brandon Knight [Blue Mojo Prizm] #49,$3.01,,,,,,,,,,,,$3.29,,,,,,1,,,,,2014-12-04
190212,Basketball Cards 2014 Panini Prizm,Brandon Knight [Blue Prizm] #49,$2.84,,,,,,,,,,,,$3.09,,,,,,1,,,,,2014-12-04
12248828,Basketball Cards 2014 Panini Prizm,Brandon Knight [Blue Wave Prizm] #49,,,,,,,,,,,,,,,,,,,0,,,,,2014-12-04
12248694,Basketball Cards 2014 Panini Prizm,Brandon Knight [Blue and Green Prizm] #49,,,,,,,,,,,,,,,,,,,0,,,,,2014-12-04
192207,Basketball Cards 2014 Panini Prizm,Brandon Knight [Gold Prizm] #49,,,,,,,,,,,,,,,,,,,0,,,,,2014-12-04
12249189,Basketball Cards 2014 Panini Prizm,Brandon Knight [Gold Pulsar Prizm] #49,,,,,,,,,,,,,,,,,,,0,,,,,2014-12-04
190703,Basketball Cards 2014 Panini Prizm,Brandon Knight [Green Prizm] #49,$1.60,,,,,,,,,,,,$1.79,,,,,,2,,,,,2014-12-04
191436,Basketball Cards 2014 Panini Prizm,Brandon Knight [Light Blue Prizm] #49,$2.27,,,,,,,,,,,,$2.49,,,,,,1,,,,,2014-12-04
12249351,Basketball Cards 2014 Panini Prizm,Brandon Knight [Orange Die Cut Prizm] #49,,,,,,,,,,,,,,,,,,,0,,,,,2014-12-04
192464,Basketball Cards 2014 Panini Prizm,Brandon Knight [Prizm] #49,$2.69,,,,,,,,,,,,$2.99,,,,,,1,,,,,2014-12-04
191947,Basketball Cards 2014 Panini Prizm,Brandon Knight [Purple Die Cut Prizm] #49,$1.84,,,,,,,,,,,,$1.99,,,,,,1,,,,,2014-12-04
190921,Basketball Cards 2014 Panini Prizm,Brandon Knight [Red Prizm] #49,$2.50,,,,,,,,,,,,$2.79,,,,,,1,,,,,2014-12-04
191696,Basketball Cards 2014 Panini Prizm,Brandon Knight [Red Pulsar Prizm] #49,$6.50,,,,,,,,,,,$1.40,$7.19,,,,,,1,,,,,2014-12-04
191184,Basketball Cards 2014 Panini Prizm,"Brandon Knight [Red, White, and Blue Pulsar Prizm] #49",$0.99,,,,,,,,,,,,$1.09,,,,,,1,,,,,2014-12-04
12249597,Basketball Cards 2014 Panini Prizm,Brandon Knight [Yellow and Red Mosaic Prizm] #49,,,,,,,,,,,,,,,,,,,0,,,,,2014-12-04
190014,Basketball Cards 2014 Panini Prizm,Brook Lopez #58,$0.99,,,,,,,,,,,,$1.09,,,,,,1,,,,,2014-12-04
12248026,Basketball Cards 2014 Panini Prizm,Brook Lopez [Black Prizm] #58,,,,,,,,,,,,,,,,,,,0,,,,,2014-12-04
12248418,Basketball Cards 2014 Panini Prizm,Brook Lopez [Black Pulsar Prizm] #58,,,,,,,,,,,,,,,,,,,0,,,,,2014-12-04
190477,Basketball Cards 2014 Panini Prizm,Brook Lopez [Blue Mojo Prizm] #58,$1.00,,,,,,,,,,,,$1.09,,,,,,1,,,,,2014-12-04
190219,Basketball Cards 2014 Panini Prizm,Brook Lopez [Blue Prizm] #58,$1.48,,,,,,,,,,,,$1.59,,,,,,1,,,,,2014-12-04
12248838,Basketball Cards 2014 Panini Prizm,Brook Lopez [Blue Wave Prizm] #58,,,,,,,,,,,,,,,,,,,0,,,,,2014-12-04
12248701,Basketball Cards 2014 Panini Prizm,Brook Lopez [Blue and Green Prizm] #58,,,,,,,,,,,,,,,,,,,0,,,,,2014-12-04
192213,Basketball Cards 2014 Panini Prizm,Brook Lopez [Gold Prizm] #58,$149.95,,,,,,,,,,,$82.50,$165.00,,,,,,1,,,,,2014-12-04
12249205,Basketball Cards 2014 Panini Prizm,Brook Lopez [Gold Pulsar Prizm] #58,,,,,,,,,,,,,,,,,,,0,,,,,2014-12-04
190710,Basketball Cards 2014 Panini Prizm,Brook Lopez [Green Prizm] #58,$1.39,,,,,,,,,,,,$1.49,,,,,,2,,,,,2014-12-04
191444,Basketball Cards 2014 Panini Prizm,Brook Lopez [Light Blue Prizm] #58,$3.03,,,,,,,,,,,,$3.29,,,,,,1,,,,,2014-12-04
12249370,Basketball Cards 2014 Panini Prizm,Brook Lopez [Orange Die Cut Prizm] #58,,,,,,,,,,,,,,,,,,,0,,,,,2014-12-04
192472,Basketball Cards 2014 Panini Prizm,Brook Lopez [Prizm] #58,$2.99,,,,,,,,,,,,$3.29,,,,,,0,,,,,2014-12-04
191954,Basketball Cards 2014 Panini Prizm,Brook Lopez [Purple Die Cut Prizm] #58,$2.38,,,,,,,,,,,,$2.59,,,,,,2,,,,,2014-12-04
190929,Basketball Cards 2014 Panini Prizm,Brook Lopez [Red Prizm] #58,$2.53,,,,,,,,,,,,$2.79,,,,,,1,,,,,2014-12-04
191704,Basketball Cards 2014 Panini Prizm,Brook Lopez [Red Pulsar Prizm] #58,$5.50,,,,,$19.99,$26.00,$12.00,$12.00,,,$1.20,$6.09,,,,,,2,,,,,2014-12-04
191191,Basketball Cards 2014 Panini Prizm,"Brook Lopez [Red, White, and Blue Pulsar Prizm] #58",$0.99,,,,,,,,,,,,$1.09,,,,,,1,,,,,2014-12-04
12249604,Basketball Cards 2014 Panini Prizm,Brook Lopez [Yellow and Red Mosaic Prizm] #58,$0.99,,,,,,,,,,,,$1.09,,,,,,1,,,,,2014-12-04
136971,Basketball Cards 2014 Panini Prizm,Bruno Caboclo #298,$1.69,,,,,$4.26,$6.00,$3.00,$3.00,,,,$1.89,,,,,,5,,,,,2014-12-04
12248240,Basketball Cards 2014 Panini Prizm,Bruno Caboclo [Black Prizm] #298,,,,,,,,,,,,,,,,,,,0,,,,,2014-12-04
136972,Basketball Cards 2014 Panini Prizm,Bruno Caboclo [Black Pulsar Prizm] #298,,,,,,$109.50,$142.00,$66.00,$66.00,,,,,,,,,,1,,,,,2014-12-04
190661,Basketball Cards 2014 Panini Prizm,Bruno Caboclo [Blue Mojo Prizm] #298,$5.39,,,,,,,,,,,$1.20,$5.89,,,,,,1,,,,,2014-12-04
136973,Basketball Cards 2014 Panini Prizm,Bruno Caboclo [Blue Prizm] #298,$2.55,,,,,,,,,,,,$2.79,,,,,,1,,,,,2014-12-04
12249053,Basketball Cards 2014 Panini Prizm,Bruno Caboclo [Blue Wave Prizm] #298,,,,,,,,,,,,,,,,,,,0,,,,,2014-12-04
12248748,Basketball Cards 2014 Panini Prizm,Bruno Caboclo [Blue and Green Prizm] #298,$1.99,,,,,,,,,,,,$2.19,,,,,,1,,,,,2014-12-04
136974,Basketball Cards 2014 Panini Prizm,Bruno Caboclo [Gold Prizm] #298,$26.75,,,,,,,,,,,$8.70,$28.99,,,,,,1,,,,,2014-12-04
12249291,Basketball Cards 2014 Panini Prizm,Bruno Caboclo [Gold Pulsar Prizm] #298,,,,,,,,,,,,,,,,,,,0,,,,,2014-12-04
190874,Basketball Cards 2014 Panini Prizm,Bruno Caboclo [Green Prizm] #298,$2.25,,,,,,,,,,,,$2.49,,,,,,2,,,,,2014-12-04
136975,Basketball Cards 2014 Panini Prizm,Bruno Caboclo [Light Blue Prizm] #298,$17.50,,,,,,,,,,,$4.80,$18.99,,,,,,1,,,,,2014-12-04
12249554,Basketball Cards 2014 Panini Prizm,Bruno Caboclo [Orange Die Cut Prizm] #298,,,,,,,,,,,,,,,,,,,0,,,,,2014-12-04
136976,Basketball Cards 2014 Panini Prizm,Bruno Caboclo [Prizm] #298,$3.48,,,,,,,,,,,$0.80,$3.79,,,,,,1,,,,,2014-12-04
192163,Basketball Cards 2014 Panini Prizm,Bruno Caboclo [Purple Die Cut Prizm] #298,$1.99,,,,,,,,,,,,$2.19,,,,,,1,,,,,2014-12-04
191140,Basketball Cards 2014 Panini Prizm,Bruno Caboclo [Red Prizm] #298,$10.99,,,,,,,,,,,$3.00,$11.99,,,,,,1,,,,,2014-12-04
136977,Basketball Cards 2014 Panini Prizm,Bruno Caboclo [Red Pulsar Prizm] #298,$34.95,,,,,,,,,,,$15.20,$37.99,,,,,,0,,,,,2014-12-04
191392,Basketball Cards 2014 Panini Prizm,"Bruno Caboclo [Red, White, and Blue Pulsar Prizm] #298",$2.54,,,,,,,,,,,,$2.79,,,,,,1,,,,,2014-12-04
12249770,Basketball Cards 2014 Panini Prizm,Bruno Caboclo [Yellow and Red Mosaic Prizm] #298,,,,,,,,,,,,,,,,,,,0,,,,,2014-12-04
190137,Basketball Cards 2014 Panini Prizm,Byron Scott #235,$1.49,,,,,,,,,,,,$1.59,,,,,,3,,,,,2014-12-04
12248149,Basketball Cards 2014 Panini Prizm,Byron Scott [Black Prizm] #235,,,,,,,,,,,,,,,,,,,0,,,,,2014-12-04
12248489,Basketball Cards 2014 Panini Prizm,Byron Scott [Black Pulsar Prizm] #235,,,,,,,,,,,,,,,,,,,0,,,,,2014-12-04
190611,Basketball Cards 2014 Panini Prizm,Byron Scott [Blue Mojo Prizm] #235,$0.16,,,,,,,,,,,,$0.99,,,,,,1,,,,,2014-12-04
190375,Basketball Cards 2014 Panini Prizm,Byron Scott [Blue Prizm] #235,$8.00,,,,,,,,,,,$1.80,$8.79,,,,,,1,,,,,2014-12-04
12248994,Basketball Cards 2014 Panini Prizm,Byron Scott [Blue Wave Prizm] #235,,,,,,,,,,,,,,,,,,,0,,,,,2014-12-04
12248640,Basketball Cards 2014 Panini Prizm,Byron Scott [Blue and Green Prizm] #235,,,,,,,,,,,,,,,,,,,0,,,,,2014-12-04
192366,Basketball Cards 2014 Panini Prizm,Byron Scott [Gold Prizm] #235,,,,,,,,,,,,,,,,,,,0,,,,,2014-12-04
12249201,Basketball Cards 2014 Panini Prizm,Byron Scott [Gold Pulsar Prizm] #235,,,,,,,,,,,,,,,,,,,0,,,,,2014-12-04
136702,Basketball Cards 2014 Panini Prizm,Byron Scott [Green Prizm] #235,$1.87,,,,,,,,,,,,$2.09,,,,,,3,,,,,2014-12-04
191604,Basketball Cards 2014 Panini Prizm,Byron Scott [Light Blue Prizm] #235,$4.49,,,,,,,,,,,$1.00,$4.89,,,,,,1,,,,,2014-12-04
12249506,Basketball Cards 2014 Panini Prizm,Byron Scott [Orange Die Cut Prizm] #235,,,,,,,,,,,,,,,,,,,0,,,,,2014-12-04
192615,Basketball Cards 2014 Panini Prizm,Byron Scott [Prizm] #235,$1.54,,,,,,,,,,,,$1.69,,,,,,1,,,,,2014-12-04
192112,Basketball Cards 2014 Panini Prizm,Byron Scott [Purple Die Cut Prizm] #235,$4.95,,,,,,,,,,,$1.10,$5.49,,,,,,1,,,,,2014-12-04
191091,Basketball Cards 2014 Panini Prizm,Byron Scott [Red Prizm] #235,$4.38,,,$8.27,$9.00,$44.99,$58.00,$27.00,$27.00,,,$1.00,$4.79,,,,,,5,,,,,2014-12-04
191856,Basketball Cards 2014 Panini Prizm,Byron Scott [Red Pulsar Prizm] #235,$21.83,,,,,$19.99,$26.00,$12.00,$12.00,,,$7.20,$23.99,,,,,,2,,,,,2014-12-04
191350,Basketball Cards 2014 Panini Prizm,"Byron Scott [Red, White, and Blue Pulsar Prizm] #235",$3.52,,,,,,,,,,,$0.80,$3.89,,,,,,1,,,,,2014-12-04
12249747,Basketball Cards 2014 Panini Prizm,Byron Scott [Yellow and Red Mosaic Prizm] #235,,,,,,,,,,,,,,,,,,,0,,,,,2014-12-04
190023,Basketball Cards 2014 Panini Prizm,C.J. McCollum #69,$0.99,,,$3.03,$3.00,,,,,,,,$1.09,,,,,,3,,,,,2014-12-04
12248044,Basketball Cards 2014 Panini Prizm,C.J. McCollum [Black Prizm] #69,,,,,,,,,,,,,,,,,,,0,,,,,2014-12-04
12248430,Basketball Cards 2014 Panini Prizm,C.J. McCollum [Black Pulsar Prizm] #69,,,,,,,,,,,,,,,,,,,0,,,,,2014-12-04
190487,Basketball Cards 2014 Panini Prizm,C.J. McCollum [Blue Mojo Prizm] #69,$3.00,,,,,,,,,,,,$3.29,,,,,,1,,,,,2014-12-04
190230,Basketball Cards 2014 Panini Prizm,C.J. McCollum [Blue Prizm] #69,$4.02,,,,,,,,,,,$0.90,$4.39,,,,,,2,,,,,2014-12-04
12248860,Basketball Cards 2014 Panini Prizm,C.J. McCollum [Blue Wave Prizm] #69,,,,,,,,,,,,,,,,,,,0,,,,,2014-12-04
136246,Basketball Cards 2014 Panini Prizm,C.J. McCollum [Blue and Green Prizm] #69,$1.65,,,$6.50,$7.00,,,,,,,,$1.79,,,,,,3,,,,,2014-12-04
136247,Basketball Cards 2014 Panini Prizm,C.J. McCollum [Gold Prizm] #69,$70.61,,$65.57,$130.50,$227.75,$381.58,$496.00,$229.00,$229.00,,,$31.20,$77.99,,,$28.80,$71.99,,5,,,,,2014-12-04
136248,Basketball Cards 2014 Panini Prizm,C.J. McCollum [Gold Pulsar Prizm] #69,,,,$9.99,$151.87,,,,,,,,,,,,,,2,,,,,2014-12-04
190720,Basketball Cards 2014 Panini Prizm,C.J. McCollum [Green Prizm] #69,$1.55,,,$25.00,$28.00,,,,,,,,$1.69,,,,,,2,,,,,2014-12-04
136249,Basketball Cards 2014 Panini Prizm,C.J. McCollum [Light Blue Prizm] #69,$5.78,,,,,$39.00,$51.00,$23.00,$23.00,,,$1.30,$6.39,,,,,,2,,,,,2014-12-04
12249394,Basketball Cards 2014 Panini Prizm,C.J. McCollum [Orange Die Cut Prizm] #69,,,,,,,,,,,,,,,,,,,0,,,,,2014-12-04
136250,Basketball Cards 2014 Panini Prizm,C.J. McCollum [Prizm] #69,$11.97,,,$20.79,$23.00,,,,,,,$3.30,$12.99,,,,,,2,,,,,2014-12-04
191964,Basketball Cards 2014 Panini Prizm,C.J. McCollum [Purple Die Cut Prizm] #69,$1.95,,,,$149.99,,,,,,,,$2.19,,,,,,2,,,,,2014-12-04
136251,Basketball Cards 2014 Panini Prizm,C.J. McCollum [Red Prizm] #69,$10.50,,,,,,,,,,,$3.00,$11.99,,,,,,1,,,,,2014-12-04
191715,Basketball Cards 2014 Panini Prizm,C.J. McCollum [Red Pulsar Prizm] #69,$3.25,,,$29.99,$33.00,$36.00,$47.00,$22.00,$22.00,,,,$3.59,,,,,,3,,,,,2014-12-04
191202,Basketball Cards 2014 Panini Prizm,"C.J. McCollum [Red, White, and Blue Pulsar Prizm] #69",$2.37,,,,,$20.50,$27.00,$12.00,$12.00,,,,$2.59,,,,,,2,,,,,2014-12-04
136252,Basketball Cards 2014 Panini Prizm,C.J. McCollum [Yellow and Red Mosaic Prizm] #69,$1.51,,,,,,,,,,,,$1.69,,,,,,2,,,,,2014-12-04
190154,Basketball Cards 2014 Panini Prizm,C.J. Wilcox #273,$1.80,,,,,,,,,,,,$1.99,,,,,,3,,,,,2014-12-04
12248207,Basketball Cards 2014 Panini Prizm,C.J. Wilcox [Black Prizm] #273,,,,,,,,,,,,,,,,,,,0,,,,,2014-12-04
12248531,Basketball Cards 2014 Panini Prizm,C.J. Wilcox [Black Pulsar Prizm] #273,,,,,,,,,,,,,,,,,,,0,,,,,2014-12-04
190639,Basketball Cards 2014 Panini Prizm,C.J. Wilcox [Blue Mojo Prizm] #273,$3.36,,,,,,,,,,,,$3.69,,,,,,1,,,,,2014-12-04
190403,Basketball Cards 2014 Panini Prizm,C.J. Wilcox [Blue Prizm] #273,$3.60,,,,,,,,,,,$0.80,$3.99,,,,,,1,,,,,2014-12-04
12249030,Basketball Cards 2014 Panini Prizm,C.J. Wilcox [Blue Wave Prizm] #273,,,,,,,,,,,,,,,,,,,0,,,,,2014-12-04
12248708,Basketball Cards 2014 Panini Prizm,C.J. Wilcox [Blue and Green Prizm] #273,,,,,,,,,,,,,,,,,,,0,,,,,2014-12-04
192399,Basketball Cards 2014 Panini Prizm,C.J. Wilcox [Gold Prizm] #273,$28.90,,,,,,,,,,,$9.60,$31.99,,,,,,1,,,,,2014-12-04
12249259,Basketball Cards 2014 Panini Prizm,C.J. Wilcox [Gold Pulsar Prizm] #273,,,,,,,,,,,,,,,,,,,0,,,,,2014-12-04
190861,Basketball Cards 2014 Panini Prizm,C.J. Wilcox [Green Prizm] #273,$2.50,,,,,,,,,,,,$2.79,,,,,,1,,,,,2014-12-04
191629,Basketball Cards 2014 Panini Prizm,C.J. Wilcox [Light Blue Prizm] #273,$9.45,,,,,,,,,,,$2.00,$9.99,,,,,,0,,,,,2014-12-04
12249534,Basketball Cards 2014 Panini Prizm,C.J. Wilcox [Orange Die Cut Prizm] #273,,,,,,,,,,,,,,,,,,,0,,,,,2014-12-04
192629,Basketball Cards 2014 Panini Prizm,C.J. Wilcox [Prizm] #273,$0.99,,,,,,,,,,,,$1.09,,,,,,1,,,,,2014-12-04
192141,Basketball Cards 2014 Panini Prizm,C.J. Wilcox [Purple Die Cut Prizm] #273,$2.52,,,,,,,,,,,,$2.79,,,,,,1,,,,,2014-12-04
191120,Basketball Cards 2014 Panini Prizm,C.J. Wilcox [Red Prizm] #273,$2.50,,,,,,,,,,,,$2.79,,,,,,1,,,,,2014-12-04
191882,Basketball Cards 2014 Panini Prizm,C.J. Wilcox [Red Pulsar Prizm] #273,,,,,,,,,,,,,,,,,,,0,,,,,2014-12-04
191373,Basketball Cards 2014 Panini Prizm,"C.J. Wilcox [Red, White, and Blue Pulsar Prizm] #273",$2.07,,,,,,,,,,,,$2.29,,,,,,1,,,,,2014-12-04
12249776,Basketball Cards 2014 Panini Prizm,C.J. Wilcox [Yellow and Red Mosaic Prizm] #273,,,,,,,,,,,,,,,,,,,0,,,,,2014-12-04
190168,Basketball Cards 2014 Panini Prizm,Cameron Bairstow #297,$2.02,,,,,$43.94,$57.00,$26.00,$26.00,,,,$2.19,,,,,,5,,,,,2014-12-04
12248238,Basketball Cards 2014 Panini Prizm,Cameron Bairstow [Black Prizm] #297,,,,,,,,,,,,,,,,,,,0,,,,,2014-12-04
12248555,Basketball Cards 2014 Panini Prizm,Cameron Bairstow [Black Pulsar Prizm] #297,,,,,,,,,,,,,,,,,,,0,,,,,2014-12-04
190660,Basketball Cards 2014 Panini Prizm,Cameron Bairstow [Blue Mojo Prizm] #297,$2.25,,,,,,,,,,,,$2.49,,,,,,1,,,,,2014-12-04
190423,Basketball Cards 2014 Panini Prizm,Cameron Bairstow [Blue Prizm] #297,$3.46,,,,,$9.38,$12.00,$6.00,$6.00,,,$0.80,$3.79,,,,,,1,,,,,2014-12-04
12249054,Basketball Cards 2014 Panini Prizm,Cameron Bairstow [Blue Wave Prizm] #297,,,,,,,,,,,,,,,,,,,0,,,,,2014-12-04
12248745,Basketball Cards 2014 Panini Prizm,Cameron Bairstow [Blue and Green Prizm] #297,,,,,,,,,,,,,,,,,,,0,,,,,2014-12-04
192419,Basketball Cards 2014 Panini Prizm,Cameron Bairstow [Gold Prizm] #297,$40.18,,,,,,,,,,,$17.60,$43.99,,,,,,1,,,,,2014-12-04
12249290,Basketball Cards 2014 Panini Prizm,Cameron Bairstow [Gold Pulsar Prizm] #297,,,,,,,,,,,,,,,,,,,0,,,,,2014-12-04
190873,Basketball Cards 2014 Panini Prizm,Cameron Bairstow [Green Prizm] #297,$1.86,,,,,,,,,,,,$2.09,,,,,,1,,,,,2014-12-04
191651,Basketball Cards 2014 Panini Prizm,Cameron Bairstow [Light Blue Prizm] #297,$14.85,,,,,,,,,,,$4.00,$15.99,,,,,,1,,,,,2014-12-04
12249553,Basketball Cards 2014 Panini Prizm,Cameron Bairstow [Orange Die Cut Prizm] #297,,,,,,,,,,,,,,,,,,,0,,,,,2014-12-04
192639,Basketball Cards 2014 Panini Prizm,Cameron Bairstow [Prizm] #297,$3.98,,,,,,,,,,,$0.90,$4.39,,,,,,1,,,,,2014-12-04
192162,Basketball Cards 2014 Panini Prizm,Cameron Bairstow [Purple Die Cut Prizm] #297,$0.99,,,,,,,,,,,,$1.09,,,,,,1,,,,,2014-12-04
191139,Basketball Cards 2014 Panini Prizm,Cameron Bairstow [Red Prizm] #297,$0.51,,,,,,,,,,,,$0.99,,,,,,1,,,,,2014-12-04
191903,Basketball Cards 2014 Panini Prizm,Cameron Bairstow [Red Pulsar Prizm] #297,,,,,,,,,,,,,,,,,,,0,,,,,2014-12-04
191391,Basketball Cards 2014 Panini Prizm,"Cameron Bairstow [Red, White, and Blue Pulsar Prizm] #297",$0.99,,,,,,,,,,,,$1.09,,,,,,1,,,,,2014-12-04
12249767,Basketball Cards 2014 Panini Prizm,Cameron Bairstow [Yellow and Red Mosaic Prizm] #297,,,,,,,,,,,,,,,,,,,0,,,,,2014-12-04
190031,Basketball Cards 2014 Panini Prizm,Carlos Boozer #79,$1.25,,,,,,,,,,,,$1.39,,,,,,2,,,,,2014-12-04
12248061,Basketball Cards 2014 Panini Prizm,Carlos Boozer [Black Prizm] #79,,,,,,,,,,,,,,,,,,,0,,,,,2014-12-04
12248450,Basketball Cards 2014 Panini Prizm,Carlos Boozer [Black Pulsar Prizm] #79,,,,,,,,,,,,,,,,,,,0,,,,,2014-12-04
190496,Basketball Cards 2014 Panini Prizm,Carlos Boozer [Blue Mojo Prizm] #79,$1.77,,,,,,,,,,,,$1.99,,,,,,1,,,,,2014-12-04
190238,Basketball Cards 2014 Panini Prizm,Carlos Boozer [Blue Prizm] #79,$3.16,,,,,,,,,,,,$3.49,,,,,,1,,,,,2014-12-04
12248877,Basketball Cards 2014 Panini Prizm,Carlos Boozer [Blue Wave Prizm] #79,,,,,,,,,,,,,,,,,,,0,,,,,2014-12-04
12248733,Basketball Cards 2014 Panini Prizm,Carlos Boozer [Blue and Green Prizm] #79,,,,,,,,,,,,,,,,,,,0,,,,,2014-12-04
192231,Basketball Cards 2014 Panini Prizm,Carlos Boozer [Gold Prizm] #79,,,,,,,,,,,,,,,,,,,0,,,,,2014-12-04
12249239,Basketball Cards 2014 Panini Prizm,Carlos Boozer [Gold Pulsar Prizm] #79,,,,,,,,,,,,,,,,,,,0,,,,,2014-12-04
190729,Basketball Cards 2014 Panini Prizm,Carlos Boozer [Green Prizm] #79,$0.99,,,,,,,,,,,,$1.09,,,,,,2,,,,,2014-12-04
191462,Basketball Cards 2014 Panini Prizm,Carlos Boozer [Light Blue Prizm] #79,$3.70,,,,,,,,,,,$0.80,$4.09,,,,,,1,,,,,2014-12-04
12249414,Basketball Cards 2014 Panini Prizm,Carlos Boozer [Orange Die Cut Prizm] #79,,,,,,,,,,,,,,,,,,,0,,,,,2014-12-04
192489,Basketball Cards 2014 Panini Prizm,Carlos Boozer [Prizm] #79,$0.25,,,,,,,,,,,,$0.99,,,,,,0,,,,,2014-12-04
191973,Basketball Cards 2014 Panini Prizm,Carlos Boozer [Purple Die Cut Prizm] #79,$1.92,,,,,,,,,,,,$2.09,,,,,,2,,,,,2014-12-04
190946,Basketball Cards 2014 Panini Prizm,Carlos Boozer [Red Prizm] #79,$2.49,,,,,,,,,,,,$2.69,,,,,,1,,,,,2014-12-04
191724,Basketball Cards 2014 Panini Prizm,Carlos Boozer [Red Pulsar Prizm] #79,$1.60,,,,,,,,,,,,$1.79,,,,,,1,,,,,2014-12-04
191211,Basketball Cards 2014 Panini Prizm,"Carlos Boozer [Red, White, and Blue Pulsar Prizm] #79",$2.19,,,,,,,,,,,,$2.39,,,,,,2,,,,,2014-12-04
12249630,Basketball Cards 2014 Panini Prizm,Carlos Boozer [Yellow and Red Mosaic Prizm] #79,$0.99,,,,,,,,,,,,$1.09,,,,,,1,,,,,2014-12-04
136292,Basketball Cards 2014 Panini Prizm,Carmelo Anthony #89,$2.74,,$7.04,$20.00,$22.00,$26.99,$33.00,$16.00,$16.00,,,,$2.99,,,$1.50,$7.69,,16,,,,,2014-12-04
12248077,Basketball Cards 2014 Panini Prizm,Carmelo Anthony [Black Prizm] #89,,,,,,,,,,,,,,,,,,,0,,,,,2014-12-04
12248473,Basketball Cards 2014 Panini Prizm,Carmelo Anthony [Black Pulsar Prizm] #89,,,,,,,,,,,,,,,,,,,0,,,,,2014-12-04
190504,Basketball Cards 2014 Panini Prizm,Carmelo Anthony [Blue Mojo Prizm] #89,$9.50,,,$44.99,$46.00,$47.00,$61.00,$28.00,$28.00,,,$2.00,$9.99,,,,,,5,,,,,2014-12-04
136294,Basketball Cards 2014 Panini Prizm,Carmelo Anthony [Blue Prizm] #89,$16.55,,$25.00,$27.73,$31.00,$140.00,$182.00,$84.00,$84.00,,,$4.50,$17.99,,,$8.40,$27.99,,5,,,,,2014-12-04
12248893,Basketball Cards 2014 Panini Prizm,Carmelo Anthony [Blue Wave Prizm] #89,$7.99,,,,,,,,,,,$1.80,$8.79,,,,,,1,,,,,2014-12-04
136293,Basketball Cards 2014 Panini Prizm,Carmelo Anthony [Blue and Green Prizm] #89,$3.84,,,$19.99,$22.00,$35.47,$46.00,$21.00,$29.00,,,$0.80,$4.19,,,,,,7,,,,,2014-12-04
192240,Basketball Cards 2014 Panini Prizm,Carmelo Anthony [Gold Prizm] #89,$3.75,,,,$1999.99,,,,,,,$0.80,$4.09,,,,,,2,,,,,2014-12-04
12249263,Basketball Cards 2014 Panini Prizm,Carmelo Anthony [Gold Pulsar Prizm] #89,,,,,,,,,,,,,,,,,,,0,,,,,2014-12-04
136295,Basketball Cards 2014 Panini Prizm,Carmelo Anthony [Green Prizm] #89,$6.04,,,,,$41.56,$54.00,$25.00,$25.00,,,$1.30,$6.59,,,,,,4,,,,,2014-12-04
136296,Basketball Cards 2014 Panini Prizm,Carmelo Anthony [Light Blue Prizm] #89,$34.14,,,$59.99,$66.00,,,,,,,$15.20,$37.99,,,,,,2,,,,,2014-12-04
8068635,Basketball Cards 2014 Panini Prizm,Carmelo Anthony [Orange Die Cut Prizm] #89,$37.48,,$48.29,$279.99,$308.00,$336.00,$437.00,$202.00,$202.00,,,$16.40,$40.99,,,$21.20,$52.99,,12,,,,,2014-12-04
136297,Basketball Cards 2014 Panini Prizm,Carmelo Anthony [Prizm] #89,$4.77,,$40.00,$46.00,$51.00,$60.00,$78.00,$36.00,$36.00,,,$1.10,$5.29,,,$17.60,$43.99,,6,,,,,2014-12-04
136298,Basketball Cards 2014 Panini Prizm,Carmelo Anthony [Purple Die Cut Prizm] #89,$6.52,,$27.80,$31.00,$34.00,$72.78,$95.00,$44.00,$44.00,,,$1.40,$7.19,,,$9.30,$30.99,,6,,,,,2014-12-04
190955,Basketball Cards 2014 Panini Prizm,Carmelo Anthony [Red Prizm] #89,$4.00,,,$65.00,$69.00,$70.00,$91.00,$42.00,$42.00,,,$0.90,$4.39,,,,,,3,,,,,2014-12-04
191731,Basketball Cards 2014 Panini Prizm,Carmelo Anthony [Red Pulsar Prizm] #89,$3.50,,,,,,,,,,,$0.80,$3.89,,,,,,1,,,,,2014-12-04
136304,Basketball Cards 2014 Panini Prizm,"Carmelo Anthony [Red, White, and Blue Pulsar Prizm] #89",$5.34,,,,,$26.38,$34.00,$16.00,$16.00,,,$1.20,$5.89,,,,,,6,,,,,2014-12-04
136299,Basketball Cards 2014 Panini Prizm,Carmelo Anthony [Yellow and Red Mosaic Prizm] #89,$4.00,,,$30.17,$33.00,$84.00,$109.00,$50.00,$23.50,,,$0.90,$4.39,,,,,,6,,,,,2014-12-04
190047,Basketball Cards 2014 Panini Prizm,Chandler Parsons #99,$1.42,,,,,,,,,,,,$1.59,,,,,,1,,,,,2014-12-04
12248094,Basketball Cards 2014 Panini Prizm,Chandler Parsons [Black Prizm] #99,,,,,,,,,,,,,,,,,,,0,,,,,2014-12-04
12248493,Basketball Cards 2014 Panini Prizm,Chandler Parsons [Black Pulsar Prizm] #99,,,,,,,,,,,,,,,,,,,0,,,,,2014-12-04
190509,Basketball Cards 2014 Panini Prizm,Chandler Parsons [Blue Mojo Prizm] #99,$3.24,,,,,,,,,,,,$3.59,,,,,,1,,,,,2014-12-04
190255,Basketball Cards 2014 Panini Prizm,Chandler Parsons [Blue Prizm] #99,$4.28,,,,,,,,,,,$0.90,$4.69,,,,,,1,,,,,2014-12-04
12248906,Basketball Cards 2014 Panini Prizm,Chandler Parsons [Blue Wave Prizm] #99,,,,,,,,,,,,,,,,,,,0,,,,,2014-12-04
12248781,Basketball Cards 2014 Panini Prizm,Chandler Parsons [Blue and Green Prizm] #99,,,,,,,,,,,,,,,,,,,0,,,,,2014-12-04
192250,Basketball Cards 2014 Panini Prizm,Chandler Parsons [Gold Prizm] #99,$9.45,,,,,,,,,,,$2.00,$9.99,,,,,,1,,,,,2014-12-04
12249293,Basketball Cards 2014 Panini Prizm,Chandler Parsons [Gold Pulsar Prizm] #99,,,,$149.95,$165.00,,,,,,,,,,,,,,1,,,,,2014-12-04
190746,Basketball Cards 2014 Panini Prizm,Chandler Parsons [Green Prizm] #99,$1.19,,,,,,,,,,,,$1.29,,,,,,1,,,,,2014-12-04
191479,Basketball Cards 2014 Panini Prizm,Chandler Parsons [Light Blue Prizm] #99,$2.72,,,,,,,,,,,,$2.99,,,,,,1,,,,,2014-12-04
12249447,Basketball Cards 2014 Panini Prizm,Chandler Parsons [Orange Die Cut Prizm] #99,$0.99,,,,,,,,,,,,$1.09,,,,,,1,,,,,2014-12-04
192504,Basketball Cards 2014 Panini Prizm,Chandler Parsons [Prizm] #99,$0.99,,,,,,,,,,,,$1.09,,,,,,1,,,,,2014-12-04
191988,Basketball Cards 2014 Panini Prizm,Chandler Parsons [Purple Die Cut Prizm] #99,$3.99,,,,,,,,,,,$0.90,$4.39,,,,,,2,,,,,2014-12-04
190964,Basketball Cards 2014 Panini Prizm,Chandler Parsons [Red Prizm] #99,$1.78,,,,,,,,,,,,$1.99,,,,,,2,,,,,2014-12-04
136328,Basketball Cards 2014 Panini Prizm,Chandler Parsons [Red Pulsar Prizm] #99,$2.25,,,,,,,,,,,,$2.49,,,,,,1,,,,,2014-12-04
191228,Basketball Cards 2014 Panini Prizm,"Chandler Parsons [Red, White, and Blue Pulsar Prizm] #99",$2.25,,,,,,,,,,,,$2.49,,,,,,1,,,,,2014-12-04
12249659,Basketball Cards 2014 Panini Prizm,Chandler Parsons [Yellow and Red Mosaic Prizm] #99,,,,,,,,,,,,,,,,,,,0,,,,,2014-12-04
190053,Basketball Cards 2014 Panini Prizm,Channing Frye #109,$1.44,,,,,,,,,,,,$1.59,,,,,,2,,,,,2014-12-04
12248022,Basketball Cards 2014 Panini Prizm,Channing Frye [Black Prizm] #109,,,,,,,,,,,,,,,,,,,0,,,,,2014-12-04
12248268,Basketball Cards 2014 Panini Prizm,Channing Frye [Black Pulsar Prizm] #109,,,,,,,,,,,,,,,,,,,0,,,,,2014-12-04
190516,Basketball Cards 2014 Panini Prizm,Channing Frye [Blue Mojo Prizm] #109,$3.00,,,,,,,,,,,,$3.29,,,,,,0,,,,,2014-12-04
190264,Basketball Cards 2014 Panini Prizm,Channing Frye [Blue Prizm] #109,$2.33,,,,,,,,,,,,$2.59,,,,,,1,,,,,2014-12-04
12248927,Basketball Cards 2014 Panini Prizm,Channing Frye [Blue Wave Prizm] #109,,,,,,,,,,,,,,,,,,,0,,,,,2014-12-04
12248765,Basketball Cards 2014 Panini Prizm,Channing Frye [Blue and Green Prizm] #109,,,,,,,,,,,,,,,,,,,0,,,,,2014-12-04
192257,Basketball Cards 2014 Panini Prizm,Channing Frye [Gold Prizm] #109,$61.50,,,,,,,,,,,$27.20,$67.99,,,,,,3,,,,,2014-12-04
12249299,Basketball Cards 2014 Panini Prizm,Channing Frye [Gold Pulsar Prizm] #109,,,,,,,,,,,,,,,,,,,0,,,,,2014-12-04
190752,Basketball Cards 2014 Panini Prizm,Channing Frye [Green Prizm] #109,$1.98,,,,,,,,,,,,$2.19,,,,,,1,,,,,2014-12-04
191488,Basketball Cards 2014 Panini Prizm,Channing Frye [Light Blue Prizm] #109,$5.00,,,,,,,,,,,$1.10,$5.49,,,,,,0,,,,,2014-12-04
12249466,Basketball Cards 2014 Panini Prizm,Channing Frye [Orange Die Cut Prizm] #109,,,,,,,,,,,,,,,,,,,0,,,,,2014-12-04
192511,Basketball Cards 2014 Panini Prizm,Channing Frye [Prizm] #109,$0.99,,,,,,,,,,,,$1.09,,,,,,1,,,,,2014-12-04
191995,Basketball Cards 2014 Panini Prizm,Channing Frye [Purple Die Cut Prizm] #109,$1.69,,,,,,,,,,,,$1.89,,,,,,2,,,,,2014-12-04
190972,Basketball Cards 2014 Panini Prizm,Channing Frye [Red Prizm] #109,$2.00,,,,,,,,,,,,$2.19,,,,,,1,,,,,2014-12-04
191748,Basketball Cards 2014 Panini Prizm,Channing Frye [Red Pulsar Prizm] #109,$4.99,,,,,$19.99,$26.00,$12.00,$12.00,,,$1.10,$5.49,,,,,,2,,,,,2014-12-04
191236,Basketball Cards 2014 Panini Prizm,"Channing Frye [Red, White, and Blue Pulsar Prizm] #109",$0.99,,,,,,,,,,,,$1.09,,,,,,1,,,,,2014-12-04
12249672,Basketball Cards 2014 Panini Prizm,Channing Frye [Yellow and Red Mosaic Prizm] #109,,,,,,,,,,,,,,,,,,,0,,,,,2014-12-04
190062,Basketball Cards 2014 Panini Prizm,Chris Bosh #119,$2.22,$8.00,,$11.99,$13.00,$18.00,$23.00,$11.00,$11.00,,,,$2.39,$1.80,$8.79,,,,7,,,,,2014-12-04
136376,Basketball Cards 2014 Panini Prizm,Chris Bosh [Black Prizm] #119,,,,$900.00,$990.00,,,,,,,,,,,,,,1,,,,,2014-12-04
12248278,Basketball Cards 2014 Panini Prizm,Chris Bosh [Black Pulsar Prizm] #119,,,,,,,,,,,,,,,,,,,0,,,,,2014-12-04
136377,Basketball Cards 2014 Panini Prizm,Chris Bosh [Blue Mojo Prizm] #119,$3.74,,,,,,,,,,,$0.80,$4.09,,,,,,2,,,,,2014-12-04
190274,Basketball Cards 2014 Panini Prizm,Chris Bosh [Blue Prizm] #119,$1.96,,,$29.99,$30.00,$30.10,$39.00,$18.00,$18.00,,,,$2.19,,,,,,3,,,,,2014-12-04
12248850,Basketball Cards 2014 Panini Prizm,Chris Bosh [Blue Wave Prizm] #119,$1.18,,$5.97,$11.26,$21.65,$32.11,$42.00,$19.00,$19.00,,,,$1.29,,,$1.30,$6.59,,16,,,,,2014-12-04
12248773,Basketball Cards 2014 Panini Prizm,Chris Bosh [Blue and Green Prizm] #119,$2.99,,$7.56,$13.32,$24.37,$35.60,$46.00,$21.00,$21.00,,,,$3.29,,,$1.70,$8.29,,17,,,,,2014-12-04
192267,Basketball Cards 2014 Panini Prizm,Chris Bosh [Gold Prizm] #119,,,,,$129.51,$217.28,$282.00,$130.00,$130.00,,,,,,,,,,2,,,,,2014-12-04
12249058,Basketball Cards 2014 Panini Prizm,Chris Bosh [Gold Pulsar Prizm] #119,,,,,,,,,,,,,,,,,,,0,,,,,2014-12-04
190761,Basketball Cards 2014 Panini Prizm,Chris Bosh [Green Prizm] #119,$2.02,,,$13.95,$15.00,$47.73,$62.00,$29.00,$29.00,,,,$2.19,,,,,,6,,,,,2014-12-04
191498,Basketball Cards 2014 Panini Prizm,Chris Bosh [Light Blue Prizm] #119,$4.95,,,,,,,,,,,$1.10,$5.49,,,,,,1,,,,,2014-12-04
12249352,Basketball Cards 2014 Panini Prizm,Chris Bosh [Orange Die Cut Prizm] #119,,,,,,,,,,,,,,,,,,,0,,,,,2014-12-04
192521,Basketball Cards 2014 Panini Prizm,Chris Bosh [Prizm] #119,$4.99,,,,,,,,,,,$1.10,$5.49,,,,,,1,,,,,2014-12-04
192005,Basketball Cards 2014 Panini Prizm,Chris Bosh [Purple Die Cut Prizm] #119,$2.79,,,,,$36.00,$47.00,$22.00,$22.00,,,,$3.09,,,,,,4,,,,,2014-12-04
190981,Basketball Cards 2014 Panini Prizm,Chris Bosh [Red Prizm] #119,$3.63,,,$13.49,$15.00,$65.28,$85.00,$39.00,$39.00,,,$0.80,$3.99,,,,,,4,,,,,2014-12-04
191757,Basketball Cards 2014 Panini Prizm,Chris Bosh [Red Pulsar Prizm] #119,$26.99,,,,,,,,,,,$9.00,$29.99,,,,,,1,,,,,2014-12-04
191246,Basketball Cards 2014 Panini Prizm,"Chris Bosh [Red, White, and Blue Pulsar Prizm] #119",$1.25,,,,,,,,,,,,$1.39,,,,,,1,,,,,2014-12-04
12249687,Basketball Cards 2014 Panini Prizm,Chris Bosh [Yellow and Red Mosaic Prizm] #119,$2.99,,,,,,,,,,,,$3.29,,,,,,1,,,,,2014-12-04
136723,Basketball Cards 2014 Panini Prizm,Chris Mullin #244,$1.69,,,,,$18.25,$24.00,$11.00,$11.00,,,,$1.89,,,,,,4,,,,,2014-12-04
12248162,Basketball Cards 2014 Panini Prizm,Chris Mullin [Black Prizm] #244,,,,,,,,,,,,,,,,,,,0,,,,,2014-12-04
12248502,Basketball Cards 2014 Panini Prizm,Chris Mullin [Black Pulsar Prizm] #244,,,,,,,,,,,,,,,,,,,0,,,,,2014-12-04
190620,Basketball Cards 2014 Panini Prizm,Chris Mullin [Blue Mojo Prizm] #244,$14.00,,,,,,,,,,,$3.80,$14.99,,,,,,1,,,,,2014-12-04
190387,Basketball Cards 2014 Panini Prizm,Chris Mullin [Blue Prizm] #244,$4.92,,,$29.99,$33.00,$89.99,$117.00,$54.00,$54.00,,,$1.10,$5.39,,,,,,4,,,,,2014-12-04
12249011,Basketball Cards 2014 Panini Prizm,Chris Mullin [Blue Wave Prizm] #244,,,,,,,,,,,,,,,,,,,0,,,,,2014-12-04
12248649,Basketball Cards 2014 Panini Prizm,Chris Mullin [Blue and Green Prizm] #244,$2.25,,,,,,,,,,,,$2.49,,,,,,1,,,,,2014-12-04
192375,Basketball Cards 2014 Panini Prizm,Chris Mullin [Gold Prizm] #244,$200.00,,,$250.00,$275.00,,$425.01,,,,,$110.00,$220.00,,,,,,2,,,,,2014-12-04
12249218,Basketball Cards 2014 Panini Prizm,Chris Mullin [Gold Pulsar Prizm] #244,,,,$152.50,$168.00,,,,,,,,,,,,,,1,,,,,2014-12-04
190847,Basketball Cards 2014 Panini Prizm,Chris Mullin [Green Prizm] #244,$2.29,,,$8.50,$9.00,,,,,,,,$2.49,,,,,,4,,,,,2014-12-04
191612,Basketball Cards 2014 Panini Prizm,Chris Mullin [Light Blue Prizm] #244,$15.00,,,,,,,,,,,$4.30,$16.99,,,,,,1,,,,,2014-12-04
12249514,Basketball Cards 2014 Panini Prizm,Chris Mullin [Orange Die Cut Prizm] #244,,,,,,,,,,,,,,,,,,,0,,,,,2014-12-04
192621,Basketball Cards 2014 Panini Prizm,Chris Mullin [Prizm] #244,$4.98,,,,,,,,,,,$1.10,$5.49,,,,,,1,,,,,2014-12-04
192120,Basketball Cards 2014 Panini Prizm,Chris Mullin [Purple Die Cut Prizm] #244,$8.99,,,,,,,,,,,$2.00,$9.89,,,,,,2,,,,,2014-12-04
191099,Basketball Cards 2014 Panini Prizm,Chris Mullin [Red Prizm] #244,$9.99,,,,,,,,,,,$2.80,$10.99,,,,,,1,,,,,2014-12-04
191864,Basketball Cards 2014 Panini Prizm,Chris Mullin [Red Pulsar Prizm] #244,,,,,,,,,,,,,,,,,,,0,,,,,2014-12-04
191358,Basketball Cards 2014 Panini Prizm,"Chris Mullin [Red, White, and Blue Pulsar Prizm] #244",$2.49,,,,,$34.99,$45.00,$21.00,$21.00,,,,$2.69,,,,,,2,,,,,2014-12-04
136724,Basketball Cards 2014 Panini Prizm,Chris Mullin [Yellow and Red Mosaic Prizm] #244,$2.25,,,,,,,,,,,,$2.49,,,,,,1,,,,,2014-12-04
136426,Basketball Cards 2014 Panini Prizm,Chris Paul #129,$1.59,,$6.31,$10.04,$22.23,$78.50,$102.00,$47.00,$47.00,,,,$1.79,,,$1.40,$6.89,,8,,,,,2014-12-04
12248068,Basketball Cards 2014 Panini Prizm,Chris Paul [Black Prizm] #129,,,,,,,,,,,,,,,,,,,0,,,,,2014-12-04
12248288,Basketball Cards 2014 Panini Prizm,Chris Paul [Black Pulsar Prizm] #129,,,,,,,,,,,,,,,,,,,0,,,,,2014-12-04
190529,Basketball Cards 2014 Panini Prizm,Chris Paul [Blue Mojo Prizm] #129,$4.25,,,,,$26.25,$34.00,$16.00,$16.00,,,$0.90,$4.69,,,,,,4,,,,,2014-12-04
190282,Basketball Cards 2014 Panini Prizm,Chris Paul [Blue Prizm] #129,$11.74,,,,,$65.00,$85.00,$39.00,$39.00,,,$3.30,$12.99,,,,,,2,,,,,2014-12-04
12248869,Basketball Cards 2014 Panini Prizm,Chris Paul [Blue Wave Prizm] #129,,,,,,,,,,,,,,,,,,,0,,,,,2014-12-04
136427,Basketball Cards 2014 Panini Prizm,Chris Paul [Blue and Green Prizm] #129,$1.40,,,$6.98,$8.00,$8.00,$10.00,$5.00,$5.00,,,,$1.49,,,,,,5,,,,,2014-12-04
192274,Basketball Cards 2014 Panini Prizm,Chris Paul [Gold Prizm] #129,,,,$223.51,$441.00,$450.00,$585.00,$270.00,$270.00,,,,,,,,,,3,,,,,2014-12-04
12249065,Basketball Cards 2014 Panini Prizm,Chris Paul [Gold Pulsar Prizm] #129,,,,,,,,,,,,,,,,,,,0,,,,,2014-12-04
190768,Basketball Cards 2014 Panini Prizm,Chris Paul [Green Prizm] #129,$4.62,,,,,$43.36,$56.00,$26.00,$26.00,,,$1.00,$5.09,,,,,,3,,,,,2014-12-04
191506,Basketball Cards 2014 Panini Prizm,Chris Paul [Light Blue Prizm] #129,$14.52,,,$29.99,$33.00,$38.00,$49.00,$23.00,$23.00,,,$4.00,$15.99,,,,,,3,,,,,2014-12-04
12249363,Basketball Cards 2014 Panini Prizm,Chris Paul [Orange Die Cut Prizm] #129,,,,,,,,,,,,,,,,,,,0,,,,,2014-12-04
192527,Basketball Cards 2014 Panini Prizm,Chris Paul [Prizm] #129,$4.88,,,$14.09,$16.00,,,,,,,$1.10,$5.39,,,,,,4,,,,,2014-12-04
192012,Basketball Cards 2014 Panini Prizm,Chris Paul [Purple Die Cut Prizm] #129,$1.66,,,$18.01,$20.00,$80.51,$105.00,$48.00,$48.00,,,,$1.79,,,,,,5,,,,,2014-12-04
190991,Basketball Cards 2014 Panini Prizm,Chris Paul [Red Prizm] #129,$3.00,,,$32.00,$35.00,,,,,,,,$3.29,,,,,,4,,,,,2014-12-04
191765,Basketball Cards 2014 Panini Prizm,Chris Paul [Red Pulsar Prizm] #129,$92.25,,,,,,,,,,,$50.50,$101.00,,,,,,0,,,,,2014-12-04
191253,Basketball Cards 2014 Panini Prizm,"Chris Paul [Red, White, and Blue Pulsar Prizm] #129",$2.49,,,$10.50,$12.00,$60.00,$78.00,$36.00,$36.00,,,,$2.69,,,,,,6,,,,,2014-12-04
12249619,Basketball Cards 2014 Panini Prizm,Chris Paul [Yellow and Red Mosaic Prizm] #129,,,,,,$31.00,$40.00,$19.00,$19.00,,,,,,,,,,1,,,,,2014-12-04
136900,Basketball Cards 2014 Panini Prizm,Cleanthony Early #277,$1.49,,,,,,,,,,,,$1.59,,,,,,2,,,,,2014-12-04
12248209,Basketball Cards 2014 Panini Prizm,Cleanthony Early [Black Prizm] #277,,,,,,,,,,,,,,,,,,,0,,,,,2014-12-04
12248535,Basketball Cards 2014 Panini Prizm,Cleanthony Early [Black Pulsar Prizm] #277,,,,,,,,,,,,,,,,,,,0,,,,,2014-12-04
190643,Basketball Cards 2014 Panini Prizm,Cleanthony Early [Blue Mojo Prizm] #277,$1.34,,,,,,,,,,,,$1.49,,,,,,1,,,,,2014-12-04
136902,Basketball Cards 2014 Panini Prizm,Cleanthony Early [Blue Prizm] #277,$2.00,,,,,$11.49,$15.00,$7.00,$7.00,,,,$2.19,,,,,,2,,,,,2014-12-04
12249033,Basketball Cards 2014 Panini Prizm,Cleanthony Early [Blue Wave Prizm] #277,,,,,,,,,,,,,,,,,,,0,,,,,2014-12-04
136901,Basketball Cards 2014 Panini Prizm,Cleanthony Early [Blue and Green Prizm] #277,$1.69,,,,,,,,,,,,$1.89,,,,,,1,,,,,2014-12-04
192402,Basketball Cards 2014 Panini Prizm,Cleanthony Early [Gold Prizm] #277,$28.89,,,,,,,,,,,$9.60,$31.99,,,,,,1,,,,,2014-12-04
136903,Basketball Cards 2014 Panini Prizm,Cleanthony Early [Gold Pulsar Prizm] #277,,,,,,,,,,,,,,,,,,,0,,,,,2014-12-04
190862,Basketball Cards 2014 Panini Prizm,Cleanthony Early [Green Prizm] #277,$6.87,,,,,,,,,,,$1.50,$7.59,,,,,,1,,,,,2014-12-04
136904,Basketball Cards 2014 Panini Prizm,Cleanthony Early [Light Blue Prizm] #277,$9.74,,,,,,,,,,,$2.80,$10.99,,,,,,1,,,,,2014-12-04
12249537,Basketball Cards 2014 Panini Prizm,Cleanthony Early [Orange Die Cut Prizm] #277,,,,,,,,,,,,,,,,,,,0,,,,,2014-12-04
136905,Basketball Cards 2014 Panini Prizm,Cleanthony Early [Prizm] #277,$2.99,,,,,,,,,,,,$3.29,,,,,,1,,,,,2014-12-04
192144,Basketball Cards 2014 Panini Prizm,Cleanthony Early [Purple Die Cut Prizm] #277,$2.54,,,,,,,,,,,,$2.79,,,,,,1,,,,,2014-12-04
191123,Basketball Cards 2014 Panini Prizm,Cleanthony Early [Red Prizm] #277,$2.96,,,,,,,,,,,,$3.29,,,,,,1,,,,,2014-12-04
191886,Basketball Cards 2014 Panini Prizm,Cleanthony Early [Red Pulsar Prizm] #277,$1.25,,,,,,,,,,,,$1.39,,,,,,1,,,,,2014-12-04
191376,Basketball Cards 2014 Panini Prizm,"Cleanthony Early [Red, White, and Blue Pulsar Prizm] #277",$1.40,,,,,,,,,,,,$1.49,,,,,,1,,,,,2014-12-04
12249720,Basketball Cards 2014 Panini Prizm,Cleanthony Early [Yellow and Red Mosaic Prizm] #277,,,,,,,,,,,,,,,,,,,0,,,,,2014-12-04
190097,Basketball Cards 2014 Panini Prizm,Clifford Robinson #168,$1.94,,,,,,,,,,,,$2.09,,,,,,2,,,,,2014-12-04
12248167,Basketball Cards 2014 Panini Prizm,Clifford Robinson [Black Prizm] #168,,,,,,,,,,,,,,,,,,,0,,,,,2014-12-04
12248340,Basketball Cards 2014 Panini Prizm,Clifford Robinson [Black Pulsar Prizm] #168,,,,,,,,,,,,,,,,,,,0,,,,,2014-12-04
190560,Basketball Cards 2014 Panini Prizm,Clifford Robinson [Blue Mojo Prizm] #168,$2.55,,,,,,,,,,,,$2.79,,,,,,1,,,,,2014-12-04
190315,Basketball Cards 2014 Panini Prizm,Clifford Robinson [Blue Prizm] #168,$4.20,,,,,,,,,,,$0.90,$4.59,,,,,,1,,,,,2014-12-04
12248937,Basketball Cards 2014 Panini Prizm,Clifford Robinson [Blue Wave Prizm] #168,,,,,,,,,,,,,,,,,,,0,,,,,2014-12-04
12248588,Basketball Cards 2014 Panini Prizm,Clifford Robinson [Blue and Green Prizm] #168,,,,,,,,,,,,,,,,,,,0,,,,,2014-12-04
192308,Basketball Cards 2014 Panini Prizm,Clifford Robinson [Gold Prizm] #168,,,,,,,,,,,,,,,,,,,0,,,,,2014-12-04
12249098,Basketball Cards 2014 Panini Prizm,Clifford Robinson [Gold Pulsar Prizm] #168,,,,,,,,,,,,,,,,,,,0,,,,,2014-12-04
190797,Basketball Cards 2014 Panini Prizm,Clifford Robinson [Green Prizm] #168,$1.53,,,,,,,,,,,,$1.69,,,,,,2,,,,,2014-12-04
191542,Basketball Cards 2014 Panini Prizm,Clifford Robinson [Light Blue Prizm] #168,$4.71,,,,,,,,,,,$1.00,$5.19,,,,,,1,,,,,2014-12-04
12249427,Basketball Cards 2014 Panini Prizm,Clifford Robinson [Orange Die Cut Prizm] #168,,,,,,,,,,,,,,,,,,,0,,,,,2014-12-04
192560,Basketball Cards 2014 Panini Prizm,Clifford Robinson [Prizm] #168,$2.07,,,,,,,,,,,,$2.29,,,,,,1,,,,,2014-12-04
192049,Basketball Cards 2014 Panini Prizm,Clifford Robinson [Purple Die Cut Prizm] #168,$3.30,,,,,,,,,,,,$3.59,,,,,,2,,,,,2014-12-04
191024,Basketball Cards 2014 Panini Prizm,Clifford Robinson [Red Prizm] #168,$4.75,,,,,,,,,,,$1.00,$5.19,,,,,,1,,,,,2014-12-04
191799,Basketball Cards 2014 Panini Prizm,Clifford Robinson [Red Pulsar Prizm] #168,$19.99,,,,,,,,,,,$6.60,$21.99,,,,,,1,,,,,2014-12-04
191287,Basketball Cards 2014 Panini Prizm,"Clifford Robinson [Red, White, and Blue Pulsar Prizm] #168",$3.64,,,,,,,,,,,$0.80,$3.99,,,,,,1,,,,,2014-12-04
12249675,Basketball Cards 2014 Panini Prizm,Clifford Robinson [Yellow and Red Mosaic Prizm] #168,$2.25,,,,,,,,,,,,$2.49,,,,,,1,,,,,2014-12-04
136554,Basketball Cards 2014 Panini Prizm,Clyde Drexler #178,$1.35,,,,,$29.99,$39.00,$18.00,$18.00,,,,$1.49,,,,,,6,,,,,2014-12-04
12248193,Basketball Cards 2014 Panini Prizm,Clyde Drexler [Black Prizm] #178,,,,,,,,,,,,,,,,,,,0,,,,,2014-12-04
12248358,Basketball Cards 2014 Panini Prizm,Clyde Drexler [Black Pulsar Prizm] #178,,,,,,,,,,,,,,,,,,,0,,,,,2014-12-04
190566,Basketball Cards 2014 Panini Prizm,Clyde Drexler [Blue Mojo Prizm] #178,$5.62,,$0.99,,,,,,$14.50,,,$1.20,$6.19,,,,$1.09,,3,,,,,2014-12-04
190324,Basketball Cards 2014 Panini Prizm,Clyde Drexler [Blue Prizm] #178,$5.96,,,$9.99,$11.00,,,,,,,$1.30,$6.59,,,,,,3,,,,,2014-12-04
12248948,Basketball Cards 2014 Panini Prizm,Clyde Drexler [Blue Wave Prizm] #178,,,,,,,,,,,,,,,,,,,0,,,,,2014-12-04
12248595,Basketball Cards 2014 Panini Prizm,Clyde Drexler [Blue and Green Prizm] #178,,,,,,,,,,,,,,,,,,,0,,,,,2014-12-04
192316,Basketball Cards 2014 Panini Prizm,Clyde Drexler [Gold Prizm] #178,$360.00,,,,,,,,,,,$198.00,$396.00,,,,,,1,,,,,2014-12-04
12249114,Basketball Cards 2014 Panini Prizm,Clyde Drexler [Gold Pulsar Prizm] #178,,,,,,,,,,,,,,,,,,,0,,,,,2014-12-04
136555,Basketball Cards 2014 Panini Prizm,Clyde Drexler [Green Prizm] #178,$2.31,,,,,$19.51,$25.00,$12.00,$12.00,,,,$2.49,,,,,,6,,,,,2014-12-04
191552,Basketball Cards 2014 Panini Prizm,Clyde Drexler [Light Blue Prizm] #178,$20.70,,,,,,,,,,,$6.90,$22.99,,,,,,1,,,,,2014-12-04
12249438,Basketball Cards 2014 Panini Prizm,Clyde Drexler [Orange Die Cut Prizm] #178,,,,,,,,,,,,,,,,,,,0,,,,,2014-12-04
192567,Basketball Cards 2014 Panini Prizm,Clyde Drexler [Prizm] #178,$5.39,,,,,,,,,,,$1.20,$5.89,,,,,,1,,,,,2014-12-04
192058,Basketball Cards 2014 Panini Prizm,Clyde Drexler [Purple Die Cut Prizm] #178,$6.50,,,,,,,,,,,$1.40,$7.19,,,,,,3,,,,,2014-12-04
191036,Basketball Cards 2014 Panini Prizm,Clyde Drexler [Red Prizm] #178,$10.76,,,$28.40,$31.00,$84.99,$110.00,$51.00,$51.00,,,$3.00,$11.99,,,,,,3,,,,,2014-12-04
191808,Basketball Cards 2014 Panini Prizm,Clyde Drexler [Red Pulsar Prizm] #178,,,,$35.00,$39.00,$105.00,$137.00,$63.00,$63.00,,,,,,,,,,2,,,,,2014-12-04
191297,Basketball Cards 2014 Panini Prizm,"Clyde Drexler [Red, White, and Blue Pulsar Prizm] #178",$2.51,,,,,,,,,,,,$2.79,,,,,,2,,,,,2014-12-04
136556,Basketball Cards 2014 Panini Prizm,Clyde Drexler [Yellow and Red Mosaic Prizm] #178,$3.77,,,$31.00,$34.00,$40.00,$52.00,$24.00,$24.00,,,$0.80,$4.19,,,,,,5,,,,,2014-12-04
190076,Basketball Cards 2014 Panini Prizm,Cody Zeller #139,$0.99,,,,,,,,,,,,$1.09,,,,,,1,,,,,2014-12-04
12248093,Basketball Cards 2014 Panini Prizm,Cody Zeller [Black Prizm] #139,,,,,,,,,,,,,,,,,,,0,,,,,2014-12-04
12248298,Basketball Cards 2014 Panini Prizm,Cody Zeller [Black Pulsar Prizm] #139,,,,,,,,,,,,,,,,,,,0,,,,,2014-12-04
190537,Basketball Cards 2014 Panini Prizm,Cody Zeller [Blue Mojo Prizm] #139,$1.79,,,,,,,,,,,,$1.99,,,,,,1,,,,,2014-12-04
190290,Basketball Cards 2014 Panini Prizm,Cody Zeller [Blue Prizm] #139,$2.99,,,,,,,,,,,,$3.29,,,,,,1,,,,,2014-12-04
12248889,Basketball Cards 2014 Panini Prizm,Cody Zeller [Blue Wave Prizm] #139,,,,,,,,,,,,,,,,,,,0,,,,,2014-12-04
12248566,Basketball Cards 2014 Panini Prizm,Cody Zeller [Blue and Green Prizm] #139,,,,,,,,,,,,,,,,,,,0,,,,,2014-12-04
192283,Basketball Cards 2014 Panini Prizm,Cody Zeller [Gold Prizm] #139,$39.95,,,$27.00,$30.00,,,,,,,$17.60,$43.99,,,,,,2,,,,,2014-12-04
12249072,Basketball Cards 2014 Panini Prizm,Cody Zeller [Gold Pulsar Prizm] #139,,,,,,,,,,,,,,,,,,,0,,,,,2014-12-04
190774,Basketball Cards 2014 Panini Prizm,Cody Zeller [Green Prizm] #139,$1.27,,,,,,,,,,,,$1.39,,,,,,1,,,,,2014-12-04
191515,Basketball Cards 2014 Panini Prizm,Cody Zeller [Light Blue Prizm] #139,$2.52,,,,,,,,,,,,$2.79,,,,,,1,,,,,2014-12-04
12249379,Basketball Cards 2014 Panini Prizm,Cody Zeller [Orange Die Cut Prizm] #139,,,,,,,,,,,,,,,,,,,0,,,,,2014-12-04
192535,Basketball Cards 2014 Panini Prizm,Cody Zeller [Prizm] #139,$0.30,,,,,,,,,,,,$0.99,,,,,,1,,,,,2014-12-04
192021,Basketball Cards 2014 Panini Prizm,Cody Zeller [Purple Die Cut Prizm] #139,$1.53,,,,,,,,,,,,$1.69,,,,,,1,,,,,2014-12-04
190999,Basketball Cards 2014 Panini Prizm,Cody Zeller [Red Prizm] #139,$4.92,,,,,,,,,,,$1.10,$5.39,,,,,,1,,,,,2014-12-04
191774,Basketball Cards 2014 Panini Prizm,Cody Zeller [Red Pulsar Prizm] #139,,,,,,,,,,,,,,,,,,,0,,,,,2014-12-04
191261,Basketball Cards 2014 Panini Prizm,"Cody Zeller [Red, White, and Blue Pulsar Prizm] #139",$1.81,,,,,,,,,,,,$1.99,,,,,,1,,,,,2014-12-04
12249629,Basketball Cards 2014 Panini Prizm,Cody Zeller [Yellow and Red Mosaic Prizm] #139,,,,,,,,,,,,,,,,,,,0,,,,,2014-12-04
190085,Basketball Cards 2014 Panini Prizm,Corey Brewer #149,$1.09,,,,,,,,,,,,$1.19,,,,,,4,,,,,2014-12-04
12248114,Basketball Cards 2014 Panini Prizm,Corey Brewer [Black Prizm] #149,,,,,,,,,,,,,,,,,,,0,,,,,2014-12-04
12248308,Basketball Cards 2014 Panini Prizm,Corey Brewer [Black Pulsar Prizm] #149,,,,,,,,,,,,,,,,,,,0,,,,,2014-12-04
190545,Basketball Cards 2014 Panini Prizm,Corey Brewer [Blue Mojo Prizm] #149,$1.40,,,,,,,,,,,,$1.49,,,,,,1,,,,,2014-12-04
190299,Basketball Cards 2014 Panini Prizm,Corey Brewer [Blue Prizm] #149,$4.50,,,,,,,,,,,$1.00,$4.99,,,,,,1,,,,,2014-12-04
12248912,Basketball Cards 2014 Panini Prizm,Corey Brewer [Blue Wave Prizm] #149,,,,,,,,,,,,,,,,,,,0,,,,,2014-12-04
12248575,Basketball Cards 2014 Panini Prizm,Corey Brewer [Blue and Green Prizm] #149,,,,,,,,,,,,,,,,,,,0,,,,,2014-12-04
192292,Basketball Cards 2014 Panini Prizm,Corey Brewer [Gold Prizm] #149,$19.99,,,,,,,,,,,$6.60,$21.99,,,,,,1,,,,,2014-12-04
12249082,Basketball Cards 2014 Panini Prizm,Corey Brewer [Gold Pulsar Prizm] #149,,,,,,,,,,,,,,,,,,,0,,,,,2014-12-04
190783,Basketball Cards 2014 Panini Prizm,Corey Brewer [Green Prizm] #149,$1.00,,,,,,,,,,,,$1.09,,,,,,1,,,,,2014-12-04
191524,Basketball Cards 2014 Panini Prizm,Corey Brewer [Light Blue Prizm] #149,$2.50,,,,,,,,,,,,$2.79,,,,,,1,,,,,2014-12-04
12249395,Basketball Cards 2014 Panini Prizm,Corey Brewer [Orange Die Cut Prizm] #149,,,,,,,,,,,,,,,,,,,0,,,,,2014-12-04
192543,Basketball Cards 2014 Panini Prizm,Corey Brewer [Prizm] #149,$0.25,,,,,,,,,,,,$0.99,,,,,,0,,,,,2014-12-04
192030,Basketball Cards 2014 Panini Prizm,Corey Brewer [Purple Die Cut Prizm] #149,$4.00,,,,,,,,,,,$0.90,$4.39,,,,,,1,,,,,2014-12-04
136477,Basketball Cards 2014 Panini Prizm,Corey Brewer [Red Prizm] #149,$2.33,,,,,,,,,,,,$2.59,,,,,,1,,,,,2014-12-04
191782,Basketball Cards 2014 Panini Prizm,Corey Brewer [Red Pulsar Prizm] #149,$8.99,,,,,,,,,,,$2.00,$9.89,,,,,,1,,,,,2014-12-04
191270,Basketball Cards 2014 Panini Prizm,"Corey Brewer [Red, White, and Blue Pulsar Prizm] #149",$0.99,,,,,,,,,,,,$1.09,,,,,,1,,,,,2014-12-04
12249645,Basketball Cards 2014 Panini Prizm,Corey Brewer [Yellow and Red Mosaic Prizm] #149,,,,,,,,,,,,,,,,,,,0,,,,,2014-12-04
190167,Basketball Cards 2014 Panini Prizm,Cory Jefferson #295,$1.44,,,,,,,,,,,,$1.59,,,,,,2,,,,,2014-12-04
12248236,Basketball Cards 2014 Panini Prizm,Cory Jefferson [Black Prizm] #295,,,,,,,,,,,,,,,,,,,0,,,,,2014-12-04
12248553,Basketball Cards 2014 Panini Prizm,Cory Jefferson [Black Pulsar Prizm] #295,,,,,,,,,,,,,,,,,,,0,,,,,2014-12-04
190658,Basketball Cards 2014 Panini Prizm,Cory Jefferson [Blue Mojo Prizm] #295,$1.75,,,,,,,,,,,,$1.89,,,,,,1,,,,,2014-12-04
190421,Basketball Cards 2014 Panini Prizm,Cory Jefferson [Blue Prizm] #295,$2.38,,,,,,,,,,,,$2.59,,,,,,1,,,,,2014-12-04
12249051,Basketball Cards 2014 Panini Prizm,Cory Jefferson [Blue Wave Prizm] #295,,,,,,,,,,,,,,,,,,,0,,,,,2014-12-04
12248743,Basketball Cards 2014 Panini Prizm,Cory Jefferson [Blue and Green Prizm] #295,,,,,,,,,,,,,,,,,,,0,,,,,2014-12-04
192417,Basketball Cards 2014 Panini Prizm,Cory Jefferson [Gold Prizm] #295,$23.14,,,$15.50,$17.00,,,,,,,$7.50,$24.99,,,,,,1,,,,,2014-12-04
12249285,Basketball Cards 2014 Panini Prizm,Cory Jefferson [Gold Pulsar Prizm] #295,,,,,,,,,,,,,,,,,,,0,,,,,2014-12-04
136966,Basketball Cards 2014 Panini Prizm,Cory Jefferson [Green Prizm] #295,$2.01,,,,,,,,,,,,$2.19,,,,,,1,,,,,2014-12-04
191649,Basketball Cards 2014 Panini Prizm,Cory Jefferson [Light Blue Prizm] #295,$3.41,,,,,,,,,,,$0.80,$3.79,,,,,,1,,,,,2014-12-04
12249552,Basketball Cards 2014 Panini Prizm,Cory Jefferson [Orange Die Cut Prizm] #295,,,,,,,,,,,,,,,,,,,0,,,,,2014-12-04
136967,Basketball Cards 2014 Panini Prizm,Cory Jefferson [Prizm] #295,$1.25,,,,,,,,,,,,$1.39,,,,,,1,,,,,2014-12-04
192160,Basketball Cards 2014 Panini Prizm,Cory Jefferson [Purple Die Cut Prizm] #295,$2.88,,,,,,,,,,,,$3.19,,,,,,1,,,,,2014-12-04
191137,Basketball Cards 2014 Panini Prizm,Cory Jefferson [Red Prizm] #295,$1.50,,,,,,,,,,,,$1.69,,,,,,1,,,,,2014-12-04
191901,Basketball Cards 2014 Panini Prizm,Cory Jefferson [Red Pulsar Prizm] #295,$7.44,,,,,,,,,,,$1.60,$8.19,,,,,,0,,,,,2014-12-04
191389,Basketball Cards 2014 Panini Prizm,"Cory Jefferson [Red, White, and Blue Pulsar Prizm] #295",$1.00,,,,,,,,,,,,$1.09,,,,,,1,,,,,2014-12-04
12249762,Basketball Cards 2014 Panini Prizm,Cory Jefferson [Yellow and Red Mosaic Prizm] #295,$1.49,,,,,,,,,,,,$1.59,,,,,,1,,,,,2014-12-04
136733,Basketball Cards 2014 Panini Prizm,Craig Ehlo #249,$1.69,,,,,$8.50,$11.00,$5.00,$5.00,,,,$1.89,,,,,,3,,,,,2014-12-04
12248169,Basketball Cards 2014 Panini Prizm,Craig Ehlo [Black Prizm] #249,,,,,,,,,,,,,,,,,,,0,,,,,2014-12-04
12248507,Basketball Cards 2014 Panini Prizm,Craig Ehlo [Black Pulsar Prizm] #249,,,,,,,,,,,,,,,,,,,0,,,,,2014-12-04
190625,Basketball Cards 2014 Panini Prizm,Craig Ehlo [Blue Mojo Prizm] #249,$2.07,,,,,,,,,,,,$2.29,,,,,,1,,,,,2014-12-04
190388,Basketball Cards 2014 Panini Prizm,Craig Ehlo [Blue Prizm] #249,$3.71,,,,,,,,,,,$0.80,$4.09,,,,,,1,,,,,2014-12-04
12249015,Basketball Cards 2014 Panini Prizm,Craig Ehlo [Blue Wave Prizm] #249,,,,,,,,,,,,,,,,,,,0,,,,,2014-12-04
12248656,Basketball Cards 2014 Panini Prizm,Craig Ehlo [Blue and Green Prizm] #249,,,,,,,,,,,,,,,,,,,0,,,,,2014-12-04
192380,Basketball Cards 2014 Panini Prizm,Craig Ehlo [Gold Prizm] #249,$3.00,,,,,,,,,,,,$3.29,,,,,,0,,,,,2014-12-04
12249228,Basketball Cards 2014 Panini Prizm,Craig Ehlo [Gold Pulsar Prizm] #249,,,,,,,,,,,,,,,,,,,0,,,,,2014-12-04
190852,Basketball Cards 2014 Panini Prizm,Craig Ehlo [Green Prizm] #249,$1.81,,,,,,,,,,,,$1.99,,,,,,2,,,,,2014-12-04
191616,Basketball Cards 2014 Panini Prizm,Craig Ehlo [Light Blue Prizm] #249,$2.92,,,,,,,,,,,,$3.19,,,,,,1,,,,,2014-12-04
12249519,Basketball Cards 2014 Panini Prizm,Craig Ehlo [Orange Die Cut Prizm] #249,,,,,,,,,,,,,,,,,,,0,,,,,2014-12-04
192626,Basketball Cards 2014 Panini Prizm,Craig Ehlo [Prizm] #249,$0.98,,,,,$27.50,$36.00,$17.00,$17.00,,,,$1.09,,,,,,2,,,,,2014-12-04
192125,Basketball Cards 2014 Panini Prizm,Craig Ehlo [Purple Die Cut Prizm] #249,$1.29,,,,,,,,,,,,$1.39,,,,,,3,,,,,2014-12-04
191104,Basketball Cards 2014 Panini Prizm,Craig Ehlo [Red Prizm] #249,$2.52,,,,,,,,,,,,$2.79,,,,,,1,,,,,2014-12-04
191868,Basketball Cards 2014 Panini Prizm,Craig Ehlo [Red Pulsar Prizm] #249,$9.57,,,,,,,,,,,$2.80,$10.99,,,,,,1,,,,,2014-12-04
191363,Basketball Cards 2014 Panini Prizm,"Craig Ehlo [Red, White, and Blue Pulsar Prizm] #249",$0.25,,,,,,,,,,,,$0.99,,,,,,0,,,,,2014-12-04
12249763,Basketball Cards 2014 Panini Prizm,Craig Ehlo [Yellow and Red Mosaic Prizm] #249,,,,,,,,,,,,,,,,,,,0,,,,,2014-12-04
189974,Basketball Cards 2014 Panini Prizm,Damian Lillard #1,$1.49,,$10.00,$12.25,$34.99,$35.17,$46.00,$21.00,$21.00,,,,$1.59,,,$2.80,$10.99,,14,,,,,2014-12-04
12247959,Basketball Cards 2014 Panini Prizm,Damian Lillard [Black Prizm] #1,,,,,,,,,,,,,,,,,,,0,,,,,2014-12-04
12248313,Basketball Cards 2014 Panini Prizm,Damian Lillard [Black Pulsar Prizm] #1,,,,,,,,,,,,,,,,,,,0,,,,,2014-12-04
136099,Basketball Cards 2014 Panini Prizm,Damian Lillard [Blue Mojo Prizm] #1,$16.93,,,$6.50,$7.00,$110.09,$143.00,$66.00,$66.00,,,$4.80,$18.99,,,,,,4,,,,,2014-12-04
136100,Basketball Cards 2014 Panini Prizm,Damian Lillard [Blue Prizm] #1,$23.91,,$34.99,$195.00,$195.00,$198.89,$259.00,$119.00,$119.00,,,$7.80,$25.99,,,$15.20,$37.99,,5,,,,,2014-12-04
12248784,Basketball Cards 2014 Panini Prizm,Damian Lillard [Blue Wave Prizm] #1,$165.09,,,,,,,,,,,$91.00,$182.00,,,,,,1,,,,,2014-12-04
8280445,Basketball Cards 2014 Panini Prizm,Damian Lillard [Blue and Green Prizm] #1,$5.75,,$15.00,,,,,,,,,$1.30,$6.29,,,$4.30,$16.99,,7,,,,,2014-12-04
192165,Basketball Cards 2014 Panini Prizm,Damian Lillard [Gold Prizm] #1,$508.53,,,$243.36,$309.00,$315.00,$410.00,$189.00,$189.00,,,$335.40,$559.00,,,,,,4,,,,,2014-12-04
12249096,Basketball Cards 2014 Panini Prizm,Damian Lillard [Gold Pulsar Prizm] #1,,,,,,,,,,,,,,,,,,,0,,,,,2014-12-04
136101,Basketball Cards 2014 Panini Prizm,Damian Lillard [Green Prizm] #1,$13.99,,$11.50,$16.56,$39.60,$55.05,$72.00,$33.00,$33.00,,,$3.80,$14.99,,,$3.30,$12.99,,10,,,,,2014-12-04
136102,Basketball Cards 2014 Panini Prizm,Damian Lillard [Light Blue Prizm] #1,$69.24,,$55.00,$61.00,$67.00,$97.66,$127.00,$59.00,$59.00,,,$30.40,$75.99,,,$24.40,$60.99,,4,,,,,2014-12-04
136103,Basketball Cards 2014 Panini Prizm,Damian Lillard [Orange Die Cut Prizm] #1,$27.80,,$16.50,$40.00,$44.00,$60.00,$78.00,$36.00,$36.00,,,$9.30,$30.99,,,$4.50,$17.99,,5,,,,,2014-12-04
191904,Basketball Cards 2014 Panini Prizm,Damian Lillard [Purple Die Cut Prizm] #1,$19.99,,,$50.00,$55.00,$60.00,$78.00,$36.00,$36.00,,,$6.60,$21.99,,,,,,4,,,,,2014-12-04
136105,Basketball Cards 2014 Panini Prizm,Damian Lillard [Red Prizm] #1,$58.00,,$35.00,$127.50,$140.00,,,,,,,$25.60,$63.99,,,$15.60,$38.99,,3,,,,,2014-12-04
136106,Basketball Cards 2014 Panini Prizm,Damian Lillard [Red Pulsar Prizm] #1,,,,,$106.00,$108.49,$141.00,$65.00,$65.00,,,,,,,,,,2,,,,,2014-12-04
191143,Basketball Cards 2014 Panini Prizm,"Damian Lillard [Red, White, and Blue Pulsar Prizm] #1",$7.78,,,$22.72,$25.00,$26.00,$34.00,$16.00,$16.00,,,$1.70,$8.59,,,,,,7,,,,,2014-12-04
136104,Basketball Cards 2014 Panini Prizm,Damian Lillard [Silver Prizm] #1,$7.99,,$20.61,$32.82,$36.00,$75.00,$98.00,$45.00,$44.99,,,$1.80,$8.79,,,$6.90,$22.99,,8,,,,,2014-12-04
136107,Basketball Cards 2014 Panini Prizm,Damian Lillard [Yellow and Red Mosaic Prizm] #1,$5.50,$15.00,,$17.50,$19.00,$57.00,$74.00,$34.00,$34.00,,,$1.20,$6.09,$4.30,$16.99,,,,6,,,,,2014-12-04
190169,Basketball Cards 2014 Panini Prizm,Damien Inglis #299,$1.31,,,$531.00,$584.00,,,,,,,,$1.39,,,,,,3,,,,,2014-12-04
12248241,Basketball Cards 2014 Panini Prizm,Damien Inglis [Black Prizm] #299,,,,,,,,,,,,,,,,,,,0,,,,,2014-12-04
12248556,Basketball Cards 2014 Panini Prizm,Damien Inglis [Black Pulsar Prizm] #299,,,,,,,,,,,,,,,,,,,0,,,,,2014-12-04
190662,Basketball Cards 2014 Panini Prizm,Damien Inglis [Blue Mojo Prizm] #299,$1.87,,,,,,,,,,,,$2.09,,,,,,1,,,,,2014-12-04
136978,Basketball Cards 2014 Panini Prizm,Damien Inglis [Blue Prizm] #299,$2.38,,,,,,,,,,,,$2.59,,,,,,1,,,,,2014-12-04
12249056,Basketball Cards 2014 Panini Prizm,Damien Inglis [Blue Wave Prizm] #299,,,,,,,,,,,,,,,,,,,0,,,,,2014-12-04
12248750,Basketball Cards 2014 Panini Prizm,Damien Inglis [Blue and Green Prizm] #299,,,,,,,,,,,,,,,,,,,0,,,,,2014-12-04
192420,Basketball Cards 2014 Panini Prizm,Damien Inglis [Gold Prizm] #299,$0.25,,,,,,,,,,,,$0.99,,,,,,0,,,,,2014-12-04
136979,Basketball Cards 2014 Panini Prizm,Damien Inglis [Gold Pulsar Prizm] #299,$39.99,,,,,,,,,,,$17.60,$43.99,,,,,,1,,,,,2014-12-04
190875,Basketball Cards 2014 Panini Prizm,Damien Inglis [Green Prizm] #299,$1.25,,,,,,,,,,,,$1.39,,,,,,1,,,,,2014-12-04
191652,Basketball Cards 2014 Panini Prizm,Damien Inglis [Light Blue Prizm] #299,$3.95,,,,,,,,,,,$0.90,$4.39,,,,,,1,,,,,2014-12-04
12249555,Basketball Cards 2014 Panini Prizm,Damien Inglis [Orange Die Cut Prizm] #299,,,,,,,,,,,,,,,,,,,0,,,,,2014-12-04
192640,Basketball Cards 2014 Panini Prizm,Damien Inglis [Prizm] #299,$0.99,,,,,,,,,,,,$1.09,,,,,,1,,,,,2014-12-04
192164,Basketball Cards 2014 Panini Prizm,Damien Inglis [Purple Die Cut Prizm] #299,$1.99,,,,,,,,,,,,$2.19,,,,,,1,,,,,2014-12-04
191142,Basketball Cards 2014 Panini Prizm,Damien Inglis [Red Prizm] #299,$1.75,,,,,,,,,,,,$1.89,,,,,,1,,,,,2014-12-04
136980,Basketball Cards 2014 Panini Prizm,Damien Inglis [Red Pulsar Prizm] #299,$3.98,,,,,$16.10,$21.00,$10.00,$10.00,,,$0.90,$4.39,,,,,,2,,,,,2014-12-04
191393,Basketball Cards 2014 Panini Prizm,"Damien Inglis [Red, White, and Blue Pulsar Prizm] #299",$3.42,,,,,,,,,,,$0.80,$3.79,,,,,,1,,,,,2014-12-04
12249771,Basketball Cards 2014 Panini Prizm,Damien Inglis [Yellow and Red Mosaic Prizm] #299,,,,,,,,,,,,,,,,,,,0,,,,,2014-12-04
190166,Basketball Cards 2014 Panini Prizm,Damjan Rudez #294,$0.98,,,,,,,,,,,,$1.09,,,,,,2,,,,,2014-12-04
12248234,Basketball Cards 2014 Panini Prizm,Damjan Rudez [Black Prizm] #294,,,,,,,,,,,,,,,,,,,0,,,,,2014-12-04
12248552,Basketball Cards 2014 Panini Prizm,Damjan Rudez [Black Pulsar Prizm] #294,,,,,,,,,,,,,,,,,,,0,,,,,2014-12-04
190657,Basketball Cards 2014 Panini Prizm,Damjan Rudez [Blue Mojo Prizm] #294,$3.42,,,,,,,,,,,$0.80,$3.79,,,,,,1,,,,,2014-12-04
190420,Basketball Cards 2014 Panini Prizm,Damjan Rudez [Blue Prizm] #294,$2.99,,,,,,,,,,,,$3.29,,,,,,1,,,,,2014-12-04
12249050,Basketball Cards 2014 Panini Prizm,Damjan Rudez [Blue Wave Prizm] #294,,,,,,,,,,,,,,,,,,,0,,,,,2014-12-04
12248742,Basketball Cards 2014 Panini Prizm,Damjan Rudez [Blue and Green Prizm] #294,,,,,,,,,,,,,,,,,,,0,,,,,2014-12-04
192416,Basketball Cards 2014 Panini Prizm,Damjan Rudez [Gold Prizm] #294,$72.99,,,,,,,,,,,$32.00,$79.99,,,,,,1,,,,,2014-12-04
12249283,Basketball Cards 2014 Panini Prizm,Damjan Rudez [Gold Pulsar Prizm] #294,,,,,,,,,,,,,,,,,,,0,,,,,2014-12-04
190872,Basketball Cards 2014 Panini Prizm,Damjan Rudez [Green Prizm] #294,$2.91,,,,,,,,,,,,$3.19,,,,,,1,,,,,2014-12-04
191648,Basketball Cards 2014 Panini Prizm,Damjan Rudez [Light Blue Prizm] #294,$3.50,,,,,,,,,,,$0.80,$3.89,,,,,,1,,,,,2014-12-04
12249551,Basketball Cards 2014 Panini Prizm,Damjan Rudez [Orange Die Cut Prizm] #294,,,,,,,,,,,,,,,,,,,0,,,,,2014-12-04
192637,Basketball Cards 2014 Panini Prizm,Damjan Rudez [Prizm] #294,$9.38,,,,,,,,,,,$2.00,$9.99,,,,,,1,,,,,2014-12-04
192159,Basketball Cards 2014 Panini Prizm,Damjan Rudez [Purple Die Cut Prizm] #294,$1.95,,,,,,,,,,,,$2.19,,,,,,1,,,,,2014-12-04
191136,Basketball Cards 2014 Panini Prizm,Damjan Rudez [Red Prizm] #294,$0.99,,,,,,,,,,,,$1.09,,,,,,1,,,,,2014-12-04
191900,Basketball Cards 2014 Panini Prizm,Damjan Rudez [Red Pulsar Prizm] #294,,,,,,,,,,,,,,,,,,,0,,,,,2014-12-04
191388,Basketball Cards 2014 Panini Prizm,"Damjan Rudez [Red, White, and Blue Pulsar Prizm] #294",$1.89,,,,,,,,,,,,$2.09,,,,,,1,,,,,2014-12-04
12249760,Basketball Cards 2014 Panini Prizm,Damjan Rudez [Yellow and Red Mosaic Prizm] #294,,,,,,,,,,,,,,,,,,,0,,,,,2014-12-04
190114,Basketball Cards 2014 Panini Prizm,Damon Stoudamire #197,$1.30,,,,,,,,,,,,$1.39,,,,,,2,,,,,2014-12-04
12248247,Basketball Cards 2014 Panini Prizm,Damon Stoudamire [Black Prizm] #197,,,,,,,,,,,,,,,,,,,0,,,,,2014-12-04
12248395,Basketball Cards 2014 Panini Prizm,Damon Stoudamire [Black Pulsar Prizm] #197,,,,,,,,,,,,,,,,,,,0,,,,,2014-12-04
136599,Basketball Cards 2014 Panini Prizm,Damon Stoudamire [Blue Mojo Prizm] #197,$4.05,,,,,$19.99,$26.00,$12.00,$12.00,,,$0.90,$4.49,,,,,,2,,,,,2014-12-04
190340,Basketball Cards 2014 Panini Prizm,Damon Stoudamire [Blue Prizm] #197,$5.52,,,,,,,,,,,$1.20,$6.09,,,,,,1,,,,,2014-12-04
12248975,Basketball Cards 2014 Panini Prizm,Damon Stoudamire [Blue Wave Prizm] #197,,,,,,,,,,,,,,,,,,,0,,,,,2014-12-04
12248610,Basketball Cards 2014 Panini Prizm,Damon Stoudamire [Blue and Green Prizm] #197,,,,,,,,,,,,,,,,,,,0,,,,,2014-12-04
192335,Basketball Cards 2014 Panini Prizm,Damon Stoudamire [Gold Prizm] #197,$200.00,,,,,,,,,,,$110.00,$220.00,,,,,,1,,,,,2014-12-04
12249146,Basketball Cards 2014 Panini Prizm,Damon Stoudamire [Gold Pulsar Prizm] #197,,,,,,,,,,,,,,,,,,,0,,,,,2014-12-04
190820,Basketball Cards 2014 Panini Prizm,Damon Stoudamire [Green Prizm] #197,$2.50,,,,,,,,,,,,$2.79,,,,,,2,,,,,2014-12-04
191570,Basketball Cards 2014 Panini Prizm,Damon Stoudamire [Light Blue Prizm] #197,$7.99,,,,,,,,,,,$1.80,$8.79,,,,,,1,,,,,2014-12-04
12249465,Basketball Cards 2014 Panini Prizm,Damon Stoudamire [Orange Die Cut Prizm] #197,,,,,,,,,,,,,,,,,,,0,,,,,2014-12-04
192583,Basketball Cards 2014 Panini Prizm,Damon Stoudamire [Prizm] #197,$4.07,,,,,,,,,,,$0.90,$4.49,,,,,,2,,,,,2014-12-04
192076,Basketball Cards 2014 Panini Prizm,Damon Stoudamire [Purple Die Cut Prizm] #197,$8.36,,,,,,,,,,,$1.80,$9.19,,,,,,2,,,,,2014-12-04
191054,Basketball Cards 2014 Panini Prizm,Damon Stoudamire [Red Prizm] #197,$2.99,,,,,,,,,,,,$3.29,,,,,,1,,,,,2014-12-04
191827,Basketball Cards 2014 Panini Prizm,Damon Stoudamire [Red Pulsar Prizm] #197,,,,,,,,,,,,,,,,,,,0,,,,,2014-12-04
191315,Basketball Cards 2014 Panini Prizm,"Damon Stoudamire [Red, White, and Blue Pulsar Prizm] #197",$2.03,,,,,,,,,,,,$2.19,,,,,,2,,,,,2014-12-04
12249708,Basketball Cards 2014 Panini Prizm,Damon Stoudamire [Yellow and Red Mosaic Prizm] #197,$1.97,,,,,,,,,,,,$2.19,,,,,,1,,,,,2014-12-04
189982,Basketball Cards 2014 Panini Prizm,Danilo Gallinari #11,$0.99,,,,,,,,,,,,$1.09,,,,,,1,,,,,2014-12-04
12247969,Basketball Cards 2014 Panini Prizm,Danilo Gallinari [Black Prizm] #11,,,,,,,,,,,,,,,,,,,0,,,,,2014-12-04
12248334,Basketball Cards 2014 Panini Prizm,Danilo Gallinari [Black Pulsar Prizm] #11,,,,,,,,,,,,,,,,,,,0,,,,,2014-12-04
190433,Basketball Cards 2014 Panini Prizm,Danilo Gallinari [Blue Mojo Prizm] #11,$2.65,,,,,,,,,,,,$2.89,,,,,,1,,,,,2014-12-04
190179,Basketball Cards 2014 Panini Prizm,Danilo Gallinari [Blue Prizm] #11,$1.24,,,,,,,,,,,,$1.39,,,,,,1,,,,,2014-12-04
12248794,Basketball Cards 2014 Panini Prizm,Danilo Gallinari [Blue Wave Prizm] #11,,,,,,,,,,,,,,,,,,,0,,,,,2014-12-04
12248648,Basketball Cards 2014 Panini Prizm,Danilo Gallinari [Blue and Green Prizm] #11,,,,,,,,,,,,,,,,,,,0,,,,,2014-12-04
192174,Basketball Cards 2014 Panini Prizm,Danilo Gallinari [Gold Prizm] #11,$11.29,,,$63.24,$70.00,,,,,,,$3.00,$11.99,,,,,,2,,,,,2014-12-04
12249112,Basketball Cards 2014 Panini Prizm,Danilo Gallinari [Gold Pulsar Prizm] #11,,,,,,,,,,,,,,,,,,,0,,,,,2014-12-04
190670,Basketball Cards 2014 Panini Prizm,Danilo Gallinari [Green Prizm] #11,$1.21,,,,,,,,,,,,$1.29,,,,,,2,,,,,2014-12-04
191403,Basketball Cards 2014 Panini Prizm,Danilo Gallinari [Light Blue Prizm] #11,$1.72,,,,,,,,,,,,$1.89,,,,,,1,,,,,2014-12-04
12249318,Basketball Cards 2014 Panini Prizm,Danilo Gallinari [Orange Die Cut Prizm] #11,,,,,,,,,,,,,,,,,,,0,,,,,2014-12-04
192431,Basketball Cards 2014 Panini Prizm,Danilo Gallinari [Prizm] #11,$2.45,,,,,,,,,,,,$2.69,,,,,,1,,,,,2014-12-04
191913,Basketball Cards 2014 Panini Prizm,Danilo Gallinari [Purple Die Cut Prizm] #11,$4.00,,,,,,,,,,,$0.90,$4.39,,,,,,1,,,,,2014-12-04
190886,Basketball Cards 2014 Panini Prizm,Danilo Gallinari [Red Prizm] #11,$1.67,,,,,,,,,,,,$1.79,,,,,,1,,,,,2014-12-04
191661,Basketball Cards 2014 Panini Prizm,Danilo Gallinari [Red Pulsar Prizm] #11,,,,,,,,,,,,,,,,,,,0,,,,,2014-12-04
191152,Basketball Cards 2014 Panini Prizm,"Danilo Gallinari [Red, White, and Blue Pulsar Prizm] #11",$0.25,,,,,,,,,,,,$0.99,,,,,,0,,,,,2014-12-04
12249567,Basketball Cards 2014 Panini Prizm,Danilo Gallinari [Yellow and Red Mosaic Prizm] #11,$1.00,,,,,,,,,,,,$1.09,,,,,,1,,,,,2014-12-04
136613,Basketball Cards 2014 Panini Prizm,Danny Manning #207,$3.00,,,,,,,,,,,,$3.29,,,,,,2,,,,,2014-12-04
12248103,Basketball Cards 2014 Panini Prizm,Danny Manning [Black Prizm] #207,,,,,,,,,,,,,,,,,,,0,,,,,2014-12-04
12248435,Basketball Cards 2014 Panini Prizm,Danny Manning [Black Pulsar Prizm] #207,,,,,,,,,,,,,,,,,,,0,,,,,2014-12-04
190586,Basketball Cards 2014 Panini Prizm,Danny Manning [Blue Mojo Prizm] #207,$2.05,,,,,,,,,,,,$2.29,,,,,,1,,,,,2014-12-04
190350,Basketball Cards 2014 Panini Prizm,Danny Manning [Blue Prizm] #207,$3.04,,,,,,,,,,,,$3.29,,,,,,1,,,,,2014-12-04
12248993,Basketball Cards 2014 Panini Prizm,Danny Manning [Blue Wave Prizm] #207,,,,,,,,,,,,,,,,,,,0,,,,,2014-12-04
12248620,Basketball Cards 2014 Panini Prizm,Danny Manning [Blue and Green Prizm] #207,,,,,,,,,,,,,,,,,,,0,,,,,2014-12-04
192344,Basketball Cards 2014 Panini Prizm,Danny Manning [Gold Prizm] #207,$30.00,,,,,,,,,,,$9.90,$32.99,,,,,,1,,,,,2014-12-04
136614,Basketball Cards 2014 Panini Prizm,Danny Manning [Gold Pulsar Prizm] #207,$29.23,,,,,,,,,,,$9.60,$31.99,,,,,,1,,,,,2014-12-04
136615,Basketball Cards 2014 Panini Prizm,Danny Manning [Green Prizm] #207,$2.00,,,,,,,,,,,,$2.19,,,,,,3,,,,,2014-12-04
191580,Basketball Cards 2014 Panini Prizm,Danny Manning [Light Blue Prizm] #207,$0.99,,,,,,,,,,,,$1.09,,,,,,2,,,,,2014-12-04
12249481,Basketball Cards 2014 Panini Prizm,Danny Manning [Orange Die Cut Prizm] #207,,,,,,,,,,,,,,,,,,,0,,,,,2014-12-04
192592,Basketball Cards 2014 Panini Prizm,Danny Manning [Prizm] #207,$2.05,,,,,,,,,,,,$2.29,,,,,,1,,,,,2014-12-04
192086,Basketball Cards 2014 Panini Prizm,Danny Manning [Purple Die Cut Prizm] #207,$3.20,,,,,,,,,,,,$3.49,,,,,,3,,,,,2014-12-04
191064,Basketball Cards 2014 Panini Prizm,Danny Manning [Red Prizm] #207,$2.34,,,,,,,,,,,,$2.59,,,,,,1,,,,,2014-12-04
191836,Basketball Cards 2014 Panini Prizm,Danny Manning [Red Pulsar Prizm] #207,,,,,,,,,,,,,,,,,,,0,,,,,2014-12-04
191325,Basketball Cards 2014 Panini Prizm,"Danny Manning [Red, White, and Blue Pulsar Prizm] #207",$1.99,,,,,,,,,,,,$2.19,,,,,,1,,,,,2014-12-04
12249716,Basketball Cards 2014 Panini Prizm,Danny Manning [Yellow and Red Mosaic Prizm] #207,$1.77,,,,,,,,,,,,$1.99,,,,,,1,,,,,2014-12-04
136774,Basketball Cards 2014 Panini Prizm,Dante Exum #255,$1.89,,$6.55,$12.01,$18.00,$18.68,$24.00,$11.00,$11.00,,,,$2.09,,,$1.40,$7.19,,11,,,,,2014-12-04
12248177,Basketball Cards 2014 Panini Prizm,Dante Exum [Black Prizm] #255,,,,,,,,,,,,,,,,,,,0,,,,,2014-12-04
12248513,Basketball Cards 2014 Panini Prizm,Dante Exum [Black Pulsar Prizm] #255,,,,,,,,,,,,,,,,,,,0,,,,,2014-12-04
190627,Basketball Cards 2014 Panini Prizm,Dante Exum [Blue Mojo Prizm] #255,$3.22,,,,,,,,,,,,$3.49,,,,,,1,,,,,2014-12-04
190390,Basketball Cards 2014 Panini Prizm,Dante Exum [Blue Prizm] #255,$7.73,,,,,,,,,,,$1.70,$8.49,,,,,,2,,,,,2014-12-04
12249018,Basketball Cards 2014 Panini Prizm,Dante Exum [Blue Wave Prizm] #255,,,,,,,,,,,,,,,,,,,0,,,,,2014-12-04
12248661,Basketball Cards 2014 Panini Prizm,Dante Exum [Blue and Green Prizm] #255,$1.25,,,,,,,,,,,,$1.39,,,,,,1,,,,,2014-12-04
192383,Basketball Cards 2014 Panini Prizm,Dante Exum [Gold Prizm] #255,$65.20,,,,$23.68,,,,,,,$28.80,$71.99,,,,,,2,,,,,2014-12-04
12249237,Basketball Cards 2014 Panini Prizm,Dante Exum [Gold Pulsar Prizm] #255,,,,,,,,,,,,,,,,,,,0,,,,,2014-12-04
137003,Basketball Cards 2014 Panini Prizm,Dante Exum [Green Prizm] #255,$1.00,,,$14.18,$16.00,,,,,,,,$1.09,,,,,,3,,,,,2014-12-04
136780,Basketball Cards 2014 Panini Prizm,Dante Exum [Light Blue Prizm] #255,$2.00,,,,,,,,,,,,$2.19,,,,,,1,,,,,2014-12-04
136781,Basketball Cards 2014 Panini Prizm,Dante Exum [Orange Die Cut Prizm] #255,$3.26,,,,,,,,,,,,$3.59,,,,,,1,,,,,2014-12-04
136777,Basketball Cards 2014 Panini Prizm,Dante Exum [Prizm] #255,$6.50,,,$49.95,$55.00,$60.00,$78.00,$36.00,$36.00,,,$1.40,$7.19,,,,,,5,,,,,2014-12-04
192127,Basketball Cards 2014 Panini Prizm,Dante Exum [Purple Die Cut Prizm] #255,$4.64,,,,,,,,,,,$1.00,$5.09,,,,,,1,,,,,2014-12-04
191106,Basketball Cards 2014 Panini Prizm,Dante Exum [Red Prizm] #255,$1.99,,,,,,,,,,,,$2.19,,,,,,1,,,,,2014-12-04
191870,Basketball Cards 2014 Panini Prizm,Dante Exum [Red Pulsar Prizm] #255,$16.50,,,,,,$49.99,,,,,$4.50,$17.99,,,,,,1,,,,,2014-12-04
136786,Basketball Cards 2014 Panini Prizm,"Dante Exum [Red, White, and Blue Pulsar Prizm] #255",$2.51,,,,,,,,,,,,$2.79,,,,,,1,,,,,2014-12-04
12249766,Basketball Cards 2014 Panini Prizm,Dante Exum [Yellow and Red Mosaic Prizm] #255,,,,,,,,,,,,,,,,,,,0,,,,,2014-12-04
190128,Basketball Cards 2014 Panini Prizm,Dave Cowens #217,$1.35,,,,,,,,,,,,$1.49,,,,,,4,,,,,2014-12-04
12248123,Basketball Cards 2014 Panini Prizm,Dave Cowens [Black Prizm] #217,,,,,,,,,,,,,,,,,,,0,,,,,2014-12-04
12248456,Basketball Cards 2014 Panini Prizm,Dave Cowens [Black Pulsar Prizm] #217,,,,,,,,,,,,,,,,,,,0,,,,,2014-12-04
190595,Basketball Cards 2014 Panini Prizm,Dave Cowens [Blue Mojo Prizm] #217,$2.69,,,,,,,,,,,,$2.99,,,,,,2,,,,,2014-12-04
190359,Basketball Cards 2014 Panini Prizm,Dave Cowens [Blue Prizm] #217,$4.98,,,,,,,,,,,$1.10,$5.49,,,,,,1,,,,,2014-12-04
12248949,Basketball Cards 2014 Panini Prizm,Dave Cowens [Blue Wave Prizm] #217,,,,,,,,,,,,,,,,,,,0,,,,,2014-12-04
12248629,Basketball Cards 2014 Panini Prizm,Dave Cowens [Blue and Green Prizm] #217,$3.50,,$7.88,$13.73,$24.91,$36.29,$47.00,$22.00,$22.00,,,$0.80,$3.89,,,$1.70,$8.69,,12,,,,,2014-12-04
192353,Basketball Cards 2014 Panini Prizm,Dave Cowens [Gold Prizm] #217,$499.00,,,$318.68,$351.00,,,,,,,$329.40,$549.00,,,,,,2,,,,,2014-12-04
12249307,Basketball Cards 2014 Panini Prizm,Dave Cowens [Gold Pulsar Prizm] #217,,,,,,,,,,,,,,,,,,,0,,,,,2014-12-04
136638,Basketball Cards 2014 Panini Prizm,Dave Cowens [Green Prizm] #217,$3.79,,,$17.99,$20.00,,,,,,,$0.80,$4.19,,,,,,4,,,,,2014-12-04
191590,Basketball Cards 2014 Panini Prizm,Dave Cowens [Light Blue Prizm] #217,$5.99,,,,,,,,,,,$1.30,$6.59,,,,,,1,,,,,2014-12-04
12249490,Basketball Cards 2014 Panini Prizm,Dave Cowens [Orange Die Cut Prizm] #217,$5.75,,,,,,,,,,,$1.30,$6.29,,,,,,1,,,,,2014-12-04
192601,Basketball Cards 2014 Panini Prizm,Dave Cowens [Prizm] #217,$4.58,,,$20.99,$23.00,,,,,,,$1.00,$4.99,,,,,,2,,,,,2014-12-04
192096,Basketball Cards 2014 Panini Prizm,Dave Cowens [Purple Die Cut Prizm] #217,$4.38,,,,,,,,,,,$1.00,$4.79,,,,,,4,,,,,2014-12-04
191074,Basketball Cards 2014 Panini Prizm,Dave Cowens [Red Prizm] #217,$12.09,,,,,,,,,,,$3.30,$12.99,,,,,,3,,,,,2014-12-04
191842,Basketball Cards 2014 Panini Prizm,Dave Cowens [Red Pulsar Prizm] #217,$4.99,,,,,,,,,,,$1.10,$5.49,,,,,,1,,,,,2014-12-04
136639,Basketball Cards 2014 Panini Prizm,"Dave Cowens [Red, White, and Blue Pulsar Prizm] #217",$1.67,,,,,$29.99,$39.00,$18.00,$18.00,,,,$1.79,,,,,,3,,,,,2014-12-04
12249729,Basketball Cards 2014 Panini Prizm,Dave Cowens [Yellow and Red Mosaic Prizm] #217,$1.00,,$5.82,$14.99,$21.40,$31.78,$41.00,$19.00,$19.00,,,,$1.09,,,$1.30,$6.39,,8,,,,,2014-12-04
189997,Basketball Cards 2014 Panini Prizm,David Lee #31,$1.14,,,,,,,,,,,,$1.29,,,,,,1,,,,,2014-12-04
12247989,Basketball Cards 2014 Panini Prizm,David Lee [Black Prizm] #31,,,,,,,,,,,,,,,,,,,0,,,,,2014-12-04
12248376,Basketball Cards 2014 Panini Prizm,David Lee [Black Pulsar Prizm] #31,,,,,,,,,,,,,,,,,,,0,,,,,2014-12-04
190452,Basketball Cards 2014 Panini Prizm,David Lee [Blue Mojo Prizm] #31,$1.40,,,,,,,,,,,,$1.49,,,,,,1,,,,,2014-12-04
190196,Basketball Cards 2014 Panini Prizm,David Lee [Blue Prizm] #31,$10.60,,,,,,,,,,,$3.00,$11.99,,,,,,1,,,,,2014-12-04
12248812,Basketball Cards 2014 Panini Prizm,David Lee [Blue Wave Prizm] #31,,,,,,,,,,,,,,,,,,,0,,,,,2014-12-04
12248780,Basketball Cards 2014 Panini Prizm,David Lee [Blue and Green Prizm] #31,,,,,,,,,,,,,,,,,,,0,,,,,2014-12-04
192192,Basketball Cards 2014 Panini Prizm,David Lee [Gold Prizm] #31,$40.00,,,,,,,,,,,$17.60,$43.99,,,,,,1,,,,,2014-12-04
12249152,Basketball Cards 2014 Panini Prizm,David Lee [Gold Pulsar Prizm] #31,,,,,,,,,,,,,,,,,,,0,,,,,2014-12-04
190687,Basketball Cards 2014 Panini Prizm,David Lee [Green Prizm] #31,$1.69,,,,,,,,,,,,$1.89,,,,,,2,,,,,2014-12-04
191421,Basketball Cards 2014 Panini Prizm,David Lee [Light Blue Prizm] #31,$3.50,,,$15.00,$17.00,,,,,,,$0.80,$3.89,,,,,,2,,,,,2014-12-04
12249335,Basketball Cards 2014 Panini Prizm,David Lee [Orange Die Cut Prizm] #31,,,,,,,,,,,,,,,,,,,0,,,,,2014-12-04
192448,Basketball Cards 2014 Panini Prizm,David Lee [Prizm] #31,$2.04,,,,,,,,,,,,$2.19,,,,,,1,,,,,2014-12-04
191932,Basketball Cards 2014 Panini Prizm,David Lee [Purple Die Cut Prizm] #31,$3.20,,,,,,,,,,,,$3.49,,,,,,2,,,,,2014-12-04
190905,Basketball Cards 2014 Panini Prizm,David Lee [Red Prizm] #31,$2.39,,,,,,,,,,,,$2.59,,,,,,1,,,,,2014-12-04
191681,Basketball Cards 2014 Panini Prizm,David Lee [Red Pulsar Prizm] #31,$8.30,,,,,,,,,,,$1.80,$9.09,,,,,,1,,,,,2014-12-04
191169,Basketball Cards 2014 Panini Prizm,"David Lee [Red, White, and Blue Pulsar Prizm] #31",$0.25,,,,,,,,,,,,$0.99,,,,,,0,,,,,2014-12-04
12249583,Basketball Cards 2014 Panini Prizm,David Lee [Yellow and Red Mosaic Prizm] #31,,,,,,,,,,,,,,,,,,,0,,,,,2014-12-04
136670,Basketball Cards 2014 Panini Prizm,David Robinson #227,$2.25,,$6.85,$12.40,$20.00,$20.01,$26.00,$12.00,$12.00,,,,$2.49,,,$1.50,$7.49,,11,,,,,2014-12-04
12248136,Basketball Cards 2014 Panini Prizm,David Robinson [Black Prizm] #227,,,,,,,,,,,,,,,,,,,0,,,,,2014-12-04
12248471,Basketball Cards 2014 Panini Prizm,David Robinson [Black Pulsar Prizm] #227,,,,,,,,,,,,,,,,,,,0,,,,,2014-12-04
190603,Basketball Cards 2014 Panini Prizm,David Robinson [Blue Mojo Prizm] #227,$7.67,,,$28.99,$32.00,,,,,,,$1.70,$8.39,,,,,,4,,,,,2014-12-04
190369,Basketball Cards 2014 Panini Prizm,David Robinson [Blue Prizm] #227,$12.52,,,$15.25,$17.00,$47.51,$62.00,$29.00,$29.00,,,$3.50,$13.99,,,,,,5,,,,,2014-12-04
12248978,Basketball Cards 2014 Panini Prizm,David Robinson [Blue Wave Prizm] #227,,,,,,,,,,,,,,,,,,,0,,,,,2014-12-04
12248778,Basketball Cards 2014 Panini Prizm,David Robinson [Blue and Green Prizm] #227,,,,,,,,,,,,,,,,,,,0,,,,,2014-12-04
192361,Basketball Cards 2014 Panini Prizm,David Robinson [Gold Prizm] #227,$455.00,,,,,,,,,,,$300.60,$501.00,,,,,,1,,,,,2014-12-04
12249190,Basketball Cards 2014 Panini Prizm,David Robinson [Gold Pulsar Prizm] #227,,,,,,,,,,,,,,,,,,,0,,,,,2014-12-04
190837,Basketball Cards 2014 Panini Prizm,David Robinson [Green Prizm] #227,$4.00,,,,,$28.00,$36.00,$17.00,$17.38,,,$0.90,$4.39,,,,,,6,,,,,2014-12-04
191598,Basketball Cards 2014 Panini Prizm,David Robinson [Light Blue Prizm] #227,$17.18,,,$16.52,$18.00,$120.00,$156.00,$72.00,$72.00,,,$4.80,$18.99,,,,,,3,,,,,2014-12-04
12249499,Basketball Cards 2014 Panini Prizm,David Robinson [Orange Die Cut Prizm] #227,$17.99,,,,,,,,,,,$5.00,$19.99,,,,,,1,,,,,2014-12-04
192610,Basketball Cards 2014 Panini Prizm,David Robinson [Prizm] #227,$6.83,,,,,,,,,,,$1.50,$7.49,,,,,,3,,,,,2014-12-04
136671,Basketball Cards 2014 Panini Prizm,David Robinson [Purple Die Cut Prizm] #227,$15.50,,,,,,,,,,,$4.30,$16.99,,,,,,2,,,,,2014-12-04
191083,Basketball Cards 2014 Panini Prizm,David Robinson [Red Prizm] #227,$2.25,,,,,,,,,,,,$2.49,,,,,,3,,,,,2014-12-04
191850,Basketball Cards 2014 Panini Prizm,David Robinson [Red Pulsar Prizm] #227,,,,,,,,,,,,,,,,,,,0,,,,,2014-12-04
191343,Basketball Cards 2014 Panini Prizm,"David Robinson [Red, White, and Blue Pulsar Prizm] #227",$5.50,,,$6.50,$7.00,$89.99,$117.00,$54.00,$54.00,,,$1.20,$6.09,,,,,,5,,,,,2014-12-04
12249741,Basketball Cards 2014 Panini Prizm,David Robinson [Yellow and Red Mosaic Prizm] #227,$3.18,,$7.61,$18.50,$24.46,$35.69,$46.00,$21.00,$21.00,,,,$3.49,,,$1.70,$8.39,,13,,,,,2014-12-04
189989,Basketball Cards 2014 Panini Prizm,David West #21,$1.17,,,,,,,,,,,,$1.29,,,,,,1,,,,,2014-12-04
12247979,Basketball Cards 2014 Panini Prizm,David West [Black Prizm] #21,,,,,,,,,,,,,,,,,,,0,,,,,2014-12-04
12248354,Basketball Cards 2014 Panini Prizm,David West [Black Pulsar Prizm] #21,,,,,,,,,,,,,,,,,,,0,,,,,2014-12-04
190443,Basketball Cards 2014 Panini Prizm,David West [Blue Mojo Prizm] #21,$2.59,,,,,,,,,,,,$2.89,,,,,,1,,,,,2014-12-04
190187,Basketball Cards 2014 Panini Prizm,David West [Blue Prizm] #21,$3.91,,,,,,,,,,,$0.90,$4.29,,,,,,1,,,,,2014-12-04
12248803,Basketball Cards 2014 Panini Prizm,David West [Blue Wave Prizm] #21,,,,,,,,,,,,,,,,,,,0,,,,,2014-12-04
12248667,Basketball Cards 2014 Panini Prizm,David West [Blue and Green Prizm] #21,,,,,,,,,,,,,,,,,,,0,,,,,2014-12-04
192183,Basketball Cards 2014 Panini Prizm,David West [Gold Prizm] #21,$79.95,,,,,,,,,,,$35.20,$87.99,,,,,,1,,,,,2014-12-04
12249132,Basketball Cards 2014 Panini Prizm,David West [Gold Pulsar Prizm] #21,,,,,,,,,,,,,,,,,,,0,,,,,2014-12-04
190678,Basketball Cards 2014 Panini Prizm,David West [Green Prizm] #21,$1.33,,,,,,,,,,,,$1.49,,,,,,1,,,,,2014-12-04
191411,Basketball Cards 2014 Panini Prizm,David West [Light Blue Prizm] #21,$3.54,,,,,,,,,,,$0.80,$3.89,,,,,,1,,,,,2014-12-04
12249326,Basketball Cards 2014 Panini Prizm,David West [Orange Die Cut Prizm] #21,,,,,,,,,,,,,,,,,,,0,,,,,2014-12-04
192440,Basketball Cards 2014 Panini Prizm,David West [Prizm] #21,$2.74,,,,,,,,,,,,$2.99,,,,,,1,,,,,2014-12-04
191922,Basketball Cards 2014 Panini Prizm,David West [Purple Die Cut Prizm] #21,$2.25,,,,,,,,,,,,$2.49,,,,,,2,,,,,2014-12-04
190896,Basketball Cards 2014 Panini Prizm,David West [Red Prizm] #21,$8.02,,,,,,,,,,,$1.80,$8.79,,,,,,1,,,,,2014-12-04
191671,Basketball Cards 2014 Panini Prizm,David West [Red Pulsar Prizm] #21,$9.45,,,,,,,,,,,$2.00,$9.99,,,,,,0,,,,,2014-12-04
191160,Basketball Cards 2014 Panini Prizm,"David West [Red, White, and Blue Pulsar Prizm] #21",$1.50,,,,,,,,,,,,$1.69,,,,,,1,,,,,2014-12-04
12249574,Basketball Cards 2014 Panini Prizm,David West [Yellow and Red Mosaic Prizm] #21,,,,,,,,,,,,,,,,,,,0,,,,,2014-12-04
136173,Basketball Cards 2014 Panini Prizm,DeAndre Jordan #41,$1.69,,,,,,,,,,,,$1.89,,,,,,1,,,,,2014-12-04
12247999,Basketball Cards 2014 Panini Prizm,DeAndre Jordan [Black Prizm] #41,,,,,,,,,,,,,,,,,,,0,,,,,2014-12-04
12248397,Basketball Cards 2014 Panini Prizm,DeAndre Jordan [Black Pulsar Prizm] #41,,,,,,,,,,,,,,,,,,,0,,,,,2014-12-04
190462,Basketball Cards 2014 Panini Prizm,DeAndre Jordan [Blue Mojo Prizm] #41,$1.25,,,,,,,,,,,,$1.39,,,,,,2,,,,,2014-12-04
190206,Basketball Cards 2014 Panini Prizm,DeAndre Jordan [Blue Prizm] #41,$12.11,,,,,,,,,,,$3.30,$12.99,,,,,,1,,,,,2014-12-04
12248822,Basketball Cards 2014 Panini Prizm,DeAndre Jordan [Blue Wave Prizm] #41,,,,,,,,,,,,,,,,,,,0,,,,,2014-12-04
12248688,Basketball Cards 2014 Panini Prizm,DeAndre Jordan [Blue and Green Prizm] #41,$1.79,,,,,,,,,,,,$1.99,,,,,,1,,,,,2014-12-04
192200,Basketball Cards 2014 Panini Prizm,DeAndre Jordan [Gold Prizm] #41,$207.54,,,,,$82.00,$107.00,$49.00,$49.00,,,$114.00,$228.00,,,,,,2,,,,,2014-12-04
12249174,Basketball Cards 2014 Panini Prizm,DeAndre Jordan [Gold Pulsar Prizm] #41,,,,,,,,,,,,,,,,,,,0,,,,,2014-12-04
190697,Basketball Cards 2014 Panini Prizm,DeAndre Jordan [Green Prizm] #41,$1.08,,,,,,,,,,,,$1.19,,,,,,1,,,,,2014-12-04
191430,Basketball Cards 2014 Panini Prizm,DeAndre Jordan [Light Blue Prizm] #41,$2.50,,,,,,,,,,,,$2.79,,,,,,1,,,,,2014-12-04
136174,Basketball Cards 2014 Panini Prizm,DeAndre Jordan [Orange Die Cut Prizm] #41,$3.45,,,,,,,,,,,$0.80,$3.79,,,,,,1,,,,,2014-12-04
192458,Basketball Cards 2014 Panini Prizm,DeAndre Jordan [Prizm] #41,$1.99,,,,,,,,,,,,$2.19,,,,,,1,,,,,2014-12-04
191941,Basketball Cards 2014 Panini Prizm,DeAndre Jordan [Purple Die Cut Prizm] #41,$2.49,,,,,,,,,,,,$2.69,,,,,,1,,,,,2014-12-04
190915,Basketball Cards 2014 Panini Prizm,DeAndre Jordan [Red Prizm] #41,$3.22,,,,,,,,,,,,$3.49,,,,,,1,,,,,2014-12-04
136175,Basketball Cards 2014 Panini Prizm,DeAndre Jordan [Red Pulsar Prizm] #41,$9.37,,,,,$36.50,$47.00,$22.00,$22.00,,,$2.00,$9.99,,,,,,2,,,,,2014-12-04
191178,Basketball Cards 2014 Panini Prizm,"DeAndre Jordan [Red, White, and Blue Pulsar Prizm] #41",$2.99,,,,,,,,,,,,$3.29,,,,,,1,,,,,2014-12-04
12249591,Basketball Cards 2014 Panini Prizm,DeAndre Jordan [Yellow and Red Mosaic Prizm] #41,$2.50,,,,,,,,,,,,$2.79,,,,,,1,,,,,2014-12-04
136206,Basketball Cards 2014 Panini Prizm,DeMar DeRozan #51,$3.32,,,,,$25.99,$34.00,$16.00,$16.00,,,,$3.69,,,,,,6,,,,,2014-12-04
12248012,Basketball Cards 2014 Panini Prizm,DeMar DeRozan [Black Prizm] #51,,,,,,,,,,,,,,,,,,,0,,,,,2014-12-04
12248411,Basketball Cards 2014 Panini Prizm,DeMar DeRozan [Black Pulsar Prizm] #51,,,,,,,,,,,,,,,,,,,0,,,,,2014-12-04
190470,Basketball Cards 2014 Panini Prizm,DeMar DeRozan [Blue Mojo Prizm] #51,$3.78,,,,,,,,,,,$0.80,$4.19,,,,,,1,,,,,2014-12-04
190214,Basketball Cards 2014 Panini Prizm,DeMar DeRozan [Blue Prizm] #51,$4.25,,,,,,,,,,,$0.90,$4.69,,,,,,2,,,,,2014-12-04
12248830,Basketball Cards 2014 Panini Prizm,DeMar DeRozan [Blue Wave Prizm] #51,,,,,,,,,,,,,,,,,,,0,,,,,2014-12-04
12248696,Basketball Cards 2014 Panini Prizm,DeMar DeRozan [Blue and Green Prizm] #51,$3.25,,,,,,,,,,,,$3.59,,,,,,1,,,,,2014-12-04
136207,Basketball Cards 2014 Panini Prizm,DeMar DeRozan [Gold Prizm] #51,$15.75,,,$307.00,$311.00,$317.00,$412.00,$190.00,$190.00,,,$4.30,$16.99,,,,,,3,,,,,2014-12-04
12249193,Basketball Cards 2014 Panini Prizm,DeMar DeRozan [Gold Pulsar Prizm] #51,,,,,,,,,,,,,,,,,,,0,,,,,2014-12-04
190705,Basketball Cards 2014 Panini Prizm,DeMar DeRozan [Green Prizm] #51,$2.49,,,,,$23.06,$30.00,$14.00,$14.00,,,,$2.69,,,,,,5,,,,,2014-12-04
136208,Basketball Cards 2014 Panini Prizm,DeMar DeRozan [Light Blue Prizm] #51,$29.99,,,,,,,,,,,$9.90,$32.99,,,,,,1,,,,,2014-12-04
12249356,Basketball Cards 2014 Panini Prizm,DeMar DeRozan [Orange Die Cut Prizm] #51,$2.84,,,$14.50,$16.00,,,,,,,,$3.09,,,,,,2,,,,,2014-12-04
192466,Basketball Cards 2014 Panini Prizm,DeMar DeRozan [Prizm] #51,$10.86,,,,,,,,,,,$3.00,$11.99,,,,,,3,,,,,2014-12-04
191949,Basketball Cards 2014 Panini Prizm,DeMar DeRozan [Purple Die Cut Prizm] #51,$12.95,,,$12.50,$14.00,,,,,,,$3.50,$13.99,,,,,,3,,,,,2014-12-04
190923,Basketball Cards 2014 Panini Prizm,DeMar DeRozan [Red Prizm] #51,$3.00,,,,,$52.10,$68.00,$31.00,$31.00,,,,$3.29,,,,,,3,,,,,2014-12-04
191698,Basketball Cards 2014 Panini Prizm,DeMar DeRozan [Red Pulsar Prizm] #51,$52.46,,,,,,,,,,,$23.20,$57.99,,,,,,1,,,,,2014-12-04
191186,Basketball Cards 2014 Panini Prizm,"DeMar DeRozan [Red, White, and Blue Pulsar Prizm] #51",$3.13,,,,,$31.00,$40.00,$19.00,$19.00,,,,$3.39,,,,,,5,,,,,2014-12-04
12249599,Basketball Cards 2014 Panini Prizm,DeMar DeRozan [Yellow and Red Mosaic Prizm] #51,$3.25,,$7.67,$13.46,$24.56,$35.83,$47.00,$22.00,$22.00,,,,$3.59,,,$1.70,$8.39,,11,,,,,2014-12-04
190017,Basketball Cards 2014 Panini Prizm,DeMarcus Cousins #61,$1.79,,,,,,,,,,,,$1.99,,,,,,3,,,,,2014-12-04
12248032,Basketball Cards 2014 Panini Prizm,DeMarcus Cousins [Black Prizm] #61,,,,,,,,,,,,,,,,,,,0,,,,,2014-12-04
12248422,Basketball Cards 2014 Panini Prizm,DeMarcus Cousins [Black Pulsar Prizm] #61,,,,,,,,,,,,,,,,,,,0,,,,,2014-12-04
190480,Basketball Cards 2014 Panini Prizm,DeMarcus Cousins [Blue Mojo Prizm] #61,$5.52,,,,,,,,,,,$1.20,$6.09,,,,,,1,,,,,2014-12-04
190222,Basketball Cards 2014 Panini Prizm,DeMarcus Cousins [Blue Prizm] #61,$5.71,,,,,,,,,,,$1.30,$6.29,,,,,,1,,,,,2014-12-04
136232,Basketball Cards 2014 Panini Prizm,DeMarcus Cousins [Blue Wave Prizm] #61,$3.00,,,,,,,,,,,,$3.29,,,,,,1,,,,,2014-12-04
136231,Basketball Cards 2014 Panini Prizm,DeMarcus Cousins [Blue and Green Prizm] #61,$1.40,,,,,,,,,,,,$1.49,,,,,,1,,,,,2014-12-04
136233,Basketball Cards 2014 Panini Prizm,DeMarcus Cousins [Gold Prizm] #61,$250.00,,,,,,,,,,,$137.50,$275.00,,,,,,1,,,,,2014-12-04
12249209,Basketball Cards 2014 Panini Prizm,DeMarcus Cousins [Gold Pulsar Prizm] #61,,,,,,,,,,,,,,,,,,,0,,,,,2014-12-04
190713,Basketball Cards 2014 Panini Prizm,DeMarcus Cousins [Green Prizm] #61,$1.63,,,,,,,,,,,,$1.79,,,,,,1,,,,,2014-12-04
191447,Basketball Cards 2014 Panini Prizm,DeMarcus Cousins [Light Blue Prizm] #61,$14.34,,,,,,,,,,,$4.00,$15.99,,,,,,1,,,,,2014-12-04
12249377,Basketball Cards 2014 Panini Prizm,DeMarcus Cousins [Orange Die Cut Prizm] #61,,,,,,,,,,,,,,,,,,,0,,,,,2014-12-04
136234,Basketball Cards 2014 Panini Prizm,DeMarcus Cousins [Prizm] #61,$4.16,,,,,,,,,,,$0.90,$4.59,,,,,,1,,,,,2014-12-04
191957,Basketball Cards 2014 Panini Prizm,DeMarcus Cousins [Purple Die Cut Prizm] #61,$4.25,,,,,$23.50,$31.00,$14.00,$14.00,,,$0.90,$4.69,,,,,,3,,,,,2014-12-04
190932,Basketball Cards 2014 Panini Prizm,DeMarcus Cousins [Red Prizm] #61,$10.32,,,,,$65.00,$85.00,$39.00,$39.00,,,$2.80,$10.99,,,,,,2,,,,,2014-12-04
191707,Basketball Cards 2014 Panini Prizm,DeMarcus Cousins [Red Pulsar Prizm] #61,$8.49,,,,,,,,,,,$1.90,$9.29,,,,,,1,,,,,2014-12-04
191194,Basketball Cards 2014 Panini Prizm,"DeMarcus Cousins [Red, White, and Blue Pulsar Prizm] #61",$1.83,,,,,,,,,,,,$1.99,,,,,,1,,,,,2014-12-04
136235,Basketball Cards 2014 Panini Prizm,DeMarcus Cousins [Yellow and Red Mosaic Prizm] #61,$1.99,,,,,,,,,,,,$2.19,,,,,,2,,,,,2014-12-04
136705,Basketball Cards 2014 Panini Prizm,Dennis Rodman #237,$1.72,,$7.02,$20.49,$22.45,$26.99,$35.00,$16.00,$16.00,,,,$1.89,,,$1.50,$7.69,,13,,,,,2014-12-04
12248153,Basketball Cards 2014 Panini Prizm,Dennis Rodman [Black Prizm] #237,,,,,,,,,,,,,,,,,,,0,,,,,2014-12-04
12248492,Basketball Cards 2014 Panini Prizm,Dennis Rodman [Black Pulsar Prizm] #237,,,,,,,,,,,,,,,,,,,0,,,,,2014-12-04
190613,Basketball Cards 2014 Panini Prizm,Dennis Rodman [Blue Mojo Prizm] #237,$17.31,,,,,$47.50,$62.00,$29.00,$29.00,,,$4.80,$18.99,,,,,,3,,,,,2014-12-04
190377,Basketball Cards 2014 Panini Prizm,Dennis Rodman [Blue Prizm] #237,$16.00,,,$24.99,$27.00,$82.65,$107.00,$50.00,$50.00,,,$4.50,$17.99,,,,,,5,,,,,2014-12-04
12248998,Basketball Cards 2014 Panini Prizm,Dennis Rodman [Blue Wave Prizm] #237,,,,,,,,,,,,,,,,,,,0,,,,,2014-12-04
12248642,Basketball Cards 2014 Panini Prizm,Dennis Rodman [Blue and Green Prizm] #237,$9.99,,,,,,,,,,,$2.80,$10.99,,,,,,1,,,,,2014-12-04
192368,Basketball Cards 2014 Panini Prizm,Dennis Rodman [Gold Prizm] #237,,,,,,,,,,,,,,,,,,,0,,,,,2014-12-04
12249204,Basketball Cards 2014 Panini Prizm,Dennis Rodman [Gold Pulsar Prizm] #237,,,,,,,,,,,,,,,,,,,0,,,,,2014-12-04
190843,Basketball Cards 2014 Panini Prizm,Dennis Rodman [Green Prizm] #237,$6.04,,$37.08,$41.00,$45.00,$59.20,$77.00,$36.00,$36.00,,,$1.30,$6.59,,,$16.40,$40.99,,10,,,,,2014-12-04
191606,Basketball Cards 2014 Panini Prizm,Dennis Rodman [Light Blue Prizm] #237,$4.84,,,$249.99,$275.00,,,,,,,$1.10,$5.29,,,,,,2,,,,,2014-12-04
12249508,Basketball Cards 2014 Panini Prizm,Dennis Rodman [Orange Die Cut Prizm] #237,,,,,,,,,,,,,,,,,,,0,,,,,2014-12-04
192617,Basketball Cards 2014 Panini Prizm,Dennis Rodman [Prizm] #237,$6.88,,,$42.00,$46.00,$90.13,$117.00,$54.00,$54.00,,,$1.50,$7.59,,,,,,10,,,,,2014-12-04
192114,Basketball Cards 2014 Panini Prizm,Dennis Rodman [Purple Die Cut Prizm] #237,$15.50,,,$26.54,$29.00,,,,,,,$4.30,$16.99,,,,,,5,,,,,2014-12-04
191093,Basketball Cards 2014 Panini Prizm,Dennis Rodman [Red Prizm] #237,$3.25,,,$29.60,$33.00,$44.00,$57.00,$26.00,$26.00,,,,$3.59,,,,,,6,,,,,2014-12-04
191858,Basketball Cards 2014 Panini Prizm,Dennis Rodman [Red Pulsar Prizm] #237,,,,,,$349.00,$454.00,$209.00,$209.00,,,,,,,,,,1,,,,,2014-12-04
191352,Basketball Cards 2014 Panini Prizm,"Dennis Rodman [Red, White, and Blue Pulsar Prizm] #237",$4.43,,,$40.00,$40.00,$41.01,$53.00,$25.00,$25.00,,,$1.00,$4.89,,,,,,7,,,,,2014-12-04
12249750,Basketball Cards 2014 Panini Prizm,Dennis Rodman [Yellow and Red Mosaic Prizm] #237,$3.25,,$11.70,$24.50,$31.43,$44.60,$58.00,$27.00,$27.00,,,,$3.59,,,$3.30,$12.99,,28,,,,,2014-12-04
190025,Basketball Cards 2014 Panini Prizm,Dennis Schroder #71,$1.50,,,,,,,,,,,,$1.69,,,,,,2,,,,,2014-12-04
12248047,Basketball Cards 2014 Panini Prizm,Dennis Schroder [Black Prizm] #71,,,,,,,,,,,,,,,,,,,0,,,,,2014-12-04
12248434,Basketball Cards 2014 Panini Prizm,Dennis Schroder [Black Pulsar Prizm] #71,,,,,,,,,,,,,,,,,,,0,,,,,2014-12-04
190489,Basketball Cards 2014 Panini Prizm,Dennis Schroder [Blue Mojo Prizm] #71,$3.73,,,,,$29.11,$38.00,$17.00,$17.00,,,$0.80,$4.09,,,,,,2,,,,,2014-12-04
190232,Basketball Cards 2014 Panini Prizm,Dennis Schroder [Blue Prizm] #71,$1.50,,,,,,,,,,,,$1.69,,,,,,1,,,,,2014-12-04
12248863,Basketball Cards 2014 Panini Prizm,Dennis Schroder [Blue Wave Prizm] #71,,,,,,,,,,,,,,,,,,,0,,,,,2014-12-04
12248722,Basketball Cards 2014 Panini Prizm,Dennis Schroder [Blue and Green Prizm] #71,,,,,,,,,,,,,,,,,,,0,,,,,2014-12-04
192224,Basketball Cards 2014 Panini Prizm,Dennis Schroder [Gold Prizm] #71,$80.00,,,,,,,,,,,$35.20,$87.99,,,,,,1,,,,,2014-12-04
12249225,Basketball Cards 2014 Panini Prizm,Dennis Schroder [Gold Pulsar Prizm] #71,,,,,,,,,,,,,,,,,,,0,,,,,2014-12-04
190722,Basketball Cards 2014 Panini Prizm,Dennis Schroder [Green Prizm] #71,$3.40,,,,,,,,,,,,$3.69,,,,,,2,,,,,2014-12-04
191455,Basketball Cards 2014 Panini Prizm,Dennis Schroder [Light Blue Prizm] #71,$23.53,,,$7.38,$8.00,,,,,,,$7.80,$25.99,,,,,,2,,,,,2014-12-04
12249397,Basketball Cards 2014 Panini Prizm,Dennis Schroder [Orange Die Cut Prizm] #71,,,,,,,,,,,,,,,,,,,0,,,,,2014-12-04
192482,Basketball Cards 2014 Panini Prizm,Dennis Schroder [Prizm] #71,$5.29,,,,,,,,,,,$1.20,$5.79,,,,,,1,,,,,2014-12-04
191966,Basketball Cards 2014 Panini Prizm,Dennis Schroder [Purple Die Cut Prizm] #71,$5.99,,,,,,,,,,,$1.30,$6.59,,,,,,2,,,,,2014-12-04
190940,Basketball Cards 2014 Panini Prizm,Dennis Schroder [Red Prizm] #71,$5.49,,,,,$24.99,$32.00,$15.00,$15.00,,,$1.20,$5.99,,,,,,3,,,,,2014-12-04
191717,Basketball Cards 2014 Panini Prizm,Dennis Schroder [Red Pulsar Prizm] #71,$19.99,,,,,,,,$41.40,,,$6.60,$21.99,,,,,,1,,,,,2014-12-04
191204,Basketball Cards 2014 Panini Prizm,"Dennis Schroder [Red, White, and Blue Pulsar Prizm] #71",$3.25,,,,,,,,,,,,$3.59,,,,,,1,,,,,2014-12-04
12249616,Basketball Cards 2014 Panini Prizm,Dennis Schroder [Yellow and Red Mosaic Prizm] #71,,,,,,,,,,,,,,,,,,,0,,,,,2014-12-04
190033,Basketball Cards 2014 Panini Prizm,Deron Williams #81,$1.64,,,,,,,,,,,,$1.79,,,,,,1,,,,,2014-12-04
12248065,Basketball Cards 2014 Panini Prizm,Deron Williams [Black Prizm] #81,,,,,,,,,,,,,,,,,,,0,,,,,2014-12-04
12248454,Basketball Cards 2014 Panini Prizm,Deron Williams [Black Pulsar Prizm] #81,,,,,,,,,,,,,,,,,,,0,,,,,2014-12-04
190498,Basketball Cards 2014 Panini Prizm,Deron Williams [Blue Mojo Prizm] #81,$1.04,,,,,$20.90,$27.00,$13.00,$13.00,,,,$1.09,,,,,,2,,,,,2014-12-04
190240,Basketball Cards 2014 Panini Prizm,Deron Williams [Blue Prizm] #81,$2.16,,,,,,,,,,,,$2.39,,,,,,1,,,,,2014-12-04
12248880,Basketball Cards 2014 Panini Prizm,Deron Williams [Blue Wave Prizm] #81,,,,,,,,,,,,,,,,,,,0,,,,,2014-12-04
12248736,Basketball Cards 2014 Panini Prizm,Deron Williams [Blue and Green Prizm] #81,$2.15,,,,,,,,,,,,$2.39,,,,,,1,,,,,2014-12-04
192233,Basketball Cards 2014 Panini Prizm,Deron Williams [Gold Prizm] #81,,,,,,,,,,,,,,,,,,,0,,,,,2014-12-04
12249242,Basketball Cards 2014 Panini Prizm,Deron Williams [Gold Pulsar Prizm] #81,,,,,,,,,,,,,,,,,,,0,,,,,2014-12-04
190731,Basketball Cards 2014 Panini Prizm,Deron Williams [Green Prizm] #81,$1.75,,,,,,,,,,,,$1.89,,,,,,1,,,,,2014-12-04
191464,Basketball Cards 2014 Panini Prizm,Deron Williams [Light Blue Prizm] #81,$1.87,,,,,,,,,,,,$2.09,,,,,,1,,,,,2014-12-04
12249417,Basketball Cards 2014 Panini Prizm,Deron Williams [Orange Die Cut Prizm] #81,,,,,,,,,,,,,,,,,,,0,,,,,2014-12-04
192491,Basketball Cards 2014 Panini Prizm,Deron Williams [Prizm] #81,$3.01,,,,,,,,,,,,$3.29,,,,,,1,,,,,2014-12-04
191975,Basketball Cards 2014 Panini Prizm,Deron Williams [Purple Die Cut Prizm] #81,$3.34,,,,,$14.00,$18.00,$8.00,$8.00,,,,$3.69,,,,,,3,,,,,2014-12-04
190948,Basketball Cards 2014 Panini Prizm,Deron Williams [Red Prizm] #81,$7.42,,,,,,,,,,,$1.60,$8.19,,,,,,1,,,,,2014-12-04
191726,Basketball Cards 2014 Panini Prizm,Deron Williams [Red Pulsar Prizm] #81,$7.50,,,,,,,,,,,$1.70,$8.29,,,,,,1,,,,,2014-12-04
191213,Basketball Cards 2014 Panini Prizm,"Deron Williams [Red, White, and Blue Pulsar Prizm] #81",$4.04,,,,,,,,,,,$0.90,$4.39,,,,,,1,,,,,2014-12-04
12249633,Basketball Cards 2014 Panini Prizm,Deron Williams [Yellow and Red Mosaic Prizm] #81,,,,,,,,,,,,,,,,,,,0,,,,,2014-12-04
190041,Basketball Cards 2014 Panini Prizm,Derrick Favors #91,$0.09,,,,,,,,,,,,$0.99,,,,,,1,,,,,2014-12-04
12248080,Basketball Cards 2014 Panini Prizm,Derrick Favors [Black Prizm] #91,,,,,,,,,,,,,,,,,,,0,,,,,2014-12-04
12248476,Basketball Cards 2014 Panini Prizm,Derrick Favors [Black Pulsar Prizm] #91,,,,,,,,,,,,,,,,,,,0,,,,,2014-12-04
190505,Basketball Cards 2014 Panini Prizm,Derrick Favors [Blue Mojo Prizm] #91,$2.63,,,,,,,,,,,,$2.89,,,,,,1,,,,,2014-12-04
190248,Basketball Cards 2014 Panini Prizm,Derrick Favors [Blue Prizm] #91,$3.25,,,,,,,,,,,,$3.59,,,,,,1,,,,,2014-12-04
12248897,Basketball Cards 2014 Panini Prizm,Derrick Favors [Blue Wave Prizm] #91,,,,,,,,,,,,,,,,,,,0,,,,,2014-12-04
12248753,Basketball Cards 2014 Panini Prizm,Derrick Favors [Blue and Green Prizm] #91,,,,,,,,,,,,,,,,,,,0,,,,,2014-12-04
192242,Basketball Cards 2014 Panini Prizm,Derrick Favors [Gold Prizm] #91,$89.00,,,,,$65.00,$85.00,$39.00,$39.00,,,$39.20,$97.99,,,,,,2,,,,,2014-12-04
12249270,Basketball Cards 2014 Panini Prizm,Derrick Favors [Gold Pulsar Prizm] #91,,,,,,,,,,,,,,,,,,,0,,,,,2014-12-04
190739,Basketball Cards 2014 Panini Prizm,Derrick Favors [Green Prizm] #91,$1.61,,,,,,,,,,,,$1.79,,,,,,2,,,,,2014-12-04
191472,Basketball Cards 2014 Panini Prizm,Derrick Favors [Light Blue Prizm] #91,$3.20,,,,,,,,,,,,$3.49,,,,,,1,,,,,2014-12-04
12249435,Basketball Cards 2014 Panini Prizm,Derrick Favors [Orange Die Cut Prizm] #91,,,,,,,,,,,,,,,,,,,0,,,,,2014-12-04
192498,Basketball Cards 2014 Panini Prizm,Derrick Favors [Prizm] #91,$0.25,,,,,,,,,,,,$0.99,,,,,,0,,,,,2014-12-04
191982,Basketball Cards 2014 Panini Prizm,Derrick Favors [Purple Die Cut Prizm] #91,$2.99,,,,,,,,,,,,$3.29,,,,,,1,,,,,2014-12-04
190957,Basketball Cards 2014 Panini Prizm,Derrick Favors [Red Prizm] #91,$0.25,,,,,,,,,,,,$0.99,,,,,,0,,,,,2014-12-04
191733,Basketball Cards 2014 Panini Prizm,Derrick Favors [Red Pulsar Prizm] #91,,,,,,,,,,,,,,,,,,,0,,,,,2014-12-04
191221,Basketball Cards 2014 Panini Prizm,"Derrick Favors [Red, White, and Blue Pulsar Prizm] #91",$0.78,,,,,,,,,,,,$0.99,,,,,,1,,,,,2014-12-04
12249651,Basketball Cards 2014 Panini Prizm,Derrick Favors [Yellow and Red Mosaic Prizm] #91,$0.99,,,,,,,,,,,,$1.09,,,,,,1,,,,,2014-12-04
136332,Basketball Cards 2014 Panini Prizm,Derrick Rose #101,$4.00,,$8.28,$26.92,$30.00,$37.16,$48.00,$22.00,$22.00,,,$0.90,$4.39,,,$1.80,$9.09,,18,,,,,2014-12-04
12248008,Basketball Cards 2014 Panini Prizm,Derrick Rose [Black Prizm] #101,,,,,,,,,,,,,,,,,,,0,,,,,2014-12-04
12248499,Basketball Cards 2014 Panini Prizm,Derrick Rose [Black Pulsar Prizm] #101,,,,,,,,,,,,,,,,,,,0,,,,,2014-12-04
190510,Basketball Cards 2014 Panini Prizm,Derrick Rose [Blue Mojo Prizm] #101,$57.66,,,$35.00,$39.00,,,,,,,$25.20,$62.99,,,,,,3,,,,,2014-12-04
190257,Basketball Cards 2014 Panini Prizm,Derrick Rose [Blue Prizm] #101,$67.97,,,$34.00,$37.00,$500.00,$650.00,$300.00,$300.00,,,$30.00,$74.99,,,,,,3,,,,,2014-12-04
12248908,Basketball Cards 2014 Panini Prizm,Derrick Rose [Blue Wave Prizm] #101,$43.50,,$40.72,$56.30,$80.96,$107.92,$140.00,$65.00,$65.00,,,$19.20,$47.99,,,$18.00,$44.99,,5,,,,,2014-12-04
136333,Basketball Cards 2014 Panini Prizm,Derrick Rose [Blue and Green Prizm] #101,$10.50,,,,,,,,,,,$3.00,$11.99,,,,,,3,,,,,2014-12-04
136334,Basketball Cards 2014 Panini Prizm,Derrick Rose [Gold Prizm] #101,$10.50,,,$1196.59,$1764.00,$1800.00,$2340.00,$1080.00,$1080.00,,,$3.00,$11.99,,,,,,4,,,,,2014-12-04
136335,Basketball Cards 2014 Panini Prizm,Derrick Rose [Gold Pulsar Prizm] #101,,,,$1000.00,$1100.00,,$449.44,,,,,,,,,,,,1,,,,,2014-12-04
136336,Basketball Cards 2014 Panini Prizm,Derrick Rose [Green Prizm] #101,$21.58,,,$23.50,$26.00,,,,,,,$7.20,$23.99,,,,,,6,,,,,2014-12-04
191481,Basketball Cards 2014 Panini Prizm,Derrick Rose [Light Blue Prizm] #101,$41.72,,,,,,,,,,,$18.40,$45.99,,,,,,2,,,,,2014-12-04
12249449,Basketball Cards 2014 Panini Prizm,Derrick Rose [Orange Die Cut Prizm] #101,,,,,,,,,,,,,,,,,,,0,,,,,2014-12-04
136337,Basketball Cards 2014 Panini Prizm,Derrick Rose [Prizm] #101,$21.25,,,$13.50,$15.00,$166.50,$216.00,$100.00,$100.00,,,$6.90,$22.99,,,,,,7,,,,,2014-12-04
136338,Basketball Cards 2014 Panini Prizm,Derrick Rose [Purple Die Cut Prizm] #101,$23.13,,,$85.00,$94.00,$208.62,$271.00,$125.00,$125.00,,,$7.50,$24.99,,,,,,4,,,,,2014-12-04
190966,Basketball Cards 2014 Panini Prizm,Derrick Rose [Red Prizm] #101,$336.20,,,$115.63,$127.00,$400.00,$520.00,$240.00,$240.00,,,$185.00,$370.00,,,,,,3,,,,,2014-12-04
191741,Basketball Cards 2014 Panini Prizm,Derrick Rose [Red Pulsar Prizm] #101,$86.00,,,$294.00,$323.00,,,,,,,$38.00,$94.99,,,,,,2,,,,,2014-12-04
191230,Basketball Cards 2014 Panini Prizm,"Derrick Rose [Red, White, and Blue Pulsar Prizm] #101",$25.20,,,,,$105.28,$137.00,$63.00,$63.00,,,$8.40,$27.99,,,,,,6,,,,,2014-12-04
136339,Basketball Cards 2014 Panini Prizm,Derrick Rose [Yellow and Red Mosaic Prizm] #101,$20.73,,$20.45,$40.00,$46.36,$80.00,$104.00,$48.00,$48.00,,,$6.90,$22.99,,,$6.90,$22.99,,8,,,,,2014-12-04
136727,Basketball Cards 2014 Panini Prizm,Detlef Schrempf #246,$1.87,,,,,,,,,,,,$2.09,,,,,,3,,,,,2014-12-04
12248165,Basketball Cards 2014 Panini Prizm,Detlef Schrempf [Black Prizm] #246,$1200.00,,,,,,,,,,,$792.00,$1320.00,,,,,,1,,,,,2014-12-04
12248504,Basketball Cards 2014 Panini Prizm,Detlef Schrempf [Black Pulsar Prizm] #246,,,,,,,,,,,,,,,,,,,0,,,,,2014-12-04
190622,Basketball Cards 2014 Panini Prizm,Detlef Schrempf [Blue Mojo Prizm] #246,$8.50,,,,,,,,,,,$1.90,$9.39,,,,,,1,,,,,2014-12-04
190383,Basketball Cards 2014 Panini Prizm,Detlef Schrempf [Blue Prizm] #246,$4.14,,,,,,,,,,,$0.90,$4.59,,,,,,1,,,,,2014-12-04
136728,Basketball Cards 2014 Panini Prizm,Detlef Schrempf [Blue Wave Prizm] #246,$3.43,,,,,$17.00,$22.00,$10.00,$10.00,,,$0.80,$3.79,,,,,,2,,,,,2014-12-04
12248653,Basketball Cards 2014 Panini Prizm,Detlef Schrempf [Blue and Green Prizm] #246,$1.00,,,,,,,,,,,,$1.09,,,,,,1,,,,,2014-12-04
192377,Basketball Cards 2014 Panini Prizm,Detlef Schrempf [Gold Prizm] #246,,,,,,,,,,,,,,,,,,,0,,,,,2014-12-04
12249222,Basketball Cards 2014 Panini Prizm,Detlef Schrempf [Gold Pulsar Prizm] #246,,,,,,,,,,,,,,,,,,,0,,,,,2014-12-04
136729,Basketball Cards 2014 Panini Prizm,Detlef Schrempf [Green Prizm] #246,$2.22,,,,,,,,,,,,$2.39,,,,,,1,,,,,2014-12-04
191614,Basketball Cards 2014 Panini Prizm,Detlef Schrempf [Light Blue Prizm] #246,$3.25,,,,,,,,,,,,$3.59,,,,,,1,,,,,2014-12-04
12249516,Basketball Cards 2014 Panini Prizm,Detlef Schrempf [Orange Die Cut Prizm] #246,,,,,,,,,,,,,,,,,,,0,,,,,2014-12-04
192623,Basketball Cards 2014 Panini Prizm,Detlef Schrempf [Prizm] #246,$3.00,,,,,,,,,,,,$3.29,,,,,,2,,,,,2014-12-04
192122,Basketball Cards 2014 Panini Prizm,Detlef Schrempf [Purple Die Cut Prizm] #246,$5.50,,,,,,,,,,,$1.20,$6.09,,,,,,1,,,,,2014-12-04
191101,Basketball Cards 2014 Panini Prizm,Detlef Schrempf [Red Prizm] #246,$3.87,,,,,,,,,,,$0.90,$4.29,,,,,,1,,,,,2014-12-04
191866,Basketball Cards 2014 Panini Prizm,Detlef Schrempf [Red Pulsar Prizm] #246,,,,,,$75.00,$98.00,$45.00,$45.00,,,,,,,,,,1,,,,,2014-12-04
191360,Basketball Cards 2014 Panini Prizm,"Detlef Schrempf [Red, White, and Blue Pulsar Prizm] #246",$3.00,,,,,,,,,,,,$3.29,,,,,,2,,,,,2014-12-04
12249758,Basketball Cards 2014 Panini Prizm,Detlef Schrempf [Yellow and Red Mosaic Prizm] #246,,,,,,,,,,,,,,,,,,,0,,,,,2014-12-04
190165,Basketball Cards 2014 Panini Prizm,Devyn Marble #292,$1.19,,,,,$43.94,$57.00,$26.00,$26.00,,,,$1.29,,,,,,4,,,,,2014-12-04
12248231,Basketball Cards 2014 Panini Prizm,Devyn Marble [Black Prizm] #292,,,,,,,,,,,,,,,,,,,0,,,,,2014-12-04
12248550,Basketball Cards 2014 Panini Prizm,Devyn Marble [Black Pulsar Prizm] #292,,,,,,,,,,,,,,,,,,,0,,,,,2014-12-04
190656,Basketball Cards 2014 Panini Prizm,Devyn Marble [Blue Mojo Prizm] #292,$5.99,,,,,,,,,,,$1.30,$6.59,,,,,,1,,,,,2014-12-04
190418,Basketball Cards 2014 Panini Prizm,Devyn Marble [Blue Prizm] #292,$3.91,,,,,,,,,,,$0.90,$4.29,,,,,,1,,,,,2014-12-04
12249048,Basketball Cards 2014 Panini Prizm,Devyn Marble [Blue Wave Prizm] #292,,,,,,,,,,,,,,,,,,,0,,,,,2014-12-04
12248741,Basketball Cards 2014 Panini Prizm,Devyn Marble [Blue and Green Prizm] #292,,,,,,,,,,,,,,,,,,,0,,,,,2014-12-04
192414,Basketball Cards 2014 Panini Prizm,Devyn Marble [Gold Prizm] #292,,,,,$9.99,,,,,,,,,,,,,,1,,,,,2014-12-04
12249281,Basketball Cards 2014 Panini Prizm,Devyn Marble [Gold Pulsar Prizm] #292,,,,,,,,,,,,,,,,,,,0,,,,,2014-12-04
190871,Basketball Cards 2014 Panini Prizm,Devyn Marble [Green Prizm] #292,$1.83,,,,,,,,,,,,$1.99,,,,,,1,,,,,2014-12-04
191646,Basketball Cards 2014 Panini Prizm,Devyn Marble [Light Blue Prizm] #292,$5.14,,,,,,,,,,,$1.10,$5.69,,,,,,1,,,,,2014-12-04
12249549,Basketball Cards 2014 Panini Prizm,Devyn Marble [Orange Die Cut Prizm] #292,,,,,,,,,,,,,,,,,,,0,,,,,2014-12-04
192636,Basketball Cards 2014 Panini Prizm,Devyn Marble [Prizm] #292,$0.99,,,,,,,,,,,,$1.09,,,,,,1,,,,,2014-12-04
192157,Basketball Cards 2014 Panini Prizm,Devyn Marble [Purple Die Cut Prizm] #292,$2.04,,,,,,,,,,,,$2.19,,,,,,2,,,,,2014-12-04
191135,Basketball Cards 2014 Panini Prizm,Devyn Marble [Red Prizm] #292,$6.00,,,,,,,,,,,$1.30,$6.59,,,,,,1,,,,,2014-12-04
191899,Basketball Cards 2014 Panini Prizm,Devyn Marble [Red Pulsar Prizm] #292,$3.25,,,,,$19.99,$26.00,$12.00,$12.00,,,,$3.59,,,,,,2,,,,,2014-12-04
191387,Basketball Cards 2014 Panini Prizm,"Devyn Marble [Red, White, and Blue Pulsar Prizm] #292",$2.00,,,,,,,,,,,,$2.19,,,,,,1,,,,,2014-12-04
12249779,Basketball Cards 2014 Panini Prizm,Devyn Marble [Yellow and Red Mosaic Prizm] #292,,,,,,,,,,,,,,,,,,,0,,,,,2014-12-04
190092,Basketball Cards 2014 Panini Prizm,Dikembe Mutombo #160,$1.25,,,,,,,,,,,,$1.39,,,,,,4,,,,,2014-12-04
12248144,Basketball Cards 2014 Panini Prizm,Dikembe Mutombo [Black Prizm] #160,,,,,,,,,,,,,,,,,,,0,,,,,2014-12-04
12248326,Basketball Cards 2014 Panini Prizm,Dikembe Mutombo [Black Pulsar Prizm] #160,,,,,,,,,,,,,,,,,,,0,,,,,2014-12-04
190554,Basketball Cards 2014 Panini Prizm,Dikembe Mutombo [Blue Mojo Prizm] #160,$5.99,,,$8.50,$9.00,,,,$15.00,,,$1.30,$6.59,,,,,,4,,,,,2014-12-04
190309,Basketball Cards 2014 Panini Prizm,Dikembe Mutombo [Blue Prizm] #160,$4.62,,,$14.19,$16.00,,,,,,,$1.00,$5.09,,,,,,2,,,,,2014-12-04
12248928,Basketball Cards 2014 Panini Prizm,Dikembe Mutombo [Blue Wave Prizm] #160,$5.00,,,,,,,,,,,$1.10,$5.49,,,,,,1,,,,,2014-12-04
12248583,Basketball Cards 2014 Panini Prizm,Dikembe Mutombo [Blue and Green Prizm] #160,$3.25,,,,,,,,,,,,$3.59,,,,,,1,,,,,2014-12-04
192302,Basketball Cards 2014 Panini Prizm,Dikembe Mutombo [Gold Prizm] #160,,,,,,,,,,,,,,,,,,,0,,,,,2014-12-04
12249091,Basketball Cards 2014 Panini Prizm,Dikembe Mutombo [Gold Pulsar Prizm] #160,,,,,,,,,,,,,,,,,,,0,,,,,2014-12-04
190792,Basketball Cards 2014 Panini Prizm,Dikembe Mutombo [Green Prizm] #160,$1.17,,,$2.25,$2.00,,,,,,,,$1.29,,,,,,3,,,,,2014-12-04
191534,Basketball Cards 2014 Panini Prizm,Dikembe Mutombo [Light Blue Prizm] #160,$25.00,,,,,,,,,,,$8.40,$27.99,,,,,,1,,,,,2014-12-04
12249411,Basketball Cards 2014 Panini Prizm,Dikembe Mutombo [Orange Die Cut Prizm] #160,,,,,,,,,,,,,,,,,,,0,,,,,2014-12-04
192552,Basketball Cards 2014 Panini Prizm,Dikembe Mutombo [Prizm] #160,$4.37,,,,,,,,,,,$1.00,$4.79,,,,,,2,,,,,2014-12-04
192041,Basketball Cards 2014 Panini Prizm,Dikembe Mutombo [Purple Die Cut Prizm] #160,$5.13,,,$22.50,$25.00,,,,,,,$1.10,$5.59,,,,,,4,,,,,2014-12-04
191019,Basketball Cards 2014 Panini Prizm,Dikembe Mutombo [Red Prizm] #160,$1.79,,,,,,,,,,,,$1.99,,,,,,2,,,,,2014-12-04
191791,Basketball Cards 2014 Panini Prizm,Dikembe Mutombo [Red Pulsar Prizm] #160,$34.03,,,,,,,,,,,$14.80,$36.99,,,,,,1,,,,,2014-12-04
136507,Basketball Cards 2014 Panini Prizm,"Dikembe Mutombo [Red, White, and Blue Pulsar Prizm] #160",$2.50,,,,,,,,,,,,$2.79,,,,,,4,,,,,2014-12-04
12249660,Basketball Cards 2014 Panini Prizm,Dikembe Mutombo [Yellow and Red Mosaic Prizm] #160,,,,,,,,,,,,,,,,,,,0,,,,,2014-12-04
190055,Basketball Cards 2014 Panini Prizm,Dion Waiters #111,$1.19,,,,,,,,,,,,$1.29,,,,,,1,,,,,2014-12-04
12248027,Basketball Cards 2014 Panini Prizm,Dion Waiters [Black Prizm] #111,,,,,,,,,,,,,,,,,,,0,,,,,2014-12-04
12248270,Basketball Cards 2014 Panini Prizm,Dion Waiters [Black Pulsar Prizm] #111,,,,,,,,,,,,,,,,,,,0,,,,,2014-12-04
190517,Basketball Cards 2014 Panini Prizm,Dion Waiters [Blue Mojo Prizm] #111,$2.21,,,,,,,,,,,,$2.39,,,,,,1,,,,,2014-12-04
190266,Basketball Cards 2014 Panini Prizm,Dion Waiters [Blue Prizm] #111,$2.24,,,,,,,,,,,,$2.49,,,,,,1,,,,,2014-12-04
12248837,Basketball Cards 2014 Panini Prizm,Dion Waiters [Blue Wave Prizm] #111,,,,,,,,,,,,,,,,,,,0,,,,,2014-12-04
12248767,Basketball Cards 2014 Panini Prizm,Dion Waiters [Blue and Green Prizm] #111,,,,,,,,,,,,,,,,,,,0,,,,,2014-12-04
192259,Basketball Cards 2014 Panini Prizm,Dion Waiters [Gold Prizm] #111,$29.00,,,$36.00,$40.00,,,,,,,$9.60,$31.99,,,,,,2,,,,,2014-12-04
12249301,Basketball Cards 2014 Panini Prizm,Dion Waiters [Gold Pulsar Prizm] #111,,,,,,,,,,,,,,,,,,,0,,,,,2014-12-04
190754,Basketball Cards 2014 Panini Prizm,Dion Waiters [Green Prizm] #111,$1.12,,,,,,,,,,,,$1.19,,,,,,2,,,,,2014-12-04
191490,Basketball Cards 2014 Panini Prizm,Dion Waiters [Light Blue Prizm] #111,$3.64,,,,,,,,,,,$0.80,$3.99,,,,,,1,,,,,2014-12-04
12249469,Basketball Cards 2014 Panini Prizm,Dion Waiters [Orange Die Cut Prizm] #111,,,,,,,,,,,,,,,,,,,0,,,,,2014-12-04
192513,Basketball Cards 2014 Panini Prizm,Dion Waiters [Prizm] #111,$1.26,,,,,,,,,,,,$1.39,,,,,,1,,,,,2014-12-04
191997,Basketball Cards 2014 Panini Prizm,Dion Waiters [Purple Die Cut Prizm] #111,$2.44,,,,,,,,,,,,$2.69,,,,,,1,,,,,2014-12-04
190974,Basketball Cards 2014 Panini Prizm,Dion Waiters [Red Prizm] #111,$2.97,,,,,,,,,,,,$3.29,,,,,,2,,,,,2014-12-04
191750,Basketball Cards 2014 Panini Prizm,Dion Waiters [Red Pulsar Prizm] #111,$0.25,,,,,,,,,,,,$0.99,,,,,,0,,,,,2014-12-04
191238,Basketball Cards 2014 Panini Prizm,"Dion Waiters [Red, White, and Blue Pulsar Prizm] #111",$2.00,,,,,,,,,,,,$2.19,,,,,,1,,,,,2014-12-04
12249676,Basketball Cards 2014 Panini Prizm,Dion Waiters [Yellow and Red Mosaic Prizm] #111,,,,,,,,,,,,,,,,,,,0,,,,,2014-12-04
190063,Basketball Cards 2014 Panini Prizm,Dirk Nowitzki #121,$1.69,$5.99,$6.38,$10.35,$22.35,$26.66,$35.00,$16.00,$16.00,,,,$1.89,$1.30,$6.59,$1.40,$6.99,,18,,,,,2014-12-04
12248049,Basketball Cards 2014 Panini Prizm,Dirk Nowitzki [Black Prizm] #121,,,,,,,,,,,,,,,,,,,0,,,,,2014-12-04
12248280,Basketball Cards 2014 Panini Prizm,Dirk Nowitzki [Black Pulsar Prizm] #121,,,,$8000.00,$8800.00,,,,,,,,,,,,,,1,,,,,2014-12-04
136393,Basketball Cards 2014 Panini Prizm,Dirk Nowitzki [Blue Mojo Prizm] #121,$11.53,,,$43.57,$48.00,$184.50,$240.00,$111.00,$111.00,,,$3.30,$12.99,,,,,,5,,,,,2014-12-04
190275,Basketball Cards 2014 Panini Prizm,Dirk Nowitzki [Blue Prizm] #121,$3.25,,,$29.50,$32.00,$300.00,$390.00,$180.00,$180.00,,,,$3.59,,,,,,3,,,,,2014-12-04
12248853,Basketball Cards 2014 Panini Prizm,Dirk Nowitzki [Blue Wave Prizm] #121,$11.50,,,,,,,,,,,$3.30,$12.99,,,,,,1,,,,,2014-12-04
136392,Basketball Cards 2014 Panini Prizm,Dirk Nowitzki [Blue and Green Prizm] #121,$9.61,,,,,$49.17,$64.00,$30.00,$30.00,,,$2.80,$10.99,,,,,,6,,,,,2014-12-04
192268,Basketball Cards 2014 Panini Prizm,Dirk Nowitzki [Gold Prizm] #121,,,,,,,,,,,,,,,,,,,0,,,,,2014-12-04
136394,Basketball Cards 2014 Panini Prizm,Dirk Nowitzki [Gold Pulsar Prizm] #121,$512.59,,,,,$1000.00,$1300.00,$600.00,$600.00,,,$338.40,$564.00,,,,,,2,,,,,2014-12-04
136395,Basketball Cards 2014 Panini Prizm,Dirk Nowitzki [Green Prizm] #121,$13.99,,$15.20,$25.80,$28.00,$82.28,$107.00,$49.00,$49.00,,,$3.80,$14.99,,,$4.30,$16.99,,6,,,,,2014-12-04
191499,Basketball Cards 2014 Panini Prizm,Dirk Nowitzki [Light Blue Prizm] #121,$54.37,,,$52.10,$57.00,,,,,,,$24.00,$59.99,,,,,,2,,,,,2014-12-04
136396,Basketball Cards 2014 Panini Prizm,Dirk Nowitzki [Orange Die Cut Prizm] #121,$17.60,,,,,,,,,,,$4.80,$18.99,,,,,,1,,,,,2014-12-04
136397,Basketball Cards 2014 Panini Prizm,Dirk Nowitzki [Prizm] #121,$23.81,,,$20.19,$22.00,$125.00,$163.00,$75.00,$75.00,,,$7.80,$25.99,,,,,,7,,,,,2014-12-04
136398,Basketball Cards 2014 Panini Prizm,Dirk Nowitzki [Purple Die Cut Prizm] #121,$10.89,,,$39.99,$44.00,$98.41,$128.00,$59.00,$59.00,,,$3.00,$11.99,,,,,,6,,,,,2014-12-04
190983,Basketball Cards 2014 Panini Prizm,Dirk Nowitzki [Red Prizm] #121,$11.50,,,,,$200.00,$260.00,$120.00,$120.00,,,$3.30,$12.99,,,,,,2,,,,,2014-12-04
191758,Basketball Cards 2014 Panini Prizm,Dirk Nowitzki [Red Pulsar Prizm] #121,$58.00,,,,,$360.00,$468.00,$216.00,$216.00,,,$25.60,$63.99,,,,,,2,,,,,2014-12-04
136399,Basketball Cards 2014 Panini Prizm,"Dirk Nowitzki [Red, White, and Blue Pulsar Prizm] #121",$6.00,,$4.25,,$28.77,$70.00,$91.00,$42.00,$42.00,,,$1.30,$6.59,,,$0.90,$4.69,,6,,,,,2014-12-04
136400,Basketball Cards 2014 Panini Prizm,Dirk Nowitzki [Yellow and Red Mosaic Prizm] #121,$5.91,,,$22.80,$25.00,$63.33,$82.00,$38.00,$38.00,,,$1.30,$6.49,,,,,,5,,,,,2014-12-04
136528,Basketball Cards 2014 Panini Prizm,Dominique Wilkins #170,$2.29,,,$19.95,$22.00,$24.00,$31.00,$14.00,$14.00,,,,$2.49,,,,,,7,,,,,2014-12-04
12248171,Basketball Cards 2014 Panini Prizm,Dominique Wilkins [Black Prizm] #170,,,,,,,,,,,,,,,,,,,0,,,,,2014-12-04
12248344,Basketball Cards 2014 Panini Prizm,Dominique Wilkins [Black Pulsar Prizm] #170,,,,,,,,,,,,,,,,,,,0,,,,,2014-12-04
136530,Basketball Cards 2014 Panini Prizm,Dominique Wilkins [Blue Mojo Prizm] #170,$4.10,,,,$6.50,,,,,,,$0.90,$4.49,,,,,,2,,,,,2014-12-04
190317,Basketball Cards 2014 Panini Prizm,Dominique Wilkins [Blue Prizm] #170,$4.25,,,,,,,,,,,$0.90,$4.69,,,,,,1,,,,,2014-12-04
12248939,Basketball Cards 2014 Panini Prizm,Dominique Wilkins [Blue Wave Prizm] #170,$2.25,,,,,,,,,,,,$2.49,,,,,,23,,,,,2014-12-04
136529,Basketball Cards 2014 Panini Prizm,Dominique Wilkins [Blue and Green Prizm] #170,$3.99,,,,,$19.21,$25.00,$12.00,$12.00,,,$0.90,$4.39,,,,,,3,,,,,2014-12-04
192310,Basketball Cards 2014 Panini Prizm,Dominique Wilkins [Gold Prizm] #170,$149.99,,,,,,,,,,,$82.50,$165.00,,,,,,1,,,,,2014-12-04
136531,Basketball Cards 2014 Panini Prizm,Dominique Wilkins [Gold Pulsar Prizm] #170,,,,,,$112.50,$146.00,$68.00,$68.00,,,,,,,,,,1,,,,,2014-12-04
190799,Basketball Cards 2014 Panini Prizm,Dominique Wilkins [Green Prizm] #170,$1.96,,,,,$14.56,$19.00,$9.00,$9.00,,,,$2.19,,,,,,2,,,,,2014-12-04
191544,Basketball Cards 2014 Panini Prizm,Dominique Wilkins [Light Blue Prizm] #170,$6.81,,,,,,,,,,,$1.50,$7.49,,,,,,1,,,,,2014-12-04
12249429,Basketball Cards 2014 Panini Prizm,Dominique Wilkins [Orange Die Cut Prizm] #170,,,,,,,,,,,,,,,,,,,0,,,,,2014-12-04
192562,Basketball Cards 2014 Panini Prizm,Dominique Wilkins [Prizm] #170,$5.19,,,,,,,,,,,$1.10,$5.69,,,,,,3,,,,,2014-12-04
192051,Basketball Cards 2014 Panini Prizm,Dominique Wilkins [Purple Die Cut Prizm] #170,$3.02,,,,,,,,,,,,$3.29,,,,,,2,,,,,2014-12-04
191028,Basketball Cards 2014 Panini Prizm,Dominique Wilkins [Red Prizm] #170,$6.88,,,,,$41.00,$53.00,$25.00,$25.00,,,$1.50,$7.59,,,,,,2,,,,,2014-12-04
136532,Basketball Cards 2014 Panini Prizm,Dominique Wilkins [Red Pulsar Prizm] #170,$31.00,,,,,,,,,,,$10.20,$33.99,,,,,,1,,,,,2014-12-04
191289,Basketball Cards 2014 Panini Prizm,"Dominique Wilkins [Red, White, and Blue Pulsar Prizm] #170",$2.64,,,$8.00,$9.00,,,,,,,,$2.89,,,,,,4,,,,,2014-12-04
136533,Basketball Cards 2014 Panini Prizm,Dominique Wilkins [Yellow and Red Mosaic Prizm] #170,$3.00,,,$13.83,$15.00,$25.00,$33.00,$15.00,$15.00,,,,$3.29,,,,,,4,,,,,2014-12-04
190148,Basketball Cards 2014 Panini Prizm,Doug McDermott #261,$1.68,,$6.32,$11.71,$22.26,$38.13,$50.00,$23.00,$23.00,,,,$1.89,,,$1.40,$6.99,,10,,,,,2014-12-04
12248186,Basketball Cards 2014 Panini Prizm,Doug McDermott [Black Prizm] #261,,,,,,,,,,,,,,,,,,,0,,,,,2014-12-04
12248519,Basketball Cards 2014 Panini Prizm,Doug McDermott [Black Pulsar Prizm] #261,,,,,,,,,,,,,,,,,,,0,,,,,2014-12-04
190630,Basketball Cards 2014 Panini Prizm,Doug McDermott [Blue Mojo Prizm] #261,$2.00,,,,,,,,,,,,$2.19,,,,,,1,,,,,2014-12-04
190392,Basketball Cards 2014 Panini Prizm,Doug McDermott [Blue Prizm] #261,$7.45,,,,,$65.00,$85.00,$39.00,$39.00,,,$1.60,$8.19,,,,,,2,,,,,2014-12-04
136823,Basketball Cards 2014 Panini Prizm,Doug McDermott [Blue Wave Prizm] #261,$3.62,,,$46.24,$51.00,,,,,,,$0.80,$3.99,,,,,,2,,,,,2014-12-04
12248668,Basketball Cards 2014 Panini Prizm,Doug McDermott [Blue and Green Prizm] #261,$3.00,,,,,,,,,,,,$3.29,,,,,,1,,,,,2014-12-04
192389,Basketball Cards 2014 Panini Prizm,Doug McDermott [Gold Prizm] #261,$121.27,,,,,,,,,,,$66.50,$133.00,,,,,,1,,,,,2014-12-04
136824,Basketball Cards 2014 Panini Prizm,Doug McDermott [Gold Pulsar Prizm] #261,$200.00,,,,,,,,,,,$110.00,$220.00,,,,,,1,,,,,2014-12-04
190855,Basketball Cards 2014 Panini Prizm,Doug McDermott [Green Prizm] #261,$3.34,,,,,,,,,,,,$3.69,,,,,,2,,,,,2014-12-04
191621,Basketball Cards 2014 Panini Prizm,Doug McDermott [Light Blue Prizm] #261,$13.62,,,,$58.90,,,,,,,$3.80,$14.99,,,,,,2,,,,,2014-12-04
12249524,Basketball Cards 2014 Panini Prizm,Doug McDermott [Orange Die Cut Prizm] #261,,,,,,,,,,,,,,,,,,,0,,,,,2014-12-04
136825,Basketball Cards 2014 Panini Prizm,Doug McDermott [Prizm] #261,$7.14,,,,,$80.00,$104.00,$48.00,$48.00,,,$1.60,$7.89,,,,,,2,,,,,2014-12-04
192131,Basketball Cards 2014 Panini Prizm,Doug McDermott [Purple Die Cut Prizm] #261,$5.12,,,,,,,,,,,$1.10,$5.59,,,,,,2,,,,,2014-12-04
191110,Basketball Cards 2014 Panini Prizm,Doug McDermott [Red Prizm] #261,$3.99,,,$45.00,$50.00,,,,,,,$0.90,$4.39,,,,,,4,,,,,2014-12-04
191874,Basketball Cards 2014 Panini Prizm,Doug McDermott [Red Pulsar Prizm] #261,,,,,$52.36,,,,,,,,,,,,,,1,,,,,2014-12-04
136826,Basketball Cards 2014 Panini Prizm,"Doug McDermott [Red, White, and Blue Pulsar Prizm] #261",$2.02,,,,,,,,,,,,$2.19,,,,,,3,,,,,2014-12-04
12249769,Basketball Cards 2014 Panini Prizm,Doug McDermott [Yellow and Red Mosaic Prizm] #261,,,,,,,,,,,,,,,,,,,0,,,,,2014-12-04
190102,Basketball Cards 2014 Panini Prizm,Drazen Petrovic #180,$0.80,,,,,$29.99,$39.00,$18.00,$18.00,,,,$0.99,,,,,,9,,,,,2014-12-04
12248198,Basketball Cards 2014 Panini Prizm,Drazen Petrovic [Black Prizm] #180,,,,,,,,,,,,,,,,,,,0,,,,,2014-12-04
12248362,Basketball Cards 2014 Panini Prizm,Drazen Petrovic [Black Pulsar Prizm] #180,,,,,,,,,,,,,,,,,,,0,,,,,2014-12-04
190567,Basketball Cards 2014 Panini Prizm,Drazen Petrovic [Blue Mojo Prizm] #180,$3.02,,,,,,,,,,,,$3.29,,,,,,1,,,,,2014-12-04
190326,Basketball Cards 2014 Panini Prizm,Drazen Petrovic [Blue Prizm] #180,$10.52,,,,,,,,,,,$3.00,$11.99,,,,,,1,,,,,2014-12-04
12248952,Basketball Cards 2014 Panini Prizm,Drazen Petrovic [Blue Wave Prizm] #180,,,,,,,,,,,,,,,,,,,0,,,,,2014-12-04
12248597,Basketball Cards 2014 Panini Prizm,Drazen Petrovic [Blue and Green Prizm] #180,$5.99,,$9.92,$16.37,$28.39,$40.68,$53.00,$24.00,$24.00,,,$1.30,$6.59,,,$2.80,$10.99,,10,,,,,2014-12-04
192318,Basketball Cards 2014 Panini Prizm,Drazen Petrovic [Gold Prizm] #180,$611.00,,,,,,,,,,,$403.20,$672.00,,,,,,1,,,,,2014-12-04
12249118,Basketball Cards 2014 Panini Prizm,Drazen Petrovic [Gold Pulsar Prizm] #180,,,,,,,,,,,,,,,,,,,0,,,,,2014-12-04
190802,Basketball Cards 2014 Panini Prizm,Drazen Petrovic [Green Prizm] #180,$3.99,,,,,,,,,,,$0.90,$4.39,,,,,,3,,,,,2014-12-04
191554,Basketball Cards 2014 Panini Prizm,Drazen Petrovic [Light Blue Prizm] #180,$55.21,,,,,,,,,,,$24.40,$60.99,,,,,,1,,,,,2014-12-04
136559,Basketball Cards 2014 Panini Prizm,Drazen Petrovic [Orange Die Cut Prizm] #180,$15.25,,,,,,,,,,,$4.30,$16.99,,,,,,1,,,,,2014-12-04
136560,Basketball Cards 2014 Panini Prizm,Drazen Petrovic [Prizm] #180,$3.31,,,,,,,,,,,,$3.59,,,,,,2,,,,,2014-12-04
192060,Basketball Cards 2014 Panini Prizm,Drazen Petrovic [Purple Die Cut Prizm] #180,$21.02,,,,,,,,,,,$6.90,$22.99,,,,,,2,,,,,2014-12-04
191038,Basketball Cards 2014 Panini Prizm,Drazen Petrovic [Red Prizm] #180,$4.65,,,,,,,,,,,$1.00,$5.09,,,,,,2,,,,,2014-12-04
191810,Basketball Cards 2014 Panini Prizm,Drazen Petrovic [Red Pulsar Prizm] #180,$45.71,,,,,,,,,,,$20.00,$49.99,,,,,,1,,,,,2014-12-04
191299,Basketball Cards 2014 Panini Prizm,"Drazen Petrovic [Red, White, and Blue Pulsar Prizm] #180",$8.49,,,$22.50,$25.00,,,,,,,$1.90,$9.29,,,,,,5,,,,,2014-12-04
12249694,Basketball Cards 2014 Panini Prizm,Drazen Petrovic [Yellow and Red Mosaic Prizm] #180,$7.47,,$11.13,$17.95,$30.47,$43.36,$56.00,$26.00,$26.00,,,$1.60,$8.19,,,$3.00,$11.99,,7,,,,,2014-12-04
190070,Basketball Cards 2014 Panini Prizm,Dwight Howard #131,$1.68,,,$1.00,$1.00,,,,,,,,$1.89,,,,,,6,,,,,2014-12-04
12248072,Basketball Cards 2014 Panini Prizm,Dwight Howard [Black Prizm] #131,,,,$2800.00,$3080.00,,,,,,,,,,,,,,1,,,,,2014-12-04
12248290,Basketball Cards 2014 Panini Prizm,Dwight Howard [Black Pulsar Prizm] #131,,,,,,,,,,,,,,,,,,,0,,,,,2014-12-04
190531,Basketball Cards 2014 Panini Prizm,Dwight Howard [Blue Mojo Prizm] #131,$1.88,,,,,$11.00,$14.00,$7.00,$7.00,,,,$2.09,,,,,,2,,,,,2014-12-04
190284,Basketball Cards 2014 Panini Prizm,Dwight Howard [Blue Prizm] #131,$2.70,,,,,,,,,,,,$2.99,,,,,,2,,,,,2014-12-04
12248874,Basketball Cards 2014 Panini Prizm,Dwight Howard [Blue Wave Prizm] #131,,,,,,,,,,,,,,,,,,,0,,,,,2014-12-04
12248559,Basketball Cards 2014 Panini Prizm,Dwight Howard [Blue and Green Prizm] #131,$1.00,,,,,,,,,,,,$1.09,,,,,,1,,,,,2014-12-04
192276,Basketball Cards 2014 Panini Prizm,Dwight Howard [Gold Prizm] #131,$195.00,,,$103.50,$114.00,,,,,,,$107.50,$215.00,,,,,,2,,,,,2014-12-04
136430,Basketball Cards 2014 Panini Prizm,Dwight Howard [Gold Pulsar Prizm] #131,$96.00,,,,,,,,,,,$53.00,$106.00,,,,,,1,,,,,2014-12-04
136431,Basketball Cards 2014 Panini Prizm,Dwight Howard [Green Prizm] #131,$1.82,,,,,,,,,,,,$1.99,,,,,,2,,,,,2014-12-04
191508,Basketball Cards 2014 Panini Prizm,Dwight Howard [Light Blue Prizm] #131,$6.99,,,,,,,,,,,$1.50,$7.69,,,,,,1,,,,,2014-12-04
12249366,Basketball Cards 2014 Panini Prizm,Dwight Howard [Orange Die Cut Prizm] #131,$9.49,,$12.79,$20.11,$33.30,$47.04,$61.00,$28.00,$28.00,,,$2.00,$9.99,,,$3.50,$13.99,,7,,,,,2014-12-04
192529,Basketball Cards 2014 Panini Prizm,Dwight Howard [Prizm] #131,$3.45,,,,,,,,,,,$0.80,$3.79,,,,,,1,,,,,2014-12-04
192014,Basketball Cards 2014 Panini Prizm,Dwight Howard [Purple Die Cut Prizm] #131,$2.69,,,,,,,,,,,,$2.99,,,,,,3,,,,,2014-12-04
136432,Basketball Cards 2014 Panini Prizm,Dwight Howard [Red Prizm] #131,$3.75,,,,,$69.99,$91.00,$42.00,$42.00,,,$0.80,$4.09,,,,,,4,,,,,2014-12-04
191767,Basketball Cards 2014 Panini Prizm,Dwight Howard [Red Pulsar Prizm] #131,$34.99,,,,,$29.88,$39.00,$18.00,$18.00,,,$15.20,$37.99,,,,,,2,,,,,2014-12-04
191255,Basketball Cards 2014 Panini Prizm,"Dwight Howard [Red, White, and Blue Pulsar Prizm] #131",$1.36,,,,,,,,,,,,$1.49,,,,,,1,,,,,2014-12-04
12249622,Basketball Cards 2014 Panini Prizm,Dwight Howard [Yellow and Red Mosaic Prizm] #131,,,,,,,,,,,,,,,,,,,0,,,,,2014-12-04
136943,Basketball Cards 2014 Panini Prizm,Dwight Powell #286,$1.56,,$6.31,$7.00,$12.00,$12.50,$16.00,$8.00,$8.00,,,,$1.69,,,$1.40,$6.89,,10,,,,,2014-12-04
12248221,Basketball Cards 2014 Panini Prizm,Dwight Powell [Black Prizm] #286,,,,,,,,,,,,,,,,,,,0,,,,,2014-12-04
12248544,Basketball Cards 2014 Panini Prizm,Dwight Powell [Black Pulsar Prizm] #286,,,,,,,,,,,,,,,,,,,0,,,,,2014-12-04
190650,Basketball Cards 2014 Panini Prizm,Dwight Powell [Blue Mojo Prizm] #286,$1.42,,,,,,,,,,,,$1.59,,,,,,1,,,,,2014-12-04
190412,Basketball Cards 2014 Panini Prizm,Dwight Powell [Blue Prizm] #286,$2.25,,,,,,,,,,,,$2.49,,,,,,1,,,,,2014-12-04
12249042,Basketball Cards 2014 Panini Prizm,Dwight Powell [Blue Wave Prizm] #286,,,,,,,,,,,,,,,,,,,0,,,,,2014-12-04
12248731,Basketball Cards 2014 Panini Prizm,Dwight Powell [Blue and Green Prizm] #286,$2.00,,,,,,,,,,,,$2.19,,,,,,1,,,,,2014-12-04
192409,Basketball Cards 2014 Panini Prizm,Dwight Powell [Gold Prizm] #286,$49.99,,,,,,,,,,,$22.00,$54.99,,,,,,1,,,,,2014-12-04
12249274,Basketball Cards 2014 Panini Prizm,Dwight Powell [Gold Pulsar Prizm] #286,,,,,,,,,,,,,,,,,,,0,,,,,2014-12-04
190866,Basketball Cards 2014 Panini Prizm,Dwight Powell [Green Prizm] #286,$3.99,,,,,,,,,,,$0.90,$4.39,,,,,,2,,,,,2014-12-04
191640,Basketball Cards 2014 Panini Prizm,Dwight Powell [Light Blue Prizm] #286,$23.54,,,,,$70.00,$91.00,$42.00,$42.00,,,$7.80,$25.99,,,,,,2,,,,,2014-12-04
12249544,Basketball Cards 2014 Panini Prizm,Dwight Powell [Orange Die Cut Prizm] #286,,,,,,,,,,,,,,,,,,,0,,,,,2014-12-04
136944,Basketball Cards 2014 Panini Prizm,Dwight Powell [Prizm] #286,$5.05,,,$5.05,$6.00,$69.24,$90.00,$42.00,$42.00,,,$1.10,$5.59,,,,,,4,,,,,2014-12-04
192152,Basketball Cards 2014 Panini Prizm,Dwight Powell [Purple Die Cut Prizm] #286,$4.64,,,,,,,,,,,$1.00,$5.09,,,,,,1,,,,,2014-12-04
191129,Basketball Cards 2014 Panini Prizm,Dwight Powell [Red Prizm] #286,$3.99,,,,,,,,,,,$0.90,$4.39,,,,,,1,,,,,2014-12-04
136945,Basketball Cards 2014 Panini Prizm,Dwight Powell [Red Pulsar Prizm] #286,$2.99,,,,,$20.50,$27.00,$12.00,$12.00,,,,$3.29,,,,,,2,,,,,2014-12-04
191383,Basketball Cards 2014 Panini Prizm,"Dwight Powell [Red, White, and Blue Pulsar Prizm] #286",$3.78,,,,,,,,,,,$0.80,$4.19,,,,,,1,,,,,2014-12-04
12249739,Basketball Cards 2014 Panini Prizm,Dwight Powell [Yellow and Red Mosaic Prizm] #286,$1.99,,,,,,,,,,,,$2.19,,,,,,1,,,,,2014-12-04
136465,Basketball Cards 2014 Panini Prizm,Dwyane Wade #141,$2.60,,$7.13,$15.75,$23.64,$27.02,$35.00,$16.00,$16.00,,,,$2.89,,,$1.60,$7.79,,19,,,,,2014-12-04
12248097,Basketball Cards 2014 Panini Prizm,Dwyane Wade [Black Prizm] #141,,,,,,,,,,,,,,,,,,,0,,,,,2014-12-04
12248300,Basketball Cards 2014 Panini Prizm,Dwyane Wade [Black Pulsar Prizm] #141,,,,,,,,,,,,,,,,,,,0,,,,,2014-12-04
136467,Basketball Cards 2014 Panini Prizm,Dwyane Wade [Blue Mojo Prizm] #141,$17.34,,,$20.00,$22.00,$46.06,$60.00,$28.00,$28.00,,,$4.80,$18.99,,,,,,3,,,,,2014-12-04
190291,Basketball Cards 2014 Panini Prizm,Dwyane Wade [Blue Prizm] #141,$23.48,,,$36.03,$40.00,$66.33,$86.00,$40.00,$40.00,,,$7.80,$25.99,,,,,,4,,,,,2014-12-04
162029,Basketball Cards 2014 Panini Prizm,Dwyane Wade [Blue Wave Prizm] #141,$8.84,,,$21.54,$24.00,$75.82,$99.00,$45.00,$45.00,,,$1.90,$9.69,,,,,,3,,,,,2014-12-04
136466,Basketball Cards 2014 Panini Prizm,Dwyane Wade [Blue and Green Prizm] #141,$5.00,,,$15.00,$17.00,$33.80,$44.00,$20.00,$20.00,,,$1.10,$5.49,,,,,,6,,,,,2014-12-04
192285,Basketball Cards 2014 Panini Prizm,Dwyane Wade [Gold Prizm] #141,$475.00,,,$1575.00,$1733.00,$2509.00,$3262.00,$1505.00,$1505.00,,,$313.80,$523.00,,,,,,3,,,,,2014-12-04
12249074,Basketball Cards 2014 Panini Prizm,Dwyane Wade [Gold Pulsar Prizm] #141,$441.01,,,,,,$829.00,,,,,$242.50,$485.00,,,,,,1,,,,,2014-12-04
190775,Basketball Cards 2014 Panini Prizm,Dwyane Wade [Green Prizm] #141,$5.68,,,$15.75,$44.99,$76.10,$99.00,$46.00,$46.00,,,$1.30,$6.29,,,,,,6,,,,,2014-12-04
191516,Basketball Cards 2014 Panini Prizm,Dwyane Wade [Light Blue Prizm] #141,$20.00,,,$55.41,$61.00,$73.65,$96.00,$44.00,$44.00,,,$6.60,$21.99,,,,,,3,,,,,2014-12-04
162030,Basketball Cards 2014 Panini Prizm,Dwyane Wade [Orange Die Cut Prizm] #141,$22.75,,,$50.00,$55.00,$255.00,$332.00,$153.00,$153.00,,,$7.50,$24.99,,,,,,3,,,,,2014-12-04
136468,Basketball Cards 2014 Panini Prizm,Dwyane Wade [Prizm] #141,$9.16,$7.00,$8.99,$32.99,$36.00,$5165.00,$6715.00,$3099.00,$3099.00,,,$2.00,$9.99,$1.50,$7.69,$2.00,$9.89,,7,,,,,2014-12-04
136469,Basketball Cards 2014 Panini Prizm,Dwyane Wade [Purple Die Cut Prizm] #141,$18.15,,$31.05,$34.00,$35.00,$149.40,$194.00,$90.00,$90.00,,,$5.00,$19.99,,,$10.20,$33.99,,5,,,,,2014-12-04
191001,Basketball Cards 2014 Panini Prizm,Dwyane Wade [Red Prizm] #141,$57.30,,,,,$275.30,$358.00,$165.00,$165.00,,,$25.20,$62.99,,,,,,2,,,,,2014-12-04
136470,Basketball Cards 2014 Panini Prizm,Dwyane Wade [Red Pulsar Prizm] #141,$268.88,,,$100.88,$111.00,$3900.00,$5070.00,$2340.00,$2340.00,,,$148.00,$296.00,,,,,,2,,,,,2014-12-04
136471,Basketball Cards 2014 Panini Prizm,"Dwyane Wade [Red, White, and Blue Pulsar Prizm] #141",$6.00,,,$12.82,$14.00,$55.96,$73.00,$34.00,$34.00,,,$1.30,$6.59,,,,,,6,,,,,2014-12-04
136472,Basketball Cards 2014 Panini Prizm,Dwyane Wade [Yellow and Red Mosaic Prizm] #141,$5.00,,,$14.50,$16.00,$41.00,$53.00,$25.00,$25.00,,,$1.10,$5.49,,,,,,5,,,,,2014-12-04
190108,Basketball Cards 2014 Panini Prizm,Eddie Jones #189,$3.03,,,$24.99,$27.00,,,,,,,,$3.29,,,,,,5,,,,,2014-12-04
12248229,Basketball Cards 2014 Panini Prizm,Eddie Jones [Black Prizm] #189,,,,,,,,,,,,,,,,,,,0,,,,,2014-12-04
12248379,Basketball Cards 2014 Panini Prizm,Eddie Jones [Black Pulsar Prizm] #189,,,,,,,,,,,,,,,,,,,0,,,,,2014-12-04
190576,Basketball Cards 2014 Panini Prizm,Eddie Jones [Blue Mojo Prizm] #189,$4.22,,,,,,,,,,,$0.90,$4.59,,,,,,2,,,,,2014-12-04
190333,Basketball Cards 2014 Panini Prizm,Eddie Jones [Blue Prizm] #189,$4.78,,,,,,,,,,,$1.10,$5.29,,,,,,1,,,,,2014-12-04
12248964,Basketball Cards 2014 Panini Prizm,Eddie Jones [Blue Wave Prizm] #189,,,,,,,,,,,,,,,,,,,0,,,,,2014-12-04
12248605,Basketball Cards 2014 Panini Prizm,Eddie Jones [Blue and Green Prizm] #189,,,,,,,,,,,,,,,,,,,0,,,,,2014-12-04
192328,Basketball Cards 2014 Panini Prizm,Eddie Jones [Gold Prizm] #189,,,,$300.00,$330.00,,,,,,,,,,,,,,1,,,,,2014-12-04
12249133,Basketball Cards 2014 Panini Prizm,Eddie Jones [Gold Pulsar Prizm] #189,,,,,,,,,,,,,,,,,,,0,,,,,2014-12-04
190814,Basketball Cards 2014 Panini Prizm,Eddie Jones [Green Prizm] #189,$2.11,,,,,,,,,,,,$2.29,,,,,,2,,,,,2014-12-04
191563,Basketball Cards 2014 Panini Prizm,Eddie Jones [Light Blue Prizm] #189,,,,,,,,,,,,,,,,,,,0,,,,,2014-12-04
12249454,Basketball Cards 2014 Panini Prizm,Eddie Jones [Orange Die Cut Prizm] #189,,,,,,,,,,,,,,,,,,,0,,,,,2014-12-04
192576,Basketball Cards 2014 Panini Prizm,Eddie Jones [Prizm] #189,$2.99,,,,,,,,,,,,$3.29,,,,,,1,,,,,2014-12-04
192068,Basketball Cards 2014 Panini Prizm,Eddie Jones [Purple Die Cut Prizm] #189,$7.50,,,$49.99,$55.00,$99.99,$130.00,$60.00,$60.00,,,$1.70,$8.29,,,,,,3,,,,,2014-12-04
191047,Basketball Cards 2014 Panini Prizm,Eddie Jones [Red Prizm] #189,$1.99,,,,,$17.10,$22.00,$10.00,$10.00,,,,$2.19,,,,,,3,,,,,2014-12-04
191819,Basketball Cards 2014 Panini Prizm,Eddie Jones [Red Pulsar Prizm] #189,$34.35,,,,,,,,,,,$15.20,$37.99,,,,,,1,,,,,2014-12-04
191308,Basketball Cards 2014 Panini Prizm,"Eddie Jones [Red, White, and Blue Pulsar Prizm] #189",$5.00,,,,,,,,,,,$1.10,$5.49,,,,,,1,,,,,2014-12-04
12249703,Basketball Cards 2014 Panini Prizm,Eddie Jones [Yellow and Red Mosaic Prizm] #189,,,,,,,,,,,,,,,,,,,0,,,,,2014-12-04
136814,Basketball Cards 2014 Panini Prizm,Elfrid Payton #260,$1.45,,$6.19,$10.02,$13.00,$12.99,$17.00,$8.00,$8.00,,,,$1.59,,,$1.40,$6.79,,9,,,,,2014-12-04
12248184,Basketball Cards 2014 Panini Prizm,Elfrid Payton [Black Prizm] #260,,,,,,,,,,,,,,,,,,,0,,,,,2014-12-04
12248518,Basketball Cards 2014 Panini Prizm,Elfrid Payton [Black Pulsar Prizm] #260,,,,,,,,,,,,,,,,,,,0,,,,,2014-12-04
136815,Basketball Cards 2014 Panini Prizm,Elfrid Payton [Blue Mojo Prizm] #260,$2.19,,,,$10.50,$15.50,$20.00,$9.00,$9.00,,,,$2.39,,,,,,3,,,,,2014-12-04
136816,Basketball Cards 2014 Panini Prizm,Elfrid Payton [Blue Prizm] #260,$4.61,,,,$7.99,$12.50,$16.00,$8.00,$8.00,,,$1.00,$5.09,,,,,,3,,,,,2014-12-04
136817,Basketball Cards 2014 Panini Prizm,Elfrid Payton [Blue Wave Prizm] #260,$10.59,,,,,$10.50,$14.00,$6.00,$6.00,,,$3.00,$11.99,,,,,,2,,,,,2014-12-04
12248666,Basketball Cards 2014 Panini Prizm,Elfrid Payton [Blue and Green Prizm] #260,$1.44,,$6.18,$11.53,$22.02,$32.58,$42.00,$20.00,$20.00,,,,$1.59,,,$1.40,$6.79,,9,,,,,2014-12-04
192388,Basketball Cards 2014 Panini Prizm,Elfrid Payton [Gold Prizm] #260,,,,,$36.81,,,,,,,,,,,,,,1,,,,,2014-12-04
12249245,Basketball Cards 2014 Panini Prizm,Elfrid Payton [Gold Pulsar Prizm] #260,,,,,,,,,,,,,,,,,,,0,,,,,2014-12-04
136818,Basketball Cards 2014 Panini Prizm,Elfrid Payton [Green Prizm] #260,$2.42,,,,$27.99,,,,,,,,$2.69,,,,,,2,,,,,2014-12-04
191620,Basketball Cards 2014 Panini Prizm,Elfrid Payton [Light Blue Prizm] #260,,,,,,,,,,,,,,,,,,,0,,,,,2014-12-04
12249523,Basketball Cards 2014 Panini Prizm,Elfrid Payton [Orange Die Cut Prizm] #260,,,,,,,,,,,,,,,,,,,0,,,,,2014-12-04
136819,Basketball Cards 2014 Panini Prizm,Elfrid Payton [Prizm] #260,$6.02,,,$5.50,$6.00,$48.74,$63.00,$29.00,$29.00,,,$1.30,$6.59,,,,,,3,,,,,2014-12-04
192130,Basketball Cards 2014 Panini Prizm,Elfrid Payton [Purple Die Cut Prizm] #260,$1.99,,,$29.86,$33.00,$36.00,$47.00,$22.00,$22.00,,,,$2.19,,,,,,4,,,,,2014-12-04
136820,Basketball Cards 2014 Panini Prizm,Elfrid Payton [Red Prizm] #260,$2.13,,,,,,,,,,,,$2.29,,,,,,1,,,,,2014-12-04
191873,Basketball Cards 2014 Panini Prizm,Elfrid Payton [Red Pulsar Prizm] #260,$59.00,,,,$43.87,,,,,,,$26.00,$64.99,,,,,,2,,,,,2014-12-04
136821,Basketball Cards 2014 Panini Prizm,"Elfrid Payton [Red, White, and Blue Pulsar Prizm] #260",$1.89,,,,,,,,,,,,$2.09,,,,,,2,,,,,2014-12-04
136822,Basketball Cards 2014 Panini Prizm,Elfrid Payton [Yellow and Red Mosaic Prizm] #260,$3.76,,,$26.99,$30.00,$32.00,$42.00,$19.00,$19.00,,,$0.80,$4.09,,,,,,4,,,,,2014-12-04
136600,Basketball Cards 2014 Panini Prizm,Elgin Baylor #198,$1.95,,,,,,,,,,,,$2.19,,,,,,5,,,,,2014-12-04
12248248,Basketball Cards 2014 Panini Prizm,Elgin Baylor [Black Prizm] #198,,,,,,,,,,,,,,,,,,,0,,,,,2014-12-04
12248396,Basketball Cards 2014 Panini Prizm,Elgin Baylor [Black Pulsar Prizm] #198,,,,,,,,,,,,,,,,,,,0,,,,,2014-12-04
190579,Basketball Cards 2014 Panini Prizm,Elgin Baylor [Blue Mojo Prizm] #198,$6.86,,,,,,,,$14.30,,,$1.50,$7.59,,,,,,2,,,,,2014-12-04
190341,Basketball Cards 2014 Panini Prizm,Elgin Baylor [Blue Prizm] #198,$3.07,,,$39.99,$44.00,,,,$54.99,,,,$3.39,,,,,,3,,,,,2014-12-04
12248976,Basketball Cards 2014 Panini Prizm,Elgin Baylor [Blue Wave Prizm] #198,,,,,,,,,,,,,,,,,,,0,,,,,2014-12-04
12248611,Basketball Cards 2014 Panini Prizm,Elgin Baylor [Blue and Green Prizm] #198,,,,,,,,,,,,,,,,,,,0,,,,,2014-12-04
192336,Basketball Cards 2014 Panini Prizm,Elgin Baylor [Gold Prizm] #198,$300.00,,,,,,,,,,,$165.00,$330.00,,,,,,0,,,,,2014-12-04
12249148,Basketball Cards 2014 Panini Prizm,Elgin Baylor [Gold Pulsar Prizm] #198,,,,,,,,,,,,,,,,,,,0,,,,,2014-12-04
190821,Basketball Cards 2014 Panini Prizm,Elgin Baylor [Green Prizm] #198,$2.07,,,,,,,,,,,,$2.29,,,,,,3,,,,,2014-12-04
191571,Basketball Cards 2014 Panini Prizm,Elgin Baylor [Light Blue Prizm] #198,$15.37,,,,,,,,,,,$4.30,$16.99,,,,,,1,,,,,2014-12-04
12249468,Basketball Cards 2014 Panini Prizm,Elgin Baylor [Orange Die Cut Prizm] #198,$2.79,,,,,,,,,,,,$3.09,,,,,,1,,,,,2014-12-04
192584,Basketball Cards 2014 Panini Prizm,Elgin Baylor [Prizm] #198,$4.99,,,,,,,,,,,$1.10,$5.49,,,,,,1,,,,,2014-12-04
192077,Basketball Cards 2014 Panini Prizm,Elgin Baylor [Purple Die Cut Prizm] #198,$6.68,,$9.50,$26.00,$29.00,,,,,,,$1.50,$7.39,,,$2.00,$9.99,,4,,,,,2014-12-04
191055,Basketball Cards 2014 Panini Prizm,Elgin Baylor [Red Prizm] #198,$3.20,,,,,$173.90,$226.00,$104.00,$104.00,,,,$3.49,,,,,,3,,,,,2014-12-04
191828,Basketball Cards 2014 Panini Prizm,Elgin Baylor [Red Pulsar Prizm] #198,$11.30,,,,,,,,,,,$3.00,$11.99,,,,,,1,,,,,2014-12-04
191316,Basketball Cards 2014 Panini Prizm,"Elgin Baylor [Red, White, and Blue Pulsar Prizm] #198",$4.11,,,,,,,,,,,$0.90,$4.49,,,,,,2,,,,,2014-12-04
12249709,Basketball Cards 2014 Panini Prizm,Elgin Baylor [Yellow and Red Mosaic Prizm] #198,$1.99,,,,,,,,,,,,$2.19,,,,,,1,,,,,2014-12-04
189977,Basketball Cards 2014 Panini Prizm,Enes Kanter #3,$0.99,,,,,,,,,,,,$1.09,,,,,,1,,,,,2014-12-04
12247961,Basketball Cards 2014 Panini Prizm,Enes Kanter [Black Prizm] #3,,,,,,,,,,,,,,,,,,,0,,,,,2014-12-04
12248318,Basketball Cards 2014 Panini Prizm,Enes Kanter [Black Pulsar Prizm] #3,,,,,,,,,,,,,,,,,,,0,,,,,2014-12-04
190425,Basketball Cards 2014 Panini Prizm,Enes Kanter [Blue Mojo Prizm] #3,$0.30,,,,,,,,,,,,$0.99,,,,,,1,,,,,2014-12-04
190171,Basketball Cards 2014 Panini Prizm,Enes Kanter [Blue Prizm] #3,$3.10,,,,,,,,,,,,$3.39,,,,,,1,,,,,2014-12-04
12248786,Basketball Cards 2014 Panini Prizm,Enes Kanter [Blue Wave Prizm] #3,,,,,,,,,,,,,,,,,,,0,,,,,2014-12-04
12248635,Basketball Cards 2014 Panini Prizm,Enes Kanter [Blue and Green Prizm] #3,,,,,,,,,,,,,,,,,,,0,,,,,2014-12-04
192167,Basketball Cards 2014 Panini Prizm,Enes Kanter [Gold Prizm] #3,$14.99,$31.58,,,,,,,,,,$4.00,$15.99,$10.50,$34.99,,,,2,,,,,2014-12-04
12249100,Basketball Cards 2014 Panini Prizm,Enes Kanter [Gold Pulsar Prizm] #3,,,,,,,,,,,,,,,,,,,0,,,,,2014-12-04
190665,Basketball Cards 2014 Panini Prizm,Enes Kanter [Green Prizm] #3,$3.49,,,,,,,,,,,$0.80,$3.79,,,,,,1,,,,,2014-12-04
191395,Basketball Cards 2014 Panini Prizm,Enes Kanter [Light Blue Prizm] #3,$10.00,,,,,,,,,,,$2.80,$10.99,,,,,,1,,,,,2014-12-04
12249310,Basketball Cards 2014 Panini Prizm,Enes Kanter [Orange Die Cut Prizm] #3,,,,,,,,,,,,,,,,,,,0,,,,,2014-12-04
192424,Basketball Cards 2014 Panini Prizm,Enes Kanter [Prizm] #3,$2.99,,,,,,,,,,,,$3.29,,,,,,1,,,,,2014-12-04
191906,Basketball Cards 2014 Panini Prizm,Enes Kanter [Purple Die Cut Prizm] #3,$3.50,,,,,,,,,,,$0.80,$3.89,,,,,,3,,,,,2014-12-04
190878,Basketball Cards 2014 Panini Prizm,Enes Kanter [Red Prizm] #3,$2.84,,,,,,,,,,,,$3.09,,,,,,1,,,,,2014-12-04
191654,Basketball Cards 2014 Panini Prizm,Enes Kanter [Red Pulsar Prizm] #3,$3.00,,,,,,,,,,,,$3.29,,,,,,1,,,,,2014-12-04
191145,Basketball Cards 2014 Panini Prizm,"Enes Kanter [Red, White, and Blue Pulsar Prizm] #3",$1.06,,,,,,,,,,,,$1.19,,,,,,1,,,,,2014-12-04
12249560,Basketball Cards 2014 Panini Prizm,Enes Kanter [Yellow and Red Mosaic Prizm] #3,,,,,,,,,,,,,,,,,,,0,,,,,2014-12-04
136128,Basketball Cards 2014 Panini Prizm,Eric Bledsoe #13,$1.75,,,,,,,,,,,,$1.89,,,,,,1,,,,,2014-12-04
12247971,Basketball Cards 2014 Panini Prizm,Eric Bledsoe [Black Prizm] #13,,,,,,,,,,,,,,,,,,,0,,,,,2014-12-04
12248339,Basketball Cards 2014 Panini Prizm,Eric Bledsoe [Black Pulsar Prizm] #13,,,,,,,,,,,,,,,,,,,0,,,,,2014-12-04
190435,Basketball Cards 2014 Panini Prizm,Eric Bledsoe [Blue Mojo Prizm] #13,$3.42,,,,,,,,,,,$0.80,$3.79,,,,,,1,,,,,2014-12-04
190181,Basketball Cards 2014 Panini Prizm,Eric Bledsoe [Blue Prizm] #13,$2.18,,,,,,,,,,,,$2.39,,,,,,1,,,,,2014-12-04
12248796,Basketball Cards 2014 Panini Prizm,Eric Bledsoe [Blue Wave Prizm] #13,,,,,,,,,,,,,,,,,,,0,,,,,2014-12-04
12248655,Basketball Cards 2014 Panini Prizm,Eric Bledsoe [Blue and Green Prizm] #13,,,,,,,,,,,,,,,,,,,0,,,,,2014-12-04
192176,Basketball Cards 2014 Panini Prizm,Eric Bledsoe [Gold Prizm] #13,$6.65,,,,,,,,,,,$1.50,$7.29,,,,,,1,,,,,2014-12-04
12249117,Basketball Cards 2014 Panini Prizm,Eric Bledsoe [Gold Pulsar Prizm] #13,,,,,,,,,,,,,,,,,,,0,,,,,2014-12-04
190671,Basketball Cards 2014 Panini Prizm,Eric Bledsoe [Green Prizm] #13,$1.55,,,$1.25,$1.00,,,,,,,,$1.69,,,,,,2,,,,,2014-12-04
191405,Basketball Cards 2014 Panini Prizm,Eric Bledsoe [Light Blue Prizm] #13,$3.42,,,,,,,,,,,$0.80,$3.79,,,,,,1,,,,,2014-12-04
12249320,Basketball Cards 2014 Panini Prizm,Eric Bledsoe [Orange Die Cut Prizm] #13,,,,,,,,,,,,,,,,,,,0,,,,,2014-12-04
192433,Basketball Cards 2014 Panini Prizm,Eric Bledsoe [Prizm] #13,$1.50,,,,,,,,,,,,$1.69,,,,,,1,,,,,2014-12-04
191915,Basketball Cards 2014 Panini Prizm,Eric Bledsoe [Purple Die Cut Prizm] #13,$2.27,,,,,,,,,,,,$2.49,,,,,,2,,,,,2014-12-04
190888,Basketball Cards 2014 Panini Prizm,Eric Bledsoe [Red Prizm] #13,$1.86,,,,,,,,,,,,$2.09,,,,,,1,,,,,2014-12-04
191663,Basketball Cards 2014 Panini Prizm,Eric Bledsoe [Red Pulsar Prizm] #13,$1.69,,,,,,,,,,,,$1.89,,,,,,1,,,,,2014-12-04
191154,Basketball Cards 2014 Panini Prizm,"Eric Bledsoe [Red, White, and Blue Pulsar Prizm] #13",$1.00,,,,,,,,,,,,$1.09,,,,,,1,,,,,2014-12-04
12249569,Basketball Cards 2014 Panini Prizm,Eric Bledsoe [Yellow and Red Mosaic Prizm] #13,,,,,,,,,,,,,,,,,,,0,,,,,2014-12-04
189990,Basketball Cards 2014 Panini Prizm,Eric Gordon #23,$1.00,,,,,,,,,,,,$1.09,,,,,,1,,,,,2014-12-04
12247981,Basketball Cards 2014 Panini Prizm,Eric Gordon [Black Prizm] #23,,,,,,,,,,,,,,,,,,,0,,,,,2014-12-04
12248359,Basketball Cards 2014 Panini Prizm,Eric Gordon [Black Pulsar Prizm] #23,,,,,,,,,,,,,,,,,,,0,,,,,2014-12-04
190445,Basketball Cards 2014 Panini Prizm,Eric Gordon [Blue Mojo Prizm] #23,$1.40,,,,,,,,,,,,$1.49,,,,,,1,,,,,2014-12-04
190189,Basketball Cards 2014 Panini Prizm,Eric Gordon [Blue Prizm] #23,$2.10,,,,,,,,,,,,$2.29,,,,,,1,,,,,2014-12-04
12248805,Basketball Cards 2014 Panini Prizm,Eric Gordon [Blue Wave Prizm] #23,,,,,,,,,,,,,,,,,,,0,,,,,2014-12-04
12248672,Basketball Cards 2014 Panini Prizm,Eric Gordon [Blue and Green Prizm] #23,,,,,,,,,,,,,,,,,,,0,,,,,2014-12-04
192185,Basketball Cards 2014 Panini Prizm,Eric Gordon [Gold Prizm] #23,$169.00,,,,,,,,,,,$93.00,$186.00,,,,,,4,,,,,2014-12-04
12249137,Basketball Cards 2014 Panini Prizm,Eric Gordon [Gold Pulsar Prizm] #23,,,,,,,,,,,,,,,,,,,0,,,,,2014-12-04
190680,Basketball Cards 2014 Panini Prizm,Eric Gordon [Green Prizm] #23,$1.02,,,,,,,,,,,,$1.09,,,,,,2,,,,,2014-12-04
191413,Basketball Cards 2014 Panini Prizm,Eric Gordon [Light Blue Prizm] #23,$3.50,,,,,,,,,,,$0.80,$3.89,,,,,,1,,,,,2014-12-04
12249328,Basketball Cards 2014 Panini Prizm,Eric Gordon [Orange Die Cut Prizm] #23,,,,,,,,,,,,,,,,,,,0,,,,,2014-12-04
192442,Basketball Cards 2014 Panini Prizm,Eric Gordon [Prizm] #23,$1.68,,,,,,,,,,,,$1.89,,,,,,1,,,,,2014-12-04
191924,Basketball Cards 2014 Panini Prizm,Eric Gordon [Purple Die Cut Prizm] #23,$1.99,,,,,,,,,,,,$2.19,,,,,,2,,,,,2014-12-04
190898,Basketball Cards 2014 Panini Prizm,Eric Gordon [Red Prizm] #23,$1.99,,,,,$34.99,$45.00,$21.00,$21.00,,,,$2.19,,,,,,2,,,,,2014-12-04
191673,Basketball Cards 2014 Panini Prizm,Eric Gordon [Red Pulsar Prizm] #23,$4.75,,,,,,,,,,,$1.00,$5.19,,,,,,1,,,,,2014-12-04
191162,Basketball Cards 2014 Panini Prizm,"Eric Gordon [Red, White, and Blue Pulsar Prizm] #23",$1.31,,,,,,,,,,,,$1.39,,,,,,1,,,,,2014-12-04
12249576,Basketball Cards 2014 Panini Prizm,Eric Gordon [Yellow and Red Mosaic Prizm] #23,,,,,,,,,,,,,,,,,,,0,,,,,2014-12-04
190162,Basketball Cards 2014 Panini Prizm,Erick Green #289,,,,,,,,,,,,,,,,,,,0,,,,,2014-12-04
12248227,Basketball Cards 2014 Panini Prizm,Erick Green [Black Prizm] #289,,,,,,,,,,,,,,,,,,,0,,,,,2014-12-04
12248547,Basketball Cards 2014 Panini Prizm,Erick Green [Black Pulsar Prizm] #289,,,,,,,,,,,,,,,,,,,0,,,,,2014-12-04
190653,Basketball Cards 2014 Panini Prizm,Erick Green [Blue Mojo Prizm] #289,$2.83,,,,,,,,,,,,$3.09,,,,,,1,,,,,2014-12-04
190415,Basketball Cards 2014 Panini Prizm,Erick Green [Blue Prizm] #289,$0.99,,,,,,,,,,,,$1.09,,,,,,1,,,,,2014-12-04
12249045,Basketball Cards 2014 Panini Prizm,Erick Green [Blue Wave Prizm] #289,,,,,,,,,,,,,,,,,,,0,,,,,2014-12-04
12248737,Basketball Cards 2014 Panini Prizm,Erick Green [Blue and Green Prizm] #289,,,,,,,,,,,,,,,,,,,0,,,,,2014-12-04
192411,Basketball Cards 2014 Panini Prizm,Erick Green [Gold Prizm] #289,,,,,,,,,,,,,,,,,,,0,,,,,2014-12-04
12249278,Basketball Cards 2014 Panini Prizm,Erick Green [Gold Pulsar Prizm] #289,,,,,,,,,,,,,,,,,,,0,,,,,2014-12-04
190868,Basketball Cards 2014 Panini Prizm,Erick Green [Green Prizm] #289,$2.42,,,$1.99,$2.00,,,,,,,,$2.69,,,,,,5,,,,,2014-12-04
191643,Basketball Cards 2014 Panini Prizm,Erick Green [Light Blue Prizm] #289,$4.84,,,,,,,,,,,$1.10,$5.29,,,,,,1,,,,,2014-12-04
12249546,Basketball Cards 2014 Panini Prizm,Erick Green [Orange Die Cut Prizm] #289,,,,,,,,,,,,,,,,,,,0,,,,,2014-12-04
192633,Basketball Cards 2014 Panini Prizm,Erick Green [Prizm] #289,$6.75,,,,,,,,,,,$1.50,$7.39,,,,,,0,,,,,2014-12-04
192155,Basketball Cards 2014 Panini Prizm,Erick Green [Purple Die Cut Prizm] #289,$1.99,,,,,,,,,,,,$2.19,,,,,,1,,,,,2014-12-04
191132,Basketball Cards 2014 Panini Prizm,Erick Green [Red Prizm] #289,$0.25,,,,,,,,,,,,$0.99,,,,,,1,,,,,2014-12-04
191896,Basketball Cards 2014 Panini Prizm,Erick Green [Red Pulsar Prizm] #289,,,,,,$19.99,$26.00,$12.00,$12.00,,,,,,,,,,1,,,,,2014-12-04
136955,Basketball Cards 2014 Panini Prizm,"Erick Green [Red, White, and Blue Pulsar Prizm] #289",$0.89,,,,,,,,,,,,$0.99,,,,,,1,,,,,2014-12-04
12249746,Basketball Cards 2014 Panini Prizm,Erick Green [Yellow and Red Mosaic Prizm] #289,$1.79,,,,,,,,,,,,$1.99,,,,,,1,,,,,2014-12-04
189999,Basketball Cards 2014 Panini Prizm,Ersan Ilyasova #33,$1.18,,,,,,,,,,,,$1.29,,,,,,1,,,,,2014-12-04
12247991,Basketball Cards 2014 Panini Prizm,Ersan Ilyasova [Black Prizm] #33,,,,,,,,,,,,,,,,,,,0,,,,,2014-12-04
12248380,Basketball Cards 2014 Panini Prizm,Ersan Ilyasova [Black Pulsar Prizm] #33,,,,,,,,,,,,,,,,,,,0,,,,,2014-12-04
190454,Basketball Cards 2014 Panini Prizm,Ersan Ilyasova [Blue Mojo Prizm] #33,$2.28,,,,,,,,,,,,$2.49,,,,,,1,,,,,2014-12-04
190198,Basketball Cards 2014 Panini Prizm,Ersan Ilyasova [Blue Prizm] #33,$2.17,,,,,,,,,,,,$2.39,,,,,,1,,,,,2014-12-04
12248814,Basketball Cards 2014 Panini Prizm,Ersan Ilyasova [Blue Wave Prizm] #33,,,,,,,,,,,,,,,,,,,0,,,,,2014-12-04
12248681,Basketball Cards 2014 Panini Prizm,Ersan Ilyasova [Blue and Green Prizm] #33,,,,,,,,,,,,,,,,,,,0,,,,,2014-12-04
136160,Basketball Cards 2014 Panini Prizm,Ersan Ilyasova [Gold Prizm] #33,$5.50,,,$40.21,$44.00,,,,,,,$1.20,$6.09,,,,,,1,,,,,2014-12-04
12249156,Basketball Cards 2014 Panini Prizm,Ersan Ilyasova [Gold Pulsar Prizm] #33,,,,,,,,,,,,,,,,,,,0,,,,,2014-12-04
190689,Basketball Cards 2014 Panini Prizm,Ersan Ilyasova [Green Prizm] #33,$1.50,,,,,,,,,,,,$1.69,,,,,,1,,,,,2014-12-04
191423,Basketball Cards 2014 Panini Prizm,Ersan Ilyasova [Light Blue Prizm] #33,$2.00,,,,,,,,,,,,$2.19,,,,,,0,,,,,2014-12-04
12249337,Basketball Cards 2014 Panini Prizm,Ersan Ilyasova [Orange Die Cut Prizm] #33,,,,,,,,,,,,,,,,,,,0,,,,,2014-12-04
192450,Basketball Cards 2014 Panini Prizm,Ersan Ilyasova [Prizm] #33,$1.63,,,,,,,,,,,,$1.79,,,,,,1,,,,,2014-12-04
191934,Basketball Cards 2014 Panini Prizm,Ersan Ilyasova [Purple Die Cut Prizm] #33,$1.52,,,,,,,,,,,,$1.69,,,,,,2,,,,,2014-12-04
190907,Basketball Cards 2014 Panini Prizm,Ersan Ilyasova [Red Prizm] #33,$0.99,,,,,,,,,,,,$1.09,,,,,,1,,,,,2014-12-04
191683,Basketball Cards 2014 Panini Prizm,Ersan Ilyasova [Red Pulsar Prizm] #33,$4.99,,,,,,,,,,,$1.10,$5.49,,,,,,1,,,,,2014-12-04
191171,Basketball Cards 2014 Panini Prizm,"Ersan Ilyasova [Red, White, and Blue Pulsar Prizm] #33",$1.37,,,,,,,,,,,,$1.49,,,,,,1,,,,,2014-12-04
12249585,Basketball Cards 2014 Panini Prizm,Ersan Ilyasova [Yellow and Red Mosaic Prizm] #33,,,,,,,,,,,,,,,,,,,0,,,,,2014-12-04
136855,Basketball Cards 2014 Panini Prizm,Gary Harris #267,$1.65,,$3.26,$4.00,$5.00,$5.38,$7.00,$3.00,$3.00,,,,$1.79,,,,$3.59,,14,,,,,2014-12-04
12248196,Basketball Cards 2014 Panini Prizm,Gary Harris [Black Prizm] #267,,,,,,,,,,,,,,,,,,,0,,,,,2014-12-04
12248525,Basketball Cards 2014 Panini Prizm,Gary Harris [Black Pulsar Prizm] #267,,,,,,,,,,,,,,,,,,,0,,,,,2014-12-04
136857,Basketball Cards 2014 Panini Prizm,Gary Harris [Blue Mojo Prizm] #267,$3.71,,,,,,,,,,,$0.80,$4.09,,,,,,1,,,,,2014-12-04
190397,Basketball Cards 2014 Panini Prizm,Gary Harris [Blue Prizm] #267,$11.99,,,,$27.50,,,,,,,$3.30,$12.99,,,,,,2,,,,,2014-12-04
136858,Basketball Cards 2014 Panini Prizm,Gary Harris [Blue Wave Prizm] #267,$1.69,,,,,,,,,,,,$1.89,,,,,,1,,,,,2014-12-04
136856,Basketball Cards 2014 Panini Prizm,Gary Harris [Blue and Green Prizm] #267,$1.96,,,,,$24.95,$32.00,$15.00,$15.00,,,,$2.19,,,,,,3,,,,,2014-12-04
136859,Basketball Cards 2014 Panini Prizm,Gary Harris [Gold Prizm] #267,$51.00,,,,,,,,,,,$22.40,$55.99,,,,,,1,,,,,2014-12-04
12249253,Basketball Cards 2014 Panini Prizm,Gary Harris [Gold Pulsar Prizm] #267,,,,,,,,,,,,,,,,,,,0,,,,,2014-12-04
136860,Basketball Cards 2014 Panini Prizm,Gary Harris [Green Prizm] #267,$1.79,,,$24.99,$27.00,$30.00,$39.00,$18.00,$18.00,,,,$1.99,,,,,,3,,,,,2014-12-04
136861,Basketball Cards 2014 Panini Prizm,Gary Harris [Light Blue Prizm] #267,$27.01,,,,,,,,,,,$9.00,$29.99,,,,,,1,,,,,2014-12-04
136862,Basketball Cards 2014 Panini Prizm,Gary Harris [Orange Die Cut Prizm] #267,$4.57,,,,,$66.71,$87.00,$40.00,$40.00,,,$1.00,$4.99,,,,,,2,,,,,2014-12-04
136863,Basketball Cards 2014 Panini Prizm,Gary Harris [Prizm] #267,$13.39,,,,$15.77,$24.35,$32.00,$15.00,$15.00,,,$3.80,$14.99,,,,,,4,,,,,2014-12-04
192136,Basketball Cards 2014 Panini Prizm,Gary Harris [Purple Die Cut Prizm] #267,$2.71,,,$19.16,$21.00,,,,,,,,$2.99,,,,,,2,,,,,2014-12-04
136864,Basketball Cards 2014 Panini Prizm,Gary Harris [Red Prizm] #267,$39.99,,,,,$95.00,$124.00,$57.00,$57.00,,,$17.60,$43.99,,,,,,2,,,,,2014-12-04
136865,Basketball Cards 2014 Panini Prizm,Gary Harris [Red Pulsar Prizm] #267,$15.50,,,,$25.00,$30.00,$39.00,$18.00,$18.00,,,$4.30,$16.99,,,,,,3,,,,,2014-12-04
136866,Basketball Cards 2014 Panini Prizm,"Gary Harris [Red, White, and Blue Pulsar Prizm] #267",$1.05,,,,,$20.57,$27.00,$12.00,$12.00,,,,$1.19,,,,,,3,,,,,2014-12-04
136867,Basketball Cards 2014 Panini Prizm,Gary Harris [Yellow and Red Mosaic Prizm] #267,$2.48,,,,,$45.00,$59.00,$27.00,$27.00,,,,$2.69,,,,,,3,,,,,2014-12-04
190122,Basketball Cards 2014 Panini Prizm,Gary Payton #209,$0.99,,,$24.99,$27.00,,,,,,,,$1.09,,,,,,4,,,,,2014-12-04
12248107,Basketball Cards 2014 Panini Prizm,Gary Payton [Black Prizm] #209,,,,,,,,,,,,,,,,,,,0,,,,,2014-12-04
12248439,Basketball Cards 2014 Panini Prizm,Gary Payton [Black Pulsar Prizm] #209,,,,,,,,,,,,,,,,,,,0,,,,,2014-12-04
190588,Basketball Cards 2014 Panini Prizm,Gary Payton [Blue Mojo Prizm] #209,$6.57,,,,,,,,,,,$1.40,$7.19,,,,,,2,,,,,2014-12-04
190352,Basketball Cards 2014 Panini Prizm,Gary Payton [Blue Prizm] #209,$5.24,,,$8.27,$9.00,,,,,,,$1.20,$5.79,,,,,,3,,,,,2014-12-04
12248997,Basketball Cards 2014 Panini Prizm,Gary Payton [Blue Wave Prizm] #209,,,,,,,,,,,,,,,,,,,0,,,,,2014-12-04
12248622,Basketball Cards 2014 Panini Prizm,Gary Payton [Blue and Green Prizm] #209,,,,,,,,,,,,,,,,,,,0,,,,,2014-12-04
192346,Basketball Cards 2014 Panini Prizm,Gary Payton [Gold Prizm] #209,$170.50,,,$300.00,$330.00,,,,,,,$94.00,$188.00,,,,,,2,,,,,2014-12-04
12249165,Basketball Cards 2014 Panini Prizm,Gary Payton [Gold Pulsar Prizm] #209,,,,,,,,,,,,,,,,,,,0,,,,,2014-12-04
136617,Basketball Cards 2014 Panini Prizm,Gary Payton [Green Prizm] #209,$2.37,,$10.00,$17.24,$19.00,,,,,,,,$2.59,,,$2.80,$10.99,,7,,,,,2014-12-04
191582,Basketball Cards 2014 Panini Prizm,Gary Payton [Light Blue Prizm] #209,$18.99,,,,,$84.00,$109.00,$50.00,$50.00,,,$6.30,$20.99,,,,,,10,,,,,2014-12-04
12249483,Basketball Cards 2014 Panini Prizm,Gary Payton [Orange Die Cut Prizm] #209,$23.20,,,,,,,,,,,$7.80,$25.99,,,,,,1,,,,,2014-12-04
192594,Basketball Cards 2014 Panini Prizm,Gary Payton [Prizm] #209,$5.96,,,,,,,,,,,$1.30,$6.59,,,,,,2,,,,,2014-12-04
192088,Basketball Cards 2014 Panini Prizm,Gary Payton [Purple Die Cut Prizm] #209,$14.45,,,,,,,,,,,$4.00,$15.99,,,,,,3,,,,,2014-12-04
191066,Basketball Cards 2014 Panini Prizm,Gary Payton [Red Prizm] #209,$2.67,,,,,$104.00,$135.00,$62.00,$62.00,,,,$2.89,,,,,,4,,,,,2014-12-04
136618,Basketball Cards 2014 Panini Prizm,Gary Payton [Red Pulsar Prizm] #209,,,,,,,,,,,,,,,,,,,0,,,,,2014-12-04
191327,Basketball Cards 2014 Panini Prizm,"Gary Payton [Red, White, and Blue Pulsar Prizm] #209",$1.88,,,,,$34.99,$45.00,$21.00,$21.00,,,,$2.09,,,,,,2,,,,,2014-12-04
12249717,Basketball Cards 2014 Panini Prizm,Gary Payton [Yellow and Red Mosaic Prizm] #209,,,,,,,,,,,,,,,,,,,0,,,,,2014-12-04
190129,Basketball Cards 2014 Panini Prizm,George Gervin #219,$2.99,,,,,$34.99,$45.00,$21.00,$21.00,,,,$3.29,,,,,,5,,,,,2014-12-04
12248125,Basketball Cards 2014 Panini Prizm,George Gervin [Black Prizm] #219,,,,,,,,,,,,,,,,,,,0,,,,,2014-12-04
12248458,Basketball Cards 2014 Panini Prizm,George Gervin [Black Pulsar Prizm] #219,,,,,,,,,,,,,,,,,,,0,,,,,2014-12-04
190597,Basketball Cards 2014 Panini Prizm,George Gervin [Blue Mojo Prizm] #219,$3.99,,,,,$31.00,$40.00,$19.00,$19.00,,,$0.90,$4.39,,,,,,3,,,,,2014-12-04
190361,Basketball Cards 2014 Panini Prizm,George Gervin [Blue Prizm] #219,$9.23,,,,,$56.00,$73.00,$34.00,$34.00,,,$2.00,$9.99,,,,,,3,,,,,2014-12-04
12248956,Basketball Cards 2014 Panini Prizm,George Gervin [Blue Wave Prizm] #219,,,,,,,,,,,,,,,,,,,0,,,,,2014-12-04
12248630,Basketball Cards 2014 Panini Prizm,George Gervin [Blue and Green Prizm] #219,,,,,,,,,,,,,,,,,,,0,,,,,2014-12-04
136645,Basketball Cards 2014 Panini Prizm,George Gervin [Gold Prizm] #219,$100.43,,,,,,,,,,,$55.00,$110.00,,,,,,1,,,,,2014-12-04
12249177,Basketball Cards 2014 Panini Prizm,George Gervin [Gold Pulsar Prizm] #219,,,,,,,,,,,,,,,,,,,0,,,,,2014-12-04
136646,Basketball Cards 2014 Panini Prizm,George Gervin [Green Prizm] #219,$1.83,,,,,,,,,,,,$1.99,,,,,,2,,,,,2014-12-04
191591,Basketball Cards 2014 Panini Prizm,George Gervin [Light Blue Prizm] #219,$6.63,,,,,$89.99,$117.00,$54.00,$54.00,,,$1.50,$7.29,,,,,,2,,,,,2014-12-04
12249491,Basketball Cards 2014 Panini Prizm,George Gervin [Orange Die Cut Prizm] #219,,,,,,,,,,,,,,,,,,,0,,,,,2014-12-04
192602,Basketball Cards 2014 Panini Prizm,George Gervin [Prizm] #219,$2.99,,,,,,,,,,,,$3.29,,,,,,1,,,,,2014-12-04
192098,Basketball Cards 2014 Panini Prizm,George Gervin [Purple Die Cut Prizm] #219,$4.75,,,,,$29.99,$39.00,$18.00,$18.00,,,$1.00,$5.19,,,,,,3,,,,,2014-12-04
191076,Basketball Cards 2014 Panini Prizm,George Gervin [Red Prizm] #219,$14.00,,,$44.99,$49.00,,,,,,,$3.80,$14.99,,,,,,2,,,,,2014-12-04
191844,Basketball Cards 2014 Panini Prizm,George Gervin [Red Pulsar Prizm] #219,$20.64,,,,,,,,,,,$6.90,$22.99,,,,,,1,,,,,2014-12-04
191336,Basketball Cards 2014 Panini Prizm,"George Gervin [Red, White, and Blue Pulsar Prizm] #219",$1.99,,,,,,,,,,,,$2.19,,,,,,2,,,,,2014-12-04
136648,Basketball Cards 2014 Panini Prizm,George Gervin [Yellow and Red Mosaic Prizm] #219,$1.85,,,,,,,,,,,,$1.99,,,,,,3,,,,,2014-12-04
190006,Basketball Cards 2014 Panini Prizm,George Hill #43,$1.87,,,,,,,,,,,,$2.09,,,,,,1,,,,,2014-12-04
12248001,Basketball Cards 2014 Panini Prizm,George Hill [Black Prizm] #43,,,,,,,,,,,,,,,,,,,0,,,,,2014-12-04
12248401,Basketball Cards 2014 Panini Prizm,George Hill [Black Pulsar Prizm] #43,,,,,,,,,,,,,,,,,,,0,,,,,2014-12-04
190464,Basketball Cards 2014 Panini Prizm,George Hill [Blue Mojo Prizm] #43,$2.50,,,,,,,,,,,,$2.79,,,,,,1,,,,,2014-12-04
190208,Basketball Cards 2014 Panini Prizm,George Hill [Blue Prizm] #43,$3.33,,,,,,,,,,,,$3.69,,,,,,1,,,,,2014-12-04
12248824,Basketball Cards 2014 Panini Prizm,George Hill [Blue Wave Prizm] #43,,,,,,,,,,,,,,,,,,,0,,,,,2014-12-04
12248690,Basketball Cards 2014 Panini Prizm,George Hill [Blue and Green Prizm] #43,,,,,,,,,,,,,,,,,,,0,,,,,2014-12-04
192202,Basketball Cards 2014 Panini Prizm,George Hill [Gold Prizm] #43,$24.99,,,,,$50.00,$65.00,$30.00,$30.00,,,$8.10,$26.99,,,,,,2,,,,,2014-12-04
12249180,Basketball Cards 2014 Panini Prizm,George Hill [Gold Pulsar Prizm] #43,,,,,,,,,,,,,,,,,,,0,,,,,2014-12-04
190699,Basketball Cards 2014 Panini Prizm,George Hill [Green Prizm] #43,$0.99,,,,,,,,,,,,$1.09,,,,,,1,,,,,2014-12-04
191432,Basketball Cards 2014 Panini Prizm,George Hill [Light Blue Prizm] #43,$3.85,,,,,,,,,,,$0.80,$4.19,,,,,,1,,,,,2014-12-04
12249345,Basketball Cards 2014 Panini Prizm,George Hill [Orange Die Cut Prizm] #43,,,,,,,,,,,,,,,,,,,0,,,,,2014-12-04
192460,Basketball Cards 2014 Panini Prizm,George Hill [Prizm] #43,$1.76,,,,,,,,,,,,$1.89,,,,,,1,,,,,2014-12-04
191943,Basketball Cards 2014 Panini Prizm,George Hill [Purple Die Cut Prizm] #43,$1.25,,,,,$11.00,$14.00,$7.00,$7.00,,,,$1.39,,,,,,3,,,,,2014-12-04
190917,Basketball Cards 2014 Panini Prizm,George Hill [Red Prizm] #43,$1.89,,,,,,,,,,,,$2.09,,,,,,1,,,,,2014-12-04
191691,Basketball Cards 2014 Panini Prizm,George Hill [Red Pulsar Prizm] #43,$12.04,,,,,,,,,,,$3.30,$12.99,,,,,,0,,,,,2014-12-04
191180,Basketball Cards 2014 Panini Prizm,"George Hill [Red, White, and Blue Pulsar Prizm] #43",$2.70,,,,,,,,,,,,$2.99,,,,,,1,,,,,2014-12-04
12249593,Basketball Cards 2014 Panini Prizm,George Hill [Yellow and Red Mosaic Prizm] #43,,,,,,,,,,,,,,,,,,,0,,,,,2014-12-04
190091,Basketball Cards 2014 Panini Prizm,George Mikan #158,$1.56,,$5.00,$11.58,$16.00,$15.99,$21.00,$10.00,$10.00,,,,$1.69,,,$1.10,$5.49,,22,,,,,2014-12-04
12248138,Basketball Cards 2014 Panini Prizm,George Mikan [Black Prizm] #158,,,,,,,,,,,,,,,,,,,0,,,,,2014-12-04
12248321,Basketball Cards 2014 Panini Prizm,George Mikan [Black Pulsar Prizm] #158,,,,,,,,,,,,,,,,,,,0,,,,,2014-12-04
136498,Basketball Cards 2014 Panini Prizm,George Mikan [Blue Mojo Prizm] #158,$8.25,,,,,,,,,,,$1.80,$9.09,,,,,,1,,,,,2014-12-04
190307,Basketball Cards 2014 Panini Prizm,George Mikan [Blue Prizm] #158,$5.37,,,,,$39.19,$51.00,$24.00,$24.00,,,$1.20,$5.89,,,,,,2,,,,,2014-12-04
12248925,Basketball Cards 2014 Panini Prizm,George Mikan [Blue Wave Prizm] #158,,,,,,,,,,,,,,,,,,,0,,,,,2014-12-04
12248582,Basketball Cards 2014 Panini Prizm,George Mikan [Blue and Green Prizm] #158,,,,,,,,,,,,,,,,,,,0,,,,,2014-12-04
192300,Basketball Cards 2014 Panini Prizm,George Mikan [Gold Prizm] #158,,,,,,,,,,,,,,,,,,,0,,,,,2014-12-04
12249090,Basketball Cards 2014 Panini Prizm,George Mikan [Gold Pulsar Prizm] #158,,,,,,,,,,,,,,,,,,,0,,,,,2014-12-04
190790,Basketball Cards 2014 Panini Prizm,George Mikan [Green Prizm] #158,$4.57,,,,,$13.50,$18.00,$8.00,$8.00,,,$1.00,$4.99,,,,,,5,,,,,2014-12-04
136499,Basketball Cards 2014 Panini Prizm,George Mikan [Light Blue Prizm] #158,$14.49,,,,,,,,,,,$4.00,$15.99,,,,,,1,,,,,2014-12-04
12249409,Basketball Cards 2014 Panini Prizm,George Mikan [Orange Die Cut Prizm] #158,,,,,,,,,,,,,,,,,,,0,,,,,2014-12-04
136500,Basketball Cards 2014 Panini Prizm,George Mikan [Prizm] #158,$3.99,,,,,$39.99,$52.00,$24.00,$24.00,,,$0.90,$4.39,,,,,,3,,,,,2014-12-04
192039,Basketball Cards 2014 Panini Prizm,George Mikan [Purple Die Cut Prizm] #158,$6.50,,,,,$31.00,$40.00,$19.00,$19.00,,,$1.40,$7.19,,,,,,3,,,,,2014-12-04
191017,Basketball Cards 2014 Panini Prizm,George Mikan [Red Prizm] #158,$17.82,,,,,,,,,,,$5.00,$19.99,,,,,,1,,,,,2014-12-04
191789,Basketball Cards 2014 Panini Prizm,George Mikan [Red Pulsar Prizm] #158,$30.00,,,$799.99,$880.00,$960.00,$1248.00,$576.00,$576.00,,,$9.90,$32.99,,,,,,3,,,,,2014-12-04
136501,Basketball Cards 2014 Panini Prizm,"George Mikan [Red, White, and Blue Pulsar Prizm] #158",$2.39,,,$9.89,$15.00,$44.99,$58.00,$27.00,$27.00,,,,$2.59,,,,,,5,,,,,2014-12-04
136502,Basketball Cards 2014 Panini Prizm,George Mikan [Yellow and Red Mosaic Prizm] #158,$2.36,,,,,,,,,,,,$2.59,,,,,,2,,,,,2014-12-04
190012,Basketball Cards 2014 Panini Prizm,Gerald Green #53,$2.00,,,,,,,,,,,,$2.19,,,,,,1,,,,,2014-12-04
12248018,Basketball Cards 2014 Panini Prizm,Gerald Green [Black Prizm] #53,,,,,,,,,,,,,,,,,,,0,,,,,2014-12-04
12248415,Basketball Cards 2014 Panini Prizm,Gerald Green [Black Pulsar Prizm] #53,,,,,,,,,,,,,,,,,,,0,,,,,2014-12-04
190472,Basketball Cards 2014 Panini Prizm,Gerald Green [Blue Mojo Prizm] #53,$2.00,,,,,,,,,,,,$2.19,,,,,,1,,,,,2014-12-04
190215,Basketball Cards 2014 Panini Prizm,Gerald Green [Blue Prizm] #53,$0.99,,,,,,,,,,,,$1.09,,,,,,1,,,,,2014-12-04
12248832,Basketball Cards 2014 Panini Prizm,Gerald Green [Blue Wave Prizm] #53,,,,,,,,,,,,,,,,,,,0,,,,,2014-12-04
12248697,Basketball Cards 2014 Panini Prizm,Gerald Green [Blue and Green Prizm] #53,$2.40,,$6.97,$12.55,$23.36,$34.29,$45.00,$21.00,$21.00,,,,$2.59,,,$1.50,$7.69,,7,,,,,2014-12-04
192209,Basketball Cards 2014 Panini Prizm,Gerald Green [Gold Prizm] #53,$120.00,,,,,,,,,,,$66.00,$132.00,,,,,,1,,,,,2014-12-04
12249195,Basketball Cards 2014 Panini Prizm,Gerald Green [Gold Pulsar Prizm] #53,,,,,,,,,,,,,,,,,,,0,,,,,2014-12-04
190706,Basketball Cards 2014 Panini Prizm,Gerald Green [Green Prizm] #53,$1.42,,$6.17,$11.51,$21.99,$32.55,$42.00,$20.00,$20.00,,,,$1.59,,,$1.40,$6.79,,6,,,,,2014-12-04
191439,Basketball Cards 2014 Panini Prizm,Gerald Green [Light Blue Prizm] #53,$4.57,,,,,,,,,,,$1.00,$4.99,,,,,,2,,,,,2014-12-04
12249358,Basketball Cards 2014 Panini Prizm,Gerald Green [Orange Die Cut Prizm] #53,,,,,,,,,,,,,,,,,,,0,,,,,2014-12-04
192467,Basketball Cards 2014 Panini Prizm,Gerald Green [Prizm] #53,$1.40,,,,,,,,,,,,$1.49,,,,,,1,,,,,2014-12-04
191950,Basketball Cards 2014 Panini Prizm,Gerald Green [Purple Die Cut Prizm] #53,$3.30,,,,,,,,,,,,$3.59,,,,,,2,,,,,2014-12-04
190924,Basketball Cards 2014 Panini Prizm,Gerald Green [Red Prizm] #53,$14.63,,,,,,,,,,,$4.00,$15.99,,,,,,1,,,,,2014-12-04
191699,Basketball Cards 2014 Panini Prizm,Gerald Green [Red Pulsar Prizm] #53,,,,$33.60,$37.00,,,,,,,,,,,,,,1,,,,,2014-12-04
191187,Basketball Cards 2014 Panini Prizm,"Gerald Green [Red, White, and Blue Pulsar Prizm] #53",$0.99,,,,,,,,,,,,$1.09,,,,,,1,,,,,2014-12-04
12249600,Basketball Cards 2014 Panini Prizm,Gerald Green [Yellow and Red Mosaic Prizm] #53,$1.50,,$6.23,$11.59,$22.10,$32.67,$42.00,$20.00,$20.00,,,,$1.69,,,$1.40,$6.89,,19,,,,,2014-12-04
190019,Basketball Cards 2014 Panini Prizm,Gerald Henderson #63,$1.20,,,,,,,,,,,,$1.29,,,,,,1,,,,,2014-12-04
12248035,Basketball Cards 2014 Panini Prizm,Gerald Henderson [Black Prizm] #63,,,,,,,,,,,,,,,,,,,0,,,,,2014-12-04
12248424,Basketball Cards 2014 Panini Prizm,Gerald Henderson [Black Pulsar Prizm] #63,,,,,,,,,,,,,,,,,,,0,,,,,2014-12-04
190482,Basketball Cards 2014 Panini Prizm,Gerald Henderson [Blue Mojo Prizm] #63,$3.00,,,,,,,,,,,,$3.29,,,,,,1,,,,,2014-12-04
190224,Basketball Cards 2014 Panini Prizm,Gerald Henderson [Blue Prizm] #63,$2.99,,,,,,,,,,,,$3.29,,,,,,1,,,,,2014-12-04
12248845,Basketball Cards 2014 Panini Prizm,Gerald Henderson [Blue Wave Prizm] #63,,,,,,,,,,,,,,,,,,,0,,,,,2014-12-04
12248712,Basketball Cards 2014 Panini Prizm,Gerald Henderson [Blue and Green Prizm] #63,,,,,,,,,,,,,,,,,,,0,,,,,2014-12-04
192217,Basketball Cards 2014 Panini Prizm,Gerald Henderson [Gold Prizm] #63,,,,,,,,,,,,,,,,,,,0,,,,,2014-12-04
12249212,Basketball Cards 2014 Panini Prizm,Gerald Henderson [Gold Pulsar Prizm] #63,$45.00,,,,,,,,,,,$20.00,$49.99,,,,,,1,,,,,2014-12-04
190715,Basketball Cards 2014 Panini Prizm,Gerald Henderson [Green Prizm] #63,$1.00,,,,,,,,,,,,$1.09,,,,,,1,,,,,2014-12-04
191449,Basketball Cards 2014 Panini Prizm,Gerald Henderson [Light Blue Prizm] #63,$3.42,,,,,,,,,,,$0.80,$3.79,,,,,,1,,,,,2014-12-04
12249381,Basketball Cards 2014 Panini Prizm,Gerald Henderson [Orange Die Cut Prizm] #63,$1.99,,,,,,,,,,,,$2.19,,,,,,1,,,,,2014-12-04
192476,Basketball Cards 2014 Panini Prizm,Gerald Henderson [Prizm] #63,$0.25,,,,,,,,,,,,$0.99,,,,,,0,,,,,2014-12-04
191959,Basketball Cards 2014 Panini Prizm,Gerald Henderson [Purple Die Cut Prizm] #63,$2.42,,,,,,,,,,,,$2.69,,,,,,1,,,,,2014-12-04
190934,Basketball Cards 2014 Panini Prizm,Gerald Henderson [Red Prizm] #63,$3.42,,,,,,,,,,,$0.80,$3.79,,,,,,1,,,,,2014-12-04
191709,Basketball Cards 2014 Panini Prizm,Gerald Henderson [Red Pulsar Prizm] #63,$3.74,,,,,,,,,,,$0.80,$4.09,,,,,,1,,,,,2014-12-04
191196,Basketball Cards 2014 Panini Prizm,"Gerald Henderson [Red, White, and Blue Pulsar Prizm] #63",$0.25,,,,,,,,,,,,$0.99,,,,,,0,,,,,2014-12-04
12249609,Basketball Cards 2014 Panini Prizm,Gerald Henderson [Yellow and Red Mosaic Prizm] #63,,,,,,,,,,,,,,,,,,,0,,,,,2014-12-04
190133,Basketball Cards 2014 Panini Prizm,Gheorghe Muresan #229,$1.82,,,,,,,,,,,,$1.99,,,,,,2,,,,,2014-12-04
12248139,Basketball Cards 2014 Panini Prizm,Gheorghe Muresan [Black Prizm] #229,,,,,,,,,,,,,,,,,,,0,,,,,2014-12-04
12248477,Basketball Cards 2014 Panini Prizm,Gheorghe Muresan [Black Pulsar Prizm] #229,,,,,,,,,,,,,,,,,,,0,,,,,2014-12-04
190605,Basketball Cards 2014 Panini Prizm,Gheorghe Muresan [Blue Mojo Prizm] #229,$8.91,,,,,,,,,,,$2.00,$9.79,,,,,,2,,,,,2014-12-04
190370,Basketball Cards 2014 Panini Prizm,Gheorghe Muresan [Blue Prizm] #229,$4.78,,,,,,,,,,,$1.10,$5.29,,,,,,2,,,,,2014-12-04
12248980,Basketball Cards 2014 Panini Prizm,Gheorghe Muresan [Blue Wave Prizm] #229,,,,,,,,,,,,,,,,,,,0,,,,,2014-12-04
12248634,Basketball Cards 2014 Panini Prizm,Gheorghe Muresan [Blue and Green Prizm] #229,,,,,,,,,,,,,,,,,,,0,,,,,2014-12-04
136685,Basketball Cards 2014 Panini Prizm,Gheorghe Muresan [Gold Prizm] #229,,,,,$177.50,,,,,,,,,,,,,,1,,,,,2014-12-04
136686,Basketball Cards 2014 Panini Prizm,Gheorghe Muresan [Gold Pulsar Prizm] #229,$389.00,,,,,,,,,,,$214.00,$428.00,,,,,,0,,,,,2014-12-04
190838,Basketball Cards 2014 Panini Prizm,Gheorghe Muresan [Green Prizm] #229,$3.73,,,,,,,,,,,$0.80,$4.09,,,,,,3,,,,,2014-12-04
191599,Basketball Cards 2014 Panini Prizm,Gheorghe Muresan [Light Blue Prizm] #229,$8.96,,,,,,,,,,,$2.00,$9.89,,,,,,1,,,,,2014-12-04
12249500,Basketball Cards 2014 Panini Prizm,Gheorghe Muresan [Orange Die Cut Prizm] #229,,,,,,,,,,,,,,,,,,,0,,,,,2014-12-04
192611,Basketball Cards 2014 Panini Prizm,Gheorghe Muresan [Prizm] #229,$6.14,,,,,,,,,,,$1.40,$6.79,,,,,,1,,,,,2014-12-04
192106,Basketball Cards 2014 Panini Prizm,Gheorghe Muresan [Purple Die Cut Prizm] #229,$2.00,,,,,,,,,,,,$2.19,,,,,,1,,,,,2014-12-04
191085,Basketball Cards 2014 Panini Prizm,Gheorghe Muresan [Red Prizm] #229,$38.65,,,,,$20.00,$26.00,$12.00,$12.00,,,$17.20,$42.99,,,,,,2,,,,,2014-12-04
191851,Basketball Cards 2014 Panini Prizm,Gheorghe Muresan [Red Pulsar Prizm] #229,$8.30,,,,,,,,,,,$1.80,$9.09,,,,,,1,,,,,2014-12-04
191344,Basketball Cards 2014 Panini Prizm,"Gheorghe Muresan [Red, White, and Blue Pulsar Prizm] #229",$1.50,,,,,,,,,,,,$1.69,,,,,,2,,,,,2014-12-04
12249742,Basketball Cards 2014 Panini Prizm,Gheorghe Muresan [Yellow and Red Mosaic Prizm] #229,$1.00,,,,,,,,,,,,$1.09,,,,,,1,,,,,2014-12-04
136253,Basketball Cards 2014 Panini Prizm,Giannis Antetokounmpo #73,$4.99,$12.00,$15.13,$21.50,$34.99,$54.76,$71.00,$33.00,$45.25,,,$1.10,$5.49,$3.30,$12.99,$4.30,$16.99,,209,,,,,2014-12-04
12248051,Basketball Cards 2014 Panini Prizm,Giannis Antetokounmpo [Black Prizm] #73,,,,,,,,,,,,,,,,,,,0,,,,,2014-12-04
12248438,Basketball Cards 2014 Panini Prizm,Giannis Antetokounmpo [Black Pulsar Prizm] #73,,,,,,,,,,,,,,,,,,,0,,,,,2014-12-04
136255,Basketball Cards 2014 Panini Prizm,Giannis Antetokounmpo [Blue Mojo Prizm] #73,$51.50,$50.50,,$57.99,$139.00,$141.65,$646.98,$85.00,$135.55,,,$22.80,$56.99,$22.40,$55.99,,,,8,,,,,2014-12-04
136256,Basketball Cards 2014 Panini Prizm,Giannis Antetokounmpo [Blue Prizm] #73,$55.00,,,$140.00,$496.00,$506.03,$658.00,$304.00,$304.00,,,$24.40,$60.99,,,,,,5,,,,,2014-12-04
136257,Basketball Cards 2014 Panini Prizm,Giannis Antetokounmpo [Blue Wave Prizm] #73,$68.47,,,$64.11,$172.00,$175.00,$228.00,$105.00,$105.00,,,$30.00,$74.99,,,,,,5,,,,,2014-12-04
136254,Basketball Cards 2014 Panini Prizm,Giannis Antetokounmpo [Blue and Green Prizm] #73,$22.73,,$19.59,$47.57,$72.59,$110.00,$143.00,$66.00,$66.00,,,$7.50,$24.99,,,$6.60,$21.99,,17,,,,,2014-12-04
136258,Basketball Cards 2014 Panini Prizm,Giannis Antetokounmpo [Gold Prizm] #73,$48.50,,,,,$14640.00,$19032.00,$8784.00,$8784.00,,,$21.20,$52.99,,,,,,2,,,,,2014-12-04
136259,Basketball Cards 2014 Panini Prizm,Giannis Antetokounmpo [Gold Pulsar Prizm] #73,,,$114.50,,$1763.01,$3000.00,$4002.65,$1800.00,$1800.00,,,,,,,$63.00,$126.00,,3,,,,,2014-12-04
136260,Basketball Cards 2014 Panini Prizm,Giannis Antetokounmpo [Green Prizm] #73,$100.24,$24.00,$30.00,$93.50,$174.25,$309.67,$922.34,$186.00,$186.00,,,$55.00,$110.00,$7.80,$25.99,$9.90,$32.99,,18,,,,,2014-12-04
136992,Basketball Cards 2014 Panini Prizm,Giannis Antetokounmpo [Light Blue Prizm] #73,,,,$206.77,$227.00,$571.98,$744.00,$343.00,$343.00,,,,,,,,,,3,,,,,2014-12-04
136261,Basketball Cards 2014 Panini Prizm,Giannis Antetokounmpo [Orange Die Cut Prizm] #73,$132.18,,,$155.03,$259.65,$425.22,$553.00,$255.00,$255.00,,,$72.50,$145.00,,,,,,7,,,,,2014-12-04
136262,Basketball Cards 2014 Panini Prizm,Giannis Antetokounmpo [Prizm] #73,$38.50,,$156.55,$172.00,$260.00,$303.86,$395.00,$182.00,$182.00,,,$16.80,$41.99,,,$86.00,$172.00,,20,,,,,2014-12-04
136263,Basketball Cards 2014 Panini Prizm,Giannis Antetokounmpo [Purple Die Cut Prizm] #73,$95.00,,,$105.79,$411.32,$424.67,$552.00,$255.00,$255.00,,,$52.50,$105.00,,,,,,5,,,,,2014-12-04
136264,Basketball Cards 2014 Panini Prizm,Giannis Antetokounmpo [Red Prizm] #73,$425.00,,,$420.27,$529.00,$540.28,$702.00,$324.00,$221.50,,,$234.00,$468.00,,,,,,6,,,,,2014-12-04
136265,Basketball Cards 2014 Panini Prizm,Giannis Antetokounmpo [Red Pulsar Prizm] #73,,,,,$1214.00,$1238.80,$1610.00,$743.00,$743.00,,,,,,,,,,2,,,,,2014-12-04
136266,Basketball Cards 2014 Panini Prizm,"Giannis Antetokounmpo [Red, White, and Blue Pulsar Prizm] #73",$29.99,,$35.28,$40.00,$75.00,$110.00,$143.00,$66.00,$66.00,,,$9.90,$32.99,,,$15.60,$38.99,,19,,,,,2014-12-04
136267,Basketball Cards 2014 Panini Prizm,Giannis Antetokounmpo [Yellow and Red Mosaic Prizm] #73,$30.00,,$83.06,$91.00,$100.00,$111.50,$145.00,$67.00,$31.00,,,$9.90,$32.99,,,$36.40,$90.99,,11,,,,,2014-12-04
190139,Basketball Cards 2014 Panini Prizm,Glen Rice #239,$1.56,,,$15.29,$17.00,,,,,,,,$1.69,,,,,,3,,,,,2014-12-04
12248156,Basketball Cards 2014 Panini Prizm,Glen Rice [Black Prizm] #239,,,,,,,,,,,,,,,,,,,0,,,,,2014-12-04
12248494,Basketball Cards 2014 Panini Prizm,Glen Rice [Black Pulsar Prizm] #239,,,,,,,,,,,,,,,,,,,0,,,,,2014-12-04
190615,Basketball Cards 2014 Panini Prizm,Glen Rice [Blue Mojo Prizm] #239,$2.80,,,,,,,,,,,,$3.09,,,,,,2,,,,,2014-12-04
190378,Basketball Cards 2014 Panini Prizm,Glen Rice [Blue Prizm] #239,$4.54,,,,,,,,,,,$1.00,$4.99,,,,,,1,,,,,2014-12-04
12249003,Basketball Cards 2014 Panini Prizm,Glen Rice [Blue Wave Prizm] #239,,,,,,,,,,,,,,,,,,,0,,,,,2014-12-04
12248645,Basketball Cards 2014 Panini Prizm,Glen Rice [Blue and Green Prizm] #239,$1.29,,,,,,,,,,,,$1.39,,,,,,1,,,,,2014-12-04
192370,Basketball Cards 2014 Panini Prizm,Glen Rice [Gold Prizm] #239,$1.50,,,,,,,,,,,,$1.69,,,,,,1,,,,,2014-12-04
12249211,Basketball Cards 2014 Panini Prizm,Glen Rice [Gold Pulsar Prizm] #239,,,,,,,,,,,,,,,,,,,0,,,,,2014-12-04
190845,Basketball Cards 2014 Panini Prizm,Glen Rice [Green Prizm] #239,$1.40,,,,,,,,,,,,$1.49,,,,,,1,,,,,2014-12-04
191608,Basketball Cards 2014 Panini Prizm,Glen Rice [Light Blue Prizm] #239,$13.99,,,,,,,,,,,$3.80,$14.99,,,,,,1,,,,,2014-12-04
12249498,Basketball Cards 2014 Panini Prizm,Glen Rice [Orange Die Cut Prizm] #239,$6.99,,,,,,,,,,,$1.50,$7.69,,,,,,1,,,,,2014-12-04
192618,Basketball Cards 2014 Panini Prizm,Glen Rice [Prizm] #239,$2.16,,,,,,,,,,,,$2.39,,,,,,1,,,,,2014-12-04
192116,Basketball Cards 2014 Panini Prizm,Glen Rice [Purple Die Cut Prizm] #239,$4.58,,,,,,,,,,,$1.00,$4.99,,,,,,2,,,,,2014-12-04
191095,Basketball Cards 2014 Panini Prizm,Glen Rice [Red Prizm] #239,$1.39,,,,,,,,,,,,$1.49,,,,,,2,,,,,2014-12-04
191860,Basketball Cards 2014 Panini Prizm,Glen Rice [Red Pulsar Prizm] #239,$25.00,,,,,,,,,,,$8.40,$27.99,,,,,,1,,,,,2014-12-04
191353,Basketball Cards 2014 Panini Prizm,"Glen Rice [Red, White, and Blue Pulsar Prizm] #239",$1.64,,,,,,,,,,,,$1.79,,,,,,1,,,,,2014-12-04
12249752,Basketball Cards 2014 Panini Prizm,Glen Rice [Yellow and Red Mosaic Prizm] #239,,,,,,,,,,,,,,,,,,,0,,,,,2014-12-04
136938,Basketball Cards 2014 Panini Prizm,Glenn Robinson III #283,$1.78,,,,$11.46,$35.35,$46.00,$21.00,$21.00,,,,$1.99,,,,,,6,,,,,2014-12-04
12248216,Basketball Cards 2014 Panini Prizm,Glenn Robinson III [Black Prizm] #283,,,,,,,,,,,,,,,,,,,0,,,,,2014-12-04
12248542,Basketball Cards 2014 Panini Prizm,Glenn Robinson III [Black Pulsar Prizm] #283,,,,,,,,,,,,,,,,,,,0,,,,,2014-12-04
190647,Basketball Cards 2014 Panini Prizm,Glenn Robinson III [Blue Mojo Prizm] #283,$1.34,,,,,,,,,,,,$1.49,,,,,,1,,,,,2014-12-04
190409,Basketball Cards 2014 Panini Prizm,Glenn Robinson III [Blue Prizm] #283,$3.04,,,,,,,,,,,,$3.29,,,,,,1,,,,,2014-12-04
12249039,Basketball Cards 2014 Panini Prizm,Glenn Robinson III [Blue Wave Prizm] #283,,,,,,,,,,,,,,,,,,,0,,,,,2014-12-04
12248723,Basketball Cards 2014 Panini Prizm,Glenn Robinson III [Blue and Green Prizm] #283,,,,,,,,,,,,,,,,,,,0,,,,,2014-12-04
192406,Basketball Cards 2014 Panini Prizm,Glenn Robinson III [Gold Prizm] #283,$45.00,,,,,,,,,,,$20.00,$49.99,,,,,,1,,,,,2014-12-04
12249271,Basketball Cards 2014 Panini Prizm,Glenn Robinson III [Gold Pulsar Prizm] #283,,,,,,,,,,,,,,,,,,,0,,,,,2014-12-04
190864,Basketball Cards 2014 Panini Prizm,Glenn Robinson III [Green Prizm] #283,$1.87,,,,,,,,,,,,$2.09,,,,,,2,,,,,2014-12-04
191637,Basketball Cards 2014 Panini Prizm,Glenn Robinson III [Light Blue Prizm] #283,$8.78,,,$13.81,$15.00,$37.00,$48.00,$22.00,$22.00,,,$1.90,$9.69,,,,,,3,,,,,2014-12-04
136939,Basketball Cards 2014 Panini Prizm,Glenn Robinson III [Orange Die Cut Prizm] #283,$3.00,,,,,,,,,,,,$3.29,,,,,,1,,,,,2014-12-04
136940,Basketball Cards 2014 Panini Prizm,Glenn Robinson III [Prizm] #283,$3.75,,,,$11.52,,,,,,,$0.80,$4.09,,,,,,2,,,,,2014-12-04
192149,Basketball Cards 2014 Panini Prizm,Glenn Robinson III [Purple Die Cut Prizm] #283,$3.41,,,,,,,,,,,$0.80,$3.79,,,,,,0,,,,,2014-12-04
191126,Basketball Cards 2014 Panini Prizm,Glenn Robinson III [Red Prizm] #283,$1.67,,,,,,,,,,,,$1.79,,,,,,1,,,,,2014-12-04
191892,Basketball Cards 2014 Panini Prizm,Glenn Robinson III [Red Pulsar Prizm] #283,,,,,,,,,,,,,,,,,,,0,,,,,2014-12-04
191380,Basketball Cards 2014 Panini Prizm,"Glenn Robinson III [Red, White, and Blue Pulsar Prizm] #283",$0.99,,,,,,,,,,,,$1.09,,,,,,1,,,,,2014-12-04
12249730,Basketball Cards 2014 Panini Prizm,Glenn Robinson III [Yellow and Red Mosaic Prizm] #283,,,,,,,,,,,,,,,,,,,0,,,,,2014-12-04
190035,Basketball Cards 2014 Panini Prizm,Goran Dragic #83,$1.55,,,,,,,,,,,,$1.69,,,,,,2,,,,,2014-12-04
12248067,Basketball Cards 2014 Panini Prizm,Goran Dragic [Black Prizm] #83,,,,,,,,,,,,,,,,,,,0,,,,,2014-12-04
12248459,Basketball Cards 2014 Panini Prizm,Goran Dragic [Black Pulsar Prizm] #83,,,,,,,,,,,,,,,,,,,0,,,,,2014-12-04
190500,Basketball Cards 2014 Panini Prizm,Goran Dragic [Blue Mojo Prizm] #83,$2.99,,,,,,,,,,,,$3.29,,,,,,0,,,,,2014-12-04
190242,Basketball Cards 2014 Panini Prizm,Goran Dragic [Blue Prizm] #83,$3.41,,,,,,,,,,,$0.80,$3.79,,,,,,1,,,,,2014-12-04
12248884,Basketball Cards 2014 Panini Prizm,Goran Dragic [Blue Wave Prizm] #83,,,,,,,,,,,,,,,,,,,0,,,,,2014-12-04
12248740,Basketball Cards 2014 Panini Prizm,Goran Dragic [Blue and Green Prizm] #83,,,,,,,,,,,,,,,,,,,0,,,,,2014-12-04
192235,Basketball Cards 2014 Panini Prizm,Goran Dragic [Gold Prizm] #83,$1.25,,,,$56.55,,,,,,,,$1.39,,,,,,2,,,,,2014-12-04
12249246,Basketball Cards 2014 Panini Prizm,Goran Dragic [Gold Pulsar Prizm] #83,,,,,,,,,,,,,,,,,,,0,,,,,2014-12-04
190733,Basketball Cards 2014 Panini Prizm,Goran Dragic [Green Prizm] #83,$2.46,,,,,,,,,,,,$2.69,,,,,,1,,,,,2014-12-04
191466,Basketball Cards 2014 Panini Prizm,Goran Dragic [Light Blue Prizm] #83,$7.14,,,,,,,,,,,$1.60,$7.89,,,,,,1,,,,,2014-12-04
12249421,Basketball Cards 2014 Panini Prizm,Goran Dragic [Orange Die Cut Prizm] #83,$2.99,,,,,,,,,,,,$3.29,,,,,,1,,,,,2014-12-04
192493,Basketball Cards 2014 Panini Prizm,Goran Dragic [Prizm] #83,$13.00,,,,,,,,,,,$3.50,$13.99,,,,,,1,,,,,2014-12-04
191977,Basketball Cards 2014 Panini Prizm,Goran Dragic [Purple Die Cut Prizm] #83,$4.08,,,,,,,,,,,$0.90,$4.49,,,,,,1,,,,,2014-12-04
190950,Basketball Cards 2014 Panini Prizm,Goran Dragic [Red Prizm] #83,$1.95,,,,,,,,,,,,$2.19,,,,,,1,,,,,2014-12-04
191728,Basketball Cards 2014 Panini Prizm,Goran Dragic [Red Pulsar Prizm] #83,$15.00,,,,,,,,,,,$4.30,$16.99,,,,,,1,,,,,2014-12-04
191215,Basketball Cards 2014 Panini Prizm,"Goran Dragic [Red, White, and Blue Pulsar Prizm] #83",$2.50,,,,,,,,,,,,$2.79,,,,,,1,,,,,2014-12-04
12249637,Basketball Cards 2014 Panini Prizm,Goran Dragic [Yellow and Red Mosaic Prizm] #83,,,,,,,,,,,,,,,,,,,0,,,,,2014-12-04
190042,Basketball Cards 2014 Panini Prizm,Gordon Hayward #93,$1.35,,,$4.04,$4.00,,,,,,,,$1.49,,,,,,2,,,,,2014-12-04
12248084,Basketball Cards 2014 Panini Prizm,Gordon Hayward [Black Prizm] #93,,,,,,,,,,,,,,,,,,,0,,,,,2014-12-04
12248481,Basketball Cards 2014 Panini Prizm,Gordon Hayward [Black Pulsar Prizm] #93,,,,,,,,,,,,,,,,,,,0,,,,,2014-12-04
190506,Basketball Cards 2014 Panini Prizm,Gordon Hayward [Blue Mojo Prizm] #93,$1.25,,,,,,,,,,,,$1.39,,,,,,1,,,,,2014-12-04
190249,Basketball Cards 2014 Panini Prizm,Gordon Hayward [Blue Prizm] #93,$4.80,,,,,,,,,,,$1.10,$5.29,,,,,,1,,,,,2014-12-04
12248899,Basketball Cards 2014 Panini Prizm,Gordon Hayward [Blue Wave Prizm] #93,,,,,,,,,,,,,,,,,,,0,,,,,2014-12-04
12248754,Basketball Cards 2014 Panini Prizm,Gordon Hayward [Blue and Green Prizm] #93,,,,,,,,,,,,,,,,,,,0,,,,,2014-12-04
192244,Basketball Cards 2014 Panini Prizm,Gordon Hayward [Gold Prizm] #93,$175.00,,,,,$150.00,$195.00,$90.00,$90.00,,,$96.50,$193.00,,,,,,2,,,,,2014-12-04
136315,Basketball Cards 2014 Panini Prizm,Gordon Hayward [Gold Pulsar Prizm] #93,$46.57,,,$47.69,$52.00,,,,,,,$20.40,$50.99,,,,,,2,,,,,2014-12-04
190740,Basketball Cards 2014 Panini Prizm,Gordon Hayward [Green Prizm] #93,$1.06,,,,,,,,,,,,$1.19,,,,,,1,,,,,2014-12-04
191473,Basketball Cards 2014 Panini Prizm,Gordon Hayward [Light Blue Prizm] #93,$9.40,,,,,,,,,,,$2.00,$9.99,,,,,,1,,,,,2014-12-04
12249437,Basketball Cards 2014 Panini Prizm,Gordon Hayward [Orange Die Cut Prizm] #93,,,,,,$28.00,$36.00,$17.00,$17.00,,,,,,,,,,1,,,,,2014-12-04
192499,Basketball Cards 2014 Panini Prizm,Gordon Hayward [Prizm] #93,$0.99,,,,,,,,,,,,$1.09,,,,,,1,,,,,2014-12-04
191983,Basketball Cards 2014 Panini Prizm,Gordon Hayward [Purple Die Cut Prizm] #93,$4.99,,,,,,,,,,,$1.10,$5.49,,,,,,2,,,,,2014-12-04
190958,Basketball Cards 2014 Panini Prizm,Gordon Hayward [Red Prizm] #93,$1.99,,,,,,,,,,,,$2.19,,,,,,1,,,,,2014-12-04
191735,Basketball Cards 2014 Panini Prizm,Gordon Hayward [Red Pulsar Prizm] #93,,,,,,,,,,,,,,,,,,,0,,,,,2014-12-04
191222,Basketball Cards 2014 Panini Prizm,"Gordon Hayward [Red, White, and Blue Pulsar Prizm] #93",$1.52,,,,,,,,,,,,$1.69,,,,,,1,,,,,2014-12-04
12249652,Basketball Cards 2014 Panini Prizm,Gordon Hayward [Yellow and Red Mosaic Prizm] #93,$1.75,,$6.44,$11.86,$22.45,$33.13,$43.00,$20.00,$20.00,,,,$1.89,,,$1.40,$7.09,,8,,,,,2014-12-04
190144,Basketball Cards 2014 Panini Prizm,Grant Hill #248,$2.53,,,$24.99,$27.00,,,,,,,,$2.79,,,,,,6,,,,,2014-12-04
12248168,Basketball Cards 2014 Panini Prizm,Grant Hill [Black Prizm] #248,,,,,,,,,,,,,,,,,,,0,,,,,2014-12-04
12248506,Basketball Cards 2014 Panini Prizm,Grant Hill [Black Pulsar Prizm] #248,,,,,,,,,,,,,,,,,,,0,,,,,2014-12-04
190624,Basketball Cards 2014 Panini Prizm,Grant Hill [Blue Mojo Prizm] #248,$3.19,,,,,$29.99,$39.00,$18.00,$18.00,,,,$3.49,,,,,,3,,,,,2014-12-04
190386,Basketball Cards 2014 Panini Prizm,Grant Hill [Blue Prizm] #248,$18.00,,,,,$15.50,$20.00,$9.00,$9.00,,,$5.00,$19.99,,,,,,3,,,,,2014-12-04
12249013,Basketball Cards 2014 Panini Prizm,Grant Hill [Blue Wave Prizm] #248,,,,,,,,,,,,,,,,,,,0,,,,,2014-12-04
136730,Basketball Cards 2014 Panini Prizm,Grant Hill [Blue and Green Prizm] #248,$2.90,,,,,,,,,,,,$3.19,,,,,,2,,,,,2014-12-04
192379,Basketball Cards 2014 Panini Prizm,Grant Hill [Gold Prizm] #248,$308.86,,,,,$434.39,$565.00,$261.00,$261.00,,,$170.00,$340.00,,,,,,2,,,,,2014-12-04
12249226,Basketball Cards 2014 Panini Prizm,Grant Hill [Gold Pulsar Prizm] #248,,,,,,,,,,,,,,,,,,,0,,,,,2014-12-04
190850,Basketball Cards 2014 Panini Prizm,Grant Hill [Green Prizm] #248,$4.57,,,$22.10,$24.00,,,,,,,$1.00,$4.99,,,,,,2,,,,,2014-12-04
136731,Basketball Cards 2014 Panini Prizm,Grant Hill [Light Blue Prizm] #248,$32.48,,,,,,,,,,,$14.40,$35.99,,,,,,1,,,,,2014-12-04
12249518,Basketball Cards 2014 Panini Prizm,Grant Hill [Orange Die Cut Prizm] #248,,,,,,,,,,,,,,,,,,,0,,,,,2014-12-04
192625,Basketball Cards 2014 Panini Prizm,Grant Hill [Prizm] #248,$4.50,,,,,,,,,,,$1.00,$4.99,,,,,,2,,,,,2014-12-04
192124,Basketball Cards 2014 Panini Prizm,Grant Hill [Purple Die Cut Prizm] #248,$11.67,,,$16.65,$18.00,,,,,,,$3.30,$12.99,,,,,,3,,,,,2014-12-04
191103,Basketball Cards 2014 Panini Prizm,Grant Hill [Red Prizm] #248,$1.79,,,$17.00,$19.00,,,,,,,,$1.99,,,,,,4,,,,,2014-12-04
136732,Basketball Cards 2014 Panini Prizm,Grant Hill [Red Pulsar Prizm] #248,,,,,,,,,,,,,,,,,,,0,,,,,2014-12-04
191362,Basketball Cards 2014 Panini Prizm,"Grant Hill [Red, White, and Blue Pulsar Prizm] #248",$1.81,,,,,,,,,,,,$1.99,,,,,,2,,,,,2014-12-04
12249761,Basketball Cards 2014 Panini Prizm,Grant Hill [Yellow and Red Mosaic Prizm] #248,,,,,,,,,,,,,,,,,,,0,,,,,2014-12-04
190049,Basketball Cards 2014 Panini Prizm,Greg Monroe #103,$3.75,,,,,,,,,,,$0.80,$4.09,,,,,,1,,,,,2014-12-04
12248011,Basketball Cards 2014 Panini Prizm,Greg Monroe [Black Prizm] #103,,,,,,,,,,,,,,,,,,,0,,,,,2014-12-04
12248262,Basketball Cards 2014 Panini Prizm,Greg Monroe [Black Pulsar Prizm] #103,,,,,,,,,,,,,,,,,,,0,,,,,2014-12-04
190512,Basketball Cards 2014 Panini Prizm,Greg Monroe [Blue Mojo Prizm] #103,$3.56,,,,,,,,,,,$0.80,$3.89,,,,,,1,,,,,2014-12-04
190259,Basketball Cards 2014 Panini Prizm,Greg Monroe [Blue Prizm] #103,$1.00,,,,,,,,,,,,$1.09,,,,,,1,,,,,2014-12-04
12248916,Basketball Cards 2014 Panini Prizm,Greg Monroe [Blue Wave Prizm] #103,,,,,,,,,,,,,,,,,,,0,,,,,2014-12-04
12248760,Basketball Cards 2014 Panini Prizm,Greg Monroe [Blue and Green Prizm] #103,,,,,,,,,,,,,,,,,,,0,,,,,2014-12-04
192253,Basketball Cards 2014 Panini Prizm,Greg Monroe [Gold Prizm] #103,$52.01,,,,,$65.00,$85.00,$39.00,$39.00,,,$22.80,$56.99,,,,,,2,,,,,2014-12-04
12249295,Basketball Cards 2014 Panini Prizm,Greg Monroe [Gold Pulsar Prizm] #103,,,,,,,,,,,,,,,,,,,0,,,,,2014-12-04
190748,Basketball Cards 2014 Panini Prizm,Greg Monroe [Green Prizm] #103,$1.69,,,,,,,,,,,,$1.89,,,,,,1,,,,,2014-12-04
191483,Basketball Cards 2014 Panini Prizm,Greg Monroe [Light Blue Prizm] #103,$1.92,,,,,,,,,,,,$2.09,,,,,,1,,,,,2014-12-04
12249453,Basketball Cards 2014 Panini Prizm,Greg Monroe [Orange Die Cut Prizm] #103,,,,,,,,,,,,,,,,,,,0,,,,,2014-12-04
192506,Basketball Cards 2014 Panini Prizm,Greg Monroe [Prizm] #103,$0.25,,,,,,,,,,,,$0.99,,,,,,0,,,,,2014-12-04
191990,Basketball Cards 2014 Panini Prizm,Greg Monroe [Purple Die Cut Prizm] #103,$2.54,,,,,,,,,,,,$2.79,,,,,,1,,,,,2014-12-04
190967,Basketball Cards 2014 Panini Prizm,Greg Monroe [Red Prizm] #103,$1.25,,,,,,,,,,,,$1.39,,,,,,1,,,,,2014-12-04
191743,Basketball Cards 2014 Panini Prizm,Greg Monroe [Red Pulsar Prizm] #103,$7.72,,,,,,,,,,,$1.70,$8.49,,,,,,0,,,,,2014-12-04
191231,Basketball Cards 2014 Panini Prizm,"Greg Monroe [Red, White, and Blue Pulsar Prizm] #103",$1.34,,,,,,,,,,,,$1.49,,,,,,1,,,,,2014-12-04
12249665,Basketball Cards 2014 Panini Prizm,Greg Monroe [Yellow and Red Mosaic Prizm] #103,,,,,,,,,,,,,,,,,,,0,,,,,2014-12-04
136482,Basketball Cards 2014 Panini Prizm,Hakeem Olajuwon #153,$1.55,$2.75,$6.27,$11.99,$13.00,$22.62,$29.00,$14.00,$14.00,,,,$1.69,,$2.99,$1.40,$6.89,,10,,,,,2014-12-04
12248124,Basketball Cards 2014 Panini Prizm,Hakeem Olajuwon [Black Prizm] #153,,,,,,,,,,,,,,,,,,,0,,,,,2014-12-04
12248312,Basketball Cards 2014 Panini Prizm,Hakeem Olajuwon [Black Pulsar Prizm] #153,,,,,,,,,,,,,,,,,,,0,,,,,2014-12-04
190549,Basketball Cards 2014 Panini Prizm,Hakeem Olajuwon [Blue Mojo Prizm] #153,$7.68,,$27.42,$37.00,$41.00,,,,,,,$1.70,$8.49,,,$9.00,$29.99,,14,,,,,2014-12-04
190303,Basketball Cards 2014 Panini Prizm,Hakeem Olajuwon [Blue Prizm] #153,$14.25,,,,,$129.99,$169.00,$78.00,$78.00,,,$4.00,$15.99,,,,,,3,,,,,2014-12-04
12248917,Basketball Cards 2014 Panini Prizm,Hakeem Olajuwon [Blue Wave Prizm] #153,,,,,,,,,,,,,,,,,,,0,,,,,2014-12-04
136484,Basketball Cards 2014 Panini Prizm,Hakeem Olajuwon [Blue and Green Prizm] #153,$4.00,,,,,$145.02,$189.00,$87.00,$7.50,,,$0.90,$4.39,,,,,,4,,,,,2014-12-04
136483,Basketball Cards 2014 Panini Prizm,Hakeem Olajuwon [Gold Prizm] #153,$202.50,,,,,$400.46,$521.00,$240.00,$240.00,,,$111.50,$223.00,,,,,,2,,,,,2014-12-04
12249085,Basketball Cards 2014 Panini Prizm,Hakeem Olajuwon [Gold Pulsar Prizm] #153,,,,,,,,,,,,,,,,,,,0,,,,,2014-12-04
136485,Basketball Cards 2014 Panini Prizm,Hakeem Olajuwon [Green Prizm] #153,$4.92,,,$11.50,$13.00,$67.00,$87.00,$40.00,$17.50,,,$1.10,$5.39,,,,,,5,,,,,2014-12-04
191528,Basketball Cards 2014 Panini Prizm,Hakeem Olajuwon [Light Blue Prizm] #153,$100.00,,,,,,,,,,,$55.00,$110.00,,,,,,1,,,,,2014-12-04
136486,Basketball Cards 2014 Panini Prizm,Hakeem Olajuwon [Orange Die Cut Prizm] #153,$16.49,,,$27.26,$30.00,,,,,,,$4.50,$17.99,,,,,,2,,,,,2014-12-04
192547,Basketball Cards 2014 Panini Prizm,Hakeem Olajuwon [Prizm] #153,$8.01,,,$9.99,$11.00,$180.00,$234.00,$108.00,$108.00,,,$1.80,$8.79,,,,,,4,,,,,2014-12-04
192034,Basketball Cards 2014 Panini Prizm,Hakeem Olajuwon [Purple Die Cut Prizm] #153,$9.19,,,$18.19,$20.00,$46.00,$60.00,$28.00,$28.00,,,$2.00,$9.99,,,,,,3,,,,,2014-12-04
191012,Basketball Cards 2014 Panini Prizm,Hakeem Olajuwon [Red Prizm] #153,$49.90,,,$19.00,$21.00,,,,,,,$22.00,$54.99,,,,,,2,,,,,2014-12-04
191785,Basketball Cards 2014 Panini Prizm,Hakeem Olajuwon [Red Pulsar Prizm] #153,$47.00,,,,,,,,,,,$20.80,$51.99,,,,,,1,,,,,2014-12-04
191274,Basketball Cards 2014 Panini Prizm,"Hakeem Olajuwon [Red, White, and Blue Pulsar Prizm] #153",$8.00,,,$17.50,$19.00,$26.00,$34.00,$16.00,$16.00,,,$1.80,$8.79,,,,,,5,,,,,2014-12-04
136487,Basketball Cards 2014 Panini Prizm,Hakeem Olajuwon [Yellow and Red Mosaic Prizm] #153,$4.52,,,,,$40.00,$52.00,$24.00,$24.00,,,$1.00,$4.99,,,,,,5,,,,,2014-12-04
190057,Basketball Cards 2014 Panini Prizm,Harrison Barnes #113,$1.69,,,,,,,,,,,,$1.89,,,,,,2,,,,,2014-12-04
12248031,Basketball Cards 2014 Panini Prizm,Harrison Barnes [Black Prizm] #113,,,,,,,,,,,,,,,,,,,0,,,,,2014-12-04
12248272,Basketball Cards 2014 Panini Prizm,Harrison Barnes [Black Pulsar Prizm] #113,,,,,,,,,,,,,,,,,,,0,,,,,2014-12-04
190519,Basketball Cards 2014 Panini Prizm,Harrison Barnes [Blue Mojo Prizm] #113,$3.38,,,,,,,,,,,,$3.69,,,,,,1,,,,,2014-12-04
190268,Basketball Cards 2014 Panini Prizm,Harrison Barnes [Blue Prizm] #113,$7.03,,,,,,,,,,,$1.50,$7.69,,,,,,2,,,,,2014-12-04
12248842,Basketball Cards 2014 Panini Prizm,Harrison Barnes [Blue Wave Prizm] #113,,,,,,,,,,,,,,,,,,,0,,,,,2014-12-04
12248766,Basketball Cards 2014 Panini Prizm,Harrison Barnes [Blue and Green Prizm] #113,,,,,,,,,,,,,,,,,,,0,,,,,2014-12-04
192261,Basketball Cards 2014 Panini Prizm,Harrison Barnes [Gold Prizm] #113,$79.99,,,,,$214.49,$279.00,$129.00,$129.00,,,$35.20,$87.99,,,,,,3,,,,,2014-12-04
12249303,Basketball Cards 2014 Panini Prizm,Harrison Barnes [Gold Pulsar Prizm] #113,,,,,,,,,,,,,,,,,,,0,,,,,2014-12-04
190755,Basketball Cards 2014 Panini Prizm,Harrison Barnes [Green Prizm] #113,$1.06,,,,,,,,,,,,$1.19,,,,,,1,,,,,2014-12-04
191492,Basketball Cards 2014 Panini Prizm,Harrison Barnes [Light Blue Prizm] #113,$6.75,,,$19.99,$22.00,,,,,,,$1.50,$7.39,,,,,,2,,,,,2014-12-04
12249474,Basketball Cards 2014 Panini Prizm,Harrison Barnes [Orange Die Cut Prizm] #113,,,,,,,,,,,,,,,,,,,0,,,,,2014-12-04
192515,Basketball Cards 2014 Panini Prizm,Harrison Barnes [Prizm] #113,$1.00,,,,,,,,,,,,$1.09,,,,,,1,,,,,2014-12-04
191999,Basketball Cards 2014 Panini Prizm,Harrison Barnes [Purple Die Cut Prizm] #113,$5.55,,,,,,,,,,,$1.20,$6.09,,,,,,2,,,,,2014-12-04
190975,Basketball Cards 2014 Panini Prizm,Harrison Barnes [Red Prizm] #113,$7.44,,,,,,,,,,,$1.60,$8.19,,,,,,1,,,,,2014-12-04
191751,Basketball Cards 2014 Panini Prizm,Harrison Barnes [Red Pulsar Prizm] #113,$13.90,,,$12.50,$14.00,,,,,,,$3.80,$14.99,,,,,,2,,,,,2014-12-04
191240,Basketball Cards 2014 Panini Prizm,"Harrison Barnes [Red, White, and Blue Pulsar Prizm] #113",$0.99,,,,,,,,,,,,$1.09,,,,,,1,,,,,2014-12-04
136369,Basketball Cards 2014 Panini Prizm,Harrison Barnes [Yellow and Red Mosaic Prizm] #113,$0.99,,,,,,,,,,,,$1.09,,,,,,1,,,,,2014-12-04
156432,Basketball Cards 2014 Panini Prizm,Hobby Box,$796.20,,,,,,,,,,,$525.60,$876.00,,,,,,9,,,,,2014-12-04
136401,Basketball Cards 2014 Panini Prizm,Isaiah Thomas #123,$1.24,,,,,,,,,,,,$1.39,,,,,,3,,,,,2014-12-04
12248055,Basketball Cards 2014 Panini Prizm,Isaiah Thomas [Black Prizm] #123,,,,,,,,,,,,,,,,,,,0,,,,,2014-12-04
12248282,Basketball Cards 2014 Panini Prizm,Isaiah Thomas [Black Pulsar Prizm] #123,,,,,,,,,,,,,,,,,,,0,,,,,2014-12-04
190526,Basketball Cards 2014 Panini Prizm,Isaiah Thomas [Blue Mojo Prizm] #123,$2.25,,,,,,,,,,,,$2.49,,,,,,1,,,,,2014-12-04
136402,Basketball Cards 2014 Panini Prizm,Isaiah Thomas [Blue Prizm] #123,$5.00,,,,,,,,,,,$1.10,$5.49,,,,,,2,,,,,2014-12-04
12248859,Basketball Cards 2014 Panini Prizm,Isaiah Thomas [Blue Wave Prizm] #123,,,,,,,,,,,,,,,,,,,0,,,,,2014-12-04
12248775,Basketball Cards 2014 Panini Prizm,Isaiah Thomas [Blue and Green Prizm] #123,,,,,,,,,,,,,,,,,,,0,,,,,2014-12-04
192270,Basketball Cards 2014 Panini Prizm,Isaiah Thomas [Gold Prizm] #123,,,,$69.55,$77.00,,,,,,,,,,,,,,1,,,,,2014-12-04
12249061,Basketball Cards 2014 Panini Prizm,Isaiah Thomas [Gold Pulsar Prizm] #123,,,,,,,,,,,,,,,,,,,0,,,,,2014-12-04
190763,Basketball Cards 2014 Panini Prizm,Isaiah Thomas [Green Prizm] #123,$1.81,,,,,,,,,,,,$1.99,,,,,,2,,,,,2014-12-04
191501,Basketball Cards 2014 Panini Prizm,Isaiah Thomas [Light Blue Prizm] #123,$5.50,,,,,,,,,,,$1.20,$6.09,,,,,,1,,,,,2014-12-04
136403,Basketball Cards 2014 Panini Prizm,Isaiah Thomas [Orange Die Cut Prizm] #123,$4.55,,,,,$22.50,$29.00,$14.00,$14.00,,,$1.00,$4.99,,,,,,2,,,,,2014-12-04
192523,Basketball Cards 2014 Panini Prizm,Isaiah Thomas [Prizm] #123,$1.75,,,,,$13.50,$18.00,$8.00,$8.00,,,,$1.89,,,,,,2,,,,,2014-12-04
192007,Basketball Cards 2014 Panini Prizm,Isaiah Thomas [Purple Die Cut Prizm] #123,$3.49,,,,,,,,,,,$0.80,$3.79,,,,,,2,,,,,2014-12-04
190985,Basketball Cards 2014 Panini Prizm,Isaiah Thomas [Red Prizm] #123,$1.49,,,,,,,,,,,,$1.59,,,,,,2,,,,,2014-12-04
136404,Basketball Cards 2014 Panini Prizm,Isaiah Thomas [Red Pulsar Prizm] #123,$2.79,,,,,,,,,,,,$3.09,,,,,,1,,,,,2014-12-04
191248,Basketball Cards 2014 Panini Prizm,"Isaiah Thomas [Red, White, and Blue Pulsar Prizm] #123",$2.12,,,,,,,,,,,,$2.29,,,,,,1,,,,,2014-12-04
12249690,Basketball Cards 2014 Panini Prizm,Isaiah Thomas [Yellow and Red Mosaic Prizm] #123,,,,,,,,,,,,,,,,,,,0,,,,,2014-12-04
136509,Basketball Cards 2014 Panini Prizm,Isiah Thomas #162,$1.25,,,,,$19.99,$26.00,$12.00,$12.00,,,,$1.39,,,,,,5,,,,,2014-12-04
12248148,Basketball Cards 2014 Panini Prizm,Isiah Thomas [Black Prizm] #162,,,,,,,,,,,,,,,,,,,0,,,,,2014-12-04
12248330,Basketball Cards 2014 Panini Prizm,Isiah Thomas [Black Pulsar Prizm] #162,,,,,,,,,,,,,,,,,,,0,,,,,2014-12-04
136511,Basketball Cards 2014 Panini Prizm,Isiah Thomas [Blue Mojo Prizm] #162,$3.67,,,,,,,,,,,$0.80,$3.99,,,,,,4,,,,,2014-12-04
136512,Basketball Cards 2014 Panini Prizm,Isiah Thomas [Blue Prizm] #162,$5.90,,,,,,,,,,,$1.30,$6.49,,,,,,1,,,,,2014-12-04
12248931,Basketball Cards 2014 Panini Prizm,Isiah Thomas [Blue Wave Prizm] #162,,,,,,,,,,,,,,,,,,,0,,,,,2014-12-04
136510,Basketball Cards 2014 Panini Prizm,Isiah Thomas [Blue and Green Prizm] #162,$2.55,,,,,,,,,,,,$2.79,,,,,,3,,,,,2014-12-04
192304,Basketball Cards 2014 Panini Prizm,Isiah Thomas [Gold Prizm] #162,$6.00,,,,,$150.00,$195.00,$90.00,$90.00,,,$1.30,$6.59,,,,,,2,,,,,2014-12-04
12249093,Basketball Cards 2014 Panini Prizm,Isiah Thomas [Gold Pulsar Prizm] #162,,,,,,,,,,,,,,,,,,,0,,,,,2014-12-04
190794,Basketball Cards 2014 Panini Prizm,Isiah Thomas [Green Prizm] #162,$2.34,,,,,,,,,,,,$2.59,,,,,,2,,,,,2014-12-04
191536,Basketball Cards 2014 Panini Prizm,Isiah Thomas [Light Blue Prizm] #162,$26.99,,,$40.00,$44.00,,,,,,,$9.00,$29.99,,,,,,2,,,,,2014-12-04
12249415,Basketball Cards 2014 Panini Prizm,Isiah Thomas [Orange Die Cut Prizm] #162,,,,,,,,,,,,,,,,,,,0,,,,,2014-12-04
192554,Basketball Cards 2014 Panini Prizm,Isiah Thomas [Prizm] #162,$6.00,,,,,,,,,,,$1.30,$6.59,,,,,,2,,,,,2014-12-04
192043,Basketball Cards 2014 Panini Prizm,Isiah Thomas [Purple Die Cut Prizm] #162,$3.63,,,,,,,,,,,$0.80,$3.99,,,,,,2,,,,,2014-12-04
191021,Basketball Cards 2014 Panini Prizm,Isiah Thomas [Red Prizm] #162,$1.02,,,,,$79.99,$104.00,$48.00,$48.00,,,,$1.09,,,,,,3,,,,,2014-12-04
191793,Basketball Cards 2014 Panini Prizm,Isiah Thomas [Red Pulsar Prizm] #162,$36.99,,,$50.00,$55.00,,,,,,,$16.40,$40.99,,,,,,2,,,,,2014-12-04
191281,Basketball Cards 2014 Panini Prizm,"Isiah Thomas [Red, White, and Blue Pulsar Prizm] #162",$3.37,,,,$15.00,,,,,,,,$3.69,,,,,,4,,,,,2014-12-04
12249664,Basketball Cards 2014 Panini Prizm,Isiah Thomas [Yellow and Red Mosaic Prizm] #162,,,,,,,,,,,,,,,,,,,0,,,,,2014-12-04
190072,Basketball Cards 2014 Panini Prizm,J.J. Redick #133,$1.74,,,,,$75.00,$98.00,$45.00,$45.00,,,,$1.89,,,,,,3,,,,,2014-12-04
12248078,Basketball Cards 2014 Panini Prizm,J.J. Redick [Black Prizm] #133,,,,,,,,,,,,,,,,,,,0,,,,,2014-12-04
12248292,Basketball Cards 2014 Panini Prizm,J.J. Redick [Black Pulsar Prizm] #133,,,,,,,,,,,,,,,,,,,0,,,,,2014-12-04
136433,Basketball Cards 2014 Panini Prizm,J.J. Redick [Blue Mojo Prizm] #133,$4.06,,,,,,,,,,,$0.90,$4.49,,,,,,1,,,,,2014-12-04
190286,Basketball Cards 2014 Panini Prizm,J.J. Redick [Blue Prizm] #133,$8.69,,,,,$21.55,$28.00,$13.00,$13.00,,,$1.90,$9.59,,,,,,2,,,,,2014-12-04
12248879,Basketball Cards 2014 Panini Prizm,J.J. Redick [Blue Wave Prizm] #133,,,,,,,,,,,,,,,,,,,0,,,,,2014-12-04
12248561,Basketball Cards 2014 Panini Prizm,J.J. Redick [Blue and Green Prizm] #133,$1.25,,,,,,,,,,,,$1.39,,,,,,1,,,,,2014-12-04
192278,Basketball Cards 2014 Panini Prizm,J.J. Redick [Gold Prizm] #133,$74.01,,,,,$348.12,$453.00,$209.00,$209.00,,,$32.40,$80.99,,,,,,2,,,,,2014-12-04
12249068,Basketball Cards 2014 Panini Prizm,J.J. Redick [Gold Pulsar Prizm] #133,,,,,,,,,,,,,,,,,,,0,,,,,2014-12-04
190771,Basketball Cards 2014 Panini Prizm,J.J. Redick [Green Prizm] #133,$1.99,,,,,,,,,,,,$2.19,,,,,,2,,,,,2014-12-04
191510,Basketball Cards 2014 Panini Prizm,J.J. Redick [Light Blue Prizm] #133,$4.25,,,,,,,,,,,$0.90,$4.69,,,,,,1,,,,,2014-12-04
12249369,Basketball Cards 2014 Panini Prizm,J.J. Redick [Orange Die Cut Prizm] #133,$4.99,,,,,,,,,,,$1.10,$5.49,,,,,,1,,,,,2014-12-04
192531,Basketball Cards 2014 Panini Prizm,J.J. Redick [Prizm] #133,$5.64,,,$33.24,$37.00,,,,,,,$1.20,$6.19,,,,,,2,,,,,2014-12-04
192016,Basketball Cards 2014 Panini Prizm,J.J. Redick [Purple Die Cut Prizm] #133,$2.84,,,,,,,,,,,,$3.09,,,,,,2,,,,,2014-12-04
190994,Basketball Cards 2014 Panini Prizm,J.J. Redick [Red Prizm] #133,$9.52,,,,,,,,,,,$2.00,$9.99,,,,,,1,,,,,2014-12-04
191769,Basketball Cards 2014 Panini Prizm,J.J. Redick [Red Pulsar Prizm] #133,$10.46,,,,,,,,,,,$3.00,$11.99,,,,,,1,,,,,2014-12-04
191257,Basketball Cards 2014 Panini Prizm,"J.J. Redick [Red, White, and Blue Pulsar Prizm] #133",$1.95,,,,,,,,,,,,$2.19,,,,,,1,,,,,2014-12-04
136434,Basketball Cards 2014 Panini Prizm,J.J. Redick [Yellow and Red Mosaic Prizm] #133,$1.60,,,,,,,,,,,,$1.79,,,,,,1,,,,,2014-12-04
190079,Basketball Cards 2014 Panini Prizm,J.R. Smith #143,$1.21,,,,,$800.00,$1040.00,$480.00,$480.00,,,,$1.29,,,,,,3,,,,,2014-12-04
12248102,Basketball Cards 2014 Panini Prizm,J.R. Smith [Black Prizm] #143,,,,,,,,,,,,,,,,,,,0,,,,,2014-12-04
12248301,Basketball Cards 2014 Panini Prizm,J.R. Smith [Black Pulsar Prizm] #143,,,,,,,,,,,,,,,,,,,0,,,,,2014-12-04
190540,Basketball Cards 2014 Panini Prizm,J.R. Smith [Blue Mojo Prizm] #143,$6.44,,,,,,,,,,,$1.40,$7.09,,,,,,2,,,,,2014-12-04
190293,Basketball Cards 2014 Panini Prizm,J.R. Smith [Blue Prizm] #143,$1.58,,,,,,,,,,,,$1.69,,,,,,1,,,,,2014-12-04
12248896,Basketball Cards 2014 Panini Prizm,J.R. Smith [Blue Wave Prizm] #143,,,,,,$79.99,$104.00,$48.00,$48.00,,,,,,,,,,1,,,,,2014-12-04
12248569,Basketball Cards 2014 Panini Prizm,J.R. Smith [Blue and Green Prizm] #143,$2.99,,,,,,,,,,,,$3.29,,,,,,1,,,,,2014-12-04
136473,Basketball Cards 2014 Panini Prizm,J.R. Smith [Gold Prizm] #143,$108.23,,,$220.00,$242.00,$250.00,$325.00,$150.00,$150.00,,,$59.50,$119.00,,,,,,3,,,,,2014-12-04
12249076,Basketball Cards 2014 Panini Prizm,J.R. Smith [Gold Pulsar Prizm] #143,,,,,,,,,,,,,,,,,,,0,,,,,2014-12-04
190777,Basketball Cards 2014 Panini Prizm,J.R. Smith [Green Prizm] #143,$2.27,,,,,,,,,,,,$2.49,,,,,,1,,,,,2014-12-04
191518,Basketball Cards 2014 Panini Prizm,J.R. Smith [Light Blue Prizm] #143,$4.24,,,,,$99.99,$130.00,$60.00,$60.00,,,$0.90,$4.69,,,,,,2,,,,,2014-12-04
12249383,Basketball Cards 2014 Panini Prizm,J.R. Smith [Orange Die Cut Prizm] #143,$14.99,,,,,,,,,,,$4.00,$15.99,,,,,,1,,,,,2014-12-04
192538,Basketball Cards 2014 Panini Prizm,J.R. Smith [Prizm] #143,$4.99,,,$26.00,$29.00,,,,,,,$1.10,$5.49,,,,,,2,,,,,2014-12-04
192024,Basketball Cards 2014 Panini Prizm,J.R. Smith [Purple Die Cut Prizm] #143,$4.90,,,,,,,,,,,$1.10,$5.39,,,,,,2,,,,,2014-12-04
191003,Basketball Cards 2014 Panini Prizm,J.R. Smith [Red Prizm] #143,$1.12,,,,,,,,,,,,$1.19,,,,,,3,,,,,2014-12-04
191777,Basketball Cards 2014 Panini Prizm,J.R. Smith [Red Pulsar Prizm] #143,,,,$26.70,$29.00,,,,,,,,,,,,,,1,,,,,2014-12-04
191264,Basketball Cards 2014 Panini Prizm,"J.R. Smith [Red, White, and Blue Pulsar Prizm] #143",$6.00,,,,,,,,,,,$1.30,$6.59,,,,,,1,,,,,2014-12-04
12249634,Basketball Cards 2014 Panini Prizm,J.R. Smith [Yellow and Red Mosaic Prizm] #143,$1.99,,,,,,,,,,,,$2.19,,,,,,1,,,,,2014-12-04
12248021,Basketball Cards 2014 Panini Prizm,JaVale McGee [Black Prizm] #55,,,,,,,,,,,,,,,,,,,0,,,,,2014-12-04
12248414,Basketball Cards 2014 Panini Prizm,JaVale McGee [Black Pulsar Prizm] #55,,,,,,,,,,,,,,,,,,,0,,,,,2014-12-04
190474,Basketball Cards 2014 Panini Prizm,JaVale McGee [Blue Mojo Prizm] #55,$1.92,,,,,,,,,,,,$2.09,,,,,,1,,,,,2014-12-04
190217,Basketball Cards 2014 Panini Prizm,JaVale McGee [Blue Prizm] #55,$1.99,,,,,,,,,,,,$2.19,,,,,,2,,,,,2014-12-04
12248834,Basketball Cards 2014 Panini Prizm,JaVale McGee [Blue Wave Prizm] #55,,,,,,,,,,,,,,,,,,,0,,,,,2014-12-04
12248698,Basketball Cards 2014 Panini Prizm,JaVale McGee [Blue and Green Prizm] #55,,,,,,,,,,,,,,,,,,,0,,,,,2014-12-04
12249197,Basketball Cards 2014 Panini Prizm,JaVale McGee [Gold Pulsar Prizm] #55,,,,,,,,,,,,,,,,,,,0,,,,,2014-12-04
190708,Basketball Cards 2014 Panini Prizm,JaVale McGee [Green Prizm] #55,$1.42,,,,,,,,,,,,$1.59,,,,,,2,,,,,2014-12-04
191441,Basketball Cards 2014 Panini Prizm,JaVale McGee [Light Blue Prizm] #55,$9.06,,,,,,,,,,,$2.00,$9.99,,,,,,2,,,,,2014-12-04
12249362,Basketball Cards 2014 Panini Prizm,JaVale McGee [Orange Die Cut Prizm] #55,,,,,,,,,,,,,,,,,,,0,,,,,2014-12-04
192469,Basketball Cards 2014 Panini Prizm,JaVale McGee [Prizm] #55,$0.80,,,,,,,,,,,,$0.99,,,,,,1,,,,,2014-12-04
191952,Basketball Cards 2014 Panini Prizm,JaVale McGee [Purple Die Cut Prizm] #55,$3.58,,,,,,,,,,,$0.80,$3.89,,,,,,2,,,,,2014-12-04
190926,Basketball Cards 2014 Panini Prizm,JaVale McGee [Red Prizm] #55,$2.00,,,,,,,,,,,,$2.19,,,,,,1,,,,,2014-12-04
191701,Basketball Cards 2014 Panini Prizm,JaVale McGee [Red Pulsar Prizm] #55,,,,,,,,,,,,,,,,,,,0,,,,,2014-12-04
191189,Basketball Cards 2014 Panini Prizm,"JaVale McGee [Red, White, and Blue Pulsar Prizm] #55",$1.74,,,,,,,,,,,,$1.89,,,,,,1,,,,,2014-12-04
12249602,Basketball Cards 2014 Panini Prizm,JaVale McGee [Yellow and Red Mosaic Prizm] #55,,,,,,,,,,,,,,,,,,,0,,,,,2014-12-04
136751,Basketball Cards 2014 Panini Prizm,Jabari Parker #252,$1.42,$2.25,$6.17,$7.44,$8.00,$8.25,$7.50,$5.00,$5.00,,,,$1.59,,$2.49,$1.40,$6.79,,14,,,,,2014-12-04
136752,Basketball Cards 2014 Panini Prizm,Jabari Parker [Black Prizm] #252,,,,,,,,,,,,,,,,,,,0,,,,,2014-12-04
12248510,Basketball Cards 2014 Panini Prizm,Jabari Parker [Black Pulsar Prizm] #252,,,,,,,,,,,,,,,,,,,0,,,,,2014-12-04
136754,Basketball Cards 2014 Panini Prizm,Jabari Parker [Blue Mojo Prizm] #252,$8.34,,,,$26.70,$65.00,$85.00,$39.00,$39.00,,,$1.80,$9.19,,,,,,4,,,,,2014-12-04
136755,Basketball Cards 2014 Panini Prizm,Jabari Parker [Blue Prizm] #252,$2.27,,$3.50,$23.69,$26.00,,$87.65,,,,,,$2.49,,,$0.80,$3.89,,5,,,,,2014-12-04
12249017,Basketball Cards 2014 Panini Prizm,Jabari Parker [Blue Wave Prizm] #252,,,,,,,,,,,,,,,,,,,0,,,,,2014-12-04
136753,Basketball Cards 2014 Panini Prizm,Jabari Parker [Blue and Green Prizm] #252,$2.23,,,,$40.50,,,,,,,,$2.49,,,,,,3,,,,,2014-12-04
136756,Basketball Cards 2014 Panini Prizm,Jabari Parker [Gold Prizm] #252,$54.80,,,$23.27,$26.00,,,,,,,$24.00,$59.99,,,,,,2,,,,,2014-12-04
12249232,Basketball Cards 2014 Panini Prizm,Jabari Parker [Gold Pulsar Prizm] #252,,,,,,,,,,,,,,,,,,,0,,,,,2014-12-04
136757,Basketball Cards 2014 Panini Prizm,Jabari Parker [Green Prizm] #252,$5.00,,$5.00,,$8.00,$8.49,$53.00,$5.00,$5.00,,,$1.10,$5.49,,,$1.10,$5.49,,6,,,,,2014-12-04
136758,Basketball Cards 2014 Panini Prizm,Jabari Parker [Light Blue Prizm] #252,$10.15,,$27.85,$28.00,$31.00,,$100.00,,,,,$2.80,$10.99,,,$9.30,$30.99,,4,,,,,2014-12-04
136993,Basketball Cards 2014 Panini Prizm,Jabari Parker [Orange Die Cut Prizm] #252,$6.75,,,,,$33.49,$44.00,$20.00,$20.00,,,$1.50,$7.39,,,,,,2,,,,,2014-12-04
136760,Basketball Cards 2014 Panini Prizm,Jabari Parker [Prizm] #252,$6.00,,$0.99,,$49.00,$49.99,$65.00,$30.00,$30.00,,,$1.30,$6.59,,,,$1.09,,5,,,,,2014-12-04
136759,Basketball Cards 2014 Panini Prizm,Jabari Parker [Purple Die Cut Prizm] #252,$5.02,,,,,,,,,,,$1.10,$5.49,,,,,,2,,,,,2014-12-04
136761,Basketball Cards 2014 Panini Prizm,Jabari Parker [Red Prizm] #252,$30.00,,,,,$22.50,$29.00,$14.00,$14.00,,,$9.90,$32.99,,,,,,2,,,,,2014-12-04
136762,Basketball Cards 2014 Panini Prizm,Jabari Parker [Red Pulsar Prizm] #252,,,,,$66.00,,,,,,,,,,,,,,1,,,,,2014-12-04
136994,Basketball Cards 2014 Panini Prizm,"Jabari Parker [Red, White, and Blue Pulsar Prizm] #252",$1.69,,,,,$22.49,$29.00,$13.00,$13.00,,,,$1.89,,,,,,4,,,,,2014-12-04
137002,Basketball Cards 2014 Panini Prizm,Jabari Parker [Yellow and Red Mosaic Prizm] #252,$2.99,,,,,$11.50,$15.00,$7.00,$7.00,,,,$3.29,,,,,,4,,,,,2014-12-04
189978,Basketball Cards 2014 Panini Prizm,Jamal Crawford #5,$1.47,,,,,,,,,,,,$1.59,,,,,,2,,,,,2014-12-04
12247963,Basketball Cards 2014 Panini Prizm,Jamal Crawford [Black Prizm] #5,,,,,,,,,,,,,,,,,,,0,,,,,2014-12-04
12248322,Basketball Cards 2014 Panini Prizm,Jamal Crawford [Black Pulsar Prizm] #5,,,,,,,,,,,,,,,,,,,0,,,,,2014-12-04
190427,Basketball Cards 2014 Panini Prizm,Jamal Crawford [Blue Mojo Prizm] #5,$8.00,,,,,,,,,,,$1.80,$8.79,,,,,,2,,,,,2014-12-04
190173,Basketball Cards 2014 Panini Prizm,Jamal Crawford [Blue Prizm] #5,$4.43,,,,,,,,,,,$1.00,$4.89,,,,,,1,,,,,2014-12-04
12248788,Basketball Cards 2014 Panini Prizm,Jamal Crawford [Blue Wave Prizm] #5,,,,,,,,,,,,,,,,,,,0,,,,,2014-12-04
12248639,Basketball Cards 2014 Panini Prizm,Jamal Crawford [Blue and Green Prizm] #5,,,,,,,,,,,,,,,,,,,0,,,,,2014-12-04
192169,Basketball Cards 2014 Panini Prizm,Jamal Crawford [Gold Prizm] #5,$200.00,,,,,,,,,,,$110.00,$220.00,,,,,,4,,,,,2014-12-04
12249104,Basketball Cards 2014 Panini Prizm,Jamal Crawford [Gold Pulsar Prizm] #5,,,,,,,,,,,,,,,,,,,0,,,,,2014-12-04
192641,Basketball Cards 2014 Panini Prizm,Jamal Crawford [Green Prizm] #5,$1.67,,,,,,,,,,,,$1.79,,,,,,3,,,,,2014-12-04
191397,Basketball Cards 2014 Panini Prizm,Jamal Crawford [Light Blue Prizm] #5,$5.75,,,,,,,,,,,$1.30,$6.29,,,,,,1,,,,,2014-12-04
12249312,Basketball Cards 2014 Panini Prizm,Jamal Crawford [Orange Die Cut Prizm] #5,$9.99,,,,,,,,,,,$2.80,$10.99,,,,,,1,,,,,2014-12-04
192426,Basketball Cards 2014 Panini Prizm,Jamal Crawford [Prizm] #5,$3.22,,,,,,,,,,,,$3.49,,,,,,1,,,,,2014-12-04
191908,Basketball Cards 2014 Panini Prizm,Jamal Crawford [Purple Die Cut Prizm] #5,$3.25,,,,,,,,,,,,$3.59,,,,,,3,,,,,2014-12-04
190880,Basketball Cards 2014 Panini Prizm,Jamal Crawford [Red Prizm] #5,$1.62,,,,,,,,,,,,$1.79,,,,,,1,,,,,2014-12-04
191656,Basketball Cards 2014 Panini Prizm,Jamal Crawford [Red Pulsar Prizm] #5,$8.86,,,,,,,,,,,$2.00,$9.79,,,,,,0,,,,,2014-12-04
191147,Basketball Cards 2014 Panini Prizm,"Jamal Crawford [Red, White, and Blue Pulsar Prizm] #5",$2.17,,,,,,,,,,,,$2.39,,,,,,1,,,,,2014-12-04
12249563,Basketball Cards 2014 Panini Prizm,Jamal Crawford [Yellow and Red Mosaic Prizm] #5,$2.22,,$6.82,$12.36,$23.11,$33.97,$44.00,$20.00,$20.00,,,,$2.39,,,$1.50,$7.49,,7,,,,,2014-12-04
189985,Basketball Cards 2014 Panini Prizm,Jameer Nelson #15,$1.49,,,,,,,,,,,,$1.59,,,,,,1,,,,,2014-12-04
12247973,Basketball Cards 2014 Panini Prizm,Jameer Nelson [Black Prizm] #15,,,,,,,,,,,,,,,,,,,0,,,,,2014-12-04
12248343,Basketball Cards 2014 Panini Prizm,Jameer Nelson [Black Pulsar Prizm] #15,,,,,,,,,,,,,,,,,,,0,,,,,2014-12-04
190437,Basketball Cards 2014 Panini Prizm,Jameer Nelson [Blue Mojo Prizm] #15,$1.50,,,,,,,,,,,,$1.69,,,,,,1,,,,,2014-12-04
190183,Basketball Cards 2014 Panini Prizm,Jameer Nelson [Blue Prizm] #15,$3.09,,,,,,,,,,,,$3.39,,,,,,1,,,,,2014-12-04
12248798,Basketball Cards 2014 Panini Prizm,Jameer Nelson [Blue Wave Prizm] #15,,,,,,,,,,,,,,,,,,,0,,,,,2014-12-04
12248659,Basketball Cards 2014 Panini Prizm,Jameer Nelson [Blue and Green Prizm] #15,,,,,,,,,,,,,,,,,,,0,,,,,2014-12-04
192178,Basketball Cards 2014 Panini Prizm,Jameer Nelson [Gold Prizm] #15,$19.99,,,$69.99,$77.00,$84.00,$109.00,$50.00,$50.00,,,$6.60,$21.99,,,,,,3,,,,,2014-12-04
12249121,Basketball Cards 2014 Panini Prizm,Jameer Nelson [Gold Pulsar Prizm] #15,,,,,,,,,,,,,,,,,,,0,,,,,2014-12-04
190673,Basketball Cards 2014 Panini Prizm,Jameer Nelson [Green Prizm] #15,$2.00,,,,,,,,,,,,$2.19,,,,,,1,,,,,2014-12-04
191407,Basketball Cards 2014 Panini Prizm,Jameer Nelson [Light Blue Prizm] #15,$2.21,,,,,,,,,,,,$2.39,,,,,,1,,,,,2014-12-04
12249322,Basketball Cards 2014 Panini Prizm,Jameer Nelson [Orange Die Cut Prizm] #15,,,,,,,,,,,,,,,,,,,0,,,,,2014-12-04
192435,Basketball Cards 2014 Panini Prizm,Jameer Nelson [Prizm] #15,$0.99,,,,,,,,,,,,$1.09,,,,,,1,,,,,2014-12-04
191917,Basketball Cards 2014 Panini Prizm,Jameer Nelson [Purple Die Cut Prizm] #15,$1.99,,,,,,,,,,,,$2.19,,,,,,2,,,,,2014-12-04
190890,Basketball Cards 2014 Panini Prizm,Jameer Nelson [Red Prizm] #15,$1.92,,,,,,,,,,,,$2.09,,,,,,1,,,,,2014-12-04
191665,Basketball Cards 2014 Panini Prizm,Jameer Nelson [Red Pulsar Prizm] #15,$5.50,,,,,,,,,,,$1.20,$6.09,,,,,,1,,,,,2014-12-04
191156,Basketball Cards 2014 Panini Prizm,"Jameer Nelson [Red, White, and Blue Pulsar Prizm] #15",$0.25,,,,,,,,,,,,$0.99,,,,,,0,,,,,2014-12-04
12249571,Basketball Cards 2014 Panini Prizm,Jameer Nelson [Yellow and Red Mosaic Prizm] #15,,,,,,,,,,,,,,,,,,,0,,,,,2014-12-04
190155,Basketball Cards 2014 Panini Prizm,James Ennis #274,$1.38,,,,,,,,,,,,$1.49,,,,,,3,,,,,2014-12-04
12248205,Basketball Cards 2014 Panini Prizm,James Ennis [Black Prizm] #274,,,,,,,,,,,,,,,,,,,0,,,,,2014-12-04
12248532,Basketball Cards 2014 Panini Prizm,James Ennis [Black Pulsar Prizm] #274,,,,,,,,,,,,,,,,,,,0,,,,,2014-12-04
190640,Basketball Cards 2014 Panini Prizm,James Ennis [Blue Mojo Prizm] #274,$9.74,,,,,,,,,,,$2.80,$10.99,,,,,,1,,,,,2014-12-04
190404,Basketball Cards 2014 Panini Prizm,James Ennis [Blue Prizm] #274,$3.99,,,,,,,,,,,$0.90,$4.39,,,,,,1,,,,,2014-12-04
12249031,Basketball Cards 2014 Panini Prizm,James Ennis [Blue Wave Prizm] #274,,,,,,,,,,,,,,,,,,,0,,,,,2014-12-04
12248709,Basketball Cards 2014 Panini Prizm,James Ennis [Blue and Green Prizm] #274,,,,,,,,,,,,,,,,,,,0,,,,,2014-12-04
192400,Basketball Cards 2014 Panini Prizm,James Ennis [Gold Prizm] #274,$67.72,,,$20.50,$23.00,,$64.73,,,,,$29.60,$73.99,,,,,,2,,,,,2014-12-04
12249260,Basketball Cards 2014 Panini Prizm,James Ennis [Gold Pulsar Prizm] #274,,,,,,,,,,,,,,,,,,,0,,,,,2014-12-04
136885,Basketball Cards 2014 Panini Prizm,James Ennis [Green Prizm] #274,$1.80,,,,,,,,,,,,$1.99,,,,,,1,,,,,2014-12-04
191630,Basketball Cards 2014 Panini Prizm,James Ennis [Light Blue Prizm] #274,$44.41,,,,,,,,,,,$19.60,$48.99,,,,,,0,,,,,2014-12-04
12249535,Basketball Cards 2014 Panini Prizm,James Ennis [Orange Die Cut Prizm] #274,,,,,,,,,,,,,,,,,,,0,,,,,2014-12-04
192630,Basketball Cards 2014 Panini Prizm,James Ennis [Prizm] #274,$2.99,,,,,,,,,,,,$3.29,,,,,,1,,,,,2014-12-04
192142,Basketball Cards 2014 Panini Prizm,James Ennis [Purple Die Cut Prizm] #274,$2.38,,,,,,,,,,,,$2.59,,,,,,1,,,,,2014-12-04
191121,Basketball Cards 2014 Panini Prizm,James Ennis [Red Prizm] #274,$3.93,,,,,,,,,,,$0.90,$4.29,,,,,,1,,,,,2014-12-04
191883,Basketball Cards 2014 Panini Prizm,James Ennis [Red Pulsar Prizm] #274,$55.96,,,,,,,,,,,$24.80,$61.99,,,,,,0,,,,,2014-12-04
191374,Basketball Cards 2014 Panini Prizm,"James Ennis [Red, White, and Blue Pulsar Prizm] #274",$0.74,,,,,,,,,,,,$0.99,,,,,,1,,,,,2014-12-04
12249777,Basketball Cards 2014 Panini Prizm,James Ennis [Yellow and Red Mosaic Prizm] #274,,,,,,,,,,,,,,,,,,,0,,,,,2014-12-04
136148,Basketball Cards 2014 Panini Prizm,James Harden #25,$1.89,,$6.24,$14.89,$20.00,$19.99,$26.00,$12.00,$10.00,,,,$2.09,,,$1.40,$6.89,,12,,,,,2014-12-04
12247983,Basketball Cards 2014 Panini Prizm,James Harden [Black Prizm] #25,,,,,,,,,,,,,,,,,,,0,,,,,2014-12-04
12248364,Basketball Cards 2014 Panini Prizm,James Harden [Black Pulsar Prizm] #25,,,,,,,,,,,,,,,,,,,0,,,,,2014-12-04
136150,Basketball Cards 2014 Panini Prizm,James Harden [Blue Mojo Prizm] #25,$6.50,,,$29.00,$32.00,$93.68,$122.00,$56.00,$56.00,,,$1.40,$7.19,,,,,,4,,,,,2014-12-04
136151,Basketball Cards 2014 Panini Prizm,James Harden [Blue Prizm] #25,$13.80,,,$31.00,$34.00,,,,,,,$3.80,$14.99,,,,,,2,,,,,2014-12-04
136152,Basketball Cards 2014 Panini Prizm,James Harden [Blue Wave Prizm] #25,$22.51,,,$55.16,$61.00,$66.00,$86.00,$40.00,$40.00,,,$7.50,$24.99,,,,,,3,,,,,2014-12-04
136149,Basketball Cards 2014 Panini Prizm,James Harden [Blue and Green Prizm] #25,$2.86,,,$46.00,$53.89,$84.00,$109.00,$50.00,$50.00,,,,$3.19,,,,,,8,,,,,2014-12-04
192187,Basketball Cards 2014 Panini Prizm,James Harden [Gold Prizm] #25,,,,,$4999.00,,,,,,,,,,,,,,1,,,,,2014-12-04
136154,Basketball Cards 2014 Panini Prizm,James Harden [Gold Pulsar Prizm] #25,,,,$8.39,$637.00,$650.00,$1022.99,$390.00,$390.00,,,,,,,,,,3,,,,,2014-12-04
136153,Basketball Cards 2014 Panini Prizm,James Harden [Green Prizm] #25,$7.99,,$11.50,$32.00,$35.00,$46.00,$117.50,$28.00,$28.00,,,$1.80,$8.79,,,$3.30,$12.99,,6,,,,,2014-12-04
191415,Basketball Cards 2014 Panini Prizm,James Harden [Light Blue Prizm] #25,$11.40,,,,,,,,,,,$3.30,$12.99,,,,,,1,,,,,2014-12-04
6782240,Basketball Cards 2014 Panini Prizm,James Harden [Orange Die Cut Prizm] #25,$23.49,,,$50.00,$55.00,,,,,,,$7.80,$25.99,,,,,,5,,,,,2014-12-04
136991,Basketball Cards 2014 Panini Prizm,James Harden [Prizm] #25,$10.00,,$35.00,$44.19,$151.00,$154.09,$200.00,$92.00,$92.00,,,$2.80,$10.99,,,$15.60,$38.99,,7,,,,,2014-12-04
191926,Basketball Cards 2014 Panini Prizm,James Harden [Purple Die Cut Prizm] #25,$19.99,,$19.50,$50.00,$55.00,$76.00,$99.00,$46.00,$46.00,,,$6.60,$21.99,,,$6.30,$20.99,,8,,,,,2014-12-04
136155,Basketball Cards 2014 Panini Prizm,James Harden [Red Prizm] #25,$67.51,,,$59.50,$69.02,$71.00,$92.00,$43.00,$43.00,,,$29.60,$73.99,,,,,,4,,,,,2014-12-04
191675,Basketball Cards 2014 Panini Prizm,James Harden [Red Pulsar Prizm] #25,$40.11,,,,,$240.00,$312.00,$144.00,$144.00,,,$17.60,$43.99,,,,,,2,,,,,2014-12-04
136156,Basketball Cards 2014 Panini Prizm,"James Harden [Red, White, and Blue Pulsar Prizm] #25",$5.00,,$5.50,$15.97,$18.00,$41.50,$54.00,$25.00,$25.00,,,$1.10,$5.49,,,$1.20,$6.09,,5,,,,,2014-12-04
136157,Basketball Cards 2014 Panini Prizm,James Harden [Yellow and Red Mosaic Prizm] #25,$2.88,,$17.16,$18.89,$21.00,$43.50,$57.00,$26.00,$26.00,,,,$3.19,,,$4.80,$18.99,,7,,,,,2014-12-04
136968,Basketball Cards 2014 Panini Prizm,James Michael McAdoo #296,$1.79,,,,,$17.30,$22.00,$10.00,$10.00,,,,$1.99,,,,,,5,,,,,2014-12-04
12248237,Basketball Cards 2014 Panini Prizm,James Michael McAdoo [Black Prizm] #296,,,,,,,,,,,,,,,,,,,0,,,,,2014-12-04
12248554,Basketball Cards 2014 Panini Prizm,James Michael McAdoo [Black Pulsar Prizm] #296,,,,,,,,,,,,,,,,,,,0,,,,,2014-12-04
190659,Basketball Cards 2014 Panini Prizm,James Michael McAdoo [Blue Mojo Prizm] #296,$5.37,,,,,,,,,,,$1.20,$5.89,,,,,,1,,,,,2014-12-04
190422,Basketball Cards 2014 Panini Prizm,James Michael McAdoo [Blue Prizm] #296,$3.50,,,,,,,,,,,$0.80,$3.89,,,,,,1,,,,,2014-12-04
12249052,Basketball Cards 2014 Panini Prizm,James Michael McAdoo [Blue Wave Prizm] #296,,,,,,,,,,,,,,,,,,,0,,,,,2014-12-04
12248744,Basketball Cards 2014 Panini Prizm,James Michael McAdoo [Blue and Green Prizm] #296,,,,,,,,,,,,,,,,,,,0,,,,,2014-12-04
192418,Basketball Cards 2014 Panini Prizm,James Michael McAdoo [Gold Prizm] #296,$56.11,,,,,,,,,,,$24.80,$61.99,,,,,,1,,,,,2014-12-04
12249288,Basketball Cards 2014 Panini Prizm,James Michael McAdoo [Gold Pulsar Prizm] #296,,,,,,,,,,,,,,,,,,,0,,,,,2014-12-04
136969,Basketball Cards 2014 Panini Prizm,James Michael McAdoo [Green Prizm] #296,$1.99,,,,,,,,,,,,$2.19,,,,,,2,,,,,2014-12-04
191650,Basketball Cards 2014 Panini Prizm,James Michael McAdoo [Light Blue Prizm] #296,$10.32,,,,,,,,,,,$2.80,$10.99,,,,,,1,,,,,2014-12-04
136970,Basketball Cards 2014 Panini Prizm,James Michael McAdoo [Orange Die Cut Prizm] #296,$9.59,,,,,,,,,,,$2.80,$10.99,,,,,,1,,,,,2014-12-04
192638,Basketball Cards 2014 Panini Prizm,James Michael McAdoo [Prizm] #296,$3.51,,,,,,,,,,,$0.80,$3.89,,,,,,1,,,,,2014-12-04
192161,Basketball Cards 2014 Panini Prizm,James Michael McAdoo [Purple Die Cut Prizm] #296,$6.49,,,,,,,,,,,$1.40,$7.09,,,,,,2,,,,,2014-12-04
191138,Basketball Cards 2014 Panini Prizm,James Michael McAdoo [Red Prizm] #296,$2.32,,,,,,,,,,,,$2.59,,,,,,1,,,,,2014-12-04
191902,Basketball Cards 2014 Panini Prizm,James Michael McAdoo [Red Pulsar Prizm] #296,$4.25,,,,,,,,,,,$0.90,$4.69,,,,,,1,,,,,2014-12-04
191390,Basketball Cards 2014 Panini Prizm,"James Michael McAdoo [Red, White, and Blue Pulsar Prizm] #296",$1.35,,,,,,,,,,,,$1.49,,,,,,2,,,,,2014-12-04
12249765,Basketball Cards 2014 Panini Prizm,James Michael McAdoo [Yellow and Red Mosaic Prizm] #296,,,,,,,,,,,,,,,,,,,0,,,,,2014-12-04
136536,Basketball Cards 2014 Panini Prizm,James Worthy #172,$1.99,,,$4.23,$5.00,$19.66,$26.00,$12.00,$12.00,,,,$2.19,,,,,,7,,,,,2014-12-04
12248176,Basketball Cards 2014 Panini Prizm,James Worthy [Black Prizm] #172,,,,,,,,,,,,,,,,,,,0,,,,,2014-12-04
12248349,Basketball Cards 2014 Panini Prizm,James Worthy [Black Pulsar Prizm] #172,,,,,,,,,,,,,,,,,,,0,,,,,2014-12-04
136537,Basketball Cards 2014 Panini Prizm,James Worthy [Blue Mojo Prizm] #172,$7.82,,,,,,,,,,,$1.70,$8.59,,,,,,1,,,,,2014-12-04
190319,Basketball Cards 2014 Panini Prizm,James Worthy [Blue Prizm] #172,$1.16,,,,,,,,,,,,$1.29,,,,,,2,,,,,2014-12-04
12248940,Basketball Cards 2014 Panini Prizm,James Worthy [Blue Wave Prizm] #172,,,,,,,,,,,,,,,,,,,0,,,,,2014-12-04
12248591,Basketball Cards 2014 Panini Prizm,James Worthy [Blue and Green Prizm] #172,,,,,,,,,,,,,,,,,,,0,,,,,2014-12-04
192312,Basketball Cards 2014 Panini Prizm,James Worthy [Gold Prizm] #172,,,,,$299.00,$1500.00,$1950.00,$900.00,$900.00,,,,,,,,,,2,,,,,2014-12-04
12249105,Basketball Cards 2014 Panini Prizm,James Worthy [Gold Pulsar Prizm] #172,,,,,,$600.00,$780.00,$360.00,$360.00,,,,,,,,,,1,,,,,2014-12-04
190805,Basketball Cards 2014 Panini Prizm,James Worthy [Green Prizm] #172,$4.51,,,,,,,,$9.50,,,$1.00,$4.99,,,,,,3,,,,,2014-12-04
191546,Basketball Cards 2014 Panini Prizm,James Worthy [Light Blue Prizm] #172,$15.00,,,,,,,,,,,$4.30,$16.99,,,,,,1,,,,,2014-12-04
12249431,Basketball Cards 2014 Panini Prizm,James Worthy [Orange Die Cut Prizm] #172,$10.50,,,,,,,,,,,$3.00,$11.99,,,,,,1,,,,,2014-12-04
192564,Basketball Cards 2014 Panini Prizm,James Worthy [Prizm] #172,$5.22,,,,,$70.00,$91.00,$42.00,$42.00,,,$1.10,$5.69,,,,,,3,,,,,2014-12-04
192053,Basketball Cards 2014 Panini Prizm,James Worthy [Purple Die Cut Prizm] #172,$5.15,,,$14.60,$16.00,,,,,,,$1.10,$5.69,,,,,,3,,,,,2014-12-04
191031,Basketball Cards 2014 Panini Prizm,James Worthy [Red Prizm] #172,$3.25,,,,,$50.00,$65.00,$30.00,$30.00,,,,$3.59,,,,,,5,,,,,2014-12-04
191802,Basketball Cards 2014 Panini Prizm,James Worthy [Red Pulsar Prizm] #172,$40.79,,,$57.79,$64.00,$119.99,$156.00,$72.00,$72.00,,,$18.00,$44.99,,,,,,3,,,,,2014-12-04
191291,Basketball Cards 2014 Panini Prizm,"James Worthy [Red, White, and Blue Pulsar Prizm] #172",$2.53,,,,,,,,,,,,$2.79,,,,,,1,,,,,2014-12-04
12249682,Basketball Cards 2014 Panini Prizm,James Worthy [Yellow and Red Mosaic Prizm] #172,$0.25,,,,,,,,,,,,$0.99,,,,,,1,,,,,2014-12-04
136850,Basketball Cards 2014 Panini Prizm,James Young #265,$1.34,,,,,$15.50,$20.00,$9.00,$9.00,,,,$1.49,,,,,,4,,,,,2014-12-04
12248192,Basketball Cards 2014 Panini Prizm,James Young [Black Prizm] #265,,,,,,,,,,,,,,,,,,,0,,,,,2014-12-04
12248523,Basketball Cards 2014 Panini Prizm,James Young [Black Pulsar Prizm] #265,,,,,,,,,,,,,,,,,,,0,,,,,2014-12-04
190633,Basketball Cards 2014 Panini Prizm,James Young [Blue Mojo Prizm] #265,$6.29,,,,,,,,,,,$1.40,$6.89,,,,,,1,,,,,2014-12-04
190395,Basketball Cards 2014 Panini Prizm,James Young [Blue Prizm] #265,$2.75,,,,,,,,,,,,$2.99,,,,,,1,,,,,2014-12-04
12249023,Basketball Cards 2014 Panini Prizm,James Young [Blue Wave Prizm] #265,,,,,,,,,,,,,,,,,,,0,,,,,2014-12-04
12248671,Basketball Cards 2014 Panini Prizm,James Young [Blue and Green Prizm] #265,,,,,,,,,,,,,,,,,,,0,,,,,2014-12-04
192392,Basketball Cards 2014 Panini Prizm,James Young [Gold Prizm] #265,,,,,$23.50,,,,,,,,,,,,,,1,,,,,2014-12-04
136851,Basketball Cards 2014 Panini Prizm,James Young [Gold Pulsar Prizm] #265,,,,,,,,,,,,,,,,,,,0,,,,,2014-12-04
190857,Basketball Cards 2014 Panini Prizm,James Young [Green Prizm] #265,$1.34,,,,,,,,,,,,$1.49,,,,,,1,,,,,2014-12-04
191623,Basketball Cards 2014 Panini Prizm,James Young [Light Blue Prizm] #265,$1.96,,,,,,,,,,,,$2.19,,,,,,1,,,,,2014-12-04
12249527,Basketball Cards 2014 Panini Prizm,James Young [Orange Die Cut Prizm] #265,,,,,,,,,,,,,,,,,,,0,,,,,2014-12-04
136852,Basketball Cards 2014 Panini Prizm,James Young [Prizm] #265,$4.75,,,,,,,,,,,$1.00,$5.19,,,,,,1,,,,,2014-12-04
192134,Basketball Cards 2014 Panini Prizm,James Young [Purple Die Cut Prizm] #265,$2.99,,,,,,,,,,,,$3.29,,,,,,1,,,,,2014-12-04
191113,Basketball Cards 2014 Panini Prizm,James Young [Red Prizm] #265,$2.27,,,,,,,,,,,,$2.49,,,,,,1,,,,,2014-12-04
191877,Basketball Cards 2014 Panini Prizm,James Young [Red Pulsar Prizm] #265,$7.03,,,,,,,,,,,$1.50,$7.69,,,,,,1,,,,,2014-12-04
191369,Basketball Cards 2014 Panini Prizm,"James Young [Red, White, and Blue Pulsar Prizm] #265",$1.32,,,,,,,,,,,,$1.49,,,,,,1,,,,,2014-12-04
12249772,Basketball Cards 2014 Panini Prizm,James Young [Yellow and Red Mosaic Prizm] #265,,,,,,,,,,,,,,,,,,,0,,,,,2014-12-04
190000,Basketball Cards 2014 Panini Prizm,Jared Sullinger #35,$1.69,,,,,,,,,,,,$1.89,,,,,,1,,,,,2014-12-04
12247993,Basketball Cards 2014 Panini Prizm,Jared Sullinger [Black Prizm] #35,,,,,,,,,,,,,,,,,,,0,,,,,2014-12-04
12248384,Basketball Cards 2014 Panini Prizm,Jared Sullinger [Black Pulsar Prizm] #35,,,,,,,,,,,,,,,,,,,0,,,,,2014-12-04
190456,Basketball Cards 2014 Panini Prizm,Jared Sullinger [Blue Mojo Prizm] #35,$2.92,,,,,,,,,,,,$3.19,,,,,,1,,,,,2014-12-04
190200,Basketball Cards 2014 Panini Prizm,Jared Sullinger [Blue Prizm] #35,$2.04,,,,,,,,,,,,$2.19,,,,,,1,,,,,2014-12-04
12248816,Basketball Cards 2014 Panini Prizm,Jared Sullinger [Blue Wave Prizm] #35,,,,,,,,,,,,,,,,,,,0,,,,,2014-12-04
12248682,Basketball Cards 2014 Panini Prizm,Jared Sullinger [Blue and Green Prizm] #35,,,,,,,,,,,,,,,,,,,0,,,,,2014-12-04
192195,Basketball Cards 2014 Panini Prizm,Jared Sullinger [Gold Prizm] #35,$25.99,,,,,,,,,,,$8.70,$28.99,,,,,,1,,,,,2014-12-04
12249161,Basketball Cards 2014 Panini Prizm,Jared Sullinger [Gold Pulsar Prizm] #35,,,,,,,,,,,,,,,,,,,0,,,,,2014-12-04
190691,Basketball Cards 2014 Panini Prizm,Jared Sullinger [Green Prizm] #35,$1.34,,,,,,,,,,,,$1.49,,,,,,2,,,,,2014-12-04
191424,Basketball Cards 2014 Panini Prizm,Jared Sullinger [Light Blue Prizm] #35,$3.42,,,,,,,,,,,$0.80,$3.79,,,,,,1,,,,,2014-12-04
12249338,Basketball Cards 2014 Panini Prizm,Jared Sullinger [Orange Die Cut Prizm] #35,,,,,,,,,,,,,,,,,,,0,,,,,2014-12-04
192452,Basketball Cards 2014 Panini Prizm,Jared Sullinger [Prizm] #35,$2.55,,,,,,,,,,,,$2.79,,,,,,0,,,,,2014-12-04
191935,Basketball Cards 2014 Panini Prizm,Jared Sullinger [Purple Die Cut Prizm] #35,$1.25,,,,,,,,,,,,$1.39,,,,,,1,,,,,2014-12-04
190909,Basketball Cards 2014 Panini Prizm,Jared Sullinger [Red Prizm] #35,$3.06,,,,,,,,,,,,$3.39,,,,,,1,,,,,2014-12-04
191684,Basketball Cards 2014 Panini Prizm,Jared Sullinger [Red Pulsar Prizm] #35,$5.50,,,,,,,,,,,$1.20,$6.09,,,,,,1,,,,,2014-12-04
191172,Basketball Cards 2014 Panini Prizm,"Jared Sullinger [Red, White, and Blue Pulsar Prizm] #35",$2.25,,,,,,,,,,,,$2.49,,,,,,1,,,,,2014-12-04
12249586,Basketball Cards 2014 Panini Prizm,Jared Sullinger [Yellow and Red Mosaic Prizm] #35,,,,,,,,,,,,,,,,,,,0,,,,,2014-12-04
190157,Basketball Cards 2014 Panini Prizm,Jarnell Stokes #278,$1.38,,,,,,,,,,,,$1.49,,,,,,1,,,,,2014-12-04
12248210,Basketball Cards 2014 Panini Prizm,Jarnell Stokes [Black Prizm] #278,,,,,,,,,,,,,,,,,,,0,,,,,2014-12-04
12248536,Basketball Cards 2014 Panini Prizm,Jarnell Stokes [Black Pulsar Prizm] #278,,,,,,,,,,,,,,,,,,,0,,,,,2014-12-04
190644,Basketball Cards 2014 Panini Prizm,Jarnell Stokes [Blue Mojo Prizm] #278,$0.99,,,,,,,,,,,,$1.09,,,,,,1,,,,,2014-12-04
190405,Basketball Cards 2014 Panini Prizm,Jarnell Stokes [Blue Prizm] #278,$1.73,,,,,,,,,,,,$1.89,,,,,,1,,,,,2014-12-04
12249035,Basketball Cards 2014 Panini Prizm,Jarnell Stokes [Blue Wave Prizm] #278,,,,,,,,,,,,,,,,,,,0,,,,,2014-12-04
12248715,Basketball Cards 2014 Panini Prizm,Jarnell Stokes [Blue and Green Prizm] #278,,,,,,,,,,,,,,,,,,,0,,,,,2014-12-04
192403,Basketball Cards 2014 Panini Prizm,Jarnell Stokes [Gold Prizm] #278,$21.29,,,,,,,,,,,$6.90,$22.99,,,,,,1,,,,,2014-12-04
12249265,Basketball Cards 2014 Panini Prizm,Jarnell Stokes [Gold Pulsar Prizm] #278,,,,,,,,,,,,,,,,,,,0,,,,,2014-12-04
136906,Basketball Cards 2014 Panini Prizm,Jarnell Stokes [Green Prizm] #278,$1.24,,,,,,,,,,,,$1.39,,,,,,1,,,,,2014-12-04
191633,Basketball Cards 2014 Panini Prizm,Jarnell Stokes [Light Blue Prizm] #278,$2.00,,,,,,,,,,,,$2.19,,,,,,1,,,,,2014-12-04
12249538,Basketball Cards 2014 Panini Prizm,Jarnell Stokes [Orange Die Cut Prizm] #278,,,,,,,,,,,,,,,,,,,0,,,,,2014-12-04
136907,Basketball Cards 2014 Panini Prizm,Jarnell Stokes [Prizm] #278,$3.99,,,$5.35,$6.00,,,,,,,$0.90,$4.39,,,,,,2,,,,,2014-12-04
192145,Basketball Cards 2014 Panini Prizm,Jarnell Stokes [Purple Die Cut Prizm] #278,$2.69,,,,,,,,,,,,$2.99,,,,,,1,,,,,2014-12-04
191124,Basketball Cards 2014 Panini Prizm,Jarnell Stokes [Red Prizm] #278,$0.25,,,,,,,,,,,,$0.99,,,,,,1,,,,,2014-12-04
191887,Basketball Cards 2014 Panini Prizm,Jarnell Stokes [Red Pulsar Prizm] #278,$2.17,,,,,,,,,,,,$2.39,,,,,,1,,,,,2014-12-04
191377,Basketball Cards 2014 Panini Prizm,"Jarnell Stokes [Red, White, and Blue Pulsar Prizm] #278",$2.12,,,,,,,,,,,,$2.29,,,,,,0,,,,,2014-12-04
12249723,Basketball Cards 2014 Panini Prizm,Jarnell Stokes [Yellow and Red Mosaic Prizm] #278,,,,,,,,,,,,,,,,,,,0,,,,,2014-12-04
190103,Basketball Cards 2014 Panini Prizm,Jason Kidd #182,$2.12,,,$13.95,$15.00,,,,,,,,$2.29,,,,,,6,,,,,2014-12-04
12248204,Basketball Cards 2014 Panini Prizm,Jason Kidd [Black Prizm] #182,$2500.00,,,,,,,,,,,$1650.00,$2750.00,,,,,,1,,,,,2014-12-04
12248365,Basketball Cards 2014 Panini Prizm,Jason Kidd [Black Pulsar Prizm] #182,,,,,,,,,,,,,,,,,,,0,,,,,2014-12-04
190570,Basketball Cards 2014 Panini Prizm,Jason Kidd [Blue Mojo Prizm] #182,$9.56,,,,,,,,,,,$2.80,$10.99,,,,,,3,,,,,2014-12-04
190328,Basketball Cards 2014 Panini Prizm,Jason Kidd [Blue Prizm] #182,$1.99,,$14.99,$36.99,$41.00,,,,,,,,$2.19,,,$4.00,$15.99,,3,,,,,2014-12-04
12248954,Basketball Cards 2014 Panini Prizm,Jason Kidd [Blue Wave Prizm] #182,,,,,,,,,,,,,,,,,,,0,,,,,2014-12-04
12248599,Basketball Cards 2014 Panini Prizm,Jason Kidd [Blue and Green Prizm] #182,,,,,,,,,,,,,,,,,,,0,,,,,2014-12-04
192320,Basketball Cards 2014 Panini Prizm,Jason Kidd [Gold Prizm] #182,$1.25,,,,,,,,,,,,$1.39,,,,,,1,,,,,2014-12-04
136563,Basketball Cards 2014 Panini Prizm,Jason Kidd [Gold Pulsar Prizm] #182,,,,$188.50,$207.00,,,,,,,,,,,,,,1,,,,,2014-12-04
190804,Basketball Cards 2014 Panini Prizm,Jason Kidd [Green Prizm] #182,$5.70,,,,,$20.50,$27.00,$12.00,$12.00,,,$1.30,$6.29,,,,,,4,,,,,2014-12-04
191556,Basketball Cards 2014 Panini Prizm,Jason Kidd [Light Blue Prizm] #182,$32.54,,,,,,,,,,,$14.40,$35.99,,,,,,1,,,,,2014-12-04
12249444,Basketball Cards 2014 Panini Prizm,Jason Kidd [Orange Die Cut Prizm] #182,$5.50,,,,,,,,,,,$1.20,$6.09,,,,,,1,,,,,2014-12-04
192571,Basketball Cards 2014 Panini Prizm,Jason Kidd [Prizm] #182,$4.49,,,$24.95,$27.00,,,,,,,$1.00,$4.89,,,,,,3,,,,,2014-12-04
192062,Basketball Cards 2014 Panini Prizm,Jason Kidd [Purple Die Cut Prizm] #182,$14.39,,,$23.47,$26.00,,,,,,,$4.00,$15.99,,,,,,5,,,,,2014-12-04
191040,Basketball Cards 2014 Panini Prizm,Jason Kidd [Red Prizm] #182,$4.44,,,,,,,,,,,$1.00,$4.89,,,,,,2,,,,,2014-12-04
191812,Basketball Cards 2014 Panini Prizm,Jason Kidd [Red Pulsar Prizm] #182,,,,$33.00,$36.00,,,,,,,,,,,,,,1,,,,,2014-12-04
191301,Basketball Cards 2014 Panini Prizm,"Jason Kidd [Red, White, and Blue Pulsar Prizm] #182",$4.60,,,,,$29.99,$39.00,$18.00,$18.00,,,$1.00,$5.09,,,,,,3,,,,,2014-12-04
12249698,Basketball Cards 2014 Panini Prizm,Jason Kidd [Yellow and Red Mosaic Prizm] #182,,,,,,,,,,,,,,,,,,,0,,,,,2014-12-04
190008,Basketball Cards 2014 Panini Prizm,Jason Terry #45,$1.50,,,,,,,,,,,,$1.69,,,,,,1,,,,,2014-12-04
12248003,Basketball Cards 2014 Panini Prizm,Jason Terry [Black Prizm] #45,,,,,,,,,,,,,,,,,,,0,,,,,2014-12-04
12248405,Basketball Cards 2014 Panini Prizm,Jason Terry [Black Pulsar Prizm] #45,,,,,,,,,,,,,,,,,,,0,,,,,2014-12-04
190466,Basketball Cards 2014 Panini Prizm,Jason Terry [Blue Mojo Prizm] #45,$0.99,,,,,,,,,,,,$1.09,,,,,,1,,,,,2014-12-04
190210,Basketball Cards 2014 Panini Prizm,Jason Terry [Blue Prizm] #45,$3.32,,,,,,,,,,,,$3.69,,,,,,1,,,,,2014-12-04
12248826,Basketball Cards 2014 Panini Prizm,Jason Terry [Blue Wave Prizm] #45,$0.99,,,,,,,,,,,,$1.09,,,,,,1,,,,,2014-12-04
12248692,Basketball Cards 2014 Panini Prizm,Jason Terry [Blue and Green Prizm] #45,,,,,,,,,,,,,,,,,,,0,,,,,2014-12-04
192204,Basketball Cards 2014 Panini Prizm,Jason Terry [Gold Prizm] #45,$57.05,,,,,,,,,,,$25.20,$62.99,,,,,,1,,,,,2014-12-04
12249184,Basketball Cards 2014 Panini Prizm,Jason Terry [Gold Pulsar Prizm] #45,,,,,,,,,,,,,,,,,,,0,,,,,2014-12-04
190701,Basketball Cards 2014 Panini Prizm,Jason Terry [Green Prizm] #45,$0.25,,,,,,,,,,,,$0.99,,,,,,0,,,,,2014-12-04
191434,Basketball Cards 2014 Panini Prizm,Jason Terry [Light Blue Prizm] #45,$6.00,,,,,,,,,,,$1.30,$6.59,,,,,,1,,,,,2014-12-04
12249347,Basketball Cards 2014 Panini Prizm,Jason Terry [Orange Die Cut Prizm] #45,$0.99,,,,,,,,,,,,$1.09,,,,,,1,,,,,2014-12-04
192462,Basketball Cards 2014 Panini Prizm,Jason Terry [Prizm] #45,$2.28,,,,,,,,,,,,$2.49,,,,,,1,,,,,2014-12-04
191945,Basketball Cards 2014 Panini Prizm,Jason Terry [Purple Die Cut Prizm] #45,$1.54,,,,,,,,,,,,$1.69,,,,,,2,,,,,2014-12-04
190919,Basketball Cards 2014 Panini Prizm,Jason Terry [Red Prizm] #45,$1.36,,,,,,,,,,,,$1.49,,,,,,1,,,,,2014-12-04
191693,Basketball Cards 2014 Panini Prizm,Jason Terry [Red Pulsar Prizm] #45,,,,,,,,,,,,,,,,,,,0,,,,,2014-12-04
191182,Basketball Cards 2014 Panini Prizm,"Jason Terry [Red, White, and Blue Pulsar Prizm] #45",$4.14,,,,,,,,,,,$0.90,$4.59,,,,,,1,,,,,2014-12-04
12249595,Basketball Cards 2014 Panini Prizm,Jason Terry [Yellow and Red Mosaic Prizm] #45,,,,,,,,,,,,,,,,,,,0,,,,,2014-12-04
136224,Basketball Cards 2014 Panini Prizm,Javale McGee #55,$1.38,,,,,$565.00,$735.00,$339.00,$339.00,,,,$1.49,,,,,,4,,,,,2014-12-04
136225,Basketball Cards 2014 Panini Prizm,Javale McGee [Gold Prizm] #55,,$260.00,,$66.00,$73.00,$112.50,$146.00,$68.00,$68.00,,,,,$143.00,$286.00,,,,3,,,,,2014-12-04
190020,Basketball Cards 2014 Panini Prizm,Jeff Green #65,$4.54,,,,,,,,,,,$1.00,$4.99,,,,,,3,,,,,2014-12-04
12248038,Basketball Cards 2014 Panini Prizm,Jeff Green [Black Prizm] #65,,,,,,,,,,,,,,,,,,,0,,,,,2014-12-04
12248427,Basketball Cards 2014 Panini Prizm,Jeff Green [Black Pulsar Prizm] #65,,,,,,,,,,,,,,,,,,,0,,,,,2014-12-04
190483,Basketball Cards 2014 Panini Prizm,Jeff Green [Blue Mojo Prizm] #65,$1.97,,,,,,,,,,,,$2.19,,,,,,1,,,,,2014-12-04
190226,Basketball Cards 2014 Panini Prizm,Jeff Green [Blue Prizm] #65,$1.70,,,,,,,,,,,,$1.89,,,,,,1,,,,,2014-12-04
12248854,Basketball Cards 2014 Panini Prizm,Jeff Green [Blue Wave Prizm] #65,,,,,,,,,,,,,,,,,,,0,,,,,2014-12-04
12248716,Basketball Cards 2014 Panini Prizm,Jeff Green [Blue and Green Prizm] #65,,,,,,,,,,,,,,,,,,,0,,,,,2014-12-04
192219,Basketball Cards 2014 Panini Prizm,Jeff Green [Gold Prizm] #65,$172.50,,,,,,,,,,,$95.00,$190.00,,,,,,1,,,,,2014-12-04
12249217,Basketball Cards 2014 Panini Prizm,Jeff Green [Gold Pulsar Prizm] #65,,,,,,,,,,,,,,,,,,,0,,,,,2014-12-04
190716,Basketball Cards 2014 Panini Prizm,Jeff Green [Green Prizm] #65,$4.24,,$8.48,$14.51,$25.94,$37.59,$49.00,$23.00,$23.00,,,$0.90,$4.69,,,$1.90,$9.29,,7,,,,,2014-12-04
191450,Basketball Cards 2014 Panini Prizm,Jeff Green [Light Blue Prizm] #65,$2.00,,,,,,,,,,,,$2.19,,,,,,1,,,,,2014-12-04
12249386,Basketball Cards 2014 Panini Prizm,Jeff Green [Orange Die Cut Prizm] #65,,,,,,,,,,,,,,,,,,,0,,,,,2014-12-04
192477,Basketball Cards 2014 Panini Prizm,Jeff Green [Prizm] #65,$1.47,,,,,,,,,,,,$1.59,,,,,,1,,,,,2014-12-04
191961,Basketball Cards 2014 Panini Prizm,Jeff Green [Purple Die Cut Prizm] #65,$1.82,,,,,,,,,,,,$1.99,,,,,,2,,,,,2014-12-04
190936,Basketball Cards 2014 Panini Prizm,Jeff Green [Red Prizm] #65,$11.50,,,,,,,,,,,$3.30,$12.99,,,,,,1,,,,,2014-12-04
191711,Basketball Cards 2014 Panini Prizm,Jeff Green [Red Pulsar Prizm] #65,$9.99,,,,,,,,,,,$2.80,$10.99,,,,,,1,,,,,2014-12-04
191198,Basketball Cards 2014 Panini Prizm,"Jeff Green [Red, White, and Blue Pulsar Prizm] #65",$2.50,,,,,,,,,,,,$2.79,,,,,,1,,,,,2014-12-04
12249611,Basketball Cards 2014 Panini Prizm,Jeff Green [Yellow and Red Mosaic Prizm] #65,$1.52,,,,,,,,,,,,$1.69,,,,,,1,,,,,2014-12-04
190109,Basketball Cards 2014 Panini Prizm,Jeff Hornacek #191,$1.34,,,,,$10.50,$14.00,$6.00,$6.00,,,,$1.49,,,,,,2,,,,,2014-12-04
12248235,Basketball Cards 2014 Panini Prizm,Jeff Hornacek [Black Prizm] #191,,,,,,,,,,,,,,,,,,,0,,,,,2014-12-04
12248383,Basketball Cards 2014 Panini Prizm,Jeff Hornacek [Black Pulsar Prizm] #191,,,,,,,,,,,,,,,,,,,0,,,,,2014-12-04
190577,Basketball Cards 2014 Panini Prizm,Jeff Hornacek [Blue Mojo Prizm] #191,$4.25,,,,,,,,,,,$0.90,$4.69,,,,,,1,,,,,2014-12-04
190335,Basketball Cards 2014 Panini Prizm,Jeff Hornacek [Blue Prizm] #191,$4.26,,,,,,,,,,,$0.90,$4.69,,,,,,1,,,,,2014-12-04
12248966,Basketball Cards 2014 Panini Prizm,Jeff Hornacek [Blue Wave Prizm] #191,,,,,,,,,,,,,,,,,,,0,,,,,2014-12-04
12248606,Basketball Cards 2014 Panini Prizm,Jeff Hornacek [Blue and Green Prizm] #191,,,,,,,,,,,,,,,,,,,0,,,,,2014-12-04
192330,Basketball Cards 2014 Panini Prizm,Jeff Hornacek [Gold Prizm] #191,,,,,,,,,,,,,,,,,,,0,,,,,2014-12-04
12249136,Basketball Cards 2014 Panini Prizm,Jeff Hornacek [Gold Pulsar Prizm] #191,,,,,,,,,,,,,,,,,,,0,,,,,2014-12-04
190816,Basketball Cards 2014 Panini Prizm,Jeff Hornacek [Green Prizm] #191,$1.79,,,,,,,,,,,,$1.99,,,,,,2,,,,,2014-12-04
191564,Basketball Cards 2014 Panini Prizm,Jeff Hornacek [Light Blue Prizm] #191,$6.72,,,,,,,,,,,$1.50,$7.39,,,,,,1,,,,,2014-12-04
12249458,Basketball Cards 2014 Panini Prizm,Jeff Hornacek [Orange Die Cut Prizm] #191,$4.99,,,,,,,,,,,$1.10,$5.49,,,,,,1,,,,,2014-12-04
192578,Basketball Cards 2014 Panini Prizm,Jeff Hornacek [Prizm] #191,$1.98,,,,,,,,,,,,$2.19,,,,,,1,,,,,2014-12-04
192070,Basketball Cards 2014 Panini Prizm,Jeff Hornacek [Purple Die Cut Prizm] #191,$2.22,,,,,,,,,,,,$2.39,,,,,,2,,,,,2014-12-04
136581,Basketball Cards 2014 Panini Prizm,Jeff Hornacek [Red Prizm] #191,$1.06,,,,,$35.00,$46.00,$21.00,$21.00,,,,$1.19,,,,,,2,,,,,2014-12-04
191821,Basketball Cards 2014 Panini Prizm,Jeff Hornacek [Red Pulsar Prizm] #191,$25.84,,,,,,,,,,,$8.40,$27.99,,,,,,0,,,,,2014-12-04
191310,Basketball Cards 2014 Panini Prizm,"Jeff Hornacek [Red, White, and Blue Pulsar Prizm] #191",$1.12,,,,,,,,,,,,$1.19,,,,,,1,,,,,2014-12-04
12249704,Basketball Cards 2014 Panini Prizm,Jeff Hornacek [Yellow and Red Mosaic Prizm] #191,,,,,,,,,,,,,,,,,,,0,,,,,2014-12-04
190028,Basketball Cards 2014 Panini Prizm,Jeff Teague #75,$1.20,,,,,,,,,,,,$1.29,,,,,,2,,,,,2014-12-04
12248054,Basketball Cards 2014 Panini Prizm,Jeff Teague [Black Prizm] #75,,,,,,,,,,,,,,,,,,,0,,,,,2014-12-04
12248442,Basketball Cards 2014 Panini Prizm,Jeff Teague [Black Pulsar Prizm] #75,,,,,,,,,,,,,,,,,,,0,,,,,2014-12-04
190492,Basketball Cards 2014 Panini Prizm,Jeff Teague [Blue Mojo Prizm] #75,$1.75,,,,,,,,,,,,$1.89,,,,,,1,,,,,2014-12-04
190235,Basketball Cards 2014 Panini Prizm,Jeff Teague [Blue Prizm] #75,$2.78,,,,,,,,,,,,$3.09,,,,,,1,,,,,2014-12-04
12248870,Basketball Cards 2014 Panini Prizm,Jeff Teague [Blue Wave Prizm] #75,,,,,,,,,,,,,,,,,,,0,,,,,2014-12-04
12248727,Basketball Cards 2014 Panini Prizm,Jeff Teague [Blue and Green Prizm] #75,$0.99,,,,,,,,,,,,$1.09,,,,,,1,,,,,2014-12-04
192227,Basketball Cards 2014 Panini Prizm,Jeff Teague [Gold Prizm] #75,$103.79,,,,,,,,,,,$57.00,$114.00,,,,,,4,,,,,2014-12-04
12249231,Basketball Cards 2014 Panini Prizm,Jeff Teague [Gold Pulsar Prizm] #75,,,,,,,,,,,,,,,,,,,0,,,,,2014-12-04
190725,Basketball Cards 2014 Panini Prizm,Jeff Teague [Green Prizm] #75,$1.80,,,,,,,,,,,,$1.99,,,,,,1,,,,,2014-12-04
191458,Basketball Cards 2014 Panini Prizm,Jeff Teague [Light Blue Prizm] #75,$3.36,,,,,,,,,,,,$3.69,,,,,,1,,,,,2014-12-04
12249405,Basketball Cards 2014 Panini Prizm,Jeff Teague [Orange Die Cut Prizm] #75,,,,,,,,,,,,,,,,,,,0,,,,,2014-12-04
192485,Basketball Cards 2014 Panini Prizm,Jeff Teague [Prizm] #75,$0.99,,,,,,,,,,,,$1.09,,,,,,1,,,,,2014-12-04
191969,Basketball Cards 2014 Panini Prizm,Jeff Teague [Purple Die Cut Prizm] #75,$2.52,,,,,,,,,,,,$2.79,,,,,,3,,,,,2014-12-04
190943,Basketball Cards 2014 Panini Prizm,Jeff Teague [Red Prizm] #75,$2.59,,,,,,,,,,,,$2.89,,,,,,1,,,,,2014-12-04
191720,Basketball Cards 2014 Panini Prizm,Jeff Teague [Red Pulsar Prizm] #75,$8.62,,,,,$23.50,$31.00,$14.00,$14.00,,,$1.90,$9.49,,,,,,2,,,,,2014-12-04
191207,Basketball Cards 2014 Panini Prizm,"Jeff Teague [Red, White, and Blue Pulsar Prizm] #75",$1.58,,,,,,,,,,,,$1.69,,,,,,1,,,,,2014-12-04
12249621,Basketball Cards 2014 Panini Prizm,Jeff Teague [Yellow and Red Mosaic Prizm] #75,,,,,,,,,,,,,,,,,,,0,,,,,2014-12-04
136932,Basketball Cards 2014 Panini Prizm,Jerami Grant #282,$2.61,,$2.64,$8.00,$16.00,$16.49,$21.00,$10.00,$10.00,,,,$2.89,,,,$2.89,,31,,,,,2014-12-04
12248214,Basketball Cards 2014 Panini Prizm,Jerami Grant [Black Prizm] #282,,,,,,,,,,,,,,,,,,,0,,,,,2014-12-04
12248540,Basketball Cards 2014 Panini Prizm,Jerami Grant [Black Pulsar Prizm] #282,,,,,,,,,,,,,,,,,,,0,,,,,2014-12-04
190646,Basketball Cards 2014 Panini Prizm,Jerami Grant [Blue Mojo Prizm] #282,$29.99,,$49.95,$99.95,$110.00,$120.00,$156.00,$72.00,$72.00,,,$9.90,$32.99,,,$22.00,$54.99,,5,,,,,2014-12-04
190408,Basketball Cards 2014 Panini Prizm,Jerami Grant [Blue Prizm] #282,$21.52,,,,,,,,,,,$7.20,$23.99,,,,,,1,,,,,2014-12-04
12249038,Basketball Cards 2014 Panini Prizm,Jerami Grant [Blue Wave Prizm] #282,,,,,,,,,,,,,,,,,,,0,,,,,2014-12-04
12248721,Basketball Cards 2014 Panini Prizm,Jerami Grant [Blue and Green Prizm] #282,,,,,,,,,,,,,,,,,,,0,,,,,2014-12-04
136933,Basketball Cards 2014 Panini Prizm,Jerami Grant [Gold Prizm] #282,$2999.95,,,,,$394.00,$512.00,$236.00,$236.00,,,$1980.00,$3300.00,,,,,,2,,,,,2014-12-04
136934,Basketball Cards 2014 Panini Prizm,Jerami Grant [Gold Pulsar Prizm] #282,,,,,$329.58,,,,,,,,,,,,,,1,,,,,2014-12-04
136935,Basketball Cards 2014 Panini Prizm,Jerami Grant [Green Prizm] #282,$4.99,,$9.10,$27.65,$30.00,$33.00,$43.00,$20.00,$20.00,,,$1.10,$5.49,,,$2.00,$9.99,,8,,,,,2014-12-04
191636,Basketball Cards 2014 Panini Prizm,Jerami Grant [Light Blue Prizm] #282,$90.00,,,$13.50,$15.00,$42.00,$55.00,$25.00,$25.00,,,$39.60,$98.99,,,,,,3,,,,,2014-12-04
12249541,Basketball Cards 2014 Panini Prizm,Jerami Grant [Orange Die Cut Prizm] #282,,,,,,,,,,,,,,,,,,,0,,,,,2014-12-04
136936,Basketball Cards 2014 Panini Prizm,Jerami Grant [Prizm] #282,$10.00,,$10.56,$44.98,$49.00,$107.05,$139.00,$64.00,$64.00,,,$2.80,$10.99,,,$3.00,$11.99,,9,,,,,2014-12-04
192148,Basketball Cards 2014 Panini Prizm,Jerami Grant [Purple Die Cut Prizm] #282,$9.37,,,$54.00,$59.00,$65.00,$85.00,$39.00,$39.00,,,$2.00,$9.99,,,,,,4,,,,,2014-12-04
136937,Basketball Cards 2014 Panini Prizm,Jerami Grant [Red Prizm] #282,$1.42,,,,,$312.50,$406.00,$188.00,$188.00,,,,$1.59,,,,,,6,,,,,2014-12-04
191891,Basketball Cards 2014 Panini Prizm,Jerami Grant [Red Pulsar Prizm] #282,$250.00,,,,,$102.50,$133.00,$62.00,$62.00,,,$137.50,$275.00,,,,,,2,,,,,2014-12-04
191379,Basketball Cards 2014 Panini Prizm,"Jerami Grant [Red, White, and Blue Pulsar Prizm] #282",$5.00,,,,,$90.82,$118.00,$54.00,$54.00,,,$1.10,$5.49,,,,,,4,,,,,2014-12-04
12249728,Basketball Cards 2014 Panini Prizm,Jerami Grant [Yellow and Red Mosaic Prizm] #282,,,,,,,,,,,,,,,,,,,0,,,,,2014-12-04
190037,Basketball Cards 2014 Panini Prizm,Jeremy Lin #85,$2.63,,$9.50,$12.80,$23.69,$34.72,$45.00,$21.00,$21.00,,,,$2.89,,,$2.00,$9.99,,15,,,,,2014-12-04
12248071,Basketball Cards 2014 Panini Prizm,Jeremy Lin [Black Prizm] #85,,,,,,,,,,,,,,,,,,,0,,,,,2014-12-04
12248464,Basketball Cards 2014 Panini Prizm,Jeremy Lin [Black Pulsar Prizm] #85,,,,,,,,,,,,,,,,,,,0,,,,,2014-12-04
136272,Basketball Cards 2014 Panini Prizm,Jeremy Lin [Blue Mojo Prizm] #85,$11.99,,,,,$51.00,$66.00,$31.00,$31.00,,,$3.30,$12.99,,,,,,3,,,,,2014-12-04
190244,Basketball Cards 2014 Panini Prizm,Jeremy Lin [Blue Prizm] #85,$6.30,,,$7.50,$8.00,$129.99,$169.00,$78.00,$78.00,,,$1.40,$6.89,,,,,,3,,,,,2014-12-04
12248887,Basketball Cards 2014 Panini Prizm,Jeremy Lin [Blue Wave Prizm] #85,,,,,,,,,,,,,,,,,,,0,,,,,2014-12-04
12248747,Basketball Cards 2014 Panini Prizm,Jeremy Lin [Blue and Green Prizm] #85,$2.25,,,,,,,,,,,,$2.49,,,,,,1,,,,,2014-12-04
192237,Basketball Cards 2014 Panini Prizm,Jeremy Lin [Gold Prizm] #85,$349.47,,,$460.00,$506.00,,$999.99,,,,,$192.00,$384.00,,,,,,2,,,,,2014-12-04
12249250,Basketball Cards 2014 Panini Prizm,Jeremy Lin [Gold Pulsar Prizm] #85,,,,,,,,,,,,,,,,,,,0,,,,,2014-12-04
190735,Basketball Cards 2014 Panini Prizm,Jeremy Lin [Green Prizm] #85,$3.70,,,,,,,,,,,$0.80,$4.09,,,,,,5,,,,,2014-12-04
136273,Basketball Cards 2014 Panini Prizm,Jeremy Lin [Light Blue Prizm] #85,$9.95,,,,,,,,,,,$2.80,$10.99,,,,,,1,,,,,2014-12-04
12249425,Basketball Cards 2014 Panini Prizm,Jeremy Lin [Orange Die Cut Prizm] #85,$45.00,,,,,,,,,,,$20.00,$49.99,,,,,,1,,,,,2014-12-04
136274,Basketball Cards 2014 Panini Prizm,Jeremy Lin [Prizm] #85,$4.02,,,$29.99,$33.00,,,,,,,$0.90,$4.39,,,,,,4,,,,,2014-12-04
136275,Basketball Cards 2014 Panini Prizm,Jeremy Lin [Purple Die Cut Prizm] #85,$10.61,,,$26.00,$29.00,,,,,,,$3.00,$11.99,,,,,,3,,,,,2014-12-04
190952,Basketball Cards 2014 Panini Prizm,Jeremy Lin [Red Prizm] #85,$9.99,,,$16.00,$18.00,$130.00,$169.00,$78.00,$78.00,,,$2.80,$10.99,,,,,,7,,,,,2014-12-04
136276,Basketball Cards 2014 Panini Prizm,Jeremy Lin [Red Pulsar Prizm] #85,$29.95,,,,,,,,,,,$9.90,$32.99,,,,,,1,,,,,2014-12-04
191217,Basketball Cards 2014 Panini Prizm,"Jeremy Lin [Red, White, and Blue Pulsar Prizm] #85",$4.94,,,,,,,,,,,$1.10,$5.39,,,,,,3,,,,,2014-12-04
12249642,Basketball Cards 2014 Panini Prizm,Jeremy Lin [Yellow and Red Mosaic Prizm] #85,$7.99,,$11.56,$18.51,$31.20,$44.35,$58.00,$27.00,$27.00,,,$1.80,$8.79,,,$3.30,$12.99,,10,,,,,2014-12-04
190116,Basketball Cards 2014 Panini Prizm,Jerry Sloan #201,$2.52,,,,,,,,,,,,$2.79,,,,,,3,,,,,2014-12-04
12248251,Basketball Cards 2014 Panini Prizm,Jerry Sloan [Black Prizm] #201,$1.35,,,,,,,,,,,,$1.49,,,,,,1,,,,,2014-12-04
12248402,Basketball Cards 2014 Panini Prizm,Jerry Sloan [Black Pulsar Prizm] #201,,,,,,,,,,,,,,,,,,,0,,,,,2014-12-04
190582,Basketball Cards 2014 Panini Prizm,Jerry Sloan [Blue Mojo Prizm] #201,$3.80,,,,,,,,,,,$0.80,$4.19,,,,,,1,,,,,2014-12-04
190344,Basketball Cards 2014 Panini Prizm,Jerry Sloan [Blue Prizm] #201,$3.00,,,,,,,,,,,,$3.29,,,,,,1,,,,,2014-12-04
12248983,Basketball Cards 2014 Panini Prizm,Jerry Sloan [Blue Wave Prizm] #201,,,,,,,,,,,,,,,,,,,0,,,,,2014-12-04
12248614,Basketball Cards 2014 Panini Prizm,Jerry Sloan [Blue and Green Prizm] #201,$2.27,,,,,,,,,,,,$2.49,,,,,,1,,,,,2014-12-04
192339,Basketball Cards 2014 Panini Prizm,Jerry Sloan [Gold Prizm] #201,$113.59,,,$99.99,$110.00,,,,,,,$62.50,$125.00,,,,,,2,,,,,2014-12-04
12249153,Basketball Cards 2014 Panini Prizm,Jerry Sloan [Gold Pulsar Prizm] #201,,,,,,,,,,,,,,,,,,,0,,,,,2014-12-04
136602,Basketball Cards 2014 Panini Prizm,Jerry Sloan [Green Prizm] #201,$3.49,,,,,,,,,,,$0.80,$3.79,,,,,,2,,,,,2014-12-04
191574,Basketball Cards 2014 Panini Prizm,Jerry Sloan [Light Blue Prizm] #201,$8.12,,,,,,,,,,,$1.80,$8.89,,,,,,1,,,,,2014-12-04
12249473,Basketball Cards 2014 Panini Prizm,Jerry Sloan [Orange Die Cut Prizm] #201,,,,,,,,,,,,,,,,,,,0,,,,,2014-12-04
192587,Basketball Cards 2014 Panini Prizm,Jerry Sloan [Prizm] #201,$4.67,,,,,,,,,,,$1.00,$5.09,,,,,,1,,,,,2014-12-04
192080,Basketball Cards 2014 Panini Prizm,Jerry Sloan [Purple Die Cut Prizm] #201,$2.99,,,$4.25,$5.00,,,,,,,,$3.29,,,,,,3,,,,,2014-12-04
191058,Basketball Cards 2014 Panini Prizm,Jerry Sloan [Red Prizm] #201,$3.75,,,,,,,,,,,$0.80,$4.09,,,,,,2,,,,,2014-12-04
191831,Basketball Cards 2014 Panini Prizm,Jerry Sloan [Red Pulsar Prizm] #201,$6.50,,,,,$32.88,$43.00,$20.00,$20.00,,,$1.40,$7.19,,,,,,2,,,,,2014-12-04
191319,Basketball Cards 2014 Panini Prizm,"Jerry Sloan [Red, White, and Blue Pulsar Prizm] #201",$2.50,,,,,$26.99,$35.00,$16.00,$16.00,,,,$2.79,,,,,,2,,,,,2014-12-04
12249712,Basketball Cards 2014 Panini Prizm,Jerry Sloan [Yellow and Red Mosaic Prizm] #201,,,,$14.99,$16.00,,,,,,,,,,,,,,1,,,,,2014-12-04
136622,Basketball Cards 2014 Panini Prizm,Jerry West #211,$2.25,,$6.80,$15.50,$19.25,$24.25,$32.00,$15.00,$15.00,,,,$2.49,,,$1.50,$7.49,,19,,,,,2014-12-04
12248111,Basketball Cards 2014 Panini Prizm,Jerry West [Black Prizm] #211,,,,,,,,,,,,,,,,,,,0,,,,,2014-12-04
12248444,Basketball Cards 2014 Panini Prizm,Jerry West [Black Pulsar Prizm] #211,,,,,,,,,,,,,,,,,,,0,,,,,2014-12-04
190589,Basketball Cards 2014 Panini Prizm,Jerry West [Blue Mojo Prizm] #211,$9.84,,,,,,,,,,,$2.80,$10.99,,,,,,1,,,,,2014-12-04
136623,Basketball Cards 2014 Panini Prizm,Jerry West [Blue Prizm] #211,$3.25,,,$6.50,$7.00,$45.00,$59.00,$27.00,$27.00,,,,$3.59,,,,,,4,,,,,2014-12-04
12249000,Basketball Cards 2014 Panini Prizm,Jerry West [Blue Wave Prizm] #211,$8.97,,,,,$44.00,$57.00,$26.00,$26.00,,,$2.00,$9.89,,,,,,2,,,,,2014-12-04
12248623,Basketball Cards 2014 Panini Prizm,Jerry West [Blue and Green Prizm] #211,$4.06,,$8.33,$14.32,$25.69,$37.26,$48.00,$22.00,$17.77,,,$0.90,$4.49,,,$1.80,$9.19,,7,,,,,2014-12-04
136624,Basketball Cards 2014 Panini Prizm,Jerry West [Gold Prizm] #211,,,,,$1000.00,$1150.00,$1495.00,$690.00,$690.00,,,,,,,,,,2,,,,,2014-12-04
12249167,Basketball Cards 2014 Panini Prizm,Jerry West [Gold Pulsar Prizm] #211,,,,,,,,,,,,,,,,,,,0,,,,,2014-12-04
190829,Basketball Cards 2014 Panini Prizm,Jerry West [Green Prizm] #211,$4.99,,$8.84,$19.66,$22.00,$38.38,$50.00,$23.00,$13.64,,,$1.10,$5.49,,,$1.90,$9.69,,10,,,,,2014-12-04
191584,Basketball Cards 2014 Panini Prizm,Jerry West [Light Blue Prizm] #211,$39.50,,,,,,,,,,,$17.20,$42.99,,,,,,1,,,,,2014-12-04
136625,Basketball Cards 2014 Panini Prizm,Jerry West [Orange Die Cut Prizm] #211,$4.99,,,,,$95.00,$124.00,$57.00,$57.00,,,$1.10,$5.49,,,,,,2,,,,,2014-12-04
136626,Basketball Cards 2014 Panini Prizm,Jerry West [Prizm] #211,$5.24,,,,,,,,,,,$1.20,$5.79,,,,,,2,,,,,2014-12-04
192090,Basketball Cards 2014 Panini Prizm,Jerry West [Purple Die Cut Prizm] #211,$3.75,,,,$9.50,$46.51,$60.00,$28.00,$28.00,,,$0.80,$4.09,,,,,,4,,,,,2014-12-04
191068,Basketball Cards 2014 Panini Prizm,Jerry West [Red Prizm] #211,$9.50,,,,,,,,,,,$2.00,$9.99,,,,,,1,,,,,2014-12-04
136627,Basketball Cards 2014 Panini Prizm,Jerry West [Red Pulsar Prizm] #211,$29.99,,,,,,,,,,,$9.90,$32.99,,,,,,1,,,,,2014-12-04
191329,Basketball Cards 2014 Panini Prizm,"Jerry West [Red, White, and Blue Pulsar Prizm] #211",$4.31,,,$11.51,$13.00,$43.00,$56.00,$26.00,$26.00,,,$0.90,$4.69,,,,,,5,,,,,2014-12-04
136628,Basketball Cards 2014 Panini Prizm,Jerry West [Yellow and Red Mosaic Prizm] #211,$2.95,,,$11.50,$13.00,$46.49,$60.00,$28.00,$32.00,,,,$3.29,,,,,,6,,,,,2014-12-04
136317,Basketball Cards 2014 Panini Prizm,Jimmy Butler #95,$2.79,,$7.12,$12.49,$14.00,$14.36,$19.00,$9.00,$9.00,,,,$3.09,,,$1.60,$7.79,,12,,,,,2014-12-04
12248087,Basketball Cards 2014 Panini Prizm,Jimmy Butler [Black Prizm] #95,,,,,,,,,,,,,,,,,,,0,,,,,2014-12-04
12248485,Basketball Cards 2014 Panini Prizm,Jimmy Butler [Black Pulsar Prizm] #95,,,,,,,,,,,,,,,,,,,0,,,,,2014-12-04
190507,Basketball Cards 2014 Panini Prizm,Jimmy Butler [Blue Mojo Prizm] #95,$3.76,,,$6.75,$7.00,,,,,,,$0.80,$4.09,,,,,,3,,,,,2014-12-04
190251,Basketball Cards 2014 Panini Prizm,Jimmy Butler [Blue Prizm] #95,$7.14,,,$49.79,$55.00,$60.00,$78.00,$36.00,$36.00,,,$1.60,$7.89,,,,,,5,,,,,2014-12-04
12248902,Basketball Cards 2014 Panini Prizm,Jimmy Butler [Blue Wave Prizm] #95,,,,,,,,,,,,,,,,,,,0,,,,,2014-12-04
136318,Basketball Cards 2014 Panini Prizm,Jimmy Butler [Blue and Green Prizm] #95,$5.99,,,$13.26,$15.00,$29.99,$39.00,$18.00,$18.00,,,$1.30,$6.59,,,,,,5,,,,,2014-12-04
192246,Basketball Cards 2014 Panini Prizm,Jimmy Butler [Gold Prizm] #95,$333.00,,,$800.00,$880.00,$960.00,$1248.00,$576.00,$576.00,,,$183.00,$366.00,,,,,,3,,,,,2014-12-04
12249286,Basketball Cards 2014 Panini Prizm,Jimmy Butler [Gold Pulsar Prizm] #95,,,,,,,,,,,,,,,,,,,0,,,,,2014-12-04
190742,Basketball Cards 2014 Panini Prizm,Jimmy Butler [Green Prizm] #95,$3.99,,,$31.87,$35.00,$69.99,$91.00,$42.00,$42.00,,,$0.90,$4.39,,,,,,4,,,,,2014-12-04
191475,Basketball Cards 2014 Panini Prizm,Jimmy Butler [Light Blue Prizm] #95,$14.87,,,,,,,,,,,$4.00,$15.99,,,,,,3,,,,,2014-12-04
12249441,Basketball Cards 2014 Panini Prizm,Jimmy Butler [Orange Die Cut Prizm] #95,$10.08,,,,,,,,,,,$2.80,$10.99,,,,,,1,,,,,2014-12-04
192501,Basketball Cards 2014 Panini Prizm,Jimmy Butler [Prizm] #95,$5.00,,$22.49,$30.00,$33.00,,,,,,,$1.10,$5.49,,,$7.50,$24.99,,5,,,,,2014-12-04
136319,Basketball Cards 2014 Panini Prizm,Jimmy Butler [Purple Die Cut Prizm] #95,$11.31,,,,,$46.00,$60.00,$28.00,$28.00,,,$3.00,$11.99,,,,,,4,,,,,2014-12-04
190960,Basketball Cards 2014 Panini Prizm,Jimmy Butler [Red Prizm] #95,$61.88,,,$99.00,$109.00,,,,,,,$27.20,$67.99,,,,,,3,,,,,2014-12-04
136320,Basketball Cards 2014 Panini Prizm,Jimmy Butler [Red Pulsar Prizm] #95,$165.00,,,,,,,,,,,$91.00,$182.00,,,,,,1,,,,,2014-12-04
191224,Basketball Cards 2014 Panini Prizm,"Jimmy Butler [Red, White, and Blue Pulsar Prizm] #95",$4.99,,,$53.00,$58.00,$64.00,$83.00,$38.00,$38.00,,,$1.10,$5.49,,,,,,7,,,,,2014-12-04
136321,Basketball Cards 2014 Panini Prizm,Jimmy Butler [Yellow and Red Mosaic Prizm] #95,$1.99,,,,,$32.64,$42.00,$20.00,$20.00,,,,$2.19,,,,,,6,,,,,2014-12-04
190051,Basketball Cards 2014 Panini Prizm,Joakim Noah #105,$1.89,,,$16.99,$19.00,,,,,,,,$2.09,,,,,,3,,,,,2014-12-04
12248015,Basketball Cards 2014 Panini Prizm,Joakim Noah [Black Prizm] #105,,,,,,,,,,,,,,,,,,,0,,,,,2014-12-04
12248264,Basketball Cards 2014 Panini Prizm,Joakim Noah [Black Pulsar Prizm] #105,,,,,,,,,,,,,,,,,,,0,,,,,2014-12-04
190513,Basketball Cards 2014 Panini Prizm,Joakim Noah [Blue Mojo Prizm] #105,$4.33,,,,,,,,,,,$1.00,$4.79,,,,,,1,,,,,2014-12-04
190261,Basketball Cards 2014 Panini Prizm,Joakim Noah [Blue Prizm] #105,$4.20,,,,,,,,,,,$0.90,$4.59,,,,,,1,,,,,2014-12-04
12248921,Basketball Cards 2014 Panini Prizm,Joakim Noah [Blue Wave Prizm] #105,,,,,,,,,,,,,,,,,,,0,,,,,2014-12-04
12248762,Basketball Cards 2014 Panini Prizm,Joakim Noah [Blue and Green Prizm] #105,$2.49,,,,,,,,,,,,$2.69,,,,,,1,,,,,2014-12-04
192255,Basketball Cards 2014 Panini Prizm,Joakim Noah [Gold Prizm] #105,,,,,,,,,,,,,,,,,,,0,,,,,2014-12-04
12249297,Basketball Cards 2014 Panini Prizm,Joakim Noah [Gold Pulsar Prizm] #105,,,,,,,,,,,,,,,,,,,0,,,,,2014-12-04
190750,Basketball Cards 2014 Panini Prizm,Joakim Noah [Green Prizm] #105,$2.91,,,,,,,,,,,,$3.19,,,,,,3,,,,,2014-12-04
191485,Basketball Cards 2014 Panini Prizm,Joakim Noah [Light Blue Prizm] #105,$12.75,,,,,,,,,,,$3.50,$13.99,,,,,,1,,,,,2014-12-04
12249457,Basketball Cards 2014 Panini Prizm,Joakim Noah [Orange Die Cut Prizm] #105,,,,,,,,,,,,,,,,,,,0,,,,,2014-12-04
192508,Basketball Cards 2014 Panini Prizm,Joakim Noah [Prizm] #105,$2.84,,,,,,,,,,,,$3.09,,,,,,1,,,,,2014-12-04
191992,Basketball Cards 2014 Panini Prizm,Joakim Noah [Purple Die Cut Prizm] #105,$2.25,,,,,,,,,,,,$2.49,,,,,,3,,,,,2014-12-04
190969,Basketball Cards 2014 Panini Prizm,Joakim Noah [Red Prizm] #105,$2.00,,,,,,,,,,,,$2.19,,,,,,2,,,,,2014-12-04
191745,Basketball Cards 2014 Panini Prizm,Joakim Noah [Red Pulsar Prizm] #105,$49.99,,,,,,,,,,,$22.00,$54.99,,,,,,1,,,,,2014-12-04
191233,Basketball Cards 2014 Panini Prizm,"Joakim Noah [Red, White, and Blue Pulsar Prizm] #105",$3.00,,,,,,,,,,,,$3.29,,,,,,2,,,,,2014-12-04
12249668,Basketball Cards 2014 Panini Prizm,Joakim Noah [Yellow and Red Mosaic Prizm] #105,$1.87,,$6.44,$11.86,$22.45,$33.15,$43.00,$20.00,$20.00,,,,$2.09,,,$1.40,$7.09,,13,,,,,2014-12-04
190059,Basketball Cards 2014 Panini Prizm,Jodie Meeks #115,$1.29,,,,,,,,,,,,$1.39,,,,,,1,,,,,2014-12-04
12248037,Basketball Cards 2014 Panini Prizm,Jodie Meeks [Black Prizm] #115,,,,,,,,,,,,,,,,,,,0,,,,,2014-12-04
12248274,Basketball Cards 2014 Panini Prizm,Jodie Meeks [Black Pulsar Prizm] #115,,,,,,,,,,,,,,,,,,,0,,,,,2014-12-04
190521,Basketball Cards 2014 Panini Prizm,Jodie Meeks [Blue Mojo Prizm] #115,$4.99,,,,,,,,,,,$1.10,$5.49,,,,,,1,,,,,2014-12-04
190270,Basketball Cards 2014 Panini Prizm,Jodie Meeks [Blue Prizm] #115,$1.75,,,,,,,,,,,,$1.89,,,,,,1,,,,,2014-12-04
12248846,Basketball Cards 2014 Panini Prizm,Jodie Meeks [Blue Wave Prizm] #115,,,,,,,,,,,,,,,,,,,0,,,,,2014-12-04
12248769,Basketball Cards 2014 Panini Prizm,Jodie Meeks [Blue and Green Prizm] #115,,,,,,,,,,,,,,,,,,,0,,,,,2014-12-04
192263,Basketball Cards 2014 Panini Prizm,Jodie Meeks [Gold Prizm] #115,$17.79,,,,,,,,,,,$5.00,$19.99,,,,,,1,,,,,2014-12-04
12249305,Basketball Cards 2014 Panini Prizm,Jodie Meeks [Gold Pulsar Prizm] #115,,,,,,,,,,,,,,,,,,,0,,,,,2014-12-04
190757,Basketball Cards 2014 Panini Prizm,Jodie Meeks [Green Prizm] #115,$1.48,,,,,,,,,,,,$1.59,,,,,,1,,,,,2014-12-04
191494,Basketball Cards 2014 Panini Prizm,Jodie Meeks [Light Blue Prizm] #115,$5.00,,,,,,,,,,,$1.10,$5.49,,,,,,1,,,,,2014-12-04
12249479,Basketball Cards 2014 Panini Prizm,Jodie Meeks [Orange Die Cut Prizm] #115,,,,,,,,,,,,,,,,,,,0,,,,,2014-12-04
192517,Basketball Cards 2014 Panini Prizm,Jodie Meeks [Prizm] #115,$0.25,,,,,,,,,,,,$0.99,,,,,,0,,,,,2014-12-04
192001,Basketball Cards 2014 Panini Prizm,Jodie Meeks [Purple Die Cut Prizm] #115,$2.49,,,,,,,,,,,,$2.69,,,,,,1,,,,,2014-12-04
190977,Basketball Cards 2014 Panini Prizm,Jodie Meeks [Red Prizm] #115,$1.52,,,,,,,,,,,,$1.69,,,,,,2,,,,,2014-12-04
191753,Basketball Cards 2014 Panini Prizm,Jodie Meeks [Red Pulsar Prizm] #115,$4.56,,,,,,,,,,,$1.00,$4.99,,,,,,1,,,,,2014-12-04
191242,Basketball Cards 2014 Panini Prizm,"Jodie Meeks [Red, White, and Blue Pulsar Prizm] #115",$1.39,,,,,,,,,,,,$1.49,,,,,,1,,,,,2014-12-04
12249680,Basketball Cards 2014 Panini Prizm,Jodie Meeks [Yellow and Red Mosaic Prizm] #115,,,,,,,,,,,,,,,,,,,0,,,,,2014-12-04
190130,Basketball Cards 2014 Panini Prizm,Joe Dumars #221,$1.45,,,,$2.49,$15.99,$21.00,$10.00,$10.00,,,,$1.59,,,,,,14,,,,,2014-12-04
12248128,Basketball Cards 2014 Panini Prizm,Joe Dumars [Black Prizm] #221,,,,,,,,,,,,,,,,,,,0,,,,,2014-12-04
12248462,Basketball Cards 2014 Panini Prizm,Joe Dumars [Black Pulsar Prizm] #221,,,,,,,,,,,,,,,,,,,0,,,,,2014-12-04
190598,Basketball Cards 2014 Panini Prizm,Joe Dumars [Blue Mojo Prizm] #221,$1.25,,,,,,,,,,,,$1.39,,,,,,1,,,,,2014-12-04
190363,Basketball Cards 2014 Panini Prizm,Joe Dumars [Blue Prizm] #221,$7.16,,,,,$62.87,$82.00,$38.00,$38.00,,,$1.60,$7.89,,,,,,3,,,,,2014-12-04
12248961,Basketball Cards 2014 Panini Prizm,Joe Dumars [Blue Wave Prizm] #221,$1.25,,,,,,,,,,,,$1.39,,,,,,1,,,,,2014-12-04
12248631,Basketball Cards 2014 Panini Prizm,Joe Dumars [Blue and Green Prizm] #221,,,,,,,,,,,,,,,,,,,0,,,,,2014-12-04
192356,Basketball Cards 2014 Panini Prizm,Joe Dumars [Gold Prizm] #221,,,,,,,,,,,,,,,,,,,0,,,,,2014-12-04
12249179,Basketball Cards 2014 Panini Prizm,Joe Dumars [Gold Pulsar Prizm] #221,,,,,,,,,,,,,,,,,,,0,,,,,2014-12-04
190833,Basketball Cards 2014 Panini Prizm,Joe Dumars [Green Prizm] #221,$1.79,,,,,$21.99,$29.00,$13.00,$13.00,,,,$1.99,,,,,,4,,,,,2014-12-04
191592,Basketball Cards 2014 Panini Prizm,Joe Dumars [Light Blue Prizm] #221,$9.34,,,,,,,,,,,$2.00,$9.99,,,,,,1,,,,,2014-12-04
12249493,Basketball Cards 2014 Panini Prizm,Joe Dumars [Orange Die Cut Prizm] #221,,,,,,,,,,,,,,,,,,,0,,,,,2014-12-04
192604,Basketball Cards 2014 Panini Prizm,Joe Dumars [Prizm] #221,$4.13,,,,,,,,,,,$0.90,$4.49,,,,,,2,,,,,2014-12-04
192100,Basketball Cards 2014 Panini Prizm,Joe Dumars [Purple Die Cut Prizm] #221,$1.51,,,,,,,,,,,,$1.69,,,,,,2,,,,,2014-12-04
191078,Basketball Cards 2014 Panini Prizm,Joe Dumars [Red Prizm] #221,$1.99,,,,,$25.99,$34.00,$16.00,$16.00,,,,$2.19,,,,,,3,,,,,2014-12-04
136656,Basketball Cards 2014 Panini Prizm,Joe Dumars [Red Pulsar Prizm] #221,$4.00,,,,,,,,,,,$0.90,$4.39,,,,,,1,,,,,2014-12-04
191338,Basketball Cards 2014 Panini Prizm,"Joe Dumars [Red, White, and Blue Pulsar Prizm] #221",$2.99,,,,,$21.99,$29.00,$13.00,$13.00,,,,$3.29,,,,,,4,,,,,2014-12-04
12249733,Basketball Cards 2014 Panini Prizm,Joe Dumars [Yellow and Red Mosaic Prizm] #221,$1.98,,,$16.99,$19.00,,,,,,,,$2.19,,,,,,2,,,,,2014-12-04
136890,Basketball Cards 2014 Panini Prizm,Joe Harris #276,$1.44,,$2.25,$8.78,$18.00,$18.05,$23.00,$11.00,$11.00,,,,$1.59,,,,$2.49,,14,,,,,2014-12-04
12248208,Basketball Cards 2014 Panini Prizm,Joe Harris [Black Prizm] #276,,,,,,,,,,,,,,,,,,,0,,,,,2014-12-04
12248534,Basketball Cards 2014 Panini Prizm,Joe Harris [Black Pulsar Prizm] #276,,,,,,,,,,,,,,,,,,,0,,,,,2014-12-04
190642,Basketball Cards 2014 Panini Prizm,Joe Harris [Blue Mojo Prizm] #276,$52.00,,,$19.99,$22.00,,,,,,,$22.80,$56.99,,,,,,2,,,,,2014-12-04
136891,Basketball Cards 2014 Panini Prizm,Joe Harris [Blue Prizm] #276,$9.28,,,,,$140.75,$183.00,$84.00,$84.00,,,$2.00,$9.99,,,,,,2,,,,,2014-12-04
12249034,Basketball Cards 2014 Panini Prizm,Joe Harris [Blue Wave Prizm] #276,,,,,,,,,,,,,,,,,,,0,,,,,2014-12-04
12248713,Basketball Cards 2014 Panini Prizm,Joe Harris [Blue and Green Prizm] #276,$3.35,,,,,,,,,,,,$3.69,,,,,,1,,,,,2014-12-04
136892,Basketball Cards 2014 Panini Prizm,Joe Harris [Gold Prizm] #276,,,,,$300.00,$420.00,$546.00,$252.00,$252.00,,,,,,,,,,2,,,,,2014-12-04
12249264,Basketball Cards 2014 Panini Prizm,Joe Harris [Gold Pulsar Prizm] #276,,,,,,,,,,,,,,,,,,,0,,,,,2014-12-04
136893,Basketball Cards 2014 Panini Prizm,Joe Harris [Green Prizm] #276,$2.12,,,$9.51,$10.00,$39.90,$52.00,$24.00,$24.00,,,,$2.29,,,,,,7,,,,,2014-12-04
191632,Basketball Cards 2014 Panini Prizm,Joe Harris [Light Blue Prizm] #276,$100.48,,,,,,,,,,,$55.50,$111.00,,,,,,1,,,,,2014-12-04
1824912,Basketball Cards 2014 Panini Prizm,Joe Harris [Orange Die Cut Prizm] #276,$44.64,,,,,,,,,,,$19.60,$48.99,,,,,,1,,,,,2014-12-04
136895,Basketball Cards 2014 Panini Prizm,Joe Harris [Purple Die Cut Prizm] #276,$2.25,,,,,,,,,,,,$2.49,,,,,,1,,,,,2014-12-04
136896,Basketball Cards 2014 Panini Prizm,Joe Harris [Red Prizm] #276,$22.00,,,,,,,,,,,$7.20,$23.99,,,,,,1,,,,,2014-12-04
191885,Basketball Cards 2014 Panini Prizm,Joe Harris [Red Pulsar Prizm] #276,$25.34,,,,,,,,,,,$8.40,$27.99,,,,,,1,,,,,2014-12-04
136897,Basketball Cards 2014 Panini Prizm,"Joe Harris [Red, White, and Blue Pulsar Prizm] #276",$4.74,,,,$24.99,$116.11,$151.00,$70.00,$70.00,,,$1.00,$5.19,,,,,,5,,,,,2014-12-04
136898,Basketball Cards 2014 Panini Prizm,Joe Harris [Silver] #276,$8.00,,,$44.78,$49.00,$54.00,$70.00,$32.00,$32.00,,,$1.80,$8.79,,,,,,5,,,,,2014-06-01
136899,Basketball Cards 2014 Panini Prizm,Joe Harris [Yellow and Red Mosaic Prizm] #276,$1.99,,,,,,,,,,,,$2.19,,,,,,5,,,,,2014-12-04
190066,Basketball Cards 2014 Panini Prizm,Joe Johnson #125,$1.00,,,,,,,,,,,,$1.09,,,,,,2,,,,,2014-12-04
12248056,Basketball Cards 2014 Panini Prizm,Joe Johnson [Black Prizm] #125,,,,,,,,,,,,,,,,,,,0,,,,,2014-12-04
12248284,Basketball Cards 2014 Panini Prizm,Joe Johnson [Black Pulsar Prizm] #125,,,,,,,,,,,,,,,,,,,0,,,,,2014-12-04
136410,Basketball Cards 2014 Panini Prizm,Joe Johnson [Blue Mojo Prizm] #125,$1.99,,,,,,,,,,,,$2.19,,,,,,1,,,,,2014-12-04
190278,Basketball Cards 2014 Panini Prizm,Joe Johnson [Blue Prizm] #125,$2.29,,,,,,,,,,,,$2.49,,,,,,1,,,,,2014-12-04
12248864,Basketball Cards 2014 Panini Prizm,Joe Johnson [Blue Wave Prizm] #125,,,,,,,,,,,,,,,,,,,0,,,,,2014-12-04
12248776,Basketball Cards 2014 Panini Prizm,Joe Johnson [Blue and Green Prizm] #125,$1.12,,,,,,,,,,,,$1.19,,,,,,9,,,,,2014-12-04
192272,Basketball Cards 2014 Panini Prizm,Joe Johnson [Gold Prizm] #125,$77.13,,,$90.50,$100.00,,,,,,,$34.00,$84.99,,,,,,2,,,,,2014-12-04
12249062,Basketball Cards 2014 Panini Prizm,Joe Johnson [Gold Pulsar Prizm] #125,,,,,,,,,,,,,,,,,,,0,,,,,2014-12-04
190765,Basketball Cards 2014 Panini Prizm,Joe Johnson [Green Prizm] #125,$1.23,,,,,,,,,,,,$1.39,,,,,,1,,,,,2014-12-04
191503,Basketball Cards 2014 Panini Prizm,Joe Johnson [Light Blue Prizm] #125,$2.48,,,,,,,,,,,,$2.69,,,,,,1,,,,,2014-12-04
12249357,Basketball Cards 2014 Panini Prizm,Joe Johnson [Orange Die Cut Prizm] #125,,,,,,,,,,,,,,,,,,,0,,,,,2014-12-04
192524,Basketball Cards 2014 Panini Prizm,Joe Johnson [Prizm] #125,$1.23,,,,,,,,,,,,$1.39,,,,,,1,,,,,2014-12-04
192009,Basketball Cards 2014 Panini Prizm,Joe Johnson [Purple Die Cut Prizm] #125,$1.77,,,,,,,,,,,,$1.99,,,,,,4,,,,,2014-12-04
190987,Basketball Cards 2014 Panini Prizm,Joe Johnson [Red Prizm] #125,$1.40,,,,,,,,,,,,$1.49,,,,,,1,,,,,2014-12-04
191761,Basketball Cards 2014 Panini Prizm,Joe Johnson [Red Pulsar Prizm] #125,,,,,,,,,,,,,,,,,,,0,,,,,2014-12-04
191250,Basketball Cards 2014 Panini Prizm,"Joe Johnson [Red, White, and Blue Pulsar Prizm] #125",$1.64,,,,,,,,,,,,$1.79,,,,,,1,,,,,2014-12-04
12249695,Basketball Cards 2014 Panini Prizm,Joe Johnson [Yellow and Red Mosaic Prizm] #125,$1.63,,,,,,,,,,,,$1.79,,,,,,1,,,,,2014-12-04
136995,Basketball Cards 2014 Panini Prizm,Joel Embiid #253,$11.75,$16.00,$19.93,$22.61,$26.50,$48.99,$67.00,$40.00,$36.00,,,$3.30,$12.99,$4.50,$17.99,$6.60,$21.99,,329,,,,,2014-12-04
12248174,Basketball Cards 2014 Panini Prizm,Joel Embiid [Black Prizm] #253,,,,,,,,,,,,,,,,,,,0,,,,,2014-12-04
12248511,Basketball Cards 2014 Panini Prizm,Joel Embiid [Black Pulsar Prizm] #253,,,,,,,,,,,,,,,,,,,0,,,,,2014-12-04
136996,Basketball Cards 2014 Panini Prizm,Joel Embiid [Blue Mojo Prizm] #253,$52.55,,$71.69,$220.86,$284.00,$289.43,$376.00,$174.00,$174.00,,,$23.20,$57.99,,,$31.60,$78.99,,10,,,,,2014-12-04
136997,Basketball Cards 2014 Panini Prizm,Joel Embiid [Blue Prizm] #253,$115.24,,,$205.32,$500.00,$737.78,$2067.36,$443.00,$443.00,,,$63.50,$127.00,,,,,,6,,,,,2014-12-04
136764,Basketball Cards 2014 Panini Prizm,Joel Embiid [Blue Wave Prizm] #253,$213.20,,$240.00,$375.00,$413.00,$450.00,$1701.09,$270.00,$270.00,,,$117.50,$235.00,,,$132.00,$264.00,,5,,,,,2014-12-04
137005,Basketball Cards 2014 Panini Prizm,Joel Embiid [Blue and Green Prizm] #253,$86.73,,$61.63,$68.00,$75.00,$113.80,$610.00,$68.00,$118.50,,,$38.00,$94.99,,,$27.20,$67.99,,27,,,,,2014-12-04
136766,Basketball Cards 2014 Panini Prizm,Joel Embiid [Gold Prizm] #253,,,,$1925.68,$2265.00,$2311.00,$3004.00,$1387.00,$1387.00,,,,,,,,,,3,,,,,2014-12-04
136998,Basketball Cards 2014 Panini Prizm,Joel Embiid [Gold Pulsar Prizm] #253,,,,$6298.59,$6928.00,,,,,,,,,,,,,,1,,,,,2014-12-04
136999,Basketball Cards 2014 Panini Prizm,Joel Embiid [Green Prizm] #253,$25.00,,$162.50,$179.00,$197.00,$215.00,$280.00,$129.00,$129.00,,,$8.40,$27.99,,,$89.50,$179.00,,28,,,,,2014-12-04
137000,Basketball Cards 2014 Panini Prizm,Joel Embiid [Light Blue Prizm] #253,$600.00,,,$1363.32,$1500.00,$1636.00,$4100.00,$982.00,$982.00,,,$396.00,$660.00,,,,,,5,,,,,2014-12-04
136765,Basketball Cards 2014 Panini Prizm,Joel Embiid [Orange Die Cut Prizm] #253,$386.00,,$173.33,$191.00,$210.00,$667.00,$867.00,$400.00,$400.00,,,$212.50,$425.00,,,$95.50,$191.00,,6,,,,,2014-12-04
136767,Basketball Cards 2014 Panini Prizm,Joel Embiid [Prizm] #253,$60.00,,$78.61,$105.13,$125.25,$385.00,$760.00,$231.00,$231.00,,,$26.40,$65.99,,,$34.40,$85.99,,28,,,,,2014-12-04
137001,Basketball Cards 2014 Panini Prizm,Joel Embiid [Purple Die Cut Prizm] #253,$147.50,,$325.00,$358.00,$394.00,$430.00,$731.00,$258.00,$258.00,,,$81.00,$162.00,,,$179.00,$358.00,,7,,,,,2014-12-04
136768,Basketball Cards 2014 Panini Prizm,Joel Embiid [Red Prizm] #253,$576.46,,,$72.01,$573.00,$585.00,$5000.00,$351.00,$351.00,,,$380.40,$634.00,,,,,,4,,,,,2014-12-04
136763,Basketball Cards 2014 Panini Prizm,Joel Embiid [Red Pulsar Prizm] #253,$286.00,,,$979.00,$1077.00,$1750.00,$2275.00,$1050.00,$1050.00,,,$157.50,$315.00,,,,,,3,,,,,2014-12-04
136769,Basketball Cards 2014 Panini Prizm,"Joel Embiid [Red, White, and Blue Pulsar Prizm] #253",$59.00,$26.00,$79.99,$97.05,$107.00,$140.88,$650.51,$85.00,$190.50,,,$26.00,$64.99,$8.70,$28.99,$35.20,$87.99,,26,,,,,2014-12-04
136771,Basketball Cards 2014 Panini Prizm,Joel Embiid [Yellow and Red Mosaic Prizm] #253,$46.72,$29.00,$34.38,$53.00,$66.49,$131.88,$690.00,$79.00,$79.00,,,$20.40,$50.99,$9.60,$31.99,$15.20,$37.99,,23,,,,,2014-12-04
136687,Basketball Cards 2014 Panini Prizm,John Havlicek #230,$2.52,,,,,$135.00,$176.00,$81.00,$81.00,,,,$2.79,,,,,,6,,,,,2014-12-04
12248140,Basketball Cards 2014 Panini Prizm,John Havlicek [Black Prizm] #230,,,,,,,,,,,,,,,,,,,0,,,,,2014-12-04
12248478,Basketball Cards 2014 Panini Prizm,John Havlicek [Black Pulsar Prizm] #230,,,,,,,,,,,,,,,,,,,0,,,,,2014-12-04
190606,Basketball Cards 2014 Panini Prizm,John Havlicek [Blue Mojo Prizm] #230,$4.99,,$7.83,,,,,,,,,$1.10,$5.49,,,$1.70,$8.59,,2,,,,,2014-12-04
190371,Basketball Cards 2014 Panini Prizm,John Havlicek [Blue Prizm] #230,$3.69,,,$6.50,$7.00,$11.50,$15.00,$7.00,$7.00,,,$0.80,$4.09,,,,,,4,,,,,2014-12-04
12248982,Basketball Cards 2014 Panini Prizm,John Havlicek [Blue Wave Prizm] #230,,,,,,,,,,,,,,,,,,,0,,,,,2014-12-04
136688,Basketball Cards 2014 Panini Prizm,John Havlicek [Blue and Green Prizm] #230,$2.02,,,,,$40.12,$52.00,$24.00,$24.00,,,,$2.19,,,,,,3,,,,,2014-12-04
192362,Basketball Cards 2014 Panini Prizm,John Havlicek [Gold Prizm] #230,$199.99,,,$382.84,$421.00,,,,,,,$110.00,$220.00,,,,,,1,,,,,2014-12-04
12249194,Basketball Cards 2014 Panini Prizm,John Havlicek [Gold Pulsar Prizm] #230,,,,,,$255.00,$332.00,$153.00,$153.00,,,,,,,,,,1,,,,,2014-12-04
190839,Basketball Cards 2014 Panini Prizm,John Havlicek [Green Prizm] #230,$9.99,,$1.00,$16.50,$18.00,$70.00,$91.00,$42.00,$42.00,,,$2.80,$10.99,,,,$1.09,,6,,,,,2014-12-04
191600,Basketball Cards 2014 Panini Prizm,John Havlicek [Light Blue Prizm] #230,$5.00,,,,,,,,,,,$1.10,$5.49,,,,,,1,,,,,2014-12-04
12249501,Basketball Cards 2014 Panini Prizm,John Havlicek [Orange Die Cut Prizm] #230,,,,,,,,,,,,,,,,,,,0,,,,,2014-12-04
136689,Basketball Cards 2014 Panini Prizm,John Havlicek [Prizm] #230,$2.99,,,,,,,,,,,,$3.29,,,,,,1,,,,,2014-12-04
192107,Basketball Cards 2014 Panini Prizm,John Havlicek [Purple Die Cut Prizm] #230,$3.99,,,,,,,,,,,$0.90,$4.39,,,,,,3,,,,,2014-12-04
191086,Basketball Cards 2014 Panini Prizm,John Havlicek [Red Prizm] #230,$4.22,,,$42.00,$46.00,,,,,,,$0.90,$4.59,,,,,,2,,,,,2014-12-04
136690,Basketball Cards 2014 Panini Prizm,John Havlicek [Red Pulsar Prizm] #230,,,,,,,,,,,,,,,,,,,0,,,,,2014-12-04
191345,Basketball Cards 2014 Panini Prizm,"John Havlicek [Red, White, and Blue Pulsar Prizm] #230",$2.83,,,,,,,,,,,,$3.09,,,,,,2,,,,,2014-12-04
136691,Basketball Cards 2014 Panini Prizm,John Havlicek [Yellow and Red Mosaic Prizm] #230,$4.01,,,,,$35.00,$46.00,$21.00,$21.00,,,$0.90,$4.39,,,,,,3,,,,,2014-12-04
190140,Basketball Cards 2014 Panini Prizm,John Starks #241,$1.65,,,,,,,,,,,,$1.79,,,,,,5,,,,,2014-12-04
12248159,Basketball Cards 2014 Panini Prizm,John Starks [Black Prizm] #241,,,,,,,,,,,,,,,,,,,0,,,,,2014-12-04
12248498,Basketball Cards 2014 Panini Prizm,John Starks [Black Pulsar Prizm] #241,,,,,,,,,,,,,,,,,,,0,,,,,2014-12-04
190617,Basketball Cards 2014 Panini Prizm,John Starks [Blue Mojo Prizm] #241,$4.40,,,,,,,,,,,$1.00,$4.79,,,,,,1,,,,,2014-12-04
190380,Basketball Cards 2014 Panini Prizm,John Starks [Blue Prizm] #241,$3.99,,,,,$50.00,$65.00,$30.00,$30.00,,,$0.90,$4.39,,,,,,2,,,,,2014-12-04
12249008,Basketball Cards 2014 Panini Prizm,John Starks [Blue Wave Prizm] #241,,,,,,,,,,,,,,,,,,,0,,,,,2014-12-04
12248652,Basketball Cards 2014 Panini Prizm,John Starks [Blue and Green Prizm] #241,$1.87,,$6.53,$11.99,$22.62,$33.34,$43.00,$20.00,$20.00,,,,$2.09,,,$1.40,$7.19,,7,,,,,2014-12-04
192372,Basketball Cards 2014 Panini Prizm,John Starks [Gold Prizm] #241,$20.00,,$134.95,,,$716.99,$932.00,$430.00,$430.00,,,$6.60,$21.99,,,$74.00,$148.00,,3,,,,,2014-12-04
12249213,Basketball Cards 2014 Panini Prizm,John Starks [Gold Pulsar Prizm] #241,,,,,,,,,,,,,,,,,,,0,,,,,2014-12-04
136717,Basketball Cards 2014 Panini Prizm,John Starks [Green Prizm] #241,$2.82,,,,,,,,,,,,$3.09,,,,,,3,,,,,2014-12-04
191609,Basketball Cards 2014 Panini Prizm,John Starks [Light Blue Prizm] #241,$37.05,,,,,,,,,,,$16.40,$40.99,,,,,,1,,,,,2014-12-04
12249511,Basketball Cards 2014 Panini Prizm,John Starks [Orange Die Cut Prizm] #241,,,,,,,,,,,,,,,,,,,0,,,,,2014-12-04
136718,Basketball Cards 2014 Panini Prizm,John Starks [Prizm] #241,$5.00,,,,,,,,,,,$1.10,$5.49,,,,,,1,,,,,2014-12-04
192117,Basketball Cards 2014 Panini Prizm,John Starks [Purple Die Cut Prizm] #241,$4.99,,,,,,,,,,,$1.10,$5.49,,,,,,1,,,,,2014-12-04
191097,Basketball Cards 2014 Panini Prizm,John Starks [Red Prizm] #241,$1.81,,,,,$100.00,$130.00,$60.00,$60.00,,,,$1.99,,,,,,4,,,,,2014-12-04
191862,Basketball Cards 2014 Panini Prizm,John Starks [Red Pulsar Prizm] #241,$26.00,,,,,$68.45,$89.00,$41.00,$41.00,,,$8.70,$28.99,,,,,,2,,,,,2014-12-04
191355,Basketball Cards 2014 Panini Prizm,"John Starks [Red, White, and Blue Pulsar Prizm] #241",$4.25,,,,,,,,,,,$0.90,$4.69,,,,,,2,,,,,2014-12-04
12249753,Basketball Cards 2014 Panini Prizm,John Starks [Yellow and Red Mosaic Prizm] #241,$2.93,,$7.41,$13.12,$24.11,$35.26,$46.00,$21.00,$21.00,,,,$3.19,,,$1.60,$8.19,,9,,,,,2014-12-04
136488,Basketball Cards 2014 Panini Prizm,John Stockton #154,$1.89,,$3.37,$20.01,$22.00,$33.99,$44.00,$20.00,$20.00,,,,$2.09,,,,$3.69,,7,,,,,2014-12-04
12248127,Basketball Cards 2014 Panini Prizm,John Stockton [Black Prizm] #154,,,,,,,,,,,,,,,,,,,0,,,,,2014-12-04
12248314,Basketball Cards 2014 Panini Prizm,John Stockton [Black Pulsar Prizm] #154,,,,,,,,,,,,,,,,,,,0,,,,,2014-12-04
190550,Basketball Cards 2014 Panini Prizm,John Stockton [Blue Mojo Prizm] #154,$9.58,,,,,,,,,,,$2.80,$10.99,,,,,,2,,,,,2014-12-04
190304,Basketball Cards 2014 Panini Prizm,John Stockton [Blue Prizm] #154,$21.73,,,$53.00,$58.00,,,,,,,$7.20,$23.99,,,,,,3,,,,,2014-12-04
136490,Basketball Cards 2014 Panini Prizm,John Stockton [Blue Wave Prizm] #154,$5.50,,,$25.00,$28.00,,,,,,,$1.20,$6.09,,,,,,3,,,,,2014-12-04
136489,Basketball Cards 2014 Panini Prizm,John Stockton [Blue and Green Prizm] #154,$2.45,$3.00,,,,$34.33,$45.00,$21.00,$21.00,,,,$2.69,,$3.29,,,,4,,,,,2014-12-04
192296,Basketball Cards 2014 Panini Prizm,John Stockton [Gold Prizm] #154,$676.69,,,$276.25,$304.00,,,,,,,$446.40,$744.00,,,,,,2,,,,,2014-12-04
12249086,Basketball Cards 2014 Panini Prizm,John Stockton [Gold Pulsar Prizm] #154,,,,,,,,,,,,,,,,,,,0,,,,,2014-12-04
190786,Basketball Cards 2014 Panini Prizm,John Stockton [Green Prizm] #154,$2.00,,,,,,,,,,,,$2.19,,,,,,2,,,,,2014-12-04
191529,Basketball Cards 2014 Panini Prizm,John Stockton [Light Blue Prizm] #154,,,,$29.00,$32.00,,,,,,,,,,,,,,1,,,,,2014-12-04
12249403,Basketball Cards 2014 Panini Prizm,John Stockton [Orange Die Cut Prizm] #154,,,,,,,,,,,,,,,,,,,0,,,,,2014-12-04
136491,Basketball Cards 2014 Panini Prizm,John Stockton [Prizm] #154,$5.00,,,,,$34.99,$45.00,$21.00,$21.00,,,$1.10,$5.49,,,,,,3,,,,,2014-12-04
192035,Basketball Cards 2014 Panini Prizm,John Stockton [Purple Die Cut Prizm] #154,$20.50,,,,$10.06,$50.00,$65.00,$30.00,$30.00,,,$6.90,$22.99,,,,,,4,,,,,2014-12-04
191013,Basketball Cards 2014 Panini Prizm,John Stockton [Red Prizm] #154,,,,,,$98.99,$129.00,$59.00,$59.00,,,,,,,,,,1,,,,,2014-12-04
191786,Basketball Cards 2014 Panini Prizm,John Stockton [Red Pulsar Prizm] #154,$30.00,,,,,$149.99,$195.00,$90.00,$90.00,,,$9.90,$32.99,,,,,,2,,,,,2014-12-04
136492,Basketball Cards 2014 Panini Prizm,"John Stockton [Red, White, and Blue Pulsar Prizm] #154",$5.98,,,,,$45.37,$59.00,$27.00,$27.00,,,$1.30,$6.59,,,,,,4,,,,,2014-12-04
136493,Basketball Cards 2014 Panini Prizm,John Stockton [Yellow and Red Mosaic Prizm] #154,$2.38,,,,,,,,,,,,$2.59,,,,,,4,,,,,2014-12-04
136440,Basketball Cards 2014 Panini Prizm,John Wall #135,$1.74,,,$14.50,$16.00,$25.95,$34.00,$16.00,$16.00,,,,$1.89,,,,,,4,,,,,2014-12-04
12248083,Basketball Cards 2014 Panini Prizm,John Wall [Black Prizm] #135,,,,,,,,,,,,,,,,,,,0,,,,,2014-12-04
12248294,Basketball Cards 2014 Panini Prizm,John Wall [Black Pulsar Prizm] #135,,,,,,,,,,,,,,,,,,,0,,,,,2014-12-04
190534,Basketball Cards 2014 Panini Prizm,John Wall [Blue Mojo Prizm] #135,$2.49,,,,,,,,,,,,$2.69,,,,,,1,,,,,2014-12-04
190287,Basketball Cards 2014 Panini Prizm,John Wall [Blue Prizm] #135,$5.49,,,,,$19.51,$25.00,$12.00,$12.00,,,$1.20,$5.99,,,,,,2,,,,,2014-12-04
12248883,Basketball Cards 2014 Panini Prizm,John Wall [Blue Wave Prizm] #135,,,,,,,,,,,,,,,,,,,0,,,,,2014-12-04
12248563,Basketball Cards 2014 Panini Prizm,John Wall [Blue and Green Prizm] #135,,,,,,,,,,,,,,,,,,,0,,,,,2014-12-04
192279,Basketball Cards 2014 Panini Prizm,John Wall [Gold Prizm] #135,,,,,$103.19,,,,,,,,,,,,,,1,,,,,2014-12-04
12249069,Basketball Cards 2014 Panini Prizm,John Wall [Gold Pulsar Prizm] #135,,,,,,,,,,,,,,,,,,,0,,,,,2014-12-04
136441,Basketball Cards 2014 Panini Prizm,John Wall [Green Prizm] #135,$1.24,,,,,,,,,,,,$1.39,,,,,,4,,,,,2014-12-04
191512,Basketball Cards 2014 Panini Prizm,John Wall [Light Blue Prizm] #135,$9.99,,,$56.87,$63.00,,,,,,,$2.80,$10.99,,,,,,2,,,,,2014-12-04
12249372,Basketball Cards 2014 Panini Prizm,John Wall [Orange Die Cut Prizm] #135,$5.00,,,,,,,,,,,$1.10,$5.49,,,,,,1,,,,,2014-12-04
192532,Basketball Cards 2014 Panini Prizm,John Wall [Prizm] #135,$5.00,,,,,$88.28,$115.00,$53.00,$53.00,,,$1.10,$5.49,,,,,,2,,,,,2014-12-04
192018,Basketball Cards 2014 Panini Prizm,John Wall [Purple Die Cut Prizm] #135,$5.99,,,,,$80.00,$104.00,$48.00,$48.00,,,$1.30,$6.59,,,,,,4,,,,,2014-12-04
136442,Basketball Cards 2014 Panini Prizm,John Wall [Red Prizm] #135,$2.28,,,$45.00,$50.00,,,,,,,,$2.49,,,,,,4,,,,,2014-12-04
191771,Basketball Cards 2014 Panini Prizm,John Wall [Red Pulsar Prizm] #135,$9.45,,,$15.50,$17.00,$19.00,$25.00,$11.00,$16.50,,,$2.00,$9.99,,,,,,3,,,,,2014-12-04
136443,Basketball Cards 2014 Panini Prizm,"John Wall [Red, White, and Blue Pulsar Prizm] #135",$4.50,,,$14.99,$16.00,,,,,,,$1.00,$4.99,,,,,,2,,,,,2014-12-04
12249626,Basketball Cards 2014 Panini Prizm,John Wall [Yellow and Red Mosaic Prizm] #135,,,,,,,,,,,,,,,,,,,0,,,,,2014-12-04
190158,Basketball Cards 2014 Panini Prizm,Johnny O'Bryant #279,$0.99,,,,,,,,,,,,$1.09,,,,,,2,,,,,2014-12-04
12248211,Basketball Cards 2014 Panini Prizm,Johnny O'Bryant [Black Prizm] #279,,,,,,,,,,,,,,,,,,,0,,,,,2014-12-04
12248537,Basketball Cards 2014 Panini Prizm,Johnny O'Bryant [Black Pulsar Prizm] #279,,,,,,,,,,,,,,,,,,,0,,,,,2014-12-04
190645,Basketball Cards 2014 Panini Prizm,Johnny O'Bryant [Blue Mojo Prizm] #279,$3.39,,,,,,,,,,,,$3.69,,,,,,0,,,,,2014-12-04
190406,Basketball Cards 2014 Panini Prizm,Johnny O'Bryant [Blue Prizm] #279,$3.42,,,,,,,,,,,$0.80,$3.79,,,,,,1,,,,,2014-12-04
12249036,Basketball Cards 2014 Panini Prizm,Johnny O'Bryant [Blue Wave Prizm] #279,,,,,,,,,,,,,,,,,,,0,,,,,2014-12-04
12248718,Basketball Cards 2014 Panini Prizm,Johnny O'Bryant [Blue and Green Prizm] #279,$0.99,,,,,,,,,,,,$1.09,,,,,,1,,,,,2014-12-04
192404,Basketball Cards 2014 Panini Prizm,Johnny O'Bryant [Gold Prizm] #279,$43.45,,,,,,,,,,,$19.20,$47.99,,,,,,1,,,,,2014-12-04
12249266,Basketball Cards 2014 Panini Prizm,Johnny O'Bryant [Gold Pulsar Prizm] #279,,,,,,,,,,,,,,,,,,,0,,,,,2014-12-04
190863,Basketball Cards 2014 Panini Prizm,Johnny O'Bryant [Green Prizm] #279,$2.25,,,,,,,,,,,,$2.49,,,,,,1,,,,,2014-12-04
191634,Basketball Cards 2014 Panini Prizm,Johnny O'Bryant [Light Blue Prizm] #279,$5.00,,,,,,,,,,,$1.10,$5.49,,,,,,0,,,,,2014-12-04
12249539,Basketball Cards 2014 Panini Prizm,Johnny O'Bryant [Orange Die Cut Prizm] #279,$1.00,,,,,,,,,,,,$1.09,,,,,,1,,,,,2014-12-04
136908,Basketball Cards 2014 Panini Prizm,Johnny O'Bryant [Prizm] #279,$2.55,,,,,,,,,,,,$2.79,,,,,,1,,,,,2014-12-04
192146,Basketball Cards 2014 Panini Prizm,Johnny O'Bryant [Purple Die Cut Prizm] #279,$1.26,,,,,,,,,,,,$1.39,,,,,,1,,,,,2014-12-04
191125,Basketball Cards 2014 Panini Prizm,Johnny O'Bryant [Red Prizm] #279,$1.49,,,,,,,,,,,,$1.59,,,,,,1,,,,,2014-12-04
191888,Basketball Cards 2014 Panini Prizm,Johnny O'Bryant [Red Pulsar Prizm] #279,$3.99,,,,,,,,,,,$0.90,$4.39,,,,,,0,,,,,2014-12-04
191378,Basketball Cards 2014 Panini Prizm,"Johnny O'Bryant [Red, White, and Blue Pulsar Prizm] #279",$1.25,,,,,,,,,,,,$1.39,,,,,,1,,,,,2014-12-04
12249726,Basketball Cards 2014 Panini Prizm,Johnny O'Bryant [Yellow and Red Mosaic Prizm] #279,,,,,,,,,,,,,,,,,,,0,,,,,2014-12-04
190081,Basketball Cards 2014 Panini Prizm,Jonas Valanciunas #145,$1.75,,,,,,,,,,,,$1.89,,,,,,2,,,,,2014-12-04
12248106,Basketball Cards 2014 Panini Prizm,Jonas Valanciunas [Black Prizm] #145,,,,,,,,,,,,,,,,,,,0,,,,,2014-12-04
12248304,Basketball Cards 2014 Panini Prizm,Jonas Valanciunas [Black Pulsar Prizm] #145,,,,,,,,,,,,,,,,,,,0,,,,,2014-12-04
190541,Basketball Cards 2014 Panini Prizm,Jonas Valanciunas [Blue Mojo Prizm] #145,$2.25,,,,,,,,,,,,$2.49,,,,,,1,,,,,2014-12-04
190295,Basketball Cards 2014 Panini Prizm,Jonas Valanciunas [Blue Prizm] #145,$3.03,,,,,,,,,,,,$3.29,,,,,,1,,,,,2014-12-04
12248900,Basketball Cards 2014 Panini Prizm,Jonas Valanciunas [Blue Wave Prizm] #145,,,,,,,,,,,,,,,,,,,0,,,,,2014-12-04
12248571,Basketball Cards 2014 Panini Prizm,Jonas Valanciunas [Blue and Green Prizm] #145,,,,,,,,,,,,,,,,,,,0,,,,,2014-12-04
192288,Basketball Cards 2014 Panini Prizm,Jonas Valanciunas [Gold Prizm] #145,$32.00,,,,,,,,,,,$10.50,$34.99,,,,,,1,,,,,2014-12-04
12249078,Basketball Cards 2014 Panini Prizm,Jonas Valanciunas [Gold Pulsar Prizm] #145,,,,,,,,,,,,,,,,,,,0,,,,,2014-12-04
190779,Basketball Cards 2014 Panini Prizm,Jonas Valanciunas [Green Prizm] #145,$1.69,,,,,,,,,,,,$1.89,,,,,,1,,,,,2014-12-04
191520,Basketball Cards 2014 Panini Prizm,Jonas Valanciunas [Light Blue Prizm] #145,$2.00,,,,,,,,,,,,$2.19,,,,,,1,,,,,2014-12-04
12249387,Basketball Cards 2014 Panini Prizm,Jonas Valanciunas [Orange Die Cut Prizm] #145,,,,,,,,,,,,,,,,,,,0,,,,,2014-12-04
192540,Basketball Cards 2014 Panini Prizm,Jonas Valanciunas [Prizm] #145,$4.00,,,,,$22.49,$29.00,$13.00,$13.00,,,$0.90,$4.39,,,,,,2,,,,,2014-12-04
192026,Basketball Cards 2014 Panini Prizm,Jonas Valanciunas [Purple Die Cut Prizm] #145,$3.34,,,,,,,,,,,,$3.69,,,,,,1,,,,,2014-12-04
191005,Basketball Cards 2014 Panini Prizm,Jonas Valanciunas [Red Prizm] #145,$1.99,,,,,,,,,,,,$2.19,,,,,,1,,,,,2014-12-04
191779,Basketball Cards 2014 Panini Prizm,Jonas Valanciunas [Red Pulsar Prizm] #145,$0.89,,,,,,,,,,,,$0.99,,,,,,1,,,,,2014-12-04
191266,Basketball Cards 2014 Panini Prizm,"Jonas Valanciunas [Red, White, and Blue Pulsar Prizm] #145",$1.00,,,,,,,,,,,,$1.09,,,,,,1,,,,,2014-12-04
12249638,Basketball Cards 2014 Panini Prizm,Jonas Valanciunas [Yellow and Red Mosaic Prizm] #145,,,,,,,,,,,,,,,,,,,0,,,,,2014-12-04
190153,Basketball Cards 2014 Panini Prizm,Jordan Adams #269,$1.00,,,,,,,,,,,,$1.09,,,,,,1,,,,,2014-12-04
12248199,Basketball Cards 2014 Panini Prizm,Jordan Adams [Black Prizm] #269,,,,,,,,,,,,,,,,,,,0,,,,,2014-12-04
12248527,Basketball Cards 2014 Panini Prizm,Jordan Adams [Black Pulsar Prizm] #269,,,,,,,,,,,,,,,,,,,0,,,,,2014-12-04
190636,Basketball Cards 2014 Panini Prizm,Jordan Adams [Blue Mojo Prizm] #269,$2.21,,,,,,,,,,,,$2.39,,,,,,1,,,,,2014-12-04
190399,Basketball Cards 2014 Panini Prizm,Jordan Adams [Blue Prizm] #269,$3.60,,,,,,,,,,,$0.80,$3.99,,,,,,1,,,,,2014-12-04
12249026,Basketball Cards 2014 Panini Prizm,Jordan Adams [Blue Wave Prizm] #269,,,,,,,,,,,,,,,,,,,0,,,,,2014-12-04
12248706,Basketball Cards 2014 Panini Prizm,Jordan Adams [Blue and Green Prizm] #269,,,,,,,,,,,,,,,,,,,0,,,,,2014-12-04
192395,Basketball Cards 2014 Panini Prizm,Jordan Adams [Gold Prizm] #269,$31.00,,,,,,,,,,,$10.20,$33.99,,,,,,1,,,,,2014-12-04
12249255,Basketball Cards 2014 Panini Prizm,Jordan Adams [Gold Pulsar Prizm] #269,,,,,,,,,,,,,,,,,,,0,,,,,2014-12-04
136870,Basketball Cards 2014 Panini Prizm,Jordan Adams [Green Prizm] #269,$1.25,,,,,,,,,,,,$1.39,,,,,,1,,,,,2014-12-04
191626,Basketball Cards 2014 Panini Prizm,Jordan Adams [Light Blue Prizm] #269,$3.00,,,,,,,,,,,,$3.29,,,,,,1,,,,,2014-12-04
12249530,Basketball Cards 2014 Panini Prizm,Jordan Adams [Orange Die Cut Prizm] #269,,,,,,,,,,,,,,,,,,,0,,,,,2014-12-04
136871,Basketball Cards 2014 Panini Prizm,Jordan Adams [Prizm] #269,$2.37,,,$5.31,$6.00,,,,,,,,$2.59,,,,,,2,,,,,2014-12-04
192138,Basketball Cards 2014 Panini Prizm,Jordan Adams [Purple Die Cut Prizm] #269,$2.53,,,,,,,,,,,,$2.79,,,,,,1,,,,,2014-12-04
191116,Basketball Cards 2014 Panini Prizm,Jordan Adams [Red Prizm] #269,$5.00,,,,,,,,,,,$1.10,$5.49,,,,,,1,,,,,2014-12-04
136872,Basketball Cards 2014 Panini Prizm,Jordan Adams [Red Pulsar Prizm] #269,$2.02,,,,,,,,,,,,$2.19,,,,,,1,,,,,2014-12-04
191371,Basketball Cards 2014 Panini Prizm,"Jordan Adams [Red, White, and Blue Pulsar Prizm] #269",$1.00,,,,,,,,,,,,$1.09,,,,,,1,,,,,2014-12-04
12249773,Basketball Cards 2014 Panini Prizm,Jordan Adams [Yellow and Red Mosaic Prizm] #269,,,,,,,,,,,,,,,,,,,0,,,,,2014-12-04
136946,Basketball Cards 2014 Panini Prizm,Jordan Clarkson #287,$4.99,$2.00,$2.60,$11.50,$13.00,$94.71,$123.00,$57.00,$5.00,,,$1.10,$5.49,,$2.19,,$2.89,,81,,,,,2014-12-04
12248223,Basketball Cards 2014 Panini Prizm,Jordan Clarkson [Black Prizm] #287,,,,,,,,,,,,,,,,,,,0,,,,,2014-12-04
12248545,Basketball Cards 2014 Panini Prizm,Jordan Clarkson [Black Pulsar Prizm] #287,,,,,,,,,,,,,,,,,,,0,,,,,2014-12-04
190651,Basketball Cards 2014 Panini Prizm,Jordan Clarkson [Blue Mojo Prizm] #287,$17.30,,,$43.65,$48.00,,$41.00,,,,,$4.80,$18.99,,,,,,3,,,,,2014-12-04
190413,Basketball Cards 2014 Panini Prizm,Jordan Clarkson [Blue Prizm] #287,$15.14,,,$46.00,$55.00,$55.00,$332.29,$33.00,$33.00,,,$4.30,$16.99,,,,,,5,,,,,2014-12-04
12249043,Basketball Cards 2014 Panini Prizm,Jordan Clarkson [Blue Wave Prizm] #287,,,,,,,,,,,,,,,,,,,0,,,,,2014-12-04
136947,Basketball Cards 2014 Panini Prizm,Jordan Clarkson [Blue and Green Prizm] #287,$10.00,,$13.21,$15.00,$34.02,$49.31,$64.00,$30.00,$30.00,,,$2.80,$10.99,,,$3.80,$14.99,,8,,,,,2014-12-04
192410,Basketball Cards 2014 Panini Prizm,Jordan Clarkson [Gold Prizm] #287,,,,,,,,,,,,,,,,,,,0,,,,,2014-12-04
12249275,Basketball Cards 2014 Panini Prizm,Jordan Clarkson [Gold Pulsar Prizm] #287,,,,,,,,,,,,,,,,,,,0,,,,,2014-12-04
136948,Basketball Cards 2014 Panini Prizm,Jordan Clarkson [Green Prizm] #287,$7.59,,,$10.51,$39.00,$39.99,$52.00,$24.00,$24.00,,,$1.70,$8.39,,,,,,8,,,,,2014-12-04
191641,Basketball Cards 2014 Panini Prizm,Jordan Clarkson [Light Blue Prizm] #287,$50.42,,,$44.99,$60.00,$61.00,$79.00,$37.00,$37.00,,,$22.00,$54.99,,,,,,4,,,,,2014-12-04
136949,Basketball Cards 2014 Panini Prizm,Jordan Clarkson [Orange Die Cut Prizm] #287,$13.00,,,,$202.50,$277.74,$361.00,$167.00,$167.00,,,$3.50,$13.99,,,,,,4,,,,,2014-12-04
136950,Basketball Cards 2014 Panini Prizm,Jordan Clarkson [Prizm] #287,$22.99,,$30.00,$99.99,$125.11,$300.00,$457.44,$180.00,$180.00,,,$7.50,$24.99,,,$9.90,$32.99,,9,,,,,2014-12-04
192153,Basketball Cards 2014 Panini Prizm,Jordan Clarkson [Purple Die Cut Prizm] #287,$20.30,,,,$172.00,$175.00,$228.00,$105.00,$105.00,,,$6.60,$21.99,,,,,,3,,,,,2014-12-04
191130,Basketball Cards 2014 Panini Prizm,Jordan Clarkson [Red Prizm] #287,$59.00,,,,$200.00,,$302.50,,,,,$26.00,$64.99,,,,,,2,,,,,2014-12-04
136951,Basketball Cards 2014 Panini Prizm,Jordan Clarkson [Red Pulsar Prizm] #287,,,,$108.50,$119.00,$320.00,$416.00,$192.00,$192.00,,,,,,,,,,2,,,,,2014-12-04
136952,Basketball Cards 2014 Panini Prizm,"Jordan Clarkson [Red, White, and Blue Pulsar Prizm] #287",$5.00,,,$20.50,$23.00,$75.00,$98.00,$45.00,$45.00,,,$1.10,$5.49,,,,,,7,,,,,2014-12-04
136953,Basketball Cards 2014 Panini Prizm,Jordan Clarkson [Yellow and Red Mosaic Prizm] #287,$8.47,,$15.91,$20.75,$23.00,$28.76,$37.00,$17.00,$17.00,,,$1.90,$9.29,,,$4.50,$17.99,,9,,,,,2014-12-04
189979,Basketball Cards 2014 Panini Prizm,Jordan Hill #6,$0.99,,,,,,,,,,,,$1.09,,,,,,1,,,,,2014-12-04
12247964,Basketball Cards 2014 Panini Prizm,Jordan Hill [Black Prizm] #6,,,,,,,,,,,,,,,,,,,0,,,,,2014-12-04
12248324,Basketball Cards 2014 Panini Prizm,Jordan Hill [Black Pulsar Prizm] #6,,,,,,,,,,,,,,,,,,,0,,,,,2014-12-04
190428,Basketball Cards 2014 Panini Prizm,Jordan Hill [Blue Mojo Prizm] #6,$5.15,,,,,,,,,,,$1.10,$5.69,,,,,,1,,,,,2014-12-04
190174,Basketball Cards 2014 Panini Prizm,Jordan Hill [Blue Prizm] #6,$0.55,,,,,,,,,,,,$0.99,,,,,,1,,,,,2014-12-04
12248789,Basketball Cards 2014 Panini Prizm,Jordan Hill [Blue Wave Prizm] #6,,,,,,,,,,,,,,,,,,,0,,,,,2014-12-04
12248641,Basketball Cards 2014 Panini Prizm,Jordan Hill [Blue and Green Prizm] #6,$2.50,,,,,,,,,,,,$2.79,,,,,,1,,,,,2014-12-04
192170,Basketball Cards 2014 Panini Prizm,Jordan Hill [Gold Prizm] #6,$26.75,,,,,,,,,,,$8.70,$28.99,,,,,,1,,,,,2014-12-04
12249106,Basketball Cards 2014 Panini Prizm,Jordan Hill [Gold Pulsar Prizm] #6,,,,,,,,,,,,,,,,,,,0,,,,,2014-12-04
190667,Basketball Cards 2014 Panini Prizm,Jordan Hill [Green Prizm] #6,$1.99,,,,,,,,,,,,$2.19,,,,,,2,,,,,2014-12-04
191398,Basketball Cards 2014 Panini Prizm,Jordan Hill [Light Blue Prizm] #6,$1.77,,,,,,,,,,,,$1.99,,,,,,1,,,,,2014-12-04
12249313,Basketball Cards 2014 Panini Prizm,Jordan Hill [Orange Die Cut Prizm] #6,,,,,,,,,,,,,,,,,,,0,,,,,2014-12-04
192427,Basketball Cards 2014 Panini Prizm,Jordan Hill [Prizm] #6,$2.47,,,,,,,,,,,,$2.69,,,,,,1,,,,,2014-12-04
191909,Basketball Cards 2014 Panini Prizm,Jordan Hill [Purple Die Cut Prizm] #6,$1.55,,,,,,,,,,,,$1.69,,,,,,2,,,,,2014-12-04
190881,Basketball Cards 2014 Panini Prizm,Jordan Hill [Red Prizm] #6,$1.53,,,$6.51,$7.00,,,,,,,,$1.69,,,,,,3,,,,,2014-12-04
191657,Basketball Cards 2014 Panini Prizm,Jordan Hill [Red Pulsar Prizm] #6,$3.99,,,,,,,,,,,$0.90,$4.39,,,,,,1,,,,,2014-12-04
191148,Basketball Cards 2014 Panini Prizm,"Jordan Hill [Red, White, and Blue Pulsar Prizm] #6",$1.84,,,,,,,,,,,,$1.99,,,,,,1,,,,,2014-12-04
12249564,Basketball Cards 2014 Panini Prizm,Jordan Hill [Yellow and Red Mosaic Prizm] #6,,,,$17.30,$19.00,,,,,,,,,,,,,,1,,,,,2014-12-04
189986,Basketball Cards 2014 Panini Prizm,Jose Calderon #16,$0.99,,,,,,,,,,,,$1.09,,,,,,1,,,,,2014-12-04
12247974,Basketball Cards 2014 Panini Prizm,Jose Calderon [Black Prizm] #16,,,,,,,,,,,,,,,,,,,0,,,,,2014-12-04
12248345,Basketball Cards 2014 Panini Prizm,Jose Calderon [Black Pulsar Prizm] #16,,,,,,,,,,,,,,,,,,,0,,,,,2014-12-04
190438,Basketball Cards 2014 Panini Prizm,Jose Calderon [Blue Mojo Prizm] #16,$3.60,,,,,,,,,,,$0.80,$3.99,,,,,,1,,,,,2014-12-04
190184,Basketball Cards 2014 Panini Prizm,Jose Calderon [Blue Prizm] #16,$3.85,,,,,,,,,,,$0.80,$4.19,,,,,,1,,,,,2014-12-04
12248799,Basketball Cards 2014 Panini Prizm,Jose Calderon [Blue Wave Prizm] #16,,,,,,,,,,,,,,,,,,,0,,,,,2014-12-04
12248660,Basketball Cards 2014 Panini Prizm,Jose Calderon [Blue and Green Prizm] #16,,,,,,,,,,,,,,,,,,,0,,,,,2014-12-04
192179,Basketball Cards 2014 Panini Prizm,Jose Calderon [Gold Prizm] #16,,,,,,,,,,,,,,,,,,,0,,,,,2014-12-04
12249123,Basketball Cards 2014 Panini Prizm,Jose Calderon [Gold Pulsar Prizm] #16,,,,,,,,,,,,,,,,,,,0,,,,,2014-12-04
190674,Basketball Cards 2014 Panini Prizm,Jose Calderon [Green Prizm] #16,$1.51,,,,,,,,,,,,$1.69,,,,,,1,,,,,2014-12-04
191408,Basketball Cards 2014 Panini Prizm,Jose Calderon [Light Blue Prizm] #16,$4.00,,,,,,,,,,,$0.90,$4.39,,,,,,1,,,,,2014-12-04
12249323,Basketball Cards 2014 Panini Prizm,Jose Calderon [Orange Die Cut Prizm] #16,,,,,,,,,,,,,,,,,,,0,,,,,2014-12-04
192436,Basketball Cards 2014 Panini Prizm,Jose Calderon [Prizm] #16,$2.99,,,,,,,,,,,,$3.29,,,,,,1,,,,,2014-12-04
191918,Basketball Cards 2014 Panini Prizm,Jose Calderon [Purple Die Cut Prizm] #16,$2.99,,,,,,,,,,,,$3.29,,,,,,2,,,,,2014-12-04
190891,Basketball Cards 2014 Panini Prizm,Jose Calderon [Red Prizm] #16,$4.75,,,,,,,,,,,$1.00,$5.19,,,,,,2,,,,,2014-12-04
191666,Basketball Cards 2014 Panini Prizm,Jose Calderon [Red Pulsar Prizm] #16,$9.45,,,,,,,,,,,$2.00,$9.99,,,,,,0,,,,,2014-12-04
191157,Basketball Cards 2014 Panini Prizm,"Jose Calderon [Red, White, and Blue Pulsar Prizm] #16",$2.00,,,,,,,,,,,,$2.19,,,,,,1,,,,,2014-12-04
9808312,Basketball Cards 2014 Panini Prizm,Jose Calderon [Yellow and Red Mosaic Prizm] #16,$0.06,,,,,,,,,,,,$0.99,,,,,,1,,,,,2014-12-04
189992,Basketball Cards 2014 Panini Prizm,Josh Smith #26,$1.39,,,,,,,,,,,,$1.49,,,,,,1,,,,,2014-12-04
12247984,Basketball Cards 2014 Panini Prizm,Josh Smith [Black Prizm] #26,$2026.00,,,,,,,,,,,$1337.40,$2229.00,,,,,,1,,,,,2014-12-04
12248366,Basketball Cards 2014 Panini Prizm,Josh Smith [Black Pulsar Prizm] #26,,,,,,,,,,,,,,,,,,,0,,,,,2014-12-04
190447,Basketball Cards 2014 Panini Prizm,Josh Smith [Blue Mojo Prizm] #26,$1.88,,,,,,,,,,,,$2.09,,,,,,1,,,,,2014-12-04
190191,Basketball Cards 2014 Panini Prizm,Josh Smith [Blue Prizm] #26,$5.50,,,,,,,,,,,$1.20,$6.09,,,,,,1,,,,,2014-12-04
12248807,Basketball Cards 2014 Panini Prizm,Josh Smith [Blue Wave Prizm] #26,,,,,,,,,,,,,,,,,,,0,,,,,2014-12-04
12248675,Basketball Cards 2014 Panini Prizm,Josh Smith [Blue and Green Prizm] #26,$1.00,,,,,,,,,,,,$1.09,,,,,,1,,,,,2014-12-04
192188,Basketball Cards 2014 Panini Prizm,Josh Smith [Gold Prizm] #26,$28.50,,,,,,,,,,,$9.30,$30.99,,,,,,1,,,,,2014-12-04
12249141,Basketball Cards 2014 Panini Prizm,Josh Smith [Gold Pulsar Prizm] #26,,,,,,,,,,,,,,,,,,,0,,,,,2014-12-04
190682,Basketball Cards 2014 Panini Prizm,Josh Smith [Green Prizm] #26,$1.58,,,,,,,,,,,,$1.69,,,,,,1,,,,,2014-12-04
191416,Basketball Cards 2014 Panini Prizm,Josh Smith [Light Blue Prizm] #26,$2.87,,,,,,,,,,,,$3.19,,,,,,1,,,,,2014-12-04
12249330,Basketball Cards 2014 Panini Prizm,Josh Smith [Orange Die Cut Prizm] #26,,,,,,,,,,,,,,,,,,,0,,,,,2014-12-04
192444,Basketball Cards 2014 Panini Prizm,Josh Smith [Prizm] #26,$0.25,,,,,,,,,,,,$0.99,,,,,,0,,,,,2014-12-04
191927,Basketball Cards 2014 Panini Prizm,Josh Smith [Purple Die Cut Prizm] #26,$3.05,,,,,$34.77,$45.00,$21.00,$21.00,,,,$3.39,,,,,,3,,,,,2014-12-04
190900,Basketball Cards 2014 Panini Prizm,Josh Smith [Red Prizm] #26,$1.83,,,,,,,,,,,,$1.99,,,,,,2,,,,,2014-12-04
191676,Basketball Cards 2014 Panini Prizm,Josh Smith [Red Pulsar Prizm] #26,$2.50,,,,,,,,,,,,$2.79,,,,,,1,,,,,2014-12-04
191164,Basketball Cards 2014 Panini Prizm,"Josh Smith [Red, White, and Blue Pulsar Prizm] #26",$1.49,,,,,,,,,,,,$1.59,,,,,,1,,,,,2014-12-04
12249578,Basketball Cards 2014 Panini Prizm,Josh Smith [Yellow and Red Mosaic Prizm] #26,$1.61,,,,,,,,,,,,$1.79,,,,,,1,,,,,2014-12-04
190001,Basketball Cards 2014 Panini Prizm,Jrue Holiday #36,$2.20,,,$6.51,$7.00,$16.50,$21.00,$10.00,$10.00,,,,$2.39,,,,,,5,,,,,2014-12-04
12247994,Basketball Cards 2014 Panini Prizm,Jrue Holiday [Black Prizm] #36,,,,,,,,,,,,,,,,,,,0,,,,,2014-12-04
12248386,Basketball Cards 2014 Panini Prizm,Jrue Holiday [Black Pulsar Prizm] #36,,,,,,,,,,,,,,,,,,,0,,,,,2014-12-04
190457,Basketball Cards 2014 Panini Prizm,Jrue Holiday [Blue Mojo Prizm] #36,$5.18,,,,,,,,,,,$1.10,$5.69,,,,,,1,,,,,2014-12-04
190201,Basketball Cards 2014 Panini Prizm,Jrue Holiday [Blue Prizm] #36,$5.12,,,$24.99,$27.00,,,,,,,$1.10,$5.59,,,,,,3,,,,,2014-12-04
12248817,Basketball Cards 2014 Panini Prizm,Jrue Holiday [Blue Wave Prizm] #36,$3.00,,,,,,,,,,,,$3.29,,,,,,1,,,,,2014-12-04
12248683,Basketball Cards 2014 Panini Prizm,Jrue Holiday [Blue and Green Prizm] #36,,,,,,,,,,,,,,,,,,,0,,,,,2014-12-04
192196,Basketball Cards 2014 Panini Prizm,Jrue Holiday [Gold Prizm] #36,$115.24,$195.00,,,,$260.36,$338.00,$156.00,$156.00,,,$63.50,$127.00,$107.50,$215.00,,,,3,,,,,2014-12-04
12249163,Basketball Cards 2014 Panini Prizm,Jrue Holiday [Gold Pulsar Prizm] #36,,,,,,,,,,,,,,,,,,,0,,,,,2014-12-04
190692,Basketball Cards 2014 Panini Prizm,Jrue Holiday [Green Prizm] #36,$1.49,,,,,,,,,,,,$1.59,,,,,,3,,,,,2014-12-04
191425,Basketball Cards 2014 Panini Prizm,Jrue Holiday [Light Blue Prizm] #36,$5.50,,,,,,,,,,,$1.20,$6.09,,,,,,1,,,,,2014-12-04
12249339,Basketball Cards 2014 Panini Prizm,Jrue Holiday [Orange Die Cut Prizm] #36,,,,,,,,,,,,,,,,,,,0,,,,,2014-12-04
192453,Basketball Cards 2014 Panini Prizm,Jrue Holiday [Prizm] #36,$2.99,,,,,$26.00,$34.00,$16.00,$16.00,,,,$3.29,,,,,,3,,,,,2014-12-04
191936,Basketball Cards 2014 Panini Prizm,Jrue Holiday [Purple Die Cut Prizm] #36,$4.37,,,,,,,,,,,$1.00,$4.79,,,,,,2,,,,,2014-12-04
190910,Basketball Cards 2014 Panini Prizm,Jrue Holiday [Red Prizm] #36,$6.87,,,,,,,,,,,$1.50,$7.59,,,,,,1,,,,,2014-12-04
191685,Basketball Cards 2014 Panini Prizm,Jrue Holiday [Red Pulsar Prizm] #36,$9.74,,,,,,,,,,,$2.80,$10.99,,,,,,1,,,,,2014-12-04
191173,Basketball Cards 2014 Panini Prizm,"Jrue Holiday [Red, White, and Blue Pulsar Prizm] #36",$2.76,,,,,,,,,,,,$2.99,,,,,,2,,,,,2014-12-04
136169,Basketball Cards 2014 Panini Prizm,Jrue Holiday [Yellow and Red Mosaic Prizm] #36,$1.40,,,$14.50,$16.00,,,,,,,,$1.49,,,,,,2,,,,,2014-12-04
136513,Basketball Cards 2014 Panini Prizm,Julius Erving #163,$1.72,,$30.00,$33.00,$36.00,$40.00,$52.00,$24.00,$15.73,,,,$1.89,,,$9.90,$32.99,,13,,,,,2014-12-04
12248151,Basketball Cards 2014 Panini Prizm,Julius Erving [Black Prizm] #163,,,,,,,,,,,,,,,,,,,0,,,,,2014-12-04
12248331,Basketball Cards 2014 Panini Prizm,Julius Erving [Black Pulsar Prizm] #163,,,,,,,,,,,,,,,,,,,0,,,,,2014-12-04
190555,Basketball Cards 2014 Panini Prizm,Julius Erving [Blue Mojo Prizm] #163,$8.50,,,$17.50,$19.00,,,,,,,$1.90,$9.39,,,,,,3,,,,,2014-12-04
136515,Basketball Cards 2014 Panini Prizm,Julius Erving [Blue Prizm] #163,$5.50,,,$89.99,$99.00,$100.69,$131.00,$60.00,$60.00,,,$1.20,$6.09,,,,,,3,,,,,2014-12-04
12248932,Basketball Cards 2014 Panini Prizm,Julius Erving [Blue Wave Prizm] #163,,,,,,,,,,,,,,,,,,,0,,,,,2014-12-04
136514,Basketball Cards 2014 Panini Prizm,Julius Erving [Blue and Green Prizm] #163,$7.00,,$8.59,$23.70,$26.00,$49.95,$65.00,$30.00,$30.00,,,$1.50,$7.69,,,$1.90,$9.49,,11,,,,,2014-12-04
136516,Basketball Cards 2014 Panini Prizm,Julius Erving [Gold Prizm] #163,$0.99,,,,,,,,,,,,$1.09,,,,,,1,,,,,2014-12-04
136517,Basketball Cards 2014 Panini Prizm,Julius Erving [Gold Pulsar Prizm] #163,$24.50,,,,$23.00,$23.50,$31.00,$14.00,$14.00,,,$8.10,$26.99,,,,,,3,,,,,2014-12-04
136518,Basketball Cards 2014 Panini Prizm,Julius Erving [Green Prizm] #163,$7.01,,,$11.04,$12.00,$57.65,$75.00,$35.00,$35.00,,,$1.50,$7.69,,,,,,5,,,,,2014-12-04
191537,Basketball Cards 2014 Panini Prizm,Julius Erving [Light Blue Prizm] #163,$15.63,,,,,$140.50,$183.00,$84.00,$84.00,,,$4.30,$16.99,,,,,,2,,,,,2014-12-04
136519,Basketball Cards 2014 Panini Prizm,Julius Erving [Orange Die Cut Prizm] #163,$7.06,,,$28.08,$31.00,$104.99,$136.00,$63.00,$63.00,,,$1.60,$7.79,,,,,,3,,,,,2014-12-04
192555,Basketball Cards 2014 Panini Prizm,Julius Erving [Prizm] #163,$15.43,,,,,,,,$46.00,,,$4.30,$16.99,,,,,,3,,,,,2014-12-04
192044,Basketball Cards 2014 Panini Prizm,Julius Erving [Purple Die Cut Prizm] #163,$17.53,,,$39.95,$44.00,,,,,,,$4.80,$18.99,,,,,,3,,,,,2014-12-04
191022,Basketball Cards 2014 Panini Prizm,Julius Erving [Red Prizm] #163,$15.50,,,,,,,,,,,$4.30,$16.99,,,,,,1,,,,,2014-12-04
191794,Basketball Cards 2014 Panini Prizm,Julius Erving [Red Pulsar Prizm] #163,,,,$68.00,$173.26,,,,,,,,,,,,,,2,,,,,2014-12-04
191282,Basketball Cards 2014 Panini Prizm,"Julius Erving [Red, White, and Blue Pulsar Prizm] #163",$6.03,,,$14.27,$16.00,,,,,,,$1.30,$6.59,,,,,,8,,,,,2014-12-04
136520,Basketball Cards 2014 Panini Prizm,Julius Erving [Yellow and Red Mosaic Prizm] #163,$3.25,,,$29.99,$33.00,$59.00,$77.00,$35.00,$35.00,,,,$3.59,,,,,,6,,,,,2014-12-04
136788,Basketball Cards 2014 Panini Prizm,Julius Randle #257,$2.49,,$2.55,$9.86,$27.00,$28.00,$66.00,$17.00,$18.50,,,,$2.69,,,,$2.79,,87,,,,,2014-12-04
12248180,Basketball Cards 2014 Panini Prizm,Julius Randle [Black Prizm] #257,,,,,,,,,,,,,,,,,,,0,,,,,2014-12-04
12248515,Basketball Cards 2014 Panini Prizm,Julius Randle [Black Pulsar Prizm] #257,,,,,,,,,,,,,,,,,,,0,,,,,2014-12-04
136798,Basketball Cards 2014 Panini Prizm,Julius Randle [Blue Mojo Prizm] #257,$9.99,,,$40.00,$44.00,$98.09,$128.00,$59.00,$59.00,,,$2.80,$10.99,,,,,,9,,,,,2014-12-04
136791,Basketball Cards 2014 Panini Prizm,Julius Randle [Blue Prizm] #257,$37.50,,,$40.00,$44.00,$244.95,$318.00,$147.00,$147.00,,,$16.40,$40.99,,,,,,4,,,,,2014-12-04
136792,Basketball Cards 2014 Panini Prizm,Julius Randle [Blue Wave Prizm] #257,$58.34,,,$26.28,$54.00,$55.50,$72.00,$33.00,$33.00,,,$25.60,$63.99,,,,,,5,,,,,2014-12-04
136790,Basketball Cards 2014 Panini Prizm,Julius Randle [Blue and Green Prizm] #257,$10.00,,$57.00,$63.00,$69.00,$76.00,$99.00,$46.00,$46.00,,,$2.80,$10.99,,,$25.20,$62.99,,9,,,,,2014-12-04
192385,Basketball Cards 2014 Panini Prizm,Julius Randle [Gold Prizm] #257,,,,,$1275.00,,,,,,,,,,,,,,1,,,,,2014-12-04
12249240,Basketball Cards 2014 Panini Prizm,Julius Randle [Gold Pulsar Prizm] #257,,,,,,,,,,,,,,,,,,,0,,,,,2014-12-04
136793,Basketball Cards 2014 Panini Prizm,Julius Randle [Green Prizm] #257,$11.37,,$5.50,$39.99,$41.00,$41.48,$500.00,$25.00,$25.00,,,$3.30,$12.99,,,$1.20,$6.09,,10,,,,,2014-12-04
136795,Basketball Cards 2014 Panini Prizm,Julius Randle [Light Blue Prizm] #257,$59.99,,,$84.57,$139.90,$500.00,$650.00,$300.00,$300.00,,,$26.40,$65.99,,,,,,3,,,,,2014-12-04
136799,Basketball Cards 2014 Panini Prizm,Julius Randle [Orange Die Cut Prizm] #257,$28.71,$21.15,,$31.63,$35.00,$50.08,$65.00,$30.00,$30.00,,,$9.60,$31.99,$6.90,$22.99,,,,5,,,,,2014-12-04
136800,Basketball Cards 2014 Panini Prizm,Julius Randle [Prizm] #257,$12.50,,$173.61,$191.00,$210.00,$229.00,$585.00,$137.00,$137.00,,,$3.50,$13.99,,,$95.50,$191.00,,11,,,,,2014-12-04
136803,Basketball Cards 2014 Panini Prizm,Julius Randle [Purple Die Cut Prizm] #257,$24.85,,,$32.00,$35.00,$109.09,$142.00,$65.00,$65.00,,,$8.10,$26.99,,,,,,4,,,,,2014-12-04
136801,Basketball Cards 2014 Panini Prizm,Julius Randle [Red Prizm] #257,$205.75,,,,,$59.00,$77.00,$35.00,$35.00,,,$113.00,$226.00,,,,,,2,,,,,2014-12-04
136802,Basketball Cards 2014 Panini Prizm,Julius Randle [Red Pulsar Prizm] #257,$149.99,,,,,$350.00,$455.00,$210.00,$210.00,,,$82.50,$165.00,,,,,,2,,,,,2014-12-04
136804,Basketball Cards 2014 Panini Prizm,"Julius Randle [Red, White, and Blue Pulsar Prizm] #257",$5.65,,$10.31,$22.04,$24.00,$50.03,$220.00,$30.00,$30.00,,,$1.20,$6.19,,,$2.80,$10.99,,12,,,,,2014-12-04
136806,Basketball Cards 2014 Panini Prizm,Julius Randle [Yellow and Red Mosaic Prizm] #257,$4.19,,$8.39,$11.50,$25.78,$50.00,$65.00,$30.00,$30.00,,,$0.90,$4.59,,,$1.80,$9.19,,11,,,,,2014-12-04
136909,Basketball Cards 2014 Panini Prizm,Jusuf Nurkic #280,$1.79,,$0.99,$4.00,$9.00,$9.38,$12.00,$6.00,$6.00,,,,$1.99,,,,$1.09,,30,,,,,2014-12-04
12248212,Basketball Cards 2014 Panini Prizm,Jusuf Nurkic [Black Prizm] #280,,,,,,,,,,,,,,,,,,,0,,,,,2014-12-04
12248538,Basketball Cards 2014 Panini Prizm,Jusuf Nurkic [Black Pulsar Prizm] #280,,,,,,,,,,,,,,,,,,,0,,,,,2014-12-04
136911,Basketball Cards 2014 Panini Prizm,Jusuf Nurkic [Blue Mojo Prizm] #280,$6.37,,,$25.77,$28.00,$39.99,$52.00,$24.00,$24.00,,,$1.40,$6.99,,,,,,3,,,,,2014-12-04
136912,Basketball Cards 2014 Panini Prizm,Jusuf Nurkic [Blue Prizm] #280,$12.99,,,,,$144.00,$187.00,$86.00,$86.00,,,$3.50,$13.99,,,,,,3,,,,,2014-12-04
136913,Basketball Cards 2014 Panini Prizm,Jusuf Nurkic [Blue Wave Prizm] #280,$11.24,,,$28.99,$32.00,$39.99,$52.00,$24.00,$24.00,,,$3.00,$11.99,,,,,,3,,,,,2014-12-04
136910,Basketball Cards 2014 Panini Prizm,Jusuf Nurkic [Blue and Green Prizm] #280,$4.47,,,$7.50,$8.00,$28.99,$38.00,$17.00,$17.00,,,$1.00,$4.89,,,,,,5,,,,,2014-12-04
192405,Basketball Cards 2014 Panini Prizm,Jusuf Nurkic [Gold Prizm] #280,$170.77,,,,$565.00,,,,,,,$94.00,$188.00,,,,,,3,,,,,2014-12-04
12249267,Basketball Cards 2014 Panini Prizm,Jusuf Nurkic [Gold Pulsar Prizm] #280,,,,,,,,,,,,,,,,,,,0,,,,,2014-12-04
136914,Basketball Cards 2014 Panini Prizm,Jusuf Nurkic [Green Prizm] #280,$1.69,,,$17.15,$19.00,$26.99,$35.00,$16.00,$16.00,,,,$1.89,,,,,,4,,,,,2014-12-04
136915,Basketball Cards 2014 Panini Prizm,Jusuf Nurkic [Light Blue Prizm] #280,$175.00,,,$48.00,$63.69,$128.19,$167.00,$77.00,$77.00,,,$96.50,$193.00,,,,,,3,,,,,2014-12-04
136916,Basketball Cards 2014 Panini Prizm,Jusuf Nurkic [Orange Die Cut Prizm] #280,$6.23,$7.00,$14.46,,,,,,,,,$1.40,$6.89,$1.50,$7.69,$4.00,$15.99,,4,,,,,2014-12-04
136917,Basketball Cards 2014 Panini Prizm,Jusuf Nurkic [Prizm] #280,$5.00,,,$31.00,$69.00,$70.00,$91.00,$42.00,$42.00,,,$1.10,$5.49,,,,,,6,,,,,2014-12-04
136918,Basketball Cards 2014 Panini Prizm,Jusuf Nurkic [Purple Die Cut Prizm] #280,$5.94,,,$26.97,$30.00,,,,,,,$1.30,$6.49,,,,,,2,,,,,2014-12-04
136919,Basketball Cards 2014 Panini Prizm,Jusuf Nurkic [Red Prizm] #280,$62.52,,,,,$45.75,$59.00,$27.00,$27.00,,,$27.60,$68.99,,,,,,2,,,,,2014-12-04
191889,Basketball Cards 2014 Panini Prizm,Jusuf Nurkic [Red Pulsar Prizm] #280,$36.10,,,,$125.00,,$537.23,,,,,$16.00,$39.99,,,,,,2,,,,,2014-12-04
136920,Basketball Cards 2014 Panini Prizm,"Jusuf Nurkic [Red, White, and Blue Pulsar Prizm] #280",$2.35,,$2.26,$10.00,$11.00,$23.16,$30.00,$14.00,$14.00,,,,$2.59,,,,$2.49,,6,,,,,2014-12-04
136922,Basketball Cards 2014 Panini Prizm,Jusuf Nurkic [Yellow and Red Mosaic Prizm] #280,$1.33,,,$25.76,$28.00,$31.00,$40.00,$19.00,$19.00,,,,$1.49,,,,,,5,,,,,2014-12-04
136538,Basketball Cards 2014 Panini Prizm,Kareem Abdul-Jabbar #173,$1.92,,$6.27,$14.99,$16.00,$25.25,$33.00,$15.00,$15.00,,,,$2.09,,,$1.40,$6.89,,17,,,,,2014-12-04
12248179,Basketball Cards 2014 Panini Prizm,Kareem Abdul-Jabbar [Black Prizm] #173,,,,,,,,,,,,,,,,,,,0,,,,,2014-12-04
12248351,Basketball Cards 2014 Panini Prizm,Kareem Abdul-Jabbar [Black Pulsar Prizm] #173,,,,,,,,,,,,,,,,,,,0,,,,,2014-12-04
190563,Basketball Cards 2014 Panini Prizm,Kareem Abdul-Jabbar [Blue Mojo Prizm] #173,$9.99,,,$24.95,$27.00,$37.99,$49.00,$23.00,$23.00,,,$2.80,$10.99,,,,,,4,,,,,2014-12-04
136540,Basketball Cards 2014 Panini Prizm,Kareem Abdul-Jabbar [Blue Prizm] #173,$8.36,,,,,,,,,,,$1.80,$9.19,,,,,,1,,,,,2014-12-04
12248942,Basketball Cards 2014 Panini Prizm,Kareem Abdul-Jabbar [Blue Wave Prizm] #173,$11.18,,,,,,,,,,,$3.00,$11.99,,,,,,1,,,,,2014-12-04
136539,Basketball Cards 2014 Panini Prizm,Kareem Abdul-Jabbar [Blue and Green Prizm] #173,$2.51,,,$36.14,$40.00,$43.01,$56.00,$26.00,$26.00,,,,$2.79,,,,,,8,,,,,2014-12-04
192313,Basketball Cards 2014 Panini Prizm,Kareem Abdul-Jabbar [Gold Prizm] #173,$380.00,,,,$297.30,$333.33,$839.00,$200.00,$200.00,,,$209.00,$418.00,,,,,,3,,,,,2014-12-04
12249107,Basketball Cards 2014 Panini Prizm,Kareem Abdul-Jabbar [Gold Pulsar Prizm] #173,,,,,,,,,,,,,,,,,,,0,,,,,2014-12-04
190808,Basketball Cards 2014 Panini Prizm,Kareem Abdul-Jabbar [Green Prizm] #173,$14.82,,,$39.88,$44.00,,,,,,,$4.00,$15.99,,,,,,4,,,,,2014-12-04
191547,Basketball Cards 2014 Panini Prizm,Kareem Abdul-Jabbar [Light Blue Prizm] #173,$59.99,,,$46.99,$52.00,,,,,,,$26.40,$65.99,,,,,,2,,,,,2014-12-04
136542,Basketball Cards 2014 Panini Prizm,Kareem Abdul-Jabbar [Orange Die Cut Prizm] #173,$19.94,,,,,$106.85,$139.00,$64.00,$64.00,,,$6.60,$21.99,,,,,,2,,,,,2014-12-04
192568,Basketball Cards 2014 Panini Prizm,Kareem Abdul-Jabbar [Prizm] #173,$8.10,,,$29.99,$33.00,$50.00,$65.00,$30.00,$30.00,,,$1.80,$8.89,,,,,,5,,,,,2014-12-04
192054,Basketball Cards 2014 Panini Prizm,Kareem Abdul-Jabbar [Purple Die Cut Prizm] #173,$27.28,,,$28.00,$31.00,$64.00,$83.00,$38.00,$38.00,,,$9.00,$29.99,,,,,,4,,,,,2014-12-04
191032,Basketball Cards 2014 Panini Prizm,Kareem Abdul-Jabbar [Red Prizm] #173,$4.12,,,$10.95,$12.00,$82.00,$107.00,$49.00,$10.00,,,$0.90,$4.49,,,,,,5,,,,,2014-12-04
191803,Basketball Cards 2014 Panini Prizm,Kareem Abdul-Jabbar [Red Pulsar Prizm] #173,,,,$79.56,$88.00,,,,,,,,,,,,,,1,,,,,2014-12-04
191292,Basketball Cards 2014 Panini Prizm,"Kareem Abdul-Jabbar [Red, White, and Blue Pulsar Prizm] #173",$3.90,,,$29.99,$33.00,,,,,,,$0.90,$4.29,,,,,,4,,,,,2014-12-04
12249684,Basketball Cards 2014 Panini Prizm,Kareem Abdul-Jabbar [Yellow and Red Mosaic Prizm] #173,,,,$29.99,$33.00,$40.00,$52.00,$24.00,$24.00,,,,,,,,,,2,,,,,2014-12-04
190104,Basketball Cards 2014 Panini Prizm,Karl Malone #183,$1.68,,,,,$16.99,$22.00,$10.00,$10.00,,,,$1.89,,,,,,6,,,,,2014-12-04
12248215,Basketball Cards 2014 Panini Prizm,Karl Malone [Black Prizm] #183,,,,,,,,,,,,,,,,,,,0,,,,,2014-12-04
12248367,Basketball Cards 2014 Panini Prizm,Karl Malone [Black Pulsar Prizm] #183,,,,,,,,,,,,,,,,,,,0,,,,,2014-12-04
190571,Basketball Cards 2014 Panini Prizm,Karl Malone [Blue Mojo Prizm] #183,$9.21,,,,,,,,,,,$2.00,$9.99,,,,,,1,,,,,2014-12-04
190329,Basketball Cards 2014 Panini Prizm,Karl Malone [Blue Prizm] #183,$8.00,,,,,$22.50,$29.00,$14.00,$14.00,,,$1.80,$8.79,,,,,,4,,,,,2014-12-04
12248955,Basketball Cards 2014 Panini Prizm,Karl Malone [Blue Wave Prizm] #183,,,,,,,,,,,,,,,,,,,0,,,,,2014-12-04
12248600,Basketball Cards 2014 Panini Prizm,Karl Malone [Blue and Green Prizm] #183,,,,,,,,,,,,,,,,,,,0,,,,,2014-12-04
192322,Basketball Cards 2014 Panini Prizm,Karl Malone [Gold Prizm] #183,$92.63,,,,,$795.00,$1034.00,$477.00,$477.00,,,$51.00,$102.00,,,,,,2,,,,,2014-12-04
12249122,Basketball Cards 2014 Panini Prizm,Karl Malone [Gold Pulsar Prizm] #183,,,,,,,,,,,,,,,,,,,0,,,,,2014-12-04
190806,Basketball Cards 2014 Panini Prizm,Karl Malone [Green Prizm] #183,$2.05,,,,,$38.98,$51.00,$23.00,$23.00,,,,$2.29,,,,,,5,,,,,2014-12-04
191557,Basketball Cards 2014 Panini Prizm,Karl Malone [Light Blue Prizm] #183,$10.30,,,,,,,,,,,$2.80,$10.99,,,,,,1,,,,,2014-12-04
12249446,Basketball Cards 2014 Panini Prizm,Karl Malone [Orange Die Cut Prizm] #183,,,,,,,,,,,,,,,,,,,0,,,,,2014-12-04
192572,Basketball Cards 2014 Panini Prizm,Karl Malone [Prizm] #183,$5.39,,,,,$90.00,$117.00,$54.00,$54.00,,,$1.20,$5.89,,,,,,3,,,,,2014-12-04
192063,Basketball Cards 2014 Panini Prizm,Karl Malone [Purple Die Cut Prizm] #183,$7.07,,,,,,,,,,,$1.60,$7.79,,,,,,3,,,,,2014-12-04
191041,Basketball Cards 2014 Panini Prizm,Karl Malone [Red Prizm] #183,$11.50,,,,,,,,,,,$3.30,$12.99,,,,,,1,,,,,2014-12-04
191813,Basketball Cards 2014 Panini Prizm,Karl Malone [Red Pulsar Prizm] #183,$24.76,,,,,,,,,,,$8.10,$26.99,,,,,,1,,,,,2014-12-04
191302,Basketball Cards 2014 Panini Prizm,"Karl Malone [Red, White, and Blue Pulsar Prizm] #183",$1.36,,,,,,,,,,,,$1.49,,,,,,3,,,,,2014-12-04
136564,Basketball Cards 2014 Panini Prizm,Karl Malone [Yellow and Red Mosaic Prizm] #183,$3.49,,,,,$22.30,$29.00,$13.00,$13.00,,,$0.80,$3.79,,,,,,3,,,,,2014-12-04
136177,Basketball Cards 2014 Panini Prizm,Kawhi Leonard #46,$2.05,,$5.00,$8.23,$16.37,$21.75,$28.00,$13.00,$33.55,,,,$2.29,,,$1.10,$5.49,,30,,,,,2014-12-04
12248004,Basketball Cards 2014 Panini Prizm,Kawhi Leonard [Black Prizm] #46,,,,,,,,,,,,,,,,,,,0,,,,,2014-12-04
12248406,Basketball Cards 2014 Panini Prizm,Kawhi Leonard [Black Pulsar Prizm] #46,,,,,,,,,,,,,,,,,,,0,,,,,2014-12-04
136179,Basketball Cards 2014 Panini Prizm,Kawhi Leonard [Blue Mojo Prizm] #46,$15.87,,,$59.72,$137.12,$148.60,$193.00,$89.00,$89.00,,,$4.30,$16.99,,,,,,5,,,,,2014-12-04
136180,Basketball Cards 2014 Panini Prizm,Kawhi Leonard [Blue Prizm] #46,$14.55,,,$21.74,$24.00,,,,$12.00,,,$4.00,$15.99,,,,,,2,,,,,2014-12-04
136181,Basketball Cards 2014 Panini Prizm,Kawhi Leonard [Blue Wave Prizm] #46,$65.00,,,$48.37,$53.00,$323.00,$295.01,$194.00,$194.00,,,$28.80,$71.99,,,,,,3,,,,,2014-12-04
136178,Basketball Cards 2014 Panini Prizm,Kawhi Leonard [Blue and Green Prizm] #46,$3.25,,,$9.50,$10.00,$14.04,$18.00,$8.00,$8.00,,,,$3.59,,,,,,7,,,,,2014-12-04
192205,Basketball Cards 2014 Panini Prizm,Kawhi Leonard [Gold Prizm] #46,,,,$1663.01,$1829.00,,,,,,,,,,,,,,2,,,,,2014-12-04
12249186,Basketball Cards 2014 Panini Prizm,Kawhi Leonard [Gold Pulsar Prizm] #46,,,,,,,,,,,,,,,,,,,0,,,,,2014-12-04
136182,Basketball Cards 2014 Panini Prizm,Kawhi Leonard [Green Prizm] #46,$5.51,,$10.50,$10.99,$31.00,$82.45,$107.00,$49.00,$49.00,,,$1.20,$6.09,,,$3.00,$11.99,,9,,,,,2014-12-04
136183,Basketball Cards 2014 Panini Prizm,Kawhi Leonard [Light Blue Prizm] #46,$13.75,,,$39.40,$43.00,,$380.00,,,,,$3.80,$14.99,,,,,,2,,,,,2014-12-04
136184,Basketball Cards 2014 Panini Prizm,Kawhi Leonard [Orange Die Cut Prizm] #46,$14.30,,,$32.44,$36.00,$75.00,$98.00,$45.00,$45.00,,,$4.00,$15.99,,,,,,4,,,,,2014-12-04
136185,Basketball Cards 2014 Panini Prizm,Kawhi Leonard [Prizm] #46,$10.50,,,$69.49,$98.00,$100.00,$130.00,$60.00,$60.00,,,$3.00,$11.99,,,,,,8,,,,,2014-12-04
136186,Basketball Cards 2014 Panini Prizm,Kawhi Leonard [Purple Die Cut Prizm] #46,$5.02,,,$85.00,$94.00,$203.60,$265.00,$122.00,$122.00,,,$1.10,$5.49,,,,,,5,,,,,2014-12-04
136187,Basketball Cards 2014 Panini Prizm,Kawhi Leonard [Red Prizm] #46,$60.00,,,$56.00,$62.00,$70.09,$91.00,$42.00,$42.00,,,$26.40,$65.99,,,,,,4,,,,,2014-12-04
191694,Basketball Cards 2014 Panini Prizm,Kawhi Leonard [Red Pulsar Prizm] #46,$9.99,,,$39.99,$44.00,,,,,,,$2.80,$10.99,,,,,,2,,,,,2014-12-04
136188,Basketball Cards 2014 Panini Prizm,"Kawhi Leonard [Red, White, and Blue Pulsar Prizm] #46",$4.86,,,$15.00,$17.00,$44.00,$57.00,$26.00,$26.00,,,$1.10,$5.39,,,,,,8,,,,,2014-12-04
136189,Basketball Cards 2014 Panini Prizm,Kawhi Leonard [Yellow and Red Mosaic Prizm] #46,$3.67,,,$16.09,$18.00,$78.29,$102.00,$47.00,$47.00,,,$0.80,$3.99,,,,,,6,,,,,2014-12-04
136226,Basketball Cards 2014 Panini Prizm,Kemba Walker #56,$1.79,,,,,,,,,,,,$1.99,,,,,,2,,,,,2014-12-04
12248023,Basketball Cards 2014 Panini Prizm,Kemba Walker [Black Prizm] #56,,,,,,,,,,,,,,,,,,,0,,,,,2014-12-04
12248416,Basketball Cards 2014 Panini Prizm,Kemba Walker [Black Pulsar Prizm] #56,,,,,,,,,,,,,,,,,,,0,,,,,2014-12-04
190475,Basketball Cards 2014 Panini Prizm,Kemba Walker [Blue Mojo Prizm] #56,$8.15,,,$6.50,$7.00,,,,,,,$1.80,$8.99,,,,,,3,,,,,2014-12-04
136227,Basketball Cards 2014 Panini Prizm,Kemba Walker [Blue Prizm] #56,$2.70,,,,,,,,,,,,$2.99,,,,,,1,,,,,2014-12-04
12248835,Basketball Cards 2014 Panini Prizm,Kemba Walker [Blue Wave Prizm] #56,,,,,,,,,,,,,,,,,,,0,,,,,2014-12-04
12248702,Basketball Cards 2014 Panini Prizm,Kemba Walker [Blue and Green Prizm] #56,,,,,,,,,,,,,,,,,,,0,,,,,2014-12-04
192211,Basketball Cards 2014 Panini Prizm,Kemba Walker [Gold Prizm] #56,$79.44,,,,,,,,,,,$34.80,$86.99,,,,,,1,,,,,2014-12-04
12249200,Basketball Cards 2014 Panini Prizm,Kemba Walker [Gold Pulsar Prizm] #56,,,,,,,,,,,,,,,,,,,0,,,,,2014-12-04
136228,Basketball Cards 2014 Panini Prizm,Kemba Walker [Green Prizm] #56,$1.74,,,$6.00,$7.00,$10.50,$14.00,$6.00,$6.00,,,,$1.89,,,,,,4,,,,,2014-12-04
191442,Basketball Cards 2014 Panini Prizm,Kemba Walker [Light Blue Prizm] #56,$19.98,,,,,,,,,,,$6.60,$21.99,,,,,,1,,,,,2014-12-04
12249364,Basketball Cards 2014 Panini Prizm,Kemba Walker [Orange Die Cut Prizm] #56,,,,,,,,,,,,,,,,,,,0,,,,,2014-12-04
192470,Basketball Cards 2014 Panini Prizm,Kemba Walker [Prizm] #56,$2.49,,,,,,,,,,,,$2.69,,,,,,1,,,,,2014-12-04
136229,Basketball Cards 2014 Panini Prizm,Kemba Walker [Purple Die Cut Prizm] #56,$4.49,,,$9.50,$10.00,,,,,,,$1.00,$4.89,,,,,,2,,,,,2014-12-04
190927,Basketball Cards 2014 Panini Prizm,Kemba Walker [Red Prizm] #56,$1.62,,,$9.19,$10.00,,,,,,,,$1.79,,,,,,3,,,,,2014-12-04
191702,Basketball Cards 2014 Panini Prizm,Kemba Walker [Red Pulsar Prizm] #56,$6.50,,,,,,,,,,,$1.40,$7.19,,,,,,1,,,,,2014-12-04
136230,Basketball Cards 2014 Panini Prizm,"Kemba Walker [Red, White, and Blue Pulsar Prizm] #56",$2.06,,,,,,,,,,,,$2.29,,,,,,2,,,,,2014-12-04
12249606,Basketball Cards 2014 Panini Prizm,Kemba Walker [Yellow and Red Mosaic Prizm] #56,$2.00,,$6.64,$12.13,$22.80,$33.58,$44.00,$20.00,$20.00,,,,$2.19,,,$1.50,$7.29,,11,,,,,2014-12-04
190021,Basketball Cards 2014 Panini Prizm,Kenneth Faried #66,$1.37,,,,,,,,,,,,$1.49,,,,,,1,,,,,2014-12-04
12248039,Basketball Cards 2014 Panini Prizm,Kenneth Faried [Black Prizm] #66,,,,,,,,,,,,,,,,,,,0,,,,,2014-12-04
12248428,Basketball Cards 2014 Panini Prizm,Kenneth Faried [Black Pulsar Prizm] #66,,,,,,,,,,,,,,,,,,,0,,,,,2014-12-04
190484,Basketball Cards 2014 Panini Prizm,Kenneth Faried [Blue Mojo Prizm] #66,$2.49,,,,,,,,,,,,$2.69,,,,,,1,,,,,2014-12-04
190227,Basketball Cards 2014 Panini Prizm,Kenneth Faried [Blue Prizm] #66,$2.00,,,,,,,,,,,,$2.19,,,,,,1,,,,,2014-12-04
12248855,Basketball Cards 2014 Panini Prizm,Kenneth Faried [Blue Wave Prizm] #66,,,,,,,,,,,,,,,,,,,0,,,,,2014-12-04
12248717,Basketball Cards 2014 Panini Prizm,Kenneth Faried [Blue and Green Prizm] #66,,,,,,,,,,,,,,,,,,,0,,,,,2014-12-04
192220,Basketball Cards 2014 Panini Prizm,Kenneth Faried [Gold Prizm] #66,$30.00,,,,,,,,,,,$9.90,$32.99,,,,,,1,,,,,2014-12-04
12249219,Basketball Cards 2014 Panini Prizm,Kenneth Faried [Gold Pulsar Prizm] #66,,,,,,,,,,,,,,,,,,,0,,,,,2014-12-04
190717,Basketball Cards 2014 Panini Prizm,Kenneth Faried [Green Prizm] #66,$1.76,,,,,,,,,,,,$1.89,,,,,,1,,,,,2014-12-04
191451,Basketball Cards 2014 Panini Prizm,Kenneth Faried [Light Blue Prizm] #66,$4.61,,,,,,,,,,,$1.00,$5.09,,,,,,1,,,,,2014-12-04
12249388,Basketball Cards 2014 Panini Prizm,Kenneth Faried [Orange Die Cut Prizm] #66,,,,,,,,,,,,,,,,,,,0,,,,,2014-12-04
192478,Basketball Cards 2014 Panini Prizm,Kenneth Faried [Prizm] #66,$2.84,,,,,,,,,,,,$3.09,,,,,,1,,,,,2014-12-04
191962,Basketball Cards 2014 Panini Prizm,Kenneth Faried [Purple Die Cut Prizm] #66,$5.49,,,,,,,,,,,$1.20,$5.99,,,,,,1,,,,,2014-12-04
190937,Basketball Cards 2014 Panini Prizm,Kenneth Faried [Red Prizm] #66,$1.25,,,,,,,,,,,,$1.39,,,,,,1,,,,,2014-12-04
191712,Basketball Cards 2014 Panini Prizm,Kenneth Faried [Red Pulsar Prizm] #66,$7.99,,,,,,,,,,,$1.80,$8.79,,,,,,1,,,,,2014-12-04
191199,Basketball Cards 2014 Panini Prizm,"Kenneth Faried [Red, White, and Blue Pulsar Prizm] #66",$2.40,,,,,,,,,,,,$2.59,,,,,,1,,,,,2014-12-04
12249612,Basketball Cards 2014 Panini Prizm,Kenneth Faried [Yellow and Red Mosaic Prizm] #66,$0.99,,,,,,,,,,,,$1.09,,,,,,1,,,,,2014-12-04
190110,Basketball Cards 2014 Panini Prizm,Kenny Smith #192,$1.50,,,,,,,,,,,,$1.69,,,,,,2,,,,,2014-12-04
12248239,Basketball Cards 2014 Panini Prizm,Kenny Smith [Black Prizm] #192,,,,,,,,,,,,,,,,,,,0,,,,,2014-12-04
12248385,Basketball Cards 2014 Panini Prizm,Kenny Smith [Black Pulsar Prizm] #192,,,,,,,,,,,,,,,,,,,0,,,,,2014-12-04
136582,Basketball Cards 2014 Panini Prizm,Kenny Smith [Blue Mojo Prizm] #192,$4.25,,,,,,,,,,,$0.90,$4.69,,,,,,1,,,,,2014-12-04
190336,Basketball Cards 2014 Panini Prizm,Kenny Smith [Blue Prizm] #192,$3.09,,,,,,,,,,,,$3.39,,,,,,1,,,,,2014-12-04
12248967,Basketball Cards 2014 Panini Prizm,Kenny Smith [Blue Wave Prizm] #192,,,,,,,,,,,,,,,,,,,0,,,,,2014-12-04
12248607,Basketball Cards 2014 Panini Prizm,Kenny Smith [Blue and Green Prizm] #192,,,,,,,,,,,,,,,,,,,0,,,,,2014-12-04
136583,Basketball Cards 2014 Panini Prizm,Kenny Smith [Gold Prizm] #192,$49.99,,,,,,,,,,,$22.00,$54.99,,,,,,1,,,,,2014-12-04
12249138,Basketball Cards 2014 Panini Prizm,Kenny Smith [Gold Pulsar Prizm] #192,,,,$199.99,$220.00,,,,,,,,,,,,,,1,,,,,2014-12-04
190817,Basketball Cards 2014 Panini Prizm,Kenny Smith [Green Prizm] #192,$0.90,,,,,,,,,,,,$0.99,,,,,,2,,,,,2014-12-04
191565,Basketball Cards 2014 Panini Prizm,Kenny Smith [Light Blue Prizm] #192,$4.00,,,,,,,,,,,$0.90,$4.39,,,,,,1,,,,,2014-12-04
8666496,Basketball Cards 2014 Panini Prizm,Kenny Smith [Orange Die Cut Prizm] #192,$2.84,,,,,,,,,,,,$3.09,,,,,,0,,,,,2014-12-04
192579,Basketball Cards 2014 Panini Prizm,Kenny Smith [Prizm] #192,$0.82,,,,,,,,,,,,$0.99,,,,,,1,,,,,2014-12-04
192071,Basketball Cards 2014 Panini Prizm,Kenny Smith [Purple Die Cut Prizm] #192,$2.69,,,,,,,,,,,,$2.99,,,,,,3,,,,,2014-12-04
191049,Basketball Cards 2014 Panini Prizm,Kenny Smith [Red Prizm] #192,$4.75,,,,,$44.45,$58.00,$27.00,$27.00,,,$1.00,$5.19,,,,,,3,,,,,2014-12-04
191822,Basketball Cards 2014 Panini Prizm,Kenny Smith [Red Pulsar Prizm] #192,$2.79,,,,,,,,,,,,$3.09,,,,,,1,,,,,2014-12-04
191311,Basketball Cards 2014 Panini Prizm,"Kenny Smith [Red, White, and Blue Pulsar Prizm] #192",$1.99,,,,,,,,,,,,$2.19,,,,,,1,,,,,2014-12-04
12249705,Basketball Cards 2014 Panini Prizm,Kenny Smith [Yellow and Red Mosaic Prizm] #192,$0.99,,,,,,,,,,,,$1.09,,,,,,1,,,,,2014-12-04
190029,Basketball Cards 2014 Panini Prizm,Kentavious Caldwell-Pope #76,$2.84,,,,,,,,,,,,$3.09,,,,,,1,,,,,2014-12-04
12248059,Basketball Cards 2014 Panini Prizm,Kentavious Caldwell-Pope [Black Prizm] #76,,,,,,,,,,,,,,,,,,,0,,,,,2014-12-04
12248443,Basketball Cards 2014 Panini Prizm,Kentavious Caldwell-Pope [Black Pulsar Prizm] #76,,,,,,,,,,,,,,,,,,,0,,,,,2014-12-04
190493,Basketball Cards 2014 Panini Prizm,Kentavious Caldwell-Pope [Blue Mojo Prizm] #76,,,,,,,,,,,,,,,,,,,0,,,,,2014-12-04
190236,Basketball Cards 2014 Panini Prizm,Kentavious Caldwell-Pope [Blue Prizm] #76,$1.68,,,,,,,,,,,,$1.89,,,,,,1,,,,,2014-12-04
12248872,Basketball Cards 2014 Panini Prizm,Kentavious Caldwell-Pope [Blue Wave Prizm] #76,,,,,,,,,,,,,,,,,,,0,,,,,2014-12-04
12248728,Basketball Cards 2014 Panini Prizm,Kentavious Caldwell-Pope [Blue and Green Prizm] #76,,,,,,,,,,,,,,,,,,,0,,,,,2014-12-04
192228,Basketball Cards 2014 Panini Prizm,Kentavious Caldwell-Pope [Gold Prizm] #76,$42.45,,,,,$102.50,$133.00,$62.00,$62.00,,,$18.80,$46.99,,,,,,2,,,,,2014-12-04
12249233,Basketball Cards 2014 Panini Prizm,Kentavious Caldwell-Pope [Gold Pulsar Prizm] #76,,,,,,$100.00,$130.00,$60.00,$60.00,,,,,,,,,,1,,,,,2014-12-04
190726,Basketball Cards 2014 Panini Prizm,Kentavious Caldwell-Pope [Green Prizm] #76,$0.99,,,,,,,,,,,,$1.09,,,,,,1,,,,,2014-12-04
191459,Basketball Cards 2014 Panini Prizm,Kentavious Caldwell-Pope [Light Blue Prizm] #76,,,,,,,,,,,,,,,,,,,0,,,,,2014-12-04
12249408,Basketball Cards 2014 Panini Prizm,Kentavious Caldwell-Pope [Orange Die Cut Prizm] #76,,,,,,,,,,,,,,,,,,,0,,,,,2014-12-04
192486,Basketball Cards 2014 Panini Prizm,Kentavious Caldwell-Pope [Prizm] #76,,,,,,,,,,,,,,,,,,,0,,,,,2014-12-04
191970,Basketball Cards 2014 Panini Prizm,Kentavious Caldwell-Pope [Purple Die Cut Prizm] #76,$1.00,,,,,,,,,,,,$1.09,,,,,,1,,,,,2014-12-04
190944,Basketball Cards 2014 Panini Prizm,Kentavious Caldwell-Pope [Red Prizm] #76,$14.23,,,,,,,,,,,$4.00,$15.99,,,,,,1,,,,,2014-12-04
191721,Basketball Cards 2014 Panini Prizm,Kentavious Caldwell-Pope [Red Pulsar Prizm] #76,$20.00,,,,,,,,,,,$6.60,$21.99,,,,,,1,,,,,2014-12-04
191208,Basketball Cards 2014 Panini Prizm,"Kentavious Caldwell-Pope [Red, White, and Blue Pulsar Prizm] #76",$1.39,,,,,,,,,,,,$1.49,,,,,,2,,,,,2014-12-04
12249623,Basketball Cards 2014 Panini Prizm,Kentavious Caldwell-Pope [Yellow and Red Mosaic Prizm] #76,,,,,,,,,,,,,,,,,,,0,,,,,2014-12-04
136277,Basketball Cards 2014 Panini Prizm,Kevin Durant #86,$1.65,,$9.94,$28.99,$32.00,$37.06,$34.00,$22.00,$20.00,,,,$1.79,,,$2.80,$10.99,,80,,,,,2014-12-04
12248073,Basketball Cards 2014 Panini Prizm,Kevin Durant [Black Prizm] #86,,,,,,,,,,,,,,,,,,,0,,,,,2014-12-04
12248466,Basketball Cards 2014 Panini Prizm,Kevin Durant [Black Pulsar Prizm] #86,,,,,,,,,,,,,,,,,,,0,,,,,2014-12-04
136279,Basketball Cards 2014 Panini Prizm,Kevin Durant [Blue Mojo Prizm] #86,$40.13,,$24.04,$46.32,$76.05,$280.00,$364.00,$168.00,$168.00,,,$17.60,$43.99,,,$7.80,$25.99,,9,,,,,2014-12-04
136280,Basketball Cards 2014 Panini Prizm,Kevin Durant [Blue Prizm] #86,$105.00,,,$200.00,$269.00,$274.50,$357.00,$165.00,$165.00,,,$58.00,$116.00,,,,,,5,,,,,2014-12-04
136281,Basketball Cards 2014 Panini Prizm,Kevin Durant [Blue Wave Prizm] #86,$27.99,,,$92.25,$101.00,$149.95,$195.00,$90.00,$90.00,,,$9.30,$30.99,,,,,,3,,,,,2014-12-04
136278,Basketball Cards 2014 Panini Prizm,Kevin Durant [Blue and Green Prizm] #86,$6.19,,,$22.62,$31.17,$49.19,$64.00,$20.00,$30.00,,,$1.40,$6.79,,,,,,9,,,,,2014-12-04
136282,Basketball Cards 2014 Panini Prizm,Kevin Durant [Gold Prizm] #86,,,,,,$11999.99,$15600.00,$7200.00,$7200.00,,,,,,,,,,1,,,,,2014-12-04
136283,Basketball Cards 2014 Panini Prizm,Kevin Durant [Gold Pulsar Prizm] #86,,,,,$1137.85,,$3733.00,,,,,,,,,,,,1,,,,,2014-12-04
136284,Basketball Cards 2014 Panini Prizm,Kevin Durant [Green Prizm] #86,$9.00,,,$30.00,$33.00,$48.35,$71.00,$29.00,$29.00,,,$2.00,$9.89,,,,,,11,,,,,2014-12-04
191468,Basketball Cards 2014 Panini Prizm,Kevin Durant [Light Blue Prizm] #86,$78.00,,,$126.25,$195.00,$280.00,$364.00,$168.00,$168.00,,,$34.40,$85.99,,,,,,4,,,,,2014-12-04
136285,Basketball Cards 2014 Panini Prizm,Kevin Durant [Orange Die Cut Prizm] #86,$46.49,,$48.51,$64.97,$117.75,$231.00,$300.00,$139.00,$139.00,,,$20.40,$50.99,,,$21.20,$52.99,,6,,,,,2014-12-04
136286,Basketball Cards 2014 Panini Prizm,Kevin Durant [Prizm] #86,$35.25,,$63.00,$69.00,$75.00,$235.50,$332.00,$141.00,$141.00,,,$15.60,$38.99,,,$27.60,$68.99,,13,,,,,2014-12-04
136287,Basketball Cards 2014 Panini Prizm,Kevin Durant [Purple Die Cut Prizm] #86,$16.50,,,$58.67,$65.00,$103.27,$134.00,$62.00,$62.00,,,$4.50,$17.99,,,,,,3,,,,,2014-12-04
136288,Basketball Cards 2014 Panini Prizm,Kevin Durant [Red Prizm] #86,$50.53,,,$103.82,$456.00,$465.00,$605.00,$279.00,$279.00,,,$22.40,$55.99,,,,,,4,,,,,2014-12-04
136289,Basketball Cards 2014 Panini Prizm,Kevin Durant [Red Pulsar Prizm] #86,$178.88,,,,$105.00,$107.34,$140.00,$64.00,$64.00,,,$98.50,$197.00,,,,,,3,,,,,2014-12-04
136290,Basketball Cards 2014 Panini Prizm,"Kevin Durant [Red, White, and Blue Pulsar Prizm] #86",$14.12,,$12.00,$29.14,$45.00,$55.00,$72.00,$33.00,$33.00,,,$4.00,$15.99,,,$3.30,$12.99,,12,,,,,2014-12-04
136291,Basketball Cards 2014 Panini Prizm,Kevin Durant [Yellow and Red Mosaic Prizm] #86,$12.25,,,$17.18,$62.00,$63.44,$82.00,$38.00,$38.00,,,$3.30,$12.99,,,,,,8,,,,,2014-12-04
190044,Basketball Cards 2014 Panini Prizm,Kevin Garnett #96,$1.54,,$6.29,$11.67,$22.20,$24.50,$32.00,$15.00,$15.00,,,,$1.69,,,$1.40,$6.89,,9,,,,,2014-12-04
12248089,Basketball Cards 2014 Panini Prizm,Kevin Garnett [Black Prizm] #96,,,,,,,,,,,,,,,,,,,0,,,,,2014-12-04
12248486,Basketball Cards 2014 Panini Prizm,Kevin Garnett [Black Pulsar Prizm] #96,,,,,,,,,,,,,,,,,,,0,,,,,2014-12-04
136322,Basketball Cards 2014 Panini Prizm,Kevin Garnett [Blue Mojo Prizm] #96,$11.39,,,,$27.01,$119.01,$155.00,$71.00,$71.00,,,$3.30,$12.99,,,,,,5,,,,,2014-12-04
190252,Basketball Cards 2014 Panini Prizm,Kevin Garnett [Blue Prizm] #96,$14.74,,,$75.00,$83.00,$90.00,$117.00,$54.00,$54.00,,,$4.00,$15.99,,,,,,3,,,,,2014-12-04
10265313,Basketball Cards 2014 Panini Prizm,Kevin Garnett [Blue Wave] #96,,,,,,,,,,,,,,,,,,,0,,,,,2014-12-04
12248756,Basketball Cards 2014 Panini Prizm,Kevin Garnett [Blue and Green Prizm] #96,$5.50,,,$11.99,$13.98,$29.43,$38.00,$18.00,$18.00,,,$1.20,$6.09,,,,,,10,,,,,2014-12-04
192247,Basketball Cards 2014 Panini Prizm,Kevin Garnett [Gold Prizm] #96,,,,,,$1259.00,$1637.00,$755.00,$755.00,,,,,,,,,,1,,,,,2014-12-04
136324,Basketball Cards 2014 Panini Prizm,Kevin Garnett [Gold Pulsar Prizm] #96,,,,,,,,,,,,,,,,,,,0,,,,,2014-12-04
190743,Basketball Cards 2014 Panini Prizm,Kevin Garnett [Green Prizm] #96,$5.34,,,$81.01,$89.00,$97.00,$126.00,$58.00,$58.00,,,$1.20,$5.89,,,,,,7,,,,,2014-12-04
191476,Basketball Cards 2014 Panini Prizm,Kevin Garnett [Light Blue Prizm] #96,$17.30,,,,,$86.21,$112.00,$52.00,$52.00,,,$4.80,$18.99,,,,,,2,,,,,2014-12-04
10265309,Basketball Cards 2014 Panini Prizm,Kevin Garnett [Orange Die Cut Prizm] #96,$7.50,,,,,$95.00,$124.00,$57.00,$57.00,,,$1.70,$8.29,,,,,,2,,,,,2014-12-04
136323,Basketball Cards 2014 Panini Prizm,Kevin Garnett [Prizm] #96,$8.81,,$7.62,$28.00,$31.00,$61.21,$80.00,$37.00,$37.00,,,$1.90,$9.69,,,$1.70,$8.39,,5,,,,,2014-12-04
191985,Basketball Cards 2014 Panini Prizm,Kevin Garnett [Purple Die Cut Prizm] #96,$14.00,,,$28.70,$32.00,,,,,,,$3.80,$14.99,,,,,,4,,,,,2014-12-04
190961,Basketball Cards 2014 Panini Prizm,Kevin Garnett [Red Prizm] #96,$6.99,,,,,$52.00,$68.00,$31.00,$31.00,,,$1.50,$7.69,,,,,,2,,,,,2014-12-04
191737,Basketball Cards 2014 Panini Prizm,Kevin Garnett [Red Pulsar Prizm] #96,$79.99,,,,,,,,,,,$35.20,$87.99,,,,,,0,,,,,2014-12-04
191225,Basketball Cards 2014 Panini Prizm,"Kevin Garnett [Red, White, and Blue Pulsar Prizm] #96",$4.99,,,$12.39,$14.00,$26.16,$34.00,$16.00,$16.00,,,$1.10,$5.49,,,,,,5,,,,,2014-12-04
136325,Basketball Cards 2014 Panini Prizm,Kevin Garnett [Yellow and Red Mosaic Prizm] #96,$3.35,,,,,,,,,,,,$3.69,,,,,,4,,,,,2014-12-04
136347,Basketball Cards 2014 Panini Prizm,Kevin Love #106,$1.50,,,,,,,,,,,,$1.69,,,,,,3,,,,,2014-12-04
12248017,Basketball Cards 2014 Panini Prizm,Kevin Love [Black Prizm] #106,,,,,,,,,,,,,,,,,,,0,,,,,2014-12-04
12248265,Basketball Cards 2014 Panini Prizm,Kevin Love [Black Pulsar Prizm] #106,,,,,,,,,,,,,,,,,,,0,,,,,2014-12-04
190514,Basketball Cards 2014 Panini Prizm,Kevin Love [Blue Mojo Prizm] #106,$3.17,,,,,,,,,,,,$3.49,,,,,,1,,,,,2014-12-04
190262,Basketball Cards 2014 Panini Prizm,Kevin Love [Blue Prizm] #106,$2.94,,,,,,,,,,,,$3.19,,,,,,1,,,,,2014-12-04
12248922,Basketball Cards 2014 Panini Prizm,Kevin Love [Blue Wave Prizm] #106,$0.99,,,,,,,,,,,,$1.09,,,,,,1,,,,,2014-12-04
12248763,Basketball Cards 2014 Panini Prizm,Kevin Love [Blue and Green Prizm] #106,,,,,,,,,,,,,,,,,,,0,,,,,2014-12-04
136348,Basketball Cards 2014 Panini Prizm,Kevin Love [Gold Prizm] #106,,,,,,,,,,,,,,,,,,,0,,,,,2014-12-04
136349,Basketball Cards 2014 Panini Prizm,Kevin Love [Gold Pulsar Prizm] #106,$93.38,,,,,,,,,,,$51.50,$103.00,,,,,,1,,,,,2014-12-04
136350,Basketball Cards 2014 Panini Prizm,Kevin Love [Green Prizm] #106,$5.24,,,,,,$45.32,,,,,$1.20,$5.79,,,,,,2,,,,,2014-12-04
191486,Basketball Cards 2014 Panini Prizm,Kevin Love [Light Blue Prizm] #106,$55.00,,,,,,,,,,,$24.40,$60.99,,,,,,1,,,,,2014-12-04
12249459,Basketball Cards 2014 Panini Prizm,Kevin Love [Orange Die Cut Prizm] #106,,,,,,,,,,,,,,,,,,,0,,,,,2014-12-04
192509,Basketball Cards 2014 Panini Prizm,Kevin Love [Prizm] #106,$1.99,,,,,,,,,,,,$2.19,,,,,,1,,,,,2014-12-04
191993,Basketball Cards 2014 Panini Prizm,Kevin Love [Purple Die Cut Prizm] #106,$6.24,,,,,,,,,,,$1.40,$6.89,,,,,,2,,,,,2014-12-04
190970,Basketball Cards 2014 Panini Prizm,Kevin Love [Red Prizm] #106,$27.50,,,$5.50,$6.00,$21.26,$28.00,$13.00,$11.50,,,$9.00,$29.99,,,,,,4,,,,,2014-12-04
191746,Basketball Cards 2014 Panini Prizm,Kevin Love [Red Pulsar Prizm] #106,,,,,,,,,,,,,,,,,,,0,,,,,2014-12-04
191234,Basketball Cards 2014 Panini Prizm,"Kevin Love [Red, White, and Blue Pulsar Prizm] #106",$3.39,,,,,,,,,,,,$3.69,,,,,,3,,,,,2014-12-04
12249670,Basketball Cards 2014 Panini Prizm,Kevin Love [Yellow and Red Mosaic Prizm] #106,$1.50,,$6.23,$11.60,$22.10,$32.70,$43.00,$20.00,$20.00,,,,$1.69,,,$1.40,$6.89,,8,,,,,2014-12-04
190060,Basketball Cards 2014 Panini Prizm,Kevin Martin #116,$0.99,,,,,,,,,,,,$1.09,,,,,,1,,,,,2014-12-04
12248040,Basketball Cards 2014 Panini Prizm,Kevin Martin [Black Prizm] #116,,,,,,,,,,,,,,,,,,,0,,,,,2014-12-04
12248275,Basketball Cards 2014 Panini Prizm,Kevin Martin [Black Pulsar Prizm] #116,,,,,,,,,,,,,,,,,,,0,,,,,2014-12-04
190522,Basketball Cards 2014 Panini Prizm,Kevin Martin [Blue Mojo Prizm] #116,$2.51,,,,,,,,,,,,$2.79,,,,,,1,,,,,2014-12-04
190271,Basketball Cards 2014 Panini Prizm,Kevin Martin [Blue Prizm] #116,$4.00,,,$18.00,$20.00,,,,,,,$0.90,$4.39,,,,,,2,,,,,2014-12-04
12248847,Basketball Cards 2014 Panini Prizm,Kevin Martin [Blue Wave Prizm] #116,,,,,,,,,,,,,,,,,,,0,,,,,2014-12-04
12248770,Basketball Cards 2014 Panini Prizm,Kevin Martin [Blue and Green Prizm] #116,,,,,,,,,,,,,,,,,,,0,,,,,2014-12-04
192264,Basketball Cards 2014 Panini Prizm,Kevin Martin [Gold Prizm] #116,,,,,,,,,,,,,,,,,,,0,,,,,2014-12-04
12249306,Basketball Cards 2014 Panini Prizm,Kevin Martin [Gold Pulsar Prizm] #116,,,,,,,,,,,,,,,,,,,0,,,,,2014-12-04
190758,Basketball Cards 2014 Panini Prizm,Kevin Martin [Green Prizm] #116,$1.94,,,,,$28.50,$37.00,$17.00,$17.00,,,,$2.09,,,,,,3,,,,,2014-12-04
191495,Basketball Cards 2014 Panini Prizm,Kevin Martin [Light Blue Prizm] #116,$5.78,,,,,,,,,,,$1.30,$6.39,,,,,,1,,,,,2014-12-04
12249348,Basketball Cards 2014 Panini Prizm,Kevin Martin [Orange Die Cut Prizm] #116,,,,,,,,,,,,,,,,,,,0,,,,,2014-12-04
192518,Basketball Cards 2014 Panini Prizm,Kevin Martin [Prizm] #116,$1.24,,,,,,,,,,,,$1.39,,,,,,1,,,,,2014-12-04
192002,Basketball Cards 2014 Panini Prizm,Kevin Martin [Purple Die Cut Prizm] #116,$3.95,,,,,,,,,,,$0.90,$4.39,,,,,,2,,,,,2014-12-04
190978,Basketball Cards 2014 Panini Prizm,Kevin Martin [Red Prizm] #116,$5.42,,,,,,,,,,,$1.20,$5.99,,,,,,1,,,,,2014-12-04
191754,Basketball Cards 2014 Panini Prizm,Kevin Martin [Red Pulsar Prizm] #116,$8.68,,,,,,,,,,,$1.90,$9.59,,,,,,1,,,,,2014-12-04
191243,Basketball Cards 2014 Panini Prizm,"Kevin Martin [Red, White, and Blue Pulsar Prizm] #116",$1.99,,,,,,,,,,,,$2.19,,,,,,1,,,,,2014-12-04
12249681,Basketball Cards 2014 Panini Prizm,Kevin Martin [Yellow and Red Mosaic Prizm] #116,,,,,,,,,,,,,,,,,,,0,,,,,2014-12-04
190117,Basketball Cards 2014 Panini Prizm,Kevin McHale #202,$2.19,,$6.83,$12.37,$17.11,$26.99,$35.00,$16.00,$16.00,,,,$2.39,,,$1.50,$7.49,,16,,,,,2014-12-04
12248252,Basketball Cards 2014 Panini Prizm,Kevin McHale [Black Prizm] #202,,,,,,,,,,,,,,,,,,,0,,,,,2014-12-04
12248403,Basketball Cards 2014 Panini Prizm,Kevin McHale [Black Pulsar Prizm] #202,,,,,,,,,,,,,,,,,,,0,,,,,2014-12-04
190583,Basketball Cards 2014 Panini Prizm,Kevin McHale [Blue Mojo Prizm] #202,$3.73,,,,,,,,,,,$0.80,$4.09,,,,,,2,,,,,2014-12-04
190345,Basketball Cards 2014 Panini Prizm,Kevin McHale [Blue Prizm] #202,$1.35,,,,,,,,,,,,$1.49,,,,,,2,,,,,2014-12-04
12248984,Basketball Cards 2014 Panini Prizm,Kevin McHale [Blue Wave Prizm] #202,,,,,,,,,,,,,,,,,,,0,,,,,2014-12-04
12248615,Basketball Cards 2014 Panini Prizm,Kevin McHale [Blue and Green Prizm] #202,,,,,,,,,,,,,,,,,,,0,,,,,2014-12-04
192340,Basketball Cards 2014 Panini Prizm,Kevin McHale [Gold Prizm] #202,$123.42,,,,,$117.49,$153.00,$70.00,$70.00,,,$68.00,$136.00,,,,,,2,,,,,2014-12-04
12249155,Basketball Cards 2014 Panini Prizm,Kevin McHale [Gold Pulsar Prizm] #202,,,,,,,,,,,,,,,,,,,0,,,,,2014-12-04
136603,Basketball Cards 2014 Panini Prizm,Kevin McHale [Green Prizm] #202,$8.13,,,$32.00,$35.00,$110.00,$143.00,$66.00,$66.00,,,$1.80,$8.89,,,,,,7,,,,,2014-12-04
191575,Basketball Cards 2014 Panini Prizm,Kevin McHale [Light Blue Prizm] #202,$5.50,,,,,,,,,,,$1.20,$6.09,,,,,,1,,,,,2014-12-04
12249475,Basketball Cards 2014 Panini Prizm,Kevin McHale [Orange Die Cut Prizm] #202,$1.56,,,,,,,,,,,,$1.69,,,,,,1,,,,,2014-12-04
192588,Basketball Cards 2014 Panini Prizm,Kevin McHale [Prizm] #202,$2.42,,,,,,,,,,,,$2.69,,,,,,1,,,,,2014-12-04
192081,Basketball Cards 2014 Panini Prizm,Kevin McHale [Purple Die Cut Prizm] #202,$4.00,,,,,,,,,,,$0.90,$4.39,,,,,,3,,,,,2014-12-04
191059,Basketball Cards 2014 Panini Prizm,Kevin McHale [Red Prizm] #202,$3.43,,,,,,,,,,,$0.80,$3.79,,,,,,3,,,,,2014-12-04
191832,Basketball Cards 2014 Panini Prizm,Kevin McHale [Red Pulsar Prizm] #202,$26.99,,,,,$56.00,$73.00,$34.00,$34.00,,,$9.00,$29.99,,,,,,2,,,,,2014-12-04
191320,Basketball Cards 2014 Panini Prizm,"Kevin McHale [Red, White, and Blue Pulsar Prizm] #202",$1.31,,,$14.99,$16.00,,,,,,,,$1.39,,,,,,3,,,,,2014-12-04
12249713,Basketball Cards 2014 Panini Prizm,Kevin McHale [Yellow and Red Mosaic Prizm] #202,$2.04,,,,,,,,,,,,$2.19,,,,,,1,,,,,2014-12-04
190124,Basketball Cards 2014 Panini Prizm,Kevin Willis #212,$1.44,,,,,,,,,,,,$1.59,,,,,,1,,,,,2014-12-04
12248113,Basketball Cards 2014 Panini Prizm,Kevin Willis [Black Prizm] #212,,,,,,,,,,,,,,,,,,,0,,,,,2014-12-04
12248446,Basketball Cards 2014 Panini Prizm,Kevin Willis [Black Pulsar Prizm] #212,,,,,,,,,,,,,,,,,,,0,,,,,2014-12-04
190590,Basketball Cards 2014 Panini Prizm,Kevin Willis [Blue Mojo Prizm] #212,$2.25,,,,,,,,,,,,$2.49,,,,,,1,,,,,2014-12-04
190354,Basketball Cards 2014 Panini Prizm,Kevin Willis [Blue Prizm] #212,$1.62,,,,,,,,,,,,$1.79,,,,,,1,,,,,2014-12-04
12249002,Basketball Cards 2014 Panini Prizm,Kevin Willis [Blue Wave Prizm] #212,,,,,,,,,,,,,,,,,,,0,,,,,2014-12-04
12248624,Basketball Cards 2014 Panini Prizm,Kevin Willis [Blue and Green Prizm] #212,,,,,,,,,,,,,,,,,,,0,,,,,2014-12-04
192348,Basketball Cards 2014 Panini Prizm,Kevin Willis [Gold Prizm] #212,$32.34,,,,,,,,,,,$14.40,$35.99,,,,,,1,,,,,2014-12-04
12249168,Basketball Cards 2014 Panini Prizm,Kevin Willis [Gold Pulsar Prizm] #212,,,,,,,,,,,,,,,,,,,0,,,,,2014-12-04
136629,Basketball Cards 2014 Panini Prizm,Kevin Willis [Green Prizm] #212,$1.31,,,,,,,,,,,,$1.39,,,,,,3,,,,,2014-12-04
191585,Basketball Cards 2014 Panini Prizm,Kevin Willis [Light Blue Prizm] #212,$3.07,,,,,,,,,,,,$3.39,,,,,,1,,,,,2014-12-04
12249485,Basketball Cards 2014 Panini Prizm,Kevin Willis [Orange Die Cut Prizm] #212,,,,,,,,,,,,,,,,,,,0,,,,,2014-12-04
192596,Basketball Cards 2014 Panini Prizm,Kevin Willis [Prizm] #212,$4.22,,,,,,,,,,,$0.90,$4.59,,,,,,1,,,,,2014-12-04
192091,Basketball Cards 2014 Panini Prizm,Kevin Willis [Purple Die Cut Prizm] #212,$1.99,,,,,,,,,,,,$2.19,,,,,,1,,,,,2014-12-04
191069,Basketball Cards 2014 Panini Prizm,Kevin Willis [Red Prizm] #212,$2.94,,,,,$6.51,$8.00,$4.00,$4.00,,,,$3.19,,,,,,2,,,,,2014-12-04
191839,Basketball Cards 2014 Panini Prizm,Kevin Willis [Red Pulsar Prizm] #212,$3.98,,,,,,,,,,,$0.90,$4.39,,,,,,1,,,,,2014-12-04
191330,Basketball Cards 2014 Panini Prizm,"Kevin Willis [Red, White, and Blue Pulsar Prizm] #212",$2.16,,,,,,,,,,,,$2.39,,,,,,1,,,,,2014-12-04
12249721,Basketball Cards 2014 Panini Prizm,Kevin Willis [Yellow and Red Mosaic Prizm] #212,,,,,,,,,,,,,,,,,,,0,,,,,2014-12-04
136411,Basketball Cards 2014 Panini Prizm,Klay Thompson #126,$2.15,$4.25,$8.00,$14.50,$23.03,$69.99,$91.00,$42.00,$42.00,,,,$2.39,$0.90,$4.69,$1.80,$8.79,,14,,,,,2014-12-04
12248058,Basketball Cards 2014 Panini Prizm,Klay Thompson [Black Prizm] #126,,,,,,,,,,,,,,,,,,,0,,,,,2014-12-04
12248285,Basketball Cards 2014 Panini Prizm,Klay Thompson [Black Pulsar Prizm] #126,,,,,,,,,,,,,,,,,,,0,,,,,2014-12-04
136413,Basketball Cards 2014 Panini Prizm,Klay Thompson [Blue Mojo Prizm] #126,$31.65,,,$31.00,$60.50,$111.05,$144.00,$67.00,$67.00,,,$10.50,$34.99,,,,,,6,,,,,2014-12-04
190279,Basketball Cards 2014 Panini Prizm,Klay Thompson [Blue Prizm] #126,$69.99,,,$71.66,$79.00,,,,,,,$30.80,$76.99,,,,,,2,,,,,2014-12-04
136414,Basketball Cards 2014 Panini Prizm,Klay Thompson [Blue Wave Prizm] #126,$7.99,,$12.38,$26.00,$29.00,$96.60,$126.00,$58.00,$58.00,,,$1.80,$8.79,,,$3.50,$13.99,,4,,,,,2014-12-04
136412,Basketball Cards 2014 Panini Prizm,Klay Thompson [Blue and Green Prizm] #126,$2.99,,,$12.50,$49.99,$135.78,$177.00,$81.00,$81.00,,,,$3.29,,,,,,5,,,,,2014-12-04
136415,Basketball Cards 2014 Panini Prizm,Klay Thompson [Gold Prizm] #126,,,,,,,,,,,,,,,,,,,0,,,,,2014-12-04
136416,Basketball Cards 2014 Panini Prizm,Klay Thompson [Gold Pulsar Prizm] #126,,,,,$568.00,$580.00,$754.00,$348.00,$348.00,,,,,,,,,,2,,,,,2014-12-04
136417,Basketball Cards 2014 Panini Prizm,Klay Thompson [Green Prizm] #126,$14.99,,,$17.85,$20.00,$107.05,$139.00,$64.00,$64.00,,,$4.00,$15.99,,,,,,6,,,,,2014-12-04
136418,Basketball Cards 2014 Panini Prizm,Klay Thompson [Light Blue Prizm] #126,$107.27,,,$254.16,$280.00,,,,,,,$59.00,$118.00,,,,,,2,,,,,2014-12-04
136419,Basketball Cards 2014 Panini Prizm,Klay Thompson [Orange Die Cut Prizm] #126,$68.81,,,$21.50,$24.00,$119.03,$155.00,$71.00,$71.00,,,$30.40,$75.99,,,,,,3,,,,,2014-12-04
136420,Basketball Cards 2014 Panini Prizm,Klay Thompson [Prizm] #126,$11.49,,,$38.37,$42.00,$179.79,$234.00,$108.00,$108.00,,,$3.30,$12.99,,,,,,7,,,,,2014-12-04
136421,Basketball Cards 2014 Panini Prizm,Klay Thompson [Purple Die Cut Prizm] #126,$17.00,,,$20.50,$60.00,$61.00,$79.00,$37.00,$37.00,,,$4.80,$18.99,,,,,,6,,,,,2014-12-04
190988,Basketball Cards 2014 Panini Prizm,Klay Thompson [Red Prizm] #126,$34.99,,,$176.10,$194.00,,,,,,,$15.20,$37.99,,,,,,2,,,,,2014-12-04
191762,Basketball Cards 2014 Panini Prizm,Klay Thompson [Red Pulsar Prizm] #126,$200.00,$200.50,,$275.00,$303.00,,,,,,,$110.00,$220.00,$110.50,$221.00,,,,3,,,,,2014-12-04
136422,Basketball Cards 2014 Panini Prizm,"Klay Thompson [Red, White, and Blue Pulsar Prizm] #126",$5.00,,,,,$31.03,$40.00,$19.00,$30.00,,,$1.10,$5.49,,,,,,6,,,,,2014-12-04
136424,Basketball Cards 2014 Panini Prizm,Klay Thompson [Yellow and Red Mosaic Prizm] #126,$3.21,,$6.72,$13.80,$23.29,,,,,,,,$3.49,,,$1.50,$7.39,,8,,,,,2014-12-04
136444,Basketball Cards 2014 Panini Prizm,Kobe Bryant #136,$21.69,$17.50,$26.87,$56.00,$62.00,$151.65,$197.00,$91.00,$69.96,,,$7.20,$23.99,$4.80,$18.99,$9.00,$29.99,,292,,,,,2014-12-04
12248086,Basketball Cards 2014 Panini Prizm,Kobe Bryant [Black Prizm] #136,$19.95,,,,,,,,,,,$6.60,$21.99,,,,,,1,,,,,2014-12-04
12248295,Basketball Cards 2014 Panini Prizm,Kobe Bryant [Black Pulsar Prizm] #136,,,,$282.87,$311.00,,,,,,,,,,,,,,1,,,,,2014-12-04
136446,Basketball Cards 2014 Panini Prizm,Kobe Bryant [Blue Mojo Prizm] #136,$206.71,,$108.50,$196.52,$452.00,$461.57,$600.00,$277.00,$277.00,,,$113.50,$227.00,,,$59.50,$119.00,,7,,,,,2014-12-04
136447,Basketball Cards 2014 Panini Prizm,Kobe Bryant [Blue Prizm] #136,$231.50,,,$230.98,$588.00,$600.50,$781.00,$360.00,$360.00,,,$127.50,$255.00,,,,,,4,,,,,2014-12-04
136448,Basketball Cards 2014 Panini Prizm,Kobe Bryant [Blue Wave Prizm] #136,$60.00,,,$128.50,$141.00,$400.00,$520.00,$240.00,$240.00,,,$26.40,$65.99,,,,,,3,,,,,2014-12-04
136445,Basketball Cards 2014 Panini Prizm,Kobe Bryant [Blue and Green Prizm] #136,$120.00,,$55.55,$155.50,$171.00,$375.01,$488.00,$225.00,$225.00,,,$66.00,$132.00,,,$24.40,$60.99,,16,,,,,2014-12-04
192280,Basketball Cards 2014 Panini Prizm,Kobe Bryant [Gold Prizm] #136,,,$35891.00,,,,,,,,,,,,,$23688.00,$39480.00,,1,,,,,2014-12-04
136449,Basketball Cards 2014 Panini Prizm,Kobe Bryant [Gold Pulsar Prizm] #136,$100.00,,,,,$177.50,$231.00,$107.00,$107.00,,,$55.00,$110.00,,,,,,2,,,,,2014-12-04
136450,Basketball Cards 2014 Panini Prizm,Kobe Bryant [Green Prizm] #136,$143.00,,$66.00,$399.00,$439.00,$479.00,$623.00,$287.00,$89.80,,,$78.50,$157.00,,,$29.20,$72.99,,17,,,,,2014-12-04
136451,Basketball Cards 2014 Panini Prizm,Kobe Bryant [Light Blue Prizm] #136,$750.00,,,$423.51,$430.51,$667.00,$1900.00,$400.00,$400.00,,,$495.00,$825.00,,,,,,4,,,,,2014-12-04
136452,Basketball Cards 2014 Panini Prizm,Kobe Bryant [Orange Die Cut Prizm] #136,$437.18,,$360.62,$397.00,$437.00,$467.57,$608.00,$281.00,$281.00,,,$240.50,$481.00,,,$198.50,$397.00,,6,,,,,2014-12-04
136453,Basketball Cards 2014 Panini Prizm,Kobe Bryant [Prizm] #136,$266.44,$85.00,$90.00,$530.06,$623.00,$636.00,$827.00,$382.00,$226.74,,,$146.50,$293.00,$37.60,$93.99,$39.60,$98.99,,26,,,,,2014-12-04
136454,Basketball Cards 2014 Panini Prizm,Kobe Bryant [Purple Die Cut Prizm] #136,$197.50,,$254.02,$271.24,$399.99,$593.50,$772.00,$356.00,$356.00,,,$108.50,$217.00,,,$139.50,$279.00,,5,,,,,2014-12-04
136455,Basketball Cards 2014 Panini Prizm,Kobe Bryant [Red Prizm] #136,$322.75,,,$248.19,$720.86,$910.00,$1183.00,$546.00,$546.00,,,$177.50,$355.00,,,,,,4,,,,,2014-12-04
136456,Basketball Cards 2014 Panini Prizm,Kobe Bryant [Red Pulsar Prizm] #136,,,,,$834.00,,,,,,,,,,,,,,1,,,,,2014-12-04
136457,Basketball Cards 2014 Panini Prizm,"Kobe Bryant [Red, White, and Blue Pulsar Prizm] #136",$60.75,$62.50,$85.15,$264.73,$291.00,$400.00,$520.00,$240.00,$240.00,,,$26.80,$66.99,$27.60,$68.99,$37.60,$93.99,,23,,,,,2014-12-04
136458,Basketball Cards 2014 Panini Prizm,Kobe Bryant [Yellow and Red Mosaic Prizm] #136,$194.23,,$38.00,$229.75,$335.52,$417.19,$542.00,$250.00,$250.00,,,$107.00,$214.00,,,$16.80,$41.99,,17,,,,,2014-12-04
136657,Basketball Cards 2014 Panini Prizm,Kurt Rambis #222,$2.29,,$6.88,$12.43,$23.21,$34.07,$44.00,$20.00,$20.00,,,,$2.49,,,$1.50,$7.59,,6,,,,,2014-12-04
12248129,Basketball Cards 2014 Panini Prizm,Kurt Rambis [Black Prizm] #222,,,,,,,,,,,,,,,,,,,0,,,,,2014-12-04
12248463,Basketball Cards 2014 Panini Prizm,Kurt Rambis [Black Pulsar Prizm] #222,,,,,,,,,,,,,,,,,,,0,,,,,2014-12-04
190599,Basketball Cards 2014 Panini Prizm,Kurt Rambis [Blue Mojo Prizm] #222,$4.95,,,,,,,,,,,$1.10,$5.49,,,,,,1,,,,,2014-12-04
190364,Basketball Cards 2014 Panini Prizm,Kurt Rambis [Blue Prizm] #222,$1.92,,,,,,,,,,,,$2.09,,,,,,2,,,,,2014-12-04
12248963,Basketball Cards 2014 Panini Prizm,Kurt Rambis [Blue Wave Prizm] #222,,,,,,,,,,,,,,,,,,,0,,,,,2014-12-04
12248632,Basketball Cards 2014 Panini Prizm,Kurt Rambis [Blue and Green Prizm] #222,$1.96,,$6.61,$12.08,$22.74,$33.49,$44.00,$20.00,$20.00,,,,$2.19,,,$1.50,$7.29,,11,,,,,2014-12-04
192357,Basketball Cards 2014 Panini Prizm,Kurt Rambis [Gold Prizm] #222,$225.00,,,,,,,,,,,$124.00,$248.00,,,,,,1,,,,,2014-12-04
12249181,Basketball Cards 2014 Panini Prizm,Kurt Rambis [Gold Pulsar Prizm] #222,,,,,,,,,,,,,,,,,,,0,,,,,2014-12-04
190834,Basketball Cards 2014 Panini Prizm,Kurt Rambis [Green Prizm] #222,$4.47,,,,,,,,,,,$1.00,$4.89,,,,,,4,,,,,2014-12-04
191593,Basketball Cards 2014 Panini Prizm,Kurt Rambis [Light Blue Prizm] #222,$2.50,,,,,,,,,,,,$2.79,,,,,,1,,,,,2014-12-04
12249494,Basketball Cards 2014 Panini Prizm,Kurt Rambis [Orange Die Cut Prizm] #222,$0.70,,,,,,,,,,,,$0.99,,,,,,1,,,,,2014-12-04
192605,Basketball Cards 2014 Panini Prizm,Kurt Rambis [Prizm] #222,$4.86,,,,,,,,,,,$1.10,$5.39,,,,,,2,,,,,2014-12-04
192101,Basketball Cards 2014 Panini Prizm,Kurt Rambis [Purple Die Cut Prizm] #222,$8.25,,,$32.99,$36.00,,,,,,,$1.80,$9.09,,,,,,3,,,,,2014-12-04
191079,Basketball Cards 2014 Panini Prizm,Kurt Rambis [Red Prizm] #222,$2.50,,,,,,,,,,,,$2.79,,,,,,2,,,,,2014-12-04
191845,Basketball Cards 2014 Panini Prizm,Kurt Rambis [Red Pulsar Prizm] #222,$8.00,,,,,,,,,,,$1.80,$8.79,,,,,,1,,,,,2014-12-04
191339,Basketball Cards 2014 Panini Prizm,"Kurt Rambis [Red, White, and Blue Pulsar Prizm] #222",$1.46,,,,,,,,,,,,$1.59,,,,,,1,,,,,2014-12-04
12249734,Basketball Cards 2014 Panini Prizm,Kurt Rambis [Yellow and Red Mosaic Prizm] #222,,,,,,,,,,,,,,,,,,,0,,,,,2014-12-04
136886,Basketball Cards 2014 Panini Prizm,Kyle Anderson #275,$1.56,,$6.49,$7.00,$12.00,$12.65,$16.00,$8.00,$8.00,,,,$1.69,,,$1.40,$7.09,,11,,,,,2014-12-04
12248206,Basketball Cards 2014 Panini Prizm,Kyle Anderson [Black Prizm] #275,,,,,,,,,,,,,,,,,,,0,,,,,2014-12-04
12248533,Basketball Cards 2014 Panini Prizm,Kyle Anderson [Black Pulsar Prizm] #275,,,,,,,,,,,,,,,,,,,0,,,,,2014-12-04
190641,Basketball Cards 2014 Panini Prizm,Kyle Anderson [Blue Mojo Prizm] #275,$2.00,,,,,,,,,,,,$2.19,,,,,,1,,,,,2014-12-04
136887,Basketball Cards 2014 Panini Prizm,Kyle Anderson [Blue Prizm] #275,$12.67,,,$4.24,$5.00,,,,,,,$3.50,$13.99,,,,,,4,,,,,2014-12-04
12249032,Basketball Cards 2014 Panini Prizm,Kyle Anderson [Blue Wave Prizm] #275,,,,,,,,,,,,,,,,,,,0,,,,,2014-12-04
12248711,Basketball Cards 2014 Panini Prizm,Kyle Anderson [Blue and Green Prizm] #275,$0.99,,,,,,,,,,,,$1.09,,,,,,1,,,,,2014-12-04
192401,Basketball Cards 2014 Panini Prizm,Kyle Anderson [Gold Prizm] #275,,,,$149.99,$165.00,,,,,,,,,,,,,,1,,,,,2014-12-04
12249262,Basketball Cards 2014 Panini Prizm,Kyle Anderson [Gold Pulsar Prizm] #275,,,,,,,,,,,,,,,,,,,0,,,,,2014-12-04
136888,Basketball Cards 2014 Panini Prizm,Kyle Anderson [Green Prizm] #275,$2.88,,,,,$44.97,$58.00,$27.00,$27.00,,,,$3.19,,,,,,6,,,,,2014-12-04
191631,Basketball Cards 2014 Panini Prizm,Kyle Anderson [Light Blue Prizm] #275,$12.20,,,,,,,,,,,$3.30,$12.99,,,,,,1,,,,,2014-12-04
12249536,Basketball Cards 2014 Panini Prizm,Kyle Anderson [Orange Die Cut Prizm] #275,$2.20,,,,,,,,,,,,$2.39,,,,,,1,,,,,2014-12-04
136889,Basketball Cards 2014 Panini Prizm,Kyle Anderson [Prizm] #275,$7.75,,,,,$75.00,$98.00,$45.00,$45.00,,,$1.70,$8.49,,,,,,4,,,,,2014-12-04
192143,Basketball Cards 2014 Panini Prizm,Kyle Anderson [Purple Die Cut Prizm] #275,$5.75,,,,,,,,,,,$1.30,$6.29,,,,,,2,,,,,2014-12-04
191122,Basketball Cards 2014 Panini Prizm,Kyle Anderson [Red Prizm] #275,$2.98,,,,,,,,$74.95,,,,$3.29,,,,,,2,,,,,2014-12-04
191884,Basketball Cards 2014 Panini Prizm,Kyle Anderson [Red Pulsar Prizm] #275,$200.00,,,,,$125.00,$163.00,$75.00,$75.00,,,$110.00,$220.00,,,,,,2,,,,,2014-12-04
191375,Basketball Cards 2014 Panini Prizm,"Kyle Anderson [Red, White, and Blue Pulsar Prizm] #275",$2.41,,,$12.99,$14.00,,,,,,,,$2.69,,,,,,5,,,,,2014-12-04
12249718,Basketball Cards 2014 Panini Prizm,Kyle Anderson [Yellow and Red Mosaic Prizm] #275,$0.99,,,,,,,,,,,,$1.09,,,,,,1,,,,,2014-12-04
190082,Basketball Cards 2014 Panini Prizm,Kyle Korver #146,$1.69,,,,,,,,,,,,$1.89,,,,,,2,,,,,2014-12-04
12248108,Basketball Cards 2014 Panini Prizm,Kyle Korver [Black Prizm] #146,,,,,,,,,,,,,,,,,,,0,,,,,2014-12-04
12248305,Basketball Cards 2014 Panini Prizm,Kyle Korver [Black Pulsar Prizm] #146,,,,,,,,,,,,,,,,,,,0,,,,,2014-12-04
190542,Basketball Cards 2014 Panini Prizm,Kyle Korver [Blue Mojo Prizm] #146,$3.00,,,,,,,,,,,,$3.29,,,,,,1,,,,,2014-12-04
190296,Basketball Cards 2014 Panini Prizm,Kyle Korver [Blue Prizm] #146,$3.62,,,,,,,,,,,$0.80,$3.99,,,,,,1,,,,,2014-12-04
12248905,Basketball Cards 2014 Panini Prizm,Kyle Korver [Blue Wave Prizm] #146,,,,,,,,,,,,,,,,,,,0,,,,,2014-12-04
12248572,Basketball Cards 2014 Panini Prizm,Kyle Korver [Blue and Green Prizm] #146,$1.50,,,,,,,,,,,,$1.69,,,,,,1,,,,,2014-12-04
192289,Basketball Cards 2014 Panini Prizm,Kyle Korver [Gold Prizm] #146,$91.00,,,,,,,,,,,$40.00,$100.00,,,,,,1,,,,,2014-12-04
12249079,Basketball Cards 2014 Panini Prizm,Kyle Korver [Gold Pulsar Prizm] #146,,,,,,,,,,,,,,,,,,,0,,,,,2014-12-04
190780,Basketball Cards 2014 Panini Prizm,Kyle Korver [Green Prizm] #146,$2.50,,,,,,,,,,,,$2.79,,,,,,2,,,,,2014-12-04
191521,Basketball Cards 2014 Panini Prizm,Kyle Korver [Light Blue Prizm] #146,$20.49,,,,,,,,,,,$6.90,$22.99,,,,,,1,,,,,2014-12-04
12249390,Basketball Cards 2014 Panini Prizm,Kyle Korver [Orange Die Cut Prizm] #146,,,,,,,,,,,,,,,,,,,0,,,,,2014-12-04
192541,Basketball Cards 2014 Panini Prizm,Kyle Korver [Prizm] #146,$3.33,,,,,,,,,,,,$3.69,,,,,,2,,,,,2014-12-04
192027,Basketball Cards 2014 Panini Prizm,Kyle Korver [Purple Die Cut Prizm] #146,$3.26,,,,,,,,,,,,$3.59,,,,,,3,,,,,2014-12-04
191006,Basketball Cards 2014 Panini Prizm,Kyle Korver [Red Prizm] #146,$3.56,,,,,,,,,,,$0.80,$3.89,,,,,,3,,,,,2014-12-04
191780,Basketball Cards 2014 Panini Prizm,Kyle Korver [Red Pulsar Prizm] #146,$2.50,,,,,,,,,,,,$2.79,,,,,,1,,,,,2014-12-04
191267,Basketball Cards 2014 Panini Prizm,"Kyle Korver [Red, White, and Blue Pulsar Prizm] #146",$2.08,,,,,,,,,,,,$2.29,,,,,,1,,,,,2014-12-04
12249639,Basketball Cards 2014 Panini Prizm,Kyle Korver [Yellow and Red Mosaic Prizm] #146,,,,,,,,,,,,,,,,,,,0,,,,,2014-12-04
136115,Basketball Cards 2014 Panini Prizm,Kyle Lowry #8,$2.99,,,,,$9.00,$12.00,$5.00,$5.00,,,,$3.29,,,,,,4,,,,,2014-12-04
12247966,Basketball Cards 2014 Panini Prizm,Kyle Lowry [Black Prizm] #8,,,,,,,,,,,,,,,,,,,0,,,,,2014-12-04
12248328,Basketball Cards 2014 Panini Prizm,Kyle Lowry [Black Pulsar Prizm] #8,,,,,,,,,,,,,,,,,,,0,,,,,2014-12-04
190430,Basketball Cards 2014 Panini Prizm,Kyle Lowry [Blue Mojo Prizm] #8,$2.83,,,,,$12.05,$16.00,$7.00,$7.00,,,,$3.09,,,,,,2,,,,,2014-12-04
190176,Basketball Cards 2014 Panini Prizm,Kyle Lowry [Blue Prizm] #8,$9.99,,,$15.88,$17.00,$52.67,$68.00,$32.00,$32.00,,,$2.80,$10.99,,,,,,4,,,,,2014-12-04
12248791,Basketball Cards 2014 Panini Prizm,Kyle Lowry [Blue Wave Prizm] #8,,,,,,,,,,,,,,,,,,,0,,,,,2014-12-04
12248643,Basketball Cards 2014 Panini Prizm,Kyle Lowry [Blue and Green Prizm] #8,,,,,,,,,,,,,,,,,,,0,,,,,2014-12-04
192172,Basketball Cards 2014 Panini Prizm,Kyle Lowry [Gold Prizm] #8,$1.00,,,,,,,,,,,,$1.09,,,,,,1,,,,,2014-12-04
136116,Basketball Cards 2014 Panini Prizm,Kyle Lowry [Gold Pulsar Prizm] #8,,,,,,,,,,,,,,,,,,,0,,,,,2014-12-04
136117,Basketball Cards 2014 Panini Prizm,Kyle Lowry [Green Prizm] #8,$2.27,,,,,,,,,,,,$2.49,,,,,,2,,,,,2014-12-04
191401,Basketball Cards 2014 Panini Prizm,Kyle Lowry [Light Blue Prizm] #8,$4.99,,,,,,,,,,,$1.10,$5.49,,,,,,1,,,,,2014-12-04
12249315,Basketball Cards 2014 Panini Prizm,Kyle Lowry [Orange Die Cut Prizm] #8,,,,,,,,,,,,,,,,,,,0,,,,,2014-12-04
192428,Basketball Cards 2014 Panini Prizm,Kyle Lowry [Prizm] #8,$5.00,,,,,,,,,,,$1.10,$5.49,,,,,,1,,,,,2014-12-04
191911,Basketball Cards 2014 Panini Prizm,Kyle Lowry [Purple Die Cut Prizm] #8,$9.99,,,$15.50,$17.00,,,,,,,$2.80,$10.99,,,,,,3,,,,,2014-12-04
190883,Basketball Cards 2014 Panini Prizm,Kyle Lowry [Red Prizm] #8,$9.81,,,,,,,,,,,$2.80,$10.99,,,,,,2,,,,,2014-12-04
191659,Basketball Cards 2014 Panini Prizm,Kyle Lowry [Red Pulsar Prizm] #8,$6.51,,,,,,,,,,,$1.40,$7.19,,,,,,1,,,,,2014-12-04
191150,Basketball Cards 2014 Panini Prizm,"Kyle Lowry [Red, White, and Blue Pulsar Prizm] #8",$1.72,,,,,,,,,,,,$1.89,,,,,,1,,,,,2014-12-04
12249565,Basketball Cards 2014 Panini Prizm,Kyle Lowry [Yellow and Red Mosaic Prizm] #8,,,,$12.95,$14.00,,,,,,,,,,,,,,1,,,,,2014-12-04
189988,Basketball Cards 2014 Panini Prizm,Kyrie Irving #18,$1.49,,$6.22,$17.39,$27.00,$27.58,$60.57,$17.00,$17.00,,,,$1.59,,,$1.40,$6.79,,20,,,,,2014-12-04
12247976,Basketball Cards 2014 Panini Prizm,Kyrie Irving [Black Prizm] #18,,,,,,,,,,,,,,,,,,,0,,,,,2014-12-04
12248348,Basketball Cards 2014 Panini Prizm,Kyrie Irving [Black Pulsar Prizm] #18,,,,,,,,,,,,,,,,,,,0,,,,,2014-12-04
190440,Basketball Cards 2014 Panini Prizm,Kyrie Irving [Blue Mojo Prizm] #18,$16.09,,,,$57.53,$59.99,$78.00,$36.00,$36.00,,,$4.50,$17.99,,,,,,7,,,,,2014-12-04
136130,Basketball Cards 2014 Panini Prizm,Kyrie Irving [Blue Prizm] #18,$7.06,,,$62.24,$68.00,$123.85,$161.00,$74.00,$74.00,,,$1.60,$7.79,,,,,,3,,,,,2014-12-04
136131,Basketball Cards 2014 Panini Prizm,Kyrie Irving [Blue Wave Prizm] #18,$7.75,,,,,$70.00,$91.00,$42.00,$42.00,,,$1.70,$8.49,,,,,,2,,,,,2014-12-04
136129,Basketball Cards 2014 Panini Prizm,Kyrie Irving [Blue and Green Prizm] #18,$3.26,,,$22.72,$25.00,$38.56,$50.00,$23.00,$23.00,,,,$3.59,,,,,,7,,,,,2014-12-04
192181,Basketball Cards 2014 Panini Prizm,Kyrie Irving [Gold Prizm] #18,$326.66,,,,$725.00,,,,,,,$179.50,$359.00,,,,,,2,,,,,2014-12-04
12249127,Basketball Cards 2014 Panini Prizm,Kyrie Irving [Gold Pulsar Prizm] #18,,,,,,,,,,,,,,,,,,,0,,,,,2014-12-04
136132,Basketball Cards 2014 Panini Prizm,Kyrie Irving [Green Prizm] #18,$6.00,,,$33.96,$37.00,$42.37,$55.00,$25.00,$25.00,,,$1.30,$6.59,,,,,,8,,,,,2014-12-04
191410,Basketball Cards 2014 Panini Prizm,Kyrie Irving [Light Blue Prizm] #18,$16.67,,,$55.35,$61.00,,$242.07,,,,,$4.50,$17.99,,,,,,2,,,,,2014-12-04
136133,Basketball Cards 2014 Panini Prizm,Kyrie Irving [Orange Die Cut Prizm] #18,$13.89,,,$69.24,$76.00,$83.00,$108.00,$50.00,$50.00,,,$3.80,$14.99,,,,,,4,,,,,2014-12-04
192438,Basketball Cards 2014 Panini Prizm,Kyrie Irving [Prizm] #18,$9.22,,$15.45,$16.09,$37.84,$65.00,$85.00,$39.00,$39.00,,,$2.00,$9.99,,,$4.30,$16.99,,15,,,,,2014-12-04
136134,Basketball Cards 2014 Panini Prizm,Kyrie Irving [Purple Die Cut Prizm] #18,$16.95,$9.69,,$20.50,$23.00,$47.87,$62.00,$29.00,$29.00,,,$4.80,$18.99,$2.80,$10.99,,,,4,,,,,2014-12-04
190893,Basketball Cards 2014 Panini Prizm,Kyrie Irving [Red Prizm] #18,$61.61,,$44.99,$46.25,$51.00,,,,,,,$27.20,$67.99,,,$19.60,$48.99,,3,,,,,2014-12-04
191668,Basketball Cards 2014 Panini Prizm,Kyrie Irving [Red Pulsar Prizm] #18,$98.00,,,,$107.30,$118.75,$154.00,$71.00,$71.00,,,$54.00,$108.00,,,,,,3,,,,,2014-12-04
136135,Basketball Cards 2014 Panini Prizm,"Kyrie Irving [Red, White, and Blue Pulsar Prizm] #18",$8.39,,$6.50,$19.83,$22.00,$48.09,$63.00,$29.00,$29.00,,,$1.80,$9.19,,,$1.40,$7.19,,7,,,,,2014-12-04
136136,Basketball Cards 2014 Panini Prizm,Kyrie Irving [Yellow and Red Mosaic Prizm] #18,$7.11,,,,,$38.00,$49.00,$23.00,$23.00,,,$1.60,$7.79,,,,,,6,,,,,2014-12-04
189994,Basketball Cards 2014 Panini Prizm,LaMarcus Aldridge #28,$1.31,,,,,,,,,,,,$1.39,,,,,,1,,,,,2014-12-04
12247986,Basketball Cards 2014 Panini Prizm,LaMarcus Aldridge [Black Prizm] #28,,,,,,,,,,,,,,,,,,,0,,,,,2014-12-04
12248370,Basketball Cards 2014 Panini Prizm,LaMarcus Aldridge [Black Pulsar Prizm] #28,,,,,,,,,,,,,,,,,,,0,,,,,2014-12-04
190449,Basketball Cards 2014 Panini Prizm,LaMarcus Aldridge [Blue Mojo Prizm] #28,$2.34,,,,,,,,,,,,$2.59,,,,,,2,,,,,2014-12-04
190193,Basketball Cards 2014 Panini Prizm,LaMarcus Aldridge [Blue Prizm] #28,$2.56,,,,,,,,,,,,$2.79,,,,,,2,,,,,2014-12-04
12248809,Basketball Cards 2014 Panini Prizm,LaMarcus Aldridge [Blue Wave Prizm] #28,,,,,,,,$14.00,,,,,,,,,,,0,,,,,2014-12-04
12248677,Basketball Cards 2014 Panini Prizm,LaMarcus Aldridge [Blue and Green Prizm] #28,$1.25,,,,,,,,,,,,$1.39,,,,,,1,,,,,2014-12-04
136158,Basketball Cards 2014 Panini Prizm,LaMarcus Aldridge [Gold Prizm] #28,$36.53,,,,,,,,,,,$16.00,$39.99,,,,,,1,,,,,2014-12-04
12249145,Basketball Cards 2014 Panini Prizm,LaMarcus Aldridge [Gold Pulsar Prizm] #28,,,,,,,,,,,,,,,,,,,0,,,,,2014-12-04
190684,Basketball Cards 2014 Panini Prizm,LaMarcus Aldridge [Green Prizm] #28,$2.70,,,,,,,,,,,,$2.99,,,,,,1,,,,,2014-12-04
191418,Basketball Cards 2014 Panini Prizm,LaMarcus Aldridge [Light Blue Prizm] #28,$4.90,,,,,,,,,,,$1.10,$5.39,,,,,,1,,,,,2014-12-04
12249332,Basketball Cards 2014 Panini Prizm,LaMarcus Aldridge [Orange Die Cut Prizm] #28,,,,,,,,,,,,,,,,,,,0,,,,,2014-12-04
136159,Basketball Cards 2014 Panini Prizm,LaMarcus Aldridge [Prizm] #28,$3.07,,,,,,,,,,,,$3.39,,,,,,1,,,,,2014-12-04
191929,Basketball Cards 2014 Panini Prizm,LaMarcus Aldridge [Purple Die Cut Prizm] #28,$1.40,,,,,,,,,,,,$1.49,,,,,,2,,,,,2014-12-04
190902,Basketball Cards 2014 Panini Prizm,LaMarcus Aldridge [Red Prizm] #28,$4.23,,,,,,,,,,,$0.90,$4.69,,,,,,1,,,,,2014-12-04
191678,Basketball Cards 2014 Panini Prizm,LaMarcus Aldridge [Red Pulsar Prizm] #28,$14.75,,,,,,,,,,,$4.00,$15.99,,,,,,1,,,,,2014-12-04
191166,Basketball Cards 2014 Panini Prizm,"LaMarcus Aldridge [Red, White, and Blue Pulsar Prizm] #28",$2.31,,,,,,,,,,,,$2.49,,,,,,1,,,,,2014-12-04
12249580,Basketball Cards 2014 Panini Prizm,LaMarcus Aldridge [Yellow and Red Mosaic Prizm] #28,,,,,,,,,,,,,,,,,,,0,,,,,2014-12-04
136170,Basketball Cards 2014 Panini Prizm,Lance Stephenson #38,$1.13,,,,,,,,,,,,$1.19,,,,,,1,,,,,2014-12-04
12247996,Basketball Cards 2014 Panini Prizm,Lance Stephenson [Black Prizm] #38,,,,,,,,,,,,,,,,,,,0,,,,,2014-12-04
12248389,Basketball Cards 2014 Panini Prizm,Lance Stephenson [Black Pulsar Prizm] #38,,,,,,,,,,,,,,,,,,,0,,,,,2014-12-04
190459,Basketball Cards 2014 Panini Prizm,Lance Stephenson [Blue Mojo Prizm] #38,$2.59,,,,,,,,,,,,$2.89,,,,,,1,,,,,2014-12-04
190203,Basketball Cards 2014 Panini Prizm,Lance Stephenson [Blue Prizm] #38,$2.05,,,,,,,,,,,,$2.29,,,,,,1,,,,,2014-12-04
12248819,Basketball Cards 2014 Panini Prizm,Lance Stephenson [Blue Wave Prizm] #38,,,,,,,,,,,,,,,,,,,0,,,,,2014-12-04
12248685,Basketball Cards 2014 Panini Prizm,Lance Stephenson [Blue and Green Prizm] #38,,,,,,,,,,,,,,,,,,,0,,,,,2014-12-04
192198,Basketball Cards 2014 Panini Prizm,Lance Stephenson [Gold Prizm] #38,$143.50,,,,,$115.00,$150.00,$69.00,$69.00,,,$79.00,$158.00,,,,,,3,,,,,2014-12-04
12249170,Basketball Cards 2014 Panini Prizm,Lance Stephenson [Gold Pulsar Prizm] #38,,,,,,,,,,,,,,,,,,,0,,,,,2014-12-04
190694,Basketball Cards 2014 Panini Prizm,Lance Stephenson [Green Prizm] #38,$0.99,,,,,,,,,,,,$1.09,,,,,,2,,,,,2014-12-04
191427,Basketball Cards 2014 Panini Prizm,Lance Stephenson [Light Blue Prizm] #38,,,,,,,,,,,,,,,,,,,0,,,,,2014-12-04
12249341,Basketball Cards 2014 Panini Prizm,Lance Stephenson [Orange Die Cut Prizm] #38,,,,,,,,,,,,,,,,,,,0,,,,,2014-12-04
192455,Basketball Cards 2014 Panini Prizm,Lance Stephenson [Prizm] #38,$1.99,,,,,,,,,,,,$2.19,,,,,,1,,,,,2014-12-04
191938,Basketball Cards 2014 Panini Prizm,Lance Stephenson [Purple Die Cut Prizm] #38,$2.43,,,,,,,,,,,,$2.69,,,,,,2,,,,,2014-12-04
190912,Basketball Cards 2014 Panini Prizm,Lance Stephenson [Red Prizm] #38,$1.39,,,,,,,,,,,,$1.49,,,,,,2,,,,,2014-12-04
191687,Basketball Cards 2014 Panini Prizm,Lance Stephenson [Red Pulsar Prizm] #38,$9.47,,,,,,,,,,,$2.00,$9.99,,,,,,1,,,,,2014-12-04
191175,Basketball Cards 2014 Panini Prizm,"Lance Stephenson [Red, White, and Blue Pulsar Prizm] #38",$1.99,,,,,,,,,,,,$2.19,,,,,,1,,,,,2014-12-04
12249588,Basketball Cards 2014 Panini Prizm,Lance Stephenson [Yellow and Red Mosaic Prizm] #38,,,,,,,,,,,,,,,,,,,0,,,,,2014-12-04
136692,Basketball Cards 2014 Panini Prizm,Larry Bird #232,$2.50,,$7.28,$10.50,$19.50,$32.50,$42.00,$20.00,$43.00,,,,$2.79,,,$1.60,$7.99,,25,,,,,2014-12-04
12248143,Basketball Cards 2014 Panini Prizm,Larry Bird [Black Prizm] #232,,,,,,,,,,,,,,,,,,,0,,,,,2014-12-04
12248482,Basketball Cards 2014 Panini Prizm,Larry Bird [Black Pulsar Prizm] #232,,,,,,,,,,,,,,,,,,,0,,,,,2014-12-04
190608,Basketball Cards 2014 Panini Prizm,Larry Bird [Blue Mojo Prizm] #232,$24.74,,,$47.41,$52.00,$226.56,$295.00,$136.00,$136.00,,,$8.10,$26.99,,,,,,4,,,,,2014-12-04
136694,Basketball Cards 2014 Panini Prizm,Larry Bird [Blue Prizm] #232,$50.83,,,$65.34,$72.00,$225.00,$293.00,$135.00,$135.00,,,$22.40,$55.99,,,,,,4,,,,,2014-12-04
12248987,Basketball Cards 2014 Panini Prizm,Larry Bird [Blue Wave Prizm] #232,,,,,,$160.00,$208.00,$96.00,$96.00,,,,,,,,,,1,,,,,2014-12-04
136693,Basketball Cards 2014 Panini Prizm,Larry Bird [Blue and Green Prizm] #232,$10.37,,$18.50,$54.98,$60.00,$141.23,$184.00,$85.00,$65.00,,,$2.80,$10.99,,,$5.00,$19.99,,9,,,,,2014-12-04
136695,Basketball Cards 2014 Panini Prizm,Larry Bird [Gold Prizm] #232,$53.55,,,$605.00,$2033.05,,,,,,,$23.60,$58.99,,,,,,3,,,,,2014-12-04
12249199,Basketball Cards 2014 Panini Prizm,Larry Bird [Gold Pulsar Prizm] #232,,,,,,,,,,,,,,,,,,,0,,,,,2014-12-04
136696,Basketball Cards 2014 Panini Prizm,Larry Bird [Green Prizm] #232,$68.10,,$61.00,$118.42,$130.00,$403.37,$524.00,$242.00,$242.00,,,$30.00,$74.99,,,$26.80,$66.99,,11,,,,,2014-12-04
136697,Basketball Cards 2014 Panini Prizm,Larry Bird [Light Blue Prizm] #232,$24.68,,$199.20,$219.00,$241.00,$263.00,$342.00,$158.00,$158.00,,,$8.10,$26.99,,,$109.50,$219.00,,4,,,,,2014-12-04
12249503,Basketball Cards 2014 Panini Prizm,Larry Bird [Orange Die Cut Prizm] #232,,,,,,,,,,,,,,,,,,,0,,,,,2014-12-04
136698,Basketball Cards 2014 Panini Prizm,Larry Bird [Prizm] #232,$26.17,,$26.49,$26.55,$56.68,$76.98,$100.00,$46.00,$46.00,,,$8.70,$28.99,,,$8.70,$28.99,,9,,,,,2014-12-04
192109,Basketball Cards 2014 Panini Prizm,Larry Bird [Purple Die Cut Prizm] #232,$25.42,,$110.55,$122.00,$134.00,$225.81,$294.00,$135.00,$135.00,,,$8.40,$27.99,,,$61.00,$122.00,,7,,,,,2014-12-04
191088,Basketball Cards 2014 Panini Prizm,Larry Bird [Red Prizm] #232,$43.21,,,$86.00,$95.00,,,,,,,$19.20,$47.99,,,,,,2,,,,,2014-12-04
191853,Basketball Cards 2014 Panini Prizm,Larry Bird [Red Pulsar Prizm] #232,,,,$150.00,$165.00,$255.00,$332.00,$153.00,$153.00,,,,,,,,,,4,,,,,2014-12-04
191347,Basketball Cards 2014 Panini Prizm,"Larry Bird [Red, White, and Blue Pulsar Prizm] #232",$23.89,,,$45.77,$50.00,$149.99,$195.00,$90.00,$90.00,,,$7.80,$25.99,,,,,,6,,,,,2014-12-04
136699,Basketball Cards 2014 Panini Prizm,Larry Bird [Yellow and Red Mosaic Prizm] #232,$15.00,,$24.99,$29.69,$33.00,$157.25,$204.00,$94.00,$94.00,,,$4.30,$16.99,,,$8.10,$26.99,,8,,,,,2014-12-04
190141,Basketball Cards 2014 Panini Prizm,Larry Johnson #242,$1.29,,$39.99,,,$39.99,$52.00,$24.00,$24.00,,,,$1.39,,,$17.60,$43.99,,6,,,,,2014-12-04
12248160,Basketball Cards 2014 Panini Prizm,Larry Johnson [Black Prizm] #242,,,,,,,,,,,,,,,,,,,0,,,,,2014-12-04
12248500,Basketball Cards 2014 Panini Prizm,Larry Johnson [Black Pulsar Prizm] #242,,,,,,,,,,,,,,,,,,,0,,,,,2014-12-04
190618,Basketball Cards 2014 Panini Prizm,Larry Johnson [Blue Mojo Prizm] #242,$11.48,,,,,,,,,,,$3.30,$12.99,,,,,,1,,,,,2014-12-04
190381,Basketball Cards 2014 Panini Prizm,Larry Johnson [Blue Prizm] #242,$6.29,,,,,$44.00,$57.00,$26.00,$26.00,,,$1.40,$6.89,,,,,,2,,,,,2014-12-04
12249009,Basketball Cards 2014 Panini Prizm,Larry Johnson [Blue Wave Prizm] #242,,,,,,,,,,,,,,,,,,,0,,,,,2014-12-04
136719,Basketball Cards 2014 Panini Prizm,Larry Johnson [Blue and Green Prizm] #242,$7.85,,,,,,,,,,,$1.70,$8.59,,,,,,3,,,,,2014-12-04
192373,Basketball Cards 2014 Panini Prizm,Larry Johnson [Gold Prizm] #242,$102.50,,,$199.99,$220.00,$240.00,$312.00,$144.00,$144.00,,,$56.50,$113.00,,,,,,3,,,,,2014-12-04
12249215,Basketball Cards 2014 Panini Prizm,Larry Johnson [Gold Pulsar Prizm] #242,,,,,,,,,,,,,,,,,,,0,,,,,2014-12-04
136720,Basketball Cards 2014 Panini Prizm,Larry Johnson [Green Prizm] #242,$3.37,,,$6.00,$7.00,,,,,,,,$3.69,,,,,,3,,,,,2014-12-04
191610,Basketball Cards 2014 Panini Prizm,Larry Johnson [Light Blue Prizm] #242,$12.75,,,,,,,,,,,$3.50,$13.99,,,,,,1,,,,,2014-12-04
12249512,Basketball Cards 2014 Panini Prizm,Larry Johnson [Orange Die Cut Prizm] #242,$12.04,,,,,,,,,,,$3.30,$12.99,,,,,,1,,,,,2014-12-04
192619,Basketball Cards 2014 Panini Prizm,Larry Johnson [Prizm] #242,$5.52,,,,,,,,,,,$1.20,$6.09,,,,,,2,,,,,2014-12-04
192118,Basketball Cards 2014 Panini Prizm,Larry Johnson [Purple Die Cut Prizm] #242,$2.89,,,$14.16,$16.00,,,,,,,,$3.19,,,,,,4,,,,,2014-12-04
136721,Basketball Cards 2014 Panini Prizm,Larry Johnson [Red Prizm] #242,$5.00,,,,,,,,,,,$1.10,$5.49,,,,,,3,,,,,2014-12-04
136722,Basketball Cards 2014 Panini Prizm,Larry Johnson [Red Pulsar Prizm] #242,,,,,,,,,,,,,,,,,,,0,,,,,2014-12-04
191356,Basketball Cards 2014 Panini Prizm,"Larry Johnson [Red, White, and Blue Pulsar Prizm] #242",$3.00,,,,,,,,,,,,$3.29,,,,,,2,,,,,2014-12-04
12249754,Basketball Cards 2014 Panini Prizm,Larry Johnson [Yellow and Red Mosaic Prizm] #242,,,,,,,,,,,,,,,,,,,0,,,,,2014-12-04
190088,Basketball Cards 2014 Panini Prizm,Latrell Sprewell #155,$1.34,,,,,,,,,,,,$1.49,,,,,,4,,,,,2014-12-04
12248130,Basketball Cards 2014 Panini Prizm,Latrell Sprewell [Black Prizm] #155,,,,,,,,,,,,,,,,,,,0,,,,,2014-12-04
12248315,Basketball Cards 2014 Panini Prizm,Latrell Sprewell [Black Pulsar Prizm] #155,,,,,,,,,,,,,,,,,,,0,,,,,2014-12-04
190551,Basketball Cards 2014 Panini Prizm,Latrell Sprewell [Blue Mojo Prizm] #155,$9.99,,,,,,,,,,,$2.80,$10.99,,,,,,1,,,,,2014-12-04
136494,Basketball Cards 2014 Panini Prizm,Latrell Sprewell [Blue Prizm] #155,$5.63,,,,,$69.99,$91.00,$42.00,$42.00,,,$1.20,$6.19,,,,,,2,,,,,2014-12-04
12248918,Basketball Cards 2014 Panini Prizm,Latrell Sprewell [Blue Wave Prizm] #155,,,,,,,,,,,,,,,,,,,0,,,,,2014-12-04
12248579,Basketball Cards 2014 Panini Prizm,Latrell Sprewell [Blue and Green Prizm] #155,,,,,,,,,,,,,,,,,,,0,,,,,2014-12-04
192297,Basketball Cards 2014 Panini Prizm,Latrell Sprewell [Gold Prizm] #155,$1.50,,,,,,,,,,,,$1.69,,,,,,1,,,,,2014-12-04
12249087,Basketball Cards 2014 Panini Prizm,Latrell Sprewell [Gold Pulsar Prizm] #155,,,,,,,,,,,,,,,,,,,0,,,,,2014-12-04
190787,Basketball Cards 2014 Panini Prizm,Latrell Sprewell [Green Prizm] #155,$3.00,,,,,,,,,,,,$3.29,,,,,,3,,,,,2014-12-04
191530,Basketball Cards 2014 Panini Prizm,Latrell Sprewell [Light Blue Prizm] #155,$33.49,,,,,,,,,,,$14.80,$36.99,,,,,,1,,,,,2014-12-04
12249404,Basketball Cards 2014 Panini Prizm,Latrell Sprewell [Orange Die Cut Prizm] #155,$9.00,,,,,,,,,,,$2.00,$9.89,,,,,,1,,,,,2014-12-04
192548,Basketball Cards 2014 Panini Prizm,Latrell Sprewell [Prizm] #155,$3.56,,$9.99,$11.00,$12.00,,,,,,,$0.80,$3.89,,,$2.80,$10.99,,3,,,,,2014-12-04
192036,Basketball Cards 2014 Panini Prizm,Latrell Sprewell [Purple Die Cut Prizm] #155,$10.56,,,,,,,,,,,$3.00,$11.99,,,,,,2,,,,,2014-12-04
191014,Basketball Cards 2014 Panini Prizm,Latrell Sprewell [Red Prizm] #155,$1.75,,,,,,,,,,,,$1.89,,,,,,1,,,,,2014-12-04
191787,Basketball Cards 2014 Panini Prizm,Latrell Sprewell [Red Pulsar Prizm] #155,,,,,,,,,,,,,,,,,,,0,,,,,2014-12-04
191275,Basketball Cards 2014 Panini Prizm,"Latrell Sprewell [Red, White, and Blue Pulsar Prizm] #155",$6.00,,,,,,,,,,,$1.30,$6.59,,,,,,2,,,,,2014-12-04
12249653,Basketball Cards 2014 Panini Prizm,Latrell Sprewell [Yellow and Red Mosaic Prizm] #155,,,,,,,,,,,,,,,,,,,0,,,,,2014-12-04
136190,Basketball Cards 2014 Panini Prizm,LeBron James #48,$9.75,$10.00,$12.90,$33.86,$37.00,$115.99,$151.00,$70.00,$258.00,,,$2.80,$10.99,$2.80,$10.99,$3.50,$13.99,,219,,,,,2014-12-04
12248006,Basketball Cards 2014 Panini Prizm,LeBron James [Black Prizm] #48,,,,,,,,,,,,,,,,,,,0,,,,,2014-12-04
12248408,Basketball Cards 2014 Panini Prizm,LeBron James [Black Pulsar Prizm] #48,,,,,,,,,,,,,,,,,,,0,,,,,2014-12-04
136192,Basketball Cards 2014 Panini Prizm,LeBron James [Blue Mojo Prizm] #48,$144.00,,,$149.89,$231.00,$448.77,$930.00,$269.00,$269.00,,,$79.00,$158.00,,,,,,6,,,,,2014-12-04
136193,Basketball Cards 2014 Panini Prizm,LeBron James [Blue Prizm] #48,$7.00,,$179.88,$615.00,$677.00,$692.46,$729.50,$415.00,$415.00,,,$1.50,$7.69,,,$99.00,$198.00,,6,,,,,2014-12-04
136194,Basketball Cards 2014 Panini Prizm,LeBron James [Blue Wave Prizm] #48,$189.21,,$80.00,$224.46,$258.00,$263.12,$342.00,$158.00,$158.00,,,$104.00,$208.00,,,$35.20,$87.99,,6,,,,,2014-12-04
136191,Basketball Cards 2014 Panini Prizm,LeBron James [Blue and Green Prizm] #48,$75.00,,$70.00,$92.00,$92.50,$182.07,$237.00,$109.00,$109.00,,,$33.20,$82.99,,,$30.80,$76.99,,16,,,,,2014-12-04
136195,Basketball Cards 2014 Panini Prizm,LeBron James [Gold Prizm] #48,$54.00,,,,,,,,,,,$23.60,$58.99,,,,,,1,,,,,2014-12-04
136196,Basketball Cards 2014 Panini Prizm,LeBron James [Gold Pulsar Prizm] #48,$4000.00,,,,,$15000.00,$19500.00,$9000.00,$9000.00,,,$2640.00,$4400.00,,,,,,2,,,,,2014-12-04
136197,Basketball Cards 2014 Panini Prizm,LeBron James [Green Prizm] #48,$130.14,,$179.93,$198.00,$217.00,$220.99,$287.00,$133.00,$177.50,,,$71.50,$143.00,,,$99.00,$198.00,,16,,,,,2014-12-04
136198,Basketball Cards 2014 Panini Prizm,LeBron James [Light Blue Prizm] #48,,,$200.00,$472.94,$550.44,$1200.00,$1560.00,$720.00,$720.00,,,,,,,$110.00,$220.00,,4,,,,,2014-12-04
136199,Basketball Cards 2014 Panini Prizm,LeBron James [Orange Die Cut Prizm] #48,$204.03,,,$219.31,$324.50,$412.97,$537.00,$248.00,$248.00,,,$112.00,$224.00,,,,,,5,,,,,2014-12-04
136200,Basketball Cards 2014 Panini Prizm,LeBron James [Prizm] #48,$125.00,,$148.91,$171.95,$316.01,$607.97,$790.00,$365.00,$365.00,,,$69.00,$138.00,,,$82.00,$164.00,,17,,,,,2014-12-04
136201,Basketball Cards 2014 Panini Prizm,LeBron James [Purple Die Cut Prizm] #48,$168.93,,$124.75,$256.75,$284.96,$832.50,$1049.99,$500.00,$500.00,,,$93.00,$186.00,,,$68.50,$137.00,,5,,,,,2014-12-04
136202,Basketball Cards 2014 Panini Prizm,LeBron James [Red Prizm] #48,$560.90,,,$477.50,$665.70,$2025.00,$2300.00,$1215.00,$1215.00,,,$370.20,$617.00,,,,,,5,,,,,2014-12-04
136203,Basketball Cards 2014 Panini Prizm,LeBron James [Red Pulsar Prizm] #48,$2500.00,,,$1009.00,$1110.00,$2000.00,$2600.00,$1200.00,$1200.00,,,$1650.00,$2750.00,,,,,,2,,,,,2014-12-04
136204,Basketball Cards 2014 Panini Prizm,"LeBron James [Red, White, and Blue Pulsar Prizm] #48",$65.00,,$58.38,$77.49,$183.25,$260.68,$229.99,$156.00,$63.00,,,$28.80,$71.99,,,$25.60,$63.99,,16,,,,,2014-12-04
136205,Basketball Cards 2014 Panini Prizm,LeBron James [Yellow and Red Mosaic Prizm] #48,$60.71,,$49.00,$110.00,$200.86,$418.79,$544.00,$251.00,$250.00,,,$26.80,$66.99,,,$21.60,$53.99,,17,,,,,2014-12-04
190095,Basketball Cards 2014 Panini Prizm,Louie Dampier #165,$1.25,,,,,,,,,,,,$1.39,,,,,,4,,,,,2014-12-04
12248155,Basketball Cards 2014 Panini Prizm,Louie Dampier [Black Prizm] #165,,,,,,,,,,,,,,,,,,,0,,,,,2014-12-04
12248335,Basketball Cards 2014 Panini Prizm,Louie Dampier [Black Pulsar Prizm] #165,,,,,,,,,,,,,,,,,,,0,,,,,2014-12-04
190557,Basketball Cards 2014 Panini Prizm,Louie Dampier [Blue Mojo Prizm] #165,$1.50,,,,,,,,,,,,$1.69,,,,,,2,,,,,2014-12-04
190312,Basketball Cards 2014 Panini Prizm,Louie Dampier [Blue Prizm] #165,$2.99,,,,,,,,,,,,$3.29,,,,,,2,,,,,2014-12-04
12248934,Basketball Cards 2014 Panini Prizm,Louie Dampier [Blue Wave Prizm] #165,$0.99,,,,,,,,,,,,$1.09,,,,,,1,,,,,2014-12-04
12248586,Basketball Cards 2014 Panini Prizm,Louie Dampier [Blue and Green Prizm] #165,$2.95,,,,,,,,,,,,$3.29,,,,,,1,,,,,2014-12-04
192306,Basketball Cards 2014 Panini Prizm,Louie Dampier [Gold Prizm] #165,$35.00,,,,,,,,,,,$15.60,$38.99,,,,,,1,,,,,2014-12-04
12249095,Basketball Cards 2014 Panini Prizm,Louie Dampier [Gold Pulsar Prizm] #165,,,,,,,,,,,,,,,,,,,0,,,,,2014-12-04
136521,Basketball Cards 2014 Panini Prizm,Louie Dampier [Green Prizm] #165,$1.89,,,,,,,,,,,,$2.09,,,,,,3,,,,,2014-12-04
191539,Basketball Cards 2014 Panini Prizm,Louie Dampier [Light Blue Prizm] #165,$5.92,,,,,,,,,,,$1.30,$6.49,,,,,,1,,,,,2014-12-04
12249420,Basketball Cards 2014 Panini Prizm,Louie Dampier [Orange Die Cut Prizm] #165,,,,,,,,,,,,,,,,,,,0,,,,,2014-12-04
192557,Basketball Cards 2014 Panini Prizm,Louie Dampier [Prizm] #165,$4.99,,,,,,,,,,,$1.10,$5.49,,,,,,1,,,,,2014-12-04
192046,Basketball Cards 2014 Panini Prizm,Louie Dampier [Purple Die Cut Prizm] #165,$3.99,,,,,,,,,,,$0.90,$4.39,,,,,,2,,,,,2014-12-04
191026,Basketball Cards 2014 Panini Prizm,Louie Dampier [Red Prizm] #165,$3.43,,,,,,,,,,,$0.80,$3.79,,,,,,3,,,,,2014-12-04
191796,Basketball Cards 2014 Panini Prizm,Louie Dampier [Red Pulsar Prizm] #165,$8.01,,,,,,,,,,,$1.80,$8.79,,,,,,1,,,,,2014-12-04
191284,Basketball Cards 2014 Panini Prizm,"Louie Dampier [Red, White, and Blue Pulsar Prizm] #165",$3.38,,,,,,,,,,,,$3.69,,,,,,1,,,,,2014-12-04
12249669,Basketball Cards 2014 Panini Prizm,Louie Dampier [Yellow and Red Mosaic Prizm] #165,$1.88,,$6.54,$16.99,$22.63,$33.36,$43.00,$20.00,$20.00,,,,$2.09,,,$1.40,$7.19,,12,,,,,2014-12-04
190015,Basketball Cards 2014 Panini Prizm,Luol Deng #59,$1.81,,,$1275.00,$1403.00,,,,,,,,$1.99,,,,,,2,,,,,2014-12-04
12248028,Basketball Cards 2014 Panini Prizm,Luol Deng [Black Prizm] #59,,,,,,,,,,,,,,,,,,,0,,,,,2014-12-04
12248420,Basketball Cards 2014 Panini Prizm,Luol Deng [Black Pulsar Prizm] #59,,,,,,,,,,,,,,,,,,,0,,,,,2014-12-04
190478,Basketball Cards 2014 Panini Prizm,Luol Deng [Blue Mojo Prizm] #59,$4.99,,,,,,,,,,,$1.10,$5.49,,,,,,1,,,,,2014-12-04
190220,Basketball Cards 2014 Panini Prizm,Luol Deng [Blue Prizm] #59,$2.01,,,,,,,,,,,,$2.19,,,,,,1,,,,,2014-12-04
12248839,Basketball Cards 2014 Panini Prizm,Luol Deng [Blue Wave Prizm] #59,,,,,,,,,,,,,,,,,,,0,,,,,2014-12-04
12248703,Basketball Cards 2014 Panini Prizm,Luol Deng [Blue and Green Prizm] #59,$1.25,,,,,,,,,,,,$1.39,,,,,,1,,,,,2014-12-04
192214,Basketball Cards 2014 Panini Prizm,Luol Deng [Gold Prizm] #59,$35.00,,,,,$499.95,$650.00,$300.00,$300.00,,,$15.60,$38.99,,,,,,2,,,,,2014-12-04
12249207,Basketball Cards 2014 Panini Prizm,Luol Deng [Gold Pulsar Prizm] #59,,,,,,,,,,,,,,,,,,,0,,,,,2014-12-04
190711,Basketball Cards 2014 Panini Prizm,Luol Deng [Green Prizm] #59,$1.49,,,,,,,,,,,,$1.59,,,,,,1,,,,,2014-12-04
191445,Basketball Cards 2014 Panini Prizm,Luol Deng [Light Blue Prizm] #59,$1.43,,,,,,,,,,,,$1.59,,,,,,1,,,,,2014-12-04
12249373,Basketball Cards 2014 Panini Prizm,Luol Deng [Orange Die Cut Prizm] #59,,,,,,,,,,,,,,,,,,,0,,,,,2014-12-04
192473,Basketball Cards 2014 Panini Prizm,Luol Deng [Prizm] #59,$1.21,,,,,,,,,,,,$1.29,,,,,,1,,,,,2014-12-04
191955,Basketball Cards 2014 Panini Prizm,Luol Deng [Purple Die Cut Prizm] #59,$1.49,,,,,,,,,,,,$1.59,,,,,,1,,,,,2014-12-04
190930,Basketball Cards 2014 Panini Prizm,Luol Deng [Red Prizm] #59,$6.56,,,,,,,,,,,$1.40,$7.19,,,,,,1,,,,,2014-12-04
191705,Basketball Cards 2014 Panini Prizm,Luol Deng [Red Pulsar Prizm] #59,$8.63,,,,,,,,,,,$1.90,$9.49,,,,,,3,,,,,2014-12-04
191192,Basketball Cards 2014 Panini Prizm,"Luol Deng [Red, White, and Blue Pulsar Prizm] #59",$1.00,,,,,,,,,,,,$1.09,,,,,,1,,,,,2014-12-04
12249605,Basketball Cards 2014 Panini Prizm,Luol Deng [Yellow and Red Mosaic Prizm] #59,$2.50,,,,,,,,,,,,$2.79,,,,,,1,,,,,2014-12-04
136544,Basketball Cards 2014 Panini Prizm,Magic Johnson #175,$0.99,,$4.07,$14.79,$21.39,$40.00,$52.00,$24.00,$24.00,,,,$1.09,,,$0.90,$4.49,,19,,,,,2014-12-04
12248185,Basketball Cards 2014 Panini Prizm,Magic Johnson [Black Prizm] #175,,,,,,,,,,,,,,,,,,,0,,,,,2014-12-04
5166747,Basketball Cards 2014 Panini Prizm,Magic Johnson [Black Pulsar Prizm] #175,,,,,,,,,,,,,,,,,,,0,,,,,2014-12-04
136546,Basketball Cards 2014 Panini Prizm,Magic Johnson [Blue Mojo Prizm] #175,$3.00,,,,,$55.10,$72.00,$33.00,$33.00,,,,$3.29,,,,,,2,,,,,2014-12-04
190321,Basketball Cards 2014 Panini Prizm,Magic Johnson [Blue Prizm] #175,$9.58,,,$29.87,$33.00,$399.95,$520.00,$240.00,$240.00,,,$2.80,$10.99,,,,,,4,,,,,2014-12-04
12248944,Basketball Cards 2014 Panini Prizm,Magic Johnson [Blue Wave Prizm] #175,$30.00,,,,,,,,,,,$9.90,$32.99,,,,,,1,,,,,2014-12-04
136545,Basketball Cards 2014 Panini Prizm,Magic Johnson [Blue and Green Prizm] #175,$3.00,,,$5.55,$18.50,$60.50,$79.00,$36.00,$36.00,,,,$3.29,,,,,,7,,,,,2014-12-04
136547,Basketball Cards 2014 Panini Prizm,Magic Johnson [Gold Prizm] #175,$6.95,,,,,$799.88,$1040.00,$480.00,$480.00,,,$1.50,$7.69,,,,,,2,,,,,2014-12-04
12249111,Basketball Cards 2014 Panini Prizm,Magic Johnson [Gold Pulsar Prizm] #175,,,,,,,,,,,,,,,,,,,0,,,,,2014-12-04
190811,Basketball Cards 2014 Panini Prizm,Magic Johnson [Green Prizm] #175,$11.83,,,$39.99,$44.00,$47.22,$61.00,$28.00,$28.00,,,$3.30,$12.99,,,,,,8,,,,,2014-12-04
191549,Basketball Cards 2014 Panini Prizm,Magic Johnson [Light Blue Prizm] #175,$9.75,,,$57.94,$64.00,,,,,,,$2.80,$10.99,,,,,,4,,,,,2014-12-04
12249433,Basketball Cards 2014 Panini Prizm,Magic Johnson [Orange Die Cut Prizm] #175,$119.20,,,$31.00,$34.00,,,,,,,$65.50,$131.00,,,,,,2,,,,,2014-12-04
136548,Basketball Cards 2014 Panini Prizm,Magic Johnson [Prizm] #175,$12.00,,,$16.05,$18.00,$70.16,$91.00,$42.00,$51.00,,,$3.30,$12.99,,,,,,7,,,,,2014-12-04
192055,Basketball Cards 2014 Panini Prizm,Magic Johnson [Purple Die Cut Prizm] #175,$16.20,,$18.89,$36.75,$40.00,$58.45,$76.00,$35.00,$35.00,,,$4.50,$17.99,,,$6.30,$20.99,,5,,,,,2014-12-04
191034,Basketball Cards 2014 Panini Prizm,Magic Johnson [Red Prizm] #175,$39.99,,,$28.76,$32.00,,,,,,,$17.60,$43.99,,,,,,2,,,,,2014-12-04
191805,Basketball Cards 2014 Panini Prizm,Magic Johnson [Red Pulsar Prizm] #175,,,,,$135.00,$189.50,$246.00,$114.00,$114.00,,,,,,,,,,2,,,,,2014-12-04
191294,Basketball Cards 2014 Panini Prizm,"Magic Johnson [Red, White, and Blue Pulsar Prizm] #175",$8.49,,$11.97,$19.57,$22.00,$32.13,$42.00,$19.00,$15.50,,,$1.90,$9.29,,,$3.30,$12.99,,11,,,,,2014-12-04
136549,Basketball Cards 2014 Panini Prizm,Magic Johnson [Yellow and Red Mosaic Prizm] #175,$4.95,,,,$11.50,$50.00,$65.00,$30.00,$30.00,,,$1.10,$5.49,,,,,,6,,,,,2014-12-04
190106,Basketball Cards 2014 Panini Prizm,Mahmoud Abdul-Rauf #185,$0.99,,,,,,,,,,,,$1.09,,,,,,2,,,,,2014-12-04
12248219,Basketball Cards 2014 Panini Prizm,Mahmoud Abdul-Rauf [Black Prizm] #185,,,,,,,,,,,,,,,,,,,0,,,,,2014-12-04
12248371,Basketball Cards 2014 Panini Prizm,Mahmoud Abdul-Rauf [Black Pulsar Prizm] #185,,,,,,,,,,,,,,,,,,,0,,,,,2014-12-04
190573,Basketball Cards 2014 Panini Prizm,Mahmoud Abdul-Rauf [Blue Mojo Prizm] #185,$6.24,,,,,,,,,,,$1.40,$6.89,,,,,,1,,,,,2014-12-04
190330,Basketball Cards 2014 Panini Prizm,Mahmoud Abdul-Rauf [Blue Prizm] #185,$5.07,,,,,$34.99,$45.00,$21.00,$21.00,,,$1.10,$5.59,,,,,,3,,,,,2014-12-04
12248957,Basketball Cards 2014 Panini Prizm,Mahmoud Abdul-Rauf [Blue Wave Prizm] #185,,,,,,,,,,,,,,,,,,,0,,,,,2014-12-04
12248601,Basketball Cards 2014 Panini Prizm,Mahmoud Abdul-Rauf [Blue and Green Prizm] #185,,,,,,,,,,,,,,,,,,,0,,,,,2014-12-04
192324,Basketball Cards 2014 Panini Prizm,Mahmoud Abdul-Rauf [Gold Prizm] #185,$156.42,,,,,$157.50,$205.00,$95.00,$95.00,,,$86.00,$172.00,,,,,,2,,,,,2014-12-04
12249126,Basketball Cards 2014 Panini Prizm,Mahmoud Abdul-Rauf [Gold Pulsar Prizm] #185,,,,,,,,,,,,,,,,,,,0,,,,,2014-12-04
190810,Basketball Cards 2014 Panini Prizm,Mahmoud Abdul-Rauf [Green Prizm] #185,$2.50,,,,,,,,,,,,$2.79,,,,,,1,,,,,2014-12-04
191559,Basketball Cards 2014 Panini Prizm,Mahmoud Abdul-Rauf [Light Blue Prizm] #185,$4.54,,,,,,,,,,,$1.00,$4.99,,,,,,1,,,,,2014-12-04
12249448,Basketball Cards 2014 Panini Prizm,Mahmoud Abdul-Rauf [Orange Die Cut Prizm] #185,$19.99,,,,,,,,,,,$6.60,$21.99,,,,,,1,,,,,2014-12-04
192573,Basketball Cards 2014 Panini Prizm,Mahmoud Abdul-Rauf [Prizm] #185,$2.98,,,,,,,,,,,,$3.29,,,,,,1,,,,,2014-12-04
192064,Basketball Cards 2014 Panini Prizm,Mahmoud Abdul-Rauf [Purple Die Cut Prizm] #185,$6.49,,,,,,,,,,,$1.40,$7.09,,,,,,2,,,,,2014-12-04
191043,Basketball Cards 2014 Panini Prizm,Mahmoud Abdul-Rauf [Red Prizm] #185,$1.62,,,,,,,,,,,,$1.79,,,,,,1,,,,,2014-12-04
191815,Basketball Cards 2014 Panini Prizm,Mahmoud Abdul-Rauf [Red Pulsar Prizm] #185,,,,,,,,,,,,,,,,,,,0,,,,,2014-12-04
191304,Basketball Cards 2014 Panini Prizm,"Mahmoud Abdul-Rauf [Red, White, and Blue Pulsar Prizm] #185",$3.00,,,,,,,,,,,,$3.29,,,,,,1,,,,,2014-12-04
12249700,Basketball Cards 2014 Panini Prizm,Mahmoud Abdul-Rauf [Yellow and Red Mosaic Prizm] #185,,,,,,,,,,,,,,,,,,,0,,,,,2014-12-04
190022,Basketball Cards 2014 Panini Prizm,Manu Ginobili #68,$1.51,,$6.24,$11.61,$22.12,$35.45,$46.00,$21.00,$21.00,,,,$1.69,,,$1.40,$6.89,,9,,,,,2014-12-04
12248042,Basketball Cards 2014 Panini Prizm,Manu Ginobili [Black Prizm] #68,,,,,,,,,,,,,,,,,,,0,,,,,2014-12-04
136241,Basketball Cards 2014 Panini Prizm,Manu Ginobili [Black Pulsar Prizm] #68,,,,,,,,,,,,,,,,,,,0,,,,,2014-12-04
190486,Basketball Cards 2014 Panini Prizm,Manu Ginobili [Blue Mojo Prizm] #68,$7.50,,,,,,,,,,,$1.70,$8.29,,,,,,1,,,,,2014-12-04
190229,Basketball Cards 2014 Panini Prizm,Manu Ginobili [Blue Prizm] #68,$22.46,,,$32.99,$36.00,$99.99,$130.00,$60.00,$60.00,,,$7.50,$24.99,,,,,,5,,,,,2014-12-04
12248858,Basketball Cards 2014 Panini Prizm,Manu Ginobili [Blue Wave Prizm] #68,$9.99,,,,,,,,,,,$2.80,$10.99,,,,,,1,,,,,2014-12-04
136242,Basketball Cards 2014 Panini Prizm,Manu Ginobili [Blue and Green Prizm] #68,$3.99,,,,,,,,,,,$0.90,$4.39,,,,,,5,,,,,2014-12-04
192222,Basketball Cards 2014 Panini Prizm,Manu Ginobili [Gold Prizm] #68,,,,,,,,,,,,,,,,,,,0,,,,,2014-12-04
136243,Basketball Cards 2014 Panini Prizm,Manu Ginobili [Gold Pulsar Prizm] #68,,,,,,,,,,,,,,,,,,,0,,,,,2014-12-04
190719,Basketball Cards 2014 Panini Prizm,Manu Ginobili [Green Prizm] #68,$15.00,$6.50,,,,,,,,,,$4.30,$16.99,$1.40,$7.19,,,,4,,,,,2014-12-04
191453,Basketball Cards 2014 Panini Prizm,Manu Ginobili [Light Blue Prizm] #68,$25.81,,,,,,,,,,,$8.40,$27.99,,,,,,1,,,,,2014-12-04
12249392,Basketball Cards 2014 Panini Prizm,Manu Ginobili [Orange Die Cut Prizm] #68,,,,,,,,,,,,,,,,,,,0,,,,,2014-12-04
192480,Basketball Cards 2014 Panini Prizm,Manu Ginobili [Prizm] #68,$16.57,,,,,$45.00,$59.00,$27.00,$27.00,,,$4.50,$17.99,,,,,,4,,,,,2014-12-04
136244,Basketball Cards 2014 Panini Prizm,Manu Ginobili [Purple Die Cut Prizm] #68,$17.93,,,$38.50,$41.00,$41.99,$55.00,$25.00,$25.00,,,$5.00,$19.99,,,,,,4,,,,,2014-12-04
136245,Basketball Cards 2014 Panini Prizm,Manu Ginobili [Red Prizm] #68,$4.00,,,,,$76.02,$99.00,$46.00,$46.00,,,$0.90,$4.39,,,,,,5,,,,,2014-12-04
191714,Basketball Cards 2014 Panini Prizm,Manu Ginobili [Red Pulsar Prizm] #68,$49.99,,,,,,,,,,,$22.00,$54.99,,,,,,1,,,,,2014-12-04
191201,Basketball Cards 2014 Panini Prizm,"Manu Ginobili [Red, White, and Blue Pulsar Prizm] #68",$5.43,,,,,,,,,,,$1.20,$5.99,,,,,,2,,,,,2014-12-04
12249614,Basketball Cards 2014 Panini Prizm,Manu Ginobili [Yellow and Red Mosaic Prizm] #68,$4.21,,,,,,,,,,,$0.90,$4.59,,,,,,1,,,,,2014-12-04
190030,Basketball Cards 2014 Panini Prizm,Marc Gasol #78,$1.34,,,$850.00,$935.00,,,,,,,,$1.49,,,,,,3,,,,,2014-12-04
12248060,Basketball Cards 2014 Panini Prizm,Marc Gasol [Black Prizm] #78,,,,,,,,,,,,,,,,,,,0,,,,,2014-12-04
12248448,Basketball Cards 2014 Panini Prizm,Marc Gasol [Black Pulsar Prizm] #78,,,,,,,,,,,,,,,,,,,0,,,,,2014-12-04
190495,Basketball Cards 2014 Panini Prizm,Marc Gasol [Blue Mojo Prizm] #78,$3.18,,,,,,,,,,,,$3.49,,,,,,2,,,,,2014-12-04
190237,Basketball Cards 2014 Panini Prizm,Marc Gasol [Blue Prizm] #78,$5.34,,,,,,,,,,,$1.20,$5.89,,,,,,1,,,,,2014-12-04
12248876,Basketball Cards 2014 Panini Prizm,Marc Gasol [Blue Wave Prizm] #78,,,,,,,,,,,,,,,,,,,0,,,,,2014-12-04
12248732,Basketball Cards 2014 Panini Prizm,Marc Gasol [Blue and Green Prizm] #78,,,,,,,,,,,,,,,,,,,0,,,,,2014-12-04
192230,Basketball Cards 2014 Panini Prizm,Marc Gasol [Gold Prizm] #78,,,,,,,,,,,,,,,,,,,0,,,,,2014-12-04
12249236,Basketball Cards 2014 Panini Prizm,Marc Gasol [Gold Pulsar Prizm] #78,,,,,,,,,,,,,,,,,,,0,,,,,2014-12-04
190728,Basketball Cards 2014 Panini Prizm,Marc Gasol [Green Prizm] #78,$1.58,,,,,,,,,,,,$1.69,,,,,,2,,,,,2014-12-04
191461,Basketball Cards 2014 Panini Prizm,Marc Gasol [Light Blue Prizm] #78,$9.25,,,,,,,,,,,$2.00,$9.99,,,,,,1,,,,,2014-12-04
12249412,Basketball Cards 2014 Panini Prizm,Marc Gasol [Orange Die Cut Prizm] #78,$6.95,,,,,,,,,,,$1.50,$7.69,,,,,,1,,,,,2014-12-04
192488,Basketball Cards 2014 Panini Prizm,Marc Gasol [Prizm] #78,$3.70,,,,,,,,,,,$0.80,$4.09,,,,,,1,,,,,2014-12-04
191972,Basketball Cards 2014 Panini Prizm,Marc Gasol [Purple Die Cut Prizm] #78,$3.24,,,$23.12,$25.00,,,,,,,,$3.59,,,,,,3,,,,,2014-12-04
190945,Basketball Cards 2014 Panini Prizm,Marc Gasol [Red Prizm] #78,$3.07,,,,,,,,,,,,$3.39,,,,,,1,,,,,2014-12-04
191723,Basketball Cards 2014 Panini Prizm,Marc Gasol [Red Pulsar Prizm] #78,$9.42,,,,,,,,,,,$2.00,$9.99,,,,,,1,,,,,2014-12-04
191210,Basketball Cards 2014 Panini Prizm,"Marc Gasol [Red, White, and Blue Pulsar Prizm] #78",$2.50,,,,,,,,,,,,$2.79,,,,,,1,,,,,2014-12-04
12249628,Basketball Cards 2014 Panini Prizm,Marc Gasol [Yellow and Red Mosaic Prizm] #78,,,,,,,,,,,,,,,,,,,0,,,,,2014-12-04
190039,Basketball Cards 2014 Panini Prizm,Marcin Gortat #88,$1.97,,,,,,,,,,,,$2.19,,,,,,1,,,,,2014-12-04
12248075,Basketball Cards 2014 Panini Prizm,Marcin Gortat [Black Prizm] #88,,,,,,,,,,,,,,,,,,,0,,,,,2014-12-04
12248470,Basketball Cards 2014 Panini Prizm,Marcin Gortat [Black Pulsar Prizm] #88,,,,,,,,,,,,,,,,,,,0,,,,,2014-12-04
190503,Basketball Cards 2014 Panini Prizm,Marcin Gortat [Blue Mojo Prizm] #88,$3.99,,,,,,,,,,,$0.90,$4.39,,,,,,1,,,,,2014-12-04
190246,Basketball Cards 2014 Panini Prizm,Marcin Gortat [Blue Prizm] #88,$6.57,,,,,,,,,,,$1.40,$7.19,,,,,,1,,,,,2014-12-04
12248892,Basketball Cards 2014 Panini Prizm,Marcin Gortat [Blue Wave Prizm] #88,,,,,,,,,,,,,,,,,,,0,,,,,2014-12-04
12248751,Basketball Cards 2014 Panini Prizm,Marcin Gortat [Blue and Green Prizm] #88,,,,,,,,,,,,,,,,,,,0,,,,,2014-12-04
192239,Basketball Cards 2014 Panini Prizm,Marcin Gortat [Gold Prizm] #88,$21.00,,,,,,,,,,,$6.90,$22.99,,,,,,1,,,,,2014-12-04
12249261,Basketball Cards 2014 Panini Prizm,Marcin Gortat [Gold Pulsar Prizm] #88,,,,,,,,,,,,,,,,,,,0,,,,,2014-12-04
190737,Basketball Cards 2014 Panini Prizm,Marcin Gortat [Green Prizm] #88,$2.18,,,,,,,,,,,,$2.39,,,,,,1,,,,,2014-12-04
191470,Basketball Cards 2014 Panini Prizm,Marcin Gortat [Light Blue Prizm] #88,$5.00,,,,,,,,,,,$1.10,$5.49,,,,,,1,,,,,2014-12-04
12249430,Basketball Cards 2014 Panini Prizm,Marcin Gortat [Orange Die Cut Prizm] #88,$1.36,,,,,,,,,,,,$1.49,,,,,,1,,,,,2014-12-04
192496,Basketball Cards 2014 Panini Prizm,Marcin Gortat [Prizm] #88,$2.99,,,,,,,,,,,,$3.29,,,,,,1,,,,,2014-12-04
191980,Basketball Cards 2014 Panini Prizm,Marcin Gortat [Purple Die Cut Prizm] #88,$1.53,,,,,,,,,,,,$1.69,,,,,,2,,,,,2014-12-04
190954,Basketball Cards 2014 Panini Prizm,Marcin Gortat [Red Prizm] #88,$2.45,,,,,,,,,,,,$2.69,,,,,,1,,,,,2014-12-04
191730,Basketball Cards 2014 Panini Prizm,Marcin Gortat [Red Pulsar Prizm] #88,$7.20,,,,,,,,,,,$1.60,$7.89,,,,,,1,,,,,2014-12-04
191219,Basketball Cards 2014 Panini Prizm,"Marcin Gortat [Red, White, and Blue Pulsar Prizm] #88",$2.50,,,,,,,,,,,,$2.79,,,,,,1,,,,,2014-12-04
12249646,Basketball Cards 2014 Panini Prizm,Marcin Gortat [Yellow and Red Mosaic Prizm] #88,$0.99,,,,,,,,,,,,$1.09,,,,,,1,,,,,2014-12-04
190046,Basketball Cards 2014 Panini Prizm,Marco Belinelli #98,$2.26,,,,,,,,,,,,$2.49,,,,,,3,,,,,2014-12-04
12248092,Basketball Cards 2014 Panini Prizm,Marco Belinelli [Black Prizm] #98,,,,,,,,,,,,,,,,,,,0,,,,,2014-12-04
12248491,Basketball Cards 2014 Panini Prizm,Marco Belinelli [Black Pulsar Prizm] #98,,,,,,,,,,,,,,,,,,,0,,,,,2014-12-04
190508,Basketball Cards 2014 Panini Prizm,Marco Belinelli [Blue Mojo Prizm] #98,$2.99,,,,,,,,,,,,$3.29,,,,,,1,,,,,2014-12-04
190254,Basketball Cards 2014 Panini Prizm,Marco Belinelli [Blue Prizm] #98,$4.49,,,,,,,,,,,$1.00,$4.89,,,,,,1,,,,,2014-12-04
12248904,Basketball Cards 2014 Panini Prizm,Marco Belinelli [Blue Wave Prizm] #98,,,,,,,,,,,,,,,,,,,0,,,,,2014-12-04
12248758,Basketball Cards 2014 Panini Prizm,Marco Belinelli [Blue and Green Prizm] #98,$2.27,,,,,,,,,,,,$2.49,,,,,,1,,,,,2014-12-04
192249,Basketball Cards 2014 Panini Prizm,Marco Belinelli [Gold Prizm] #98,$105.49,,,,,,,,,,,$58.00,$116.00,,,,,,1,,,,,2014-12-04
12249289,Basketball Cards 2014 Panini Prizm,Marco Belinelli [Gold Pulsar Prizm] #98,,,,,,,,,,,,,,,,,,,0,,,,,2014-12-04
190745,Basketball Cards 2014 Panini Prizm,Marco Belinelli [Green Prizm] #98,$1.99,,,,,,,,,,,,$2.19,,,,,,2,,,,,2014-12-04
191478,Basketball Cards 2014 Panini Prizm,Marco Belinelli [Light Blue Prizm] #98,$3.99,,,,,,,,,,,$0.90,$4.39,,,,,,1,,,,,2014-12-04
12249445,Basketball Cards 2014 Panini Prizm,Marco Belinelli [Orange Die Cut Prizm] #98,$8.59,,,,,,,,,,,$1.90,$9.49,,,,,,1,,,,,2014-12-04
192503,Basketball Cards 2014 Panini Prizm,Marco Belinelli [Prizm] #98,$3.99,,,,,,,,,,,$0.90,$4.39,,,,,,1,,,,,2014-12-04
191987,Basketball Cards 2014 Panini Prizm,Marco Belinelli [Purple Die Cut Prizm] #98,$3.00,,,,,,,,,,,,$3.29,,,,,,2,,,,,2014-12-04
190963,Basketball Cards 2014 Panini Prizm,Marco Belinelli [Red Prizm] #98,$1.48,,,,,,,,,,,,$1.59,,,,,,2,,,,,2014-12-04
191739,Basketball Cards 2014 Panini Prizm,Marco Belinelli [Red Pulsar Prizm] #98,$27.18,,,,,,,,,,,$9.00,$29.99,,,,,,1,,,,,2014-12-04
191227,Basketball Cards 2014 Panini Prizm,"Marco Belinelli [Red, White, and Blue Pulsar Prizm] #98",$1.50,,,,,,,,,,,,$1.69,,,,,,1,,,,,2014-12-04
12249658,Basketball Cards 2014 Panini Prizm,Marco Belinelli [Yellow and Red Mosaic Prizm] #98,$1.99,,,,,,,,,,,,$2.19,,,,,,1,,,,,2014-12-04
136783,Basketball Cards 2014 Panini Prizm,Marcus Smart #256,$2.00,$0.99,$8.88,$9.25,$26.99,$33.22,$43.00,$20.00,$20.00,,,,$2.19,,$1.09,$2.00,$9.79,,66,,,,,2014-12-04
12248178,Basketball Cards 2014 Panini Prizm,Marcus Smart [Black Prizm] #256,,,,,,,,,,,,,,,,,,,0,,,,,2014-12-04
12248514,Basketball Cards 2014 Panini Prizm,Marcus Smart [Black Pulsar Prizm] #256,,,,,,,,,,,,,,,,,,,0,,,,,2014-12-04
136794,Basketball Cards 2014 Panini Prizm,Marcus Smart [Blue Mojo Prizm] #256,$20.65,,$19.50,,,$35.00,$46.00,$21.00,$21.00,,,$6.90,$22.99,,,$6.30,$20.99,,5,,,,,2014-12-04
136784,Basketball Cards 2014 Panini Prizm,Marcus Smart [Blue Prizm] #256,$88.07,,,$20.44,$60.00,$90.48,$118.00,$54.00,$54.00,,,$38.80,$96.99,,,,,,4,,,,,2014-12-04
137012,Basketball Cards 2014 Panini Prizm,Marcus Smart [Blue Wave Prizm] #256,$39.90,,,,,$89.00,$116.00,$53.00,$53.00,,,$17.60,$43.99,,,,,,2,,,,,2014-12-04
136782,Basketball Cards 2014 Panini Prizm,Marcus Smart [Blue and Green Prizm] #256,$5.03,,$9.11,$24.09,$56.00,$94.43,$123.00,$57.00,$57.00,,,$1.10,$5.49,,,$2.00,$9.99,,10,,,,,2014-12-04
192384,Basketball Cards 2014 Panini Prizm,Marcus Smart [Gold Prizm] #256,$177.50,,,$399.99,$440.00,$480.00,$1179.95,$288.00,$288.00,,,$97.50,$195.00,,,,,,3,,,,,2014-12-04
12249238,Basketball Cards 2014 Panini Prizm,Marcus Smart [Gold Pulsar Prizm] #256,,,,,,,,,,,,,,,,,,,0,,,,,2014-12-04
136796,Basketball Cards 2014 Panini Prizm,Marcus Smart [Green Prizm] #256,$22.99,,$23.88,$58.00,$64.00,$70.00,$91.00,$42.00,$42.00,,,$7.50,$24.99,,,$7.80,$25.99,,8,,,,,2014-12-04
191618,Basketball Cards 2014 Panini Prizm,Marcus Smart [Light Blue Prizm] #256,$55.39,,,$53.48,$59.00,$125.00,$163.00,$75.00,$75.00,,,$24.40,$60.99,,,,,,3,,,,,2014-12-04
137013,Basketball Cards 2014 Panini Prizm,Marcus Smart [Orange Die Cut Prizm] #256,$13.04,,,,,$213.99,$278.00,$128.00,$128.00,,,$3.50,$13.99,,,,,,3,,,,,2014-12-04
136811,Basketball Cards 2014 Panini Prizm,Marcus Smart [Prizm] #256,$25.67,,$54.95,$79.99,$112.50,$170.24,$221.00,$102.00,$102.00,,,$8.40,$27.99,,,$24.00,$59.99,,10,,,,,2014-12-04
136785,Basketball Cards 2014 Panini Prizm,Marcus Smart [Purple Die Cut Prizm] #256,$16.25,,,$46.63,$51.00,$90.00,$117.00,$54.00,$54.00,,,$4.50,$17.99,,,,,,5,,,,,2014-12-04
191107,Basketball Cards 2014 Panini Prizm,Marcus Smart [Red Prizm] #256,$35.25,,,$154.18,$170.00,$185.00,$241.00,$111.00,$111.00,,,$15.60,$38.99,,,,,,4,,,,,2014-12-04
136797,Basketball Cards 2014 Panini Prizm,Marcus Smart [Red Pulsar Prizm] #256,$99.99,,,,,$230.55,$300.00,$138.00,$138.00,,,$55.00,$110.00,,,,,,2,,,,,2014-12-04
136787,Basketball Cards 2014 Panini Prizm,"Marcus Smart [Red, White, and Blue Pulsar Prizm] #256",$7.37,,$17.50,$19.00,$36.58,$46.06,$60.00,$28.00,$28.00,,,$1.60,$8.09,,,$4.80,$18.99,,11,,,,,2014-12-04
136789,Basketball Cards 2014 Panini Prizm,Marcus Smart [Yellow and Red Mosaic Prizm] #256,$8.60,,,$22.86,$25.00,$39.23,$51.00,$24.00,$24.00,,,$1.90,$9.49,,,,,,7,,,,,2014-12-04
189983,Basketball Cards 2014 Panini Prizm,Mario Chalmers #12,$1.69,,,,,,,,,,,,$1.89,,,,,,1,,,,,2014-12-04
12247970,Basketball Cards 2014 Panini Prizm,Mario Chalmers [Black Prizm] #12,,,,,,,,,,,,,,,,,,,0,,,,,2014-12-04
12248336,Basketball Cards 2014 Panini Prizm,Mario Chalmers [Black Pulsar Prizm] #12,,,,,,,,,,,,,,,,,,,0,,,,,2014-12-04
190434,Basketball Cards 2014 Panini Prizm,Mario Chalmers [Blue Mojo Prizm] #12,$4.54,,,,,,,,,,,$1.00,$4.99,,,,,,1,,,,,2014-12-04
190180,Basketball Cards 2014 Panini Prizm,Mario Chalmers [Blue Prizm] #12,$1.80,,,,,,,,,,,,$1.99,,,,,,1,,,,,2014-12-04
12248795,Basketball Cards 2014 Panini Prizm,Mario Chalmers [Blue Wave Prizm] #12,,,,,,,,,,,,,,,,,,,0,,,,,2014-12-04
12248651,Basketball Cards 2014 Panini Prizm,Mario Chalmers [Blue and Green Prizm] #12,,,,,,,,,,,,,,,,,,,0,,,,,2014-12-04
192175,Basketball Cards 2014 Panini Prizm,Mario Chalmers [Gold Prizm] #12,$18.75,,,,,$400.00,$520.00,$240.00,$240.00,,,$6.30,$20.99,,,,,,2,,,,,2014-12-04
12249115,Basketball Cards 2014 Panini Prizm,Mario Chalmers [Gold Pulsar Prizm] #12,,,,,,,,,,,,,,,,,,,0,,,,,2014-12-04
136127,Basketball Cards 2014 Panini Prizm,Mario Chalmers [Green Prizm] #12,$1.91,,,,,,,,,,,,$2.09,,,,,,2,,,,,2014-12-04
191404,Basketball Cards 2014 Panini Prizm,Mario Chalmers [Light Blue Prizm] #12,$3.88,,,,,,,,,,,$0.90,$4.29,,,,,,1,,,,,2014-12-04
12249319,Basketball Cards 2014 Panini Prizm,Mario Chalmers [Orange Die Cut Prizm] #12,,,,,,,,,,,,,,,,,,,0,,,,,2014-12-04
192432,Basketball Cards 2014 Panini Prizm,Mario Chalmers [Prizm] #12,$1.71,,,,,,,,,,,,$1.89,,,,,,1,,,,,2014-12-04
191914,Basketball Cards 2014 Panini Prizm,Mario Chalmers [Purple Die Cut Prizm] #12,$3.99,,,,,,,,,,,$0.90,$4.39,,,,,,3,,,,,2014-12-04
190887,Basketball Cards 2014 Panini Prizm,Mario Chalmers [Red Prizm] #12,$1.79,,,,,,,,,,,,$1.99,,,,,,1,,,,,2014-12-04
191662,Basketball Cards 2014 Panini Prizm,Mario Chalmers [Red Pulsar Prizm] #12,$5.43,,,,,,,,,,,$1.20,$5.99,,,,,,1,,,,,2014-12-04
191153,Basketball Cards 2014 Panini Prizm,"Mario Chalmers [Red, White, and Blue Pulsar Prizm] #12",$0.25,,,,,,,,,,,,$0.99,,,,,,0,,,,,2014-12-04
12249568,Basketball Cards 2014 Panini Prizm,Mario Chalmers [Yellow and Red Mosaic Prizm] #12,,,,,,,,,,,,,,,,,,,0,,,,,2014-12-04
136584,Basketball Cards 2014 Panini Prizm,Mark Aguirre #194,$1.34,,,,,,,,,,,,$1.49,,,,,,2,,,,,2014-12-04
12248244,Basketball Cards 2014 Panini Prizm,Mark Aguirre [Black Prizm] #194,,,,,,,,,,,,,,,,,,,0,,,,,2014-12-04
12248390,Basketball Cards 2014 Panini Prizm,Mark Aguirre [Black Pulsar Prizm] #194,,,,,,,,,,,,,,,,,,,0,,,,,2014-12-04
136585,Basketball Cards 2014 Panini Prizm,Mark Aguirre [Blue Mojo Prizm] #194,$1.49,,,,,,,,,,,,$1.59,,,,,,1,,,,,2014-12-04
190338,Basketball Cards 2014 Panini Prizm,Mark Aguirre [Blue Prizm] #194,$1.13,,,,,,,,,,,,$1.19,,,,,,1,,,,,2014-12-04
12248970,Basketball Cards 2014 Panini Prizm,Mark Aguirre [Blue Wave Prizm] #194,,,,,,,,,,,,,,,,,,,0,,,,,2014-12-04
12248609,Basketball Cards 2014 Panini Prizm,Mark Aguirre [Blue and Green Prizm] #194,,,,,,,,,,,,,,,,,,,0,,,,,2014-12-04
192332,Basketball Cards 2014 Panini Prizm,Mark Aguirre [Gold Prizm] #194,$47.00,,,,,,,,,,,$20.80,$51.99,,,,,,1,,,,,2014-12-04
12249142,Basketball Cards 2014 Panini Prizm,Mark Aguirre [Gold Pulsar Prizm] #194,,,,,,,,,,,,,,,,,,,0,,,,,2014-12-04
190819,Basketball Cards 2014 Panini Prizm,Mark Aguirre [Green Prizm] #194,$1.99,,,,,,,,,,,,$2.19,,,,,,1,,,,,2014-12-04
191567,Basketball Cards 2014 Panini Prizm,Mark Aguirre [Light Blue Prizm] #194,$3.41,,,,,,,,,,,$0.80,$3.79,,,,,,1,,,,,2014-12-04
12249462,Basketball Cards 2014 Panini Prizm,Mark Aguirre [Orange Die Cut Prizm] #194,,,,,,,,,,,,,,,,,,,0,,,,,2014-12-04
192581,Basketball Cards 2014 Panini Prizm,Mark Aguirre [Prizm] #194,$0.99,,,,,,,,,,,,$1.09,,,,,,1,,,,,2014-12-04
192073,Basketball Cards 2014 Panini Prizm,Mark Aguirre [Purple Die Cut Prizm] #194,$2.75,,,,,,,,,,,,$2.99,,,,,,2,,,,,2014-12-04
191051,Basketball Cards 2014 Panini Prizm,Mark Aguirre [Red Prizm] #194,$1.99,,,,,,,,,,,,$2.19,,,,,,2,,,,,2014-12-04
191824,Basketball Cards 2014 Panini Prizm,Mark Aguirre [Red Pulsar Prizm] #194,$10.00,,,,,$19.99,$26.00,$12.00,$12.00,,,$2.80,$10.99,,,,,,2,,,,,2014-12-04
191313,Basketball Cards 2014 Panini Prizm,"Mark Aguirre [Red, White, and Blue Pulsar Prizm] #194",$1.50,,,,,,,,,,,,$1.69,,,,,,1,,,,,2014-12-04
12249707,Basketball Cards 2014 Panini Prizm,Mark Aguirre [Yellow and Red Mosaic Prizm] #194,,,,,,,,,,,,,,,,,,,0,,,,,2014-12-04
190119,Basketball Cards 2014 Panini Prizm,Mark Jackson #204,$1.32,,,,,,,,,,,,$1.49,,,,,,1,,,,,2014-12-04
12248098,Basketball Cards 2014 Panini Prizm,Mark Jackson [Black Prizm] #204,,,,,,,,,,,,,,,,,,,0,,,,,2014-12-04
12248426,Basketball Cards 2014 Panini Prizm,Mark Jackson [Black Pulsar Prizm] #204,,,,,,,,,,,,,,,,,,,0,,,,,2014-12-04
190584,Basketball Cards 2014 Panini Prizm,Mark Jackson [Blue Mojo Prizm] #204,$3.70,,,,,,,,,,,$0.80,$4.09,,,,,,1,,,,,2014-12-04
190347,Basketball Cards 2014 Panini Prizm,Mark Jackson [Blue Prizm] #204,$2.90,,,,,,,,,,,,$3.19,,,,,,1,,,,,2014-12-04
12248988,Basketball Cards 2014 Panini Prizm,Mark Jackson [Blue Wave Prizm] #204,,,,,,,,,,,,,,,,,,,0,,,,,2014-12-04
12248617,Basketball Cards 2014 Panini Prizm,Mark Jackson [Blue and Green Prizm] #204,,,,,,,,,,,,,,,,,,,0,,,,,2014-12-04
192341,Basketball Cards 2014 Panini Prizm,Mark Jackson [Gold Prizm] #204,$38.00,,,,,$56.00,$73.00,$34.00,$34.00,,,$16.80,$41.99,,,,,,2,,,,,2014-12-04
12249159,Basketball Cards 2014 Panini Prizm,Mark Jackson [Gold Pulsar Prizm] #204,,,,,,,,,,,,,,,,,,,0,,,,,2014-12-04
190825,Basketball Cards 2014 Panini Prizm,Mark Jackson [Green Prizm] #204,$1.69,,,,,,,,,,,,$1.89,,,,,,1,,,,,2014-12-04
191577,Basketball Cards 2014 Panini Prizm,Mark Jackson [Light Blue Prizm] #204,$2.25,,,,,,,,,,,,$2.49,,,,,,1,,,,,2014-12-04
12249478,Basketball Cards 2014 Panini Prizm,Mark Jackson [Orange Die Cut Prizm] #204,,,,,,,,,,,,,,,,,,,0,,,,,2014-12-04
192589,Basketball Cards 2014 Panini Prizm,Mark Jackson [Prizm] #204,$1.61,,,$15.29,$17.00,,,,,,,,$1.79,,,,,,2,,,,,2014-12-04
192083,Basketball Cards 2014 Panini Prizm,Mark Jackson [Purple Die Cut Prizm] #204,$1.38,,,,,,,,,,,,$1.49,,,,,,1,,,,,2014-12-04
191061,Basketball Cards 2014 Panini Prizm,Mark Jackson [Red Prizm] #204,$1.47,,,,,,,,,,,,$1.59,,,,,,1,,,,,2014-12-04
191834,Basketball Cards 2014 Panini Prizm,Mark Jackson [Red Pulsar Prizm] #204,$23.54,,,,,$19.99,$26.00,$12.00,$12.00,,,$7.80,$25.99,,,,,,1,,,,,2014-12-04
191322,Basketball Cards 2014 Panini Prizm,"Mark Jackson [Red, White, and Blue Pulsar Prizm] #204",$0.25,,,,,,,,,,,,$0.99,,,,,,0,,,,,2014-12-04
12249714,Basketball Cards 2014 Panini Prizm,Mark Jackson [Yellow and Red Mosaic Prizm] #204,,,,,,,,,,,,,,,,,,,0,,,,,2014-12-04
190126,Basketball Cards 2014 Panini Prizm,Mark Price #214,$1.62,,,,,$49.99,$65.00,$30.00,$30.00,,,,$1.79,,,,,,4,,,,,2014-12-04
12248117,Basketball Cards 2014 Panini Prizm,Mark Price [Black Prizm] #214,,,,,,,,,,,,,,,,,,,0,,,,,2014-12-04
12248449,Basketball Cards 2014 Panini Prizm,Mark Price [Black Pulsar Prizm] #214,,,,,,,,,,,,,,,,,,,0,,,,,2014-12-04
190592,Basketball Cards 2014 Panini Prizm,Mark Price [Blue Mojo Prizm] #214,$2.25,,,,,,,,,,,,$2.49,,,,,,1,,,,,2014-12-04
190356,Basketball Cards 2014 Panini Prizm,Mark Price [Blue Prizm] #214,$4.88,,,,,,,,,,,$1.10,$5.39,,,,,,1,,,,,2014-12-04
12249005,Basketball Cards 2014 Panini Prizm,Mark Price [Blue Wave Prizm] #214,,,,,,,,,,,,,,,,,,,0,,,,,2014-12-04
12248626,Basketball Cards 2014 Panini Prizm,Mark Price [Blue and Green Prizm] #214,,,,,,,,,,,,,,,,,,,0,,,,,2014-12-04
192350,Basketball Cards 2014 Panini Prizm,Mark Price [Gold Prizm] #214,$64.53,,,$157.50,$173.00,$189.00,$246.00,$113.00,$113.00,,,$28.40,$70.99,,,,,,3,,,,,2014-12-04
12249171,Basketball Cards 2014 Panini Prizm,Mark Price [Gold Pulsar Prizm] #214,,,,,,,,,,,,,,,,,,,0,,,,,2014-12-04
136632,Basketball Cards 2014 Panini Prizm,Mark Price [Green Prizm] #214,$2.10,,,,,,,,,,,,$2.29,,,,,,2,,,,,2014-12-04
191587,Basketball Cards 2014 Panini Prizm,Mark Price [Light Blue Prizm] #214,$7.42,,,,,,,,,,,$1.60,$8.19,,,,,,1,,,,,2014-12-04
12249487,Basketball Cards 2014 Panini Prizm,Mark Price [Orange Die Cut Prizm] #214,,,,,,,,,,,,,,,,,,,0,,,,,2014-12-04
192598,Basketball Cards 2014 Panini Prizm,Mark Price [Prizm] #214,$1.71,,,,,,,,,,,,$1.89,,,,,,1,,,,,2014-12-04
192093,Basketball Cards 2014 Panini Prizm,Mark Price [Purple Die Cut Prizm] #214,$3.45,,,,,,,,,,,$0.80,$3.79,,,,,,1,,,,,2014-12-04
191071,Basketball Cards 2014 Panini Prizm,Mark Price [Red Prizm] #214,$2.05,,,,,,,,,,,,$2.29,,,,,,1,,,,,2014-12-04
136631,Basketball Cards 2014 Panini Prizm,Mark Price [Red Pulsar Prizm] #214,$21.71,,,,,$29.50,$38.00,$18.00,$18.00,,,$7.20,$23.99,,,,,,2,,,,,2014-12-04
191332,Basketball Cards 2014 Panini Prizm,"Mark Price [Red, White, and Blue Pulsar Prizm] #214",$2.17,,,,,,,,,,,,$2.39,,,,,,1,,,,,2014-12-04
12249724,Basketball Cards 2014 Panini Prizm,Mark Price [Yellow and Red Mosaic Prizm] #214,$0.99,,,,,,,,,,,,$1.09,,,,,,1,,,,,2014-12-04
190160,Basketball Cards 2014 Panini Prizm,Markel Brown #285,$1.19,,,,,,,,,,,,$1.29,,,,,,1,,,,,2014-12-04
12248220,Basketball Cards 2014 Panini Prizm,Markel Brown [Black Prizm] #285,,,,,,,,,,,,,,,,,,,0,,,,,2014-12-04
12248543,Basketball Cards 2014 Panini Prizm,Markel Brown [Black Pulsar Prizm] #285,,,,,,,,,,,,,,,,,,,0,,,,,2014-12-04
190649,Basketball Cards 2014 Panini Prizm,Markel Brown [Blue Mojo Prizm] #285,$4.35,,,,,,,,,,,$1.00,$4.79,,,,,,1,,,,,2014-12-04
190411,Basketball Cards 2014 Panini Prizm,Markel Brown [Blue Prizm] #285,$1.62,,,,,$26.99,$35.00,$16.00,$16.00,,,,$1.79,,,,,,2,,,,,2014-12-04
12249041,Basketball Cards 2014 Panini Prizm,Markel Brown [Blue Wave Prizm] #285,,,,,,,,,,,,,,,,,,,0,,,,,2014-12-04
12248729,Basketball Cards 2014 Panini Prizm,Markel Brown [Blue and Green Prizm] #285,$1.00,,,,,,,,,,,,$1.09,,,,,,1,,,,,2014-12-04
192408,Basketball Cards 2014 Panini Prizm,Markel Brown [Gold Prizm] #285,$7.50,,,,,,,,,,,$1.70,$8.29,,,,,,1,,,,,2014-12-04
12249273,Basketball Cards 2014 Panini Prizm,Markel Brown [Gold Pulsar Prizm] #285,,,,,,,,,,,,,,,,,,,0,,,,,2014-12-04
190865,Basketball Cards 2014 Panini Prizm,Markel Brown [Green Prizm] #285,$1.61,,,,,,,,,,,,$1.79,,,,,,1,,,,,2014-12-04
191639,Basketball Cards 2014 Panini Prizm,Markel Brown [Light Blue Prizm] #285,$5.00,,,,,,,,,,,$1.10,$5.49,,,,,,1,,,,,2014-12-04
12249543,Basketball Cards 2014 Panini Prizm,Markel Brown [Orange Die Cut Prizm] #285,,,,,,,,,,,,,,,,,,,0,,,,,2014-12-04
136942,Basketball Cards 2014 Panini Prizm,Markel Brown [Prizm] #285,$0.25,,,,,,,,,,,,$0.99,,,,,,0,,,,,2014-12-04
192151,Basketball Cards 2014 Panini Prizm,Markel Brown [Purple Die Cut Prizm] #285,$2.70,,,,,,,,,,,,$2.99,,,,,,1,,,,,2014-12-04
191128,Basketball Cards 2014 Panini Prizm,Markel Brown [Red Prizm] #285,$1.69,,,,,,,,,,,,$1.89,,,,,,1,,,,,2014-12-04
191894,Basketball Cards 2014 Panini Prizm,Markel Brown [Red Pulsar Prizm] #285,$4.00,,,,,,,,,,,$0.90,$4.39,,,,,,1,,,,,2014-12-04
191382,Basketball Cards 2014 Panini Prizm,"Markel Brown [Red, White, and Blue Pulsar Prizm] #285",$2.50,,,,,,,,,,,,$2.79,,,,,,1,,,,,2014-12-04
12249735,Basketball Cards 2014 Panini Prizm,Markel Brown [Yellow and Red Mosaic Prizm] #285,,,,,,,,,,,,,,,,,,,0,,,,,2014-12-04
190052,Basketball Cards 2014 Panini Prizm,Matt Barnes #108,$1.02,,,,,,,,,,,,$1.09,,,,,,2,,,,,2014-12-04
12248019,Basketball Cards 2014 Panini Prizm,Matt Barnes [Black Prizm] #108,,,,,,,,,,,,,,,,,,,0,,,,,2014-12-04
12248267,Basketball Cards 2014 Panini Prizm,Matt Barnes [Black Pulsar Prizm] #108,,,,,,,,,,,,,,,,,,,0,,,,,2014-12-04
190515,Basketball Cards 2014 Panini Prizm,Matt Barnes [Blue Mojo Prizm] #108,$2.07,,,,,,,,,,,,$2.29,,,,,,1,,,,,2014-12-04
190263,Basketball Cards 2014 Panini Prizm,Matt Barnes [Blue Prizm] #108,$3.76,,,,,,,,,,,$0.80,$4.09,,,,,,1,,,,,2014-12-04
12248923,Basketball Cards 2014 Panini Prizm,Matt Barnes [Blue Wave Prizm] #108,,,,,,,,,,,,,,,,,,,0,,,,,2014-12-04
12248764,Basketball Cards 2014 Panini Prizm,Matt Barnes [Blue and Green Prizm] #108,$0.99,,,,,,,,,,,,$1.09,,,,,,1,,,,,2014-12-04
192256,Basketball Cards 2014 Panini Prizm,Matt Barnes [Gold Prizm] #108,$22.50,,,,,,,,,,,$7.50,$24.99,,,,,,1,,,,,2014-12-04
12249298,Basketball Cards 2014 Panini Prizm,Matt Barnes [Gold Pulsar Prizm] #108,,,,,,,,,,,,,,,,,,,0,,,,,2014-12-04
190751,Basketball Cards 2014 Panini Prizm,Matt Barnes [Green Prizm] #108,$2.44,,,,,,,,,,,,$2.69,,,,,,1,,,,,2014-12-04
191487,Basketball Cards 2014 Panini Prizm,Matt Barnes [Light Blue Prizm] #108,$4.99,,,,,,,,,,,$1.10,$5.49,,,,,,1,,,,,2014-12-04
12249464,Basketball Cards 2014 Panini Prizm,Matt Barnes [Orange Die Cut Prizm] #108,,,,,,,,,,,,,,,,,,,0,,,,,2014-12-04
192510,Basketball Cards 2014 Panini Prizm,Matt Barnes [Prizm] #108,$1.43,,,,,,,,,,,,$1.59,,,,,,1,,,,,2014-12-04
191994,Basketball Cards 2014 Panini Prizm,Matt Barnes [Purple Die Cut Prizm] #108,$1.53,,,,,,,,,,,,$1.69,,,,,,1,,,,,2014-12-04
190971,Basketball Cards 2014 Panini Prizm,Matt Barnes [Red Prizm] #108,$1.99,,,,,,,,,,,,$2.19,,,,,,1,,,,,2014-12-04
191747,Basketball Cards 2014 Panini Prizm,Matt Barnes [Red Pulsar Prizm] #108,$7.00,,,$250.00,$275.00,,,,,,,$1.50,$7.69,,,,,,2,,,,,2014-12-04
191235,Basketball Cards 2014 Panini Prizm,"Matt Barnes [Red, White, and Blue Pulsar Prizm] #108",$1.98,,,,,,,,,,,,$2.19,,,,,,1,,,,,2014-12-04
12249671,Basketball Cards 2014 Panini Prizm,Matt Barnes [Yellow and Red Mosaic Prizm] #108,,,,,,,,,,,,,,,,,,,0,,,,,2014-12-04
190131,Basketball Cards 2014 Panini Prizm,Maurice Cheeks #224,$1.39,,,,,,,,,,,,$1.49,,,,,,3,,,,,2014-12-04
12248132,Basketball Cards 2014 Panini Prizm,Maurice Cheeks [Black Prizm] #224,,,,,,,,,,,,,,,,,,,0,,,,,2014-12-04
12248467,Basketball Cards 2014 Panini Prizm,Maurice Cheeks [Black Pulsar Prizm] #224,,,,,,,,,,,,,,,,,,,0,,,,,2014-12-04
190601,Basketball Cards 2014 Panini Prizm,Maurice Cheeks [Blue Mojo Prizm] #224,$3.25,,,,,,,,,,,,$3.59,,,,,,1,,,,,2014-12-04
190366,Basketball Cards 2014 Panini Prizm,Maurice Cheeks [Blue Prizm] #224,$2.12,,,,,,,,,,,,$2.29,,,,,,2,,,,,2014-12-04
12248971,Basketball Cards 2014 Panini Prizm,Maurice Cheeks [Blue Wave Prizm] #224,$3.25,,,,,,,,,,,,$3.59,,,,,,1,,,,,2014-12-04
12248633,Basketball Cards 2014 Panini Prizm,Maurice Cheeks [Blue and Green Prizm] #224,,,,,,$18.50,$24.00,$11.00,$11.00,,,,,,,,,,1,,,,,2014-12-04
192359,Basketball Cards 2014 Panini Prizm,Maurice Cheeks [Gold Prizm] #224,,,,,,,,,,,,,,,,,,,0,,,,,2014-12-04
136660,Basketball Cards 2014 Panini Prizm,Maurice Cheeks [Gold Pulsar Prizm] #224,$50.16,,,,,$125.00,$163.00,$75.00,$75.00,,,$22.00,$54.99,,,,,,2,,,,,2014-12-04
190836,Basketball Cards 2014 Panini Prizm,Maurice Cheeks [Green Prizm] #224,$1.33,,,,,,,,,,,,$1.49,,,,,,2,,,,,2014-12-04
191595,Basketball Cards 2014 Panini Prizm,Maurice Cheeks [Light Blue Prizm] #224,$3.22,,,,,$34.99,$45.00,$21.00,$21.00,,,,$3.49,,,,,,2,,,,,2014-12-04
12249496,Basketball Cards 2014 Panini Prizm,Maurice Cheeks [Orange Die Cut Prizm] #224,,,,,,,,,,,,,,,,,,,0,,,,,2014-12-04
192607,Basketball Cards 2014 Panini Prizm,Maurice Cheeks [Prizm] #224,$3.99,,,,,,,,,,,$0.90,$4.39,,,,,,1,,,,,2014-12-04
192103,Basketball Cards 2014 Panini Prizm,Maurice Cheeks [Purple Die Cut Prizm] #224,$1.47,,,,,,,,,,,,$1.59,,,,,,3,,,,,2014-12-04
191081,Basketball Cards 2014 Panini Prizm,Maurice Cheeks [Red Prizm] #224,$1.56,,,,,,,,,,,,$1.69,,,,,,2,,,,,2014-12-04
191847,Basketball Cards 2014 Panini Prizm,Maurice Cheeks [Red Pulsar Prizm] #224,$9.99,,,,,$27.00,$35.00,$16.00,$16.00,,,$2.80,$10.99,,,,,,2,,,,,2014-12-04
191341,Basketball Cards 2014 Panini Prizm,"Maurice Cheeks [Red, White, and Blue Pulsar Prizm] #224",$1.62,,,,,,,,,,,,$1.79,,,,,,1,,,,,2014-12-04
12249737,Basketball Cards 2014 Panini Prizm,Maurice Cheeks [Yellow and Red Mosaic Prizm] #224,,,,,,,,,,,,,,,,,,,0,,,,,2014-12-04
136371,Basketball Cards 2014 Panini Prizm,Michael Carter-Williams #118,$2.30,,,,,,,,,,,,$2.49,,,,,,1,,,,,2014-12-04
12248045,Basketball Cards 2014 Panini Prizm,Michael Carter-Williams [Black Prizm] #118,,,,,,,,,,,,,,,,,,,0,,,,,2014-12-04
12248277,Basketball Cards 2014 Panini Prizm,Michael Carter-Williams [Black Pulsar Prizm] #118,,,,,,,,,,,,,,,,,,,0,,,,,2014-12-04
190524,Basketball Cards 2014 Panini Prizm,Michael Carter-Williams [Blue Mojo Prizm] #118,$2.85,,,,,,,,,,,,$3.09,,,,,,1,,,,,2014-12-04
190273,Basketball Cards 2014 Panini Prizm,Michael Carter-Williams [Blue Prizm] #118,$2.75,,,,,,,,,,,,$2.99,,,,,,1,,,,,2014-12-04
12248849,Basketball Cards 2014 Panini Prizm,Michael Carter-Williams [Blue Wave Prizm] #118,,,,,,,,,,,,,,,,,,,0,,,,,2014-12-04
12248772,Basketball Cards 2014 Panini Prizm,Michael Carter-Williams [Blue and Green Prizm] #118,$2.50,,,,,,,,,,,,$2.79,,,,,,1,,,,,2014-12-04
192266,Basketball Cards 2014 Panini Prizm,Michael Carter-Williams [Gold Prizm] #118,,,,,,,,,,,,,,,,,,,0,,,,,2014-12-04
12249057,Basketball Cards 2014 Panini Prizm,Michael Carter-Williams [Gold Pulsar Prizm] #118,,,,,,,,,,,,,,,,,,,0,,,,,2014-12-04
190760,Basketball Cards 2014 Panini Prizm,Michael Carter-Williams [Green Prizm] #118,$1.30,,,,,,,,,,,,$1.39,,,,,,1,,,,,2014-12-04
191497,Basketball Cards 2014 Panini Prizm,Michael Carter-Williams [Light Blue Prizm] #118,$8.10,,,,,,,,,,,$1.80,$8.89,,,,,,1,,,,,2014-12-04
136374,Basketball Cards 2014 Panini Prizm,Michael Carter-Williams [Orange Die Cut Prizm] #118,$1.00,,,,,,,,,,,,$1.09,,,,,,1,,,,,2014-12-04
192520,Basketball Cards 2014 Panini Prizm,Michael Carter-Williams [Prizm] #118,$2.55,,,,,,,,,,,,$2.79,,,,,,1,,,,,2014-12-04
192004,Basketball Cards 2014 Panini Prizm,Michael Carter-Williams [Purple Die Cut Prizm] #118,$2.55,,,,,,,,,,,,$2.79,,,,,,2,,,,,2014-12-04
190980,Basketball Cards 2014 Panini Prizm,Michael Carter-Williams [Red Prizm] #118,$7.06,,,,,,,,,,,$1.60,$7.79,,,,,,1,,,,,2014-12-04
191756,Basketball Cards 2014 Panini Prizm,Michael Carter-Williams [Red Pulsar Prizm] #118,$1.99,,,,,$19.99,$26.00,$12.00,$12.00,,,,$2.19,,,,,,2,,,,,2014-12-04
191245,Basketball Cards 2014 Panini Prizm,"Michael Carter-Williams [Red, White, and Blue Pulsar Prizm] #118",$2.99,,,,,,,,,,,,$3.29,,,,,,1,,,,,2014-12-04
12249685,Basketball Cards 2014 Panini Prizm,Michael Carter-Williams [Yellow and Red Mosaic Prizm] #118,,,,,,,,,,,,,,,,,,,0,,,,,2014-12-04
190135,Basketball Cards 2014 Panini Prizm,Michael Cooper #233,$1.69,,,,,,,,,,,,$1.89,,,,,,3,,,,,2014-12-04
12248145,Basketball Cards 2014 Panini Prizm,Michael Cooper [Black Prizm] #233,,,,,,,,,,,,,,,,,,,0,,,,,2014-12-04
12248484,Basketball Cards 2014 Panini Prizm,Michael Cooper [Black Pulsar Prizm] #233,,,,,,,,,,,,,,,,,,,0,,,,,2014-12-04
190609,Basketball Cards 2014 Panini Prizm,Michael Cooper [Blue Mojo Prizm] #233,$1.84,,,,,,,,,,,,$1.99,,,,,,1,,,,,2014-12-04
190373,Basketball Cards 2014 Panini Prizm,Michael Cooper [Blue Prizm] #233,$4.99,,,,,,,,,,,$1.10,$5.49,,,,,,1,,,,,2014-12-04
12248989,Basketball Cards 2014 Panini Prizm,Michael Cooper [Blue Wave Prizm] #233,$4.00,,,,,,,,,,,$0.90,$4.39,,,,,,1,,,,,2014-12-04
12248637,Basketball Cards 2014 Panini Prizm,Michael Cooper [Blue and Green Prizm] #233,$0.99,,,,,,,,,,,,$1.09,,,,,,1,,,,,2014-12-04
192364,Basketball Cards 2014 Panini Prizm,Michael Cooper [Gold Prizm] #233,$125.00,,,$80.00,$88.00,,,,,,,$69.00,$138.00,,,,,,2,,,,,2014-12-04
12249198,Basketball Cards 2014 Panini Prizm,Michael Cooper [Gold Pulsar Prizm] #233,,,,,,,,,,,,,,,,,,,0,,,,,2014-12-04
136700,Basketball Cards 2014 Panini Prizm,Michael Cooper [Green Prizm] #233,$3.00,,,,,,,,,,,,$3.29,,,,,,2,,,,,2014-12-04
191602,Basketball Cards 2014 Panini Prizm,Michael Cooper [Light Blue Prizm] #233,$5.38,,,,,$23.50,$31.00,$14.00,$14.00,,,$1.20,$5.89,,,,,,2,,,,,2014-12-04
12249504,Basketball Cards 2014 Panini Prizm,Michael Cooper [Orange Die Cut Prizm] #233,,,,,,,,,,,,,,,,,,,0,,,,,2014-12-04
192613,Basketball Cards 2014 Panini Prizm,Michael Cooper [Prizm] #233,$3.70,,,,,,,,,,,$0.80,$4.09,,,,,,1,,,,,2014-12-04
192110,Basketball Cards 2014 Panini Prizm,Michael Cooper [Purple Die Cut Prizm] #233,$3.25,,,,,,,,,,,,$3.59,,,,,,1,,,,,2014-12-04
191089,Basketball Cards 2014 Panini Prizm,Michael Cooper [Red Prizm] #233,$2.00,,,,,$14.94,$19.00,$9.00,$9.00,,,,$2.19,,,,,,2,,,,,2014-12-04
191854,Basketball Cards 2014 Panini Prizm,Michael Cooper [Red Pulsar Prizm] #233,$11.33,,,,,,,,,,,$3.00,$11.99,,,,,,1,,,,,2014-12-04
191348,Basketball Cards 2014 Panini Prizm,"Michael Cooper [Red, White, and Blue Pulsar Prizm] #233",$1.04,,,,,,,,,,,,$1.09,,,,,,1,,,,,2014-12-04
12249744,Basketball Cards 2014 Panini Prizm,Michael Cooper [Yellow and Red Mosaic Prizm] #233,,,,,,,,,,,,,,,,,,,0,,,,,2014-12-04
190142,Basketball Cards 2014 Panini Prizm,Michael Finley #243,$2.98,,,,,,,,,,,,$3.29,,,,,,2,,,,,2014-12-04
12248161,Basketball Cards 2014 Panini Prizm,Michael Finley [Black Prizm] #243,,,,,,,,,,,,,,,,,,,0,,,,,2014-12-04
12248501,Basketball Cards 2014 Panini Prizm,Michael Finley [Black Pulsar Prizm] #243,,,,,,,,,,,,,,,,,,,0,,,,,2014-12-04
190619,Basketball Cards 2014 Panini Prizm,Michael Finley [Blue Mojo Prizm] #243,$12.78,,,,,,,,,,,$3.50,$13.99,,,,,,1,,,,,2014-12-04
190382,Basketball Cards 2014 Panini Prizm,Michael Finley [Blue Prizm] #243,$10.27,,,,,,,,,,,$2.80,$10.99,,,,,,1,,,,,2014-12-04
12249010,Basketball Cards 2014 Panini Prizm,Michael Finley [Blue Wave Prizm] #243,,,,,,,,,,,,,,,,,,,0,,,,,2014-12-04
12248647,Basketball Cards 2014 Panini Prizm,Michael Finley [Blue and Green Prizm] #243,,,,,,,,,,,,,,,,,,,0,,,,,2014-12-04
192374,Basketball Cards 2014 Panini Prizm,Michael Finley [Gold Prizm] #243,$190.07,,,,,,,,,,,$104.50,$209.00,,,,,,1,,,,,2014-12-04
12249216,Basketball Cards 2014 Panini Prizm,Michael Finley [Gold Pulsar Prizm] #243,$56.00,,,,,,,,,,,$24.80,$61.99,,,,,,1,,,,,2014-12-04
190846,Basketball Cards 2014 Panini Prizm,Michael Finley [Green Prizm] #243,$2.00,,,,,,,,,,,,$2.19,,,,,,2,,,,,2014-12-04
191611,Basketball Cards 2014 Panini Prizm,Michael Finley [Light Blue Prizm] #243,$5.92,,,,,,,,,,,$1.30,$6.49,,,,,,1,,,,,2014-12-04
12249513,Basketball Cards 2014 Panini Prizm,Michael Finley [Orange Die Cut Prizm] #243,,,,,,,,,,,,,,,,,,,0,,,,,2014-12-04
192620,Basketball Cards 2014 Panini Prizm,Michael Finley [Prizm] #243,$0.25,,,,,,,,,,,,$0.99,,,,,,0,,,,,2014-12-04
192119,Basketball Cards 2014 Panini Prizm,Michael Finley [Purple Die Cut Prizm] #243,$5.13,,,,,,,,,,,$1.10,$5.59,,,,,,2,,,,,2014-12-04
191098,Basketball Cards 2014 Panini Prizm,Michael Finley [Red Prizm] #243,$0.99,,,,,,,,,,,,$1.09,,,,,,1,,,,,2014-12-04
191863,Basketball Cards 2014 Panini Prizm,Michael Finley [Red Pulsar Prizm] #243,$11.51,,,,,,,,,,,$3.30,$12.99,,,,,,1,,,,,2014-12-04
191357,Basketball Cards 2014 Panini Prizm,"Michael Finley [Red, White, and Blue Pulsar Prizm] #243",$1.99,,,,,,,,,,,,$2.19,,,,,,1,,,,,2014-12-04
12249755,Basketball Cards 2014 Panini Prizm,Michael Finley [Yellow and Red Mosaic Prizm] #243,$3.00,,,,,,,,,,,,$3.29,,,,,,1,,,,,2014-12-04
190084,Basketball Cards 2014 Panini Prizm,Michael Kidd-Gilchrist #148,$0.99,,,,,,,,,,,,$1.09,,,,,,1,,,,,2014-12-04
12248112,Basketball Cards 2014 Panini Prizm,Michael Kidd-Gilchrist [Black Prizm] #148,,,,,,,,,,,,,,,,,,,0,,,,,2014-12-04
12248306,Basketball Cards 2014 Panini Prizm,Michael Kidd-Gilchrist [Black Pulsar Prizm] #148,,,,,,,,,,,,,,,,,,,0,,,,,2014-12-04
190544,Basketball Cards 2014 Panini Prizm,Michael Kidd-Gilchrist [Blue Mojo Prizm] #148,$3.60,,,,,,,,,,,$0.80,$3.99,,,,,,1,,,,,2014-12-04
190298,Basketball Cards 2014 Panini Prizm,Michael Kidd-Gilchrist [Blue Prizm] #148,$1.49,,,,,,,,,,,,$1.59,,,,,,1,,,,,2014-12-04
12248911,Basketball Cards 2014 Panini Prizm,Michael Kidd-Gilchrist [Blue Wave Prizm] #148,,,,,,,,,,,,,,,,,,,0,,,,,2014-12-04
12248574,Basketball Cards 2014 Panini Prizm,Michael Kidd-Gilchrist [Blue and Green Prizm] #148,,,,,,,,,,,,,,,,,,,0,,,,,2014-12-04
192291,Basketball Cards 2014 Panini Prizm,Michael Kidd-Gilchrist [Gold Prizm] #148,,,,,,,,,,,,,,,,,,,0,,,,,2014-12-04
12249081,Basketball Cards 2014 Panini Prizm,Michael Kidd-Gilchrist [Gold Pulsar Prizm] #148,,,,,,,,,,,,,,,,,,,0,,,,,2014-12-04
190782,Basketball Cards 2014 Panini Prizm,Michael Kidd-Gilchrist [Green Prizm] #148,$1.13,,,,,,,,,,,,$1.19,,,,,,1,,,,,2014-12-04
191523,Basketball Cards 2014 Panini Prizm,Michael Kidd-Gilchrist [Light Blue Prizm] #148,$3.13,,,,,,,,,,,,$3.39,,,,,,1,,,,,2014-12-04
12249393,Basketball Cards 2014 Panini Prizm,Michael Kidd-Gilchrist [Orange Die Cut Prizm] #148,,,,,,,,,,,,,,,,,,,0,,,,,2014-12-04
136475,Basketball Cards 2014 Panini Prizm,Michael Kidd-Gilchrist [Prizm] #148,$1.31,,,,,,,,,,,,$1.39,,,,,,1,,,,,2014-12-04
192029,Basketball Cards 2014 Panini Prizm,Michael Kidd-Gilchrist [Purple Die Cut Prizm] #148,$2.42,,,,,,,,,,,,$2.69,,,,,,1,,,,,2014-12-04
191008,Basketball Cards 2014 Panini Prizm,Michael Kidd-Gilchrist [Red Prizm] #148,$1.74,,,,,,,,,,,,$1.89,,,,,,1,,,,,2014-12-04
136476,Basketball Cards 2014 Panini Prizm,Michael Kidd-Gilchrist [Red Pulsar Prizm] #148,$2.76,,,,,,,,,,,,$2.99,,,,,,1,,,,,2014-12-04
191269,Basketball Cards 2014 Panini Prizm,"Michael Kidd-Gilchrist [Red, White, and Blue Pulsar Prizm] #148",$3.99,,,,,,,,,,,$0.90,$4.39,,,,,,0,,,,,2014-12-04
12249643,Basketball Cards 2014 Panini Prizm,Michael Kidd-Gilchrist [Yellow and Red Mosaic Prizm] #148,,,,,,,,,,,,,,,,,,,0,,,,,2014-12-04
190068,Basketball Cards 2014 Panini Prizm,Mike Conley #128,$1.51,,,,,,,,,,,,$1.69,,,,,,2,,,,,2014-12-04
12248063,Basketball Cards 2014 Panini Prizm,Mike Conley [Black Prizm] #128,,,,,,,,,,,,,,,,,,,0,,,,,2014-12-04
12248287,Basketball Cards 2014 Panini Prizm,Mike Conley [Black Pulsar Prizm] #128,,,,,,,,,,,,,,,,,,,0,,,,,2014-12-04
190528,Basketball Cards 2014 Panini Prizm,Mike Conley [Blue Mojo Prizm] #128,$5.75,,,,,,,,,,,$1.30,$6.29,,,,,,1,,,,,2014-12-04
190281,Basketball Cards 2014 Panini Prizm,Mike Conley [Blue Prizm] #128,$3.99,,,,,,,,,,,$0.90,$4.39,,,,,,1,,,,,2014-12-04
12248868,Basketball Cards 2014 Panini Prizm,Mike Conley [Blue Wave Prizm] #128,,,,,,,,,,,,,,,,,,,0,,,,,2014-12-04
12248558,Basketball Cards 2014 Panini Prizm,Mike Conley [Blue and Green Prizm] #128,,,,,,,,,,,,,,,,,,,0,,,,,2014-12-04
136425,Basketball Cards 2014 Panini Prizm,Mike Conley [Gold Prizm] #128,,,,,,$100.99,$131.00,$61.00,$61.00,,,,,,,,,,3,,,,,2014-12-04
12249064,Basketball Cards 2014 Panini Prizm,Mike Conley [Gold Pulsar Prizm] #128,,,,,,$149.99,$195.00,$90.00,$90.00,,,,,,,,,,1,,,,,2014-12-04
190767,Basketball Cards 2014 Panini Prizm,Mike Conley [Green Prizm] #128,$1.62,,,,,,,,,,,,$1.79,,,,,,1,,,,,2014-12-04
191505,Basketball Cards 2014 Panini Prizm,Mike Conley [Light Blue Prizm] #128,$6.52,,,,,,,,,,,$1.40,$7.19,,,,,,1,,,,,2014-12-04
12249360,Basketball Cards 2014 Panini Prizm,Mike Conley [Orange Die Cut Prizm] #128,$5.99,,$9.92,$16.37,$28.39,$40.71,$53.00,$24.00,$24.00,,,$1.30,$6.59,,,$2.80,$10.99,,7,,,,,2014-12-04
192526,Basketball Cards 2014 Panini Prizm,Mike Conley [Prizm] #128,$2.95,,,,,$79.00,$103.00,$47.00,$47.00,,,,$3.29,,,,,,2,,,,,2014-12-04
192011,Basketball Cards 2014 Panini Prizm,Mike Conley [Purple Die Cut Prizm] #128,$2.99,,,,,,,,,,,,$3.29,,,,,,2,,,,,2014-12-04
190990,Basketball Cards 2014 Panini Prizm,Mike Conley [Red Prizm] #128,$1.00,,,$40.00,$44.00,,,,,,,,$1.09,,,,,,2,,,,,2014-12-04
191764,Basketball Cards 2014 Panini Prizm,Mike Conley [Red Pulsar Prizm] #128,$17.79,,,,,,,,,,,$5.00,$19.99,,,,,,1,,,,,2014-12-04
191252,Basketball Cards 2014 Panini Prizm,"Mike Conley [Red, White, and Blue Pulsar Prizm] #128",$1.89,,,,,,,,,,,,$2.09,,,,,,2,,,,,2014-12-04
12249617,Basketball Cards 2014 Panini Prizm,Mike Conley [Yellow and Red Mosaic Prizm] #128,$1.29,,,,,,,,,,,,$1.39,,,,,,1,,,,,2014-12-04
190152,Basketball Cards 2014 Panini Prizm,Mitch McGary #268,$1.59,,,,,$34.74,$45.00,$21.00,$21.00,,,,$1.79,,,,,,5,,,,,2014-12-04
12248197,Basketball Cards 2014 Panini Prizm,Mitch McGary [Black Prizm] #268,,,,,,,,,,,,,,,,,,,0,,,,,2014-12-04
12248526,Basketball Cards 2014 Panini Prizm,Mitch McGary [Black Pulsar Prizm] #268,,,,,,,,,,,,,,,,,,,0,,,,,2014-12-04
190635,Basketball Cards 2014 Panini Prizm,Mitch McGary [Blue Mojo Prizm] #268,$1.19,,,,,,,,,,,,$1.29,,,,,,1,,,,,2014-12-04
190398,Basketball Cards 2014 Panini Prizm,Mitch McGary [Blue Prizm] #268,$3.13,,,,,,,,,,,,$3.39,,,,,,1,,,,,2014-12-04
12249025,Basketball Cards 2014 Panini Prizm,Mitch McGary [Blue Wave Prizm] #268,,,,,,,,,,,,,,,,,,,0,,,,,2014-12-04
11661035,Basketball Cards 2014 Panini Prizm,Mitch McGary [Blue and Green Prizm] #268,$2.99,,,,,,,,,,,,$3.29,,,,,,1,,,,,2014-12-04
192394,Basketball Cards 2014 Panini Prizm,Mitch McGary [Gold Prizm] #268,$20.50,,,,,,,,,,,$6.90,$22.99,,,,,,1,,,,,2014-12-04
12249254,Basketball Cards 2014 Panini Prizm,Mitch McGary [Gold Pulsar Prizm] #268,,,,,,,,,,,,,,,,,,,0,,,,,2014-12-04
190859,Basketball Cards 2014 Panini Prizm,Mitch McGary [Green Prizm] #268,$1.49,,,,,,,,,,,,$1.59,,,,,,1,,,,,2014-12-04
191625,Basketball Cards 2014 Panini Prizm,Mitch McGary [Light Blue Prizm] #268,$2.55,,,,,,,,,,,,$2.79,,,,,,1,,,,,2014-12-04
12249529,Basketball Cards 2014 Panini Prizm,Mitch McGary [Orange Die Cut Prizm] #268,$3.99,,,,,,,,,,,$0.90,$4.39,,,,,,1,,,,,2014-12-04
136868,Basketball Cards 2014 Panini Prizm,Mitch McGary [Prizm] #268,$3.18,,,,$227.50,,,,,,,,$3.49,,,,,,2,,,,,2014-12-04
192137,Basketball Cards 2014 Panini Prizm,Mitch McGary [Purple Die Cut Prizm] #268,$3.00,,,,,,,,,,,,$3.29,,,,,,1,,,,,2014-12-04
191115,Basketball Cards 2014 Panini Prizm,Mitch McGary [Red Prizm] #268,$5.95,,,,,,,,,,,$1.30,$6.59,,,,,,1,,,,,2014-12-04
191879,Basketball Cards 2014 Panini Prizm,Mitch McGary [Red Pulsar Prizm] #268,$6.29,,,,,$19.99,$26.00,$12.00,$12.00,,,$1.40,$6.89,,,,,,2,,,,,2014-12-04
191370,Basketball Cards 2014 Panini Prizm,"Mitch McGary [Red, White, and Blue Pulsar Prizm] #268",$1.00,,,,,,,,,,,,$1.09,,,,,,1,,,,,2014-12-04
136869,Basketball Cards 2014 Panini Prizm,Mitch McGary [Yellow and Red Mosaic Prizm] #268,$1.99,,,,,,,,,,,,$2.19,,,,,,1,,,,,2014-12-04
190075,Basketball Cards 2014 Panini Prizm,Monta Ellis #138,$1.00,,,,,,,,,,,,$1.09,,,,,,2,,,,,2014-12-04
12248090,Basketball Cards 2014 Panini Prizm,Monta Ellis [Black Prizm] #138,,,,,,,,,,,,,,,,,,,0,,,,,2014-12-04
12248297,Basketball Cards 2014 Panini Prizm,Monta Ellis [Black Pulsar Prizm] #138,,,,,,,,,,,,,,,,,,,0,,,,,2014-12-04
190536,Basketball Cards 2014 Panini Prizm,Monta Ellis [Blue Mojo Prizm] #138,$5.00,,,,,,,,,,,$1.10,$5.49,,,,,,1,,,,,2014-12-04
190289,Basketball Cards 2014 Panini Prizm,Monta Ellis [Blue Prizm] #138,$4.12,,,,,,,,,,,$0.90,$4.49,,,,,,2,,,,,2014-12-04
12248888,Basketball Cards 2014 Panini Prizm,Monta Ellis [Blue Wave Prizm] #138,,,,,,,,,,,,,,,,,,,0,,,,,2014-12-04
12248565,Basketball Cards 2014 Panini Prizm,Monta Ellis [Blue and Green Prizm] #138,$1.95,,,,,,,,,,,,$2.19,,,,,,1,,,,,2014-12-04
192282,Basketball Cards 2014 Panini Prizm,Monta Ellis [Gold Prizm] #138,$102.50,,,,,,,,,,,$56.50,$113.00,,,,,,1,,,,,2014-12-04
12249071,Basketball Cards 2014 Panini Prizm,Monta Ellis [Gold Pulsar Prizm] #138,,,,,,,,,,,,,,,,,,,0,,,,,2014-12-04
190773,Basketball Cards 2014 Panini Prizm,Monta Ellis [Green Prizm] #138,$1.00,,,,,,,,,,,,$1.09,,,,,,2,,,,,2014-12-04
191514,Basketball Cards 2014 Panini Prizm,Monta Ellis [Light Blue Prizm] #138,$3.00,,,,,,,,,,,,$3.29,,,,,,1,,,,,2014-12-04
12249376,Basketball Cards 2014 Panini Prizm,Monta Ellis [Orange Die Cut Prizm] #138,,,,,,,,,,,,,,,,,,,0,,,,,2014-12-04
192534,Basketball Cards 2014 Panini Prizm,Monta Ellis [Prizm] #138,$4.27,,,,,,,,,,,$0.90,$4.69,,,,,,4,,,,,2014-12-04
192020,Basketball Cards 2014 Panini Prizm,Monta Ellis [Purple Die Cut Prizm] #138,$3.01,,,,,,,,,,,,$3.29,,,,,,2,,,,,2014-12-04
190998,Basketball Cards 2014 Panini Prizm,Monta Ellis [Red Prizm] #138,$3.86,,,,,,,,,,,$0.90,$4.29,,,,,,2,,,,,2014-12-04
191773,Basketball Cards 2014 Panini Prizm,Monta Ellis [Red Pulsar Prizm] #138,,,,,,,,,,,,,,,,,,,0,,,,,2014-12-04
191260,Basketball Cards 2014 Panini Prizm,"Monta Ellis [Red, White, and Blue Pulsar Prizm] #138",$1.99,,,,,,,,,,,,$2.19,,,,,,1,,,,,2014-12-04
12249627,Basketball Cards 2014 Panini Prizm,Monta Ellis [Yellow and Red Mosaic Prizm] #138,,,,,,,,,,,,,,,,,,,0,,,,,2014-12-04
136523,Basketball Cards 2014 Panini Prizm,Moses Malone #167,$1.95,,,,,,,,,,,,$2.19,,,,,,5,,,,,2014-12-04
12248163,Basketball Cards 2014 Panini Prizm,Moses Malone [Black Prizm] #167,,,,,,,,,,,,,,,,,,,0,,,,,2014-12-04
12248338,Basketball Cards 2014 Panini Prizm,Moses Malone [Black Pulsar Prizm] #167,,,,,,,,,,,,,,,,,,,0,,,,,2014-12-04
190559,Basketball Cards 2014 Panini Prizm,Moses Malone [Blue Mojo Prizm] #167,$2.51,,,,,,,,,,,,$2.79,,,,,,1,,,,,2014-12-04
190314,Basketball Cards 2014 Panini Prizm,Moses Malone [Blue Prizm] #167,$4.41,,,,,$14.50,$19.00,$9.00,$9.00,,,$1.00,$4.89,,,,,,3,,,,,2014-12-04
12248936,Basketball Cards 2014 Panini Prizm,Moses Malone [Blue Wave Prizm] #167,$0.99,,,,,,,,,,,,$1.09,,,,,,1,,,,,2014-12-04
136524,Basketball Cards 2014 Panini Prizm,Moses Malone [Blue and Green Prizm] #167,$1.37,,,,,,,,,,,,$1.49,,,,,,2,,,,,2014-12-04
136525,Basketball Cards 2014 Panini Prizm,Moses Malone [Gold Prizm] #167,$128.80,,,,,$472.99,$615.00,$284.00,$284.00,,,$71.00,$142.00,,,,,,2,,,,,2014-12-04
136526,Basketball Cards 2014 Panini Prizm,Moses Malone [Gold Pulsar Prizm] #167,$460.00,,,,,$399.99,$520.00,$240.00,$240.00,,,$303.60,$506.00,,,,,,2,,,,,2014-12-04
190796,Basketball Cards 2014 Panini Prizm,Moses Malone [Green Prizm] #167,$3.24,,,,,,,,,,,,$3.59,,,,,,1,,,,,2014-12-04
191541,Basketball Cards 2014 Panini Prizm,Moses Malone [Light Blue Prizm] #167,$6.10,,,$21.70,$24.00,,,,,,,$1.30,$6.69,,,,,,2,,,,,2014-12-04
12249424,Basketball Cards 2014 Panini Prizm,Moses Malone [Orange Die Cut Prizm] #167,,,,,,,,,,,,,,,,,,,0,,,,,2014-12-04
192559,Basketball Cards 2014 Panini Prizm,Moses Malone [Prizm] #167,$3.15,,,,,,,,,,,,$3.49,,,,,,1,,,,,2014-12-04
192048,Basketball Cards 2014 Panini Prizm,Moses Malone [Purple Die Cut Prizm] #167,$2.70,,,,,,,,,,,,$2.99,,,,,,4,,,,,2014-12-04
191027,Basketball Cards 2014 Panini Prizm,Moses Malone [Red Prizm] #167,$2.99,,,,,,,,,,,,$3.29,,,,,,3,,,,,2014-12-04
191798,Basketball Cards 2014 Panini Prizm,Moses Malone [Red Pulsar Prizm] #167,$23.70,,,,,$37.07,$48.00,$22.00,$22.00,,,$7.80,$25.99,,,,,,2,,,,,2014-12-04
191286,Basketball Cards 2014 Panini Prizm,"Moses Malone [Red, White, and Blue Pulsar Prizm] #167",$1.76,,,,,,,,,,,,$1.89,,,,,,1,,,,,2014-12-04
12249673,Basketball Cards 2014 Panini Prizm,Moses Malone [Yellow and Red Mosaic Prizm] #167,$1.31,,,,,,,,,,,,$1.39,,,,,,1,,,,,2014-12-04
190101,Basketball Cards 2014 Panini Prizm,Mychal Thompson #177,$1.47,,,,,,,,,,,,$1.59,,,,,,1,,,,,2014-12-04
12248191,Basketball Cards 2014 Panini Prizm,Mychal Thompson [Black Prizm] #177,,,,,,,,,,,,,,,,,,,0,,,,,2014-12-04
12248356,Basketball Cards 2014 Panini Prizm,Mychal Thompson [Black Pulsar Prizm] #177,,,,,,,,,,,,,,,,,,,0,,,,,2014-12-04
136552,Basketball Cards 2014 Panini Prizm,Mychal Thompson [Blue Mojo Prizm] #177,$0.99,,,$29.60,$33.00,,,,,,,,$1.09,,,,,,2,,,,,2014-12-04
190323,Basketball Cards 2014 Panini Prizm,Mychal Thompson [Blue Prizm] #177,$1.59,,,,,,,,,,,,$1.79,,,,,,1,,,,,2014-12-04
12248946,Basketball Cards 2014 Panini Prizm,Mychal Thompson [Blue Wave Prizm] #177,$2.99,,,,,,,,,,,,$3.29,,,,,,1,,,,,2014-12-04
12248594,Basketball Cards 2014 Panini Prizm,Mychal Thompson [Blue and Green Prizm] #177,$0.99,,,,,,,,,,,,$1.09,,,,,,1,,,,,2014-12-04
192315,Basketball Cards 2014 Panini Prizm,Mychal Thompson [Gold Prizm] #177,$0.25,,,$51.08,$56.00,,,,,,,,$0.99,,,,,,1,,,,,2014-12-04
12249113,Basketball Cards 2014 Panini Prizm,Mychal Thompson [Gold Pulsar Prizm] #177,,,,,,,,,,,,,,,,,,,0,,,,,2014-12-04
190809,Basketball Cards 2014 Panini Prizm,Mychal Thompson [Green Prizm] #177,$1.99,,,,,,,,,,,,$2.19,,,,,,3,,,,,2014-12-04
191551,Basketball Cards 2014 Panini Prizm,Mychal Thompson [Light Blue Prizm] #177,$3.64,,,,,,,,,,,$0.80,$3.99,,,,,,1,,,,,2014-12-04
12249436,Basketball Cards 2014 Panini Prizm,Mychal Thompson [Orange Die Cut Prizm] #177,,,,,,,,,,,,,,,,,,,0,,,,,2014-12-04
192566,Basketball Cards 2014 Panini Prizm,Mychal Thompson [Prizm] #177,$1.63,,,,,,,,,,,,$1.79,,,,,,1,,,,,2014-12-04
192057,Basketball Cards 2014 Panini Prizm,Mychal Thompson [Purple Die Cut Prizm] #177,$2.80,,,,,,,,,,,,$3.09,,,,,,2,,,,,2014-12-04
136553,Basketball Cards 2014 Panini Prizm,Mychal Thompson [Red Prizm] #177,$4.71,,,,,,,,,,,$1.00,$5.19,,,,,,2,,,,,2014-12-04
191807,Basketball Cards 2014 Panini Prizm,Mychal Thompson [Red Pulsar Prizm] #177,$2.75,,,,,,,,,,,,$2.99,,,,,,1,,,,,2014-12-04
191296,Basketball Cards 2014 Panini Prizm,"Mychal Thompson [Red, White, and Blue Pulsar Prizm] #177",$1.25,,,,,,,,,,,,$1.39,,,,,,1,,,,,2014-12-04
12249691,Basketball Cards 2014 Panini Prizm,Mychal Thompson [Yellow and Red Mosaic Prizm] #177,,,,,,,,,,,,,,,,,,,0,,,,,2014-12-04
189981,Basketball Cards 2014 Panini Prizm,Nene #10,$0.25,,,,,,,,,,,,$0.99,,,,,,0,,,,,2014-12-04
12247968,Basketball Cards 2014 Panini Prizm,Nene [Black Prizm] #10,,,,,,,,,,,,,,,,,,,0,,,,,2014-12-04
12248332,Basketball Cards 2014 Panini Prizm,Nene [Black Pulsar Prizm] #10,,,,,,,,,,,,,,,,,,,0,,,,,2014-12-04
190432,Basketball Cards 2014 Panini Prizm,Nene [Blue Mojo Prizm] #10,$2.23,,,,,,,,,,,,$2.49,,,,,,1,,,,,2014-12-04
190178,Basketball Cards 2014 Panini Prizm,Nene [Blue Prizm] #10,$3.13,,,,,,,,,,,,$3.39,,,,,,1,,,,,2014-12-04
12248793,Basketball Cards 2014 Panini Prizm,Nene [Blue Wave Prizm] #10,,,,,,,,,,,,,,,,,,,0,,,,,2014-12-04
12248646,Basketball Cards 2014 Panini Prizm,Nene [Blue and Green Prizm] #10,,,,,,,,,,,,,,,,,,,0,,,,,2014-12-04
192173,Basketball Cards 2014 Panini Prizm,Nene [Gold Prizm] #10,$19.97,,,,,,,,,,,$6.60,$21.99,,,,,,1,,,,,2014-12-04
12249110,Basketball Cards 2014 Panini Prizm,Nene [Gold Pulsar Prizm] #10,,,,,,,,,,,,,,,,,,,0,,,,,2014-12-04
190669,Basketball Cards 2014 Panini Prizm,Nene [Green Prizm] #10,$1.69,,,,,,,,,,,,$1.89,,,,,,2,,,,,2014-12-04
191402,Basketball Cards 2014 Panini Prizm,Nene [Light Blue Prizm] #10,$3.71,,,,,,,,,,,$0.80,$4.09,,,,,,1,,,,,2014-12-04
12249317,Basketball Cards 2014 Panini Prizm,Nene [Orange Die Cut Prizm] #10,$0.99,,,,,,,,,,,,$1.09,,,,,,1,,,,,2014-12-04
192430,Basketball Cards 2014 Panini Prizm,Nene [Prizm] #10,$1.49,,,,,,,,,,,,$1.59,,,,,,1,,,,,2014-12-04
191912,Basketball Cards 2014 Panini Prizm,Nene [Purple Die Cut Prizm] #10,$1.63,,,,$222.50,,,,,,,,$1.79,,,,,,2,,,,,2014-12-04
190885,Basketball Cards 2014 Panini Prizm,Nene [Red Prizm] #10,$0.25,,,,,,,,,,,,$0.99,,,,,,0,,,,,2014-12-04
191660,Basketball Cards 2014 Panini Prizm,Nene [Red Pulsar Prizm] #10,,,,,,,,,,,,,,,,,,,0,,,,,2014-12-04
191151,Basketball Cards 2014 Panini Prizm,"Nene [Red, White, and Blue Pulsar Prizm] #10",$0.99,,,,,,,,,,,,$1.09,,,,,,1,,,,,2014-12-04
12249566,Basketball Cards 2014 Panini Prizm,Nene [Yellow and Red Mosaic Prizm] #10,,,,,,,,,,,,,,,,,,,0,,,,,2014-12-04
136144,Basketball Cards 2014 Panini Prizm,Nerlens Noel #20,$1.09,,,,,,,,,,,,$1.19,,,,,,1,,,,,2014-12-04
12247978,Basketball Cards 2014 Panini Prizm,Nerlens Noel [Black Prizm] #20,,,,,,,,,,,,,,,,,,,0,,,,,2014-12-04
12248352,Basketball Cards 2014 Panini Prizm,Nerlens Noel [Black Pulsar Prizm] #20,,,,,,,,,,,,,,,,,,,0,,,,,2014-12-04
190442,Basketball Cards 2014 Panini Prizm,Nerlens Noel [Blue Mojo Prizm] #20,$2.99,,,,,,,,,,,,$3.29,,,,,,1,,,,,2014-12-04
190186,Basketball Cards 2014 Panini Prizm,Nerlens Noel [Blue Prizm] #20,$2.00,,,,,,,,,,,,$2.19,,,,,,1,,,,,2014-12-04
12248802,Basketball Cards 2014 Panini Prizm,Nerlens Noel [Blue Wave Prizm] #20,,,,,,,,,,,,,,,,,,,0,,,,,2014-12-04
12248665,Basketball Cards 2014 Panini Prizm,Nerlens Noel [Blue and Green Prizm] #20,,,,,,,,,,,,,,,,,,,0,,,,,2014-12-04
192182,Basketball Cards 2014 Panini Prizm,Nerlens Noel [Gold Prizm] #20,$58.50,,,,,,,,,,,$25.60,$63.99,,,,,,1,,,,,2014-12-04
12249130,Basketball Cards 2014 Panini Prizm,Nerlens Noel [Gold Pulsar Prizm] #20,,,,,,,,,,,,,,,,,,,0,,,,,2014-12-04
190677,Basketball Cards 2014 Panini Prizm,Nerlens Noel [Green Prizm] #20,$1.79,,,,,,,,,,,,$1.99,,,,,,1,,,,,2014-12-04
136145,Basketball Cards 2014 Panini Prizm,Nerlens Noel [Light Blue Prizm] #20,$4.00,,,,,,,,,,,$0.90,$4.39,,,,,,1,,,,,2014-12-04
136146,Basketball Cards 2014 Panini Prizm,Nerlens Noel [Orange Die Cut Prizm] #20,$1.40,,,,,,,,,,,,$1.49,,,,,,1,,,,,2014-12-04
192439,Basketball Cards 2014 Panini Prizm,Nerlens Noel [Prizm] #20,$3.93,,,,,$27.99,$36.00,$17.00,$17.00,,,$0.90,$4.29,,,,,,2,,,,,2014-12-04
191921,Basketball Cards 2014 Panini Prizm,Nerlens Noel [Purple Die Cut Prizm] #20,$1.99,,,,,,,,,,,,$2.19,,,,,,1,,,,,2014-12-04
190895,Basketball Cards 2014 Panini Prizm,Nerlens Noel [Red Prizm] #20,$4.85,,,,$49.99,,$14.45,,,,,$1.10,$5.29,,,,,,2,,,,,2014-12-04
191670,Basketball Cards 2014 Panini Prizm,Nerlens Noel [Red Pulsar Prizm] #20,,,,,,,,,,,,,,,,,,,0,,,,,2014-12-04
191159,Basketball Cards 2014 Panini Prizm,"Nerlens Noel [Red, White, and Blue Pulsar Prizm] #20",$0.99,,,,,,,,,,,,$1.09,,,,,,1,,,,,2014-12-04
12249573,Basketball Cards 2014 Panini Prizm,Nerlens Noel [Yellow and Red Mosaic Prizm] #20,,,,,,,,,,,,,,,,,,,0,,,,,2014-12-04
189996,Basketball Cards 2014 Panini Prizm,Nick Collison #30,$1.95,,,,,,,,,,,,$2.19,,,,,,3,,,,,2014-12-04
12247988,Basketball Cards 2014 Panini Prizm,Nick Collison [Black Prizm] #30,,,,,,,,,,,,,,,,,,,0,,,,,2014-12-04
12248374,Basketball Cards 2014 Panini Prizm,Nick Collison [Black Pulsar Prizm] #30,,,,,,,,,,,,,,,,,,,0,,,,,2014-12-04
190451,Basketball Cards 2014 Panini Prizm,Nick Collison [Blue Mojo Prizm] #30,$2.25,,,,,,,,,,,,$2.49,,,,,,1,,,,,2014-12-04
190195,Basketball Cards 2014 Panini Prizm,Nick Collison [Blue Prizm] #30,$3.92,,,,,,,,,,,$0.90,$4.29,,,,,,1,,,,,2014-12-04
12248811,Basketball Cards 2014 Panini Prizm,Nick Collison [Blue Wave Prizm] #30,,,,,,,,,,,,,,,,,,,0,,,,,2014-12-04
12248679,Basketball Cards 2014 Panini Prizm,Nick Collison [Blue and Green Prizm] #30,$1.28,,,,,,,,,,,,$1.39,,,,,,1,,,,,2014-12-04
192191,Basketball Cards 2014 Panini Prizm,Nick Collison [Gold Prizm] #30,$23.50,,,,,,,,,,,$7.80,$25.99,,,,,,1,,,,,2014-12-04
12249150,Basketball Cards 2014 Panini Prizm,Nick Collison [Gold Pulsar Prizm] #30,,,,,,,,,,,,,,,,,,,0,,,,,2014-12-04
190686,Basketball Cards 2014 Panini Prizm,Nick Collison [Green Prizm] #30,$1.38,,,,,,,,,,,,$1.49,,,,,,2,,,,,2014-12-04
191420,Basketball Cards 2014 Panini Prizm,Nick Collison [Light Blue Prizm] #30,$3.91,,,,,,,,,,,$0.90,$4.29,,,,,,1,,,,,2014-12-04
12249334,Basketball Cards 2014 Panini Prizm,Nick Collison [Orange Die Cut Prizm] #30,$5.43,,,,,,,,,,,$1.20,$5.99,,,,,,1,,,,,2014-12-04
192447,Basketball Cards 2014 Panini Prizm,Nick Collison [Prizm] #30,$3.63,,,,,,,,,,,$0.80,$3.99,,,,,,1,,,,,2014-12-04
191931,Basketball Cards 2014 Panini Prizm,Nick Collison [Purple Die Cut Prizm] #30,$2.60,,,,,,,,,,,,$2.89,,,,,,2,,,,,2014-12-04
190904,Basketball Cards 2014 Panini Prizm,Nick Collison [Red Prizm] #30,$0.99,,,,,,,,,,,,$1.09,,,,,,1,,,,,2014-12-04
191680,Basketball Cards 2014 Panini Prizm,Nick Collison [Red Pulsar Prizm] #30,$12.00,,,,,,,,,,,$3.30,$12.99,,,,,,1,,,,,2014-12-04
191168,Basketball Cards 2014 Panini Prizm,"Nick Collison [Red, White, and Blue Pulsar Prizm] #30",$2.71,,,,,,,,,,,,$2.99,,,,,,1,,,,,2014-12-04
12249582,Basketball Cards 2014 Panini Prizm,Nick Collison [Yellow and Red Mosaic Prizm] #30,,,,,,,,,,,,,,,,,,,0,,,,,2014-12-04
190159,Basketball Cards 2014 Panini Prizm,Nick Johnson #284,$1.50,,,,,,,,,,,,$1.69,,,,,,3,,,,,2014-12-04
12248218,Basketball Cards 2014 Panini Prizm,Nick Johnson [Black Prizm] #284,,,,,,,,,,,,,,,,,,,0,,,,,2014-12-04
12248541,Basketball Cards 2014 Panini Prizm,Nick Johnson [Black Pulsar Prizm] #284,,,,,,,,,,,,,,,,,,,0,,,,,2014-12-04
190648,Basketball Cards 2014 Panini Prizm,Nick Johnson [Blue Mojo Prizm] #284,$2.39,,,,,,,,,,,,$2.59,,,,,,1,,,,,2014-12-04
190410,Basketball Cards 2014 Panini Prizm,Nick Johnson [Blue Prizm] #284,$4.20,,,,,,,,,,,$0.90,$4.59,,,,,,1,,,,,2014-12-04
12249040,Basketball Cards 2014 Panini Prizm,Nick Johnson [Blue Wave Prizm] #284,,,,,,,,,,,,,,,,,,,0,,,,,2014-12-04
12248726,Basketball Cards 2014 Panini Prizm,Nick Johnson [Blue and Green Prizm] #284,,,,,,,,,,,,,,,,,,,0,,,,,2014-12-04
192407,Basketball Cards 2014 Panini Prizm,Nick Johnson [Gold Prizm] #284,$43.00,,,,,,,,,,,$18.80,$46.99,,,,,,1,,,,,2014-12-04
12249272,Basketball Cards 2014 Panini Prizm,Nick Johnson [Gold Pulsar Prizm] #284,,,,,,,,,,,,,,,,,,,0,,,,,2014-12-04
136941,Basketball Cards 2014 Panini Prizm,Nick Johnson [Green Prizm] #284,$1.88,,,,,,,,,,,,$2.09,,,,,,1,,,,,2014-12-04
191638,Basketball Cards 2014 Panini Prizm,Nick Johnson [Light Blue Prizm] #284,$7.59,,,,,,,,,,,$1.70,$8.39,,,,,,1,,,,,2014-12-04
12249542,Basketball Cards 2014 Panini Prizm,Nick Johnson [Orange Die Cut Prizm] #284,$3.84,,$8.15,$14.09,$25.38,$36.87,$48.00,$22.00,$22.00,,,$0.80,$4.19,,,$1.80,$8.99,,10,,,,,2014-12-04
192631,Basketball Cards 2014 Panini Prizm,Nick Johnson [Prizm] #284,$1.62,,,,,,,,,,,,$1.79,,,,,,1,,,,,2014-12-04
192150,Basketball Cards 2014 Panini Prizm,Nick Johnson [Purple Die Cut Prizm] #284,$2.09,,,,,,,,,,,,$2.29,,,,,,2,,,,,2014-12-04
191127,Basketball Cards 2014 Panini Prizm,Nick Johnson [Red Prizm] #284,$1.04,,,,,,,,,,,,$1.09,,,,,,1,,,,,2014-12-04
191893,Basketball Cards 2014 Panini Prizm,Nick Johnson [Red Pulsar Prizm] #284,$12.04,,,,,,,,,,,$3.30,$12.99,,,,,,1,,,,,2014-12-04
191381,Basketball Cards 2014 Panini Prizm,"Nick Johnson [Red, White, and Blue Pulsar Prizm] #284",$0.99,,,,,,,,,,,,$1.09,,,,,,1,,,,,2014-12-04
12249732,Basketball Cards 2014 Panini Prizm,Nick Johnson [Yellow and Red Mosaic Prizm] #284,$1.25,,$6.03,$11.33,$21.75,$32.24,$42.00,$19.00,$19.00,,,,$1.39,,,$1.30,$6.59,,12,,,,,2014-12-04
190004,Basketball Cards 2014 Panini Prizm,Nick Young #40,$0.99,,,,,$600.00,$780.00,$360.00,$360.00,,,,$1.09,,,,,,3,,,,,2014-12-04
12247998,Basketball Cards 2014 Panini Prizm,Nick Young [Black Prizm] #40,,,,,,,,,,,,,,,,,,,0,,,,,2014-12-04
12248394,Basketball Cards 2014 Panini Prizm,Nick Young [Black Pulsar Prizm] #40,,,,,,,,,,,,,,,,,,,0,,,,,2014-12-04
190461,Basketball Cards 2014 Panini Prizm,Nick Young [Blue Mojo Prizm] #40,$3.86,,,,,,,,,,,$0.90,$4.29,,,,,,1,,,,,2014-12-04
190205,Basketball Cards 2014 Panini Prizm,Nick Young [Blue Prizm] #40,$2.99,,,,,,,,,,,,$3.29,,,,,,1,,,,,2014-12-04
12248821,Basketball Cards 2014 Panini Prizm,Nick Young [Blue Wave Prizm] #40,,,,,,,,,,,,,,,,,,,0,,,,,2014-12-04
12248687,Basketball Cards 2014 Panini Prizm,Nick Young [Blue and Green Prizm] #40,,,,,,,,,,,,,,,,,,,0,,,,,2014-12-04
136171,Basketball Cards 2014 Panini Prizm,Nick Young [Gold Prizm] #40,$2.99,,,,,,,,,,,,$3.29,,,,,,0,,,,,2014-12-04
136172,Basketball Cards 2014 Panini Prizm,Nick Young [Gold Pulsar Prizm] #40,,,,,,,,,,,,,,,,,,,0,,,,,2014-12-04
190696,Basketball Cards 2014 Panini Prizm,Nick Young [Green Prizm] #40,$1.30,,,,,,,,,,,,$1.39,,,,,,3,,,,,2014-12-04
191429,Basketball Cards 2014 Panini Prizm,Nick Young [Light Blue Prizm] #40,$7.99,,,,,,,,,,,$1.80,$8.79,,,,,,1,,,,,2014-12-04
12249343,Basketball Cards 2014 Panini Prizm,Nick Young [Orange Die Cut Prizm] #40,,,,,,,,,,,,,,,,,,,0,,,,,2014-12-04
192457,Basketball Cards 2014 Panini Prizm,Nick Young [Prizm] #40,$3.20,,,,,,,,,,,,$3.49,,,,,,1,,,,,2014-12-04
191940,Basketball Cards 2014 Panini Prizm,Nick Young [Purple Die Cut Prizm] #40,$2.25,,,,,,,,,,,,$2.49,,,,,,2,,,,,2014-12-04
190914,Basketball Cards 2014 Panini Prizm,Nick Young [Red Prizm] #40,$1.75,,,,,,,,,,,,$1.89,,,,,,2,,,,,2014-12-04
191689,Basketball Cards 2014 Panini Prizm,Nick Young [Red Pulsar Prizm] #40,$7.44,,,,,,,,,,,$1.60,$8.19,,,,,,1,,,,,2014-12-04
191177,Basketball Cards 2014 Panini Prizm,"Nick Young [Red, White, and Blue Pulsar Prizm] #40",$2.00,,,,,,,,,,,,$2.19,,,,,,1,,,,,2014-12-04
12249590,Basketball Cards 2014 Panini Prizm,Nick Young [Yellow and Red Mosaic Prizm] #40,$1.79,,,,,,,,,,,,$1.99,,,,,,1,,,,,2014-12-04
190011,Basketball Cards 2014 Panini Prizm,Nicolas Batum #50,$1.69,,,,,,,,,,,,$1.89,,,,,,3,,,,,2014-12-04
12248009,Basketball Cards 2014 Panini Prizm,Nicolas Batum [Black Prizm] #50,,,,,,,,,,,,,,,,,,,0,,,,,2014-12-04
12248410,Basketball Cards 2014 Panini Prizm,Nicolas Batum [Black Pulsar Prizm] #50,,,,,,,,,,,,,,,,,,,0,,,,,2014-12-04
190469,Basketball Cards 2014 Panini Prizm,Nicolas Batum [Blue Mojo Prizm] #50,$3.52,,,,,,,,,,,$0.80,$3.89,,,,,,1,,,,,2014-12-04
190213,Basketball Cards 2014 Panini Prizm,Nicolas Batum [Blue Prizm] #50,$3.56,,,,,,,,,,,$0.80,$3.89,,,,,,2,,,,,2014-12-04
12248829,Basketball Cards 2014 Panini Prizm,Nicolas Batum [Blue Wave Prizm] #50,,,,,,,,,,,,,,,,,,,0,,,,,2014-12-04
12248695,Basketball Cards 2014 Panini Prizm,Nicolas Batum [Blue and Green Prizm] #50,,,,,,,,,,,,,,,,,,,0,,,,,2014-12-04
192208,Basketball Cards 2014 Panini Prizm,Nicolas Batum [Gold Prizm] #50,$27.56,,$102.50,,,,,,,,,$9.00,$29.99,,,$56.50,$113.00,,2,,,,,2014-12-04
12249192,Basketball Cards 2014 Panini Prizm,Nicolas Batum [Gold Pulsar Prizm] #50,,,,,,,,,,,,,,,,,,,0,,,,,2014-12-04
190704,Basketball Cards 2014 Panini Prizm,Nicolas Batum [Green Prizm] #50,$2.00,,,,,,,,,,,,$2.19,,,,,,1,,,,,2014-12-04
191437,Basketball Cards 2014 Panini Prizm,Nicolas Batum [Light Blue Prizm] #50,$3.44,,,,,,,,,,,$0.80,$3.79,,,,,,1,,,,,2014-12-04
12249353,Basketball Cards 2014 Panini Prizm,Nicolas Batum [Orange Die Cut Prizm] #50,$6.22,,,,,,,,,,,$1.40,$6.79,,,,,,1,,,,,2014-12-04
192465,Basketball Cards 2014 Panini Prizm,Nicolas Batum [Prizm] #50,$0.99,,,,,,,,,,,,$1.09,,,,,,1,,,,,2014-12-04
191948,Basketball Cards 2014 Panini Prizm,Nicolas Batum [Purple Die Cut Prizm] #50,$2.25,,,,,,,,,,,,$2.49,,,,,,2,,,,,2014-12-04
190922,Basketball Cards 2014 Panini Prizm,Nicolas Batum [Red Prizm] #50,$3.00,,,,,,,,,,,,$3.29,,,,,,2,,,,,2014-12-04
191697,Basketball Cards 2014 Panini Prizm,Nicolas Batum [Red Pulsar Prizm] #50,$8.88,,,,,,,,,,,$2.00,$9.79,,,,,,1,,,,,2014-12-04
191185,Basketball Cards 2014 Panini Prizm,"Nicolas Batum [Red, White, and Blue Pulsar Prizm] #50",$0.99,,,,,,,,,,,,$1.09,,,,,,1,,,,,2014-12-04
12249598,Basketball Cards 2014 Panini Prizm,Nicolas Batum [Yellow and Red Mosaic Prizm] #50,$0.55,,$5.45,$10.58,$20.77,$30.98,$40.00,$19.00,$19.00,,,,$0.99,,,$1.20,$5.99,,6,,,,,2014-12-04
190146,Basketball Cards 2014 Panini Prizm,Nik Stauskas #258,$1.50,,,$26.69,$29.00,$51.99,$68.00,$31.00,$31.00,,,,$1.69,,,,,,7,,,,,2014-12-04
12248181,Basketball Cards 2014 Panini Prizm,Nik Stauskas [Black Prizm] #258,$890.00,,,,,,,,,,,$587.40,$979.00,,,,,,1,,,,,2014-12-04
12248516,Basketball Cards 2014 Panini Prizm,Nik Stauskas [Black Pulsar Prizm] #258,,,,,,,,,,,,,,,,,,,0,,,,,2014-12-04
190628,Basketball Cards 2014 Panini Prizm,Nik Stauskas [Blue Mojo Prizm] #258,$14.95,,,,,,,,,,,$4.00,$15.99,,,,,,0,,,,,2014-12-04
190391,Basketball Cards 2014 Panini Prizm,Nik Stauskas [Blue Prizm] #258,$5.56,,,,,,,,,,,$1.20,$6.09,,,,,,1,,,,,2014-12-04
12249019,Basketball Cards 2014 Panini Prizm,Nik Stauskas [Blue Wave Prizm] #258,,,,,,,,,,,,,,,,,,,0,,,,,2014-12-04
12248662,Basketball Cards 2014 Panini Prizm,Nik Stauskas [Blue and Green Prizm] #258,$1.99,,,,,,,,,,,,$2.19,,,,,,1,,,,,2014-12-04
192386,Basketball Cards 2014 Panini Prizm,Nik Stauskas [Gold Prizm] #258,$32.45,,,,,,,,,,,$14.40,$35.99,,,,,,1,,,,,2014-12-04
136807,Basketball Cards 2014 Panini Prizm,Nik Stauskas [Gold Pulsar Prizm] #258,$80.75,,,,,$65.62,$85.00,$39.00,$39.00,,,$35.60,$88.99,,,,,,1,,,,,2014-12-04
190853,Basketball Cards 2014 Panini Prizm,Nik Stauskas [Green Prizm] #258,$2.80,,,,,,,,,,,,$3.09,,,,,,2,,,,,2014-12-04
191619,Basketball Cards 2014 Panini Prizm,Nik Stauskas [Light Blue Prizm] #258,$18.40,,,,,,,,,,,$5.00,$19.99,,,,,,1,,,,,2014-12-04
12249521,Basketball Cards 2014 Panini Prizm,Nik Stauskas [Orange Die Cut Prizm] #258,,,,,,,,,,,,,,,,,,,0,,,,,2014-12-04
136808,Basketball Cards 2014 Panini Prizm,Nik Stauskas [Prizm] #258,$7.99,,,,,,,,,,,$1.80,$8.79,,,,,,1,,,,,2014-12-04
192128,Basketball Cards 2014 Panini Prizm,Nik Stauskas [Purple Die Cut Prizm] #258,$4.54,,,,,,,,,,,$1.00,$4.99,,,,,,2,,,,,2014-12-04
191108,Basketball Cards 2014 Panini Prizm,Nik Stauskas [Red Prizm] #258,$3.49,,,,,,,,,,,$0.80,$3.79,,,,,,1,,,,,2014-12-04
191871,Basketball Cards 2014 Panini Prizm,Nik Stauskas [Red Pulsar Prizm] #258,$14.00,,,,,,,,,,,$3.80,$14.99,,,,,,1,,,,,2014-12-04
191365,Basketball Cards 2014 Panini Prizm,"Nik Stauskas [Red, White, and Blue Pulsar Prizm] #258",$3.67,,,,,,,,,,,$0.80,$3.99,,,,,,1,,,,,2014-12-04
12249768,Basketball Cards 2014 Panini Prizm,Nik Stauskas [Yellow and Red Mosaic Prizm] #258,,,,,,,,,,,,,,,,,,,0,,,,,2014-12-04
136981,Basketball Cards 2014 Panini Prizm,Nikola Mirotic #300,$1.61,,,$14.99,$16.00,$18.00,$23.00,$11.00,$11.00,,,,$1.79,,,,,,7,,,,,2014-12-04
12248242,Basketball Cards 2014 Panini Prizm,Nikola Mirotic [Black Prizm] #300,,,,,,,,,,,,,,,,,,,0,,,,,2014-12-04
12248557,Basketball Cards 2014 Panini Prizm,Nikola Mirotic [Black Pulsar Prizm] #300,,,,,,,,,,,,,,,,,,,0,,,,,2014-12-04
190663,Basketball Cards 2014 Panini Prizm,Nikola Mirotic [Blue Mojo Prizm] #300,$6.70,,,,$5.99,,,,,,,$1.50,$7.39,,,,,,2,,,,,2014-12-04
136983,Basketball Cards 2014 Panini Prizm,Nikola Mirotic [Blue Prizm] #300,$7.14,,,,,,,,,,,$1.60,$7.89,,,,,,1,,,,,2014-12-04
12249055,Basketball Cards 2014 Panini Prizm,Nikola Mirotic [Blue Wave Prizm] #300,,,,,,,,,,,,,,,,,,,0,,,,,2014-12-04
136982,Basketball Cards 2014 Panini Prizm,Nikola Mirotic [Blue and Green Prizm] #300,$1.60,,,,,,,,,,,,$1.79,,,,,,1,,,,,2014-12-04
192421,Basketball Cards 2014 Panini Prizm,Nikola Mirotic [Gold Prizm] #300,$113.50,,,,,,$212.49,,,,,$62.50,$125.00,,,,,,1,,,,,2014-12-04
12249292,Basketball Cards 2014 Panini Prizm,Nikola Mirotic [Gold Pulsar Prizm] #300,,,,,,,,,,,,,,,,,,,0,,,,,2014-12-04
190876,Basketball Cards 2014 Panini Prizm,Nikola Mirotic [Green Prizm] #300,$2.58,,,,,,,,,,,,$2.79,,,,,,1,,,,,2014-12-04
136984,Basketball Cards 2014 Panini Prizm,Nikola Mirotic [Light Blue Prizm] #300,$22.50,,,,,,,,,,,$7.50,$24.99,,,,,,1,,,,,2014-12-04
12249556,Basketball Cards 2014 Panini Prizm,Nikola Mirotic [Orange Die Cut Prizm] #300,,,,,,,,,,,,,,,,,,,0,,,,,2014-12-04
136985,Basketball Cards 2014 Panini Prizm,Nikola Mirotic [Prizm] #300,$5.00,,,,,,,,,,,$1.10,$5.49,,,,,,1,,,,,2014-12-04
136986,Basketball Cards 2014 Panini Prizm,Nikola Mirotic [Purple Die Cut Prizm] #300,$4.60,,,$15.00,$17.00,,,,,,,$1.00,$5.09,,,,,,2,,,,,2014-12-04
136987,Basketball Cards 2014 Panini Prizm,Nikola Mirotic [Red Prizm] #300,$1.00,,,,,$35.00,$46.00,$21.00,$21.00,,,,$1.09,,,,,,2,,,,,2014-12-04
136988,Basketball Cards 2014 Panini Prizm,Nikola Mirotic [Red Pulsar Prizm] #300,,,,,,,,,,,,,,,,,,,0,,,,,2014-12-04
136989,Basketball Cards 2014 Panini Prizm,"Nikola Mirotic [Red, White, and Blue Pulsar Prizm] #300",$1.49,,,,,,,,,,,,$1.59,,,,,,1,,,,,2014-12-04
136990,Basketball Cards 2014 Panini Prizm,Nikola Mirotic [Yellow and Red Mosaic Prizm] #300,$3.48,,,,,,,,,,,$0.80,$3.79,,,,,,1,,,,,2014-12-04
190024,Basketball Cards 2014 Panini Prizm,Nikola Pekovic #70,$1.00,,,,,,,,,,,,$1.09,,,,,,2,,,,,2014-12-04
12248046,Basketball Cards 2014 Panini Prizm,Nikola Pekovic [Black Prizm] #70,,,,,,,,,,,,,,,,,,,0,,,,,2014-12-04
12248432,Basketball Cards 2014 Panini Prizm,Nikola Pekovic [Black Pulsar Prizm] #70,,,,,,,,,,,,,,,,,,,0,,,,,2014-12-04
190488,Basketball Cards 2014 Panini Prizm,Nikola Pekovic [Blue Mojo Prizm] #70,$3.49,,,,,,,,,,,$0.80,$3.79,,,,,,1,,,,,2014-12-04
190231,Basketball Cards 2014 Panini Prizm,Nikola Pekovic [Blue Prizm] #70,$6.23,,,,,,,,,,,$1.40,$6.89,,,,,,1,,,,,2014-12-04
12248861,Basketball Cards 2014 Panini Prizm,Nikola Pekovic [Blue Wave Prizm] #70,,,,,,,,,,,,,,,,,,,0,,,,,2014-12-04
12248720,Basketball Cards 2014 Panini Prizm,Nikola Pekovic [Blue and Green Prizm] #70,,,,,,,,,,,,,,,,,,,0,,,,,2014-12-04
192223,Basketball Cards 2014 Panini Prizm,Nikola Pekovic [Gold Prizm] #70,$35.47,,,,,,,,,,,$15.60,$38.99,,,,,,1,,,,,2014-12-04
12249223,Basketball Cards 2014 Panini Prizm,Nikola Pekovic [Gold Pulsar Prizm] #70,,,,,,,,,,,,,,,,,,,0,,,,,2014-12-04
190721,Basketball Cards 2014 Panini Prizm,Nikola Pekovic [Green Prizm] #70,$1.59,,,,,,,,,,,,$1.79,,,,,,1,,,,,2014-12-04
191454,Basketball Cards 2014 Panini Prizm,Nikola Pekovic [Light Blue Prizm] #70,$5.00,,,,,,,,,,,$1.10,$5.49,,,,,,1,,,,,2014-12-04
12249396,Basketball Cards 2014 Panini Prizm,Nikola Pekovic [Orange Die Cut Prizm] #70,,,,,,,,,,,,,,,,,,,0,,,,,2014-12-04
192481,Basketball Cards 2014 Panini Prizm,Nikola Pekovic [Prizm] #70,$2.25,,,,,,,,,,,,$2.49,,,,,,1,,,,,2014-12-04
191965,Basketball Cards 2014 Panini Prizm,Nikola Pekovic [Purple Die Cut Prizm] #70,$1.33,,,,,,,,$5.50,,,,$1.49,,,,,,2,,,,,2014-12-04
190939,Basketball Cards 2014 Panini Prizm,Nikola Pekovic [Red Prizm] #70,$7.12,,,,,,,,,,,$1.60,$7.79,,,,,,1,,,,,2014-12-04
191716,Basketball Cards 2014 Panini Prizm,Nikola Pekovic [Red Pulsar Prizm] #70,,,,,,,,,,,,,,,,,,,0,,,,,2014-12-04
191203,Basketball Cards 2014 Panini Prizm,"Nikola Pekovic [Red, White, and Blue Pulsar Prizm] #70",$2.25,,,,,,,,,,,,$2.49,,,,,,1,,,,,2014-12-04
12249615,Basketball Cards 2014 Panini Prizm,Nikola Pekovic [Yellow and Red Mosaic Prizm] #70,,,,,,,,,,,,,,,,,,,0,,,,,2014-12-04
190016,Basketball Cards 2014 Panini Prizm,Nikola Vucevic #60,$1.79,,,,,,,,,,,,$1.99,,,,,,2,,,,,2014-12-04
12248030,Basketball Cards 2014 Panini Prizm,Nikola Vucevic [Black Prizm] #60,,,,,,,,,,,,,,,,,,,0,,,,,2014-12-04
12248421,Basketball Cards 2014 Panini Prizm,Nikola Vucevic [Black Pulsar Prizm] #60,,,,,,,,,,,,,,,,,,,0,,,,,2014-12-04
190479,Basketball Cards 2014 Panini Prizm,Nikola Vucevic [Blue Mojo Prizm] #60,$2.92,,,,,,,,,,,,$3.19,,,,,,1,,,,,2014-12-04
190221,Basketball Cards 2014 Panini Prizm,Nikola Vucevic [Blue Prizm] #60,$5.93,,,$10.78,$12.00,,,,,,,$1.30,$6.49,,,,,,2,,,,,2014-12-04
12248840,Basketball Cards 2014 Panini Prizm,Nikola Vucevic [Blue Wave Prizm] #60,,,,,,,,,,,,,,,,,,,0,,,,,2014-12-04
12248704,Basketball Cards 2014 Panini Prizm,Nikola Vucevic [Blue and Green Prizm] #60,,,,,,,,,,,,,,,,,,,0,,,,,2014-12-04
192215,Basketball Cards 2014 Panini Prizm,Nikola Vucevic [Gold Prizm] #60,,,,,,,,,,,,,,,,,,,0,,,,,2014-12-04
12249208,Basketball Cards 2014 Panini Prizm,Nikola Vucevic [Gold Pulsar Prizm] #60,,,,,,,,,,,,,,,,,,,0,,,,,2014-12-04
190712,Basketball Cards 2014 Panini Prizm,Nikola Vucevic [Green Prizm] #60,$1.50,,$6.15,,,,,,,,,,$1.69,,,$1.40,$6.79,,3,,,,,2014-12-04
191446,Basketball Cards 2014 Panini Prizm,Nikola Vucevic [Light Blue Prizm] #60,$7.57,,,$17.95,$20.00,,,,,,,$1.70,$8.29,,,,,,2,,,,,2014-12-04
12249374,Basketball Cards 2014 Panini Prizm,Nikola Vucevic [Orange Die Cut Prizm] #60,,,,$15.95,$18.00,,,,,,,,,,,,,,1,,,,,2014-12-04
192474,Basketball Cards 2014 Panini Prizm,Nikola Vucevic [Prizm] #60,$4.00,,,,,,,,,,,$0.90,$4.39,,,,,,1,,,,,2014-12-04
191956,Basketball Cards 2014 Panini Prizm,Nikola Vucevic [Purple Die Cut Prizm] #60,$2.32,,,,,,,,,,,,$2.59,,,,,,1,,,,,2014-12-04
190931,Basketball Cards 2014 Panini Prizm,Nikola Vucevic [Red Prizm] #60,$1.46,,,,,,,,,,,,$1.59,,,,,,1,,,,,2014-12-04
191706,Basketball Cards 2014 Panini Prizm,Nikola Vucevic [Red Pulsar Prizm] #60,$2.54,,,,,,,,,,,,$2.79,,,,,,1,,,,,2014-12-04
191193,Basketball Cards 2014 Panini Prizm,"Nikola Vucevic [Red, White, and Blue Pulsar Prizm] #60",$1.56,,,,,,,,,,,,$1.69,,,,,,1,,,,,2014-12-04
12249607,Basketball Cards 2014 Panini Prizm,Nikola Vucevic [Yellow and Red Mosaic Prizm] #60,$1.59,,,,,,,,,,,,$1.79,,,,,,1,,,,,2014-12-04
190147,Basketball Cards 2014 Panini Prizm,Noah Vonleh #259,$1.49,,,$5.50,$6.00,$34.74,$45.00,$21.00,$21.00,,,,$1.59,,,,,,6,,,,,2014-12-04
12248183,Basketball Cards 2014 Panini Prizm,Noah Vonleh [Black Prizm] #259,,,,,,,,,,,,,,,,,,,0,,,,,2014-12-04
12248517,Basketball Cards 2014 Panini Prizm,Noah Vonleh [Black Pulsar Prizm] #259,,,,,,,,,,,,,,,,,,,0,,,,,2014-12-04
190629,Basketball Cards 2014 Panini Prizm,Noah Vonleh [Blue Mojo Prizm] #259,$3.07,,,,,,,,,,,,$3.39,,,,,,1,,,,,2014-12-04
136809,Basketball Cards 2014 Panini Prizm,Noah Vonleh [Blue Prizm] #259,$3.12,,,,,,,,,,,,$3.39,,,,,,1,,,,,2014-12-04
12249020,Basketball Cards 2014 Panini Prizm,Noah Vonleh [Blue Wave Prizm] #259,,,,,,,,,,,,,,,,,,,0,,,,,2014-12-04
12248663,Basketball Cards 2014 Panini Prizm,Noah Vonleh [Blue and Green Prizm] #259,$0.99,,,,,,,,,,,,$1.09,,,,,,1,,,,,2014-12-04
192387,Basketball Cards 2014 Panini Prizm,Noah Vonleh [Gold Prizm] #259,$41.02,,,,,,,,,,,$18.00,$44.99,,,,,,0,,,,,2014-12-04
12249243,Basketball Cards 2014 Panini Prizm,Noah Vonleh [Gold Pulsar Prizm] #259,,,,,,,,,,,,,,,,,,,0,,,,,2014-12-04
190854,Basketball Cards 2014 Panini Prizm,Noah Vonleh [Green Prizm] #259,$1.09,,,,,,,,,,,,$1.19,,,,,,1,,,,,2014-12-04
136810,Basketball Cards 2014 Panini Prizm,Noah Vonleh [Light Blue Prizm] #259,$5.99,,,,,,,,,,,$1.30,$6.59,,,,,,1,,,,,2014-12-04
12249522,Basketball Cards 2014 Panini Prizm,Noah Vonleh [Orange Die Cut Prizm] #259,,,,,,,,,,,,,,,,,,,0,,,,,2014-12-04
136812,Basketball Cards 2014 Panini Prizm,Noah Vonleh [Prizm] #259,$203.00,,$7.14,,,$28.00,$36.00,$17.00,$17.00,,,$111.50,$223.00,,,$1.60,$7.89,,3,,,,,2014-12-04
192129,Basketball Cards 2014 Panini Prizm,Noah Vonleh [Purple Die Cut Prizm] #259,$2.66,,,,,,,,,,,,$2.89,,,,,,1,,,,,2014-12-04
191109,Basketball Cards 2014 Panini Prizm,Noah Vonleh [Red Prizm] #259,$3.99,,,,,,,,,,,$0.90,$4.39,,,,,,1,,,,,2014-12-04
191872,Basketball Cards 2014 Panini Prizm,Noah Vonleh [Red Pulsar Prizm] #259,$0.73,,,,$0.99,,,,,,,,$0.99,,,,,,2,,,,,2014-12-04
191366,Basketball Cards 2014 Panini Prizm,"Noah Vonleh [Red, White, and Blue Pulsar Prizm] #259",$2.66,,,,,,,,,,,,$2.89,,,,,,1,,,,,2014-12-04
136813,Basketball Cards 2014 Panini Prizm,Noah Vonleh [Yellow and Red Mosaic Prizm] #259,$1.05,,,,,,,,,,,,$1.19,,,,,,1,,,,,2014-12-04
190032,Basketball Cards 2014 Panini Prizm,Norris Cole #80,$1.05,,,,,,,,,,,,$1.19,,,,,,1,,,,,2014-12-04
12248062,Basketball Cards 2014 Panini Prizm,Norris Cole [Black Prizm] #80,,,,,,,,,,,,,,,,,,,0,,,,,2014-12-04
12248452,Basketball Cards 2014 Panini Prizm,Norris Cole [Black Pulsar Prizm] #80,,,,,,,,,,,,,,,,,,,0,,,,,2014-12-04
190497,Basketball Cards 2014 Panini Prizm,Norris Cole [Blue Mojo Prizm] #80,$0.99,,,,,,,,,,,,$1.09,,,,,,1,,,,,2014-12-04
190239,Basketball Cards 2014 Panini Prizm,Norris Cole [Blue Prizm] #80,$2.25,,,,,,,,,,,,$2.49,,,,,,1,,,,,2014-12-04
12248878,Basketball Cards 2014 Panini Prizm,Norris Cole [Blue Wave Prizm] #80,,,,,,,,,,,,,,,,,,,0,,,,,2014-12-04
12248735,Basketball Cards 2014 Panini Prizm,Norris Cole [Blue and Green Prizm] #80,,,,,,,,,,,,,,,,,,,0,,,,,2014-12-04
192232,Basketball Cards 2014 Panini Prizm,Norris Cole [Gold Prizm] #80,$12.50,,,,,,,,,,,$3.50,$13.99,,,,,,1,,,,,2014-12-04
12249241,Basketball Cards 2014 Panini Prizm,Norris Cole [Gold Pulsar Prizm] #80,,,,,,,,,,,,,,,,,,,0,,,,,2014-12-04
190730,Basketball Cards 2014 Panini Prizm,Norris Cole [Green Prizm] #80,$1.40,,,,,,,,,,,,$1.49,,,,,,1,,,,,2014-12-04
191463,Basketball Cards 2014 Panini Prizm,Norris Cole [Light Blue Prizm] #80,$2.43,,,,,,,,,,,,$2.69,,,,,,2,,,,,2014-12-04
12249416,Basketball Cards 2014 Panini Prizm,Norris Cole [Orange Die Cut Prizm] #80,$1.99,,,,,,,,,,,,$2.19,,,,,,1,,,,,2014-12-04
192490,Basketball Cards 2014 Panini Prizm,Norris Cole [Prizm] #80,$2.99,,,,,,,,,,,,$3.29,,,,,,1,,,,,2014-12-04
191974,Basketball Cards 2014 Panini Prizm,Norris Cole [Purple Die Cut Prizm] #80,$2.99,,,,,,,,,,,,$3.29,,,,,,2,,,,,2014-12-04
190947,Basketball Cards 2014 Panini Prizm,Norris Cole [Red Prizm] #80,$3.35,,,,,,,,,,,,$3.69,,,,,,1,,,,,2014-12-04
191725,Basketball Cards 2014 Panini Prizm,Norris Cole [Red Pulsar Prizm] #80,$19.99,,,,,,,,,,,$6.60,$21.99,,,,,,1,,,,,2014-12-04
191212,Basketball Cards 2014 Panini Prizm,"Norris Cole [Red, White, and Blue Pulsar Prizm] #80",$0.99,,,,,,,,,,,,$1.09,,,,,,1,,,,,2014-12-04
12249632,Basketball Cards 2014 Panini Prizm,Norris Cole [Yellow and Red Mosaic Prizm] #80,,,,,,,,,,,,,,,,,,,0,,,,,2014-12-04
190040,Basketball Cards 2014 Panini Prizm,O.J. Mayo #90,$1.00,,,,,,,,,,,,$1.09,,,,,,1,,,,,2014-12-04
12248079,Basketball Cards 2014 Panini Prizm,O.J. Mayo [Black Prizm] #90,,,,,,,,,,,,,,,,,,,0,,,,,2014-12-04
12248474,Basketball Cards 2014 Panini Prizm,O.J. Mayo [Black Pulsar Prizm] #90,,,,,,,,,,,,,,,,,,,0,,,,,2014-12-04
136301,Basketball Cards 2014 Panini Prizm,O.J. Mayo [Blue Mojo Prizm] #90,$1.85,,,,,,,,,,,,$1.99,,,,,,1,,,,,2014-12-04
190247,Basketball Cards 2014 Panini Prizm,O.J. Mayo [Blue Prizm] #90,$3.45,,,,,,,,,,,$0.80,$3.79,,,,,,1,,,,,2014-12-04
12248895,Basketball Cards 2014 Panini Prizm,O.J. Mayo [Blue Wave Prizm] #90,,,,,,,,,,,,,,,,,,,0,,,,,2014-12-04
12248752,Basketball Cards 2014 Panini Prizm,O.J. Mayo [Blue and Green Prizm] #90,,,,,,,,,,,,,,,,,,,0,,,,,2014-12-04
192241,Basketball Cards 2014 Panini Prizm,O.J. Mayo [Gold Prizm] #90,$20.00,,,,,,,,,,,$6.60,$21.99,,,,,,1,,,,,2014-12-04
12249268,Basketball Cards 2014 Panini Prizm,O.J. Mayo [Gold Pulsar Prizm] #90,,,,,,,,,,,,,,,,,,,0,,,,,2014-12-04
190738,Basketball Cards 2014 Panini Prizm,O.J. Mayo [Green Prizm] #90,$1.50,,,,,,,,,,,,$1.69,,,,,,1,,,,,2014-12-04
191471,Basketball Cards 2014 Panini Prizm,O.J. Mayo [Light Blue Prizm] #90,$3.95,,,,,,,,,,,$0.90,$4.39,,,,,,1,,,,,2014-12-04
12249432,Basketball Cards 2014 Panini Prizm,O.J. Mayo [Orange Die Cut Prizm] #90,,,,,,,,,,,,,,,,,,,0,,,,,2014-12-04
192497,Basketball Cards 2014 Panini Prizm,O.J. Mayo [Prizm] #90,$2.05,,,,,,,,,,,,$2.29,,,,,,1,,,,,2014-12-04
191981,Basketball Cards 2014 Panini Prizm,O.J. Mayo [Purple Die Cut Prizm] #90,$2.50,,$4.25,,,,,,,,,,$2.79,,,$0.90,$4.69,,3,,,,,2014-12-04
190956,Basketball Cards 2014 Panini Prizm,O.J. Mayo [Red Prizm] #90,$6.29,,,,,,,,,,,$1.40,$6.89,,,,,,1,,,,,2014-12-04
191732,Basketball Cards 2014 Panini Prizm,O.J. Mayo [Red Pulsar Prizm] #90,,,,,,,,,,,,,,,,,,,0,,,,,2014-12-04
191220,Basketball Cards 2014 Panini Prizm,"O.J. Mayo [Red, White, and Blue Pulsar Prizm] #90",$0.25,,,,,,,,,,,,$0.99,,,,,,0,,,,,2014-12-04
12249647,Basketball Cards 2014 Panini Prizm,O.J. Mayo [Yellow and Red Mosaic Prizm] #90,,,,,,,,,,,,,,,,,,,0,,,,,2014-12-04
136572,Basketball Cards 2014 Panini Prizm,Oscar Robertson #187,$1.77,,,,$6.45,$20.99,$27.00,$13.00,$13.00,,,,$1.99,,,,,,12,,,,,2014-12-04
12248225,Basketball Cards 2014 Panini Prizm,Oscar Robertson [Black Prizm] #187,,,,,,,,,,,,,,,,,,,0,,,,,2014-12-04
12248375,Basketball Cards 2014 Panini Prizm,Oscar Robertson [Black Pulsar Prizm] #187,,,,,,,,,,,,,,,,,,,0,,,,,2014-12-04
136573,Basketball Cards 2014 Panini Prizm,Oscar Robertson [Blue Mojo Prizm] #187,$4.91,,,,,,,,,,,$1.10,$5.39,,,,,,1,,,,,2014-12-04
162118,Basketball Cards 2014 Panini Prizm,Oscar Robertson [Blue Prizm] #187,$4.00,,$6.50,,,,,,$24.51,,,$0.90,$4.39,,,$1.40,$7.19,,2,,,,,2014-12-04
12248960,Basketball Cards 2014 Panini Prizm,Oscar Robertson [Blue Wave Prizm] #187,$9.99,,,,,,,,,,,$2.80,$10.99,,,,,,1,,,,,2014-12-04
12248603,Basketball Cards 2014 Panini Prizm,Oscar Robertson [Blue and Green Prizm] #187,,,,,,,,,,,,,,,,,,,0,,,,,2014-12-04
192326,Basketball Cards 2014 Panini Prizm,Oscar Robertson [Gold Prizm] #187,$1.99,,,$383.88,$422.00,$596.96,$776.00,$358.00,$358.00,,,,$2.19,,,,,,3,,,,,2014-12-04
136574,Basketball Cards 2014 Panini Prizm,Oscar Robertson [Gold Pulsar Prizm] #187,,,,$204.55,$225.00,,,,,,,,,,,,,,1,,,,,2014-12-04
162115,Basketball Cards 2014 Panini Prizm,Oscar Robertson [Green Prizm] #187,$3.14,,,$33.00,$34.00,$34.99,$45.00,$21.00,$10.50,,,,$3.49,,,,,,7,,,,,2014-12-04
191561,Basketball Cards 2014 Panini Prizm,Oscar Robertson [Light Blue Prizm] #187,$11.65,,,$17.75,$20.00,,,,,,,$3.30,$12.99,,,,,,2,,,,,2014-12-04
162117,Basketball Cards 2014 Panini Prizm,Oscar Robertson [Orange Die Cut Prizm] #187,$4.94,,,,,$65.00,$85.00,$39.00,$39.00,,,$1.10,$5.39,,,,,,2,,,,,2014-12-04
136575,Basketball Cards 2014 Panini Prizm,Oscar Robertson [Prizm] #187,$6.96,,,,,,,,$36.00,,,$1.50,$7.69,,,,,,2,,,,,2014-12-04
192066,Basketball Cards 2014 Panini Prizm,Oscar Robertson [Purple Die Cut Prizm] #187,$2.82,,,$9.61,$11.00,,,,,,,,$3.09,,,,,,3,,,,,2014-12-04
191045,Basketball Cards 2014 Panini Prizm,Oscar Robertson [Red Prizm] #187,$77.00,,,$10.61,$12.00,,,,,,,$34.00,$84.99,,,,,,2,,,,,2014-12-04
191817,Basketball Cards 2014 Panini Prizm,Oscar Robertson [Red Pulsar Prizm] #187,$9.05,,,,,$61.69,$80.00,$37.00,$37.00,,,$2.00,$9.99,,,,,,2,,,,,2014-12-04
191306,Basketball Cards 2014 Panini Prizm,"Oscar Robertson [Red, White, and Blue Pulsar Prizm] #187",$2.43,,,$16.99,$19.00,$39.99,$52.00,$24.00,$24.00,,,,$2.69,,,,,,4,,,,,2014-12-04
162116,Basketball Cards 2014 Panini Prizm,Oscar Robertson [Yellow and Red Mosaic Prizm] #187,$1.67,,,$8.51,$9.00,,,,,,,,$1.79,,,,,,4,,,,,2014-12-04
190048,Basketball Cards 2014 Panini Prizm,Otto Porter #100,$0.25,,,,,,,,,,,,$0.99,,,,,,0,,,,,2014-12-04
12248095,Basketball Cards 2014 Panini Prizm,Otto Porter [Black Prizm] #100,,,,,,,,,,,,,,,,,,,0,,,,,2014-12-04
12248497,Basketball Cards 2014 Panini Prizm,Otto Porter [Black Pulsar Prizm] #100,,,,,,,,,,,,,,,,,,,0,,,,,2014-12-04
136329,Basketball Cards 2014 Panini Prizm,Otto Porter [Blue Mojo Prizm] #100,$4.25,,,,,,,,,,,$0.90,$4.69,,,,,,1,,,,,2014-12-04
190256,Basketball Cards 2014 Panini Prizm,Otto Porter [Blue Prizm] #100,$2.92,,,,,,,,,,,,$3.19,,,,,,1,,,,,2014-12-04
12248907,Basketball Cards 2014 Panini Prizm,Otto Porter [Blue Wave Prizm] #100,,,,,,,,,,,,,,,,,,,0,,,,,2014-12-04
136327,Basketball Cards 2014 Panini Prizm,Otto Porter [Blue and Green Prizm] #100,$0.99,,,,,,,,,,,,$1.09,,,,,,1,,,,,2014-12-04
192251,Basketball Cards 2014 Panini Prizm,Otto Porter [Gold Prizm] #100,$92.27,,,,,,,,,,,$51.00,$102.00,,,,,,1,,,,,2014-12-04
12249294,Basketball Cards 2014 Panini Prizm,Otto Porter [Gold Pulsar Prizm] #100,,,,,,,,,,,,,,,,,,,0,,,,,2014-12-04
136330,Basketball Cards 2014 Panini Prizm,Otto Porter [Green Prizm] #100,$1.39,,,,,,,,,,,,$1.49,,,,,,1,,,,,2014-12-04
191480,Basketball Cards 2014 Panini Prizm,Otto Porter [Light Blue Prizm] #100,$31.59,,,,,,,,,,,$10.50,$34.99,,,,,,1,,,,,2014-12-04
136331,Basketball Cards 2014 Panini Prizm,Otto Porter [Orange Die Cut Prizm] #100,$2.87,,,,,,,,,,,,$3.19,,,,,,1,,,,,2014-12-04
192505,Basketball Cards 2014 Panini Prizm,Otto Porter [Prizm] #100,$0.25,,,,,,,,,,,,$0.99,,,,,,0,,,,,2014-12-04
191989,Basketball Cards 2014 Panini Prizm,Otto Porter [Purple Die Cut Prizm] #100,$0.26,,,,,,,,,,,,$0.99,,,,,,1,,,,,2014-12-04
190965,Basketball Cards 2014 Panini Prizm,Otto Porter [Red Prizm] #100,$2.99,,,$7.00,$8.00,,,,,,,,$3.29,,,,,,2,,,,,2014-12-04
191740,Basketball Cards 2014 Panini Prizm,Otto Porter [Red Pulsar Prizm] #100,$3.52,,,,,,,,,,,$0.80,$3.89,,,,,,1,,,,,2014-12-04
191229,Basketball Cards 2014 Panini Prizm,"Otto Porter [Red, White, and Blue Pulsar Prizm] #100",$0.99,,,,,,,,,,,,$1.09,,,,,,1,,,,,2014-12-04
12249661,Basketball Cards 2014 Panini Prizm,Otto Porter [Yellow and Red Mosaic Prizm] #100,,,,,,,,,,,,,,,,,,,0,,,,,2014-12-04
190156,Basketball Cards 2014 Panini Prizm,P.J. Hairston #272,$1.44,,,$0.99,$1.00,,,,,,,,$1.59,,,,,,3,,,,,2014-12-04
12248203,Basketball Cards 2014 Panini Prizm,P.J. Hairston [Black Prizm] #272,,,,,,,,,,,,,,,,,,,0,,,,,2014-12-04
12248529,Basketball Cards 2014 Panini Prizm,P.J. Hairston [Black Pulsar Prizm] #272,,,,,,,,,,,,,,,,,,,0,,,,,2014-12-04
190638,Basketball Cards 2014 Panini Prizm,P.J. Hairston [Blue Mojo Prizm] #272,$6.44,,,,,,,,,,,$1.40,$7.09,,,,,,1,,,,,2014-12-04
190402,Basketball Cards 2014 Panini Prizm,P.J. Hairston [Blue Prizm] #272,$1.79,,,,,$26.99,$35.00,$16.00,$16.00,,,,$1.99,,,,,,2,,,,,2014-12-04
12249029,Basketball Cards 2014 Panini Prizm,P.J. Hairston [Blue Wave Prizm] #272,,,,,,,,,,,,,,,,,,,0,,,,,2014-12-04
12248707,Basketball Cards 2014 Panini Prizm,P.J. Hairston [Blue and Green Prizm] #272,$1.99,,,,,,,,,,,,$2.19,,,,,,1,,,,,2014-12-04
192398,Basketball Cards 2014 Panini Prizm,P.J. Hairston [Gold Prizm] #272,,,,,,,,,,,,,,,,,,,0,,,,,2014-12-04
12249258,Basketball Cards 2014 Panini Prizm,P.J. Hairston [Gold Pulsar Prizm] #272,,,,,,,,,,,,,,,,,,,0,,,,,2014-12-04
190860,Basketball Cards 2014 Panini Prizm,P.J. Hairston [Green Prizm] #272,$1.00,,,,,,,,,,,,$1.09,,,,,,1,,,,,2014-12-04
191628,Basketball Cards 2014 Panini Prizm,P.J. Hairston [Light Blue Prizm] #272,$4.28,,,,,,,,,,,$0.90,$4.69,,,,,,1,,,,,2014-12-04
12249533,Basketball Cards 2014 Panini Prizm,P.J. Hairston [Orange Die Cut Prizm] #272,,,,,,,,,,,,,,,,,,,0,,,,,2014-12-04
192628,Basketball Cards 2014 Panini Prizm,P.J. Hairston [Prizm] #272,$4.88,,,,,,,,,,,$1.10,$5.39,,,,,,1,,,,,2014-12-04
192140,Basketball Cards 2014 Panini Prizm,P.J. Hairston [Purple Die Cut Prizm] #272,$2.75,,,,,,,,,,,,$2.99,,,,,,1,,,,,2014-12-04
191119,Basketball Cards 2014 Panini Prizm,P.J. Hairston [Red Prizm] #272,$1.23,,,,,,,,,,,,$1.39,,,,,,1,,,,,2014-12-04
191881,Basketball Cards 2014 Panini Prizm,P.J. Hairston [Red Pulsar Prizm] #272,$2.00,,,,,$33.60,$44.00,$20.00,$20.00,,,,$2.19,,,,,,2,,,,,2014-12-04
191372,Basketball Cards 2014 Panini Prizm,"P.J. Hairston [Red, White, and Blue Pulsar Prizm] #272",$2.49,,,,,,,,,,,,$2.69,,,,,,1,,,,,2014-12-04
12249775,Basketball Cards 2014 Panini Prizm,P.J. Hairston [Yellow and Red Mosaic Prizm] #272,$1.50,,,,,,,,,,,,$1.69,,,,,,1,,,,,2014-12-04
190163,Basketball Cards 2014 Panini Prizm,Patric Young #290,$1.49,,,,,$43.94,$57.00,$26.00,$26.00,,,,$1.59,,,,,,3,,,,,2014-12-04
12248228,Basketball Cards 2014 Panini Prizm,Patric Young [Black Prizm] #290,,,,,,,,,,,,,,,,,,,0,,,,,2014-12-04
12248548,Basketball Cards 2014 Panini Prizm,Patric Young [Black Pulsar Prizm] #290,,,,,,,,,,,,,,,,,,,0,,,,,2014-12-04
190654,Basketball Cards 2014 Panini Prizm,Patric Young [Blue Mojo Prizm] #290,$2.31,,,,,,,,,,,,$2.49,,,,,,1,,,,,2014-12-04
190416,Basketball Cards 2014 Panini Prizm,Patric Young [Blue Prizm] #290,$1.50,,,,,,,,,,,,$1.69,,,,,,1,,,,,2014-12-04
12249046,Basketball Cards 2014 Panini Prizm,Patric Young [Blue Wave Prizm] #290,,,,,,,,,,,,,,,,,,,0,,,,,2014-12-04
12248739,Basketball Cards 2014 Panini Prizm,Patric Young [Blue and Green Prizm] #290,,,,,,,,,,,,,,,,,,,0,,,,,2014-12-04
192412,Basketball Cards 2014 Panini Prizm,Patric Young [Gold Prizm] #290,$25.00,,,,,,,,,,,$8.40,$27.99,,,,,,1,,,,,2014-12-04
12249279,Basketball Cards 2014 Panini Prizm,Patric Young [Gold Pulsar Prizm] #290,,,,,,,,,,,,,,,,,,,0,,,,,2014-12-04
190869,Basketball Cards 2014 Panini Prizm,Patric Young [Green Prizm] #290,$1.67,,,,,,,,,,,,$1.79,,,,,,1,,,,,2014-12-04
191644,Basketball Cards 2014 Panini Prizm,Patric Young [Light Blue Prizm] #290,$5.14,,,,,,,,,,,$1.10,$5.69,,,,,,1,,,,,2014-12-04
12249547,Basketball Cards 2014 Panini Prizm,Patric Young [Orange Die Cut Prizm] #290,,,,,,,,,,,,,,,,,,,0,,,,,2014-12-04
192634,Basketball Cards 2014 Panini Prizm,Patric Young [Prizm] #290,$1.79,,,,,,,,,,,,$1.99,,,,,,1,,,,,2014-12-04
192156,Basketball Cards 2014 Panini Prizm,Patric Young [Purple Die Cut Prizm] #290,$3.90,,,,,,,,,,,$0.90,$4.29,,,,,,1,,,,,2014-12-04
191133,Basketball Cards 2014 Panini Prizm,Patric Young [Red Prizm] #290,$1.61,,,,,,,,,,,,$1.79,,,,,,1,,,,,2014-12-04
191897,Basketball Cards 2014 Panini Prizm,Patric Young [Red Pulsar Prizm] #290,,,,,,,,,,,,,,,,,,,0,,,,,2014-12-04
191385,Basketball Cards 2014 Panini Prizm,"Patric Young [Red, White, and Blue Pulsar Prizm] #290",$2.01,,,,,,,,,,,,$2.19,,,,,,1,,,,,2014-12-04
12249749,Basketball Cards 2014 Panini Prizm,Patric Young [Yellow and Red Mosaic Prizm] #290,,,,,,,,,,,,,,,,,,,0,,,,,2014-12-04
190113,Basketball Cards 2014 Panini Prizm,Patrick Ewing #196,$1.93,,,,,$19.99,$26.00,$12.00,$12.00,,,,$2.09,,,,,,6,,,,,2014-12-04
12248246,Basketball Cards 2014 Panini Prizm,Patrick Ewing [Black Prizm] #196,,,,,,,,,,,,,,,,,,,0,,,,,2014-12-04
12248393,Basketball Cards 2014 Panini Prizm,Patrick Ewing [Black Pulsar Prizm] #196,,,,,,,,,,,,,,,,,,,0,,,,,2014-12-04
136593,Basketball Cards 2014 Panini Prizm,Patrick Ewing [Blue Mojo Prizm] #196,$4.99,,,,,,,,,,,$1.10,$5.49,,,,,,3,,,,,2014-12-04
136594,Basketball Cards 2014 Panini Prizm,Patrick Ewing [Blue Prizm] #196,$9.38,,$9.90,$11.00,$12.00,,,,,,,$2.00,$9.99,,,$2.80,$10.99,,5,,,,,2014-12-04
12248974,Basketball Cards 2014 Panini Prizm,Patrick Ewing [Blue Wave Prizm] #196,,,,,,,,,,,,,,,,,,,0,,,,,2014-12-04
136592,Basketball Cards 2014 Panini Prizm,Patrick Ewing [Blue and Green Prizm] #196,$1.95,,,,,$29.99,$39.00,$18.00,$18.00,,,,$2.19,,,,,,5,,,,,2014-12-04
192334,Basketball Cards 2014 Panini Prizm,Patrick Ewing [Gold Prizm] #196,,,,,$174.39,,,,,,,,,,,,,,1,,,,,2014-12-04
12249144,Basketball Cards 2014 Panini Prizm,Patrick Ewing [Gold Pulsar Prizm] #196,,,,,,,,,,,,,,,,,,,0,,,,,2014-12-04
136595,Basketball Cards 2014 Panini Prizm,Patrick Ewing [Green Prizm] #196,$3.92,,,,,,,,,,,$0.90,$4.29,,,,,,2,,,,,2014-12-04
191569,Basketball Cards 2014 Panini Prizm,Patrick Ewing [Light Blue Prizm] #196,$35.95,,$29.99,,,,,,,,,$16.00,$39.99,,,$9.90,$32.99,,2,,,,,2014-12-04
136596,Basketball Cards 2014 Panini Prizm,Patrick Ewing [Orange Die Cut Prizm] #196,$13.20,,,$15.50,$17.00,$60.00,$78.00,$36.00,$36.00,,,$3.80,$14.99,,,,,,4,,,,,2014-12-04
192582,Basketball Cards 2014 Panini Prizm,Patrick Ewing [Prizm] #196,$4.50,,,$5.00,$6.00,$44.99,$58.00,$27.00,$27.00,,,$1.00,$4.99,,,,,,4,,,,,2014-12-04
192075,Basketball Cards 2014 Panini Prizm,Patrick Ewing [Purple Die Cut Prizm] #196,$6.50,,,$9.99,$11.00,,,,,,,$1.40,$7.19,,,,,,3,,,,,2014-12-04
191053,Basketball Cards 2014 Panini Prizm,Patrick Ewing [Red Prizm] #196,$29.99,,,,,,,,,,,$9.90,$32.99,,,,,,1,,,,,2014-12-04
191826,Basketball Cards 2014 Panini Prizm,Patrick Ewing [Red Pulsar Prizm] #196,$16.50,,,$26.36,$29.00,,,,,,,$4.50,$17.99,,,,,,2,,,,,2014-12-04
136597,Basketball Cards 2014 Panini Prizm,"Patrick Ewing [Red, White, and Blue Pulsar Prizm] #196",$4.07,,,,,,,,,,,$0.90,$4.49,,,,,,3,,,,,2014-12-04
136598,Basketball Cards 2014 Panini Prizm,Patrick Ewing [Yellow and Red Mosaic Prizm] #196,$1.99,,,,,$39.99,$52.00,$24.00,$24.00,,,,$2.19,,,,,,4,,,,,2014-12-04
190054,Basketball Cards 2014 Panini Prizm,Pau Gasol #110,$1.47,,,,,,,,,,,,$1.59,,,,,,3,,,,,2014-12-04
12248025,Basketball Cards 2014 Panini Prizm,Pau Gasol [Black Prizm] #110,,,,,,,,,,,,,,,,,,,0,,,,,2014-12-04
12248269,Basketball Cards 2014 Panini Prizm,Pau Gasol [Black Pulsar Prizm] #110,,,,,,,,,,,,,,,,,,,0,,,,,2014-12-04
136353,Basketball Cards 2014 Panini Prizm,Pau Gasol [Blue Mojo Prizm] #110,$5.74,,,,,,,,,,,$1.30,$6.29,,,,,,2,,,,,2014-12-04
190265,Basketball Cards 2014 Panini Prizm,Pau Gasol [Blue Prizm] #110,$4.19,,,,,$34.00,$44.00,$20.00,$20.00,,,$0.90,$4.59,,,,,,2,,,,,2014-12-04
12248929,Basketball Cards 2014 Panini Prizm,Pau Gasol [Blue Wave Prizm] #110,,,,,,,,,,,,,,,,,,,0,,,,,2014-12-04
136352,Basketball Cards 2014 Panini Prizm,Pau Gasol [Blue and Green Prizm] #110,$2.50,,,,,$10.50,$14.00,$6.00,$6.00,,,,$2.79,,,,,,3,,,,,2014-12-04
192258,Basketball Cards 2014 Panini Prizm,Pau Gasol [Gold Prizm] #110,,,,,,$228.50,$297.00,$137.00,$137.00,,,,,,,,,,1,,,,,2014-12-04
12249300,Basketball Cards 2014 Panini Prizm,Pau Gasol [Gold Pulsar Prizm] #110,,,,,,,,,,,,,,,,,,,0,,,,,2014-12-04
190753,Basketball Cards 2014 Panini Prizm,Pau Gasol [Green Prizm] #110,$1.00,,,,,$49.95,$65.00,$30.00,$30.00,,,,$1.09,,,,,,3,,,,,2014-12-04
191489,Basketball Cards 2014 Panini Prizm,Pau Gasol [Light Blue Prizm] #110,$19.99,,,,,,,,,,,$6.60,$21.99,,,,,,1,,,,,2014-12-04
12249467,Basketball Cards 2014 Panini Prizm,Pau Gasol [Orange Die Cut Prizm] #110,,,,,,,,,,,,,,,,,,,0,,,,,2014-12-04
192512,Basketball Cards 2014 Panini Prizm,Pau Gasol [Prizm] #110,$3.00,,,$10.50,$12.00,,,,,,,,$3.29,,,,,,2,,,,,2014-12-04
191996,Basketball Cards 2014 Panini Prizm,Pau Gasol [Purple Die Cut Prizm] #110,$6.52,,,,,,,,,,,$1.40,$7.19,,,,,,2,,,,,2014-12-04
190973,Basketball Cards 2014 Panini Prizm,Pau Gasol [Red Prizm] #110,$3.60,,,,,,,,,,,$0.80,$3.99,,,,,,2,,,,,2014-12-04
191749,Basketball Cards 2014 Panini Prizm,Pau Gasol [Red Pulsar Prizm] #110,$16.00,,,,,,,,,,,$4.50,$17.99,,,,,,1,,,,,2014-12-04
191237,Basketball Cards 2014 Panini Prizm,"Pau Gasol [Red, White, and Blue Pulsar Prizm] #110",$0.99,,,,,,,,,,,,$1.09,,,,,,1,,,,,2014-12-04
12249674,Basketball Cards 2014 Panini Prizm,Pau Gasol [Yellow and Red Mosaic Prizm] #110,,,,,,,,,,,,,,,,,,,0,,,,,2014-12-04
136378,Basketball Cards 2014 Panini Prizm,Paul George #120,$1.00,,$5.82,$9.50,$17.00,$17.75,$23.00,$11.00,$11.00,,,,$1.09,,,$1.30,$6.39,,7,,,,,2014-12-04
12248048,Basketball Cards 2014 Panini Prizm,Paul George [Black Prizm] #120,,,,,,,,,,,,,,,,,,,0,,,,,2014-12-04
12248279,Basketball Cards 2014 Panini Prizm,Paul George [Black Pulsar Prizm] #120,,,,,,,,,,,,,,,,,,,0,,,,,2014-12-04
136380,Basketball Cards 2014 Panini Prizm,Paul George [Blue Mojo Prizm] #120,$8.54,,,$10.00,$11.00,,,,,,,$1.90,$9.39,,,,,,2,,,,,2014-12-04
136381,Basketball Cards 2014 Panini Prizm,Paul George [Blue Prizm] #120,$17.50,,,$25.00,$28.00,$41.00,$53.00,$25.00,$25.00,,,$4.80,$18.99,,,,,,3,,,,,2014-12-04
12248852,Basketball Cards 2014 Panini Prizm,Paul George [Blue Wave Prizm] #120,,,,,,,,,,,,,,,,,,,0,,,,,2014-12-04
136379,Basketball Cards 2014 Panini Prizm,Paul George [Blue and Green Prizm] #120,$3.09,,$4.01,$25.00,$28.00,$99.99,$130.00,$60.00,$60.00,,,,$3.39,,,$0.90,$4.39,,6,,,,,2014-12-04
136382,Basketball Cards 2014 Panini Prizm,Paul George [Gold Prizm] #120,$218.50,,,,,$1390.21,$1807.00,$834.00,$834.00,,,$120.00,$240.00,,,,,,2,,,,,2014-12-04
12249059,Basketball Cards 2014 Panini Prizm,Paul George [Gold Pulsar Prizm] #120,,,,$179.50,$197.00,,,,,,,,,,,,,,1,,,,,2014-12-04
136383,Basketball Cards 2014 Panini Prizm,Paul George [Green Prizm] #120,$2.23,,,,,$31.75,$41.00,$19.00,$19.00,,,,$2.49,,,,,,4,,,,,2014-12-04
136384,Basketball Cards 2014 Panini Prizm,Paul George [Light Blue Prizm] #120,$25.96,,,,,$227.50,$296.00,$137.00,$137.00,,,$8.70,$28.99,,,,,,2,,,,,2014-12-04
136385,Basketball Cards 2014 Panini Prizm,Paul George [Orange Die Cut Prizm] #120,$6.62,,,$50.00,$55.00,$79.99,$104.00,$48.00,$48.00,,,$1.50,$7.29,,,,,,3,,,,,2014-12-04
136386,Basketball Cards 2014 Panini Prizm,Paul George [Prizm] #120,$4.13,,,$19.56,$22.00,,,,,,,$0.90,$4.49,,,,,,4,,,,,2014-12-04
136387,Basketball Cards 2014 Panini Prizm,Paul George [Purple Die Cut Prizm] #120,$10.03,,,$4.69,$5.00,$28.89,$38.00,$17.00,$17.00,,,$2.80,$10.99,,,,,,6,,,,,2014-12-04
190982,Basketball Cards 2014 Panini Prizm,Paul George [Red Prizm] #120,,,,$26.61,$29.00,,,,,,,,,,,,,,1,,,,,2014-12-04
136388,Basketball Cards 2014 Panini Prizm,Paul George [Red Pulsar Prizm] #120,$0.77,,,$86.00,$95.00,,,,,,,,$0.99,,,,,,2,,,,,2014-12-04
136389,Basketball Cards 2014 Panini Prizm,"Paul George [Red, White, and Blue Pulsar Prizm] #120",$4.00,,$3.25,,,$42.00,$55.00,$25.00,$25.00,,,$0.90,$4.39,,,,$3.59,,6,,,,,2014-12-04
136390,Basketball Cards 2014 Panini Prizm,Paul George [Yellow and Red Mosaic Prizm] #120,$2.99,,,$19.90,$22.00,$44.95,$58.00,$27.00,$27.00,,,,$3.29,,,,,,4,,,,,2014-12-04
190069,Basketball Cards 2014 Panini Prizm,Paul Millsap #130,$1.49,,,,,,,,,,,,$1.59,,,,,,1,,,,,2014-12-04
12248070,Basketball Cards 2014 Panini Prizm,Paul Millsap [Black Prizm] #130,,,,,,,,,,,,,,,,,,,0,,,,,2014-12-04
12248289,Basketball Cards 2014 Panini Prizm,Paul Millsap [Black Pulsar Prizm] #130,,,,,,,,,,,,,,,,,,,0,,,,,2014-12-04
190530,Basketball Cards 2014 Panini Prizm,Paul Millsap [Blue Mojo Prizm] #130,$3.99,,,,,,,,,,,$0.90,$4.39,,,,,,1,,,,,2014-12-04
190283,Basketball Cards 2014 Panini Prizm,Paul Millsap [Blue Prizm] #130,$2.08,,,,,,,,,,,,$2.29,,,,,,1,,,,,2014-12-04
12248871,Basketball Cards 2014 Panini Prizm,Paul Millsap [Blue Wave Prizm] #130,,,,,,,,,,,,,,,,,,,0,,,,,2014-12-04
136428,Basketball Cards 2014 Panini Prizm,Paul Millsap [Blue and Green Prizm] #130,$1.49,,,,,,,,,,,,$1.59,,,,,,1,,,,,2014-12-04
192275,Basketball Cards 2014 Panini Prizm,Paul Millsap [Gold Prizm] #130,$89.00,,,$65.00,$72.00,$300.00,$390.00,$180.00,$180.00,,,$39.20,$97.99,,,,,,3,,,,,2014-12-04
12249066,Basketball Cards 2014 Panini Prizm,Paul Millsap [Gold Pulsar Prizm] #130,,,,,,,,,,,,,,,,,,,0,,,,,2014-12-04
190769,Basketball Cards 2014 Panini Prizm,Paul Millsap [Green Prizm] #130,$2.42,,,,,,,,,,,,$2.69,,,,,,1,,,,,2014-12-04
191507,Basketball Cards 2014 Panini Prizm,Paul Millsap [Light Blue Prizm] #130,$3.11,,,,,,,,,,,,$3.39,,,,,,1,,,,,2014-12-04
12249365,Basketball Cards 2014 Panini Prizm,Paul Millsap [Orange Die Cut Prizm] #130,,,,,,,,,,,,,,,,,,,0,,,,,2014-12-04
192528,Basketball Cards 2014 Panini Prizm,Paul Millsap [Prizm] #130,$2.62,,,,,,,,,,,,$2.89,,,,,,1,,,,,2014-12-04
192013,Basketball Cards 2014 Panini Prizm,Paul Millsap [Purple Die Cut Prizm] #130,$1.50,,,,,,,,,,,,$1.69,,,,,,2,,,,,2014-12-04
190992,Basketball Cards 2014 Panini Prizm,Paul Millsap [Red Prizm] #130,$3.99,,,,,,,,,,,$0.90,$4.39,,,,,,1,,,,,2014-12-04
191766,Basketball Cards 2014 Panini Prizm,Paul Millsap [Red Pulsar Prizm] #130,$0.99,,,,,,,,,,,,$1.09,,,,,,1,,,,,2014-12-04
191254,Basketball Cards 2014 Panini Prizm,"Paul Millsap [Red, White, and Blue Pulsar Prizm] #130",$0.25,,,,,,,,,,,,$0.99,,,,,,0,,,,,2014-12-04
136429,Basketball Cards 2014 Panini Prizm,Paul Millsap [Yellow and Red Mosaic Prizm] #130,$1.40,,,,,,,,,,,,$1.49,,,,,,1,,,,,2014-12-04
190077,Basketball Cards 2014 Panini Prizm,Paul Pierce #140,$1.89,,,$3.75,$4.00,$15.49,$20.00,$9.00,$9.00,,,,$2.09,,,,,,16,,,,,2014-12-04
12248096,Basketball Cards 2014 Panini Prizm,Paul Pierce [Black Prizm] #140,,,,,,,,,,,,,,,,,,,0,,,,,2014-12-04
12248299,Basketball Cards 2014 Panini Prizm,Paul Pierce [Black Pulsar Prizm] #140,,,,,,,,,,,,,,,,,,,0,,,,,2014-12-04
190538,Basketball Cards 2014 Panini Prizm,Paul Pierce [Blue Mojo Prizm] #140,$2.95,,,,,,,,,,,,$3.29,,,,,,1,,,,,2014-12-04
136462,Basketball Cards 2014 Panini Prizm,Paul Pierce [Blue Prizm] #140,$1.30,,,$5.50,$6.00,$17.50,$23.00,$11.00,$11.00,,,,$1.39,,,,,,3,,,,,2014-12-04
12248891,Basketball Cards 2014 Panini Prizm,Paul Pierce [Blue Wave Prizm] #140,$1.10,,,,,,,,,,,,$1.19,,,,,,1,,,,,2014-12-04
12248567,Basketball Cards 2014 Panini Prizm,Paul Pierce [Blue and Green Prizm] #140,,,,,,,,,,,,,,,,,,,0,,,,,2014-12-04
192284,Basketball Cards 2014 Panini Prizm,Paul Pierce [Gold Prizm] #140,$0.25,,,$157.50,$173.00,,,,,,,,$0.99,,,,,,1,,,,,2014-12-04
12249073,Basketball Cards 2014 Panini Prizm,Paul Pierce [Gold Pulsar Prizm] #140,,,,,,,,,,,,,,,,,,,0,,,,,2014-12-04
136461,Basketball Cards 2014 Panini Prizm,Paul Pierce [Green Prizm] #140,$0.99,,,$7.50,$24.00,$24.47,$32.00,$15.00,$15.00,,,,$1.09,,,,,,6,,,,,2014-12-04
136463,Basketball Cards 2014 Panini Prizm,Paul Pierce [Light Blue Prizm] #140,$2.50,,,,,,,,,,,,$2.79,,,,,,1,,,,,2014-12-04
12249380,Basketball Cards 2014 Panini Prizm,Paul Pierce [Orange Die Cut Prizm] #140,$1.00,,,,,,,,,,,,$1.09,,,,,,1,,,,,2014-12-04
192536,Basketball Cards 2014 Panini Prizm,Paul Pierce [Prizm] #140,$4.01,,,,,,,,,,,$0.90,$4.39,,,,,,1,,,,,2014-12-04
192022,Basketball Cards 2014 Panini Prizm,Paul Pierce [Purple Die Cut Prizm] #140,$3.99,,,,,,,,,,,$0.90,$4.39,,,,,,2,,,,,2014-12-04
191000,Basketball Cards 2014 Panini Prizm,Paul Pierce [Red Prizm] #140,$6.50,,,,,,,,,,,$1.40,$7.19,,,,,,1,,,,,2014-12-04
191775,Basketball Cards 2014 Panini Prizm,Paul Pierce [Red Pulsar Prizm] #140,$16.30,,,$26.00,$29.00,$56.00,$73.00,$34.00,$34.00,,,$4.50,$17.99,,,,,,3,,,,,2014-12-04
191262,Basketball Cards 2014 Panini Prizm,"Paul Pierce [Red, White, and Blue Pulsar Prizm] #140",$1.50,,,$20.51,$23.00,$44.75,$58.00,$27.00,$27.00,,,,$1.69,,,,,,7,,,,,2014-12-04
136464,Basketball Cards 2014 Panini Prizm,Paul Pierce [Yellow and Red Mosaic Prizm] #140,$1.69,,,$13.58,$15.00,,,,,,,,$1.89,,,,,,3,,,,,2014-12-04
190120,Basketball Cards 2014 Panini Prizm,Paul Silas #206,$0.43,,,,,,,,,,,,$0.99,,,,,,2,,,,,2014-12-04
12248101,Basketball Cards 2014 Panini Prizm,Paul Silas [Black Prizm] #206,,,,,,,,,,,,,,,,,,,0,,,,,2014-12-04
12248433,Basketball Cards 2014 Panini Prizm,Paul Silas [Black Pulsar Prizm] #206,,,,,,,,,,,,,,,,,,,0,,,,,2014-12-04
190585,Basketball Cards 2014 Panini Prizm,Paul Silas [Blue Mojo Prizm] #206,$3.33,,,,,,,,,,,,$3.69,,,,,,1,,,,,2014-12-04
190349,Basketball Cards 2014 Panini Prizm,Paul Silas [Blue Prizm] #206,$4.15,,,,,,,,,,,$0.90,$4.59,,,,,,2,,,,,2014-12-04
12248991,Basketball Cards 2014 Panini Prizm,Paul Silas [Blue Wave Prizm] #206,,,,,,,,,,,,,,,,,,,0,,,,,2014-12-04
12248619,Basketball Cards 2014 Panini Prizm,Paul Silas [Blue and Green Prizm] #206,,,,,,,,,,,,,,,,,,,0,,,,,2014-12-04
192343,Basketball Cards 2014 Panini Prizm,Paul Silas [Gold Prizm] #206,$179.00,,,,,$315.00,$410.00,$189.00,$189.00,,,$98.50,$197.00,,,,,,1,,,,,2014-12-04
12249162,Basketball Cards 2014 Panini Prizm,Paul Silas [Gold Pulsar Prizm] #206,,,,,,,,,,,,,,,,,,,0,,,,,2014-12-04
136612,Basketball Cards 2014 Panini Prizm,Paul Silas [Green Prizm] #206,$2.89,,,,,,,,,,,,$3.19,,,,,,3,,,,,2014-12-04
191579,Basketball Cards 2014 Panini Prizm,Paul Silas [Light Blue Prizm] #206,$6.21,,,,,,,,,,,$1.40,$6.79,,,,,,1,,,,,2014-12-04
12249480,Basketball Cards 2014 Panini Prizm,Paul Silas [Orange Die Cut Prizm] #206,$5.00,,,,,,,,,,,$1.10,$5.49,,,,,,1,,,,,2014-12-04
192591,Basketball Cards 2014 Panini Prizm,Paul Silas [Prizm] #206,$0.25,,,,,,,,,,,,$0.99,,,,,,0,,,,,2014-12-04
192085,Basketball Cards 2014 Panini Prizm,Paul Silas [Purple Die Cut Prizm] #206,$4.79,,,,,,,,,,,$1.10,$5.29,,,,,,2,,,,,2014-12-04
191063,Basketball Cards 2014 Panini Prizm,Paul Silas [Red Prizm] #206,$1.75,,,,,,,,,,,,$1.89,,,,,,1,,,,,2014-12-04
191835,Basketball Cards 2014 Panini Prizm,Paul Silas [Red Pulsar Prizm] #206,$7.00,,,,,,,,,,,$1.50,$7.69,,,,,,1,,,,,2014-12-04
191324,Basketball Cards 2014 Panini Prizm,"Paul Silas [Red, White, and Blue Pulsar Prizm] #206",$2.21,,,,,,,,,,,,$2.39,,,,,,1,,,,,2014-12-04
12249715,Basketball Cards 2014 Panini Prizm,Paul Silas [Yellow and Red Mosaic Prizm] #206,,,,,,,,,,,,,,,,,,,0,,,,,2014-12-04
190127,Basketball Cards 2014 Panini Prizm,Peja Stojakovic #216,$1.49,,,,,,,,,,,,$1.59,,,,,,1,,,,,2014-12-04
12248121,Basketball Cards 2014 Panini Prizm,Peja Stojakovic [Black Prizm] #216,,,,,,,,,,,,,,,,,,,0,,,,,2014-12-04
12248453,Basketball Cards 2014 Panini Prizm,Peja Stojakovic [Black Pulsar Prizm] #216,,,,,,,,,,,,,,,,,,,0,,,,,2014-12-04
190594,Basketball Cards 2014 Panini Prizm,Peja Stojakovic [Blue Mojo Prizm] #216,$5.22,,,,,,,,,,,$1.10,$5.69,,,,,,1,,,,,2014-12-04
190358,Basketball Cards 2014 Panini Prizm,Peja Stojakovic [Blue Prizm] #216,$5.74,,,,,,,,,,,$1.30,$6.29,,,,,,3,,,,,2014-12-04
12248947,Basketball Cards 2014 Panini Prizm,Peja Stojakovic [Blue Wave Prizm] #216,,,,,,,,,,,,,,,,,,,0,,,,,2014-12-04
12248627,Basketball Cards 2014 Panini Prizm,Peja Stojakovic [Blue and Green Prizm] #216,$2.99,,,,,,,,,,,,$3.29,,,,,,1,,,,,2014-12-04
192352,Basketball Cards 2014 Panini Prizm,Peja Stojakovic [Gold Prizm] #216,$550.00,,,,,,,,,,,$363.00,$605.00,,,,,,2,,,,,2014-12-04
12249173,Basketball Cards 2014 Panini Prizm,Peja Stojakovic [Gold Pulsar Prizm] #216,,,,,,,,,,,,,,,,,,,0,,,,,2014-12-04
190831,Basketball Cards 2014 Panini Prizm,Peja Stojakovic [Green Prizm] #216,$1.75,,,$6.56,$7.00,,,,,,,,$1.89,,,,,,2,,,,,2014-12-04
191589,Basketball Cards 2014 Panini Prizm,Peja Stojakovic [Light Blue Prizm] #216,$1.25,,,,,,,,,,,,$1.39,,,,,,1,,,,,2014-12-04
12249489,Basketball Cards 2014 Panini Prizm,Peja Stojakovic [Orange Die Cut Prizm] #216,,,,,,,,,,,,,,,,,,,0,,,,,2014-12-04
192600,Basketball Cards 2014 Panini Prizm,Peja Stojakovic [Prizm] #216,$3.49,,,,,,,,,,,$0.80,$3.79,,,,,,1,,,,,2014-12-04
192095,Basketball Cards 2014 Panini Prizm,Peja Stojakovic [Purple Die Cut Prizm] #216,$2.01,,,,,,,,,,,,$2.19,,,,,,1,,,,,2014-12-04
191073,Basketball Cards 2014 Panini Prizm,Peja Stojakovic [Red Prizm] #216,$2.74,,,,,,,,,,,,$2.99,,,,,,1,,,,,2014-12-04
191841,Basketball Cards 2014 Panini Prizm,Peja Stojakovic [Red Pulsar Prizm] #216,$9.99,,,,,$80.18,$104.00,$48.00,$48.00,,,$2.80,$10.99,,,,,,2,,,,,2014-12-04
191334,Basketball Cards 2014 Panini Prizm,"Peja Stojakovic [Red, White, and Blue Pulsar Prizm] #216",$0.99,,,,,,,,,,,,$1.09,,,,,,1,,,,,2014-12-04
12249727,Basketball Cards 2014 Panini Prizm,Peja Stojakovic [Yellow and Red Mosaic Prizm] #216,,,,,,,,,,,,,,,,,,,0,,,,,2014-12-04
136662,Basketball Cards 2014 Panini Prizm,Pete Maravich #226,$1.73,,$6.43,$10.00,$22.44,$30.95,$40.00,$19.00,$19.00,,,,$1.89,,,$1.40,$7.09,,12,,,,,2014-12-04
12248135,Basketball Cards 2014 Panini Prizm,Pete Maravich [Black Prizm] #226,,,,,,,,,,,,,,,,,,,0,,,,,2014-12-04
12248472,Basketball Cards 2014 Panini Prizm,Pete Maravich [Black Pulsar Prizm] #226,,,,,,,,,,,,,,,,,,,0,,,,,2014-12-04
136664,Basketball Cards 2014 Panini Prizm,Pete Maravich [Blue Mojo Prizm] #226,$8.62,,,$32.95,$36.00,$44.99,$58.00,$27.00,$27.00,,,$1.90,$9.49,,,,,,4,,,,,2014-12-04
190368,Basketball Cards 2014 Panini Prizm,Pete Maravich [Blue Prizm] #226,$6.50,,,$18.01,$20.00,$125.44,$163.00,$75.00,$75.00,,,$1.40,$7.19,,,,,,3,,,,,2014-12-04
12248977,Basketball Cards 2014 Panini Prizm,Pete Maravich [Blue Wave Prizm] #226,$8.99,,,,,,,,,,,$2.00,$9.89,,,,,,1,,,,,2014-12-04
136663,Basketball Cards 2014 Panini Prizm,Pete Maravich [Blue and Green Prizm] #226,$6.56,,,$19.95,$22.00,$44.99,$58.00,$27.00,$27.00,,,$1.40,$7.19,,,,,,5,,,,,2014-12-04
136665,Basketball Cards 2014 Panini Prizm,Pete Maravich [Gold Prizm] #226,$8.18,,,,,$375.00,$488.00,$225.00,$225.00,,,$1.80,$8.99,,,,,,2,,,,,2014-12-04
12249187,Basketball Cards 2014 Panini Prizm,Pete Maravich [Gold Pulsar Prizm] #226,,,,,,,,,,,,,,,,,,,0,,,,,2014-12-04
136666,Basketball Cards 2014 Panini Prizm,Pete Maravich [Green Prizm] #226,$3.99,,,$27.51,$30.00,$99.99,$130.00,$60.00,$60.00,,,$0.90,$4.39,,,,,,5,,,,,2014-12-04
191597,Basketball Cards 2014 Panini Prizm,Pete Maravich [Light Blue Prizm] #226,$34.99,,,,,,,,,,,$15.20,$37.99,,,,,,1,,,,,2014-12-04
136667,Basketball Cards 2014 Panini Prizm,Pete Maravich [Orange Die Cut Prizm] #226,$12.25,,,$20.00,$22.00,$38.50,$50.00,$23.00,$23.00,,,$3.30,$12.99,,,,,,3,,,,,2014-12-04
192609,Basketball Cards 2014 Panini Prizm,Pete Maravich [Prizm] #226,$4.25,,,,,$40.00,$52.00,$24.00,$24.00,,,$0.90,$4.69,,,,,,3,,,,,2014-12-04
192105,Basketball Cards 2014 Panini Prizm,Pete Maravich [Purple Die Cut Prizm] #226,$10.92,,,$58.38,$64.00,,,,,,,$3.00,$11.99,,,,,,3,,,,,2014-12-04
136668,Basketball Cards 2014 Panini Prizm,Pete Maravich [Red Prizm] #226,$8.55,,,,,$27.00,$35.00,$16.00,$16.00,,,$1.90,$9.39,,,,,,2,,,,,2014-12-04
191849,Basketball Cards 2014 Panini Prizm,Pete Maravich [Red Pulsar Prizm] #226,$19.34,,,,,$110.00,$143.00,$66.00,$66.00,,,$6.30,$20.99,,,,,,2,,,,,2014-12-04
136669,Basketball Cards 2014 Panini Prizm,"Pete Maravich [Red, White, and Blue Pulsar Prizm] #226",$4.14,,,,$7.50,$54.34,$71.00,$33.00,$33.00,,,$0.90,$4.59,,,,,,6,,,,,2014-12-04
3175885,Basketball Cards 2014 Panini Prizm,Pete Maravich [Yellow and Red Mosaic Prizm] #226,$4.71,,,$25.00,$28.00,,,,,,,$1.00,$5.19,,,,,,5,,,,,2014-12-04
136703,Basketball Cards 2014 Panini Prizm,Phil Jackson #236,$2.52,,$7.07,$9.99,$23.53,$34.51,$45.00,$21.00,$21.00,,,,$2.79,,,$1.60,$7.79,,18,,,,,2014-12-04
12248150,Basketball Cards 2014 Panini Prizm,Phil Jackson [Black Prizm] #236,,,,,,,,,,,,,,,,,,,0,,,,,2014-12-04
12248490,Basketball Cards 2014 Panini Prizm,Phil Jackson [Black Pulsar Prizm] #236,,,,,,,,,,,,,,,,,,,0,,,,,2014-12-04
190612,Basketball Cards 2014 Panini Prizm,Phil Jackson [Blue Mojo Prizm] #236,$6.81,,,,,,,,,,,$1.50,$7.49,,,,,,1,,,,,2014-12-04
190376,Basketball Cards 2014 Panini Prizm,Phil Jackson [Blue Prizm] #236,$12.04,,,$17.50,$19.00,$42.33,$55.00,$25.00,$25.00,,,$3.30,$12.99,,,,,,4,,,,,2014-12-04
12248996,Basketball Cards 2014 Panini Prizm,Phil Jackson [Blue Wave Prizm] #236,$34.00,,,,,,,,,,,$14.80,$36.99,,,,,,1,,,,,2014-12-04
136704,Basketball Cards 2014 Panini Prizm,Phil Jackson [Blue and Green Prizm] #236,$3.99,,,,,,,,,,,$0.90,$4.39,,,,,,3,,,,,2014-12-04
192367,Basketball Cards 2014 Panini Prizm,Phil Jackson [Gold Prizm] #236,$200.00,,,$499.95,$550.00,$600.00,$780.00,$360.00,$360.00,,,$110.00,$220.00,,,,,,4,,,,,2014-12-04
12249202,Basketball Cards 2014 Panini Prizm,Phil Jackson [Gold Pulsar Prizm] #236,,,,,,,,,,,,,,,,,,,0,,,,,2014-12-04
190842,Basketball Cards 2014 Panini Prizm,Phil Jackson [Green Prizm] #236,$10.07,,,$17.74,$20.00,,,,,,,$2.80,$10.99,,,,,,3,,,,,2014-12-04
191605,Basketball Cards 2014 Panini Prizm,Phil Jackson [Light Blue Prizm] #236,$2.00,,,,,$99.99,$130.00,$60.00,$60.00,,,,$2.19,,,,,,2,,,,,2014-12-04
12249507,Basketball Cards 2014 Panini Prizm,Phil Jackson [Orange Die Cut Prizm] #236,$9.41,,,,,$99.99,$130.00,$60.00,$60.00,,,$2.00,$9.99,,,,,,2,,,,,2014-12-04
192616,Basketball Cards 2014 Panini Prizm,Phil Jackson [Prizm] #236,$7.62,,,,,,,,,,,$1.70,$8.39,,,,,,2,,,,,2014-12-04
192113,Basketball Cards 2014 Panini Prizm,Phil Jackson [Purple Die Cut Prizm] #236,$9.36,,,,,$41.16,$54.00,$25.00,$25.00,,,$2.00,$9.99,,,,,,3,,,,,2014-12-04
191092,Basketball Cards 2014 Panini Prizm,Phil Jackson [Red Prizm] #236,$83.16,,,,,$69.95,$91.00,$42.00,$42.00,,,$36.40,$90.99,,,,,,3,,,,,2014-12-04
191857,Basketball Cards 2014 Panini Prizm,Phil Jackson [Red Pulsar Prizm] #236,$26.00,,,,,,,,,,,$8.70,$28.99,,,,,,1,,,,,2014-12-04
191351,Basketball Cards 2014 Panini Prizm,"Phil Jackson [Red, White, and Blue Pulsar Prizm] #236",$6.27,,,,,,,,,,,$1.40,$6.89,,,,,,3,,,,,2014-12-04
12249748,Basketball Cards 2014 Panini Prizm,Phil Jackson [Yellow and Red Mosaic Prizm] #236,$3.25,,$7.67,$13.46,$24.56,$35.84,$47.00,$22.00,$22.00,,,,$3.59,,,$1.70,$8.39,,7,,,,,2014-12-04
136478,Basketball Cards 2014 Panini Prizm,Rajon Rondo #150,$1.99,,$6.63,$12.12,$22.79,$33.56,$44.00,$20.00,$20.00,,,,$2.19,,,$1.50,$7.29,,8,,,,,2014-12-04
12248116,Basketball Cards 2014 Panini Prizm,Rajon Rondo [Black Prizm] #150,,,,,,,,,,,,,,,,,,,0,,,,,2014-12-04
12248309,Basketball Cards 2014 Panini Prizm,Rajon Rondo [Black Pulsar Prizm] #150,,,,,,,,,,,,,,,,,,,0,,,,,2014-12-04
190546,Basketball Cards 2014 Panini Prizm,Rajon Rondo [Blue Mojo Prizm] #150,$14.99,,,,,,,,,,,$4.00,$15.99,,,,,,1,,,,,2014-12-04
190300,Basketball Cards 2014 Panini Prizm,Rajon Rondo [Blue Prizm] #150,$3.91,,,,,,,,,,,$0.90,$4.29,,,,,,1,,,,,2014-12-04
12248913,Basketball Cards 2014 Panini Prizm,Rajon Rondo [Blue Wave Prizm] #150,$1.51,,$6.24,$11.61,$22.12,$32.70,$43.00,$20.00,$20.00,,,,$1.69,,,$1.40,$6.89,,17,,,,,2014-12-04
12248576,Basketball Cards 2014 Panini Prizm,Rajon Rondo [Blue and Green Prizm] #150,$0.99,,,,,,,,,,,,$1.09,,,,,,1,,,,,2014-12-04
192293,Basketball Cards 2014 Panini Prizm,Rajon Rondo [Gold Prizm] #150,,,,,,$550.44,$716.00,$330.00,$330.00,,,,,,,,,,1,,,,,2014-12-04
12249083,Basketball Cards 2014 Panini Prizm,Rajon Rondo [Gold Pulsar Prizm] #150,,,,,,,,,,,,,,,,,,,0,,,,,2014-12-04
190784,Basketball Cards 2014 Panini Prizm,Rajon Rondo [Green Prizm] #150,$1.56,,,,,,,,,,,,$1.69,,,,,,4,,,,,2014-12-04
191525,Basketball Cards 2014 Panini Prizm,Rajon Rondo [Light Blue Prizm] #150,$15.00,,,,,,,,,,,$4.30,$16.99,,,,,,1,,,,,2014-12-04
12249398,Basketball Cards 2014 Panini Prizm,Rajon Rondo [Orange Die Cut Prizm] #150,,,,,,,,,,,,,,,,,,,0,,,,,2014-12-04
192544,Basketball Cards 2014 Panini Prizm,Rajon Rondo [Prizm] #150,$7.82,,,,,,,,,,,$1.70,$8.59,,,,,,1,,,,,2014-12-04
192031,Basketball Cards 2014 Panini Prizm,Rajon Rondo [Purple Die Cut Prizm] #150,$4.00,,,,,,,,,,,$0.90,$4.39,,,,,,3,,,,,2014-12-04
191009,Basketball Cards 2014 Panini Prizm,Rajon Rondo [Red Prizm] #150,$1.00,,,$39.99,$44.00,,,,,,,,$1.09,,,,,,3,,,,,2014-12-04
136479,Basketball Cards 2014 Panini Prizm,Rajon Rondo [Red Pulsar Prizm] #150,$13.35,,,,,,,,,,,$3.80,$14.99,,,,,,1,,,,,2014-12-04
191271,Basketball Cards 2014 Panini Prizm,"Rajon Rondo [Red, White, and Blue Pulsar Prizm] #150",$1.88,,,,,,,,,,,,$2.09,,,,,,2,,,,,2014-12-04
12249648,Basketball Cards 2014 Panini Prizm,Rajon Rondo [Yellow and Red Mosaic Prizm] #150,,,,,,,,,,,,,,,,,,,0,,,,,2014-12-04
136726,Basketball Cards 2014 Panini Prizm,Ralph Sampson #245,$1.54,,,,,,,,,,,,$1.69,,,,,,5,,,,,2014-12-04
12248164,Basketball Cards 2014 Panini Prizm,Ralph Sampson [Black Prizm] #245,,,,,,,,,,,,,,,,,,,0,,,,,2014-12-04
12248503,Basketball Cards 2014 Panini Prizm,Ralph Sampson [Black Pulsar Prizm] #245,,,,,,,,,,,,,,,,,,,0,,,,,2014-12-04
190621,Basketball Cards 2014 Panini Prizm,Ralph Sampson [Blue Mojo Prizm] #245,$1.25,,,,,,,,,,,,$1.39,,,,,,1,,,,,2014-12-04
190384,Basketball Cards 2014 Panini Prizm,Ralph Sampson [Blue Prizm] #245,$2.43,,,,,,,,,,,,$2.69,,,,,,2,,,,,2014-12-04
12249012,Basketball Cards 2014 Panini Prizm,Ralph Sampson [Blue Wave Prizm] #245,,,,,,,,,,,,,,,,,,,0,,,,,2014-12-04
12248650,Basketball Cards 2014 Panini Prizm,Ralph Sampson [Blue and Green Prizm] #245,,,,,,,,,,,,,,,,,,,0,,,,,2014-12-04
192376,Basketball Cards 2014 Panini Prizm,Ralph Sampson [Gold Prizm] #245,$33.64,,,,,,,,,,,$14.80,$36.99,,,,,,1,,,,,2014-12-04
12249220,Basketball Cards 2014 Panini Prizm,Ralph Sampson [Gold Pulsar Prizm] #245,,,,,,,,,,,,,,,,,,,0,,,,,2014-12-04
190848,Basketball Cards 2014 Panini Prizm,Ralph Sampson [Green Prizm] #245,$2.03,,,,,,,,,,,,$2.19,,,,,,2,,,,,2014-12-04
191613,Basketball Cards 2014 Panini Prizm,Ralph Sampson [Light Blue Prizm] #245,$4.81,,,,,$13.50,$18.00,$8.00,$8.00,,,$1.10,$5.29,,,,,,3,,,,,2014-12-04
12249515,Basketball Cards 2014 Panini Prizm,Ralph Sampson [Orange Die Cut Prizm] #245,,,,,,,,,,,,,,,,,,,0,,,,,2014-12-04
192622,Basketball Cards 2014 Panini Prizm,Ralph Sampson [Prizm] #245,$3.60,,,,,,,,,,,$0.80,$3.99,,,,,,1,,,,,2014-12-04
192121,Basketball Cards 2014 Panini Prizm,Ralph Sampson [Purple Die Cut Prizm] #245,$2.98,,,,,,,,,,,,$3.29,,,,,,2,,,,,2014-12-04
191100,Basketball Cards 2014 Panini Prizm,Ralph Sampson [Red Prizm] #245,$2.50,,,,,,,,,,,,$2.79,,,,,,3,,,,,2014-12-04
191865,Basketball Cards 2014 Panini Prizm,Ralph Sampson [Red Pulsar Prizm] #245,$15.00,,,,,,,,,,,$4.30,$16.99,,,,,,1,,,,,2014-12-04
191359,Basketball Cards 2014 Panini Prizm,"Ralph Sampson [Red, White, and Blue Pulsar Prizm] #245",$1.92,,,,,,,,,,,,$2.09,,,,,,2,,,,,2014-12-04
12249757,Basketball Cards 2014 Panini Prizm,Ralph Sampson [Yellow and Red Mosaic Prizm] #245,,,,,,,,,,,,,,,,,,,0,,,,,2014-12-04
189975,Basketball Cards 2014 Panini Prizm,Randy Foye #2,$0.99,,,,,,,,,,,,$1.09,,,,,,1,,,,,2014-12-04
12247960,Basketball Cards 2014 Panini Prizm,Randy Foye [Black Prizm] #2,,,,,,,,,,,,,,,,,,,0,,,,,2014-12-04
12248316,Basketball Cards 2014 Panini Prizm,Randy Foye [Black Pulsar Prizm] #2,,,,,,,,,,,,,,,,,,,0,,,,,2014-12-04
190424,Basketball Cards 2014 Panini Prizm,Randy Foye [Blue Mojo Prizm] #2,$3.41,,,,,,,,,,,$0.80,$3.79,,,,,,1,,,,,2014-12-04
190170,Basketball Cards 2014 Panini Prizm,Randy Foye [Blue Prizm] #2,$3.84,,,,,,,,,,,$0.80,$4.19,,,,,,1,,,,,2014-12-04
12248785,Basketball Cards 2014 Panini Prizm,Randy Foye [Blue Wave Prizm] #2,,,,,,,,,,,,,,,,,,,0,,,,,2014-12-04
12248628,Basketball Cards 2014 Panini Prizm,Randy Foye [Blue and Green Prizm] #2,,,,,,,,,,,,,,,,,,,0,,,,,2014-12-04
192166,Basketball Cards 2014 Panini Prizm,Randy Foye [Gold Prizm] #2,$57.70,,,,,$100.00,$130.00,$60.00,$60.00,,,$25.20,$62.99,,,,,,1,,,,,2014-12-04
12249099,Basketball Cards 2014 Panini Prizm,Randy Foye [Gold Pulsar Prizm] #2,,,,,,,,,,,,,,,,,,,0,,,,,2014-12-04
190664,Basketball Cards 2014 Panini Prizm,Randy Foye [Green Prizm] #2,$1.59,,,,,,,,,,,,$1.79,,,,,,1,,,,,2014-12-04
191394,Basketball Cards 2014 Panini Prizm,Randy Foye [Light Blue Prizm] #2,$3.69,,,,,,,,,,,$0.80,$4.09,,,,,,0,,,,,2014-12-04
12249309,Basketball Cards 2014 Panini Prizm,Randy Foye [Orange Die Cut Prizm] #2,,,,,,,,,,,,,,,,,,,0,,,,,2014-12-04
192423,Basketball Cards 2014 Panini Prizm,Randy Foye [Prizm] #2,$0.99,,,,,,,,,,,,$1.09,,,,,,1,,,,,2014-12-04
191905,Basketball Cards 2014 Panini Prizm,Randy Foye [Purple Die Cut Prizm] #2,$0.99,,,,,,,,,,,,$1.09,,,,,,2,,,,,2014-12-04
190877,Basketball Cards 2014 Panini Prizm,Randy Foye [Red Prizm] #2,$1.54,,,,,,,,,,,,$1.69,,,,,,1,,,,,2014-12-04
191653,Basketball Cards 2014 Panini Prizm,Randy Foye [Red Pulsar Prizm] #2,$9.74,,,,,,,,,,,$2.80,$10.99,,,,,,0,,,,,2014-12-04
191144,Basketball Cards 2014 Panini Prizm,"Randy Foye [Red, White, and Blue Pulsar Prizm] #2",$0.25,,,,,,,,,,,,$0.99,,,,,,0,,,,,2014-12-04
12249559,Basketball Cards 2014 Panini Prizm,Randy Foye [Yellow and Red Mosaic Prizm] #2,,,,,,,,,,,,,,,,,,,0,,,,,2014-12-04
136503,Basketball Cards 2014 Panini Prizm,Rick Barry #159,$1.75,,,,,,,,,,,,$1.89,,,,,,4,,,,,2014-12-04
12248141,Basketball Cards 2014 Panini Prizm,Rick Barry [Black Prizm] #159,,,,,,,,,,,,,,,,,,,0,,,,,2014-12-04
12248323,Basketball Cards 2014 Panini Prizm,Rick Barry [Black Pulsar Prizm] #159,,,,,,,,,,,,,,,,,,,0,,,,,2014-12-04
190553,Basketball Cards 2014 Panini Prizm,Rick Barry [Blue Mojo Prizm] #159,$4.99,,,,,,,,,,,$1.10,$5.49,,,,,,1,,,,,2014-12-04
190308,Basketball Cards 2014 Panini Prizm,Rick Barry [Blue Prizm] #159,$4.38,,,,,,,,,,,$1.00,$4.79,,,,,,1,,,,,2014-12-04
12248926,Basketball Cards 2014 Panini Prizm,Rick Barry [Blue Wave Prizm] #159,$1.10,,,,,,,,,,,,$1.19,,,,,,1,,,,,2014-12-04
136504,Basketball Cards 2014 Panini Prizm,Rick Barry [Blue and Green Prizm] #159,$1.99,,,,,,,,,,,,$2.19,,,,,,2,,,,,2014-12-04
192301,Basketball Cards 2014 Panini Prizm,Rick Barry [Gold Prizm] #159,$242.43,,,,,,,,,,,$133.50,$267.00,,,,,,1,,,,,2014-12-04
136505,Basketball Cards 2014 Panini Prizm,Rick Barry [Gold Pulsar Prizm] #159,$42.00,,,$36.00,$40.00,$120.00,$156.00,$72.00,$72.00,,,$18.40,$45.99,,,,,,3,,,,,2014-12-04
190791,Basketball Cards 2014 Panini Prizm,Rick Barry [Green Prizm] #159,$1.74,,,,,,,,,,,,$1.89,,,,,,1,,,,,2014-12-04
191533,Basketball Cards 2014 Panini Prizm,Rick Barry [Light Blue Prizm] #159,$4.85,,,,,,,,,,,$1.10,$5.29,,,,,,1,,,,,2014-12-04
136506,Basketball Cards 2014 Panini Prizm,Rick Barry [Orange Die Cut Prizm] #159,$3.08,,,,,$29.99,$39.00,$18.00,$18.00,,,,$3.39,,,,,,2,,,,,2014-12-04
192551,Basketball Cards 2014 Panini Prizm,Rick Barry [Prizm] #159,$4.43,,,,,,,,,,,$1.00,$4.89,,,,,,1,,,,,2014-12-04
192040,Basketball Cards 2014 Panini Prizm,Rick Barry [Purple Die Cut Prizm] #159,$4.99,,,,,,,,,,,$1.10,$5.49,,,,,,2,,,,,2014-12-04
191018,Basketball Cards 2014 Panini Prizm,Rick Barry [Red Prizm] #159,$3.50,,,,,,,,,,,$0.80,$3.89,,,,,,3,,,,,2014-12-04
191790,Basketball Cards 2014 Panini Prizm,Rick Barry [Red Pulsar Prizm] #159,$22.39,,,,,,,,,,,$7.50,$24.99,,,,,,1,,,,,2014-12-04
191278,Basketball Cards 2014 Panini Prizm,"Rick Barry [Red, White, and Blue Pulsar Prizm] #159",$1.56,,,,,,,,,,,,$1.69,,,,,,1,,,,,2014-12-04
12249657,Basketball Cards 2014 Panini Prizm,Rick Barry [Yellow and Red Mosaic Prizm] #159,$4.99,,,,,$29.99,$39.00,$18.00,$18.00,,,$1.10,$5.49,,,,,,2,,,,,2014-12-04
136147,Basketball Cards 2014 Panini Prizm,Ricky Rubio #22,$1.99,,,,,,,,,,,,$2.19,,,,,,2,,,,,2014-12-04
12247980,Basketball Cards 2014 Panini Prizm,Ricky Rubio [Black Prizm] #22,,,,,,,,,,,,,,,,,,,0,,,,,2014-12-04
12248357,Basketball Cards 2014 Panini Prizm,Ricky Rubio [Black Pulsar Prizm] #22,,,,,,,,,,,,,,,,,,,0,,,,,2014-12-04
190444,Basketball Cards 2014 Panini Prizm,Ricky Rubio [Blue Mojo Prizm] #22,$5.08,,,,,,,,,,,$1.10,$5.59,,,,,,1,,,,,2014-12-04
190188,Basketball Cards 2014 Panini Prizm,Ricky Rubio [Blue Prizm] #22,$5.00,,,,,,,,,,,$1.10,$5.49,,,,,,1,,,,,2014-12-04
12248804,Basketball Cards 2014 Panini Prizm,Ricky Rubio [Blue Wave Prizm] #22,,,,,,,,,,,,,,,,,,,0,,,,,2014-12-04
12248670,Basketball Cards 2014 Panini Prizm,Ricky Rubio [Blue and Green Prizm] #22,,,,,,,,,,,,,,,,,,,0,,,,,2014-12-04
192184,Basketball Cards 2014 Panini Prizm,Ricky Rubio [Gold Prizm] #22,,,,,,,,,,,,,,,,,,,0,,,,,2014-12-04
12249135,Basketball Cards 2014 Panini Prizm,Ricky Rubio [Gold Pulsar Prizm] #22,,,,,,,,,,,,,,,,,,,0,,,,,2014-12-04
190679,Basketball Cards 2014 Panini Prizm,Ricky Rubio [Green Prizm] #22,$3.00,,,,,,,,,,,,$3.29,,,,,,2,,,,,2014-12-04
191412,Basketball Cards 2014 Panini Prizm,Ricky Rubio [Light Blue Prizm] #22,$6.51,,,,,,,,,,,$1.40,$7.19,,,,,,1,,,,,2014-12-04
12249327,Basketball Cards 2014 Panini Prizm,Ricky Rubio [Orange Die Cut Prizm] #22,,,,,,,,,,,,,,,,,,,0,,,,,2014-12-04
192441,Basketball Cards 2014 Panini Prizm,Ricky Rubio [Prizm] #22,$2.30,,,,,,,,,,,,$2.49,,,,,,1,,,,,2014-12-04
191923,Basketball Cards 2014 Panini Prizm,Ricky Rubio [Purple Die Cut Prizm] #22,$3.90,,,,,,,,,,,$0.90,$4.29,,,,,,3,,,,,2014-12-04
190897,Basketball Cards 2014 Panini Prizm,Ricky Rubio [Red Prizm] #22,$0.01,,,,,,,,,,,,$0.99,,,,,,1,,,,,2014-12-04
191672,Basketball Cards 2014 Panini Prizm,Ricky Rubio [Red Pulsar Prizm] #22,$6.17,,,,,,,,,,,$1.40,$6.79,,,,,,1,,,,,2014-12-04
191161,Basketball Cards 2014 Panini Prizm,"Ricky Rubio [Red, White, and Blue Pulsar Prizm] #22",$1.42,,,,,$10.50,$14.00,$6.00,$6.00,,,,$1.59,,,,,,3,,,,,2014-12-04
12249575,Basketball Cards 2014 Panini Prizm,Ricky Rubio [Yellow and Red Mosaic Prizm] #22,$2.44,,,,,,,,,,,,$2.69,,,,,,1,,,,,2014-12-04
190098,Basketball Cards 2014 Panini Prizm,Robert Horry #169,$1.49,,,,,,,,,,,,$1.59,,,,,,2,,,,,2014-12-04
136527,Basketball Cards 2014 Panini Prizm,Robert Horry [Black Prizm] #169,,,,,,,,,,,,,,,,,,,0,,,,,2014-12-04
12248342,Basketball Cards 2014 Panini Prizm,Robert Horry [Black Pulsar Prizm] #169,,,,,,,,,,,,,,,,,,,0,,,,,2014-12-04
190561,Basketball Cards 2014 Panini Prizm,Robert Horry [Blue Mojo Prizm] #169,$4.00,,,,,,,,,,,$0.90,$4.39,,,,,,1,,,,,2014-12-04
190316,Basketball Cards 2014 Panini Prizm,Robert Horry [Blue Prizm] #169,$9.99,,,,,,,,,,,$2.80,$10.99,,,,,,2,,,,,2014-12-04
12248938,Basketball Cards 2014 Panini Prizm,Robert Horry [Blue Wave Prizm] #169,,,,,,,,,,,,,,,,,,,0,,,,,2014-12-04
12248589,Basketball Cards 2014 Panini Prizm,Robert Horry [Blue and Green Prizm] #169,,,,,,,,,,,,,,,,,,,0,,,,,2014-12-04
192309,Basketball Cards 2014 Panini Prizm,Robert Horry [Gold Prizm] #169,$50.61,,,$58.42,$64.00,,,,,,,$22.40,$55.99,,,,,,2,,,,,2014-12-04
12249101,Basketball Cards 2014 Panini Prizm,Robert Horry [Gold Pulsar Prizm] #169,,,,,,,,,,,,,,,,,,,0,,,,,2014-12-04
190798,Basketball Cards 2014 Panini Prizm,Robert Horry [Green Prizm] #169,$2.27,,,,,$53.24,$69.00,$32.00,$32.00,,,,$2.49,,,,,,3,,,,,2014-12-04
191543,Basketball Cards 2014 Panini Prizm,Robert Horry [Light Blue Prizm] #169,$3.25,,,,,,,,,,,,$3.59,,,,,,1,,,,,2014-12-04
12249428,Basketball Cards 2014 Panini Prizm,Robert Horry [Orange Die Cut Prizm] #169,,,,,,,,,,,,,,,,,,,0,,,,,2014-12-04
192561,Basketball Cards 2014 Panini Prizm,Robert Horry [Prizm] #169,$3.00,,,,,,,,,,,,$3.29,,,,,,2,,,,,2014-12-04
192050,Basketball Cards 2014 Panini Prizm,Robert Horry [Purple Die Cut Prizm] #169,$4.14,,,$29.56,$33.00,,,,,,,$0.90,$4.59,,,,,,3,,,,,2014-12-04
191025,Basketball Cards 2014 Panini Prizm,Robert Horry [Red Prizm] #169,$4.16,,,,,$40.75,$53.00,$24.00,$24.00,,,$0.90,$4.59,,,,,,3,,,,,2014-12-04
191800,Basketball Cards 2014 Panini Prizm,Robert Horry [Red Pulsar Prizm] #169,$10.37,,,,,$35.74,$46.00,$21.00,$21.00,,,$2.80,$10.99,,,,,,2,,,,,2014-12-04
191288,Basketball Cards 2014 Panini Prizm,"Robert Horry [Red, White, and Blue Pulsar Prizm] #169",$1.85,,,,,,,,,,,,$1.99,,,,,,2,,,,,2014-12-04
12249677,Basketball Cards 2014 Panini Prizm,Robert Horry [Yellow and Red Mosaic Prizm] #169,,,,,,,,,,,,,,,,,,,0,,,,,2014-12-04
136557,Basketball Cards 2014 Panini Prizm,Robert Parish #179,$1.25,,$6.03,$11.33,$18.00,$18.00,$23.00,$11.00,$11.00,,,,$1.39,,,$1.30,$6.59,,6,,,,,2014-12-04
12248195,Basketball Cards 2014 Panini Prizm,Robert Parish [Black Prizm] #179,,,,,,,,,,,,,,,,,,,0,,,,,2014-12-04
12248360,Basketball Cards 2014 Panini Prizm,Robert Parish [Black Pulsar Prizm] #179,,,,,,,,,,,,,,,,,,,0,,,,,2014-12-04
190568,Basketball Cards 2014 Panini Prizm,Robert Parish [Blue Mojo Prizm] #179,$3.00,,,,,,,,,,,,$3.29,,,,,,1,,,,,2014-12-04
190325,Basketball Cards 2014 Panini Prizm,Robert Parish [Blue Prizm] #179,$2.43,,,,,,,,,,,,$2.69,,,,,,1,,,,,2014-12-04
12248950,Basketball Cards 2014 Panini Prizm,Robert Parish [Blue Wave Prizm] #179,,,,,,,,,,,,,,,,,,,0,,,,,2014-12-04
12248596,Basketball Cards 2014 Panini Prizm,Robert Parish [Blue and Green Prizm] #179,,,,,,,,,,,,,,,,,,,0,,,,,2014-12-04
192317,Basketball Cards 2014 Panini Prizm,Robert Parish [Gold Prizm] #179,$89.74,,,$299.99,$330.00,,,,,,,$39.60,$98.99,,,,,,2,,,,,2014-12-04
12249116,Basketball Cards 2014 Panini Prizm,Robert Parish [Gold Pulsar Prizm] #179,,,,,,,,,,,,,,,,,,,0,,,,,2014-12-04
136558,Basketball Cards 2014 Panini Prizm,Robert Parish [Green Prizm] #179,$3.11,,,,$9.50,,,,,,,,$3.39,,,,,,5,,,,,2014-12-04
191553,Basketball Cards 2014 Panini Prizm,Robert Parish [Light Blue Prizm] #179,$7.99,,,,,,,,,,,$1.80,$8.79,,,,,,1,,,,,2014-12-04
12249440,Basketball Cards 2014 Panini Prizm,Robert Parish [Orange Die Cut Prizm] #179,,,,,,,,,,,,,,,,,,,0,,,,,2014-12-04
192569,Basketball Cards 2014 Panini Prizm,Robert Parish [Prizm] #179,$3.48,,,,,,,,,,,$0.80,$3.79,,,,,,2,,,,,2014-12-04
192059,Basketball Cards 2014 Panini Prizm,Robert Parish [Purple Die Cut Prizm] #179,$4.43,,,,,,,,,,,$1.00,$4.89,,,,,,3,,,,,2014-12-04
191037,Basketball Cards 2014 Panini Prizm,Robert Parish [Red Prizm] #179,$2.71,,,,,,,,,,,,$2.99,,,,,,2,,,,,2014-12-04
191809,Basketball Cards 2014 Panini Prizm,Robert Parish [Red Pulsar Prizm] #179,$7.70,,,$12.50,$14.00,,,,,,,$1.70,$8.49,,,,,,2,,,,,2014-12-04
191298,Basketball Cards 2014 Panini Prizm,"Robert Parish [Red, White, and Blue Pulsar Prizm] #179",$2.49,,,,,,,,,,,,$2.69,,,,,,1,,,,,2014-12-04
12249693,Basketball Cards 2014 Panini Prizm,Robert Parish [Yellow and Red Mosaic Prizm] #179,,,,$21.99,$24.00,,,,,,,,,,,,,,1,,,,,2014-12-04
136873,Basketball Cards 2014 Panini Prizm,Rodney Hood #270,$1.70,,,$7.99,$25.00,$25.49,$33.00,$15.00,$15.00,,,,$1.89,,,,,,8,,,,,2014-12-04
12248200,Basketball Cards 2014 Panini Prizm,Rodney Hood [Black Prizm] #270,,,,,,,,,,,,,,,,,,,0,,,,,2014-12-04
12248528,Basketball Cards 2014 Panini Prizm,Rodney Hood [Black Pulsar Prizm] #270,,,,,,,,,,,,,,,,,,,0,,,,,2014-12-04
136874,Basketball Cards 2014 Panini Prizm,Rodney Hood [Blue Mojo Prizm] #270,$0.99,,,$4.74,$5.00,$32.79,$43.00,$20.00,$20.00,,,,$1.09,,,,,,3,,,,,2014-12-04
190400,Basketball Cards 2014 Panini Prizm,Rodney Hood [Blue Prizm] #270,$1.55,,,,,,,,,,,,$1.69,,,,,,1,,,,,2014-12-04
12249027,Basketball Cards 2014 Panini Prizm,Rodney Hood [Blue Wave Prizm] #270,,,,,,,,,,,,,,,,,,,0,,,,,2014-12-04
12248705,Basketball Cards 2014 Panini Prizm,Rodney Hood [Blue and Green Prizm] #270,,,,,,,,,,,,,,,,,,,0,,,,,2014-12-04
192396,Basketball Cards 2014 Panini Prizm,Rodney Hood [Gold Prizm] #270,$145.00,,,,,,,,,,,$80.00,$160.00,,,,,,1,,,,,2014-12-04
12249256,Basketball Cards 2014 Panini Prizm,Rodney Hood [Gold Pulsar Prizm] #270,,,,,,,,,,,,,,,,,,,0,,,,,2014-12-04
136875,Basketball Cards 2014 Panini Prizm,Rodney Hood [Green Prizm] #270,$1.36,,,$14.96,$16.00,,,,,,,,$1.49,,,,,,3,,,,,2014-12-04
136876,Basketball Cards 2014 Panini Prizm,Rodney Hood [Light Blue Prizm] #270,$4.00,,,,,,,,,,,$0.90,$4.39,,,,,,0,,,,,2014-12-04
12249531,Basketball Cards 2014 Panini Prizm,Rodney Hood [Orange Die Cut Prizm] #270,,,,,,,,,,,,,,,,,,,0,,,,,2014-12-04
136877,Basketball Cards 2014 Panini Prizm,Rodney Hood [Prizm] #270,$5.33,,,$25.05,$29.00,$30.00,$39.00,$18.00,$18.00,,,$1.20,$5.89,,,,,,4,,,,,2014-12-04
136878,Basketball Cards 2014 Panini Prizm,Rodney Hood [Purple Die Cut Prizm] #270,$2.82,,,,,,,,,,,,$3.09,,,,,,1,,,,,2014-12-04
191117,Basketball Cards 2014 Panini Prizm,Rodney Hood [Red Prizm] #270,$2.84,,$7.99,,,,,,,,,,$3.09,,,$1.80,$8.79,,2,,,,,2014-12-04
136879,Basketball Cards 2014 Panini Prizm,Rodney Hood [Red Pulsar Prizm] #270,$9.74,,,,,,,,,,,$2.80,$10.99,,,,,,0,,,,,2014-12-04
136880,Basketball Cards 2014 Panini Prizm,"Rodney Hood [Red, White, and Blue Pulsar Prizm] #270",$1.44,,,,,,,,,,,,$1.59,,,,,,1,,,,,2014-12-04
12249774,Basketball Cards 2014 Panini Prizm,Rodney Hood [Yellow and Red Mosaic Prizm] #270,,,,,,,,,,,,,,,,,,,0,,,,,2014-12-04
189998,Basketball Cards 2014 Panini Prizm,Roy Hibbert #32,$0.99,,,,,,,,,,,,$1.09,,,,,,1,,,,,2014-12-04
12247990,Basketball Cards 2014 Panini Prizm,Roy Hibbert [Black Prizm] #32,,,,,,,,,,,,,,,,,,,0,,,,,2014-12-04
12248378,Basketball Cards 2014 Panini Prizm,Roy Hibbert [Black Pulsar Prizm] #32,,,,,,,,,,,,,,,,,,,0,,,,,2014-12-04
190453,Basketball Cards 2014 Panini Prizm,Roy Hibbert [Blue Mojo Prizm] #32,$5.99,,,,,,,,,,,$1.30,$6.59,,,,,,1,,,,,2014-12-04
190197,Basketball Cards 2014 Panini Prizm,Roy Hibbert [Blue Prizm] #32,$1.00,,,,,,,,,,,,$1.09,,,,,,2,,,,,2014-12-04
12248813,Basketball Cards 2014 Panini Prizm,Roy Hibbert [Blue Wave Prizm] #32,,,,,,,,,,,,,,,,,,,0,,,,,2014-12-04
12248680,Basketball Cards 2014 Panini Prizm,Roy Hibbert [Blue and Green Prizm] #32,,,,,,,,,,,,,,,,,,,0,,,,,2014-12-04
192193,Basketball Cards 2014 Panini Prizm,Roy Hibbert [Gold Prizm] #32,$100.00,,,,,,,,,,,$55.00,$110.00,,,,,,0,,,,,2014-12-04
12249154,Basketball Cards 2014 Panini Prizm,Roy Hibbert [Gold Pulsar Prizm] #32,,,,,,,,,,,,,,,,,,,0,,,,,2014-12-04
190688,Basketball Cards 2014 Panini Prizm,Roy Hibbert [Green Prizm] #32,$1.69,,,,,,,,,,,,$1.89,,,,,,1,,,,,2014-12-04
191422,Basketball Cards 2014 Panini Prizm,Roy Hibbert [Light Blue Prizm] #32,$3.79,,,,,,,,,,,$0.80,$4.19,,,,,,1,,,,,2014-12-04
12249336,Basketball Cards 2014 Panini Prizm,Roy Hibbert [Orange Die Cut Prizm] #32,,,,,,,,,,,,,,,,,,,0,,,,,2014-12-04
192449,Basketball Cards 2014 Panini Prizm,Roy Hibbert [Prizm] #32,$1.99,,,,,,,,,,,,$2.19,,,,,,1,,,,,2014-12-04
191933,Basketball Cards 2014 Panini Prizm,Roy Hibbert [Purple Die Cut Prizm] #32,$3.25,,,,,,,,,,,,$3.59,,,,,,1,,,,,2014-12-04
190906,Basketball Cards 2014 Panini Prizm,Roy Hibbert [Red Prizm] #32,$4.00,,,,,,,,,,,$0.90,$4.39,,,,,,1,,,,,2014-12-04
191682,Basketball Cards 2014 Panini Prizm,Roy Hibbert [Red Pulsar Prizm] #32,$4.09,,,,,$19.99,$26.00,$12.00,$12.00,,,$0.90,$4.49,,,,,,2,,,,,2014-12-04
191170,Basketball Cards 2014 Panini Prizm,"Roy Hibbert [Red, White, and Blue Pulsar Prizm] #32",$1.50,,,,,,,,,,,,$1.69,,,,,,1,,,,,2014-12-04
12249584,Basketball Cards 2014 Panini Prizm,Roy Hibbert [Yellow and Red Mosaic Prizm] #32,$0.01,,,,,,,,,,,,$0.99,,,,,,1,,,,,2014-12-04
190005,Basketball Cards 2014 Panini Prizm,Rudy Gay #42,$1.90,,,,,,,,,,,,$2.09,,,,,,1,,,,,2014-12-04
12248000,Basketball Cards 2014 Panini Prizm,Rudy Gay [Black Prizm] #42,,,,,,,,,,,,,,,,,,,0,,,,,2014-12-04
12248399,Basketball Cards 2014 Panini Prizm,Rudy Gay [Black Pulsar Prizm] #42,,,,,,,,,,,,,,,,,,,0,,,,,2014-12-04
190463,Basketball Cards 2014 Panini Prizm,Rudy Gay [Blue Mojo Prizm] #42,$1.69,,,,,,,,,,,,$1.89,,,,,,1,,,,,2014-12-04
190207,Basketball Cards 2014 Panini Prizm,Rudy Gay [Blue Prizm] #42,$2.49,,,,,,,,,,,,$2.69,,,,,,1,,,,,2014-12-04
12248823,Basketball Cards 2014 Panini Prizm,Rudy Gay [Blue Wave Prizm] #42,,,,,,,,,,,,,,,,,,,0,,,,,2014-12-04
12248689,Basketball Cards 2014 Panini Prizm,Rudy Gay [Blue and Green Prizm] #42,,,,,,,,,,,,,,,,,,,0,,,,,2014-12-04
192201,Basketball Cards 2014 Panini Prizm,Rudy Gay [Gold Prizm] #42,$70.00,,,$34.00,$100.00,,,,,,,$30.80,$76.99,,,,,,3,,,,,2014-12-04
12249175,Basketball Cards 2014 Panini Prizm,Rudy Gay [Gold Pulsar Prizm] #42,,,,,,,,,,,,,,,,,,,0,,,,,2014-12-04
190698,Basketball Cards 2014 Panini Prizm,Rudy Gay [Green Prizm] #42,$0.99,,,,,,,,,,,,$1.09,,,,,,1,,,,,2014-12-04
191431,Basketball Cards 2014 Panini Prizm,Rudy Gay [Light Blue Prizm] #42,$6.78,,,,,,,,,,,$1.50,$7.49,,,,,,1,,,,,2014-12-04
12249344,Basketball Cards 2014 Panini Prizm,Rudy Gay [Orange Die Cut Prizm] #42,,,,,,,,,,,,,,,,,,,0,,,,,2014-12-04
192459,Basketball Cards 2014 Panini Prizm,Rudy Gay [Prizm] #42,$2.44,,,,,,,,,,,,$2.69,,,,,,1,,,,,2014-12-04
191942,Basketball Cards 2014 Panini Prizm,Rudy Gay [Purple Die Cut Prizm] #42,$2.19,,,,,,,,,,,,$2.39,,,,,,2,,,,,2014-12-04
190916,Basketball Cards 2014 Panini Prizm,Rudy Gay [Red Prizm] #42,$6.99,,,,,,,,,,,$1.50,$7.69,,,,,,1,,,,,2014-12-04
191690,Basketball Cards 2014 Panini Prizm,Rudy Gay [Red Pulsar Prizm] #42,,,,,,,,,,,,,,,,,,,0,,,,,2014-12-04
191179,Basketball Cards 2014 Panini Prizm,"Rudy Gay [Red, White, and Blue Pulsar Prizm] #42",$1.46,,,,,,,,,,,,$1.59,,,,,,1,,,,,2014-12-04
12249592,Basketball Cards 2014 Panini Prizm,Rudy Gay [Yellow and Red Mosaic Prizm] #42,,,,,,,,,,,,,,,,,,,0,,,,,2014-12-04
190107,Basketball Cards 2014 Panini Prizm,Rudy Tomjanovich #188,$1.81,,,,,,,,,,,,$1.99,,,,,,2,,,,,2014-12-04
12248226,Basketball Cards 2014 Panini Prizm,Rudy Tomjanovich [Black Prizm] #188,,,,,,,,,,,,,,,,,,,0,,,,,2014-12-04
12248377,Basketball Cards 2014 Panini Prizm,Rudy Tomjanovich [Black Pulsar Prizm] #188,,,,,,,,,,,,,,,,,,,0,,,,,2014-12-04
190575,Basketball Cards 2014 Panini Prizm,Rudy Tomjanovich [Blue Mojo Prizm] #188,$2.49,,,,,,,,,,,,$2.69,,,,,,1,,,,,2014-12-04
190332,Basketball Cards 2014 Panini Prizm,Rudy Tomjanovich [Blue Prizm] #188,$2.99,,,,,,,,,,,,$3.29,,,,,,1,,,,,2014-12-04
12248962,Basketball Cards 2014 Panini Prizm,Rudy Tomjanovich [Blue Wave Prizm] #188,,,,,,,,,,,,,,,,,,,0,,,,,2014-12-04
12248604,Basketball Cards 2014 Panini Prizm,Rudy Tomjanovich [Blue and Green Prizm] #188,,,,,,,,,,,,,,,,,,,0,,,,,2014-12-04
192327,Basketball Cards 2014 Panini Prizm,Rudy Tomjanovich [Gold Prizm] #188,$37.95,,,,,,,,,,,$16.80,$41.99,,,,,,1,,,,,2014-12-04
12249131,Basketball Cards 2014 Panini Prizm,Rudy Tomjanovich [Gold Pulsar Prizm] #188,,,,,,,,,,,,,,,,,,,0,,,,,2014-12-04
190813,Basketball Cards 2014 Panini Prizm,Rudy Tomjanovich [Green Prizm] #188,$1.90,,,$3.25,$4.00,,,,,,,,$2.09,,,,,,2,,,,,2014-12-04
191562,Basketball Cards 2014 Panini Prizm,Rudy Tomjanovich [Light Blue Prizm] #188,$1.31,,,,,,,,,,,,$1.39,,,,,,1,,,,,2014-12-04
12249452,Basketball Cards 2014 Panini Prizm,Rudy Tomjanovich [Orange Die Cut Prizm] #188,,,,,,,,,,,,,,,,,,,0,,,,,2014-12-04
192575,Basketball Cards 2014 Panini Prizm,Rudy Tomjanovich [Prizm] #188,$1.23,,,,,,,,,,,,$1.39,,,,,,1,,,,,2014-12-04
192067,Basketball Cards 2014 Panini Prizm,Rudy Tomjanovich [Purple Die Cut Prizm] #188,$0.99,,,,,,,,,,,,$1.09,,,,,,1,,,,,2014-12-04
191046,Basketball Cards 2014 Panini Prizm,Rudy Tomjanovich [Red Prizm] #188,$1.70,,,,,,,,,,,,$1.89,,,,,,1,,,,,2014-12-04
191818,Basketball Cards 2014 Panini Prizm,Rudy Tomjanovich [Red Pulsar Prizm] #188,$9.00,,,,,$19.99,$26.00,$12.00,$12.00,,,$2.00,$9.89,,,,,,2,,,,,2014-12-04
191307,Basketball Cards 2014 Panini Prizm,"Rudy Tomjanovich [Red, White, and Blue Pulsar Prizm] #188",$1.69,,,,,,,,,,,,$1.89,,,,,,1,,,,,2014-12-04
12249702,Basketball Cards 2014 Panini Prizm,Rudy Tomjanovich [Yellow and Red Mosaic Prizm] #188,,,,,,,,,,,,,,,,,,,0,,,,,2014-12-04
190161,Basketball Cards 2014 Panini Prizm,Russ Smith #288,$2.70,,,,,,,,,,,,$2.99,,,,,,3,,,,,2014-12-04
12248224,Basketball Cards 2014 Panini Prizm,Russ Smith [Black Prizm] #288,,,,,,,,,,,,,,,,,,,0,,,,,2014-12-04
12248546,Basketball Cards 2014 Panini Prizm,Russ Smith [Black Pulsar Prizm] #288,,,,,,,,,,,,,,,,,,,0,,,,,2014-12-04
190652,Basketball Cards 2014 Panini Prizm,Russ Smith [Blue Mojo Prizm] #288,$4.73,,,,,,,,,,,$1.00,$5.19,,,,,,1,,,,,2014-12-04
190414,Basketball Cards 2014 Panini Prizm,Russ Smith [Blue Prizm] #288,$3.99,,,,,,,,,,,$0.90,$4.39,,,,,,2,,,,,2014-12-04
12249044,Basketball Cards 2014 Panini Prizm,Russ Smith [Blue Wave Prizm] #288,,,,,,,,,,,,,,,,,,,0,,,,,2014-12-04
12248734,Basketball Cards 2014 Panini Prizm,Russ Smith [Blue and Green Prizm] #288,$2.15,,$6.76,$12.29,$23.01,$33.83,$44.00,$20.00,$20.00,,,,$2.39,,,$1.50,$7.39,,8,,,,,2014-12-04
136954,Basketball Cards 2014 Panini Prizm,Russ Smith [Gold Prizm] #288,$29.95,,,,,,,,,,,$9.90,$32.99,,,,,,1,,,,,2014-12-04
12249276,Basketball Cards 2014 Panini Prizm,Russ Smith [Gold Pulsar Prizm] #288,,,,,,,,,,,,,,,,,,,0,,,,,2014-12-04
190867,Basketball Cards 2014 Panini Prizm,Russ Smith [Green Prizm] #288,$1.99,,,,,,,,,,,,$2.19,,,,,,3,,,,,2014-12-04
191642,Basketball Cards 2014 Panini Prizm,Russ Smith [Light Blue Prizm] #288,$6.07,,,,,,,,,,,$1.30,$6.69,,,,,,1,,,,,2014-12-04
12249545,Basketball Cards 2014 Panini Prizm,Russ Smith [Orange Die Cut Prizm] #288,$3.00,,,,,,,,,,,,$3.29,,,,,,1,,,,,2014-12-04
192632,Basketball Cards 2014 Panini Prizm,Russ Smith [Prizm] #288,$3.10,,,,,,,,,,,,$3.39,,,,,,1,,,,,2014-12-04
192154,Basketball Cards 2014 Panini Prizm,Russ Smith [Purple Die Cut Prizm] #288,$5.40,,,,,,,,,,,$1.20,$5.89,,,,,,2,,,,,2014-12-04
191131,Basketball Cards 2014 Panini Prizm,Russ Smith [Red Prizm] #288,$3.48,,,,,,,,,,,$0.80,$3.79,,,,,,1,,,,,2014-12-04
191895,Basketball Cards 2014 Panini Prizm,Russ Smith [Red Pulsar Prizm] #288,$11.91,,,,,,,,,,,$3.30,$12.99,,,,,,1,,,,,2014-12-04
191384,Basketball Cards 2014 Panini Prizm,"Russ Smith [Red, White, and Blue Pulsar Prizm] #288",$2.75,,,,,,,,,,,,$2.99,,,,,,2,,,,,2014-12-04
12249740,Basketball Cards 2014 Panini Prizm,Russ Smith [Yellow and Red Mosaic Prizm] #288,$2.49,,$7.05,$12.65,$23.49,$34.48,$45.00,$21.00,$21.00,,,,$2.69,,,$1.60,$7.79,,14,,,,,2014-12-04
136209,Basketball Cards 2014 Panini Prizm,Russell Westbrook #52,$2.15,,$6.77,$26.70,$29.00,$33.43,$43.00,$20.00,$20.00,,,,$2.39,,,$1.50,$7.49,,12,,,,,2014-12-04
12248014,Basketball Cards 2014 Panini Prizm,Russell Westbrook [Black Prizm] #52,,,,,,,,,,,,,,,,,,,0,,,,,2014-12-04
12248412,Basketball Cards 2014 Panini Prizm,Russell Westbrook [Black Pulsar Prizm] #52,,,,,,,,,,,,,,,,,,,0,,,,,2014-12-04
190471,Basketball Cards 2014 Panini Prizm,Russell Westbrook [Blue Mojo Prizm] #52,$19.99,,,,,$47.00,$61.00,$28.00,$28.00,,,$6.60,$21.99,,,,,,5,,,,,2014-12-04
136211,Basketball Cards 2014 Panini Prizm,Russell Westbrook [Blue Prizm] #52,$15.02,,,$36.20,$40.00,$47.00,$61.00,$28.00,$28.00,,,$4.30,$16.99,,,,,,3,,,,,2014-12-04
12248831,Basketball Cards 2014 Panini Prizm,Russell Westbrook [Blue Wave Prizm] #52,,,,,,$78.00,$101.00,$47.00,$47.00,,,,,,,,,,1,,,,,2014-12-04
136210,Basketball Cards 2014 Panini Prizm,Russell Westbrook [Blue and Green Prizm] #52,$2.99,,,$11.55,$14.00,$14.00,$31.00,$8.00,$8.00,,,,$3.29,,,,,,5,,,,,2014-12-04
136212,Basketball Cards 2014 Panini Prizm,Russell Westbrook [Gold Prizm] #52,$35.00,,,$610.00,$626.00,$1538.78,$2000.00,$923.00,$923.00,,,$15.60,$38.99,,,,,,4,,,,,2014-12-04
136213,Basketball Cards 2014 Panini Prizm,Russell Westbrook [Gold Pulsar Prizm] #52,,,,,$297.99,$312.28,$406.00,$187.00,$187.00,,,,,,,,,,2,,,,,2014-12-04
136214,Basketball Cards 2014 Panini Prizm,Russell Westbrook [Green Prizm] #52,$6.50,,,$13.89,$15.00,$26.89,$35.00,$16.00,$16.00,,,$1.40,$7.19,,,,,,5,,,,,2014-12-04
191438,Basketball Cards 2014 Panini Prizm,Russell Westbrook [Light Blue Prizm] #52,$49.00,,,$45.44,$50.00,$200.00,$260.00,$120.00,$120.00,,,$21.60,$53.99,,,,,,4,,,,,2014-12-04
136215,Basketball Cards 2014 Panini Prizm,Russell Westbrook [Orange Die Cut Prizm] #52,$22.99,,$22.95,$25.00,$28.00,$127.50,$166.00,$77.00,$77.00,,,$7.50,$24.99,,,$7.50,$24.99,,5,,,,,2014-12-04
136216,Basketball Cards 2014 Panini Prizm,Russell Westbrook [Prizm] #52,$10.97,,,,,$50.49,$66.00,$30.00,$30.00,,,$3.00,$11.99,,,,,,6,,,,,2014-12-04
136217,Basketball Cards 2014 Panini Prizm,Russell Westbrook [Purple Die Cut Prizm] #52,$10.46,,,$60.00,$66.00,$72.00,$94.00,$43.00,$43.00,,,$3.00,$11.99,,,,,,4,,,,,2014-12-04
136218,Basketball Cards 2014 Panini Prizm,Russell Westbrook [Red Prizm] #52,$50.49,,,$19.00,$21.00,$119.96,$156.00,$72.00,$72.00,,,$22.40,$55.99,,,,,,3,,,,,2014-12-04
136219,Basketball Cards 2014 Panini Prizm,Russell Westbrook [Red Pulsar Prizm] #52,$102.50,,,,,$28.00,$36.00,$17.00,$17.00,,,$56.50,$113.00,,,,,,2,,,,,2014-12-04
136220,Basketball Cards 2014 Panini Prizm,"Russell Westbrook [Red, White, and Blue Pulsar Prizm] #52",$6.81,,,,,$21.49,$54.00,$13.00,$13.00,,,$1.50,$7.49,,,,,,6,,,,,2014-12-04
136221,Basketball Cards 2014 Panini Prizm,Russell Westbrook [Yellow and Red Mosaic Prizm] #52,$6.99,,,,$80.75,,,,,,,$1.50,$7.69,,,,,,4,,,,,2014-12-04
190018,Basketball Cards 2014 Panini Prizm,Ryan Anderson #62,$0.99,,,,,,,,,,,,$1.09,,,,,,1,,,,,2014-12-04
12248033,Basketball Cards 2014 Panini Prizm,Ryan Anderson [Black Prizm] #62,,,,,,,,,,,,,,,,,,,0,,,,,2014-12-04
12248423,Basketball Cards 2014 Panini Prizm,Ryan Anderson [Black Pulsar Prizm] #62,,,,,,,,,,,,,,,,,,,0,,,,,2014-12-04
190481,Basketball Cards 2014 Panini Prizm,Ryan Anderson [Blue Mojo Prizm] #62,$1.49,,,,,,,,,,,,$1.59,,,,,,1,,,,,2014-12-04
190223,Basketball Cards 2014 Panini Prizm,Ryan Anderson [Blue Prizm] #62,$5.71,,,,,,,,,,,$1.30,$6.29,,,,,,1,,,,,2014-12-04
12248843,Basketball Cards 2014 Panini Prizm,Ryan Anderson [Blue Wave Prizm] #62,,,,,,,,,,,,,,,,,,,0,,,,,2014-12-04
12248710,Basketball Cards 2014 Panini Prizm,Ryan Anderson [Blue and Green Prizm] #62,,,,,,,,,,,,,,,,,,,0,,,,,2014-12-04
192216,Basketball Cards 2014 Panini Prizm,Ryan Anderson [Gold Prizm] #62,,,,,,,,,,,,,,,,,,,0,,,,,2014-12-04
12249210,Basketball Cards 2014 Panini Prizm,Ryan Anderson [Gold Pulsar Prizm] #62,,,,,,,,,,,,,,,,,,,0,,,,,2014-12-04
190714,Basketball Cards 2014 Panini Prizm,Ryan Anderson [Green Prizm] #62,$0.25,,,,,,,,,,,,$0.99,,,,,,0,,,,,2014-12-04
191448,Basketball Cards 2014 Panini Prizm,Ryan Anderson [Light Blue Prizm] #62,$3.93,,,,,,,,,,,$0.90,$4.29,,,,,,1,,,,,2014-12-04
12249378,Basketball Cards 2014 Panini Prizm,Ryan Anderson [Orange Die Cut Prizm] #62,,,,,,,,,,,,,,,,,,,0,,,,,2014-12-04
192475,Basketball Cards 2014 Panini Prizm,Ryan Anderson [Prizm] #62,$0.25,,,,,,,,,,,,$0.99,,,,,,0,,,,,2014-12-04
191958,Basketball Cards 2014 Panini Prizm,Ryan Anderson [Purple Die Cut Prizm] #62,$1.45,,,,,,,,,,,,$1.59,,,,,,1,,,,,2014-12-04
190933,Basketball Cards 2014 Panini Prizm,Ryan Anderson [Red Prizm] #62,$6.00,,,,,,,,,,,$1.30,$6.59,,,,,,1,,,,,2014-12-04
191708,Basketball Cards 2014 Panini Prizm,Ryan Anderson [Red Pulsar Prizm] #62,$1.99,,,,,,,,,,,,$2.19,,,,,,1,,,,,2014-12-04
191195,Basketball Cards 2014 Panini Prizm,"Ryan Anderson [Red, White, and Blue Pulsar Prizm] #62",$0.99,,,,,,,,,,,,$1.09,,,,,,1,,,,,2014-12-04
12249608,Basketball Cards 2014 Panini Prizm,Ryan Anderson [Yellow and Red Mosaic Prizm] #62,,,,,,,,,,,,,,,,,,,0,,,,,2014-12-04
190090,Basketball Cards 2014 Panini Prizm,Sam Jones #157,$1.72,,,$21.99,$24.00,,,,,,,,$1.89,,,,,,5,,,,,2014-12-04
12248254,Basketball Cards 2014 Panini Prizm,Sam Jones [Black Prizm] #157,,,,,,,,,,,,,,,,,,,0,,,,,2014-12-04
12248320,Basketball Cards 2014 Panini Prizm,Sam Jones [Black Pulsar Prizm] #157,,,,,,,,,,,,,,,,,,,0,,,,,2014-12-04
136496,Basketball Cards 2014 Panini Prizm,Sam Jones [Blue Mojo Prizm] #157,$2.73,,,,,,,,,,,,$2.99,,,,,,1,,,,,2014-12-04
190306,Basketball Cards 2014 Panini Prizm,Sam Jones [Blue Prizm] #157,$4.49,,,,,,,,,,,$1.00,$4.89,,,,,,1,,,,,2014-12-04
12248924,Basketball Cards 2014 Panini Prizm,Sam Jones [Blue Wave Prizm] #157,,,,,,$34.99,$45.00,$21.00,$21.00,,,,,,,,,,1,,,,,2014-12-04
12248581,Basketball Cards 2014 Panini Prizm,Sam Jones [Blue and Green Prizm] #157,,,,,,,,,,,,,,,,,,,0,,,,,2014-12-04
192299,Basketball Cards 2014 Panini Prizm,Sam Jones [Gold Prizm] #157,$163.95,,,$70.00,$77.00,,,,,,,$90.00,$180.00,,,,,,1,,,,,2014-12-04
12249089,Basketball Cards 2014 Panini Prizm,Sam Jones [Gold Pulsar Prizm] #157,,,,$149.99,$165.00,,,,,,,,,,,,,,1,,,,,2014-12-04
190789,Basketball Cards 2014 Panini Prizm,Sam Jones [Green Prizm] #157,$1.99,,,,,,,,,,,,$2.19,,,,,,2,,,,,2014-12-04
191532,Basketball Cards 2014 Panini Prizm,Sam Jones [Light Blue Prizm] #157,$14.99,,,$10.50,$12.00,,,,,,,$4.00,$15.99,,,,,,2,,,,,2014-12-04
12249407,Basketball Cards 2014 Panini Prizm,Sam Jones [Orange Die Cut Prizm] #157,,,,,,,,,,,,,,,,,,,0,,,,,2014-12-04
192550,Basketball Cards 2014 Panini Prizm,Sam Jones [Prizm] #157,$7.40,,,,,,,,,,,$1.60,$8.09,,,,,,1,,,,,2014-12-04
192038,Basketball Cards 2014 Panini Prizm,Sam Jones [Purple Die Cut Prizm] #157,$4.25,,,,,,,,,,,$0.90,$4.69,,,,,,2,,,,,2014-12-04
191016,Basketball Cards 2014 Panini Prizm,Sam Jones [Red Prizm] #157,$11.75,,,,,,,,,,,$3.30,$12.99,,,,,,0,,,,,2014-12-04
191788,Basketball Cards 2014 Panini Prizm,Sam Jones [Red Pulsar Prizm] #157,$6.51,,,,,,,,,,,$1.40,$7.19,,,,,,1,,,,,2014-12-04
191277,Basketball Cards 2014 Panini Prizm,"Sam Jones [Red, White, and Blue Pulsar Prizm] #157",$1.23,,,,,,,,,,,,$1.39,,,,,,1,,,,,2014-12-04
136497,Basketball Cards 2014 Panini Prizm,Sam Jones [Yellow and Red Mosaic Prizm] #157,$2.11,,,,,,,,,,,,$2.29,,,,,,1,,,,,2014-12-04
190115,Basketball Cards 2014 Panini Prizm,Sam Perkins #199,$1.59,,,,,,,,,,,,$1.79,,,,,,1,,,,,2014-12-04
12248249,Basketball Cards 2014 Panini Prizm,Sam Perkins [Black Prizm] #199,,,,,,,,,,,,,,,,,,,0,,,,,2014-12-04
12248398,Basketball Cards 2014 Panini Prizm,Sam Perkins [Black Pulsar Prizm] #199,,,,,,,,,,,,,,,,,,,0,,,,,2014-12-04
190580,Basketball Cards 2014 Panini Prizm,Sam Perkins [Blue Mojo Prizm] #199,$2.37,,,,,,,,,,,,$2.59,,,,,,1,,,,,2014-12-04
190342,Basketball Cards 2014 Panini Prizm,Sam Perkins [Blue Prizm] #199,$2.24,,,,,$29.99,$39.00,$18.00,$18.00,,,,$2.49,,,,,,2,,,,,2014-12-04
12248979,Basketball Cards 2014 Panini Prizm,Sam Perkins [Blue Wave Prizm] #199,,,,,,,,,,,,,,,,,,,0,,,,,2014-12-04
12248612,Basketball Cards 2014 Panini Prizm,Sam Perkins [Blue and Green Prizm] #199,$1.44,,,,,,,,,,,,$1.59,,,,,,1,,,,,2014-12-04
192337,Basketball Cards 2014 Panini Prizm,Sam Perkins [Gold Prizm] #199,$42.99,,,,,$187.05,$243.00,$112.00,$112.00,,,$18.80,$46.99,,,,,,2,,,,,2014-12-04
12249149,Basketball Cards 2014 Panini Prizm,Sam Perkins [Gold Pulsar Prizm] #199,,,,,,,,,,,,,,,,,,,0,,,,,2014-12-04
190822,Basketball Cards 2014 Panini Prizm,Sam Perkins [Green Prizm] #199,$1.39,,,,,$19.97,$26.00,$12.00,$12.00,,,,$1.49,,,,,,2,,,,,2014-12-04
191572,Basketball Cards 2014 Panini Prizm,Sam Perkins [Light Blue Prizm] #199,$2.43,,,,,,,,,,,,$2.69,,,,,,1,,,,,2014-12-04
12249470,Basketball Cards 2014 Panini Prizm,Sam Perkins [Orange Die Cut Prizm] #199,,,,,,,,,,,,,,,,,,,0,,,,,2014-12-04
192585,Basketball Cards 2014 Panini Prizm,Sam Perkins [Prizm] #199,$1.55,,,,,,,,,,,,$1.69,,,,,,1,,,,,2014-12-04
192078,Basketball Cards 2014 Panini Prizm,Sam Perkins [Purple Die Cut Prizm] #199,$1.79,,,,,,,,,,,,$1.99,,,,,,2,,,,,2014-12-04
191056,Basketball Cards 2014 Panini Prizm,Sam Perkins [Red Prizm] #199,$1.38,,,,,$9.51,$12.00,$6.00,$6.00,,,,$1.49,,,,,,2,,,,,2014-12-04
191829,Basketball Cards 2014 Panini Prizm,Sam Perkins [Red Pulsar Prizm] #199,$2.47,,,,,,,,,,,,$2.69,,,,,,1,,,,,2014-12-04
191317,Basketball Cards 2014 Panini Prizm,"Sam Perkins [Red, White, and Blue Pulsar Prizm] #199",$1.78,,,,,,,,,,,,$1.99,,,,,,1,,,,,2014-12-04
12249710,Basketball Cards 2014 Panini Prizm,Sam Perkins [Yellow and Red Mosaic Prizm] #199,$1.52,,,,,$24.00,$31.00,$14.00,$14.00,,,,$1.69,,,,,,2,,,,,2014-12-04
190121,Basketball Cards 2014 Panini Prizm,Sarunas Marciulionis #208,$1.35,,,$18.64,$21.00,$29.99,$39.00,$18.00,$18.00,,,,$1.49,,,,,,7,,,,,2014-12-04
12248104,Basketball Cards 2014 Panini Prizm,Sarunas Marciulionis [Black Prizm] #208,,,,,,,,,,,,,,,,,,,0,,,,,2014-12-04
12248437,Basketball Cards 2014 Panini Prizm,Sarunas Marciulionis [Black Pulsar Prizm] #208,,,,,,,,,,,,,,,,,,,0,,,,,2014-12-04
190587,Basketball Cards 2014 Panini Prizm,Sarunas Marciulionis [Blue Mojo Prizm] #208,$2.49,,,,,,,,,,,,$2.69,,,,,,1,,,,,2014-12-04
190351,Basketball Cards 2014 Panini Prizm,Sarunas Marciulionis [Blue Prizm] #208,$8.22,,,,,,,,,,,$1.80,$8.99,,,,,,1,,,,,2014-12-04
12248995,Basketball Cards 2014 Panini Prizm,Sarunas Marciulionis [Blue Wave Prizm] #208,,,,,,,,,,,,,,,,,,,0,,,,,2014-12-04
12248621,Basketball Cards 2014 Panini Prizm,Sarunas Marciulionis [Blue and Green Prizm] #208,,,,,,,,,,,,,,,,,,,0,,,,,2014-12-04
192345,Basketball Cards 2014 Panini Prizm,Sarunas Marciulionis [Gold Prizm] #208,$59.99,,,,,,,,,,,$26.40,$65.99,,,,,,1,,,,,2014-12-04
12249164,Basketball Cards 2014 Panini Prizm,Sarunas Marciulionis [Gold Pulsar Prizm] #208,$120.28,,,$96.00,$106.00,,,,,,,$66.00,$132.00,,,,,,2,,,,,2014-12-04
190827,Basketball Cards 2014 Panini Prizm,Sarunas Marciulionis [Green Prizm] #208,$1.63,,,,,,,,,,,,$1.79,,,,,,1,,,,,2014-12-04
191581,Basketball Cards 2014 Panini Prizm,Sarunas Marciulionis [Light Blue Prizm] #208,$8.59,,,,,,,,,,,$1.90,$9.49,,,,,,1,,,,,2014-12-04
12249482,Basketball Cards 2014 Panini Prizm,Sarunas Marciulionis [Orange Die Cut Prizm] #208,,,,,,,,,,,,,,,,,,,0,,,,,2014-12-04
192593,Basketball Cards 2014 Panini Prizm,Sarunas Marciulionis [Prizm] #208,$5.18,,,,,,,,,,,$1.10,$5.69,,,,,,1,,,,,2014-12-04
192087,Basketball Cards 2014 Panini Prizm,Sarunas Marciulionis [Purple Die Cut Prizm] #208,$2.18,,,,,,,,,,,,$2.39,,,,,,1,,,,,2014-12-04
191065,Basketball Cards 2014 Panini Prizm,Sarunas Marciulionis [Red Prizm] #208,$5.43,,,,,,,,,,,$1.20,$5.99,,,,,,1,,,,,2014-12-04
191837,Basketball Cards 2014 Panini Prizm,Sarunas Marciulionis [Red Pulsar Prizm] #208,$5.50,,,,,,,,,,,$1.20,$6.09,,,,,,1,,,,,2014-12-04
191326,Basketball Cards 2014 Panini Prizm,"Sarunas Marciulionis [Red, White, and Blue Pulsar Prizm] #208",$2.99,,,,,,,,,,,,$3.29,,,,,,1,,,,,2014-12-04
136616,Basketball Cards 2014 Panini Prizm,Sarunas Marciulionis [Yellow and Red Mosaic Prizm] #208,$1.94,,,,,,,,,,,,$2.09,,,,,,1,,,,,2014-12-04
136640,Basketball Cards 2014 Panini Prizm,Scottie Pippen #218,$1.89,,$6.49,$18.06,$22.54,$27.00,$35.00,$16.00,$16.00,,,,$2.09,,,$1.40,$7.09,,13,,,,,2014-12-04
12248122,Basketball Cards 2014 Panini Prizm,Scottie Pippen [Black Prizm] #218,,,,,,,,,,,,,,,,,,,0,,,,,2014-12-04
12248457,Basketball Cards 2014 Panini Prizm,Scottie Pippen [Black Pulsar Prizm] #218,,,,,,,,,,,,,,,,,,,0,,,,,2014-12-04
190596,Basketball Cards 2014 Panini Prizm,Scottie Pippen [Blue Mojo Prizm] #218,$14.16,,,,,$28.07,$36.00,$17.00,$17.00,,,$4.00,$15.99,,,,,,4,,,,,2014-12-04
190360,Basketball Cards 2014 Panini Prizm,Scottie Pippen [Blue Prizm] #218,$10.50,,$32.00,$35.00,$36.00,$42.00,$55.00,$25.00,$25.00,,,$3.00,$11.99,,,$10.50,$34.99,,7,,,,,2014-12-04
12248951,Basketball Cards 2014 Panini Prizm,Scottie Pippen [Blue Wave Prizm] #218,$11.99,,,,,,,,,,,$3.30,$12.99,,,,,,1,,,,,2014-12-04
136641,Basketball Cards 2014 Panini Prizm,Scottie Pippen [Blue and Green Prizm] #218,$3.00,,,$16.86,$19.00,$31.49,$41.00,$19.00,$19.00,,,,$3.29,,,,,,7,,,,,2014-12-04
192354,Basketball Cards 2014 Panini Prizm,Scottie Pippen [Gold Prizm] #218,$2700.00,,,,$2700.00,,,,,,,$1782.00,$2970.00,,,,,,1,,,,,2014-12-04
12249176,Basketball Cards 2014 Panini Prizm,Scottie Pippen [Gold Pulsar Prizm] #218,,,,,,,,,,,,,,,,,,,0,,,,,2014-12-04
190832,Basketball Cards 2014 Panini Prizm,Scottie Pippen [Green Prizm] #218,$4.65,,,$17.92,$20.00,$61.15,$80.00,$37.00,$37.00,,,$1.00,$5.09,,,,,,5,,,,,2014-12-04
136642,Basketball Cards 2014 Panini Prizm,Scottie Pippen [Light Blue Prizm] #218,$13.50,,,,,$20.50,$27.00,$12.00,$12.00,,,$3.80,$14.99,,,,,,2,,,,,2014-12-04
136643,Basketball Cards 2014 Panini Prizm,Scottie Pippen [Orange Die Cut Prizm] #218,$19.06,,,$32.00,$35.00,$51.00,$66.00,$31.00,$31.00,,,$6.30,$20.99,,,,,,3,,,,,2014-12-04
136644,Basketball Cards 2014 Panini Prizm,Scottie Pippen [Prizm] #218,$7.01,,,$21.43,$24.00,,,,,,,$1.50,$7.69,,,,,,5,,,,,2014-12-04
192097,Basketball Cards 2014 Panini Prizm,Scottie Pippen [Purple Die Cut Prizm] #218,$27.52,,,,,,,,,,,$9.00,$29.99,,,,,,2,,,,,2014-12-04
191075,Basketball Cards 2014 Panini Prizm,Scottie Pippen [Red Prizm] #218,$3.38,,,$15.00,$17.00,,,,,,,,$3.69,,,,,,4,,,,,2014-12-04
191843,Basketball Cards 2014 Panini Prizm,Scottie Pippen [Red Pulsar Prizm] #218,,,,,,,,,,,,,,,,,,,0,,,,,2014-12-04
191335,Basketball Cards 2014 Panini Prizm,"Scottie Pippen [Red, White, and Blue Pulsar Prizm] #218",$7.46,,,,,$50.00,$65.00,$30.00,$30.00,,,$1.60,$8.19,,,,,,6,,,,,2014-12-04
12249731,Basketball Cards 2014 Panini Prizm,Scottie Pippen [Yellow and Red Mosaic Prizm] #218,,,,,,$66.00,$86.00,$40.00,$40.00,,,,,,,,,,1,,,,,2014-12-04
190026,Basketball Cards 2014 Panini Prizm,Serge Ibaka #72,$1.27,,,,,,,,,,,,$1.39,,,,,,5,,,,,2014-12-04
12248050,Basketball Cards 2014 Panini Prizm,Serge Ibaka [Black Prizm] #72,,,,,,,,,,,,,,,,,,,0,,,,,2014-12-04
12248436,Basketball Cards 2014 Panini Prizm,Serge Ibaka [Black Pulsar Prizm] #72,,,,,,,,,,,,,,,,,,,0,,,,,2014-12-04
190490,Basketball Cards 2014 Panini Prizm,Serge Ibaka [Blue Mojo Prizm] #72,$3.00,,,,,,,,,,,,$3.29,,,,,,1,,,,,2014-12-04
190233,Basketball Cards 2014 Panini Prizm,Serge Ibaka [Blue Prizm] #72,$2.40,,,,,,,,,,,,$2.59,,,,,,1,,,,,2014-12-04
12248865,Basketball Cards 2014 Panini Prizm,Serge Ibaka [Blue Wave Prizm] #72,$3.66,,$8.00,$13.89,$25.12,$36.51,$47.00,$22.00,$22.00,,,$0.80,$3.99,,,$1.80,$8.79,,9,,,,,2014-12-04
12248724,Basketball Cards 2014 Panini Prizm,Serge Ibaka [Blue and Green Prizm] #72,$0.99,,,,,,,,,,,,$1.09,,,,,,1,,,,,2014-12-04
192225,Basketball Cards 2014 Panini Prizm,Serge Ibaka [Gold Prizm] #72,$299.00,,,,$53.00,$430.00,$559.00,$258.00,$258.00,,,$164.50,$329.00,,,,,,2,,,,,2014-12-04
12249227,Basketball Cards 2014 Panini Prizm,Serge Ibaka [Gold Pulsar Prizm] #72,,,,,,,,,,,,,,,,,,,0,,,,,2014-12-04
190723,Basketball Cards 2014 Panini Prizm,Serge Ibaka [Green Prizm] #72,$1.69,,,,,,,,,,,,$1.89,,,,,,2,,,,,2014-12-04
191456,Basketball Cards 2014 Panini Prizm,Serge Ibaka [Light Blue Prizm] #72,$9.14,,,,,,,,,,,$2.00,$9.99,,,,,,1,,,,,2014-12-04
12249399,Basketball Cards 2014 Panini Prizm,Serge Ibaka [Orange Die Cut Prizm] #72,,,,,,,,,,,,,,,,,,,0,,,,,2014-12-04
192483,Basketball Cards 2014 Panini Prizm,Serge Ibaka [Prizm] #72,$3.25,,,,,,,,,,,,$3.59,,,,,,1,,,,,2014-12-04
191967,Basketball Cards 2014 Panini Prizm,Serge Ibaka [Purple Die Cut Prizm] #72,$4.72,,,,,,,,,,,$1.00,$5.19,,,,,,4,,,,,2014-12-04
190941,Basketball Cards 2014 Panini Prizm,Serge Ibaka [Red Prizm] #72,$1.93,,,,,,,,,,,,$2.09,,,,,,1,,,,,2014-12-04
191718,Basketball Cards 2014 Panini Prizm,Serge Ibaka [Red Pulsar Prizm] #72,$18.99,,,,,,,,,,,$6.30,$20.99,,,,,,0,,,,,2014-12-04
191205,Basketball Cards 2014 Panini Prizm,"Serge Ibaka [Red, White, and Blue Pulsar Prizm] #72",$2.28,,,,,,,,,,,,$2.49,,,,,,1,,,,,2014-12-04
12249618,Basketball Cards 2014 Panini Prizm,Serge Ibaka [Yellow and Red Mosaic Prizm] #72,$0.99,,,,,,,,,,,,$1.09,,,,,,1,,,,,2014-12-04
136881,Basketball Cards 2014 Panini Prizm,Shabazz Napier #271,$1.81,,,,,$47.30,$61.00,$28.00,$28.00,,,,$1.99,,,,,,5,,,,,2014-12-04
12248202,Basketball Cards 2014 Panini Prizm,Shabazz Napier [Black Prizm] #271,,,,,,,,,,,,,,,,,,,0,,,,,2014-12-04
12248530,Basketball Cards 2014 Panini Prizm,Shabazz Napier [Black Pulsar Prizm] #271,,,,,,,,,,,,,,,,,,,0,,,,,2014-12-04
190637,Basketball Cards 2014 Panini Prizm,Shabazz Napier [Blue Mojo Prizm] #271,$2.90,,,,,,,,,,,,$3.19,,,,,,1,,,,,2014-12-04
190401,Basketball Cards 2014 Panini Prizm,Shabazz Napier [Blue Prizm] #271,$3.19,,,,,$31.00,$40.00,$19.00,$19.00,,,,$3.49,,,,,,2,,,,,2014-12-04
12249028,Basketball Cards 2014 Panini Prizm,Shabazz Napier [Blue Wave Prizm] #271,$2.99,,,,,,,,,,,,$3.29,,,,,,1,,,,,2014-12-04
4653949,Basketball Cards 2014 Panini Prizm,Shabazz Napier [Blue and Green Prizm] #271,$2.21,,,,,,,,,,,,$2.39,,,,,,1,,,,,2014-12-04
192397,Basketball Cards 2014 Panini Prizm,Shabazz Napier [Gold Prizm] #271,,,,$255.00,$281.00,,,,,,,,,,,,,,2,,,,,2014-12-04
12249257,Basketball Cards 2014 Panini Prizm,Shabazz Napier [Gold Pulsar Prizm] #271,,,,,,,,,,,,,,,,,,,0,,,,,2014-12-04
136882,Basketball Cards 2014 Panini Prizm,Shabazz Napier [Green Prizm] #271,$3.82,,,,,,,,,,,$0.80,$4.19,,,,,,1,,,,,2014-12-04
191627,Basketball Cards 2014 Panini Prizm,Shabazz Napier [Light Blue Prizm] #271,$6.89,,,,,,,,,,,$1.50,$7.59,,,,,,1,,,,,2014-12-04
12249532,Basketball Cards 2014 Panini Prizm,Shabazz Napier [Orange Die Cut Prizm] #271,,,,,,,,,,,,,,,,,,,0,,,,,2014-12-04
136883,Basketball Cards 2014 Panini Prizm,Shabazz Napier [Prizm] #271,$1.99,,,$7.50,$8.00,,,,,,,,$2.19,,,,,,2,,,,,2014-12-04
192139,Basketball Cards 2014 Panini Prizm,Shabazz Napier [Purple Die Cut Prizm] #271,$3.26,,,,,,,,,,,,$3.59,,,,,,1,,,,,2014-12-04
191118,Basketball Cards 2014 Panini Prizm,Shabazz Napier [Red Prizm] #271,$2.75,,,,,,,,,,,,$2.99,,,,,,2,,,,,2014-12-04
191880,Basketball Cards 2014 Panini Prizm,Shabazz Napier [Red Pulsar Prizm] #271,$5.55,,,,,,,,,,,$1.20,$6.09,,,,,,1,,,,,2014-12-04
136884,Basketball Cards 2014 Panini Prizm,"Shabazz Napier [Red, White, and Blue Pulsar Prizm] #271",$2.99,,,,,,,,,,,,$3.29,,,,,,1,,,,,2014-12-04
4682831,Basketball Cards 2014 Panini Prizm,Shabazz Napier [Yellow and Red Mosaic Prizm] #271,$2.10,,,,,,,,,,,,$2.29,,,,,,1,,,,,2014-12-04
136672,Basketball Cards 2014 Panini Prizm,Shaquille O'Neal #228,$1.00,,$5.82,$12.19,$21.40,$38.37,$50.00,$9.04,$23.00,,,,$1.09,,,$1.30,$6.39,,22,,,,,2014-12-04
12248137,Basketball Cards 2014 Panini Prizm,Shaquille O'Neal [Black Prizm] #228,,,,,,,,,,,,,,,,,,,0,,,,,2014-12-04
12248475,Basketball Cards 2014 Panini Prizm,Shaquille O'Neal [Black Pulsar Prizm] #228,,,,,,,,,,,,,,,,,,,0,,,,,2014-12-04
190604,Basketball Cards 2014 Panini Prizm,Shaquille O'Neal [Blue Mojo Prizm] #228,$64.74,,,$88.47,$97.00,$241.67,$314.00,$145.00,$145.00,,,$28.40,$70.99,,,,,,7,,,,,2014-12-04
136674,Basketball Cards 2014 Panini Prizm,Shaquille O'Neal [Blue Prizm] #228,$30.82,,,$83.45,$92.00,$262.50,$341.00,$158.00,$158.00,,,$10.20,$33.99,,,,,,3,,,,,2014-12-04
136675,Basketball Cards 2014 Panini Prizm,Shaquille O'Neal [Blue Wave Prizm] #228,$36.75,,,,,$185.99,$242.00,$112.00,$112.00,,,$16.00,$39.99,,,,,,3,,,,,2014-12-04
136673,Basketball Cards 2014 Panini Prizm,Shaquille O'Neal [Blue and Green Prizm] #228,$9.51,,,$17.75,$20.00,$72.00,$94.00,$43.00,$43.00,,,$2.00,$9.99,,,,,,7,,,,,2014-12-04
136676,Basketball Cards 2014 Panini Prizm,Shaquille O'Neal [Gold Prizm] #228,,,,,,,$2800.00,,$494.00,,,,,,,,,,0,,,,,2014-12-04
12249191,Basketball Cards 2014 Panini Prizm,Shaquille O'Neal [Gold Pulsar Prizm] #228,,,,,,,,,,,,,,,,,,,0,,,,,2014-12-04
136677,Basketball Cards 2014 Panini Prizm,Shaquille O'Neal [Green Prizm] #228,$16.20,,$14.00,$27.35,$42.85,$98.00,$127.00,$59.00,$59.00,,,$4.50,$17.99,,,$3.80,$14.99,,9,,,,,2014-12-04
136678,Basketball Cards 2014 Panini Prizm,Shaquille O'Neal [Light Blue Prizm] #228,,,,$87.00,$96.00,$499.95,$650.00,$300.00,$300.00,,,,,,,,,,2,,,,,2014-12-04
136679,Basketball Cards 2014 Panini Prizm,Shaquille O'Neal [Orange Die Cut Prizm] #228,$34.00,,,,$33.96,$150.00,$195.00,$90.00,$90.00,,,$14.80,$36.99,,,,,,4,,,,,2014-12-04
136680,Basketball Cards 2014 Panini Prizm,Shaquille O'Neal [Prizm] #228,$17.05,,$19.04,$67.50,$74.00,$326.52,$424.00,$196.00,$196.00,,,$4.80,$18.99,,,$6.30,$20.99,,11,,,,,2014-12-04
136681,Basketball Cards 2014 Panini Prizm,Shaquille O'Neal [Purple Die Cut Prizm] #228,$49.99,,,,$69.00,$259.99,$338.00,$156.00,$156.00,,,$22.00,$54.99,,,,,,3,,,,,2014-12-04
191084,Basketball Cards 2014 Panini Prizm,Shaquille O'Neal [Red Prizm] #228,$52.02,,,,,$300.00,$390.00,$180.00,$180.00,,,$22.80,$56.99,,,,,,2,,,,,2014-12-04
136682,Basketball Cards 2014 Panini Prizm,Shaquille O'Neal [Red Pulsar Prizm] #228,$77.23,,,$39.89,$44.00,$200.00,$260.00,$120.00,$120.00,,,$34.00,$84.99,,,,,,3,,,,,2014-12-04
136683,Basketball Cards 2014 Panini Prizm,"Shaquille O'Neal [Red, White, and Blue Pulsar Prizm] #228",$15.75,,$17.93,$60.00,$66.00,$72.00,$94.00,$43.00,$43.00,,,$4.30,$16.99,,,$5.00,$19.99,,7,,,,,2014-12-04
136684,Basketball Cards 2014 Panini Prizm,Shaquille O'Neal [Yellow and Red Mosaic Prizm] #228,$11.49,,,$39.99,$44.00,$140.00,$182.00,$84.00,$84.00,,,$3.30,$12.99,,,,,,6,,,,,2014-12-04
190138,Basketball Cards 2014 Panini Prizm,Shawn Kemp #238,$1.58,,$6.33,$8.00,$16.31,$26.00,$34.00,$16.00,$16.00,,,,$1.69,,,$1.40,$6.99,,17,,,,,2014-12-04
12248154,Basketball Cards 2014 Panini Prizm,Shawn Kemp [Black Prizm] #238,,,,,,,,,,,,,,,,,,,0,,,,,2014-12-04
12248495,Basketball Cards 2014 Panini Prizm,Shawn Kemp [Black Pulsar Prizm] #238,,,,,,,,,,,,,,,,,,,0,,,,,2014-12-04
190614,Basketball Cards 2014 Panini Prizm,Shawn Kemp [Blue Mojo Prizm] #238,$14.42,,,,,$68.79,$89.00,$41.00,$41.00,,,$4.00,$15.99,,,,,,3,,,,,2014-12-04
136706,Basketball Cards 2014 Panini Prizm,Shawn Kemp [Blue Prizm] #238,$17.59,,,,,,,,,,,$4.80,$18.99,,,,,,2,,,,,2014-12-04
12249001,Basketball Cards 2014 Panini Prizm,Shawn Kemp [Blue Wave Prizm] #238,,,,,,,,,,,,,,,,,,,0,,,,,2014-12-04
12248644,Basketball Cards 2014 Panini Prizm,Shawn Kemp [Blue and Green Prizm] #238,$1.75,,,,,,,,,,,,$1.89,,,,,,1,,,,,2014-12-04
192369,Basketball Cards 2014 Panini Prizm,Shawn Kemp [Gold Prizm] #238,,,,,$265.00,$270.87,$352.00,$163.00,$163.00,,,,,,,,,,2,,,,,2014-12-04
12249206,Basketball Cards 2014 Panini Prizm,Shawn Kemp [Gold Pulsar Prizm] #238,,,,,,,,,,,,,,,,,,,0,,,,,2014-12-04
190844,Basketball Cards 2014 Panini Prizm,Shawn Kemp [Green Prizm] #238,$4.95,,,$18.27,$20.00,,,,,,,$1.10,$5.49,,,,,,6,,,,,2014-12-04
191607,Basketball Cards 2014 Panini Prizm,Shawn Kemp [Light Blue Prizm] #238,$22.88,,,,,,,,,,,$7.50,$24.99,,,,,,1,,,,,2014-12-04
12249509,Basketball Cards 2014 Panini Prizm,Shawn Kemp [Orange Die Cut Prizm] #238,,,,,,,,,,,,,,,,,,,0,,,,,2014-12-04
136707,Basketball Cards 2014 Panini Prizm,Shawn Kemp [Prizm] #238,$8.72,,,,,,,,,,,$1.90,$9.59,,,,,,4,,,,,2014-12-04
192115,Basketball Cards 2014 Panini Prizm,Shawn Kemp [Purple Die Cut Prizm] #238,$24.24,,,$10.50,$12.00,,,,,,,$8.10,$26.99,,,,,,3,,,,,2014-12-04
191094,Basketball Cards 2014 Panini Prizm,Shawn Kemp [Red Prizm] #238,$4.15,,,,,,,,,,,$0.90,$4.59,,,,,,3,,,,,2014-12-04
191859,Basketball Cards 2014 Panini Prizm,Shawn Kemp [Red Pulsar Prizm] #238,$82.00,,,$163.21,$180.00,,,,,,,$36.00,$89.99,,,,,,4,,,,,2014-12-04
136708,Basketball Cards 2014 Panini Prizm,"Shawn Kemp [Red, White, and Blue Pulsar Prizm] #238",$9.00,,,,,,,,,,,$2.00,$9.89,,,,,,4,,,,,2014-12-04
12249751,Basketball Cards 2014 Panini Prizm,Shawn Kemp [Yellow and Red Mosaic Prizm] #238,,,,,,,,,,,,,,,,,,,0,,,,,2014-12-04
190034,Basketball Cards 2014 Panini Prizm,Shawn Marion #82,$1.25,,,,,,,,,,,,$1.39,,,,,,2,,,,,2014-12-04
12248066,Basketball Cards 2014 Panini Prizm,Shawn Marion [Black Prizm] #82,,,,,,,,,,,,,,,,,,,0,,,,,2014-12-04
12248455,Basketball Cards 2014 Panini Prizm,Shawn Marion [Black Pulsar Prizm] #82,,,,,,,,,,,,,,,,,,,0,,,,,2014-12-04
190499,Basketball Cards 2014 Panini Prizm,Shawn Marion [Blue Mojo Prizm] #82,$1.25,,,,,,,,,,,,$1.39,,,,,,1,,,,,2014-12-04
190241,Basketball Cards 2014 Panini Prizm,Shawn Marion [Blue Prizm] #82,$1.49,,,,,,,,,,,,$1.59,,,,,,2,,,,,2014-12-04
12248882,Basketball Cards 2014 Panini Prizm,Shawn Marion [Blue Wave Prizm] #82,,,,,,,,,,,,,,,,,,,0,,,,,2014-12-04
12248738,Basketball Cards 2014 Panini Prizm,Shawn Marion [Blue and Green Prizm] #82,,,,,,,,,,,,,,,,,,,0,,,,,2014-12-04
192234,Basketball Cards 2014 Panini Prizm,Shawn Marion [Gold Prizm] #82,$11.50,,,,,$141.50,$184.00,$85.00,$85.00,,,$3.30,$12.99,,,,,,1,,,,,2014-12-04
12249244,Basketball Cards 2014 Panini Prizm,Shawn Marion [Gold Pulsar Prizm] #82,,,,,,,,,,,,,,,,,,,0,,,,,2014-12-04
190732,Basketball Cards 2014 Panini Prizm,Shawn Marion [Green Prizm] #82,$1.84,,,,,,,,,,,,$1.99,,,,,,2,,,,,2014-12-04
191465,Basketball Cards 2014 Panini Prizm,Shawn Marion [Light Blue Prizm] #82,$9.74,,,,,,,,,,,$2.80,$10.99,,,,,,1,,,,,2014-12-04
12249419,Basketball Cards 2014 Panini Prizm,Shawn Marion [Orange Die Cut Prizm] #82,$6.00,,,,,,,,,,,$1.30,$6.59,,,,,,1,,,,,2014-12-04
192492,Basketball Cards 2014 Panini Prizm,Shawn Marion [Prizm] #82,$2.92,,,,,,,,,,,,$3.19,,,,,,1,,,,,2014-12-04
191976,Basketball Cards 2014 Panini Prizm,Shawn Marion [Purple Die Cut Prizm] #82,$1.80,,,,,,,,,,,,$1.99,,,,,,2,,,,,2014-12-04
190949,Basketball Cards 2014 Panini Prizm,Shawn Marion [Red Prizm] #82,$1.17,,,,,,,,,,,,$1.29,,,,,,1,,,,,2014-12-04
191727,Basketball Cards 2014 Panini Prizm,Shawn Marion [Red Pulsar Prizm] #82,$3.01,,,,,,,,,,,,$3.29,,,,,,1,,,,,2014-12-04
191214,Basketball Cards 2014 Panini Prizm,"Shawn Marion [Red, White, and Blue Pulsar Prizm] #82",$0.99,,,,,,,,,,,,$1.09,,,,,,1,,,,,2014-12-04
12249635,Basketball Cards 2014 Panini Prizm,Shawn Marion [Yellow and Red Mosaic Prizm] #82,$1.47,,,,,,,,,,,,$1.59,,,,,,1,,,,,2014-12-04
136923,Basketball Cards 2014 Panini Prizm,Spencer Dinwiddie #281,$1.86,,$4.58,$6.50,$7.00,$7.06,$9.00,$4.00,$4.00,,,,$2.09,,,$1.00,$4.99,,23,,,,,2014-12-04
12248213,Basketball Cards 2014 Panini Prizm,Spencer Dinwiddie [Black Prizm] #281,,,,,,,,,,,,,,,,,,,0,,,,,2014-12-04
12248539,Basketball Cards 2014 Panini Prizm,Spencer Dinwiddie [Black Pulsar Prizm] #281,,,,,,,,,,,,,,,,,,,0,,,,,2014-12-04
136925,Basketball Cards 2014 Panini Prizm,Spencer Dinwiddie [Blue Mojo Prizm] #281,$21.24,,,$7.51,$8.00,$111.07,$144.00,$67.00,$67.00,,,$6.90,$22.99,,,,,,3,,,,,2014-12-04
190407,Basketball Cards 2014 Panini Prizm,Spencer Dinwiddie [Blue Prizm] #281,$7.84,,$5.29,$89.99,$99.00,$108.00,$140.00,$65.00,$25.00,,,$1.70,$8.59,,,$1.20,$5.79,,6,,,,,2014-12-04
12249037,Basketball Cards 2014 Panini Prizm,Spencer Dinwiddie [Blue Wave Prizm] #281,,,,,,,,,,,,,,,,,,,0,,,,,2014-12-04
136924,Basketball Cards 2014 Panini Prizm,Spencer Dinwiddie [Blue and Green Prizm] #281,$3.31,,,$24.99,$27.00,$30.00,$39.00,$18.00,$18.00,,,,$3.59,,,,,,5,,,,,2014-12-04
136926,Basketball Cards 2014 Panini Prizm,Spencer Dinwiddie [Gold Prizm] #281,$200.00,,$115.05,$127.00,$140.00,$1499.95,$1950.00,$900.00,$900.00,,,$110.00,$220.00,,,$63.50,$127.00,,4,,,,,2014-12-04
12249269,Basketball Cards 2014 Panini Prizm,Spencer Dinwiddie [Gold Pulsar Prizm] #281,,,,,,,,,,,,,,,,,,,0,,,,,2014-12-04
136927,Basketball Cards 2014 Panini Prizm,Spencer Dinwiddie [Green Prizm] #281,$5.50,,$8.51,$22.34,$25.00,,,,,,,$1.20,$6.09,,,$1.90,$9.39,,5,,,,,2014-12-04
191635,Basketball Cards 2014 Panini Prizm,Spencer Dinwiddie [Light Blue Prizm] #281,$19.99,,,$3.25,$4.00,,,,,,,$6.60,$21.99,,,,,,2,,,,,2014-12-04
12249540,Basketball Cards 2014 Panini Prizm,Spencer Dinwiddie [Orange Die Cut Prizm] #281,,,,,,,,,,,,,,,,,,,0,,,,,2014-12-04
136928,Basketball Cards 2014 Panini Prizm,Spencer Dinwiddie [Prizm] #281,$14.86,,,$67.50,$74.00,$218.87,$285.00,$131.00,$131.00,,,$4.00,$15.99,,,,,,6,,,,,2014-12-04
192147,Basketball Cards 2014 Panini Prizm,Spencer Dinwiddie [Purple Die Cut Prizm] #281,$2.26,,,$79.21,$87.00,$95.00,$124.00,$57.00,$57.00,,,,$2.49,,,,,,4,,,,,2014-12-04
136929,Basketball Cards 2014 Panini Prizm,Spencer Dinwiddie [Red Prizm] #281,$37.91,,,,$58.28,$100.00,$130.00,$60.00,$60.00,,,$16.80,$41.99,,,,,,3,,,,,2014-12-04
191890,Basketball Cards 2014 Panini Prizm,Spencer Dinwiddie [Red Pulsar Prizm] #281,,,,$3.25,$4.00,$70.00,$91.00,$42.00,$42.00,,,,,,,,,,2,,,,,2014-12-04
136930,Basketball Cards 2014 Panini Prizm,"Spencer Dinwiddie [Red, White, and Blue Pulsar Prizm] #281",$3.71,,,$6.66,$7.00,$100.00,$130.00,$60.00,$60.00,,,$0.80,$4.09,,,,,,4,,,,,2014-12-04
136931,Basketball Cards 2014 Panini Prizm,Spencer Dinwiddie [Yellow and Red Mosaic Prizm] #281,$1.98,,,$33.46,$37.00,$91.65,$119.00,$55.00,$55.00,,,,$2.19,,,,,,5,,,,,2014-12-04
190143,Basketball Cards 2014 Panini Prizm,Spud Webb #247,$1.49,,,,,,,,,,,,$1.59,,,,,,2,,,,,2014-12-04
12248166,Basketball Cards 2014 Panini Prizm,Spud Webb [Black Prizm] #247,,,,,,,,,,,,,,,,,,,0,,,,,2014-12-04
12248505,Basketball Cards 2014 Panini Prizm,Spud Webb [Black Pulsar Prizm] #247,,,,,,,,,,,,,,,,,,,0,,,,,2014-12-04
190623,Basketball Cards 2014 Panini Prizm,Spud Webb [Blue Mojo Prizm] #247,$6.67,,,,,,,,,,,$1.50,$7.29,,,,,,1,,,,,2014-12-04
190385,Basketball Cards 2014 Panini Prizm,Spud Webb [Blue Prizm] #247,$3.50,,,,,,,,,,,$0.80,$3.89,,,,,,1,,,,,2014-12-04
12249014,Basketball Cards 2014 Panini Prizm,Spud Webb [Blue Wave Prizm] #247,,,,,,,,,,,,,,,,,,,0,,,,,2014-12-04
12248654,Basketball Cards 2014 Panini Prizm,Spud Webb [Blue and Green Prizm] #247,,,,,,,,,,,,,,,,,,,0,,,,,2014-12-04
192378,Basketball Cards 2014 Panini Prizm,Spud Webb [Gold Prizm] #247,$500.00,,,$79.99,$88.00,,,,,,,$330.00,$550.00,,,,,,2,,,,,2014-12-04
12249224,Basketball Cards 2014 Panini Prizm,Spud Webb [Gold Pulsar Prizm] #247,,,,,,,,,,,,,,,,,,,0,,,,,2014-12-04
190851,Basketball Cards 2014 Panini Prizm,Spud Webb [Green Prizm] #247,$1.35,,,,,,,,,,,,$1.49,,,,,,3,,,,,2014-12-04
191615,Basketball Cards 2014 Panini Prizm,Spud Webb [Light Blue Prizm] #247,$5.74,,,,,,,,,,,$1.30,$6.29,,,,,,2,,,,,2014-12-04
12249517,Basketball Cards 2014 Panini Prizm,Spud Webb [Orange Die Cut Prizm] #247,,,,,,,,,,,,,,,,,,,0,,,,,2014-12-04
192624,Basketball Cards 2014 Panini Prizm,Spud Webb [Prizm] #247,$5.14,,,,,,,,,,,$1.10,$5.69,,,,,,1,,,,,2014-12-04
192123,Basketball Cards 2014 Panini Prizm,Spud Webb [Purple Die Cut Prizm] #247,$2.62,,,,,$40.00,$52.00,$24.00,$24.00,,,,$2.89,,,,,,3,,,,,2014-12-04
191102,Basketball Cards 2014 Panini Prizm,Spud Webb [Red Prizm] #247,$1.33,,,,,,,,,,,,$1.49,,,,,,2,,,,,2014-12-04
191867,Basketball Cards 2014 Panini Prizm,Spud Webb [Red Pulsar Prizm] #247,$23.25,,,$49.99,$55.00,,,,,,,$7.80,$25.99,,,,,,1,,,,,2014-12-04
191361,Basketball Cards 2014 Panini Prizm,"Spud Webb [Red, White, and Blue Pulsar Prizm] #247",$2.00,,,,,,,,,,,,$2.19,,,,,,2,,,,,2014-12-04
12249759,Basketball Cards 2014 Panini Prizm,Spud Webb [Yellow and Red Mosaic Prizm] #247,$3.25,,,$18.50,$20.00,,,,,,,,$3.59,,,,,,2,,,,,2014-12-04
136300,Basketball Cards 2014 Panini Prizm,Stephen Curry #92,$15.55,$10.50,$31.60,$52.78,$58.00,$118.00,$153.00,$30.25,$69.99,,,$4.30,$16.99,$3.00,$11.99,$10.50,$34.99,,188,,,,,2014-12-04
12248082,Basketball Cards 2014 Panini Prizm,Stephen Curry [Black Prizm] #92,,,,,,,,,,,,,,,,,,,0,,,,,2014-12-04
12248479,Basketball Cards 2014 Panini Prizm,Stephen Curry [Black Pulsar Prizm] #92,,,,,,,,,,,,,,,,,,,0,,,,,2014-12-04
136303,Basketball Cards 2014 Panini Prizm,Stephen Curry [Blue Mojo Prizm] #92,$351.00,,$610.00,$671.00,$738.00,$999.99,$1300.00,$600.00,$600.00,,,$193.00,$386.00,,,$402.60,$671.00,,4,,,,,2014-12-04
136305,Basketball Cards 2014 Panini Prizm,Stephen Curry [Blue Prizm] #92,$899.00,,$1988.45,$2187.00,$2406.00,$3718.00,$4833.00,$2231.00,$2231.00,,,$593.40,$989.00,,,$1312.20,$2187.00,,8,,,,,2014-12-04
136306,Basketball Cards 2014 Panini Prizm,Stephen Curry [Blue Wave Prizm] #92,$80.00,,$56.99,$127.50,$140.00,$565.51,$735.00,$339.00,$339.00,,,$35.20,$87.99,,,$25.20,$62.99,,5,,,,,2014-12-04
136302,Basketball Cards 2014 Panini Prizm,Stephen Curry [Blue and Green Prizm] #92,$99.27,,$86.31,$125.50,$158.77,$273.28,$355.00,$164.00,$164.00,,,$54.50,$109.00,,,$38.00,$94.99,,11,,,,,2014-12-04
192243,Basketball Cards 2014 Panini Prizm,Stephen Curry [Gold Prizm] #92,$19.99,,,,,$32.93,$43.00,$20.00,$20.00,,,$6.60,$21.99,,,,,,1,,,,,2014-12-04
12249277,Basketball Cards 2014 Panini Prizm,Stephen Curry [Gold Pulsar Prizm] #92,,,,,,,,,,,,,,,,,,,0,,,,,2014-12-04
136307,Basketball Cards 2014 Panini Prizm,Stephen Curry [Green Prizm] #92,$96.13,,$61.62,$181.49,$189.00,$192.50,$250.00,$116.00,$116.00,,,$53.00,$106.00,,,$27.20,$67.99,,12,,,,,2014-12-04
136308,Basketball Cards 2014 Panini Prizm,Stephen Curry [Light Blue Prizm] #92,,,,$389.77,$709.00,,$695.49,,,,,,,,,,,,2,,,,,2014-12-04
136309,Basketball Cards 2014 Panini Prizm,Stephen Curry [Orange Die Cut Prizm] #92,$136.73,$99.00,,$137.50,$432.34,$448.00,$582.00,$269.00,$269.00,,,$75.00,$150.00,$54.50,$109.00,,,,6,,,,,2014-12-04
136310,Basketball Cards 2014 Panini Prizm,Stephen Curry [Prizm] #92,$91.48,,$437.34,$482.63,$531.00,$1009.00,$812.07,$605.00,$605.00,,,$50.50,$101.00,,,$240.50,$481.00,,16,,,,,2014-12-04
136311,Basketball Cards 2014 Panini Prizm,Stephen Curry [Purple Die Cut Prizm] #92,$266.91,,,$231.49,$255.00,$495.70,$644.00,$297.00,$297.00,,,$147.00,$294.00,,,,,,3,,,,,2014-12-04
136312,Basketball Cards 2014 Panini Prizm,Stephen Curry [Red Prizm] #92,$760.00,,,$2019.10,$2221.00,$3000.00,$3900.00,$1800.00,$1800.00,,,$501.60,$836.00,,,,,,3,,,,,2014-12-04
191734,Basketball Cards 2014 Panini Prizm,Stephen Curry [Red Pulsar Prizm] #92,,,,$2923.64,$3216.00,,,,,,,,,,,,,,1,,,,,2014-12-04
136313,Basketball Cards 2014 Panini Prizm,"Stephen Curry [Red, White, and Blue Pulsar Prizm] #92",$94.89,,$34.00,$100.00,$110.00,$380.00,$494.00,$228.00,$54.77,,,$52.00,$104.00,,,$14.80,$36.99,,23,,,,,2014-12-04
136314,Basketball Cards 2014 Panini Prizm,Stephen Curry [Yellow and Red Mosaic Prizm] #92,$69.14,,,$89.47,$98.00,$220.00,$286.00,$132.00,$132.00,,,$30.40,$75.99,,,,,,11,,,,,2014-12-04
136340,Basketball Cards 2014 Panini Prizm,Steve Nash #102,$1.87,,,$3.25,$4.00,$29.00,$38.00,$17.00,$17.00,,,,$2.09,,,,,,7,,,,,2014-12-04
12248010,Basketball Cards 2014 Panini Prizm,Steve Nash [Black Prizm] #102,,,,,,,,,,,,,,,,,,,0,,,,,2014-12-04
12248261,Basketball Cards 2014 Panini Prizm,Steve Nash [Black Pulsar Prizm] #102,,,,,,,,,,,,,,,,,,,0,,,,,2014-12-04
190511,Basketball Cards 2014 Panini Prizm,Steve Nash [Blue Mojo Prizm] #102,$6.46,,,,,$18.51,$24.00,$11.00,$11.00,,,$1.40,$7.09,,,,,,3,,,,,2014-12-04
190258,Basketball Cards 2014 Panini Prizm,Steve Nash [Blue Prizm] #102,$5.75,,,$31.00,$34.00,,,,,,,$1.30,$6.29,,,,,,2,,,,,2014-12-04
12248909,Basketball Cards 2014 Panini Prizm,Steve Nash [Blue Wave Prizm] #102,,,,,,,,,,,,,,,,,,,0,,,,,2014-12-04
12248759,Basketball Cards 2014 Panini Prizm,Steve Nash [Blue and Green Prizm] #102,$2.75,,$7.26,$19.99,$23.85,$34.91,$45.00,$21.00,$21.00,,,,$2.99,,,$1.60,$7.99,,28,,,,,2014-12-04
192252,Basketball Cards 2014 Panini Prizm,Steve Nash [Gold Prizm] #102,,,,,$449.00,,,,,,,,,,,,,,1,,,,,2014-12-04
136342,Basketball Cards 2014 Panini Prizm,Steve Nash [Gold Pulsar Prizm] #102,,,,,,,,,,,,,,,,,,,0,,,,,2014-12-04
190747,Basketball Cards 2014 Panini Prizm,Steve Nash [Green Prizm] #102,$3.49,,$10.50,$13.50,$15.00,$16.00,$21.00,$10.00,$10.00,,,$0.80,$3.79,,,$3.00,$11.99,,5,,,,,2014-12-04
191482,Basketball Cards 2014 Panini Prizm,Steve Nash [Light Blue Prizm] #102,$25.61,,,,,,,,,,,$8.40,$27.99,,,,,,1,,,,,2014-12-04
12249451,Basketball Cards 2014 Panini Prizm,Steve Nash [Orange Die Cut Prizm] #102,$15.48,,$15.66,$23.82,$38.20,$53.25,$69.00,$32.00,$32.00,,,$4.30,$16.99,,,$4.30,$16.99,,14,,,,,2014-12-04
136341,Basketball Cards 2014 Panini Prizm,Steve Nash [Prizm] #102,$4.12,,$9.99,$10.50,$12.00,,,,,,,$0.90,$4.49,,,$2.80,$10.99,,3,,,,,2014-12-04
136343,Basketball Cards 2014 Panini Prizm,Steve Nash [Purple Die Cut Prizm] #102,$12.30,,,$5.50,$6.00,$29.00,$38.00,$17.00,$17.00,,,$3.50,$13.99,,,,,,4,,,,,2014-12-04
136344,Basketball Cards 2014 Panini Prizm,Steve Nash [Red Prizm] #102,$3.25,,,,,$10.50,$14.00,$6.00,$6.00,,,,$3.59,,,,,,5,,,,,2014-12-04
191742,Basketball Cards 2014 Panini Prizm,Steve Nash [Red Pulsar Prizm] #102,,,,,,,,,,,,,,,,,,,0,,,,,2014-12-04
136345,Basketball Cards 2014 Panini Prizm,"Steve Nash [Red, White, and Blue Pulsar Prizm] #102",$1.84,,,,,,,,,,,,$1.99,,,,,,2,,,,,2014-12-04
12249663,Basketball Cards 2014 Panini Prizm,Steve Nash [Yellow and Red Mosaic Prizm] #102,$2.99,,,$1.39,$18.18,$35.75,$46.00,$21.00,$21.00,,,,$3.29,,,,,,13,,,,,2014-12-04
190056,Basketball Cards 2014 Panini Prizm,Steven Adams #112,$2.19,,,,,,,,,,,,$2.39,,,,,,3,,,,,2014-12-04
12248029,Basketball Cards 2014 Panini Prizm,Steven Adams [Black Prizm] #112,,,,,,,,,,,,,,,,,,,0,,,,,2014-12-04
12248271,Basketball Cards 2014 Panini Prizm,Steven Adams [Black Pulsar Prizm] #112,,,,,,,,,,,,,,,,,,,0,,,,,2014-12-04
190518,Basketball Cards 2014 Panini Prizm,Steven Adams [Blue Mojo Prizm] #112,$6.46,,,,,,,,,,,$1.40,$7.09,,,,,,1,,,,,2014-12-04
190267,Basketball Cards 2014 Panini Prizm,Steven Adams [Blue Prizm] #112,$2.99,,,,,,,,,,,,$3.29,,,,,,3,,,,,2014-12-04
12248841,Basketball Cards 2014 Panini Prizm,Steven Adams [Blue Wave Prizm] #112,,,,,,,,,,,,,,,,,,,0,,,,,2014-12-04
136355,Basketball Cards 2014 Panini Prizm,Steven Adams [Blue and Green Prizm] #112,$3.00,,,,,,,,,,,,$3.29,,,,,,2,,,,,2014-12-04
192260,Basketball Cards 2014 Panini Prizm,Steven Adams [Gold Prizm] #112,$512.00,,,,,,,,,,,$337.80,$563.00,,,,,,1,,,,,2014-12-04
12249302,Basketball Cards 2014 Panini Prizm,Steven Adams [Gold Pulsar Prizm] #112,,,,,,,,,,,,,,,,,,,0,,,,,2014-12-04
136361,Basketball Cards 2014 Panini Prizm,Steven Adams [Green Prizm] #112,$2.19,,,,,,,,,,,,$2.39,,,,,,1,,,,,2014-12-04
191491,Basketball Cards 2014 Panini Prizm,Steven Adams [Light Blue Prizm] #112,$10.49,,,,,,,,,,,$3.00,$11.99,,,,,,1,,,,,2014-12-04
12249472,Basketball Cards 2014 Panini Prizm,Steven Adams [Orange Die Cut Prizm] #112,$5.49,,$9.51,$15.85,$27.70,$39.87,$52.00,$24.00,$24.00,,,$1.20,$5.99,,,$2.00,$9.99,,13,,,,,2014-12-04
192514,Basketball Cards 2014 Panini Prizm,Steven Adams [Prizm] #112,$9.16,,,,,,,,,,,$2.00,$9.99,,,,,,1,,,,,2014-12-04
191998,Basketball Cards 2014 Panini Prizm,Steven Adams [Purple Die Cut Prizm] #112,$2.26,,,,,$37.00,$48.00,$22.00,$22.00,,,,$2.49,,,,,,2,,,,,2014-12-04
136358,Basketball Cards 2014 Panini Prizm,Steven Adams [Red Prizm] #112,$10.96,,,,,,,,,,,$3.00,$11.99,,,,,,1,,,,,2014-12-04
136363,Basketball Cards 2014 Panini Prizm,Steven Adams [Red Pulsar Prizm] #112,,,,,,,,,,,,,,,,,,,0,,,,,2014-12-04
191239,Basketball Cards 2014 Panini Prizm,"Steven Adams [Red, White, and Blue Pulsar Prizm] #112",$1.80,,,,,,,,,,,,$1.99,,,,,,1,,,,,2014-12-04
136366,Basketball Cards 2014 Panini Prizm,Steven Adams [Yellow and Red Mosaic Prizm] #112,$1.99,,,$7.50,$8.00,,,,,,,,$2.19,,,,,,2,,,,,2014-12-04
190087,Basketball Cards 2014 Panini Prizm,Swen Nater #152,$1.05,,,,,,,,,,,,$1.19,,,,,,3,,,,,2014-12-04
12248120,Basketball Cards 2014 Panini Prizm,Swen Nater [Black Prizm] #152,,,,,,,,,,,,,,,,,,,0,,,,,2014-12-04
12248311,Basketball Cards 2014 Panini Prizm,Swen Nater [Black Pulsar Prizm] #152,,,,,,,,,,,,,,,,,,,0,,,,,2014-12-04
190548,Basketball Cards 2014 Panini Prizm,Swen Nater [Blue Mojo Prizm] #152,$2.38,,,,,,,,,,,,$2.59,,,,,,1,,,,,2014-12-04
190302,Basketball Cards 2014 Panini Prizm,Swen Nater [Blue Prizm] #152,$2.85,,,,,,,,,,,,$3.09,,,,,,1,,,,,2014-12-04
12248915,Basketball Cards 2014 Panini Prizm,Swen Nater [Blue Wave Prizm] #152,$1.80,,,,,,,,,,,,$1.99,,,,,,1,,,,,2014-12-04
12248578,Basketball Cards 2014 Panini Prizm,Swen Nater [Blue and Green Prizm] #152,,,,,,,,,,,,,,,,,,,0,,,,,2014-12-04
192295,Basketball Cards 2014 Panini Prizm,Swen Nater [Gold Prizm] #152,$20.83,,,,,,,,,,,$6.90,$22.99,,,,,,1,,,,,2014-12-04
136481,Basketball Cards 2014 Panini Prizm,Swen Nater [Gold Pulsar Prizm] #152,$14.99,,,,,$67.37,$88.00,$40.00,$40.00,,,$4.00,$15.99,,,,,,2,,,,,2014-12-04
190785,Basketball Cards 2014 Panini Prizm,Swen Nater [Green Prizm] #152,$2.34,,,,,,,,,,,,$2.59,,,,,,1,,,,,2014-12-04
191527,Basketball Cards 2014 Panini Prizm,Swen Nater [Light Blue Prizm] #152,$16.99,,,,,,,,,,,$4.80,$18.99,,,,,,1,,,,,2014-12-04
12249401,Basketball Cards 2014 Panini Prizm,Swen Nater [Orange Die Cut Prizm] #152,,,,,,,,,,,,,,,,,,,0,,,,,2014-12-04
192546,Basketball Cards 2014 Panini Prizm,Swen Nater [Prizm] #152,$3.12,,,,,,,,,,,,$3.39,,,,,,0,,,,,2014-12-04
192033,Basketball Cards 2014 Panini Prizm,Swen Nater [Purple Die Cut Prizm] #152,$2.99,,,,,,,,,,,,$3.29,,,,,,2,,,,,2014-12-04
191011,Basketball Cards 2014 Panini Prizm,Swen Nater [Red Prizm] #152,$1.11,,,,,,,,,,,,$1.19,,,,,,1,,,,,2014-12-04
191784,Basketball Cards 2014 Panini Prizm,Swen Nater [Red Pulsar Prizm] #152,$2.99,,,,,,,,,,,,$3.29,,,,,,1,,,,,2014-12-04
191273,Basketball Cards 2014 Panini Prizm,"Swen Nater [Red, White, and Blue Pulsar Prizm] #152",$3.43,,,,,,,,,,,$0.80,$3.79,,,,,,1,,,,,2014-12-04
12249650,Basketball Cards 2014 Panini Prizm,Swen Nater [Yellow and Red Mosaic Prizm] #152,,,,,,,,,,,,,,,,,,,0,,,,,2014-12-04
136843,Basketball Cards 2014 Panini Prizm,T.J. Warren #263,$1.05,$0.99,$3.51,$4.00,$6.00,$6.13,$8.00,$4.00,$4.00,,,,$1.19,,$1.09,$0.80,$3.89,,25,,,,,2014-12-04
12248189,Basketball Cards 2014 Panini Prizm,T.J. Warren [Black Prizm] #263,,,,,,,,,,,,,,,,,,,0,,,,,2014-12-04
12248521,Basketball Cards 2014 Panini Prizm,T.J. Warren [Black Pulsar Prizm] #263,,,,,,,,,,,,,,,,,,,0,,,,,2014-12-04
190631,Basketball Cards 2014 Panini Prizm,T.J. Warren [Blue Mojo Prizm] #263,$4.79,,,,,$5.00,$7.00,$3.00,$3.00,,,$1.10,$5.29,,,,,,2,,,,,2014-12-04
190393,Basketball Cards 2014 Panini Prizm,T.J. Warren [Blue Prizm] #263,$39.70,,,,$19.00,$19.51,$25.00,$12.00,$12.00,,,$17.60,$43.99,,,,,,3,,,,,2014-12-04
12249021,Basketball Cards 2014 Panini Prizm,T.J. Warren [Blue Wave Prizm] #263,$0.99,,,,,$34.70,$45.00,$21.00,$21.00,,,,$1.09,,,,,,2,,,,,2014-12-04
136844,Basketball Cards 2014 Panini Prizm,T.J. Warren [Blue and Green Prizm] #263,$1.55,,,$12.04,$13.00,$15.93,$21.00,$10.00,$10.00,,,,$1.69,,,,,,3,,,,,2014-12-04
192390,Basketball Cards 2014 Panini Prizm,T.J. Warren [Gold Prizm] #263,,,,,,,$53.89,,,,,,,,,,,,0,,,,,2014-12-04
12249247,Basketball Cards 2014 Panini Prizm,T.J. Warren [Gold Pulsar Prizm] #263,,,,,,,,,,,,,,,,,,,0,,,,,2014-12-04
136845,Basketball Cards 2014 Panini Prizm,T.J. Warren [Green Prizm] #263,$9.33,,,,$27.00,$27.61,$36.00,$17.00,$17.00,,,$2.00,$9.99,,,,,,4,,,,,2014-12-04
136846,Basketball Cards 2014 Panini Prizm,T.J. Warren [Light Blue Prizm] #263,$7.49,,,,,,,,,,,$1.60,$8.19,,,,,,1,,,,,2014-12-04
12249525,Basketball Cards 2014 Panini Prizm,T.J. Warren [Orange Die Cut Prizm] #263,,,,,,$20.00,$26.00,$12.00,$12.00,,,,,,,,,,1,,,,,2014-12-04
136847,Basketball Cards 2014 Panini Prizm,T.J. Warren [Prizm] #263,$35.55,,,$8.42,$15.00,$15.00,$20.00,$9.00,$9.00,,,$15.60,$38.99,,,,,,5,,,,,2014-12-04
192132,Basketball Cards 2014 Panini Prizm,T.J. Warren [Purple Die Cut Prizm] #263,$3.51,,,$4.70,$5.00,$108.08,$141.00,$65.00,$65.00,,,$0.80,$3.89,,,,,,3,,,,,2014-12-04
191111,Basketball Cards 2014 Panini Prizm,T.J. Warren [Red Prizm] #263,$57.75,,,$8.50,$9.00,,,,,,,$25.60,$63.99,,,,,,2,,,,,2014-12-04
191875,Basketball Cards 2014 Panini Prizm,T.J. Warren [Red Pulsar Prizm] #263,,,,,$50.00,$51.00,$57.77,$31.00,$31.00,,,,,,,,,,2,,,,,2014-12-04
191367,Basketball Cards 2014 Panini Prizm,"T.J. Warren [Red, White, and Blue Pulsar Prizm] #263",$3.00,,,$1.00,$1.00,$7.89,$10.00,$5.00,$5.00,,,,$3.29,,,,,,5,,,,,2014-12-04
136848,Basketball Cards 2014 Panini Prizm,T.J. Warren [Yellow and Red Mosaic Prizm] #263,$2.00,,,$15.00,$17.00,$25.75,$33.00,$15.00,$15.00,,,,$2.19,,,,,,3,,,,,2014-12-04
190071,Basketball Cards 2014 Panini Prizm,Taj Gibson #132,$1.74,,,,,,,,,,,,$1.89,,,,,,1,,,,,2014-12-04
12248076,Basketball Cards 2014 Panini Prizm,Taj Gibson [Black Prizm] #132,,,,,,,,,,,,,,,,,,,0,,,,,2014-12-04
12248291,Basketball Cards 2014 Panini Prizm,Taj Gibson [Black Pulsar Prizm] #132,,,,,,,,,,,,,,,,,,,0,,,,,2014-12-04
190532,Basketball Cards 2014 Panini Prizm,Taj Gibson [Blue Mojo Prizm] #132,$5.61,,,,,,,,,,,$1.20,$6.19,,,,,,1,,,,,2014-12-04
190285,Basketball Cards 2014 Panini Prizm,Taj Gibson [Blue Prizm] #132,$2.43,,,,,,,,,,,,$2.69,,,,,,1,,,,,2014-12-04
12248875,Basketball Cards 2014 Panini Prizm,Taj Gibson [Blue Wave Prizm] #132,,,,,,,,,,,,,,,,,,,0,,,,,2014-12-04
12248560,Basketball Cards 2014 Panini Prizm,Taj Gibson [Blue and Green Prizm] #132,,,,,,,,,,,,,,,,,,,0,,,,,2014-12-04
192277,Basketball Cards 2014 Panini Prizm,Taj Gibson [Gold Prizm] #132,,,,$39.00,$43.00,,,,,,,,,,,,,,1,,,,,2014-12-04
12249067,Basketball Cards 2014 Panini Prizm,Taj Gibson [Gold Pulsar Prizm] #132,,,,,,,,,,,,,,,,,,,0,,,,,2014-12-04
190770,Basketball Cards 2014 Panini Prizm,Taj Gibson [Green Prizm] #132,$1.49,,,,,,,,,,,,$1.59,,,,,,1,,,,,2014-12-04
191509,Basketball Cards 2014 Panini Prizm,Taj Gibson [Light Blue Prizm] #132,$2.50,,,,,$34.99,$45.00,$21.00,$21.00,,,,$2.79,,,,,,2,,,,,2014-12-04
12249367,Basketball Cards 2014 Panini Prizm,Taj Gibson [Orange Die Cut Prizm] #132,,,,,,,,,,,,,,,,,,,0,,,,,2014-12-04
192530,Basketball Cards 2014 Panini Prizm,Taj Gibson [Prizm] #132,$2.25,,,,,,,,,,,,$2.49,,,,,,1,,,,,2014-12-04
192015,Basketball Cards 2014 Panini Prizm,Taj Gibson [Purple Die Cut Prizm] #132,$3.87,,,,,,,,,,,$0.90,$4.29,,,,,,2,,,,,2014-12-04
190993,Basketball Cards 2014 Panini Prizm,Taj Gibson [Red Prizm] #132,$0.99,,,,,,,,,,,,$1.09,,,,,,1,,,,,2014-12-04
191768,Basketball Cards 2014 Panini Prizm,Taj Gibson [Red Pulsar Prizm] #132,$39.99,,,,,$58.96,$77.00,$35.00,$35.00,,,$17.60,$43.99,,,,,,2,,,,,2014-12-04
191256,Basketball Cards 2014 Panini Prizm,"Taj Gibson [Red, White, and Blue Pulsar Prizm] #132",$1.76,,,,,,,,,,,,$1.89,,,,,,1,,,,,2014-12-04
12249624,Basketball Cards 2014 Panini Prizm,Taj Gibson [Yellow and Red Mosaic Prizm] #132,,,,,,,,,,,,,,,,,,,0,,,,,2014-12-04
190078,Basketball Cards 2014 Panini Prizm,Tayshaun Prince #142,$1.87,,,,,,,,,,,,$2.09,,,,,,1,,,,,2014-12-04
12248100,Basketball Cards 2014 Panini Prizm,Tayshaun Prince [Black Prizm] #142,,,,,,,,,,,,,,,,,,,0,,,,,2014-12-04
12248302,Basketball Cards 2014 Panini Prizm,Tayshaun Prince [Black Pulsar Prizm] #142,,,,,,,,,,,,,,,,,,,0,,,,,2014-12-04
190539,Basketball Cards 2014 Panini Prizm,Tayshaun Prince [Blue Mojo Prizm] #142,$3.69,,,,,,,,,,,$0.80,$4.09,,,,,,1,,,,,2014-12-04
190292,Basketball Cards 2014 Panini Prizm,Tayshaun Prince [Blue Prizm] #142,$2.92,,,,,,,,,,,,$3.19,,,,,,1,,,,,2014-12-04
12248894,Basketball Cards 2014 Panini Prizm,Tayshaun Prince [Blue Wave Prizm] #142,,,,,,,,,,,,,,,,,,,0,,,,,2014-12-04
12248568,Basketball Cards 2014 Panini Prizm,Tayshaun Prince [Blue and Green Prizm] #142,,,,,,,,,,,,,,,,,,,0,,,,,2014-12-04
192286,Basketball Cards 2014 Panini Prizm,Tayshaun Prince [Gold Prizm] #142,$29.95,,,,,,,,,,,$9.90,$32.99,,,,,,1,,,,,2014-12-04
12249075,Basketball Cards 2014 Panini Prizm,Tayshaun Prince [Gold Pulsar Prizm] #142,,,,,,,,,,,,,,,,,,,0,,,,,2014-12-04
190776,Basketball Cards 2014 Panini Prizm,Tayshaun Prince [Green Prizm] #142,$1.99,,,,,,,,,,,,$2.19,,,,,,1,,,,,2014-12-04
191517,Basketball Cards 2014 Panini Prizm,Tayshaun Prince [Light Blue Prizm] #142,,,,,,,,,,,,,,,,,,,0,,,,,2014-12-04
12249382,Basketball Cards 2014 Panini Prizm,Tayshaun Prince [Orange Die Cut Prizm] #142,$3.36,,,,,,,,,,,,$3.69,,,,,,1,,,,,2014-12-04
192537,Basketball Cards 2014 Panini Prizm,Tayshaun Prince [Prizm] #142,$1.12,,,,,,,,,,,,$1.19,,,,,,1,,,,,2014-12-04
192023,Basketball Cards 2014 Panini Prizm,Tayshaun Prince [Purple Die Cut Prizm] #142,$2.99,,,,,,,,,,,,$3.29,,,,,,2,,,,,2014-12-04
191002,Basketball Cards 2014 Panini Prizm,Tayshaun Prince [Red Prizm] #142,$1.32,,,,,,,,,,,,$1.49,,,,,,1,,,,,2014-12-04
191776,Basketball Cards 2014 Panini Prizm,Tayshaun Prince [Red Pulsar Prizm] #142,$55.00,,,,,,,,,,,$24.40,$60.99,,,,,,1,,,,,2014-12-04
191263,Basketball Cards 2014 Panini Prizm,"Tayshaun Prince [Red, White, and Blue Pulsar Prizm] #142",$0.25,,,,,,,,,,,,$0.99,,,,,,0,,,,,2014-12-04
12249631,Basketball Cards 2014 Panini Prizm,Tayshaun Prince [Yellow and Red Mosaic Prizm] #142,,,,,,,,,,,,,,,,,,,0,,,,,2014-12-04
189976,Basketball Cards 2014 Panini Prizm,Terrence Ross #4,$1.12,,,,,,,,,,,,$1.19,,,,,,1,,,,,2014-12-04
12247962,Basketball Cards 2014 Panini Prizm,Terrence Ross [Black Prizm] #4,,,,,,,,,,,,,,,,,,,0,,,,,2014-12-04
12248319,Basketball Cards 2014 Panini Prizm,Terrence Ross [Black Pulsar Prizm] #4,,,,,,,,,,,,,,,,,,,0,,,,,2014-12-04
190426,Basketball Cards 2014 Panini Prizm,Terrence Ross [Blue Mojo Prizm] #4,$2.99,,,,,,,,,,,,$3.29,,,,,,0,,,,,2014-12-04
190172,Basketball Cards 2014 Panini Prizm,Terrence Ross [Blue Prizm] #4,$3.20,,,,,$26.99,$35.00,$16.00,$16.00,,,,$3.49,,,,,,3,,,,,2014-12-04
12248787,Basketball Cards 2014 Panini Prizm,Terrence Ross [Blue Wave Prizm] #4,,,,,,,,,,,,,,,,,,,0,,,,,2014-12-04
12248779,Basketball Cards 2014 Panini Prizm,Terrence Ross [Blue and Green Prizm] #4,$0.99,,,,,,,,,,,,$1.09,,,,,,1,,,,,2014-12-04
192168,Basketball Cards 2014 Panini Prizm,Terrence Ross [Gold Prizm] #4,$100.03,,,,,,,,,,,$55.00,$110.00,,,,,,5,,,,,2014-12-04
12249102,Basketball Cards 2014 Panini Prizm,Terrence Ross [Gold Pulsar Prizm] #4,,,,,,,,,,,,,,,,,,,0,,,,,2014-12-04
190666,Basketball Cards 2014 Panini Prizm,Terrence Ross [Green Prizm] #4,$1.55,,,,,,,,,,,,$1.69,,,,,,1,,,,,2014-12-04
191396,Basketball Cards 2014 Panini Prizm,Terrence Ross [Light Blue Prizm] #4,$4.00,,,,,,,,,,,$0.90,$4.39,,,,,,1,,,,,2014-12-04
12249311,Basketball Cards 2014 Panini Prizm,Terrence Ross [Orange Die Cut Prizm] #4,,,,,,,,,,,,,,,,,,,0,,,,,2014-12-04
192425,Basketball Cards 2014 Panini Prizm,Terrence Ross [Prizm] #4,$11.70,,,,,,,,,,,$3.30,$12.99,,,,,,1,,,,,2014-12-04
191907,Basketball Cards 2014 Panini Prizm,Terrence Ross [Purple Die Cut Prizm] #4,$2.58,,,,,,,,,,,,$2.79,,,,,,1,,,,,2014-12-04
190879,Basketball Cards 2014 Panini Prizm,Terrence Ross [Red Prizm] #4,$4.00,,,,,,,,,,,$0.90,$4.39,,,,,,2,,,,,2014-12-04
191655,Basketball Cards 2014 Panini Prizm,Terrence Ross [Red Pulsar Prizm] #4,$10.00,,,,,,,,,,,$2.80,$10.99,,,,,,1,,,,,2014-12-04
191146,Basketball Cards 2014 Panini Prizm,"Terrence Ross [Red, White, and Blue Pulsar Prizm] #4",$1.53,,,,,,,,,,,,$1.69,,,,,,4,,,,,2014-12-04
12249562,Basketball Cards 2014 Panini Prizm,Terrence Ross [Yellow and Red Mosaic Prizm] #4,,,,,,,,,,,,,,,,,,,0,,,,,2014-12-04
189984,Basketball Cards 2014 Panini Prizm,Thaddeus Young #14,$0.81,,,,,,,,,,,,$0.99,,,,,,1,,,,,2014-12-04
12247972,Basketball Cards 2014 Panini Prizm,Thaddeus Young [Black Prizm] #14,,,,,,,,,,,,,,,,,,,0,,,,,2014-12-04
12248341,Basketball Cards 2014 Panini Prizm,Thaddeus Young [Black Pulsar Prizm] #14,,,,,,,,,,,,,,,,,,,0,,,,,2014-12-04
190436,Basketball Cards 2014 Panini Prizm,Thaddeus Young [Blue Mojo Prizm] #14,$2.14,,,,,,,,,,,,$2.39,,,,,,1,,,,,2014-12-04
190182,Basketball Cards 2014 Panini Prizm,Thaddeus Young [Blue Prizm] #14,$2.09,,,,,,,,,,,,$2.29,,,,,,2,,,,,2014-12-04
12248797,Basketball Cards 2014 Panini Prizm,Thaddeus Young [Blue Wave Prizm] #14,,,,,,,,,,,,,,,,,,,0,,,,,2014-12-04
12248657,Basketball Cards 2014 Panini Prizm,Thaddeus Young [Blue and Green Prizm] #14,,,,,,,,,,,,,,,,,,,0,,,,,2014-12-04
192177,Basketball Cards 2014 Panini Prizm,Thaddeus Young [Gold Prizm] #14,$31.00,,,,,,,,,,,$10.20,$33.99,,,,,,1,,,,,2014-12-04
12249119,Basketball Cards 2014 Panini Prizm,Thaddeus Young [Gold Pulsar Prizm] #14,,,,,,,,,,,,,,,,,,,0,,,,,2014-12-04
190672,Basketball Cards 2014 Panini Prizm,Thaddeus Young [Green Prizm] #14,$1.52,,,,,,,,,,,,$1.69,,,,,,1,,,,,2014-12-04
191406,Basketball Cards 2014 Panini Prizm,Thaddeus Young [Light Blue Prizm] #14,$1.75,,,,,,,,,,,,$1.89,,,,,,1,,,,,2014-12-04
12249321,Basketball Cards 2014 Panini Prizm,Thaddeus Young [Orange Die Cut Prizm] #14,,,,,,,,,,,,,,,,,,,0,,,,,2014-12-04
192434,Basketball Cards 2014 Panini Prizm,Thaddeus Young [Prizm] #14,$0.25,,,,,,,,,,,,$0.99,,,,,,0,,,,,2014-12-04
191916,Basketball Cards 2014 Panini Prizm,Thaddeus Young [Purple Die Cut Prizm] #14,$2.55,,,,,,,,,,,,$2.79,,,,,,2,,,,,2014-12-04
190889,Basketball Cards 2014 Panini Prizm,Thaddeus Young [Red Prizm] #14,$1.49,,,,,$199.00,$259.00,$119.00,$119.00,,,,$1.59,,,,,,2,,,,,2014-12-04
191664,Basketball Cards 2014 Panini Prizm,Thaddeus Young [Red Pulsar Prizm] #14,$7.00,,,,,,,,,,,$1.50,$7.69,,,,,,0,,,,,2014-12-04
191155,Basketball Cards 2014 Panini Prizm,"Thaddeus Young [Red, White, and Blue Pulsar Prizm] #14",$0.99,,,,,,,,,,,,$1.09,,,,,,1,,,,,2014-12-04
12249570,Basketball Cards 2014 Panini Prizm,Thaddeus Young [Yellow and Red Mosaic Prizm] #14,,,,,,,,,,,,,,,,,,,0,,,,,2014-12-04
189991,Basketball Cards 2014 Panini Prizm,Tiago Splitter #24,$1.17,,,,,,,,,,,,$1.29,,,,,,2,,,,,2014-12-04
12247982,Basketball Cards 2014 Panini Prizm,Tiago Splitter [Black Prizm] #24,,,,,,,,,,,,,,,,,,,0,,,,,2014-12-04
12248361,Basketball Cards 2014 Panini Prizm,Tiago Splitter [Black Pulsar Prizm] #24,,,,,,,,,,,,,,,,,,,0,,,,,2014-12-04
190446,Basketball Cards 2014 Panini Prizm,Tiago Splitter [Blue Mojo Prizm] #24,$3.43,,,,,,,,,,,$0.80,$3.79,,,,,,1,,,,,2014-12-04
190190,Basketball Cards 2014 Panini Prizm,Tiago Splitter [Blue Prizm] #24,$2.57,,,,,,,,,,,,$2.79,,,,,,1,,,,,2014-12-04
12248806,Basketball Cards 2014 Panini Prizm,Tiago Splitter [Blue Wave Prizm] #24,,,,,,,,,,,,,,,,,,,0,,,,,2014-12-04
12248674,Basketball Cards 2014 Panini Prizm,Tiago Splitter [Blue and Green Prizm] #24,$2.25,,$6.85,$12.39,$23.15,$34.03,$44.00,$20.00,$20.00,,,,$2.49,,,$1.50,$7.49,,10,,,,,2014-12-04
192186,Basketball Cards 2014 Panini Prizm,Tiago Splitter [Gold Prizm] #24,$61.63,,,$55.36,$61.00,,,,,,,$27.20,$67.99,,,,,,2,,,,,2014-12-04
12249139,Basketball Cards 2014 Panini Prizm,Tiago Splitter [Gold Pulsar Prizm] #24,,,,,,,,,,,,,,,,,,,0,,,,,2014-12-04
190681,Basketball Cards 2014 Panini Prizm,Tiago Splitter [Green Prizm] #24,$1.69,,,,,,,,,,,,$1.89,,,,,,1,,,,,2014-12-04
191414,Basketball Cards 2014 Panini Prizm,Tiago Splitter [Light Blue Prizm] #24,$0.99,,,,,,,,,,,,$1.09,,,,,,1,,,,,2014-12-04
12249329,Basketball Cards 2014 Panini Prizm,Tiago Splitter [Orange Die Cut Prizm] #24,,,,,,,,,,,,,,,,,,,0,,,,,2014-12-04
192443,Basketball Cards 2014 Panini Prizm,Tiago Splitter [Prizm] #24,$3.99,,,,,,,,,,,$0.90,$4.39,,,,,,1,,,,,2014-12-04
191925,Basketball Cards 2014 Panini Prizm,Tiago Splitter [Purple Die Cut Prizm] #24,$1.80,,,,,,,,,,,,$1.99,,,,,,2,,,,,2014-12-04
190899,Basketball Cards 2014 Panini Prizm,Tiago Splitter [Red Prizm] #24,$1.91,,,,,,,,,,,,$2.09,,,,,,1,,,,,2014-12-04
191674,Basketball Cards 2014 Panini Prizm,Tiago Splitter [Red Pulsar Prizm] #24,$5.99,,,,,,,,,,,$1.30,$6.59,,,,,,1,,,,,2014-12-04
191163,Basketball Cards 2014 Panini Prizm,"Tiago Splitter [Red, White, and Blue Pulsar Prizm] #24",$1.57,,,,,,,,,,,,$1.69,,,,,,1,,,,,2014-12-04
12249577,Basketball Cards 2014 Panini Prizm,Tiago Splitter [Yellow and Red Mosaic Prizm] #24,,,,,,,,,,,,,,,,,,,0,,,,,2014-12-04
136161,Basketball Cards 2014 Panini Prizm,Tim Duncan #34,$1.50,,$6.16,$20.25,$21.98,$103.35,$134.00,$62.00,$62.00,,,,$1.69,,,$1.40,$6.79,,14,,,,,2014-12-04
12247992,Basketball Cards 2014 Panini Prizm,Tim Duncan [Black Prizm] #34,,,,,,,,,,,,,,,,,,,0,,,,,2014-12-04
12248382,Basketball Cards 2014 Panini Prizm,Tim Duncan [Black Pulsar Prizm] #34,,,,,,,,,,,,,,,,,,,0,,,,,2014-12-04
190455,Basketball Cards 2014 Panini Prizm,Tim Duncan [Blue Mojo Prizm] #34,$13.21,,,,,$152.50,$198.00,$92.00,$92.00,,,$3.80,$14.99,,,,,,2,,,,,2014-12-04
190199,Basketball Cards 2014 Panini Prizm,Tim Duncan [Blue Prizm] #34,$27.35,,,$39.42,$43.00,$177.88,$231.00,$107.00,$107.00,,,$9.00,$29.99,,,,,,5,,,,,2014-12-04
12248815,Basketball Cards 2014 Panini Prizm,Tim Duncan [Blue Wave Prizm] #34,$35.00,,,,,,,,,,,$15.60,$38.99,,,,,,31,,,,,2014-12-04
136162,Basketball Cards 2014 Panini Prizm,Tim Duncan [Blue and Green Prizm] #34,$4.93,,$38.77,$43.00,$47.00,$85.40,$111.00,$51.00,$51.00,,,$1.10,$5.39,,,$17.20,$42.99,,7,,,,,2014-12-04
192194,Basketball Cards 2014 Panini Prizm,Tim Duncan [Gold Prizm] #34,$300.00,,,,,$5490.00,$7137.00,$3294.00,$3294.00,,,$165.00,$330.00,,,,,,2,,,,,2014-12-04
12249158,Basketball Cards 2014 Panini Prizm,Tim Duncan [Gold Pulsar Prizm] #34,,,,,,,,,,,,,,,,,,,0,,,,,2014-12-04
190690,Basketball Cards 2014 Panini Prizm,Tim Duncan [Green Prizm] #34,$6.11,,,$21.25,$23.00,$79.00,$103.00,$47.00,$47.00,,,$1.30,$6.69,,,,,,6,,,,,2014-12-04
136163,Basketball Cards 2014 Panini Prizm,Tim Duncan [Light Blue Prizm] #34,$28.94,,,,,$79.99,$104.00,$48.00,$48.00,,,$9.60,$31.99,,,,,,2,,,,,2014-12-04
136164,Basketball Cards 2014 Panini Prizm,Tim Duncan [Orange Die Cut Prizm] #34,$16.00,,,,,,,,,,,$4.50,$17.99,,,,,,1,,,,,2014-12-04
192451,Basketball Cards 2014 Panini Prizm,Tim Duncan [Prizm] #34,$11.50,,,$19.82,$22.00,$168.39,$219.00,$101.00,$101.00,,,$3.30,$12.99,,,,,,7,,,,,2014-12-04
136165,Basketball Cards 2014 Panini Prizm,Tim Duncan [Purple Die Cut Prizm] #34,$14.99,,$18.45,$36.34,$64.16,$95.01,$124.00,$57.00,$57.00,,,$4.00,$15.99,,,$5.00,$19.99,,9,,,,,2014-12-04
190908,Basketball Cards 2014 Panini Prizm,Tim Duncan [Red Prizm] #34,$3.62,,,,,,,,,,,$0.80,$3.99,,,,,,1,,,,,2014-12-04
136166,Basketball Cards 2014 Panini Prizm,Tim Duncan [Red Pulsar Prizm] #34,$110.18,,,,,$256.00,$333.00,$154.00,$154.00,,,$60.50,$121.00,,,,,,2,,,,,2014-12-04
136167,Basketball Cards 2014 Panini Prizm,"Tim Duncan [Red, White, and Blue Pulsar Prizm] #34",$7.60,,,$23.50,$43.00,$43.52,$57.00,$26.00,$26.00,,,$1.70,$8.39,,,,,,8,,,,,2014-12-04
136168,Basketball Cards 2014 Panini Prizm,Tim Duncan [Yellow and Red Mosaic Prizm] #34,$3.95,,,$25.00,$28.00,$37.00,$48.00,$22.00,$22.00,,,$0.90,$4.39,,,,,,6,,,,,2014-12-04
190093,Basketball Cards 2014 Panini Prizm,Tim Hardaway #161,$1.64,,,,,$29.99,$39.00,$18.00,$18.00,,,,$1.79,,,,,,4,,,,,2014-12-04
190007,Basketball Cards 2014 Panini Prizm,Tim Hardaway Jr. #44,$1.22,,,,,,,,,,,,$1.29,,,,,,1,,,,,2014-12-04
12248002,Basketball Cards 2014 Panini Prizm,Tim Hardaway Jr. [Black Prizm] #44,,,,,,,,,,,,,,,,,,,0,,,,,2014-12-04
12248404,Basketball Cards 2014 Panini Prizm,Tim Hardaway Jr. [Black Pulsar Prizm] #44,,,,,,,,,,,,,,,,,,,0,,,,,2014-12-04
190465,Basketball Cards 2014 Panini Prizm,Tim Hardaway Jr. [Blue Mojo Prizm] #44,$3.47,,,,,,,,,,,$0.80,$3.79,,,,,,1,,,,,2014-12-04
190209,Basketball Cards 2014 Panini Prizm,Tim Hardaway Jr. [Blue Prizm] #44,$2.22,,,,,$13.50,$18.00,$8.00,$8.00,,,,$2.39,,,,,,2,,,,,2014-12-04
12248825,Basketball Cards 2014 Panini Prizm,Tim Hardaway Jr. [Blue Wave Prizm] #44,,,,,,,,,,,,,,,,,,,0,,,,,2014-12-04
12248691,Basketball Cards 2014 Panini Prizm,Tim Hardaway Jr. [Blue and Green Prizm] #44,$1.50,,$6.23,$11.60,$22.10,$32.68,$42.00,$20.00,$20.00,,,,$1.69,,,$1.40,$6.89,,9,,,,,2014-12-04
192203,Basketball Cards 2014 Panini Prizm,Tim Hardaway Jr. [Gold Prizm] #44,$46.54,,,,,,,,,,,$20.40,$50.99,,,,,,1,,,,,2014-12-04
12249182,Basketball Cards 2014 Panini Prizm,Tim Hardaway Jr. [Gold Pulsar Prizm] #44,,,,,,,,,,,,,,,,,,,0,,,,,2014-12-04
190700,Basketball Cards 2014 Panini Prizm,Tim Hardaway Jr. [Green Prizm] #44,$2.00,,,,,,,,,,,,$2.19,,,,,,1,,,,,2014-12-04
191433,Basketball Cards 2014 Panini Prizm,Tim Hardaway Jr. [Light Blue Prizm] #44,$2.05,,,,,,,,,,,,$2.29,,,,,,1,,,,,2014-12-04
12249346,Basketball Cards 2014 Panini Prizm,Tim Hardaway Jr. [Orange Die Cut Prizm] #44,$3.99,,,,,,,,,,,$0.90,$4.39,,,,,,1,,,,,2014-12-04
192461,Basketball Cards 2014 Panini Prizm,Tim Hardaway Jr. [Prizm] #44,$3.00,,,,,,,,,,,,$3.29,,,,,,0,,,,,2014-12-04
191944,Basketball Cards 2014 Panini Prizm,Tim Hardaway Jr. [Purple Die Cut Prizm] #44,$5.34,,,,,,,,,,,$1.20,$5.89,,,,,,2,,,,,2014-12-04
190918,Basketball Cards 2014 Panini Prizm,Tim Hardaway Jr. [Red Prizm] #44,$4.14,,,$2.99,$3.00,,,,,,,$0.90,$4.59,,,,,,2,,,,,2014-12-04
191692,Basketball Cards 2014 Panini Prizm,Tim Hardaway Jr. [Red Pulsar Prizm] #44,,,,,,,,,,,,,,,,,,,0,,,,,2014-12-04
191181,Basketball Cards 2014 Panini Prizm,"Tim Hardaway Jr. [Red, White, and Blue Pulsar Prizm] #44",$0.99,,,,,,,,,,,,$1.09,,,,,,1,,,,,2014-12-04
12249594,Basketball Cards 2014 Panini Prizm,Tim Hardaway Jr. [Yellow and Red Mosaic Prizm] #44,,,,,,,,,,,,,,,,,,,0,,,,,2014-12-04
12248147,Basketball Cards 2014 Panini Prizm,Tim Hardaway [Black Prizm] #161,,,,,,,,,,,,,,,,,,,0,,,,,2014-12-04
12248327,Basketball Cards 2014 Panini Prizm,Tim Hardaway [Black Pulsar Prizm] #161,,,,,,,,,,,,,,,,,,,0,,,,,2014-12-04
136508,Basketball Cards 2014 Panini Prizm,Tim Hardaway [Blue Mojo Prizm] #161,$8.55,,,,,,,,,,,$1.90,$9.39,,,,,,1,,,,,2014-12-04
190310,Basketball Cards 2014 Panini Prizm,Tim Hardaway [Blue Prizm] #161,$6.48,,,,,$99.99,$130.00,$60.00,$60.00,,,$1.40,$7.09,,,,,,3,,,,,2014-12-04
12248930,Basketball Cards 2014 Panini Prizm,Tim Hardaway [Blue Wave Prizm] #161,,,,,,,,,,,,,,,,,,,0,,,,,2014-12-04
12248584,Basketball Cards 2014 Panini Prizm,Tim Hardaway [Blue and Green Prizm] #161,$2.28,,$6.87,$12.43,$23.19,$34.07,$44.00,$20.00,$20.00,,,,$2.49,,,$1.50,$7.59,,8,,,,,2014-12-04
192303,Basketball Cards 2014 Panini Prizm,Tim Hardaway [Gold Prizm] #161,$56.00,,,$82.99,$91.00,,,,,,,$24.80,$61.99,,,,,,2,,,,,2014-12-04
12249092,Basketball Cards 2014 Panini Prizm,Tim Hardaway [Gold Pulsar Prizm] #161,,,,,,,,,,,,,,,,,,,0,,,,,2014-12-04
190793,Basketball Cards 2014 Panini Prizm,Tim Hardaway [Green Prizm] #161,$2.99,,,,,$29.99,$39.00,$18.00,$18.00,,,,$3.29,,,,,,4,,,,,2014-12-04
191535,Basketball Cards 2014 Panini Prizm,Tim Hardaway [Light Blue Prizm] #161,$9.82,,,,,,,,,,,$2.80,$10.99,,,,,,1,,,,,2014-12-04
12249413,Basketball Cards 2014 Panini Prizm,Tim Hardaway [Orange Die Cut Prizm] #161,$25.00,,,,,,,,,,,$8.40,$27.99,,,,,,1,,,,,2014-12-04
192553,Basketball Cards 2014 Panini Prizm,Tim Hardaway [Prizm] #161,$4.39,,,,,,,,,,,$1.00,$4.79,,,,,,1,,,,,2014-12-04
192042,Basketball Cards 2014 Panini Prizm,Tim Hardaway [Purple Die Cut Prizm] #161,$5.89,,,,,$55.00,$72.00,$33.00,$33.00,,,$1.30,$6.49,,,,,,3,,,,,2014-12-04
191020,Basketball Cards 2014 Panini Prizm,Tim Hardaway [Red Prizm] #161,$2.08,,,,,,,,,,,,$2.29,,,,,,1,,,,,2014-12-04
191792,Basketball Cards 2014 Panini Prizm,Tim Hardaway [Red Pulsar Prizm] #161,$25.99,,,,,,,,,,,$8.70,$28.99,,,,,,1,,,,,2014-12-04
191280,Basketball Cards 2014 Panini Prizm,"Tim Hardaway [Red, White, and Blue Pulsar Prizm] #161",$1.68,,,,,$29.99,$39.00,$18.00,$18.00,,,,$1.89,,,,,,2,,,,,2014-12-04
12249662,Basketball Cards 2014 Panini Prizm,Tim Hardaway [Yellow and Red Mosaic Prizm] #161,,,,,,,,,,,,,,,,,,,0,,,,,2014-12-04
136222,Basketball Cards 2014 Panini Prizm,Tobias Harris #54,$0.81,,,,,,,,,,,,$0.99,,,,,,1,,,,,2014-12-04
12248020,Basketball Cards 2014 Panini Prizm,Tobias Harris [Black Prizm] #54,,,,,,,,,,,,,,,,,,,0,,,,,2014-12-04
12248413,Basketball Cards 2014 Panini Prizm,Tobias Harris [Black Pulsar Prizm] #54,,,,,,,,,,,,,,,,,,,0,,,,,2014-12-04
190473,Basketball Cards 2014 Panini Prizm,Tobias Harris [Blue Mojo Prizm] #54,$2.77,,,,,,,,,,,,$3.09,,,,,,1,,,,,2014-12-04
190216,Basketball Cards 2014 Panini Prizm,Tobias Harris [Blue Prizm] #54,$3.08,,,,,,,,,,,,$3.39,,,,,,1,,,,,2014-12-04
12248833,Basketball Cards 2014 Panini Prizm,Tobias Harris [Blue Wave Prizm] #54,,,,,,,,,,,,,,,,,,,0,,,,,2014-12-04
12248699,Basketball Cards 2014 Panini Prizm,Tobias Harris [Blue and Green Prizm] #54,$1.51,,,,,,,,,,,,$1.69,,,,,,1,,,,,2014-12-04
192210,Basketball Cards 2014 Panini Prizm,Tobias Harris [Gold Prizm] #54,$48.38,,,$63.77,$70.00,,,,,,,$21.20,$52.99,,,,,,3,,,,,2014-12-04
136223,Basketball Cards 2014 Panini Prizm,Tobias Harris [Gold Pulsar Prizm] #54,$29.00,,,,,$120.08,$156.00,$72.00,$72.00,,,$9.60,$31.99,,,,,,2,,,,,2014-12-04
190707,Basketball Cards 2014 Panini Prizm,Tobias Harris [Green Prizm] #54,$1.33,,,$6.25,$7.00,,,,,,,,$1.49,,,,,,2,,,,,2014-12-04
191440,Basketball Cards 2014 Panini Prizm,Tobias Harris [Light Blue Prizm] #54,$5.25,,,$12.50,$14.00,,,,,,,$1.20,$5.79,,,,,,2,,,,,2014-12-04
12249361,Basketball Cards 2014 Panini Prizm,Tobias Harris [Orange Die Cut Prizm] #54,,,,,,,,,,,,,,,,,,,0,,,,,2014-12-04
192468,Basketball Cards 2014 Panini Prizm,Tobias Harris [Prizm] #54,$17.45,,,,,,,,,,,$4.80,$18.99,,,,,,1,,,,,2014-12-04
191951,Basketball Cards 2014 Panini Prizm,Tobias Harris [Purple Die Cut Prizm] #54,$3.99,,,,,,,,,,,$0.90,$4.39,,,,,,3,,,,,2014-12-04
190925,Basketball Cards 2014 Panini Prizm,Tobias Harris [Red Prizm] #54,$2.90,,,,,,,,,,,,$3.19,,,,,,1,,,,,2014-12-04
191700,Basketball Cards 2014 Panini Prizm,Tobias Harris [Red Pulsar Prizm] #54,,,,,,,,,,,,,,,,,,,0,,,,,2014-12-04
191188,Basketball Cards 2014 Panini Prizm,"Tobias Harris [Red, White, and Blue Pulsar Prizm] #54",$1.55,,,,,,,,,,,,$1.69,,,,,,1,,,,,2014-12-04
12249601,Basketball Cards 2014 Panini Prizm,Tobias Harris [Yellow and Red Mosaic Prizm] #54,$1.00,,,,,,,,,,,,$1.09,,,,,,1,,,,,2014-12-04
136534,Basketball Cards 2014 Panini Prizm,Tom Chambers #171,$1.59,,,$233.00,$256.00,,,,,,,,$1.79,,,,,,3,,,,,2014-12-04
12248173,Basketball Cards 2014 Panini Prizm,Tom Chambers [Black Prizm] #171,,,,,,,,,,,,,,,,,,,0,,,,,2014-12-04
12248347,Basketball Cards 2014 Panini Prizm,Tom Chambers [Black Pulsar Prizm] #171,,,,,,,,,,,,,,,,,,,0,,,,,2014-12-04
190562,Basketball Cards 2014 Panini Prizm,Tom Chambers [Blue Mojo Prizm] #171,$5.14,,,,,,,,,,,$1.10,$5.69,,,,,,1,,,,,2014-12-04
190318,Basketball Cards 2014 Panini Prizm,Tom Chambers [Blue Prizm] #171,$5.02,,,,,,,,,,,$1.10,$5.49,,,,,,1,,,,,2014-12-04
12248941,Basketball Cards 2014 Panini Prizm,Tom Chambers [Blue Wave Prizm] #171,,,,,,,,,,,,,,,,,,,0,,,,,2014-12-04
12248590,Basketball Cards 2014 Panini Prizm,Tom Chambers [Blue and Green Prizm] #171,,,,,,,,,,,,,,,,,,,0,,,,,2014-12-04
192311,Basketball Cards 2014 Panini Prizm,Tom Chambers [Gold Prizm] #171,$289.00,,,$250.00,$275.00,,,,,,,$159.00,$318.00,,,,,,1,,,,,2014-12-04
12249103,Basketball Cards 2014 Panini Prizm,Tom Chambers [Gold Pulsar Prizm] #171,,,,,,,,,,,,,,,,,,,0,,,,,2014-12-04
190800,Basketball Cards 2014 Panini Prizm,Tom Chambers [Green Prizm] #171,$1.84,,,,,,,,,,,,$1.99,,,,,,3,,,,,2014-12-04
191545,Basketball Cards 2014 Panini Prizm,Tom Chambers [Light Blue Prizm] #171,$6.89,,,,,,,,,,,$1.50,$7.59,,,,,,1,,,,,2014-12-04
136535,Basketball Cards 2014 Panini Prizm,Tom Chambers [Orange Die Cut Prizm] #171,$5.30,,,$5.61,$6.00,,,,,,,$1.20,$5.79,,,,,,2,,,,,2014-12-04
192563,Basketball Cards 2014 Panini Prizm,Tom Chambers [Prizm] #171,$2.55,,,$750.00,$825.00,,,,,,,,$2.79,,,,,,2,,,,,2014-12-04
192052,Basketball Cards 2014 Panini Prizm,Tom Chambers [Purple Die Cut Prizm] #171,$1.12,,,,,$16.50,$21.00,$10.00,$10.00,,,,$1.19,,,,,,2,,,,,2014-12-04
191030,Basketball Cards 2014 Panini Prizm,Tom Chambers [Red Prizm] #171,$2.27,,,,,,,,,,,,$2.49,,,,,,2,,,,,2014-12-04
191801,Basketball Cards 2014 Panini Prizm,Tom Chambers [Red Pulsar Prizm] #171,$2.22,,,,,,,,,,,,$2.39,,,,,,1,,,,,2014-12-04
191290,Basketball Cards 2014 Panini Prizm,"Tom Chambers [Red, White, and Blue Pulsar Prizm] #171",$1.50,,,,,,,,,,,,$1.69,,,,,,1,,,,,2014-12-04
12249679,Basketball Cards 2014 Panini Prizm,Tom Chambers [Yellow and Red Mosaic Prizm] #171,$1.00,,,,,,,,,,,,$1.09,,,,,,1,,,,,2014-12-04
136561,Basketball Cards 2014 Panini Prizm,Toni Kukoc #181,$1.37,,,$14.99,$16.00,$29.99,$39.00,$18.00,$18.00,,,,$1.49,,,,,,7,,,,,2014-12-04
12248201,Basketball Cards 2014 Panini Prizm,Toni Kukoc [Black Prizm] #181,,,,,,,,,,,,,,,,,,,0,,,,,2014-12-04
12248363,Basketball Cards 2014 Panini Prizm,Toni Kukoc [Black Pulsar Prizm] #181,,,,,,,,,,,,,,,,,,,0,,,,,2014-12-04
190569,Basketball Cards 2014 Panini Prizm,Toni Kukoc [Blue Mojo Prizm] #181,$8.80,,,,,$69.99,$91.00,$42.00,$42.00,,,$1.90,$9.69,,,,,,3,,,,,2014-12-04
190327,Basketball Cards 2014 Panini Prizm,Toni Kukoc [Blue Prizm] #181,$1.29,,,$42.00,$46.00,,,,,,,,$1.39,,,,,,2,,,,,2014-12-04
12248953,Basketball Cards 2014 Panini Prizm,Toni Kukoc [Blue Wave Prizm] #181,,,,,,,,,,,,,,,,,,,0,,,,,2014-12-04
12248598,Basketball Cards 2014 Panini Prizm,Toni Kukoc [Blue and Green Prizm] #181,$1.87,,$6.53,$11.99,$22.62,$33.34,$43.00,$20.00,$20.00,,,,$2.09,,,$1.40,$7.19,,9,,,,,2014-12-04
192319,Basketball Cards 2014 Panini Prizm,Toni Kukoc [Gold Prizm] #181,,,,,,$621.99,$809.00,$373.00,$373.00,,,,,,,,,,1,,,,,2014-12-04
12249120,Basketball Cards 2014 Panini Prizm,Toni Kukoc [Gold Pulsar Prizm] #181,,,,,,,,,,,,,,,,,,,0,,,,,2014-12-04
136562,Basketball Cards 2014 Panini Prizm,Toni Kukoc [Green Prizm] #181,$4.99,,,$12.38,$14.00,,,,,,,$1.10,$5.49,,,,,,4,,,,,2014-12-04
191555,Basketball Cards 2014 Panini Prizm,Toni Kukoc [Light Blue Prizm] #181,,,,,,,,,,,,,,,,,,,0,,,,,2014-12-04
12249442,Basketball Cards 2014 Panini Prizm,Toni Kukoc [Orange Die Cut Prizm] #181,,,,,,,,,,,,,,,,,,,0,,,,,2014-12-04
192570,Basketball Cards 2014 Panini Prizm,Toni Kukoc [Prizm] #181,$6.00,,,,,,,,,,,$1.30,$6.59,,,,,,1,,,,,2014-12-04
192061,Basketball Cards 2014 Panini Prizm,Toni Kukoc [Purple Die Cut Prizm] #181,$4.25,,,,,,,,,,,$0.90,$4.69,,,,,,2,,,,,2014-12-04
191039,Basketball Cards 2014 Panini Prizm,Toni Kukoc [Red Prizm] #181,$4.74,,,,,,,,,,,$1.00,$5.19,,,,,,1,,,,,2014-12-04
191811,Basketball Cards 2014 Panini Prizm,Toni Kukoc [Red Pulsar Prizm] #181,,,,,,,,,,,,,,,,,,,0,,,,,2014-12-04
191300,Basketball Cards 2014 Panini Prizm,"Toni Kukoc [Red, White, and Blue Pulsar Prizm] #181",$0.99,,,,,,,,,,,,$1.09,,,,,,2,,,,,2014-12-04
12249696,Basketball Cards 2014 Panini Prizm,Toni Kukoc [Yellow and Red Mosaic Prizm] #181,$1.29,,,,,,,,,,,,$1.39,,,,,,1,,,,,2014-12-04
136236,Basketball Cards 2014 Panini Prizm,Tony Parker #64,$1.03,,,$15.00,$17.00,$51.00,$66.00,$31.00,$31.00,,,,$1.09,,,,,,7,,,,,2014-12-04
12248036,Basketball Cards 2014 Panini Prizm,Tony Parker [Black Prizm] #64,,,,,,,,,,,,,,,,,,,0,,,,,2014-12-04
12248425,Basketball Cards 2014 Panini Prizm,Tony Parker [Black Pulsar Prizm] #64,,,,,,,,,,,,,,,,,,,0,,,,,2014-12-04
136237,Basketball Cards 2014 Panini Prizm,Tony Parker [Blue Mojo Prizm] #64,$4.99,,,,,,,,,,,$1.10,$5.49,,,,,,1,,,,,2014-12-04
190225,Basketball Cards 2014 Panini Prizm,Tony Parker [Blue Prizm] #64,$15.57,,$49.00,,,,,,,,,$4.30,$16.99,,,$21.60,$53.99,,3,,,,,2014-12-04
12248851,Basketball Cards 2014 Panini Prizm,Tony Parker [Blue Wave Prizm] #64,$3.10,,,,,,,,,,,,$3.39,,,,,,1,,,,,2014-12-04
12248714,Basketball Cards 2014 Panini Prizm,Tony Parker [Blue and Green Prizm] #64,,,,,,,,,,,,,,,,,,,0,,,,,2014-12-04
192218,Basketball Cards 2014 Panini Prizm,Tony Parker [Gold Prizm] #64,$127.50,,,$600.00,$660.00,,,,,,,$70.00,$140.00,,,,,,2,,,,,2014-12-04
12249214,Basketball Cards 2014 Panini Prizm,Tony Parker [Gold Pulsar Prizm] #64,,,,,,,,,,,,,,,,,,,0,,,,,2014-12-04
155309,Basketball Cards 2014 Panini Prizm,Tony Parker [Green Prizm] #64,$3.50,,,,,$38.10,$50.00,$23.00,$23.00,,,$0.80,$3.89,,,,,,5,,,,,2014-12-04
136238,Basketball Cards 2014 Panini Prizm,Tony Parker [Light Blue Prizm] #64,,,,,,$51.00,$66.00,$31.00,$31.00,,,,,,,,,,1,,,,,2014-12-04
12249384,Basketball Cards 2014 Panini Prizm,Tony Parker [Orange Die Cut Prizm] #64,$4.99,,,,,,,,,,,$1.10,$5.49,,,,,,1,,,,,2014-12-04
136239,Basketball Cards 2014 Panini Prizm,Tony Parker [Prizm] #64,$4.13,,,,,,,,,,,$0.90,$4.49,,,,,,3,,,,,2014-12-04
191960,Basketball Cards 2014 Panini Prizm,Tony Parker [Purple Die Cut Prizm] #64,$8.88,,,,,,,,,,,$2.00,$9.79,,,,,,2,,,,,2014-12-04
190935,Basketball Cards 2014 Panini Prizm,Tony Parker [Red Prizm] #64,$1.98,,,,$16.50,$62.00,$81.00,$37.00,$37.00,,,,$2.19,,,,,,4,,,,,2014-12-04
191710,Basketball Cards 2014 Panini Prizm,Tony Parker [Red Pulsar Prizm] #64,$119.26,,,,,,,,,,,$65.50,$131.00,,,,,,1,,,,,2014-12-04
191197,Basketball Cards 2014 Panini Prizm,"Tony Parker [Red, White, and Blue Pulsar Prizm] #64",$1.62,,,,,$29.99,$39.00,$18.00,$18.00,,,,$1.79,,,,,,3,,,,,2014-12-04
12249610,Basketball Cards 2014 Panini Prizm,Tony Parker [Yellow and Red Mosaic Prizm] #64,$0.99,,,,,,,,,,,,$1.09,,,,,,1,,,,,2014-12-04
136576,Basketball Cards 2014 Panini Prizm,Tracy McGrady #190,$1.79,,$6.45,$5000.00,$5500.00,$6000.00,$7800.00,$3600.00,$3600.00,,,,$1.99,,,$1.40,$7.09,,8,,,,,2014-12-04
12248232,Basketball Cards 2014 Panini Prizm,Tracy McGrady [Black Prizm] #190,,,,,,,,,,,,,,,,,,,0,,,,,2014-12-04
12248381,Basketball Cards 2014 Panini Prizm,Tracy McGrady [Black Pulsar Prizm] #190,$6.58,,,,,$50.00,$65.00,$30.00,$30.00,,,$1.40,$7.19,,,,,,1,,,,,2014-12-04
136578,Basketball Cards 2014 Panini Prizm,Tracy McGrady [Blue Mojo Prizm] #190,$29.99,,,,,,,,,,,$9.90,$32.99,,,,,,2,,,,,2014-12-04
190334,Basketball Cards 2014 Panini Prizm,Tracy McGrady [Blue Prizm] #190,$19.66,,$17.19,$62.00,$68.00,,,,,,,$6.60,$21.99,,,$4.80,$18.99,,3,,,,,2014-12-04
12248965,Basketball Cards 2014 Panini Prizm,Tracy McGrady [Blue Wave Prizm] #190,$12.33,,,,,,,,,,,$3.50,$13.99,,,,,,1,,,,,2014-12-04
136577,Basketball Cards 2014 Panini Prizm,Tracy McGrady [Blue and Green Prizm] #190,$3.35,,,$15.50,$23.21,$42.50,$55.00,$26.00,$26.00,,,,$3.69,,,,,,10,,,,,2014-12-04
192329,Basketball Cards 2014 Panini Prizm,Tracy McGrady [Gold Prizm] #190,,,,,,,,,,,,,,,,,,,0,,,,,2014-12-04
12249134,Basketball Cards 2014 Panini Prizm,Tracy McGrady [Gold Pulsar Prizm] #190,,,,,,,,,,,,,,,,,,,0,,,,,2014-12-04
190815,Basketball Cards 2014 Panini Prizm,Tracy McGrady [Green Prizm] #190,$5.00,,,$24.50,$27.00,,,,,,,$1.10,$5.49,,,,,,3,,,,,2014-12-04
136579,Basketball Cards 2014 Panini Prizm,Tracy McGrady [Light Blue Prizm] #190,$19.99,,,$112.10,$123.00,,,,,,,$6.60,$21.99,,,,,,2,,,,,2014-12-04
12249455,Basketball Cards 2014 Panini Prizm,Tracy McGrady [Orange Die Cut Prizm] #190,$12.38,,$15.17,$23.18,$37.35,$52.23,$68.00,$31.00,$31.00,,,$3.50,$13.99,,,$4.30,$16.99,,12,,,,,2014-12-04
192577,Basketball Cards 2014 Panini Prizm,Tracy McGrady [Prizm] #190,$9.99,,,$15.00,$17.00,,,,,,,$2.80,$10.99,,,,,,6,,,,,2014-12-04
192069,Basketball Cards 2014 Panini Prizm,Tracy McGrady [Purple Die Cut Prizm] #190,$7.40,,,$40.00,$44.00,,,,,,,$1.60,$8.09,,,,,,3,,,,,2014-12-04
191048,Basketball Cards 2014 Panini Prizm,Tracy McGrady [Red Prizm] #190,$8.35,,,,,$37.99,$49.00,$23.00,$23.00,,,$1.80,$9.19,,,,,,2,,,,,2014-12-04
191820,Basketball Cards 2014 Panini Prizm,Tracy McGrady [Red Pulsar Prizm] #190,,,,,,,,,,,,,,,,,,,0,,,,,2014-12-04
191309,Basketball Cards 2014 Panini Prizm,"Tracy McGrady [Red, White, and Blue Pulsar Prizm] #190",$5.99,,$18.09,$29.93,$47.00,$47.49,$62.00,$28.00,$28.00,,,$1.30,$6.59,,,$5.00,$19.99,,15,,,,,2014-12-04
136580,Basketball Cards 2014 Panini Prizm,Tracy McGrady [Yellow and Red Mosaic Prizm] #190,$10.38,,$25.00,$28.00,$31.00,$83.99,$109.00,$50.00,$50.00,,,$2.80,$10.99,,,$8.40,$27.99,,5,,,,,2014-12-04
190027,Basketball Cards 2014 Panini Prizm,Trey Burke #74,$1.20,,,,,,,,,,,,$1.29,,,,,,1,,,,,2014-12-04
12248053,Basketball Cards 2014 Panini Prizm,Trey Burke [Black Prizm] #74,,,,,,,,,,,,,,,,,,,0,,,,,2014-12-04
12248440,Basketball Cards 2014 Panini Prizm,Trey Burke [Black Pulsar Prizm] #74,,,,,,,,,,,,,,,,,,,0,,,,,2014-12-04
190491,Basketball Cards 2014 Panini Prizm,Trey Burke [Blue Mojo Prizm] #74,$2.77,,,,,,,,,,,,$3.09,,,,,,1,,,,,2014-12-04
190234,Basketball Cards 2014 Panini Prizm,Trey Burke [Blue Prizm] #74,$6.29,,,,$6.00,,,,,,,$1.40,$6.89,,,,,,1,,,,,2014-12-04
12248866,Basketball Cards 2014 Panini Prizm,Trey Burke [Blue Wave Prizm] #74,,,,,,,,,,,,,,,,,,,0,,,,,2014-12-04
12248725,Basketball Cards 2014 Panini Prizm,Trey Burke [Blue and Green Prizm] #74,$1.50,,,,,,,,,,,,$1.69,,,,,,1,,,,,2014-12-04
192226,Basketball Cards 2014 Panini Prizm,Trey Burke [Gold Prizm] #74,$14.93,,,,,,,,,,,$4.00,$15.99,,,,,,1,,,,,2014-12-04
12249229,Basketball Cards 2014 Panini Prizm,Trey Burke [Gold Pulsar Prizm] #74,$44.00,,,,,,,,,,,$19.20,$47.99,,,,,,1,,,,,2014-12-04
190724,Basketball Cards 2014 Panini Prizm,Trey Burke [Green Prizm] #74,$0.90,,,,,,,,,,,,$0.99,,,,,,2,,,,,2014-12-04
191457,Basketball Cards 2014 Panini Prizm,Trey Burke [Light Blue Prizm] #74,$4.95,,,,,,,,,,,$1.10,$5.49,,,,,,1,,,,,2014-12-04
12249402,Basketball Cards 2014 Panini Prizm,Trey Burke [Orange Die Cut Prizm] #74,,,,,,,,,,,,,,,,,,,0,,,,,2014-12-04
192484,Basketball Cards 2014 Panini Prizm,Trey Burke [Prizm] #74,$2.01,,,,,,,,,,,,$2.19,,,,,,1,,,,,2014-12-04
191968,Basketball Cards 2014 Panini Prizm,Trey Burke [Purple Die Cut Prizm] #74,$2.37,,,,,,,,,,,,$2.59,,,,,,2,,,,,2014-12-04
190942,Basketball Cards 2014 Panini Prizm,Trey Burke [Red Prizm] #74,$1.25,,,,,,,,,,,,$1.39,,,,,,1,,,,,2014-12-04
191719,Basketball Cards 2014 Panini Prizm,Trey Burke [Red Pulsar Prizm] #74,$4.25,,,,,,,,,,,$0.90,$4.69,,,,,,1,,,,,2014-12-04
191206,Basketball Cards 2014 Panini Prizm,"Trey Burke [Red, White, and Blue Pulsar Prizm] #74",$1.80,,,,,,,,,,,,$1.99,,,,,,1,,,,,2014-12-04
12249620,Basketball Cards 2014 Panini Prizm,Trey Burke [Yellow and Red Mosaic Prizm] #74,,,,,,,,,,,,,,,,,,,0,,,,,2014-12-04
190036,Basketball Cards 2014 Panini Prizm,Tristan Thompson #84,$0.99,,,,,,,,,,,,$1.09,,,,,,1,,,,,2014-12-04
12248069,Basketball Cards 2014 Panini Prizm,Tristan Thompson [Black Prizm] #84,,,,,,,,,,,,,,,,,,,0,,,,,2014-12-04
12248461,Basketball Cards 2014 Panini Prizm,Tristan Thompson [Black Pulsar Prizm] #84,,,,,,,,,,,,,,,,,,,0,,,,,2014-12-04
190501,Basketball Cards 2014 Panini Prizm,Tristan Thompson [Blue Mojo Prizm] #84,$2.66,,,,,,,,,,,,$2.89,,,,,,3,,,,,2014-12-04
190243,Basketball Cards 2014 Panini Prizm,Tristan Thompson [Blue Prizm] #84,$2.05,,,,,,,,,,,,$2.29,,,,,,2,,,,,2014-12-04
12248886,Basketball Cards 2014 Panini Prizm,Tristan Thompson [Blue Wave Prizm] #84,,,,,,,,,,,,,,,,,,,0,,,,,2014-12-04
12248746,Basketball Cards 2014 Panini Prizm,Tristan Thompson [Blue and Green Prizm] #84,,,,,,,,,,,,,,,,,,,0,,,,,2014-12-04
192236,Basketball Cards 2014 Panini Prizm,Tristan Thompson [Gold Prizm] #84,$19.95,,,,,,,,,,,$6.60,$21.99,,,,,,1,,,,,2014-12-04
12249248,Basketball Cards 2014 Panini Prizm,Tristan Thompson [Gold Pulsar Prizm] #84,,,,,,,,,,,,,,,,,,,0,,,,,2014-12-04
190734,Basketball Cards 2014 Panini Prizm,Tristan Thompson [Green Prizm] #84,$1.49,,,,,,,,,,,,$1.59,,,,,,1,,,,,2014-12-04
191467,Basketball Cards 2014 Panini Prizm,Tristan Thompson [Light Blue Prizm] #84,$7.44,,,,,,,,,,,$1.60,$8.19,,,,,,1,,,,,2014-12-04
12249422,Basketball Cards 2014 Panini Prizm,Tristan Thompson [Orange Die Cut Prizm] #84,,,,,,,,,,,,,,,,,,,0,,,,,2014-12-04
192494,Basketball Cards 2014 Panini Prizm,Tristan Thompson [Prizm] #84,$0.74,,,,,,,,,,,,$0.99,,,,,,1,,,,,2014-12-04
191978,Basketball Cards 2014 Panini Prizm,Tristan Thompson [Purple Die Cut Prizm] #84,$3.51,,,,,,,,,,,$0.80,$3.89,,,,,,1,,,,,2014-12-04
190951,Basketball Cards 2014 Panini Prizm,Tristan Thompson [Red Prizm] #84,$2.87,,,,,,,,,,,,$3.19,,,,,,1,,,,,2014-12-04
136271,Basketball Cards 2014 Panini Prizm,Tristan Thompson [Red Pulsar Prizm] #84,$6.67,,,,,$39.99,$52.00,$24.00,$24.00,,,$1.50,$7.29,,,,,,2,,,,,2014-12-04
191216,Basketball Cards 2014 Panini Prizm,"Tristan Thompson [Red, White, and Blue Pulsar Prizm] #84",$1.81,,,,,,,,,,,,$1.99,,,,,,1,,,,,2014-12-04
12249640,Basketball Cards 2014 Panini Prizm,Tristan Thompson [Yellow and Red Mosaic Prizm] #84,,,,,,,,,,,,,,,,,,,0,,,,,2014-12-04
190043,Basketball Cards 2014 Panini Prizm,Ty Lawson #94,$0.99,,,,,,,,,,,,$1.09,,,,,,1,,,,,2014-12-04
12248085,Basketball Cards 2014 Panini Prizm,Ty Lawson [Black Prizm] #94,,,,,,,,,,,,,,,,,,,0,,,,,2014-12-04
12248483,Basketball Cards 2014 Panini Prizm,Ty Lawson [Black Pulsar Prizm] #94,,,,,,,,,,,,,,,,,,,0,,,,,2014-12-04
136316,Basketball Cards 2014 Panini Prizm,Ty Lawson [Blue Mojo Prizm] #94,$0.25,,,,,,,,,,,,$0.99,,,,,,0,,,,,2014-12-04
190250,Basketball Cards 2014 Panini Prizm,Ty Lawson [Blue Prizm] #94,$3.70,,,,,,,,,,,$0.80,$4.09,,,,,,1,,,,,2014-12-04
12248901,Basketball Cards 2014 Panini Prizm,Ty Lawson [Blue Wave Prizm] #94,,,,,,,,,,,,,,,,,,,0,,,,,2014-12-04
12248755,Basketball Cards 2014 Panini Prizm,Ty Lawson [Blue and Green Prizm] #94,$1.50,,,,,,,,,,,,$1.69,,,,,,1,,,,,2014-12-04
192245,Basketball Cards 2014 Panini Prizm,Ty Lawson [Gold Prizm] #94,$150.00,,,,,$250.00,$325.00,$150.00,$150.00,,,$82.50,$165.00,,,,,,2,,,,,2014-12-04
12249284,Basketball Cards 2014 Panini Prizm,Ty Lawson [Gold Pulsar Prizm] #94,,,,,,,,,,,,,,,,,,,0,,,,,2014-12-04
190741,Basketball Cards 2014 Panini Prizm,Ty Lawson [Green Prizm] #94,$1.12,,,,,,,,,,,,$1.19,,,,,,1,,,,,2014-12-04
191474,Basketball Cards 2014 Panini Prizm,Ty Lawson [Light Blue Prizm] #94,$3.07,,,,,,,,,,,,$3.39,,,,,,1,,,,,2014-12-04
12249439,Basketball Cards 2014 Panini Prizm,Ty Lawson [Orange Die Cut Prizm] #94,,,,,,,,,,,,,,,,,,,0,,,,,2014-12-04
192500,Basketball Cards 2014 Panini Prizm,Ty Lawson [Prizm] #94,$1.99,,,,,,,,,,,,$2.19,,,,,,1,,,,,2014-12-04
191984,Basketball Cards 2014 Panini Prizm,Ty Lawson [Purple Die Cut Prizm] #94,$1.46,,,,,,,,,,,,$1.59,,,,,,3,,,,,2014-12-04
190959,Basketball Cards 2014 Panini Prizm,Ty Lawson [Red Prizm] #94,$4.31,,,,,,,,,,,$0.90,$4.69,,,,,,2,,,,,2014-12-04
191736,Basketball Cards 2014 Panini Prizm,Ty Lawson [Red Pulsar Prizm] #94,$7.34,,,,,,,,,,,$1.60,$8.09,,,,,,1,,,,,2014-12-04
191223,Basketball Cards 2014 Panini Prizm,"Ty Lawson [Red, White, and Blue Pulsar Prizm] #94",$0.25,,,,,,,,,,,,$0.99,,,,,,0,,,,,2014-12-04
12249654,Basketball Cards 2014 Panini Prizm,Ty Lawson [Yellow and Red Mosaic Prizm] #94,$0.99,,,,,,,,,,,,$1.09,,,,,,1,,,,,2014-12-04
190150,Basketball Cards 2014 Panini Prizm,Tyler Ennis #266,$1.24,,,,,,,,,,,,$1.39,,,,,,2,,,,,2014-12-04
12248194,Basketball Cards 2014 Panini Prizm,Tyler Ennis [Black Prizm] #266,,,,,,,,,,,,,,,,,,,0,,,,,2014-12-04
12248524,Basketball Cards 2014 Panini Prizm,Tyler Ennis [Black Pulsar Prizm] #266,,,,,,,,,,,,,,,,,,,0,,,,,2014-12-04
190634,Basketball Cards 2014 Panini Prizm,Tyler Ennis [Blue Mojo Prizm] #266,$5.95,,,$3.00,$3.00,,,,,,,$1.30,$6.59,,,,,,2,,,,,2014-12-04
190396,Basketball Cards 2014 Panini Prizm,Tyler Ennis [Blue Prizm] #266,$3.59,,,,,,,,,,,$0.80,$3.99,,,,,,1,,,,,2014-12-04
12249024,Basketball Cards 2014 Panini Prizm,Tyler Ennis [Blue Wave Prizm] #266,,,,,,,,,,,,,,,,,,,0,,,,,2014-12-04
12248673,Basketball Cards 2014 Panini Prizm,Tyler Ennis [Blue and Green Prizm] #266,$2.59,,,,,,,,,,,,$2.89,,,,,,1,,,,,2014-12-04
192393,Basketball Cards 2014 Panini Prizm,Tyler Ennis [Gold Prizm] #266,$48.92,,,$67.66,$74.00,,,,,,,$21.60,$53.99,,,,,,2,,,,,2014-12-04
12249251,Basketball Cards 2014 Panini Prizm,Tyler Ennis [Gold Pulsar Prizm] #266,,,,,,,,,,,,,,,,,,,0,,,,,2014-12-04
190858,Basketball Cards 2014 Panini Prizm,Tyler Ennis [Green Prizm] #266,$1.39,,,,,,,,,,,,$1.49,,,,,,1,,,,,2014-12-04
191624,Basketball Cards 2014 Panini Prizm,Tyler Ennis [Light Blue Prizm] #266,$4.75,,,,,,,,,,,$1.00,$5.19,,,,,,1,,,,,2014-12-04
12249528,Basketball Cards 2014 Panini Prizm,Tyler Ennis [Orange Die Cut Prizm] #266,,,,,,,,,,,,,,,,,,,0,,,,,2014-12-04
136853,Basketball Cards 2014 Panini Prizm,Tyler Ennis [Prizm] #266,$3.65,,,,,,,,,,,$0.80,$3.99,,,,,,1,,,,,2014-12-04
192135,Basketball Cards 2014 Panini Prizm,Tyler Ennis [Purple Die Cut Prizm] #266,$7.00,,,,,,,,,,,$1.50,$7.69,,,,,,4,,,,,2014-12-04
191114,Basketball Cards 2014 Panini Prizm,Tyler Ennis [Red Prizm] #266,$1.79,,,,,,,,,,,,$1.99,,,,,,1,,,,,2014-12-04
191878,Basketball Cards 2014 Panini Prizm,Tyler Ennis [Red Pulsar Prizm] #266,$1.00,,,,,,,,,,,,$1.09,,,,,,1,,,,,2014-12-04
136854,Basketball Cards 2014 Panini Prizm,"Tyler Ennis [Red, White, and Blue Pulsar Prizm] #266",$2.50,,,,,$6.50,$8.00,$4.00,$4.00,,,,$2.79,,,,,,2,,,,,2014-12-04
11808301,Basketball Cards 2014 Panini Prizm,Tyler Ennis [Yellow and Red Mosaic Prizm] #266,,,,,,,,,,,,,,,,,,,0,,,,,2014-12-04
190050,Basketball Cards 2014 Panini Prizm,Tyreke Evans #104,$1.66,,,,,,,,,,,,$1.79,,,,,,1,,,,,2014-12-04
12248013,Basketball Cards 2014 Panini Prizm,Tyreke Evans [Black Prizm] #104,,,,,,,,,,,,,,,,,,,0,,,,,2014-12-04
12248263,Basketball Cards 2014 Panini Prizm,Tyreke Evans [Black Pulsar Prizm] #104,,,,,,,,,,,,,,,,,,,0,,,,,2014-12-04
136346,Basketball Cards 2014 Panini Prizm,Tyreke Evans [Blue Mojo Prizm] #104,$1.81,,,,,,,,,,,,$1.99,,,,,,1,,,,,2014-12-04
190260,Basketball Cards 2014 Panini Prizm,Tyreke Evans [Blue Prizm] #104,$1.66,,,,,,,,,,,,$1.79,,,,,,1,,,,,2014-12-04
12248919,Basketball Cards 2014 Panini Prizm,Tyreke Evans [Blue Wave Prizm] #104,,,,,,,,,,,,,,,,,,,0,,,,,2014-12-04
12248761,Basketball Cards 2014 Panini Prizm,Tyreke Evans [Blue and Green Prizm] #104,,,,,,,,,,,,,,,,,,,0,,,,,2014-12-04
192254,Basketball Cards 2014 Panini Prizm,Tyreke Evans [Gold Prizm] #104,$26.33,,,$36.00,$40.00,,,,,,,$8.70,$28.99,,,,,,2,,,,,2014-12-04
12249296,Basketball Cards 2014 Panini Prizm,Tyreke Evans [Gold Pulsar Prizm] #104,,,,,,,,,,,,,,,,,,,0,,,,,2014-12-04
190749,Basketball Cards 2014 Panini Prizm,Tyreke Evans [Green Prizm] #104,$1.44,,,,,,,,,,,,$1.59,,,,,,1,,,,,2014-12-04
191484,Basketball Cards 2014 Panini Prizm,Tyreke Evans [Light Blue Prizm] #104,$1.09,,,,,,,,,,,,$1.19,,,,,,1,,,,,2014-12-04
12249456,Basketball Cards 2014 Panini Prizm,Tyreke Evans [Orange Die Cut Prizm] #104,,,,,,,,,,,,,,,,,,,0,,,,,2014-12-04
192507,Basketball Cards 2014 Panini Prizm,Tyreke Evans [Prizm] #104,$0.99,,,,,,,,,,,,$1.09,,,,,,1,,,,,2014-12-04
191991,Basketball Cards 2014 Panini Prizm,Tyreke Evans [Purple Die Cut Prizm] #104,$2.84,,,,,,,,,,,,$3.09,,,,,,1,,,,,2014-12-04
190968,Basketball Cards 2014 Panini Prizm,Tyreke Evans [Red Prizm] #104,$2.39,,,,,,,,,,,,$2.59,,,,,,1,,,,,2014-12-04
191744,Basketball Cards 2014 Panini Prizm,Tyreke Evans [Red Pulsar Prizm] #104,$3.29,,,,,,,,,,,,$3.59,,,,,,1,,,,,2014-12-04
191232,Basketball Cards 2014 Panini Prizm,"Tyreke Evans [Red, White, and Blue Pulsar Prizm] #104",$1.09,,,,,,,,,,,,$1.19,,,,,,1,,,,,2014-12-04
12249666,Basketball Cards 2014 Panini Prizm,Tyreke Evans [Yellow and Red Mosaic Prizm] #104,,,,,,,,,,,,,,,,,,,0,,,,,2014-12-04
190058,Basketball Cards 2014 Panini Prizm,Tyson Chandler #114,$0.99,,,,,,,,,,,,$1.09,,,,,,1,,,,,2014-12-04
12248034,Basketball Cards 2014 Panini Prizm,Tyson Chandler [Black Prizm] #114,,,,,,,,,,,,,,,,,,,0,,,,,2014-12-04
12248273,Basketball Cards 2014 Panini Prizm,Tyson Chandler [Black Pulsar Prizm] #114,,,,,,,,,,,,,,,,,,,0,,,,,2014-12-04
190520,Basketball Cards 2014 Panini Prizm,Tyson Chandler [Blue Mojo Prizm] #114,$9.99,,,,,,,,,,,$2.80,$10.99,,,,,,1,,,,,2014-12-04
190269,Basketball Cards 2014 Panini Prizm,Tyson Chandler [Blue Prizm] #114,$3.61,,,,,,,,,,,$0.80,$3.99,,,,,,1,,,,,2014-12-04
12248844,Basketball Cards 2014 Panini Prizm,Tyson Chandler [Blue Wave Prizm] #114,$0.99,,,,,,,,,,,,$1.09,,,,,,1,,,,,2014-12-04
12248768,Basketball Cards 2014 Panini Prizm,Tyson Chandler [Blue and Green Prizm] #114,,,,,,,,,,,,,,,,,,,0,,,,,2014-12-04
192262,Basketball Cards 2014 Panini Prizm,Tyson Chandler [Gold Prizm] #114,$1.50,,,$104.78,$115.00,,,,,,,,$1.69,,,,,,2,,,,,2014-12-04
12249304,Basketball Cards 2014 Panini Prizm,Tyson Chandler [Gold Pulsar Prizm] #114,,,,,,,,,,,,,,,,,,,0,,,,,2014-12-04
190756,Basketball Cards 2014 Panini Prizm,Tyson Chandler [Green Prizm] #114,$1.25,,,,,,,,,,,,$1.39,,,,,,4,,,,,2014-12-04
191493,Basketball Cards 2014 Panini Prizm,Tyson Chandler [Light Blue Prizm] #114,$5.68,,,,,,,,,,,$1.30,$6.29,,,,,,2,,,,,2014-12-04
12249476,Basketball Cards 2014 Panini Prizm,Tyson Chandler [Orange Die Cut Prizm] #114,$3.99,,$8.27,$14.24,$25.59,$37.12,$48.00,$22.00,$22.00,,,$0.90,$4.39,,,$1.80,$9.09,,14,,,,,2014-12-04
192516,Basketball Cards 2014 Panini Prizm,Tyson Chandler [Prizm] #114,$2.45,,,,,,,,,,,,$2.69,,,,,,1,,,,,2014-12-04
192000,Basketball Cards 2014 Panini Prizm,Tyson Chandler [Purple Die Cut Prizm] #114,$2.97,,,,,,,,,,,,$3.29,,,,,,2,,,,,2014-12-04
190976,Basketball Cards 2014 Panini Prizm,Tyson Chandler [Red Prizm] #114,$1.00,,,,,,,,,,,,$1.09,,,,,,1,,,,,2014-12-04
191752,Basketball Cards 2014 Panini Prizm,Tyson Chandler [Red Pulsar Prizm] #114,$5.38,,,,,$19.99,$26.00,$12.00,$12.00,,,$1.20,$5.89,,,,,,2,,,,,2014-12-04
191241,Basketball Cards 2014 Panini Prizm,"Tyson Chandler [Red, White, and Blue Pulsar Prizm] #114",$2.13,,,,,,,,,,,,$2.29,,,,,,1,,,,,2014-12-04
12249678,Basketball Cards 2014 Panini Prizm,Tyson Chandler [Yellow and Red Mosaic Prizm] #114,,,,,,,,,,,,,,,,,,,0,,,,,2014-12-04
190065,Basketball Cards 2014 Panini Prizm,Victor Oladipo #124,$1.49,,,$3.25,$4.00,,,,,,,,$1.59,,,,,,4,,,,,2014-12-04
136405,Basketball Cards 2014 Panini Prizm,Victor Oladipo [Black Prizm] #124,,,,,,,,,,,,,,,,,,,0,,,,,2014-12-04
12248283,Basketball Cards 2014 Panini Prizm,Victor Oladipo [Black Pulsar Prizm] #124,,,,,,,,,,,,,,,,,,,0,,,,,2014-12-04
136407,Basketball Cards 2014 Panini Prizm,Victor Oladipo [Blue Mojo Prizm] #124,$3.00,,$1.25,$16.02,$18.00,,,,,,,,$3.29,,,,$1.39,,3,,,,,2014-12-04
190277,Basketball Cards 2014 Panini Prizm,Victor Oladipo [Blue Prizm] #124,$20.89,,,,,,,,,,,$6.90,$22.99,,,,,,1,,,,,2014-12-04
12248862,Basketball Cards 2014 Panini Prizm,Victor Oladipo [Blue Wave Prizm] #124,,,,,,,,,,,,,,,,,,,0,,,,,2014-12-04
136406,Basketball Cards 2014 Panini Prizm,Victor Oladipo [Blue and Green Prizm] #124,$1.89,,,$4.99,$5.00,$14.00,$18.00,$8.00,$8.00,,,,$2.09,,,,,,4,,,,,2014-12-04
192271,Basketball Cards 2014 Panini Prizm,Victor Oladipo [Gold Prizm] #124,,,,$99.99,$110.00,,,,,,,,,,,,,,1,,,,,2014-12-04
136408,Basketball Cards 2014 Panini Prizm,Victor Oladipo [Gold Pulsar Prizm] #124,$99.95,,,,$51.00,$52.20,$68.00,$31.00,$31.00,,,$55.00,$110.00,,,,,,3,,,,,2014-12-04
190764,Basketball Cards 2014 Panini Prizm,Victor Oladipo [Green Prizm] #124,$1.56,,,,,$9.00,$12.00,$5.00,$5.00,,,,$1.69,,,,,,2,,,,,2014-12-04
191502,Basketball Cards 2014 Panini Prizm,Victor Oladipo [Light Blue Prizm] #124,$9.45,,,,,,,,,,,$2.00,$9.99,,,,,,1,,,,,2014-12-04
12249355,Basketball Cards 2014 Panini Prizm,Victor Oladipo [Orange Die Cut Prizm] #124,,,,,,,,,,,,,,,,,,,0,,,,,2014-12-04
136409,Basketball Cards 2014 Panini Prizm,Victor Oladipo [Prizm] #124,$3.75,,,$3.58,$4.00,,,,,,,$0.80,$4.09,,,,,,2,,,,,2014-12-04
192008,Basketball Cards 2014 Panini Prizm,Victor Oladipo [Purple Die Cut Prizm] #124,$3.83,,,,,$10.51,$14.00,$6.00,$6.00,,,$0.80,$4.19,,,,,,3,,,,,2014-12-04
190986,Basketball Cards 2014 Panini Prizm,Victor Oladipo [Red Prizm] #124,$1.90,,,,,,,,,,,,$2.09,,,,,,2,,,,,2014-12-04
191760,Basketball Cards 2014 Panini Prizm,Victor Oladipo [Red Pulsar Prizm] #124,,,,,,$59.99,$78.00,$36.00,$36.00,,,,,,,,,,1,,,,,2014-12-04
191249,Basketball Cards 2014 Panini Prizm,"Victor Oladipo [Red, White, and Blue Pulsar Prizm] #124",$0.72,,,,,,,,,,,,$0.99,,,,,,1,,,,,2014-12-04
12249692,Basketball Cards 2014 Panini Prizm,Victor Oladipo [Yellow and Red Mosaic Prizm] #124,$0.99,,,,,,,,,,,,$1.09,,,,,,1,,,,,2014-12-04
190073,Basketball Cards 2014 Panini Prizm,Vince Carter #134,$3.69,,$6.98,$9.01,$18.00,$18.49,$24.00,$11.00,$11.00,,,$0.80,$4.09,,,$1.50,$7.69,,12,,,,,2014-12-04
12248081,Basketball Cards 2014 Panini Prizm,Vince Carter [Black Prizm] #134,,,,,,,,,,,,,,,,,,,0,,,,,2014-12-04
12248293,Basketball Cards 2014 Panini Prizm,Vince Carter [Black Pulsar Prizm] #134,,,,,,,,,,,,,,,,,,,0,,,,,2014-12-04
190533,Basketball Cards 2014 Panini Prizm,Vince Carter [Blue Mojo Prizm] #134,$1.25,,,,,,,,,,,,$1.39,,,,,,2,,,,,2014-12-04
136435,Basketball Cards 2014 Panini Prizm,Vince Carter [Blue Prizm] #134,$3.37,,,$45.00,$47.00,$48.00,$62.00,$29.00,$29.00,,,,$3.69,,,,,,3,,,,,2014-12-04
12248881,Basketball Cards 2014 Panini Prizm,Vince Carter [Blue Wave Prizm] #134,,,,,,,,,,,,,,,,,,,0,,,,,2014-12-04
12248562,Basketball Cards 2014 Panini Prizm,Vince Carter [Blue and Green Prizm] #134,,,,,,$50.00,$65.00,$30.00,$30.00,,,,,,,,,,1,,,,,2014-12-04
136436,Basketball Cards 2014 Panini Prizm,Vince Carter [Gold Prizm] #134,,,,,,,,,,,,,,,,,,,0,,,,,2014-12-04
136437,Basketball Cards 2014 Panini Prizm,Vince Carter [Gold Pulsar Prizm] #134,$350.00,,,,,,,,,,,$192.50,$385.00,,,,,,0,,,,,2014-12-04
190772,Basketball Cards 2014 Panini Prizm,Vince Carter [Green Prizm] #134,$1.99,,,$10.87,$12.00,$29.88,$39.00,$18.00,$18.00,,,,$2.19,,,,,,6,,,,,2014-12-04
191511,Basketball Cards 2014 Panini Prizm,Vince Carter [Light Blue Prizm] #134,$9.98,,,,,,,,,,,$2.80,$10.99,,,,,,1,,,,,2014-12-04
12249371,Basketball Cards 2014 Panini Prizm,Vince Carter [Orange Die Cut Prizm] #134,$20.09,,$16.66,$34.01,$61.10,$91.00,$118.00,$55.00,$55.00,,,$6.60,$21.99,,,$4.50,$17.99,,11,,,,,2014-12-04
136438,Basketball Cards 2014 Panini Prizm,Vince Carter [Prizm] #134,$3.39,,,$24.95,$27.00,,,,,,,,$3.69,,,,,,2,,,,,2014-12-04
192017,Basketball Cards 2014 Panini Prizm,Vince Carter [Purple Die Cut Prizm] #134,$5.99,,$7.58,$42.00,$45.61,$70.99,$92.00,$43.00,$43.00,,,$1.30,$6.59,,,$1.70,$8.29,,10,,,,,2014-12-04
190995,Basketball Cards 2014 Panini Prizm,Vince Carter [Red Prizm] #134,$7.01,,,,,,,,,,,$1.50,$7.69,,,,,,1,,,,,2014-12-04
191770,Basketball Cards 2014 Panini Prizm,Vince Carter [Red Pulsar Prizm] #134,,,,,,,,,,,,,,,,,,,0,,,,,2014-12-04
191258,Basketball Cards 2014 Panini Prizm,"Vince Carter [Red, White, and Blue Pulsar Prizm] #134",$1.49,,,$11.44,$13.00,,,,,,,,$1.59,,,,,,4,,,,,2014-12-04
136439,Basketball Cards 2014 Panini Prizm,Vince Carter [Yellow and Red Mosaic Prizm] #134,$3.29,,,,,$41.00,$53.00,$25.00,$19.99,,,,$3.59,,,,,,4,,,,,2014-12-04
136601,Basketball Cards 2014 Panini Prizm,Vlade Divac #200,$1.69,,,,,$10.51,$14.00,$6.00,$6.00,,,,$1.89,,,,,,3,,,,,2014-12-04
12248250,Basketball Cards 2014 Panini Prizm,Vlade Divac [Black Prizm] #200,,,,,,,,,,,,,,,,,,,0,,,,,2014-12-04
12248400,Basketball Cards 2014 Panini Prizm,Vlade Divac [Black Pulsar Prizm] #200,,,,,,,,,,,,,,,,,,,0,,,,,2014-12-04
190581,Basketball Cards 2014 Panini Prizm,Vlade Divac [Blue Mojo Prizm] #200,$1.62,,,,,,,,,,,,$1.79,,,,,,1,,,,,2014-12-04
190343,Basketball Cards 2014 Panini Prizm,Vlade Divac [Blue Prizm] #200,$4.74,,,,,,,,,,,$1.00,$5.19,,,,,,1,,,,,2014-12-04
12248981,Basketball Cards 2014 Panini Prizm,Vlade Divac [Blue Wave Prizm] #200,,,,,,,,,,,,,,,,,,,0,,,,,2014-12-04
12248613,Basketball Cards 2014 Panini Prizm,Vlade Divac [Blue and Green Prizm] #200,,,,,,,,,,,,,,,,,,,0,,,,,2014-12-04
192338,Basketball Cards 2014 Panini Prizm,Vlade Divac [Gold Prizm] #200,,,,,,$113.61,$148.00,$68.00,$68.00,,,,,,,,,,1,,,,,2014-12-04
12249151,Basketball Cards 2014 Panini Prizm,Vlade Divac [Gold Pulsar Prizm] #200,,,,,,,,,,,,,,,,,,,0,,,,,2014-12-04
190823,Basketball Cards 2014 Panini Prizm,Vlade Divac [Green Prizm] #200,$1.49,,,,,,,,,,,,$1.59,,,,,,3,,,,,2014-12-04
191573,Basketball Cards 2014 Panini Prizm,Vlade Divac [Light Blue Prizm] #200,$5.21,,,,,,,,,,,$1.10,$5.69,,,,,,1,,,,,2014-12-04
12249471,Basketball Cards 2014 Panini Prizm,Vlade Divac [Orange Die Cut Prizm] #200,,,,,,,,,,,,,,,,,,,0,,,,,2014-12-04
192586,Basketball Cards 2014 Panini Prizm,Vlade Divac [Prizm] #200,$1.12,,,,,,,,,,,,$1.19,,,,,,1,,,,,2014-12-04
192079,Basketball Cards 2014 Panini Prizm,Vlade Divac [Purple Die Cut Prizm] #200,$5.01,,,,,$10.61,$14.00,$6.00,$6.00,,,$1.10,$5.49,,,,,,3,,,,,2014-12-04
191057,Basketball Cards 2014 Panini Prizm,Vlade Divac [Red Prizm] #200,$8.99,,,,,$14.99,$19.00,$9.00,$9.00,,,$2.00,$9.89,,,,,,3,,,,,2014-12-04
191830,Basketball Cards 2014 Panini Prizm,Vlade Divac [Red Pulsar Prizm] #200,$5.20,,,,,$79.99,$104.00,$48.00,$48.00,,,$1.10,$5.69,,,,,,2,,,,,2014-12-04
191318,Basketball Cards 2014 Panini Prizm,"Vlade Divac [Red, White, and Blue Pulsar Prizm] #200",$0.95,,,,,,,,,,,,$1.09,,,,,,1,,,,,2014-12-04
12249711,Basketball Cards 2014 Panini Prizm,Vlade Divac [Yellow and Red Mosaic Prizm] #200,,,,,,,,,,,,,,,,,,,0,,,,,2014-12-04
190123,Basketball Cards 2014 Panini Prizm,Walt Frazier #210,$1.56,,$6.32,$9.99,$17.88,$29.99,$39.00,$18.00,$18.00,,,,$1.69,,,$1.40,$6.99,,17,,,,,2014-12-04
12248109,Basketball Cards 2014 Panini Prizm,Walt Frazier [Black Prizm] #210,,,,,,,,,,,,,,,,,,,0,,,,,2014-12-04
12248441,Basketball Cards 2014 Panini Prizm,Walt Frazier [Black Pulsar Prizm] #210,,,,,,,,,,,,,,,,,,,0,,,,,2014-12-04
136620,Basketball Cards 2014 Panini Prizm,Walt Frazier [Blue Mojo Prizm] #210,$2.25,,,,,,,,,,,,$2.49,,,,,,1,,,,,2014-12-04
190353,Basketball Cards 2014 Panini Prizm,Walt Frazier [Blue Prizm] #210,$10.68,,,,,,,,,,,$3.00,$11.99,,,,,,2,,,,,2014-12-04
12248999,Basketball Cards 2014 Panini Prizm,Walt Frazier [Blue Wave Prizm] #210,,,,,,,,,,,,,,,,,,,0,,,,,2014-12-04
136619,Basketball Cards 2014 Panini Prizm,Walt Frazier [Blue and Green Prizm] #210,$2.38,,,,,,,,,,,,$2.59,,,,,,2,,,,,2014-12-04
192347,Basketball Cards 2014 Panini Prizm,Walt Frazier [Gold Prizm] #210,$111.38,,,$374.00,$411.00,,,,,,,$61.50,$123.00,,,,,,2,,,,,2014-12-04
136621,Basketball Cards 2014 Panini Prizm,Walt Frazier [Gold Pulsar Prizm] #210,,,,,,$350.00,$455.00,$210.00,$210.00,,,,,,,,,,1,,,,,2014-12-04
190828,Basketball Cards 2014 Panini Prizm,Walt Frazier [Green Prizm] #210,$2.00,,,,,,,,,,,,$2.19,,,,,,1,,,,,2014-12-04
191583,Basketball Cards 2014 Panini Prizm,Walt Frazier [Light Blue Prizm] #210,$6.28,,,,,,,,,,,$1.40,$6.89,,,,,,1,,,,,2014-12-04
12249484,Basketball Cards 2014 Panini Prizm,Walt Frazier [Orange Die Cut Prizm] #210,,,,,,$75.00,$98.00,$45.00,$45.00,,,,,,,,,,1,,,,,2014-12-04
192595,Basketball Cards 2014 Panini Prizm,Walt Frazier [Prizm] #210,$5.14,,,,,,,,,,,$1.10,$5.69,,,,,,2,,,,,2014-12-04
192089,Basketball Cards 2014 Panini Prizm,Walt Frazier [Purple Die Cut Prizm] #210,$3.25,,,,,,,,,,,,$3.59,,,,,,3,,,,,2014-12-04
191067,Basketball Cards 2014 Panini Prizm,Walt Frazier [Red Prizm] #210,$2.54,,,$3.25,$4.00,,,,,,,,$2.79,,,,,,3,,,,,2014-12-04
191838,Basketball Cards 2014 Panini Prizm,Walt Frazier [Red Pulsar Prizm] #210,$11.50,,,,,,,,,,,$3.30,$12.99,,,,,,1,,,,,2014-12-04
191328,Basketball Cards 2014 Panini Prizm,"Walt Frazier [Red, White, and Blue Pulsar Prizm] #210",$1.99,,,,,,,,,,,,$2.19,,,,,,3,,,,,2014-12-04
12249719,Basketball Cards 2014 Panini Prizm,Walt Frazier [Yellow and Red Mosaic Prizm] #210,$1.25,,,$16.99,$19.00,,,,,,,,$1.39,,,,,,2,,,,,2014-12-04
190080,Basketball Cards 2014 Panini Prizm,Wesley Matthews #144,$0.99,,,,,,,,,,,,$1.09,,,,,,1,,,,,2014-12-04
12248105,Basketball Cards 2014 Panini Prizm,Wesley Matthews [Black Prizm] #144,,,,,,,,,,,,,,,,,,,0,,,,,2014-12-04
12248303,Basketball Cards 2014 Panini Prizm,Wesley Matthews [Black Pulsar Prizm] #144,,,,,,,,,,,,,,,,,,,0,,,,,2014-12-04
136474,Basketball Cards 2014 Panini Prizm,Wesley Matthews [Blue Mojo Prizm] #144,$7.15,,,,,$5.00,$7.00,$3.00,$3.00,,,$1.60,$7.89,,,,,,2,,,,,2014-12-04
190294,Basketball Cards 2014 Panini Prizm,Wesley Matthews [Blue Prizm] #144,$0.99,,,,,,,,,,,,$1.09,,,,,,1,,,,,2014-12-04
12248898,Basketball Cards 2014 Panini Prizm,Wesley Matthews [Blue Wave Prizm] #144,,,,,,,,,,,,,,,,,,,0,,,,,2014-12-04
12248570,Basketball Cards 2014 Panini Prizm,Wesley Matthews [Blue and Green Prizm] #144,$1.38,,,,,,,,,,,,$1.49,,,,,,9,,,,,2014-12-04
192287,Basketball Cards 2014 Panini Prizm,Wesley Matthews [Gold Prizm] #144,$64.99,,,,,$75.00,$98.00,$45.00,$45.00,,,$28.40,$70.99,,,,,,2,,,,,2014-12-04
12249077,Basketball Cards 2014 Panini Prizm,Wesley Matthews [Gold Pulsar Prizm] #144,,,,,,,,,,,,,,,,,,,0,,,,,2014-12-04
190778,Basketball Cards 2014 Panini Prizm,Wesley Matthews [Green Prizm] #144,$1.25,,,,,,,,,,,,$1.39,,,,,,1,,,,,2014-12-04
191519,Basketball Cards 2014 Panini Prizm,Wesley Matthews [Light Blue Prizm] #144,,,,,,,,,,,,,,,,,,,0,,,,,2014-12-04
12249385,Basketball Cards 2014 Panini Prizm,Wesley Matthews [Orange Die Cut Prizm] #144,,,,,,,,,,,,,,,,,,,0,,,,,2014-12-04
192539,Basketball Cards 2014 Panini Prizm,Wesley Matthews [Prizm] #144,$2.75,,,,,,,,,,,,$2.99,,,,,,1,,,,,2014-12-04
192025,Basketball Cards 2014 Panini Prizm,Wesley Matthews [Purple Die Cut Prizm] #144,$3.50,,,,,,,,,,,$0.80,$3.89,,,,,,2,,,,,2014-12-04
191004,Basketball Cards 2014 Panini Prizm,Wesley Matthews [Red Prizm] #144,$6.00,,,,,,,,,,,$1.30,$6.59,,,,,,1,,,,,2014-12-04
191778,Basketball Cards 2014 Panini Prizm,Wesley Matthews [Red Pulsar Prizm] #144,$5.87,,,,,,,,,,,$1.30,$6.49,,,,,,1,,,,,2014-12-04
191265,Basketball Cards 2014 Panini Prizm,"Wesley Matthews [Red, White, and Blue Pulsar Prizm] #144",$1.86,,,,,,,,,,,,$2.09,,,,,,1,,,,,2014-12-04
12249636,Basketball Cards 2014 Panini Prizm,Wesley Matthews [Yellow and Red Mosaic Prizm] #144,,,,,,,,,,,,,,,,,,,0,,,,,2014-12-04
190164,Basketball Cards 2014 Panini Prizm,Will Cherry #291,$1.34,,,,,,,,,,,,$1.49,,,,,,2,,,,,2014-12-04
12248230,Basketball Cards 2014 Panini Prizm,Will Cherry [Black Prizm] #291,,,,,,,,,,,,,,,,,,,0,,,,,2014-12-04
12248549,Basketball Cards 2014 Panini Prizm,Will Cherry [Black Pulsar Prizm] #291,,,,,,,,,,,,,,,,,,,0,,,,,2014-12-04
190655,Basketball Cards 2014 Panini Prizm,Will Cherry [Blue Mojo Prizm] #291,$1.99,,,,,,,,,,,,$2.19,,,,,,1,,,,,2014-12-04
190417,Basketball Cards 2014 Panini Prizm,Will Cherry [Blue Prizm] #291,$6.00,,,,,,,,,,,$1.30,$6.59,,,,,,1,,,,,2014-12-04
12249047,Basketball Cards 2014 Panini Prizm,Will Cherry [Blue Wave Prizm] #291,,,,,,,,,,,,,,,,,,,0,,,,,2014-12-04
8666490,Basketball Cards 2014 Panini Prizm,Will Cherry [Blue and Green Prizm] #291,$0.25,,,,,,,,,,,,$0.99,,,,,,0,,,,,2014-12-04
192413,Basketball Cards 2014 Panini Prizm,Will Cherry [Gold Prizm] #291,$58.57,,,,,,,,,,,$25.60,$63.99,,,,,,1,,,,,2014-12-04
12249280,Basketball Cards 2014 Panini Prizm,Will Cherry [Gold Pulsar Prizm] #291,,,,,,,,,,,,,,,,,,,0,,,,,2014-12-04
190870,Basketball Cards 2014 Panini Prizm,Will Cherry [Green Prizm] #291,$1.58,,,,,,,,,,,,$1.69,,,,,,1,,,,,2014-12-04
191645,Basketball Cards 2014 Panini Prizm,Will Cherry [Light Blue Prizm] #291,$10.02,,,,,,,,,,,$2.80,$10.99,,,,,,1,,,,,2014-12-04
12249548,Basketball Cards 2014 Panini Prizm,Will Cherry [Orange Die Cut Prizm] #291,,,,,,,,,,,,,,,,,,,0,,,,,2014-12-04
192635,Basketball Cards 2014 Panini Prizm,Will Cherry [Prizm] #291,$6.99,,,,,,,,,,,$1.50,$7.69,,,,,,1,,,,,2014-12-04
136956,Basketball Cards 2014 Panini Prizm,Will Cherry [Purple Die Cut Prizm] #291,$3.00,,,,,,,,,,,,$3.29,,,,,,2,,,,,2014-12-04
191134,Basketball Cards 2014 Panini Prizm,Will Cherry [Red Prizm] #291,$1.75,,,,,,,,,,,,$1.89,,,,,,1,,,,,2014-12-04
191898,Basketball Cards 2014 Panini Prizm,Will Cherry [Red Pulsar Prizm] #291,$5.39,,,,,,,,,,,$1.20,$5.89,,,,,,1,,,,,2014-12-04
191386,Basketball Cards 2014 Panini Prizm,"Will Cherry [Red, White, and Blue Pulsar Prizm] #291",$1.08,,,,,,,,,,,,$1.19,,,,,,1,,,,,2014-12-04
12249756,Basketball Cards 2014 Panini Prizm,Will Cherry [Yellow and Red Mosaic Prizm] #291,,,,,,,,,,,,,,,,,,,0,,,,,2014-12-04
136649,Basketball Cards 2014 Panini Prizm,Wilt Chamberlain #220,$1.61,,$5.00,$20.26,$22.41,$32.00,$42.00,$19.00,$19.00,,,,$1.79,,,$1.10,$5.49,,20,,,,,2014-12-04
12248126,Basketball Cards 2014 Panini Prizm,Wilt Chamberlain [Black Prizm] #220,,,,,,,,,,,,,,,,,,,0,,,,,2014-12-04
12248460,Basketball Cards 2014 Panini Prizm,Wilt Chamberlain [Black Pulsar Prizm] #220,,,,,,,,,,,,,,,,,,,0,,,,,2014-12-04
136651,Basketball Cards 2014 Panini Prizm,Wilt Chamberlain [Blue Mojo Prizm] #220,$19.95,,,,,$100.00,$130.00,$60.00,$60.00,,,$6.60,$21.99,,,,,,3,,,,,2014-12-04
190362,Basketball Cards 2014 Panini Prizm,Wilt Chamberlain [Blue Prizm] #220,$12.63,,$19.99,$36.25,$40.00,$153.15,$199.00,$92.00,$92.00,,,$3.50,$13.99,,,$6.60,$21.99,,8,,,,,2014-12-04
12248959,Basketball Cards 2014 Panini Prizm,Wilt Chamberlain [Blue Wave Prizm] #220,$6.99,,,,,$74.99,$97.00,$45.00,$45.00,,,$1.50,$7.69,,,,,,2,,,,,2014-12-04
136650,Basketball Cards 2014 Panini Prizm,Wilt Chamberlain [Blue and Green Prizm] #220,$5.00,,,$24.99,$27.00,$100.00,$130.00,$60.00,$60.00,,,$1.10,$5.49,,,,,,6,,,,,2014-12-04
192355,Basketball Cards 2014 Panini Prizm,Wilt Chamberlain [Gold Prizm] #220,$400.00,,,$666.88,$734.00,$822.00,$1069.00,$493.00,$493.00,,,$220.00,$440.00,,,,,,3,,,,,2014-12-04
12249178,Basketball Cards 2014 Panini Prizm,Wilt Chamberlain [Gold Pulsar Prizm] #220,,,,,,,,,,,,,,,,,,,0,,,,,2014-12-04
136652,Basketball Cards 2014 Panini Prizm,Wilt Chamberlain [Green Prizm] #220,$17.82,,,,,$77.95,$101.00,$47.00,$19.50,,,$5.00,$19.99,,,,,,4,,,,,2014-12-04
136653,Basketball Cards 2014 Panini Prizm,Wilt Chamberlain [Light Blue Prizm] #220,$35.13,,,,,$150.00,$195.00,$90.00,$90.00,,,$15.60,$38.99,,,,,,2,,,,,2014-12-04
12249492,Basketball Cards 2014 Panini Prizm,Wilt Chamberlain [Orange Die Cut Prizm] #220,$35.33,,,,,,,,,,,$15.60,$38.99,,,,,,1,,,,,2014-12-04
192603,Basketball Cards 2014 Panini Prizm,Wilt Chamberlain [Prizm] #220,$10.99,,,,,$99.99,$130.00,$60.00,$60.00,,,$3.00,$11.99,,,,,,4,,,,,2014-12-04
192099,Basketball Cards 2014 Panini Prizm,Wilt Chamberlain [Purple Die Cut Prizm] #220,$30.94,,,$13.50,$15.00,$50.00,$65.00,$30.00,$30.00,,,$10.20,$33.99,,,,,,6,,,,,2014-12-04
191077,Basketball Cards 2014 Panini Prizm,Wilt Chamberlain [Red Prizm] #220,$27.38,,,$11.50,$13.00,$250.00,$325.00,$150.00,$150.00,,,$9.00,$29.99,,,,,,3,,,,,2014-12-04
136654,Basketball Cards 2014 Panini Prizm,Wilt Chamberlain [Red Pulsar Prizm] #220,$27.63,,$81.41,$112.00,$123.00,$163.24,$212.00,$98.00,$98.00,,,$9.00,$29.99,,,$36.00,$89.99,,8,,,,,2014-12-04
191337,Basketball Cards 2014 Panini Prizm,"Wilt Chamberlain [Red, White, and Blue Pulsar Prizm] #220",$4.50,,,,,$79.99,$104.00,$48.00,$48.00,,,$1.00,$4.99,,,,,,5,,,,,2014-12-04
136655,Basketball Cards 2014 Panini Prizm,Wilt Chamberlain [Yellow and Red Mosaic Prizm] #220,$4.86,,$10.00,$16.13,$18.00,,,,,,,$1.10,$5.39,,,$2.80,$10.99,,6,,,,,2014-12-04
190134,Basketball Cards 2014 Panini Prizm,Xavier McDaniel #231,$0.99,,,,,,,,,,,,$1.09,,,,,,2,,,,,2014-12-04
12248142,Basketball Cards 2014 Panini Prizm,Xavier McDaniel [Black Prizm] #231,,,,,,,,,,,,,,,,,,,0,,,,,2014-12-04
12248480,Basketball Cards 2014 Panini Prizm,Xavier McDaniel [Black Pulsar Prizm] #231,,,,,,,,,,,,,,,,,,,0,,,,,2014-12-04
190607,Basketball Cards 2014 Panini Prizm,Xavier McDaniel [Blue Mojo Prizm] #231,$1.39,,,,,,,,,,,,$1.49,,,,,,1,,,,,2014-12-04
190372,Basketball Cards 2014 Panini Prizm,Xavier McDaniel [Blue Prizm] #231,$3.49,,,,,,,,,,,$0.80,$3.79,,,,,,1,,,,,2014-12-04
12248985,Basketball Cards 2014 Panini Prizm,Xavier McDaniel [Blue Wave Prizm] #231,,,,,,,,,,,,,,,,,,,0,,,,,2014-12-04
12248636,Basketball Cards 2014 Panini Prizm,Xavier McDaniel [Blue and Green Prizm] #231,,,,,,,,,,,,,,,,,,,0,,,,,2014-12-04
192363,Basketball Cards 2014 Panini Prizm,Xavier McDaniel [Gold Prizm] #231,,,,$87.13,$96.00,,,,,,,,,,,,,,1,,,,,2014-12-04
12249196,Basketball Cards 2014 Panini Prizm,Xavier McDaniel [Gold Pulsar Prizm] #231,,,,,,,,,,,,,,,,,,,0,,,,,2014-12-04
190840,Basketball Cards 2014 Panini Prizm,Xavier McDaniel [Green Prizm] #231,$4.75,,,,,,,,,,,$1.00,$5.19,,,,,,2,,,,,2014-12-04
191601,Basketball Cards 2014 Panini Prizm,Xavier McDaniel [Light Blue Prizm] #231,$5.17,,,,,,,,,,,$1.10,$5.69,,,,,,1,,,,,2014-12-04
12249502,Basketball Cards 2014 Panini Prizm,Xavier McDaniel [Orange Die Cut Prizm] #231,,,,,,,,,,,,,,,,,,,0,,,,,2014-12-04
192612,Basketball Cards 2014 Panini Prizm,Xavier McDaniel [Prizm] #231,$1.99,,,,,,,,,,,,$2.19,,,,,,1,,,,,2014-12-04
192108,Basketball Cards 2014 Panini Prizm,Xavier McDaniel [Purple Die Cut Prizm] #231,$1.50,,,,,,,,,,,,$1.69,,,,,,2,,,,,2014-12-04
191087,Basketball Cards 2014 Panini Prizm,Xavier McDaniel [Red Prizm] #231,$4.63,,,,,,,,,,,$1.00,$5.09,,,,,,1,,,,,2014-12-04
191852,Basketball Cards 2014 Panini Prizm,Xavier McDaniel [Red Pulsar Prizm] #231,$14.88,,,,,,,,,,,$4.00,$15.99,,,,,,0,,,,,2014-12-04
191346,Basketball Cards 2014 Panini Prizm,"Xavier McDaniel [Red, White, and Blue Pulsar Prizm] #231",$1.44,,,,,,,,,,,,$1.59,,,,,,1,,,,,2014-12-04
12249743,Basketball Cards 2014 Panini Prizm,Xavier McDaniel [Yellow and Red Mosaic Prizm] #231,$1.72,,,,,,,,,,,,$1.89,,,,,,10,,,,,2014-12-04
136709,Basketball Cards 2014 Panini Prizm,Yao Ming #240,$1.45,,,$40.00,$44.00,$48.00,$62.00,$29.00,$29.00,,,,$1.59,,,,,,7,,,,,2014-12-04
12248158,Basketball Cards 2014 Panini Prizm,Yao Ming [Black Prizm] #240,,,,,,,,,,,,,,,,,,,0,,,,,2014-12-04
12248496,Basketball Cards 2014 Panini Prizm,Yao Ming [Black Pulsar Prizm] #240,,,,,,,,,,,,,,,,,,,0,,,,,2014-12-04
190616,Basketball Cards 2014 Panini Prizm,Yao Ming [Blue Mojo Prizm] #240,$11.50,,$23.39,$34.95,$38.00,,,,,,,$3.30,$12.99,,,$7.80,$25.99,,4,,,,,2014-12-04
190379,Basketball Cards 2014 Panini Prizm,Yao Ming [Blue Prizm] #240,$40.63,,,$40.00,$44.00,$155.50,$202.00,$93.00,$93.00,,,$18.00,$44.99,,,,,,3,,,,,2014-12-04
12249007,Basketball Cards 2014 Panini Prizm,Yao Ming [Blue Wave Prizm] #240,,,,,,,,,,,,,,,,,,,0,,,,,2014-12-04
136710,Basketball Cards 2014 Panini Prizm,Yao Ming [Blue and Green Prizm] #240,$2.25,,,$27.05,$30.00,$166.12,$216.00,$100.00,$100.00,,,,$2.49,,,,,,5,,,,,2014-12-04
192371,Basketball Cards 2014 Panini Prizm,Yao Ming [Gold Prizm] #240,$300.20,,,,,,,,,,,$165.00,$330.00,,,,,,1,,,,,2014-12-04
136711,Basketball Cards 2014 Panini Prizm,Yao Ming [Gold Pulsar Prizm] #240,,,,$572.00,$629.00,,,,,,,,,,,,,,1,,,,,2014-12-04
136712,Basketball Cards 2014 Panini Prizm,Yao Ming [Green Prizm] #240,$3.28,,$20.50,,,$81.62,$106.00,$49.00,$49.00,,,,$3.59,,,$6.90,$22.99,,4,,,,,2014-12-04
136713,Basketball Cards 2014 Panini Prizm,Yao Ming [Light Blue Prizm] #240,$19.38,,,,,,,,,,,$6.30,$20.99,,,,,,1,,,,,2014-12-04
12249510,Basketball Cards 2014 Panini Prizm,Yao Ming [Orange Die Cut Prizm] #240,$11.25,,$14.24,$21.98,$35.77,$50.19,$65.00,$30.00,$30.00,,,$3.00,$11.99,,,$4.00,$15.99,,11,,,,,2014-12-04
136714,Basketball Cards 2014 Panini Prizm,Yao Ming [Prizm] #240,$10.00,,,$65.00,$72.00,$135.00,$176.00,$81.00,$81.00,,,$2.80,$10.99,,,,,,5,,,,,2014-12-04
136715,Basketball Cards 2014 Panini Prizm,Yao Ming [Purple Die Cut Prizm] #240,$20.00,,,$34.48,$38.00,$86.00,$112.00,$52.00,$52.00,,,$6.60,$21.99,,,,,,4,,,,,2014-12-04
191096,Basketball Cards 2014 Panini Prizm,Yao Ming [Red Prizm] #240,$90.00,,,,,,,,,,,$39.60,$98.99,,,,,,1,,,,,2014-12-04
191861,Basketball Cards 2014 Panini Prizm,Yao Ming [Red Pulsar Prizm] #240,$124.50,,,,,$355.00,$462.00,$213.00,$213.00,,,$68.50,$137.00,,,,,,2,,,,,2014-12-04
191354,Basketball Cards 2014 Panini Prizm,"Yao Ming [Red, White, and Blue Pulsar Prizm] #240",$2.27,,,,,$72.78,$95.00,$44.00,$44.00,,,,$2.49,,,,,,5,,,,,2014-12-04
136716,Basketball Cards 2014 Panini Prizm,Yao Ming [Yellow and Red Mosaic Prizm] #240,$5.00,,$33.99,$37.00,$41.00,$94.82,$123.00,$57.00,$57.00,,,$1.10,$5.49,,,$14.80,$36.99,,7,,,,,2014-12-04
136827,Basketball Cards 2014 Panini Prizm,Zach LaVine #262,$2.51,$3.00,$4.03,$7.78,$10.93,$22.00,$76.00,$10.39,$10.60,,,,$2.79,,$3.29,$0.90,$4.39,,176,,,,,2014-12-04
12248187,Basketball Cards 2014 Panini Prizm,Zach LaVine [Black Prizm] #262,,,,,,,,,,,,,,,,,,,0,,,,,2014-12-04
12248520,Basketball Cards 2014 Panini Prizm,Zach LaVine [Black Pulsar Prizm] #262,,,,,,,,,,,,,,,,,,,0,,,,,2014-12-04
136829,Basketball Cards 2014 Panini Prizm,Zach LaVine [Blue Mojo Prizm] #262,$150.00,,$110.00,$192.50,$212.00,$231.00,$300.00,$139.00,$139.00,,,$82.50,$165.00,,,$60.50,$121.00,,8,,,,,2014-12-04
136830,Basketball Cards 2014 Panini Prizm,Zach LaVine [Blue Prizm] #262,$13.50,,,$2000.00,$2200.00,$2400.00,$3120.00,$1440.00,$1440.00,,,$3.80,$14.99,,,,,,4,,,,,2014-12-04
136831,Basketball Cards 2014 Panini Prizm,Zach LaVine [Blue Wave Prizm] #262,$114.27,,$10.00,$75.00,$105.13,$677.94,$881.00,$407.00,$407.00,,,$63.00,$126.00,,,$2.80,$10.99,,5,,,,,2014-12-04
136828,Basketball Cards 2014 Panini Prizm,Zach LaVine [Blue and Green Prizm] #262,$4.02,,$7.50,$12.08,$30.00,$31.00,$40.00,$19.00,$19.00,,,$0.90,$4.39,,,$1.70,$8.29,,16,,,,,2014-12-04
136832,Basketball Cards 2014 Panini Prizm,Zach LaVine [Gold Prizm] #262,,,,,,,,,,,,,,,,,,,0,,,,,2014-12-04
136833,Basketball Cards 2014 Panini Prizm,Zach LaVine [Gold Pulsar Prizm] #262,,,,$700.00,$799.99,$840.00,$1092.00,$504.00,$504.00,,,,,,,,,,3,,,,,2014-12-04
136834,Basketball Cards 2014 Panini Prizm,Zach LaVine [Green Prizm] #262,$10.50,,$35.00,$101.00,$108.00,$121.00,$157.00,$73.00,$73.00,,,$3.00,$11.99,,,$15.60,$38.99,,13,,,,,2014-12-04
136835,Basketball Cards 2014 Panini Prizm,Zach LaVine [Light Blue Prizm] #262,$300.00,,,$276.00,$304.00,,,,,,,$165.00,$330.00,,,,,,2,,,,,2014-12-04
136836,Basketball Cards 2014 Panini Prizm,Zach LaVine [Orange Die Cut Prizm] #262,$74.00,,$120.00,$132.00,$368.00,$506.51,$658.00,$304.00,$304.00,,,$32.40,$80.99,,,$66.00,$132.00,,6,,,,,2014-12-04
136837,Basketball Cards 2014 Panini Prizm,Zach LaVine [Prizm] #262,$17.13,,$147.32,$162.00,$167.00,$170.63,$222.00,$102.00,$102.00,,,$4.80,$18.99,,,$81.00,$162.00,,17,,,,,2014-12-04
136838,Basketball Cards 2014 Panini Prizm,Zach LaVine [Purple Die Cut Prizm] #262,$116.39,,$120.00,$279.37,$850.00,$1625.00,$2113.00,$975.00,$975.00,,,$64.00,$128.00,,,$66.00,$132.00,,5,,,,,2014-12-04
136839,Basketball Cards 2014 Panini Prizm,Zach LaVine [Red Prizm] #262,$34.00,,,$385.28,$424.00,,,,,,,$14.80,$36.99,,,,,,2,,,,,2014-12-04
136840,Basketball Cards 2014 Panini Prizm,Zach LaVine [Red Pulsar Prizm] #262,,,,$368.86,$406.00,,$520.00,,,,,,,,,,,,1,,,,,2014-12-04
136841,Basketball Cards 2014 Panini Prizm,"Zach LaVine [Red, White, and Blue Pulsar Prizm] #262",$6.00,$8.00,$10.50,$154.98,$182.00,$186.00,$242.00,$112.00,$13.00,,,$1.30,$6.59,$1.80,$8.79,$3.00,$11.99,,12,,,,,2014-12-04
136842,Basketball Cards 2014 Panini Prizm,Zach LaVine [Yellow and Red Mosaic Prizm] #262,$5.50,,$29.00,$39.90,$186.00,$198.84,$258.00,$119.00,$119.00,,,$1.20,$6.09,,,$9.60,$31.99,,11,,,,,2014-12-04
190064,Basketball Cards 2014 Panini Prizm,Zach Randolph #122,$1.47,,,$18.37,$20.00,,,,,,,,$1.59,,,,,,2,,,,,2014-12-04
12248052,Basketball Cards 2014 Panini Prizm,Zach Randolph [Black Prizm] #122,,,,,,,,,,,,,,,,,,,0,,,,,2014-12-04
12248281,Basketball Cards 2014 Panini Prizm,Zach Randolph [Black Pulsar Prizm] #122,,,,,,,,,,,,,,,,,,,0,,,,,2014-12-04
190525,Basketball Cards 2014 Panini Prizm,Zach Randolph [Blue Mojo Prizm] #122,$3.56,,,,,,,,,,,$0.80,$3.89,,,,,,1,,,,,2014-12-04
190276,Basketball Cards 2014 Panini Prizm,Zach Randolph [Blue Prizm] #122,$3.15,,,,,,,,,,,,$3.49,,,,,,1,,,,,2014-12-04
12248856,Basketball Cards 2014 Panini Prizm,Zach Randolph [Blue Wave Prizm] #122,,,,,,,,,,,,,,,,,,,0,,,,,2014-12-04
12248774,Basketball Cards 2014 Panini Prizm,Zach Randolph [Blue and Green Prizm] #122,,,,,,,,,,,,,,,,,,,0,,,,,2014-12-04
192269,Basketball Cards 2014 Panini Prizm,Zach Randolph [Gold Prizm] #122,$170.00,,,$135.50,$149.00,$350.00,$455.00,$210.00,$210.00,,,$93.50,$187.00,,,,,,3,,,,,2014-12-04
12249060,Basketball Cards 2014 Panini Prizm,Zach Randolph [Gold Pulsar Prizm] #122,,,,,,,,,,,,,,,,,,,0,,,,,2014-12-04
190762,Basketball Cards 2014 Panini Prizm,Zach Randolph [Green Prizm] #122,$1.70,,,,,,,,,,,,$1.89,,,,,,1,,,,,2014-12-04
191500,Basketball Cards 2014 Panini Prizm,Zach Randolph [Light Blue Prizm] #122,$3.90,,,,,$50.00,$65.00,$30.00,$30.00,,,$0.90,$4.29,,,,,,2,,,,,2014-12-04
12249354,Basketball Cards 2014 Panini Prizm,Zach Randolph [Orange Die Cut Prizm] #122,,,,,,,,,,,,,,,,,,,0,,,,,2014-12-04
192522,Basketball Cards 2014 Panini Prizm,Zach Randolph [Prizm] #122,$3.59,,,,,,,,,,,$0.80,$3.99,,,,,,1,,,,,2014-12-04
192006,Basketball Cards 2014 Panini Prizm,Zach Randolph [Purple Die Cut Prizm] #122,$6.65,,,,,,,,$28.00,,,$1.50,$7.29,,,,,,2,,,,,2014-12-04
190984,Basketball Cards 2014 Panini Prizm,Zach Randolph [Red Prizm] #122,$3.70,,,,,,,,,,,$0.80,$4.09,,,,,,2,,,,,2014-12-04
191759,Basketball Cards 2014 Panini Prizm,Zach Randolph [Red Pulsar Prizm] #122,$5.85,,,,,,,,,,,$1.30,$6.39,,,,,,1,,,,,2014-12-04
191247,Basketball Cards 2014 Panini Prizm,"Zach Randolph [Red, White, and Blue Pulsar Prizm] #122",$1.64,,,,,,,,,,,,$1.79,,,,,,1,,,,,2014-12-04
12249688,Basketball Cards 2014 Panini Prizm,Zach Randolph [Yellow and Red Mosaic Prizm] #122,$1.00,,$5.82,$11.06,$21.40,$31.79,$41.00,$19.00,$19.00,,,,$1.09,,,$1.30,$6.39,,9,,,,,2014-12-04
